,,,,,,,,,,,,,,,,,,,,,,,,,,,,,,,,,,,,,,,,,,,,,,,,,,,,,,,,,,,,,,,,,,,,,,,,,,,,,,,,,,,,,,,,,,,,,,,,,,,,,,,,,,,,,,,,,,,,,,,,,,,,,,,,,,,,,,,,,,,,,,,,,,,,,,,,,,,,,,,,,,,,,,,,,,,,,,,,,,,,,,,,,,,,,
,,,,,,,,,,,,,,,,,,,,,,,,,,,,,,,,,,,,,,,,,,,,,,,,,,,,,,,,,,,,,,,,,,,,,,,,,,,,,,,,,,,,,,,,,,,,,,,,,,,,,,,,,,,,,,,,,,,,,,,,,,,,,,,,,,,,,,,,,,,,,,,,,,,,,,,,,,,,,,,,,,,,,,,,,,,,,,,,,,,,,,,,,,,,,
ÍNDICE DE PRECIOS AL CONSUMIDOR - IPC -,,,,,,,,,,,,,,,,,,,,,,,,,,,,,,,,,,,,,,,,,,,,,,,,,,,,,,,,,,,,,,,,,,,,,,,,,,,,,,,,,,,,,,,,,,,,,,,,,,,,,,,,,,,,,,,,,,,,,,,,,,,,,,,,,,,,,,,,,,,,,,,,,,,,,,,,,,,,,,,,,,,,,,,,,,,,,,,,,,,,,,,,,,,,,
ÍNDICE GENERAL NACIONAL,,,,,,,,,,,,,,,,,,,,,,,,,,,,,,,,,,,,,,,,,,,,,,,,,,,,,,,,,,,,,,,,,,,,,,,,,,,,,,,,,,,,,,,,,,,,,,,,,,,,,,,,,,,,,,,,,,,,,,,,,,,,,,,,,,,,,,,,,,,,,,,,,,,,,,,,,,,,,,,,,,,,,,,,,,,,,,,,,,,,,,,,,,,,,
Nivel,Ponderación,Cód. CCIF,Descripción CCIF,ene-15,feb-15,mar-15,abr-15,may-15,jun-15,jul-15,ago-15,sep-15,oct-15,nov-15,dic-15,ene-16,feb-16,mar-16,abr-16,may-16,jun-16,jul-16,ago-16,sep-16,oct-16,nov-16,dic-16,ene-17,feb-17,mar-17,abr-17,may-17,jun-17,jul-17,ago-17,sep-17,oct-17,nov-17,dic-17,ene-18,feb-18,mar-18,abr-18,may-18,jun-18,jul-18,ago-18,sep-18,oct-18,nov-18,dic-18,ene-19,feb-19,mar-19,abr-19,may-19,jun-19,jul-19,ago-19,sep-19,oct-19,nov-19,dic-19,ene-20,feb-20,mar-20,abr-20,may-20,jun-20,jul-20,ago-20,sep-20,oct-20,nov-20,dic-20,ene-21,feb-21,mar-21,abr-21,may-21,jun-21,jul-21,ago-21,sep-21,oct-21,nov-21,dic-21,ene-22,feb-22,mar-22,abr-22,may-22,jun-22,jul-22,ago-22,sep-22,oct-22,nov-22,dic-22,ene-23,feb-23,mar-23,abr-23,may-23,jun-23,jul-23,ago-23,sep-23,oct-23,nov-23,dic-23,ene-24,feb-24,mar-24,abr-24,may-24,jun-24,jul-24,ago-24,sep-24,oct-24,nov-24,dic-24,ene-25,feb-25,mar-25,abr-25,may-25,jun-25,jul-25,ago-25,sep-25,oct-25,nov-25,dic-25,ene-26,feb-26,mar-26,abr-26,may-26,jun-26,,,,,,,,,,,,,,,,,,,,,,,,,,,,,,,,,,,,,,,,,,,,,,,,
General,"1,000000",0,GENERAL,101.24,101.86,102.28,103.14,103.32,103.74,103.66,103.66,103.93,103.84,103.95,104.05,104.37,104.51,104.65,104.97,105.01,105.38,105.29,105.12,105.28,105.20,105.04,105.21,105.30,105.51,105.66,106.12,106.17,105.55,105.40,105.42,105.26,105.10,104.82,105.00,105.20,105.37,105.43,105.29,105.09,104.81,104.80,105.08,105.50,105.45,105.18,105.28,105.77,105.53,105.31,105.49,105.48,105.45,105.54,105.43,105.42,105.97,105.22,105.21,105.45,105.29,105.50,106.56,106.28,105.62,104.97,104.63,104.47,104.27,104.26,104.23,104.35,104.44,104.63,104.99,105.08,104.89,105.45,105.57,105.58,105.80,106.18,106.26,107.02,107.27,107.39,108.03,108.63,109.34,109.51,109.54,109.93,110.06,110.05,110.23,110.36,110.38,110.45,110.67,110.77,111.18,111.78,112.34,112.39,112.19,111.74,111.72,111.86,111.96,112.28,113.71,113.58,112.49,113.54,113.79,113.99,113.72,113.42,112.31,112.14,112.24,112.63,112.93,114.10,114.16,114.36,114.71,114.81,115.13,114.62,114.46,114.88,115.11,115.26,115.86,115.14,116.05,,,,,,,,,,,,,,,,,,,,,,,,,,,,,,,,,,,,,,,,,,,,,,,,
División,0.224503124,01,Alimentos y bebidas no alcohólicas,101.82,102.24,102.72,104.40,104.64,105.08,104.76,104.81,104.96,104.56,104.60,105.06,105.23,106.02,106.69,107.36,107.54,108.08,107.78,107.23,106.88,106.28,105.99,106.27,106.80,107.30,108.06,109.33,108.56,108.21,107.42,107.50,106.75,106.25,105.53,106.02,106.11,106.48,107.10,105.69,105.09,104.30,104.46,105.25,105.58,105.77,105.61,105.32,106.53,106.37,105.98,106.04,105.54,104.89,105.43,105.22,105.20,106.30,105.15,104.66,105.75,105.23,106.35,110.88,109.13,108.30,106.70,105.72,104.89,104.52,104.87,104.60,104.97,105.33,105.92,106.06,105.65,104.54,105.80,105.65,105.36,105.54,105.49,105.73,107.81,108.14,108.20,108.72,109.85,112.14,112.33,111.92,112.88,113.32,113.47,113.77,113.86,113.80,114.61,114.37,114.75,116.83,119.21,121.06,120.81,120.04,118.67,118.58,119.03,119.67,119.80,121.06,120.28,119.50,119.65,120.02,120.68,119.86,118.98,118.68,119.25,119.54,121.25,120.82,120.75,120.43,120.98,121.52,121.42,122.25,121.12,120.23,121.74,121.73,121.21,121.16,120.60,120.18,,,,,,,,,,,,,,,,,,,,,,,,,,,,,,,,,,,,,,,,,,,,,,,,
Grupo,0.199535008,011,Alimentos,101.78,102.21,102.75,104.53,104.70,105.11,104.76,104.69,104.92,104.31,104.30,104.77,105.29,105.70,106.39,107.14,107.02,106.73,106.30,105.62,105.12,104.49,104.27,104.73,105.23,105.64,106.52,107.98,107.61,107.60,106.60,106.85,105.96,105.44,104.27,104.33,104.51,104.91,105.53,103.92,103.10,102.25,102.41,103.37,103.68,103.90,103.79,103.49,104.79,104.58,104.18,104.25,103.60,102.97,103.50,103.26,103.26,104.45,103.22,102.76,103.92,103.34,104.61,109.63,107.81,106.74,104.95,104.01,103.10,102.76,103.12,102.90,103.19,103.51,104.19,104.36,104.01,102.87,104.17,103.82,103.46,103.66,103.57,103.72,105.93,106.35,106.36,106.95,108.24,110.77,111.14,110.57,111.61,111.95,112.04,112.43,112.50,112.43,113.28,113.17,113.35,115.63,118.21,120.36,119.99,119.28,117.64,117.44,118.13,118.77,118.93,119.79,118.93,118.03,118.23,118.53,119.22,118.41,117.38,117.18,117.64,117.94,119.74,119.24,118.98,118.45,119.13,119.79,119.78,120.76,119.56,118.83,120.02,120.16,119.61,119.45,118.81,118.49,,,,,,,,,,,,,,,,,,,,,,,,,,,,,,,,,,,,,,,,,,,,,,,,
Clase,0.039444215,0111,Pan y cereales (ND),96.61,98.93,100.33,101.18,102.17,103.63,104.32,103.53,104.57,105.18,105.13,105.60,105.01,105.88,106.00,106.09,106.61,106.07,106.44,106.83,106.33,105.94,105.78,104.84,105.66,106.81,105.89,105.42,105.12,104.39,103.35,103.93,102.80,102.21,101.03,101.68,101.35,100.31,101.61,100.48,99.65,99.47,99.39,99.91,100.17,100.42,99.65,99.77,100.69,100.41,99.54,100.18,100.38,100.64,101.12,99.39,100.13,100.45,101.16,99.95,101.29,101.26,101.33,100.89,102.31,102.86,102.61,101.27,100.32,100.66,100.86,100.62,101.99,101.53,101.84,102.08,101.86,101.23,101.73,102.73,102.97,103.47,102.71,103.71,103.81,103.14,103.75,104.71,106.03,108.03,109.00,109.05,109.86,110.43,110.64,111.16,112.03,111.75,112.46,111.14,112.37,116.81,124.70,124.59,123.72,125.21,125.28,126.34,126.12,125.81,125.06,124.89,124.40,122.93,124.10,123.53,122.93,121.87,120.54,120.24,119.83,118.72,119.75,119.21,118.01,117.75,116.98,117.44,115.19,116.53,116.71,117.08,117.74,118.43,117.34,116.80,116.90,116.09,,,,,,,,,,,,,,,,,,,,,,,,,,,,,,,,,,,,,,,,,,,,,,,,
Subclase,0.015467425,01111,Arroz,96.09,97.42,101.04,102.84,104.09,104.69,105.84,104.82,107.47,108.14,108.11,109.85,108.79,109.34,108.82,109.76,109.40,107.41,108.07,107.53,107.83,107.46,107.87,106.66,107.11,107.64,107.30,106.61,105.64,103.47,101.12,100.18,99.60,99.10,98.94,98.60,97.94,97.72,98.04,96.87,95.73,94.01,95.69,96.08,97.06,97.33,95.07,94.71,95.27,96.93,96.41,97.36,99.40,98.89,99.47,96.22,98.50,97.80,98.84,96.40,98.36,98.51,99.59,98.15,100.49,100.84,101.00,98.45,96.84,96.71,95.87,95.42,97.40,97.34,98.04,97.24,96.91,94.07,92.97,93.44,94.12,94.47,92.03,93.79,94.28,92.43,94.92,95.36,95.89,96.92,96.74,94.71,95.29,96.06,95.98,96.49,97.01,96.71,97.56,95.07,99.00,109.90,128.79,128.12,126.73,129.74,131.20,132.98,132.61,134.05,132.26,131.11,129.51,126.50,129.28,127.66,125.00,122.19,121.84,118.71,116.39,113.83,117.27,115.96,112.87,111.85,109.71,111.89,106.78,110.06,110.50,111.07,111.78,113.62,111.01,110.34,109.55,107.42,,,,,,,,,,,,,,,,,,,,,,,,,,,,,,,,,,,,,,,,,,,,,,,,
Producto,0.015467425,01111001,ARROZ,96.09,97.42,101.04,102.84,104.09,104.69,105.84,104.82,107.47,108.14,108.11,109.85,108.79,109.34,108.82,109.76,109.40,107.41,108.07,107.53,107.83,107.46,107.87,106.66,107.11,107.64,107.30,106.61,105.64,103.47,101.12,100.18,99.60,99.10,98.94,98.60,97.94,97.72,98.04,96.87,95.73,94.01,95.69,96.08,97.06,97.33,95.07,94.71,95.27,96.93,96.41,97.36,99.40,98.89,99.47,96.22,98.50,97.80,98.84,96.40,98.36,98.51,99.59,98.15,100.49,100.84,101.00,98.45,96.84,96.71,95.87,95.42,97.40,97.34,98.04,97.24,96.91,94.07,92.97,93.44,94.12,94.47,92.03,93.79,94.28,92.43,94.92,95.36,95.89,96.92,96.74,94.71,95.29,96.06,95.98,96.49,97.01,96.71,97.56,95.07,99.00,109.90,128.79,128.12,126.73,129.74,131.20,132.98,132.61,134.05,132.26,131.11,129.51,126.50,129.28,127.66,125.00,122.19,121.84,118.71,116.39,113.83,117.27,115.96,112.87,111.85,109.71,111.89,106.78,110.06,110.50,111.07,111.78,113.62,111.01,110.34,109.55,107.42,,,,,,,,,,,,,,,,,,,,,,,,,,,,,,,,,,,,,,,,,,,,,,,,
Subclase,0.001652284,01112,Cereales enteros y harinas,97.55,97.46,97.60,96.64,95.93,95.40,96.46,96.94,94.67,96.86,96.75,96.88,96.63,96.57,97.80,98.33,98.47,99.82,100.77,103.59,104.24,103.99,98.06,101.86,104.23,103.88,103.02,102.09,104.75,103.38,103.15,105.01,104.27,103.39,102.56,102.35,103.70,102.81,103.41,101.71,101.17,101.30,101.32,101.19,100.81,98.97,99.78,97.16,101.31,100.23,97.72,97.55,99.56,98.14,101.16,95.42,101.50,100.66,99.27,96.89,98.36,99.08,98.66,99.97,102.58,104.47,104.12,98.22,94.97,95.40,96.50,95.01,97.78,97.65,100.63,101.38,97.48,96.82,99.18,98.98,99.57,100.48,98.97,103.45,103.91,102.30,101.67,104.63,102.82,104.99,103.09,104.88,105.66,106.26,108.10,109.50,109.76,110.67,110.57,107.87,110.78,108.77,110.72,109.42,110.32,109.53,111.09,112.64,113.27,112.49,112.68,112.03,112.54,112.06,106.63,110.88,112.56,113.27,111.40,111.99,111.01,110.46,110.78,110.79,110.41,108.44,109.41,109.09,108.97,107.75,106.97,108.65,109.35,107.03,106.59,107.48,107.10,107.01,,,,,,,,,,,,,,,,,,,,,,,,,,,,,,,,,,,,,,,,,,,,,,,,
Producto,0.000491913,01112002,CEREALES ENTEROS,95.76,95.68,95.45,95.65,94.24,94.37,94.17,93.89,94.01,93.92,93.21,93.35,93.42,94.42,96.61,98.05,99.43,102.70,102.97,103.79,104.58,103.92,103.69,103.89,103.64,104.12,104.64,105.21,105.71,107.44,108.68,107.70,105.07,103.80,104.87,104.86,103.03,102.10,101.34,100.18,100.13,98.78,99.07,99.85,99.09,98.50,98.85,97.81,97.88,98.13,98.20,96.77,96.80,97.46,96.61,96.75,97.31,97.05,95.74,95.89,95.95,94.03,94.17,94.23,98.31,100.62,100.29,99.68,99.19,97.46,97.53,96.68,97.45,97.54,96.58,96.84,97.46,96.50,97.88,98.15,100.51,101.38,103.82,104.17,105.76,106.31,105.42,106.19,105.85,105.59,106.14,105.74,105.22,105.40,105.26,106.01,106.73,108.01,110.45,111.62,111.97,113.85,117.01,117.24,119.29,119.18,120.40,120.66,117.59,121.73,121.31,121.66,120.91,119.75,119.53,119.12,119.33,118.96,118.11,116.72,115.23,115.52,114.88,113.43,111.28,111.32,107.87,109.21,108.60,106.44,106.74,105.32,110.00,111.26,108.40,108.00,108.36,108.62,,,,,,,,,,,,,,,,,,,,,,,,,,,,,,,,,,,,,,,,,,,,,,,,
Producto,0.000721598,01112003,HARINA DE TRIGO,99.47,99.38,99.44,97.51,96.81,95.44,97.88,98.80,93.40,98.52,98.61,99.25,98.63,97.93,98.68,98.52,97.90,98.62,99.56,99.80,99.76,99.49,85.72,93.87,99.16,98.35,96.37,94.08,99.24,94.71,93.17,97.98,98.16,97.66,95.50,95.28,99.23,96.85,98.62,96.87,95.91,96.79,96.50,96.06,95.19,91.89,93.38,87.24,97.29,95.10,89.61,90.14,94.60,90.52,98.07,85.19,98.30,96.38,94.19,88.74,91.86,94.83,93.27,95.65,98.41,99.13,98.74,85.49,79.14,80.69,82.92,79.65,84.40,84.56,92.36,94.63,84.17,83.35,87.15,86.59,86.40,87.06,82.15,92.02,92.50,87.76,87.67,94.19,88.71,93.51,90.13,94.53,95.86,94.13,96.08,98.58,96.59,97.34,97.13,93.52,99.70,92.91,95.11,90.79,91.32,91.22,93.28,96.07,99.91,95.79,95.57,94.66,95.25,95.56,86.05,94.67,97.71,99.07,97.83,98.25,97.93,97.80,98.49,98.07,99.61,97.35,100.96,98.73,97.65,98.04,94.03,98.59,97.03,92.44,93.73,95.64,91.65,92.48,,,,,,,,,,,,,,,,,,,,,,,,,,,,,,,,,,,,,,,,,,,,,,,,
Producto,0.000438773,01112004,HARINA DE OTROS CEREALES,96.40,96.29,96.98,96.35,96.39,96.48,96.70,97.32,97.51,97.45,97.66,96.95,96.95,96.75,97.70,98.33,98.32,98.56,100.28,109.62,111.21,111.49,112.06,112.72,113.24,112.72,112.14,111.77,112.72,113.07,113.37,113.55,113.44,112.34,111.60,111.14,111.80,113.42,113.61,111.40,110.98,111.53,111.76,111.11,111.98,111.15,111.36,112.76,111.75,111.03,110.53,110.61,110.80,111.43,111.35,110.75,111.45,111.76,111.57,111.40,111.75,111.74,112.55,113.50,114.24,117.57,117.25,117.53,116.27,117.29,117.69,118.41,120.16,119.30,118.79,117.58,119.41,119.32,120.44,120.30,120.15,121.54,121.17,121.43,120.62,121.72,120.49,120.04,122.63,123.20,121.01,120.93,122.27,127.15,131.04,131.38,134.81,135.56,132.83,127.25,127.68,129.16,129.34,131.29,131.51,128.81,129.93,130.90,130.41,129.58,131.15,129.78,131.61,130.57,126.00,128.28,129.39,130.25,126.18,129.30,127.81,125.61,126.37,128.77,127.20,123.46,125.02,126.00,127.98,125.19,128.52,128.93,128.87,126.29,125.69,126.36,131.08,129.10,,,,,,,,,,,,,,,,,,,,,,,,,,,,,,,,,,,,,,,,,,,,,,,,
Subclase,0.001737414,01113,Gramíneas y derivados,100.25,100.39,100.64,99.86,99.93,100.02,100.14,100.07,100.18,100.31,99.90,100.04,97.62,99.38,100.42,100.05,100.25,100.45,100.29,100.51,100.68,100.36,100.72,100.95,101.06,100.51,98.79,100.66,100.57,100.17,100.52,100.71,100.98,100.36,100.33,99.76,99.84,97.13,99.66,99.32,96.17,98.48,93.79,98.76,100.54,95.13,94.03,100.56,95.79,91.83,94.64,92.18,99.52,100.22,99.13,99.76,99.88,99.93,99.96,100.31,99.86,97.73,100.38,100.63,100.27,105.37,107.57,109.33,105.43,108.83,112.24,112.88,111.32,112.80,106.16,110.38,110.62,109.35,110.32,110.33,109.68,109.39,109.45,109.80,109.44,109.61,107.01,106.45,107.61,107.02,108.43,110.05,113.00,113.25,113.13,115.51,117.46,115.51,116.30,117.85,119.84,120.49,118.98,119.29,117.71,121.49,116.85,120.83,121.75,112.87,114.74,115.51,114.44,117.26,120.02,123.14,124.62,124.74,123.94,121.25,123.93,124.37,118.54,119.34,116.24,121.10,120.97,123.24,121.70,120.91,125.02,123.69,124.48,125.21,122.91,118.51,126.40,122.90,,,,,,,,,,,,,,,,,,,,,,,,,,,,,,,,,,,,,,,,,,,,,,,,
Producto,0.000784285,01113005,AVENA,97.14,97.71,98.05,98.10,98.78,98.37,97.99,97.45,97.62,97.60,97.53,98.17,98.04,97.90,97.73,97.24,97.34,97.26,97.72,97.74,98.22,97.61,97.79,98.23,98.34,97.95,97.70,97.76,98.00,97.85,99.34,99.60,99.47,98.09,98.00,97.62,96.39,95.64,96.68,97.14,96.47,97.16,97.22,96.50,97.34,97.39,96.81,98.05,95.97,95.37,96.51,95.29,94.95,96.37,95.71,95.41,95.76,95.83,95.98,96.71,95.72,96.00,95.99,96.46,96.34,107.73,113.76,116.61,117.62,120.94,120.76,122.10,120.18,121.67,121.30,121.68,122.23,121.91,121.59,121.95,121.25,121.38,121.33,121.57,120.88,122.05,120.69,120.46,119.00,119.58,120.35,121.06,124.80,127.60,131.93,133.52,134.61,134.71,133.89,131.72,136.91,137.75,136.09,134.90,136.10,137.25,135.35,137.34,138.40,132.74,136.15,135.59,134.37,135.04,135.56,135.82,136.19,137.23,136.37,137.44,136.20,135.48,136.97,136.95,135.90,131.74,132.09,135.77,133.98,131.57,136.46,137.65,137.27,134.22,132.43,135.55,137.45,134.43,,,,,,,,,,,,,,,,,,,,,,,,,,,,,,,,,,,,,,,,,,,,,,,,
Producto,0.000953129,01113006,CEREALES PREPARADOS,102.80,102.60,102.77,101.31,100.87,101.37,101.91,102.22,102.30,102.53,101.85,101.58,97.27,100.61,102.63,102.36,102.65,103.08,102.41,102.79,102.70,102.63,103.14,103.19,103.30,102.62,99.69,103.05,102.68,102.08,101.49,101.61,102.21,102.23,102.25,101.52,102.68,98.36,102.11,101.12,95.92,99.56,90.97,100.62,103.18,93.27,91.74,102.63,95.64,88.91,93.09,89.61,103.27,103.38,101.94,103.34,103.28,103.31,103.24,103.27,103.26,99.16,103.99,104.07,103.50,103.43,102.48,103.35,95.40,98.87,105.23,105.29,104.03,105.50,93.70,101.08,101.07,99.00,101.05,100.76,100.15,99.53,99.67,100.12,100.03,99.38,95.76,94.92,98.24,96.70,98.61,101.00,103.28,101.44,97.65,100.69,103.34,99.70,101.83,106.43,105.78,106.28,104.91,106.44,102.58,108.53,101.62,107.24,108.05,96.52,97.12,98.98,98.04,102.64,107.24,112.71,115.11,114.45,113.71,107.93,113.84,115.23,103.37,104.86,100.07,112.35,111.81,112.93,111.60,112.13,115.61,112.21,113.95,117.79,115.07,104.48,117.30,113.42,,,,,,,,,,,,,,,,,,,,,,,,,,,,,,,,,,,,,,,,,,,,,,,,
Subclase,0.016494689,01114,Pan,95.51,99.28,98.78,99.06,100.15,102.60,103.22,103.47,103.61,104.21,103.71,104.49,103.99,105.06,105.19,104.79,105.97,106.11,106.06,107.16,105.69,105.31,105.08,104.89,105.65,107.51,105.77,106.13,106.61,106.54,106.74,107.92,106.55,107.53,105.53,107.66,107.03,106.48,107.90,106.71,105.86,106.97,105.55,105.83,104.82,105.94,106.32,107.14,108.63,107.59,105.76,106.13,104.26,104.89,105.41,105.38,104.16,105.29,105.88,105.04,105.96,105.21,104.24,104.21,104.97,105.23,105.06,104.32,103.69,104.70,105.96,105.43,105.60,104.58,105.82,105.83,106.14,107.84,109.47,110.59,110.99,111.27,111.31,111.97,111.71,111.90,112.13,112.92,115.54,118.56,121.33,122.09,123.13,123.29,123.47,123.48,124.47,124.22,123.93,123.65,123.09,123.65,124.19,124.40,124.57,124.65,124.29,124.22,124.41,123.63,123.56,123.93,124.03,123.95,124.07,124.08,124.21,124.10,123.25,124.19,124.36,125.09,125.11,125.09,124.92,124.95,125.17,125.27,124.89,125.36,125.31,125.39,125.48,125.46,126.42,126.80,126.96,126.95,,,,,,,,,,,,,,,,,,,,,,,,,,,,,,,,,,,,,,,,,,,,,,,,
Producto,0.015779653,01114007,PAN CORRIENTE,95.18,99.12,98.60,98.86,99.92,102.50,103.14,103.33,103.47,104.10,103.60,104.42,103.88,105.02,105.16,104.71,105.98,106.11,105.83,106.93,105.40,105.01,104.75,104.57,105.33,107.28,105.47,105.90,106.34,106.27,106.41,107.66,106.20,107.21,105.13,107.37,106.86,106.11,107.60,106.39,105.47,106.63,105.13,105.45,104.40,105.54,105.90,106.62,108.12,107.09,105.41,105.82,103.72,104.23,104.95,105.00,103.61,104.78,105.30,104.32,105.31,104.53,103.51,103.44,104.23,104.48,104.33,103.60,102.97,104.18,105.28,104.75,104.90,103.82,105.10,105.10,105.43,107.28,108.92,110.08,110.60,110.81,110.83,111.52,111.22,111.42,111.97,112.43,115.01,118.10,120.95,121.90,122.73,122.88,122.83,122.75,123.77,123.56,123.37,122.94,122.64,123.01,123.51,123.79,124.07,124.17,123.79,123.71,123.71,123.16,123.16,123.35,123.40,123.51,123.59,123.57,123.57,123.57,122.92,123.57,123.57,124.50,124.58,124.64,124.57,124.45,124.55,124.67,124.67,124.86,124.86,124.86,124.98,125.04,126.12,126.24,126.46,126.52,,,,,,,,,,,,,,,,,,,,,,,,,,,,,,,,,,,,,,,,,,,,,,,,
Producto,0.000178133,01114008,PAN ESPECIAL,95.96,96.15,96.10,97.18,98.04,100.65,101.00,101.64,101.32,101.21,100.32,99.75,99.81,99.81,100.16,100.25,100.36,100.36,100.25,100.25,100.25,100.25,100.26,100.26,99.39,99.39,99.39,99.39,99.39,96.96,96.96,97.21,97.26,97.37,97.37,97.31,97.31,97.01,97.01,96.94,96.71,96.71,96.71,95.43,96.88,96.88,96.88,96.99,96.99,96.99,94.98,96.73,97.14,97.44,97.59,94.99,97.59,97.59,97.59,97.78,97.78,97.59,97.59,97.57,98.31,98.26,98.27,98.47,97.99,98.18,98.18,97.76,98.31,98.01,97.59,97.77,97.94,97.75,98.05,98.73,98.51,99.02,99.04,99.37,100.28,101.75,101.57,101.46,102.20,104.12,104.45,104.67,105.36,105.94,106.27,106.27,106.30,106.30,106.33,106.33,106.33,106.33,106.33,106.33,106.11,106.40,106.40,106.40,106.37,106.51,106.26,106.45,106.45,106.73,106.87,106.89,106.93,106.93,106.21,107.15,107.15,107.35,107.52,107.52,107.51,107.51,107.51,107.80,107.80,107.80,107.81,107.81,107.97,107.97,107.97,107.97,108.20,108.09,,,,,,,,,,,,,,,,,,,,,,,,,,,,,,,,,,,,,,,,,,,,,,,,
Producto,0.000536903,01114009,PAN ENVASADO,105.29,105.25,104.94,105.51,107.74,106.34,106.11,108.14,108.28,108.41,108.00,108.27,108.73,108.06,107.60,108.70,107.68,107.80,114.70,116.16,115.83,115.69,116.31,115.97,117.10,116.96,116.79,115.06,117.07,117.91,119.83,119.13,120.15,120.20,119.82,119.65,115.12,120.30,120.30,119.34,120.29,120.35,120.59,120.18,119.57,120.83,121.92,125.91,127.35,126.03,119.53,118.39,122.38,126.63,121.52,120.03,122.55,122.93,125.70,128.78,127.80,127.55,127.62,128.89,129.10,129.65,128.99,127.71,126.82,122.23,128.53,128.06,128.66,129.10,129.68,129.81,129.86,127.64,129.42,129.59,126.50,128.83,129.50,129.40,129.77,129.23,120.31,131.20,135.60,136.80,138.28,133.52,140.60,140.97,147.71,150.48,150.92,149.29,146.29,150.29,141.76,148.12,150.35,148.50,145.54,144.88,144.69,144.94,150.82,142.98,140.88,146.68,148.53,142.56,143.91,144.82,148.80,145.39,138.53,148.15,153.33,148.21,146.37,144.32,140.82,145.36,149.36,148.71,137.16,146.03,144.35,146.74,146.16,143.60,141.51,149.54,147.82,145.99,,,,,,,,,,,,,,,,,,,,,,,,,,,,,,,,,,,,,,,,,,,,,,,,
Subclase,0.00178756,01115,Productos de panadería,102.70,102.69,99.91,101.22,101.98,102.53,102.00,102.06,102.81,102.82,102.71,102.77,102.58,100.82,101.54,100.04,101.24,108.05,107.42,107.25,107.17,107.38,105.33,101.35,101.54,107.24,108.25,102.46,105.98,101.56,105.52,106.44,104.18,105.75,105.06,103.28,106.86,96.87,104.26,102.17,107.27,104.11,104.37,105.18,110.49,110.60,110.44,107.56,110.52,104.56,105.97,110.01,107.37,109.95,109.30,106.30,107.03,109.35,107.41,107.09,107.81,109.02,109.34,109.88,109.15,107.80,102.30,104.84,108.13,102.25,97.50,99.95,108.28,108.87,106.92,107.15,107.09,104.86,109.09,104.50,101.77,107.56,111.17,109.39,107.38,105.67,110.45,107.03,107.63,109.24,111.05,111.49,113.55,114.13,106.73,108.35,110.76,106.96,113.52,112.83,108.24,106.33,103.32,103.90,104.40,107.39,108.02,106.65,107.79,106.43,109.08,113.80,108.97,108.05,113.79,111.81,110.88,113.97,102.53,116.83,118.21,116.77,115.89,114.74,119.15,118.85,118.64,117.19,120.49,115.32,117.31,115.21,121.59,119.30,111.59,112.50,114.50,117.35,,,,,,,,,,,,,,,,,,,,,,,,,,,,,,,,,,,,,,,,,,,,,,,,
Producto,0.00178756,01115010,GALLETAS,102.70,102.69,99.91,101.22,101.98,102.53,102.00,102.06,102.81,102.82,102.71,102.77,102.58,100.82,101.54,100.04,101.24,108.05,107.42,107.25,107.17,107.38,105.33,101.35,101.54,107.24,108.25,102.46,105.98,101.56,105.52,106.44,104.18,105.75,105.06,103.28,106.86,96.87,104.26,102.17,107.27,104.11,104.37,105.18,110.49,110.60,110.44,107.56,110.52,104.56,105.97,110.01,107.37,109.95,109.30,106.30,107.03,109.35,107.41,107.09,107.81,109.02,109.34,109.88,109.15,107.80,102.30,104.84,108.13,102.25,97.50,99.95,108.28,108.87,106.92,107.15,107.09,104.86,109.09,104.50,101.77,107.56,111.17,109.39,107.38,105.67,110.45,107.03,107.63,109.24,111.05,111.49,113.55,114.13,106.73,108.35,110.76,106.96,113.52,112.83,108.24,106.33,103.32,103.90,104.40,107.39,108.02,106.65,107.79,106.43,109.08,113.80,108.97,108.05,113.79,111.81,110.88,113.97,102.53,116.83,118.21,116.77,115.89,114.74,119.15,118.85,118.64,117.19,120.49,115.32,117.31,115.21,121.59,119.30,111.59,112.50,114.50,117.35,,,,,,,,,,,,,,,,,,,,,,,,,,,,,,,,,,,,,,,,,,,,,,,,
Subclase,0.002304843,01116,Pastas alimenticias,99.75,103.61,108.63,109.47,110.07,113.36,112.64,103.83,103.74,103.80,107.12,97.69,100.49,103.99,106.37,105.61,107.25,104.02,106.23,106.57,105.90,104.78,106.41,99.94,103.68,102.82,102.87,100.69,94.00,101.16,94.72,100.26,96.63,82.90,79.15,79.24,78.70,76.77,78.68,78.86,77.21,78.24,79.09,79.12,79.02,78.81,78.37,76.22,75.97,75.63,76.06,76.80,75.07,76.92,76.53,75.04,76.13,76.92,80.26,83.74,85.61,89.73,88.68,89.48,91.57,92.67,91.23,91.66,93.51,94.56,95.03,96.34,98.07,96.47,92.47,98.12,97.01,96.29,94.78,104.31,103.22,102.61,103.89,102.29,104.23,106.11,96.86,105.70,105.86,109.22,106.05,112.25,110.38,112.93,120.28,121.52,122.38,125.06,128.03,125.37,124.11,125.40,131.75,133.26,126.52,126.72,122.63,126.25,121.59,120.47,116.49,114.95,120.73,115.21,113.20,110.34,115.38,113.91,110.43,109.94,115.03,109.07,108.40,108.33,108.96,109.08,108.28,100.45,97.72,100.70,97.12,100.44,100.37,102.76,102.77,97.37,95.86,97.00,,,,,,,,,,,,,,,,,,,,,,,,,,,,,,,,,,,,,,,,,,,,,,,,
Producto,0.002304843,01116011,TALLARINES Y FIDEOS,99.75,103.61,108.63,109.47,110.07,113.36,112.64,103.83,103.74,103.80,107.12,97.69,100.49,103.99,106.37,105.61,107.25,104.02,106.23,106.57,105.90,104.78,106.41,99.94,103.68,102.82,102.87,100.69,94.00,101.16,94.72,100.26,96.63,82.90,79.15,79.24,78.70,76.77,78.68,78.86,77.21,78.24,79.09,79.12,79.02,78.81,78.37,76.22,75.97,75.63,76.06,76.80,75.07,76.92,76.53,75.04,76.13,76.92,80.26,83.74,85.61,89.73,88.68,89.48,91.57,92.67,91.23,91.66,93.51,94.56,95.03,96.34,98.07,96.47,92.47,98.12,97.01,96.29,94.78,104.31,103.22,102.61,103.89,102.29,104.23,106.11,96.86,105.70,105.86,109.22,106.05,112.25,110.38,112.93,120.28,121.52,122.38,125.06,128.03,125.37,124.11,125.40,131.75,133.26,126.52,126.72,122.63,126.25,121.59,120.47,116.49,114.95,120.73,115.21,113.20,110.34,115.38,113.91,110.43,109.94,115.03,109.07,108.40,108.33,108.96,109.08,108.28,100.45,97.72,100.70,97.12,100.44,100.37,102.76,102.77,97.37,95.86,97.00,,,,,,,,,,,,,,,,,,,,,,,,,,,,,,,,,,,,,,,,,,,,,,,,
Clase,0.044705202,0112,Carne (ND),105.12,105.56,105.81,106.16,107.14,107.81,107.53,107.00,106.77,105.28,104.52,105.61,106.52,107.04,106.79,106.13,105.95,105.22,105.19,104.75,103.82,103.03,103.52,103.98,103.35,102.82,102.88,103.93,103.22,103.32,103.59,103.58,102.73,103.54,101.83,102.71,102.85,103.75,103.88,103.15,102.95,103.18,103.53,107.47,106.05,105.77,103.32,103.11,103.86,103.77,104.45,104.07,103.32,102.51,102.84,102.73,101.82,102.42,102.02,102.89,102.35,102.24,103.35,104.83,103.92,105.29,106.63,106.19,105.06,104.23,104.35,103.39,102.11,102.28,104.14,104.41,102.97,102.57,104.08,103.92,103.71,103.75,104.30,104.63,104.89,105.28,103.92,103.74,103.33,104.85,105.47,104.78,104.89,105.36,105.68,105.57,105.71,105.70,106.06,106.61,106.66,108.06,108.64,108.70,108.78,107.56,108.15,108.63,110.41,110.49,110.12,110.20,111.23,111.03,111.23,112.13,111.69,111.48,110.46,110.48,112.20,113.33,114.34,113.96,114.13,113.78,113.79,114.04,114.27,114.52,115.02,115.11,116.78,117.90,117.10,118.11,118.34,119.34,,,,,,,,,,,,,,,,,,,,,,,,,,,,,,,,,,,,,,,,,,,,,,,,
Subclase,0.01531218,01121,"Carne de bovino fresca, refrigerada o congelada",116.66,119.48,119.66,120.61,121.22,120.74,120.42,120.36,120.36,119.88,119.15,120.52,119.88,119.64,119.53,118.68,119.66,119.24,119.19,119.00,118.94,118.29,117.85,118.25,117.62,117.76,117.99,119.06,118.11,118.44,118.74,118.89,118.04,119.42,119.00,120.77,119.77,121.85,122.51,121.36,119.88,121.15,119.78,121.68,119.96,120.14,119.08,120.04,122.72,123.06,123.80,123.38,122.79,121.36,122.01,122.17,121.96,121.91,120.16,120.29,120.34,120.79,122.43,127.21,125.78,128.65,128.50,127.03,126.16,126.75,127.34,126.63,127.31,126.35,125.92,125.55,124.56,124.42,125.57,125.14,124.63,125.27,125.27,125.73,126.26,126.43,126.10,125.92,125.41,126.74,126.92,127.00,125.83,127.01,126.34,126.26,127.39,127.53,127.91,129.27,128.81,129.29,130.63,131.52,131.42,130.87,132.62,133.18,134.15,135.57,136.52,136.70,137.68,139.09,138.84,138.93,139.09,139.34,137.94,139.44,141.33,143.93,145.46,146.53,148.04,147.95,148.52,149.82,150.37,150.64,150.98,152.80,153.74,154.31,155.43,157.68,157.99,157.51,,,,,,,,,,,,,,,,,,,,,,,,,,,,,,,,,,,,,,,,,,,,,,,,
Producto,0.010277691,01121012,CARNE  DE RES SIN HUESO,117.94,120.29,120.34,121.95,122.17,121.81,121.67,121.14,121.73,120.88,119.60,121.47,120.45,120.45,119.87,119.35,120.36,119.72,119.92,119.63,119.38,118.85,118.18,118.92,118.39,118.90,118.87,120.51,120.04,120.03,120.80,120.94,119.20,120.16,119.93,121.61,122.06,122.98,123.94,123.20,122.32,123.45,121.28,123.69,122.22,122.26,120.40,121.62,124.86,125.10,125.23,125.19,123.96,123.05,123.84,124.04,123.76,124.06,121.51,121.82,121.97,122.17,123.71,127.39,126.55,129.44,129.61,127.66,127.15,127.99,128.29,127.62,128.35,127.36,127.49,126.83,125.91,125.21,127.64,126.83,126.30,127.65,127.51,128.63,129.48,129.62,128.88,128.89,127.89,129.93,130.20,130.39,129.01,130.83,129.90,129.89,131.26,131.08,132.47,134.18,133.67,134.00,134.82,136.30,136.14,135.17,136.90,137.76,139.31,140.01,140.42,140.55,141.71,143.57,143.32,143.49,143.94,144.15,142.27,144.49,146.53,148.63,150.23,151.84,153.47,152.64,153.36,154.22,154.95,154.84,155.15,156.69,157.90,158.07,159.17,161.18,161.42,160.97,,,,,,,,,,,,,,,,,,,,,,,,,,,,,,,,,,,,,,,,,,,,,,,,
Producto,0.004313297,01121013,CARNE DE RES CON HUESO,113.92,118.16,118.90,118.78,119.78,118.69,118.26,118.73,118.39,118.18,118.43,118.40,118.63,117.63,118.71,116.77,118.45,118.22,117.59,117.71,118.20,117.40,117.16,116.65,115.43,115.13,115.27,115.73,113.29,114.02,113.28,113.37,114.44,117.89,117.05,118.72,113.90,119.11,119.48,117.70,113.99,115.76,116.41,117.41,114.94,115.56,116.11,116.04,118.34,118.81,121.39,119.55,120.48,117.81,118.35,118.55,118.61,117.61,117.75,117.70,117.29,118.33,120.06,128.14,125.30,127.73,127.17,126.34,124.76,124.92,126.09,125.26,125.75,124.75,122.98,123.31,121.96,123.26,121.54,121.91,121.32,120.33,120.66,119.58,119.57,119.79,120.41,119.64,120.19,119.89,119.88,119.76,119.04,118.82,118.53,118.22,119.27,120.23,118.26,119.34,119.26,120.05,123.00,122.71,122.74,123.05,125.16,124.98,124.58,127.43,129.81,130.18,130.67,131.34,131.30,131.07,130.64,130.88,130.34,130.33,131.87,135.70,137.39,137.34,138.84,140.20,140.38,142.98,143.05,144.25,144.61,147.14,147.54,148.98,150.21,152.50,153.00,152.35,,,,,,,,,,,,,,,,,,,,,,,,,,,,,,,,,,,,,,,,,,,,,,,,
Producto,0.000721192,01121014,CARNE DE RES MOLIDA,114.82,115.80,114.55,112.58,116.38,117.75,115.66,118.88,112.60,115.88,116.92,119.55,119.13,119.98,119.58,120.53,116.94,118.52,118.42,117.70,117.21,115.54,117.24,118.23,119.65,117.20,121.68,118.33,119.51,122.15,122.05,122.67,122.95,117.98,117.38,121.11,122.29,122.04,120.16,116.98,120.21,120.66,118.61,118.58,117.74,117.20,117.99,121.49,118.40,119.25,117.81,120.54,120.07,118.54,117.82,117.23,116.38,117.02,115.40,113.88,115.35,115.81,118.45,119.07,117.53,122.90,120.77,122.27,120.55,119.92,121.34,120.70,121.86,121.58,121.07,120.56,120.82,120.09,120.06,120.33,120.62,120.76,120.98,121.17,120.37,120.79,120.59,121.25,121.28,122.39,122.19,121.82,121.10,121.41,122.26,122.72,120.77,120.62,120.57,118.76,116.70,117.37,116.63,116.24,116.10,116.31,116.31,116.92,117.97,121.00,121.18,120.94,122.32,121.55,120.03,120.98,120.51,121.27,121.71,122.10,123.63,126.17,125.64,125.84,125.53,127.54,128.18,128.01,128.97,129.01,129.68,131.39,131.61,132.71,133.41,138.62,138.96,139.12,,,,,,,,,,,,,,,,,,,,,,,,,,,,,,,,,,,,,,,,,,,,,,,,
Subclase,0.003246225,01122,"Carne de porcino fresca, refrigerada o congelada",109.53,110.58,111.05,109.97,110.47,108.14,108.10,106.75,107.23,106.78,106.78,106.55,105.96,105.69,105.41,103.34,102.71,102.22,101.64,101.59,101.70,102.30,102.33,103.07,102.83,102.34,102.33,104.27,103.07,103.76,103.24,104.22,103.68,104.19,103.64,104.13,104.56,104.24,104.28,104.83,104.93,104.34,103.33,104.30,103.29,103.82,103.74,104.19,104.70,103.71,103.23,103.46,103.99,103.39,101.43,102.83,101.80,101.98,102.37,102.16,101.86,101.54,102.35,101.58,102.09,102.13,100.18,99.08,99.89,99.17,100.07,100.65,100.81,100.33,99.27,98.65,97.62,97.18,96.38,96.36,96.51,96.71,97.42,98.17,98.32,98.04,97.99,97.13,96.67,96.81,97.04,96.97,97.00,97.52,98.34,98.63,98.75,98.36,98.34,98.29,97.75,97.68,97.69,97.61,98.28,97.99,98.75,98.67,98.79,99.33,99.84,100.25,100.19,99.32,99.73,99.69,99.68,99.48,98.95,99.02,98.69,99.34,99.13,99.05,98.96,98.73,98.90,98.67,98.92,99.21,99.47,99.66,99.41,99.92,100.04,100.31,99.61,99.20,,,,,,,,,,,,,,,,,,,,,,,,,,,,,,,,,,,,,,,,,,,,,,,,
Producto,0.001195818,01122015,CHULETA DE CERDO,107.29,109.70,111.07,108.46,110.25,108.80,109.54,107.14,107.45,109.15,108.93,109.54,108.80,108.61,108.46,105.17,105.48,106.27,103.37,103.63,103.98,103.90,103.78,105.85,104.88,104.62,105.29,107.37,105.89,106.38,105.60,106.97,105.65,105.36,104.64,105.12,105.18,105.05,105.61,105.74,105.44,105.55,104.23,105.30,105.09,105.02,104.86,105.81,106.11,103.95,104.86,105.42,105.70,105.02,101.97,104.81,102.12,103.05,103.62,103.55,102.37,103.09,103.14,102.35,103.64,103.48,101.17,99.38,100.73,99.47,101.29,102.49,102.55,102.09,99.36,98.84,98.03,98.21,97.83,97.99,97.51,97.85,98.46,98.69,98.55,98.26,98.27,97.64,97.28,97.05,97.37,97.03,97.48,97.46,98.71,98.94,98.63,98.24,99.11,98.41,97.05,97.27,96.86,96.33,97.10,97.58,97.98,98.17,98.31,98.23,98.28,98.68,98.80,98.34,98.32,98.42,98.32,98.60,98.62,98.48,97.74,98.56,98.21,98.33,97.67,97.19,97.16,97.30,97.15,97.56,97.56,97.61,97.33,97.58,97.79,98.97,98.61,98.45,,,,,,,,,,,,,,,,,,,,,,,,,,,,,,,,,,,,,,,,,,,,,,,,
Producto,0.000405217,01122016,CARNE DE CERDO SIN HUESO,108.30,107.71,107.14,107.32,107.55,107.92,107.80,107.29,107.51,100.61,105.78,105.92,106.47,105.67,105.92,103.57,102.80,102.23,101.32,101.39,99.84,100.18,99.43,98.82,99.34,98.36,99.70,100.71,101.88,103.14,103.46,103.18,103.05,103.47,103.57,102.57,104.85,104.14,104.37,104.83,104.84,104.25,104.02,104.54,103.93,104.23,103.67,102.67,103.05,102.53,101.80,101.81,102.31,102.25,102.16,102.31,101.99,102.24,101.80,101.23,101.20,101.10,101.29,103.22,102.19,102.49,100.99,100.39,100.03,100.37,100.23,99.93,100.52,100.31,99.90,100.07,100.33,100.69,100.50,100.23,101.37,102.49,101.79,102.08,103.14,103.29,103.15,102.53,102.06,102.46,102.43,102.61,101.85,102.10,102.19,101.87,102.21,102.11,102.51,102.66,102.47,102.12,102.52,102.36,102.20,102.87,103.05,103.25,103.98,104.32,104.88,105.46,105.55,105.59,106.02,106.54,107.08,107.34,106.14,107.19,107.15,107.00,106.45,105.60,105.64,105.09,104.85,105.21,105.82,106.06,106.23,106.44,106.00,106.37,106.51,106.33,106.70,105.91,,,,,,,,,,,,,,,,,,,,,,,,,,,,,,,,,,,,,,,,,,,,,,,,
Producto,0.00164519,01122017,CARNE DE CERDO CON HUESO,111.46,111.92,112.01,111.71,111.35,107.70,107.13,106.33,107.00,106.58,105.47,104.53,103.76,103.58,103.08,101.95,100.68,99.27,100.46,100.15,100.50,101.66,101.99,102.09,102.20,101.65,100.82,102.90,101.31,102.01,101.46,102.48,102.40,103.51,102.92,103.80,104.04,103.67,103.30,104.16,104.59,103.49,102.52,103.51,101.82,102.86,102.94,103.39,104.08,103.82,102.39,102.44,103.16,102.48,100.86,101.51,101.51,101.13,101.60,101.37,101.65,100.52,102.04,100.62,100.94,101.06,99.26,98.55,99.26,98.66,99.14,99.49,99.61,99.05,99.05,98.17,96.65,95.57,94.32,94.22,94.59,94.46,95.58,96.83,96.95,96.59,96.51,95.44,94.90,95.25,95.47,95.52,95.46,96.43,97.13,97.61,97.99,97.52,96.76,97.13,97.10,96.88,97.09,97.37,98.17,97.08,98.26,97.90,97.86,98.89,99.73,100.10,99.89,98.48,99.21,98.93,98.85,98.19,97.41,97.41,97.30,98.02,97.99,97.97,98.26,98.28,98.70,98.06,98.51,98.72,99.19,99.49,99.30,100.02,100.09,99.80,98.58,98.09,,,,,,,,,,,,,,,,,,,,,,,,,,,,,,,,,,,,,,,,,,,,,,,,
Subclase,0.00012318,01123,Carne de ovino,99.10,99.30,99.80,100.00,101.35,101.46,101.90,103.89,103.89,101.62,101.62,101.62,101.62,101.62,101.62,101.62,101.62,101.36,102.81,101.76,101.76,101.76,103.31,103.31,103.31,101.41,100.96,100.63,96.84,100.80,103.29,102.24,102.24,102.84,103.29,102.84,103.33,104.31,105.21,102.17,105.98,104.37,105.22,106.17,105.93,106.40,104.69,104.91,105.36,104.96,105.25,105.46,106.61,106.66,104.20,105.46,105.46,105.88,105.62,104.45,105.37,105.44,105.44,102.34,103.46,103.46,106.01,106.39,106.39,106.39,106.39,107.13,107.13,105.62,105.26,105.19,105.27,104.58,105.27,105.24,105.91,105.91,105.91,105.91,107.03,103.83,106.26,107.07,106.78,107.37,108.17,108.17,107.94,107.94,107.70,108.20,107.93,109.03,109.81,110.29,111.58,109.12,113.16,113.23,112.87,112.87,112.42,112.42,111.10,112.70,114.48,114.96,115.48,113.48,112.81,113.96,114.25,116.98,118.10,117.71,117.53,116.20,118.08,117.95,118.35,117.85,117.02,117.84,120.08,120.78,121.46,121.55,121.25,121.77,121.77,117.63,113.21,117.73,,,,,,,,,,,,,,,,,,,,,,,,,,,,,,,,,,,,,,,,,,,,,,,,
Producto,0.00012318,01123018,CARNE DE OVINO,99.10,99.30,99.80,100.00,101.35,101.46,101.90,103.89,103.89,101.62,101.62,101.62,101.62,101.62,101.62,101.62,101.62,101.36,102.81,101.76,101.76,101.76,103.31,103.31,103.31,101.41,100.96,100.63,96.84,100.80,103.29,102.24,102.24,102.84,103.29,102.84,103.33,104.31,105.21,102.17,105.98,104.37,105.22,106.17,105.93,106.40,104.69,104.91,105.36,104.96,105.25,105.46,106.61,106.66,104.20,105.46,105.46,105.88,105.62,104.45,105.37,105.44,105.44,102.34,103.46,103.46,106.01,106.39,106.39,106.39,106.39,107.13,107.13,105.62,105.26,105.19,105.27,104.58,105.27,105.24,105.91,105.91,105.91,105.91,107.03,103.83,106.26,107.07,106.78,107.37,108.17,108.17,107.94,107.94,107.70,108.20,107.93,109.03,109.81,110.29,111.58,109.12,113.16,113.23,112.87,112.87,112.42,112.42,111.10,112.70,114.48,114.96,115.48,113.48,112.81,113.96,114.25,116.98,118.10,117.71,117.53,116.20,118.08,117.95,118.35,117.85,117.02,117.84,120.08,120.78,121.46,121.55,121.25,121.77,121.77,117.63,113.21,117.73,,,,,,,,,,,,,,,,,,,,,,,,,,,,,,,,,,,,,,,,,,,,,,,,
Subclase,0.021700216,01124,"Carne de aves  fresca, refrigerada o congelada",97.36,96.07,96.21,96.48,98.21,100.23,99.93,98.92,98.11,95.64,94.68,95.80,98.15,99.38,98.93,98.49,97.42,96.32,96.58,95.67,93.76,92.47,94.06,94.47,93.92,92.40,92.55,93.83,93.08,93.36,93.35,93.14,91.94,93.05,89.74,90.04,91.03,91.51,91.45,90.48,90.99,90.77,92.80,99.04,97.79,96.89,92.85,91.52,91.12,90.84,91.63,91.30,90.14,89.67,90.24,89.62,87.85,88.91,89.27,91.15,90.34,89.47,90.38,89.90,89.11,90.14,93.24,93.60,91.68,89.71,89.54,87.75,84.64,85.89,90.17,91.22,88.85,88.39,90.70,91.14,91.08,90.26,91.48,91.40,91.65,92.16,89.43,89.51,89.33,90.80,92.37,90.72,91.57,91.58,92.84,92.07,91.58,91.71,92.05,92.32,92.78,95.61,95.55,94.86,95.21,93.00,92.86,93.13,96.08,95.32,93.83,93.40,94.84,93.73,94.17,95.94,94.97,94.14,93.17,92.00,94.29,94.79,95.75,94.33,93.56,92.96,92.63,92.31,92.48,92.80,93.28,92.18,95.17,97.02,94.66,95.01,95.41,97.75,,,,,,,,,,,,,,,,,,,,,,,,,,,,,,,,,,,,,,,,,,,,,,,,
Producto,0.011267686,01124019,POLLO ENTERO,97.32,96.71,95.79,95.83,98.16,102.34,101.57,99.18,98.53,96.12,95.75,96.90,99.37,101.19,101.11,100.93,98.14,96.84,97.38,95.71,96.09,94.33,95.31,95.36,94.62,94.53,94.61,95.55,94.47,95.55,94.78,94.56,93.01,94.41,92.72,91.87,91.65,91.06,91.21,91.63,91.49,91.35,95.98,103.89,102.35,97.81,92.16,91.14,90.49,90.52,92.51,92.66,89.83,91.30,91.03,92.13,89.20,89.56,89.61,92.71,92.62,91.17,91.19,97.98,93.71,95.92,97.20,95.52,93.04,92.35,90.87,86.94,84.40,88.21,91.85,94.14,90.03,89.79,92.23,92.46,92.34,91.13,92.98,92.43,93.89,93.36,89.36,90.79,88.69,90.66,93.74,92.31,92.76,93.59,95.15,93.45,92.35,93.15,93.58,94.26,95.43,97.91,97.27,96.39,97.78,94.26,93.83,92.90,97.22,97.27,95.04,94.81,95.55,94.67,95.08,97.25,96.11,95.60,93.87,92.02,94.92,95.62,96.67,94.31,93.62,92.60,91.88,91.48,91.96,92.35,93.04,91.44,95.99,99.30,95.41,95.99,95.79,99.54,,,,,,,,,,,,,,,,,,,,,,,,,,,,,,,,,,,,,,,,,,,,,,,,
Producto,0.009593699,01124020,PRESAS DE POLLO,96.34,94.20,95.54,96.25,97.32,97.21,97.43,97.95,96.87,94.07,92.45,93.53,95.98,96.62,95.69,96.01,95.71,94.55,94.49,94.46,89.71,88.85,91.33,92.15,91.86,88.59,88.86,90.58,90.38,89.64,90.78,90.62,89.81,90.33,85.17,86.56,89.11,91.13,90.79,88.20,89.42,89.09,88.38,93.32,91.91,95.39,92.90,90.89,90.73,90.02,89.52,88.71,89.32,86.83,88.52,85.41,85.02,86.68,87.47,88.21,86.75,86.49,88.49,79.28,82.52,82.37,87.42,90.01,88.86,85.02,86.44,87.02,82.95,81.36,86.78,86.57,86.00,85.24,87.87,88.41,88.28,87.82,88.41,88.87,87.62,89.40,88.06,86.47,88.57,89.48,89.53,87.46,88.79,88.13,88.73,88.97,89.16,88.80,88.74,88.53,88.18,91.60,92.21,91.67,90.92,89.97,90.17,91.86,93.49,91.70,90.92,90.45,92.73,91.20,91.80,93.12,92.35,90.92,90.82,90.23,92.00,92.40,93.20,92.75,91.85,91.73,91.91,91.52,91.37,91.52,91.87,91.25,92.78,93.17,92.06,91.94,93.03,93.92,,,,,,,,,,,,,,,,,,,,,,,,,,,,,,,,,,,,,,,,,,,,,,,,
Producto,0.000838832,01124021,MENUDENCIAS DE POLLO,109.57,108.99,109.52,107.79,108.98,106.49,106.49,106.49,106.70,107.09,105.92,106.96,106.70,106.60,106.91,93.97,107.15,109.64,109.68,109.08,108.83,108.76,108.49,109.09,107.99,107.55,107.11,107.82,105.36,106.30,103.54,102.94,101.72,106.00,101.91,105.22,104.73,101.85,102.14,101.26,102.20,102.16,100.46,99.41,103.81,101.63,101.73,103.84,103.90,104.52,103.94,102.50,103.46,100.22,99.28,104.00,102.01,105.66,105.29,103.85,100.77,100.83,101.08,102.79,102.61,101.44,106.67,108.94,105.83,107.97,107.26,106.94,107.33,106.62,106.41,105.10,105.64,105.60,102.53,104.66,106.21,106.52,106.33,106.36,107.70,107.58,105.97,106.98,106.64,107.73,106.44,106.59,107.49,104.03,108.68,108.84,108.82,105.55,109.27,109.68,109.75,110.44,110.69,110.67,109.67,110.70,110.62,110.84,110.33,110.46,110.86,108.27,109.64,110.22,109.07,110.71,109.53,111.33,110.67,111.87,111.91,110.93,112.63,112.60,112.17,112.02,111.05,112.64,112.17,113.54,112.72,112.64,111.60,110.46,114.22,117.02,117.58,117.61,,,,,,,,,,,,,,,,,,,,,,,,,,,,,,,,,,,,,,,,,,,,,,,,
Subclase,0.000601926,01125,Vísceras frescas,108.02,109.75,110.06,109.78,110.25,110.39,110.43,108.39,110.41,108.96,109.20,109.72,110.81,111.17,110.92,110.41,110.63,110.63,110.53,111.40,110.77,110.18,110.31,108.63,103.09,110.97,111.12,111.13,110.57,110.32,110.54,111.10,110.91,107.18,106.16,104.07,106.05,101.85,105.55,103.93,102.14,105.07,103.07,105.45,103.42,103.64,98.96,102.86,103.92,102.14,105.36,100.52,103.25,105.13,101.14,98.54,104.80,105.49,105.07,106.34,101.38,106.87,106.97,107.18,108.30,103.04,102.58,100.66,105.17,107.70,107.48,104.30,103.51,106.45,107.58,105.19,108.19,108.05,107.47,106.11,102.88,102.93,106.17,107.33,106.80,106.69,106.22,105.95,106.53,106.41,106.41,106.63,105.30,106.54,105.23,105.98,107.28,109.04,110.03,108.70,106.56,107.35,110.71,110.16,107.95,108.38,109.54,109.02,108.95,108.80,108.94,108.63,109.60,108.52,108.41,110.06,110.29,108.85,110.53,110.56,110.83,111.51,111.78,111.58,110.78,110.23,109.68,109.86,109.59,110.00,111.62,110.79,111.14,111.15,110.49,112.10,110.17,112.84,,,,,,,,,,,,,,,,,,,,,,,,,,,,,,,,,,,,,,,,,,,,,,,,
Producto,0.000601926,01125022,VÍSCERAS DE RES,108.02,109.75,110.06,109.78,110.25,110.39,110.43,108.39,110.41,108.96,109.20,109.72,110.81,111.17,110.92,110.41,110.63,110.63,110.53,111.40,110.77,110.18,110.31,108.63,103.09,110.97,111.12,111.13,110.57,110.32,110.54,111.10,110.91,107.18,106.16,104.07,106.05,101.85,105.55,103.93,102.14,105.07,103.07,105.45,103.42,103.64,98.96,102.86,103.92,102.14,105.36,100.52,103.25,105.13,101.14,98.54,104.80,105.49,105.07,106.34,101.38,106.87,106.97,107.18,108.30,103.04,102.58,100.66,105.17,107.70,107.48,104.30,103.51,106.45,107.58,105.19,108.19,108.05,107.47,106.11,102.88,102.93,106.17,107.33,106.80,106.69,106.22,105.95,106.53,106.41,106.41,106.63,105.30,106.54,105.23,105.98,107.28,109.04,110.03,108.70,106.56,107.35,110.71,110.16,107.95,108.38,109.54,109.02,108.95,108.80,108.94,108.63,109.60,108.52,108.41,110.06,110.29,108.85,110.53,110.56,110.83,111.51,111.78,111.58,110.78,110.23,109.68,109.86,109.59,110.00,111.62,110.79,111.14,111.15,110.49,112.10,110.17,112.84,,,,,,,,,,,,,,,,,,,,,,,,,,,,,,,,,,,,,,,,,,,,,,,,
Subclase,0.003721475,01126,Carnes preparadas y procesadas,98.74,98.78,99.69,99.44,98.05,98.32,98.01,99.28,100.38,99.62,99.09,100.17,100.32,100.57,100.87,100.99,101.51,101.25,100.14,100.88,101.09,101.38,99.65,100.80,100.15,101.28,100.20,99.25,100.17,97.75,100.12,99.80,100.60,98.24,99.36,100.83,100.06,100.54,99.07,100.61,101.35,100.23,99.48,101.27,99.81,100.44,99.77,100.03,99.76,100.13,100.47,100.16,99.34,98.52,98.96,99.70,99.88,100.81,100.86,99.85,98.89,100.08,100.64,102.34,101.23,100.72,100.95,100.85,100.65,100.00,99.25,101.13,101.01,99.67,99.67,99.21,100.24,99.05,99.86,97.37,97.63,100.09,98.43,100.11,99.52,100.92,101.91,100.77,99.32,103.39,100.70,101.81,103.15,103.13,101.97,105.04,104.65,103.24,103.83,103.50,104.03,102.52,103.58,104.76,103.95,104.64,104.41,106.48,106.66,105.70,105.53,107.88,107.70,106.96,107.56,107.41,107.06,108.65,107.97,108.76,108.59,107.92,108.19,107.65,108.18,108.18,107.79,107.52,106.75,106.45,107.67,107.66,106.61,106.42,106.08,106.54,106.76,106.80,,,,,,,,,,,,,,,,,,,,,,,,,,,,,,,,,,,,,,,,,,,,,,,,
Producto,0.000873533,01126023,CHORIZO,95.57,95.44,95.90,94.95,94.31,95.06,94.35,96.18,97.13,95.60,94.11,96.26,96.46,97.30,97.52,97.62,97.53,97.45,94.38,97.29,95.71,97.10,93.31,97.68,96.03,97.45,95.47,95.54,94.92,88.48,94.60,93.02,94.02,92.66,92.65,94.01,93.25,93.72,90.96,96.02,95.08,93.52,94.08,94.87,93.47,94.80,92.96,92.99,92.90,93.46,92.08,93.83,88.65,86.01,89.56,92.87,93.15,92.55,94.31,89.46,90.75,94.87,96.32,97.60,96.64,97.48,96.62,94.65,96.45,96.22,95.07,96.38,96.68,92.81,95.25,90.97,95.97,96.94,95.04,89.61,93.45,96.93,91.97,93.02,91.66,94.92,97.53,97.86,88.43,101.74,98.29,101.93,97.59,96.84,97.96,102.60,100.73,100.45,100.92,101.03,102.82,101.57,99.91,100.75,101.18,103.36,103.92,105.39,104.43,103.13,101.48,106.01,105.69,104.04,105.25,105.64,105.37,107.15,106.37,106.50,105.89,105.52,104.44,104.79,103.63,105.57,103.82,104.81,103.01,99.66,103.59,103.66,102.12,101.43,101.99,102.16,103.30,101.79,,,,,,,,,,,,,,,,,,,,,,,,,,,,,,,,,,,,,,,,,,,,,,,,
Producto,0.000594218,01126024,JAMÓN,98.59,98.96,98.20,98.22,96.63,97.82,97.34,98.23,98.94,99.29,99.70,99.72,99.89,100.52,101.18,101.06,101.20,101.07,100.41,99.68,101.06,101.41,100.21,100.27,99.97,101.41,99.72,99.75,100.93,101.09,101.66,101.28,101.70,100.30,101.23,102.68,101.11,101.43,97.78,99.82,101.79,99.48,99.86,100.29,99.37,99.55,100.67,100.36,99.09,99.02,100.15,99.16,99.78,99.60,99.66,98.95,98.56,100.29,99.13,99.73,99.18,97.76,98.89,101.57,100.56,99.64,100.05,99.89,100.20,99.75,96.74,97.99,98.77,97.09,97.44,98.94,98.13,100.28,99.82,97.85,95.69,98.37,99.39,99.41,97.01,97.97,100.64,98.12,97.30,100.85,95.84,99.15,102.45,99.75,99.09,100.89,102.09,100.36,101.38,99.35,99.82,100.42,99.82,101.48,102.68,101.70,102.59,103.86,102.37,101.34,103.14,102.28,104.06,103.98,103.86,100.10,98.64,102.85,101.42,103.00,103.71,101.84,102.88,101.15,101.82,101.97,102.69,100.56,99.99,101.12,101.19,101.31,100.28,100.33,100.53,101.56,100.63,102.22,,,,,,,,,,,,,,,,,,,,,,,,,,,,,,,,,,,,,,,,,,,,,,,,
Producto,0.001248423,01126025,MORTADELA,97.43,97.17,99.52,99.64,99.22,97.90,98.06,98.69,99.18,97.85,98.94,98.77,99.15,99.46,99.75,99.71,100.56,100.62,99.84,99.53,100.57,100.32,98.79,99.10,98.80,99.55,99.37,97.98,100.37,97.13,98.57,100.01,100.21,98.01,98.94,99.83,99.78,100.59,99.69,99.58,100.74,100.69,100.11,101.49,99.54,99.98,99.96,100.36,100.83,101.33,101.19,100.60,100.70,100.20,99.87,98.68,100.61,101.11,101.07,101.14,99.12,100.34,100.23,101.45,100.71,100.02,100.12,100.69,100.80,98.42,98.41,100.81,100.23,100.54,99.55,101.19,100.65,98.43,99.41,97.33,98.06,99.99,98.25,100.59,100.54,101.71,101.53,100.31,101.59,100.38,98.07,100.67,103.52,103.53,100.22,104.24,104.13,102.22,101.37,101.61,101.85,99.99,103.35,104.07,103.34,103.63,102.16,105.16,104.67,103.87,104.15,106.78,105.32,105.19,106.05,108.16,108.44,109.03,107.59,109.33,109.61,109.39,109.40,108.66,109.70,108.92,108.06,108.67,108.23,107.05,107.96,107.92,107.44,108.46,106.83,106.96,107.77,107.82,,,,,,,,,,,,,,,,,,,,,,,,,,,,,,,,,,,,,,,,,,,,,,,,
Producto,0.001005302,01126026,SALCHICHA,103.20,103.57,104.07,103.80,100.66,101.97,101.54,103.33,105.56,105.52,103.26,105.57,105.39,104.83,104.98,105.45,106.33,105.43,105.37,106.38,106.41,106.42,105.90,105.94,105.49,106.66,105.61,103.75,104.02,104.59,105.92,104.56,106.16,102.16,104.63,106.90,105.70,105.86,106.12,106.34,107.29,105.93,103.18,107.14,105.90,106.46,104.93,105.51,104.80,105.11,107.07,105.71,106.69,106.68,105.61,107.33,105.62,107.94,107.31,107.36,105.51,105.66,105.92,108.01,106.27,105.03,106.27,107.03,104.38,105.41,105.42,107.50,107.07,106.09,104.98,104.07,104.69,100.93,104.65,103.87,101.89,103.97,103.71,106.09,106.54,106.89,106.95,105.43,107.16,110.07,108.91,104.70,107.92,110.11,109.32,110.60,110.22,108.64,110.86,110.46,110.26,107.74,109.29,111.03,107.86,108.77,108.70,110.61,113.59,112.76,112.17,114.19,114.58,113.45,113.63,112.35,111.78,112.90,113.70,113.44,112.56,111.76,113.09,112.73,113.99,113.20,113.91,112.57,112.16,114.75,114.68,114.57,113.23,111.84,111.98,112.77,112.15,112.59,,,,,,,,,,,,,,,,,,,,,,,,,,,,,,,,,,,,,,,,,,,,,,,,
Clase,0.012598001,0113,Pescado (ND),105.17,104.73,104.56,107.06,107.44,107.27,105.76,105.90,105.80,104.46,102.82,102.43,103.28,102.43,106.43,110.48,108.02,108.30,108.64,108.17,109.36,108.47,108.73,107.77,108.28,108.34,109.60,111.95,109.06,109.30,108.72,107.13,108.50,108.32,109.17,109.12,110.42,110.33,111.39,112.25,111.27,109.43,108.08,107.85,109.61,110.41,109.10,110.52,111.36,111.17,111.46,114.44,110.79,107.19,106.82,106.98,108.92,108.95,109.10,109.45,109.67,109.56,109.26,108.67,107.48,108.25,107.28,104.61,105.47,107.45,107.42,107.80,110.20,109.53,110.45,109.68,109.67,108.60,108.50,107.37,106.20,107.06,109.16,109.48,112.85,113.73,114.08,115.45,113.99,111.59,109.60,111.31,111.21,111.93,114.43,114.79,115.65,115.91,118.60,118.31,117.06,118.98,116.03,114.53,114.48,114.66,114.18,113.76,116.17,115.45,116.78,115.94,115.87,112.26,112.72,112.34,112.38,110.91,110.89,111.17,113.55,113.74,113.50,115.96,114.21,109.47,109.49,111.16,111.26,112.78,113.04,111.81,113.82,115.40,116.22,121.80,121.35,121.72,,,,,,,,,,,,,,,,,,,,,,,,,,,,,,,,,,,,,,,,,,,,,,,,
Subclase,0.007089964,01131,"Pescados  frescos, refrigerados y congeladas",107.09,107.55,107.74,113.00,114.37,115.13,112.45,112.47,111.84,109.55,109.08,108.51,109.56,106.23,111.35,117.82,114.00,113.22,112.53,112.18,113.98,112.83,111.60,110.39,110.82,111.22,114.90,118.00,113.47,113.08,111.18,108.05,108.89,108.71,110.34,110.80,111.18,110.40,112.13,113.60,112.85,109.45,107.26,106.37,108.85,110.69,108.71,109.30,110.74,111.46,112.77,118.47,112.02,105.11,104.65,105.18,108.98,110.13,109.86,110.69,111.24,110.37,111.49,108.38,107.28,107.69,106.40,103.94,105.80,108.83,107.50,107.63,112.22,110.67,111.58,111.80,111.79,108.98,108.97,107.18,106.95,110.22,113.21,114.35,118.09,118.16,119.10,120.40,118.10,113.69,109.93,111.28,110.59,113.22,117.89,117.20,118.16,120.23,123.89,124.72,122.62,123.88,119.07,117.50,117.67,117.90,118.21,116.65,119.04,119.48,121.91,120.74,121.21,115.93,114.95,114.47,114.31,111.78,112.11,112.96,114.87,116.45,116.01,120.55,118.39,111.23,112.22,113.77,113.96,115.08,116.08,116.80,115.55,119.11,122.10,129.94,128.82,129.59,,,,,,,,,,,,,,,,,,,,,,,,,,,,,,,,,,,,,,,,,,,,,,,,
Producto,0.001195122,01131027,PESCADO FRESCO ENTERO,97.20,97.93,97.60,101.76,102.56,101.25,99.90,101.88,101.20,99.46,100.32,99.05,98.71,100.99,100.38,100.16,100.82,100.22,99.30,99.83,99.41,97.42,98.16,97.78,96.06,96.23,98.80,100.49,98.19,98.13,96.21,96.70,95.48,95.51,96.58,97.21,95.54,95.19,98.67,99.46,97.62,97.41,96.16,98.29,97.94,98.41,98.53,97.66,97.50,96.55,95.79,96.64,97.81,95.54,97.18,93.68,94.81,95.22,93.96,94.02,94.08,92.16,93.75,98.16,99.51,99.85,98.58,95.61,95.94,95.20,92.78,93.36,93.47,93.07,93.31,93.24,92.95,91.10,91.38,91.65,91.25,89.84,90.96,91.16,92.14,91.45,92.78,93.41,95.67,93.18,92.26,93.63,91.80,93.15,92.56,90.69,93.43,92.36,91.06,91.31,92.37,91.92,93.05,94.02,94.42,94.38,94.90,94.25,95.40,94.69,95.92,95.76,94.57,94.94,94.97,94.57,93.77,91.68,92.29,92.22,93.43,92.54,92.39,93.06,92.62,93.56,94.74,95.10,94.23,94.88,94.32,95.30,96.26,96.59,96.17,97.71,96.89,96.13,,,,,,,,,,,,,,,,,,,,,,,,,,,,,,,,,,,,,,,,,,,,,,,,
Producto,0.005894841,01131028,PESCADO FRESCO FILETEADO,109.10,109.50,109.80,115.28,116.76,117.94,115.00,114.62,114.00,111.60,110.86,110.43,111.75,107.29,113.57,121.40,116.67,115.86,115.21,114.68,116.93,115.95,114.33,112.95,113.81,114.26,118.17,121.55,116.57,116.11,114.22,110.36,111.61,111.39,113.13,113.56,114.35,113.49,114.86,116.47,115.94,111.90,109.51,108.01,111.07,113.18,110.78,111.66,113.43,114.48,116.21,122.90,114.90,107.05,106.16,107.51,111.86,113.15,113.08,114.07,114.71,114.06,115.09,110.45,108.85,109.28,107.98,105.63,107.80,111.59,110.48,110.53,116.02,114.24,115.28,115.57,115.61,112.60,112.53,110.33,110.13,114.35,117.72,119.05,123.35,123.58,124.44,125.88,122.65,117.85,113.51,114.86,114.40,117.28,123.02,122.57,123.18,125.88,130.55,131.50,128.75,130.36,124.34,122.26,122.38,122.67,122.93,121.19,123.83,124.50,127.18,125.81,126.61,120.18,119.00,118.51,118.48,115.85,116.13,117.17,119.22,121.30,120.80,126.12,123.62,114.81,115.76,117.56,117.96,119.17,120.49,121.16,119.46,123.67,127.35,136.48,135.29,136.37,,,,,,,,,,,,,,,,,,,,,,,,,,,,,,,,,,,,,,,,,,,,,,,,
Subclase,0.001536919,01132,"Mariscos frescos, refrigerados, congelados",106.17,101.79,101.63,101.76,98.44,96.56,97.40,98.97,97.78,99.35,93.64,91.64,92.42,98.19,104.27,106.48,104.21,108.61,109.77,109.89,109.98,109.52,118.70,118.18,117.08,117.59,110.85,112.66,110.85,114.64,116.41,118.69,120.38,119.27,119.00,116.09,116.70,116.64,117.11,119.79,117.17,113.34,114.28,114.46,114.20,112.80,110.98,116.96,115.41,112.54,111.95,112.25,108.76,108.17,110.23,111.10,111.40,109.59,107.92,110.37,108.97,109.54,106.64,100.33,94.81,101.09,96.59,96.42,95.98,96.77,93.71,95.57,95.59,97.16,97.38,97.20,96.07,98.38,99.52,98.82,98.94,98.26,98.43,98.14,96.99,97.87,99.56,98.29,94.96,94.16,94.39,94.22,95.45,95.18,96.49,97.54,95.91,96.12,99.72,95.74,96.65,95.89,90.74,90.13,91.19,91.60,90.84,90.84,90.37,89.20,91.59,91.55,89.63,90.04,91.30,91.28,90.45,90.07,89.02,89.75,92.85,93.81,93.02,93.70,91.42,90.05,91.15,91.27,91.79,92.56,92.13,91.48,92.02,93.14,90.89,91.96,91.75,89.58,,,,,,,,,,,,,,,,,,,,,,,,,,,,,,,,,,,,,,,,,,,,,,,,
Producto,0.001536919,01132029,CAMARÓN,106.17,101.79,101.63,101.76,98.44,96.56,97.40,98.97,97.78,99.35,93.64,91.64,92.42,98.19,104.27,106.48,104.21,108.61,109.77,109.89,109.98,109.52,118.70,118.18,117.08,117.59,110.85,112.66,110.85,114.64,116.41,118.69,120.38,119.27,119.00,116.09,116.70,116.64,117.11,119.79,117.17,113.34,114.28,114.46,114.20,112.80,110.98,116.96,115.41,112.54,111.95,112.25,108.76,108.17,110.23,111.10,111.40,109.59,107.92,110.37,108.97,109.54,106.64,100.33,94.81,101.09,96.59,96.42,95.98,96.77,93.71,95.57,95.59,97.16,97.38,97.20,96.07,98.38,99.52,98.82,98.94,98.26,98.43,98.14,96.99,97.87,99.56,98.29,94.96,94.16,94.39,94.22,95.45,95.18,96.49,97.54,95.91,96.12,99.72,95.74,96.65,95.89,90.74,90.13,91.19,91.60,90.84,90.84,90.37,89.20,91.59,91.55,89.63,90.04,91.30,91.28,90.45,90.07,89.02,89.75,92.85,93.81,93.02,93.70,91.42,90.05,91.15,91.27,91.79,92.56,92.13,91.48,92.02,93.14,90.89,91.96,91.75,89.58,,,,,,,,,,,,,,,,,,,,,,,,,,,,,,,,,,,,,,,,,,,,,,,,
Subclase,0.003971119,01133,Pescados  y mariscos procesados y preparados,101.35,100.84,99.99,98.50,98.54,97.40,97.04,96.85,98.12,97.34,95.19,95.75,96.29,97.30,98.49,98.92,98.81,99.41,101.24,100.35,100.88,100.28,99.75,99.07,100.35,99.62,99.66,100.88,100.51,100.47,101.34,101.02,103.20,103.37,103.27,103.43,106.63,107.75,107.85,106.91,106.17,107.86,107.15,107.92,109.18,109.00,109.08,110.22,110.89,110.13,108.94,108.08,109.37,110.53,109.37,108.61,107.86,106.58,108.20,106.88,107.14,108.12,106.30,112.42,112.76,112.04,113.00,108.98,108.55,109.11,112.60,112.84,112.25,112.28,113.50,110.71,111.17,111.88,111.15,111.00,107.68,104.82,106.10,105.20,109.63,111.95,110.74,113.25,114.01,114.59,114.90,117.99,118.42,116.12,115.19,117.17,118.79,115.87,116.46,115.58,115.03,119.18,120.39,118.67,117.81,117.81,116.03,117.47,121.03,118.40,117.35,116.80,116.48,114.31,117.04,116.68,117.43,117.43,117.17,116.26,119.20,116.62,116.94,116.37,115.58,113.86,111.72,114.19,113.97,116.51,115.71,110.78,119.17,117.39,115.52,118.82,119.49,120.09,,,,,,,,,,,,,,,,,,,,,,,,,,,,,,,,,,,,,,,,,,,,,,,,
Producto,0.003509297,01133030,ATÚN EN CONSERVA,101.46,100.65,99.56,97.95,98.21,96.84,95.94,95.47,96.69,95.91,93.15,93.83,94.24,95.40,96.84,97.31,97.22,97.80,99.83,98.72,99.26,98.61,97.96,97.44,98.76,97.86,98.01,99.16,98.77,98.70,99.60,99.32,101.78,101.92,101.82,102.11,105.49,106.75,106.81,105.89,104.94,106.82,105.98,107.06,108.30,108.26,108.42,109.57,110.25,109.48,108.01,107.11,108.49,109.79,108.37,107.60,106.63,105.39,107.05,105.47,105.78,106.83,104.99,111.62,112.04,111.20,112.27,108.18,107.68,108.54,112.12,112.31,111.92,111.87,113.03,109.88,110.29,111.00,110.17,110.81,107.15,103.41,104.67,103.63,108.61,111.06,109.70,112.49,113.27,113.75,113.90,117.32,117.54,114.74,113.35,115.33,117.35,114.31,114.69,113.70,112.98,117.28,118.82,117.04,116.19,115.84,114.03,115.43,119.26,116.56,115.84,114.60,114.82,112.60,115.53,114.99,115.78,115.36,115.33,114.04,117.56,114.69,115.09,114.61,113.53,111.11,109.00,111.74,111.86,114.48,114.07,108.52,118.20,116.19,113.49,117.15,117.92,117.90,,,,,,,,,,,,,,,,,,,,,,,,,,,,,,,,,,,,,,,,,,,,,,,,
Producto,0.000461822,01133031,SARDINAS EN CONSERVA,100.51,102.29,103.32,102.69,101.07,101.64,105.33,107.32,108.98,108.17,110.72,110.36,111.84,111.76,111.04,111.13,110.95,111.61,111.95,112.71,113.18,112.95,113.35,111.43,112.44,112.98,112.18,113.93,113.74,113.96,114.60,113.98,114.04,114.36,114.32,113.44,115.27,115.31,115.79,114.63,115.55,115.80,116.06,114.46,115.88,114.62,114.05,115.09,115.72,115.10,116.04,115.48,116.11,116.18,116.97,116.33,117.20,115.64,116.94,117.58,117.41,117.94,116.27,118.47,118.22,118.46,118.57,115.01,115.21,113.45,116.26,116.90,114.78,115.37,117.02,117.02,117.89,118.57,118.58,112.44,111.68,115.55,116.97,117.09,117.38,118.70,118.63,119.04,119.67,120.97,122.42,123.02,125.03,126.64,129.13,131.16,129.76,127.72,129.91,129.91,130.60,133.57,132.31,131.03,130.06,132.78,131.18,133.03,134.42,132.42,128.85,133.51,129.08,127.30,128.52,129.51,129.95,133.20,131.11,133.11,131.69,131.32,131.06,129.73,131.16,134.74,132.41,132.82,130.05,131.93,128.13,128.00,126.57,126.48,130.99,131.46,131.37,136.72,,,,,,,,,,,,,,,,,,,,,,,,,,,,,,,,,,,,,,,,,,,,,,,,
Clase,0.034965826,0114,"Leche, queso y huevos (ND)",100.59,101.10,100.57,100.82,100.71,101.38,101.10,101.10,101.32,100.90,100.69,100.76,100.83,100.99,101.68,101.56,101.80,102.33,102.20,102.21,102.36,102.81,101.42,103.03,102.28,101.98,100.35,102.81,102.22,102.88,101.92,101.96,103.06,103.30,102.26,101.67,100.95,102.54,102.76,101.87,103.41,101.78,102.84,102.66,102.95,101.79,101.46,101.10,100.31,101.12,99.70,100.00,100.59,100.72,100.46,99.74,100.72,101.57,101.46,101.66,102.96,101.83,102.40,107.68,106.57,105.32,102.56,103.08,102.16,101.36,102.71,102.99,103.33,103.60,102.81,102.42,103.80,104.04,105.00,103.59,103.02,103.98,102.91,102.73,105.08,104.48,105.34,104.14,106.82,109.49,112.02,112.59,113.44,113.65,113.85,114.03,114.80,116.44,118.58,118.03,118.36,118.14,117.32,120.20,121.03,121.88,121.32,120.96,122.00,120.87,120.56,121.03,120.30,119.80,119.35,120.51,119.94,120.46,120.61,120.16,120.22,120.46,121.94,120.93,122.18,121.76,122.12,121.32,120.29,120.88,121.53,120.29,119.48,119.24,121.25,121.97,122.47,121.07,,,,,,,,,,,,,,,,,,,,,,,,,,,,,,,,,,,,,,,,,,,,,,,,
Subclase,0.01381159,01141,Leche líquida,100.31,100.25,99.77,100.14,99.93,100.35,100.90,100.95,100.66,101.10,100.77,100.49,99.96,100.19,100.54,100.05,99.61,100.52,100.80,100.82,100.91,100.89,99.55,100.12,99.35,100.46,100.62,100.80,100.80,100.62,100.08,100.37,101.06,100.88,101.01,99.84,100.30,100.57,100.13,101.14,101.19,100.35,101.75,101.53,101.11,100.47,100.06,100.92,101.62,101.22,100.90,101.75,101.50,101.68,102.12,102.03,102.30,102.37,102.32,102.21,102.22,101.69,101.95,102.50,101.82,102.23,100.66,101.07,101.25,100.94,101.35,100.85,100.31,100.64,100.64,100.32,100.05,100.22,99.47,99.76,99.87,99.66,99.83,100.18,100.96,100.87,100.62,99.00,103.74,109.39,111.26,113.04,114.22,114.00,113.58,114.02,115.13,114.77,115.50,115.42,114.98,114.94,115.90,114.89,113.75,115.18,114.61,115.45,116.29,117.27,116.32,116.28,115.53,116.03,115.53,116.19,115.18,115.50,116.45,116.19,115.87,117.00,117.79,117.93,118.07,118.28,118.41,118.36,116.66,115.17,117.68,117.83,117.82,117.38,118.91,117.88,118.68,117.86,,,,,,,,,,,,,,,,,,,,,,,,,,,,,,,,,,,,,,,,,,,,,,,,
Producto,7.34334E-05,01141032,LECHE LÍQUIDA VEGETAL,98.16,98.16,98.14,98.14,98.20,98.20,98.20,98.20,98.22,97.75,97.78,98.03,98.03,98.02,98.02,98.02,98.03,99.14,99.18,99.23,99.34,99.35,99.39,99.37,99.37,99.16,99.16,99.27,99.33,98.19,97.96,98.26,98.12,98.12,98.28,98.28,98.28,98.29,98.27,98.20,98.28,98.28,98.26,98.27,98.01,98.01,97.92,97.85,98.06,98.25,98.25,98.01,96.13,96.40,98.16,96.94,98.00,98.30,98.30,98.28,98.24,98.12,98.33,97.73,97.05,94.28,98.23,91.26,95.88,95.03,96.30,93.81,96.86,96.92,94.04,95.96,96.58,94.99,93.71,94.65,94.68,97.81,105.95,106.78,106.88,105.47,106.38,107.75,108.23,103.66,109.70,108.88,101.77,107.77,106.89,107.45,108.30,106.51,107.28,107.29,101.59,107.94,108.25,106.13,102.41,101.89,105.98,107.69,108.12,107.71,106.57,98.14,106.66,97.34,103.98,100.61,105.17,104.25,108.02,101.11,105.97,102.48,100.78,92.94,100.63,95.79,102.70,89.17,92.75,104.87,113.54,104.50,98.98,98.55,96.62,107.89,110.18,108.27,,,,,,,,,,,,,,,,,,,,,,,,,,,,,,,,,,,,,,,,,,,,,,,,
Producto,0.01107155,01141033,LECHE LÍQUIDA PASTEURIZADA,100.23,100.15,99.55,100.05,99.81,99.68,100.26,99.88,99.48,100.01,99.87,99.85,98.75,99.31,99.61,99.39,99.20,100.14,100.36,100.33,100.48,100.51,100.55,100.42,100.47,100.49,100.58,100.58,100.56,100.53,100.49,100.47,101.27,101.08,101.13,100.82,101.20,101.20,101.18,101.16,101.36,100.19,102.13,102.07,102.02,101.56,100.90,101.59,102.04,101.98,101.84,102.60,103.06,103.12,102.95,102.91,102.97,103.10,103.01,102.76,102.86,102.62,102.76,103.03,102.13,102.59,101.69,102.01,102.36,101.60,102.13,101.21,100.74,101.35,101.52,101.33,101.09,101.38,100.82,100.37,100.75,101.12,100.48,100.87,101.90,101.88,101.62,99.94,104.97,111.68,114.12,116.06,117.31,116.77,116.86,116.97,118.40,118.08,118.48,118.44,117.73,117.75,118.65,117.37,116.33,117.65,117.50,118.63,119.22,119.98,118.66,119.29,118.05,118.63,117.71,118.29,118.29,118.26,119.04,118.42,117.42,118.78,119.81,120.25,120.29,120.87,120.99,120.79,119.34,117.81,120.62,120.74,120.80,120.28,121.50,120.23,121.28,120.29,,,,,,,,,,,,,,,,,,,,,,,,,,,,,,,,,,,,,,,,,,,,,,,,
Producto,0.002666606,01141034,LECHE LÍQUIDA LARGA VIDA,100.73,100.73,100.73,100.57,100.46,103.15,103.66,105.47,105.61,105.71,104.62,103.23,105.03,103.93,104.49,102.83,101.36,102.13,102.70,102.91,102.75,102.48,95.42,98.86,94.70,100.37,100.85,101.73,101.85,101.04,98.43,100.01,100.25,100.11,100.55,95.78,96.60,98.00,95.79,101.17,100.59,101.04,100.24,99.36,97.41,96.04,96.61,98.22,99.95,98.13,97.06,98.35,95.19,95.84,98.78,98.50,99.64,99.45,99.55,100.04,99.68,97.91,98.72,100.41,100.67,100.95,96.42,97.42,96.75,98.37,98.25,99.56,98.64,97.81,97.15,96.27,95.84,95.54,93.99,97.35,96.37,93.67,96.96,97.12,96.92,96.54,96.28,94.83,98.51,100.05,99.42,100.64,101.72,102.67,100.15,101.98,101.75,101.23,103.32,103.11,103.97,103.47,104.68,104.86,103.36,105.27,102.86,102.48,104.35,106.26,106.91,104.27,105.33,105.76,106.81,107.89,102.53,104.33,105.93,107.35,109.72,109.97,109.86,108.96,109.33,108.16,108.13,109.07,106.20,104.48,105.58,106.12,105.99,105.89,108.77,108.40,108.10,108.05,,,,,,,,,,,,,,,,,,,,,,,,,,,,,,,,,,,,,,,,,,,,,,,,
Subclase,0.002403201,01142,Leche conservada,114.70,115.89,116.26,116.58,115.85,116.65,116.64,117.11,117.88,117.49,117.49,117.42,117.25,117.60,117.74,117.60,117.73,117.89,117.87,117.76,117.79,117.82,117.73,117.27,117.53,117.54,117.50,117.16,117.24,117.15,117.30,117.10,117.19,116.82,114.80,113.52,114.54,113.36,114.68,114.73,114.89,115.23,116.41,118.31,119.04,118.85,119.68,118.65,119.61,118.72,118.17,116.30,118.57,119.05,119.26,119.37,119.37,119.52,119.76,119.68,120.38,122.42,126.21,129.87,129.96,129.64,131.72,131.98,131.64,131.83,131.72,131.47,131.62,131.79,131.72,130.73,130.12,131.31,135.12,135.13,137.90,138.31,137.78,138.23,141.90,139.36,139.84,139.96,138.47,140.20,138.86,141.57,141.09,141.33,142.04,141.97,141.63,148.33,151.31,148.55,147.76,148.35,147.59,151.77,163.07,164.56,166.42,167.91,167.84,168.09,166.26,164.50,166.77,166.03,163.62,165.21,165.82,168.36,166.75,166.15,166.80,167.00,166.42,167.52,167.95,167.44,167.86,167.43,167.31,168.70,170.09,168.71,169.02,171.10,172.46,169.24,170.24,170.50,,,,,,,,,,,,,,,,,,,,,,,,,,,,,,,,,,,,,,,,,,,,,,,,
Producto,0.000559971,01142035,LECHE EN POLVO,97.98,99.29,100.34,101.25,99.12,101.24,101.29,103.07,105.23,105.31,105.48,105.05,105.76,105.72,105.64,105.68,105.73,106.52,106.43,106.57,106.07,105.63,105.72,103.62,104.81,104.94,104.52,104.54,104.55,104.89,104.27,102.59,102.82,101.30,102.61,97.64,102.05,97.19,103.00,106.27,105.99,105.50,105.42,105.55,105.76,106.16,106.29,101.95,105.88,105.87,105.82,104.66,106.30,105.08,106.14,105.37,105.77,105.81,107.16,107.44,109.98,109.31,107.55,108.89,110.67,110.71,110.14,111.24,109.45,111.21,111.35,110.80,109.81,111.05,109.50,108.82,107.20,107.06,106.89,107.35,108.79,108.19,108.92,109.57,109.70,111.58,110.54,110.67,110.25,112.10,111.21,112.69,111.45,110.10,111.56,113.05,112.24,112.08,112.26,110.14,114.31,116.87,111.15,117.40,114.77,116.01,116.28,116.13,114.48,116.42,110.80,111.23,112.91,114.00,110.87,112.45,114.97,115.07,115.50,114.05,114.61,117.08,114.22,109.54,111.94,115.73,115.30,115.37,112.63,111.20,116.87,118.56,116.46,116.78,117.37,114.96,115.69,117.03,,,,,,,,,,,,,,,,,,,,,,,,,,,,,,,,,,,,,,,,,,,,,,,,
Producto,0.00184323,01142036,LECHE MATERNIZADA EN POLVO,119.78,120.94,121.09,121.23,120.94,121.34,121.31,121.38,121.73,121.19,121.14,121.18,120.74,121.21,121.42,121.23,121.38,121.35,121.35,121.16,121.34,121.52,121.38,121.42,121.40,121.37,121.44,120.99,121.09,120.87,121.26,121.50,121.56,121.54,118.51,118.34,118.34,118.27,118.23,117.30,117.60,118.18,119.75,122.19,123.07,122.70,123.75,123.73,123.79,122.62,121.93,119.84,122.29,123.29,123.25,123.62,123.50,123.68,123.59,123.40,123.54,126.41,131.87,136.24,135.82,135.39,138.27,138.28,138.38,138.10,137.91,137.75,138.25,138.09,138.47,137.39,137.09,138.67,143.70,143.57,146.74,147.46,146.55,146.94,151.68,147.80,148.74,148.86,147.04,148.74,147.26,150.34,150.09,150.82,151.30,150.76,150.56,159.34,163.18,160.21,157.93,157.92,158.66,162.21,177.75,179.32,181.65,183.64,184.06,183.79,183.11,180.68,183.13,181.84,179.64,181.23,181.27,184.54,182.31,181.98,182.66,182.16,182.28,185.13,184.97,183.15,183.83,183.25,183.92,186.17,186.26,183.94,184.99,187.61,189.19,185.73,186.82,186.74,,,,,,,,,,,,,,,,,,,,,,,,,,,,,,,,,,,,,,,,,,,,,,,,
Subclase,0.00379509,01143,Yogures y productos en base leche,98.86,99.85,99.86,98.85,99.84,99.84,99.88,99.90,99.87,99.93,99.37,96.77,99.11,100.03,99.92,99.10,99.76,99.81,100.35,100.53,100.60,101.31,95.30,101.90,100.25,101.55,100.44,103.68,103.87,103.96,103.98,103.09,102.60,103.91,103.43,100.46,102.89,104.01,103.75,102.94,103.76,103.67,103.89,100.60,101.04,104.65,104.46,105.67,105.21,102.88,103.09,99.80,105.26,104.82,106.08,102.72,105.87,107.03,107.41,102.63,104.23,101.49,106.41,107.18,107.45,108.13,106.51,106.09,106.11,103.59,107.01,106.96,107.81,107.24,107.49,104.45,107.30,106.36,107.63,107.21,109.77,110.53,107.33,109.16,111.73,110.79,111.78,105.61,110.05,106.86,111.95,111.80,111.32,110.54,109.83,112.04,110.49,115.56,115.21,112.85,111.34,115.54,110.72,113.73,112.22,110.78,112.11,113.59,116.01,119.24,115.43,122.57,123.18,123.87,125.44,119.47,119.40,122.82,124.66,122.92,120.03,126.81,127.26,126.76,126.57,123.70,130.44,133.81,132.45,132.90,128.96,130.40,129.14,131.02,128.50,131.19,125.50,127.73,,,,,,,,,,,,,,,,,,,,,,,,,,,,,,,,,,,,,,,,,,,,,,,,
Producto,0.00379509,01143037,YOGURT,98.86,99.85,99.86,98.85,99.84,99.84,99.88,99.90,99.87,99.93,99.37,96.77,99.11,100.03,99.92,99.10,99.76,99.81,100.35,100.53,100.60,101.31,95.30,101.90,100.25,101.55,100.44,103.68,103.87,103.96,103.98,103.09,102.60,103.91,103.43,100.46,102.89,104.01,103.75,102.94,103.76,103.67,103.89,100.60,101.04,104.65,104.46,105.67,105.21,102.88,103.09,99.80,105.26,104.82,106.08,102.72,105.87,107.03,107.41,102.63,104.23,101.49,106.41,107.18,107.45,108.13,106.51,106.09,106.11,103.59,107.01,106.96,107.81,107.24,107.49,104.45,107.30,106.36,107.63,107.21,109.77,110.53,107.33,109.16,111.73,110.79,111.78,105.61,110.05,106.86,111.95,111.80,111.32,110.54,109.83,112.04,110.49,115.56,115.21,112.85,111.34,115.54,110.72,113.73,112.22,110.78,112.11,113.59,116.01,119.24,115.43,122.57,123.18,123.87,125.44,119.47,119.40,122.82,124.66,122.92,120.03,126.81,127.26,126.76,126.57,123.70,130.44,133.81,132.45,132.90,128.96,130.40,129.14,131.02,128.50,131.19,125.50,127.73,,,,,,,,,,,,,,,,,,,,,,,,,,,,,,,,,,,,,,,,,,,,,,,,
Subclase,0.008888748,01144,Quesos,97.01,97.61,97.82,98.12,99.43,100.18,99.09,99.85,100.47,100.37,100.40,101.06,101.35,101.27,101.84,102.00,103.32,104.78,104.60,104.18,104.32,104.11,102.15,105.09,105.23,101.82,95.64,103.54,98.72,103.44,101.34,101.77,105.32,105.62,102.78,103.66,99.55,104.99,106.12,103.56,108.68,104.03,106.66,107.23,108.11,102.09,102.34,99.97,96.26,101.53,96.31,95.49,96.54,96.73,95.38,94.50,95.96,97.90,96.50,99.60,105.47,101.93,100.72,109.70,107.61,102.12,102.14,105.06,102.91,101.62,102.10,103.71,106.33,106.42,103.77,103.64,106.23,105.46,107.20,102.67,100.33,105.75,104.16,101.22,106.42,105.40,106.20,104.63,105.26,108.25,112.13,113.28,113.25,114.36,116.16,115.45,116.66,120.36,119.79,119.42,123.92,124.30,117.88,123.91,124.59,123.19,122.15,119.23,126.52,121.56,124.06,125.85,124.84,122.37,122.10,127.72,127.33,126.08,125.00,124.53,128.06,124.78,129.11,122.70,127.30,127.39,126.05,122.95,122.37,126.27,126.78,127.80,130.13,126.28,127.35,127.65,130.41,124.34,,,,,,,,,,,,,,,,,,,,,,,,,,,,,,,,,,,,,,,,,,,,,,,,
Producto,0.002132804,01144038,QUESO FRESCO,99.30,100.42,99.16,101.54,103.21,103.01,100.20,101.10,102.22,101.14,102.12,102.44,101.18,100.91,102.58,103.77,105.24,105.84,105.83,105.29,105.48,103.80,104.93,104.72,105.31,105.37,103.27,103.63,99.60,100.98,99.13,102.83,102.81,101.76,100.84,104.24,100.72,102.70,102.41,103.38,103.84,102.71,102.54,101.32,104.01,102.05,103.67,99.09,103.01,99.54,101.32,102.20,102.43,102.40,103.22,103.98,104.63,103.74,103.05,100.65,103.86,104.19,103.85,108.61,108.25,107.31,104.05,102.58,100.16,102.03,101.00,101.31,102.11,104.53,104.32,103.12,105.48,103.35,102.58,103.14,101.11,103.02,98.24,103.89,104.36,102.22,105.05,103.55,105.93,113.86,116.46,117.81,116.30,113.51,113.34,116.22,117.42,117.18,116.73,116.19,117.27,116.77,117.41,113.94,115.52,117.00,116.45,114.00,116.39,117.10,117.59,117.70,118.93,117.88,117.82,118.09,118.42,116.98,119.79,119.96,121.49,120.45,119.89,119.15,119.84,122.49,119.71,120.07,121.89,122.70,122.21,122.77,122.81,118.80,122.82,127.84,126.64,123.18,,,,,,,,,,,,,,,,,,,,,,,,,,,,,,,,,,,,,,,,,,,,,,,,
Producto,0.006755944,01144039,QUESO DE MESA,96.28,96.72,97.40,97.04,98.23,99.29,98.73,99.45,99.92,100.13,99.85,100.63,101.41,101.39,101.61,101.44,102.72,104.44,104.22,103.83,103.96,104.20,101.27,105.20,105.20,100.70,93.23,103.51,98.45,104.22,102.03,101.43,106.11,106.83,103.39,103.48,99.18,105.71,107.30,103.62,110.20,104.44,107.96,109.09,109.41,102.10,101.92,100.25,94.13,102.16,94.73,93.37,94.69,94.94,92.90,91.51,93.22,96.05,94.44,99.26,105.97,101.21,99.73,110.04,107.41,100.48,101.54,105.84,103.78,101.49,102.45,104.47,107.66,107.01,103.60,103.80,106.47,106.12,108.66,102.52,100.08,106.61,106.03,100.38,107.06,106.41,106.56,104.97,105.05,106.47,110.77,111.84,112.29,114.63,117.05,115.20,116.42,121.36,120.75,120.44,126.01,126.68,118.03,127.06,127.45,125.14,123.95,120.88,129.72,122.97,126.10,128.43,126.70,123.79,123.45,130.76,130.15,128.96,126.65,125.97,130.13,126.15,132.02,123.83,129.66,128.94,128.06,123.86,122.52,127.39,128.23,129.39,132.44,128.64,128.78,127.59,131.60,124.70,,,,,,,,,,,,,,,,,,,,,,,,,,,,,,,,,,,,,,,,,,,,,,,,
Subclase,0.006067198,01145,Huevos,101.95,103.06,100.62,101.33,98.90,100.42,99.11,97.68,98.40,95.28,95.09,96.80,96.61,96.38,98.80,99.58,99.53,98.30,96.83,97.34,97.79,100.29,101.98,101.73,99.85,99.78,99.76,100.09,103.59,100.88,99.59,99.17,99.02,99.69,98.67,98.99,97.89,98.25,98.47,95.27,95.98,95.22,93.71,93.64,94.40,95.80,94.25,93.33,92.58,92.20,92.50,96.29,94.39,94.57,93.17,92.55,93.49,94.61,95.79,95.70,93.26,94.09,93.94,108.02,106.04,105.64,93.50,91.43,88.97,88.49,92.54,93.03,91.78,92.75,91.97,92.95,96.17,98.42,100.77,98.90,96.07,93.53,91.50,92.66,93.74,93.60,97.12,100.01,101.55,101.04,103.00,99.58,102.34,102.80,102.45,102.17,103.38,102.40,112.99,113.10,110.62,106.06,111.85,118.41,121.22,125.28,123.27,122.02,113.93,110.36,110.19,106.58,104.29,103.74,102.68,102.71,102.08,103.10,102.83,102.88,100.32,99.59,99.93,103.06,103.15,102.12,101.48,99.59,99.24,99.50,98.73,89.37,81.99,85.25,92.81,98.44,98.65,99.84,,,,,,,,,,,,,,,,,,,,,,,,,,,,,,,,,,,,,,,,,,,,,,,,
Producto,0.006067198,01145040,HUEVOS DE GALLINA,101.95,103.06,100.62,101.33,98.90,100.42,99.11,97.68,98.40,95.28,95.09,96.80,96.61,96.38,98.80,99.58,99.53,98.30,96.83,97.34,97.79,100.29,101.98,101.73,99.85,99.78,99.76,100.09,103.59,100.88,99.59,99.17,99.02,99.69,98.67,98.99,97.89,98.25,98.47,95.27,95.98,95.22,93.71,93.64,94.40,95.80,94.25,93.33,92.58,92.20,92.50,96.29,94.39,94.57,93.17,92.55,93.49,94.61,95.79,95.70,93.26,94.09,93.94,108.02,106.04,105.64,93.50,91.43,88.97,88.49,92.54,93.03,91.78,92.75,91.97,92.95,96.17,98.42,100.77,98.90,96.07,93.53,91.50,92.66,93.74,93.60,97.12,100.01,101.55,101.04,103.00,99.58,102.34,102.80,102.45,102.17,103.38,102.40,112.99,113.10,110.62,106.06,111.85,118.41,121.22,125.28,123.27,122.02,113.93,110.36,110.19,106.58,104.29,103.74,102.68,102.71,102.08,103.10,102.83,102.88,100.32,99.59,99.93,103.06,103.15,102.12,101.48,99.59,99.24,99.50,98.73,89.37,81.99,85.25,92.81,98.44,98.65,99.84,,,,,,,,,,,,,,,,,,,,,,,,,,,,,,,,,,,,,,,,,,,,,,,,
Clase,0.00647383,0115,Aceites y grasas (ND),101.47,100.92,100.16,99.86,101.47,101.69,101.83,101.43,99.64,99.38,99.86,101.17,101.27,101.20,101.46,100.16,100.03,100.29,101.31,99.49,100.35,98.19,99.11,97.44,96.01,95.53,97.36,98.63,99.32,98.24,99.82,100.05,100.19,100.21,99.13,98.32,98.18,99.05,98.71,98.16,96.83,97.44,95.63,97.78,97.27,97.42,97.25,97.25,97.72,96.94,95.54,95.13,97.05,97.14,96.79,96.15,97.18,96.42,96.31,96.41,95.90,96.01,95.11,96.42,96.27,96.25,96.30,95.68,94.81,93.92,95.42,95.22,95.37,94.81,95.80,105.77,108.65,111.07,122.42,124.16,123.56,121.07,122.19,123.86,124.13,123.91,123.69,129.29,146.05,155.84,156.77,157.75,152.65,150.26,141.78,141.37,138.07,131.54,140.41,136.88,135.33,131.26,133.10,130.34,126.61,124.29,122.32,124.24,123.34,123.61,125.31,124.46,121.43,121.44,122.18,123.55,121.06,120.56,120.42,119.69,122.38,122.50,119.92,119.62,117.54,117.44,118.30,119.08,119.91,118.88,119.23,119.06,122.17,120.36,118.10,118.77,123.44,123.35,,,,,,,,,,,,,,,,,,,,,,,,,,,,,,,,,,,,,,,,,,,,,,,,
Subclase,0.005188211,01151,Aceites puros y mezclados,101.61,100.85,99.91,99.58,101.89,101.97,102.09,101.76,99.90,100.09,101.11,101.59,101.76,101.80,101.94,100.36,100.68,100.93,101.89,99.58,100.95,98.19,99.29,97.13,95.56,94.86,97.10,98.58,99.33,98.51,100.12,100.24,100.43,100.46,99.42,99.07,98.82,99.66,99.76,98.80,97.23,97.46,95.67,99.06,98.36,97.83,97.39,97.70,97.74,97.13,95.48,95.16,97.16,97.46,97.05,96.37,97.65,97.13,96.64,97.29,96.84,96.66,95.89,96.52,96.23,96.25,96.09,95.16,94.71,93.59,95.26,95.52,95.88,94.95,96.19,108.75,111.87,114.67,128.14,129.31,128.24,125.12,126.60,128.78,128.79,128.38,129.14,134.94,153.98,165.58,166.66,167.26,161.90,158.45,148.60,147.00,143.26,135.84,148.02,143.50,142.35,137.89,140.33,136.91,132.29,129.49,127.94,130.52,128.87,130.17,131.65,129.57,127.00,127.35,127.98,129.34,126.46,125.83,125.45,124.17,126.86,127.43,124.36,124.09,121.76,121.56,122.32,123.27,124.66,123.55,124.20,123.93,127.48,125.35,122.88,123.15,128.80,128.80,,,,,,,,,,,,,,,,,,,,,,,,,,,,,,,,,,,,,,,,,,,,,,,,
Producto,0.004704066,01151041,ACEITE VEGETAL ,101.91,101.08,100.05,99.66,102.17,102.32,102.46,102.11,100.11,100.47,101.39,101.90,102.23,102.10,102.22,100.50,100.81,101.13,102.18,99.72,101.17,98.08,99.27,96.96,95.20,94.40,96.76,98.38,98.99,98.06,99.78,100.07,100.14,100.17,99.06,98.98,98.51,99.45,99.47,98.53,96.80,97.09,95.29,99.05,98.11,97.59,97.27,97.40,97.30,96.83,95.07,94.85,96.75,97.28,96.84,96.00,97.36,96.68,96.19,96.79,96.70,96.63,95.55,95.85,95.53,95.57,95.43,94.89,94.29,93.06,94.60,95.11,95.40,94.35,95.74,108.34,111.19,114.45,128.67,129.75,128.68,125.31,127.54,129.65,129.19,128.80,129.57,135.32,154.19,165.82,166.96,167.45,162.08,159.20,148.56,147.08,143.67,136.08,149.45,144.76,143.53,139.37,141.41,138.37,133.91,130.41,128.09,130.93,129.24,131.73,133.77,131.49,128.70,129.24,129.83,131.35,128.05,127.22,126.85,125.50,128.05,129.94,126.38,126.10,123.58,123.73,124.42,125.63,127.19,126.15,126.94,126.41,130.04,127.67,125.09,125.33,131.62,131.52,,,,,,,,,,,,,,,,,,,,,,,,,,,,,,,,,,,,,,,,,,,,,,,,
Producto,0.000484145,01151042,ACEITE PURO,98.68,98.63,98.47,98.78,99.11,98.62,98.41,98.41,97.90,96.37,98.34,98.59,97.17,98.94,99.13,98.95,99.33,98.97,99.11,98.16,98.88,99.28,99.42,98.77,99.04,99.33,100.47,100.55,102.69,102.93,103.42,101.82,103.27,103.28,102.90,99.93,101.85,101.69,102.55,101.39,101.45,101.08,99.33,99.21,100.89,100.20,98.49,100.59,102.00,100.00,99.43,98.18,101.16,99.20,99.12,99.97,100.50,101.49,101.03,102.18,98.23,96.98,99.23,103.00,102.95,102.81,102.55,97.78,98.82,98.75,101.68,99.49,100.51,100.78,100.58,112.73,118.51,116.79,123.00,125.09,123.99,123.26,117.43,120.34,124.92,124.38,124.94,131.26,151.95,163.26,163.73,165.49,160.21,151.19,148.93,146.25,139.21,133.52,134.09,131.24,130.89,123.54,129.89,122.70,116.58,120.54,126.42,126.49,125.21,114.96,111.06,110.92,110.49,108.99,110.01,109.81,110.95,112.31,111.81,111.33,115.25,103.02,104.78,104.56,104.11,100.43,101.96,100.36,100.11,98.33,97.61,99.76,102.61,102.81,101.37,102.05,101.39,102.41,,,,,,,,,,,,,,,,,,,,,,,,,,,,,,,,,,,,,,,,,,,,,,,,
Subclase,0.001285619,01152,Grasas para la cocina,100.93,101.21,101.19,101.02,99.78,100.53,100.79,100.09,98.55,96.50,94.84,99.47,99.28,98.76,99.56,99.35,97.41,97.71,98.96,99.13,97.93,98.17,98.40,98.72,97.85,98.25,98.40,98.84,99.27,97.15,98.62,99.29,99.23,99.19,97.96,95.31,95.59,96.60,94.46,95.58,95.19,97.37,95.50,92.58,92.88,95.75,96.72,95.45,97.63,96.18,95.78,94.98,96.60,95.86,95.73,95.26,95.27,93.59,94.99,92.84,92.13,93.40,91.97,96.02,96.43,96.29,97.14,97.77,95.20,95.25,96.10,94.01,93.29,94.21,94.24,93.76,95.68,96.54,99.34,103.34,104.64,104.71,104.39,104.03,105.31,105.87,101.69,106.49,114.05,116.51,116.86,119.36,115.32,117.18,114.25,118.63,117.14,114.19,109.73,110.18,106.96,104.48,103.90,103.81,103.69,103.30,99.63,98.91,101.04,97.16,99.72,103.87,98.95,97.58,98.77,100.20,99.29,99.29,100.13,101.58,104.33,102.63,101.99,101.61,100.48,100.81,102.04,102.17,100.76,100.04,99.16,99.44,100.73,100.26,98.79,101.09,101.82,101.33,,,,,,,,,,,,,,,,,,,,,,,,,,,,,,,,,,,,,,,,,,,,,,,,
Producto,0.000713209,01152043,MARGARINA,97.80,98.02,98.98,99.06,97.36,99.17,100.24,100.03,97.26,94.01,92.74,99.94,99.55,98.56,99.76,99.78,96.58,96.41,98.91,99.12,97.09,97.29,96.99,97.77,97.41,97.89,97.48,97.53,98.83,98.29,98.68,99.15,99.06,99.03,97.02,94.42,93.35,96.01,92.15,93.68,92.61,96.31,94.72,91.38,90.85,95.95,96.80,95.18,98.77,96.18,95.57,94.39,97.28,96.01,95.79,95.40,95.14,91.97,94.56,90.57,89.40,92.19,89.68,96.03,96.76,96.75,98.33,99.61,94.90,95.84,96.42,92.76,91.64,93.47,94.13,91.06,92.86,94.75,98.58,103.38,105.82,105.72,103.64,103.06,104.40,105.51,97.88,103.07,110.66,111.10,111.96,115.78,111.78,114.89,108.84,114.92,112.77,107.93,101.19,101.61,95.82,92.92,91.94,92.12,92.28,93.63,87.77,87.13,90.99,83.24,86.54,91.60,84.19,84.33,86.81,86.18,85.08,84.91,85.69,87.82,90.82,86.08,86.18,86.55,84.20,84.57,86.56,86.21,85.46,84.42,82.70,83.39,85.02,86.01,83.41,87.44,86.57,87.06,,,,,,,,,,,,,,,,,,,,,,,,,,,,,,,,,,,,,,,,,,,,,,,,
Producto,0.000199658,01152044,MANTEQUILLA,102.49,102.49,102.49,102.49,102.49,102.49,102.49,102.49,102.49,101.25,96.17,100.51,100.40,101.72,101.72,101.72,101.38,103.76,103.31,103.24,103.48,103.63,105.47,105.23,102.08,103.72,105.23,107.76,107.98,96.66,105.31,105.65,106.63,106.85,105.75,100.99,105.19,105.98,107.04,107.06,107.04,106.95,107.10,101.83,106.76,107.14,106.94,107.15,107.15,107.07,107.09,107.00,107.10,107.10,106.95,106.98,106.82,106.98,106.98,107.27,107.27,105.90,105.92,107.19,107.47,107.39,107.36,107.29,107.27,104.49,107.18,107.19,107.19,105.97,104.79,106.30,107.27,104.17,107.31,105.31,106.01,104.98,106.36,106.94,107.09,107.01,107.17,111.82,115.65,116.89,117.38,119.01,118.10,118.60,122.20,125.52,125.65,127.46,128.88,128.97,128.69,127.10,128.12,127.83,125.68,125.64,119.70,126.53,126.70,127.58,128.40,131.42,130.14,127.14,127.06,129.63,130.30,130.10,129.27,129.58,132.82,139.28,142.60,142.22,141.47,141.43,141.57,141.88,140.89,137.97,136.63,136.17,139.73,135.05,134.55,136.68,140.58,136.48,,,,,,,,,,,,,,,,,,,,,,,,,,,,,,,,,,,,,,,,,,,,,,,,
Producto,0.000372752,01152045,MANTECA,106.08,106.65,104.72,103.98,102.96,102.08,100.92,98.91,98.91,98.73,98.13,98.01,98.16,97.54,98.03,97.26,96.86,96.94,96.71,96.93,96.57,96.95,97.30,97.04,96.42,95.99,96.50,96.58,95.44,95.23,94.94,96.14,95.57,95.41,95.61,93.96,94.73,92.70,92.15,93.08,93.77,94.26,90.77,89.93,89.33,89.29,91.10,89.68,90.36,90.33,90.14,89.69,89.68,89.56,89.62,88.70,89.35,89.51,89.40,89.44,89.23,89.01,88.88,90.02,89.88,89.45,89.38,89.16,89.31,89.16,89.56,89.33,88.99,89.34,88.80,92.20,94.85,95.87,96.52,102.21,101.66,102.63,104.78,104.34,106.11,105.94,106.05,110.19,119.67,126.65,125.97,126.39,120.61,120.79,120.35,122.04,120.94,119.07,115.82,116.52,116.65,114.48,113.81,113.31,113.72,109.86,111.57,106.67,106.53,107.49,109.58,112.58,110.50,107.09,106.48,111.27,109.87,110.28,112.14,112.92,114.92,114.66,110.49,108.69,109.70,110.13,110.49,111.43,108.52,109.64,110.58,110.47,109.91,108.90,109.08,108.15,110.22,109.80,,,,,,,,,,,,,,,,,,,,,,,,,,,,,,,,,,,,,,,,,,,,,,,,
Clase,0.021386803,0116,Frutas (ND),104.99,102.49,104.49,106.22,101.92,100.44,99.33,100.09,100.11,100.76,102.35,104.00,107.34,107.25,109.00,107.05,102.59,101.54,101.49,101.62,103.45,104.37,107.74,110.46,109.05,107.35,106.99,103.99,101.61,100.73,104.52,110.08,113.81,111.15,108.55,106.83,107.68,108.65,108.88,104.81,101.12,97.27,98.98,100.17,100.80,101.48,101.78,99.90,104.71,107.34,106.76,103.76,100.04,99.38,101.07,104.05,103.80,105.40,103.77,103.74,107.10,105.19,107.52,109.24,103.57,100.40,98.22,99.26,98.58,99.92,102.17,102.60,102.93,103.65,102.32,98.59,96.74,94.46,95.99,96.78,98.56,99.00,98.61,98.85,104.71,106.54,102.31,100.93,100.01,101.13,103.62,106.59,110.84,113.63,114.80,117.05,115.24,113.63,110.91,109.00,105.67,108.48,115.48,124.10,126.93,127.35,118.33,115.58,114.87,118.54,117.60,119.84,116.98,116.38,116.47,117.19,122.83,121.59,120.76,119.26,116.90,116.53,115.91,114.14,116.86,120.83,129.25,136.20,138.15,140.20,136.15,133.72,133.28,131.41,123.63,119.08,114.95,114.19,,,,,,,,,,,,,,,,,,,,,,,,,,,,,,,,,,,,,,,,,,,,,,,,
Subclase,0.020930294,01161,Frutas frescas refrigeradas y congeladas,104.93,102.36,104.42,106.18,101.77,100.10,98.88,99.57,99.61,100.25,101.87,103.55,106.96,106.87,108.66,106.64,102.08,100.99,100.94,101.10,102.97,103.90,107.34,110.16,108.69,106.97,106.64,103.53,101.08,100.18,104.06,109.74,113.54,110.81,108.17,106.42,107.28,108.27,108.50,104.34,100.58,96.64,98.40,99.65,100.26,100.95,101.26,99.42,104.24,106.93,106.32,103.21,99.41,98.72,100.44,103.50,103.24,104.88,103.21,103.23,106.63,104.70,107.06,108.82,102.99,99.76,97.54,98.63,97.94,99.31,101.62,102.10,102.41,103.13,101.78,97.97,96.09,93.77,95.38,96.09,97.92,98.37,97.99,98.26,104.23,106.09,101.87,100.44,99.38,100.55,103.08,106.10,110.42,113.30,114.53,116.79,114.94,113.30,110.53,108.54,105.10,107.94,115.07,123.88,126.69,127.10,117.86,115.04,114.30,118.00,117.05,119.30,116.36,115.78,115.84,116.58,122.33,121.07,120.24,118.72,116.30,115.92,115.28,113.54,116.24,120.32,128.96,136.06,138.08,140.13,136.05,133.57,133.11,131.23,123.27,118.66,114.44,113.71,,,,,,,,,,,,,,,,,,,,,,,,,,,,,,,,,,,,,,,,,,,,,,,,
Producto,0.000637296,01161046,AGUACATE,101.91,97.32,98.29,97.01,96.91,94.26,100.81,105.34,107.15,111.49,103.49,98.91,98.06,95.28,97.19,102.55,104.81,103.88,106.06,103.39,111.50,106.68,113.56,121.91,113.20,105.97,103.55,100.24,98.07,96.33,99.06,106.22,109.76,116.30,116.75,114.99,108.42,97.00,106.81,106.52,113.17,110.13,120.47,127.55,142.16,136.45,122.77,113.69,111.47,112.36,106.99,104.81,102.70,102.12,109.30,122.24,128.03,129.84,113.44,108.05,106.72,114.33,127.55,135.27,116.54,113.51,113.29,109.47,111.68,114.71,111.66,112.17,112.08,121.63,117.75,119.49,118.18,109.38,112.69,121.09,117.53,121.75,113.64,111.45,110.01,112.52,113.47,114.27,116.70,116.83,136.15,129.39,135.72,138.45,135.78,134.49,128.13,127.80,123.62,121.06,116.86,123.39,135.06,162.86,165.55,169.71,142.84,125.65,123.58,123.10,139.02,142.01,149.39,139.25,153.36,163.31,161.70,163.12,148.82,147.40,137.75,132.57,144.78,136.51,136.70,135.91,156.86,158.89,181.17,204.00,177.00,169.59,158.82,143.28,146.81,148.37,154.97,161.63,,,,,,,,,,,,,,,,,,,,,,,,,,,,,,,,,,,,,,,,,,,,,,,,
Producto,0.001143947,01161047,BANANA,93.77,96.10,95.98,98.93,96.96,98.28,95.01,98.00,102.89,100.10,100.60,99.23,98.08,95.20,97.99,101.06,95.36,99.31,101.22,108.75,105.26,103.65,100.71,103.36,101.80,97.04,96.34,95.64,100.63,96.55,104.85,115.31,118.33,114.31,111.93,115.29,108.81,108.97,104.09,98.55,98.88,95.01,101.69,107.32,106.08,102.70,100.65,96.03,92.03,95.25,95.55,95.38,97.39,102.41,103.85,110.11,111.14,117.55,109.85,107.17,98.76,99.32,97.01,117.31,100.01,101.75,101.01,99.76,100.94,98.70,101.07,99.65,98.90,98.15,102.97,100.69,102.19,103.63,100.99,102.95,108.56,105.35,102.49,98.32,100.23,101.21,95.93,95.28,98.10,99.73,102.83,103.22,102.90,104.60,105.91,113.88,107.17,97.50,99.71,100.27,100.40,101.60,104.50,107.22,115.65,123.08,110.97,117.45,115.74,125.47,110.16,106.31,109.66,110.67,112.38,116.44,118.44,114.08,112.09,112.23,110.92,103.09,106.97,102.88,107.51,112.13,129.13,142.48,146.39,152.93,140.09,152.70,152.91,146.64,139.89,138.45,119.88,120.01,,,,,,,,,,,,,,,,,,,,,,,,,,,,,,,,,,,,,,,,,,,,,,,,
Producto,0.001448227,01161048,LIMÓN,83.32,76.61,66.44,63.74,64.92,66.64,86.11,109.90,110.20,108.57,108.81,105.07,87.06,67.53,61.44,66.41,66.77,77.44,87.22,89.17,91.98,83.86,74.71,71.68,71.38,67.46,64.80,63.07,61.17,60.77,79.02,108.88,187.65,180.88,138.93,90.55,76.95,70.41,75.17,72.23,67.77,67.32,74.50,82.58,91.11,91.58,80.29,77.00,74.97,74.22,69.17,67.08,65.99,75.00,83.21,106.51,100.22,92.86,85.01,79.24,76.43,73.83,74.95,70.34,70.71,76.70,82.00,84.79,81.92,80.22,81.68,79.11,75.58,68.61,66.01,65.24,63.59,67.76,76.30,78.08,80.75,80.46,72.20,68.87,72.95,75.27,70.34,73.11,71.80,76.74,85.60,97.38,136.63,141.91,116.75,89.11,82.65,80.53,84.61,84.60,78.16,75.32,95.82,139.27,206.69,189.94,108.25,77.68,74.62,74.27,72.55,78.51,82.41,98.08,89.02,83.68,86.93,86.56,84.72,81.45,80.25,79.47,78.49,75.54,72.11,75.14,81.29,127.05,156.58,163.32,119.09,93.39,87.56,82.41,79.66,79.74,81.25,80.91,,,,,,,,,,,,,,,,,,,,,,,,,,,,,,,,,,,,,,,,,,,,,,,,
Producto,0.000819602,01161049,MANDARINA,113.62,119.42,123.97,119.49,117.28,112.10,104.22,96.98,88.35,83.18,90.94,103.85,112.89,115.84,125.04,125.30,116.75,104.77,90.49,88.65,96.83,108.43,119.67,131.92,130.97,124.20,128.19,129.35,117.01,109.04,97.45,81.36,61.41,54.41,58.01,87.16,101.83,112.41,118.46,121.33,113.30,95.68,93.99,86.16,75.18,76.32,84.94,97.85,108.97,127.81,130.07,125.74,111.24,94.47,89.56,82.10,72.58,66.43,79.24,95.28,98.99,111.26,131.69,111.50,115.89,107.71,101.55,90.80,83.98,88.50,111.44,116.32,118.75,119.72,128.93,111.78,108.84,94.71,77.16,77.95,72.36,77.99,89.51,91.51,97.10,106.67,122.79,117.14,106.34,96.02,94.72,90.75,86.36,98.92,106.40,115.51,114.58,112.28,113.77,109.75,100.96,94.52,95.65,97.10,83.85,81.57,84.57,90.11,91.06,104.94,113.55,117.57,113.13,106.82,102.73,104.68,124.23,118.80,116.75,113.50,113.18,124.06,120.58,117.64,114.93,105.95,97.83,90.45,92.28,96.55,97.82,99.54,108.06,116.92,117.84,119.95,109.72,99.72,,,,,,,,,,,,,,,,,,,,,,,,,,,,,,,,,,,,,,,,,,,,,,,,
Producto,0.002104734,01161050,NARANJA,155.95,148.79,152.65,139.31,111.94,98.54,84.54,78.26,81.17,84.45,90.70,108.60,161.38,163.07,163.38,127.54,102.45,87.67,80.74,82.60,93.09,102.86,119.86,137.06,139.39,138.94,139.62,114.97,93.38,85.80,80.93,81.16,77.53,75.56,74.91,76.45,98.65,125.41,124.43,109.59,93.93,80.07,80.05,75.67,75.72,80.29,91.72,91.87,145.33,139.03,119.41,96.64,83.61,76.95,73.84,70.72,74.56,83.92,93.40,102.72,156.52,144.34,131.80,118.01,96.17,85.57,83.19,88.29,89.29,95.90,115.12,125.12,134.91,135.91,112.64,96.03,85.17,77.31,76.38,76.23,80.49,85.13,88.65,96.58,139.68,142.35,109.32,98.24,89.15,89.75,88.56,89.82,96.60,102.73,113.05,136.84,148.25,148.57,130.28,108.70,98.72,96.63,96.25,93.56,89.29,90.36,95.14,101.45,119.20,154.93,160.85,156.52,143.88,129.94,128.08,133.28,149.88,160.34,167.46,164.60,160.02,151.39,131.43,115.99,107.74,102.46,99.97,97.13,100.95,99.57,102.56,102.81,121.49,157.65,137.60,114.12,98.92,96.62,,,,,,,,,,,,,,,,,,,,,,,,,,,,,,,,,,,,,,,,,,,,,,,,
Producto,0.000672314,01161051,NARANJILLA,109.14,107.44,104.54,102.07,103.22,104.61,103.33,104.32,107.93,103.89,102.41,105.85,105.85,110.16,111.79,113.16,115.17,121.93,121.72,115.55,110.75,113.41,107.42,113.27,111.57,107.98,105.23,104.32,101.75,98.31,97.81,100.98,102.49,103.09,107.75,100.64,105.35,108.60,111.34,109.93,114.28,108.02,107.44,106.73,102.00,103.79,103.01,102.46,102.42,111.75,115.89,116.63,104.91,107.79,100.97,101.60,101.13,103.78,105.05,100.15,96.95,103.90,100.27,123.50,118.47,109.91,106.37,107.63,107.31,109.65,108.64,107.82,108.77,105.42,100.64,105.87,103.61,102.08,101.22,101.02,100.36,98.29,102.47,100.88,104.92,115.02,113.99,113.04,108.75,119.59,125.26,119.14,122.21,121.27,129.02,122.09,120.38,123.98,121.95,114.23,117.11,122.68,127.52,133.13,123.36,124.75,115.25,119.19,117.33,123.60,117.96,125.09,119.81,130.72,128.59,123.02,136.97,130.69,127.71,122.04,118.29,138.26,146.66,150.62,148.94,147.36,140.92,133.66,134.42,142.98,143.36,136.31,128.09,137.28,141.30,132.33,127.65,126.25,,,,,,,,,,,,,,,,,,,,,,,,,,,,,,,,,,,,,,,,,,,,,,,,
Producto,0.001169565,01161052,PAPAYA,94.49,93.90,100.65,111.41,111.51,113.10,108.20,99.42,96.21,95.50,96.60,93.59,92.15,94.13,107.31,115.80,117.21,117.16,114.48,110.65,110.17,102.42,106.51,104.50,107.85,114.44,119.31,114.46,115.38,124.74,118.85,114.92,105.32,101.69,102.25,102.40,102.56,105.70,116.42,118.99,116.88,115.55,116.63,112.91,106.48,110.62,109.95,112.25,116.13,114.37,117.17,125.66,128.57,120.30,114.28,111.80,112.54,112.34,110.35,110.04,112.75,111.91,117.91,120.83,111.68,106.78,103.58,102.86,101.84,100.04,101.69,98.90,99.13,104.52,110.29,106.40,106.14,104.38,102.37,99.24,101.81,100.57,99.78,99.40,100.56,102.44,101.67,97.35,100.38,99.92,97.62,101.60,104.58,105.15,109.92,109.50,107.23,106.80,104.79,99.44,102.46,112.81,106.90,106.70,110.73,109.75,109.32,108.10,106.09,113.21,120.08,121.54,119.13,116.36,120.62,117.94,118.39,115.63,112.80,112.38,107.78,105.04,105.41,105.64,111.90,109.85,102.60,97.39,96.56,97.13,96.90,97.52,103.06,108.26,111.18,109.31,107.79,109.30,,,,,,,,,,,,,,,,,,,,,,,,,,,,,,,,,,,,,,,,,,,,,,,,
Producto,0.000773831,01161053,PIÑA,99.81,100.07,101.06,103.92,104.33,106.56,99.27,93.29,96.70,93.07,95.12,97.60,101.83,101.70,105.64,107.58,102.78,103.82,103.85,101.31,104.01,106.09,107.06,102.71,102.75,101.63,98.97,96.93,96.92,107.06,109.44,101.73,99.23,100.06,98.83,99.54,96.99,98.15,100.24,99.71,92.42,92.11,94.78,92.33,89.25,90.77,88.47,86.55,85.56,89.63,90.10,90.13,88.09,86.00,87.06,91.16,90.06,89.25,85.28,85.71,86.68,89.38,91.26,98.51,91.76,90.07,89.87,87.22,87.05,88.95,88.43,87.26,86.02,85.70,90.71,88.71,88.91,88.69,89.94,87.63,88.23,88.31,88.54,87.29,87.99,88.54,85.47,85.84,86.42,90.83,90.04,89.61,90.53,95.38,91.72,91.96,87.52,89.30,88.61,88.29,87.05,94.43,97.30,95.85,94.75,93.53,96.94,95.96,94.33,97.92,98.73,99.68,100.18,100.65,103.05,99.90,99.03,103.08,102.42,102.29,102.79,104.08,105.37,105.34,102.99,103.95,104.65,102.02,101.65,104.11,102.86,103.44,102.90,105.60,104.84,102.32,106.80,108.14,,,,,,,,,,,,,,,,,,,,,,,,,,,,,,,,,,,,,,,,,,,,,,,,
Producto,0.000842768,01161054,PLÁTANO MADURO,91.64,88.55,87.17,88.06,86.22,89.73,90.81,94.24,97.47,101.58,102.43,98.45,94.33,94.32,90.99,95.06,93.72,96.79,102.20,102.64,105.30,108.08,107.63,104.88,94.38,94.67,92.33,90.78,93.09,97.29,111.76,125.68,131.87,128.57,124.09,125.78,124.92,114.93,110.34,103.60,102.20,98.56,101.48,111.54,114.04,115.37,112.43,112.13,105.58,101.89,102.52,106.05,106.31,106.09,109.36,118.14,118.19,127.56,118.04,112.75,106.04,103.00,110.11,102.25,99.28,102.37,100.85,107.53,105.73,110.86,105.56,104.89,102.51,99.32,100.19,98.03,100.43,100.48,106.55,109.86,114.30,108.89,111.35,107.59,109.50,107.68,103.49,100.19,104.25,103.85,112.18,126.51,127.71,120.01,130.35,132.20,126.23,118.06,112.34,111.74,112.01,114.42,130.91,154.79,165.95,175.67,151.80,154.04,143.14,133.80,115.77,119.30,121.45,114.74,114.11,122.58,125.13,121.54,121.07,120.35,115.55,107.70,112.24,107.49,120.87,160.93,205.27,219.27,234.51,237.90,225.10,218.59,208.15,189.17,167.74,144.22,135.73,133.95,,,,,,,,,,,,,,,,,,,,,,,,,,,,,,,,,,,,,,,,,,,,,,,,
Producto,0.002895466,01161055,PLÁTANO VERDE,88.98,88.15,89.42,85.63,82.55,83.32,84.85,89.30,94.67,94.14,94.05,92.13,90.12,91.66,86.71,89.21,87.98,90.15,97.88,99.51,101.31,99.79,102.71,106.02,103.62,96.42,91.71,91.76,89.70,101.59,122.96,148.39,150.73,137.58,134.33,140.39,133.62,123.67,113.56,101.36,94.54,94.49,98.06,104.35,107.16,107.29,107.37,104.78,100.56,101.35,99.21,98.31,98.95,103.26,109.35,118.16,119.93,120.22,113.76,111.20,104.31,93.08,91.58,95.94,95.38,93.73,87.23,93.21,93.97,97.97,97.22,95.07,92.68,93.46,91.85,88.16,90.67,92.34,101.44,105.26,108.56,104.49,101.06,100.07,102.40,99.18,94.59,96.14,100.45,100.49,109.90,124.36,119.68,121.39,126.75,138.62,130.85,116.64,108.84,111.01,109.07,116.41,139.30,148.35,155.08,158.07,151.86,146.07,137.74,117.19,109.99,115.77,111.24,109.98,115.35,119.51,125.33,123.22,119.30,119.44,113.27,107.53,110.81,107.28,133.10,156.73,198.47,215.94,208.36,204.88,210.98,207.87,191.84,160.56,123.85,120.40,116.32,124.21,,,,,,,,,,,,,,,,,,,,,,,,,,,,,,,,,,,,,,,,,,,,,,,,
Producto,0.00111776,01161056,UVAS,99.28,98.43,99.96,106.61,106.57,109.18,110.86,111.06,111.61,112.74,112.47,112.05,109.71,110.90,112.04,113.39,110.91,112.77,115.08,110.51,110.79,112.53,111.41,109.25,109.08,111.19,108.29,111.83,110.13,109.03,113.40,117.20,117.21,114.53,116.38,115.68,114.20,110.80,111.42,110.69,110.12,108.49,108.43,109.03,108.51,108.09,109.68,107.89,108.05,106.92,108.42,108.51,108.02,107.24,107.73,107.14,108.30,109.94,109.82,108.86,108.90,109.48,109.16,121.01,116.28,111.60,112.64,112.25,110.61,109.86,110.97,110.33,110.08,107.01,105.48,105.44,105.22,103.18,103.60,102.91,104.39,104.14,103.66,103.33,103.30,102.70,102.40,101.74,101.28,102.06,100.49,102.71,105.49,105.62,103.80,102.14,102.04,101.78,101.67,101.60,103.49,103.05,103.53,109.72,110.35,112.36,110.38,108.01,108.69,110.89,110.47,111.80,109.37,110.03,108.37,107.90,111.84,111.09,112.39,111.62,109.70,109.66,109.60,110.80,110.53,111.01,111.28,113.15,113.89,116.20,113.28,112.67,111.98,109.89,110.32,111.27,112.96,113.79,,,,,,,,,,,,,,,,,,,,,,,,,,,,,,,,,,,,,,,,,,,,,,,,
Producto,0.000568107,01161057,MELÓN,96.51,94.13,98.08,101.56,90.24,90.87,93.09,95.73,96.13,93.83,89.46,87.03,95.33,89.05,93.44,94.72,91.75,86.72,79.14,79.77,81.34,85.61,88.33,81.38,78.29,85.34,90.55,96.68,113.85,101.85,99.61,101.05,96.48,87.05,88.62,85.27,90.99,87.22,97.30,88.35,87.91,83.71,90.10,103.40,99.47,95.65,90.10,84.08,84.67,86.12,87.56,87.23,83.43,84.16,85.27,93.84,97.40,97.14,86.95,80.22,82.57,79.80,85.63,79.70,79.53,83.25,79.74,83.04,80.77,80.27,78.28,74.73,75.19,75.83,85.27,81.39,75.12,74.72,86.83,86.61,86.09,85.11,76.31,77.51,82.26,87.46,83.41,78.51,74.42,78.23,83.49,78.71,84.71,82.40,80.24,85.04,81.32,81.98,85.19,98.33,84.47,97.22,95.85,102.77,87.50,83.45,80.18,80.30,81.30,88.57,98.36,101.24,89.07,77.47,78.12,85.41,93.76,84.33,77.80,77.28,75.73,75.95,78.78,85.40,91.71,86.12,85.11,90.03,85.88,83.56,82.87,82.10,80.88,81.33,93.39,90.77,89.99,82.19,,,,,,,,,,,,,,,,,,,,,,,,,,,,,,,,,,,,,,,,,,,,,,,,
Producto,0.00067395,01161058,MORA,103.13,105.48,109.51,137.04,138.06,133.44,114.98,108.73,103.58,106.96,111.82,105.88,99.83,113.38,110.26,132.22,156.24,135.01,115.66,105.69,102.51,105.73,112.42,106.52,108.99,114.26,129.00,137.89,122.61,109.10,102.75,98.85,92.62,93.81,110.71,96.24,100.36,109.56,122.44,125.79,122.62,109.34,106.45,97.23,96.51,93.37,98.84,100.04,109.12,119.80,124.70,124.58,110.26,105.33,109.67,105.77,104.01,105.06,104.62,104.17,104.07,103.49,112.80,133.77,126.36,119.35,108.21,105.82,104.40,105.02,100.89,98.57,95.58,99.04,121.91,114.44,106.57,98.43,98.06,95.58,94.19,95.97,94.95,94.03,95.55,95.27,114.98,118.91,125.18,124.23,115.90,103.79,97.58,100.84,96.62,94.30,96.36,99.94,108.09,133.97,115.02,100.57,100.20,99.88,96.60,100.82,96.91,94.46,95.28,107.18,114.67,119.24,114.03,111.91,109.42,104.63,106.41,101.84,101.08,97.27,104.64,120.16,128.27,131.30,106.78,99.44,101.24,99.58,98.77,102.31,108.72,104.08,104.21,103.98,110.05,125.47,131.45,116.60,,,,,,,,,,,,,,,,,,,,,,,,,,,,,,,,,,,,,,,,,,,,,,,,
Producto,0.002042318,01161059,MANZANA,114.03,111.42,118.50,130.41,127.49,121.39,123.77,124.77,115.77,120.70,125.36,123.94,119.34,128.22,136.33,130.02,120.62,115.99,118.33,120.73,118.69,125.45,132.74,135.63,130.90,130.49,126.28,127.49,124.45,117.62,114.58,113.64,111.24,118.07,121.33,118.91,119.49,117.82,115.27,114.71,113.84,110.31,109.16,108.80,112.85,111.15,116.00,112.39,107.61,116.63,126.44,119.54,109.75,111.15,114.76,112.45,113.99,116.85,117.16,118.67,115.36,115.68,120.79,114.72,112.80,107.38,107.52,111.64,108.78,108.49,107.11,106.75,108.13,113.23,116.97,112.27,107.99,104.11,105.52,106.50,105.43,106.49,106.62,109.31,112.66,114.49,110.37,108.30,104.07,107.37,104.85,108.96,107.24,108.30,111.51,113.79,117.94,120.35,118.28,114.88,113.84,115.65,119.41,121.44,120.59,125.04,127.90,123.63,123.60,128.79,131.15,128.34,125.51,126.05,122.56,121.01,123.97,121.50,124.49,126.25,126.36,126.73,125.23,123.49,125.94,124.54,123.26,138.91,132.31,126.88,129.34,128.31,128.87,128.69,128.89,121.24,115.46,114.31,,,,,,,,,,,,,,,,,,,,,,,,,,,,,,,,,,,,,,,,,,,,,,,,
Producto,0.000371037,01161060,MARACUYÁ,88.61,86.15,89.95,87.06,85.60,84.96,85.49,85.49,88.12,85.32,85.32,87.46,88.05,90.63,97.97,94.96,100.06,109.48,102.90,100.33,90.28,87.51,91.48,88.27,91.38,89.90,94.05,98.72,104.71,96.33,92.74,88.12,89.55,88.45,92.71,89.46,92.27,86.61,90.43,94.23,92.56,91.66,90.05,86.29,82.42,95.27,93.45,89.13,89.02,98.09,99.21,98.41,102.77,95.27,102.34,98.86,91.22,88.50,93.55,93.81,95.63,92.25,97.90,106.26,95.67,94.67,94.09,87.74,91.37,92.36,90.91,91.28,86.79,85.66,84.92,85.20,83.03,87.04,88.14,84.78,80.42,81.81,80.26,79.76,81.98,83.46,83.04,84.09,95.58,98.45,92.16,93.78,95.25,100.28,100.12,95.09,98.79,108.91,109.20,105.50,105.77,122.91,136.19,124.32,109.84,107.91,101.03,98.52,97.37,123.80,124.68,141.55,131.28,129.65,133.58,118.59,116.44,119.81,116.63,116.93,120.41,126.51,123.97,121.36,124.02,128.01,130.61,125.62,120.88,124.91,121.02,117.48,117.31,123.15,122.09,118.45,114.81,116.93,,,,,,,,,,,,,,,,,,,,,,,,,,,,,,,,,,,,,,,,,,,,,,,,
Producto,0.000634117,01161061,SANDÍA,93.09,86.88,92.94,93.51,95.15,91.87,93.62,93.11,88.62,89.01,91.62,87.75,91.30,90.46,96.33,94.63,91.58,86.79,84.87,87.56,93.42,98.05,103.86,94.54,87.79,89.12,93.50,84.81,97.52,93.48,94.29,92.19,88.02,82.46,86.23,87.78,86.17,85.65,89.93,87.92,89.95,89.10,88.70,83.20,86.07,92.34,89.43,84.34,85.80,85.91,85.30,83.88,85.77,88.05,87.82,85.75,83.15,83.13,79.69,85.87,84.33,80.47,87.30,84.04,79.24,82.00,88.03,83.93,83.72,82.94,83.17,82.46,81.25,83.90,83.27,79.24,76.25,77.72,72.24,69.62,66.71,65.01,73.04,71.29,77.52,87.41,82.72,82.22,81.24,81.34,76.82,76.52,76.17,82.51,82.42,79.60,77.57,81.30,81.71,88.24,86.60,91.11,93.11,94.80,89.31,84.49,80.56,83.64,84.74,90.40,92.88,87.94,87.85,84.08,82.84,84.29,84.34,87.48,89.19,90.33,89.94,85.70,83.53,90.05,86.76,90.66,87.64,84.69,82.15,81.73,83.65,83.50,85.26,93.53,92.67,91.88,91.60,89.56,,,,,,,,,,,,,,,,,,,,,,,,,,,,,,,,,,,,,,,,,,,,,,,,
Producto,0.000436747,01161062,FRUTILLA,97.08,97.01,100.51,100.67,102.06,102.03,101.92,100.54,101.25,102.31,101.79,101.49,101.06,98.30,102.47,100.85,101.64,101.35,100.76,101.41,101.66,101.21,99.78,101.02,101.17,101.83,103.23,102.42,108.54,110.64,113.53,106.67,105.39,105.91,101.82,103.49,101.42,102.27,101.20,99.45,108.62,111.68,113.63,111.03,111.97,112.43,107.23,96.19,98.71,109.24,105.18,102.81,106.78,102.13,105.78,109.43,107.74,107.78,105.62,102.90,100.49,100.06,100.77,100.50,102.40,100.22,98.50,97.63,93.32,93.39,93.79,94.10,91.26,91.69,90.97,90.05,90.94,90.83,91.54,91.34,91.49,90.39,90.76,87.32,88.35,87.98,91.23,92.28,91.77,90.35,92.42,91.06,93.92,92.42,88.45,90.69,90.78,88.40,88.28,87.27,89.71,89.20,86.03,88.15,90.46,92.25,92.43,89.18,89.47,91.68,92.17,91.93,91.37,91.26,92.62,91.69,93.32,93.24,92.58,91.91,94.09,94.07,93.66,92.96,94.30,93.74,94.23,93.36,93.16,92.26,90.47,88.37,90.69,92.36,92.28,89.27,89.16,89.56,,,,,,,,,,,,,,,,,,,,,,,,,,,,,,,,,,,,,,,,,,,,,,,,
Producto,0.001887979,01161063,TOMATE DE ÁRBOL,112.53,105.81,111.44,117.55,110.74,110.47,105.86,102.50,100.62,103.50,105.27,113.01,110.31,107.52,110.72,109.18,99.31,102.32,101.12,102.42,104.28,101.35,104.18,108.54,108.23,106.52,108.57,103.26,105.98,101.47,101.49,101.98,101.02,103.59,101.27,103.57,104.26,108.58,109.92,108.42,103.48,102.46,102.11,103.34,102.18,101.94,101.02,97.31,100.36,105.28,111.11,110.26,106.99,106.37,107.12,105.79,103.17,104.97,107.11,103.74,103.53,107.57,117.36,126.37,125.43,118.78,113.25,112.03,114.03,112.27,110.54,114.24,115.06,116.69,110.12,113.38,113.16,108.33,107.83,108.11,115.98,123.75,123.99,125.30,121.19,125.79,126.60,128.33,123.08,124.36,128.82,127.72,140.96,148.81,151.02,145.37,138.44,146.02,146.48,143.34,137.42,145.07,154.54,178.39,158.87,156.63,152.50,152.10,146.76,143.06,135.55,143.58,140.81,150.36,149.98,148.92,158.80,150.93,149.93,142.70,139.69,147.30,146.82,156.86,152.49,153.72,157.20,156.07,155.62,164.21,159.95,159.29,165.32,158.73,155.00,156.17,153.35,146.16,,,,,,,,,,,,,,,,,,,,,,,,,,,,,,,,,,,,,,,,,,,,,,,,
Producto,0.000690528,01161064,FRUTAS DE TEMPORADA,102.93,98.02,94.91,100.30,101.27,101.97,102.79,101.45,103.08,103.77,105.92,107.37,111.19,106.78,104.91,101.41,101.61,106.11,105.98,105.59,106.84,102.94,103.02,111.80,111.04,105.30,103.28,100.89,98.17,97.89,99.20,98.73,98.66,98.09,94.80,96.80,101.67,101.45,94.71,95.20,92.45,91.39,90.30,92.84,93.73,96.16,99.72,102.57,99.21,101.92,103.74,101.02,98.64,94.98,97.92,98.56,96.59,98.72,97.75,102.78,103.25,103.01,101.49,102.81,98.68,96.64,95.07,94.00,91.23,94.09,95.59,95.21,95.56,94.77,90.40,91.23,91.91,89.75,93.96,92.73,92.28,91.62,94.80,97.47,99.80,99.33,98.26,97.07,96.64,97.62,95.43,93.36,93.59,93.97,93.27,93.22,92.18,91.00,92.31,92.00,92.74,91.10,91.11,89.62,89.68,90.92,90.29,89.25,89.51,89.60,87.72,89.58,89.44,91.02,91.04,90.58,90.88,91.09,90.78,91.01,90.50,92.58,92.31,90.30,93.38,92.98,94.31,92.60,94.24,94.00,94.80,97.31,98.21,99.38,98.60,96.27,96.94,97.53,,,,,,,,,,,,,,,,,,,,,,,,,,,,,,,,,,,,,,,,,,,,,,,,
Subclase,0.000456509,01162,Frutas secas y en conserva (procesadas),107.56,108.52,107.52,108.17,108.58,116.14,120.07,123.99,123.15,124.24,124.52,124.44,124.89,124.56,124.45,125.44,125.57,126.39,126.63,125.66,125.74,125.87,126.12,124.46,125.63,124.63,122.66,125.32,125.85,125.95,125.95,125.53,126.34,126.45,126.34,125.53,126.35,126.37,126.41,126.33,125.98,126.10,125.81,123.64,125.29,126.08,125.73,122.15,126.19,125.90,126.72,129.01,129.12,129.69,129.68,129.36,129.32,129.60,129.60,126.80,128.77,127.31,128.79,128.29,129.74,129.83,129.26,128.02,127.78,127.80,127.56,125.54,126.97,127.44,127.26,127.30,126.81,125.94,123.93,128.14,127.97,127.79,126.85,126.20,126.71,127.37,122.36,123.52,128.90,127.80,128.17,129.09,130.14,128.89,127.27,129.10,128.92,128.51,128.38,129.98,131.85,133.06,134.06,134.30,137.96,139.06,139.71,140.38,141.32,143.20,142.73,144.56,145.40,143.77,145.24,145.40,145.49,145.35,144.68,144.25,144.23,144.46,144.69,141.73,145.40,144.26,142.66,142.82,141.48,143.34,140.90,140.75,140.91,139.93,140.02,138.33,138.44,136.02,,,,,,,,,,,,,,,,,,,,,,,,,,,,,,,,,,,,,,,,,,,,,,,,
Producto,0.000456509,01162065,MANÍ,107.56,108.52,107.52,108.17,108.58,116.14,120.07,123.99,123.15,124.24,124.52,124.44,124.89,124.56,124.45,125.44,125.57,126.39,126.63,125.66,125.74,125.87,126.12,124.46,125.63,124.63,122.66,125.32,125.85,125.95,125.95,125.53,126.34,126.45,126.34,125.53,126.35,126.37,126.41,126.33,125.98,126.10,125.81,123.64,125.29,126.08,125.73,122.15,126.19,125.90,126.72,129.01,129.12,129.69,129.68,129.36,129.32,129.60,129.60,126.80,128.77,127.31,128.79,128.29,129.74,129.83,129.26,128.02,127.78,127.80,127.56,125.54,126.97,127.44,127.26,127.30,126.81,125.94,123.93,128.14,127.97,127.79,126.85,126.20,126.71,127.37,122.36,123.52,128.90,127.80,128.17,129.09,130.14,128.89,127.27,129.10,128.92,128.51,128.38,129.98,131.85,133.06,134.06,134.30,137.96,139.06,139.71,140.38,141.32,143.20,142.73,144.56,145.40,143.77,145.24,145.40,145.49,145.35,144.68,144.25,144.23,144.46,144.69,141.73,145.40,144.26,142.66,142.82,141.48,143.34,140.90,140.75,140.91,139.93,140.02,138.33,138.44,136.02,,,,,,,,,,,,,,,,,,,,,,,,,,,,,,,,,,,,,,,,,,,,,,,,
Clase,0.026813094,0117,Legumbres-Hortalizas (ND),101.90,102.79,103.49,111.84,112.88,112.95,111.78,112.42,113.16,110.81,112.16,111.31,111.37,111.36,113.60,119.56,122.21,121.80,117.79,113.88,109.56,105.73,103.57,103.74,109.81,112.97,120.86,127.70,130.88,132.98,125.50,122.39,114.48,111.41,111.17,111.25,112.73,112.28,113.32,109.26,106.43,105.57,105.00,103.57,106.32,109.08,114.13,113.11,117.06,113.02,112.34,112.31,113.11,111.86,113.68,113.06,111.72,116.28,108.64,105.72,107.93,107.06,111.83,137.87,130.64,123.32,114.04,110.55,108.89,106.19,104.64,104.36,104.61,107.52,110.30,111.25,110.87,106.04,106.03,104.46,101.96,101.92,101.90,100.79,105.90,108.94,111.78,114.08,115.81,123.18,119.19,111.67,114.12,112.67,112.37,112.92,112.29,112.32,112.81,114.80,116.30,123.27,125.22,130.97,127.37,121.28,117.00,115.50,116.64,118.86,121.21,123.50,121.01,122.14,121.99,120.68,124.49,122.36,119.22,119.63,120.69,122.74,130.11,129.78,127.92,126.04,124.80,122.96,125.31,127.64,119.82,118.74,122.42,122.35,126.26,123.86,119.85,119.48,,,,,,,,,,,,,,,,,,,,,,,,,,,,,,,,,,,,,,,,,,,,,,,,
Subclase,0.018767268,01171,Productos de huerta frescos,100.84,102.75,104.67,116.74,118.10,118.24,115.74,116.65,117.36,113.66,115.52,113.92,113.38,112.57,115.56,123.70,126.63,126.27,121.29,115.85,110.48,105.48,102.40,102.09,109.93,114.92,125.75,135.75,140.31,143.63,133.27,128.07,117.04,112.78,111.14,112.29,113.84,114.05,117.20,111.45,107.82,107.44,106.60,104.80,108.38,111.75,118.19,117.14,123.07,117.87,116.62,117.21,117.91,116.03,118.08,117.25,114.43,118.21,109.52,106.63,109.74,109.98,117.01,148.94,140.44,130.42,118.60,114.01,112.50,109.36,107.94,107.38,107.67,110.35,114.01,115.95,115.55,109.50,109.17,106.39,102.98,102.16,100.84,98.47,104.44,108.83,111.35,114.64,117.62,127.55,122.12,112.71,116.36,113.59,113.25,113.39,112.58,112.67,114.06,117.62,119.46,128.58,131.87,139.00,134.11,123.34,116.08,113.63,114.42,118.69,121.76,124.96,121.67,123.42,122.18,119.78,123.84,121.14,116.99,117.24,119.17,123.59,134.01,135.53,133.58,132.04,129.43,125.66,127.25,127.51,117.80,116.59,121.32,121.62,126.99,125.09,119.79,119.26,,,,,,,,,,,,,,,,,,,,,,,,,,,,,,,,,,,,,,,,,,,,,,,,
Producto,0.000837943,01171066,AJO,100.13,100.49,103.20,114.34,116.95,114.87,112.70,110.46,110.55,111.97,112.26,111.32,112.67,115.99,117.66,135.74,152.34,181.23,175.85,173.17,167.82,159.57,159.44,153.47,155.44,158.83,161.95,165.46,171.99,181.81,169.00,146.18,129.87,124.86,117.98,117.89,116.90,117.73,115.31,111.24,109.28,106.33,104.38,99.21,98.03,96.37,97.16,96.80,97.50,98.11,101.52,104.51,107.68,107.92,111.42,122.39,131.44,132.60,122.58,117.24,118.72,133.87,163.40,215.42,206.24,185.61,140.35,118.60,117.23,115.20,117.92,112.97,111.85,112.56,114.92,118.30,118.13,112.03,111.31,114.54,112.21,109.46,110.19,109.91,118.13,118.99,122.25,120.60,115.47,114.41,113.08,109.76,111.77,108.96,109.38,107.66,111.15,110.14,111.67,111.28,111.40,120.14,121.00,120.81,121.59,122.59,121.27,121.48,122.90,131.62,132.96,135.11,139.25,140.38,140.80,154.82,152.87,147.94,146.01,145.73,152.81,153.16,157.18,154.98,150.31,150.29,144.22,137.58,134.69,132.35,130.81,129.98,130.21,128.10,128.54,131.70,131.11,130.94,,,,,,,,,,,,,,,,,,,,,,,,,,,,,,,,,,,,,,,,,,,,,,,,
Producto,0.000187254,01171067,ACELGA,106.12,106.62,106.89,106.55,106.40,109.24,109.66,109.91,109.60,107.52,108.97,109.02,109.91,109.71,109.76,108.80,109.49,109.63,110.46,110.72,110.73,110.21,109.55,109.69,108.94,110.12,108.97,109.76,109.49,108.21,106.64,111.05,111.95,111.80,111.68,112.46,112.80,114.09,115.71,115.55,112.62,116.76,116.17,113.70,116.69,116.90,115.22,113.96,113.80,115.85,115.98,114.27,114.68,113.27,114.82,116.69,118.66,117.25,117.25,117.05,117.75,116.96,118.47,120.96,122.54,118.86,121.65,121.24,119.09,119.18,122.81,122.13,123.97,125.21,124.43,126.95,126.90,124.60,128.73,126.45,126.09,125.33,124.00,126.66,124.77,126.89,125.25,128.30,127.90,126.87,129.71,129.00,129.59,127.29,127.27,127.62,127.36,123.54,126.81,125.05,124.63,124.29,125.87,126.23,128.80,132.07,130.84,128.87,127.77,126.94,130.54,135.78,131.76,131.06,130.83,135.00,130.92,135.00,130.01,131.11,136.17,138.25,140.01,140.28,141.02,141.92,141.89,145.40,140.76,137.00,136.30,129.58,133.05,131.12,135.59,132.49,136.67,133.94,,,,,,,,,,,,,,,,,,,,,,,,,,,,,,,,,,,,,,,,,,,,,,,,
Producto,0.00066207,01171068,BRÓCOLI,88.38,90.75,92.54,97.51,92.82,93.31,97.95,96.85,99.88,96.75,92.88,92.92,88.30,96.10,96.83,89.11,97.66,104.74,104.43,97.49,95.09,86.36,87.05,95.01,89.20,94.61,91.63,96.43,107.71,124.03,105.88,97.45,95.37,92.38,88.05,90.00,94.60,99.28,99.55,98.64,90.82,93.16,100.62,98.56,91.73,90.64,89.82,90.30,88.31,92.94,90.17,87.43,84.46,85.95,91.25,99.07,100.11,97.34,83.68,82.25,100.71,92.73,90.27,117.49,102.46,99.41,100.81,93.49,88.08,87.49,87.13,92.76,86.60,99.00,102.76,93.81,95.42,90.86,98.79,92.47,91.00,83.45,84.86,87.29,97.78,120.13,99.35,89.97,92.70,118.03,110.63,97.56,99.77,99.65,94.56,93.16,96.58,93.69,100.17,109.99,106.07,119.94,121.88,118.29,105.81,102.77,104.49,103.57,104.70,115.09,123.51,125.58,112.66,119.39,111.38,108.37,124.82,121.30,118.16,123.76,111.81,113.96,117.56,120.89,127.06,117.58,115.78,114.63,117.01,108.87,102.82,103.38,109.05,111.94,102.52,110.29,108.93,101.80,,,,,,,,,,,,,,,,,,,,,,,,,,,,,,,,,,,,,,,,,,,,,,,,
Producto,0.000891916,01171069,CEBOLLA BLANCA,103.83,101.77,96.67,93.96,91.97,90.86,94.28,96.73,100.38,103.77,108.07,103.77,100.43,99.02,100.91,99.94,102.41,94.31,94.74,99.98,104.96,105.51,98.79,102.71,104.11,103.21,103.28,95.74,94.90,99.01,100.39,100.56,97.93,93.81,94.49,96.32,96.05,94.01,90.48,84.73,87.68,85.45,86.74,88.02,88.66,94.86,97.15,94.82,96.92,94.20,93.10,91.24,98.35,97.84,105.29,119.72,126.18,136.69,109.92,108.36,115.79,110.40,116.72,163.93,131.20,132.94,135.97,143.69,143.97,142.27,137.73,127.86,124.45,119.10,109.89,102.50,96.51,93.92,91.71,92.60,92.92,89.05,86.16,85.31,89.89,89.97,85.38,84.71,89.33,107.26,98.18,88.39,99.91,95.70,96.13,91.22,97.67,91.13,90.88,94.34,100.10,99.56,101.15,105.16,113.64,117.39,106.74,113.29,112.33,108.66,103.45,105.81,113.91,110.03,107.20,102.86,114.45,117.80,120.73,118.02,118.37,116.72,116.68,109.27,110.98,114.58,123.47,131.82,137.42,138.56,132.28,127.54,131.61,119.63,115.22,111.98,113.57,106.34,,,,,,,,,,,,,,,,,,,,,,,,,,,,,,,,,,,,,,,,,,,,,,,,
Producto,0.002916222,01171070,CEBOLLA PAITEÑA,115.16,120.97,135.88,176.57,193.30,191.87,185.64,193.45,195.37,174.30,169.46,168.40,166.46,158.09,163.82,187.24,205.84,211.86,198.82,173.34,152.71,125.59,106.41,105.38,131.65,131.75,204.16,240.69,232.89,212.75,184.31,184.02,169.20,161.88,156.02,154.01,160.70,156.62,151.68,132.66,122.52,124.93,127.00,128.17,133.05,150.34,193.84,194.51,208.54,184.30,173.18,177.25,188.18,178.51,178.89,174.38,153.07,148.50,126.68,121.01,128.09,128.75,140.81,209.20,225.22,198.86,169.53,155.19,154.77,146.71,136.28,133.33,129.38,135.13,151.22,150.28,148.38,142.64,135.84,131.73,127.60,126.26,122.63,114.76,118.34,125.43,141.08,149.90,157.63,170.13,174.03,151.70,152.29,150.12,144.08,145.06,149.29,146.16,153.71,152.06,151.13,177.17,208.21,248.94,237.87,171.36,141.22,124.21,124.72,131.73,141.09,160.46,156.60,165.09,163.97,149.45,128.38,118.20,107.23,111.78,119.94,124.49,138.19,143.15,142.75,126.04,128.58,131.88,143.94,147.23,128.37,127.89,143.05,133.56,143.78,156.63,148.54,161.67,,,,,,,,,,,,,,,,,,,,,,,,,,,,,,,,,,,,,,,,,,,,,,,,
Producto,0.001735408,01171071,CHOCLO,93.99,96.41,91.92,96.91,93.97,94.22,92.79,95.81,93.28,86.34,97.54,100.02,101.25,97.80,102.33,104.43,100.33,97.34,95.02,93.47,88.33,99.84,101.41,97.67,111.53,113.96,104.62,97.35,88.60,105.84,103.82,93.64,86.66,89.12,101.00,109.52,106.12,97.82,101.40,95.66,94.99,103.10,96.95,91.07,90.28,97.09,100.14,96.39,93.71,106.17,102.37,99.83,98.65,96.74,97.06,92.32,90.25,99.80,111.60,108.50,114.13,107.71,113.56,118.78,108.28,105.65,97.76,93.21,90.77,91.46,94.12,94.44,95.33,98.57,107.46,107.74,108.44,90.90,88.34,84.72,82.11,83.40,85.11,87.82,104.51,111.43,112.98,107.27,106.90,109.67,106.28,104.03,104.37,103.06,107.85,106.42,104.62,107.20,105.51,101.70,102.56,111.47,109.66,106.23,99.57,108.27,113.64,115.22,110.71,109.69,111.41,110.26,107.41,106.27,105.80,104.00,110.72,116.23,116.63,111.15,117.76,130.72,132.63,119.45,117.99,113.27,105.65,101.12,99.60,98.47,99.26,102.64,111.55,117.93,115.84,107.56,100.98,94.69,,,,,,,,,,,,,,,,,,,,,,,,,,,,,,,,,,,,,,,,,,,,,,,,
Producto,0.000405014,01171072,COL,110.54,108.55,115.34,115.30,111.18,109.03,110.45,111.86,120.19,119.32,120.61,116.57,117.92,116.92,116.76,121.05,123.39,120.96,126.93,122.71,118.46,111.36,111.57,102.50,110.19,114.50,113.82,110.84,108.49,120.46,123.93,123.06,117.63,113.55,109.99,110.76,112.53,111.31,114.28,119.51,124.25,114.90,120.49,122.46,125.66,127.91,118.00,112.14,111.83,108.09,110.44,108.36,112.38,114.32,117.73,118.68,121.80,137.62,112.84,109.82,108.31,116.40,126.26,133.70,126.42,128.10,116.49,111.52,114.27,114.10,112.01,110.57,110.17,110.80,126.80,140.20,137.08,131.12,126.24,122.67,114.82,109.68,107.05,105.46,102.44,111.82,117.51,114.17,116.21,120.14,117.92,116.96,118.04,111.39,115.06,119.97,112.48,115.28,112.80,114.00,111.06,116.17,120.59,119.92,128.46,130.50,122.23,123.36,115.85,128.39,130.56,160.12,153.98,139.47,131.64,134.98,154.40,151.23,144.07,140.07,135.67,140.32,139.91,139.63,135.72,139.29,134.82,130.45,129.50,127.35,128.27,131.38,128.82,146.58,158.14,151.28,145.26,139.36,,,,,,,,,,,,,,,,,,,,,,,,,,,,,,,,,,,,,,,,,,,,,,,,
Producto,0.000380735,01171073,COLIFLOR,98.72,99.25,97.31,108.77,102.51,105.53,113.01,110.17,115.69,110.14,108.12,105.23,107.34,108.66,113.80,110.39,114.32,118.22,115.56,113.42,109.74,104.59,106.31,112.95,111.15,125.43,118.84,114.67,125.96,151.35,128.34,118.76,113.03,108.28,107.70,109.14,112.79,121.38,117.74,119.50,107.78,100.88,118.21,117.87,111.86,109.23,105.13,106.94,106.94,108.97,110.19,108.06,103.17,108.37,116.93,115.41,117.73,122.28,106.96,102.49,125.80,116.06,115.80,139.86,129.49,121.17,119.49,112.43,105.52,103.74,99.77,107.44,105.09,120.48,126.66,125.73,114.07,113.16,104.71,110.75,108.52,107.07,104.79,105.77,116.82,137.43,123.34,115.74,109.35,129.46,127.49,117.17,127.09,124.43,114.84,113.83,116.76,117.97,120.26,136.03,129.47,138.45,145.11,141.26,134.62,125.35,123.56,133.04,132.72,147.22,155.66,168.08,138.35,139.81,140.82,130.94,155.33,145.49,136.75,146.40,132.50,134.37,138.99,149.80,153.94,140.91,142.55,151.12,151.37,154.38,131.61,133.79,139.89,149.29,132.26,148.25,148.38,135.02,,,,,,,,,,,,,,,,,,,,,,,,,,,,,,,,,,,,,,,,,,,,,,,,
Producto,0.00048619,01171074,LECHUGA,107.15,106.41,103.91,106.41,106.98,104.19,109.52,110.32,113.24,112.31,112.21,108.23,105.73,107.33,102.41,99.45,101.98,112.34,111.48,112.50,106.09,99.28,101.92,101.66,110.17,110.73,114.16,118.90,130.14,140.69,117.88,113.16,109.60,103.94,104.41,109.00,111.07,117.10,109.38,103.41,102.21,109.01,122.43,125.07,108.71,106.18,106.81,109.81,109.29,103.83,99.16,96.78,98.14,98.17,103.05,112.37,110.36,110.50,101.82,100.35,107.85,104.44,97.82,116.71,121.84,113.70,110.85,104.00,104.42,104.12,104.93,104.22,103.51,104.64,110.37,119.06,114.50,103.48,108.15,110.88,105.06,98.14,100.16,100.19,106.44,110.19,107.96,110.21,112.09,135.17,120.71,122.37,165.24,128.00,123.61,122.21,121.15,122.56,124.28,121.49,127.97,134.36,138.64,140.10,130.36,127.61,121.24,129.59,124.14,146.02,168.34,150.50,149.22,155.86,134.06,136.58,151.14,143.48,146.60,139.67,138.13,134.38,179.20,175.83,165.28,157.53,153.77,151.77,150.81,148.23,140.62,139.64,146.87,154.51,142.28,150.21,151.06,141.05,,,,,,,,,,,,,,,,,,,,,,,,,,,,,,,,,,,,,,,,,,,,,,,,
Producto,0.000503054,01171075,PEPINILLO ,107.66,126.62,119.77,110.28,126.40,127.07,124.97,101.99,107.93,123.19,117.29,100.21,104.06,83.89,107.71,113.41,121.54,113.76,109.99,107.21,117.47,85.32,88.68,83.27,110.37,130.28,120.98,102.41,104.95,107.84,119.56,108.18,100.02,112.46,101.98,101.20,100.85,106.99,109.97,116.12,125.02,124.56,121.73,134.41,137.31,131.16,111.10,107.50,107.07,116.35,123.47,116.55,118.25,115.00,118.18,130.03,132.34,139.62,132.55,122.90,112.87,116.82,124.95,143.33,148.07,132.05,112.45,113.45,109.29,101.21,103.13,103.65,106.15,112.31,117.14,129.39,129.77,123.80,114.92,110.30,105.74,110.73,108.62,98.91,97.82,100.48,103.03,109.08,113.06,118.75,125.87,121.24,120.20,118.29,112.61,95.95,86.34,106.68,112.63,109.11,111.08,109.44,113.36,127.32,129.57,119.42,113.87,104.10,102.93,123.21,121.46,120.77,107.49,106.66,100.21,103.14,129.63,120.90,96.66,85.84,93.59,107.85,108.19,116.60,100.65,106.10,107.13,117.26,115.43,119.83,88.28,76.99,91.37,134.91,98.26,62.07,77.68,79.42,,,,,,,,,,,,,,,,,,,,,,,,,,,,,,,,,,,,,,,,,,,,,,,,
Producto,0.001366505,01171076,PIMIENTO,95.47,95.37,92.23,102.73,113.40,116.29,103.19,105.06,106.63,94.90,99.52,91.34,94.46,93.39,97.33,109.18,106.14,107.27,98.61,97.13,93.87,98.15,96.61,91.03,93.55,101.04,100.65,120.71,134.20,118.14,111.93,111.69,106.81,104.29,105.39,109.75,107.06,108.32,103.02,100.94,106.61,106.51,103.06,99.19,106.86,99.44,105.65,97.14,107.45,104.63,114.50,116.69,115.85,119.87,118.32,107.77,104.31,110.96,112.94,107.67,104.66,105.03,112.94,124.00,117.00,118.98,111.93,108.67,109.17,110.29,109.89,107.50,114.48,110.25,109.35,144.97,135.37,119.09,112.08,114.53,105.38,104.60,102.59,102.83,108.81,105.79,106.78,115.52,116.63,131.69,136.90,120.09,123.15,120.33,125.49,123.90,112.62,119.05,115.10,137.82,160.54,160.89,139.94,143.93,134.59,133.33,130.78,130.28,126.33,128.74,126.64,134.58,132.19,144.03,130.10,125.19,130.78,134.02,131.09,125.85,127.70,122.13,147.48,158.63,143.96,140.17,131.41,131.46,135.14,138.33,130.13,122.64,129.16,129.30,140.31,131.79,122.64,122.77,,,,,,,,,,,,,,,,,,,,,,,,,,,,,,,,,,,,,,,,,,,,,,,,
Producto,0.000291872,01171077,REMOLACHA,88.35,91.81,98.36,97.94,97.66,94.71,96.82,99.69,99.49,100.93,103.94,99.52,104.92,103.78,102.82,102.65,96.57,92.28,95.17,106.44,99.33,93.38,94.57,89.84,92.94,102.02,111.67,110.03,109.63,115.14,129.47,127.96,112.64,107.00,101.00,101.77,104.93,109.80,106.72,103.72,102.30,97.03,98.77,95.82,100.77,96.48,98.30,94.90,98.94,100.50,100.80,101.59,96.38,97.80,109.44,118.41,127.54,117.25,104.57,100.79,99.49,103.44,108.75,133.15,119.89,117.45,112.29,109.16,108.51,106.21,107.14,98.63,97.91,95.00,88.73,88.94,91.61,89.81,84.73,86.99,86.99,87.58,86.35,87.22,90.12,92.23,94.39,92.95,93.62,102.27,109.66,108.47,119.95,130.33,109.55,105.38,105.26,105.40,105.70,104.73,101.65,102.11,105.01,105.93,101.63,101.51,99.79,95.48,98.72,103.16,112.22,118.41,109.54,102.89,104.04,115.41,142.94,138.69,121.23,113.38,111.85,119.60,129.66,137.27,132.87,130.50,132.34,131.70,128.83,126.19,109.25,106.22,111.41,119.39,112.51,110.89,108.84,101.92,,,,,,,,,,,,,,,,,,,,,,,,,,,,,,,,,,,,,,,,,,,,,,,,
Producto,0.003278769,01171078,TOMATE RIÑÓN,96.46,97.07,97.47,112.93,109.75,112.08,105.26,103.40,100.99,99.22,99.44,99.63,98.73,103.75,101.26,100.32,104.72,104.34,103.65,100.43,99.89,98.95,98.46,96.73,97.68,102.47,104.96,121.85,129.92,135.04,116.65,118.12,108.24,103.91,101.71,102.28,99.88,102.85,125.64,117.64,109.36,100.07,99.71,94.60,106.68,110.15,109.40,107.83,105.85,103.19,107.12,107.11,105.59,105.88,107.24,102.71,100.87,100.98,95.41,96.82,97.78,99.36,103.02,147.63,125.18,112.24,103.21,101.05,97.49,92.79,92.71,95.51,94.98,95.67,95.84,87.04,95.45,92.06,99.97,96.28,93.66,97.33,94.31,87.44,90.65,95.00,94.59,93.56,98.60,104.82,91.88,90.92,96.20,92.88,94.16,94.65,94.56,95.05,95.03,98.84,95.45,103.32,98.44,105.76,101.42,104.09,95.38,92.42,94.01,92.53,100.38,99.00,95.76,94.72,97.76,99.65,112.72,106.99,104.10,105.92,100.60,103.84,115.34,110.62,120.50,118.60,125.34,110.96,106.23,100.63,97.91,97.64,94.04,94.11,115.59,104.81,97.61,96.93,,,,,,,,,,,,,,,,,,,,,,,,,,,,,,,,,,,,,,,,,,,,,,,,
Producto,0.001306729,01171079,ZANAHORIA AMARILLA,97.20,96.39,99.83,100.25,99.68,100.26,101.21,102.29,102.78,118.14,128.58,124.92,130.78,128.73,124.16,120.83,112.97,113.41,111.00,109.09,104.44,100.48,100.76,102.74,100.93,101.89,101.72,126.80,165.45,158.83,153.68,140.59,126.04,118.95,116.13,114.00,113.28,115.45,124.73,122.34,118.65,114.48,103.37,103.00,107.16,105.73,105.30,108.47,107.11,105.99,109.24,112.04,110.44,103.67,107.64,108.04,110.16,124.69,112.45,107.06,111.02,104.06,108.42,153.72,127.95,116.99,109.62,114.50,115.10,109.93,113.48,108.40,105.43,100.52,99.88,100.15,101.29,97.35,97.23,99.31,99.45,99.42,98.51,96.34,99.92,99.74,102.00,104.52,119.13,154.67,136.14,117.87,117.96,113.18,111.17,108.63,111.62,114.12,113.66,117.35,126.26,131.94,128.82,125.77,118.41,113.25,117.92,116.12,124.23,126.56,131.59,127.28,122.60,114.28,116.32,116.20,124.25,131.03,127.32,129.15,124.26,117.65,125.75,141.24,139.73,149.23,144.10,157.37,165.97,176.33,144.02,141.59,145.46,140.11,129.50,131.57,121.06,122.87,,,,,,,,,,,,,,,,,,,,,,,,,,,,,,,,,,,,,,,,,,,,,,,,
Producto,0.000924896,01171080,ARVEJA TIERNA,97.53,99.11,100.90,116.17,105.44,104.58,102.16,99.95,100.05,97.30,105.31,107.93,96.48,96.95,114.99,168.86,154.34,122.41,98.66,95.60,87.84,91.18,91.59,105.31,113.67,145.44,144.36,136.23,143.75,208.43,211.14,178.26,129.80,105.53,94.36,93.05,105.62,111.30,106.07,106.43,105.85,115.74,107.43,102.78,105.74,103.47,101.37,105.75,172.24,133.52,112.92,107.32,104.53,108.23,107.23,101.71,99.20,110.66,101.05,98.94,100.67,113.22,130.15,125.08,122.88,111.10,101.71,98.18,95.44,93.16,95.90,98.41,109.31,122.76,123.61,137.81,135.05,131.53,141.59,116.35,103.48,94.49,89.18,91.54,107.84,114.14,122.01,149.69,150.88,151.49,122.94,103.82,104.45,109.24,119.41,137.70,123.60,111.82,114.76,123.34,131.21,148.94,159.81,147.00,131.37,110.57,101.98,112.81,127.19,139.30,120.05,113.89,114.34,126.00,135.16,126.72,121.69,106.60,98.11,104.41,119.65,161.54,188.41,195.28,175.30,217.41,176.33,135.22,129.90,127.70,118.83,120.11,118.09,115.95,151.76,139.33,126.16,115.25,,,,,,,,,,,,,,,,,,,,,,,,,,,,,,,,,,,,,,,,,,,,,,,,
Producto,0.001157899,01171081,FRÉJOL TIERNO,100.41,98.82,98.76,106.63,97.52,98.81,97.40,98.57,98.07,98.80,101.47,104.05,102.99,106.67,109.65,112.73,107.52,102.93,98.71,95.85,96.16,97.79,99.24,100.25,105.07,107.92,106.76,102.55,103.29,105.33,102.19,101.81,97.36,97.31,97.43,100.05,104.69,103.86,102.27,101.51,98.64,101.88,99.13,94.76,98.86,103.68,102.22,100.88,102.94,98.44,100.30,107.46,99.45,96.70,99.47,97.45,100.75,108.85,104.75,104.87,100.83,98.07,99.64,108.53,107.70,104.23,98.06,96.90,97.39,95.60,95.90,97.76,106.49,110.96,106.00,104.42,101.40,99.52,101.47,97.39,94.72,93.45,97.13,97.41,99.45,97.76,102.73,117.55,112.80,107.68,105.02,95.84,100.10,99.47,100.16,105.60,102.46,101.13,101.22,108.15,104.74,109.37,106.98,108.02,109.88,110.98,109.33,108.39,110.44,108.81,105.25,101.13,104.05,104.05,104.60,104.69,103.82,106.08,109.21,111.25,113.76,115.64,121.23,128.61,120.86,120.40,115.17,109.50,109.03,113.09,107.98,107.47,108.16,109.89,117.05,120.66,113.87,113.12,,,,,,,,,,,,,,,,,,,,,,,,,,,,,,,,,,,,,,,,,,,,,,,,
Producto,0.00080172,01171082,HABA TIERNA,97.18,98.28,96.81,98.33,96.81,95.08,97.97,97.65,98.58,96.17,96.63,97.89,101.19,102.78,110.50,118.40,116.81,113.18,110.34,110.37,99.30,99.06,99.54,99.27,109.26,110.84,117.68,118.77,115.26,110.35,106.30,107.69,100.72,99.16,102.61,100.54,108.10,105.88,106.54,105.00,101.51,101.33,100.78,104.34,104.40,104.58,103.56,106.70,110.07,106.98,103.62,107.64,104.84,101.82,104.23,103.08,101.92,107.07,104.79,102.46,100.82,101.38,102.03,133.14,113.13,111.46,106.19,103.09,101.19,99.85,96.31,98.01,98.81,104.75,107.47,107.47,105.88,106.07,99.93,100.42,99.21,98.17,98.29,98.34,107.30,110.21,112.57,110.54,108.65,115.36,112.56,109.40,108.41,106.71,107.35,105.00,105.63,106.74,107.97,110.50,107.87,108.40,111.08,111.21,113.84,113.03,110.69,109.99,112.38,118.43,118.30,116.33,112.10,111.93,112.54,110.79,116.39,116.07,117.56,118.34,134.20,136.49,142.14,142.39,135.39,128.31,124.98,120.75,124.53,126.58,117.38,113.92,118.92,119.57,118.35,119.18,121.24,121.27,,,,,,,,,,,,,,,,,,,,,,,,,,,,,,,,,,,,,,,,,,,,,,,,
Producto,0.000633071,01171083,OTROS PRODUCTOS DE HUERTA FRESCOS,104.36,110.27,110.55,107.91,105.72,102.92,109.81,115.16,117.96,121.96,119.77,114.80,106.47,106.14,105.03,107.22,108.42,101.45,100.39,97.76,99.47,101.57,98.35,101.96,103.45,106.78,107.12,107.85,109.47,111.80,115.12,114.23,104.65,103.34,101.81,104.41,102.82,104.16,107.32,105.12,100.63,103.84,106.84,106.09,108.87,109.23,110.26,106.71,108.08,117.13,119.83,116.66,114.91,112.77,112.52,116.07,117.59,114.46,107.79,103.66,105.73,113.33,121.06,117.23,117.81,113.62,110.78,111.63,110.37,108.13,103.70,106.96,105.02,108.53,112.41,113.58,113.07,112.98,114.03,114.46,116.67,116.95,118.32,118.30,119.58,123.08,121.07,122.78,122.46,122.53,123.11,122.85,120.19,122.85,122.00,122.38,122.19,123.81,123.06,122.71,124.04,124.01,125.33,123.07,126.96,129.20,129.21,126.65,123.01,126.71,127.53,129.41,123.65,123.74,126.18,126.01,128.58,134.54,132.41,130.41,126.64,125.52,126.91,125.78,129.44,133.56,134.28,131.13,128.25,128.23,126.67,126.79,130.25,131.04,130.55,129.56,126.01,123.61,,,,,,,,,,,,,,,,,,,,,,,,,,,,,,,,,,,,,,,,,,,,,,,,
Subclase,0.006186635,01172,Papas y tubérculos,106.78,104.70,100.75,99.66,100.12,99.98,101.81,101.89,102.30,102.89,103.75,103.62,103.34,103.36,103.38,103.91,105.26,104.07,102.64,102.04,101.45,101.12,101.00,101.92,104.27,103.91,105.68,104.56,104.57,104.12,103.56,106.11,105.81,105.77,110.27,107.47,109.00,107.01,102.29,102.45,101.36,100.13,100.55,99.70,101.19,103.23,105.30,104.70,103.54,102.02,103.04,101.42,102.65,103.97,105.63,105.05,107.73,116.24,110.11,106.02,105.69,101.36,100.25,112.51,107.52,105.78,103.13,102.61,100.80,99.58,97.42,98.47,98.85,102.47,103.41,101.33,101.25,98.51,99.18,100.65,99.31,100.15,103.47,105.91,109.31,109.08,113.22,112.71,111.67,112.64,111.50,107.78,107.11,109.42,109.03,109.50,108.93,108.33,105.83,103.45,104.03,106.10,103.69,106.76,106.51,113.32,116.92,117.51,119.89,116.15,116.42,115.25,114.34,113.82,116.70,118.75,122.78,122.19,121.95,123.21,122.45,118.56,118.80,113.22,111.95,108.50,110.92,114.49,119.97,128.88,124.58,123.79,126.12,125.06,125.23,121.23,119.17,119.04,,,,,,,,,,,,,,,,,,,,,,,,,,,,,,,,,,,,,,,,,,,,,,,,
Producto,0.004636972,01172084,PAPA ,108.14,104.87,100.36,98.47,98.54,97.77,99.86,100.26,100.81,101.26,102.64,102.01,101.56,101.51,102.02,102.66,104.64,103.65,101.86,101.91,101.23,101.23,101.04,101.26,103.00,103.27,104.45,102.80,102.42,101.57,100.47,102.52,102.66,103.18,105.65,102.45,105.42,102.74,98.50,99.13,96.98,96.13,97.48,96.65,98.20,101.32,104.22,103.99,102.68,101.76,101.94,100.90,102.59,103.90,105.87,104.54,107.49,118.05,110.64,106.69,105.88,101.81,100.62,110.94,106.01,104.66,101.41,101.64,99.95,97.96,96.24,97.01,98.35,102.82,104.40,101.42,101.74,98.28,98.14,100.28,98.30,98.75,103.08,105.85,108.54,105.99,110.87,111.51,110.13,110.49,108.70,104.87,103.44,106.90,107.38,108.65,107.40,106.48,102.77,100.08,100.59,102.07,98.62,102.15,101.14,112.54,116.53,117.30,120.72,116.00,116.78,114.57,113.45,112.24,115.34,117.04,121.76,119.81,119.66,121.07,120.22,114.03,114.67,107.74,106.07,102.29,104.56,108.54,113.03,121.92,118.08,117.60,117.52,114.98,117.59,115.06,114.17,115.26,,,,,,,,,,,,,,,,,,,,,,,,,,,,,,,,,,,,,,,,,,,,,,,,
Producto,0.001253859,01172085,YUCA Y CAMOTE,100.30,100.29,98.92,102.36,105.12,108.33,110.02,108.60,108.71,109.65,107.56,105.20,104.92,105.55,103.52,104.18,106.52,105.89,106.18,104.53,104.30,102.53,99.04,101.13,103.47,100.14,103.48,108.74,112.71,115.42,116.49,120.32,117.73,114.91,125.93,120.58,118.95,120.95,115.04,115.00,118.02,116.33,112.77,112.29,112.86,110.86,109.21,107.13,104.88,102.19,107.56,104.49,104.76,106.21,108.16,109.03,110.85,111.57,109.98,104.99,105.62,100.30,99.25,114.77,111.15,108.42,109.30,106.80,105.37,105.98,102.40,104.44,102.03,100.67,100.43,100.86,99.52,99.88,103.20,102.50,102.09,103.72,104.03,105.60,111.70,119.69,122.62,118.52,118.39,120.20,122.04,118.16,120.20,118.18,113.79,111.67,112.93,112.22,113.15,111.62,115.08,119.85,120.55,122.48,125.31,117.09,119.24,118.21,117.43,116.98,115.53,119.17,120.92,122.34,125.27,130.34,132.86,136.90,136.69,136.95,133.27,129.88,126.36,123.95,125.39,126.08,127.80,130.86,139.59,144.62,138.73,133.52,135.90,141.49,138.03,133.46,129.60,127.57,,,,,,,,,,,,,,,,,,,,,,,,,,,,,,,,,,,,,,,,,,,,,,,,
Producto,0.000295803,01172086,MELLOCO,112.99,120.70,114.65,106.95,103.59,99.26,97.54,98.97,98.44,99.93,105.03,122.24,124.59,123.08,124.12,122.32,109.52,102.81,99.85,93.56,92.78,93.46,108.69,115.47,127.68,129.79,134.21,114.40,103.89,96.12,97.16,102.26,104.73,107.70,116.39,130.56,122.93,114.94,107.77,101.23,99.46,94.21,96.87,94.08,98.57,100.91,105.70,105.53,111.25,105.30,101.00,96.44,94.71,95.54,91.10,96.15,98.31,107.64,102.39,99.93,102.99,98.68,98.58,127.67,115.84,112.14,103.87,100.06,94.84,97.73,94.87,96.08,93.13,104.64,100.46,101.89,100.92,96.40,98.49,98.63,103.44,106.92,107.26,108.04,111.18,112.51,110.08,106.89,107.31,114.33,110.78,109.43,109.21,111.86,114.81,113.55,115.99,120.88,122.78,121.75,111.17,111.04,111.60,112.42,111.09,109.55,113.26,117.80,117.22,115.08,114.57,109.16,100.34,102.57,101.83,96.46,95.94,97.11,95.41,98.53,111.53,141.48,151.50,153.67,147.18,131.33,139.16,138.37,145.54,171.39,166.36,179.60,219.38,213.40,190.68,165.99,153.28,142.12,,,,,,,,,,,,,,,,,,,,,,,,,,,,,,,,,,,,,,,,,,,,,,,,
Subclase,0.001859192,01173,Leguminosas secos y vegetales en conserva,96.44,96.82,100.70,102.93,102.66,102.64,104.98,104.81,106.89,108.45,106.27,110.60,117.83,125.81,127.84,129.89,134.07,135.79,132.80,133.35,127.24,123.53,123.84,126.47,127.01,123.45,122.04,123.47,123.20,121.47,120.11,119.26,117.45,116.45,114.54,113.25,113.96,111.99,110.87,109.74,109.25,104.77,103.59,104.01,102.55,101.58,102.54,100.50,101.51,100.65,100.15,99.09,99.44,96.06,96.09,97.39,97.61,96.93,94.76,95.48,97.12,96.57,98.13,110.60,108.56,110.05,104.35,102.02,99.33,96.15,95.36,93.55,92.87,95.77,95.78,96.87,95.66,96.13,97.09,97.68,100.47,105.43,107.36,107.18,109.31,109.53,111.38,113.03,111.34,114.11,115.22,114.14,114.87,114.17,114.51,119.47,120.59,121.98,123.45,124.17,125.30,126.83,129.73,130.57,128.65,126.94,126.63,127.60,128.31,129.62,131.55,136.26,136.52,136.92,137.60,136.21,136.85,135.22,132.74,131.79,130.17,128.11,128.42,126.91,123.97,123.77,124.17,123.86,123.47,124.72,124.45,123.66,121.16,120.69,122.25,120.22,122.65,123.19,,,,,,,,,,,,,,,,,,,,,,,,,,,,,,,,,,,,,,,,,,,,,,,,
Producto,0.00052416,01173087,FRÉJOL SECO,74.73,75.02,75.69,73.63,74.64,78.62,80.23,80.84,88.95,102.09,101.14,108.15,118.30,124.02,127.21,133.52,143.91,150.73,143.27,134.38,117.15,104.41,98.76,101.85,99.61,100.02,97.32,97.36,97.97,98.15,98.85,96.99,97.72,92.79,89.55,88.53,88.82,86.98,84.76,86.41,84.45,81.53,80.90,81.31,80.79,78.96,80.79,78.77,80.57,82.03,81.00,80.71,79.93,80.44,81.40,82.51,83.96,82.56,80.13,80.65,87.81,89.72,87.98,106.14,111.17,107.19,101.24,97.57,92.29,88.77,86.92,83.25,82.36,81.42,81.41,80.84,80.40,78.64,76.97,77.08,76.55,75.72,75.37,73.85,71.08,71.30,71.93,73.55,71.05,72.19,78.92,77.16,79.15,79.80,80.97,90.58,95.69,101.80,104.86,109.08,110.26,115.57,123.40,124.91,119.43,117.26,116.66,119.31,122.07,123.13,122.61,121.48,120.40,119.74,120.56,116.68,110.67,106.61,103.55,102.05,100.47,97.59,98.27,93.90,91.66,90.55,90.95,92.95,93.81,99.23,98.58,97.88,96.18,96.59,99.41,102.98,107.30,113.19,,,,,,,,,,,,,,,,,,,,,,,,,,,,,,,,,,,,,,,,,,,,,,,,
Producto,0.001077902,01173088,LENTEJA,106.09,106.55,113.01,117.79,116.95,114.65,117.96,117.37,117.69,114.13,110.85,114.86,122.44,133.09,134.85,135.11,137.29,136.87,135.32,140.53,138.28,137.88,141.24,144.60,146.70,140.43,139.23,142.15,141.11,138.33,135.89,135.37,132.50,133.41,130.93,129.30,130.37,128.04,127.07,124.54,124.85,118.40,116.83,118.30,115.18,114.46,115.50,113.36,113.90,111.16,110.98,109.10,110.47,104.31,103.70,105.37,105.16,104.79,102.21,103.49,102.75,100.05,103.35,115.97,110.83,115.18,108.31,106.51,104.01,100.16,99.73,98.46,97.38,102.56,102.77,104.92,103.25,105.17,107.23,108.23,113.22,122.18,124.86,125.32,130.15,130.62,133.59,135.51,133.66,137.85,137.37,135.68,135.89,134.38,134.20,137.47,136.87,136.20,136.82,135.96,137.30,137.22,138.35,139.07,137.90,135.72,135.45,135.81,135.67,137.53,141.08,149.66,150.64,151.70,152.43,152.25,156.24,155.29,152.38,151.52,149.61,147.56,147.32,147.95,143.90,143.74,144.19,142.62,141.68,141.51,141.21,140.29,136.93,136.16,137.46,131.80,133.75,131.93,,,,,,,,,,,,,,,,,,,,,,,,,,,,,,,,,,,,,,,,,,,,,,,,
Producto,0.000113007,01173089,ARVEJA SECA,95.80,96.29,96.13,96.66,97.17,98.22,97.67,97.62,96.80,97.19,97.02,98.09,97.44,97.40,98.74,99.85,99.61,98.79,98.34,98.12,98.21,97.75,96.52,96.52,96.88,97.11,97.01,94.57,94.11,91.97,91.10,90.43,83.51,83.38,90.10,90.00,90.00,90.30,90.70,88.22,87.77,87.41,86.30,81.23,85.17,85.19,82.18,77.91,81.10,85.03,83.34,84.73,84.51,84.74,83.37,84.15,83.17,84.72,84.48,84.67,84.67,84.81,84.81,85.59,84.68,85.88,85.59,84.33,85.76,86.67,86.67,85.90,87.04,87.09,87.09,87.22,86.58,85.94,87.79,87.44,88.83,88.66,96.11,98.70,98.70,99.31,97.07,98.49,96.95,95.64,90.48,90.85,91.27,91.95,92.94,96.27,96.29,94.19,96.04,96.51,96.76,96.95,96.52,96.52,97.23,97.06,97.24,97.24,97.46,97.16,97.69,97.61,97.48,97.25,97.14,96.61,96.61,96.92,96.92,96.65,96.66,96.41,97.64,97.11,96.99,96.62,97.00,97.04,96.95,96.55,97.27,96.37,97.14,96.67,96.42,97.55,97.61,96.90,,,,,,,,,,,,,,,,,,,,,,,,,,,,,,,,,,,,,,,,,,,,,,,,
Producto,0.000144122,01173090,MOTE,103.70,103.70,103.26,103.25,102.04,103.67,103.70,103.69,99.35,97.95,97.98,97.44,97.56,100.16,100.52,101.21,101.25,102.44,102.97,103.48,104.11,105.99,106.31,103.90,102.99,102.40,103.04,101.32,103.85,103.34,102.14,102.39,103.24,101.50,102.07,101.34,101.44,99.98,100.46,100.80,99.59,100.99,100.66,97.53,100.78,100.30,100.67,101.01,101.01,102.02,101.98,102.25,99.59,100.09,102.53,102.27,102.13,99.94,100.31,98.01,98.66,104.71,106.45,106.23,100.77,101.05,100.68,98.47,100.61,100.46,100.17,100.35,102.02,104.03,102.57,102.47,101.59,100.10,101.77,101.69,101.28,101.35,101.59,99.42,100.86,98.90,99.99,99.89,102.16,103.42,100.90,105.77,105.99,105.53,106.20,108.09,108.37,110.75,112.54,112.51,112.58,113.48,114.30,114.32,117.70,119.85,119.98,120.20,120.20,119.58,119.40,120.02,120.12,119.95,120.29,118.34,118.67,119.23,120.09,119.88,119.10,118.54,120.90,112.99,113.57,116.49,116.49,117.00,115.90,113.97,114.44,114.39,112.91,111.39,111.87,114.11,115.08,114.86,,,,,,,,,,,,,,,,,,,,,,,,,,,,,,,,,,,,,,,,,,,,,,,,
Clase,0.008889887,0118,"Azúcar, mermelada, miel, chocolate y dulces de azúcar (ND)",100.18,100.08,100.09,100.43,100.42,100.58,100.54,100.11,100.24,100.32,100.13,99.70,99.02,99.21,98.60,100.12,100.71,101.73,101.44,101.46,102.93,103.14,101.99,102.61,100.36,102.56,102.20,103.33,102.59,100.88,99.97,100.87,100.17,102.30,100.68,101.35,100.53,100.24,100.45,101.26,101.33,100.62,100.53,99.83,100.81,100.11,100.33,99.90,99.97,100.85,100.10,101.40,100.02,99.15,100.05,100.68,99.90,101.28,100.31,99.03,100.20,100.71,100.95,103.35,102.23,101.64,101.26,99.75,99.81,100.75,99.83,98.93,99.29,98.22,98.17,100.67,100.78,99.03,100.63,99.57,99.95,98.08,98.04,96.70,97.66,98.14,101.05,102.34,102.39,102.41,102.70,103.93,104.56,105.63,105.70,105.67,107.06,106.97,107.13,108.47,108.71,108.63,112.79,114.91,114.90,115.48,115.08,115.81,114.52,116.29,115.39,117.81,117.39,115.96,116.31,116.52,116.39,115.17,115.45,115.40,115.79,115.87,116.53,116.37,115.16,112.45,112.32,113.23,113.76,113.46,113.17,111.06,111.49,110.84,109.97,110.50,109.79,111.67,,,,,,,,,,,,,,,,,,,,,,,,,,,,,,,,,,,,,,,,,,,,,,,,
Subclase,0.004630781,01181,Azúcar y sucedáneos del azúcar,98.03,98.37,97.79,97.70,97.14,97.65,97.34,97.14,97.23,96.55,96.53,97.02,96.69,97.09,96.19,96.45,96.37,95.98,96.06,95.79,95.83,95.69,95.29,95.66,95.42,95.74,95.16,96.68,96.37,96.43,97.04,96.10,96.81,96.84,96.63,96.61,96.49,95.04,95.61,96.00,95.51,94.86,94.70,95.53,95.70,95.87,95.36,94.20,95.26,95.70,95.65,95.60,95.76,95.02,95.00,94.93,95.56,95.75,95.62,95.70,96.19,95.93,95.70,99.87,97.75,97.82,95.95,94.23,94.78,94.95,94.35,94.48,94.73,94.43,94.74,94.61,95.10,94.78,94.75,94.45,94.56,94.51,94.18,94.01,94.85,94.71,95.00,95.15,95.86,96.16,97.40,100.41,102.25,101.08,100.99,101.85,101.72,101.25,102.81,103.69,103.01,105.21,113.81,116.91,117.04,117.83,116.61,117.12,116.77,116.59,115.58,115.52,116.71,115.26,115.23,115.05,113.96,113.58,113.25,114.18,113.62,113.97,113.22,112.82,112.58,108.98,107.04,107.58,107.76,107.84,106.87,105.50,106.33,105.32,104.69,104.19,104.22,105.88,,,,,,,,,,,,,,,,,,,,,,,,,,,,,,,,,,,,,,,,,,,,,,,,
Producto,0.004297457,01181091,AZÚCAR,97.82,98.15,97.53,97.43,96.85,97.39,97.05,96.84,96.94,96.25,96.19,96.69,96.34,96.77,95.81,96.08,95.99,95.56,95.65,95.35,95.41,95.34,94.90,95.29,95.11,95.37,94.74,96.38,95.92,95.93,96.41,95.44,96.13,96.17,95.92,95.89,95.76,94.26,94.84,95.28,94.71,94.00,93.80,94.77,94.92,95.18,94.59,93.41,94.48,95.01,94.95,94.97,95.09,94.28,94.25,94.17,94.87,95.09,94.99,95.00,95.53,95.29,95.04,99.45,97.16,97.12,95.11,93.29,93.93,94.10,93.47,93.60,93.87,93.54,93.88,93.75,94.22,93.91,93.84,93.53,93.66,93.61,93.31,93.07,93.96,93.80,94.08,94.22,94.89,95.08,96.46,99.61,101.57,100.25,100.37,101.16,101.01,100.40,102.05,103.03,102.32,104.81,113.90,117.18,117.34,118.20,116.87,117.42,117.12,116.80,115.82,115.61,116.91,115.54,115.39,115.14,114.13,113.53,113.22,114.16,113.51,114.00,113.05,112.66,112.35,108.49,106.37,106.95,107.22,107.20,106.21,104.75,105.69,104.47,103.71,103.17,103.47,104.96,,,,,,,,,,,,,,,,,,,,,,,,,,,,,,,,,,,,,,,,,,,,,,,,
Producto,0.000333324,01181092,SUSTITUTO DEL AZÚCAR,100.80,101.18,101.22,101.27,100.93,101.03,101.07,100.98,101.09,100.38,100.88,101.32,101.21,101.18,101.14,101.21,101.27,101.42,101.34,101.40,101.16,100.09,100.35,100.49,99.49,100.51,100.48,100.59,102.15,103.00,105.10,104.69,105.58,105.58,105.85,105.83,105.91,105.06,105.58,105.34,105.80,105.96,106.34,105.25,105.80,104.82,105.30,104.47,105.35,104.64,104.67,103.75,104.42,104.67,104.68,104.71,104.52,104.20,103.63,104.75,104.72,104.19,104.23,105.31,105.32,106.79,106.66,106.43,105.70,105.93,105.69,105.83,105.90,105.87,105.75,105.63,106.45,105.97,106.39,106.35,106.17,106.17,105.42,106.12,106.33,106.49,106.89,107.02,108.35,110.11,109.53,110.76,111.05,111.79,108.96,110.73,110.89,112.13,112.52,112.23,111.95,110.37,112.62,113.37,113.21,113.04,113.24,113.33,112.22,113.88,112.41,114.42,114.16,111.57,113.12,113.86,111.77,114.19,113.68,114.45,114.94,113.57,115.34,114.87,115.58,115.27,115.76,115.68,114.75,115.97,115.43,115.24,114.56,116.24,117.27,117.30,113.90,117.73,,,,,,,,,,,,,,,,,,,,,,,,,,,,,,,,,,,,,,,,,,,,,,,,
Subclase,0.004259106,01182,"Chocolates, dulces de azúcar y helados",102.50,101.94,102.58,103.40,103.99,103.76,104.02,103.34,103.51,104.42,104.05,102.61,101.55,101.50,101.21,104.11,105.43,107.98,107.30,107.63,110.65,111.25,109.27,110.15,105.73,109.97,109.85,110.55,109.34,105.72,103.15,106.05,103.82,108.23,105.08,106.50,104.92,105.89,105.71,106.97,107.66,106.88,106.86,104.51,106.37,104.73,105.72,106.10,105.09,106.45,104.94,107.71,104.65,103.63,105.55,106.93,104.61,107.30,105.41,102.66,104.56,105.91,106.67,107.14,107.11,105.81,107.03,105.76,105.28,107.05,105.78,103.75,104.25,102.34,101.91,107.25,106.96,103.65,107.02,105.13,105.82,101.95,102.24,99.61,100.71,101.88,107.63,110.17,109.50,109.21,108.47,107.76,107.07,110.57,110.82,109.83,112.86,113.19,111.82,113.66,114.89,112.36,111.68,112.75,112.57,112.92,113.43,114.37,112.08,115.97,115.18,120.30,118.12,116.73,117.48,118.13,119.04,116.89,117.85,116.73,118.15,117.94,120.14,120.24,117.96,116.23,118.05,119.37,120.29,119.58,120.03,117.10,117.09,116.84,115.72,117.36,115.85,117.97,,,,,,,,,,,,,,,,,,,,,,,,,,,,,,,,,,,,,,,,,,,,,,,,
Producto,0.000477936,01182093,CARAMELOS,109.56,108.97,109.20,109.52,113.75,115.85,116.28,116.15,116.06,114.98,112.82,114.37,113.58,114.51,114.35,114.45,115.77,118.98,112.88,117.44,115.07,119.95,120.19,113.83,100.82,108.77,115.19,112.69,107.98,108.71,108.35,119.97,109.47,119.25,117.58,120.36,115.38,120.23,117.60,112.16,115.02,109.06,106.76,110.18,112.21,113.34,110.46,112.59,110.93,109.35,112.06,113.65,111.44,113.08,112.09,113.75,113.83,114.42,110.94,110.78,114.14,115.75,113.57,114.93,116.50,117.07,116.85,113.89,115.92,115.45,113.42,112.63,117.44,111.44,111.03,117.58,117.44,117.25,118.18,117.89,118.15,117.83,116.29,111.26,112.28,115.94,119.91,116.97,119.55,119.07,122.67,125.92,126.21,122.78,117.53,118.24,123.38,125.79,127.70,128.24,127.86,118.49,117.83,118.02,116.79,117.35,117.81,117.35,117.42,116.67,117.74,119.96,121.74,121.20,114.08,115.01,115.38,115.30,118.30,118.40,118.26,117.04,119.59,123.31,122.79,119.17,121.94,119.25,118.91,122.90,121.16,121.55,121.69,120.94,118.98,120.50,120.58,126.05,,,,,,,,,,,,,,,,,,,,,,,,,,,,,,,,,,,,,,,,,,,,,,,,
Producto,0.000942338,01182094,CHOCOLATES,101.92,99.62,103.25,103.87,103.38,103.47,103.91,103.91,103.88,104.08,104.13,102.82,96.57,98.44,103.23,107.11,111.55,114.14,114.99,113.91,115.48,115.19,114.97,114.89,116.21,114.41,116.29,116.05,112.31,111.60,112.09,111.47,111.55,109.94,111.03,110.96,103.39,106.05,101.27,108.03,110.18,111.52,111.27,110.57,111.92,111.61,111.22,111.75,111.75,108.70,111.89,111.54,107.04,111.66,109.80,111.02,111.19,110.02,109.99,109.96,109.48,108.89,109.76,110.02,109.50,109.60,108.14,110.05,109.99,109.51,108.88,111.05,110.41,104.94,110.94,108.61,111.41,109.52,108.96,109.63,109.74,109.16,110.73,110.88,109.98,100.98,108.69,108.64,105.06,108.00,108.50,105.55,109.29,108.06,114.55,117.19,117.34,118.02,118.63,119.71,119.78,117.93,118.88,115.66,117.75,116.62,115.62,118.75,117.79,114.31,112.69,120.60,121.92,121.50,121.91,122.92,127.99,118.36,132.42,130.53,135.40,127.28,135.90,134.83,130.36,123.21,134.21,134.54,135.40,132.94,134.67,130.62,131.83,122.87,126.47,124.83,126.63,127.43,,,,,,,,,,,,,,,,,,,,,,,,,,,,,,,,,,,,,,,,,,,,,,,,
Producto,0.000770055,01182095,CHICLE,98.81,98.31,98.31,98.31,98.31,98.31,98.31,96.77,96.28,96.42,96.42,96.29,96.37,97.00,98.09,98.09,98.08,99.77,99.77,99.98,100.14,100.00,99.93,99.88,99.88,99.82,99.54,99.14,99.20,97.96,97.98,98.01,97.98,98.15,98.46,98.61,98.61,98.67,98.53,99.45,99.75,99.80,99.80,100.04,99.84,99.77,99.13,98.93,98.93,98.88,98.88,98.87,98.64,97.50,98.06,98.52,99.14,99.14,99.14,99.14,99.14,99.14,99.31,99.35,99.64,98.39,100.08,99.67,100.08,100.24,99.62,99.62,99.68,99.68,100.35,100.47,99.17,100.47,100.50,100.50,100.45,100.45,100.45,99.91,99.98,99.98,100.02,99.89,100.01,100.01,100.16,100.29,100.03,100.22,100.25,100.34,100.86,102.06,101.88,102.21,102.21,102.59,102.08,102.08,102.01,102.74,102.99,103.01,104.23,103.85,104.08,106.28,106.06,104.74,104.32,105.74,106.04,105.94,106.04,106.19,106.19,106.30,106.18,106.28,107.39,107.25,107.33,107.36,107.36,107.41,107.41,107.41,106.27,106.76,106.88,106.64,106.80,106.80,,,,,,,,,,,,,,,,,,,,,,,,,,,,,,,,,,,,,,,,,,,,,,,,
Producto,0.002068777,01182096,HELADOS,102.52,102.72,102.35,103.67,104.13,103.14,103.37,102.56,103.15,105.11,104.83,102.14,102.96,101.57,98.42,102.60,103.00,105.70,105.32,105.36,111.34,111.62,107.63,110.97,104.27,111.99,109.51,111.80,112.08,105.24,99.80,103.35,101.18,108.65,101.94,104.20,105.55,105.19,107.65,108.08,107.76,106.90,107.50,102.11,104.92,101.45,104.58,104.70,102.99,107.57,102.38,107.87,104.22,100.07,104.88,106.62,101.51,107.45,104.38,98.77,102.12,104.79,106.40,106.93,106.62,104.24,106.84,104.19,102.61,106.53,104.90,99.92,100.09,100.04,96.27,106.78,105.41,99.01,105.99,101.85,103.18,95.56,95.78,91.68,94.08,99.74,107.14,113.11,112.73,110.91,108.26,107.35,104.25,112.73,111.52,108.07,112.86,112.22,108.76,111.79,114.40,112.04,110.56,114.17,113.17,114.00,115.30,115.93,111.17,121.08,119.86,125.46,120.05,117.99,121.15,121.28,120.64,120.67,115.51,113.98,114.73,118.22,118.28,118.07,115.14,115.71,113.77,116.96,118.53,117.26,117.79,113.51,113.35,116.89,113.35,117.22,113.22,115.95,,,,,,,,,,,,,,,,,,,,,,,,,,,,,,,,,,,,,,,,,,,,,,,,
Clase,0.00425815,0119,Productos alimenticios n.e.p. (ND),101.32,100.57,101.64,102.69,103.41,103.53,103.28,105.79,105.76,106.46,104.27,106.94,107.86,115.46,109.74,110.71,112.14,111.71,112.74,110.04,109.85,113.67,107.87,109.57,112.13,113.36,122.38,124.57,123.33,119.16,116.03,116.05,113.27,112.69,112.42,112.84,113.03,116.81,119.68,112.30,112.03,116.04,113.49,115.70,113.16,111.77,112.58,115.13,113.74,113.12,117.01,120.12,115.27,114.07,113.20,113.15,111.77,112.65,111.76,110.59,114.61,112.20,114.63,117.36,117.38,118.99,119.04,116.60,114.97,114.75,115.27,115.85,116.07,114.63,115.53,116.27,112.53,112.35,117.14,113.80,111.98,111.21,111.32,112.42,118.69,114.11,112.67,120.16,123.25,125.47,123.06,121.62,124.92,123.26,121.81,120.03,119.97,123.36,123.66,130.23,137.04,132.43,130.39,132.43,130.06,126.64,125.39,124.09,124.45,131.37,137.67,147.83,143.08,130.23,127.67,131.11,130.00,127.06,124.41,126.49,126.37,125.19,137.22,135.53,131.04,127.61,128.10,127.50,126.39,125.09,125.68,124.79,130.91,130.63,123.89,124.22,128.73,123.26,,,,,,,,,,,,,,,,,,,,,,,,,,,,,,,,,,,,,,,,,,,,,,,,
Subclase,0.001213178,01191,Condimentos naturales,106.46,103.86,105.93,110.03,111.25,107.51,107.75,111.70,107.62,109.82,101.66,109.15,111.69,132.81,112.64,114.08,119.28,112.56,115.47,103.82,105.42,117.31,113.42,111.01,115.14,117.91,147.07,157.35,152.41,143.41,130.14,130.41,120.14,120.16,117.84,119.96,123.11,135.32,145.24,122.24,123.40,130.91,127.24,131.42,122.73,120.75,121.27,133.45,129.30,127.25,143.71,159.49,138.15,129.35,128.14,126.49,120.53,121.52,117.83,115.94,128.62,124.09,129.09,133.33,134.64,139.93,138.55,133.32,130.40,130.87,131.50,131.24,130.58,126.77,131.67,136.19,124.76,123.36,135.13,120.25,114.55,109.01,112.67,111.61,133.91,119.17,115.19,132.73,147.75,149.73,139.96,133.63,142.89,136.52,126.78,118.02,121.04,127.82,130.20,152.64,178.20,159.72,150.84,156.57,147.12,136.04,134.42,132.15,132.23,156.83,176.82,198.96,185.38,143.89,134.87,142.73,133.33,128.82,124.38,123.94,125.66,127.65,170.21,163.91,149.20,142.90,147.32,134.08,128.84,128.40,126.30,123.72,142.31,147.35,128.07,133.84,140.38,122.56,,,,,,,,,,,,,,,,,,,,,,,,,,,,,,,,,,,,,,,,,,,,,,,,
Producto,0.000331647,01191097,SAL,101.31,103.15,101.98,102.17,102.47,103.20,102.04,102.12,102.00,103.23,103.96,104.15,104.59,105.63,106.07,106.36,107.60,109.04,109.85,110.04,109.88,108.98,109.78,106.65,106.82,109.94,111.73,111.55,111.16,111.81,112.28,112.57,112.32,112.27,112.61,110.85,112.48,113.65,113.91,113.25,113.50,111.70,112.18,111.65,112.56,112.58,111.50,112.13,111.62,112.72,112.55,113.59,112.39,111.96,112.89,112.29,113.20,115.06,114.95,114.23,113.82,114.89,115.81,116.44,117.66,118.80,118.65,119.17,118.29,119.97,119.27,119.80,118.47,119.28,117.89,116.32,116.16,114.33,114.07,113.62,113.87,111.88,112.08,113.18,116.09,117.00,115.91,115.08,111.22,112.74,114.98,113.70,116.86,114.43,116.64,116.13,115.53,114.75,113.21,107.72,115.31,118.40,116.18,115.22,120.04,116.09,113.17,114.42,114.24,118.97,118.85,120.24,116.14,114.17,116.57,115.13,119.66,116.34,117.05,115.44,121.72,120.11,120.34,119.56,117.42,116.95,116.89,114.99,112.15,112.93,109.25,106.91,119.13,120.27,116.50,121.86,123.33,119.82,,,,,,,,,,,,,,,,,,,,,,,,,,,,,,,,,,,,,,,,,,,,,,,,
Producto,0.000881531,01191098,CULANTRO,108.40,104.12,107.42,112.98,114.55,109.13,109.90,115.31,109.73,112.31,100.80,111.03,114.37,143.04,115.12,116.98,123.68,113.88,117.58,101.49,103.74,120.45,114.78,112.65,118.27,120.91,160.37,174.58,167.93,155.30,136.86,137.13,123.08,123.13,119.81,123.39,127.12,143.47,157.03,125.62,127.13,138.14,132.90,138.86,126.55,123.82,124.95,141.48,135.95,132.72,155.43,176.76,147.84,135.89,133.88,131.84,123.29,123.95,118.92,116.59,134.18,127.55,134.09,139.68,141.02,147.88,146.03,138.65,134.96,134.97,136.10,135.55,135.14,129.59,136.85,143.66,127.99,126.76,143.05,122.75,114.81,107.94,112.90,111.01,140.61,119.99,114.91,139.37,161.49,163.65,149.36,141.12,152.68,144.83,130.59,118.74,123.11,132.74,136.59,169.54,201.86,175.26,163.87,172.13,157.31,143.54,142.41,138.83,139.00,171.07,198.63,228.57,211.43,155.07,141.76,153.12,138.47,133.51,127.14,127.14,127.14,130.49,188.97,180.59,161.16,152.67,158.76,141.26,135.12,134.23,132.71,130.04,151.02,157.54,132.43,138.34,146.80,123.59,,,,,,,,,,,,,,,,,,,,,,,,,,,,,,,,,,,,,,,,,,,,,,,,
Subclase,0.001554416,01192,Condimentos y aderezos procesados,99.28,98.96,99.03,98.76,99.03,101.37,102.09,104.28,107.03,107.17,107.69,108.40,105.99,107.87,109.16,110.35,109.60,112.39,112.65,112.14,111.41,111.36,102.39,107.37,110.77,112.34,112.10,112.76,113.01,109.90,112.22,111.89,112.22,110.85,111.49,112.35,109.67,110.17,109.65,110.67,112.26,114.04,110.99,112.14,112.08,111.76,113.35,111.51,110.17,108.64,108.72,106.39,110.44,110.50,109.59,111.00,111.75,112.53,113.01,111.42,111.87,113.79,113.35,113.92,113.46,112.91,113.83,112.87,113.12,112.66,112.54,113.22,114.15,113.14,113.04,110.55,111.78,112.54,113.79,112.47,111.11,114.12,113.31,113.51,114.14,115.08,114.43,118.98,116.26,123.04,122.55,123.48,123.16,123.41,126.34,126.68,124.15,128.59,125.91,126.36,124.16,124.86,126.31,126.75,125.69,127.03,124.62,122.13,124.20,123.95,125.85,130.33,128.96,126.73,126.49,128.37,130.17,128.73,132.79,131.74,129.94,125.56,128.42,127.44,127.42,124.59,122.54,125.55,129.66,122.52,126.32,125.03,128.40,125.08,122.76,119.95,124.92,125.33,,,,,,,,,,,,,,,,,,,,,,,,,,,,,,,,,,,,,,,,,,,,,,,,
Producto,0.000246778,01192099,MAYONESA,98.83,96.91,98.72,98.99,96.40,98.88,100.16,102.93,105.02,104.65,105.00,104.74,103.71,103.12,102.60,102.88,102.84,104.03,103.91,103.96,104.08,104.03,104.00,104.00,104.00,104.00,105.59,105.80,105.81,105.36,105.17,105.22,105.19,103.19,104.17,104.72,103.70,100.66,99.95,102.67,101.96,101.84,100.14,102.42,102.42,102.46,102.51,102.53,102.64,102.39,102.30,102.25,102.48,102.30,102.97,103.41,103.24,103.42,103.40,103.39,103.39,103.38,103.03,103.16,101.28,101.28,104.46,105.02,103.99,104.36,104.68,96.08,100.73,97.83,99.60,95.56,96.31,96.79,102.78,96.94,98.64,100.90,101.59,103.18,102.73,104.83,101.48,101.46,101.30,104.51,104.99,101.37,101.22,114.27,114.14,115.38,112.66,115.38,114.81,117.82,109.08,119.49,116.37,109.64,112.54,116.15,110.97,112.09,114.52,112.52,111.17,110.74,116.11,114.58,111.04,116.20,114.78,116.47,124.91,117.65,119.38,114.90,111.01,114.51,112.71,107.15,108.77,116.65,118.11,111.21,115.71,109.34,109.19,112.92,106.07,112.63,112.09,111.83,,,,,,,,,,,,,,,,,,,,,,,,,,,,,,,,,,,,,,,,,,,,,,,,
Producto,0.000326666,01192100,SALSA DE TOMATE,97.30,97.34,95.85,95.97,97.56,102.80,101.48,101.73,101.23,101.22,101.28,100.27,97.25,100.23,100.49,100.81,99.16,102.78,102.45,100.75,99.35,100.35,101.19,101.77,101.22,100.95,100.36,100.00,100.62,100.14,101.65,99.76,99.74,100.12,99.06,101.49,99.89,99.03,98.23,97.07,99.42,99.44,99.54,99.26,99.05,99.11,98.76,100.77,99.40,98.09,98.78,99.23,99.50,100.90,101.15,102.42,102.47,102.46,101.98,102.06,103.62,103.61,104.11,104.01,103.33,103.33,102.98,100.93,101.64,100.76,102.67,99.28,102.24,101.43,100.72,99.96,99.18,99.93,97.63,97.74,99.67,101.40,99.41,98.38,98.98,103.48,100.85,102.30,102.01,103.82,103.87,104.93,108.44,110.08,109.71,107.70,108.10,110.82,113.88,109.21,109.18,114.79,109.92,108.79,113.48,115.75,113.83,110.38,109.52,107.66,109.35,111.50,114.94,113.16,109.31,110.81,110.10,108.01,121.83,113.66,112.63,106.24,115.73,117.64,119.69,113.43,105.20,118.91,122.83,109.85,110.75,115.91,117.26,109.68,108.27,103.35,115.34,107.91,,,,,,,,,,,,,,,,,,,,,,,,,,,,,,,,,,,,,,,,,,,,,,,,
Producto,0.000100739,01192101,MOSTAZA,99.46,98.32,98.32,98.32,98.54,98.54,99.18,102.29,104.28,103.53,106.25,105.10,105.29,104.95,105.57,105.51,105.74,107.08,107.32,107.28,106.05,107.17,107.29,107.42,91.79,102.24,107.11,107.52,107.51,105.86,105.88,105.85,105.86,105.87,105.83,105.87,105.87,105.87,106.03,107.92,100.26,108.28,109.59,109.63,110.06,107.89,107.78,109.65,109.85,108.99,109.24,108.55,108.83,109.94,109.78,107.45,109.34,110.62,110.62,110.58,110.61,110.58,110.61,110.71,110.01,110.01,107.57,111.24,110.22,110.98,114.32,113.78,114.67,114.12,108.27,104.41,108.82,110.57,112.85,113.50,112.07,112.82,112.27,112.60,111.88,112.43,112.90,110.40,111.75,111.59,107.52,109.30,110.43,113.56,118.73,113.96,119.77,125.36,128.65,130.01,126.91,123.78,122.87,128.31,129.38,131.32,127.36,125.58,128.56,127.86,126.96,128.50,129.05,125.44,123.67,125.89,130.18,130.35,129.81,125.88,126.98,124.93,126.42,122.24,124.15,127.37,129.22,124.42,127.90,120.72,125.21,123.75,117.53,126.49,124.39,126.15,125.01,126.27,,,,,,,,,,,,,,,,,,,,,,,,,,,,,,,,,,,,,,,,,,,,,,,,
Producto,0.000427693,01192102,ALIÑOS PREPARADOS,98.27,98.36,98.27,98.41,100.14,101.27,102.84,101.94,103.28,103.56,103.49,104.21,107.99,111.94,111.75,111.78,111.41,112.92,112.70,112.54,112.78,112.51,99.04,104.47,109.88,112.79,112.34,112.87,113.29,111.16,111.32,111.16,112.72,111.98,111.88,111.45,111.34,111.40,111.48,112.49,111.99,111.71,111.29,110.53,109.29,110.20,110.05,109.37,110.36,110.07,109.09,109.89,111.07,110.61,110.63,110.89,110.92,110.90,109.80,106.95,108.49,110.67,109.81,110.09,110.90,111.12,110.94,111.12,111.45,111.74,111.93,111.99,112.03,110.58,110.64,112.29,112.31,111.28,111.85,111.91,111.73,112.17,112.40,112.34,112.58,112.61,112.57,112.52,112.54,111.76,111.54,113.02,113.23,103.44,109.86,110.05,110.19,109.81,110.29,109.12,108.14,105.86,108.82,112.74,115.53,115.32,114.07,115.99,116.32,116.80,118.66,115.93,120.32,115.06,121.10,120.44,121.15,121.64,121.83,120.43,121.96,121.87,121.91,121.10,119.68,119.50,116.54,118.04,117.78,117.84,119.54,118.67,120.59,119.78,119.65,118.35,114.62,115.50,,,,,,,,,,,,,,,,,,,,,,,,,,,,,,,,,,,,,,,,,,,,,,,,
Producto,0.00045254,01192103,CONDIMENTOS PROCESADOS,101.87,101.98,102.38,101.07,100.59,102.42,103.51,109.49,116.45,117.07,118.09,120.95,111.81,112.76,117.36,121.03,119.96,124.57,125.93,125.53,124.01,123.15,104.46,116.00,126.42,126.94,125.02,126.84,126.83,119.13,125.94,126.30,126.00,122.81,125.33,126.66,119.24,123.18,122.26,123.73,130.07,134.72,125.20,128.80,129.85,128.29,134.15,126.61,121.96,118.23,118.92,110.02,122.43,121.91,118.26,122.24,124.39,126.73,129.77,126.99,125.93,130.48,129.60,131.28,130.59,128.50,130.90,127.80,128.62,127.01,124.13,133.66,131.94,132.14,132.60,126.10,129.47,131.86,133.49,131.88,125.36,132.63,130.83,131.38,133.29,131.96,133.40,148.58,139.22,160.22,159.35,161.97,157.98,159.07,162.26,165.09,156.18,167.09,154.79,158.89,157.72,153.25,160.87,161.94,150.47,151.23,149.22,141.13,146.54,147.83,152.30,168.60,154.23,154.47,153.04,155.73,161.56,156.70,156.03,164.46,156.40,148.97,153.67,148.71,149.07,146.33,146.77,142.55,152.51,142.68,150.02,146.48,156.72,147.53,144.89,136.07,148.53,154.36,,,,,,,,,,,,,,,,,,,,,,,,,,,,,,,,,,,,,,,,,,,,,,,,
Subclase,0.001490556,01193,Preparados alimenticios,99.27,99.57,100.86,100.83,101.60,102.54,100.90,102.55,102.92,102.97,102.83,103.62,106.68,109.25,107.99,108.34,108.99,110.32,110.62,112.92,111.83,113.11,109.07,110.68,111.09,110.71,112.99,110.20,110.44,109.07,108.53,108.69,108.79,108.54,108.97,107.56,108.33,108.67,109.35,105.91,102.54,106.02,104.91,106.63,106.49,104.48,104.71,104.00,104.80,106.29,103.92,102.41,101.68,105.37,104.79,104.53,104.66,105.56,105.53,105.35,106.08,100.88,104.20,107.96,107.41,108.30,108.59,106.89,104.32,103.81,104.89,106.06,106.26,106.30,104.98,106.02,103.36,103.20,106.00,109.94,110.79,109.97,108.13,111.94,111.05,108.98,108.78,111.15,110.61,108.25,109.85,109.89,112.12,112.32,113.04,114.71,114.73,114.28,115.99,116.03,116.97,118.12,118.00,118.72,120.74,118.58,118.85,119.57,118.37,118.38,118.14,124.46,123.38,122.76,123.03,124.51,127.11,123.89,115.70,123.08,123.23,122.79,119.54,120.87,120.02,118.31,118.25,124.18,120.98,125.07,124.50,125.42,124.26,122.81,121.66,120.84,123.22,121.66,,,,,,,,,,,,,,,,,,,,,,,,,,,,,,,,,,,,,,,,,,,,,,,,
Producto,0.000445471,01193104,GELATINA EN POLVO,98.32,99.22,99.56,99.56,99.94,100.12,99.65,99.99,100.10,100.17,100.15,100.59,102.33,102.35,102.55,102.88,102.70,105.39,103.93,108.77,107.87,108.81,106.88,106.04,107.64,108.28,109.33,107.49,109.12,107.83,108.37,108.60,108.29,107.99,107.94,106.48,108.25,108.35,109.32,106.30,108.38,108.46,108.36,110.89,110.48,110.14,109.27,105.00,108.07,109.42,104.21,102.81,108.00,109.61,107.82,105.32,106.53,107.25,106.89,106.41,108.62,107.93,106.20,109.71,110.71,113.14,113.59,113.10,110.99,110.27,104.04,103.49,108.94,108.39,105.13,108.78,110.30,106.48,106.67,116.01,115.97,115.73,118.05,117.64,116.46,114.41,115.69,118.34,113.40,110.58,112.85,110.67,114.65,117.01,118.33,120.91,119.86,116.64,121.92,121.79,122.93,122.73,121.62,124.55,124.48,117.73,123.19,125.43,120.63,117.47,117.59,126.55,120.97,124.30,125.57,125.35,129.23,126.71,127.80,126.86,127.36,121.48,118.90,124.24,122.04,127.06,121.15,127.13,122.30,127.31,125.97,128.77,121.92,125.95,122.89,120.14,121.78,120.15,,,,,,,,,,,,,,,,,,,,,,,,,,,,,,,,,,,,,,,,,,,,,,,,
Producto,7.86191E-05,01193105,ALIMENTOS PREPARADOS PARA BEBÉ,120.76,121.08,121.36,121.43,121.17,131.83,140.71,141.12,144.17,144.39,141.52,141.37,135.95,136.90,142.46,142.46,142.46,145.59,144.49,145.92,145.93,145.85,145.89,145.88,145.86,135.88,145.31,144.20,144.19,138.95,119.82,117.83,116.10,116.10,116.11,116.12,109.80,115.68,115.91,113.45,115.32,115.32,115.32,114.56,108.22,110.08,113.55,112.89,113.59,114.11,114.65,111.76,113.33,112.84,113.01,112.29,105.89,113.24,113.48,112.83,113.06,110.40,111.36,116.34,114.00,113.90,115.16,110.32,103.99,101.37,112.94,113.74,104.43,115.73,100.95,114.61,109.72,111.74,112.23,112.68,104.45,112.55,112.52,110.31,106.53,114.67,111.62,111.99,110.82,113.66,114.56,113.61,113.87,110.33,109.45,112.73,108.31,112.90,112.24,114.46,105.30,113.12,115.25,113.92,110.28,114.33,114.49,108.70,106.59,109.09,110.39,117.94,111.98,108.87,109.07,114.35,116.67,114.48,107.99,111.06,110.14,112.09,108.66,109.57,110.46,110.22,112.42,113.80,109.81,110.25,110.56,110.93,110.10,112.66,112.44,110.35,111.28,109.11,,,,,,,,,,,,,,,,,,,,,,,,,,,,,,,,,,,,,,,,,,,,,,,,
Producto,0.000966466,01193106,SNACKS,97.95,97.99,99.80,99.73,100.78,101.28,98.23,100.60,100.87,100.89,100.92,101.94,106.30,110.19,107.69,108.08,109.16,109.72,110.95,112.15,110.88,112.42,107.09,109.96,109.86,109.78,112.04,108.69,108.31,107.21,107.69,107.98,108.42,108.18,108.86,107.36,108.25,108.25,108.82,105.12,98.81,104.13,102.47,104.02,104.52,101.41,101.89,102.82,102.57,104.21,102.92,101.47,97.82,102.81,102.73,103.54,103.70,104.16,104.26,104.26,104.34,96.85,102.70,106.47,105.36,105.61,105.74,103.74,101.27,101.03,104.63,106.62,105.18,104.57,105.24,104.04,99.64,100.99,105.19,106.91,108.91,107.10,103.20,109.44,108.93,106.02,105.37,107.77,109.31,106.74,108.08,109.24,110.82,110.32,110.90,112.02,112.88,113.30,113.56,113.50,115.17,116.40,116.56,116.42,119.86,119.32,117.21,117.76,118.28,119.55,119.02,124.02,125.42,123.18,123.00,124.95,126.98,123.36,110.75,122.32,122.39,124.26,120.72,120.23,119.87,114.93,117.39,123.67,121.27,125.25,124.96,125.05,126.48,122.18,121.84,122.02,124.86,123.37,,,,,,,,,,,,,,,,,,,,,,,,,,,,,,,,,,,,,,,,,,,,,,,,
Grupo,0.024968117,012,Bebidas no alcohólicas,102.13,102.50,102.56,103.35,104.16,104.78,104.75,105.77,105.32,106.50,107.01,107.37,104.81,108.56,109.09,109.14,111.74,118.80,119.59,120.13,120.93,120.54,119.72,118.60,119.34,120.55,120.38,120.14,116.20,113.11,114.01,112.72,113.07,112.73,115.54,119.56,118.89,119.00,119.68,119.80,120.97,120.65,120.79,120.28,120.77,120.69,120.17,119.97,120.42,120.62,120.32,120.31,121.07,120.24,120.86,120.88,120.73,121.06,120.54,119.86,120.35,120.32,120.20,120.87,119.71,120.76,120.70,119.42,119.12,118.62,118.86,118.22,119.20,119.91,119.73,119.61,118.80,117.92,118.77,120.26,120.51,120.57,120.83,121.82,122.88,122.44,122.94,122.87,122.70,123.11,121.86,122.73,123.03,124.23,124.93,124.43,124.71,124.72,125.28,123.95,125.95,126.39,127.20,126.68,127.41,126.18,126.91,127.74,126.26,126.86,126.77,131.23,131.04,131.24,131.00,131.91,132.37,131.50,131.73,130.72,132.20,132.31,133.30,133.47,134.95,136.22,135.77,135.27,134.55,134.16,133.54,131.34,135.49,134.23,134.02,134.83,134.84,133.70,,,,,,,,,,,,,,,,,,,,,,,,,,,,,,,,,,,,,,,,,,,,,,,,
Clase,0.002292017,0121,"Café, té y cacao (ND)",93.49,94.57,95.22,95.05,94.84,95.42,94.36,101.04,101.03,101.70,102.86,101.75,102.24,100.94,104.15,104.66,105.86,107.75,107.81,107.24,107.95,108.13,107.08,103.07,101.78,107.68,110.26,107.91,108.35,108.90,108.31,109.10,109.03,108.15,107.66,105.80,103.51,105.50,106.77,108.48,108.41,107.93,106.79,106.67,105.97,106.74,99.94,99.76,99.54,102.10,104.98,105.92,103.56,106.26,103.10,104.13,103.29,106.38,105.06,105.50,104.75,103.84,105.82,107.39,106.09,106.36,106.60,106.48,105.59,101.68,102.30,100.60,102.46,102.99,100.94,100.02,102.52,101.50,102.37,102.66,102.13,102.63,101.53,102.51,103.09,104.27,104.79,105.71,105.49,105.89,109.09,109.47,111.78,115.10,115.88,116.13,116.14,115.32,115.87,114.63,115.81,115.00,115.50,114.32,114.93,113.07,117.44,116.27,116.12,117.53,114.71,117.16,113.73,117.23,113.38,118.53,118.83,112.25,117.31,111.23,114.16,119.38,119.99,123.94,130.68,132.15,130.28,130.93,131.13,133.67,136.12,123.95,132.87,135.12,135.31,133.14,133.44,133.40,,,,,,,,,,,,,,,,,,,,,,,,,,,,,,,,,,,,,,,,,,,,,,,,
Subclase,0.002292017,01211,"Café, té y cacao",93.49,94.57,95.22,95.05,94.84,95.42,94.36,101.04,101.03,101.70,102.86,101.75,102.24,100.94,104.15,104.66,105.86,107.75,107.81,107.24,107.95,108.13,107.08,103.07,101.78,107.68,110.26,107.91,108.35,108.90,108.31,109.10,109.03,108.15,107.66,105.80,103.51,105.50,106.77,108.48,108.41,107.93,106.79,106.67,105.97,106.74,99.94,99.76,99.54,102.10,104.98,105.92,103.56,106.26,103.10,104.13,103.29,106.38,105.06,105.50,104.75,103.84,105.82,107.39,106.09,106.36,106.60,106.48,105.59,101.68,102.30,100.60,102.46,102.99,100.94,100.02,102.52,101.50,102.37,102.66,102.13,102.63,101.53,102.51,103.09,104.27,104.79,105.71,105.49,105.89,109.09,109.47,111.78,115.10,115.88,116.13,116.14,115.32,115.87,114.63,115.81,115.00,115.50,114.32,114.93,113.07,117.44,116.27,116.12,117.53,114.71,117.16,113.73,117.23,113.38,118.53,118.83,112.25,117.31,111.23,114.16,119.38,119.99,123.94,130.68,132.15,130.28,130.93,131.13,133.67,136.12,123.95,132.87,135.12,135.31,133.14,133.44,133.40,,,,,,,,,,,,,,,,,,,,,,,,,,,,,,,,,,,,,,,,,,,,,,,,
Producto,0.001295452,01211107,CAFÉ SOLUBLE,88.32,89.87,91.96,90.11,90.43,89.76,86.62,98.01,97.28,98.42,99.97,98.55,101.71,98.65,103.08,103.55,105.32,108.08,108.41,107.84,108.73,109.14,108.25,102.64,98.42,108.83,111.90,107.83,109.01,110.25,108.78,110.10,110.60,109.94,109.30,105.40,101.33,104.90,107.02,109.80,110.20,109.15,107.65,107.73,107.35,108.04,96.65,95.94,94.43,100.18,104.42,106.22,105.93,106.95,101.72,105.07,102.05,107.37,105.07,105.35,105.12,104.99,107.17,109.33,107.74,107.38,109.38,109.66,108.44,101.64,102.18,99.43,101.19,102.01,101.03,98.41,101.85,101.57,101.48,101.80,101.45,101.30,99.12,100.47,100.42,100.72,100.96,101.18,101.14,101.79,108.29,109.69,112.76,117.37,118.25,118.46,119.03,118.84,120.47,119.66,121.94,121.55,118.60,116.82,117.49,114.31,121.74,121.94,117.00,119.36,116.45,118.73,116.08,120.85,115.79,123.03,123.72,112.96,122.05,109.37,112.82,114.65,114.91,116.48,127.64,128.05,128.32,131.12,131.59,136.30,135.07,120.42,134.53,134.03,133.17,133.06,132.56,132.01,,,,,,,,,,,,,,,,,,,,,,,,,,,,,,,,,,,,,,,,,,,,,,,,
Producto,0.000278109,01211108,CAFÉ MOLIDO,102.08,102.08,102.08,102.08,103.48,102.08,102.08,102.08,102.08,102.13,102.33,102.13,102.13,102.11,102.14,102.89,103.09,103.97,104.23,104.38,104.45,101.75,95.82,96.36,102.36,98.89,102.26,102.32,102.30,100.98,101.60,101.14,100.98,100.96,100.98,100.91,100.96,101.15,101.30,101.02,101.19,101.18,100.95,100.83,101.09,101.09,100.37,100.68,100.78,100.68,101.23,101.48,101.82,102.03,101.96,101.98,101.89,101.70,101.80,101.80,100.17,100.29,100.21,100.56,98.78,100.76,97.52,98.33,97.42,98.81,94.25,96.32,97.42,99.01,99.01,99.85,98.48,95.93,101.63,103.25,101.37,103.58,103.51,101.92,104.62,111.66,113.59,118.90,118.20,118.29,116.58,119.17,121.23,121.51,122.45,122.07,121.61,120.95,121.54,118.06,117.65,118.53,121.46,118.70,120.94,123.20,123.74,120.96,127.67,127.33,123.56,130.51,127.09,127.20,123.90,127.87,126.85,128.51,130.69,134.90,138.13,139.27,140.62,157.79,161.04,156.68,158.20,155.82,155.33,156.34,157.29,154.67,160.74,167.41,171.50,165.67,174.33,172.39,,,,,,,,,,,,,,,,,,,,,,,,,,,,,,,,,,,,,,,,,,,,,,,,
Producto,0.000539868,01211109,COCOA,99.05,99.56,97.30,101.01,98.59,103.02,106.13,107.12,108.63,108.82,109.97,108.61,102.88,104.70,107.93,108.56,109.17,110.20,109.56,108.76,109.28,110.01,111.29,107.59,109.35,111.10,112.83,112.74,111.80,112.07,112.71,113.18,111.65,109.58,109.13,110.63,110.73,110.51,110.73,111.44,110.23,110.72,109.70,108.96,106.78,108.38,106.97,107.90,110.38,107.51,109.28,108.78,99.26,108.15,107.18,103.90,107.63,108.05,107.92,109.12,107.24,103.76,107.00,107.97,107.49,108.09,106.16,104.30,104.04,103.09,106.77,105.02,108.01,107.76,101.51,103.39,106.49,104.43,105.24,104.90,104.45,105.80,106.18,107.24,107.83,108.49,108.90,109.23,108.73,109.07,107.89,104.34,105.73,108.48,109.27,109.90,108.81,106.20,104.36,103.13,103.06,100.13,107.75,108.69,108.33,106.84,107.28,103.37,111.13,111.29,108.20,110.86,104.32,107.26,104.64,106.95,107.17,103.93,102.33,104.63,107.23,124.59,125.68,130.02,130.37,138.21,128.67,125.86,125.76,124.61,137.77,122.24,123.32,130.78,131.65,125.93,123.75,126.08,,,,,,,,,,,,,,,,,,,,,,,,,,,,,,,,,,,,,,,,,,,,,,,,
Producto,0.000178588,01211110,HIERBA AROMÁTICA,100.74,101.84,101.84,101.88,101.96,103.11,102.91,102.95,103.66,103.25,103.24,103.68,104.30,104.36,103.64,103.70,104.02,103.86,103.74,102.73,103.71,105.07,103.40,102.91,102.36,102.74,103.00,102.60,102.54,101.92,102.04,101.90,102.25,102.06,101.72,101.68,101.49,101.47,101.48,101.54,101.16,101.19,100.94,101.09,101.14,101.14,101.86,101.41,101.89,101.95,101.95,101.96,102.04,102.07,102.54,101.38,101.40,101.34,101.40,101.40,101.76,101.25,101.14,102.16,101.22,102.45,102.01,102.64,102.37,102.15,102.13,102.48,102.76,101.82,101.66,101.70,101.66,100.79,101.30,101.16,101.24,101.24,101.87,103.98,105.72,105.74,106.43,107.30,107.44,106.68,106.93,108.25,108.28,108.66,108.46,108.77,108.86,108.57,108.49,107.54,107.02,106.92,107.18,106.39,106.95,107.06,107.22,106.87,106.81,107.90,108.02,103.95,104.34,105.61,105.91,106.32,106.14,106.97,107.41,107.77,107.47,106.98,107.57,106.96,106.42,105.41,105.92,106.10,106.37,106.70,105.78,106.83,106.23,105.92,105.56,104.88,105.44,104.90,,,,,,,,,,,,,,,,,,,,,,,,,,,,,,,,,,,,,,,,,,,,,,,,
Clase,0.0226761,0122,"Aguas minerales, refrescos, jugos de frutas y de legumbres (ND)",103.00,103.30,103.30,104.19,105.10,105.73,105.80,106.25,105.75,106.99,107.43,107.94,105.07,109.33,109.59,109.59,112.33,119.92,120.78,121.43,122.25,121.79,120.99,120.17,121.12,121.85,121.40,121.37,116.99,113.53,114.59,113.09,113.47,113.19,116.34,120.95,120.44,120.37,120.99,120.94,122.23,121.93,122.20,121.66,122.27,122.10,122.21,122.02,122.54,122.49,121.87,121.76,122.83,121.65,122.66,122.57,122.50,122.54,122.11,121.31,121.93,121.99,121.66,122.23,121.08,122.22,122.12,120.73,120.49,120.33,120.53,120.00,120.89,121.62,121.63,121.59,120.45,119.58,120.43,122.04,122.37,122.39,122.79,123.77,124.88,124.28,124.77,124.61,124.44,124.85,123.15,124.07,124.17,125.15,125.84,125.27,125.58,125.67,126.23,124.89,126.98,127.55,128.39,127.93,128.67,127.51,127.87,128.90,127.29,127.80,127.99,132.65,132.79,132.66,132.78,133.26,133.74,133.44,133.19,132.69,134.02,133.61,134.65,134.43,135.38,136.63,136.33,135.71,134.90,134.21,133.28,132.09,135.76,134.14,133.89,135.00,134.98,133.74,,,,,,,,,,,,,,,,,,,,,,,,,,,,,,,,,,,,,,,,,,,,,,,,
Subclase,0.0226761,01221,"Aguas minerales, gaseosas, jugos de frutas ",103.00,103.30,103.30,104.19,105.10,105.73,105.80,106.25,105.75,106.99,107.43,107.94,105.07,109.33,109.59,109.59,112.33,119.92,120.78,121.43,122.25,121.79,120.99,120.17,121.12,121.85,121.40,121.37,116.99,113.53,114.59,113.09,113.47,113.19,116.34,120.95,120.44,120.37,120.99,120.94,122.23,121.93,122.20,121.66,122.27,122.10,122.21,122.02,122.54,122.49,121.87,121.76,122.83,121.65,122.66,122.57,122.50,122.54,122.11,121.31,121.93,121.99,121.66,122.23,121.08,122.22,122.12,120.73,120.49,120.33,120.53,120.00,120.89,121.62,121.63,121.59,120.45,119.58,120.43,122.04,122.37,122.39,122.79,123.77,124.88,124.28,124.77,124.61,124.44,124.85,123.15,124.07,124.17,125.15,125.84,125.27,125.58,125.67,126.23,124.89,126.98,127.55,128.39,127.93,128.67,127.51,127.87,128.90,127.29,127.80,127.99,132.65,132.79,132.66,132.78,133.26,133.74,133.44,133.19,132.69,134.02,133.61,134.65,134.43,135.38,136.63,136.33,135.71,134.90,134.21,133.28,132.09,135.76,134.14,133.89,135.00,134.98,133.74,,,,,,,,,,,,,,,,,,,,,,,,,,,,,,,,,,,,,,,,,,,,,,,,
Producto,0.008506284,01221111,AGUA EMBOTELLADA PURIFICADA,103.15,104.27,104.71,105.61,106.20,107.56,107.85,108.11,106.90,109.00,109.66,109.23,109.41,110.33,110.54,111.11,111.34,113.31,114.00,115.01,115.31,115.04,115.13,113.94,111.00,113.47,113.27,113.32,113.74,112.91,113.38,113.62,114.25,113.86,113.57,114.59,113.89,113.92,113.60,113.63,114.02,113.93,114.06,113.91,114.09,113.97,113.44,112.53,113.52,113.65,112.51,113.15,114.71,114.23,114.13,113.97,113.97,113.95,112.12,111.92,113.83,114.00,112.99,113.85,112.68,113.58,113.41,112.38,110.98,111.34,110.67,109.21,110.99,112.69,112.79,112.78,109.23,107.46,110.16,114.19,115.21,115.50,116.35,117.64,122.04,122.30,122.44,123.16,122.98,123.41,122.07,122.18,122.39,122.89,124.59,123.42,126.26,128.42,129.73,127.49,129.62,131.98,132.38,132.23,132.67,131.92,132.49,132.97,133.55,133.43,133.37,137.11,138.27,137.48,138.84,139.48,138.58,139.61,138.42,137.15,139.96,139.93,142.52,141.89,143.47,144.18,144.57,144.34,143.88,142.29,142.32,140.92,142.49,141.67,142.17,141.80,141.16,138.99,,,,,,,,,,,,,,,,,,,,,,,,,,,,,,,,,,,,,,,,,,,,,,,,
Producto,0.008539279,01221112,GASEOSA,105.46,105.63,105.39,106.81,108.40,108.86,108.82,109.64,109.85,109.85,110.44,112.59,104.31,114.68,114.12,113.69,121.35,136.73,137.68,137.89,139.60,138.14,137.45,136.81,139.84,138.89,137.87,137.29,125.39,118.94,121.09,116.89,117.17,116.59,125.03,136.60,135.84,135.68,137.85,138.27,141.06,140.50,140.74,140.48,141.72,141.53,141.25,141.70,142.04,142.05,141.76,141.17,141.37,140.44,142.10,142.07,141.82,141.70,142.11,140.41,139.72,139.61,139.47,139.91,139.10,140.97,141.66,141.36,141.31,141.45,141.76,141.96,142.45,141.70,141.62,141.68,142.15,141.79,141.98,142.14,142.14,140.93,141.33,142.76,141.30,139.18,140.36,139.08,138.62,139.41,136.65,138.88,139.08,140.75,140.94,140.60,138.58,136.61,136.72,136.71,139.43,139.13,139.43,137.86,139.00,136.51,137.13,139.12,133.95,135.68,136.10,141.94,139.19,139.81,138.51,138.97,140.96,139.71,140.37,140.93,141.59,140.48,140.47,139.70,140.31,142.87,142.84,142.91,142.00,139.68,138.50,137.29,143.38,139.83,138.48,142.40,143.50,141.94,,,,,,,,,,,,,,,,,,,,,,,,,,,,,,,,,,,,,,,,,,,,,,,,
Producto,0.001842295,01221113,BEBIDAS ENERGIZANTES E HIDRATANTES,98.11,97.87,97.48,98.32,98.77,99.16,98.86,98.69,95.94,98.78,98.77,97.06,98.13,98.08,97.92,97.24,98.51,100.98,100.47,100.02,97.84,97.46,98.30,92.74,95.09,96.02,96.11,97.85,98.00,95.18,96.34,96.78,96.97,97.40,97.29,97.00,97.29,97.82,96.81,97.49,97.40,97.65,97.85,94.63,97.39,97.47,97.36,97.29,96.42,94.12,95.22,95.26,97.83,97.92,95.90,95.23,95.86,97.30,94.97,94.07,96.04,96.72,96.77,97.09,94.46,94.36,90.15,88.10,85.95,85.75,85.08,84.79,85.72,85.64,85.34,85.47,85.16,84.39,85.31,84.51,84.43,84.28,83.75,83.31,83.77,84.56,84.81,85.20,86.35,85.82,83.74,84.17,84.26,85.51,85.16,85.07,85.36,85.66,86.11,86.20,87.75,85.99,88.87,88.67,88.10,87.58,86.10,87.13,88.34,87.24,87.46,89.37,88.87,87.03,88.39,88.56,89.12,87.44,87.24,84.69,85.00,85.44,86.06,89.81,89.59,89.27,88.97,89.23,88.31,88.79,88.81,87.55,89.16,88.89,88.84,88.15,86.76,87.11,,,,,,,,,,,,,,,,,,,,,,,,,,,,,,,,,,,,,,,,,,,,,,,,
Producto,0.003437513,01221114,JUGO DE FRUTAS,99.78,98.58,98.28,97.89,98.33,97.76,97.74,97.30,97.72,99.08,98.85,98.85,99.50,99.51,102.15,102.15,100.00,105.48,107.26,108.71,110.21,111.66,107.45,109.57,114.38,114.87,114.92,115.09,114.65,111.63,111.45,111.45,111.33,111.54,112.16,111.50,111.59,111.44,111.28,109.71,110.24,109.60,110.39,109.71,108.53,108.11,110.92,110.79,111.59,112.12,111.56,110.26,111.41,107.10,110.94,111.25,110.99,110.84,112.75,112.71,112.71,112.69,113.34,113.57,112.31,112.96,113.40,108.73,112.15,109.95,112.46,111.96,111.65,114.15,114.27,114.15,114.15,114.15,112.07,112.75,112.40,114.87,114.74,114.76,114.49,114.73,114.57,114.76,114.76,114.74,114.57,114.57,114.17,114.59,114.59,114.59,114.59,114.59,114.49,111.27,112.00,110.93,113.66,114.47,115.34,115.97,116.23,116.33,116.66,116.39,116.39,122.08,127.27,127.76,127.66,128.05,128.23,127.69,127.41,127.24,127.24,127.15,127.31,127.31,128.21,128.47,125.92,121.98,120.52,125.49,122.28,121.46,125.78,126.25,126.50,125.37,124.87,125.68,,,,,,,,,,,,,,,,,,,,,,,,,,,,,,,,,,,,,,,,,,,,,,,,
Producto,0.000350728,01221115,REFRESCOS,96.60,97.86,98.09,98.51,97.55,97.76,98.17,106.24,108.31,109.07,109.49,109.49,109.72,110.01,110.30,110.50,110.50,112.19,112.92,113.58,114.25,114.54,114.36,114.31,113.59,114.57,114.33,114.26,114.27,112.25,112.22,109.23,112.28,113.10,112.81,112.80,112.85,109.86,111.42,109.85,111.08,112.17,112.04,110.24,112.36,112.73,112.79,112.77,110.81,111.47,105.94,110.15,111.85,111.74,111.74,111.17,111.48,111.58,111.66,111.65,111.71,110.48,110.51,111.90,112.36,111.98,110.97,109.72,107.42,107.50,108.52,110.65,111.10,111.52,111.71,108.78,111.39,111.08,111.26,111.13,111.30,111.60,111.35,110.92,111.38,111.83,111.84,110.94,109.78,109.54,111.91,112.11,112.13,112.25,112.31,112.56,111.41,111.25,111.90,111.10,112.60,119.15,114.50,120.14,123.97,124.30,123.86,123.92,121.90,124.16,126.54,129.41,129.08,129.40,129.32,129.36,129.06,129.49,129.45,129.45,129.62,129.63,129.30,129.61,129.61,130.01,128.78,129.55,129.69,129.16,128.09,129.36,129.22,128.06,129.96,130.08,130.08,130.24,,,,,,,,,,,,,,,,,,,,,,,,,,,,,,,,,,,,,,,,,,,,,,,,
División,0.006556866,02,"Bebidas alcohólicas, tabaco y estupefacientes",102.23,105.53,106.99,107.34,107.88,110.14,110.23,110.35,110.39,110.89,110.71,112.37,113.59,115.33,116.01,116.97,126.06,130.77,129.78,130.62,130.45,130.26,129.43,129.29,129.79,129.72,127.49,127.70,127.58,127.40,127.05,127.20,127.38,127.50,127.64,127.49,127.64,127.63,127.74,127.67,127.72,127.74,127.99,128.00,129.73,130.72,130.64,130.59,130.50,130.42,130.72,130.76,130.47,130.57,130.75,130.72,130.50,130.56,130.60,130.69,130.48,130.47,130.40,131.05,130.78,130.93,130.84,130.82,131.41,133.16,132.39,132.79,133.17,133.43,133.23,132.93,133.13,133.34,133.66,133.58,133.18,133.60,133.91,135.00,139.83,141.21,141.51,141.65,141.49,143.35,142.38,142.69,142.77,143.83,143.80,142.79,145.65,145.96,146.30,145.51,145.65,146.88,146.75,146.77,146.81,146.94,146.95,146.92,147.80,148.56,149.61,151.80,152.75,150.76,152.88,153.53,153.15,153.19,152.54,152.93,153.32,152.52,152.86,154.01,155.13,155.55,155.75,155.63,155.37,155.54,155.63,155.51,155.51,155.93,156.17,156.44,156.25,154.19,,,,,,,,,,,,,,,,,,,,,,,,,,,,,,,,,,,,,,,,,,,,,,,,
Grupo,0.004615301,021,Bebidas alcohólicas,99.61,99.63,99.99,100.37,100.90,101.36,100.94,101.11,101.24,101.59,101.46,103.55,104.64,104.79,105.60,106.73,117.57,119.69,119.21,120.47,120.25,119.79,118.66,118.36,117.54,116.72,113.60,113.32,113.00,112.65,112.46,112.59,112.90,112.96,113.02,112.98,113.21,113.17,113.08,112.88,112.88,112.90,113.46,113.33,115.61,116.64,116.58,116.49,116.39,116.25,116.67,116.73,116.49,116.67,116.83,116.85,116.76,116.65,116.69,116.83,116.51,116.45,116.36,117.09,116.76,116.94,116.86,117.24,117.87,120.26,119.07,119.51,119.98,120.29,119.99,119.78,120.05,120.33,120.69,120.58,119.88,120.49,120.94,122.49,129.09,130.71,131.11,131.20,131.12,133.75,132.34,132.89,132.90,134.45,134.25,132.84,134.16,134.16,134.62,133.81,133.96,135.73,135.51,135.38,135.50,135.69,135.18,135.03,135.45,136.26,137.50,138.82,139.23,139.31,139.70,140.63,140.05,140.32,139.10,139.91,140.02,139.28,139.82,141.44,142.51,143.10,143.19,142.88,142.46,142.68,142.61,142.15,142.28,142.88,143.21,143.61,143.30,140.38,,,,,,,,,,,,,,,,,,,,,,,,,,,,,,,,,,,,,,,,,,,,,,,,
Clase,0.000845236,0211,Bebidas destiladas (ND),104.28,104.39,106.13,108.16,111.09,114.79,115.63,116.55,116.79,117.41,117.37,117.55,118.64,118.82,118.90,120.45,122.59,124.83,125.67,125.95,126.03,121.86,116.79,115.68,114.71,110.44,92.12,90.57,89.47,86.77,87.32,87.58,87.47,87.69,87.05,86.52,87.09,86.87,85.98,83.23,82.64,82.76,82.41,82.76,83.34,83.45,83.03,82.14,83.13,82.24,82.14,82.32,80.80,79.56,80.48,81.31,81.82,81.27,80.34,80.32,80.60,80.90,81.59,81.91,81.73,81.63,81.52,80.61,80.95,81.01,79.35,79.34,80.17,81.88,81.84,80.76,81.13,81.77,82.44,82.03,82.54,83.25,82.16,82.45,84.83,86.90,87.46,87.77,88.57,88.75,88.64,88.27,89.71,90.89,88.45,87.77,91.40,93.94,93.78,93.53,90.41,92.01,91.83,90.55,91.74,91.80,89.04,88.49,90.00,91.05,90.80,92.31,92.89,92.60,92.67,93.42,92.33,93.81,92.17,91.40,93.04,93.10,92.16,92.81,93.94,93.54,92.32,93.66,92.01,92.20,90.33,88.14,90.20,92.42,92.96,93.54,92.84,91.49,,,,,,,,,,,,,,,,,,,,,,,,,,,,,,,,,,,,,,,,,,,,,,,,
Subclase,0.000845236,02111,Bebidas destiladas,104.28,104.39,106.13,108.16,111.09,114.79,115.63,116.55,116.79,117.41,117.37,117.55,118.64,118.82,118.90,120.45,122.59,124.83,125.67,125.95,126.03,121.86,116.79,115.68,114.71,110.44,92.12,90.57,89.47,86.77,87.32,87.58,87.47,87.69,87.05,86.52,87.09,86.87,85.98,83.23,82.64,82.76,82.41,82.76,83.34,83.45,83.03,82.14,83.13,82.24,82.14,82.32,80.80,79.56,80.48,81.31,81.82,81.27,80.34,80.32,80.60,80.90,81.59,81.91,81.73,81.63,81.52,80.61,80.95,81.01,79.35,79.34,80.17,81.88,81.84,80.76,81.13,81.77,82.44,82.03,82.54,83.25,82.16,82.45,84.83,86.90,87.46,87.77,88.57,88.75,88.64,88.27,89.71,90.89,88.45,87.77,91.40,93.94,93.78,93.53,90.41,92.01,91.83,90.55,91.74,91.80,89.04,88.49,90.00,91.05,90.80,92.31,92.89,92.60,92.67,93.42,92.33,93.81,92.17,91.40,93.04,93.10,92.16,92.81,93.94,93.54,92.32,93.66,92.01,92.20,90.33,88.14,90.20,92.42,92.96,93.54,92.84,91.49,,,,,,,,,,,,,,,,,,,,,,,,,,,,,,,,,,,,,,,,,,,,,,,,
Producto,0.000432603,02111116,AGUARDIENTE DE CAÑA,106.52,106.56,106.87,107.57,109.36,111.67,112.92,114.35,114.59,115.21,115.19,115.30,115.27,116.03,116.60,119.13,119.37,121.25,122.86,123.02,122.83,122.90,122.33,120.67,121.77,122.83,122.79,122.90,122.66,120.32,121.21,121.59,121.23,121.72,121.50,121.33,121.27,121.14,120.70,120.13,120.49,121.30,120.94,121.46,121.19,120.95,120.56,119.93,120.62,119.40,119.79,120.28,118.22,117.42,118.11,119.28,120.14,119.32,118.17,118.30,118.39,119.24,120.29,120.33,120.14,120.23,120.08,118.15,118.48,118.44,115.60,115.64,117.09,120.18,120.38,118.15,118.90,119.73,120.42,119.26,119.63,121.11,119.09,119.85,123.41,126.36,126.92,127.32,128.97,129.34,128.81,127.92,128.58,129.76,126.65,125.74,130.25,135.11,135.19,134.13,128.20,133.20,131.29,128.65,131.07,131.16,127.00,126.92,129.14,131.20,130.94,133.43,133.61,134.29,133.83,135.17,134.35,136.43,133.45,132.43,135.52,135.13,134.41,135.85,136.07,136.16,134.86,135.67,133.51,134.98,131.54,127.95,132.03,133.72,135.11,135.83,136.11,133.36,,,,,,,,,,,,,,,,,,,,,,,,,,,,,,,,,,,,,,,,,,,,,,,,
Producto,0.000412633,02111117,WHISKY,101.93,102.10,105.35,108.77,112.90,118.05,118.47,118.86,119.09,119.72,119.66,119.91,122.17,121.75,121.31,121.84,125.97,128.59,128.63,129.02,129.38,120.78,110.97,110.44,107.31,97.45,59.97,56.68,54.67,51.60,51.80,51.92,52.07,52.02,50.94,50.03,51.26,50.93,49.57,44.56,42.95,42.36,42.01,42.18,43.67,44.14,43.69,42.52,43.82,43.29,42.68,42.52,41.57,39.87,41.02,41.50,41.66,41.37,40.67,40.49,40.99,40.71,41.01,41.64,41.45,41.17,41.09,41.25,41.61,41.77,41.34,41.28,41.47,41.73,41.44,41.57,41.53,41.98,42.63,43.01,43.65,43.57,43.44,43.25,44.38,45.54,46.09,46.31,46.22,46.19,46.53,46.70,48.95,50.13,48.39,47.97,50.68,50.78,50.35,50.95,50.80,48.82,50.46,50.60,50.50,50.53,49.24,48.19,48.96,48.95,48.72,49.20,50.20,48.90,49.52,49.65,48.28,49.11,48.90,48.39,48.51,49.02,47.88,47.69,49.77,48.86,47.72,49.62,48.49,47.35,47.12,46.39,46.33,49.11,48.77,49.21,47.47,47.60,,,,,,,,,,,,,,,,,,,,,,,,,,,,,,,,,,,,,,,,,,,,,,,,
Clase,0.003770064,0213,Cerveza (ND),98.56,98.56,98.62,98.62,98.62,98.34,97.65,97.65,97.76,98.04,97.89,100.41,101.50,101.65,102.62,103.65,116.44,118.54,117.77,119.24,118.95,119.32,119.08,118.96,118.18,118.13,118.41,118.41,118.27,118.45,118.09,118.20,118.60,118.63,118.84,118.91,119.07,119.07,119.16,119.52,119.66,119.66,120.43,120.19,122.84,124.08,124.10,124.20,123.85,123.88,124.41,124.44,124.50,124.99,124.99,124.82,124.59,124.59,124.84,125.01,124.56,124.41,124.16,124.97,124.61,124.85,124.78,125.45,126.14,129.05,127.97,128.52,128.91,128.90,128.54,128.53,128.78,128.98,129.26,129.22,128.25,128.83,129.63,131.46,139.01,140.53,140.90,140.93,140.66,143.84,142.13,142.90,142.58,144.22,144.52,142.94,143.74,143.18,143.78,142.85,143.72,145.53,145.30,145.44,145.32,145.53,145.53,145.46,145.64,146.39,147.97,149.25,149.62,149.78,150.25,151.21,150.74,150.75,149.62,150.78,150.55,149.63,150.50,152.35,153.40,154.21,154.60,153.91,153.77,153.99,154.33,154.26,153.96,154.20,154.48,154.83,154.61,151.33,,,,,,,,,,,,,,,,,,,,,,,,,,,,,,,,,,,,,,,,,,,,,,,,
Subclase,0.003770064,02131,Cerveza,98.56,98.56,98.62,98.62,98.62,98.34,97.65,97.65,97.76,98.04,97.89,100.41,101.50,101.65,102.62,103.65,116.44,118.54,117.77,119.24,118.95,119.32,119.08,118.96,118.18,118.13,118.41,118.41,118.27,118.45,118.09,118.20,118.60,118.63,118.84,118.91,119.07,119.07,119.16,119.52,119.66,119.66,120.43,120.19,122.84,124.08,124.10,124.20,123.85,123.88,124.41,124.44,124.50,124.99,124.99,124.82,124.59,124.59,124.84,125.01,124.56,124.41,124.16,124.97,124.61,124.85,124.78,125.45,126.14,129.05,127.97,128.52,128.91,128.90,128.54,128.53,128.78,128.98,129.26,129.22,128.25,128.83,129.63,131.46,139.01,140.53,140.90,140.93,140.66,143.84,142.13,142.90,142.58,144.22,144.52,142.94,143.74,143.18,143.78,142.85,143.72,145.53,145.30,145.44,145.32,145.53,145.53,145.46,145.64,146.39,147.97,149.25,149.62,149.78,150.25,151.21,150.74,150.75,149.62,150.78,150.55,149.63,150.50,152.35,153.40,154.21,154.60,153.91,153.77,153.99,154.33,154.26,153.96,154.20,154.48,154.83,154.61,151.33,,,,,,,,,,,,,,,,,,,,,,,,,,,,,,,,,,,,,,,,,,,,,,,,
Producto,0.003770064,02131118,CERVEZA ENVASADA,98.56,98.56,98.62,98.62,98.62,98.34,97.65,97.65,97.76,98.04,97.89,100.41,101.50,101.65,102.62,103.65,116.44,118.54,117.77,119.24,118.95,119.32,119.08,118.96,118.18,118.13,118.41,118.41,118.27,118.45,118.09,118.20,118.60,118.63,118.84,118.91,119.07,119.07,119.16,119.52,119.66,119.66,120.43,120.19,122.84,124.08,124.10,124.20,123.85,123.88,124.41,124.44,124.50,124.99,124.99,124.82,124.59,124.59,124.84,125.01,124.56,124.41,124.16,124.97,124.61,124.85,124.78,125.45,126.14,129.05,127.97,128.52,128.91,128.90,128.54,128.53,128.78,128.98,129.26,129.22,128.25,128.83,129.63,131.46,139.01,140.53,140.90,140.93,140.66,143.84,142.13,142.90,142.58,144.22,144.52,142.94,143.74,143.18,143.78,142.85,143.72,145.53,145.30,145.44,145.32,145.53,145.53,145.46,145.64,146.39,147.97,149.25,149.62,149.78,150.25,151.21,150.74,150.75,149.62,150.78,150.55,149.63,150.50,152.35,153.40,154.21,154.60,153.91,153.77,153.99,154.33,154.26,153.96,154.20,154.48,154.83,154.61,151.33,,,,,,,,,,,,,,,,,,,,,,,,,,,,,,,,,,,,,,,,,,,,,,,,
Grupo,0.001941565,022,Tabaco,108.47,119.55,123.63,123.91,124.46,131.01,132.30,132.30,132.12,133.01,132.70,133.34,134.88,140.38,140.76,141.30,146.24,157.09,154.89,154.74,154.71,155.16,155.04,155.28,158.92,160.62,160.52,161.90,162.23,162.47,161.73,161.94,161.80,162.06,162.39,161.98,161.95,161.99,162.58,162.85,163.01,163.01,162.54,162.86,163.30,164.20,164.08,164.08,164.04,164.10,164.12,164.12,163.70,163.63,163.83,163.69,163.17,163.63,163.68,163.64,163.67,163.80,163.77,164.23,164.12,164.19,164.05,163.12,163.60,163.82,164.08,164.37,164.52,164.66,164.72,164.20,164.20,164.26,164.50,164.47,164.79,164.75,164.75,164.75,165.35,166.17,166.23,166.49,166.14,166.17,166.26,165.98,166.24,166.12,166.50,166.45,172.96,174.00,174.07,173.30,173.43,173.40,173.46,173.83,173.68,173.68,174.93,175.21,177.15,177.80,178.40,182.67,184.89,177.99,184.19,184.19,184.30,183.79,184.50,183.89,184.96,184.00,183.87,183.87,185.13,185.17,185.62,185.93,186.06,186.12,186.60,187.27,186.95,186.95,186.95,186.95,187.04,187.04,,,,,,,,,,,,,,,,,,,,,,,,,,,,,,,,,,,,,,,,,,,,,,,,
Clase,0.001941565,0221,Tabaco (ND),108.47,119.55,123.63,123.91,124.46,131.01,132.30,132.30,132.12,133.01,132.70,133.34,134.88,140.38,140.76,141.30,146.24,157.09,154.89,154.74,154.71,155.16,155.04,155.28,158.92,160.62,160.52,161.90,162.23,162.47,161.73,161.94,161.80,162.06,162.39,161.98,161.95,161.99,162.58,162.85,163.01,163.01,162.54,162.86,163.30,164.20,164.08,164.08,164.04,164.10,164.12,164.12,163.70,163.63,163.83,163.69,163.17,163.63,163.68,163.64,163.67,163.80,163.77,164.23,164.12,164.19,164.05,163.12,163.60,163.82,164.08,164.37,164.52,164.66,164.72,164.20,164.20,164.26,164.50,164.47,164.79,164.75,164.75,164.75,165.35,166.17,166.23,166.49,166.14,166.17,166.26,165.98,166.24,166.12,166.50,166.45,172.96,174.00,174.07,173.30,173.43,173.40,173.46,173.83,173.68,173.68,174.93,175.21,177.15,177.80,178.40,182.67,184.89,177.99,184.19,184.19,184.30,183.79,184.50,183.89,184.96,184.00,183.87,183.87,185.13,185.17,185.62,185.93,186.06,186.12,186.60,187.27,186.95,186.95,186.95,186.95,187.04,187.04,,,,,,,,,,,,,,,,,,,,,,,,,,,,,,,,,,,,,,,,,,,,,,,,
Subclase,0.001941565,02211,Tabaco,108.47,119.55,123.63,123.91,124.46,131.01,132.30,132.30,132.12,133.01,132.70,133.34,134.88,140.38,140.76,141.30,146.24,157.09,154.89,154.74,154.71,155.16,155.04,155.28,158.92,160.62,160.52,161.90,162.23,162.47,161.73,161.94,161.80,162.06,162.39,161.98,161.95,161.99,162.58,162.85,163.01,163.01,162.54,162.86,163.30,164.20,164.08,164.08,164.04,164.10,164.12,164.12,163.70,163.63,163.83,163.69,163.17,163.63,163.68,163.64,163.67,163.80,163.77,164.23,164.12,164.19,164.05,163.12,163.60,163.82,164.08,164.37,164.52,164.66,164.72,164.20,164.20,164.26,164.50,164.47,164.79,164.75,164.75,164.75,165.35,166.17,166.23,166.49,166.14,166.17,166.26,165.98,166.24,166.12,166.50,166.45,172.96,174.00,174.07,173.30,173.43,173.40,173.46,173.83,173.68,173.68,174.93,175.21,177.15,177.80,178.40,182.67,184.89,177.99,184.19,184.19,184.30,183.79,184.50,183.89,184.96,184.00,183.87,183.87,185.13,185.17,185.62,185.93,186.06,186.12,186.60,187.27,186.95,186.95,186.95,186.95,187.04,187.04,,,,,,,,,,,,,,,,,,,,,,,,,,,,,,,,,,,,,,,,,,,,,,,,
Producto,0.001941565,02211119,CIGARRILLOS,108.47,119.55,123.63,123.91,124.46,131.01,132.30,132.30,132.12,133.01,132.70,133.34,134.88,140.38,140.76,141.30,146.24,157.09,154.89,154.74,154.71,155.16,155.04,155.28,158.92,160.62,160.52,161.90,162.23,162.47,161.73,161.94,161.80,162.06,162.39,161.98,161.95,161.99,162.58,162.85,163.01,163.01,162.54,162.86,163.30,164.20,164.08,164.08,164.04,164.10,164.12,164.12,163.70,163.63,163.83,163.69,163.17,163.63,163.68,163.64,163.67,163.80,163.77,164.23,164.12,164.19,164.05,163.12,163.60,163.82,164.08,164.37,164.52,164.66,164.72,164.20,164.20,164.26,164.50,164.47,164.79,164.75,164.75,164.75,165.35,166.17,166.23,166.49,166.14,166.17,166.26,165.98,166.24,166.12,166.50,166.45,172.96,174.00,174.07,173.30,173.43,173.40,173.46,173.83,173.68,173.68,174.93,175.21,177.15,177.80,178.40,182.67,184.89,177.99,184.19,184.19,184.30,183.79,184.50,183.89,184.96,184.00,183.87,183.87,185.13,185.17,185.62,185.93,186.06,186.12,186.60,187.27,186.95,186.95,186.95,186.95,187.04,187.04,,,,,,,,,,,,,,,,,,,,,,,,,,,,,,,,,,,,,,,,,,,,,,,,
División,0.076937341,03,Prendas de vestir y calzado,97.76,97.67,97.65,97.66,97.94,98.00,97.78,97.02,96.94,96.64,96.36,96.51,96.02,95.31,94.77,94.93,94.13,94.86,94.56,93.80,93.67,93.47,93.31,91.98,92.12,91.92,91.74,91.37,91.17,89.90,89.90,89.49,89.19,88.99,88.16,88.14,88.05,88.11,87.95,87.76,87.55,86.91,87.00,86.88,86.65,86.48,85.73,85.57,85.74,85.74,85.69,85.51,85.38,85.16,84.92,84.67,84.42,84.32,83.79,83.75,83.55,83.49,83.44,82.07,82.72,81.53,81.71,81.16,80.86,80.87,80.58,80.28,80.18,79.89,79.65,79.16,78.85,78.64,78.46,78.30,78.01,77.88,77.58,77.71,77.72,77.71,77.52,77.68,77.87,77.74,77.43,77.10,77.27,77.24,76.62,76.30,76.42,76.17,76.13,76.03,75.79,75.59,74.55,74.62,74.43,74.25,73.72,74.11,73.92,73.77,73.58,74.63,74.54,74.61,74.25,74.08,74.08,73.92,73.36,73.56,73.00,72.95,72.82,72.78,72.33,71.86,71.03,71.12,70.87,70.65,69.70,69.67,69.43,69.30,69.19,69.00,68.69,68.74,,,,,,,,,,,,,,,,,,,,,,,,,,,,,,,,,,,,,,,,,,,,,,,,
Grupo,0.053402171,031,Prendas de vestir,97.75,97.76,97.90,98.07,98.17,98.32,97.87,97.13,97.13,96.89,96.74,96.97,96.70,95.87,95.29,95.53,95.16,95.87,95.00,94.24,94.11,93.87,93.74,93.19,93.24,93.16,93.00,92.64,92.59,91.72,91.50,91.02,90.96,90.86,89.94,90.15,90.07,90.23,90.20,90.09,90.08,89.29,89.44,89.27,89.20,89.07,88.34,88.31,88.64,88.71,88.61,88.45,88.29,88.11,87.78,87.70,87.47,87.24,86.96,87.25,87.12,87.02,86.99,84.97,85.97,84.99,85.49,84.91,84.60,84.70,84.62,84.31,84.30,83.95,83.83,83.41,83.13,83.14,82.83,82.64,82.32,82.29,81.80,81.84,81.71,81.77,81.76,81.86,82.20,81.86,81.73,81.17,81.32,81.44,80.96,80.69,80.72,80.55,80.52,80.42,80.08,80.03,79.22,79.23,79.21,78.90,78.45,78.70,78.46,78.29,78.30,79.55,79.37,79.43,79.00,78.98,78.94,78.84,78.42,78.59,78.15,78.16,78.01,77.91,77.67,77.24,76.48,76.51,76.20,75.91,74.88,75.00,74.65,74.67,74.62,74.53,74.25,74.09,,,,,,,,,,,,,,,,,,,,,,,,,,,,,,,,,,,,,,,,,,,,,,,,
Clase,0.000806271,0311,Materiales para prendas de vestir (SD),93.92,95.74,95.74,99.28,99.61,99.75,100.06,100.08,100.31,100.19,100.23,100.23,100.58,100.59,100.79,100.84,100.75,101.42,101.36,101.57,101.20,101.51,101.36,101.42,101.26,101.81,102.22,102.78,102.43,102.04,102.10,102.54,102.53,102.38,102.33,102.35,102.35,102.42,102.37,102.43,102.80,102.75,102.13,101.72,101.96,102.52,102.52,102.61,102.38,101.51,101.35,101.24,101.37,101.50,101.40,101.48,101.46,101.91,101.92,101.91,101.46,101.33,101.35,101.35,101.14,101.07,100.84,100.95,100.94,100.93,101.58,101.80,101.92,101.57,101.35,101.57,101.43,100.94,100.25,101.34,101.03,101.29,100.95,100.89,101.20,102.31,102.80,103.27,103.97,104.76,105.10,104.77,104.72,104.65,104.09,104.03,103.99,103.85,103.73,103.96,104.10,104.26,104.69,104.94,104.90,105.07,105.07,105.05,104.94,104.75,104.18,105.23,105.54,105.80,105.70,105.49,105.81,106.01,105.72,105.66,105.50,105.53,105.38,105.21,105.47,105.42,105.59,105.90,105.69,105.75,106.11,106.07,104.84,105.20,105.39,105.52,106.04,106.03,,,,,,,,,,,,,,,,,,,,,,,,,,,,,,,,,,,,,,,,,,,,,,,,
Subclase,0.000806271,03111,"Materiales para prendas de vestir (telas, tejidos)",93.92,95.74,95.74,99.28,99.61,99.75,100.06,100.08,100.31,100.19,100.23,100.23,100.58,100.59,100.79,100.84,100.75,101.42,101.36,101.57,101.20,101.51,101.36,101.42,101.26,101.81,102.22,102.78,102.43,102.04,102.10,102.54,102.53,102.38,102.33,102.35,102.35,102.42,102.37,102.43,102.80,102.75,102.13,101.72,101.96,102.52,102.52,102.61,102.38,101.51,101.35,101.24,101.37,101.50,101.40,101.48,101.46,101.91,101.92,101.91,101.46,101.33,101.35,101.35,101.14,101.07,100.84,100.95,100.94,100.93,101.58,101.80,101.92,101.57,101.35,101.57,101.43,100.94,100.25,101.34,101.03,101.29,100.95,100.89,101.20,102.31,102.80,103.27,103.97,104.76,105.10,104.77,104.72,104.65,104.09,104.03,103.99,103.85,103.73,103.96,104.10,104.26,104.69,104.94,104.90,105.07,105.07,105.05,104.94,104.75,104.18,105.23,105.54,105.80,105.70,105.49,105.81,106.01,105.72,105.66,105.50,105.53,105.38,105.21,105.47,105.42,105.59,105.90,105.69,105.75,106.11,106.07,104.84,105.20,105.39,105.52,106.04,106.03,,,,,,,,,,,,,,,,,,,,,,,,,,,,,,,,,,,,,,,,,,,,,,,,
Producto,0.000806271,03111120,TELAS PARA CONFECCIÓN,93.92,95.74,95.74,99.28,99.61,99.75,100.06,100.08,100.31,100.19,100.23,100.23,100.58,100.59,100.79,100.84,100.75,101.42,101.36,101.57,101.20,101.51,101.36,101.42,101.26,101.81,102.22,102.78,102.43,102.04,102.10,102.54,102.53,102.38,102.33,102.35,102.35,102.42,102.37,102.43,102.80,102.75,102.13,101.72,101.96,102.52,102.52,102.61,102.38,101.51,101.35,101.24,101.37,101.50,101.40,101.48,101.46,101.91,101.92,101.91,101.46,101.33,101.35,101.35,101.14,101.07,100.84,100.95,100.94,100.93,101.58,101.80,101.92,101.57,101.35,101.57,101.43,100.94,100.25,101.34,101.03,101.29,100.95,100.89,101.20,102.31,102.80,103.27,103.97,104.76,105.10,104.77,104.72,104.65,104.09,104.03,103.99,103.85,103.73,103.96,104.10,104.26,104.69,104.94,104.90,105.07,105.07,105.05,104.94,104.75,104.18,105.23,105.54,105.80,105.70,105.49,105.81,106.01,105.72,105.66,105.50,105.53,105.38,105.21,105.47,105.42,105.59,105.90,105.69,105.75,106.11,106.07,104.84,105.20,105.39,105.52,106.04,106.03,,,,,,,,,,,,,,,,,,,,,,,,,,,,,,,,,,,,,,,,,,,,,,,,
Clase,0.049857457,0312,Prendas de vestir (SD),97.69,97.68,97.81,97.94,98.04,98.17,97.68,96.87,96.86,96.61,96.44,96.69,96.39,95.50,94.87,95.12,94.75,95.47,94.53,93.72,93.59,93.32,93.22,92.68,92.68,92.56,92.37,91.97,91.93,91.03,90.79,90.28,90.21,90.14,89.17,89.39,89.33,89.50,89.49,89.35,89.32,88.46,88.63,88.47,88.39,88.25,87.49,87.47,87.78,87.86,87.77,87.61,87.42,87.22,86.88,86.79,86.55,86.28,85.99,86.32,86.17,86.06,86.04,83.87,85.00,83.95,84.46,83.89,83.55,83.66,83.56,83.23,83.22,82.84,82.75,82.32,82.03,82.04,81.74,81.53,81.21,81.16,80.64,80.68,80.52,80.54,80.49,80.54,80.88,80.51,80.34,79.74,79.91,80.03,79.53,79.24,79.26,79.08,79.05,78.93,78.56,78.49,77.64,77.64,77.61,77.27,76.83,77.07,76.80,76.61,76.64,77.86,77.66,77.71,77.26,77.23,77.22,77.09,76.67,76.83,76.36,76.38,76.20,76.11,75.84,75.37,74.57,74.59,74.25,73.95,72.83,72.96,72.59,72.60,72.53,72.43,72.12,71.94,,,,,,,,,,,,,,,,,,,,,,,,,,,,,,,,,,,,,,,,,,,,,,,,
Subclase,0.017546651,03121,Prendas de vestir de hombres de 13 años y más,99.29,99.34,99.60,99.75,100.03,100.46,100.35,100.52,100.21,100.01,99.41,99.97,99.40,98.48,97.16,97.92,98.22,99.16,97.63,95.76,96.10,95.56,96.08,95.41,95.66,95.37,95.03,94.58,94.65,93.30,92.65,91.75,92.20,92.29,91.10,91.12,90.90,90.83,90.88,90.64,90.55,89.87,89.84,89.40,89.23,89.12,88.31,88.20,88.55,88.89,88.65,88.11,88.00,87.77,87.58,87.60,87.47,87.10,86.95,87.15,86.92,86.76,86.87,84.98,85.70,84.78,85.03,84.25,83.73,84.48,84.01,84.13,84.53,83.94,83.70,82.97,82.63,82.64,82.54,82.41,82.42,82.28,81.97,82.10,81.91,81.51,81.45,81.82,82.40,81.62,81.56,80.95,81.13,81.72,80.59,80.16,80.32,80.17,80.20,79.88,79.85,79.69,79.07,79.08,79.13,78.80,78.49,78.84,78.39,78.11,78.39,79.60,79.42,79.43,78.62,78.73,78.29,78.02,77.60,78.08,77.75,77.89,77.78,77.69,77.34,76.81,75.95,76.24,76.04,75.46,74.06,74.42,74.22,74.18,74.34,74.13,73.39,73.23,,,,,,,,,,,,,,,,,,,,,,,,,,,,,,,,,,,,,,,,,,,,,,,,
Producto,0.000998623,03121121,TERNO PARA HOMBRE ,102.14,102.12,102.12,102.70,102.72,102.72,102.62,102.81,103.20,103.15,103.49,103.44,104.23,104.38,104.38,104.42,103.13,104.00,103.87,103.99,101.64,100.12,100.01,99.59,98.01,97.95,99.99,100.05,102.97,99.08,96.06,95.44,95.21,95.06,96.54,95.28,91.97,90.96,91.49,91.89,91.89,89.49,89.49,89.49,88.73,88.73,87.14,86.98,87.06,86.42,87.56,86.74,87.25,87.28,88.12,88.12,88.12,88.12,88.28,88.28,88.51,88.56,88.62,88.62,88.62,87.91,88.19,84.68,83.92,83.67,81.39,80.99,81.20,81.67,82.07,81.74,81.44,81.41,81.12,81.48,82.26,81.35,81.30,81.74,81.26,81.38,81.51,81.40,81.84,82.39,82.58,79.79,80.58,80.04,80.41,82.10,81.56,81.37,82.23,82.28,82.26,83.41,84.16,84.36,83.80,83.90,83.36,84.36,83.89,83.05,83.25,83.98,84.07,84.04,83.81,83.91,84.33,84.57,84.71,84.70,83.76,84.53,83.92,83.56,83.01,82.84,82.62,82.50,82.50,82.54,77.28,77.57,77.77,78.32,78.58,78.26,78.53,78.49,,,,,,,,,,,,,,,,,,,,,,,,,,,,,,,,,,,,,,,,,,,,,,,,
Producto,0.001704297,03121122,CHOMPA PARA HOMBRE,93.47,93.34,93.07,93.07,92.84,93.03,92.31,90.50,89.26,89.81,90.16,90.59,91.75,91.58,91.33,91.69,91.41,91.72,92.67,92.40,92.48,92.44,92.45,91.64,91.71,90.97,91.41,91.28,91.28,89.70,89.66,89.55,89.58,89.40,89.16,87.15,87.12,87.12,87.11,86.93,86.47,85.86,85.87,85.86,85.51,85.17,83.89,82.08,81.46,81.52,82.93,82.89,81.96,82.02,82.18,81.91,81.91,81.89,81.66,81.76,81.33,80.02,80.02,77.28,78.99,78.72,78.83,78.50,78.17,77.42,77.27,77.15,77.22,77.17,76.35,76.18,75.81,75.86,76.40,76.53,76.38,76.02,74.70,74.74,74.59,74.59,74.03,74.62,74.62,74.73,74.08,73.04,73.71,73.87,73.24,73.86,73.61,70.82,69.68,69.56,68.84,68.38,67.72,66.65,66.18,66.15,65.87,65.79,65.15,64.97,64.82,65.05,64.90,64.91,64.56,63.76,63.68,62.92,62.71,62.20,61.15,61.09,60.70,59.12,58.78,58.59,58.33,58.42,57.83,57.46,57.33,57.29,56.48,56.08,56.03,55.89,55.79,54.51,,,,,,,,,,,,,,,,,,,,,,,,,,,,,,,,,,,,,,,,,,,,,,,,
Producto,0.006026933,03121123,PANTALÓN PARA HOMBRE,99.19,99.29,99.57,99.71,99.91,100.01,99.61,100.23,100.06,100.07,98.90,100.48,98.62,97.11,95.70,96.06,97.47,98.26,93.80,93.09,93.42,92.91,93.67,93.18,92.72,92.92,92.09,90.78,90.59,89.10,88.29,86.77,87.66,87.84,86.39,85.84,85.57,85.42,85.32,85.45,85.40,85.28,85.35,84.23,84.00,84.08,83.95,84.24,84.21,84.91,83.96,82.97,83.72,83.70,83.11,83.04,82.65,82.25,82.32,82.82,82.43,82.33,82.33,82.33,81.78,79.87,79.88,79.09,78.25,79.26,79.36,79.17,79.59,79.65,79.73,79.15,79.02,79.35,78.65,77.65,77.24,77.65,77.37,77.91,77.87,76.58,76.40,77.56,77.65,76.94,76.72,76.10,76.51,77.09,75.73,74.21,74.00,73.79,74.06,73.48,73.27,72.85,72.33,72.13,72.19,72.21,72.60,72.82,72.02,71.93,71.99,72.90,72.69,72.58,71.90,71.76,71.66,71.23,70.46,71.12,70.70,70.70,70.62,70.89,71.25,69.71,69.42,70.10,69.77,68.56,65.39,65.80,65.30,65.72,65.91,65.66,65.61,65.49,,,,,,,,,,,,,,,,,,,,,,,,,,,,,,,,,,,,,,,,,,,,,,,,
Producto,0.002695596,03121124,CAMISA PARA HOMBRE,101.49,102.25,103.14,103.84,104.92,105.73,106.35,106.81,106.38,106.38,104.74,104.55,104.55,103.05,101.68,101.42,101.63,102.50,101.78,102.16,102.49,102.05,102.68,103.33,103.07,102.29,101.28,100.99,100.83,100.31,99.85,99.30,98.45,99.31,96.55,97.88,98.12,98.64,98.15,96.48,96.78,96.65,96.64,96.97,96.92,96.92,96.42,96.04,96.59,97.43,96.62,96.02,96.00,95.25,94.73,96.06,95.99,95.29,95.43,94.50,94.08,93.99,94.71,94.71,94.46,92.18,92.10,92.13,91.12,92.67,91.34,91.04,91.93,91.53,90.57,88.92,88.68,89.01,88.79,89.83,89.21,89.82,89.63,90.68,90.03,90.01,90.02,89.54,90.10,88.95,89.80,87.53,88.54,90.65,90.41,89.86,89.88,89.45,89.51,87.99,88.43,87.51,87.72,87.18,87.76,87.17,86.53,86.63,86.54,86.19,85.73,87.71,87.04,87.27,84.63,85.45,84.29,84.20,83.97,84.64,84.69,84.95,84.75,85.07,84.99,84.98,83.90,84.34,84.24,84.24,84.10,84.28,84.54,84.47,84.57,84.70,84.50,84.31,,,,,,,,,,,,,,,,,,,,,,,,,,,,,,,,,,,,,,,,,,,,,,,,
Producto,0.00326054,03121125,CAMISETA PARA HOMBRE,99.39,99.39,99.72,99.79,99.79,100.75,100.75,100.92,100.70,100.55,100.55,100.59,99.18,99.15,95.82,99.67,98.95,99.93,99.18,91.26,93.19,92.11,92.93,92.48,92.87,92.87,92.73,92.80,92.80,91.61,90.99,89.54,89.61,89.48,87.70,88.98,89.00,88.86,89.07,89.09,88.63,86.15,86.14,85.54,85.49,84.94,83.05,83.29,84.37,84.12,84.12,83.99,83.39,82.81,82.95,82.34,82.34,81.90,81.73,82.22,82.21,82.25,82.25,80.69,80.83,80.44,81.28,79.81,79.71,80.99,79.23,80.65,81.06,77.59,77.68,77.34,76.46,75.89,76.44,76.37,77.24,75.77,76.40,74.58,74.42,74.50,74.21,74.53,75.73,73.47,73.22,74.56,74.15,74.95,73.00,73.15,74.30,75.72,75.45,75.77,75.77,75.81,74.11,74.34,75.50,74.00,73.15,73.93,73.00,72.85,74.09,75.35,75.39,75.69,75.18,75.46,74.84,74.33,75.00,75.12,74.93,75.02,75.10,74.77,73.79,73.03,70.81,70.74,70.58,70.11,70.46,71.45,71.39,70.79,71.06,70.45,68.46,68.46,,,,,,,,,,,,,,,,,,,,,,,,,,,,,,,,,,,,,,,,,,,,,,,,
Producto,0.000942582,03121126,MEDIAS PARA HOMBRE,110.17,109.82,109.71,110.79,110.96,111.31,109.33,109.84,108.94,105.62,105.62,105.62,108.71,105.58,105.61,104.29,104.66,106.75,106.76,105.97,106.16,106.26,106.36,106.39,107.22,104.88,104.77,104.77,104.54,103.61,103.57,103.69,108.50,108.16,108.16,107.81,107.82,107.73,107.84,107.89,107.89,107.89,107.90,107.96,107.96,108.03,108.05,108.11,108.27,108.80,108.84,108.18,108.49,108.33,108.33,108.01,107.77,107.77,106.52,107.75,107.81,107.82,107.82,104.46,103.37,107.79,105.97,105.86,105.81,105.92,106.32,106.32,106.25,106.32,106.45,106.36,106.19,105.41,105.95,106.18,106.87,106.01,106.76,106.97,106.97,107.79,109.29,106.53,108.63,110.43,110.17,109.59,108.76,108.91,107.60,108.44,107.12,107.30,107.51,107.54,107.48,109.18,109.78,110.25,110.52,110.79,110.79,110.79,110.80,110.09,110.99,113.68,113.72,112.89,111.92,112.46,112.27,112.13,112.13,112.62,112.56,113.02,113.18,113.08,112.40,112.45,112.45,112.51,112.51,112.25,112.25,112.27,112.17,112.17,112.37,112.35,112.35,112.12,,,,,,,,,,,,,,,,,,,,,,,,,,,,,,,,,,,,,,,,,,,,,,,,
Producto,0.001918079,03121127,ROPA INTERIOR PARA HOMBRE,94.67,94.04,94.03,93.01,93.56,94.02,95.09,95.09,95.09,94.61,94.64,94.64,94.74,94.74,94.89,94.89,94.89,96.33,97.89,96.44,95.91,95.78,95.91,92.10,95.82,95.43,95.28,95.64,95.67,94.64,94.52,94.70,94.87,94.56,94.56,94.98,95.26,95.06,95.90,95.53,95.62,95.98,95.57,95.57,95.57,95.57,94.36,94.28,95.36,95.54,95.62,95.62,93.73,93.74,93.76,93.76,93.96,93.62,92.84,92.91,92.89,92.89,92.89,82.35,89.74,89.68,91.19,91.20,91.43,91.43,92.86,92.86,93.09,93.77,92.98,91.36,91.05,90.96,91.04,91.23,91.36,91.64,89.74,90.51,90.43,90.25,90.43,91.22,92.21,91.41,91.41,91.30,90.40,89.73,88.27,87.79,89.08,89.12,89.31,89.87,90.33,90.40,88.91,90.56,88.66,88.73,87.57,88.13,89.12,88.53,88.96,90.34,90.36,90.39,90.56,90.78,89.68,90.25,88.05,89.46,89.42,89.66,89.66,89.66,88.12,89.59,88.26,88.25,88.37,88.10,87.68,87.69,87.83,87.35,87.39,87.41,84.38,84.85,,,,,,,,,,,,,,,,,,,,,,,,,,,,,,,,,,,,,,,,,,,,,,,,
Subclase,0.018955861,03122,Prendas de vestir de mujeres de 13 años y más,96.09,96.09,96.46,96.41,96.28,96.34,95.72,93.90,93.67,93.08,93.05,93.20,93.04,91.73,91.33,91.40,90.37,91.20,90.29,90.03,89.81,89.83,88.97,88.08,88.28,88.33,88.31,87.88,87.84,87.23,87.04,86.66,86.01,85.87,84.91,85.47,85.57,86.11,85.70,85.40,85.47,84.34,84.85,84.77,84.56,84.44,83.58,83.55,84.08,84.06,84.05,83.99,83.63,83.42,82.83,82.69,82.58,82.11,81.83,82.29,82.18,82.12,81.99,79.79,81.51,79.87,80.40,79.69,79.45,79.20,79.37,78.49,78.40,78.04,78.00,77.86,77.36,77.49,76.85,76.53,75.82,75.86,75.19,75.08,74.90,75.06,74.94,74.87,74.90,74.86,74.61,73.93,73.96,73.41,73.32,73.05,73.08,72.86,72.70,72.45,71.68,71.65,70.45,70.41,70.25,69.68,69.32,69.52,69.43,69.32,69.15,70.61,70.42,70.56,70.30,70.28,70.34,70.28,69.86,69.78,69.07,69.00,68.74,68.72,68.72,68.11,67.15,67.08,66.68,66.43,65.07,65.09,64.41,64.36,64.09,64.04,64.07,63.79,,,,,,,,,,,,,,,,,,,,,,,,,,,,,,,,,,,,,,,,,,,,,,,,
Producto,0.001951006,03122128,TERNO Y VESTIDO PARA MUJER ,100.64,100.28,100.55,99.83,99.87,99.63,97.20,93.79,95.04,94.13,94.05,93.97,93.85,94.15,94.04,93.94,93.94,93.46,92.12,92.00,91.33,91.28,89.46,87.90,87.72,87.73,86.65,86.64,86.51,86.01,86.00,85.90,84.20,82.74,82.27,83.39,84.80,85.66,85.86,85.76,85.78,84.20,83.47,82.94,83.40,82.83,82.81,82.48,82.45,82.46,82.27,81.94,81.94,81.77,80.76,80.81,80.59,79.56,79.34,78.48,78.59,79.33,81.38,82.60,82.51,80.76,79.56,79.00,78.50,77.42,77.22,76.69,76.75,76.49,76.33,76.42,74.93,73.22,71.82,70.89,70.45,70.24,70.11,70.30,69.95,69.62,69.61,69.64,69.68,70.06,69.50,68.43,69.90,69.24,68.80,68.55,68.71,68.65,68.33,67.80,67.01,66.69,66.24,66.18,66.02,64.27,62.14,62.91,62.85,62.87,62.94,63.57,61.31,62.40,62.31,62.26,62.13,62.20,61.59,61.46,60.12,59.04,58.47,58.27,59.02,58.45,57.34,56.91,56.50,56.56,56.52,56.42,54.48,53.98,53.60,53.79,53.20,53.09,,,,,,,,,,,,,,,,,,,,,,,,,,,,,,,,,,,,,,,,,,,,,,,,
Producto,0.000731584,03122129,CHOMPA PARA MUJER,77.15,78.99,77.62,77.11,78.40,76.04,76.11,75.26,74.47,73.07,72.93,72.73,73.02,73.70,73.29,74.17,73.13,72.52,70.63,70.94,69.30,72.78,72.60,70.80,69.54,68.93,68.81,69.06,69.28,69.54,67.46,66.68,66.32,67.26,67.57,65.32,65.09,65.08,65.29,64.75,64.98,63.99,63.71,62.99,62.64,62.71,62.23,61.51,61.47,61.36,62.30,61.73,61.08,60.91,59.52,59.03,59.06,58.95,58.80,58.62,58.50,58.47,58.38,54.30,58.51,57.85,57.68,57.37,57.13,57.41,56.62,56.32,55.55,55.42,54.73,54.00,53.31,53.07,52.32,52.24,51.55,51.58,49.74,49.80,50.43,49.96,49.92,50.52,50.51,50.46,49.95,49.47,49.60,49.48,49.53,48.52,47.95,48.13,47.68,47.02,46.54,46.55,45.06,45.28,44.70,44.40,43.98,44.37,43.61,43.52,42.47,43.90,43.47,43.93,42.98,42.14,42.16,42.43,42.41,42.05,41.26,41.29,41.36,41.69,41.76,41.65,40.59,39.97,39.72,39.41,38.92,39.13,39.18,38.97,38.94,38.92,38.73,38.67,,,,,,,,,,,,,,,,,,,,,,,,,,,,,,,,,,,,,,,,,,,,,,,,
Producto,0.000322062,03122130,FALDA PARA MUJER,91.66,91.38,90.85,89.25,89.43,89.43,88.63,87.84,88.02,87.48,87.47,87.74,87.67,87.21,87.35,87.35,87.06,87.18,87.32,88.83,88.79,87.62,87.48,87.18,87.16,86.67,86.86,87.00,86.85,85.18,85.10,83.91,83.80,83.33,82.61,82.58,82.41,80.45,81.64,81.64,82.34,82.00,82.75,82.77,82.67,82.34,82.04,81.68,81.69,81.57,81.43,80.16,80.09,80.18,79.80,79.85,79.85,79.86,79.85,80.15,80.32,80.32,80.32,80.32,80.32,76.88,77.54,74.29,75.65,75.57,73.48,71.93,68.18,68.19,66.91,65.57,62.74,62.14,63.12,62.29,62.03,59.91,60.05,60.17,59.47,59.33,59.33,59.66,59.57,58.06,57.79,57.68,57.90,56.93,56.72,55.10,54.04,55.72,55.63,55.53,55.64,55.44,54.39,54.63,54.72,51.46,51.36,51.36,49.79,49.70,49.59,50.27,49.66,50.29,49.71,49.75,49.48,49.34,48.85,48.38,48.41,48.41,47.55,46.31,46.21,46.25,44.81,44.66,44.96,45.02,45.02,45.09,43.73,43.68,43.56,43.84,43.67,43.40,,,,,,,,,,,,,,,,,,,,,,,,,,,,,,,,,,,,,,,,,,,,,,,,
Producto,0.005355119,03122131,PANTALÓN Y LICRA PARA MUJER,93.66,93.44,94.12,94.16,93.60,93.27,93.09,91.51,90.73,89.31,89.93,90.67,90.49,88.71,88.00,88.24,87.46,88.25,86.39,86.34,86.05,85.80,85.51,85.10,84.53,84.69,84.81,84.65,84.52,83.83,83.66,82.79,82.65,83.13,82.75,82.39,81.91,82.00,82.51,81.90,81.74,80.23,81.49,81.24,81.10,80.92,79.77,79.79,79.56,79.39,79.41,79.37,78.44,78.85,77.83,77.57,77.59,76.88,76.38,77.24,77.19,76.82,75.83,74.86,76.01,74.41,75.81,74.46,74.70,74.21,75.03,74.75,74.75,74.58,74.44,74.33,73.61,73.74,73.39,72.90,72.35,72.41,71.80,72.06,71.21,71.36,72.30,71.68,71.71,71.32,71.07,69.97,69.81,69.75,69.65,68.79,68.69,67.63,67.52,67.32,66.83,66.63,65.93,65.79,66.35,65.11,65.54,65.85,65.60,65.33,64.91,65.92,65.87,65.72,65.55,65.15,65.19,65.22,65.02,65.13,64.70,64.36,64.28,63.79,63.96,63.82,62.71,63.11,62.76,62.33,61.37,61.82,61.61,61.48,60.43,60.27,60.35,60.05,,,,,,,,,,,,,,,,,,,,,,,,,,,,,,,,,,,,,,,,,,,,,,,,
Producto,0.005380973,03122132,BLUSA PARA MUJER,93.84,93.84,93.89,94.09,94.03,94.17,92.85,89.70,89.20,89.26,88.63,88.59,88.73,86.00,85.97,85.97,83.18,84.10,83.75,83.76,83.83,83.75,81.64,81.53,81.21,81.36,81.32,79.95,79.95,79.20,79.21,78.59,78.16,78.16,76.68,78.23,78.68,78.98,77.12,77.12,77.12,75.48,76.32,76.52,75.71,75.71,74.63,74.71,76.74,76.79,76.67,76.53,76.50,75.66,75.83,75.80,75.54,75.54,75.59,76.05,75.73,75.73,75.73,75.73,75.45,72.84,72.65,72.76,71.90,71.78,71.11,68.65,69.01,67.92,68.23,68.37,67.94,68.16,68.27,67.71,66.55,66.58,65.38,64.70,64.28,64.90,63.72,63.42,63.27,63.32,63.32,62.87,62.07,59.91,60.06,60.06,59.93,60.34,60.20,59.78,58.84,59.03,56.15,55.93,55.37,55.54,54.85,54.87,54.97,54.70,54.38,56.13,56.37,56.25,56.02,55.96,55.70,55.58,54.83,54.43,52.94,52.92,52.64,52.57,52.68,52.22,50.89,51.29,51.12,50.47,49.34,49.01,47.76,47.79,47.88,47.36,47.53,46.96,,,,,,,,,,,,,,,,,,,,,,,,,,,,,,,,,,,,,,,,,,,,,,,,
Producto,0.000453074,03122133,ROPA PARA DORMIR PARA MUJER,100.56,100.30,100.42,100.42,100.47,100.47,103.17,98.34,99.25,99.31,99.29,97.66,97.90,97.78,96.79,96.79,96.21,105.12,104.82,105.13,105.34,105.30,106.63,106.51,106.52,106.45,106.00,106.00,105.84,105.25,104.01,105.12,105.27,104.60,104.48,104.26,104.06,104.67,103.54,101.16,101.04,101.79,101.52,101.52,101.33,101.22,101.20,101.17,100.91,100.56,100.62,100.59,100.56,99.59,99.59,99.29,99.29,99.29,96.00,96.86,95.44,95.22,95.25,95.24,95.25,93.46,95.53,95.50,95.37,95.36,96.68,96.54,96.54,97.00,96.01,91.44,91.39,91.22,87.73,87.96,87.22,84.71,83.18,82.82,82.88,83.39,83.53,83.69,83.37,83.40,82.82,82.35,82.47,83.43,83.37,83.23,83.63,81.18,80.18,79.85,78.84,79.02,78.62,79.04,78.55,77.91,76.04,76.33,76.14,75.95,75.90,77.02,76.88,76.99,76.22,76.19,76.14,75.19,75.69,75.68,75.66,75.66,75.50,75.92,75.94,75.74,72.34,72.15,72.15,70.66,70.66,70.70,68.70,69.96,70.00,70.04,70.01,69.97,,,,,,,,,,,,,,,,,,,,,,,,,,,,,,,,,,,,,,,,,,,,,,,,
Producto,0.004181919,03122134,ROPA INTERIOR PARA MUJER,103.27,103.39,104.20,104.18,104.07,105.02,104.94,105.06,105.11,104.90,104.90,104.93,104.22,103.87,103.24,103.15,103.33,104.03,103.64,102.42,102.32,102.29,102.12,99.72,102.08,102.05,102.45,102.43,102.42,101.98,101.84,102.06,100.78,100.11,98.29,99.18,99.09,100.59,100.44,100.27,100.61,100.37,100.28,100.33,100.43,100.37,99.51,99.54,99.71,99.80,99.76,100.07,99.79,99.64,98.94,98.74,98.78,98.01,97.90,98.49,98.54,98.57,98.47,89.83,95.83,95.27,96.49,95.41,95.32,95.54,96.32,96.20,95.75,95.74,95.73,95.68,95.88,96.91,95.42,95.84,95.26,95.69,95.01,94.93,95.54,95.34,95.08,95.75,95.96,96.21,95.83,95.37,96.11,96.82,96.63,97.06,97.39,97.34,97.29,97.39,96.28,96.15,96.05,96.15,95.78,95.86,95.85,95.83,95.91,96.09,96.13,98.24,98.29,98.49,98.16,98.76,99.32,99.14,98.76,98.95,99.03,99.61,99.19,99.90,99.35,97.69,97.72,96.69,95.82,96.21,92.85,92.78,92.80,92.83,93.04,93.53,93.72,93.65,,,,,,,,,,,,,,,,,,,,,,,,,,,,,,,,,,,,,,,,,,,,,,,,
Producto,0.000580124,03122135,MEDIAS PARA MUJER,95.27,95.50,96.13,96.50,96.90,97.42,97.98,98.02,98.09,98.13,97.62,97.52,97.57,97.52,97.52,97.54,97.55,99.15,99.55,99.17,99.17,99.28,100.27,100.97,100.95,100.82,100.72,100.65,100.95,100.09,100.38,100.89,100.60,100.94,101.39,101.45,101.76,102.51,102.06,102.08,102.65,102.61,103.33,103.35,103.79,103.78,103.62,103.57,103.33,103.78,104.02,104.07,104.01,103.74,102.72,102.80,101.95,102.47,101.61,102.37,102.62,101.60,100.37,101.00,100.76,100.36,99.93,99.88,100.03,99.21,99.62,100.07,99.87,100.59,100.81,101.19,101.47,101.50,101.63,101.32,101.22,102.28,105.98,106.36,108.53,109.43,109.57,109.89,110.72,110.19,110.22,110.44,109.59,109.16,108.67,107.86,108.99,109.03,109.03,109.05,108.96,109.90,109.06,109.66,108.79,108.16,107.93,108.33,108.45,108.64,110.89,112.67,112.97,113.96,113.94,114.41,115.01,115.19,115.20,115.04,114.58,115.20,115.20,115.29,113.95,114.00,113.54,113.72,113.31,113.35,113.35,113.32,113.28,113.34,113.48,113.51,113.34,113.27,,,,,,,,,,,,,,,,,,,,,,,,,,,,,,,,,,,,,,,,,,,,,,,,
Subclase,0.010946625,03123,Prendas de vestir de niños y niñas de 3 a 12 años,98.30,98.26,98.30,98.76,98.78,98.71,97.77,97.66,98.32,98.46,98.61,98.60,98.36,98.13,98.20,98.02,97.82,97.92,97.86,97.72,97.07,96.72,96.83,97.20,96.77,96.81,96.59,96.19,96.00,95.31,95.64,95.52,95.71,95.61,94.95,94.98,94.94,94.95,95.53,96.02,95.63,94.97,95.09,95.16,95.38,95.09,94.63,94.74,94.80,94.71,94.56,94.84,94.76,94.64,94.41,94.37,93.87,93.96,93.60,93.95,93.83,93.74,93.73,90.98,91.98,91.67,92.46,92.32,92.21,92.05,92.08,91.89,91.64,91.65,91.49,91.10,91.17,91.05,91.01,90.78,90.61,90.53,90.08,90.22,90.12,90.55,90.56,90.38,90.99,90.76,90.64,90.27,90.57,91.22,91.02,90.90,90.94,90.78,90.89,91.32,91.02,91.14,90.44,90.52,90.69,90.81,90.05,90.24,89.89,89.75,89.73,90.70,90.47,90.45,90.14,90.08,90.60,90.61,90.47,90.52,90.34,90.29,90.21,90.03,89.36,89.27,88.82,88.60,88.11,88.11,87.84,87.83,87.72,87.80,87.72,87.72,87.43,87.34,,,,,,,,,,,,,,,,,,,,,,,,,,,,,,,,,,,,,,,,,,,,,,,,
Producto,0.000827203,03123136,CHOMPAS DE NIÑAS Y NIÑOS,89.39,89.05,89.06,87.82,87.99,88.13,85.98,84.05,83.80,82.93,82.62,83.35,83.38,81.53,81.29,80.89,81.51,80.57,78.50,78.15,77.36,78.48,79.00,78.47,78.20,77.77,77.94,77.15,75.98,75.65,75.70,75.23,74.31,73.56,73.32,72.70,72.13,71.29,71.24,71.29,70.55,70.25,70.05,69.99,69.79,69.81,69.05,68.87,68.32,66.79,66.51,67.30,67.18,67.35,67.20,66.53,66.84,66.83,65.86,65.30,65.37,65.23,65.19,65.19,64.89,64.51,64.39,64.14,64.10,63.63,62.86,62.33,62.33,62.33,62.14,62.05,61.12,61.13,61.13,61.02,60.64,60.70,60.73,60.86,60.56,60.62,60.86,60.10,60.18,60.10,59.95,59.49,59.53,59.31,58.78,58.72,58.90,58.13,58.25,58.36,58.16,57.92,56.88,56.96,56.84,56.41,53.88,53.53,52.15,51.78,52.04,52.17,52.28,52.26,51.81,51.60,51.69,51.61,50.94,50.82,50.46,50.61,50.40,50.52,49.67,49.63,46.86,46.90,46.92,46.55,46.18,46.05,45.94,45.91,45.60,45.82,45.86,45.68,,,,,,,,,,,,,,,,,,,,,,,,,,,,,,,,,,,,,,,,,,,,,,,,
Producto,0.000466213,03123137,CONJUNTO PARA NIÑAS Y NIÑOS,108.07,106.52,106.52,106.81,106.70,107.40,107.44,107.08,107.23,107.23,107.03,107.08,107.83,107.05,107.05,106.38,106.40,106.82,107.04,103.24,103.55,103.69,103.77,105.11,105.05,105.24,105.17,105.09,105.00,104.01,103.56,106.49,106.56,105.18,105.68,106.05,105.54,105.54,105.34,105.37,105.61,104.90,104.90,103.42,103.49,103.46,102.32,102.54,102.61,102.61,101.65,101.59,101.17,100.22,100.04,100.16,100.47,99.67,98.68,98.68,98.20,98.00,98.26,89.52,90.48,93.01,94.53,93.18,93.36,94.52,94.55,94.55,93.73,93.92,93.53,90.81,91.79,90.90,90.77,91.13,90.69,90.67,87.70,89.21,89.42,89.42,88.44,88.07,89.00,89.01,87.25,86.44,85.31,85.17,83.63,83.73,83.73,83.73,83.14,83.29,83.41,83.41,83.55,81.56,82.36,82.60,82.08,81.83,80.69,80.45,78.48,78.65,78.81,78.37,78.34,78.23,78.50,78.64,77.19,77.08,76.47,76.57,76.57,76.18,75.00,74.83,74.81,74.78,75.16,74.70,73.39,73.23,73.69,73.76,73.78,72.44,72.06,71.96,,,,,,,,,,,,,,,,,,,,,,,,,,,,,,,,,,,,,,,,,,,,,,,,
Producto,0.000971309,03123138,CAMISETA PARA NIÑAS Y NIÑOS,91.17,91.28,91.31,91.42,91.42,91.42,88.58,88.81,87.20,87.35,87.53,87.21,87.18,87.05,87.28,87.53,87.16,87.38,86.26,86.70,82.48,82.25,83.53,85.46,85.46,85.06,84.74,85.09,84.62,82.46,83.36,83.41,83.26,82.18,78.37,80.24,80.97,80.74,80.43,80.28,80.72,80.72,78.45,79.74,79.74,79.74,79.19,79.73,79.84,80.03,80.25,80.49,79.70,79.47,77.73,77.73,77.59,76.89,76.63,77.35,77.37,77.37,77.48,71.46,71.56,75.26,75.73,75.61,76.11,75.71,75.71,75.47,75.50,74.95,74.29,72.89,74.92,75.44,74.71,74.63,74.06,73.57,71.31,71.49,70.87,73.28,73.31,72.81,72.81,72.35,71.92,71.92,71.75,71.75,72.58,71.70,71.76,70.88,70.92,70.95,70.98,71.01,71.09,71.13,71.02,70.77,70.56,70.30,70.37,70.40,70.40,71.47,71.43,71.43,71.12,69.35,68.86,69.06,68.95,69.07,68.71,68.55,68.64,68.52,65.69,65.71,65.54,65.18,65.29,65.52,64.54,64.54,63.94,64.04,64.63,64.62,61.88,61.87,,,,,,,,,,,,,,,,,,,,,,,,,,,,,,,,,,,,,,,,,,,,,,,,
Producto,0.000817812,03123139,BLUSA PARA NIÑAS ,98.11,98.77,98.91,99.33,99.33,96.70,92.94,92.86,92.94,95.25,94.49,94.23,94.04,95.91,95.91,95.92,94.63,94.21,94.30,94.26,93.92,94.03,93.49,94.01,94.12,93.92,93.50,93.12,93.12,91.19,95.09,95.26,95.30,95.08,93.37,93.59,92.80,92.80,99.01,99.01,99.01,98.60,99.27,99.03,99.29,96.85,96.65,96.26,96.08,95.89,95.83,95.63,95.61,95.71,96.27,96.27,95.00,96.13,95.33,95.21,94.89,94.89,94.89,88.66,90.53,91.38,95.97,93.12,92.72,93.07,93.07,92.83,91.52,90.74,90.71,90.28,88.68,88.75,89.41,87.23,87.19,87.04,87.09,87.05,85.40,85.99,85.43,84.45,86.70,84.66,84.64,82.80,76.97,85.08,85.75,85.91,85.03,82.28,83.42,83.11,82.81,82.95,81.47,83.55,82.34,81.65,80.07,80.89,77.45,77.07,77.08,78.24,76.05,75.96,74.62,74.23,74.24,74.05,74.21,74.19,72.99,72.23,72.80,73.14,73.16,73.11,71.33,70.46,69.30,69.31,69.12,68.82,67.93,68.37,66.79,65.97,66.14,65.52,,,,,,,,,,,,,,,,,,,,,,,,,,,,,,,,,,,,,,,,,,,,,,,,
Producto,0.001546831,03123140,PANTALONES PARA NIÑAS Y NIÑOS,95.17,95.34,95.46,95.49,94.86,95.09,93.42,92.72,93.63,93.63,96.82,96.23,94.62,93.09,93.58,93.42,93.03,93.72,93.94,94.08,93.53,91.94,91.49,91.93,89.61,90.40,89.84,89.74,89.66,88.40,87.89,87.61,87.76,89.09,87.16,86.06,85.61,86.23,87.96,88.21,87.38,83.68,85.60,85.93,85.83,85.45,84.46,84.80,84.57,84.98,84.98,84.96,85.04,85.04,84.15,84.32,83.00,83.86,83.04,84.86,84.49,83.97,83.90,81.15,82.58,76.37,78.71,79.63,79.46,79.11,79.62,79.13,77.57,78.22,77.58,76.65,77.28,77.49,77.32,77.05,76.82,76.62,75.73,76.39,76.69,77.23,77.96,77.28,78.08,77.48,77.42,77.24,77.24,77.15,76.20,76.09,76.15,75.98,76.24,76.13,75.54,75.54,74.46,73.93,72.55,73.52,71.18,72.20,72.20,71.85,71.81,72.61,72.57,72.29,70.91,70.87,70.09,69.94,69.47,69.77,69.92,69.44,68.90,68.62,68.22,68.05,67.86,68.08,67.54,67.54,66.53,66.78,66.68,66.86,66.86,66.92,66.80,66.80,,,,,,,,,,,,,,,,,,,,,,,,,,,,,,,,,,,,,,,,,,,,,,,,
Producto,0.000830961,03123141,ROPA INTERIOR PARA NIÑAS Y NIÑOS,99.76,99.35,99.92,99.94,100.05,100.44,100.34,101.02,100.99,99.75,98.11,98.93,97.86,98.01,98.09,98.20,98.11,98.35,99.88,99.93,99.72,96.78,97.13,96.87,96.79,96.78,95.74,95.83,95.72,95.05,95.28,94.90,94.54,94.01,93.32,94.06,94.33,94.37,93.39,93.16,93.37,92.14,92.30,92.08,92.17,92.32,90.84,91.19,93.04,93.16,92.94,93.13,93.46,92.77,92.69,92.44,92.49,92.34,91.62,92.24,92.69,92.64,92.71,89.27,89.82,89.99,90.01,90.69,89.30,89.47,89.85,89.22,89.37,89.59,89.75,89.68,88.92,88.91,88.94,88.99,89.13,89.18,88.98,88.31,89.57,89.80,90.45,90.82,90.55,90.29,90.07,88.04,88.69,88.23,88.57,88.68,88.69,89.08,88.51,89.73,89.26,89.17,88.49,89.14,88.26,88.74,87.97,88.33,88.82,88.42,89.18,90.83,89.64,89.64,89.35,89.22,88.91,89.91,89.40,89.40,89.79,90.77,90.47,89.64,86.61,86.50,85.50,83.44,83.40,83.43,83.51,83.53,83.56,83.79,83.91,84.07,82.98,83.00,,,,,,,,,,,,,,,,,,,,,,,,,,,,,,,,,,,,,,,,,,,,,,,,
Producto,0.00052745,03123142,MEDIAS PARA NIÑAS Y NIÑOS,99.64,99.69,98.93,99.19,99.48,99.48,99.48,101.28,101.28,103.82,102.95,102.95,104.01,104.38,104.38,103.93,102.77,103.07,103.72,103.50,103.77,104.03,104.60,106.82,105.10,105.15,104.96,104.44,104.33,103.62,104.30,100.92,100.89,101.36,103.97,103.58,104.94,104.91,104.65,103.51,103.03,103.11,103.11,103.29,103.11,102.00,101.09,101.55,101.51,100.55,98.82,97.94,97.91,97.91,98.52,98.51,98.51,98.51,98.58,99.33,97.89,98.01,97.66,84.45,90.64,95.55,95.86,95.53,95.87,95.71,95.41,95.41,97.24,97.24,97.43,97.48,97.29,97.50,97.64,97.05,97.38,97.38,96.90,97.16,96.22,97.60,96.01,95.49,94.74,95.28,96.00,96.19,95.59,98.03,95.59,94.65,96.39,100.04,100.87,101.02,100.73,103.12,96.61,96.96,97.68,98.42,97.95,98.42,98.73,98.71,98.70,99.97,99.58,100.27,101.74,105.08,104.43,103.64,105.21,105.33,104.20,104.18,103.87,99.86,99.85,99.00,99.29,99.29,98.20,98.75,99.65,99.69,99.73,99.73,99.66,99.73,100.32,100.32,,,,,,,,,,,,,,,,,,,,,,,,,,,,,,,,,,,,,,,,,,,,,,,,
Producto,0.004958846,03123143,UNIFORME ESCOLAR,100.89,100.89,100.89,101.95,102.12,102.17,102.17,102.17,103.68,103.66,103.51,103.51,103.51,103.51,103.51,103.27,103.26,103.35,103.35,103.35,103.08,103.09,103.09,103.09,103.09,103.09,103.09,102.41,102.34,102.28,102.28,102.28,102.90,102.79,102.79,102.79,102.79,102.79,102.79,103.97,103.40,103.49,103.49,103.49,103.99,103.98,103.98,103.98,103.98,103.98,103.98,104.52,104.48,104.42,104.42,104.42,103.88,103.88,103.88,103.88,103.88,103.88,103.88,103.69,104.32,103.97,103.97,103.97,103.94,103.68,103.68,103.68,103.68,103.68,103.68,103.74,103.78,103.39,103.39,103.39,103.24,103.24,103.31,103.31,103.31,103.31,103.31,103.53,104.28,104.39,104.39,104.39,106.11,106.11,106.11,106.11,106.11,106.11,106.11,106.89,106.58,106.62,106.62,106.62,107.68,107.68,107.68,107.68,107.68,107.68,107.68,108.72,108.81,108.82,108.82,108.82,110.39,110.38,110.38,110.38,110.38,110.38,110.38,110.61,110.57,110.57,110.57,110.57,109.90,109.90,109.90,109.90,109.90,109.90,109.90,110.09,110.15,110.08,,,,,,,,,,,,,,,,,,,,,,,,,,,,,,,,,,,,,,,,,,,,,,,,
Subclase,0.002408319,03124,Prendas de vestir y complementos para niños y niñas de 0 a 2 años,95.88,95.39,93.24,93.03,93.92,93.48,93.36,90.14,90.87,91.07,91.59,91.62,91.94,91.60,90.94,90.80,90.03,90.97,90.10,89.84,89.13,89.08,89.34,88.47,86.92,86.21,85.72,85.88,85.83,84.95,84.76,84.28,83.70,83.27,82.46,82.39,81.94,81.81,81.67,80.78,81.96,81.05,80.08,80.32,80.76,80.80,79.86,79.88,79.43,79.21,79.68,79.52,79.66,79.44,79.43,78.68,77.78,78.15,77.21,77.26,77.35,77.10,76.91,75.54,75.56,74.86,76.01,76.02,75.12,74.71,74.56,74.55,73.37,72.62,73.48,72.89,72.82,72.68,72.27,72.37,72.12,72.15,70.92,70.97,71.04,71.23,71.50,71.20,70.78,70.44,69.81,68.81,69.30,68.93,68.56,68.39,67.20,66.86,66.85,66.76,66.71,66.02,65.53,65.60,64.90,64.40,63.77,63.70,63.66,63.48,63.37,63.98,63.60,63.62,63.52,62.54,62.78,62.40,60.69,61.01,60.19,60.23,59.71,59.45,59.49,58.79,58.13,57.90,57.79,57.75,56.85,56.77,56.42,56.79,56.72,56.67,56.60,56.73,,,,,,,,,,,,,,,,,,,,,,,,,,,,,,,,,,,,,,,,,,,,,,,,
Producto,0.000342909,03124144,CAMISETA PARA BEBÉ,102.30,102.31,98.52,95.63,95.63,95.20,94.85,91.45,93.17,93.26,93.26,93.58,93.58,93.78,93.78,93.89,93.54,94.12,94.18,92.11,91.26,90.58,93.36,93.15,92.72,92.53,90.38,90.40,90.17,89.79,89.43,86.43,86.05,84.10,79.97,81.39,81.46,81.27,82.62,78.37,78.61,78.61,78.61,78.71,80.83,80.83,79.83,79.83,80.01,80.48,80.48,80.17,80.17,79.55,78.08,77.92,78.22,78.00,77.60,78.35,79.25,79.07,79.07,76.98,77.44,75.97,77.72,77.44,76.97,76.34,76.18,76.16,73.84,74.02,74.72,74.70,73.79,73.74,74.06,74.01,74.08,74.30,74.51,74.48,74.95,73.79,72.90,71.92,71.49,71.49,70.10,70.69,70.11,69.27,69.27,69.27,69.00,67.99,68.73,67.76,68.00,67.18,66.66,66.29,66.26,66.30,65.85,64.75,64.59,64.61,64.48,64.97,65.10,64.99,64.77,64.02,64.12,64.44,64.21,64.35,64.17,64.29,63.72,63.03,63.72,63.70,62.45,61.67,61.42,61.48,61.46,61.14,60.78,60.65,60.60,60.57,60.63,60.44,,,,,,,,,,,,,,,,,,,,,,,,,,,,,,,,,,,,,,,,,,,,,,,,
Producto,0.001789506,03124145,ROPA EXTERIOR PARA BEBÉ,93.45,92.79,91.89,92.16,93.24,92.86,92.78,89.53,90.11,90.36,91.00,90.99,90.89,90.36,89.46,89.25,88.30,89.41,88.21,88.23,87.41,87.47,87.59,86.44,84.18,83.56,83.36,83.60,83.58,82.57,82.50,82.58,81.92,81.75,81.59,80.98,80.32,80.28,79.82,79.49,80.97,80.22,79.03,79.22,79.50,79.52,78.29,78.58,78.22,77.72,78.91,78.74,78.90,78.51,78.77,77.78,76.71,77.23,76.17,75.81,75.64,75.44,75.26,73.80,73.75,73.09,74.20,74.23,73.09,72.76,72.58,72.59,71.61,70.59,71.70,70.93,71.24,71.06,70.44,70.67,70.35,70.31,68.66,68.81,68.77,69.15,69.72,69.47,69.14,68.71,68.18,67.00,67.83,67.33,66.84,66.70,65.42,65.12,64.91,65.12,65.15,64.45,63.97,63.96,63.16,62.53,61.87,62.26,62.22,61.98,61.93,62.56,62.02,62.08,61.99,60.97,61.24,60.82,58.58,58.99,58.00,57.92,57.34,57.12,57.14,56.24,55.83,55.83,55.78,55.76,54.56,54.57,54.14,54.49,54.42,54.36,54.28,54.47,,,,,,,,,,,,,,,,,,,,,,,,,,,,,,,,,,,,,,,,,,,,,,,,
Producto,0.000275904,03124146,ROPA INTERIOR PARA BEBÉ,103.66,103.66,95.44,95.46,96.25,95.31,95.31,92.48,92.92,92.92,93.29,93.29,96.70,96.95,96.95,96.98,96.91,97.21,97.21,97.46,97.60,97.69,95.73,95.84,97.48,95.59,95.24,95.06,95.05,94.36,93.58,92.58,92.27,92.12,91.20,92.71,93.04,92.45,92.49,92.15,92.55,89.41,88.67,89.47,88.78,89.06,90.10,88.35,86.55,87.24,83.73,83.77,83.95,85.41,85.39,85.46,84.15,84.29,83.45,85.35,86.07,85.40,84.91,85.03,84.92,84.97,85.65,85.86,85.95,85.40,85.42,85.29,84.25,84.04,83.50,83.28,81.83,81.89,81.88,81.38,81.22,81.38,81.10,80.60,80.90,81.57,81.31,81.48,80.53,80.32,80.00,78.16,77.85,78.89,78.87,78.24,76.48,76.75,77.16,76.19,75.19,74.82,74.25,75.40,74.48,74.17,73.47,71.79,71.83,71.83,71.36,71.93,72.02,71.93,71.93,70.93,71.09,70.09,70.06,69.94,69.41,70.12,70.12,70.15,69.50,69.28,67.70,66.60,66.29,65.99,66.05,65.61,65.85,66.86,66.78,66.79,66.63,66.78,,,,,,,,,,,,,,,,,,,,,,,,,,,,,,,,,,,,,,,,,,,,,,,,
Clase,0.000852245,0313,Otros artículos y accesorios de vestir (SD),97.21,97.26,97.00,97.05,96.84,97.33,96.64,96.62,96.41,95.96,95.71,96.14,96.17,96.15,95.85,95.98,95.29,95.83,94.84,94.72,94.35,94.22,92.87,90.35,93.65,93.04,93.03,92.88,92.12,91.41,91.69,90.71,90.53,88.10,88.06,87.89,87.86,87.82,87.23,87.65,88.09,87.98,87.59,87.57,87.70,87.44,86.19,86.34,86.60,86.52,86.41,86.23,86.68,86.56,86.70,86.25,86.71,86.73,86.44,85.79,85.95,85.88,85.80,85.80,83.20,83.83,85.37,84.67,84.57,85.24,84.95,85.17,85.20,84.56,83.35,83.11,82.78,82.70,82.29,82.15,82.19,82.06,82.01,81.73,80.61,81.39,81.58,82.47,82.67,81.60,82.09,83.11,82.27,81.92,81.78,81.59,81.67,81.22,81.13,81.11,80.89,80.46,79.56,79.83,79.68,79.26,79.33,79.05,78.85,79.23,78.70,79.99,80.07,80.27,80.05,79.89,79.72,79.28,78.65,79.14,78.78,78.32,78.69,77.88,78.40,78.64,77.52,77.57,77.56,77.43,77.49,76.93,76.79,77.49,77.20,76.63,76.68,76.44,,,,,,,,,,,,,,,,,,,,,,,,,,,,,,,,,,,,,,,,,,,,,,,,
Subclase,0.000852245,03131,Accesorios de vestir,97.21,97.26,97.00,97.05,96.84,97.33,96.64,96.62,96.41,95.96,95.71,96.14,96.17,96.15,95.85,95.98,95.29,95.83,94.84,94.72,94.35,94.22,92.87,90.35,93.65,93.04,93.03,92.88,92.12,91.41,91.69,90.71,90.53,88.10,88.06,87.89,87.86,87.82,87.23,87.65,88.09,87.98,87.59,87.57,87.70,87.44,86.19,86.34,86.60,86.52,86.41,86.23,86.68,86.56,86.70,86.25,86.71,86.73,86.44,85.79,85.95,85.88,85.80,85.80,83.20,83.83,85.37,84.67,84.57,85.24,84.95,85.17,85.20,84.56,83.35,83.11,82.78,82.70,82.29,82.15,82.19,82.06,82.01,81.73,80.61,81.39,81.58,82.47,82.67,81.60,82.09,83.11,82.27,81.92,81.78,81.59,81.67,81.22,81.13,81.11,80.89,80.46,79.56,79.83,79.68,79.26,79.33,79.05,78.85,79.23,78.70,79.99,80.07,80.27,80.05,79.89,79.72,79.28,78.65,79.14,78.78,78.32,78.69,77.88,78.40,78.64,77.52,77.57,77.56,77.43,77.49,76.93,76.79,77.49,77.20,76.63,76.68,76.44,,,,,,,,,,,,,,,,,,,,,,,,,,,,,,,,,,,,,,,,,,,,,,,,
Producto,0.000337243,03131147,CORREA,93.64,93.35,93.31,94.02,94.02,94.22,92.74,92.74,92.74,91.75,92.36,92.49,92.22,92.22,92.45,94.48,92.77,93.57,92.04,91.21,91.04,90.49,89.46,88.95,90.42,90.32,90.31,90.25,90.26,89.28,89.99,89.81,89.91,88.36,86.77,87.02,87.02,87.09,86.27,84.57,84.67,84.67,84.66,84.66,85.15,85.40,85.40,84.89,84.98,84.94,85.02,85.02,84.90,84.63,84.93,84.83,85.21,85.21,85.20,85.20,85.24,85.24,85.04,85.04,84.93,84.80,85.22,84.04,83.17,85.03,84.83,85.49,85.60,85.48,83.60,83.60,83.38,83.80,82.78,83.31,83.45,84.08,84.09,84.54,84.84,84.43,84.49,85.37,85.41,84.31,85.47,85.72,84.02,85.70,85.84,85.74,85.86,84.43,84.00,84.22,84.17,83.33,83.48,83.73,83.81,83.59,83.50,83.35,83.37,82.91,82.43,83.96,84.11,84.25,83.61,83.88,83.58,83.82,82.10,83.39,82.79,83.10,83.23,82.66,82.75,82.74,81.52,81.07,81.49,81.38,81.39,81.44,81.57,81.81,81.75,81.75,81.70,81.72,,,,,,,,,,,,,,,,,,,,,,,,,,,,,,,,,,,,,,,,,,,,,,,,
Producto,0.000370466,03131148,GORRA,100.17,100.55,100.56,100.55,99.43,100.38,100.13,100.08,99.61,99.83,98.69,99.03,99.35,99.30,98.40,96.29,96.82,96.74,95.33,95.75,96.84,96.68,94.65,88.97,95.29,95.19,95.20,95.08,91.27,90.95,90.94,90.92,90.69,87.13,88.77,88.27,88.20,88.05,87.44,89.02,89.56,89.53,89.05,89.01,88.87,88.79,86.21,86.20,86.71,86.58,86.26,86.26,86.05,86.00,86.00,85.87,85.97,85.54,85.69,83.79,84.13,83.97,83.97,83.97,83.81,83.77,85.20,85.10,85.14,83.23,83.12,82.63,82.99,82.76,82.54,82.09,81.50,81.51,81.27,81.26,81.33,80.85,80.79,79.68,78.87,81.05,81.42,82.54,82.58,81.09,80.93,83.01,82.62,80.28,79.96,79.55,79.83,80.00,80.04,79.80,79.21,79.04,77.30,77.60,77.18,76.41,76.27,75.37,74.88,76.40,75.69,77.16,77.06,77.39,77.44,76.77,76.66,75.43,75.54,75.47,75.58,74.34,75.14,73.78,74.83,75.07,73.59,74.10,73.82,73.57,73.80,72.50,72.04,73.43,72.80,71.50,71.66,71.10,,,,,,,,,,,,,,,,,,,,,,,,,,,,,,,,,,,,,,,,,,,,,,,,
Producto,0.000144536,03131149,CORBATA,97.93,97.93,96.49,95.14,96.77,96.77,96.77,96.77,96.77,95.86,95.86,97.22,97.22,97.22,97.22,98.69,97.25,98.81,100.14,100.28,95.71,96.60,96.26,97.16,96.96,93.88,93.80,93.36,98.67,97.52,97.57,92.30,91.55,90.00,89.26,88.97,88.93,88.93,88.95,91.34,92.29,91.73,90.73,90.68,90.67,88.75,87.99,90.09,90.09,90.09,90.06,88.99,92.48,92.52,92.62,90.53,92.10,93.36,91.28,92.28,92.28,92.28,92.28,92.28,77.58,81.73,86.18,85.04,86.37,90.89,89.94,90.92,89.93,87.00,84.85,84.59,84.67,83.16,83.77,81.71,81.47,80.45,80.28,80.41,75.19,75.19,75.19,75.54,76.53,76.60,77.20,77.29,77.29,77.30,77.00,77.16,76.59,76.81,77.21,77.19,77.54,77.42,76.23,76.44,76.44,76.44,77.45,78.46,78.46,77.91,77.70,78.00,78.38,78.37,78.44,78.55,78.55,78.58,78.55,78.64,77.64,77.38,77.20,77.23,77.39,78.25,78.25,78.29,77.97,78.11,77.84,77.77,77.83,77.83,77.83,77.84,77.82,77.82,,,,,,,,,,,,,,,,,,,,,,,,,,,,,,,,,,,,,,,,,,,,,,,,
Clase,0.001886198,0314,"Limpieza, reparación y alquiler de prendas de vestir (S)",101.26,101.20,101.47,101.35,101.84,102.19,102.42,103.01,103.20,103.48,103.55,103.45,103.36,103.62,103.74,103.82,103.59,104.21,104.87,104.57,104.61,105.03,104.59,104.41,104.62,105.26,105.58,105.98,106.10,105.86,105.70,105.94,106.03,105.98,105.83,105.81,105.28,105.20,105.23,105.52,105.68,106.07,106.20,105.87,105.82,105.64,105.54,105.37,106.49,106.47,106.38,106.39,106.57,106.66,106.25,106.45,106.33,106.55,106.44,106.20,106.70,106.69,106.52,106.56,106.42,106.16,106.23,105.30,105.23,104.86,105.15,105.02,104.89,105.32,105.07,104.39,104.56,104.56,104.44,104.27,103.64,104.10,104.19,104.44,105.20,105.65,106.22,107.12,107.76,107.77,108.18,108.04,108.25,108.66,108.38,108.46,108.70,109.23,109.25,109.28,109.68,110.38,110.03,109.84,110.39,110.43,109.53,110.49,110.88,110.97,110.98,112.90,112.97,113.13,113.32,113.43,112.60,113.23,113.04,113.32,113.34,113.48,113.76,113.95,113.89,114.04,114.07,114.36,114.42,114.29,114.55,114.63,115.16,115.13,115.62,115.80,115.98,116.14,,,,,,,,,,,,,,,,,,,,,,,,,,,,,,,,,,,,,,,,,,,,,,,,
Subclase,0.001886198,03141,"Limpieza, reparación y alquiler de prendas de vestir",101.26,101.20,101.47,101.35,101.84,102.19,102.42,103.01,103.20,103.48,103.55,103.45,103.36,103.62,103.74,103.82,103.59,104.21,104.87,104.57,104.61,105.03,104.59,104.41,104.62,105.26,105.58,105.98,106.10,105.86,105.70,105.94,106.03,105.98,105.83,105.81,105.28,105.20,105.23,105.52,105.68,106.07,106.20,105.87,105.82,105.64,105.54,105.37,106.49,106.47,106.38,106.39,106.57,106.66,106.25,106.45,106.33,106.55,106.44,106.20,106.70,106.69,106.52,106.56,106.42,106.16,106.23,105.30,105.23,104.86,105.15,105.02,104.89,105.32,105.07,104.39,104.56,104.56,104.44,104.27,103.64,104.10,104.19,104.44,105.20,105.65,106.22,107.12,107.76,107.77,108.18,108.04,108.25,108.66,108.38,108.46,108.70,109.23,109.25,109.28,109.68,110.38,110.03,109.84,110.39,110.43,109.53,110.49,110.88,110.97,110.98,112.90,112.97,113.13,113.32,113.43,112.60,113.23,113.04,113.32,113.34,113.48,113.76,113.95,113.89,114.04,114.07,114.36,114.42,114.29,114.55,114.63,115.16,115.13,115.62,115.80,115.98,116.14,,,,,,,,,,,,,,,,,,,,,,,,,,,,,,,,,,,,,,,,,,,,,,,,
Producto,0.001067272,03141150,CONFECCIÓN Y REPARACIÓN DE PRENDAS DE VESTIR,100.06,100.35,100.68,100.57,100.93,101.05,101.46,102.46,102.93,103.35,103.43,103.55,103.24,103.58,103.68,103.75,103.11,103.41,103.77,103.28,103.33,103.68,103.25,103.26,103.47,104.37,104.62,105.10,105.26,105.36,105.09,105.45,105.62,105.53,105.17,105.12,105.89,105.94,106.24,106.49,106.59,107.31,107.58,106.83,106.75,106.42,106.31,106.17,105.94,106.13,105.96,105.99,106.23,106.21,105.43,105.37,105.08,105.40,105.16,104.74,105.00,104.94,104.64,104.64,104.52,103.95,103.94,102.35,102.22,101.56,101.87,101.58,101.38,102.03,101.57,100.46,100.59,100.79,100.58,100.45,99.33,99.92,100.04,100.17,100.07,100.78,101.75,103.26,103.51,103.65,104.00,103.70,104.02,105.29,104.65,105.26,105.04,105.77,105.83,105.88,106.57,106.94,107.25,106.91,107.10,107.00,107.08,107.19,107.72,107.58,107.62,108.63,108.63,108.67,108.97,109.16,109.25,108.87,108.72,109.10,109.08,109.43,109.87,110.09,109.95,110.26,110.31,111.04,110.98,110.72,110.97,111.11,111.62,111.63,112.29,112.32,112.64,112.78,,,,,,,,,,,,,,,,,,,,,,,,,,,,,,,,,,,,,,,,,,,,,,,,
Producto,0.000818926,03141151,LIMPIEZA Y LAVADO DE PRENDAS DE VESTIR,102.84,102.32,102.49,102.37,103.03,103.67,103.67,103.72,103.56,103.65,103.72,103.33,103.51,103.67,103.81,103.91,104.21,105.25,106.31,106.25,106.29,106.79,106.33,105.92,106.10,106.43,106.83,107.12,107.21,106.52,106.48,106.58,106.58,106.58,106.70,106.70,104.49,104.23,103.91,104.25,104.50,104.46,104.41,104.62,104.62,104.62,104.53,104.34,107.20,106.92,106.92,106.92,107.01,107.25,107.33,107.86,107.97,108.06,108.10,108.10,108.90,108.98,108.98,109.07,108.89,109.03,109.21,109.16,109.16,109.16,109.43,109.49,109.47,109.60,109.62,109.52,109.73,109.47,109.47,109.25,109.25,109.56,109.60,110.01,111.88,111.99,112.04,112.14,113.31,113.13,113.63,113.70,113.77,113.06,113.23,112.64,113.48,113.75,113.70,113.72,113.72,114.86,113.66,113.66,114.68,114.91,112.72,114.79,114.99,115.37,115.36,118.47,118.64,118.95,118.98,118.98,116.98,118.91,118.67,118.81,118.90,118.77,118.84,118.98,119.01,118.98,118.98,118.69,118.90,118.94,119.21,119.21,119.78,119.68,119.97,120.33,120.33,120.51,,,,,,,,,,,,,,,,,,,,,,,,,,,,,,,,,,,,,,,,,,,,,,,,
Grupo,0.02353517,032,Calzado,97.79,97.47,97.10,96.75,97.41,97.28,97.58,96.76,96.52,96.08,95.51,95.45,94.46,94.04,93.61,93.58,91.79,92.57,93.57,92.80,92.69,92.56,92.36,89.22,89.58,89.12,88.88,88.49,87.93,85.76,86.26,86.00,85.18,84.77,84.13,83.58,83.48,83.31,82.84,82.45,81.81,81.51,81.49,81.47,80.87,80.62,79.81,79.36,79.14,79.00,79.06,78.81,78.77,78.45,78.43,77.81,77.48,77.68,76.60,75.82,75.44,75.48,75.39,75.51,75.35,73.69,73.13,72.65,72.38,72.18,71.42,71.16,70.84,70.69,70.18,69.54,69.16,68.45,68.55,68.44,68.23,67.88,67.99,68.35,68.67,68.49,67.90,68.20,68.03,68.39,67.67,67.86,68.10,67.71,66.77,66.35,66.66,66.24,66.17,66.09,66.06,65.51,63.95,64.16,63.58,63.71,62.98,63.69,63.62,63.51,62.88,63.47,63.59,63.68,63.46,62.98,63.05,62.76,61.89,62.14,61.33,61.13,61.04,61.13,60.21,59.65,58.67,58.88,58.80,58.73,57.93,57.57,57.58,57.13,56.87,56.44,56.06,56.59,,,,,,,,,,,,,,,,,,,,,,,,,,,,,,,,,,,,,,,,,,,,,,,,
Clase,0.023028098,0321,Zapatos y otros calzados (SD),97.79,97.47,97.07,96.71,97.37,97.23,97.54,96.69,96.42,95.97,95.38,95.31,94.28,93.84,93.40,93.36,91.53,92.31,93.33,92.53,92.42,92.28,92.09,88.87,89.24,88.78,88.54,88.14,87.57,85.35,85.86,85.62,84.77,84.35,83.69,83.13,83.02,82.84,82.36,81.96,81.30,81.00,80.97,80.91,80.30,80.04,79.22,78.75,78.53,78.38,78.45,78.20,78.15,77.80,77.80,77.17,76.83,77.04,75.93,75.13,74.77,74.80,74.72,74.83,74.67,72.98,72.46,71.98,71.70,71.49,70.74,70.47,70.15,69.98,69.46,68.80,68.42,67.70,67.80,67.69,67.48,67.07,67.20,67.56,67.89,67.69,67.08,67.34,67.15,67.51,66.76,66.95,67.19,66.79,65.83,65.40,65.72,65.30,65.23,65.14,65.11,64.55,62.95,63.14,62.53,62.67,61.91,62.63,62.57,62.42,61.78,62.31,62.44,62.52,62.29,61.79,61.86,61.56,60.69,60.94,60.10,59.91,59.82,59.90,58.95,58.38,57.37,57.58,57.50,57.44,56.62,56.21,56.25,55.78,55.51,55.08,54.69,55.23,,,,,,,,,,,,,,,,,,,,,,,,,,,,,,,,,,,,,,,,,,,,,,,,
Subclase,0.009831308,03211,Zapatos de hombres de 13 años y más,101.28,100.92,101.05,100.94,102.96,102.99,103.79,103.76,103.46,102.40,101.49,101.75,100.97,100.90,100.57,100.86,97.22,98.30,100.57,99.57,100.30,99.95,100.69,94.44,96.11,95.74,95.15,94.40,94.58,92.38,92.89,92.29,90.74,90.48,90.45,89.37,89.34,90.16,89.44,88.85,87.40,87.42,87.71,87.57,86.72,86.25,85.86,85.01,84.88,84.59,85.03,84.23,84.51,84.07,84.63,84.22,83.70,83.79,82.78,81.21,80.35,80.78,80.86,80.98,80.78,79.52,78.34,77.74,77.67,77.96,77.28,76.90,76.96,76.68,76.35,75.89,75.79,75.03,75.10,75.06,74.86,74.80,74.62,75.38,75.90,75.58,74.83,75.28,74.96,75.32,74.55,74.63,74.89,74.71,73.04,73.03,73.14,72.99,73.36,73.39,73.71,73.01,70.55,71.11,70.12,70.72,70.32,71.27,71.19,70.89,70.60,71.78,72.02,72.23,72.15,71.83,71.68,71.36,70.28,70.35,68.60,68.91,68.88,68.79,67.63,67.58,67.21,67.71,67.96,67.89,66.97,66.29,66.51,65.30,65.31,64.06,63.50,64.43,,,,,,,,,,,,,,,,,,,,,,,,,,,,,,,,,,,,,,,,,,,,,,,,
Producto,0.003482311,03211152,CALZADO PARA HOMBRE,101.51,100.66,100.94,101.27,102.56,102.41,101.93,101.91,101.46,101.14,101.60,100.71,101.03,101.03,100.21,97.30,96.72,96.34,96.91,95.15,95.14,93.81,92.86,93.09,92.54,92.61,93.20,93.38,94.16,91.97,91.52,91.32,91.02,91.18,91.35,91.27,91.36,91.68,91.40,90.33,90.44,91.24,91.05,92.62,91.78,90.60,88.96,89.08,89.34,89.12,90.05,89.83,92.14,91.48,91.06,91.63,90.73,91.14,88.45,88.01,87.63,88.03,88.10,88.10,87.96,82.18,82.39,81.87,81.84,81.88,80.56,80.11,80.10,79.56,78.23,77.62,77.24,76.92,76.14,76.29,76.29,76.05,75.45,75.60,75.88,75.91,76.11,76.46,75.41,75.86,75.11,74.81,75.04,75.23,75.20,75.52,74.56,75.31,74.56,74.92,74.21,73.64,73.13,73.60,73.86,73.10,72.45,74.23,74.28,74.30,73.90,75.25,75.49,75.52,75.77,74.88,74.39,73.62,72.34,72.76,71.19,70.07,70.38,70.81,70.94,70.74,70.49,69.90,70.81,70.75,70.48,70.17,70.43,69.93,69.93,71.08,70.38,70.78,,,,,,,,,,,,,,,,,,,,,,,,,,,,,,,,,,,,,,,,,,,,,,,,
Producto,0.000496622,03211153,SANDALIAS PARA HOMBRE,94.85,94.56,93.40,93.46,93.52,94.37,100.27,100.27,100.19,100.29,99.76,100.12,101.20,100.49,100.23,100.48,100.33,102.28,100.32,96.70,98.86,98.89,99.16,98.46,98.51,98.25,97.61,96.93,96.91,93.17,93.14,92.64,92.68,88.58,89.42,91.68,91.94,91.53,92.05,91.19,91.19,86.09,84.18,81.45,81.31,81.32,81.09,81.05,82.16,82.06,81.40,81.10,82.49,81.79,80.23,80.48,79.68,79.58,79.82,79.74,79.70,79.78,80.88,81.03,80.29,80.56,80.64,81.85,81.22,82.21,80.65,81.44,80.22,80.44,80.47,80.48,80.35,79.52,79.69,80.10,80.16,80.43,81.17,81.37,79.53,78.05,77.35,77.89,80.37,81.36,78.32,76.43,78.74,78.74,77.16,79.38,79.44,78.69,80.88,81.27,82.06,79.84,78.21,78.21,78.23,78.24,78.42,78.41,79.95,79.96,79.99,80.60,82.26,82.26,81.94,80.34,80.95,80.94,80.59,80.83,79.92,79.92,79.92,79.88,80.07,79.60,80.28,79.70,79.67,79.85,80.23,80.33,80.72,80.61,80.76,80.55,80.54,80.74,,,,,,,,,,,,,,,,,,,,,,,,,,,,,,,,,,,,,,,,,,,,,,,,
Producto,0.005585265,03211154,ZAPATOS DEPORTIVOS PARA HOMBRE,101.93,101.90,102.04,101.68,104.39,104.50,105.69,105.57,105.62,103.96,102.12,103.18,101.47,101.49,101.45,103.77,97.74,99.67,103.50,103.12,104.23,104.43,106.33,95.33,98.62,97.96,96.59,95.30,95.22,93.18,94.37,93.56,91.04,90.88,90.66,88.62,88.51,89.84,88.73,88.43,85.80,85.84,86.69,85.65,84.72,84.64,85.02,83.53,83.04,82.65,82.88,81.64,80.57,80.36,81.74,80.69,80.40,80.33,80.25,77.74,76.49,76.99,76.99,77.19,77.01,78.51,76.52,75.62,75.58,75.96,75.75,75.27,75.54,75.37,75.65,75.23,75.30,74.24,74.84,74.64,74.32,74.32,74.39,75.61,76.36,75.89,74.46,74.98,74.86,75.10,74.47,74.98,75.09,74.73,71.95,71.56,72.24,71.61,72.56,72.37,73.32,72.63,68.83,69.51,67.63,69.16,68.89,69.43,69.12,68.57,68.29,69.55,69.67,70.04,69.76,69.92,69.89,69.82,68.74,68.61,66.56,67.86,67.61,67.29,65.15,65.23,64.67,65.97,65.83,65.72,64.26,63.25,63.45,61.65,61.64,58.77,58.21,59.56,,,,,,,,,,,,,,,,,,,,,,,,,,,,,,,,,,,,,,,,,,,,,,,,
Producto,0.000267109,03211155,BOTAS PARA HOMBRE,96.78,95.67,96.04,95.35,95.85,94.91,95.03,96.26,90.34,90.22,90.13,88.47,89.15,87.74,87.49,86.98,86.87,87.82,87.34,88.33,88.27,88.26,87.67,86.02,85.49,85.57,85.87,84.28,82.37,79.56,79.30,77.62,77.18,76.46,76.29,76.03,75.56,74.73,73.83,74.05,74.25,73.01,72.09,73.37,72.70,72.25,71.67,70.13,70.33,70.93,71.13,71.08,71.00,69.38,69.43,68.38,68.61,68.11,67.34,67.78,67.48,67.40,67.35,67.41,67.04,64.08,59.46,60.73,60.41,60.55,60.23,60.42,59.68,59.47,58.91,58.75,58.65,58.60,58.39,58.41,57.75,57.96,56.42,56.71,59.80,60.14,61.25,61.25,61.40,61.56,61.80,61.58,61.66,59.90,60.05,59.45,61.88,61.11,60.41,59.96,59.77,60.08,58.52,58.69,58.42,58.48,57.35,57.98,58.06,57.99,58.39,56.57,56.56,56.68,56.47,56.28,56.40,56.33,56.26,55.99,56.32,55.23,55.42,53.15,53.15,53.18,53.19,53.29,53.67,53.58,53.26,53.08,52.93,52.88,52.98,52.57,52.56,53.03,,,,,,,,,,,,,,,,,,,,,,,,,,,,,,,,,,,,,,,,,,,,,,,,
Subclase,0.008371024,03212,Zapatos de mujeres de 13 años y más,93.98,93.47,92.21,91.55,91.32,90.99,90.77,88.55,88.42,88.44,87.97,87.54,85.72,84.96,84.11,84.06,83.88,84.59,84.41,83.27,82.76,82.87,81.89,80.72,80.12,79.71,79.77,78.83,77.41,75.32,75.97,75.86,75.62,74.92,74.25,73.85,73.69,72.44,72.34,72.11,72.03,71.16,70.71,70.90,70.72,70.58,69.80,69.43,68.88,68.85,68.75,69.51,68.80,68.47,68.04,66.99,66.80,67.37,65.98,66.11,66.34,65.89,65.51,65.62,65.54,63.44,63.40,63.10,62.78,61.92,61.11,60.70,59.93,60.06,59.09,58.01,57.01,56.34,56.20,56.23,56.22,55.82,56.01,56.07,56.39,56.13,56.01,56.41,56.04,56.33,55.63,56.22,56.20,55.33,54.81,54.71,55.75,54.87,54.34,53.91,53.62,52.86,52.11,51.79,51.33,51.08,49.93,50.42,50.18,50.24,49.57,49.73,49.85,50.05,49.85,49.40,49.46,49.07,47.99,48.45,48.50,47.58,47.00,47.55,46.18,45.04,43.35,42.97,42.66,42.28,41.86,41.90,41.39,41.31,40.74,40.79,40.62,40.84,,,,,,,,,,,,,,,,,,,,,,,,,,,,,,,,,,,,,,,,,,,,,,,,
Producto,0.005289198,03212156,CALZADO PARA MUJER,94.69,94.04,92.10,91.22,90.70,90.21,89.79,86.42,86.16,86.53,85.98,85.18,83.50,82.04,81.49,80.56,80.69,81.93,81.64,79.90,78.93,78.45,77.05,77.51,75.72,75.49,75.34,74.70,73.66,70.93,71.72,71.48,71.42,70.65,70.27,70.41,69.66,68.21,68.54,67.91,68.29,67.03,66.17,66.58,66.40,66.24,65.95,65.67,64.81,64.76,64.66,65.90,64.50,64.16,63.54,62.24,62.11,63.42,61.41,63.00,63.35,63.04,62.44,62.62,62.19,58.67,60.18,59.60,59.20,58.09,57.13,56.79,55.29,55.15,54.26,52.61,51.09,50.39,50.21,50.22,50.21,49.69,49.70,49.45,49.35,49.06,49.08,49.42,49.20,49.80,49.33,49.40,49.30,48.75,47.80,47.82,49.51,48.33,47.80,47.16,47.16,47.19,46.52,46.34,46.21,46.12,44.86,45.55,45.41,45.04,45.08,44.95,45.39,45.66,45.36,45.19,45.30,44.79,43.47,43.99,44.14,43.43,43.65,42.93,42.14,40.67,38.45,38.27,37.91,37.81,37.69,37.78,37.53,37.41,37.25,37.27,37.07,37.29,,,,,,,,,,,,,,,,,,,,,,,,,,,,,,,,,,,,,,,,,,,,,,,,
Producto,0.002033175,03212157,ZAPATOS DEPORTIVOS PARA MUJER,93.12,93.09,93.27,92.77,92.80,92.69,92.77,92.37,92.59,91.69,91.16,91.37,89.59,89.66,88.75,89.81,89.59,89.47,92.06,92.21,92.52,94.31,93.91,88.94,90.75,89.77,89.93,87.83,86.00,85.00,85.58,85.84,85.15,84.21,83.60,81.83,82.78,82.65,81.63,82.04,80.79,80.49,81.08,81.21,80.97,80.88,78.49,77.64,77.49,77.48,77.40,77.37,77.84,77.79,77.79,77.01,76.97,76.22,76.41,73.08,73.91,73.04,73.03,73.03,73.64,74.99,73.93,73.46,72.95,72.85,72.76,71.98,72.51,73.37,72.94,72.77,72.93,71.72,71.88,71.94,72.05,71.79,72.81,73.83,74.76,74.39,74.58,75.40,74.51,74.64,73.02,75.27,75.33,73.68,75.06,74.69,74.60,74.54,73.85,73.75,72.77,69.83,68.35,67.50,66.26,65.45,64.29,63.89,63.24,64.40,62.27,63.21,62.86,63.02,63.18,62.55,62.55,62.24,61.11,61.81,61.74,59.96,57.15,61.57,57.98,57.56,56.39,55.08,54.57,54.10,52.78,52.25,50.82,50.77,48.90,48.80,48.57,48.96,,,,,,,,,,,,,,,,,,,,,,,,,,,,,,,,,,,,,,,,,,,,,,,,
Producto,0.001048651,03212158,BOTAS PARA MUJER,92.07,91.31,90.71,90.83,91.61,91.61,91.83,91.90,91.75,91.78,91.85,92.03,89.39,90.63,88.33,90.57,88.91,88.56,83.56,82.97,83.13,83.00,82.95,80.99,81.69,81.48,82.45,82.24,79.70,78.72,78.83,78.58,78.34,78.42,76.22,75.68,76.40,73.98,73.47,74.09,73.93,73.89,73.47,72.70,72.59,72.55,72.38,72.45,72.73,72.79,72.63,72.52,72.94,72.14,71.85,71.50,70.71,70.17,68.79,68.26,66.75,66.42,66.38,66.39,66.72,65.15,59.27,60.66,61.13,60.06,58.59,58.56,58.91,59.02,56.65,56.68,56.00,56.53,56.02,56.07,55.82,55.82,55.30,55.07,56.27,56.41,54.95,54.87,54.69,53.76,53.65,53.69,53.87,52.92,50.90,50.72,50.68,49.71,49.47,49.48,49.04,48.58,48.78,48.80,48.17,48.22,47.63,48.89,48.88,48.99,47.63,47.75,47.10,47.01,46.65,45.12,45.11,45.13,45.35,45.04,44.78,44.47,44.19,43.62,43.74,42.80,42.76,43.23,43.55,41.93,41.72,42.56,42.58,42.60,42.52,43.00,43.08,42.98,,,,,,,,,,,,,,,,,,,,,,,,,,,,,,,,,,,,,,,,,,,,,,,,
Subclase,0.004151385,03213,Zapatos de niños y niñas de 3 a 12 años,97.02,97.18,97.07,96.67,95.90,95.74,96.45,96.14,95.82,95.73,95.57,95.43,95.23,94.50,94.54,93.77,92.60,92.90,93.53,93.79,92.45,92.33,91.53,91.02,90.43,89.52,89.54,91.17,90.32,87.55,87.88,88.17,87.68,87.59,85.49,85.70,85.57,85.19,84.73,84.39,84.35,84.43,84.47,84.08,83.08,83.07,81.02,81.19,81.35,81.33,81.07,79.99,80.55,80.47,79.99,79.66,79.32,79.31,78.34,77.43,77.11,77.19,77.41,77.54,77.26,75.28,75.25,74.68,73.90,73.80,73.03,73.35,73.09,72.68,72.44,72.13,72.29,71.42,72.09,71.83,71.27,69.93,70.65,70.68,70.39,70.62,69.23,69.02,69.59,70.02,69.14,69.31,69.72,69.75,69.45,67.49,66.83,66.82,66.61,66.98,66.61,66.72,65.65,65.86,65.74,65.60,64.70,65.53,65.78,65.47,64.04,63.68,63.56,63.23,62.81,62.11,62.72,62.78,62.99,62.98,62.28,62.36,63.05,62.61,63.00,62.33,61.15,61.95,61.47,62.02,60.51,59.78,60.60,60.93,60.63,61.08,60.77,61.07,,,,,,,,,,,,,,,,,,,,,,,,,,,,,,,,,,,,,,,,,,,,,,,,
Producto,0.002074336,03213159,CALZADO PARA NIÑAS Y NIÑOS,103.01,103.42,103.34,102.87,103.35,104.10,104.10,104.80,104.07,104.09,104.06,103.87,103.64,102.19,102.71,101.63,99.15,100.05,100.81,101.50,99.75,100.23,99.02,99.00,97.96,96.92,97.02,98.70,97.37,96.36,97.04,97.24,96.13,95.94,93.65,95.44,95.41,94.90,93.99,95.27,95.15,95.32,94.94,94.07,92.21,92.06,89.73,90.48,90.90,91.02,91.34,90.32,90.17,90.16,89.41,88.76,88.62,89.02,87.07,87.02,87.86,88.17,87.87,88.11,87.25,87.29,86.52,86.29,86.53,86.54,85.60,85.54,85.00,85.19,85.15,84.37,84.33,83.58,84.30,84.07,85.19,84.51,83.95,84.98,84.78,84.69,83.84,83.67,84.09,84.56,82.87,83.30,83.39,83.68,82.83,83.55,82.20,83.12,82.74,83.28,83.17,83.81,83.27,82.80,82.68,82.29,81.38,82.56,83.07,82.89,82.69,83.75,83.35,83.08,81.75,81.05,81.19,81.39,82.17,82.21,81.56,81.61,82.85,82.05,82.47,82.20,80.27,81.26,81.00,81.52,80.39,79.80,81.19,81.89,81.59,82.23,81.90,82.46,,,,,,,,,,,,,,,,,,,,,,,,,,,,,,,,,,,,,,,,,,,,,,,,
Producto,0.001957433,03213160,ZAPATOS DEPORTIVOS PARA NIÑAS Y NIÑOS,90.68,90.61,90.46,90.11,87.96,86.84,88.17,86.76,87.21,87.00,86.70,86.60,86.60,86.60,86.20,85.74,85.89,85.34,86.02,85.94,84.91,84.16,83.80,82.83,82.67,81.85,81.78,83.46,83.03,78.46,78.44,78.87,78.97,78.99,76.96,75.53,75.34,75.07,74.99,72.94,72.96,72.94,73.42,73.59,73.44,73.61,71.73,71.31,71.22,71.05,70.15,68.93,70.34,70.15,69.94,69.97,69.37,69.01,69.01,67.15,65.58,65.43,66.23,66.23,66.63,62.85,63.59,62.51,60.46,60.38,59.71,60.52,60.48,59.42,58.95,59.12,59.63,58.72,59.38,59.07,56.77,54.75,56.72,55.73,55.41,55.98,53.89,53.63,54.34,54.71,54.70,54.59,55.43,55.19,55.40,50.50,50.45,49.45,49.43,49.64,48.95,48.53,47.18,48.00,47.93,48.04,47.06,47.58,47.57,47.09,44.31,42.42,42.57,42.25,42.70,42.10,43.16,43.02,42.63,42.55,41.75,41.88,42.04,41.95,42.34,41.26,40.80,41.45,40.71,41.32,39.34,38.41,38.67,38.63,38.32,38.59,38.35,38.38,,,,,,,,,,,,,,,,,,,,,,,,,,,,,,,,,,,,,,,,,,,,,,,,
Producto,0.000119615,03213161,BOTAS PARA NIÑAS Y NIÑOS,97.15,96.40,96.53,96.49,96.54,96.51,99.56,99.17,93.76,93.51,93.45,93.35,90.57,90.34,89.46,88.76,88.70,92.51,90.17,88.50,89.25,88.85,88.02,86.88,86.85,86.85,86.64,86.77,87.18,83.62,83.63,83.20,83.70,83.52,83.45,83.41,82.31,82.31,83.39,83.20,83.24,83.54,83.54,82.55,82.52,81.89,82.05,81.57,81.50,81.57,81.74,81.74,81.08,81.20,80.97,80.36,80.87,79.66,79.63,79.55,79.55,79.06,79.06,79.15,77.97,70.56,70.70,72.39,74.82,72.68,72.82,71.73,72.96,72.81,72.75,72.63,70.58,68.39,68.47,68.55,67.13,65.39,67.89,67.24,65.95,66.15,66.96,66.99,67.85,68.24,67.14,67.51,66.37,66.51,67.27,67.24,68.50,68.42,68.06,68.09,68.23,68.04,62.36,64.27,63.40,63.39,64.18,63.76,63.93,64.02,63.35,63.73,63.66,62.27,63.60,61.32,62.42,63.55,63.58,63.84,63.90,63.63,63.72,63.72,63.67,62.43,62.54,62.51,62.40,62.44,62.33,62.06,62.52,62.59,62.35,62.23,61.29,61.42,,,,,,,,,,,,,,,,,,,,,,,,,,,,,,,,,,,,,,,,,,,,,,,,
Subclase,0.000674382,03214,Zapatos de niños y niñas de 0 a 2 años,98.89,98.52,99.45,99.24,99.82,100.03,97.16,98.19,96.83,96.98,97.13,97.15,97.02,97.02,97.02,96.87,96.96,97.25,97.45,97.22,97.11,97.08,96.75,95.70,95.10,95.40,95.04,93.78,94.68,93.93,93.63,93.74,93.46,92.10,91.30,91.63,91.13,90.76,88.90,88.58,88.52,88.38,88.43,88.49,88.37,88.30,88.24,88.16,88.18,87.87,86.75,87.08,86.62,85.87,85.75,85.36,85.70,84.53,84.72,84.29,83.42,83.55,82.85,82.85,83.10,81.79,81.86,81.58,81.91,81.84,80.86,80.32,79.60,78.90,79.26,78.90,78.87,78.94,78.93,77.00,76.44,76.58,76.67,76.88,78.55,78.09,78.16,76.72,76.06,76.90,76.85,73.58,75.86,75.50,75.24,74.01,74.58,73.38,73.42,73.14,73.29,73.10,70.32,71.15,71.21,71.06,70.93,70.47,70.83,71.36,70.68,72.10,72.16,71.47,69.75,67.22,67.16,66.32,64.29,66.35,67.00,66.63,66.83,66.92,65.82,65.52,64.83,64.47,64.71,64.99,64.97,65.08,64.37,64.96,64.54,64.66,63.42,63.94,,,,,,,,,,,,,,,,,,,,,,,,,,,,,,,,,,,,,,,,,,,,,,,,
Producto,0.000674382,03214162,CALZADO PARA BEBÉ,98.89,98.52,99.45,99.24,99.82,100.03,97.16,98.19,96.83,96.98,97.13,97.15,97.02,97.02,97.02,96.87,96.96,97.25,97.45,97.22,97.11,97.08,96.75,95.70,95.10,95.40,95.04,93.78,94.68,93.93,93.63,93.74,93.46,92.10,91.30,91.63,91.13,90.76,88.90,88.58,88.52,88.38,88.43,88.49,88.37,88.30,88.24,88.16,88.18,87.87,86.75,87.08,86.62,85.87,85.75,85.36,85.70,84.53,84.72,84.29,83.42,83.55,82.85,82.85,83.10,81.79,81.86,81.58,81.91,81.84,80.86,80.32,79.60,78.90,79.26,78.90,78.87,78.94,78.93,77.00,76.44,76.58,76.67,76.88,78.55,78.09,78.16,76.72,76.06,76.90,76.85,73.58,75.86,75.50,75.24,74.01,74.58,73.38,73.42,73.14,73.29,73.10,70.32,71.15,71.21,71.06,70.93,70.47,70.83,71.36,70.68,72.10,72.16,71.47,69.75,67.22,67.16,66.32,64.29,66.35,67.00,66.63,66.83,66.92,65.82,65.52,64.83,64.47,64.71,64.99,64.97,65.08,64.37,64.96,64.54,64.66,63.42,63.94,,,,,,,,,,,,,,,,,,,,,,,,,,,,,,,,,,,,,,,,,,,,,,,,
Clase,0.000507072,0322,Reparación y alquiler de calzado (S),97.61,97.61,98.45,98.84,99.21,99.59,99.59,99.84,100.90,101.19,101.27,101.80,102.98,103.06,103.14,103.58,103.58,104.36,104.51,105.07,105.07,105.07,104.51,104.72,104.70,104.30,104.30,104.27,104.27,104.27,104.36,103.29,103.66,103.85,104.06,104.06,104.31,104.44,104.69,104.85,104.85,105.08,105.13,106.85,106.83,106.83,106.85,107.02,106.99,107.00,107.00,106.82,106.98,107.65,107.09,107.14,107.14,107.14,107.14,107.14,106.24,106.24,106.08,106.08,106.08,105.89,103.67,103.36,103.35,103.35,102.31,102.50,102.37,102.67,102.89,102.93,102.69,102.71,102.84,102.53,102.41,104.27,104.06,104.11,103.82,104.93,105.35,107.53,108.25,108.52,108.68,109.16,109.20,109.28,109.53,109.40,109.20,108.59,108.71,108.96,109.14,108.96,109.14,110.36,111.15,111.29,111.29,111.53,111.60,113.07,112.81,115.88,116.19,116.19,116.49,117.20,117.15,117.00,116.51,116.51,116.75,116.55,116.64,117.14,117.49,117.37,117.49,117.72,117.85,117.38,117.47,119.47,118.24,118.24,118.49,118.26,118.56,118.45,,,,,,,,,,,,,,,,,,,,,,,,,,,,,,,,,,,,,,,,,,,,,,,,
Subclase,0.000507072,03221,Reparación y alquiler de calzado,97.61,97.61,98.45,98.84,99.21,99.59,99.59,99.84,100.90,101.19,101.27,101.80,102.98,103.06,103.14,103.58,103.58,104.36,104.51,105.07,105.07,105.07,104.51,104.72,104.70,104.30,104.30,104.27,104.27,104.27,104.36,103.29,103.66,103.85,104.06,104.06,104.31,104.44,104.69,104.85,104.85,105.08,105.13,106.85,106.83,106.83,106.85,107.02,106.99,107.00,107.00,106.82,106.98,107.65,107.09,107.14,107.14,107.14,107.14,107.14,106.24,106.24,106.08,106.08,106.08,105.89,103.67,103.36,103.35,103.35,102.31,102.50,102.37,102.67,102.89,102.93,102.69,102.71,102.84,102.53,102.41,104.27,104.06,104.11,103.82,104.93,105.35,107.53,108.25,108.52,108.68,109.16,109.20,109.28,109.53,109.40,109.20,108.59,108.71,108.96,109.14,108.96,109.14,110.36,111.15,111.29,111.29,111.53,111.60,113.07,112.81,115.88,116.19,116.19,116.49,117.20,117.15,117.00,116.51,116.51,116.75,116.55,116.64,117.14,117.49,117.37,117.49,117.72,117.85,117.38,117.47,119.47,118.24,118.24,118.49,118.26,118.56,118.45,,,,,,,,,,,,,,,,,,,,,,,,,,,,,,,,,,,,,,,,,,,,,,,,
Producto,0.000507072,03221163,LIMPIEZA Y REPARACIÓN DE CALZADO,97.61,97.61,98.45,98.84,99.21,99.59,99.59,99.84,100.90,101.19,101.27,101.80,102.98,103.06,103.14,103.58,103.58,104.36,104.51,105.07,105.07,105.07,104.51,104.72,104.70,104.30,104.30,104.27,104.27,104.27,104.36,103.29,103.66,103.85,104.06,104.06,104.31,104.44,104.69,104.85,104.85,105.08,105.13,106.85,106.83,106.83,106.85,107.02,106.99,107.00,107.00,106.82,106.98,107.65,107.09,107.14,107.14,107.14,107.14,107.14,106.24,106.24,106.08,106.08,106.08,105.89,103.67,103.36,103.35,103.35,102.31,102.50,102.37,102.67,102.89,102.93,102.69,102.71,102.84,102.53,102.41,104.27,104.06,104.11,103.82,104.93,105.35,107.53,108.25,108.52,108.68,109.16,109.20,109.28,109.53,109.40,109.20,108.59,108.71,108.96,109.14,108.96,109.14,110.36,111.15,111.29,111.29,111.53,111.60,113.07,112.81,115.88,116.19,116.19,116.49,117.20,117.15,117.00,116.51,116.51,116.75,116.55,116.64,117.14,117.49,117.37,117.49,117.72,117.85,117.38,117.47,119.47,118.24,118.24,118.49,118.26,118.56,118.45,,,,,,,,,,,,,,,,,,,,,,,,,,,,,,,,,,,,,,,,,,,,,,,,
División,0.082995127,04,"Alojamiento, agua, electricidad, gas y otros combustibles",104.67,106.10,106.32,106.57,106.80,106.92,107.82,108.09,108.08,108.33,108.66,109.01,109.43,109.58,109.75,110.72,110.87,111.05,111.42,111.60,111.74,111.81,111.87,112.13,112.28,112.75,112.77,112.99,113.26,113.30,113.50,113.50,113.61,113.55,113.58,113.98,114.16,114.28,114.29,114.49,114.78,114.93,115.02,114.96,115.16,115.39,115.53,115.56,115.75,115.57,115.32,115.35,115.63,115.95,116.06,115.99,116.05,116.02,116.00,115.97,115.99,116.19,116.22,116.27,116.27,116.34,116.40,116.39,116.36,116.33,116.15,116.05,115.99,116.01,116.10,116.30,116.26,116.22,116.25,116.25,116.38,116.34,116.35,116.71,117.08,117.31,117.58,117.71,118.02,118.16,118.35,118.31,118.64,118.73,118.79,118.76,118.92,118.91,119.08,119.29,119.38,119.37,119.38,119.38,119.39,119.47,119.59,119.65,119.95,120.01,120.04,120.49,120.56,109.78,119.72,120.68,121.23,121.21,121.22,105.30,101.65,101.81,102.11,108.87,124.57,124.64,124.77,125.02,125.04,125.25,123.05,123.17,122.78,127.02,127.54,127.69,115.60,121.21,,,,,,,,,,,,,,,,,,,,,,,,,,,,,,,,,,,,,,,,,,,,,,,,
Grupo,0.038323871,041,Alquileres efectivos del alojamiento,105.55,105.82,106.12,106.48,106.64,106.92,107.35,107.87,107.95,108.20,108.56,108.73,108.73,108.72,109.12,109.36,109.73,110.21,110.86,111.14,111.52,111.87,112.06,112.41,112.74,113.06,113.16,113.62,114.09,114.36,114.68,114.85,114.89,115.05,115.16,115.29,115.51,115.69,115.76,115.88,116.20,116.41,116.45,116.64,116.85,117.20,117.34,117.46,117.67,117.75,117.89,117.92,118.06,118.21,118.48,118.54,118.63,118.67,118.69,118.74,118.77,118.98,119.07,119.11,119.09,119.31,119.32,119.43,119.27,119.15,118.97,118.76,118.72,118.64,118.84,119.26,119.09,119.06,118.99,119.16,119.17,119.01,119.19,119.20,119.32,119.38,119.53,119.40,119.64,119.84,120.04,120.01,120.21,120.17,120.22,120.16,120.24,120.28,120.69,120.86,121.13,121.15,121.18,121.33,121.35,121.35,121.48,121.60,121.65,121.73,121.83,121.88,121.98,122.10,122.13,122.21,122.22,122.32,122.41,122.47,122.58,122.78,122.90,123.12,123.12,123.25,123.32,123.63,123.73,123.81,124.01,124.31,124.40,124.60,124.77,125.03,125.10,125.24,,,,,,,,,,,,,,,,,,,,,,,,,,,,,,,,,,,,,,,,,,,,,,,,
Clase,0.038323871,0411,Alquileres efectivos pagados por los inquilinos (S),105.55,105.82,106.12,106.48,106.64,106.92,107.35,107.87,107.95,108.20,108.56,108.73,108.73,108.72,109.12,109.36,109.73,110.21,110.86,111.14,111.52,111.87,112.06,112.41,112.74,113.06,113.16,113.62,114.09,114.36,114.68,114.85,114.89,115.05,115.16,115.29,115.51,115.69,115.76,115.88,116.20,116.41,116.45,116.64,116.85,117.20,117.34,117.46,117.67,117.75,117.89,117.92,118.06,118.21,118.48,118.54,118.63,118.67,118.69,118.74,118.77,118.98,119.07,119.11,119.09,119.31,119.32,119.43,119.27,119.15,118.97,118.76,118.72,118.64,118.84,119.26,119.09,119.06,118.99,119.16,119.17,119.01,119.19,119.20,119.32,119.38,119.53,119.40,119.64,119.84,120.04,120.01,120.21,120.17,120.22,120.16,120.24,120.28,120.69,120.86,121.13,121.15,121.18,121.33,121.35,121.35,121.48,121.60,121.65,121.73,121.83,121.88,121.98,122.10,122.13,122.21,122.22,122.32,122.41,122.47,122.58,122.78,122.90,123.12,123.12,123.25,123.32,123.63,123.73,123.81,124.01,124.31,124.40,124.60,124.77,125.03,125.10,125.24,,,,,,,,,,,,,,,,,,,,,,,,,,,,,,,,,,,,,,,,,,,,,,,,
Subclase,0.038323871,04111,Alquileres efectivos de la vivienda,105.55,105.82,106.12,106.48,106.64,106.92,107.35,107.87,107.95,108.20,108.56,108.73,108.73,108.72,109.12,109.36,109.73,110.21,110.86,111.14,111.52,111.87,112.06,112.41,112.74,113.06,113.16,113.62,114.09,114.36,114.68,114.85,114.89,115.05,115.16,115.29,115.51,115.69,115.76,115.88,116.20,116.41,116.45,116.64,116.85,117.20,117.34,117.46,117.67,117.75,117.89,117.92,118.06,118.21,118.48,118.54,118.63,118.67,118.69,118.74,118.77,118.98,119.07,119.11,119.09,119.31,119.32,119.43,119.27,119.15,118.97,118.76,118.72,118.64,118.84,119.26,119.09,119.06,118.99,119.16,119.17,119.01,119.19,119.20,119.32,119.38,119.53,119.40,119.64,119.84,120.04,120.01,120.21,120.17,120.22,120.16,120.24,120.28,120.69,120.86,121.13,121.15,121.18,121.33,121.35,121.35,121.48,121.60,121.65,121.73,121.83,121.88,121.98,122.10,122.13,122.21,122.22,122.32,122.41,122.47,122.58,122.78,122.90,123.12,123.12,123.25,123.32,123.63,123.73,123.81,124.01,124.31,124.40,124.60,124.77,125.03,125.10,125.24,,,,,,,,,,,,,,,,,,,,,,,,,,,,,,,,,,,,,,,,,,,,,,,,
Producto,0.018519433,04111164,ALQUILER DE CASA,103.09,103.43,103.75,104.20,104.25,104.57,104.91,105.36,105.47,105.95,106.24,106.36,106.36,106.65,107.00,107.19,107.61,108.02,108.95,109.24,109.43,109.82,110.01,110.27,110.54,110.78,110.83,111.32,111.60,112.10,112.28,112.41,112.48,112.75,112.77,112.91,113.11,113.21,113.41,113.52,114.03,114.23,114.30,114.37,114.57,114.87,115.00,115.22,115.40,115.53,115.68,115.67,115.68,115.89,116.25,116.33,116.23,116.25,116.47,116.51,116.61,116.66,116.71,116.69,116.80,116.92,116.96,117.05,116.86,116.88,116.42,116.31,116.20,116.23,116.52,116.78,116.86,116.78,116.73,116.92,116.87,116.80,116.94,116.94,117.14,117.29,117.50,117.50,117.73,118.02,118.36,118.47,118.74,118.66,118.66,118.58,118.73,118.66,119.15,119.44,119.65,119.63,119.63,119.84,119.82,119.85,120.03,120.09,120.17,120.33,120.48,120.58,120.85,121.01,121.17,121.27,121.29,121.36,121.43,121.51,121.62,121.84,121.91,122.07,122.22,122.41,122.45,122.50,122.63,122.68,122.89,123.08,123.23,123.49,123.71,123.73,123.96,123.98,,,,,,,,,,,,,,,,,,,,,,,,,,,,,,,,,,,,,,,,,,,,,,,,
Producto,0.013111185,04111165,ALQUILER DE DEPARTAMENTO,107.80,108.23,108.55,108.88,109.23,109.44,109.85,110.17,110.44,110.77,111.01,111.26,111.26,111.42,111.80,112.24,112.42,112.82,113.30,113.62,113.83,114.08,114.32,114.61,114.99,115.36,115.51,115.76,116.15,116.14,116.29,116.48,116.73,116.63,116.88,117.01,117.20,117.41,117.53,117.75,117.90,118.11,118.25,118.46,118.61,118.64,118.76,118.77,118.89,118.96,119.18,119.39,119.55,119.71,119.93,120.01,120.17,120.23,120.37,120.39,120.47,120.69,120.84,120.92,120.82,120.75,120.69,120.47,120.33,120.06,119.99,119.85,119.93,119.89,120.01,120.13,119.83,119.82,119.80,119.99,119.87,119.90,119.88,119.91,120.02,119.99,120.13,120.23,120.32,120.41,120.53,120.50,120.52,120.59,120.71,120.72,120.70,120.88,120.89,120.97,121.08,121.20,121.29,121.42,121.46,121.42,121.53,121.63,121.67,121.67,121.72,121.80,121.82,121.90,121.97,122.02,122.06,122.19,122.25,122.28,122.41,122.62,122.81,123.02,123.17,123.28,123.32,123.34,123.34,123.44,123.56,123.77,123.77,123.87,124.01,124.29,124.37,124.49,,,,,,,,,,,,,,,,,,,,,,,,,,,,,,,,,,,,,,,,,,,,,,,,
Producto,0.006693254,04111166,ALQUILER DE PIEZA,107.96,107.72,107.91,108.08,108.18,108.48,109.19,110.32,109.93,109.39,110.16,110.31,110.32,109.14,109.72,109.73,110.34,111.12,111.36,111.53,112.77,113.22,113.29,114.03,114.41,114.86,114.99,115.76,116.98,117.12,118.13,118.37,117.95,118.32,118.38,118.49,118.83,119.19,118.82,118.74,118.90,119.10,118.87,119.37,119.73,120.86,121.05,121.11,121.54,121.51,121.51,121.25,121.72,121.71,121.82,121.75,122.27,122.29,121.53,121.71,121.41,122.07,122.16,122.26,122.06,123.11,123.19,123.99,123.89,123.68,124.01,123.44,123.36,122.88,122.98,124.41,123.82,123.89,123.65,123.71,124.16,123.41,124.05,124.08,124.02,123.94,123.97,123.06,123.60,123.75,123.73,123.31,123.64,123.55,123.56,123.47,123.53,123.56,124.53,124.60,125.31,125.24,125.27,125.28,125.36,125.39,125.41,125.70,125.70,125.70,125.77,125.64,125.41,125.51,125.12,125.19,125.10,125.22,125.44,125.50,125.58,125.68,125.83,126.24,125.49,125.52,125.71,127.32,127.55,127.64,127.98,128.79,128.88,129.10,129.20,130.05,129.68,130.19,,,,,,,,,,,,,,,,,,,,,,,,,,,,,,,,,,,,,,,,,,,,,,,,
Grupo,0.004485941,043,Conservación y reparación de la vivienda,103.19,104.03,104.79,104.89,105.07,105.03,106.14,106.67,105.85,104.95,105.82,105.93,107.42,109.48,109.33,109.54,109.10,106.90,106.59,106.68,106.04,106.09,106.24,106.20,106.43,107.04,107.11,106.79,107.04,105.89,105.91,104.69,106.15,105.23,104.99,105.91,106.03,106.11,106.01,106.25,106.21,107.36,106.47,103.95,105.02,105.18,106.03,105.68,106.38,106.29,106.37,106.39,106.43,106.07,106.01,104.38,104.74,105.33,105.24,104.67,105.05,104.93,104.71,104.87,105.06,104.51,104.82,103.76,104.73,105.26,104.43,104.13,103.58,103.36,103.18,103.45,104.05,104.01,104.27,102.86,105.83,106.15,106.26,106.70,108.11,108.39,109.13,110.33,110.12,110.18,111.58,110.60,111.31,111.83,112.23,112.11,111.67,111.61,110.94,111.15,111.51,111.92,111.92,110.60,110.98,111.04,111.64,111.71,110.90,110.15,110.29,110.64,110.90,110.88,109.13,111.05,111.00,110.75,110.30,111.00,110.97,110.88,111.50,111.57,111.12,111.19,110.78,112.30,111.75,112.46,113.01,112.94,114.41,114.22,113.98,114.29,114.63,115.54,,,,,,,,,,,,,,,,,,,,,,,,,,,,,,,,,,,,,,,,,,,,,,,,
Clase,0.002530953,0431,Materiales para la conservación y la reparación de la vivienda (ND),101.49,102.48,102.17,102.34,102.18,102.11,102.21,102.14,100.69,99.09,100.28,100.48,101.12,100.92,100.86,101.38,100.59,98.64,98.28,98.50,97.28,97.43,97.69,97.69,98.03,99.03,98.75,98.77,98.63,97.06,97.03,94.87,97.17,94.73,94.66,96.11,96.21,96.04,96.17,96.33,96.74,97.43,96.16,92.88,94.74,94.97,96.47,95.75,96.88,96.60,96.41,96.23,96.31,96.04,95.99,94.86,95.10,96.16,95.70,95.71,96.15,96.17,95.91,96.10,96.55,95.71,97.24,95.27,96.64,97.06,96.94,97.02,97.19,97.54,96.32,96.52,97.56,97.95,97.86,95.77,100.80,101.07,101.20,101.58,103.58,104.14,105.54,106.74,105.70,106.09,108.32,106.61,108.34,108.65,109.33,109.37,109.30,108.95,107.59,107.90,107.80,108.54,108.70,106.35,107.75,108.02,108.29,108.42,106.56,104.95,105.03,106.42,106.81,106.15,102.97,106.04,106.16,105.71,105.33,106.49,104.59,104.43,105.86,106.31,105.76,105.54,105.66,107.12,105.63,106.88,107.85,107.74,108.03,108.18,108.31,108.87,109.36,110.49,,,,,,,,,,,,,,,,,,,,,,,,,,,,,,,,,,,,,,,,,,,,,,,,
Subclase,0.002530953,04311,Materiales para la conservación y la reparación de la vivienda,101.49,102.48,102.17,102.34,102.18,102.11,102.21,102.14,100.69,99.09,100.28,100.48,101.12,100.92,100.86,101.38,100.59,98.64,98.28,98.50,97.28,97.43,97.69,97.69,98.03,99.03,98.75,98.77,98.63,97.06,97.03,94.87,97.17,94.73,94.66,96.11,96.21,96.04,96.17,96.33,96.74,97.43,96.16,92.88,94.74,94.97,96.47,95.75,96.88,96.60,96.41,96.23,96.31,96.04,95.99,94.86,95.10,96.16,95.70,95.71,96.15,96.17,95.91,96.10,96.55,95.71,97.24,95.27,96.64,97.06,96.94,97.02,97.19,97.54,96.32,96.52,97.56,97.95,97.86,95.77,100.80,101.07,101.20,101.58,103.58,104.14,105.54,106.74,105.70,106.09,108.32,106.61,108.34,108.65,109.33,109.37,109.30,108.95,107.59,107.90,107.80,108.54,108.70,106.35,107.75,108.02,108.29,108.42,106.56,104.95,105.03,106.42,106.81,106.15,102.97,106.04,106.16,105.71,105.33,106.49,104.59,104.43,105.86,106.31,105.76,105.54,105.66,107.12,105.63,106.88,107.85,107.74,108.03,108.18,108.31,108.87,109.36,110.49,,,,,,,,,,,,,,,,,,,,,,,,,,,,,,,,,,,,,,,,,,,,,,,,
Producto,0.000635136,04311167,CEMENTO,100.69,100.69,100.69,100.69,100.69,100.69,100.69,100.69,100.69,100.69,100.77,101.62,102.41,102.55,102.77,102.71,102.72,103.63,103.71,103.78,103.66,103.67,103.72,103.55,103.30,104.31,104.65,104.86,104.86,103.92,103.83,103.83,103.81,103.85,103.74,103.80,103.61,103.56,103.73,103.73,103.72,103.60,103.69,103.77,103.71,103.57,103.61,103.58,103.59,103.49,103.42,102.98,103.02,102.76,102.62,102.58,102.61,102.97,100.92,100.89,102.77,102.76,102.76,102.85,102.93,102.90,103.06,102.96,102.81,102.94,102.65,102.75,102.88,103.93,104.24,104.23,104.32,104.29,104.18,104.18,104.17,104.40,104.42,104.43,106.79,108.72,108.89,108.83,109.13,108.91,108.90,108.81,108.77,108.54,108.58,108.53,108.78,108.33,107.75,108.00,107.92,108.16,108.17,107.77,107.72,107.69,107.08,106.98,106.99,106.91,106.45,103.67,103.69,103.63,103.51,103.27,103.43,103.35,103.07,103.17,103.70,104.05,104.06,104.27,104.17,104.12,104.00,103.97,104.18,106.61,108.63,108.46,108.00,108.39,108.44,108.81,109.87,110.10,,,,,,,,,,,,,,,,,,,,,,,,,,,,,,,,,,,,,,,,,,,,,,,,
Producto,0.001220167,04311168,PINTURA,104.09,106.58,105.38,105.20,105.20,105.57,105.70,105.70,102.68,99.74,101.82,101.89,102.37,102.25,102.04,103.13,101.64,97.00,96.67,97.60,95.55,95.92,95.78,95.66,95.79,97.07,96.82,96.87,96.57,95.28,95.37,90.84,95.69,90.54,90.02,93.46,94.30,94.19,94.31,94.99,95.48,96.39,93.98,87.57,91.26,91.92,94.96,93.46,95.54,95.34,95.67,95.83,95.69,95.66,95.71,93.20,93.95,94.91,95.24,95.37,95.56,96.09,95.57,96.39,97.19,95.42,98.47,94.59,97.79,98.18,98.10,98.05,98.20,98.50,96.06,96.70,98.70,99.24,99.35,95.23,105.36,105.75,105.85,106.68,109.12,109.14,111.61,113.67,111.99,112.72,116.56,113.97,116.86,117.47,118.41,118.42,118.14,118.04,115.42,115.72,115.49,116.99,117.43,112.63,115.51,116.33,116.91,117.51,114.03,110.85,111.45,115.69,116.78,115.80,110.54,116.70,116.99,116.15,115.59,117.91,113.94,112.82,115.77,116.66,115.76,114.96,115.23,118.07,114.93,115.44,116.37,116.39,117.81,117.97,117.38,118.08,118.69,120.17,,,,,,,,,,,,,,,,,,,,,,,,,,,,,,,,,,,,,,,,,,,,,,,,
Producto,0.00067565,04311169,MATERIALES PARA REPARACIÓN DE LA VIVIENDA,97.57,96.77,97.76,98.71,98.13,97.18,97.35,97.09,97.09,96.43,97.04,96.85,97.66,96.98,96.94,96.97,96.67,96.89,96.09,95.16,94.41,94.30,95.48,95.86,97.11,97.58,96.70,96.48,96.48,93.82,93.64,93.74,93.61,93.70,94.50,93.67,92.70,92.31,92.41,91.80,92.46,93.52,93.02,92.25,92.59,92.40,92.48,92.54,93.00,92.39,91.19,90.62,91.12,90.42,90.25,90.58,90.11,92.01,91.62,91.47,91.00,90.11,90.09,89.23,89.39,89.48,89.54,89.29,88.77,89.52,89.47,89.75,90.03,89.81,89.34,88.96,89.16,89.65,89.23,88.84,89.40,89.51,89.80,89.70,90.55,90.81,91.42,92.27,91.10,91.46,92.89,91.25,92.54,92.84,93.65,93.82,93.80,93.12,93.31,93.69,93.82,93.63,93.42,93.68,93.75,93.32,93.85,93.36,92.67,92.46,92.10,92.27,91.74,91.10,88.79,89.41,89.16,89.08,88.94,88.99,88.54,89.63,89.66,89.53,89.19,89.86,89.96,90.30,90.19,91.70,91.72,91.42,90.38,90.31,91.82,92.31,92.01,93.39,,,,,,,,,,,,,,,,,,,,,,,,,,,,,,,,,,,,,,,,,,,,,,,,
Clase,0.001954988,0432,Servicios para la conservación y la reparación de la vivienda (S),105.40,106.05,108.18,108.20,108.82,108.82,111.22,112.53,112.53,112.53,113.00,113.00,115.58,120.57,120.29,120.11,120.11,117.59,117.33,117.28,117.39,117.31,117.31,117.22,117.31,117.40,117.94,117.18,117.94,117.33,117.42,117.39,117.77,118.84,118.36,118.58,118.75,119.14,118.75,119.10,118.48,120.21,119.83,118.27,118.34,118.40,118.41,118.52,118.68,118.84,119.26,119.54,119.52,119.05,119.00,116.70,117.22,117.21,117.60,116.27,116.57,116.27,116.11,116.22,116.08,115.90,114.64,114.74,115.20,115.86,114.13,113.33,111.84,110.89,112.06,112.43,112.45,111.85,112.56,112.03,112.34,112.73,112.81,113.32,113.97,113.88,113.77,114.97,115.84,115.47,115.81,115.77,115.16,115.95,115.99,115.67,114.75,115.06,115.27,115.36,116.31,116.29,116.10,116.10,115.16,114.95,115.97,115.97,116.51,116.88,117.11,116.10,116.20,116.99,117.10,117.53,117.27,117.27,116.74,116.84,119.23,119.23,118.80,118.39,118.05,118.52,117.39,119.01,119.68,119.68,119.68,119.68,122.67,122.04,121.31,121.31,121.45,122.07,,,,,,,,,,,,,,,,,,,,,,,,,,,,,,,,,,,,,,,,,,,,,,,,
Subclase,0.001954988,04321,Servicios para la conservación y la reparación de la vivienda,105.40,106.05,108.18,108.20,108.82,108.82,111.22,112.53,112.53,112.53,113.00,113.00,115.58,120.57,120.29,120.11,120.11,117.59,117.33,117.28,117.39,117.31,117.31,117.22,117.31,117.40,117.94,117.18,117.94,117.33,117.42,117.39,117.77,118.84,118.36,118.58,118.75,119.14,118.75,119.10,118.48,120.21,119.83,118.27,118.34,118.40,118.41,118.52,118.68,118.84,119.26,119.54,119.52,119.05,119.00,116.70,117.22,117.21,117.60,116.27,116.57,116.27,116.11,116.22,116.08,115.90,114.64,114.74,115.20,115.86,114.13,113.33,111.84,110.89,112.06,112.43,112.45,111.85,112.56,112.03,112.34,112.73,112.81,113.32,113.97,113.88,113.77,114.97,115.84,115.47,115.81,115.77,115.16,115.95,115.99,115.67,114.75,115.06,115.27,115.36,116.31,116.29,116.10,116.10,115.16,114.95,115.97,115.97,116.51,116.88,117.11,116.10,116.20,116.99,117.10,117.53,117.27,117.27,116.74,116.84,119.23,119.23,118.80,118.39,118.05,118.52,117.39,119.01,119.68,119.68,119.68,119.68,122.67,122.04,121.31,121.31,121.45,122.07,,,,,,,,,,,,,,,,,,,,,,,,,,,,,,,,,,,,,,,,,,,,,,,,
Producto,0.001954988,04321170,SERVICIOS DE REPARACIÓN DE LA VIVIENDA,105.40,106.05,108.18,108.20,108.82,108.82,111.22,112.53,112.53,112.53,113.00,113.00,115.58,120.57,120.29,120.11,120.11,117.59,117.33,117.28,117.39,117.31,117.31,117.22,117.31,117.40,117.94,117.18,117.94,117.33,117.42,117.39,117.77,118.84,118.36,118.58,118.75,119.14,118.75,119.10,118.48,120.21,119.83,118.27,118.34,118.40,118.41,118.52,118.68,118.84,119.26,119.54,119.52,119.05,119.00,116.70,117.22,117.21,117.60,116.27,116.57,116.27,116.11,116.22,116.08,115.90,114.64,114.74,115.20,115.86,114.13,113.33,111.84,110.89,112.06,112.43,112.45,111.85,112.56,112.03,112.34,112.73,112.81,113.32,113.97,113.88,113.77,114.97,115.84,115.47,115.81,115.77,115.16,115.95,115.99,115.67,114.75,115.06,115.27,115.36,116.31,116.29,116.10,116.10,115.16,114.95,115.97,115.97,116.51,116.88,117.11,116.10,116.20,116.99,117.10,117.53,117.27,117.27,116.74,116.84,119.23,119.23,118.80,118.39,118.05,118.52,117.39,119.01,119.68,119.68,119.68,119.68,122.67,122.04,121.31,121.31,121.45,122.07,,,,,,,,,,,,,,,,,,,,,,,,,,,,,,,,,,,,,,,,,,,,,,,,
Grupo,0.01578502,044,Suministro de agua y servicios diversos relacionados con la vivienda,101.03,104.02,104.17,104.60,105.11,105.11,108.33,108.43,108.43,109.77,109.75,111.25,113.00,113.16,113.18,116.47,116.45,116.77,117.19,117.41,117.36,116.85,116.85,117.40,117.31,117.40,117.35,117.47,117.56,117.60,117.83,117.83,117.83,117.46,117.46,117.46,117.83,117.82,117.78,118.50,119.08,119.08,119.72,119.71,119.71,119.71,119.71,119.71,119.88,119.92,119.91,120.06,119.99,119.99,120.08,120.08,120.08,119.76,119.68,119.68,119.65,120.54,120.54,120.62,120.57,120.57,120.57,120.55,120.54,120.36,120.36,120.36,120.37,120.38,120.37,120.15,120.16,120.06,120.29,120.30,120.32,120.42,120.42,122.17,122.99,123.51,124.28,124.85,125.92,126.04,126.41,126.42,127.47,127.85,127.85,127.85,128.28,128.59,128.65,129.10,129.10,129.17,129.27,129.24,129.24,129.73,129.73,129.73,131.38,131.50,131.50,133.33,133.38,133.38,133.74,133.74,136.32,136.21,136.21,136.21,136.40,136.40,137.61,137.26,137.25,137.27,137.80,137.96,137.96,138.38,138.38,138.38,139.38,161.26,163.63,163.79,164.51,164.45,,,,,,,,,,,,,,,,,,,,,,,,,,,,,,,,,,,,,,,,,,,,,,,,
Clase,0.012677546,0441,Suministro de agua (ND),100.59,104.15,104.11,104.30,105.06,105.06,109.03,109.03,109.03,110.67,110.67,112.52,114.17,114.17,114.17,118.33,118.33,118.33,118.50,118.75,118.75,118.75,118.75,118.75,118.68,118.71,118.68,118.70,118.81,119.16,119.46,119.46,119.46,119.01,119.01,119.01,119.25,119.25,119.25,120.13,120.13,120.13,120.94,120.94,120.94,120.94,120.94,120.94,120.94,120.94,120.94,121.05,121.05,121.05,121.18,121.18,121.18,121.18,121.08,121.08,120.06,121.00,121.00,121.11,121.11,121.11,121.11,121.11,121.11,121.11,121.11,121.11,121.11,121.11,121.11,120.85,120.85,120.85,121.15,121.15,121.15,121.24,121.24,123.43,123.52,123.80,124.80,125.24,126.59,126.59,127.08,127.08,128.36,128.83,128.83,128.83,128.94,129.32,129.32,129.82,129.82,129.91,130.04,130.04,130.04,130.64,130.64,130.64,132.51,132.66,132.66,134.22,134.22,134.23,134.67,134.67,137.88,137.75,137.75,137.75,137.66,137.66,139.26,138.83,138.82,138.82,139.48,139.67,139.67,139.97,139.97,139.97,140.55,167.72,170.93,171.40,172.27,172.28,,,,,,,,,,,,,,,,,,,,,,,,,,,,,,,,,,,,,,,,,,,,,,,,
Subclase,0.012677546,04411,Suministro de agua,100.59,104.15,104.11,104.30,105.06,105.06,109.03,109.03,109.03,110.67,110.67,112.52,114.17,114.17,114.17,118.33,118.33,118.33,118.50,118.75,118.75,118.75,118.75,118.75,118.68,118.71,118.68,118.70,118.81,119.16,119.46,119.46,119.46,119.01,119.01,119.01,119.25,119.25,119.25,120.13,120.13,120.13,120.94,120.94,120.94,120.94,120.94,120.94,120.94,120.94,120.94,121.05,121.05,121.05,121.18,121.18,121.18,121.18,121.08,121.08,120.06,121.00,121.00,121.11,121.11,121.11,121.11,121.11,121.11,121.11,121.11,121.11,121.11,121.11,121.11,120.85,120.85,120.85,121.15,121.15,121.15,121.24,121.24,123.43,123.52,123.80,124.80,125.24,126.59,126.59,127.08,127.08,128.36,128.83,128.83,128.83,128.94,129.32,129.32,129.82,129.82,129.91,130.04,130.04,130.04,130.64,130.64,130.64,132.51,132.66,132.66,134.22,134.22,134.23,134.67,134.67,137.88,137.75,137.75,137.75,137.66,137.66,139.26,138.83,138.82,138.82,139.48,139.67,139.67,139.97,139.97,139.97,140.55,167.72,170.93,171.40,172.27,172.28,,,,,,,,,,,,,,,,,,,,,,,,,,,,,,,,,,,,,,,,,,,,,,,,
Producto,0.012677546,04411171,SUMINISTRO DE AGUA,100.59,104.15,104.11,104.30,105.06,105.06,109.03,109.03,109.03,110.67,110.67,112.52,114.17,114.17,114.17,118.33,118.33,118.33,118.50,118.75,118.75,118.75,118.75,118.75,118.68,118.71,118.68,118.70,118.81,119.16,119.46,119.46,119.46,119.01,119.01,119.01,119.25,119.25,119.25,120.13,120.13,120.13,120.94,120.94,120.94,120.94,120.94,120.94,120.94,120.94,120.94,121.05,121.05,121.05,121.18,121.18,121.18,121.18,121.08,121.08,120.06,121.00,121.00,121.11,121.11,121.11,121.11,121.11,121.11,121.11,121.11,121.11,121.11,121.11,121.11,120.85,120.85,120.85,121.15,121.15,121.15,121.24,121.24,123.43,123.52,123.80,124.80,125.24,126.59,126.59,127.08,127.08,128.36,128.83,128.83,128.83,128.94,129.32,129.32,129.82,129.82,129.91,130.04,130.04,130.04,130.64,130.64,130.64,132.51,132.66,132.66,134.22,134.22,134.23,134.67,134.67,137.88,137.75,137.75,137.75,137.66,137.66,139.26,138.83,138.82,138.82,139.48,139.67,139.67,139.97,139.97,139.97,140.55,167.72,170.93,171.40,172.27,172.28,,,,,,,,,,,,,,,,,,,,,,,,,,,,,,,,,,,,,,,,,,,,,,,,
Clase,0.003107474,0444,Otros servicios relacionados con la vivienda n.e.p. (S),102.81,103.50,104.44,105.81,105.34,105.34,105.50,105.99,105.99,106.10,105.99,106.10,108.24,109.03,109.11,108.88,108.77,110.42,111.87,111.94,111.71,109.14,109.14,111.90,111.71,112.07,111.93,112.44,112.44,111.23,111.19,111.21,111.21,111.15,111.15,111.15,112.04,111.99,111.77,111.81,114.76,114.76,114.75,114.69,114.69,114.69,114.69,114.69,115.55,115.74,115.72,116.00,115.67,115.66,115.62,115.62,115.61,113.99,113.97,113.98,117.98,118.65,118.64,118.60,118.37,118.37,118.37,118.26,118.20,117.30,117.30,117.30,117.32,117.38,117.34,117.34,117.34,116.87,116.81,116.83,116.97,117.07,117.09,117.02,120.81,122.31,122.17,123.26,123.18,123.79,123.70,123.74,123.86,123.86,123.86,123.86,125.59,125.63,125.93,126.14,126.14,126.14,126.16,126.01,126.01,126.01,126.01,126.01,126.75,126.79,126.79,129.68,129.94,129.94,129.94,129.94,129.94,129.93,129.94,129.94,131.26,131.27,130.87,130.87,130.88,130.96,130.96,130.96,130.96,131.87,131.87,131.88,134.60,134.88,133.87,132.76,132.83,132.51,,,,,,,,,,,,,,,,,,,,,,,,,,,,,,,,,,,,,,,,,,,,,,,,
Subclase,0.003107474,04441,Servicios relacionados con la vivienda,102.81,103.50,104.44,105.81,105.34,105.34,105.50,105.99,105.99,106.10,105.99,106.10,108.24,109.03,109.11,108.88,108.77,110.42,111.87,111.94,111.71,109.14,109.14,111.90,111.71,112.07,111.93,112.44,112.44,111.23,111.19,111.21,111.21,111.15,111.15,111.15,112.04,111.99,111.77,111.81,114.76,114.76,114.75,114.69,114.69,114.69,114.69,114.69,115.55,115.74,115.72,116.00,115.67,115.66,115.62,115.62,115.61,113.99,113.97,113.98,117.98,118.65,118.64,118.60,118.37,118.37,118.37,118.26,118.20,117.30,117.30,117.30,117.32,117.38,117.34,117.34,117.34,116.87,116.81,116.83,116.97,117.07,117.09,117.02,120.81,122.31,122.17,123.26,123.18,123.79,123.70,123.74,123.86,123.86,123.86,123.86,125.59,125.63,125.93,126.14,126.14,126.14,126.16,126.01,126.01,126.01,126.01,126.01,126.75,126.79,126.79,129.68,129.94,129.94,129.94,129.94,129.94,129.93,129.94,129.94,131.26,131.27,130.87,130.87,130.88,130.96,130.96,130.96,130.96,131.87,131.87,131.88,134.60,134.88,133.87,132.76,132.83,132.51,,,,,,,,,,,,,,,,,,,,,,,,,,,,,,,,,,,,,,,,,,,,,,,,
Producto,0.003107474,04441172,SERVICIO DE SEGURIDAD DE LA VIVIENDA,102.81,103.50,104.44,105.81,105.34,105.34,105.50,105.99,105.99,106.10,105.99,106.10,108.24,109.03,109.11,108.88,108.77,110.42,111.87,111.94,111.71,109.14,109.14,111.90,111.71,112.07,111.93,112.44,112.44,111.23,111.19,111.21,111.21,111.15,111.15,111.15,112.04,111.99,111.77,111.81,114.76,114.76,114.75,114.69,114.69,114.69,114.69,114.69,115.55,115.74,115.72,116.00,115.67,115.66,115.62,115.62,115.61,113.99,113.97,113.98,117.98,118.65,118.64,118.60,118.37,118.37,118.37,118.26,118.20,117.30,117.30,117.30,117.32,117.38,117.34,117.34,117.34,116.87,116.81,116.83,116.97,117.07,117.09,117.02,120.81,122.31,122.17,123.26,123.18,123.79,123.70,123.74,123.86,123.86,123.86,123.86,125.59,125.63,125.93,126.14,126.14,126.14,126.16,126.01,126.01,126.01,126.01,126.01,126.75,126.79,126.79,129.68,129.94,129.94,129.94,129.94,129.94,129.93,129.94,129.94,131.26,131.27,130.87,130.87,130.88,130.96,130.96,130.96,130.96,131.87,131.87,131.88,134.60,134.88,133.87,132.76,132.83,132.51,,,,,,,,,,,,,,,,,,,,,,,,,,,,,,,,,,,,,,,,,,,,,,,,
Grupo,0.024400295,045,"Electricidad, gas y otros combustibles",105.91,108.27,108.30,108.30,108.44,108.43,108.53,108.47,108.46,108.24,108.63,108.57,108.58,108.64,108.62,109.36,109.36,109.44,109.45,109.47,109.48,109.49,109.39,109.38,109.40,110.31,110.25,110.24,110.30,110.23,110.24,110.22,110.23,110.18,110.18,111.15,111.16,111.29,111.25,111.24,111.32,111.32,111.31,111.28,111.41,111.63,111.72,111.71,111.79,111.05,109.96,109.92,110.70,111.61,111.51,111.48,111.45,111.41,111.38,111.28,111.27,111.07,111.07,111.08,111.10,111.10,111.22,111.24,111.23,111.32,111.17,111.20,111.16,111.38,111.41,111.52,111.55,111.51,111.52,111.53,111.40,111.37,111.13,111.11,111.39,111.70,111.74,111.80,111.83,111.89,111.75,111.82,111.81,111.83,111.89,111.90,112.13,111.85,111.87,111.96,111.81,111.61,111.51,111.55,111.50,111.42,111.52,111.54,111.55,111.68,111.62,111.80,111.80,74.95,108.81,111.61,111.79,111.69,111.67,57.28,44.57,44.84,44.77,67.61,121.11,121.11,121.21,121.18,121.18,121.39,113.48,113.41,111.04,111.02,111.02,110.99,69.21,87.94,,,,,,,,,,,,,,,,,,,,,,,,,,,,,,,,,,,,,,,,,,,,,,,,
Clase,0.02088336,0451,Electricidad (ND),107.23,110.00,110.02,110.05,110.08,110.09,110.24,110.12,110.12,109.90,110.41,110.34,110.35,110.42,110.43,111.37,111.37,111.42,111.42,111.42,111.42,111.42,111.30,111.30,111.31,112.42,112.35,112.35,112.41,112.40,112.39,112.39,112.39,112.39,112.39,113.53,113.53,113.70,113.65,113.65,113.75,113.75,113.75,113.75,113.91,114.15,114.15,114.15,114.24,113.37,112.10,112.07,113.01,114.08,113.96,113.96,113.96,113.96,113.96,113.84,113.80,113.58,113.58,113.58,113.58,113.59,113.75,113.75,113.75,113.87,113.84,113.84,113.84,114.15,114.15,114.27,114.27,114.28,114.28,114.29,114.17,114.17,113.92,113.93,114.23,114.59,114.65,114.66,114.66,114.67,114.66,114.67,114.67,114.67,114.68,114.68,114.98,114.74,114.92,115.27,115.13,115.13,115.13,115.19,115.26,115.26,115.40,115.52,115.61,115.77,115.77,115.67,115.67,72.57,112.16,115.53,115.54,115.54,115.54,51.98,37.21,37.52,37.52,64.24,126.73,126.74,126.88,126.88,126.89,127.13,117.91,117.88,115.09,115.09,115.09,115.09,66.30,88.26,,,,,,,,,,,,,,,,,,,,,,,,,,,,,,,,,,,,,,,,,,,,,,,,
Subclase,0.02088336,04511,Electricidad,107.23,110.00,110.02,110.05,110.08,110.09,110.24,110.12,110.12,109.90,110.41,110.34,110.35,110.42,110.43,111.37,111.37,111.42,111.42,111.42,111.42,111.42,111.30,111.30,111.31,112.42,112.35,112.35,112.41,112.40,112.39,112.39,112.39,112.39,112.39,113.53,113.53,113.70,113.65,113.65,113.75,113.75,113.75,113.75,113.91,114.15,114.15,114.15,114.24,113.37,112.10,112.07,113.01,114.08,113.96,113.96,113.96,113.96,113.96,113.84,113.80,113.58,113.58,113.58,113.58,113.59,113.75,113.75,113.75,113.87,113.84,113.84,113.84,114.15,114.15,114.27,114.27,114.28,114.28,114.29,114.17,114.17,113.92,113.93,114.23,114.59,114.65,114.66,114.66,114.67,114.66,114.67,114.67,114.67,114.68,114.68,114.98,114.74,114.92,115.27,115.13,115.13,115.13,115.19,115.26,115.26,115.40,115.52,115.61,115.77,115.77,115.67,115.67,72.57,112.16,115.53,115.54,115.54,115.54,51.98,37.21,37.52,37.52,64.24,126.73,126.74,126.88,126.88,126.89,127.13,117.91,117.88,115.09,115.09,115.09,115.09,66.30,88.26,,,,,,,,,,,,,,,,,,,,,,,,,,,,,,,,,,,,,,,,,,,,,,,,
Producto,0.02088336,04511173,SERVICIO DE CONSUMO ELÉCTRICO,107.23,110.00,110.02,110.05,110.08,110.09,110.24,110.12,110.12,109.90,110.41,110.34,110.35,110.42,110.43,111.37,111.37,111.42,111.42,111.42,111.42,111.42,111.30,111.30,111.31,112.42,112.35,112.35,112.41,112.40,112.39,112.39,112.39,112.39,112.39,113.53,113.53,113.70,113.65,113.65,113.75,113.75,113.75,113.75,113.91,114.15,114.15,114.15,114.24,113.37,112.10,112.07,113.01,114.08,113.96,113.96,113.96,113.96,113.96,113.84,113.80,113.58,113.58,113.58,113.58,113.59,113.75,113.75,113.75,113.87,113.84,113.84,113.84,114.15,114.15,114.27,114.27,114.28,114.28,114.29,114.17,114.17,113.92,113.93,114.23,114.59,114.65,114.66,114.66,114.67,114.66,114.67,114.67,114.67,114.68,114.68,114.98,114.74,114.92,115.27,115.13,115.13,115.13,115.19,115.26,115.26,115.40,115.52,115.61,115.77,115.77,115.67,115.67,72.57,112.16,115.53,115.54,115.54,115.54,51.98,37.21,37.52,37.52,64.24,126.73,126.74,126.88,126.88,126.89,127.13,117.91,117.88,115.09,115.09,115.09,115.09,66.30,88.26,,,,,,,,,,,,,,,,,,,,,,,,,,,,,,,,,,,,,,,,,,,,,,,,
Clase,0.003516934,0452,Gas (ND),98.12,98.02,98.07,97.95,98.74,98.60,98.39,98.68,98.59,98.35,98.08,98.04,98.09,98.09,97.84,97.43,97.43,97.72,97.77,97.93,98.01,98.06,98.03,98.00,98.03,97.75,97.77,97.72,97.79,97.34,97.47,97.28,97.41,97.06,97.03,97.06,97.06,96.98,97.02,96.93,96.90,96.87,96.83,96.62,96.55,96.67,97.30,97.21,97.21,97.26,97.21,97.14,96.98,96.96,96.95,96.74,96.58,96.27,96.11,96.08,96.25,96.14,96.12,96.23,96.37,96.31,96.24,96.34,96.30,96.20,95.34,95.51,95.23,94.97,95.17,95.17,95.37,95.10,95.13,95.18,94.95,94.75,94.55,94.34,94.55,94.53,94.41,94.84,94.99,95.43,94.42,94.90,94.82,94.97,95.34,95.38,95.25,94.67,93.70,92.32,92.10,90.72,89.97,89.94,89.12,88.59,88.49,87.93,87.42,87.38,86.94,88.81,88.83,89.03,88.92,88.29,89.55,88.82,88.71,88.76,88.25,88.29,87.81,87.68,87.78,87.70,87.52,87.33,87.27,87.27,87.18,86.90,86.97,86.85,86.85,86.64,86.48,86.07,,,,,,,,,,,,,,,,,,,,,,,,,,,,,,,,,,,,,,,,,,,,,,,,
Subclase,0.003516934,04521,Gas,98.12,98.02,98.07,97.95,98.74,98.60,98.39,98.68,98.59,98.35,98.08,98.04,98.09,98.09,97.84,97.43,97.43,97.72,97.77,97.93,98.01,98.06,98.03,98.00,98.03,97.75,97.77,97.72,97.79,97.34,97.47,97.28,97.41,97.06,97.03,97.06,97.06,96.98,97.02,96.93,96.90,96.87,96.83,96.62,96.55,96.67,97.30,97.21,97.21,97.26,97.21,97.14,96.98,96.96,96.95,96.74,96.58,96.27,96.11,96.08,96.25,96.14,96.12,96.23,96.37,96.31,96.24,96.34,96.30,96.20,95.34,95.51,95.23,94.97,95.17,95.17,95.37,95.10,95.13,95.18,94.95,94.75,94.55,94.34,94.55,94.53,94.41,94.84,94.99,95.43,94.42,94.90,94.82,94.97,95.34,95.38,95.25,94.67,93.70,92.32,92.10,90.72,89.97,89.94,89.12,88.59,88.49,87.93,87.42,87.38,86.94,88.81,88.83,89.03,88.92,88.29,89.55,88.82,88.71,88.76,88.25,88.29,87.81,87.68,87.78,87.70,87.52,87.33,87.27,87.27,87.18,86.90,86.97,86.85,86.85,86.64,86.48,86.07,,,,,,,,,,,,,,,,,,,,,,,,,,,,,,,,,,,,,,,,,,,,,,,,
Producto,0.003516934,04521174,GAS DOMÉSTICO,98.12,98.02,98.07,97.95,98.74,98.60,98.39,98.68,98.59,98.35,98.08,98.04,98.09,98.09,97.84,97.43,97.43,97.72,97.77,97.93,98.01,98.06,98.03,98.00,98.03,97.75,97.77,97.72,97.79,97.34,97.47,97.28,97.41,97.06,97.03,97.06,97.06,96.98,97.02,96.93,96.90,96.87,96.83,96.62,96.55,96.67,97.30,97.21,97.21,97.26,97.21,97.14,96.98,96.96,96.95,96.74,96.58,96.27,96.11,96.08,96.25,96.14,96.12,96.23,96.37,96.31,96.24,96.34,96.30,96.20,95.34,95.51,95.23,94.97,95.17,95.17,95.37,95.10,95.13,95.18,94.95,94.75,94.55,94.34,94.55,94.53,94.41,94.84,94.99,95.43,94.42,94.90,94.82,94.97,95.34,95.38,95.25,94.67,93.70,92.32,92.10,90.72,89.97,89.94,89.12,88.59,88.49,87.93,87.42,87.38,86.94,88.81,88.83,89.03,88.92,88.29,89.55,88.82,88.71,88.76,88.25,88.29,87.81,87.68,87.78,87.70,87.52,87.33,87.27,87.27,87.18,86.90,86.97,86.85,86.85,86.64,86.48,86.07,,,,,,,,,,,,,,,,,,,,,,,,,,,,,,,,,,,,,,,,,,,,,,,,
División,0.058586881,05,"Muebles, artículos para el hogar y para la conservación ordinaria del hogar",102.45,102.96,103.47,103.95,103.96,104.75,104.90,104.97,104.63,104.75,104.69,104.10,104.77,104.82,104.77,104.60,104.56,105.15,105.06,104.94,104.53,104.37,103.86,103.88,104.72,104.73,104.71,104.64,104.12,103.29,103.14,103.10,102.61,102.53,102.33,102.43,103.25,103.12,103.37,102.97,102.62,102.94,102.72,102.64,102.37,102.11,101.76,101.70,102.23,101.74,101.51,101.46,101.44,101.45,101.26,100.95,100.65,100.45,100.37,100.24,100.62,100.44,100.53,100.03,100.38,100.48,100.77,100.08,100.14,100.29,100.28,99.95,100.27,100.38,100.45,100.76,100.49,100.46,100.98,101.34,101.26,101.85,101.99,102.19,104.49,105.35,105.87,105.79,106.53,107.18,107.28,107.31,106.94,107.59,107.31,107.29,109.73,109.68,110.02,109.78,110.15,108.85,109.90,109.71,109.32,109.28,109.13,108.89,110.19,109.77,109.74,111.52,111.05,110.86,110.31,110.21,110.73,110.62,110.89,110.61,111.83,111.54,111.64,111.20,111.08,111.40,111.32,111.24,111.34,111.26,111.59,111.25,112.64,112.61,111.87,111.52,111.67,112.47,,,,,,,,,,,,,,,,,,,,,,,,,,,,,,,,,,,,,,,,,,,,,,,,
Grupo,0.00838989,051,"Muebles y accesorios, alfombras y otros materiales para pisos",101.61,101.74,102.03,102.37,102.73,103.72,103.63,103.48,103.70,103.78,103.61,103.08,103.33,102.95,102.45,102.51,102.40,102.70,102.74,103.12,102.77,102.41,102.54,102.16,102.94,102.77,102.92,103.17,102.38,101.94,101.98,101.81,101.55,101.77,101.26,101.24,102.26,102.58,103.22,103.06,102.69,103.36,103.10,103.58,103.65,103.72,103.58,103.38,103.44,103.23,103.36,103.70,103.25,103.21,102.60,102.63,102.36,102.53,102.25,102.18,102.27,102.37,102.21,98.51,99.43,100.77,100.19,99.38,99.11,99.74,99.61,99.94,100.22,100.66,101.13,100.97,100.96,100.91,101.13,101.40,101.90,102.09,101.33,103.07,104.40,105.13,105.35,104.46,105.73,105.66,105.43,105.07,105.44,105.23,104.41,105.05,105.34,105.40,105.84,105.43,105.83,106.12,105.89,105.02,104.77,104.44,105.05,105.31,106.05,105.63,105.99,106.73,105.84,105.19,105.50,104.52,105.58,105.53,105.27,104.99,105.21,104.77,104.41,104.46,104.33,104.25,104.15,104.13,104.23,104.22,102.93,102.28,103.75,102.65,103.81,104.93,105.18,105.72,,,,,,,,,,,,,,,,,,,,,,,,,,,,,,,,,,,,,,,,,,,,,,,,
Clase,0.007840083,0511,Muebles y accesorios (D),101.75,101.69,101.95,102.11,102.61,103.56,103.34,103.10,103.04,103.13,102.94,102.60,102.71,102.58,102.05,102.11,101.86,101.96,102.21,102.64,102.10,101.68,101.72,101.31,102.43,102.44,102.60,102.67,101.78,101.39,101.46,101.08,101.02,101.16,100.70,100.68,101.77,101.91,102.58,102.41,102.04,102.69,102.40,102.93,103.04,103.12,103.13,102.91,102.97,102.75,102.89,103.06,102.63,102.44,101.91,102.05,101.77,101.96,101.66,101.69,101.64,101.75,101.67,97.78,98.77,100.31,99.69,98.82,98.53,99.23,99.11,99.24,99.43,99.82,100.47,100.48,100.47,100.22,100.43,100.69,100.99,101.19,100.37,101.84,103.38,104.17,104.60,103.57,104.61,104.55,104.29,103.88,104.21,104.09,103.10,103.81,104.07,104.15,104.61,104.18,104.60,104.92,104.47,104.08,103.65,103.63,104.22,104.47,105.27,104.87,105.25,105.92,104.95,104.26,104.60,103.43,104.54,104.54,104.27,103.97,104.21,103.67,103.27,103.33,103.08,102.98,102.88,102.75,102.85,102.84,101.67,101.39,102.81,101.44,102.71,103.52,103.79,104.37,,,,,,,,,,,,,,,,,,,,,,,,,,,,,,,,,,,,,,,,,,,,,,,,
Subclase,0.003688721,05111,Muebles de sala y comedor,101.38,101.36,101.86,101.62,102.39,102.94,102.52,102.39,102.52,102.75,102.32,101.99,102.08,102.19,101.93,101.84,101.87,101.70,102.02,102.29,101.80,100.98,100.91,101.21,102.14,101.93,101.89,101.56,101.49,101.19,100.93,100.73,100.32,100.19,100.07,99.70,100.14,100.31,101.08,101.02,100.54,100.95,100.57,101.27,101.49,101.17,100.91,100.62,100.26,99.79,100.35,100.49,100.36,100.01,99.71,99.96,99.28,99.58,99.47,99.62,99.89,99.56,99.61,95.61,97.40,97.92,97.49,97.26,96.71,98.10,96.65,96.43,96.34,96.28,96.79,96.14,96.30,96.21,96.11,96.04,97.07,96.99,96.26,97.80,97.45,97.66,98.22,98.30,99.35,99.43,98.99,98.91,99.67,99.89,99.35,99.58,99.94,99.35,99.97,99.95,100.38,100.36,99.82,99.42,99.17,99.41,100.38,99.92,100.49,99.94,100.73,101.48,100.23,99.65,99.56,98.68,100.18,99.88,100.55,100.33,100.08,99.46,98.92,98.61,98.65,98.32,98.33,98.08,98.42,98.74,97.59,97.63,98.77,97.67,99.02,99.62,99.65,99.32,,,,,,,,,,,,,,,,,,,,,,,,,,,,,,,,,,,,,,,,,,,,,,,,
Producto,0.00228138,05111175,JUEGO DE SALA,100.07,99.82,100.44,100.29,101.19,100.62,100.67,100.55,100.55,100.98,100.52,99.97,100.47,100.75,100.54,100.49,100.74,100.79,101.20,101.34,100.92,100.17,100.30,100.73,101.24,101.09,101.17,100.48,100.77,100.08,99.75,99.43,98.80,98.66,98.55,97.94,98.16,98.21,98.83,98.69,98.06,98.27,98.12,99.67,99.82,99.34,98.83,98.56,97.93,98.13,99.05,99.29,99.01,98.76,98.56,98.85,97.71,98.03,97.74,97.83,98.16,97.69,97.91,94.22,95.80,96.01,95.77,95.63,95.03,96.65,94.10,93.93,93.57,93.41,93.87,92.70,93.02,93.10,92.65,93.03,92.74,92.44,91.69,92.50,92.81,93.44,93.62,94.43,94.70,95.66,95.06,95.26,95.80,95.71,95.30,95.17,95.36,93.71,94.58,94.35,95.09,95.29,94.81,94.59,94.09,94.10,94.57,93.93,93.55,93.71,94.67,94.87,94.00,93.80,93.17,91.70,93.91,93.42,94.13,93.66,93.60,92.91,91.82,91.43,91.87,91.88,92.62,92.31,92.46,92.77,90.89,90.81,91.51,91.26,92.53,92.95,93.24,92.30,,,,,,,,,,,,,,,,,,,,,,,,,,,,,,,,,,,,,,,,,,,,,,,,
Producto,0.001407341,05111176,JUEGO DE COMEDOR,103.49,103.87,104.18,103.78,104.33,106.70,105.50,105.37,105.73,105.63,105.24,105.25,104.69,104.53,104.18,104.01,103.69,103.18,103.36,103.83,103.23,102.29,101.91,101.99,103.58,103.31,103.05,103.31,102.67,102.99,102.83,102.86,102.78,102.66,102.54,102.54,103.33,103.72,104.73,104.79,104.55,105.28,104.53,103.86,104.19,104.14,104.30,103.96,104.02,102.47,102.47,102.44,102.56,102.04,101.57,101.77,101.81,102.09,102.28,102.51,102.71,102.60,102.38,97.86,99.98,101.01,100.28,99.89,99.43,100.46,100.77,100.47,100.84,100.93,101.53,101.73,101.62,101.25,101.71,100.93,104.10,104.37,103.66,106.39,104.96,104.51,105.68,104.56,106.87,105.55,105.36,104.85,105.94,106.66,105.93,106.72,107.37,108.48,108.70,109.04,108.96,108.57,107.95,107.26,107.40,108.04,109.80,109.64,111.74,110.02,110.55,112.20,110.33,109.13,109.92,110.00,110.34,110.36,110.95,111.14,110.59,110.10,110.44,110.26,109.64,108.76,107.59,107.45,108.09,108.41,108.45,108.69,110.55,108.05,109.55,110.42,110.04,110.71,,,,,,,,,,,,,,,,,,,,,,,,,,,,,,,,,,,,,,,,,,,,,,,,
Subclase,0.004151362,05112,Muebles de dormitorio,102.07,101.98,102.03,102.55,102.82,104.10,104.06,103.74,103.50,103.47,103.49,103.15,103.26,102.93,102.16,102.35,101.84,102.19,102.37,102.95,102.36,102.29,102.43,101.40,102.70,102.89,103.23,103.65,102.03,101.56,101.93,101.39,101.64,102.03,101.25,101.56,103.22,103.32,103.92,103.66,103.37,104.24,104.03,104.40,104.42,104.85,105.09,104.94,105.38,105.38,105.15,105.34,104.64,104.61,103.86,103.90,103.99,104.07,103.60,103.54,103.18,103.70,103.49,99.72,99.99,102.44,101.64,100.21,100.14,100.22,101.29,101.74,102.17,102.97,103.74,104.34,104.18,103.78,104.27,104.81,104.47,104.91,104.02,105.44,108.65,109.95,110.27,108.26,109.28,109.09,108.99,108.29,108.24,107.82,106.43,107.57,107.74,108.42,108.74,107.93,108.35,108.97,108.60,108.22,107.63,107.38,107.62,108.51,109.51,109.26,109.28,109.87,109.14,108.34,109.07,107.65,108.41,108.68,107.58,107.21,107.87,107.40,107.13,107.52,107.01,107.13,106.91,106.90,106.78,106.48,105.29,104.73,106.40,104.80,105.98,106.99,107.47,108.86,,,,,,,,,,,,,,,,,,,,,,,,,,,,,,,,,,,,,,,,,,,,,,,,
Producto,0.002387969,05112177,JUEGO DE DORMITORIO,103.92,103.81,103.94,104.88,105.36,107.02,107.06,107.30,107.33,107.28,107.44,107.03,107.27,106.99,106.93,106.75,106.38,107.02,106.88,107.22,106.49,106.56,106.37,106.03,105.99,105.73,105.30,105.92,103.72,103.51,103.20,103.32,103.27,104.10,103.30,103.85,104.31,104.12,104.44,104.70,104.24,104.05,102.93,104.08,104.35,104.26,104.27,104.03,104.07,103.67,103.49,103.69,103.57,103.15,102.67,102.95,102.53,103.05,102.92,103.05,103.16,103.20,103.13,97.51,94.28,98.25,97.95,96.61,97.43,97.00,97.82,97.42,97.75,97.46,97.90,98.75,98.79,98.38,98.55,99.01,98.30,99.30,98.86,101.07,100.30,101.28,102.07,100.96,102.36,101.79,101.99,102.11,101.43,100.98,100.15,101.25,101.56,101.39,101.35,101.56,102.30,102.32,101.62,101.40,100.83,100.76,101.68,102.47,103.39,103.13,103.58,105.14,103.48,102.68,102.59,101.98,102.50,102.43,102.92,101.25,102.68,101.21,101.34,102.75,101.46,101.45,101.09,100.73,100.50,99.44,98.55,98.68,100.99,98.93,101.11,101.83,100.84,102.31,,,,,,,,,,,,,,,,,,,,,,,,,,,,,,,,,,,,,,,,,,,,,,,,
Producto,0.001763393,05112178,COLCHÓN,99.57,99.51,99.46,99.40,99.37,100.15,100.00,98.92,98.32,98.31,98.15,97.88,97.84,97.43,95.69,96.40,95.70,95.66,96.27,97.18,96.78,96.52,97.10,95.13,98.25,99.05,100.43,100.59,99.75,98.93,100.21,98.78,99.44,99.23,98.47,98.45,101.74,102.25,103.22,102.24,102.20,104.49,105.53,104.84,104.51,105.65,106.20,106.19,107.16,107.70,107.39,107.56,106.08,106.58,105.48,105.19,105.97,105.45,104.53,104.21,103.22,104.37,103.98,102.70,107.71,108.12,106.64,105.09,103.82,104.59,106.00,107.60,108.16,110.43,111.65,111.91,111.49,111.09,112.02,112.67,112.83,112.51,111.02,111.35,119.96,121.70,121.36,118.14,118.66,118.98,118.48,116.66,117.47,117.09,114.92,116.13,116.11,117.93,118.75,116.56,116.55,117.97,118.05,117.46,116.84,116.34,115.67,116.69,117.80,117.57,116.98,116.27,116.82,116.01,117.85,115.34,116.41,117.15,113.90,115.28,114.89,115.79,114.97,113.98,114.52,114.81,114.80,115.26,115.30,116.02,114.41,112.92,113.72,112.74,112.58,113.97,116.45,117.73,,,,,,,,,,,,,,,,,,,,,,,,,,,,,,,,,,,,,,,,,,,,,,,,
Clase,0.000147908,0512,Alfombras y otros materiales para pisos (D),93.78,93.78,93.78,96.90,96.90,96.90,96.90,96.90,104.18,104.18,104.59,105.07,105.17,105.17,105.23,105.23,105.23,105.58,104.18,102.87,104.09,105.76,105.81,105.90,105.70,105.90,105.83,105.83,105.39,101.74,100.67,100.54,100.54,100.62,100.90,100.90,100.90,100.90,101.10,100.95,99.84,100.18,100.18,99.93,97.91,97.87,97.40,97.40,97.40,97.40,97.45,97.46,95.09,95.11,95.08,93.81,95.09,95.04,95.06,89.25,88.60,88.43,88.43,84.99,84.60,86.04,86.21,85.83,86.70,86.71,85.80,85.80,86.11,86.12,86.12,86.06,85.95,85.73,86.70,85.51,85.53,85.80,85.99,86.13,86.37,85.41,86.12,87.19,86.77,85.79,86.60,86.92,87.94,86.39,86.36,85.04,85.21,84.60,84.84,84.84,84.84,84.73,83.44,83.90,83.90,83.83,84.34,85.82,85.52,82.88,82.90,82.18,82.97,82.74,82.35,82.73,82.13,78.95,78.04,78.40,78.40,77.81,78.38,78.02,78.39,77.93,77.74,77.42,77.63,77.83,77.90,78.70,78.59,78.59,77.65,77.81,78.01,77.72,,,,,,,,,,,,,,,,,,,,,,,,,,,,,,,,,,,,,,,,,,,,,,,,
Subclase,0.000147908,05121,Alfombras y materiales para pisos,93.78,93.78,93.78,96.90,96.90,96.90,96.90,96.90,104.18,104.18,104.59,105.07,105.17,105.17,105.23,105.23,105.23,105.58,104.18,102.87,104.09,105.76,105.81,105.90,105.70,105.90,105.83,105.83,105.39,101.74,100.67,100.54,100.54,100.62,100.90,100.90,100.90,100.90,101.10,100.95,99.84,100.18,100.18,99.93,97.91,97.87,97.40,97.40,97.40,97.40,97.45,97.46,95.09,95.11,95.08,93.81,95.09,95.04,95.06,89.25,88.60,88.43,88.43,84.99,84.60,86.04,86.21,85.83,86.70,86.71,85.80,85.80,86.11,86.12,86.12,86.06,85.95,85.73,86.70,85.51,85.53,85.80,85.99,86.13,86.37,85.41,86.12,87.19,86.77,85.79,86.60,86.92,87.94,86.39,86.36,85.04,85.21,84.60,84.84,84.84,84.84,84.73,83.44,83.90,83.90,83.83,84.34,85.82,85.52,82.88,82.90,82.18,82.97,82.74,82.35,82.73,82.13,78.95,78.04,78.40,78.40,77.81,78.38,78.02,78.39,77.93,77.74,77.42,77.63,77.83,77.90,78.70,78.59,78.59,77.65,77.81,78.01,77.72,,,,,,,,,,,,,,,,,,,,,,,,,,,,,,,,,,,,,,,,,,,,,,,,
Producto,0.000147908,05121179,ALFOMBRA SUELTA,93.78,93.78,93.78,96.90,96.90,96.90,96.90,96.90,104.18,104.18,104.59,105.07,105.17,105.17,105.23,105.23,105.23,105.58,104.18,102.87,104.09,105.76,105.81,105.90,105.70,105.90,105.83,105.83,105.39,101.74,100.67,100.54,100.54,100.62,100.90,100.90,100.90,100.90,101.10,100.95,99.84,100.18,100.18,99.93,97.91,97.87,97.40,97.40,97.40,97.40,97.45,97.46,95.09,95.11,95.08,93.81,95.09,95.04,95.06,89.25,88.60,88.43,88.43,84.99,84.60,86.04,86.21,85.83,86.70,86.71,85.80,85.80,86.11,86.12,86.12,86.06,85.95,85.73,86.70,85.51,85.53,85.80,85.99,86.13,86.37,85.41,86.12,87.19,86.77,85.79,86.60,86.92,87.94,86.39,86.36,85.04,85.21,84.60,84.84,84.84,84.84,84.73,83.44,83.90,83.90,83.83,84.34,85.82,85.52,82.88,82.90,82.18,82.97,82.74,82.35,82.73,82.13,78.95,78.04,78.40,78.40,77.81,78.38,78.02,78.39,77.93,77.74,77.42,77.63,77.83,77.90,78.70,78.59,78.59,77.65,77.81,78.01,77.72,,,,,,,,,,,,,,,,,,,,,,,,,,,,,,,,,,,,,,,,,,,,,,,,
Clase,0.000401898,0513,"Reparación de muebles, accesorios y materiales para pisos (S)",101.87,105.72,106.56,109.38,107.07,109.38,111.79,113.22,116.34,116.34,116.34,111.68,114.74,109.28,109.28,109.28,111.93,116.07,112.61,112.61,115.27,115.54,117.36,117.36,111.86,108.07,108.07,111.86,112.96,112.71,112.71,116.40,112.35,114.08,112.35,112.35,112.35,116.41,116.41,116.41,116.41,117.71,117.71,117.71,117.71,117.71,114.73,114.73,114.73,114.73,114.73,118.48,118.48,121.05,118.89,117.22,116.43,116.43,116.43,116.43,119.59,119.59,117.80,117.80,117.80,115.16,115.16,115.16,115.16,114.54,114.54,118.81,120.90,122.37,119.58,115.89,115.89,120.09,120.09,121.14,125.65,125.65,125.65,133.18,130.95,131.14,127.16,128.22,134.64,134.64,134.64,134.94,135.98,134.51,136.57,136.57,137.45,137.45,137.45,137.45,137.45,137.45,141.87,131.12,134.32,127.69,128.81,128.81,128.81,128.81,128.81,131.53,131.53,131.66,131.66,133.86,134.55,134.69,134.69,134.69,134.70,136.24,136.24,136.24,138.36,138.67,138.67,140.92,140.92,140.92,136.87,128.24,131.22,135.01,135.01,142.36,142.36,142.36,,,,,,,,,,,,,,,,,,,,,,,,,,,,,,,,,,,,,,,,,,,,,,,,
Subclase,0.000401898,05131,"Reparación de muebles, accesorios y materiales para pisos",101.87,105.72,106.56,109.38,107.07,109.38,111.79,113.22,116.34,116.34,116.34,111.68,114.74,109.28,109.28,109.28,111.93,116.07,112.61,112.61,115.27,115.54,117.36,117.36,111.86,108.07,108.07,111.86,112.96,112.71,112.71,116.40,112.35,114.08,112.35,112.35,112.35,116.41,116.41,116.41,116.41,117.71,117.71,117.71,117.71,117.71,114.73,114.73,114.73,114.73,114.73,118.48,118.48,121.05,118.89,117.22,116.43,116.43,116.43,116.43,119.59,119.59,117.80,117.80,117.80,115.16,115.16,115.16,115.16,114.54,114.54,118.81,120.90,122.37,119.58,115.89,115.89,120.09,120.09,121.14,125.65,125.65,125.65,133.18,130.95,131.14,127.16,128.22,134.64,134.64,134.64,134.94,135.98,134.51,136.57,136.57,137.45,137.45,137.45,137.45,137.45,137.45,141.87,131.12,134.32,127.69,128.81,128.81,128.81,128.81,128.81,131.53,131.53,131.66,131.66,133.86,134.55,134.69,134.69,134.69,134.70,136.24,136.24,136.24,138.36,138.67,138.67,140.92,140.92,140.92,136.87,128.24,131.22,135.01,135.01,142.36,142.36,142.36,,,,,,,,,,,,,,,,,,,,,,,,,,,,,,,,,,,,,,,,,,,,,,,,
Producto,0.000401898,05131180,REPARACIÓN DE MUEBLES,101.87,105.72,106.56,109.38,107.07,109.38,111.79,113.22,116.34,116.34,116.34,111.68,114.74,109.28,109.28,109.28,111.93,116.07,112.61,112.61,115.27,115.54,117.36,117.36,111.86,108.07,108.07,111.86,112.96,112.71,112.71,116.40,112.35,114.08,112.35,112.35,112.35,116.41,116.41,116.41,116.41,117.71,117.71,117.71,117.71,117.71,114.73,114.73,114.73,114.73,114.73,118.48,118.48,121.05,118.89,117.22,116.43,116.43,116.43,116.43,119.59,119.59,117.80,117.80,117.80,115.16,115.16,115.16,115.16,114.54,114.54,118.81,120.90,122.37,119.58,115.89,115.89,120.09,120.09,121.14,125.65,125.65,125.65,133.18,130.95,131.14,127.16,128.22,134.64,134.64,134.64,134.94,135.98,134.51,136.57,136.57,137.45,137.45,137.45,137.45,137.45,137.45,141.87,131.12,134.32,127.69,128.81,128.81,128.81,128.81,128.81,131.53,131.53,131.66,131.66,133.86,134.55,134.69,134.69,134.69,134.70,136.24,136.24,136.24,138.36,138.67,138.67,140.92,140.92,140.92,136.87,128.24,131.22,135.01,135.01,142.36,142.36,142.36,,,,,,,,,,,,,,,,,,,,,,,,,,,,,,,,,,,,,,,,,,,,,,,,
Grupo,0.003438527,052,Productos textiles para el hogar,96.32,96.52,96.55,96.64,96.75,97.08,97.71,97.37,97.57,97.64,97.47,96.93,96.81,96.76,97.13,97.19,97.37,98.37,97.90,97.48,97.78,97.24,97.51,97.18,97.18,97.06,97.51,97.42,96.83,96.42,96.47,96.21,95.97,95.78,95.63,95.86,95.47,95.27,95.44,95.23,95.00,95.01,94.62,95.13,95.05,95.12,94.77,94.40,94.19,94.02,94.01,93.93,93.56,93.67,93.19,92.59,92.60,92.11,92.41,92.03,92.13,92.18,92.13,91.34,91.31,91.62,91.53,91.46,91.55,92.00,91.99,92.33,92.75,92.60,92.13,92.45,91.35,91.68,92.72,93.09,92.67,92.15,92.47,92.10,93.48,93.98,94.08,95.27,94.52,95.28,94.36,94.95,95.22,94.46,94.51,94.72,94.55,94.18,94.24,94.17,94.12,94.08,93.52,93.23,92.71,92.57,91.85,92.19,92.14,91.72,91.22,93.24,93.22,92.76,91.77,91.42,92.09,91.60,91.46,91.54,91.65,91.06,91.24,90.95,90.49,90.58,89.76,89.61,90.38,89.78,88.85,89.00,89.23,89.60,89.40,89.03,89.26,89.72,,,,,,,,,,,,,,,,,,,,,,,,,,,,,,,,,,,,,,,,,,,,,,,,
Clase,0.003438527,0520,Productos textiles para el hogar (SD),96.32,96.52,96.55,96.64,96.75,97.08,97.71,97.37,97.57,97.64,97.47,96.93,96.81,96.76,97.13,97.19,97.37,98.37,97.90,97.48,97.78,97.24,97.51,97.18,97.18,97.06,97.51,97.42,96.83,96.42,96.47,96.21,95.97,95.78,95.63,95.86,95.47,95.27,95.44,95.23,95.00,95.01,94.62,95.13,95.05,95.12,94.77,94.40,94.19,94.02,94.01,93.93,93.56,93.67,93.19,92.59,92.60,92.11,92.41,92.03,92.13,92.18,92.13,91.34,91.31,91.62,91.53,91.46,91.55,92.00,91.99,92.33,92.75,92.60,92.13,92.45,91.35,91.68,92.72,93.09,92.67,92.15,92.47,92.10,93.48,93.98,94.08,95.27,94.52,95.28,94.36,94.95,95.22,94.46,94.51,94.72,94.55,94.18,94.24,94.17,94.12,94.08,93.52,93.23,92.71,92.57,91.85,92.19,92.14,91.72,91.22,93.24,93.22,92.76,91.77,91.42,92.09,91.60,91.46,91.54,91.65,91.06,91.24,90.95,90.49,90.58,89.76,89.61,90.38,89.78,88.85,89.00,89.23,89.60,89.40,89.03,89.26,89.72,,,,,,,,,,,,,,,,,,,,,,,,,,,,,,,,,,,,,,,,,,,,,,,,
Subclase,0.003438527,05201,Productos textiles para el hogar ,96.32,96.52,96.55,96.64,96.75,97.08,97.71,97.37,97.57,97.64,97.47,96.93,96.81,96.76,97.13,97.19,97.37,98.37,97.90,97.48,97.78,97.24,97.51,97.18,97.18,97.06,97.51,97.42,96.83,96.42,96.47,96.21,95.97,95.78,95.63,95.86,95.47,95.27,95.44,95.23,95.00,95.01,94.62,95.13,95.05,95.12,94.77,94.40,94.19,94.02,94.01,93.93,93.56,93.67,93.19,92.59,92.60,92.11,92.41,92.03,92.13,92.18,92.13,91.34,91.31,91.62,91.53,91.46,91.55,92.00,91.99,92.33,92.75,92.60,92.13,92.45,91.35,91.68,92.72,93.09,92.67,92.15,92.47,92.10,93.48,93.98,94.08,95.27,94.52,95.28,94.36,94.95,95.22,94.46,94.51,94.72,94.55,94.18,94.24,94.17,94.12,94.08,93.52,93.23,92.71,92.57,91.85,92.19,92.14,91.72,91.22,93.24,93.22,92.76,91.77,91.42,92.09,91.60,91.46,91.54,91.65,91.06,91.24,90.95,90.49,90.58,89.76,89.61,90.38,89.78,88.85,89.00,89.23,89.60,89.40,89.03,89.26,89.72,,,,,,,,,,,,,,,,,,,,,,,,,,,,,,,,,,,,,,,,,,,,,,,,
Producto,0.002394716,05201181,ROPA DE CAMA,96.12,96.30,96.75,96.86,96.93,97.05,97.91,97.64,97.71,97.79,97.70,96.89,96.88,96.75,97.34,97.43,97.78,98.82,98.72,98.26,98.73,97.89,98.58,98.48,98.29,98.08,98.13,98.05,97.62,97.63,97.68,97.40,97.20,96.90,96.80,96.73,96.25,96.05,96.11,95.93,95.52,95.80,95.25,95.75,95.65,95.68,95.30,94.76,94.63,94.35,94.24,94.03,93.51,93.68,92.85,92.00,92.13,91.80,92.08,91.65,91.51,91.68,91.61,90.34,90.82,91.43,90.91,90.94,90.98,91.26,91.51,92.08,91.92,92.07,91.62,92.08,90.91,91.39,92.96,93.36,93.26,92.54,92.90,92.60,93.57,93.81,93.70,95.00,94.31,95.01,94.30,95.27,95.11,94.10,94.35,94.25,94.15,93.58,94.03,93.68,93.45,93.70,93.13,92.86,92.45,92.14,91.97,91.83,91.13,90.79,90.21,91.89,91.67,91.20,90.09,89.38,90.06,89.66,89.73,90.15,90.06,89.48,89.63,89.06,88.40,88.20,87.54,87.14,88.21,87.85,87.17,86.93,86.97,87.06,86.79,86.32,86.92,87.16,,,,,,,,,,,,,,,,,,,,,,,,,,,,,,,,,,,,,,,,,,,,,,,,
Producto,0.000414042,05201182,CORTINA DE TELA,101.86,102.04,103.00,103.33,104.39,105.56,105.68,104.65,105.93,105.95,105.94,106.12,105.49,105.44,105.17,104.92,104.36,105.39,105.17,104.12,104.19,104.56,104.57,102.38,103.55,103.78,103.92,103.63,101.16,99.63,99.64,99.27,97.73,97.87,98.25,99.18,98.90,99.04,100.14,99.50,99.90,98.75,98.62,98.62,98.53,98.61,98.52,98.52,97.20,96.91,96.79,97.04,96.37,96.76,96.76,96.67,96.67,94.58,95.47,94.81,95.92,95.88,95.88,95.17,92.67,92.52,95.80,95.37,95.77,95.62,94.75,93.61,96.64,95.25,93.97,92.62,91.95,92.00,91.42,90.88,88.38,87.85,88.49,88.50,90.09,89.99,89.76,91.90,91.19,92.10,91.86,90.33,91.80,91.11,91.96,92.44,91.96,92.24,91.13,90.95,91.60,91.60,90.21,89.20,87.70,87.70,85.86,87.86,89.07,88.97,89.27,91.25,92.84,92.56,91.86,90.81,91.09,89.92,89.22,88.35,88.21,87.36,87.00,88.27,88.16,88.15,87.91,87.50,87.67,87.80,87.42,87.45,87.14,88.23,88.46,87.25,87.68,88.62,,,,,,,,,,,,,,,,,,,,,,,,,,,,,,,,,,,,,,,,,,,,,,,,
Producto,0.00062977,05201183,ROPA DE BAÑO,93.40,93.73,91.54,91.37,91.04,91.62,91.72,91.56,91.56,91.61,91.02,91.02,90.82,91.07,91.07,91.20,91.20,92.07,89.98,90.18,89.92,89.98,88.81,88.79,88.81,88.74,90.93,90.93,90.94,89.72,89.82,89.69,90.11,90.17,89.44,90.39,90.28,89.82,89.82,89.73,89.82,89.59,89.59,90.44,90.49,90.71,90.29,90.33,90.54,90.88,91.34,91.47,91.89,91.58,92.16,92.17,91.72,91.66,91.62,91.67,91.97,91.65,91.67,92.63,92.32,91.76,91.06,90.87,90.94,92.41,91.96,92.43,93.33,92.86,92.86,93.72,92.62,92.59,92.67,93.53,93.27,93.52,93.44,92.59,95.38,97.24,98.34,98.50,97.49,98.40,96.22,96.77,97.89,98.04,96.78,97.98,97.77,97.74,97.09,98.14,98.35,97.13,97.15,97.31,97.03,97.44,95.32,96.43,98.00,97.06,96.33,99.68,99.36,98.84,98.12,99.61,100.50,100.07,99.53,98.95,99.98,99.50,100.15,99.92,100.01,101.24,99.37,100.37,100.43,98.41,96.16,97.88,99.18,100.15,99.92,100.46,99.23,100.20,,,,,,,,,,,,,,,,,,,,,,,,,,,,,,,,,,,,,,,,,,,,,,,,
Grupo,0.00941145,053,Artefactos para el hogar,103.00,104.91,107.00,109.31,109.53,113.10,114.44,115.59,114.78,113.94,112.51,109.66,108.63,108.83,108.40,107.73,107.71,109.04,108.50,107.57,107.08,105.51,104.07,102.78,102.69,103.13,102.31,101.67,99.92,99.05,97.93,97.78,95.68,94.77,94.41,93.82,94.05,93.28,94.04,92.55,90.88,91.84,91.44,90.02,88.00,86.84,84.32,83.12,82.98,81.69,81.07,80.24,79.28,80.35,80.31,79.03,78.29,77.71,77.71,77.03,77.35,77.26,77.37,74.59,75.74,76.18,76.36,76.18,76.15,75.89,75.11,75.36,75.24,75.66,76.20,75.65,74.76,75.05,75.84,75.97,76.47,76.75,76.72,76.34,77.47,77.32,77.95,78.53,78.20,78.88,78.67,79.04,78.91,78.56,77.78,77.70,78.16,78.30,77.82,77.62,77.60,77.62,77.83,77.42,77.65,77.06,75.42,74.96,75.76,75.42,75.71,77.00,75.93,76.34,76.14,76.23,76.15,76.05,74.70,74.48,74.86,75.17,74.19,74.18,74.06,73.92,74.32,73.50,73.38,73.29,72.57,71.70,72.55,72.33,72.07,71.79,71.20,71.74,,,,,,,,,,,,,,,,,,,,,,,,,,,,,,,,,,,,,,,,,,,,,,,,
Clase,0.008054761,0531,"Artefactos para el hogar grandes, eléctricos o no (D)",103.15,105.34,107.56,109.42,109.35,113.30,114.73,116.00,115.10,114.03,112.45,109.45,108.23,108.61,108.09,107.06,106.82,108.07,107.57,106.34,105.77,103.82,102.32,100.83,100.96,101.66,100.77,99.89,97.97,97.43,96.40,96.51,94.16,93.32,92.87,92.23,92.54,91.82,92.73,91.05,89.40,90.49,89.95,88.34,85.91,84.59,81.62,80.23,80.03,78.64,77.74,76.81,75.80,77.00,76.95,75.50,74.79,74.06,74.10,73.34,73.62,73.58,73.72,70.60,71.87,72.29,72.61,72.33,72.40,72.09,71.47,71.69,71.54,71.96,72.63,71.97,70.99,71.37,72.27,72.35,72.67,72.96,72.86,72.52,73.90,73.53,74.21,74.71,74.33,74.94,74.77,75.19,74.99,74.66,73.94,73.79,74.20,74.21,73.60,73.56,73.51,73.48,73.67,73.27,73.46,72.69,70.91,70.23,71.13,70.64,71.00,71.79,70.61,71.09,70.97,71.14,71.02,70.77,69.38,69.07,69.49,69.92,68.93,68.93,68.75,68.64,69.06,68.03,67.91,67.67,66.85,65.74,66.49,66.17,65.91,65.48,64.76,65.26,,,,,,,,,,,,,,,,,,,,,,,,,,,,,,,,,,,,,,,,,,,,,,,,
Subclase,0.008054761,05311,Artefactos grandes para el hogar,103.15,105.34,107.56,109.42,109.35,113.30,114.73,116.00,115.10,114.03,112.45,109.45,108.23,108.61,108.09,107.06,106.82,108.07,107.57,106.34,105.77,103.82,102.32,100.83,100.96,101.66,100.77,99.89,97.97,97.43,96.40,96.51,94.16,93.32,92.87,92.23,92.54,91.82,92.73,91.05,89.40,90.49,89.95,88.34,85.91,84.59,81.62,80.23,80.03,78.64,77.74,76.81,75.80,77.00,76.95,75.50,74.79,74.06,74.10,73.34,73.62,73.58,73.72,70.60,71.87,72.29,72.61,72.33,72.40,72.09,71.47,71.69,71.54,71.96,72.63,71.97,70.99,71.37,72.27,72.35,72.67,72.96,72.86,72.52,73.90,73.53,74.21,74.71,74.33,74.94,74.77,75.19,74.99,74.66,73.94,73.79,74.20,74.21,73.60,73.56,73.51,73.48,73.67,73.27,73.46,72.69,70.91,70.23,71.13,70.64,71.00,71.79,70.61,71.09,70.97,71.14,71.02,70.77,69.38,69.07,69.49,69.92,68.93,68.93,68.75,68.64,69.06,68.03,67.91,67.67,66.85,65.74,66.49,66.17,65.91,65.48,64.76,65.26,,,,,,,,,,,,,,,,,,,,,,,,,,,,,,,,,,,,,,,,,,,,,,,,
Producto,0.002187405,05311184,COCINA,113.15,118.55,117.73,119.22,119.83,127.03,129.40,130.30,130.58,128.35,123.24,118.17,117.85,117.59,117.20,117.33,116.76,116.84,116.82,116.13,115.34,113.11,114.02,114.32,114.20,114.16,113.55,112.58,113.88,113.36,112.64,111.93,110.23,108.63,108.50,109.11,108.60,106.99,107.68,106.72,106.34,106.57,106.12,106.22,95.66,90.19,82.36,81.39,80.23,78.72,78.80,76.34,75.79,75.79,75.25,73.06,73.43,72.30,71.64,70.81,70.76,70.78,71.28,70.65,69.66,70.05,68.58,66.86,66.38,66.23,65.55,65.28,65.40,65.69,66.16,65.26,63.90,65.24,65.56,64.75,64.94,65.89,64.93,65.33,65.89,65.70,65.26,65.19,64.61,64.45,63.67,64.00,64.13,64.74,64.22,63.17,63.43,63.73,64.15,62.77,62.61,63.11,64.09,64.22,64.76,63.70,62.97,63.00,63.55,63.13,63.16,63.30,62.47,63.71,63.09,63.90,64.14,63.57,63.08,63.15,63.08,63.38,62.97,63.53,62.97,63.24,63.36,62.35,61.26,61.24,60.53,59.90,60.53,60.37,60.23,59.80,59.76,60.44,,,,,,,,,,,,,,,,,,,,,,,,,,,,,,,,,,,,,,,,,,,,,,,,
Producto,0.000324392,05311185,HORNO,95.38,95.25,97.02,98.43,99.74,106.16,108.31,110.92,112.72,115.71,115.64,112.30,110.24,110.80,111.24,109.48,109.45,110.08,108.94,109.09,108.10,108.53,107.15,106.28,106.34,107.63,107.45,107.59,107.36,105.88,103.99,103.83,100.07,99.37,97.21,96.35,95.40,95.05,95.23,94.62,94.99,95.07,93.80,94.39,91.17,91.00,89.46,86.30,85.14,84.25,82.30,82.53,80.94,80.39,80.55,80.55,82.20,82.20,81.86,81.26,81.40,81.88,82.12,77.77,80.70,79.94,80.78,82.46,83.19,83.78,82.27,82.78,83.03,82.33,83.71,82.50,80.26,82.09,84.98,86.91,88.35,87.22,88.88,89.53,89.57,89.41,89.36,87.18,88.77,90.03,90.63,90.03,89.03,91.35,87.33,86.37,89.70,90.02,89.58,89.36,88.38,88.42,89.04,89.18,88.66,86.80,84.25,83.78,86.58,86.09,87.40,86.13,86.65,86.45,85.50,86.23,86.66,86.98,84.70,82.50,86.50,84.85,85.20,86.75,87.18,85.58,85.42,83.97,83.60,82.77,83.24,80.74,82.21,81.59,82.40,81.17,77.54,77.46,,,,,,,,,,,,,,,,,,,,,,,,,,,,,,,,,,,,,,,,,,,,,,,,
Producto,0.002853107,05311186,REFRIGERADORA,102.18,103.01,104.43,106.68,106.57,108.79,108.74,109.18,106.71,105.18,104.59,103.41,101.59,103.48,103.40,102.37,101.53,103.58,103.37,100.95,101.24,99.04,97.35,93.49,94.22,95.66,95.24,94.14,92.23,91.15,89.97,91.27,87.41,86.77,85.77,83.41,85.94,85.19,87.19,84.23,81.22,83.46,82.05,78.82,81.21,81.56,80.20,78.76,78.93,75.77,74.26,73.13,71.45,73.97,74.13,72.34,70.97,70.16,70.70,70.34,70.15,69.96,70.29,65.28,68.69,68.82,69.67,69.68,69.90,69.36,68.35,68.71,68.59,69.37,70.45,69.46,68.28,67.77,69.69,69.76,69.90,70.50,70.46,69.66,71.64,71.98,73.17,72.82,71.13,71.37,71.74,71.97,71.79,71.54,71.62,71.28,71.98,72.84,71.27,71.65,71.18,70.74,71.05,70.94,70.31,69.79,68.14,67.10,67.80,67.75,67.65,68.81,67.67,68.24,68.34,68.38,68.05,67.85,66.57,66.78,67.35,67.82,66.32,65.70,65.61,65.47,65.84,64.87,64.64,63.92,63.32,62.40,63.16,62.60,62.70,61.72,60.95,61.43,,,,,,,,,,,,,,,,,,,,,,,,,,,,,,,,,,,,,,,,,,,,,,,,
Producto,0.002110074,05311187,LAVADORA Y SECADORA DE ROPA,98.77,100.07,106.92,108.79,107.84,111.72,114.93,114.99,114.05,114.64,114.64,111.67,109.94,109.58,107.86,106.35,106.39,107.39,106.93,105.80,105.07,103.12,99.30,99.26,98.94,99.36,98.40,96.87,91.01,89.89,89.50,89.33,88.57,88.18,87.37,87.28,86.50,86.14,86.35,86.51,85.46,85.42,85.59,84.05,83.71,83.85,82.78,81.65,81.25,82.38,81.37,82.59,82.16,82.85,82.75,81.90,80.76,80.15,80.40,78.99,80.02,80.25,79.95,76.14,77.62,78.49,80.00,80.26,80.61,80.64,80.86,80.83,80.52,80.86,81.07,81.22,80.88,81.15,81.27,81.47,81.91,81.73,81.82,81.18,82.77,81.95,83.16,84.40,86.31,87.61,86.70,87.42,87.65,86.55,85.36,85.71,85.88,84.50,83.56,84.78,84.73,84.56,84.37,82.97,83.95,83.17,80.71,79.97,81.47,79.91,81.13,82.70,80.46,80.08,80.50,79.82,79.71,80.22,78.17,77.63,77.78,78.72,78.28,77.67,76.59,76.76,77.70,76.78,77.75,77.89,76.70,75.46,76.32,76.57,75.88,76.76,75.81,76.00,,,,,,,,,,,,,,,,,,,,,,,,,,,,,,,,,,,,,,,,,,,,,,,,
Producto,0.000579783,05311188,ACONDICIONADOR DE AIRE,90.56,91.74,92.79,94.34,94.34,93.49,91.66,102.09,103.16,100.40,100.61,96.70,97.27,95.17,95.83,92.69,95.49,98.48,94.88,96.31,93.23,92.27,90.87,88.74,88.55,89.03,84.57,87.05,86.27,90.95,87.62,86.08,83.71,83.07,86.38,87.72,84.84,85.99,85.42,80.05,76.90,80.23,81.57,79.98,77.33,77.43,77.13,74.54,77.41,75.77,75.17,72.49,71.18,73.34,74.16,74.15,72.78,73.21,72.85,72.73,73.76,73.04,72.38,72.48,70.00,71.04,70.85,71.51,71.46,69.93,69.05,71.03,70.08,70.23,70.81,70.07,69.85,70.71,70.43,72.48,73.06,71.77,72.99,72.67,74.17,71.17,72.00,77.71,75.12,77.58,79.30,80.39,77.86,74.81,72.90,75.78,74.63,74.24,75.55,74.02,76.97,77.46,75.20,74.71,75.06,74.91,71.28,69.92,69.84,70.84,70.97,70.75,70.89,71.62,70.83,72.00,71.29,68.89,66.51,64.04,64.52,64.50,61.16,63.35,67.12,65.63,65.80,64.23,64.51,64.72,63.04,60.37,60.80,59.15,57.63,55.57,54.97,56.38,,,,,,,,,,,,,,,,,,,,,,,,,,,,,,,,,,,,,,,,,,,,,,,,
Clase,0.000967805,0532,Artefactos eléctricos para el hogar pequeños (SD),99.77,100.17,102.07,107.55,107.72,108.80,109.98,109.53,109.13,109.88,109.13,105.61,105.51,104.76,104.89,104.48,105.82,108.29,107.80,109.00,109.04,109.27,107.84,107.72,106.45,105.26,105.10,105.05,104.19,100.60,97.96,96.17,95.14,93.26,93.56,93.08,92.30,90.84,90.44,89.75,87.27,87.58,88.11,87.92,87.57,87.47,86.81,86.65,87.00,85.94,86.84,86.49,85.09,85.46,84.71,84.34,83.48,83.27,82.96,82.90,83.63,83.26,83.16,82.09,82.54,83.22,82.67,83.26,82.77,83.09,81.56,82.06,82.71,83.53,83.32,83.47,83.38,82.97,83.24,83.59,84.59,84.84,85.32,85.54,85.90,86.58,86.59,87.67,87.86,87.35,87.16,87.43,87.83,87.81,86.30,86.38,87.36,86.89,87.39,86.90,87.02,87.55,88.28,87.62,88.38,88.71,87.59,88.75,89.27,89.75,89.69,91.95,91.25,91.10,90.11,89.54,89.77,90.88,89.36,89.92,90.19,89.69,88.54,88.28,88.36,87.13,87.74,88.53,88.14,88.52,87.87,88.49,88.26,89.51,89.82,89.73,89.92,90.26,,,,,,,,,,,,,,,,,,,,,,,,,,,,,,,,,,,,,,,,,,,,,,,,
Subclase,0.000967805,05321,Artefactos eléctricos para el hogar pequeños,99.77,100.17,102.07,107.55,107.72,108.80,109.98,109.53,109.13,109.88,109.13,105.61,105.51,104.76,104.89,104.48,105.82,108.29,107.80,109.00,109.04,109.27,107.84,107.72,106.45,105.26,105.10,105.05,104.19,100.60,97.96,96.17,95.14,93.26,93.56,93.08,92.30,90.84,90.44,89.75,87.27,87.58,88.11,87.92,87.57,87.47,86.81,86.65,87.00,85.94,86.84,86.49,85.09,85.46,84.71,84.34,83.48,83.27,82.96,82.90,83.63,83.26,83.16,82.09,82.54,83.22,82.67,83.26,82.77,83.09,81.56,82.06,82.71,83.53,83.32,83.47,83.38,82.97,83.24,83.59,84.59,84.84,85.32,85.54,85.90,86.58,86.59,87.67,87.86,87.35,87.16,87.43,87.83,87.81,86.30,86.38,87.36,86.89,87.39,86.90,87.02,87.55,88.28,87.62,88.38,88.71,87.59,88.75,89.27,89.75,89.69,91.95,91.25,91.10,90.11,89.54,89.77,90.88,89.36,89.92,90.19,89.69,88.54,88.28,88.36,87.13,87.74,88.53,88.14,88.52,87.87,88.49,88.26,89.51,89.82,89.73,89.92,90.26,,,,,,,,,,,,,,,,,,,,,,,,,,,,,,,,,,,,,,,,,,,,,,,,
Producto,0.000659751,05321189,LICUADORA,99.67,100.27,103.03,109.04,108.51,109.50,111.13,110.69,110.73,111.78,110.89,107.24,106.89,105.59,105.92,105.06,106.71,109.86,109.16,111.13,111.55,111.69,109.86,109.55,108.16,107.03,106.57,106.44,105.70,101.21,98.18,95.83,95.00,92.40,92.65,92.07,90.72,89.69,89.29,88.21,86.52,86.56,87.37,86.95,85.55,85.45,84.99,84.47,84.87,83.76,85.03,84.90,83.16,83.59,83.63,83.03,81.72,81.47,81.19,80.89,81.77,81.72,81.57,81.73,81.54,81.99,81.09,81.94,81.29,81.58,80.64,81.15,81.47,82.60,82.42,82.52,82.49,81.85,82.46,82.48,84.02,84.32,85.39,85.88,85.63,85.97,86.57,87.09,87.25,87.62,87.73,87.75,88.27,87.98,86.41,86.98,87.18,86.93,87.42,86.10,86.33,87.08,87.82,87.76,88.31,89.08,87.25,89.32,90.57,91.43,91.42,93.79,92.94,93.00,92.89,92.55,91.84,92.88,91.56,91.51,92.81,91.89,90.33,90.93,90.56,89.47,90.38,90.56,90.02,90.68,90.00,90.70,90.81,92.99,92.81,92.47,92.82,93.07,,,,,,,,,,,,,,,,,,,,,,,,,,,,,,,,,,,,,,,,,,,,,,,,
Producto,0.000111584,05321190,VENTILADOR,100.32,100.32,100.32,108.55,113.00,113.22,113.26,113.36,109.36,109.55,109.18,102.86,102.93,102.94,102.42,103.03,101.70,102.83,102.75,102.51,100.06,100.00,99.81,100.00,99.79,99.65,99.47,101.39,98.63,96.39,96.50,95.15,97.08,97.47,96.87,96.88,98.66,92.04,91.34,91.41,81.11,83.77,83.60,82.66,89.53,89.28,87.45,89.30,89.61,90.31,90.32,90.32,90.41,89.49,82.74,83.96,83.95,83.64,82.54,83.89,83.65,81.33,81.03,75.92,75.92,79.77,79.19,79.26,79.38,79.39,73.89,76.99,81.00,80.38,78.30,76.93,76.27,77.49,76.49,80.48,80.62,80.37,78.26,76.79,79.37,83.75,79.13,83.27,83.28,77.21,76.37,79.10,79.23,80.49,77.74,73.64,77.73,75.24,77.04,80.81,80.89,80.98,81.07,82.02,81.02,80.30,80.95,78.92,75.60,76.68,76.51,78.77,78.93,78.08,74.67,71.44,78.07,78.98,75.25,81.21,76.49,77.64,77.28,71.33,74.44,71.69,71.37,76.86,76.07,76.72,74.00,75.78,71.15,71.56,72.23,73.32,74.69,76.39,,,,,,,,,,,,,,,,,,,,,,,,,,,,,,,,,,,,,,,,,,,,,,,,
Producto,0.000109309,05321191,PLANCHA ELÉCTRICA DE ROPA,99.36,100.10,100.28,104.09,104.77,106.51,107.34,106.00,106.22,106.36,106.35,104.66,106.17,105.96,106.91,108.05,111.04,113.02,113.10,112.65,112.89,114.09,113.80,114.40,113.74,112.49,114.24,113.30,113.25,107.78,104.51,104.21,100.81,99.66,99.39,98.61,98.32,98.60,98.17,98.36,97.47,97.65,97.90,98.37,95.81,95.60,95.26,95.23,94.29,90.98,91.14,89.26,88.98,90.78,90.72,90.96,90.73,90.25,90.48,90.27,90.81,91.13,90.85,85.60,88.77,88.08,88.39,88.03,88.09,87.89,87.80,87.84,88.00,88.65,88.91,90.48,90.56,90.06,90.13,90.07,90.52,91.11,91.37,90.53,90.77,89.92,90.06,91.31,91.38,90.82,90.74,90.47,90.54,90.38,90.80,90.36,91.73,91.39,91.39,91.29,90.72,90.73,90.30,90.27,90.82,89.48,89.10,89.09,89.64,88.74,88.69,91.10,89.82,89.80,88.82,89.22,89.36,89.55,89.65,88.69,88.18,87.76,87.50,86.98,86.69,86.09,86.31,86.82,86.67,85.78,86.64,86.68,88.76,86.22,88.56,88.53,86.57,86.23,,,,,,,,,,,,,,,,,,,,,,,,,,,,,,,,,,,,,,,,,,,,,,,,
Producto,8.71601E-05,05321192,DUCHA ELÉCTRICA,100.32,99.34,99.34,99.34,98.62,100.67,100.34,100.34,100.34,100.40,99.25,98.03,97.45,99.29,97.69,97.56,97.78,97.46,97.32,96.61,96.67,96.78,95.33,95.31,92.91,90.00,89.68,88.86,88.53,92.32,89.89,89.94,86.66,86.43,88.94,88.94,88.61,88.31,88.32,88.54,88.00,87.52,87.14,88.87,90.04,90.19,89.18,89.03,90.67,90.52,90.71,90.15,88.03,87.78,87.86,86.49,87.06,87.64,87.40,87.55,88.66,87.53,88.25,88.26,90.83,90.83,91.95,92.46,91.71,93.21,90.49,88.16,87.70,88.24,89.52,90.21,90.25,89.55,89.20,87.90,86.50,86.63,86.33,87.90,90.20,90.68,91.92,93.17,93.88,94.01,92.23,91.79,92.15,92.60,90.83,93.16,95.51,95.86,95.38,95.24,95.38,95.52,98.45,90.41,95.34,95.65,96.80,96.58,96.44,95.00,94.71,95.99,95.99,95.00,90.44,90.38,89.55,92.63,90.37,90.60,90.48,90.86,90.71,91.55,91.72,90.54,90.44,90.33,91.25,90.68,90.99,90.27,90.21,90.36,91.35,91.52,91.65,91.87,,,,,,,,,,,,,,,,,,,,,,,,,,,,,,,,,,,,,,,,,,,,,,,,
Clase,0.000388884,0533,Reparación de artefactos para el hogar (S),107.80,107.80,107.80,111.54,117.72,119.73,119.73,122.09,122.09,122.09,122.09,124.08,124.58,123.51,123.59,129.64,130.93,130.88,129.54,129.46,129.19,130.98,130.98,130.89,129.27,128.37,127.43,129.98,129.51,128.81,129.48,128.27,128.57,128.57,128.57,128.57,129.71,129.73,130.07,130.55,130.55,130.55,130.63,130.05,132.30,131.89,134.14,134.14,134.11,134.11,135.62,135.62,137.07,137.07,138.92,138.92,137.91,139.35,139.35,138.71,138.99,138.61,138.61,138.39,138.93,139.16,138.31,138.31,137.53,136.78,134.45,134.88,133.33,132.74,132.39,132.39,131.32,131.53,131.35,131.79,135.07,135.21,135.21,132.52,130.46,132.78,133.96,134.79,134.17,139.41,138.27,137.89,137.89,136.43,136.12,137.14,137.14,141.42,141.28,138.67,138.88,138.59,137.89,137.89,137.89,138.59,138.49,138.49,138.03,138.68,138.68,147.84,148.13,148.30,148.45,148.45,148.45,148.41,148.24,147.96,147.96,147.96,147.49,147.99,148.55,150.29,149.80,149.45,149.91,151.80,153.04,153.53,158.96,157.18,155.49,157.75,157.93,159.82,,,,,,,,,,,,,,,,,,,,,,,,,,,,,,,,,,,,,,,,,,,,,,,,
Subclase,0.000388884,05331,Reparación de artefactos para el hogar,107.80,107.80,107.80,111.54,117.72,119.73,119.73,122.09,122.09,122.09,122.09,124.08,124.58,123.51,123.59,129.64,130.93,130.88,129.54,129.46,129.19,130.98,130.98,130.89,129.27,128.37,127.43,129.98,129.51,128.81,129.48,128.27,128.57,128.57,128.57,128.57,129.71,129.73,130.07,130.55,130.55,130.55,130.63,130.05,132.30,131.89,134.14,134.14,134.11,134.11,135.62,135.62,137.07,137.07,138.92,138.92,137.91,139.35,139.35,138.71,138.99,138.61,138.61,138.39,138.93,139.16,138.31,138.31,137.53,136.78,134.45,134.88,133.33,132.74,132.39,132.39,131.32,131.53,131.35,131.79,135.07,135.21,135.21,132.52,130.46,132.78,133.96,134.79,134.17,139.41,138.27,137.89,137.89,136.43,136.12,137.14,137.14,141.42,141.28,138.67,138.88,138.59,137.89,137.89,137.89,138.59,138.49,138.49,138.03,138.68,138.68,147.84,148.13,148.30,148.45,148.45,148.45,148.41,148.24,147.96,147.96,147.96,147.49,147.99,148.55,150.29,149.80,149.45,149.91,151.80,153.04,153.53,158.96,157.18,155.49,157.75,157.93,159.82,,,,,,,,,,,,,,,,,,,,,,,,,,,,,,,,,,,,,,,,,,,,,,,,
Producto,0.000388884,05331193,REPARACIÓN DE ARTEFACTOS PARA EL HOGAR,107.80,107.80,107.80,111.54,117.72,119.73,119.73,122.09,122.09,122.09,122.09,124.08,124.58,123.51,123.59,129.64,130.93,130.88,129.54,129.46,129.19,130.98,130.98,130.89,129.27,128.37,127.43,129.98,129.51,128.81,129.48,128.27,128.57,128.57,128.57,128.57,129.71,129.73,130.07,130.55,130.55,130.55,130.63,130.05,132.30,131.89,134.14,134.14,134.11,134.11,135.62,135.62,137.07,137.07,138.92,138.92,137.91,139.35,139.35,138.71,138.99,138.61,138.61,138.39,138.93,139.16,138.31,138.31,137.53,136.78,134.45,134.88,133.33,132.74,132.39,132.39,131.32,131.53,131.35,131.79,135.07,135.21,135.21,132.52,130.46,132.78,133.96,134.79,134.17,139.41,138.27,137.89,137.89,136.43,136.12,137.14,137.14,141.42,141.28,138.67,138.88,138.59,137.89,137.89,137.89,138.59,138.49,138.49,138.03,138.68,138.68,147.84,148.13,148.30,148.45,148.45,148.45,148.41,148.24,147.96,147.96,147.96,147.49,147.99,148.55,150.29,149.80,149.45,149.91,151.80,153.04,153.53,158.96,157.18,155.49,157.75,157.93,159.82,,,,,,,,,,,,,,,,,,,,,,,,,,,,,,,,,,,,,,,,,,,,,,,,
Grupo,0.001546614,054,"Artículos de vidrio y cristal, vajilla y utensilios para el hogar",100.08,100.85,101.08,102.03,102.83,102.72,102.85,103.41,102.29,101.23,102.97,102.58,102.35,102.55,100.57,100.34,100.21,102.62,102.21,102.50,101.36,101.31,101.70,101.92,100.59,100.90,99.37,100.20,100.38,96.43,96.40,97.06,96.74,96.81,97.02,97.33,97.29,97.31,97.42,97.35,97.12,97.44,97.51,97.33,97.42,97.06,97.25,97.07,97.27,97.26,97.08,97.13,96.99,97.13,95.10,95.80,95.37,94.84,93.49,94.25,93.71,94.19,94.52,94.71,95.20,94.78,94.47,93.89,94.15,93.75,93.30,94.11,94.26,94.58,95.75,95.81,96.10,97.05,98.35,98.60,99.73,100.70,100.42,102.06,104.01,104.39,105.54,104.92,105.41,106.72,106.28,105.35,106.55,107.28,107.32,106.52,107.24,107.53,107.01,106.22,105.63,105.81,106.45,107.12,107.09,106.36,106.68,106.36,106.64,105.90,105.72,109.07,107.69,107.55,108.11,106.74,106.86,106.98,107.25,107.52,108.00,108.89,108.30,108.43,107.50,108.23,108.25,108.05,108.18,108.15,107.40,107.60,108.85,108.77,108.66,109.37,108.12,108.12,,,,,,,,,,,,,,,,,,,,,,,,,,,,,,,,,,,,,,,,,,,,,,,,
Clase,0.001546614,0540,"Artículos de vidrio y cristal, vajilla y utensilios para el hogar (SD)",100.08,100.85,101.08,102.03,102.83,102.72,102.85,103.41,102.29,101.23,102.97,102.58,102.35,102.55,100.57,100.34,100.21,102.62,102.21,102.50,101.36,101.31,101.70,101.92,100.59,100.90,99.37,100.20,100.38,96.43,96.40,97.06,96.74,96.81,97.02,97.33,97.29,97.31,97.42,97.35,97.12,97.44,97.51,97.33,97.42,97.06,97.25,97.07,97.27,97.26,97.08,97.13,96.99,97.13,95.10,95.80,95.37,94.84,93.49,94.25,93.71,94.19,94.52,94.71,95.20,94.78,94.47,93.89,94.15,93.75,93.30,94.11,94.26,94.58,95.75,95.81,96.10,97.05,98.35,98.60,99.73,100.70,100.42,102.06,104.01,104.39,105.54,104.92,105.41,106.72,106.28,105.35,106.55,107.28,107.32,106.52,107.24,107.53,107.01,106.22,105.63,105.81,106.45,107.12,107.09,106.36,106.68,106.36,106.64,105.90,105.72,109.07,107.69,107.55,108.11,106.74,106.86,106.98,107.25,107.52,108.00,108.89,108.30,108.43,107.50,108.23,108.25,108.05,108.18,108.15,107.40,107.60,108.85,108.77,108.66,109.37,108.12,108.12,,,,,,,,,,,,,,,,,,,,,,,,,,,,,,,,,,,,,,,,,,,,,,,,
Subclase,0.001546614,05401,"Artículos de vidrio y cristal, vajilla y utensilios para el hogar",100.08,100.85,101.08,102.03,102.83,102.72,102.85,103.41,102.29,101.23,102.97,102.58,102.35,102.55,100.57,100.34,100.21,102.62,102.21,102.50,101.36,101.31,101.70,101.92,100.59,100.90,99.37,100.20,100.38,96.43,96.40,97.06,96.74,96.81,97.02,97.33,97.29,97.31,97.42,97.35,97.12,97.44,97.51,97.33,97.42,97.06,97.25,97.07,97.27,97.26,97.08,97.13,96.99,97.13,95.10,95.80,95.37,94.84,93.49,94.25,93.71,94.19,94.52,94.71,95.20,94.78,94.47,93.89,94.15,93.75,93.30,94.11,94.26,94.58,95.75,95.81,96.10,97.05,98.35,98.60,99.73,100.70,100.42,102.06,104.01,104.39,105.54,104.92,105.41,106.72,106.28,105.35,106.55,107.28,107.32,106.52,107.24,107.53,107.01,106.22,105.63,105.81,106.45,107.12,107.09,106.36,106.68,106.36,106.64,105.90,105.72,109.07,107.69,107.55,108.11,106.74,106.86,106.98,107.25,107.52,108.00,108.89,108.30,108.43,107.50,108.23,108.25,108.05,108.18,108.15,107.40,107.60,108.85,108.77,108.66,109.37,108.12,108.12,,,,,,,,,,,,,,,,,,,,,,,,,,,,,,,,,,,,,,,,,,,,,,,,
Producto,0.001546614,05401194,OLLAS,100.08,100.85,101.08,102.03,102.83,102.72,102.85,103.41,102.29,101.23,102.97,102.58,102.35,102.55,100.57,100.34,100.21,102.62,102.21,102.50,101.36,101.31,101.70,101.92,100.59,100.90,99.37,100.20,100.38,96.43,96.40,97.06,96.74,96.81,97.02,97.33,97.29,97.31,97.42,97.35,97.12,97.44,97.51,97.33,97.42,97.06,97.25,97.07,97.27,97.26,97.08,97.13,96.99,97.13,95.10,95.80,95.37,94.84,93.49,94.25,93.71,94.19,94.52,94.71,95.20,94.78,94.47,93.89,94.15,93.75,93.30,94.11,94.26,94.58,95.75,95.81,96.10,97.05,98.35,98.60,99.73,100.70,100.42,102.06,104.01,104.39,105.54,104.92,105.41,106.72,106.28,105.35,106.55,107.28,107.32,106.52,107.24,107.53,107.01,106.22,105.63,105.81,106.45,107.12,107.09,106.36,106.68,106.36,106.64,105.90,105.72,109.07,107.69,107.55,108.11,106.74,106.86,106.98,107.25,107.52,108.00,108.89,108.30,108.43,107.50,108.23,108.25,108.05,108.18,108.15,107.40,107.60,108.85,108.77,108.66,109.37,108.12,108.12,,,,,,,,,,,,,,,,,,,,,,,,,,,,,,,,,,,,,,,,,,,,,,,,
Grupo,0.001381501,055,Herramientas y equipo para el hogar y el jardín,98.29,99.04,98.19,99.96,100.07,101.06,101.66,102.26,102.67,102.81,102.63,99.19,98.76,99.45,99.24,97.94,98.42,98.78,98.56,97.61,97.90,97.17,97.39,97.00,97.33,97.09,97.30,96.95,95.63,93.29,92.57,91.65,90.47,87.40,87.61,87.07,87.01,87.03,85.74,85.94,85.56,85.17,84.90,82.64,83.61,84.29,85.06,86.08,86.02,86.73,86.19,85.96,85.30,84.55,85.09,84.54,84.96,83.44,83.33,82.39,82.09,81.82,81.93,81.62,81.30,81.47,81.42,80.78,81.10,80.96,80.22,80.07,80.30,80.99,81.05,81.60,81.42,79.93,79.88,79.26,78.98,79.26,79.79,80.79,81.78,82.23,82.14,82.50,82.73,82.76,83.06,82.58,83.75,83.94,83.61,83.39,82.72,82.39,82.81,82.37,81.85,81.88,81.67,81.06,80.76,79.45,81.00,81.23,78.96,78.85,78.67,79.93,79.85,79.75,79.43,78.79,79.36,79.04,78.49,78.10,77.72,76.61,75.81,75.23,75.94,75.58,74.89,74.32,74.30,74.19,74.04,73.39,74.07,74.36,75.07,74.45,74.32,73.72,,,,,,,,,,,,,,,,,,,,,,,,,,,,,,,,,,,,,,,,,,,,,,,,
Clase,0.00022067,0551,Herramientas y equipo grandes (D),111.94,112.31,106.79,106.79,106.33,107.55,106.33,106.33,105.70,105.28,103.75,103.16,102.00,101.48,98.16,98.11,96.64,96.82,96.64,91.73,94.04,95.55,95.69,95.59,96.86,96.80,97.60,97.54,96.50,95.20,94.48,90.16,89.32,91.05,90.48,90.29,91.39,92.50,91.33,90.54,90.86,89.38,88.88,83.61,84.86,86.11,87.70,87.47,86.94,86.70,86.19,85.92,85.81,86.01,86.08,83.82,84.20,84.07,83.34,83.28,83.28,83.05,82.93,82.77,83.03,83.05,83.23,80.74,83.57,84.45,84.76,84.13,84.22,87.13,87.26,86.95,88.01,87.93,85.17,84.30,86.33,86.96,89.12,89.25,90.37,90.17,91.07,91.18,91.42,91.16,90.61,89.18,90.07,88.29,88.55,87.90,88.41,88.23,89.42,87.97,87.52,87.06,87.81,83.26,83.49,84.87,83.78,84.23,83.26,80.86,80.80,82.51,82.94,82.73,81.47,81.26,81.49,82.82,83.14,82.54,82.52,82.44,82.43,81.72,80.94,80.66,80.56,81.30,81.40,80.32,80.05,79.78,80.00,80.30,80.28,79.42,80.76,80.76,,,,,,,,,,,,,,,,,,,,,,,,,,,,,,,,,,,,,,,,,,,,,,,,
Subclase,0.00022067,05511,Herramientas y equipos grandes,111.94,112.31,106.79,106.79,106.33,107.55,106.33,106.33,105.70,105.28,103.75,103.16,102.00,101.48,98.16,98.11,96.64,96.82,96.64,91.73,94.04,95.55,95.69,95.59,96.86,96.80,97.60,97.54,96.50,95.20,94.48,90.16,89.32,91.05,90.48,90.29,91.39,92.50,91.33,90.54,90.86,89.38,88.88,83.61,84.86,86.11,87.70,87.47,86.94,86.70,86.19,85.92,85.81,86.01,86.08,83.82,84.20,84.07,83.34,83.28,83.28,83.05,82.93,82.77,83.03,83.05,83.23,80.74,83.57,84.45,84.76,84.13,84.22,87.13,87.26,86.95,88.01,87.93,85.17,84.30,86.33,86.96,89.12,89.25,90.37,90.17,91.07,91.18,91.42,91.16,90.61,89.18,90.07,88.29,88.55,87.90,88.41,88.23,89.42,87.97,87.52,87.06,87.81,83.26,83.49,84.87,83.78,84.23,83.26,80.86,80.80,82.51,82.94,82.73,81.47,81.26,81.49,82.82,83.14,82.54,82.52,82.44,82.43,81.72,80.94,80.66,80.56,81.30,81.40,80.32,80.05,79.78,80.00,80.30,80.28,79.42,80.76,80.76,,,,,,,,,,,,,,,,,,,,,,,,,,,,,,,,,,,,,,,,,,,,,,,,
Producto,0.00022067,05511195,BOMBA DE AGUA,111.94,112.31,106.79,106.79,106.33,107.55,106.33,106.33,105.70,105.28,103.75,103.16,102.00,101.48,98.16,98.11,96.64,96.82,96.64,91.73,94.04,95.55,95.69,95.59,96.86,96.80,97.60,97.54,96.50,95.20,94.48,90.16,89.32,91.05,90.48,90.29,91.39,92.50,91.33,90.54,90.86,89.38,88.88,83.61,84.86,86.11,87.70,87.47,86.94,86.70,86.19,85.92,85.81,86.01,86.08,83.82,84.20,84.07,83.34,83.28,83.28,83.05,82.93,82.77,83.03,83.05,83.23,80.74,83.57,84.45,84.76,84.13,84.22,87.13,87.26,86.95,88.01,87.93,85.17,84.30,86.33,86.96,89.12,89.25,90.37,90.17,91.07,91.18,91.42,91.16,90.61,89.18,90.07,88.29,88.55,87.90,88.41,88.23,89.42,87.97,87.52,87.06,87.81,83.26,83.49,84.87,83.78,84.23,83.26,80.86,80.80,82.51,82.94,82.73,81.47,81.26,81.49,82.82,83.14,82.54,82.52,82.44,82.43,81.72,80.94,80.66,80.56,81.30,81.40,80.32,80.05,79.78,80.00,80.30,80.28,79.42,80.76,80.76,,,,,,,,,,,,,,,,,,,,,,,,,,,,,,,,,,,,,,,,,,,,,,,,
Clase,0.001160832,0552,Herramientas pequeñas y accesorios diversos (SD),95.70,96.51,96.56,98.66,98.88,99.82,100.77,101.48,102.09,102.34,102.42,98.43,98.15,99.07,99.45,97.90,98.75,99.15,98.93,98.73,98.64,97.48,97.71,97.27,97.42,97.15,97.24,96.84,95.47,92.93,92.21,91.93,90.69,86.70,87.07,86.45,86.17,85.99,84.68,85.07,84.55,84.36,84.14,82.45,83.38,83.95,84.56,85.82,85.85,86.73,86.19,85.97,85.20,84.27,84.90,84.68,85.10,83.32,83.33,82.22,81.86,81.59,81.74,81.41,80.97,81.18,81.07,80.79,80.64,80.30,79.36,79.30,79.56,79.82,79.87,80.58,80.17,78.41,78.87,78.30,77.58,77.80,78.01,79.18,80.15,80.72,80.44,80.85,81.08,81.16,81.63,81.33,82.54,83.11,82.67,82.54,81.63,81.28,81.55,81.30,80.77,80.90,80.51,80.64,80.25,78.42,80.48,80.66,78.14,78.47,78.26,79.44,79.26,79.19,79.05,78.32,78.95,78.32,77.61,77.25,76.80,75.50,74.55,74.00,74.99,74.61,73.82,73.00,72.95,73.03,72.89,72.17,72.95,73.23,74.08,73.50,73.10,72.38,,,,,,,,,,,,,,,,,,,,,,,,,,,,,,,,,,,,,,,,,,,,,,,,
Subclase,0.001160832,05521,"Lámparas incandescentes, fluorescentes y pilas",95.70,96.51,96.56,98.66,98.88,99.82,100.77,101.48,102.09,102.34,102.42,98.43,98.15,99.07,99.45,97.90,98.75,99.15,98.93,98.73,98.64,97.48,97.71,97.27,97.42,97.15,97.24,96.84,95.47,92.93,92.21,91.93,90.69,86.70,87.07,86.45,86.17,85.99,84.68,85.07,84.55,84.36,84.14,82.45,83.38,83.95,84.56,85.82,85.85,86.73,86.19,85.97,85.20,84.27,84.90,84.68,85.10,83.32,83.33,82.22,81.86,81.59,81.74,81.41,80.97,81.18,81.07,80.79,80.64,80.30,79.36,79.30,79.56,79.82,79.87,80.58,80.17,78.41,78.87,78.30,77.58,77.80,78.01,79.18,80.15,80.72,80.44,80.85,81.08,81.16,81.63,81.33,82.54,83.11,82.67,82.54,81.63,81.28,81.55,81.30,80.77,80.90,80.51,80.64,80.25,78.42,80.48,80.66,78.14,78.47,78.26,79.44,79.26,79.19,79.05,78.32,78.95,78.32,77.61,77.25,76.80,75.50,74.55,74.00,74.99,74.61,73.82,73.00,72.95,73.03,72.89,72.17,72.95,73.23,74.08,73.50,73.10,72.38,,,,,,,,,,,,,,,,,,,,,,,,,,,,,,,,,,,,,,,,,,,,,,,,
Producto,0.000822167,05521196,FOCO DE LUZ,93.34,94.47,94.58,96.73,97.16,97.02,96.98,97.14,97.30,97.16,97.19,91.72,91.48,92.39,93.15,91.59,92.22,92.19,91.70,90.82,90.71,88.66,88.21,88.12,87.97,87.52,87.68,87.44,85.30,82.30,81.33,81.21,79.45,74.03,75.24,75.22,75.32,75.41,73.50,74.22,73.49,73.07,73.10,71.08,72.50,73.58,74.56,76.19,76.11,77.21,76.22,76.38,75.65,74.35,74.72,74.31,74.73,72.48,72.46,71.19,70.79,70.55,70.85,70.34,69.69,70.20,70.01,69.53,69.17,68.80,67.50,67.48,67.60,67.68,67.50,68.46,68.11,65.90,65.99,65.01,64.22,64.25,63.42,65.50,66.79,67.71,66.93,67.18,67.33,66.81,67.59,66.62,67.70,68.36,68.41,68.41,67.14,66.44,66.65,66.53,65.74,65.64,65.17,65.28,64.67,61.82,64.59,64.55,61.00,61.54,61.06,61.84,61.63,61.45,61.35,60.24,61.02,60.38,59.26,58.73,58.03,56.18,54.82,54.47,55.46,54.70,53.73,52.58,52.68,52.59,52.46,51.31,52.05,52.23,53.33,52.42,51.66,50.69,,,,,,,,,,,,,,,,,,,,,,,,,,,,,,,,,,,,,,,,,,,,,,,,
Producto,0.000170854,05521197,PILAS,102.85,102.95,102.72,102.76,102.22,109.27,114.85,117.93,119.63,120.13,120.23,120.19,120.02,121.94,120.65,118.71,120.29,120.80,120.75,120.65,121.37,120.74,123.02,120.55,120.39,120.38,120.46,118.87,119.04,118.05,118.04,116.90,117.77,117.66,116.41,114.79,114.64,112.39,112.18,111.05,110.98,112.36,111.06,109.68,109.66,108.57,107.97,108.41,108.67,109.24,109.24,108.88,108.50,108.04,109.25,109.07,109.94,108.74,108.93,107.47,107.14,106.72,106.28,106.03,106.04,106.64,106.55,106.45,106.83,106.51,106.40,105.90,107.05,107.37,107.28,106.81,105.96,105.95,107.70,107.95,108.15,107.93,109.02,108.04,108.04,108.04,108.99,110.31,110.58,110.27,111.49,112.05,112.77,113.15,111.06,110.83,111.02,111.02,111.83,112.65,113.33,113.49,112.94,114.56,114.60,115.93,115.88,116.36,116.49,116.11,116.67,118.48,118.87,118.79,117.98,117.60,117.98,117.04,117.35,117.15,117.72,118.29,118.44,119.04,118.20,119.37,117.83,117.05,116.63,117.28,117.04,117.18,117.93,118.76,118.62,118.99,119.07,119.02,,,,,,,,,,,,,,,,,,,,,,,,,,,,,,,,,,,,,,,,,,,,,,,,
Producto,0.000167811,05521198,CANDADO,99.98,99.98,99.98,103.92,103.92,103.92,105.03,106.04,107.68,109.61,109.93,109.15,108.54,108.52,108.73,107.65,108.86,111.22,112.16,115.16,114.30,117.03,118.46,118.40,120.35,120.66,120.45,120.50,121.30,119.40,119.20,119.09,118.18,117.30,115.14,112.62,110.39,110.96,111.44,111.80,111.85,111.19,110.84,110.45,109.88,109.69,109.70,110.00,110.30,110.48,111.60,109.61,108.29,108.71,109.99,110.66,110.61,110.50,110.55,110.55,110.39,110.10,110.12,110.54,110.75,109.04,109.32,109.80,110.12,109.95,109.93,110.08,110.15,111.25,112.57,113.23,113.02,111.67,112.66,113.27,111.90,113.50,117.93,116.82,117.16,116.64,117.61,117.85,118.40,121.83,120.03,122.08,124.49,124.77,123.62,122.92,122.70,123.66,123.72,121.75,121.24,122.45,122.61,121.36,121.56,121.56,122.24,123.20,123.07,123.13,123.44,125.95,125.36,125.78,126.12,126.94,127.09,126.78,127.06,127.38,127.14,126.63,126.49,123.79,126.70,126.63,127.40,128.15,127.77,128.12,128.05,128.57,129.53,129.80,130.38,130.48,131.33,131.20,,,,,,,,,,,,,,,,,,,,,,,,,,,,,,,,,,,,,,,,,,,,,,,,
Grupo,0.034418899,056,Bienes y servicios para conservación ordinaria del hogar,103.39,103.62,103.87,103.85,103.66,103.73,103.54,103.36,102.96,103.42,103.70,103.81,105.21,105.30,105.51,105.45,105.38,105.74,105.79,105.81,105.35,105.67,105.12,105.63,106.95,106.88,107.06,107.05,106.93,106.18,106.24,106.28,106.18,106.37,106.25,106.58,107.70,107.63,107.72,107.50,107.50,107.62,107.46,107.66,107.69,107.54,107.65,107.94,108.87,108.43,108.21,108.29,108.69,108.44,108.39,108.26,108.03,107.93,107.90,107.91,108.49,108.16,108.31,109.20,109.26,108.96,109.57,108.71,108.84,108.99,109.27,108.49,108.94,108.89,108.74,109.40,109.29,109.16,109.61,110.09,109.70,110.58,110.97,110.92,113.93,115.18,115.77,115.59,116.68,117.48,117.87,117.90,117.09,118.38,118.33,118.18,122.14,122.04,122.66,122.45,123.05,120.75,122.57,122.60,121.99,122.27,122.32,121.94,123.84,123.38,123.24,125.32,125.11,124.89,124.02,124.18,124.73,124.65,125.57,125.21,127.12,126.71,127.27,126.55,126.47,127.06,126.95,127.08,127.17,127.13,128.33,128.17,129.82,130.06,128.59,127.82,128.21,129.27,,,,,,,,,,,,,,,,,,,,,,,,,,,,,,,,,,,,,,,,,,,,,,,,
Clase,0.019168533,0561,Bienes para el hogar no duraderos (ND),99.12,99.54,99.99,99.95,99.62,99.74,99.40,99.08,98.36,99.18,99.69,99.88,99.47,99.63,99.89,99.77,99.66,100.29,100.39,100.42,99.60,100.18,99.18,100.11,100.46,100.34,100.67,100.64,100.43,99.08,99.20,99.26,99.08,99.42,99.21,99.79,99.36,99.24,99.41,99.01,99.01,99.22,98.94,99.29,99.35,99.08,99.28,99.80,99.52,98.73,98.33,98.48,99.20,98.74,98.65,98.42,98.00,97.83,97.78,97.80,97.76,96.92,97.18,98.77,98.89,98.35,99.44,97.90,98.12,98.39,98.91,97.51,98.32,98.23,97.94,99.15,98.95,98.70,99.51,100.38,99.67,101.25,101.96,101.86,102.28,103.43,104.49,104.17,106.13,107.56,108.26,108.32,106.87,109.18,109.09,108.82,109.85,109.68,110.78,110.40,111.48,107.35,110.62,110.67,109.59,110.08,110.17,109.49,110.46,109.65,109.40,113.13,112.74,112.36,110.80,111.08,112.07,111.92,113.57,112.94,113.92,113.19,114.19,112.90,112.76,113.82,113.62,113.85,114.01,113.95,116.10,115.80,115.86,116.28,113.65,112.27,112.97,114.88,,,,,,,,,,,,,,,,,,,,,,,,,,,,,,,,,,,,,,,,,,,,,,,,
Subclase,0.015945987,05611,Productos de limpieza y mantenimiento,99.41,99.81,100.37,100.27,99.89,99.95,99.54,99.27,98.39,99.34,99.91,100.12,99.90,99.91,100.34,100.20,100.06,100.74,100.86,100.92,99.92,100.68,99.46,100.63,100.96,100.85,101.19,100.95,100.79,99.52,99.71,99.68,99.28,99.67,99.38,100.24,99.98,99.77,99.89,99.50,99.53,99.66,99.46,99.97,99.85,99.48,99.68,100.27,99.84,99.19,98.70,98.95,99.69,99.06,99.06,98.73,98.25,98.18,98.00,97.98,97.93,96.94,97.13,99.02,99.32,98.56,99.85,98.07,98.40,98.66,99.21,97.66,98.74,98.45,98.13,99.41,99.06,98.67,99.78,100.62,99.82,101.42,102.14,102.03,102.38,103.76,105.05,104.52,106.59,108.20,109.05,109.10,107.22,109.98,109.74,109.65,110.76,110.32,111.60,111.29,112.45,107.45,111.55,111.51,110.27,110.95,110.96,110.05,111.26,110.32,110.00,113.93,113.09,112.56,110.62,111.09,112.47,111.95,114.39,112.96,114.11,113.20,114.77,113.38,113.40,114.43,114.05,114.11,114.45,114.48,116.92,116.58,116.51,117.28,113.98,112.40,113.11,115.70,,,,,,,,,,,,,,,,,,,,,,,,,,,,,,,,,,,,,,,,,,,,,,,,
Producto,0.005798781,05611199,DETERGENTE PARA ROPA,98.82,98.81,99.46,99.70,99.39,99.66,99.35,99.35,97.31,98.40,98.81,98.91,98.69,100.02,99.05,99.03,99.29,99.81,100.07,100.15,100.24,100.31,100.37,100.48,100.27,100.27,100.76,101.07,101.08,99.91,99.92,99.98,100.40,100.70,100.50,100.72,100.66,100.53,100.52,100.37,100.00,99.95,100.21,100.23,100.21,100.26,100.36,100.64,100.57,100.17,100.18,99.88,101.57,101.39,101.39,100.71,99.68,99.99,99.35,99.35,100.38,98.12,97.75,100.57,100.07,98.88,101.20,98.43,98.11,97.93,98.98,95.95,98.13,99.38,96.35,98.83,100.29,97.93,99.91,98.88,99.33,99.24,102.30,102.71,100.81,103.85,106.06,104.64,108.09,109.39,110.96,109.78,101.80,108.84,106.69,108.47,109.47,107.71,109.86,111.03,109.70,103.44,108.37,106.92,107.25,107.73,109.45,104.80,110.50,109.15,109.15,111.23,112.09,110.47,105.09,106.41,110.79,108.34,115.47,112.93,113.64,113.48,115.28,111.48,111.20,113.39,114.21,112.81,112.87,114.11,120.58,118.37,116.81,119.93,111.85,107.55,107.84,114.23,,,,,,,,,,,,,,,,,,,,,,,,,,,,,,,,,,,,,,,,,,,,,,,,
Producto,0.00258686,05611200,JABÓN PARA ROPA,100.90,101.16,100.38,98.93,99.69,99.40,99.52,99.36,99.01,98.21,97.48,96.25,94.86,94.40,94.26,94.29,92.08,93.05,92.24,92.01,91.70,90.05,89.88,90.59,90.81,89.77,90.35,90.88,89.49,89.27,89.21,88.59,88.05,88.16,88.19,88.52,88.57,88.07,88.24,88.21,86.75,88.08,88.20,88.29,88.05,87.26,87.81,87.63,87.63,87.86,85.87,86.19,86.63,86.08,86.21,84.95,84.44,84.38,84.38,84.10,84.93,84.70,84.71,84.69,86.24,84.67,85.29,84.79,84.55,84.97,85.01,85.36,85.10,84.09,85.01,86.18,86.08,86.16,90.38,92.69,93.56,95.20,95.38,95.91,96.38,98.16,100.31,100.91,105.54,107.82,110.56,111.70,113.55,113.53,113.40,113.51,113.64,114.00,114.22,114.52,114.38,113.44,113.47,114.45,113.22,114.27,114.01,113.27,112.50,111.72,109.62,114.70,114.29,113.85,113.51,113.39,111.81,112.56,112.35,111.71,114.88,115.47,115.28,115.74,115.35,115.39,114.30,114.87,116.22,116.73,112.45,115.99,116.48,117.72,116.31,115.76,115.47,116.38,,,,,,,,,,,,,,,,,,,,,,,,,,,,,,,,,,,,,,,,,,,,,,,,
Producto,0.001806114,05611201,JABÓN PARA VAJILLA,97.61,98.00,98.40,98.35,98.28,97.89,97.30,97.88,96.98,97.13,96.61,96.82,97.79,95.65,97.27,97.46,97.90,95.86,98.00,96.84,98.16,99.04,98.89,99.61,101.02,101.71,102.04,101.70,100.71,100.23,100.37,99.97,95.76,98.44,94.27,99.53,99.99,100.15,100.60,96.03,98.18,97.00,95.15,98.07,98.46,96.21,96.83,99.61,98.68,98.54,96.75,101.01,99.58,98.15,96.96,99.43,99.36,98.88,99.40,98.98,99.32,99.00,100.64,99.20,100.83,99.87,99.45,100.15,98.40,98.52,98.83,99.28,99.16,100.59,101.51,99.34,97.90,98.15,100.67,98.47,101.09,101.48,102.78,103.25,101.79,102.03,102.19,106.35,107.66,107.40,105.80,109.04,110.00,108.85,108.39,109.93,109.74,109.30,109.48,108.62,109.28,106.28,112.43,114.17,115.09,116.34,115.89,118.32,115.54,115.34,115.60,119.63,116.15,117.79,118.48,116.36,118.77,119.34,120.79,120.79,120.69,122.39,124.14,120.87,121.44,124.45,124.45,121.40,124.56,123.25,125.77,125.22,123.85,124.89,121.77,122.48,124.63,123.55,,,,,,,,,,,,,,,,,,,,,,,,,,,,,,,,,,,,,,,,,,,,,,,,
Producto,0.003399103,05611202,CLORO Y DESINFECTANTE,100.60,102.36,103.11,103.41,101.24,101.32,101.01,99.07,99.15,102.84,104.50,105.50,105.56,104.56,107.08,106.36,106.72,108.57,108.39,108.63,104.60,107.86,102.34,108.38,108.65,107.96,108.12,108.04,108.11,105.43,105.41,105.33,105.61,105.83,106.85,106.50,104.73,104.87,104.46,104.61,105.32,106.42,105.36,105.40,105.23,105.37,105.14,106.05,104.90,104.76,104.89,105.05,105.18,105.27,105.18,104.42,104.48,103.93,102.82,102.65,100.63,101.83,101.67,104.38,105.91,105.46,106.75,103.71,107.09,107.25,109.15,106.67,109.14,104.89,108.19,108.16,105.28,108.02,103.65,107.82,102.22,107.70,106.34,104.61,107.20,107.55,107.53,104.94,103.73,106.53,106.64,105.72,107.58,109.21,109.91,104.80,108.32,108.13,108.99,105.57,112.70,104.31,111.48,112.54,107.93,107.88,105.66,109.53,108.13,104.97,103.92,110.84,108.57,108.05,107.96,108.70,107.46,109.17,108.04,107.70,108.88,104.08,106.14,105.33,105.70,107.33,108.26,108.75,109.09,108.15,109.22,109.03,111.43,109.85,110.69,111.29,111.30,112.01,,,,,,,,,,,,,,,,,,,,,,,,,,,,,,,,,,,,,,,,,,,,,,,,
Producto,0.000282729,05611203,BETÚN ,100.23,101.26,101.40,100.86,102.21,106.16,106.41,103.89,105.37,104.21,105.49,106.79,107.93,107.92,108.20,106.54,105.82,107.39,108.81,108.77,107.93,109.53,109.35,109.62,109.59,107.53,107.37,106.11,98.04,103.96,104.63,104.35,104.31,108.70,102.08,108.98,108.57,108.83,108.31,106.04,105.03,109.05,109.29,108.32,108.07,109.03,108.65,105.85,109.26,109.52,109.87,108.83,109.20,107.40,111.27,110.75,111.23,113.06,113.08,113.71,114.33,114.47,113.60,113.83,114.47,114.64,114.83,114.61,114.86,114.09,108.94,108.75,104.30,107.70,105.45,106.31,106.57,106.54,108.30,107.85,101.64,108.79,107.41,107.04,110.37,113.27,113.80,109.01,112.48,114.94,115.30,118.89,121.84,124.11,126.27,129.69,131.18,132.68,133.27,133.39,133.16,134.26,135.15,135.78,134.23,134.22,134.43,134.05,135.80,134.92,135.16,139.06,139.69,139.65,138.15,140.42,139.50,137.38,140.73,127.25,139.27,140.72,140.85,140.91,141.21,141.10,142.45,133.64,134.85,142.53,142.16,146.12,145.08,143.46,146.42,146.98,147.14,147.12,,,,,,,,,,,,,,,,,,,,,,,,,,,,,,,,,,,,,,,,,,,,,,,,
Producto,0.000260745,05611204,CERA PARA PISOS,92.18,92.19,91.81,91.42,91.63,91.62,91.65,91.65,91.65,89.51,91.56,91.59,91.59,91.59,91.58,91.58,91.51,93.51,93.55,93.15,92.40,92.41,92.41,92.56,92.64,92.64,92.16,92.19,92.03,89.84,90.44,90.44,85.88,90.39,90.45,87.32,90.49,90.42,90.45,90.45,93.30,94.02,93.79,93.57,93.51,93.54,93.54,92.02,93.55,94.02,93.33,93.57,93.84,94.04,94.06,94.15,94.15,94.21,94.23,94.38,92.64,91.64,93.99,94.40,94.32,94.29,94.42,94.26,94.33,92.43,92.86,93.32,91.66,92.89,92.89,94.27,94.05,94.30,94.45,94.15,94.44,94.45,92.15,94.53,96.44,98.67,99.67,101.82,102.69,101.44,99.40,103.04,102.54,102.67,105.05,105.05,102.60,102.52,102.11,102.64,102.73,103.20,102.51,102.40,102.87,102.93,102.33,99.37,104.44,102.43,102.76,109.59,112.89,120.13,124.34,127.00,126.04,125.82,127.30,126.66,126.71,126.23,126.79,126.64,126.67,126.45,126.87,127.09,126.58,128.31,127.85,128.50,128.57,128.38,128.53,128.52,128.04,128.64,,,,,,,,,,,,,,,,,,,,,,,,,,,,,,,,,,,,,,,,,,,,,,,,
Producto,0.000395387,05611205,DESODORANTE AMBIENTAL,100.27,100.20,100.56,100.70,100.58,100.59,99.42,99.30,95.68,97.40,97.54,97.45,97.53,99.01,97.42,97.35,97.33,100.29,96.94,97.47,98.78,95.77,96.33,96.10,90.25,96.12,98.73,97.50,99.30,88.91,96.78,100.84,101.14,93.11,97.68,95.45,100.18,98.91,97.72,95.81,95.43,89.80,89.45,98.23,92.82,93.15,97.34,95.19,93.13,99.00,95.47,90.14,93.95,91.20,96.15,90.78,96.67,95.48,95.81,100.11,99.36,97.78,95.34,96.92,94.70,96.74,94.91,97.19,97.13,99.30,99.68,99.18,99.83,95.75,99.54,98.85,97.50,93.06,97.08,100.99,100.35,100.17,94.10,96.98,97.89,98.27,99.26,99.55,99.64,96.75,97.02,97.28,101.72,103.92,115.36,114.51,121.93,121.95,121.03,123.36,123.64,123.80,117.62,117.57,121.02,116.20,115.78,114.17,114.26,117.63,122.14,118.41,118.79,114.29,109.94,113.97,112.39,113.41,113.33,113.71,106.82,108.15,113.73,112.71,112.16,112.06,107.28,108.96,108.48,109.09,108.42,108.31,113.32,108.26,110.12,110.68,112.86,107.33,,,,,,,,,,,,,,,,,,,,,,,,,,,,,,,,,,,,,,,,,,,,,,,,
Producto,0.001007496,05611206,SUAVIZANTE DE ROPA,100.35,99.71,103.60,103.91,103.95,103.22,101.07,103.35,104.37,102.60,105.44,105.70,102.80,102.69,104.07,104.54,104.61,104.92,105.22,107.31,102.85,107.42,107.20,101.21,107.05,106.50,105.97,101.65,106.16,104.70,104.62,104.47,104.79,104.67,104.91,107.75,109.20,109.57,110.37,112.62,112.39,111.27,112.72,112.38,112.49,111.89,110.36,112.23,112.23,107.33,105.75,104.59,105.73,102.25,102.72,104.33,103.52,102.70,105.73,105.01,104.05,103.96,103.13,107.60,104.00,104.55,106.97,104.24,103.43,106.48,103.31,103.20,105.22,105.44,103.36,109.05,107.15,107.06,109.85,111.23,111.16,111.34,111.27,111.51,114.38,114.73,115.00,114.26,115.20,117.39,117.77,117.58,118.47,118.53,118.57,119.18,118.50,120.77,123.14,123.14,124.64,118.18,119.01,117.59,112.74,118.35,117.74,115.61,112.61,117.11,118.78,121.78,118.28,118.52,119.94,118.72,120.20,117.70,115.11,114.42,119.19,115.47,117.60,123.15,123.25,116.65,107.18,120.21,116.27,111.15,115.54,114.35,114.80,114.37,113.47,110.92,115.49,115.76,,,,,,,,,,,,,,,,,,,,,,,,,,,,,,,,,,,,,,,,,,,,,,,,
Producto,0.000408772,05611207,INSECTICIDA,97.20,96.01,95.90,94.97,96.96,97.32,96.77,96.94,97.00,97.14,97.33,101.00,106.18,107.08,108.26,108.33,108.43,109.12,109.03,109.38,109.36,108.16,107.19,108.18,105.24,107.64,106.47,104.39,103.40,107.25,106.09,107.12,107.15,105.54,106.70,107.06,100.36,95.32,99.84,104.11,104.11,102.18,103.72,102.73,104.85,103.82,105.82,106.86,103.42,89.72,97.54,97.80,98.39,97.77,94.36,95.72,90.80,92.44,93.85,95.03,92.42,81.08,91.37,96.13,95.66,97.48,97.68,97.48,98.03,98.12,98.17,97.44,88.82,95.55,91.81,94.10,96.89,94.92,96.78,97.81,94.45,95.36,93.03,87.37,98.12,89.00,91.30,93.56,94.81,99.03,98.88,98.84,99.34,94.88,98.72,102.00,96.88,99.35,104.40,103.29,102.39,99.73,106.58,105.94,104.30,102.95,103.19,104.31,102.60,104.64,104.03,109.38,107.07,108.53,108.19,107.41,107.85,107.84,109.44,107.41,99.19,102.20,103.09,108.44,110.02,108.61,108.01,108.45,104.91,104.81,105.23,104.73,102.02,95.66,95.74,95.67,98.41,106.11,,,,,,,,,,,,,,,,,,,,,,,,,,,,,,,,,,,,,,,,,,,,,,,,
Subclase,0.003222546,05612,Productos no duraderos para el hogar,97.70,98.21,98.08,98.40,98.31,98.73,98.68,98.13,98.24,98.43,98.60,98.70,97.33,98.26,97.68,97.63,97.69,98.10,98.04,97.94,98.04,97.68,97.81,97.52,98.00,97.83,98.08,99.12,98.65,96.89,96.65,97.20,98.09,98.21,98.36,97.57,96.27,96.62,97.03,96.56,96.40,97.05,96.38,95.96,96.86,97.11,97.30,97.48,97.93,96.47,96.50,96.19,96.75,97.13,96.59,96.91,96.79,96.10,96.67,96.90,96.93,96.79,97.39,97.53,96.75,97.29,97.39,97.05,96.75,97.09,97.43,96.78,96.24,97.13,97.02,97.84,98.38,98.85,98.17,99.20,98.96,100.42,101.07,101.02,101.78,101.80,101.71,102.44,103.88,104.39,104.35,104.44,105.12,105.24,105.87,104.69,105.33,106.49,106.68,106.00,106.63,106.80,106.02,106.49,106.21,105.78,106.25,106.70,106.50,106.32,106.45,109.20,111.05,111.38,111.66,111.04,110.08,111.74,109.49,112.83,113.00,113.10,111.30,110.51,109.61,110.78,111.50,112.57,111.87,111.31,112.05,111.99,112.67,111.36,111.97,111.64,112.26,110.82,,,,,,,,,,,,,,,,,,,,,,,,,,,,,,,,,,,,,,,,,,,,,,,,
Producto,0.000681452,05612208,ESCOBA,89.69,90.20,90.16,91.40,91.63,92.30,92.32,91.63,91.62,91.77,91.99,92.71,92.70,92.30,92.20,91.66,92.64,91.77,91.59,91.84,91.73,92.03,92.00,91.59,91.05,91.87,91.20,92.33,91.49,90.17,90.45,90.51,90.44,90.22,90.60,90.85,90.67,90.24,90.35,89.16,90.01,90.88,89.75,89.25,89.39,89.33,89.71,90.06,90.33,90.70,91.04,91.52,92.28,92.33,91.62,92.86,92.33,92.08,91.91,91.77,92.31,91.50,93.25,91.98,90.70,91.53,91.90,91.42,91.46,91.70,91.77,91.63,90.13,90.12,90.68,90.47,90.32,90.55,90.34,89.28,89.19,88.99,89.37,88.93,89.57,89.54,89.98,90.18,91.71,93.66,94.19,93.44,94.90,94.76,95.22,94.93,97.43,98.22,98.36,95.99,96.44,96.42,96.53,97.10,98.04,98.71,99.12,99.08,100.06,100.31,98.98,103.29,103.64,104.49,103.77,104.79,104.56,103.97,104.62,106.14,105.28,106.07,103.91,104.00,104.97,105.57,105.88,104.88,104.83,104.94,104.16,103.42,104.15,103.41,102.84,103.30,103.37,98.85,,,,,,,,,,,,,,,,,,,,,,,,,,,,,,,,,,,,,,,,,,,,,,,,
Producto,0.000211092,05612209,ESPONJA LAVA VAJILLA,104.41,104.54,104.37,104.75,104.62,105.43,105.33,105.91,107.00,107.00,107.00,106.60,107.14,107.23,105.04,107.47,105.04,103.21,105.07,104.23,104.47,98.27,103.49,99.03,104.28,104.36,106.43,103.67,104.55,102.29,102.79,104.73,104.20,103.01,104.88,104.65,94.69,104.24,106.83,102.55,104.07,103.08,98.49,99.25,105.37,106.10,102.35,103.22,106.43,102.09,103.67,99.52,100.59,101.91,100.24,101.24,100.90,102.54,100.29,101.53,98.42,96.28,100.85,101.83,102.35,103.95,101.66,103.51,102.42,98.69,100.62,97.48,97.76,101.41,97.42,103.53,98.60,100.58,99.07,103.28,96.29,100.12,98.16,95.40,93.30,92.34,89.72,89.97,98.65,96.72,95.32,101.48,99.12,100.41,98.81,96.51,101.66,100.99,104.61,102.87,107.14,106.56,108.62,109.11,104.18,106.48,104.62,104.87,110.34,102.66,98.12,102.69,99.93,100.10,105.60,100.85,101.37,108.66,103.57,106.02,108.11,105.90,100.13,96.38,94.26,101.04,98.36,107.43,100.97,97.46,102.28,105.99,105.62,100.74,99.60,105.06,101.31,101.83,,,,,,,,,,,,,,,,,,,,,,,,,,,,,,,,,,,,,,,,,,,,,,,,
Producto,0.000862233,05612210,FUNDAS PARA BASURA,96.15,96.36,96.85,96.95,96.69,96.73,96.04,94.30,95.38,95.80,95.53,95.57,89.24,94.30,93.78,93.78,93.74,94.66,94.20,94.63,94.78,94.73,94.80,93.84,94.89,94.56,94.70,95.03,94.93,94.16,94.16,94.33,94.24,94.26,94.20,94.25,94.10,94.06,94.18,93.78,92.95,94.36,94.69,94.57,95.98,95.61,95.62,95.17,96.19,90.87,92.25,90.94,92.13,92.07,91.14,91.59,91.57,90.53,91.82,91.89,91.64,92.79,92.38,93.50,91.34,93.48,92.96,92.31,92.17,93.72,94.85,94.81,93.70,95.12,95.06,97.74,98.97,98.43,97.41,101.84,102.95,104.23,104.34,104.87,106.46,106.45,107.53,107.18,107.26,108.09,107.28,104.88,104.89,104.62,107.62,108.39,105.94,105.64,107.27,107.86,106.66,109.77,105.88,109.68,107.60,107.60,108.49,108.57,108.06,108.96,108.96,111.23,111.69,110.98,110.73,110.96,106.15,111.65,110.57,111.28,111.31,111.55,110.76,110.49,108.57,108.03,107.94,111.24,112.94,112.80,112.57,111.68,112.09,112.06,111.77,110.76,113.01,113.87,,,,,,,,,,,,,,,,,,,,,,,,,,,,,,,,,,,,,,,,,,,,,,,,
Producto,0.000503555,05612211,SERVILLETAS ,96.34,99.17,99.43,98.12,97.36,98.83,99.00,99.07,99.07,99.37,100.18,99.37,102.76,101.33,99.54,98.97,99.15,99.39,99.26,99.45,100.43,100.17,100.07,99.86,99.39,97.85,98.79,99.20,99.28,96.32,93.98,96.63,96.58,96.60,96.39,94.69,91.98,90.67,89.60,89.05,87.69,88.73,87.40,84.16,84.77,86.77,89.04,90.14,89.53,90.63,87.56,88.84,88.86,89.69,90.06,89.39,88.71,86.58,88.69,89.73,90.58,90.04,90.27,90.18,89.77,87.96,89.02,87.83,86.60,87.31,86.62,83.86,84.24,85.88,86.08,85.82,87.80,89.41,88.79,86.27,85.31,88.86,89.67,89.65,89.77,89.46,89.39,90.31,90.68,90.89,92.60,94.31,97.41,98.46,98.72,92.36,94.53,99.76,96.18,96.26,97.61,94.82,95.76,93.25,95.71,91.53,95.99,97.29,91.10,92.27,94.91,98.72,98.52,101.15,103.04,96.58,97.44,97.64,86.27,102.98,102.91,104.37,99.98,96.22,96.01,100.47,103.15,103.69,97.26,93.52,98.10,98.65,101.78,96.04,101.67,98.93,102.27,98.66,,,,,,,,,,,,,,,,,,,,,,,,,,,,,,,,,,,,,,,,,,,,,,,,
Producto,0.000655699,05612212,FÓSFOROS,107.25,106.73,105.40,106.53,106.53,106.53,106.53,106.53,105.40,105.40,105.77,106.20,106.20,106.20,106.20,106.20,106.20,108.20,108.20,106.99,106.99,106.99,106.99,106.99,106.99,106.99,107.27,111.37,109.70,107.27,107.27,106.99,111.72,112.65,112.65,112.65,112.65,112.65,112.65,112.65,112.65,112.65,112.65,113.55,113.55,113.55,113.55,113.55,113.55,113.55,113.55,113.55,113.55,113.55,113.55,113.55,113.55,113.55,113.55,113.55,113.84,113.55,113.55,113.55,113.55,113.55,114.22,114.22,114.22,114.22,114.22,114.22,114.22,114.22,114.22,114.22,114.51,115.15,115.15,115.15,115.15,115.15,117.25,117.25,118.56,118.88,118.80,120.05,120.88,120.88,120.57,120.57,120.57,120.57,119.32,119.32,119.32,120.88,121.23,121.23,121.23,120.94,120.94,119.98,119.69,119.69,119.69,119.69,121.04,121.04,123.59,123.99,133.58,133.58,133.18,134.57,135.60,135.60,135.60,135.89,137.34,135.89,136.20,136.20,134.77,134.77,136.91,135.98,137.37,139.04,138.71,138.71,138.63,138.63,138.63,138.32,136.93,136.93,,,,,,,,,,,,,,,,,,,,,,,,,,,,,,,,,,,,,,,,,,,,,,,,
Producto,0.000308515,05612213,VELAS,97.10,97.10,96.89,96.74,97.38,97.18,98.40,98.53,98.26,98.26,98.26,98.26,95.73,94.49,94.52,94.41,94.41,94.65,94.62,94.71,93.75,94.20,91.95,95.93,96.42,96.16,96.36,96.27,96.28,94.57,94.94,94.99,95.09,95.55,95.53,89.47,87.99,88.33,92.00,94.67,94.65,94.51,94.35,94.30,94.30,94.28,94.24,94.24,94.29,94.29,93.94,93.97,94.09,95.86,94.91,94.72,95.97,94.56,95.39,95.41,95.35,95.39,95.50,96.03,97.15,96.82,96.88,96.84,96.83,96.83,96.86,97.17,97.14,97.32,97.50,95.32,97.40,97.90,96.23,98.18,99.10,102.79,103.97,104.90,105.38,106.19,103.36,107.22,110.29,110.04,109.46,111.76,112.24,111.94,112.38,110.60,111.50,111.32,111.02,108.53,112.43,111.15,110.64,109.44,110.25,109.50,105.04,107.34,107.99,106.38,104.07,106.67,105.83,104.93,104.17,105.64,105.56,103.59,103.69,103.66,102.83,103.67,102.34,103.29,101.96,102.51,102.52,101.51,101.54,100.79,100.79,100.83,100.51,101.28,101.28,101.04,101.17,99.19,,,,,,,,,,,,,,,,,,,,,,,,,,,,,,,,,,,,,,,,,,,,,,,,
Clase,0.015250366,0562,Servicios domésticos y para el hogar (S),108.75,108.75,108.75,108.75,108.75,108.75,108.75,108.75,108.75,108.75,108.75,108.75,112.43,112.43,112.58,112.58,112.58,112.58,112.58,112.58,112.58,112.58,112.58,112.58,115.10,115.10,115.10,115.10,115.10,115.10,115.10,115.10,115.10,115.10,115.10,115.10,118.18,118.18,118.18,118.18,118.18,118.18,118.18,118.18,118.18,118.18,118.18,118.18,120.63,120.63,120.63,120.63,120.63,120.63,120.63,120.63,120.63,120.63,120.63,120.63,121.98,122.30,122.30,122.30,122.30,122.30,122.30,122.30,122.30,122.30,122.30,122.30,122.30,122.30,122.30,122.30,122.30,122.30,122.30,122.30,122.30,122.30,122.30,122.30,128.58,129.94,129.94,129.94,129.94,129.94,129.94,129.94,129.94,129.94,129.94,129.94,137.59,137.59,137.59,137.59,137.59,137.59,137.59,137.59,137.59,137.59,137.59,137.59,140.65,140.65,140.65,140.65,140.65,140.65,140.65,140.65,140.65,140.65,140.65,140.65,143.70,143.70,143.70,143.70,143.70,143.70,143.70,143.70,143.70,143.70,143.70,143.70,147.37,147.37,147.37,147.37,147.37,147.37,,,,,,,,,,,,,,,,,,,,,,,,,,,,,,,,,,,,,,,,,,,,,,,,
Subclase,0.015250366,05621,Servicios domésticos y  para el hogar,108.75,108.75,108.75,108.75,108.75,108.75,108.75,108.75,108.75,108.75,108.75,108.75,112.43,112.43,112.58,112.58,112.58,112.58,112.58,112.58,112.58,112.58,112.58,112.58,115.10,115.10,115.10,115.10,115.10,115.10,115.10,115.10,115.10,115.10,115.10,115.10,118.18,118.18,118.18,118.18,118.18,118.18,118.18,118.18,118.18,118.18,118.18,118.18,120.63,120.63,120.63,120.63,120.63,120.63,120.63,120.63,120.63,120.63,120.63,120.63,121.98,122.30,122.30,122.30,122.30,122.30,122.30,122.30,122.30,122.30,122.30,122.30,122.30,122.30,122.30,122.30,122.30,122.30,122.30,122.30,122.30,122.30,122.30,122.30,128.58,129.94,129.94,129.94,129.94,129.94,129.94,129.94,129.94,129.94,129.94,129.94,137.59,137.59,137.59,137.59,137.59,137.59,137.59,137.59,137.59,137.59,137.59,137.59,140.65,140.65,140.65,140.65,140.65,140.65,140.65,140.65,140.65,140.65,140.65,140.65,143.70,143.70,143.70,143.70,143.70,143.70,143.70,143.70,143.70,143.70,143.70,143.70,147.37,147.37,147.37,147.37,147.37,147.37,,,,,,,,,,,,,,,,,,,,,,,,,,,,,,,,,,,,,,,,,,,,,,,,
Producto,0.015250366,05621214,SERVICIOS DOMÉSTICOS,108.75,108.75,108.75,108.75,108.75,108.75,108.75,108.75,108.75,108.75,108.75,108.75,112.43,112.43,112.58,112.58,112.58,112.58,112.58,112.58,112.58,112.58,112.58,112.58,115.10,115.10,115.10,115.10,115.10,115.10,115.10,115.10,115.10,115.10,115.10,115.10,118.18,118.18,118.18,118.18,118.18,118.18,118.18,118.18,118.18,118.18,118.18,118.18,120.63,120.63,120.63,120.63,120.63,120.63,120.63,120.63,120.63,120.63,120.63,120.63,121.98,122.30,122.30,122.30,122.30,122.30,122.30,122.30,122.30,122.30,122.30,122.30,122.30,122.30,122.30,122.30,122.30,122.30,122.30,122.30,122.30,122.30,122.30,122.30,128.58,129.94,129.94,129.94,129.94,129.94,129.94,129.94,129.94,129.94,129.94,129.94,137.59,137.59,137.59,137.59,137.59,137.59,137.59,137.59,137.59,137.59,137.59,137.59,140.65,140.65,140.65,140.65,140.65,140.65,140.65,140.65,140.65,140.65,140.65,140.65,143.70,143.70,143.70,143.70,143.70,143.70,143.70,143.70,143.70,143.70,143.70,143.70,147.37,147.37,147.37,147.37,147.37,147.37,,,,,,,,,,,,,,,,,,,,,,,,,,,,,,,,,,,,,,,,,,,,,,,,
División,0.07339304,06,Salud,101.62,101.63,101.79,102.10,102.30,102.78,102.99,103.34,103.73,103.65,103.87,104.04,104.76,104.81,105.03,105.19,105.45,105.53,106.11,106.21,105.98,106.12,106.46,106.81,107.09,107.43,107.37,107.90,107.91,108.07,108.38,108.47,108.65,108.55,108.07,108.03,108.15,108.57,108.60,109.05,109.37,109.79,109.83,109.87,110.00,109.95,110.14,110.35,110.19,110.02,110.21,111.16,110.71,111.30,111.62,111.75,111.46,111.11,111.58,111.86,112.22,112.27,112.48,113.48,113.60,113.80,114.24,115.14,115.80,115.62,115.57,115.88,116.18,116.04,115.76,115.98,116.21,117.18,117.97,117.39,117.01,117.01,117.98,117.75,118.10,118.33,117.56,117.57,119.00,119.28,118.90,119.24,119.15,120.03,119.68,120.13,119.77,119.65,119.12,120.16,120.52,120.86,120.87,121.40,121.71,120.72,120.92,121.30,122.38,121.96,122.80,123.50,123.78,123.88,124.11,124.17,124.71,124.45,124.69,124.44,124.53,125.03,124.76,124.76,125.18,126.22,126.55,126.67,126.83,127.34,127.23,128.11,128.43,128.87,129.41,130.42,130.35,130.75,,,,,,,,,,,,,,,,,,,,,,,,,,,,,,,,,,,,,,,,,,,,,,,,
Grupo,0.042033363,061,"Productos, artefactos y equipo médicos",98.92,98.88,99.00,99.40,98.98,99.67,99.62,99.98,100.35,100.17,100.22,100.49,101.25,101.16,100.90,101.14,101.27,101.11,101.82,101.94,101.89,101.97,103.16,103.78,104.39,104.70,104.32,105.06,104.99,105.23,105.83,105.83,106.11,105.91,105.40,105.52,105.62,105.72,105.44,105.70,106.38,106.55,106.54,106.67,106.67,106.54,106.87,107.22,106.90,106.47,106.66,108.03,107.36,107.92,108.27,108.42,107.37,106.79,107.48,107.97,107.91,107.95,108.18,110.07,109.88,110.12,110.63,111.85,112.95,113.11,111.92,112.27,112.60,112.27,111.81,112.15,112.26,113.52,114.62,113.48,112.78,112.26,113.91,113.42,113.38,113.60,112.16,112.01,114.30,115.13,114.07,114.53,114.52,116.09,115.61,116.33,115.48,115.12,114.59,116.30,116.85,117.28,117.20,117.96,118.33,116.73,117.05,117.83,119.54,118.17,119.55,120.53,120.82,120.92,121.34,121.11,121.79,121.30,121.81,121.41,121.34,121.87,121.29,121.30,121.56,123.33,123.85,123.94,124.31,125.17,124.93,126.05,126.33,126.82,127.26,128.84,129.15,129.77,,,,,,,,,,,,,,,,,,,,,,,,,,,,,,,,,,,,,,,,,,,,,,,,
Clase,0.038023734,0611,Productos farmacéuticos (ND),98.64,98.57,98.83,99.25,98.55,99.27,99.04,99.40,99.75,99.51,99.57,99.93,100.78,100.56,100.13,100.26,100.30,100.12,100.89,101.01,100.94,101.09,102.40,103.10,103.79,104.29,103.92,104.61,104.48,104.82,105.61,105.54,105.90,105.68,105.08,105.22,105.21,105.28,104.92,105.21,105.99,106.13,106.12,106.28,106.26,106.17,106.51,106.94,106.57,106.15,106.28,107.76,107.02,107.69,108.04,108.22,106.99,106.38,107.14,107.67,107.60,107.70,107.86,110.00,109.73,109.98,110.50,111.85,112.90,113.12,112.05,112.52,112.93,112.59,112.18,112.64,112.49,113.69,114.97,113.72,112.92,112.40,114.17,113.63,113.65,113.90,112.29,112.16,114.58,115.48,114.29,114.80,114.75,116.52,115.87,116.59,115.72,115.35,114.76,116.63,117.27,117.71,117.62,118.44,118.79,117.04,117.42,118.28,120.09,118.67,120.02,120.97,121.18,121.33,121.70,121.44,122.17,121.66,122.22,121.81,121.72,122.32,121.59,121.56,121.82,123.77,124.46,124.48,124.75,125.66,125.33,126.64,126.92,127.45,128.00,129.74,130.01,130.73,,,,,,,,,,,,,,,,,,,,,,,,,,,,,,,,,,,,,,,,,,,,,,,,
Subclase,0.038023734,06111,Productos farmacéuticos,98.64,98.57,98.83,99.25,98.55,99.27,99.04,99.40,99.75,99.51,99.57,99.93,100.78,100.56,100.13,100.26,100.30,100.12,100.89,101.01,100.94,101.09,102.40,103.10,103.79,104.29,103.92,104.61,104.48,104.82,105.61,105.54,105.90,105.68,105.08,105.22,105.21,105.28,104.92,105.21,105.99,106.13,106.12,106.28,106.26,106.17,106.51,106.94,106.57,106.15,106.28,107.76,107.02,107.69,108.04,108.22,106.99,106.38,107.14,107.67,107.60,107.70,107.86,110.00,109.73,109.98,110.50,111.85,112.90,113.12,112.05,112.52,112.93,112.59,112.18,112.64,112.49,113.69,114.97,113.72,112.92,112.40,114.17,113.63,113.65,113.90,112.29,112.16,114.58,115.48,114.29,114.80,114.75,116.52,115.87,116.59,115.72,115.35,114.76,116.63,117.27,117.71,117.62,118.44,118.79,117.04,117.42,118.28,120.09,118.67,120.02,120.97,121.18,121.33,121.70,121.44,122.17,121.66,122.22,121.81,121.72,122.32,121.59,121.56,121.82,123.77,124.46,124.48,124.75,125.66,125.33,126.64,126.92,127.45,128.00,129.74,130.01,130.73,,,,,,,,,,,,,,,,,,,,,,,,,,,,,,,,,,,,,,,,,,,,,,,,
Producto,0.00529398,06111215,ANALGÉSICOS Y ANTIPIRÉTICOS (N02B),99.27,98.91,99.39,99.67,99.01,99.36,99.32,99.25,99.61,99.61,99.21,98.90,100.03,99.84,99.72,101.81,101.94,101.18,101.73,101.57,101.05,101.17,101.73,104.86,108.71,108.57,108.68,108.90,109.32,108.81,108.75,109.31,109.49,108.93,109.01,107.27,106.64,106.59,106.58,106.67,108.71,109.11,109.71,108.97,109.42,108.55,110.55,111.90,112.35,112.16,112.59,114.70,116.60,117.06,116.11,115.30,115.31,114.64,116.36,116.08,115.35,116.72,115.19,117.93,118.16,119.00,117.73,119.52,119.84,117.53,117.63,116.99,118.81,121.12,120.30,117.37,116.29,117.74,120.97,119.82,116.98,117.87,119.64,120.27,122.26,122.46,122.22,121.35,121.34,122.07,120.81,121.50,120.97,121.50,121.55,122.36,123.02,119.93,121.96,122.47,122.11,123.41,122.76,123.72,123.97,124.38,127.73,126.97,128.58,127.22,129.61,130.61,128.58,132.47,130.00,130.01,130.33,131.18,129.68,132.64,133.24,133.86,134.97,136.07,134.59,135.26,133.44,134.08,133.66,135.53,135.70,136.12,137.30,138.94,138.62,140.19,139.81,138.43,,,,,,,,,,,,,,,,,,,,,,,,,,,,,,,,,,,,,,,,,,,,,,,,
Producto,0.003566299,06111216,COMBINACIONES DE SUPRESORES DE LA TOS Y EXPECTORANTES (R05F),97.11,96.60,97.53,98.65,98.41,99.24,100.02,102.77,104.42,104.40,104.24,104.89,103.49,105.05,104.53,100.01,97.83,94.58,95.23,95.24,96.79,96.81,98.83,98.20,99.43,105.87,106.81,106.60,107.93,107.97,109.07,108.69,109.66,108.72,108.54,109.17,108.85,108.30,109.77,109.22,109.52,109.70,109.07,109.46,109.55,108.87,109.99,109.94,109.82,107.97,107.73,110.11,109.51,108.97,108.99,109.40,108.92,108.59,109.26,108.26,108.42,107.41,107.16,109.39,109.44,109.08,108.02,108.54,109.38,109.16,107.71,107.58,108.74,106.74,106.24,108.36,108.14,108.36,107.87,107.60,107.19,108.08,108.65,108.19,109.06,109.73,110.34,110.07,111.25,111.60,114.98,120.85,127.65,132.07,133.92,134.09,133.31,132.72,132.55,136.19,136.92,140.33,141.08,142.75,143.42,144.38,146.15,145.97,145.75,145.74,148.09,144.80,146.84,147.22,147.83,145.01,149.03,148.18,150.44,151.05,149.80,150.64,152.47,153.32,153.86,154.15,152.37,152.45,153.73,155.34,153.50,154.68,156.71,157.09,159.40,161.74,163.67,163.72,,,,,,,,,,,,,,,,,,,,,,,,,,,,,,,,,,,,,,,,,,,,,,,,
Producto,0.000229905,06111217,"PREPARADOS DERMATOLÓGICOS 
(D11A)",99.24,99.16,99.09,100.34,97.98,100.77,104.89,106.43,106.22,106.89,107.14,106.27,108.39,108.33,108.29,108.43,107.70,108.33,108.80,109.84,109.77,109.87,110.14,110.06,108.32,108.47,108.82,108.47,107.50,107.48,107.98,107.93,108.08,108.15,108.05,107.97,108.08,108.37,107.80,106.91,106.84,107.06,107.00,107.26,107.69,108.01,110.36,108.34,110.04,110.28,110.12,110.87,112.16,109.00,110.94,110.97,109.50,110.56,110.47,108.41,109.49,107.35,108.78,111.61,109.21,109.37,110.91,110.95,109.83,110.50,110.94,110.58,109.46,108.90,106.90,105.49,106.06,110.40,115.39,121.19,123.80,124.41,123.53,120.83,119.42,119.39,124.70,122.84,125.28,124.43,124.55,122.69,122.68,123.17,123.90,123.75,123.72,121.56,121.16,122.54,122.53,120.78,121.54,122.12,121.25,124.01,121.87,122.63,126.15,122.45,123.12,121.04,122.09,120.08,123.84,123.31,126.18,127.41,132.91,131.55,131.04,128.30,132.22,125.90,124.74,128.12,125.34,126.93,127.78,124.48,123.65,125.28,125.91,126.11,124.79,130.90,131.48,127.47,,,,,,,,,,,,,,,,,,,,,,,,,,,,,,,,,,,,,,,,,,,,,,,,
Producto,0.003772273,06111218,ANTIBIÓTICO,100.24,100.67,101.02,102.22,102.13,101.42,101.60,100.94,102.04,102.03,101.39,101.27,102.57,102.60,102.63,103.97,103.74,102.08,103.21,103.84,102.84,101.88,103.55,102.75,103.72,102.87,103.03,103.24,104.47,103.83,104.89,104.81,104.93,103.95,103.51,103.29,103.46,103.39,103.38,103.21,103.19,102.74,103.09,103.81,103.55,103.63,103.64,103.67,103.47,102.27,104.82,104.96,104.21,104.87,100.84,102.76,103.22,102.66,102.60,103.60,103.50,103.58,103.91,105.02,105.26,103.45,104.82,104.30,104.70,104.43,102.63,102.96,104.06,102.88,101.62,103.57,101.90,104.37,104.42,103.92,102.19,103.83,103.49,102.71,104.90,102.98,102.81,106.36,104.39,104.39,106.00,99.55,100.21,104.33,101.86,98.63,96.85,95.98,95.47,95.77,96.24,94.10,94.03,92.52,92.64,83.38,82.63,86.68,86.67,85.85,89.80,92.27,91.21,90.66,94.17,93.90,95.35,94.14,94.42,91.39,87.61,88.58,84.69,85.47,89.37,91.53,89.80,89.43,90.28,88.23,87.72,88.70,88.43,82.71,83.62,84.44,84.70,84.74,,,,,,,,,,,,,,,,,,,,,,,,,,,,,,,,,,,,,,,,,,,,,,,,
Producto,0.001220047,06111219,ANTIHISTAMÍNICO PARA USO SISTÉMICO (R06A),98.29,97.95,98.19,95.77,95.72,95.67,96.25,96.41,96.37,96.76,96.12,96.89,97.38,88.07,84.34,80.48,77.35,75.09,75.60,75.89,76.33,76.36,76.67,75.88,76.82,75.29,75.41,74.99,74.97,73.11,75.00,74.94,74.00,73.52,74.62,74.74,74.66,74.41,74.70,74.77,74.49,75.25,75.08,74.74,74.75,74.48,74.94,74.48,74.58,74.33,75.15,74.78,74.98,75.14,75.89,75.68,75.69,74.99,75.39,75.06,75.00,75.28,75.81,76.51,77.87,77.14,78.17,78.25,77.37,75.58,74.82,74.95,74.95,73.26,73.96,72.00,74.42,75.54,74.96,75.23,75.29,75.74,75.08,74.62,74.13,74.49,74.05,73.71,74.16,72.97,74.27,73.15,73.41,73.26,70.84,71.70,70.62,70.63,70.69,70.74,70.67,70.67,70.62,70.33,70.44,69.21,68.54,69.06,69.23,69.41,69.63,69.24,69.39,69.72,69.99,70.44,69.67,68.82,68.62,69.21,69.02,67.56,67.85,65.43,67.89,68.28,67.24,67.59,66.95,67.37,67.37,66.70,65.94,66.27,67.10,67.84,67.40,68.65,,,,,,,,,,,,,,,,,,,,,,,,,,,,,,,,,,,,,,,,,,,,,,,,
Producto,0.001828421,06111220,ANTIINFLAMATORIO Y ANTIRREUMÁTICOS NO ESTEROIDEOS (M01A),91.62,91.92,91.28,91.70,90.27,91.07,91.19,90.91,92.16,92.52,91.66,90.32,93.52,93.04,98.57,100.36,103.27,102.37,108.68,108.61,107.69,98.23,105.80,109.48,109.88,109.83,110.21,110.69,109.25,113.90,115.47,115.84,116.26,116.65,116.87,117.63,117.63,121.15,118.27,119.03,118.80,119.40,120.12,121.23,123.76,124.96,126.58,126.28,126.58,126.24,126.53,126.37,129.06,127.64,130.46,129.14,130.43,130.04,130.44,129.99,130.22,131.49,132.05,134.92,136.13,135.36,135.85,136.71,135.74,138.92,137.56,137.87,137.73,137.72,137.56,139.60,138.40,143.00,141.33,137.08,135.78,134.83,133.97,134.73,136.07,135.53,135.25,138.48,134.52,137.89,137.92,138.17,138.33,139.16,138.82,138.50,140.54,140.28,141.15,140.81,142.05,141.04,143.90,145.56,143.17,142.28,143.00,143.32,142.28,148.01,149.92,148.06,147.23,147.60,147.79,149.32,148.24,149.68,149.24,151.41,151.71,150.12,151.07,151.14,152.83,153.86,154.60,153.23,154.68,152.98,152.99,155.41,156.16,155.86,158.51,157.37,161.08,159.69,,,,,,,,,,,,,,,,,,,,,,,,,,,,,,,,,,,,,,,,,,,,,,,,
Producto,0.002203625,06111221,TRACTO ALIMENTARIO Y METABOLISMO (A),99.28,99.21,99.34,100.09,100.08,100.22,99.41,99.55,99.80,103.23,103.99,103.87,103.94,103.67,103.83,105.70,109.39,110.83,111.47,112.46,113.83,115.33,116.23,122.10,125.32,127.99,129.31,129.59,129.82,132.85,136.06,135.58,135.81,135.69,135.48,135.71,136.89,136.60,136.23,137.67,140.79,142.22,142.83,144.35,145.10,145.54,145.66,146.58,146.78,147.26,147.14,147.73,147.63,147.43,148.20,146.64,146.60,145.02,144.58,146.51,145.73,145.31,147.01,148.36,148.87,149.02,148.68,149.79,152.61,151.34,151.01,151.22,151.73,150.82,148.87,149.23,150.55,147.67,147.27,145.53,146.64,147.46,146.40,147.56,147.95,147.46,147.83,146.12,147.90,146.95,147.09,146.84,145.25,144.23,146.19,146.53,145.77,146.87,147.21,151.97,152.94,150.92,151.99,151.06,153.02,154.05,155.26,156.45,158.41,154.75,158.62,156.11,159.80,159.28,159.45,158.97,162.33,162.04,161.65,162.14,160.65,162.51,162.87,162.49,165.07,167.38,166.67,166.64,168.38,169.47,165.02,166.41,167.23,169.21,171.09,172.50,173.01,175.58,,,,,,,,,,,,,,,,,,,,,,,,,,,,,,,,,,,,,,,,,,,,,,,,
Producto,0.000603782,06111222,ANTIHELMÍNTICOS (ANTIPARASITARIO) (P02),98.21,98.21,98.21,97.25,97.47,98.74,97.84,98.21,98.21,97.96,99.40,98.11,96.93,97.70,97.82,96.97,97.44,97.19,97.58,96.98,97.34,98.20,98.75,97.97,98.44,98.27,97.54,97.88,97.97,97.81,97.70,97.34,97.20,97.01,99.41,100.18,100.28,100.65,100.42,100.31,98.14,97.98,98.18,98.08,98.40,98.49,97.95,98.04,97.54,97.24,96.46,98.40,98.65,99.39,98.81,98.93,97.41,100.26,99.87,100.85,101.28,100.46,101.42,101.91,101.79,101.62,103.05,102.17,100.53,100.91,102.04,104.63,100.52,100.16,101.04,99.52,99.75,99.50,100.59,99.50,97.99,98.88,98.69,102.19,103.58,105.40,106.64,103.41,105.00,105.21,102.89,104.28,106.73,111.58,112.02,111.90,111.72,111.60,108.09,109.64,115.05,117.72,116.50,115.45,119.28,124.19,124.55,124.82,124.84,123.48,126.07,122.02,127.87,123.89,125.15,126.60,128.37,122.40,124.57,124.81,125.48,125.67,125.79,121.10,124.44,126.57,128.78,130.01,131.86,130.78,129.70,129.47,130.36,132.36,131.76,131.23,133.96,133.22,,,,,,,,,,,,,,,,,,,,,,,,,,,,,,,,,,,,,,,,,,,,,,,,
Producto,0.007486884,06111223,SISTEMA CARDIOVASCULAR (C),97.16,97.09,97.11,98.35,98.37,98.50,97.47,97.74,97.59,97.36,96.33,98.39,99.03,98.14,95.85,93.68,95.50,94.60,94.88,94.95,94.08,94.10,94.42,94.37,93.64,93.18,93.13,93.15,93.17,92.02,92.51,92.62,92.91,93.04,92.59,92.94,92.97,92.85,92.58,92.23,92.74,92.84,92.70,92.32,91.78,91.76,91.73,91.86,91.70,91.52,90.87,91.69,91.72,91.65,91.62,91.37,89.90,90.94,90.25,91.58,91.65,91.17,91.96,92.76,92.97,92.62,92.85,93.00,92.46,92.98,91.51,92.11,91.93,92.06,91.52,94.40,96.46,97.42,98.08,97.65,98.25,98.60,97.08,98.57,98.48,98.21,97.87,97.25,98.41,98.20,97.26,96.96,95.85,96.55,98.03,98.90,98.54,97.36,96.97,98.23,98.42,98.71,98.92,98.56,98.58,99.28,100.28,100.40,100.68,98.71,101.48,100.35,102.66,100.15,100.92,100.58,100.59,100.75,100.84,100.98,100.81,101.50,100.51,100.04,101.26,102.56,102.20,101.67,102.08,102.93,101.26,102.29,102.04,102.34,101.46,102.40,102.71,103.45,,,,,,,,,,,,,,,,,,,,,,,,,,,,,,,,,,,,,,,,,,,,,,,,
Producto,0.002018273,06111224,MEDICAMENTOS USADOS EN DIABETES (A10),98.89,99.08,99.00,99.09,99.18,99.43,98.39,98.79,98.82,99.37,99.41,99.02,98.88,98.85,98.94,98.89,99.00,98.74,99.00,99.41,99.46,99.43,100.15,100.13,100.55,99.64,99.49,99.64,100.11,100.10,99.73,99.64,99.64,99.29,99.25,99.14,99.26,99.10,98.91,98.49,98.88,98.71,98.73,98.40,98.32,97.76,97.27,97.27,98.75,99.06,98.81,99.06,99.04,99.27,99.24,98.35,97.25,98.10,97.90,97.67,97.74,96.73,97.09,98.75,97.88,97.88,97.97,97.49,98.31,98.25,97.44,97.12,98.17,95.96,98.18,99.39,99.74,98.83,99.18,98.61,97.80,99.69,99.92,97.75,99.95,99.77,97.21,98.22,98.85,98.93,98.49,97.94,99.74,97.86,99.15,98.17,96.07,96.41,96.05,97.02,96.26,96.24,97.99,95.99,96.88,97.64,97.06,97.05,99.24,94.26,98.92,96.32,99.44,99.54,98.55,96.91,97.42,96.17,97.04,96.29,94.57,95.66,94.68,94.67,96.23,99.46,97.38,98.27,98.79,99.35,98.06,99.16,100.33,100.60,99.35,101.28,100.98,101.39,,,,,,,,,,,,,,,,,,,,,,,,,,,,,,,,,,,,,,,,,,,,,,,,
Producto,0.000476909,06111225,ANTICONCEPTIVOS HORMONALES PARA USO SISTÉMICO (G03A),97.62,97.61,97.57,98.37,98.73,99.41,98.36,98.78,98.63,98.98,98.98,98.37,100.13,99.29,99.41,99.60,99.92,99.65,100.11,99.78,100.59,100.60,100.58,100.31,100.70,100.38,100.20,100.50,100.34,100.19,100.72,100.65,100.98,100.96,100.90,100.61,101.18,101.14,100.71,100.47,101.03,100.41,100.63,100.82,100.95,100.93,100.54,100.69,100.36,98.94,98.73,99.11,99.21,99.61,99.63,99.56,99.20,99.66,98.98,100.49,100.55,99.14,100.94,101.54,100.96,100.85,101.01,101.68,101.15,101.41,100.77,100.14,98.84,99.04,98.23,100.41,98.98,98.72,95.18,98.12,99.46,98.53,99.12,98.81,98.19,99.91,100.75,98.32,101.09,98.36,98.35,97.37,99.80,99.69,101.66,101.75,101.19,98.93,98.59,100.23,100.53,100.10,98.68,98.49,99.28,100.91,99.11,99.61,101.29,97.35,100.72,97.90,100.11,96.33,97.54,95.61,97.24,96.73,99.57,99.19,97.89,99.52,98.21,95.79,96.23,99.08,98.10,99.03,101.82,100.60,102.17,105.29,103.84,105.53,104.07,103.12,104.05,104.91,,,,,,,,,,,,,,,,,,,,,,,,,,,,,,,,,,,,,,,,,,,,,,,,
Producto,0.000432242,06111226,ANTIFÚNGICOS PARA USO DERMATOLÓGICO (D01),98.52,97.84,98.50,97.51,97.52,98.62,98.58,97.90,98.62,98.64,98.09,97.80,101.56,107.77,113.12,114.60,120.62,120.77,121.79,122.19,121.94,126.52,127.67,128.61,127.71,132.25,137.47,137.66,139.39,138.19,141.17,140.83,141.82,141.91,143.39,142.95,141.76,143.11,142.72,142.39,141.50,143.41,144.16,145.29,146.35,146.08,146.35,147.49,149.01,148.75,149.41,149.26,149.12,149.19,149.00,149.12,148.39,148.07,148.53,147.52,146.27,148.13,148.76,150.63,150.23,148.51,150.91,150.71,150.60,149.34,149.02,148.95,149.24,149.30,148.15,149.38,147.56,146.18,151.71,166.59,164.05,169.20,169.13,171.39,174.70,175.23,173.95,173.38,171.94,175.96,175.76,176.56,179.52,180.37,179.89,179.56,180.14,180.38,181.38,180.41,181.25,179.65,180.82,182.01,180.85,182.42,182.20,179.85,180.77,182.00,180.63,179.54,185.55,186.89,185.85,191.78,192.49,192.65,193.01,190.85,191.18,191.31,192.17,196.06,197.74,200.34,202.24,201.41,211.06,214.93,219.54,223.00,223.78,225.13,226.31,229.37,228.22,232.18,,,,,,,,,,,,,,,,,,,,,,,,,,,,,,,,,,,,,,,,,,,,,,,,
Producto,0.000622886,06111227,OFTALMOLÓGICOS (S01),110.66,110.77,110.49,110.75,111.07,111.08,110.34,110.39,110.56,110.85,110.43,110.14,110.74,110.36,110.41,110.17,110.61,112.24,110.95,110.62,111.27,111.04,112.20,112.45,111.54,111.47,111.77,112.71,112.55,111.27,110.42,110.56,111.08,110.96,110.92,111.00,110.97,111.36,110.78,110.35,109.64,109.47,110.57,110.80,110.87,110.84,109.87,108.67,107.73,106.83,110.51,110.40,108.83,102.47,106.92,107.92,107.49,108.41,107.00,107.35,107.30,108.79,109.94,108.56,108.94,109.08,109.45,108.70,108.52,109.05,108.20,109.33,107.92,109.19,105.06,105.91,105.46,106.76,106.88,105.59,105.76,106.56,111.81,115.14,115.47,115.19,115.65,116.24,118.72,118.74,117.62,117.56,117.66,119.43,120.30,119.06,119.03,117.88,119.55,119.69,128.11,131.04,129.51,129.62,133.50,130.92,132.30,138.62,140.10,136.88,139.09,137.26,137.43,136.85,137.92,137.80,142.35,143.69,151.74,149.52,154.41,165.10,170.24,172.04,171.57,172.20,171.62,173.25,178.70,187.56,188.07,192.47,192.93,195.09,197.82,197.13,198.32,193.50,,,,,,,,,,,,,,,,,,,,,,,,,,,,,,,,,,,,,,,,,,,,,,,,
Producto,0.001191601,06111228,MEDICAMENTOS PARA EL SISTEMA NERVIOSO (N),99.62,99.91,99.97,98.95,99.13,100.15,99.86,100.09,100.09,100.18,99.94,99.93,99.35,99.44,99.30,100.77,102.89,101.93,102.76,103.16,103.06,103.35,103.31,103.15,102.98,103.29,103.33,102.99,103.02,101.84,101.80,101.78,101.56,101.46,101.11,101.40,101.41,101.36,101.32,101.31,101.04,101.29,102.36,102.05,102.24,102.57,101.77,101.64,101.34,99.98,101.24,101.21,101.82,101.85,101.92,101.16,101.36,101.82,101.77,100.18,100.91,100.70,100.70,101.14,101.64,101.33,101.87,100.62,100.19,100.92,98.93,99.20,98.33,98.63,99.46,99.37,99.50,99.25,100.40,99.14,99.27,99.06,97.93,99.28,98.35,99.96,99.39,97.79,101.90,119.65,117.14,105.65,103.68,103.73,104.69,104.81,103.07,107.23,107.57,108.90,107.67,106.53,107.97,107.52,109.08,109.89,107.56,107.45,108.62,106.33,108.81,106.23,110.55,107.44,108.72,109.77,103.16,105.81,106.98,104.28,104.36,102.82,102.39,102.74,104.42,105.66,106.18,105.10,105.83,107.17,104.00,106.91,107.31,108.75,107.57,109.89,109.82,109.56,,,,,,,,,,,,,,,,,,,,,,,,,,,,,,,,,,,,,,,,,,,,,,,,
Producto,0.007076605,06111229,"SUPLEMENTOS MINERALES, VITAMINAS Y PREPARADOS ANTIANÉMICOS (A12) (A11) (B03)",100.12,100.07,100.49,100.30,97.52,100.14,100.07,100.52,100.39,97.91,100.15,100.42,102.35,102.90,102.13,104.49,101.76,105.10,105.40,105.29,105.59,108.38,110.04,109.66,108.90,108.80,105.45,108.68,106.43,108.77,109.68,109.15,109.93,110.23,107.32,108.48,108.56,108.58,107.18,108.99,110.34,110.06,109.09,109.66,108.88,109.09,108.66,109.84,107.31,107.30,106.50,110.43,104.96,109.13,112.39,114.12,109.29,105.90,109.35,110.78,110.89,111.44,111.33,116.22,113.77,116.44,119.12,124.74,129.68,132.01,130.64,132.48,132.68,131.66,131.84,130.58,128.95,131.60,135.56,131.41,130.03,123.86,133.89,128.88,124.90,126.77,119.00,118.09,129.29,130.20,123.79,129.08,126.24,130.20,124.61,128.83,126.19,127.79,123.72,127.89,129.33,130.59,128.48,133.05,133.18,126.49,124.64,126.58,133.33,131.40,126.58,135.81,131.92,133.68,134.09,134.26,134.68,132.36,133.66,130.60,133.01,133.14,129.97,129.48,125.61,130.02,137.93,138.18,135.92,137.65,140.71,142.65,141.86,144.51,146.01,150.16,149.18,152.82,,,,,,,,,,,,,,,,,,,,,,,,,,,,,,,,,,,,,,,,,,,,,,,,
Clase,0.000820938,0612,Otros productos médicos (ND),101.07,101.22,100.70,101.71,103.19,103.64,103.22,103.15,103.55,104.05,103.76,104.44,105.31,108.30,108.38,109.06,113.34,117.50,118.40,118.27,118.93,118.27,118.84,119.02,119.84,115.28,112.92,118.54,119.09,118.27,115.49,116.92,117.37,116.07,118.23,118.76,124.30,124.86,125.93,124.65,125.12,125.99,126.17,125.31,125.76,122.82,125.46,125.21,123.45,120.82,125.13,125.53,125.59,124.87,124.64,124.79,124.82,125.12,123.79,122.92,123.46,120.20,123.68,125.14,127.16,124.33,126.14,126.10,129.37,126.96,116.80,114.02,113.22,112.85,109.82,107.36,118.23,125.21,123.96,122.66,125.81,122.03,124.58,124.33,124.48,120.77,123.94,123.97,126.02,126.89,125.67,126.93,128.28,128.96,133.36,134.51,130.69,128.91,130.43,130.15,130.60,131.28,130.18,129.79,133.64,134.28,132.32,131.57,133.20,127.17,132.38,125.30,128.71,127.76,131.32,131.89,132.40,133.74,134.38,129.97,132.29,129.44,132.62,135.54,136.84,136.29,130.76,133.63,135.66,135.90,138.43,135.37,137.01,137.65,132.87,133.32,135.93,133.68,,,,,,,,,,,,,,,,,,,,,,,,,,,,,,,,,,,,,,,,,,,,,,,,
Subclase,0.000820938,06121,Antisépticos y preservativos,101.07,101.22,100.70,101.71,103.19,103.64,103.22,103.15,103.55,104.05,103.76,104.44,105.31,108.30,108.38,109.06,113.34,117.50,118.40,118.27,118.93,118.27,118.84,119.02,119.84,115.28,112.92,118.54,119.09,118.27,115.49,116.92,117.37,116.07,118.23,118.76,124.30,124.86,125.93,124.65,125.12,125.99,126.17,125.31,125.76,122.82,125.46,125.21,123.45,120.82,125.13,125.53,125.59,124.87,124.64,124.79,124.82,125.12,123.79,122.92,123.46,120.20,123.68,125.14,127.16,124.33,126.14,126.10,129.37,126.96,116.80,114.02,113.22,112.85,109.82,107.36,118.23,125.21,123.96,122.66,125.81,122.03,124.58,124.33,124.48,120.77,123.94,123.97,126.02,126.89,125.67,126.93,128.28,128.96,133.36,134.51,130.69,128.91,130.43,130.15,130.60,131.28,130.18,129.79,133.64,134.28,132.32,131.57,133.20,127.17,132.38,125.30,128.71,127.76,131.32,131.89,132.40,133.74,134.38,129.97,132.29,129.44,132.62,135.54,136.84,136.29,130.76,133.63,135.66,135.90,138.43,135.37,137.01,137.65,132.87,133.32,135.93,133.68,,,,,,,,,,,,,,,,,,,,,,,,,,,,,,,,,,,,,,,,,,,,,,,,
Producto,0.000433814,06121230,ALCOHOL ANTISÉPTICO,98.77,98.68,98.64,97.24,99.83,100.13,99.23,99.63,99.61,100.66,100.70,102.09,101.81,102.22,102.38,103.88,111.28,116.56,118.06,119.45,120.43,120.20,120.10,120.28,121.77,121.48,116.25,120.27,121.75,121.63,116.21,119.16,119.60,117.48,121.63,122.30,129.92,132.04,133.51,133.64,134.63,135.46,135.63,134.10,134.57,129.18,134.99,134.73,135.73,134.78,132.10,132.56,133.45,132.15,132.20,132.14,132.94,133.11,131.52,128.86,130.22,128.72,133.38,134.68,137.59,132.64,134.98,135.23,142.48,143.79,127.20,122.55,121.21,121.73,114.65,111.30,133.14,144.16,142.65,139.45,145.25,138.34,142.51,141.47,140.81,139.47,142.66,142.22,141.90,144.02,139.77,141.77,141.54,140.13,145.82,146.61,142.20,143.27,142.30,143.93,141.55,144.30,145.40,143.99,146.68,147.66,143.34,142.41,143.44,143.40,143.58,131.95,137.17,139.89,144.57,147.94,145.62,148.05,145.47,143.72,143.98,145.14,142.80,146.87,147.17,147.56,141.83,146.22,147.10,146.51,147.11,144.32,145.70,147.07,139.93,141.67,143.70,140.52,,,,,,,,,,,,,,,,,,,,,,,,,,,,,,,,,,,,,,,,,,,,,,,,
Producto,0.000387124,06121231,PRESERVATIVO,103.66,104.05,103.01,106.73,106.96,107.58,107.69,107.08,107.97,107.84,107.19,107.08,109.22,115.11,115.12,114.86,115.65,118.56,118.78,116.96,117.25,116.10,117.43,117.61,117.67,108.33,109.19,116.60,116.10,114.50,114.69,114.40,114.87,114.50,114.42,114.80,118.00,116.81,117.42,114.59,114.47,115.38,115.56,115.46,115.89,115.68,114.77,114.54,109.68,105.17,117.32,117.66,116.78,116.70,116.18,116.54,115.73,116.18,115.13,116.26,115.88,110.64,112.81,114.45,115.47,115.01,116.23,115.85,114.68,108.10,105.14,104.46,104.26,102.91,104.41,102.95,101.53,103.98,103.02,103.85,104.02,103.74,104.48,105.13,106.19,99.81,102.97,103.51,108.22,107.70,109.87,110.31,113.42,116.43,119.39,120.96,117.80,112.81,117.13,114.71,118.34,116.68,113.13,113.88,119.02,119.28,119.98,119.43,121.71,108.98,119.83,117.84,119.23,114.17,116.47,113.90,117.59,117.71,121.95,114.56,119.19,111.84,121.21,122.84,125.27,123.66,118.35,119.53,122.84,124.02,128.70,125.33,127.28,127.09,124.96,123.98,127.22,126.03,,,,,,,,,,,,,,,,,,,,,,,,,,,,,,,,,,,,,,,,,,,,,,,,
Clase,0.003188691,0613,Artefactos y equipo terapéuticos (D),101.71,101.96,100.57,100.52,102.98,103.39,105.60,106.01,106.79,107.04,107.04,106.20,105.77,106.46,108.13,109.59,109.74,108.62,108.65,108.77,108.87,108.24,108.16,107.94,107.53,106.81,106.83,106.94,107.44,106.78,105.96,106.41,105.78,106.00,105.98,105.72,105.70,105.98,106.44,106.74,106.16,106.51,106.53,106.64,106.68,106.72,106.35,105.90,106.60,106.59,106.42,106.68,106.70,106.21,106.76,106.59,107.51,107.01,107.30,107.74,107.68,107.88,107.93,107.03,107.32,108.16,108.12,108.15,109.23,109.42,109.09,108.84,108.41,108.34,107.80,107.54,108.03,108.47,108.04,108.32,107.79,108.13,108.15,108.13,107.31,108.24,107.59,107.11,108.01,107.92,108.46,108.08,108.20,107.63,108.02,108.60,108.80,108.84,108.49,108.76,108.34,108.66,108.90,109.19,108.88,108.55,108.74,108.96,109.49,109.82,110.66,114.01,114.52,114.33,114.53,114.41,114.54,113.80,113.70,114.49,113.96,114.58,114.80,114.51,114.51,114.75,114.79,115.01,116.04,116.67,116.72,116.60,116.54,116.63,117.06,116.96,117.06,117.26,,,,,,,,,,,,,,,,,,,,,,,,,,,,,,,,,,,,,,,,,,,,,,,,
Subclase,0.003188691,06131,Artefactos y equipos terapéuticos,101.71,101.96,100.57,100.52,102.98,103.39,105.60,106.01,106.79,107.04,107.04,106.20,105.77,106.46,108.13,109.59,109.74,108.62,108.65,108.77,108.87,108.24,108.16,107.94,107.53,106.81,106.83,106.94,107.44,106.78,105.96,106.41,105.78,106.00,105.98,105.72,105.70,105.98,106.44,106.74,106.16,106.51,106.53,106.64,106.68,106.72,106.35,105.90,106.60,106.59,106.42,106.68,106.70,106.21,106.76,106.59,107.51,107.01,107.30,107.74,107.68,107.88,107.93,107.03,107.32,108.16,108.12,108.15,109.23,109.42,109.09,108.84,108.41,108.34,107.80,107.54,108.03,108.47,108.04,108.32,107.79,108.13,108.15,108.13,107.31,108.24,107.59,107.11,108.01,107.92,108.46,108.08,108.20,107.63,108.02,108.60,108.80,108.84,108.49,108.76,108.34,108.66,108.90,109.19,108.88,108.55,108.74,108.96,109.49,109.82,110.66,114.01,114.52,114.33,114.53,114.41,114.54,113.80,113.70,114.49,113.96,114.58,114.80,114.51,114.51,114.75,114.79,115.01,116.04,116.67,116.72,116.60,116.54,116.63,117.06,116.96,117.06,117.26,,,,,,,,,,,,,,,,,,,,,,,,,,,,,,,,,,,,,,,,,,,,,,,,
Producto,0.002866244,06131232,LENTES ÓPTICOS DE CORRECCIÓN,101.11,101.41,99.89,99.82,102.54,102.99,105.34,105.79,106.66,106.93,106.93,106.00,106.00,106.77,108.63,110.25,110.42,109.07,109.10,109.24,109.34,108.64,108.55,108.31,107.85,107.05,107.08,107.18,107.65,107.29,106.38,106.84,106.14,106.39,106.36,106.07,106.05,106.36,106.85,107.18,106.53,106.93,106.95,106.80,106.85,106.89,106.48,105.98,106.76,106.75,106.56,106.85,106.87,106.82,106.93,106.92,107.94,107.38,107.70,108.19,108.13,108.34,108.39,107.40,107.71,108.66,108.61,108.64,109.85,110.05,109.78,109.50,108.84,108.78,108.18,107.89,108.44,108.94,108.45,108.77,108.18,108.63,108.60,108.57,108.20,109.22,108.50,107.97,108.95,108.78,109.40,108.98,109.10,108.38,108.70,109.34,109.57,109.51,109.20,109.48,109.02,109.37,109.64,109.98,109.64,109.79,109.99,110.25,110.83,111.20,112.13,115.72,116.28,116.07,115.83,115.70,115.84,115.25,115.14,116.02,115.72,116.41,116.66,116.33,116.30,116.57,116.62,116.86,118.00,118.68,118.74,118.78,118.70,118.76,119.25,119.13,119.24,119.47,,,,,,,,,,,,,,,,,,,,,,,,,,,,,,,,,,,,,,,,,,,,,,,,
Producto,0.000322447,06131233,AUDÍFONOS DE CORRECCIÓN,107.01,106.84,106.70,106.70,106.91,106.91,107.96,107.96,107.96,107.96,107.96,107.96,103.71,103.71,103.71,103.71,103.71,104.65,104.65,104.65,104.65,104.65,104.65,104.65,104.65,104.65,104.65,104.72,105.59,102.21,102.21,102.56,102.56,102.56,102.56,102.56,102.56,102.56,102.79,102.79,102.79,102.79,102.79,105.18,105.18,105.18,105.18,105.18,105.18,105.18,105.18,105.18,105.18,100.81,105.18,103.72,103.72,103.72,103.77,103.77,103.64,103.77,103.77,103.77,103.77,103.77,103.77,103.77,103.77,103.77,102.97,102.97,104.52,104.43,104.45,104.45,104.36,104.36,104.36,104.36,104.30,103.62,104.19,104.19,99.44,99.53,99.53,99.44,99.67,100.20,100.08,100.08,100.20,100.95,102.00,102.00,102.01,102.84,102.20,102.28,102.28,102.28,102.28,102.16,102.16,97.57,97.57,97.57,97.57,97.57,97.51,98.83,98.83,98.85,103.00,103.00,102.96,100.86,100.86,100.86,98.30,98.30,98.30,98.30,98.65,98.58,98.58,98.58,98.58,98.78,98.78,97.31,97.31,97.61,97.61,97.61,97.61,97.63,,,,,,,,,,,,,,,,,,,,,,,,,,,,,,,,,,,,,,,,,,,,,,,,
Grupo,0.021391177,062,Servicios para pacientes externos,105.73,105.82,106.15,106.42,107.93,108.24,108.61,108.37,109.35,109.45,109.58,109.63,110.42,110.54,110.75,110.78,110.99,111.66,112.15,112.21,111.97,112.28,111.08,111.11,110.82,111.25,111.27,111.71,111.91,111.89,111.82,112.05,112.13,112.15,112.15,111.79,112.00,112.61,113.02,113.77,113.84,113.84,114.01,113.52,113.94,113.95,114.08,114.06,114.53,114.69,115.00,115.56,115.32,116.06,116.33,116.20,116.27,116.40,116.63,116.64,117.70,117.63,117.69,117.38,118.16,118.41,118.84,119.22,119.31,118.37,120.53,120.90,121.21,121.38,121.34,121.39,121.89,122.69,123.22,123.47,123.36,123.96,124.05,124.04,124.84,124.73,124.83,125.20,125.41,124.93,125.22,125.53,125.61,125.44,125.25,125.28,125.72,125.86,125.61,125.38,125.23,125.34,125.12,125.39,125.73,125.44,125.56,124.96,125.13,126.42,126.52,126.99,127.36,127.51,127.79,127.75,127.71,127.66,127.39,127.34,127.49,127.66,127.88,127.76,128.60,128.75,128.85,129.10,128.99,129.04,129.21,130.02,130.27,129.83,131.03,131.38,130.97,131.27,,,,,,,,,,,,,,,,,,,,,,,,,,,,,,,,,,,,,,,,,,,,,,,,
Clase,0.009042585,0621,Servicios médicos (S),107.18,107.30,108.08,107.80,108.36,108.36,108.36,108.00,110.03,110.30,110.38,110.74,111.20,111.35,111.70,111.46,112.54,112.94,112.94,113.06,113.33,114.12,111.49,111.48,112.77,113.23,113.27,113.62,113.80,113.80,113.80,113.56,113.72,113.85,113.85,112.90,113.19,114.42,115.06,116.63,116.52,116.57,116.95,116.32,116.36,116.49,116.49,116.62,116.96,116.96,117.23,118.13,117.99,118.86,118.90,118.96,118.94,119.05,119.06,119.08,119.27,119.18,119.62,118.83,120.15,120.15,120.90,121.81,121.87,120.37,121.89,122.05,122.60,123.01,123.48,123.59,123.83,123.52,124.38,124.60,124.30,125.10,125.57,125.49,125.75,126.17,125.88,126.61,126.59,126.28,126.71,127.25,127.38,127.83,127.15,127.29,128.24,128.93,129.24,128.76,128.70,128.13,128.79,128.79,129.26,129.26,129.30,128.43,128.51,129.59,130.05,130.69,131.01,131.01,131.69,131.69,131.58,131.44,130.77,130.77,131.11,132.08,132.20,132.39,133.91,133.88,133.60,134.07,133.63,133.69,133.69,133.77,134.00,134.00,135.15,135.60,135.28,135.88,,,,,,,,,,,,,,,,,,,,,,,,,,,,,,,,,,,,,,,,,,,,,,,,
Subclase,0.009042585,06211,Servicios médicos,107.18,107.30,108.08,107.80,108.36,108.36,108.36,108.00,110.03,110.30,110.38,110.74,111.20,111.35,111.70,111.46,112.54,112.94,112.94,113.06,113.33,114.12,111.49,111.48,112.77,113.23,113.27,113.62,113.80,113.80,113.80,113.56,113.72,113.85,113.85,112.90,113.19,114.42,115.06,116.63,116.52,116.57,116.95,116.32,116.36,116.49,116.49,116.62,116.96,116.96,117.23,118.13,117.99,118.86,118.90,118.96,118.94,119.05,119.06,119.08,119.27,119.18,119.62,118.83,120.15,120.15,120.90,121.81,121.87,120.37,121.89,122.05,122.60,123.01,123.48,123.59,123.83,123.52,124.38,124.60,124.30,125.10,125.57,125.49,125.75,126.17,125.88,126.61,126.59,126.28,126.71,127.25,127.38,127.83,127.15,127.29,128.24,128.93,129.24,128.76,128.70,128.13,128.79,128.79,129.26,129.26,129.30,128.43,128.51,129.59,130.05,130.69,131.01,131.01,131.69,131.69,131.58,131.44,130.77,130.77,131.11,132.08,132.20,132.39,133.91,133.88,133.60,134.07,133.63,133.69,133.69,133.77,134.00,134.00,135.15,135.60,135.28,135.88,,,,,,,,,,,,,,,,,,,,,,,,,,,,,,,,,,,,,,,,,,,,,,,,
Producto,0.00194928,06211234,CONSULTA MÉDICO GENERAL,103.25,103.25,104.52,104.29,104.51,104.51,104.51,104.51,104.62,104.92,105.29,105.29,105.58,106.26,107.17,106.94,106.94,107.07,107.07,107.63,107.63,109.69,107.31,107.26,108.21,108.36,108.51,109.43,109.54,109.54,109.54,109.94,110.10,110.41,110.41,110.41,110.89,111.01,111.87,111.71,111.19,111.44,111.44,110.47,110.63,110.63,110.63,110.63,110.63,110.63,110.63,112.29,111.94,112.90,112.14,111.89,111.71,111.89,110.62,110.68,111.11,111.32,112.59,113.05,112.78,114.19,115.02,115.96,116.27,114.43,117.72,117.92,117.66,118.79,117.48,118.01,118.41,118.57,118.66,118.68,118.66,119.96,120.62,120.51,121.23,121.63,121.79,121.79,121.79,121.09,121.09,121.09,121.26,120.92,121.11,120.92,121.55,122.29,121.90,121.70,119.17,119.01,120.36,120.36,120.36,120.36,120.53,119.17,119.51,122.51,122.51,122.51,122.51,122.51,122.30,122.30,122.35,122.76,120.54,120.54,120.54,120.84,120.59,120.78,120.58,120.58,120.34,120.30,118.25,118.54,118.54,118.27,118.87,118.87,120.92,120.92,120.50,121.05,,,,,,,,,,,,,,,,,,,,,,,,,,,,,,,,,,,,,,,,,,,,,,,,
Producto,0.007093305,06211235,CONSULTA MÉDICO ESPECIALISTA,108.26,108.42,109.06,108.76,109.41,109.41,109.41,108.96,111.51,111.78,111.78,112.24,112.74,112.74,112.95,112.71,114.08,114.56,114.56,114.56,114.90,115.33,112.64,112.64,114.02,114.57,114.57,114.77,114.97,114.97,114.97,114.55,114.72,114.80,114.80,113.59,113.82,115.36,115.94,117.98,117.98,117.98,118.46,117.93,117.93,118.10,118.10,118.27,118.70,118.70,119.05,119.74,119.66,120.50,120.76,120.90,120.92,121.02,121.39,121.39,121.51,121.35,121.55,120.41,122.18,121.79,122.51,123.41,123.41,122.00,123.04,123.18,123.96,124.17,125.13,125.13,125.31,124.88,125.95,126.23,125.85,126.51,126.94,126.85,127.00,127.41,127.00,127.93,127.90,127.71,128.26,128.94,129.06,129.73,128.81,129.04,130.08,130.76,131.26,130.70,131.32,130.64,131.11,131.11,131.71,131.71,131.71,130.97,130.98,131.54,132.13,132.94,133.34,133.34,134.26,134.26,134.12,133.82,133.57,133.57,134.01,135.17,135.39,135.58,137.57,137.53,137.25,137.85,137.85,137.85,137.85,138.03,138.16,138.16,139.05,139.63,139.34,139.95,,,,,,,,,,,,,,,,,,,,,,,,,,,,,,,,,,,,,,,,,,,,,,,,
Clase,0.005804755,0622,Servicios dentales (S),107.83,107.75,108.37,108.97,112.37,113.43,114.57,114.13,114.78,114.78,114.97,114.97,116.86,116.86,117.03,117.44,117.44,117.67,120.17,120.23,118.03,117.87,117.39,117.39,113.91,114.71,114.75,115.76,116.49,116.49,116.17,117.46,117.46,117.46,117.69,117.69,117.86,118.15,118.63,118.55,118.81,118.81,118.81,118.93,119.92,119.92,120.10,119.98,121.22,121.22,121.22,121.22,121.22,123.04,123.96,123.07,123.07,123.35,123.35,123.35,127.12,126.84,126.84,126.84,126.84,127.86,127.86,127.35,127.58,126.69,129.40,130.47,130.98,130.98,130.25,130.22,130.22,133.47,134.35,134.35,134.31,135.18,135.88,135.88,137.52,136.87,137.57,137.54,137.84,136.99,137.33,137.33,137.57,136.30,136.30,136.30,135.86,135.86,134.37,134.26,133.77,135.13,133.13,134.21,134.56,133.63,134.17,132.97,132.80,135.48,135.48,136.00,136.73,137.34,137.38,137.38,137.38,137.38,137.34,137.34,137.34,136.50,137.10,137.40,138.19,138.15,138.95,139.21,139.36,139.40,140.04,142.83,143.17,141.49,142.87,143.41,142.44,142.39,,,,,,,,,,,,,,,,,,,,,,,,,,,,,,,,,,,,,,,,,,,,,,,,
Subclase,0.005804755,06221,Servicios dentales,107.83,107.75,108.37,108.97,112.37,113.43,114.57,114.13,114.78,114.78,114.97,114.97,116.86,116.86,117.03,117.44,117.44,117.67,120.17,120.23,118.03,117.87,117.39,117.39,113.91,114.71,114.75,115.76,116.49,116.49,116.17,117.46,117.46,117.46,117.69,117.69,117.86,118.15,118.63,118.55,118.81,118.81,118.81,118.93,119.92,119.92,120.10,119.98,121.22,121.22,121.22,121.22,121.22,123.04,123.96,123.07,123.07,123.35,123.35,123.35,127.12,126.84,126.84,126.84,126.84,127.86,127.86,127.35,127.58,126.69,129.40,130.47,130.98,130.98,130.25,130.22,130.22,133.47,134.35,134.35,134.31,135.18,135.88,135.88,137.52,136.87,137.57,137.54,137.84,136.99,137.33,137.33,137.57,136.30,136.30,136.30,135.86,135.86,134.37,134.26,133.77,135.13,133.13,134.21,134.56,133.63,134.17,132.97,132.80,135.48,135.48,136.00,136.73,137.34,137.38,137.38,137.38,137.38,137.34,137.34,137.34,136.50,137.10,137.40,138.19,138.15,138.95,139.21,139.36,139.40,140.04,142.83,143.17,141.49,142.87,143.41,142.44,142.39,,,,,,,,,,,,,,,,,,,,,,,,,,,,,,,,,,,,,,,,,,,,,,,,
Producto,0.005804755,06221236,SERVICIOS ODONTOLÓGICOS,107.83,107.75,108.37,108.97,112.37,113.43,114.57,114.13,114.78,114.78,114.97,114.97,116.86,116.86,117.03,117.44,117.44,117.67,120.17,120.23,118.03,117.87,117.39,117.39,113.91,114.71,114.75,115.76,116.49,116.49,116.17,117.46,117.46,117.46,117.69,117.69,117.86,118.15,118.63,118.55,118.81,118.81,118.81,118.93,119.92,119.92,120.10,119.98,121.22,121.22,121.22,121.22,121.22,123.04,123.96,123.07,123.07,123.35,123.35,123.35,127.12,126.84,126.84,126.84,126.84,127.86,127.86,127.35,127.58,126.69,129.40,130.47,130.98,130.98,130.25,130.22,130.22,133.47,134.35,134.35,134.31,135.18,135.88,135.88,137.52,136.87,137.57,137.54,137.84,136.99,137.33,137.33,137.57,136.30,136.30,136.30,135.86,135.86,134.37,134.26,133.77,135.13,133.13,134.21,134.56,133.63,134.17,132.97,132.80,135.48,135.48,136.00,136.73,137.34,137.38,137.38,137.38,137.38,137.34,137.34,137.34,136.50,137.10,137.40,138.19,138.15,138.95,139.21,139.36,139.40,140.04,142.83,143.17,141.49,142.87,143.41,142.44,142.39,,,,,,,,,,,,,,,,,,,,,,,,,,,,,,,,,,,,,,,,,,,,,,,,
Clase,0.006543838,0623,Servicios paramédicos (S),101.85,102.06,101.50,102.26,103.41,103.49,103.68,103.77,103.58,103.55,103.68,103.37,103.61,103.82,103.86,103.94,103.14,104.56,103.93,103.93,104.71,104.79,104.90,105.03,105.38,105.42,105.42,105.49,105.22,105.18,105.23,105.15,105.19,105.10,104.89,105.01,105.16,105.19,105.22,105.56,105.73,105.66,105.68,104.84,105.31,105.15,105.42,105.26,105.22,105.74,106.38,106.97,106.38,105.99,106.02,106.30,106.55,106.56,107.32,107.31,107.19,107.32,106.91,106.98,107.71,107.62,107.98,108.43,108.44,108.21,110.78,110.81,110.62,110.60,110.49,110.52,111.81,111.98,111.76,112.27,112.35,112.43,111.44,111.55,112.34,111.97,112.08,112.32,112.75,112.36,112.42,112.71,112.56,112.49,112.84,112.73,113.23,112.74,112.81,112.83,112.86,112.79,112.95,112.87,113.01,112.90,112.77,113.07,113.67,113.99,113.69,113.89,114.00,113.95,113.90,113.79,113.79,113.84,113.90,113.73,113.74,113.71,113.73,112.83,112.76,113.31,113.31,113.25,113.39,113.42,113.42,113.46,113.66,113.71,114.84,114.89,114.82,115.03,,,,,,,,,,,,,,,,,,,,,,,,,,,,,,,,,,,,,,,,,,,,,,,,
Subclase,0.006543838,06231,Servicios paramédicos,101.85,102.06,101.50,102.26,103.41,103.49,103.68,103.77,103.58,103.55,103.68,103.37,103.61,103.82,103.86,103.94,103.14,104.56,103.93,103.93,104.71,104.79,104.90,105.03,105.38,105.42,105.42,105.49,105.22,105.18,105.23,105.15,105.19,105.10,104.89,105.01,105.16,105.19,105.22,105.56,105.73,105.66,105.68,104.84,105.31,105.15,105.42,105.26,105.22,105.74,106.38,106.97,106.38,105.99,106.02,106.30,106.55,106.56,107.32,107.31,107.19,107.32,106.91,106.98,107.71,107.62,107.98,108.43,108.44,108.21,110.78,110.81,110.62,110.60,110.49,110.52,111.81,111.98,111.76,112.27,112.35,112.43,111.44,111.55,112.34,111.97,112.08,112.32,112.75,112.36,112.42,112.71,112.56,112.49,112.84,112.73,113.23,112.74,112.81,112.83,112.86,112.79,112.95,112.87,113.01,112.90,112.77,113.07,113.67,113.99,113.69,113.89,114.00,113.95,113.90,113.79,113.79,113.84,113.90,113.73,113.74,113.71,113.73,112.83,112.76,113.31,113.31,113.25,113.39,113.42,113.42,113.46,113.66,113.71,114.84,114.89,114.82,115.03,,,,,,,,,,,,,,,,,,,,,,,,,,,,,,,,,,,,,,,,,,,,,,,,
Producto,0.000707696,06231237,EXÁMENES MÉDICOS DE SONIDO,108.16,108.41,108.89,108.89,108.89,109.50,109.97,110.03,111.65,112.29,112.40,112.53,112.13,112.60,112.90,112.76,112.51,113.07,111.69,111.69,112.72,113.29,112.94,113.85,114.19,115.19,115.09,114.76,114.74,114.86,114.89,114.97,115.21,114.88,112.96,113.90,114.09,114.79,114.94,115.95,117.27,117.07,117.22,117.98,117.93,116.78,117.78,117.78,117.76,118.06,118.04,118.04,118.00,118.00,118.00,117.88,118.50,118.55,118.55,118.55,118.74,118.19,118.51,118.51,119.89,119.87,121.47,122.21,121.58,119.85,120.43,120.59,120.56,120.83,121.76,122.12,122.12,122.70,122.68,123.63,123.03,122.90,122.70,122.95,124.18,123.40,123.80,123.98,125.98,125.60,125.08,125.35,125.52,125.69,126.14,125.95,125.67,125.93,126.03,126.09,126.39,126.88,126.39,125.98,126.11,126.11,126.36,126.16,126.93,127.59,127.59,126.91,127.75,125.83,125.27,124.24,124.25,124.73,125.62,125.29,124.89,122.10,122.64,122.64,122.75,122.83,123.23,123.11,122.96,123.06,123.06,123.06,123.50,123.17,123.78,123.65,123.93,123.52,,,,,,,,,,,,,,,,,,,,,,,,,,,,,,,,,,,,,,,,,,,,,,,,
Producto,0.00455277,06231238,EXAMEN DE LABORATORIO,100.70,100.96,99.96,101.05,102.61,102.61,102.77,102.62,102.02,101.74,101.89,101.50,101.82,101.99,101.99,102.13,101.04,102.58,101.91,101.83,102.71,102.69,102.83,102.81,103.13,102.99,102.99,103.11,102.75,102.71,102.71,102.71,102.74,102.65,102.65,102.65,102.79,102.79,102.79,102.99,103.00,102.93,102.93,101.42,102.12,102.13,102.12,102.23,102.17,102.85,103.71,104.63,103.71,103.13,103.13,103.64,103.65,103.69,104.74,104.74,104.68,105.01,104.32,104.40,104.34,104.36,104.53,105.00,105.11,105.11,108.30,108.30,107.93,107.99,107.59,107.35,108.81,109.05,109.39,109.73,109.72,109.78,108.38,108.57,109.45,109.08,109.04,109.12,109.36,109.36,109.49,109.49,109.28,109.18,109.69,109.69,110.07,109.55,109.55,109.20,109.20,109.06,109.01,108.97,109.17,108.97,109.18,109.08,109.59,109.89,109.42,109.34,109.42,109.60,109.61,109.61,109.61,109.61,109.60,109.60,109.54,109.83,109.83,108.51,108.40,109.26,109.38,109.31,109.32,109.32,109.32,109.38,109.52,109.61,111.08,111.08,111.08,111.37,,,,,,,,,,,,,,,,,,,,,,,,,,,,,,,,,,,,,,,,,,,,,,,,
Producto,0.001283372,06231239,EXÁMENES MÉDICOS DE IMÁGENES,102.44,102.48,102.87,102.87,103.25,103.30,103.43,104.38,104.68,105.15,105.25,104.94,105.26,105.47,105.50,105.51,105.41,106.92,106.82,107.09,107.39,107.54,107.82,108.05,108.51,108.68,108.71,108.82,108.74,108.62,108.88,108.38,108.38,108.38,108.38,108.49,108.62,108.43,108.46,108.93,109.02,109.02,109.06,109.74,109.65,109.47,110.29,109.07,109.13,109.20,109.42,109.19,109.46,109.50,109.67,109.35,110.25,110.16,110.29,110.25,109.71,109.53,109.71,109.77,112.94,112.45,112.78,113.00,113.03,112.82,114.23,114.31,114.68,114.22,114.58,115.36,116.76,116.50,114.11,115.01,115.80,116.07,116.11,115.84,116.08,115.90,116.41,117.25,117.48,115.70,115.84,117.17,117.02,116.91,116.65,116.23,117.57,116.78,117.06,118.36,118.36,118.28,119.50,119.47,119.42,119.53,118.01,120.01,120.82,121.06,121.21,122.84,122.67,122.86,122.85,122.82,122.82,122.81,122.70,122.00,122.50,122.81,122.66,122.76,122.73,122.44,121.74,121.81,122.55,122.66,122.66,122.66,122.93,123.05,123.27,123.58,123.10,123.35,,,,,,,,,,,,,,,,,,,,,,,,,,,,,,,,,,,,,,,,,,,,,,,,
Grupo,0.009968499,063,Servicios de hospital (S),104.20,104.20,104.20,104.20,104.20,104.20,105.10,106.71,105.91,105.91,107.02,107.02,107.40,107.87,110.16,110.26,111.16,111.03,111.25,111.36,110.38,110.40,110.51,110.34,110.44,110.78,111.87,111.70,111.68,111.82,111.72,111.91,111.91,111.91,110.55,110.55,110.55,111.92,112.44,113.05,112.38,114.78,114.78,115.55,115.55,115.71,115.49,115.60,114.74,114.95,114.95,114.95,114.95,115.33,115.60,116.23,118.39,117.94,118.03,118.03,118.65,118.92,119.47,119.47,119.47,119.47,119.60,120.25,120.31,120.31,120.31,120.31,120.49,120.49,120.49,120.49,120.66,120.77,120.79,120.79,121.21,122.13,122.13,122.49,123.52,124.51,124.73,124.63,125.05,124.70,125.72,125.61,124.83,125.10,124.85,125.10,125.10,125.44,124.29,125.23,125.85,126.33,127.20,127.35,127.36,127.42,127.27,128.08,128.44,128.42,128.50,128.54,128.54,128.54,127.87,129.35,130.57,130.87,131.01,131.01,131.65,132.69,132.69,132.93,133.11,132.95,132.97,132.97,132.82,132.82,132.67,132.68,133.32,135.44,135.00,135.00,134.07,133.78,,,,,,,,,,,,,,,,,,,,,,,,,,,,,,,,,,,,,,,,,,,,,,,,
Clase,0.009968499,0630,Servicios de hospital (S),104.20,104.20,104.20,104.20,104.20,104.20,105.10,106.71,105.91,105.91,107.02,107.02,107.40,107.87,110.16,110.26,111.16,111.03,111.25,111.36,110.38,110.40,110.51,110.34,110.44,110.78,111.87,111.70,111.68,111.82,111.72,111.91,111.91,111.91,110.55,110.55,110.55,111.92,112.44,113.05,112.38,114.78,114.78,115.55,115.55,115.71,115.49,115.60,114.74,114.95,114.95,114.95,114.95,115.33,115.60,116.23,118.39,117.94,118.03,118.03,118.65,118.92,119.47,119.47,119.47,119.47,119.60,120.25,120.31,120.31,120.31,120.31,120.49,120.49,120.49,120.49,120.66,120.77,120.79,120.79,121.21,122.13,122.13,122.49,123.52,124.51,124.73,124.63,125.05,124.70,125.72,125.61,124.83,125.10,124.85,125.10,125.10,125.44,124.29,125.23,125.85,126.33,127.20,127.35,127.36,127.42,127.27,128.08,128.44,128.42,128.50,128.54,128.54,128.54,127.87,129.35,130.57,130.87,131.01,131.01,131.65,132.69,132.69,132.93,133.11,132.95,132.97,132.97,132.82,132.82,132.67,132.68,133.32,135.44,135.00,135.00,134.07,133.78,,,,,,,,,,,,,,,,,,,,,,,,,,,,,,,,,,,,,,,,,,,,,,,,
Subclase,0.009968499,06301,Servicios de hospital,104.20,104.20,104.20,104.20,104.20,104.20,105.10,106.71,105.91,105.91,107.02,107.02,107.40,107.87,110.16,110.26,111.16,111.03,111.25,111.36,110.38,110.40,110.51,110.34,110.44,110.78,111.87,111.70,111.68,111.82,111.72,111.91,111.91,111.91,110.55,110.55,110.55,111.92,112.44,113.05,112.38,114.78,114.78,115.55,115.55,115.71,115.49,115.60,114.74,114.95,114.95,114.95,114.95,115.33,115.60,116.23,118.39,117.94,118.03,118.03,118.65,118.92,119.47,119.47,119.47,119.47,119.60,120.25,120.31,120.31,120.31,120.31,120.49,120.49,120.49,120.49,120.66,120.77,120.79,120.79,121.21,122.13,122.13,122.49,123.52,124.51,124.73,124.63,125.05,124.70,125.72,125.61,124.83,125.10,124.85,125.10,125.10,125.44,124.29,125.23,125.85,126.33,127.20,127.35,127.36,127.42,127.27,128.08,128.44,128.42,128.50,128.54,128.54,128.54,127.87,129.35,130.57,130.87,131.01,131.01,131.65,132.69,132.69,132.93,133.11,132.95,132.97,132.97,132.82,132.82,132.67,132.68,133.32,135.44,135.00,135.00,134.07,133.78,,,,,,,,,,,,,,,,,,,,,,,,,,,,,,,,,,,,,,,,,,,,,,,,
Producto,0.009968499,06301240,GASTOS EN HOSPITALIZACIÓN,104.20,104.20,104.20,104.20,104.20,104.20,105.10,106.71,105.91,105.91,107.02,107.02,107.40,107.87,110.16,110.26,111.16,111.03,111.25,111.36,110.38,110.40,110.51,110.34,110.44,110.78,111.87,111.70,111.68,111.82,111.72,111.91,111.91,111.91,110.55,110.55,110.55,111.92,112.44,113.05,112.38,114.78,114.78,115.55,115.55,115.71,115.49,115.60,114.74,114.95,114.95,114.95,114.95,115.33,115.60,116.23,118.39,117.94,118.03,118.03,118.65,118.92,119.47,119.47,119.47,119.47,119.60,120.25,120.31,120.31,120.31,120.31,120.49,120.49,120.49,120.49,120.66,120.77,120.79,120.79,121.21,122.13,122.13,122.49,123.52,124.51,124.73,124.63,125.05,124.70,125.72,125.61,124.83,125.10,124.85,125.10,125.10,125.44,124.29,125.23,125.85,126.33,127.20,127.35,127.36,127.42,127.27,128.08,128.44,128.42,128.50,128.54,128.54,128.54,127.87,129.35,130.57,130.87,131.01,131.01,131.65,132.69,132.69,132.93,133.11,132.95,132.97,132.97,132.82,132.82,132.67,132.68,133.32,135.44,135.00,135.00,134.07,133.78,,,,,,,,,,,,,,,,,,,,,,,,,,,,,,,,,,,,,,,,,,,,,,,,
División,0.147383503,07,Transporte,101.32,102.42,102.97,104.72,104.82,105.75,105.21,105.39,105.66,105.64,106.00,105.71,105.99,105.41,105.34,105.40,105.40,105.20,104.97,104.68,105.85,105.95,105.93,106.06,106.03,105.92,105.83,106.01,106.23,106.35,106.30,106.36,106.29,106.04,106.33,106.32,106.05,106.17,105.98,105.91,105.58,105.31,105.57,106.00,107.21,107.34,107.12,107.53,108.82,108.22,107.65,108.06,108.48,108.94,109.16,108.80,108.83,111.18,108.13,108.36,107.86,108.08,107.56,107.46,107.19,106.41,105.14,104.55,105.89,105.96,105.93,105.87,105.95,106.29,107.12,108.64,109.88,110.36,111.27,112.16,112.73,113.69,116.02,116.21,116.05,116.79,117.24,119.11,119.60,120.17,120.41,120.47,120.18,119.51,119.37,119.55,118.88,119.29,119.07,119.09,119.01,118.59,118.81,119.34,120.01,120.37,120.15,119.42,118.02,118.57,119.43,121.36,121.74,121.87,123.09,123.16,122.53,121.74,121.38,122.00,121.61,122.13,122.30,121.58,120.81,120.94,121.47,122.17,122.65,123.11,123.05,123.11,121.78,121.48,122.47,125.48,127.94,130.38,,,,,,,,,,,,,,,,,,,,,,,,,,,,,,,,,,,,,,,,,,,,,,,,
Grupo,0.058542016,071,Adquisición de vehículos,105.17,107.91,109.18,109.97,110.04,109.98,108.72,108.44,109.13,108.73,109.02,108.20,108.80,107.43,107.25,107.29,107.26,106.13,105.22,104.68,104.96,105.42,105.52,105.49,105.51,105.21,105.16,105.17,105.74,106.00,105.95,106.03,105.98,105.52,105.86,105.66,105.89,105.85,105.78,105.33,104.71,104.29,104.11,104.00,103.64,103.83,103.43,102.85,102.94,102.61,102.16,102.07,102.33,102.42,102.46,102.30,102.20,101.92,102.03,101.92,101.81,101.81,101.70,101.43,101.19,100.93,100.66,100.21,100.09,100.07,99.67,99.77,100.09,100.17,100.17,100.07,99.96,99.89,99.65,100.15,100.33,100.65,100.66,100.93,101.40,101.58,101.59,101.75,102.06,102.01,102.20,102.21,102.09,102.39,102.41,102.56,102.58,102.64,102.74,102.70,102.78,102.77,102.71,102.51,102.38,102.36,101.93,101.74,101.50,101.58,101.67,104.02,104.22,104.42,104.33,104.33,104.18,103.93,103.87,103.73,103.96,103.34,103.38,103.30,102.81,102.89,102.79,102.76,102.67,102.59,102.55,102.61,102.55,102.36,102.35,102.13,102.17,102.09,,,,,,,,,,,,,,,,,,,,,,,,,,,,,,,,,,,,,,,,,,,,,,,,
Clase,0.055916632,0711,Vehículos a motor (D),105.29,107.94,108.55,109.21,109.30,109.26,107.95,107.50,108.23,107.69,108.06,107.22,107.81,106.34,106.15,106.24,106.14,104.87,103.92,103.34,103.68,104.16,104.35,104.27,104.27,103.93,103.89,104.03,104.78,105.27,105.22,105.34,105.30,104.83,105.22,104.95,105.19,105.13,105.03,104.55,103.92,103.56,103.33,103.21,102.87,103.09,102.75,102.15,102.19,101.89,101.40,101.34,101.65,101.73,101.76,101.68,101.52,101.33,101.41,101.26,101.11,101.08,100.99,100.74,100.71,100.50,100.10,99.71,99.55,99.47,99.07,99.14,99.27,99.34,99.34,99.26,99.11,99.06,98.91,99.31,99.54,99.85,99.90,100.05,100.46,100.61,100.71,100.88,101.25,101.12,101.25,101.27,101.20,101.57,101.60,101.80,101.82,101.81,101.99,101.94,102.03,102.00,102.01,101.91,101.82,101.67,101.20,101.17,101.07,101.21,101.34,103.69,103.90,104.07,104.00,104.00,103.86,103.60,103.58,103.41,103.62,102.98,103.03,102.99,102.48,102.56,102.52,102.49,102.40,102.35,102.29,102.34,102.33,102.09,102.23,101.87,101.94,101.89,,,,,,,,,,,,,,,,,,,,,,,,,,,,,,,,,,,,,,,,,,,,,,,,
Subclase,0.055916632,07111,Vehículos a motor,105.29,107.94,108.55,109.21,109.30,109.26,107.95,107.50,108.23,107.69,108.06,107.22,107.81,106.34,106.15,106.24,106.14,104.87,103.92,103.34,103.68,104.16,104.35,104.27,104.27,103.93,103.89,104.03,104.78,105.27,105.22,105.34,105.30,104.83,105.22,104.95,105.19,105.13,105.03,104.55,103.92,103.56,103.33,103.21,102.87,103.09,102.75,102.15,102.19,101.89,101.40,101.34,101.65,101.73,101.76,101.68,101.52,101.33,101.41,101.26,101.11,101.08,100.99,100.74,100.71,100.50,100.10,99.71,99.55,99.47,99.07,99.14,99.27,99.34,99.34,99.26,99.11,99.06,98.91,99.31,99.54,99.85,99.90,100.05,100.46,100.61,100.71,100.88,101.25,101.12,101.25,101.27,101.20,101.57,101.60,101.80,101.82,101.81,101.99,101.94,102.03,102.00,102.01,101.91,101.82,101.67,101.20,101.17,101.07,101.21,101.34,103.69,103.90,104.07,104.00,104.00,103.86,103.60,103.58,103.41,103.62,102.98,103.03,102.99,102.48,102.56,102.52,102.49,102.40,102.35,102.29,102.34,102.33,102.09,102.23,101.87,101.94,101.89,,,,,,,,,,,,,,,,,,,,,,,,,,,,,,,,,,,,,,,,,,,,,,,,
Producto,0.055916632,07111241,AUTOMÓVIL,105.29,107.94,108.55,109.21,109.30,109.26,107.95,107.50,108.23,107.69,108.06,107.22,107.81,106.34,106.15,106.24,106.14,104.87,103.92,103.34,103.68,104.16,104.35,104.27,104.27,103.93,103.89,104.03,104.78,105.27,105.22,105.34,105.30,104.83,105.22,104.95,105.19,105.13,105.03,104.55,103.92,103.56,103.33,103.21,102.87,103.09,102.75,102.15,102.19,101.89,101.40,101.34,101.65,101.73,101.76,101.68,101.52,101.33,101.41,101.26,101.11,101.08,100.99,100.74,100.71,100.50,100.10,99.71,99.55,99.47,99.07,99.14,99.27,99.34,99.34,99.26,99.11,99.06,98.91,99.31,99.54,99.85,99.90,100.05,100.46,100.61,100.71,100.88,101.25,101.12,101.25,101.27,101.20,101.57,101.60,101.80,101.82,101.81,101.99,101.94,102.03,102.00,102.01,101.91,101.82,101.67,101.20,101.17,101.07,101.21,101.34,103.69,103.90,104.07,104.00,104.00,103.86,103.60,103.58,103.41,103.62,102.98,103.03,102.99,102.48,102.56,102.52,102.49,102.40,102.35,102.29,102.34,102.33,102.09,102.23,101.87,101.94,101.89,,,,,,,,,,,,,,,,,,,,,,,,,,,,,,,,,,,,,,,,,,,,,,,,
Clase,0.00208169,0712,Motocicletas (D),103.75,109.23,128.54,132.96,132.39,131.75,131.15,135.37,135.27,138.17,136.36,136.61,137.77,138.63,138.47,137.34,139.27,141.11,141.10,141.55,140.39,140.68,138.38,139.74,140.29,140.55,140.47,137.21,133.39,128.01,127.82,126.57,126.28,125.92,125.14,126.90,126.83,127.10,127.94,128.39,127.70,125.56,126.75,126.89,126.41,125.84,124.44,124.43,126.02,124.82,125.46,125.05,123.91,124.30,124.01,122.09,123.32,120.62,121.77,122.38,123.60,124.06,123.72,122.79,116.83,115.21,118.28,115.95,117.14,118.90,118.41,119.42,124.71,125.49,125.19,124.47,125.54,124.98,122.18,125.52,124.40,125.29,124.18,127.93,131.01,131.94,129.97,130.22,128.78,131.07,133.17,132.73,131.60,130.15,130.14,128.80,128.90,130.95,128.80,129.17,128.83,129.30,127.26,124.67,123.71,126.98,127.52,123.18,119.30,117.66,116.59,119.49,119.72,120.75,120.38,120.65,120.32,120.13,119.35,119.97,120.56,120.58,120.24,119.14,118.87,119.23,117.52,117.37,117.19,116.58,116.96,117.19,116.46,117.47,113.29,116.90,115.94,114.91,,,,,,,,,,,,,,,,,,,,,,,,,,,,,,,,,,,,,,,,,,,,,,,,
Subclase,0.00208169,07121,Motocicletas nuevas,103.75,109.23,128.54,132.96,132.39,131.75,131.15,135.37,135.27,138.17,136.36,136.61,137.77,138.63,138.47,137.34,139.27,141.11,141.10,141.55,140.39,140.68,138.38,139.74,140.29,140.55,140.47,137.21,133.39,128.01,127.82,126.57,126.28,125.92,125.14,126.90,126.83,127.10,127.94,128.39,127.70,125.56,126.75,126.89,126.41,125.84,124.44,124.43,126.02,124.82,125.46,125.05,123.91,124.30,124.01,122.09,123.32,120.62,121.77,122.38,123.60,124.06,123.72,122.79,116.83,115.21,118.28,115.95,117.14,118.90,118.41,119.42,124.71,125.49,125.19,124.47,125.54,124.98,122.18,125.52,124.40,125.29,124.18,127.93,131.01,131.94,129.97,130.22,128.78,131.07,133.17,132.73,131.60,130.15,130.14,128.80,128.90,130.95,128.80,129.17,128.83,129.30,127.26,124.67,123.71,126.98,127.52,123.18,119.30,117.66,116.59,119.49,119.72,120.75,120.38,120.65,120.32,120.13,119.35,119.97,120.56,120.58,120.24,119.14,118.87,119.23,117.52,117.37,117.19,116.58,116.96,117.19,116.46,117.47,113.29,116.90,115.94,114.91,,,,,,,,,,,,,,,,,,,,,,,,,,,,,,,,,,,,,,,,,,,,,,,,
Producto,0.00208169,07121242,MOTOCICLETA,103.75,109.23,128.54,132.96,132.39,131.75,131.15,135.37,135.27,138.17,136.36,136.61,137.77,138.63,138.47,137.34,139.27,141.11,141.10,141.55,140.39,140.68,138.38,139.74,140.29,140.55,140.47,137.21,133.39,128.01,127.82,126.57,126.28,125.92,125.14,126.90,126.83,127.10,127.94,128.39,127.70,125.56,126.75,126.89,126.41,125.84,124.44,124.43,126.02,124.82,125.46,125.05,123.91,124.30,124.01,122.09,123.32,120.62,121.77,122.38,123.60,124.06,123.72,122.79,116.83,115.21,118.28,115.95,117.14,118.90,118.41,119.42,124.71,125.49,125.19,124.47,125.54,124.98,122.18,125.52,124.40,125.29,124.18,127.93,131.01,131.94,129.97,130.22,128.78,131.07,133.17,132.73,131.60,130.15,130.14,128.80,128.90,130.95,128.80,129.17,128.83,129.30,127.26,124.67,123.71,126.98,127.52,123.18,119.30,117.66,116.59,119.49,119.72,120.75,120.38,120.65,120.32,120.13,119.35,119.97,120.56,120.58,120.24,119.14,118.87,119.23,117.52,117.37,117.19,116.58,116.96,117.19,116.46,117.47,113.29,116.90,115.94,114.91,,,,,,,,,,,,,,,,,,,,,,,,,,,,,,,,,,,,,,,,,,,,,,,,
Clase,0.000543695,0713,Bicicletas (D),99.21,99.67,100.50,100.62,100.57,100.42,101.86,102.42,102.13,102.46,103.18,99.85,99.53,100.13,100.13,100.18,100.14,101.25,101.27,101.29,100.86,100.72,100.53,99.89,99.87,100.76,100.59,98.96,98.95,97.56,97.56,98.52,98.54,98.62,98.55,97.29,97.53,98.09,97.41,97.45,97.91,97.86,97.70,96.79,95.90,95.45,92.76,92.75,91.87,92.06,91.93,89.66,89.34,89.31,91.73,90.96,90.96,90.90,90.96,91.22,91.22,91.18,90.75,90.75,90.74,90.72,90.74,91.03,90.92,89.18,89.41,89.16,89.34,89.33,89.78,90.38,89.72,88.81,89.76,89.39,88.61,88.53,88.70,87.79,85.28,84.72,82.74,82.56,82.62,82.15,81.09,81.73,80.65,80.62,79.87,80.41,79.98,79.73,79.83,79.65,79.71,80.15,79.95,79.63,78.99,78.97,78.44,78.46,78.09,77.98,77.98,79.01,78.31,77.58,77.53,75.86,75.70,75.60,75.08,75.11,75.18,74.60,74.54,75.16,75.10,75.09,74.95,74.88,74.78,74.59,74.28,74.52,72.47,72.45,72.87,72.52,72.67,73.82,,,,,,,,,,,,,,,,,,,,,,,,,,,,,,,,,,,,,,,,,,,,,,,,
Subclase,0.000543695,07131,Bicicleta,99.21,99.67,100.50,100.62,100.57,100.42,101.86,102.42,102.13,102.46,103.18,99.85,99.53,100.13,100.13,100.18,100.14,101.25,101.27,101.29,100.86,100.72,100.53,99.89,99.87,100.76,100.59,98.96,98.95,97.56,97.56,98.52,98.54,98.62,98.55,97.29,97.53,98.09,97.41,97.45,97.91,97.86,97.70,96.79,95.90,95.45,92.76,92.75,91.87,92.06,91.93,89.66,89.34,89.31,91.73,90.96,90.96,90.90,90.96,91.22,91.22,91.18,90.75,90.75,90.74,90.72,90.74,91.03,90.92,89.18,89.41,89.16,89.34,89.33,89.78,90.38,89.72,88.81,89.76,89.39,88.61,88.53,88.70,87.79,85.28,84.72,82.74,82.56,82.62,82.15,81.09,81.73,80.65,80.62,79.87,80.41,79.98,79.73,79.83,79.65,79.71,80.15,79.95,79.63,78.99,78.97,78.44,78.46,78.09,77.98,77.98,79.01,78.31,77.58,77.53,75.86,75.70,75.60,75.08,75.11,75.18,74.60,74.54,75.16,75.10,75.09,74.95,74.88,74.78,74.59,74.28,74.52,72.47,72.45,72.87,72.52,72.67,73.82,,,,,,,,,,,,,,,,,,,,,,,,,,,,,,,,,,,,,,,,,,,,,,,,
Producto,0.000543695,07131243,BICICLETA,99.21,99.67,100.50,100.62,100.57,100.42,101.86,102.42,102.13,102.46,103.18,99.85,99.53,100.13,100.13,100.18,100.14,101.25,101.27,101.29,100.86,100.72,100.53,99.89,99.87,100.76,100.59,98.96,98.95,97.56,97.56,98.52,98.54,98.62,98.55,97.29,97.53,98.09,97.41,97.45,97.91,97.86,97.70,96.79,95.90,95.45,92.76,92.75,91.87,92.06,91.93,89.66,89.34,89.31,91.73,90.96,90.96,90.90,90.96,91.22,91.22,91.18,90.75,90.75,90.74,90.72,90.74,91.03,90.92,89.18,89.41,89.16,89.34,89.33,89.78,90.38,89.72,88.81,89.76,89.39,88.61,88.53,88.70,87.79,85.28,84.72,82.74,82.56,82.62,82.15,81.09,81.73,80.65,80.62,79.87,80.41,79.98,79.73,79.83,79.65,79.71,80.15,79.95,79.63,78.99,78.97,78.44,78.46,78.09,77.98,77.98,79.01,78.31,77.58,77.53,75.86,75.70,75.60,75.08,75.11,75.18,74.60,74.54,75.16,75.10,75.09,74.95,74.88,74.78,74.59,74.28,74.52,72.47,72.45,72.87,72.52,72.67,73.82,,,,,,,,,,,,,,,,,,,,,,,,,,,,,,,,,,,,,,,,,,,,,,,,
Grupo,0.037375808,072,Funcionamiento de equipo de transporte personal,98.36,98.48,98.52,98.36,98.34,98.31,98.23,98.29,98.32,98.46,98.50,98.44,98.33,98.50,98.34,98.51,98.32,98.92,99.08,99.01,98.99,98.85,99.05,99.14,98.99,99.12,99.05,98.76,98.70,98.58,98.21,98.15,98.29,98.03,98.20,98.09,98.02,98.01,97.86,98.04,97.88,97.73,97.82,99.19,105.63,105.51,105.24,106.65,112.14,110.45,109.15,109.68,111.49,113.62,113.82,112.26,113.04,117.20,110.88,110.78,110.78,110.36,110.05,109.23,108.54,106.63,104.78,103.91,104.18,103.95,103.84,103.99,104.29,105.84,109.10,113.82,115.84,117.49,120.97,124.01,126.42,128.67,131.96,132.28,132.87,134.19,136.86,142.35,144.36,146.05,146.25,147.30,145.12,140.08,139.36,139.46,138.49,138.48,138.58,138.49,137.94,137.50,136.50,138.97,141.75,142.17,141.74,137.50,134.83,135.78,137.43,141.69,143.20,143.50,146.56,146.75,144.78,142.13,141.34,140.49,140.57,142.40,142.10,139.40,137.44,136.99,138.71,141.11,143.79,145.98,145.31,143.42,142.05,140.88,143.41,152.61,163.20,172.26,,,,,,,,,,,,,,,,,,,,,,,,,,,,,,,,,,,,,,,,,,,,,,,,
Clase,0.005121567,0721,Piezas de repuesto y accesorios para equipo de transporte personal (SD),97.34,97.16,97.70,97.00,95.80,95.69,95.83,95.01,94.99,94.30,93.00,93.16,92.47,91.98,91.28,91.95,90.76,92.47,92.95,92.21,92.04,92.06,92.53,91.75,90.67,90.76,90.66,89.84,90.17,91.09,89.09,88.24,90.01,88.30,88.47,88.29,88.04,88.85,88.34,87.92,87.04,86.80,86.68,86.86,86.74,85.95,85.01,85.33,84.98,85.15,83.66,83.58,81.97,82.27,82.39,82.73,82.21,82.60,83.40,82.99,83.62,80.28,79.04,78.94,78.46,78.02,77.68,77.76,77.76,78.06,77.96,78.22,78.35,79.35,79.41,78.55,79.32,80.32,81.07,81.44,83.06,83.97,84.26,83.13,83.29,82.93,83.60,84.54,86.04,85.72,84.67,85.79,85.95,86.04,86.39,86.34,86.15,87.77,86.01,86.75,86.81,87.56,87.69,87.58,87.53,87.01,87.02,86.50,86.52,86.37,86.69,88.04,89.13,88.97,88.58,88.27,88.08,88.41,88.49,87.88,88.36,88.68,87.59,89.13,90.19,90.35,90.46,88.87,88.81,89.54,89.58,90.24,89.89,90.06,90.65,91.11,92.96,93.22,,,,,,,,,,,,,,,,,,,,,,,,,,,,,,,,,,,,,,,,,,,,,,,,
Subclase,0.005121567,07211,Piezas de repuesto y accesorios para equipo de transporte personal,97.34,97.16,97.70,97.00,95.80,95.69,95.83,95.01,94.99,94.30,93.00,93.16,92.47,91.98,91.28,91.95,90.76,92.47,92.95,92.21,92.04,92.06,92.53,91.75,90.67,90.76,90.66,89.84,90.17,91.09,89.09,88.24,90.01,88.30,88.47,88.29,88.04,88.85,88.34,87.92,87.04,86.80,86.68,86.86,86.74,85.95,85.01,85.33,84.98,85.15,83.66,83.58,81.97,82.27,82.39,82.73,82.21,82.60,83.40,82.99,83.62,80.28,79.04,78.94,78.46,78.02,77.68,77.76,77.76,78.06,77.96,78.22,78.35,79.35,79.41,78.55,79.32,80.32,81.07,81.44,83.06,83.97,84.26,83.13,83.29,82.93,83.60,84.54,86.04,85.72,84.67,85.79,85.95,86.04,86.39,86.34,86.15,87.77,86.01,86.75,86.81,87.56,87.69,87.58,87.53,87.01,87.02,86.50,86.52,86.37,86.69,88.04,89.13,88.97,88.58,88.27,88.08,88.41,88.49,87.88,88.36,88.68,87.59,89.13,90.19,90.35,90.46,88.87,88.81,89.54,89.58,90.24,89.89,90.06,90.65,91.11,92.96,93.22,,,,,,,,,,,,,,,,,,,,,,,,,,,,,,,,,,,,,,,,,,,,,,,,
Producto,0.001032623,07211244,BATERÍA,101.85,102.62,102.76,102.75,102.49,102.25,102.59,102.57,102.46,102.47,102.50,102.27,101.76,101.00,101.28,101.73,101.92,103.14,103.11,103.26,103.27,102.68,103.11,105.36,107.15,107.47,107.65,107.80,107.51,106.14,106.10,105.99,105.87,105.79,105.39,105.46,107.09,107.44,108.08,108.18,108.11,108.15,108.00,108.05,108.33,108.42,107.40,107.62,107.84,105.98,103.77,103.11,102.68,102.20,102.31,103.39,103.16,103.12,102.96,101.48,102.56,102.04,102.00,102.00,100.54,100.73,98.89,99.53,100.30,101.63,101.30,101.46,101.45,101.44,101.46,101.07,100.78,100.86,100.76,101.99,103.53,103.92,103.41,102.58,103.83,103.54,103.47,104.25,104.81,103.51,104.00,103.88,104.03,103.22,103.58,104.10,104.21,105.46,106.07,107.65,108.63,109.31,110.28,111.36,112.43,110.19,110.31,108.05,109.46,111.58,112.23,114.38,118.49,118.14,117.88,117.32,116.36,116.93,117.09,117.06,116.62,118.49,117.39,122.31,121.57,122.44,123.08,120.21,119.96,120.36,119.56,119.96,116.16,117.28,116.43,117.71,117.21,117.21,,,,,,,,,,,,,,,,,,,,,,,,,,,,,,,,,,,,,,,,,,,,,,,,
Producto,0.003619105,07211245,NEUMÁTICO,95.34,95.17,95.74,94.55,92.62,93.06,92.77,92.34,92.22,91.21,89.37,89.68,89.00,88.59,87.41,88.21,86.44,88.19,88.62,87.56,87.44,87.44,87.92,86.07,84.18,84.06,83.63,82.47,82.99,84.91,82.04,81.15,83.77,81.24,81.58,81.45,80.15,81.27,80.72,80.19,78.89,78.57,78.34,78.29,78.04,77.00,76.14,76.50,75.84,76.68,75.34,75.24,73.39,73.98,74.12,74.31,73.64,74.33,75.41,75.31,75.60,70.99,69.26,69.10,68.88,68.20,68.28,68.27,67.97,68.25,68.46,68.84,69.02,70.44,70.46,69.49,70.39,71.90,73.06,73.13,74.64,76.01,76.38,75.00,75.00,74.41,75.56,76.89,78.86,78.70,77.00,78.44,78.74,79.00,79.19,78.92,78.96,80.91,78.32,78.88,78.72,79.72,79.67,79.15,78.79,78.49,78.65,78.59,78.27,77.39,77.63,78.68,78.87,78.64,78.42,78.12,78.19,78.64,78.43,78.09,78.81,78.70,77.52,78.22,79.97,79.97,80.03,78.61,78.75,79.53,79.88,80.60,81.08,81.07,82.21,82.24,85.05,85.53,,,,,,,,,,,,,,,,,,,,,,,,,,,,,,,,,,,,,,,,,,,,,,,,
Producto,0.000469839,07211246,AMORTIGUADORES,102.78,100.49,101.66,103.23,105.63,101.53,104.48,98.99,99.96,100.08,100.07,99.94,98.75,98.28,99.07,99.27,99.50,101.97,103.89,103.75,102.82,104.30,104.78,105.61,104.41,105.61,107.44,107.15,107.37,105.61,106.04,103.85,103.23,104.19,104.28,103.21,107.02,106.41,103.61,103.00,103.53,103.28,104.01,106.33,106.34,105.49,104.11,104.33,105.15,104.65,103.55,104.91,102.50,102.39,102.36,102.21,102.21,101.25,101.88,101.58,103.69,104.03,103.99,104.13,103.72,103.78,103.42,102.97,103.65,101.80,99.87,99.43,99.39,99.50,99.87,98.88,100.88,100.06,99.50,100.34,102.88,101.44,102.91,103.03,102.05,103.19,101.85,100.18,100.08,100.68,101.28,102.60,101.70,102.51,104.05,104.46,101.80,101.67,101.24,101.43,101.24,100.20,99.81,100.26,100.14,101.64,100.36,100.09,99.66,100.14,100.37,102.23,103.58,104.51,102.45,102.60,102.11,101.01,103.13,99.14,99.76,100.05,99.67,100.24,99.96,99.75,99.14,99.00,97.83,98.88,98.36,99.15,100.00,99.47,98.95,100.98,100.66,99.73,,,,,,,,,,,,,,,,,,,,,,,,,,,,,,,,,,,,,,,,,,,,,,,,
Clase,0.022539435,0722,Combustibles y lubricantes para equipo de transporte personal (ND),98.19,98.34,98.53,98.47,98.39,98.40,98.53,98.64,98.62,98.69,99.04,99.05,99.14,99.34,99.30,99.22,99.10,99.24,99.32,99.34,99.38,99.34,99.28,99.34,99.58,99.60,99.58,99.34,99.35,99.23,99.21,99.09,99.03,99.02,99.04,99.06,99.08,98.84,98.85,98.92,98.94,98.96,98.97,101.02,111.65,111.65,111.58,113.81,123.02,120.22,118.21,119.30,122.60,125.99,126.46,123.91,125.06,131.88,121.20,121.14,121.11,121.13,121.00,119.64,118.49,115.30,112.74,111.39,111.68,111.36,111.23,111.26,111.89,114.28,119.19,127.36,130.27,132.74,138.12,143.13,146.60,150.39,155.70,155.92,156.63,158.49,162.97,171.78,174.77,177.62,177.95,179.34,175.39,167.26,166.01,166.02,164.31,163.86,164.53,163.98,163.43,162.44,160.79,164.93,169.34,170.13,169.21,162.23,158.00,159.29,161.78,167.82,169.85,170.20,175.53,175.78,172.69,168.28,166.99,165.66,165.97,168.57,168.34,163.39,159.76,159.37,162.16,166.76,171.53,174.84,173.69,170.43,167.70,165.36,169.57,184.84,201.82,216.37,,,,,,,,,,,,,,,,,,,,,,,,,,,,,,,,,,,,,,,,,,,,,,,,
Subclase,0.022539435,07221,Combustibles y lubricantes para equipo de transporte personal,98.19,98.34,98.53,98.47,98.39,98.40,98.53,98.64,98.62,98.69,99.04,99.05,99.14,99.34,99.30,99.22,99.10,99.24,99.32,99.34,99.38,99.34,99.28,99.34,99.58,99.60,99.58,99.34,99.35,99.23,99.21,99.09,99.03,99.02,99.04,99.06,99.08,98.84,98.85,98.92,98.94,98.96,98.97,101.02,111.65,111.65,111.58,113.81,123.02,120.22,118.21,119.30,122.60,125.99,126.46,123.91,125.06,131.88,121.20,121.14,121.11,121.13,121.00,119.64,118.49,115.30,112.74,111.39,111.68,111.36,111.23,111.26,111.89,114.28,119.19,127.36,130.27,132.74,138.12,143.13,146.60,150.39,155.70,155.92,156.63,158.49,162.97,171.78,174.77,177.62,177.95,179.34,175.39,167.26,166.01,166.02,164.31,163.86,164.53,163.98,163.43,162.44,160.79,164.93,169.34,170.13,169.21,162.23,158.00,159.29,161.78,167.82,169.85,170.20,175.53,175.78,172.69,168.28,166.99,165.66,165.97,168.57,168.34,163.39,159.76,159.37,162.16,166.76,171.53,174.84,173.69,170.43,167.70,165.36,169.57,184.84,201.82,216.37,,,,,,,,,,,,,,,,,,,,,,,,,,,,,,,,,,,,,,,,,,,,,,,,
Producto,0.000495883,07221247,DIÉSEL,98.03,98.13,98.08,98.08,98.08,98.08,98.08,98.08,98.03,98.03,98.03,98.09,98.09,98.09,98.09,98.09,98.09,97.84,97.91,97.91,97.91,97.91,97.91,97.91,97.91,97.91,97.91,97.95,97.98,97.98,97.98,97.98,97.98,97.98,97.98,97.98,97.98,97.98,97.98,97.98,97.98,97.98,97.98,98.02,98.02,98.02,98.02,98.02,98.02,98.02,98.02,98.02,98.02,98.02,98.02,98.02,98.02,137.05,99.41,99.41,99.41,99.41,99.41,99.41,98.31,96.25,98.05,103.20,107.44,113.15,119.00,123.27,128.80,130.46,133.92,138.29,141.19,144.05,149.23,153.30,156.96,167.00,182.62,182.62,182.62,182.62,182.62,182.62,182.62,182.62,168.20,168.20,168.20,168.20,168.20,168.20,168.20,168.20,168.20,168.20,168.20,168.20,168.20,168.20,168.20,168.20,168.20,168.20,168.20,168.20,168.20,173.01,173.01,173.01,173.01,173.01,173.01,173.01,173.01,173.01,173.01,173.01,173.01,173.01,173.01,173.01,173.01,173.01,215.98,269.12,269.12,267.67,263.34,259.92,265.66,278.16,291.12,305.05,,,,,,,,,,,,,,,,,,,,,,,,,,,,,,,,,,,,,,,,,,,,,,,,
Producto,0.000680429,07221248,GASOLINA ECOLÓGICA,98.06,98.06,98.06,98.06,98.06,98.06,98.06,98.06,98.06,98.06,98.06,98.06,98.06,98.06,98.06,98.06,98.06,98.06,98.06,98.06,98.06,98.06,98.06,98.06,98.06,98.06,98.06,98.06,98.06,98.06,98.06,98.06,98.06,98.06,98.06,98.06,98.06,98.06,98.06,98.06,98.06,98.06,98.06,98.06,98.06,98.06,98.06,102.80,122.58,122.58,122.58,122.58,122.58,122.58,122.58,122.58,122.58,135.83,122.59,122.59,122.59,122.59,122.59,122.59,120.55,115.96,115.96,115.96,116.42,116.09,116.49,116.62,116.62,116.62,120.30,125.49,131.30,136.07,143.75,150.38,156.99,164.83,168.98,168.98,168.98,168.98,168.98,168.98,168.98,168.98,159.04,159.04,159.04,159.04,159.04,159.04,159.04,159.04,159.04,159.04,159.04,159.04,159.04,159.04,159.04,159.04,159.04,159.04,159.04,159.04,159.04,163.67,163.67,165.14,181.53,183.03,177.61,170.75,173.70,176.39,177.38,181.69,180.34,171.32,164.79,165.45,170.72,178.35,186.63,191.98,190.30,184.32,179.03,180.02,187.29,195.91,204.86,214.47,,,,,,,,,,,,,,,,,,,,,,,,,,,,,,,,,,,,,,,,,,,,,,,,
Producto,0.009937574,07221249,GASOLINA BAJO OCTANAJE,98.28,98.28,98.28,98.28,98.28,98.28,98.28,98.32,98.32,98.32,98.32,98.32,98.32,98.32,98.32,98.32,98.30,98.27,98.30,98.30,98.30,98.30,98.30,98.30,98.30,98.30,98.30,98.30,98.30,98.30,98.30,98.30,98.30,98.30,98.30,98.30,98.30,98.30,98.30,98.30,98.30,98.30,98.30,98.30,98.30,98.30,98.30,103.06,122.93,122.93,122.93,122.93,122.93,122.93,122.93,122.93,122.93,136.11,122.93,122.93,122.93,122.93,122.93,122.93,120.42,116.29,116.29,116.29,116.72,116.45,116.76,116.93,116.95,116.95,119.84,125.55,130.96,136.23,143.48,150.02,156.32,164.90,169.49,169.49,169.49,169.49,169.49,169.49,169.49,169.49,159.52,159.52,159.52,157.84,157.60,157.11,156.21,156.24,155.98,156.40,156.16,155.63,155.43,157.21,157.96,157.98,157.98,157.98,157.98,157.98,157.98,162.59,162.59,164.67,180.20,181.74,176.05,169.48,172.65,175.06,175.97,180.25,179.04,170.06,163.62,164.30,169.56,177.14,185.36,190.64,188.93,182.99,177.75,178.61,185.84,194.39,203.27,212.81,,,,,,,,,,,,,,,,,,,,,,,,,,,,,,,,,,,,,,,,,,,,,,,,
Producto,0.008524539,07221250,GASOLINA ALTO OCTANAJE,98.09,98.21,98.19,98.21,98.21,98.18,98.45,98.53,98.53,98.86,99.92,100.17,100.45,100.88,100.89,101.11,101.20,101.46,101.57,101.73,101.88,102.06,102.08,102.21,102.30,102.30,102.30,101.78,101.78,101.78,101.78,101.66,101.66,101.66,101.66,101.66,101.66,101.04,101.04,101.04,101.08,101.20,101.07,106.53,134.88,134.88,134.88,134.88,134.48,127.06,121.61,124.59,133.35,142.32,143.54,136.87,139.92,139.19,129.50,129.25,129.16,129.13,128.79,125.20,125.42,122.29,115.54,111.69,111.68,111.26,109.96,109.61,111.21,117.00,126.20,140.39,141.02,140.72,145.14,150.04,150.07,148.35,155.30,155.42,157.37,162.19,173.74,196.83,203.78,210.99,225.01,228.51,217.25,197.37,193.76,193.45,190.08,189.24,191.24,189.26,188.02,186.01,181.82,190.62,201.32,203.39,201.16,182.73,171.60,174.91,181.50,190.96,196.32,194.93,189.95,188.75,187.30,183.86,176.34,169.94,169.45,171.03,171.88,169.98,168.32,166.49,167.42,170.31,170.26,169.33,168.49,167.38,166.91,159.85,161.56,190.51,223.18,248.11,,,,,,,,,,,,,,,,,,,,,,,,,,,,,,,,,,,,,,,,,,,,,,,,
Producto,0.00290101,07221251,ACEITE LUBRICANTE,98.21,99.01,100.57,100.07,99.42,99.63,99.77,100.32,100.12,99.72,99.33,98.65,98.53,98.81,98.49,97.18,96.10,96.53,96.72,96.45,96.27,95.42,94.89,94.99,96.64,96.75,96.61,96.25,96.33,95.43,95.28,94.69,94.18,94.12,94.28,94.45,94.62,94.59,94.63,95.19,95.24,94.99,95.47,95.34,94.67,94.67,94.11,94.04,94.06,94.11,94.50,94.18,94.05,94.02,94.12,93.93,93.91,94.10,94.29,94.55,94.60,94.82,94.82,94.81,94.51,94.46,94.11,94.06,93.98,92.84,93.48,93.36,92.58,93.82,93.61,93.85,94.20,94.61,95.93,95.82,98.91,100.47,101.90,103.32,103.09,103.39,104.22,104.85,107.61,108.60,108.91,109.44,111.82,112.79,114.55,117.24,116.94,115.78,116.02,116.08,116.27,116.31,116.50,116.70,116.97,116.95,116.37,116.31,116.10,116.36,116.40,117.81,117.87,117.16,116.22,116.02,117.02,117.03,117.55,117.13,117.63,117.46,117.70,117.72,117.98,117.82,117.47,117.04,116.76,116.75,116.56,116.48,116.61,116.58,116.80,116.92,118.10,120.60,,,,,,,,,,,,,,,,,,,,,,,,,,,,,,,,,,,,,,,,,,,,,,,,
Clase,0.008263892,0723,Conservación y reparación de equipo de transporte personal (S),99.12,99.38,98.69,98.58,99.44,99.35,98.50,98.80,99.08,99.96,99.98,99.64,99.49,99.97,99.81,100.35,100.58,101.86,102.05,102.14,102.01,101.45,102.22,102.94,102.27,102.78,102.51,102.38,101.81,101.03,100.69,101.22,100.90,100.78,101.37,100.91,100.66,100.77,100.48,101.26,101.07,100.53,100.94,101.50,101.68,101.59,101.16,101.31,101.26,101.14,101.69,101.19,101.36,101.58,101.11,100.77,101.51,101.41,101.49,101.43,100.64,100.72,100.36,100.43,100.77,101.09,100.30,100.12,100.54,100.18,100.27,100.74,100.30,100.24,101.63,101.17,102.10,102.23,102.76,102.61,103.07,102.33,102.61,104.10,104.77,105.81,105.14,105.29,105.27,105.34,105.97,106.26,107.02,106.34,106.28,106.82,106.82,107.02,106.72,107.38,106.37,106.60,106.68,106.63,107.20,107.25,107.79,107.99,107.46,108.30,108.78,110.83,111.41,111.93,111.45,111.83,111.48,111.31,111.19,111.27,110.41,111.37,111.31,111.64,112.02,110.99,111.13,110.39,109.50,109.79,109.79,109.73,111.13,112.10,111.70,111.37,111.78,112.88,,,,,,,,,,,,,,,,,,,,,,,,,,,,,,,,,,,,,,,,,,,,,,,,
Subclase,0.008263892,07231,Conservación y reparación de equipo de transporte personal,99.12,99.38,98.69,98.58,99.44,99.35,98.50,98.80,99.08,99.96,99.98,99.64,99.49,99.97,99.81,100.35,100.58,101.86,102.05,102.14,102.01,101.45,102.22,102.94,102.27,102.78,102.51,102.38,101.81,101.03,100.69,101.22,100.90,100.78,101.37,100.91,100.66,100.77,100.48,101.26,101.07,100.53,100.94,101.50,101.68,101.59,101.16,101.31,101.26,101.14,101.69,101.19,101.36,101.58,101.11,100.77,101.51,101.41,101.49,101.43,100.64,100.72,100.36,100.43,100.77,101.09,100.30,100.12,100.54,100.18,100.27,100.74,100.30,100.24,101.63,101.17,102.10,102.23,102.76,102.61,103.07,102.33,102.61,104.10,104.77,105.81,105.14,105.29,105.27,105.34,105.97,106.26,107.02,106.34,106.28,106.82,106.82,107.02,106.72,107.38,106.37,106.60,106.68,106.63,107.20,107.25,107.79,107.99,107.46,108.30,108.78,110.83,111.41,111.93,111.45,111.83,111.48,111.31,111.19,111.27,110.41,111.37,111.31,111.64,112.02,110.99,111.13,110.39,109.50,109.79,109.79,109.73,111.13,112.10,111.70,111.37,111.78,112.88,,,,,,,,,,,,,,,,,,,,,,,,,,,,,,,,,,,,,,,,,,,,,,,,
Producto,0.001172386,07231252,AFINAMIENTO (ABC),100.26,101.07,98.91,99.14,99.27,100.02,98.43,100.44,100.63,100.63,100.76,100.82,101.13,101.42,100.22,102.70,102.84,103.06,105.35,104.11,104.58,102.92,104.51,106.09,106.09,105.99,106.09,108.01,107.55,107.35,104.99,104.30,104.35,105.73,105.96,105.96,106.06,106.48,106.56,106.74,106.56,106.20,106.07,106.38,106.38,107.35,106.93,107.02,105.80,104.23,104.91,102.77,103.84,104.01,103.75,103.96,103.98,103.87,103.87,103.84,103.55,104.79,104.79,104.79,104.79,103.96,104.10,103.52,105.42,103.37,104.63,104.72,104.68,104.62,104.73,104.74,104.64,105.94,105.71,106.52,107.17,106.06,109.07,113.32,113.54,114.16,116.01,116.23,116.05,115.68,115.68,115.91,116.88,114.30,114.62,115.53,116.54,116.34,115.33,115.71,115.72,117.08,116.55,116.74,121.27,122.90,123.48,123.98,124.17,124.12,125.95,131.14,131.25,135.65,135.66,135.33,136.36,135.87,135.87,133.26,130.79,134.14,132.03,131.12,132.44,133.30,133.59,131.42,132.23,132.54,132.54,132.61,132.65,132.78,132.78,132.30,132.59,133.19,,,,,,,,,,,,,,,,,,,,,,,,,,,,,,,,,,,,,,,,,,,,,,,,
Producto,0.000596172,07231253,"LAVADO, ENGRASADO Y PULVERIZADO",103.27,104.66,104.81,105.05,106.42,106.13,105.43,105.90,106.20,106.80,106.75,106.92,107.02,106.60,106.36,106.36,106.45,106.78,106.03,106.17,105.08,104.91,104.75,104.51,104.37,105.14,105.47,105.47,105.85,106.47,106.43,106.76,106.76,106.23,107.03,107.03,107.04,106.31,106.18,106.18,106.18,106.18,106.18,106.34,106.34,105.96,105.99,105.80,106.88,106.88,107.65,107.52,107.52,107.81,107.61,107.61,106.50,106.55,106.55,106.55,103.36,103.17,102.78,102.78,102.78,102.78,102.42,102.42,105.02,106.72,106.72,106.72,106.35,106.60,107.67,105.63,105.63,107.81,108.33,108.43,108.27,107.92,108.24,109.23,113.28,113.56,111.76,111.67,113.02,112.96,113.34,113.63,113.10,113.00,113.00,113.29,115.15,114.58,115.22,114.93,113.94,113.94,113.61,114.87,116.06,116.81,116.06,116.06,116.06,116.46,117.00,118.11,119.03,119.84,118.75,119.23,119.26,117.45,116.65,117.22,116.79,116.95,116.16,116.67,116.60,116.62,117.33,115.92,115.56,115.99,115.99,115.90,115.90,116.31,117.31,117.83,118.71,118.50,,,,,,,,,,,,,,,,,,,,,,,,,,,,,,,,,,,,,,,,,,,,,,,,
Producto,0.006266801,07231254,"CAMBIO, ALINEACIÓN Y BALANCEO DE NEUMÁTICOS",98.36,98.42,97.96,97.75,98.56,98.32,97.56,97.54,97.84,98.95,98.79,98.32,98.05,98.79,98.85,99.10,99.37,100.87,100.71,101.02,100.87,100.53,101.23,101.87,100.91,101.53,101.13,100.59,99.89,98.89,98.78,99.58,99.13,98.78,99.43,98.83,98.40,98.53,98.16,99.15,98.96,98.28,98.84,99.53,99.77,99.60,99.11,99.30,99.36,99.49,100.01,99.76,99.76,99.98,99.45,98.97,100.04,99.94,100.06,99.97,99.28,99.16,98.72,98.81,99.29,99.91,98.87,98.76,98.68,98.47,98.39,98.92,98.36,98.25,99.97,99.50,100.79,100.45,101.22,100.94,101.38,100.60,100.29,101.36,101.79,103.03,101.93,102.10,101.99,102.16,102.96,103.21,104.08,103.69,103.50,104.02,103.68,103.94,103.68,104.49,103.23,103.27,103.51,103.28,103.08,102.80,103.46,103.55,102.82,103.88,103.90,105.44,106.16,105.90,105.31,105.83,105.23,105.27,105.18,105.73,105.09,105.72,106.09,106.64,106.87,105.33,105.39,104.96,103.68,103.94,103.93,103.84,105.69,106.89,106.27,105.91,106.26,107.56,,,,,,,,,,,,,,,,,,,,,,,,,,,,,,,,,,,,,,,,,,,,,,,,
Producto,0.000228533,07231255,INSPECCIÓN TÉCNICA,103.03,103.13,101.77,101.77,106.27,106.27,106.50,106.50,106.50,106.50,110.83,110.83,110.69,107.61,106.94,106.94,106.94,109.83,111.58,112.02,112.02,110.14,110.98,112.20,114.19,114.35,114.35,114.32,114.44,113.16,116.13,115.92,116.62,116.16,116.16,116.16,118.36,118.42,118.03,118.03,117.61,118.37,118.75,117.87,117.85,115.36,115.36,115.36,115.36,115.36,115.83,115.83,116.60,116.60,116.19,115.81,115.93,115.93,115.44,115.93,115.76,116.16,116.16,116.16,115.30,114.44,114.50,114.12,114.88,113.91,112.80,114.69,115.16,115.49,115.49,117.08,115.77,117.64,115.26,113.22,114.58,116.19,118.56,118.55,119.18,119.18,120.17,120.04,119.97,119.60,119.57,120.93,120.93,120.93,122.05,122.00,121.40,123.86,123.86,124.23,124.70,125.02,125.02,125.01,124.98,124.17,124.51,126.61,126.61,126.98,133.19,135.51,133.76,135.14,136.46,136.46,134.88,134.88,134.88,134.88,134.88,134.88,135.53,135.73,136.42,137.02,137.02,136.75,136.75,137.52,137.43,137.58,137.58,137.72,137.72,136.69,138.45,139.95,,,,,,,,,,,,,,,,,,,,,,,,,,,,,,,,,,,,,,,,,,,,,,,,
Clase,0.001450915,0724,Servicios de estacionamiento y peaje (S),100.27,100.27,100.29,100.14,100.14,100.20,100.64,101.43,101.05,101.12,100.96,100.62,99.84,100.18,100.01,100.28,99.86,100.07,100.19,100.10,100.21,100.38,100.61,100.48,100.42,100.42,100.82,100.79,101.01,101.02,100.76,100.89,101.13,101.42,101.50,101.50,101.66,101.58,101.29,101.69,101.46,101.40,101.42,101.14,101.30,101.35,101.31,100.96,100.96,101.06,100.91,100.77,100.78,100.73,100.76,100.95,100.88,101.08,101.11,101.02,103.99,104.07,104.44,104.44,104.29,104.49,102.20,101.73,101.67,101.58,100.61,100.61,100.61,100.07,99.80,99.83,98.81,98.81,99.15,99.04,99.11,98.97,98.63,99.08,98.80,99.15,100.06,100.18,100.43,100.60,100.62,100.54,100.84,100.87,100.73,100.32,102.47,102.47,102.47,102.42,102.39,102.39,101.40,101.39,101.39,101.39,101.39,101.39,101.39,101.44,101.44,101.02,101.04,100.96,101.03,101.03,101.05,101.07,101.16,101.54,102.20,102.20,102.15,102.15,102.15,102.15,101.91,101.85,102.19,103.02,103.41,103.58,103.72,103.74,103.78,103.86,103.91,104.03,,,,,,,,,,,,,,,,,,,,,,,,,,,,,,,,,,,,,,,,,,,,,,,,
Subclase,0.001450915,07241,Servicios de estacionamiento y peaje,100.27,100.27,100.29,100.14,100.14,100.20,100.64,101.43,101.05,101.12,100.96,100.62,99.84,100.18,100.01,100.28,99.86,100.07,100.19,100.10,100.21,100.38,100.61,100.48,100.42,100.42,100.82,100.79,101.01,101.02,100.76,100.89,101.13,101.42,101.50,101.50,101.66,101.58,101.29,101.69,101.46,101.40,101.42,101.14,101.30,101.35,101.31,100.96,100.96,101.06,100.91,100.77,100.78,100.73,100.76,100.95,100.88,101.08,101.11,101.02,103.99,104.07,104.44,104.44,104.29,104.49,102.20,101.73,101.67,101.58,100.61,100.61,100.61,100.07,99.80,99.83,98.81,98.81,99.15,99.04,99.11,98.97,98.63,99.08,98.80,99.15,100.06,100.18,100.43,100.60,100.62,100.54,100.84,100.87,100.73,100.32,102.47,102.47,102.47,102.42,102.39,102.39,101.40,101.39,101.39,101.39,101.39,101.39,101.39,101.44,101.44,101.02,101.04,100.96,101.03,101.03,101.05,101.07,101.16,101.54,102.20,102.20,102.15,102.15,102.15,102.15,101.91,101.85,102.19,103.02,103.41,103.58,103.72,103.74,103.78,103.86,103.91,104.03,,,,,,,,,,,,,,,,,,,,,,,,,,,,,,,,,,,,,,,,,,,,,,,,
Producto,0.000601777,07241256,ESTACIONAMIENTO,101.58,101.58,101.64,101.64,101.64,101.79,102.86,104.76,102.86,103.76,104.58,103.76,101.88,101.88,101.88,101.88,101.88,102.58,102.58,102.58,102.58,102.58,102.58,102.58,102.06,102.06,103.08,102.92,103.46,103.63,103.46,103.77,103.77,104.47,104.47,104.47,104.66,104.49,104.66,104.66,104.66,104.66,104.66,104.66,104.90,104.90,104.90,103.93,103.93,104.09,104.09,104.80,104.80,104.80,104.80,104.80,104.80,104.80,104.80,104.80,104.80,105.00,105.89,105.89,105.89,105.89,103.78,102.64,102.64,102.76,102.76,102.76,102.76,101.60,101.60,101.60,99.09,99.09,99.09,99.09,98.56,99.14,99.14,100.16,100.03,100.16,100.12,100.41,100.74,100.55,100.59,100.59,101.31,101.31,101.12,100.29,105.40,105.45,105.45,105.45,105.45,105.45,103.26,103.26,103.26,103.26,103.26,103.26,103.26,103.26,103.26,99.28,99.25,99.25,99.32,99.32,99.32,99.32,99.32,100.24,101.84,101.84,101.84,101.84,101.84,101.84,101.84,101.84,101.84,102.58,101.84,102.49,102.66,102.66,102.66,102.66,102.78,102.78,,,,,,,,,,,,,,,,,,,,,,,,,,,,,,,,,,,,,,,,,,,,,,,,
Producto,0.000499734,07241257,PEAJE,98.06,98.06,98.06,98.06,98.06,98.06,98.06,98.06,98.06,98.06,98.06,98.06,98.06,98.06,98.06,98.06,98.06,98.06,98.06,98.06,98.06,98.06,98.06,98.06,98.06,98.06,98.06,98.06,98.06,98.06,98.06,98.06,98.06,98.06,98.06,98.06,98.06,98.06,98.06,98.06,98.06,98.06,98.06,98.06,98.06,98.06,98.06,98.06,98.06,98.06,98.06,98.06,98.06,98.06,98.06,98.06,98.06,98.06,98.06,98.06,107.08,107.08,107.08,107.08,107.08,107.08,103.17,103.17,103.17,103.17,103.17,103.17,103.17,103.17,103.17,103.17,103.17,103.17,103.17,103.17,103.17,103.17,103.17,103.17,103.17,103.17,103.17,103.17,103.17,103.17,103.17,103.17,103.17,103.17,103.17,103.17,103.17,103.17,103.17,103.17,103.17,103.17,103.17,103.17,103.17,103.17,103.17,103.17,103.17,103.17,103.17,107.08,107.08,107.08,107.08,107.08,107.08,107.08,107.08,107.08,107.08,107.08,107.08,107.08,107.08,107.08,107.08,107.08,107.08,107.08,107.08,107.08,107.08,107.08,107.08,107.08,107.08,107.08,,,,,,,,,,,,,,,,,,,,,,,,,,,,,,,,,,,,,,,,,,,,,,,,
Producto,0.000349403,07241258,SERVICIO DE WINCHA,101.17,101.17,101.17,100.53,100.53,100.53,100.53,100.53,102.21,100.96,98.87,98.87,98.87,100.30,99.59,100.72,98.95,98.64,99.11,98.75,99.19,99.91,100.87,100.32,100.99,100.97,100.89,101.02,101.02,100.76,99.96,99.96,100.97,100.97,101.32,101.32,101.64,101.59,100.11,101.77,100.83,100.55,100.65,99.47,99.76,99.96,99.80,100.01,100.01,100.14,99.50,97.69,97.73,97.52,97.65,98.45,98.15,98.99,99.10,98.75,98.17,98.17,98.17,98.17,97.56,98.41,98.07,98.07,97.85,97.25,93.24,93.24,93.24,93.01,91.85,92.01,92.10,92.10,93.50,93.06,94.27,92.68,91.27,91.37,90.44,91.64,95.51,95.51,95.98,97.03,97.03,96.69,96.69,96.81,96.55,96.29,96.44,96.35,96.35,96.14,95.99,95.99,95.66,95.60,95.60,95.60,95.60,95.60,95.62,95.82,95.82,95.35,95.49,95.17,95.32,95.32,95.41,95.51,95.86,95.86,95.86,95.86,95.66,95.65,95.65,95.65,94.64,94.42,95.81,97.96,100.87,100.48,100.74,100.83,101.01,101.32,101.32,101.82,,,,,,,,,,,,,,,,,,,,,,,,,,,,,,,,,,,,,,,,,,,,,,,,
Grupo,0.051465679,073,Servicios de transporte,99.10,99.05,99.12,103.36,103.59,106.34,106.28,107.07,107.03,107.33,108.01,108.17,108.35,108.11,108.25,108.25,108.42,108.71,108.96,108.79,111.85,111.70,111.39,111.72,111.74,111.66,111.52,112.22,112.25,112.38,112.57,112.69,112.44,112.46,112.76,113.03,112.08,112.47,112.10,112.27,112.16,111.97,112.87,113.22,112.40,112.66,112.67,113.50,113.10,112.98,112.80,113.69,113.29,112.96,113.40,113.68,113.30,117.35,113.08,113.92,112.61,113.56,112.41,113.03,113.04,112.49,110.51,109.96,113.73,114.13,114.58,114.16,113.82,113.57,113.57,114.64,116.84,117.10,117.43,117.23,116.90,117.65,121.91,121.90,120.49,121.46,120.80,121.97,121.59,122.03,122.37,121.75,122.66,124.03,124.13,124.41,123.19,124.28,123.47,123.64,123.72,122.85,124.27,124.22,124.27,125.02,125.20,126.41,124.59,125.40,126.55,126.32,126.07,126.02,127.38,127.45,127.26,127.19,126.80,129.36,127.92,128.79,129.46,129.42,129.23,129.82,130.18,130.50,130.02,129.85,130.21,131.66,128.94,129.14,130.15,132.32,131.65,132.14,,,,,,,,,,,,,,,,,,,,,,,,,,,,,,,,,,,,,,,,,,,,,,,,
Clase,0.046919028,0732,Transporte de pasajeros por carretera (S),99.11,99.11,99.21,103.96,104.33,107.06,107.26,107.61,107.82,107.92,108.30,108.30,108.89,109.19,109.19,109.43,109.78,109.78,109.78,109.78,113.16,113.16,113.23,113.23,113.23,113.23,113.23,113.47,113.60,113.64,113.64,113.64,113.80,113.80,113.80,113.80,113.83,113.83,113.83,113.84,113.84,113.84,113.84,114.22,114.41,114.42,114.43,114.43,114.43,114.43,114.43,114.93,114.93,114.93,114.93,114.93,115.02,119.73,115.03,115.03,115.03,115.04,115.04,115.04,115.05,112.54,112.15,112.27,115.07,115.39,115.39,115.41,115.49,115.49,115.49,115.49,118.13,118.53,118.62,118.61,118.97,119.17,123.27,123.27,123.27,123.67,123.69,124.08,124.06,124.09,124.01,124.01,125.16,126.27,126.27,126.27,126.27,126.27,126.27,126.59,126.59,126.70,127.46,127.46,128.25,128.70,128.70,129.01,129.01,129.02,129.08,129.19,129.19,129.20,129.20,129.93,130.04,130.04,130.04,130.04,131.69,131.69,131.69,131.70,132.04,132.13,132.13,132.08,132.16,132.24,132.24,132.24,132.24,132.25,132.73,133.02,133.20,133.37,,,,,,,,,,,,,,,,,,,,,,,,,,,,,,,,,,,,,,,,,,,,,,,,
Subclase,0.046919028,07321,Transporte de pasajeros por carretera,99.11,99.11,99.21,103.96,104.33,107.06,107.26,107.61,107.82,107.92,108.30,108.30,108.89,109.19,109.19,109.43,109.78,109.78,109.78,109.78,113.16,113.16,113.23,113.23,113.23,113.23,113.23,113.47,113.60,113.64,113.64,113.64,113.80,113.80,113.80,113.80,113.83,113.83,113.83,113.84,113.84,113.84,113.84,114.22,114.41,114.42,114.43,114.43,114.43,114.43,114.43,114.93,114.93,114.93,114.93,114.93,115.02,119.73,115.03,115.03,115.03,115.04,115.04,115.04,115.05,112.54,112.15,112.27,115.07,115.39,115.39,115.41,115.49,115.49,115.49,115.49,118.13,118.53,118.62,118.61,118.97,119.17,123.27,123.27,123.27,123.67,123.69,124.08,124.06,124.09,124.01,124.01,125.16,126.27,126.27,126.27,126.27,126.27,126.27,126.59,126.59,126.70,127.46,127.46,128.25,128.70,128.70,129.01,129.01,129.02,129.08,129.19,129.19,129.20,129.20,129.93,130.04,130.04,130.04,130.04,131.69,131.69,131.69,131.70,132.04,132.13,132.13,132.08,132.16,132.24,132.24,132.24,132.24,132.25,132.73,133.02,133.20,133.37,,,,,,,,,,,,,,,,,,,,,,,,,,,,,,,,,,,,,,,,,,,,,,,,
Producto,0.022020175,07321259,TRANSPORTE URBANO,99.67,99.67,99.67,100.70,100.70,101.72,101.72,101.72,101.72,101.72,102.51,102.51,103.01,103.01,103.01,103.01,103.70,103.70,103.70,103.70,110.64,110.64,110.64,110.64,110.64,110.64,110.64,110.64,110.64,110.64,110.64,110.64,110.64,110.64,110.64,110.64,110.64,110.64,110.64,110.64,110.64,110.64,110.64,111.45,111.45,111.45,111.45,111.45,111.45,111.45,111.45,111.45,111.45,111.45,111.45,111.45,111.45,118.82,111.45,111.45,111.45,111.45,111.45,111.45,111.45,111.45,111.45,111.45,111.45,111.45,111.45,111.45,111.45,111.45,111.45,111.45,111.45,111.45,111.45,111.45,112.14,112.14,120.82,120.82,120.82,120.82,120.82,120.82,120.82,120.82,120.82,120.82,123.05,125.40,125.40,125.40,125.40,125.40,125.40,125.40,125.40,125.40,125.40,125.40,126.83,126.83,126.83,126.83,126.83,126.83,126.83,126.83,126.83,126.83,126.83,126.83,126.83,126.83,126.83,126.83,130.35,130.35,130.35,130.35,131.04,131.04,131.04,131.04,131.04,131.04,131.04,131.04,131.04,131.04,131.04,131.04,131.04,131.04,,,,,,,,,,,,,,,,,,,,,,,,,,,,,,,,,,,,,,,,,,,,,,,,
Producto,0.012209546,07321260,TAXI URBANO,97.79,97.79,97.79,109.71,109.14,110.48,110.48,111.90,111.90,111.90,111.90,111.90,113.26,114.41,114.41,114.41,114.41,114.41,114.41,114.41,114.41,114.41,114.41,114.41,114.41,114.41,114.41,114.41,114.41,114.41,114.41,114.41,114.41,114.41,114.41,114.41,114.41,114.41,114.41,114.41,114.41,114.41,114.41,114.41,114.41,114.41,114.41,114.41,114.41,114.41,114.41,115.80,115.80,115.80,115.80,115.80,115.80,115.80,115.80,115.80,115.80,115.80,115.80,115.80,115.80,106.14,104.38,104.38,114.60,115.80,115.80,115.80,115.80,115.80,115.80,115.80,115.80,117.25,117.25,117.25,117.25,117.25,117.25,117.25,117.25,118.77,118.77,118.77,118.77,118.77,118.77,118.77,118.77,118.77,118.77,118.77,118.77,118.77,118.77,118.77,118.77,119.35,122.24,122.24,122.24,123.98,123.98,125.18,125.18,125.18,125.18,125.18,125.18,125.18,125.18,127.99,127.99,127.99,127.99,127.99,127.99,127.99,127.99,127.99,127.99,127.99,127.99,127.99,127.99,127.99,127.99,127.99,127.99,127.99,129.81,129.81,130.02,130.02,,,,,,,,,,,,,,,,,,,,,,,,,,,,,,,,,,,,,,,,,,,,,,,,
Producto,0.007498239,07321261,TRANSPORTE INTERURBANO,99.06,99.06,99.66,106.60,109.82,121.73,122.98,122.84,122.82,123.33,123.33,123.33,123.33,123.33,123.33,124.54,123.33,123.33,123.33,123.33,123.41,123.41,123.83,123.83,123.83,123.83,123.83,123.83,123.93,123.93,123.93,123.93,123.93,123.93,123.93,123.93,124.14,124.14,124.14,123.29,123.29,123.29,123.29,123.29,124.03,124.09,124.12,124.12,124.13,124.13,124.13,124.13,124.13,124.13,124.13,124.13,124.13,131.99,124.19,124.19,124.19,124.26,124.26,124.26,124.26,124.26,124.65,125.42,126.28,126.38,126.38,126.50,126.95,126.95,126.95,126.95,143.47,143.65,144.18,144.15,144.40,144.58,144.36,144.36,144.36,144.39,144.51,144.51,144.68,145.16,144.67,144.67,144.66,144.66,144.66,144.69,144.69,144.69,144.69,144.69,144.69,144.68,144.68,144.68,144.68,144.68,144.68,144.68,144.68,144.70,145.12,145.00,144.50,144.50,144.50,144.50,144.56,144.56,144.59,144.59,144.59,144.59,144.59,144.59,144.59,145.01,145.01,144.72,144.72,145.17,145.17,145.17,145.17,145.26,145.26,145.26,145.26,145.26,,,,,,,,,,,,,,,,,,,,,,,,,,,,,,,,,,,,,,,,,,,,,,,,
Producto,0.005191068,07321262,TRANSPORTE ESCOLAR,99.93,99.93,99.93,100.50,100.50,100.50,100.50,100.50,102.44,102.65,102.65,102.65,102.65,102.65,102.65,103.15,105.10,105.10,105.10,105.10,106.09,106.09,106.09,106.09,106.09,106.09,106.09,108.27,109.28,109.66,109.66,109.66,111.08,111.08,111.14,111.14,111.14,111.14,111.14,112.45,112.45,112.45,112.45,112.45,113.07,113.07,113.07,113.07,113.07,113.07,113.07,114.34,114.34,114.34,114.34,114.34,115.14,115.18,115.18,115.18,115.18,115.18,115.18,115.18,115.30,115.30,115.30,115.30,115.30,115.30,115.30,115.30,115.30,115.30,115.30,115.30,115.30,115.30,115.30,115.30,115.22,116.82,117.35,117.35,117.35,117.35,117.35,120.93,120.47,120.04,120.04,120.04,120.99,120.99,120.99,120.99,120.99,120.99,120.99,123.85,123.85,123.56,123.56,123.56,124.65,124.65,124.65,124.65,124.65,124.65,124.65,125.78,126.55,126.63,126.63,126.63,127.49,127.49,127.49,127.49,127.49,127.49,127.49,127.54,127.66,127.92,127.92,127.92,128.64,128.64,128.64,128.64,128.64,128.64,128.64,131.28,132.41,133.93,,,,,,,,,,,,,,,,,,,,,,,,,,,,,,,,,,,,,,,,,,,,,,,,
Clase,0.004546651,0733,Transporte de pasajeros por aire (S),98.97,98.38,98.24,97.10,95.89,98.90,96.17,101.55,98.92,101.27,105.09,106.92,102.81,97.05,98.59,96.00,94.33,97.64,100.52,98.59,98.33,96.62,92.49,96.18,96.37,95.54,93.90,99.35,98.41,99.42,101.51,102.96,98.47,98.65,102.01,105.11,93.97,98.45,94.17,96.08,94.82,92.68,102.88,102.85,91.65,94.47,94.60,103.98,99.34,98.01,95.99,100.86,96.39,92.70,97.63,100.79,95.63,92.70,92.91,102.46,87.64,98.24,85.22,92.22,92.22,111.95,93.66,86.15,99.99,101.08,106.18,101.25,96.60,93.79,93.86,105.96,103.57,102.38,105.17,102.91,95.53,101.96,107.93,107.84,91.78,98.66,91.01,100.18,96.07,100.78,105.45,98.36,96.80,100.89,102.10,105.19,91.39,103.70,94.53,93.25,94.11,83.08,91.44,90.85,83.26,86.98,89.02,99.59,78.91,88.02,100.44,96.65,93.85,93.22,108.53,101.86,98.54,97.75,93.37,122.31,88.97,98.82,106.43,105.95,100.23,105.96,110.08,114.15,107.92,105.21,109.35,125.74,94.92,97.01,103.55,125.15,115.71,119.48,,,,,,,,,,,,,,,,,,,,,,,,,,,,,,,,,,,,,,,,,,,,,,,,
Subclase,0.004546651,07331,Transporte de pasajeros por aire,98.97,98.38,98.24,97.10,95.89,98.90,96.17,101.55,98.92,101.27,105.09,106.92,102.81,97.05,98.59,96.00,94.33,97.64,100.52,98.59,98.33,96.62,92.49,96.18,96.37,95.54,93.90,99.35,98.41,99.42,101.51,102.96,98.47,98.65,102.01,105.11,93.97,98.45,94.17,96.08,94.82,92.68,102.88,102.85,91.65,94.47,94.60,103.98,99.34,98.01,95.99,100.86,96.39,92.70,97.63,100.79,95.63,92.70,92.91,102.46,87.64,98.24,85.22,92.22,92.22,111.95,93.66,86.15,99.99,101.08,106.18,101.25,96.60,93.79,93.86,105.96,103.57,102.38,105.17,102.91,95.53,101.96,107.93,107.84,91.78,98.66,91.01,100.18,96.07,100.78,105.45,98.36,96.80,100.89,102.10,105.19,91.39,103.70,94.53,93.25,94.11,83.08,91.44,90.85,83.26,86.98,89.02,99.59,78.91,88.02,100.44,96.65,93.85,93.22,108.53,101.86,98.54,97.75,93.37,122.31,88.97,98.82,106.43,105.95,100.23,105.96,110.08,114.15,107.92,105.21,109.35,125.74,94.92,97.01,103.55,125.15,115.71,119.48,,,,,,,,,,,,,,,,,,,,,,,,,,,,,,,,,,,,,,,,,,,,,,,,
Producto,0.004546651,07331263,VIAJE EN AVIÓN,98.97,98.38,98.24,97.10,95.89,98.90,96.17,101.55,98.92,101.27,105.09,106.92,102.81,97.05,98.59,96.00,94.33,97.64,100.52,98.59,98.33,96.62,92.49,96.18,96.37,95.54,93.90,99.35,98.41,99.42,101.51,102.96,98.47,98.65,102.01,105.11,93.97,98.45,94.17,96.08,94.82,92.68,102.88,102.85,91.65,94.47,94.60,103.98,99.34,98.01,95.99,100.86,96.39,92.70,97.63,100.79,95.63,92.70,92.91,102.46,87.64,98.24,85.22,92.22,92.22,111.95,93.66,86.15,99.99,101.08,106.18,101.25,96.60,93.79,93.86,105.96,103.57,102.38,105.17,102.91,95.53,101.96,107.93,107.84,91.78,98.66,91.01,100.18,96.07,100.78,105.45,98.36,96.80,100.89,102.10,105.19,91.39,103.70,94.53,93.25,94.11,83.08,91.44,90.85,83.26,86.98,89.02,99.59,78.91,88.02,100.44,96.65,93.85,93.22,108.53,101.86,98.54,97.75,93.37,122.31,88.97,98.82,106.43,105.95,100.23,105.96,110.08,114.15,107.92,105.21,109.35,125.74,94.92,97.01,103.55,125.15,115.71,119.48,,,,,,,,,,,,,,,,,,,,,,,,,,,,,,,,,,,,,,,,,,,,,,,,
División,0.047417885,08,Comunicaciones,95.46,95.53,95.21,95.07,95.09,95.50,95.25,94.87,94.95,94.80,94.64,94.63,94.50,94.33,94.32,94.15,94.13,94.66,94.78,94.70,94.74,94.53,94.29,94.14,94.19,94.21,94.23,94.18,95.44,94.43,94.14,94.12,94.43,94.88,94.70,94.66,94.82,94.84,94.84,94.75,94.76,94.73,94.69,95.80,97.83,94.36,94.33,94.23,94.23,93.99,93.75,93.71,94.01,94.10,94.00,94.11,94.11,94.11,94.02,93.92,94.06,96.42,96.41,96.35,96.32,96.10,96.47,96.33,96.36,96.40,96.85,96.81,96.76,96.70,96.71,96.52,96.45,96.44,96.38,96.18,96.27,96.23,96.17,93.52,93.64,94.08,94.27,94.32,94.28,94.37,94.59,94.74,95.09,95.15,95.06,94.72,94.65,94.62,94.60,94.77,94.70,94.78,94.82,94.81,94.85,94.66,94.68,94.60,95.09,95.22,95.14,97.17,97.39,97.38,97.28,97.23,97.13,97.25,97.26,97.28,97.01,96.96,96.32,96.21,96.15,96.22,96.15,96.90,96.93,96.41,96.14,96.11,96.73,96.55,96.74,96.93,96.75,96.89,,,,,,,,,,,,,,,,,,,,,,,,,,,,,,,,,,,,,,,,,,,,,,,,
Grupo,0.000194447,081,Servicios postales,100.65,100.65,101.60,103.53,103.53,103.53,103.53,103.53,103.53,103.53,103.53,103.50,102.82,101.60,101.52,102.74,102.11,102.20,102.76,102.50,103.23,103.35,103.77,103.94,103.51,103.07,103.15,102.35,102.32,101.70,101.80,101.39,101.39,103.32,103.32,103.59,103.81,104.36,104.38,104.38,104.15,104.17,104.28,104.20,104.20,104.29,104.58,105.26,105.26,104.80,105.17,105.17,105.17,105.17,105.17,105.17,105.14,105.14,105.14,105.64,105.89,106.03,107.28,107.28,108.11,108.30,109.78,109.21,109.28,109.20,110.29,110.09,109.44,109.44,109.57,109.46,108.89,108.85,109.04,109.32,109.85,108.68,109.55,109.96,109.74,110.84,110.81,110.84,111.04,112.26,111.89,112.68,112.29,110.59,111.91,111.91,113.07,114.70,115.18,115.09,115.09,115.36,115.36,115.17,115.17,115.17,115.17,115.17,115.70,116.19,116.19,120.63,121.50,121.17,121.17,121.43,121.43,121.46,121.08,121.21,121.50,121.68,121.68,121.70,121.76,122.25,122.32,122.05,122.17,123.15,123.34,123.85,125.42,125.57,125.02,125.01,125.79,125.57,,,,,,,,,,,,,,,,,,,,,,,,,,,,,,,,,,,,,,,,,,,,,,,,
Clase,0.000194447,0810,Servicios postales (S),100.65,100.65,101.60,103.53,103.53,103.53,103.53,103.53,103.53,103.53,103.53,103.50,102.82,101.60,101.52,102.74,102.11,102.20,102.76,102.50,103.23,103.35,103.77,103.94,103.51,103.07,103.15,102.35,102.32,101.70,101.80,101.39,101.39,103.32,103.32,103.59,103.81,104.36,104.38,104.38,104.15,104.17,104.28,104.20,104.20,104.29,104.58,105.26,105.26,104.80,105.17,105.17,105.17,105.17,105.17,105.17,105.14,105.14,105.14,105.64,105.89,106.03,107.28,107.28,108.11,108.30,109.78,109.21,109.28,109.20,110.29,110.09,109.44,109.44,109.57,109.46,108.89,108.85,109.04,109.32,109.85,108.68,109.55,109.96,109.74,110.84,110.81,110.84,111.04,112.26,111.89,112.68,112.29,110.59,111.91,111.91,113.07,114.70,115.18,115.09,115.09,115.36,115.36,115.17,115.17,115.17,115.17,115.17,115.70,116.19,116.19,120.63,121.50,121.17,121.17,121.43,121.43,121.46,121.08,121.21,121.50,121.68,121.68,121.70,121.76,122.25,122.32,122.05,122.17,123.15,123.34,123.85,125.42,125.57,125.02,125.01,125.79,125.57,,,,,,,,,,,,,,,,,,,,,,,,,,,,,,,,,,,,,,,,,,,,,,,,
Subclase,0.000194447,08101,Servicios postales,100.65,100.65,101.60,103.53,103.53,103.53,103.53,103.53,103.53,103.53,103.53,103.50,102.82,101.60,101.52,102.74,102.11,102.20,102.76,102.50,103.23,103.35,103.77,103.94,103.51,103.07,103.15,102.35,102.32,101.70,101.80,101.39,101.39,103.32,103.32,103.59,103.81,104.36,104.38,104.38,104.15,104.17,104.28,104.20,104.20,104.29,104.58,105.26,105.26,104.80,105.17,105.17,105.17,105.17,105.17,105.17,105.14,105.14,105.14,105.64,105.89,106.03,107.28,107.28,108.11,108.30,109.78,109.21,109.28,109.20,110.29,110.09,109.44,109.44,109.57,109.46,108.89,108.85,109.04,109.32,109.85,108.68,109.55,109.96,109.74,110.84,110.81,110.84,111.04,112.26,111.89,112.68,112.29,110.59,111.91,111.91,113.07,114.70,115.18,115.09,115.09,115.36,115.36,115.17,115.17,115.17,115.17,115.17,115.70,116.19,116.19,120.63,121.50,121.17,121.17,121.43,121.43,121.46,121.08,121.21,121.50,121.68,121.68,121.70,121.76,122.25,122.32,122.05,122.17,123.15,123.34,123.85,125.42,125.57,125.02,125.01,125.79,125.57,,,,,,,,,,,,,,,,,,,,,,,,,,,,,,,,,,,,,,,,,,,,,,,,
Producto,0.000194447,08101264,ENVÍO DE PAQUETE,100.65,100.65,101.60,103.53,103.53,103.53,103.53,103.53,103.53,103.53,103.53,103.50,102.82,101.60,101.52,102.74,102.11,102.20,102.76,102.50,103.23,103.35,103.77,103.94,103.51,103.07,103.15,102.35,102.32,101.70,101.80,101.39,101.39,103.32,103.32,103.59,103.81,104.36,104.38,104.38,104.15,104.17,104.28,104.20,104.20,104.29,104.58,105.26,105.26,104.80,105.17,105.17,105.17,105.17,105.17,105.17,105.14,105.14,105.14,105.64,105.89,106.03,107.28,107.28,108.11,108.30,109.78,109.21,109.28,109.20,110.29,110.09,109.44,109.44,109.57,109.46,108.89,108.85,109.04,109.32,109.85,108.68,109.55,109.96,109.74,110.84,110.81,110.84,111.04,112.26,111.89,112.68,112.29,110.59,111.91,111.91,113.07,114.70,115.18,115.09,115.09,115.36,115.36,115.17,115.17,115.17,115.17,115.17,115.70,116.19,116.19,120.63,121.50,121.17,121.17,121.43,121.43,121.46,121.08,121.21,121.50,121.68,121.68,121.70,121.76,122.25,122.32,122.05,122.17,123.15,123.34,123.85,125.42,125.57,125.02,125.01,125.79,125.57,,,,,,,,,,,,,,,,,,,,,,,,,,,,,,,,,,,,,,,,,,,,,,,,
Grupo,0.003895254,082,Equipo telefónico y de facsímile,93.56,92.74,88.68,88.28,87.83,87.48,84.40,81.40,79.84,78.20,76.78,75.42,73.04,70.49,70.47,68.42,67.82,65.30,64.21,63.43,63.50,62.82,61.80,61.24,60.82,60.44,60.38,59.44,58.69,56.75,54.53,54.16,53.20,54.43,51.95,51.56,52.94,52.94,52.95,51.43,51.14,50.91,50.20,49.75,49.51,48.93,48.60,48.03,46.94,44.77,44.53,44.26,43.71,43.21,42.45,43.27,42.68,42.30,41.33,40.11,39.97,39.71,39.49,38.82,38.89,39.35,39.71,39.09,39.43,39.19,38.89,38.30,38.28,37.96,37.89,37.39,37.06,37.17,36.82,36.09,35.55,34.93,35.37,35.20,35.46,35.55,35.50,35.19,34.91,34.53,33.88,33.57,33.08,33.10,32.68,32.20,31.96,31.90,31.47,31.47,31.44,31.09,30.15,29.39,29.34,29.04,28.36,28.16,28.20,27.18,27.22,27.66,27.81,27.80,27.10,26.77,25.44,25.16,25.12,25.03,24.95,24.37,24.35,24.17,23.91,23.66,23.66,23.37,23.36,23.16,22.77,22.35,22.22,22.17,22.50,22.78,23.02,23.25,,,,,,,,,,,,,,,,,,,,,,,,,,,,,,,,,,,,,,,,,,,,,,,,
Clase,0.003895254,0820,Equipo telefónico y de facsímile (D),93.56,92.74,88.68,88.28,87.83,87.48,84.40,81.40,79.84,78.20,76.78,75.42,73.04,70.49,70.47,68.42,67.82,65.30,64.21,63.43,63.50,62.82,61.80,61.24,60.82,60.44,60.38,59.44,58.69,56.75,54.53,54.16,53.20,54.43,51.95,51.56,52.94,52.94,52.95,51.43,51.14,50.91,50.20,49.75,49.51,48.93,48.60,48.03,46.94,44.77,44.53,44.26,43.71,43.21,42.45,43.27,42.68,42.30,41.33,40.11,39.97,39.71,39.49,38.82,38.89,39.35,39.71,39.09,39.43,39.19,38.89,38.30,38.28,37.96,37.89,37.39,37.06,37.17,36.82,36.09,35.55,34.93,35.37,35.20,35.46,35.55,35.50,35.19,34.91,34.53,33.88,33.57,33.08,33.10,32.68,32.20,31.96,31.90,31.47,31.47,31.44,31.09,30.15,29.39,29.34,29.04,28.36,28.16,28.20,27.18,27.22,27.66,27.81,27.80,27.10,26.77,25.44,25.16,25.12,25.03,24.95,24.37,24.35,24.17,23.91,23.66,23.66,23.37,23.36,23.16,22.77,22.35,22.22,22.17,22.50,22.78,23.02,23.25,,,,,,,,,,,,,,,,,,,,,,,,,,,,,,,,,,,,,,,,,,,,,,,,
Subclase,0.003895254,08201,Equipo telefónico y de facsímile,93.56,92.74,88.68,88.28,87.83,87.48,84.40,81.40,79.84,78.20,76.78,75.42,73.04,70.49,70.47,68.42,67.82,65.30,64.21,63.43,63.50,62.82,61.80,61.24,60.82,60.44,60.38,59.44,58.69,56.75,54.53,54.16,53.20,54.43,51.95,51.56,52.94,52.94,52.95,51.43,51.14,50.91,50.20,49.75,49.51,48.93,48.60,48.03,46.94,44.77,44.53,44.26,43.71,43.21,42.45,43.27,42.68,42.30,41.33,40.11,39.97,39.71,39.49,38.82,38.89,39.35,39.71,39.09,39.43,39.19,38.89,38.30,38.28,37.96,37.89,37.39,37.06,37.17,36.82,36.09,35.55,34.93,35.37,35.20,35.46,35.55,35.50,35.19,34.91,34.53,33.88,33.57,33.08,33.10,32.68,32.20,31.96,31.90,31.47,31.47,31.44,31.09,30.15,29.39,29.34,29.04,28.36,28.16,28.20,27.18,27.22,27.66,27.81,27.80,27.10,26.77,25.44,25.16,25.12,25.03,24.95,24.37,24.35,24.17,23.91,23.66,23.66,23.37,23.36,23.16,22.77,22.35,22.22,22.17,22.50,22.78,23.02,23.25,,,,,,,,,,,,,,,,,,,,,,,,,,,,,,,,,,,,,,,,,,,,,,,,
Producto,0.003895254,08201265,TELÉFONO CELULAR,93.56,92.74,88.68,88.28,87.83,87.48,84.40,81.40,79.84,78.20,76.78,75.42,73.04,70.49,70.47,68.42,67.82,65.30,64.21,63.43,63.50,62.82,61.80,61.24,60.82,60.44,60.38,59.44,58.69,56.75,54.53,54.16,53.20,54.43,51.95,51.56,52.94,52.94,52.95,51.43,51.14,50.91,50.20,49.75,49.51,48.93,48.60,48.03,46.94,44.77,44.53,44.26,43.71,43.21,42.45,43.27,42.68,42.30,41.33,40.11,39.97,39.71,39.49,38.82,38.89,39.35,39.71,39.09,39.43,39.19,38.89,38.30,38.28,37.96,37.89,37.39,37.06,37.17,36.82,36.09,35.55,34.93,35.37,35.20,35.46,35.55,35.50,35.19,34.91,34.53,33.88,33.57,33.08,33.10,32.68,32.20,31.96,31.90,31.47,31.47,31.44,31.09,30.15,29.39,29.34,29.04,28.36,28.16,28.20,27.18,27.22,27.66,27.81,27.80,27.10,26.77,25.44,25.16,25.12,25.03,24.95,24.37,24.35,24.17,23.91,23.66,23.66,23.37,23.36,23.16,22.77,22.35,22.22,22.17,22.50,22.78,23.02,23.25,,,,,,,,,,,,,,,,,,,,,,,,,,,,,,,,,,,,,,,,,,,,,,,,
Grupo,0.043328184,083,Servicios telefónicos y de facsímile,95.60,95.76,95.77,95.65,95.70,96.19,96.19,96.04,96.27,96.25,96.21,96.32,96.40,96.44,96.44,96.42,96.46,97.26,97.49,97.47,97.51,97.34,97.16,97.05,97.15,97.21,97.23,97.26,98.71,97.78,97.67,97.68,98.11,98.48,98.50,98.50,98.55,98.57,98.56,98.60,98.64,98.63,98.64,99.90,102.14,98.40,98.40,98.33,98.43,98.37,98.12,98.10,98.48,98.62,98.58,98.63,98.69,98.72,98.70,98.71,98.87,101.48,101.48,101.48,101.43,101.15,101.51,101.41,101.42,101.49,102.00,102.02,101.96,101.92,101.94,101.77,101.73,101.71,101.68,101.53,101.67,101.69,101.57,98.69,98.80,99.27,99.48,99.56,99.54,99.67,99.97,100.16,100.59,100.66,100.59,100.26,100.20,100.17,100.18,100.37,100.30,100.41,100.54,100.60,100.65,100.47,100.55,100.48,101.01,101.25,101.15,103.31,103.54,103.53,103.48,103.45,103.47,103.63,103.64,103.66,103.37,103.38,102.67,102.58,102.53,102.63,102.55,103.40,103.43,102.88,102.62,102.62,103.30,103.11,103.28,103.47,103.25,103.38,,,,,,,,,,,,,,,,,,,,,,,,,,,,,,,,,,,,,,,,,,,,,,,,
Clase,0.043328184,0830,Servicios telefónicos y de facsímile (S),95.60,95.76,95.77,95.65,95.70,96.19,96.19,96.04,96.27,96.25,96.21,96.32,96.40,96.44,96.44,96.42,96.46,97.26,97.49,97.47,97.51,97.34,97.16,97.05,97.15,97.21,97.23,97.26,98.71,97.78,97.67,97.68,98.11,98.48,98.50,98.50,98.55,98.57,98.56,98.60,98.64,98.63,98.64,99.90,102.14,98.40,98.40,98.33,98.43,98.37,98.12,98.10,98.48,98.62,98.58,98.63,98.69,98.72,98.70,98.71,98.87,101.48,101.48,101.48,101.43,101.15,101.51,101.41,101.42,101.49,102.00,102.02,101.96,101.92,101.94,101.77,101.73,101.71,101.68,101.53,101.67,101.69,101.57,98.69,98.80,99.27,99.48,99.56,99.54,99.67,99.97,100.16,100.59,100.66,100.59,100.26,100.20,100.17,100.18,100.37,100.30,100.41,100.54,100.60,100.65,100.47,100.55,100.48,101.01,101.25,101.15,103.31,103.54,103.53,103.48,103.45,103.47,103.63,103.64,103.66,103.37,103.38,102.67,102.58,102.53,102.63,102.55,103.40,103.43,102.88,102.62,102.62,103.30,103.11,103.28,103.47,103.25,103.38,,,,,,,,,,,,,,,,,,,,,,,,,,,,,,,,,,,,,,,,,,,,,,,,
Subclase,0.028372936,08301,Servicios telefónicos,95.24,95.24,95.49,95.32,95.32,95.77,95.77,95.76,95.83,95.80,95.62,95.77,95.93,95.99,95.99,95.99,95.99,97.29,97.61,97.61,97.68,97.42,97.42,97.35,97.35,97.48,97.51,97.53,99.71,98.65,98.62,98.65,98.71,98.71,98.75,98.75,98.75,98.74,98.74,98.79,98.82,98.83,98.83,100.76,104.18,98.49,98.49,98.40,98.50,98.39,98.51,98.51,98.43,98.43,98.42,98.47,98.60,98.94,98.94,98.95,99.20,103.07,103.07,103.07,102.99,102.60,103.15,103.00,103.00,102.85,102.85,102.89,102.89,102.55,102.55,102.32,102.32,102.32,102.34,102.37,102.38,102.41,102.41,98.28,98.07,98.71,98.92,98.99,98.93,98.90,98.90,99.16,100.03,99.84,99.84,99.84,99.59,99.54,99.61,99.79,99.76,99.93,100.09,100.14,100.14,100.14,100.14,100.17,100.79,101.12,101.22,104.03,104.20,104.22,104.29,104.46,104.48,104.61,104.86,104.94,105.04,105.05,105.05,105.05,105.05,105.05,105.05,105.81,105.81,105.81,105.82,105.83,106.94,106.95,106.95,107.15,107.16,107.15,,,,,,,,,,,,,,,,,,,,,,,,,,,,,,,,,,,,,,,,,,,,,,,,
Producto,0.014233903,08301266,SERVICIO DE TELEFONÍA CELULAR,94.32,94.32,94.83,94.49,94.49,95.38,95.38,95.37,95.49,95.45,95.09,95.39,95.72,95.83,95.83,95.83,95.83,97.00,97.65,97.65,97.78,97.27,97.27,97.14,97.14,97.39,97.48,97.51,97.51,96.69,96.70,96.75,96.87,96.87,96.95,96.95,96.95,96.92,96.92,97.03,97.09,97.10,97.10,97.09,96.97,96.43,96.43,96.26,96.44,96.31,96.55,96.57,96.41,96.41,96.39,96.49,96.25,96.51,96.51,96.51,97.02,104.72,104.72,104.72,104.58,103.78,104.88,104.58,104.60,104.29,104.29,104.38,104.38,103.68,103.68,103.22,103.22,103.23,103.26,103.33,103.34,103.39,103.39,95.16,94.64,95.88,96.29,96.44,96.32,96.32,96.32,96.84,98.57,98.20,98.20,98.20,98.20,98.06,98.20,98.55,98.48,98.82,99.15,99.24,99.24,99.24,99.24,99.30,100.54,101.18,101.38,104.65,104.71,104.69,104.82,105.15,105.20,105.45,105.96,106.11,106.32,106.32,106.32,106.32,106.32,106.32,106.32,106.03,106.03,106.03,106.03,106.03,106.68,106.68,106.68,107.09,107.09,107.09,,,,,,,,,,,,,,,,,,,,,,,,,,,,,,,,,,,,,,,,,,,,,,,,
Producto,0.014139033,08301267,SERVICIO DE TELEFONÍA RESIDENCIAL,96.16,96.16,96.16,96.16,96.16,96.16,96.16,96.16,96.16,96.15,96.15,96.15,96.15,96.15,96.15,96.15,96.15,97.58,97.58,97.58,97.58,97.58,97.57,97.57,97.57,97.58,97.55,97.55,101.92,100.62,100.55,100.55,100.55,100.55,100.55,100.55,100.55,100.57,100.57,100.57,100.57,100.57,100.57,104.46,111.43,100.57,100.57,100.57,100.57,100.48,100.48,100.46,100.46,100.46,100.46,100.46,100.97,101.39,101.39,101.41,101.39,101.40,101.40,101.40,101.40,101.40,101.40,101.40,101.40,101.40,101.40,101.40,101.40,101.41,101.41,101.41,101.41,101.41,101.41,101.41,101.41,101.42,101.42,101.43,101.53,101.56,101.56,101.56,101.56,101.50,101.50,101.50,101.50,101.50,101.50,101.50,101.00,101.03,101.03,101.04,101.04,101.04,101.04,101.04,101.04,101.04,101.04,101.04,101.04,101.06,101.06,103.42,103.68,103.75,103.75,103.75,103.75,103.75,103.75,103.75,103.75,103.77,103.77,103.77,103.77,103.77,103.77,105.58,105.58,105.58,105.60,105.62,107.20,107.21,107.21,107.21,107.22,107.21,,,,,,,,,,,,,,,,,,,,,,,,,,,,,,,,,,,,,,,,,,,,,,,,
Subclase,0.014955248,08302,Servicios de alquiler de teléfono e internet,96.30,96.74,96.29,96.26,96.42,96.98,96.97,96.56,97.11,97.11,97.33,97.36,97.28,97.28,97.28,97.24,97.34,97.22,97.25,97.20,97.19,97.19,96.68,96.48,96.77,96.69,96.70,96.76,96.81,96.14,95.86,95.85,96.97,98.04,98.04,98.02,98.17,98.24,98.24,98.24,98.30,98.24,98.29,98.28,98.28,98.22,98.22,98.20,98.30,98.34,97.39,97.33,98.57,98.99,98.90,98.93,98.85,98.30,98.25,98.25,98.25,98.47,98.47,98.47,98.47,98.41,98.41,98.41,98.41,98.92,100.38,100.35,100.20,100.74,100.79,100.74,100.61,100.56,100.43,99.91,100.32,100.32,99.98,99.46,100.18,100.33,100.54,100.64,100.70,101.13,101.99,102.04,101.66,102.22,102.00,101.05,101.35,101.35,101.27,101.46,101.33,101.33,101.40,101.48,101.61,101.08,101.34,101.08,101.41,101.48,101.01,101.95,102.30,102.22,101.96,101.55,101.55,101.77,101.33,101.25,100.21,100.21,98.16,97.89,97.76,98.04,97.79,98.82,98.92,97.32,96.54,96.54,96.39,95.83,96.33,96.48,95.83,96.23,,,,,,,,,,,,,,,,,,,,,,,,,,,,,,,,,,,,,,,,,,,,,,,,
Producto,0.001101015,08302268,SERVICIO DE ALQUILER DE TELÉFONO,98.20,98.57,92.51,92.77,92.77,91.82,93.46,93.40,93.37,93.35,93.35,93.58,93.58,93.58,93.58,93.04,94.43,95.64,95.70,95.35,95.18,95.18,95.18,95.18,94.92,95.17,95.17,95.17,94.89,95.15,95.15,95.15,94.70,95.09,95.09,94.84,94.84,95.04,95.04,95.04,95.87,96.02,96.02,96.02,96.02,95.23,95.23,94.99,95.78,95.78,95.90,95.75,95.75,95.90,95.65,95.65,95.35,94.82,94.82,94.82,94.82,94.82,94.80,94.80,94.82,94.82,94.82,94.82,94.83,97.97,97.97,98.14,96.11,96.11,95.95,95.95,95.95,95.95,94.16,92.03,92.03,92.05,92.06,91.99,94.23,97.03,97.15,98.44,98.56,98.48,97.89,98.52,98.37,99.43,99.43,99.43,99.43,99.46,99.47,100.38,100.38,100.38,99.47,99.47,99.58,99.58,99.53,99.53,99.68,100.64,100.64,101.90,101.90,101.71,101.72,102.27,104.24,104.65,104.65,104.65,105.12,105.12,105.12,105.12,104.83,104.83,104.83,104.92,104.92,104.92,104.92,104.92,104.92,104.92,104.92,105.47,104.74,104.46,,,,,,,,,,,,,,,,,,,,,,,,,,,,,,,,,,,,,,,,,,,,,,,,
Producto,0.013854233,08302269,SERVICIO DE INTERNET,96.15,96.60,96.59,96.54,96.71,97.38,97.25,96.81,97.41,97.41,97.64,97.66,97.57,97.57,97.57,97.57,97.57,97.35,97.38,97.35,97.35,97.35,96.80,96.59,96.92,96.81,96.82,96.89,96.97,96.22,95.92,95.91,97.16,98.27,98.27,98.27,98.43,98.49,98.49,98.49,98.49,98.42,98.47,98.46,98.46,98.46,98.46,98.46,98.50,98.54,97.51,97.45,98.79,99.23,99.16,99.19,99.13,98.58,98.52,98.52,98.52,98.76,98.76,98.76,98.76,98.70,98.70,98.70,98.70,98.99,100.57,100.53,100.53,101.11,101.17,101.12,100.98,100.92,100.93,100.54,100.98,100.97,100.61,100.06,100.65,100.60,100.81,100.81,100.87,101.34,102.32,102.32,101.92,102.44,102.20,101.18,101.50,101.50,101.41,101.55,101.41,101.41,101.55,101.64,101.77,101.20,101.49,101.20,101.55,101.55,101.04,101.95,102.33,102.26,101.98,101.49,101.33,101.54,101.07,100.98,99.82,99.82,97.61,97.31,97.20,97.50,97.24,98.33,98.44,96.72,95.87,95.87,95.71,95.10,95.65,95.76,95.12,95.57,,,,,,,,,,,,,,,,,,,,,,,,,,,,,,,,,,,,,,,,,,,,,,,,
División,0.053029494,09,Recreación y cultura,97.88,97.74,98.55,99.12,99.86,100.38,99.38,99.63,100.29,100.00,99.50,99.21,98.82,99.71,99.85,99.61,98.97,99.59,98.67,98.61,98.53,98.80,98.73,100.60,99.25,100.43,100.30,101.35,103.80,99.16,98.53,98.60,98.97,99.29,98.51,100.28,100.53,99.94,98.54,100.68,100.49,98.87,97.68,98.14,99.04,100.04,97.87,99.45,99.23,98.30,98.30,97.25,98.26,98.43,97.66,97.84,97.37,97.50,98.21,99.48,99.53,95.89,95.72,95.52,95.68,95.75,95.82,95.68,95.25,95.58,95.05,94.97,95.14,95.12,95.33,94.83,94.95,94.70,94.38,94.89,94.45,94.68,94.41,94.53,94.40,93.45,93.52,92.90,93.34,93.26,93.17,93.91,94.42,93.93,93.85,93.92,94.28,94.34,93.21,93.89,93.14,93.17,93.43,93.85,93.09,92.97,92.54,93.31,93.43,93.60,94.10,94.61,94.71,94.30,94.55,94.77,94.64,95.90,95.28,97.17,96.93,94.90,94.73,94.41,94.47,94.58,94.63,94.78,94.88,95.88,95.27,94.49,94.47,94.66,94.99,94.83,94.28,95.75,,,,,,,,,,,,,,,,,,,,,,,,,,,,,,,,,,,,,,,,,,,,,,,,
Grupo,0.015074607,091,"Equipo audiovisual, fotográfico y de procesamiento de información",95.23,95.05,98.49,100.55,100.92,101.63,101.03,101.77,99.88,100.85,100.49,98.39,97.72,97.39,98.06,97.43,97.31,97.51,96.84,95.11,94.80,94.56,94.61,94.41,92.68,92.02,91.95,91.10,89.17,88.10,87.66,87.85,86.92,86.50,85.86,84.53,84.98,85.53,85.64,84.95,84.38,84.20,83.93,82.65,82.74,82.09,81.64,80.56,80.25,80.03,79.81,79.19,78.83,79.17,78.73,78.04,77.64,77.27,76.41,76.00,76.49,76.38,76.29,75.52,75.96,76.87,76.94,76.55,76.37,76.16,75.72,75.74,76.09,76.13,75.88,75.83,75.69,75.55,75.94,76.34,76.03,76.22,76.03,76.23,76.65,76.31,76.08,75.92,75.38,74.92,74.20,74.10,74.09,73.42,72.26,71.96,72.51,71.30,70.44,69.47,69.04,68.66,67.87,67.44,67.41,66.74,66.33,66.02,66.31,66.55,66.60,67.80,67.41,67.45,66.67,67.44,67.57,67.13,66.96,66.84,66.88,67.05,66.71,66.55,66.16,66.17,66.41,65.90,66.23,65.75,65.36,65.43,66.31,66.99,67.19,67.79,68.50,69.36,,,,,,,,,,,,,,,,,,,,,,,,,,,,,,,,,,,,,,,,,,,,,,,,
Clase,0.006460407,0911,"Equipo para la recepción, grabación y reproducción de sonidos e imágenes (D)",93.38,93.92,100.10,101.15,100.11,101.68,100.60,101.24,100.01,101.94,99.88,97.80,96.97,95.88,97.42,96.65,97.15,98.13,96.30,93.90,93.05,92.66,92.97,92.55,87.04,86.35,87.06,85.48,83.61,82.86,82.13,82.81,81.73,80.63,78.48,78.26,79.51,79.11,79.80,79.60,79.09,78.23,77.95,77.00,77.58,76.15,76.03,74.44,74.26,73.92,72.83,72.94,71.78,72.95,72.50,71.14,71.00,69.79,69.26,68.53,69.33,69.24,68.98,67.14,68.16,68.86,68.94,68.14,67.63,67.22,66.42,66.86,67.87,67.87,67.83,67.82,67.65,66.62,67.92,68.17,67.90,68.11,67.30,67.32,67.97,67.49,67.67,68.36,67.68,67.18,66.14,66.22,65.89,65.78,64.38,63.02,63.90,63.30,62.33,62.83,61.75,61.04,59.89,59.11,59.36,58.30,56.91,57.08,57.45,57.08,57.94,58.65,57.53,57.57,56.28,56.97,56.99,56.73,56.25,55.98,55.91,56.21,55.93,55.47,54.50,54.26,54.84,53.87,53.92,53.11,52.25,52.42,52.71,52.25,51.77,51.53,51.56,51.91,,,,,,,,,,,,,,,,,,,,,,,,,,,,,,,,,,,,,,,,,,,,,,,,
Subclase,0.006460407,09111,"Equipo para la recepción, grabación y reproducción de sonidos e imágenes",93.38,93.92,100.10,101.15,100.11,101.68,100.60,101.24,100.01,101.94,99.88,97.80,96.97,95.88,97.42,96.65,97.15,98.13,96.30,93.90,93.05,92.66,92.97,92.55,87.04,86.35,87.06,85.48,83.61,82.86,82.13,82.81,81.73,80.63,78.48,78.26,79.51,79.11,79.80,79.60,79.09,78.23,77.95,77.00,77.58,76.15,76.03,74.44,74.26,73.92,72.83,72.94,71.78,72.95,72.50,71.14,71.00,69.79,69.26,68.53,69.33,69.24,68.98,67.14,68.16,68.86,68.94,68.14,67.63,67.22,66.42,66.86,67.87,67.87,67.83,67.82,67.65,66.62,67.92,68.17,67.90,68.11,67.30,67.32,67.97,67.49,67.67,68.36,67.68,67.18,66.14,66.22,65.89,65.78,64.38,63.02,63.90,63.30,62.33,62.83,61.75,61.04,59.89,59.11,59.36,58.30,56.91,57.08,57.45,57.08,57.94,58.65,57.53,57.57,56.28,56.97,56.99,56.73,56.25,55.98,55.91,56.21,55.93,55.47,54.50,54.26,54.84,53.87,53.92,53.11,52.25,52.42,52.71,52.25,51.77,51.53,51.56,51.91,,,,,,,,,,,,,,,,,,,,,,,,,,,,,,,,,,,,,,,,,,,,,,,,
Producto,0.001768946,09111270,REPRODUCTOR DE SONIDO,92.98,94.48,97.22,98.53,95.84,97.76,100.88,101.80,98.69,101.20,97.94,95.06,97.52,96.23,99.40,97.16,98.82,97.28,96.67,90.43,90.73,89.60,88.89,86.68,86.69,86.69,85.97,84.89,82.68,83.51,83.33,83.21,82.82,81.73,81.29,80.48,81.06,81.22,81.57,80.53,79.09,78.68,78.61,78.05,77.62,76.86,76.32,75.33,75.46,74.40,74.68,74.45,73.76,75.30,74.74,74.85,75.05,72.78,72.59,71.68,72.92,73.25,72.96,68.88,71.81,72.44,73.06,71.77,71.18,70.91,69.46,70.26,72.02,71.93,72.12,72.47,71.10,69.69,71.26,71.73,72.94,72.86,73.71,73.54,76.74,73.91,73.00,75.77,74.43,74.00,73.84,74.93,73.89,73.49,73.55,71.28,71.63,72.33,70.45,70.85,71.17,68.38,67.57,67.38,69.00,67.92,65.91,67.86,67.73,66.08,68.12,68.91,68.28,67.78,65.29,66.65,66.97,67.25,65.86,64.48,65.73,66.91,66.22,66.23,65.38,65.45,66.29,65.41,64.42,64.29,62.91,63.95,64.29,62.35,61.94,62.66,61.69,63.07,,,,,,,,,,,,,,,,,,,,,,,,,,,,,,,,,,,,,,,,,,,,,,,,
Producto,0.000986934,09111271,REPRODUCTOR DE VIDEO,96.41,96.79,99.44,101.40,98.21,100.01,99.75,100.96,99.26,98.52,100.19,99.42,97.45,97.55,98.17,98.25,95.59,99.79,95.05,95.59,95.83,95.63,95.38,96.69,93.01,92.24,91.95,92.45,92.45,88.36,87.86,87.92,86.92,85.96,85.22,85.53,86.33,84.16,84.00,83.84,83.59,83.19,82.53,82.02,81.23,81.26,81.51,78.98,78.17,79.42,78.52,78.71,76.63,77.08,75.29,75.11,77.10,75.72,73.03,71.08,73.91,74.18,76.20,75.40,74.06,75.10,75.22,74.70,73.11,71.91,70.81,69.59,69.70,71.18,70.68,70.71,70.94,68.52,71.97,71.41,71.13,71.18,59.97,64.91,65.16,64.64,64.87,64.34,65.16,64.39,65.10,65.20,64.67,64.53,64.54,63.25,63.06,65.02,64.86,64.89,64.75,64.70,64.65,64.72,64.51,65.90,65.98,65.99,66.33,66.15,66.07,65.52,66.61,66.61,66.66,66.71,66.75,66.80,66.86,66.91,65.88,64.92,64.99,65.65,65.73,65.87,65.95,66.04,66.13,66.23,65.64,65.75,65.86,66.20,66.32,66.44,66.57,66.70,,,,,,,,,,,,,,,,,,,,,,,,,,,,,,,,,,,,,,,,,,,,,,,,
Producto,0.003704527,09111272,TELEVISOR,92.77,92.88,101.66,102.34,102.66,104.00,100.69,101.05,100.84,103.20,100.72,98.67,96.59,95.26,96.28,95.99,96.77,98.09,96.45,95.10,93.42,93.33,94.28,94.24,85.62,84.62,86.28,83.90,81.69,81.08,80.03,81.26,79.82,78.69,75.33,75.26,76.95,76.75,77.84,78.03,77.90,76.69,76.42,75.17,76.59,74.45,74.44,72.81,72.65,72.22,70.44,70.68,69.55,70.72,70.69,68.32,67.44,66.78,66.66,66.34,66.41,66.01,65.16,64.11,64.85,65.49,65.30,64.66,64.47,64.21,63.81,64.50,65.40,65.05,65.02,64.82,65.13,64.64,65.24,65.61,64.64,65.03,66.19,64.99,64.52,65.18,65.87,65.89,65.13,64.67,62.74,62.33,62.39,62.43,59.96,59.01,60.43,58.53,57.78,58.45,56.45,56.56,54.96,53.66,53.39,51.69,50.20,49.56,50.17,50.37,50.91,51.93,49.98,50.28,49.21,49.76,49.63,49.03,48.84,49.01,48.56,48.77,48.60,47.62,46.32,45.82,46.41,45.12,45.66,44.28,43.59,43.36,43.68,43.72,43.05,42.24,42.72,42.63,,,,,,,,,,,,,,,,,,,,,,,,,,,,,,,,,,,,,,,,,,,,,,,,
Clase,0.000849568,0912,Equipo fotográfico y cinematográfico e instrumentos ópticos (D),83.72,79.38,81.31,84.59,85.11,86.30,85.79,85.96,86.41,86.70,86.24,83.76,82.47,82.39,82.26,82.15,81.80,82.13,81.87,81.29,80.64,81.47,81.40,80.74,80.41,80.55,81.65,79.41,73.60,79.84,78.56,78.61,76.97,78.53,76.33,68.50,67.19,68.38,68.22,67.62,61.80,61.99,62.66,61.94,61.97,61.75,61.55,61.65,61.73,61.73,61.67,61.28,60.86,60.86,60.89,60.89,59.55,59.55,58.97,58.89,62.70,62.80,62.91,63.03,63.30,63.55,62.88,62.88,63.07,62.81,60.81,60.81,59.67,59.67,59.70,59.80,59.66,59.66,59.75,59.85,59.96,60.07,60.19,60.32,60.45,60.59,58.55,58.71,58.75,58.93,58.77,58.97,59.19,59.41,59.65,59.90,60.17,60.46,59.33,59.65,59.73,60.09,60.47,65.47,65.90,66.71,67.19,62.42,68.24,68.81,64.15,66.55,71.19,71.94,68.75,69.56,74.82,75.73,76.70,75.53,78.67,79.82,81.04,82.33,83.41,85.16,86.70,88.34,90.07,92.99,94.94,95.53,97.72,100.03,102.49,105.10,107.85,110.78,,,,,,,,,,,,,,,,,,,,,,,,,,,,,,,,,,,,,,,,,,,,,,,,
Subclase,0.000849568,09121,Equipos fotográficos ,83.72,79.38,81.31,84.59,85.11,86.30,85.79,85.96,86.41,86.70,86.24,83.76,82.47,82.39,82.26,82.15,81.80,82.13,81.87,81.29,80.64,81.47,81.40,80.74,80.41,80.55,81.65,79.41,73.60,79.84,78.56,78.61,76.97,78.53,76.33,68.50,67.19,68.38,68.22,67.62,61.80,61.99,62.66,61.94,61.97,61.75,61.55,61.65,61.73,61.73,61.67,61.28,60.86,60.86,60.89,60.89,59.55,59.55,58.97,58.89,62.70,62.80,62.91,63.03,63.30,63.55,62.88,62.88,63.07,62.81,60.81,60.81,59.67,59.67,59.70,59.80,59.66,59.66,59.75,59.85,59.96,60.07,60.19,60.32,60.45,60.59,58.55,58.71,58.75,58.93,58.77,58.97,59.19,59.41,59.65,59.90,60.17,60.46,59.33,59.65,59.73,60.09,60.47,65.47,65.90,66.71,67.19,62.42,68.24,68.81,64.15,66.55,71.19,71.94,68.75,69.56,74.82,75.73,76.70,75.53,78.67,79.82,81.04,82.33,83.41,85.16,86.70,88.34,90.07,92.99,94.94,95.53,97.72,100.03,102.49,105.10,107.85,110.78,,,,,,,,,,,,,,,,,,,,,,,,,,,,,,,,,,,,,,,,,,,,,,,,
Producto,0.000849568,09121273,CÁMARA FOTOGRÁFICA,83.72,79.38,81.31,84.59,85.11,86.30,85.79,85.96,86.41,86.70,86.24,83.76,82.47,82.39,82.26,82.15,81.80,82.13,81.87,81.29,80.64,81.47,81.40,80.74,80.41,80.55,81.65,79.41,73.60,79.84,78.56,78.61,76.97,78.53,76.33,68.50,67.19,68.38,68.22,67.62,61.80,61.99,62.66,61.94,61.97,61.75,61.55,61.65,61.73,61.73,61.67,61.28,60.86,60.86,60.89,60.89,59.55,59.55,58.97,58.89,62.70,62.80,62.91,63.03,63.30,63.55,62.88,62.88,63.07,62.81,60.81,60.81,59.67,59.67,59.70,59.80,59.66,59.66,59.75,59.85,59.96,60.07,60.19,60.32,60.45,60.59,58.55,58.71,58.75,58.93,58.77,58.97,59.19,59.41,59.65,59.90,60.17,60.46,59.33,59.65,59.73,60.09,60.47,65.47,65.90,66.71,67.19,62.42,68.24,68.81,64.15,66.55,71.19,71.94,68.75,69.56,74.82,75.73,76.70,75.53,78.67,79.82,81.04,82.33,83.41,85.16,86.70,88.34,90.07,92.99,94.94,95.53,97.72,100.03,102.49,105.10,107.85,110.78,,,,,,,,,,,,,,,,,,,,,,,,,,,,,,,,,,,,,,,,,,,,,,,,
Clase,0.005236871,0913,Equipo de procesamiento e información (D),99.06,98.33,100.14,103.87,105.57,105.14,105.14,106.05,101.72,101.98,102.32,99.52,98.63,98.57,98.58,97.44,96.76,96.59,95.81,94.99,94.07,93.77,93.54,93.27,94.74,94.80,93.82,93.65,91.66,89.29,88.79,88.49,87.39,87.41,87.35,86.10,86.70,87.74,87.47,86.53,86.62,87.12,86.78,85.31,84.53,84.47,83.79,83.80,83.07,82.81,82.81,82.74,83.09,82.61,81.98,81.72,80.98,81.51,80.03,80.18,79.97,79.68,79.63,79.84,79.70,81.45,81.83,81.72,82.01,82.15,81.94,81.51,81.42,81.43,80.90,81.12,81.04,81.88,81.27,82.16,81.62,81.84,81.48,81.29,81.25,80.93,80.34,78.82,77.63,77.03,76.33,75.95,75.83,74.94,73.13,72.96,73.41,71.09,70.31,67.72,67.73,67.60,66.62,65.58,65.12,64.36,64.36,63.74,63.16,62.43,62.27,62.70,62.15,62.04,61.91,63.31,62.87,61.68,61.52,61.73,61.05,61.08,60.26,60.24,60.17,60.12,59.86,59.43,60.01,59.56,59.19,58.95,60.27,61.96,62.73,64.33,65.86,67.19,,,,,,,,,,,,,,,,,,,,,,,,,,,,,,,,,,,,,,,,,,,,,,,,
Subclase,0.005236871,09131,Equipo de procesamiento de la información,99.06,98.33,100.14,103.87,105.57,105.14,105.14,106.05,101.72,101.98,102.32,99.52,98.63,98.57,98.58,97.44,96.76,96.59,95.81,94.99,94.07,93.77,93.54,93.27,94.74,94.80,93.82,93.65,91.66,89.29,88.79,88.49,87.39,87.41,87.35,86.10,86.70,87.74,87.47,86.53,86.62,87.12,86.78,85.31,84.53,84.47,83.79,83.80,83.07,82.81,82.81,82.74,83.09,82.61,81.98,81.72,80.98,81.51,80.03,80.18,79.97,79.68,79.63,79.84,79.70,81.45,81.83,81.72,82.01,82.15,81.94,81.51,81.42,81.43,80.90,81.12,81.04,81.88,81.27,82.16,81.62,81.84,81.48,81.29,81.25,80.93,80.34,78.82,77.63,77.03,76.33,75.95,75.83,74.94,73.13,72.96,73.41,71.09,70.31,67.72,67.73,67.60,66.62,65.58,65.12,64.36,64.36,63.74,63.16,62.43,62.27,62.70,62.15,62.04,61.91,63.31,62.87,61.68,61.52,61.73,61.05,61.08,60.26,60.24,60.17,60.12,59.86,59.43,60.01,59.56,59.19,58.95,60.27,61.96,62.73,64.33,65.86,67.19,,,,,,,,,,,,,,,,,,,,,,,,,,,,,,,,,,,,,,,,,,,,,,,,
Producto,0.002023796,09131274,COMPUTADORA ESCRITORIO,100.93,101.07,102.08,103.57,104.55,102.97,101.49,99.35,99.21,99.14,99.11,98.75,97.69,97.28,97.11,97.07,96.65,93.61,93.36,90.79,90.50,90.27,89.82,88.13,88.65,89.00,89.50,89.62,89.27,88.28,87.55,87.86,86.80,86.47,86.59,86.63,87.97,87.80,87.54,85.71,86.01,86.79,86.31,84.60,84.72,84.46,84.91,84.15,84.33,83.92,84.13,84.04,83.83,83.52,83.52,83.30,81.77,83.26,82.11,81.72,81.36,80.64,81.15,79.19,82.12,82.73,82.36,82.23,82.62,82.64,82.94,82.88,82.54,82.82,82.62,83.44,83.55,85.72,85.39,85.66,85.03,85.42,83.75,84.19,83.08,83.19,82.07,80.55,79.37,78.11,77.22,75.56,76.49,76.66,74.78,74.21,75.52,74.16,73.13,71.14,70.46,69.34,69.18,66.77,66.42,66.38,66.56,65.86,64.75,63.25,63.33,64.82,65.15,65.06,65.20,65.41,65.56,63.89,63.95,64.21,63.50,63.45,63.30,63.03,62.31,62.05,61.83,61.15,61.70,61.70,62.02,62.23,64.81,66.83,68.91,71.30,73.85,74.21,,,,,,,,,,,,,,,,,,,,,,,,,,,,,,,,,,,,,,,,,,,,,,,,
Producto,0.003009268,09131275,COMPUTADORA PORTÁTIL,98.38,96.89,99.25,104.26,105.52,105.71,106.58,109.58,102.29,102.74,103.44,98.82,97.97,98.22,98.47,96.63,95.72,97.43,96.28,96.59,95.29,95.02,94.93,95.64,97.80,97.65,95.69,95.68,92.60,89.50,89.28,88.62,87.53,87.88,87.71,85.52,85.69,87.73,87.44,87.13,87.14,87.47,87.22,85.82,84.49,84.63,83.30,83.89,82.48,82.29,82.14,82.09,82.93,82.40,81.32,81.02,80.77,80.72,79.01,79.58,79.36,79.38,78.98,80.34,78.23,80.81,81.60,81.43,81.46,81.65,81.05,80.31,80.32,80.16,79.32,79.22,78.98,78.96,78.14,79.48,79.03,79.07,79.60,78.97,79.70,79.08,78.80,77.26,75.95,75.76,75.13,75.56,74.84,73.14,71.31,71.45,71.40,68.69,68.06,64.90,65.56,66.23,64.72,64.56,64.02,62.71,62.66,62.01,61.75,61.50,61.18,60.80,59.64,59.52,59.17,61.40,60.64,59.65,59.28,59.45,58.76,58.98,57.59,57.85,58.25,58.31,57.96,57.67,58.30,57.45,56.61,56.02,56.60,58.13,58.05,59.26,60.20,62.24,,,,,,,,,,,,,,,,,,,,,,,,,,,,,,,,,,,,,,,,,,,,,,,,
Producto,0.000203807,09131276,IMPRESORA,90.58,92.23,94.02,100.99,116.56,118.29,119.97,120.65,118.36,118.78,117.73,117.62,117.64,116.62,114.94,113.15,113.09,113.89,113.25,113.22,111.39,110.21,109.88,109.22,109.87,110.15,109.04,103.68,101.51,96.09,93.88,92.81,91.31,89.82,89.61,89.42,89.01,87.38,87.24,85.80,85.07,85.01,85.07,84.72,83.31,82.13,79.90,79.10,79.36,79.34,79.61,79.32,78.27,76.57,76.40,76.39,76.30,75.78,74.39,73.81,75.14,74.51,74.16,79.01,77.19,78.27,79.86,81.01,84.04,84.69,85.23,85.66,86.59,86.26,87.25,86.24,86.50,86.94,86.61,86.85,86.17,87.06,86.75,86.57,86.05,85.92,85.95,84.75,85.07,85.20,85.12,85.59,83.99,84.32,83.76,82.74,82.07,76.01,75.52,75.22,72.58,70.48,69.33,68.78,68.61,68.62,67.64,68.05,68.23,68.15,67.91,69.57,69.30,69.33,69.81,70.64,69.21,69.73,70.43,70.72,70.50,68.69,69.50,67.78,67.38,67.61,68.45,68.36,68.42,69.40,69.22,69.65,69.48,70.22,70.38,69.96,70.04,70.56,,,,,,,,,,,,,,,,,,,,,,,,,,,,,,,,,,,,,,,,,,,,,,,,
Clase,0.002106327,0914,Medios para grabación (SD),93.57,94.16,94.44,95.35,96.26,97.08,96.94,97.65,98.43,98.86,101.91,101.26,102.10,102.85,102.98,103.33,102.90,101.43,104.23,101.42,104.37,104.22,104.23,105.24,106.14,103.36,102.89,103.04,102.24,100.55,101.46,100.88,100.67,100.39,103.15,100.86,99.29,101.07,100.53,98.79,98.49,98.54,98.00,95.64,95.85,95.81,94.87,91.97,92.20,92.31,93.97,89.87,90.07,90.25,89.95,89.91,90.11,90.06,89.45,88.48,88.55,88.57,88.76,88.62,88.80,89.04,88.62,88.34,87.55,87.84,88.38,88.29,88.32,88.28,88.07,87.26,87.32,87.31,87.24,87.31,87.11,86.98,89.00,90.81,91.60,91.34,91.43,91.61,92.72,92.31,92.25,92.38,93.36,91.01,91.02,93.43,93.39,92.26,91.49,89.48,89.65,89.29,89.44,89.28,89.27,89.31,90.51,91.21,91.25,95.86,95.90,99.41,99.58,99.50,99.49,99.37,99.31,99.58,99.87,99.82,100.74,100.50,100.46,100.09,100.19,100.20,100.21,100.24,100.17,98.93,98.92,99.35,100.22,101.36,101.50,101.56,101.59,101.86,,,,,,,,,,,,,,,,,,,,,,,,,,,,,,,,,,,,,,,,,,,,,,,,
Subclase,0.002106327,09141,Medios para grabación,93.57,94.16,94.44,95.35,96.26,97.08,96.94,97.65,98.43,98.86,101.91,101.26,102.10,102.85,102.98,103.33,102.90,101.43,104.23,101.42,104.37,104.22,104.23,105.24,106.14,103.36,102.89,103.04,102.24,100.55,101.46,100.88,100.67,100.39,103.15,100.86,99.29,101.07,100.53,98.79,98.49,98.54,98.00,95.64,95.85,95.81,94.87,91.97,92.20,92.31,93.97,89.87,90.07,90.25,89.95,89.91,90.11,90.06,89.45,88.48,88.55,88.57,88.76,88.62,88.80,89.04,88.62,88.34,87.55,87.84,88.38,88.29,88.32,88.28,88.07,87.26,87.32,87.31,87.24,87.31,87.11,86.98,89.00,90.81,91.60,91.34,91.43,91.61,92.72,92.31,92.25,92.38,93.36,91.01,91.02,93.43,93.39,92.26,91.49,89.48,89.65,89.29,89.44,89.28,89.27,89.31,90.51,91.21,91.25,95.86,95.90,99.41,99.58,99.50,99.49,99.37,99.31,99.58,99.87,99.82,100.74,100.50,100.46,100.09,100.19,100.20,100.21,100.24,100.17,98.93,98.92,99.35,100.22,101.36,101.50,101.56,101.59,101.86,,,,,,,,,,,,,,,,,,,,,,,,,,,,,,,,,,,,,,,,,,,,,,,,
Producto,0.000167303,09141277,MEMORY FLASH,86.61,86.61,88.04,87.73,91.62,91.62,88.09,88.78,91.00,90.86,90.22,89.55,88.94,88.80,86.14,86.44,86.36,86.61,87.72,87.71,87.40,85.93,86.03,87.01,86.31,88.21,89.27,90.49,91.08,90.67,90.23,90.67,90.72,90.22,89.42,88.95,89.46,90.02,89.92,90.51,90.63,90.34,89.64,88.49,87.50,87.01,84.65,83.17,82.33,82.27,81.80,81.15,80.27,78.59,77.03,76.66,75.88,75.83,73.92,73.26,74.13,74.32,74.63,72.85,72.96,73.31,73.40,73.34,72.41,72.32,68.55,67.50,66.14,65.70,64.61,64.00,64.03,63.90,63.48,63.66,63.13,63.17,62.92,62.49,62.89,63.63,63.37,61.95,62.67,61.41,60.57,60.24,61.08,60.03,60.15,59.38,58.91,57.98,57.51,57.14,57.11,56.06,55.27,54.55,54.51,55.56,56.03,55.95,54.91,54.18,54.74,55.44,55.78,56.18,56.32,54.82,55.22,55.01,55.30,55.58,56.19,56.35,55.92,55.39,55.09,55.20,55.27,53.97,52.99,53.55,53.68,53.63,56.85,58.78,60.76,61.74,63.80,65.12,,,,,,,,,,,,,,,,,,,,,,,,,,,,,,,,,,,,,,,,,,,,,,,,
Producto,0.001939024,09141278,DISPOSITIVOS DE ALMACENAMIENTO DE DATOS,94.17,94.81,94.99,96.01,96.66,97.55,97.71,98.42,99.07,99.55,102.92,102.27,103.24,104.06,104.43,104.79,104.33,102.71,105.66,102.60,105.83,105.80,105.80,106.81,107.85,104.67,104.07,104.12,103.21,101.40,102.43,101.76,101.52,101.26,104.33,101.89,100.14,102.03,101.45,99.50,99.17,99.25,98.72,96.25,96.57,96.57,95.75,92.73,93.05,93.18,95.02,90.62,90.92,91.26,91.07,91.06,91.34,91.28,90.79,89.80,89.80,89.80,89.98,89.98,90.16,90.40,89.93,89.63,88.86,89.18,90.09,90.09,90.23,90.23,90.10,89.27,89.33,89.33,89.29,89.35,89.18,89.03,91.25,93.26,94.07,93.74,93.85,94.17,95.31,94.98,94.98,95.16,96.15,93.68,93.68,96.37,96.37,95.22,94.42,92.27,92.46,92.16,92.38,92.28,92.27,92.22,93.49,94.26,94.39,99.46,99.46,103.21,103.36,103.24,103.21,103.21,103.11,103.43,103.72,103.63,104.58,104.30,104.30,103.95,104.08,104.08,104.08,104.24,104.24,102.84,102.83,103.30,103.96,105.04,105.02,105.00,104.85,105.03,,,,,,,,,,,,,,,,,,,,,,,,,,,,,,,,,,,,,,,,,,,,,,,,
Clase,0.000421434,0915,"Reparación de equipo audiovisual, fotográfico y de procesamiento de información (S)",107.57,107.79,107.96,108.18,110.83,111.05,107.66,109.06,109.29,108.66,108.66,108.43,106.63,108.74,108.74,110.38,109.76,110.73,111.22,111.53,111.58,111.75,111.69,110.81,111.02,110.82,109.69,109.69,109.69,108.21,107.93,110.66,111.88,111.75,113.15,111.88,111.94,113.40,113.18,113.18,112.53,112.53,112.74,113.05,115.76,116.10,115.31,114.98,114.72,114.83,115.05,113.75,113.82,113.52,113.52,113.21,111.95,111.21,111.10,110.78,110.46,111.21,111.21,109.91,110.46,108.82,108.88,109.92,111.21,107.44,107.56,107.56,107.72,109.47,108.65,107.93,106.71,107.08,108.89,107.84,108.04,109.33,109.26,109.25,110.51,110.71,110.71,112.21,112.32,112.44,112.30,111.15,111.93,112.16,113.63,113.63,113.68,113.64,113.64,112.84,112.96,112.96,112.96,112.96,112.96,112.96,112.76,112.76,112.76,111.71,111.71,115.92,115.95,116.98,116.98,115.35,114.74,114.74,114.58,114.58,114.66,114.45,114.45,115.50,114.34,115.66,115.30,113.94,114.46,115.63,115.63,115.22,117.00,116.85,116.34,116.18,116.36,118.10,,,,,,,,,,,,,,,,,,,,,,,,,,,,,,,,,,,,,,,,,,,,,,,,
Subclase,0.000421434,09151,Reparación de equipos audiovisuales ,107.57,107.79,107.96,108.18,110.83,111.05,107.66,109.06,109.29,108.66,108.66,108.43,106.63,108.74,108.74,110.38,109.76,110.73,111.22,111.53,111.58,111.75,111.69,110.81,111.02,110.82,109.69,109.69,109.69,108.21,107.93,110.66,111.88,111.75,113.15,111.88,111.94,113.40,113.18,113.18,112.53,112.53,112.74,113.05,115.76,116.10,115.31,114.98,114.72,114.83,115.05,113.75,113.82,113.52,113.52,113.21,111.95,111.21,111.10,110.78,110.46,111.21,111.21,109.91,110.46,108.82,108.88,109.92,111.21,107.44,107.56,107.56,107.72,109.47,108.65,107.93,106.71,107.08,108.89,107.84,108.04,109.33,109.26,109.25,110.51,110.71,110.71,112.21,112.32,112.44,112.30,111.15,111.93,112.16,113.63,113.63,113.68,113.64,113.64,112.84,112.96,112.96,112.96,112.96,112.96,112.96,112.76,112.76,112.76,111.71,111.71,115.92,115.95,116.98,116.98,115.35,114.74,114.74,114.58,114.58,114.66,114.45,114.45,115.50,114.34,115.66,115.30,113.94,114.46,115.63,115.63,115.22,117.00,116.85,116.34,116.18,116.36,118.10,,,,,,,,,,,,,,,,,,,,,,,,,,,,,,,,,,,,,,,,,,,,,,,,
Producto,0.000421434,09151279,REPARACIÓN DE EQUIPOS ELECTRÓNICOS,107.57,107.79,107.96,108.18,110.83,111.05,107.66,109.06,109.29,108.66,108.66,108.43,106.63,108.74,108.74,110.38,109.76,110.73,111.22,111.53,111.58,111.75,111.69,110.81,111.02,110.82,109.69,109.69,109.69,108.21,107.93,110.66,111.88,111.75,113.15,111.88,111.94,113.40,113.18,113.18,112.53,112.53,112.74,113.05,115.76,116.10,115.31,114.98,114.72,114.83,115.05,113.75,113.82,113.52,113.52,113.21,111.95,111.21,111.10,110.78,110.46,111.21,111.21,109.91,110.46,108.82,108.88,109.92,111.21,107.44,107.56,107.56,107.72,109.47,108.65,107.93,106.71,107.08,108.89,107.84,108.04,109.33,109.26,109.25,110.51,110.71,110.71,112.21,112.32,112.44,112.30,111.15,111.93,112.16,113.63,113.63,113.68,113.64,113.64,112.84,112.96,112.96,112.96,112.96,112.96,112.96,112.76,112.76,112.76,111.71,111.71,115.92,115.95,116.98,116.98,115.35,114.74,114.74,114.58,114.58,114.66,114.45,114.45,115.50,114.34,115.66,115.30,113.94,114.46,115.63,115.63,115.22,117.00,116.85,116.34,116.18,116.36,118.10,,,,,,,,,,,,,,,,,,,,,,,,,,,,,,,,,,,,,,,,,,,,,,,,
Grupo,0.000328915,092,Otros productos duraderos importantes para recreación y cultura,97.26,98.15,98.65,105.84,106.40,105.95,106.05,105.71,109.35,109.56,109.56,113.04,114.59,112.46,116.26,113.19,114.88,110.62,111.50,112.16,113.37,112.16,113.37,112.73,112.13,112.13,112.13,114.77,113.48,112.82,109.72,109.40,106.57,106.57,106.57,107.63,109.70,110.18,110.18,109.16,109.16,109.16,109.16,109.16,109.16,109.16,108.06,108.06,108.83,109.02,109.02,109.02,110.54,110.54,110.21,110.29,110.29,108.48,108.48,105.19,104.70,104.70,105.53,105.53,105.53,105.53,105.53,105.53,105.53,106.77,108.83,108.62,105.84,108.09,108.16,108.89,108.89,108.89,108.16,109.92,110.63,116.12,117.10,119.39,117.86,118.15,118.65,119.14,116.90,119.15,124.00,122.68,122.68,122.68,125.64,123.35,123.35,125.06,126.36,126.36,125.92,124.40,123.05,122.63,125.03,122.11,123.47,123.47,123.47,125.27,123.39,126.97,124.83,125.58,127.49,126.74,126.92,125.52,127.54,125.38,121.90,122.70,122.70,121.70,121.48,121.18,121.18,121.18,121.18,121.18,120.97,120.97,120.97,121.30,121.71,117.29,117.29,117.29,,,,,,,,,,,,,,,,,,,,,,,,,,,,,,,,,,,,,,,,,,,,,,,,
Clase,0.000328915,0922,Instrumentos musicales y equipos duraderos importantes para recreación en interiores (d),97.26,98.15,98.65,105.84,106.40,105.95,106.05,105.71,109.35,109.56,109.56,113.04,114.59,112.46,116.26,113.19,114.88,110.62,111.50,112.16,113.37,112.16,113.37,112.73,112.13,112.13,112.13,114.77,113.48,112.82,109.72,109.40,106.57,106.57,106.57,107.63,109.70,110.18,110.18,109.16,109.16,109.16,109.16,109.16,109.16,109.16,108.06,108.06,108.83,109.02,109.02,109.02,110.54,110.54,110.21,110.29,110.29,108.48,108.48,105.19,104.70,104.70,105.53,105.53,105.53,105.53,105.53,105.53,105.53,106.77,108.83,108.62,105.84,108.09,108.16,108.89,108.89,108.89,108.16,109.92,110.63,116.12,117.10,119.39,117.86,118.15,118.65,119.14,116.90,119.15,124.00,122.68,122.68,122.68,125.64,123.35,123.35,125.06,126.36,126.36,125.92,124.40,123.05,122.63,125.03,122.11,123.47,123.47,123.47,125.27,123.39,126.97,124.83,125.58,127.49,126.74,126.92,125.52,127.54,125.38,121.90,122.70,122.70,121.70,121.48,121.18,121.18,121.18,121.18,121.18,120.97,120.97,120.97,121.30,121.71,117.29,117.29,117.29,,,,,,,,,,,,,,,,,,,,,,,,,,,,,,,,,,,,,,,,,,,,,,,,
Subclase,0.000328915,09221,Instrumentos musicales y equipos duraderos importantes para recreación en interiores,97.26,98.15,98.65,105.84,106.40,105.95,106.05,105.71,109.35,109.56,109.56,113.04,114.59,112.46,116.26,113.19,114.88,110.62,111.50,112.16,113.37,112.16,113.37,112.73,112.13,112.13,112.13,114.77,113.48,112.82,109.72,109.40,106.57,106.57,106.57,107.63,109.70,110.18,110.18,109.16,109.16,109.16,109.16,109.16,109.16,109.16,108.06,108.06,108.83,109.02,109.02,109.02,110.54,110.54,110.21,110.29,110.29,108.48,108.48,105.19,104.70,104.70,105.53,105.53,105.53,105.53,105.53,105.53,105.53,106.77,108.83,108.62,105.84,108.09,108.16,108.89,108.89,108.89,108.16,109.92,110.63,116.12,117.10,119.39,117.86,118.15,118.65,119.14,116.90,119.15,124.00,122.68,122.68,122.68,125.64,123.35,123.35,125.06,126.36,126.36,125.92,124.40,123.05,122.63,125.03,122.11,123.47,123.47,123.47,125.27,123.39,126.97,124.83,125.58,127.49,126.74,126.92,125.52,127.54,125.38,121.90,122.70,122.70,121.70,121.48,121.18,121.18,121.18,121.18,121.18,120.97,120.97,120.97,121.30,121.71,117.29,117.29,117.29,,,,,,,,,,,,,,,,,,,,,,,,,,,,,,,,,,,,,,,,,,,,,,,,
Producto,0.000328915,09221280,GUITARRA,97.26,98.15,98.65,105.84,106.40,105.95,106.05,105.71,109.35,109.56,109.56,113.04,114.59,112.46,116.26,113.19,114.88,110.62,111.50,112.16,113.37,112.16,113.37,112.73,112.13,112.13,112.13,114.77,113.48,112.82,109.72,109.40,106.57,106.57,106.57,107.63,109.70,110.18,110.18,109.16,109.16,109.16,109.16,109.16,109.16,109.16,108.06,108.06,108.83,109.02,109.02,109.02,110.54,110.54,110.21,110.29,110.29,108.48,108.48,105.19,104.70,104.70,105.53,105.53,105.53,105.53,105.53,105.53,105.53,106.77,108.83,108.62,105.84,108.09,108.16,108.89,108.89,108.89,108.16,109.92,110.63,116.12,117.10,119.39,117.86,118.15,118.65,119.14,116.90,119.15,124.00,122.68,122.68,122.68,125.64,123.35,123.35,125.06,126.36,126.36,125.92,124.40,123.05,122.63,125.03,122.11,123.47,123.47,123.47,125.27,123.39,126.97,124.83,125.58,127.49,126.74,126.92,125.52,127.54,125.38,121.90,122.70,122.70,121.70,121.48,121.18,121.18,121.18,121.18,121.18,120.97,120.97,120.97,121.30,121.71,117.29,117.29,117.29,,,,,,,,,,,,,,,,,,,,,,,,,,,,,,,,,,,,,,,,,,,,,,,,
Grupo,0.006626741,093,"Otros artículos y equipo para recreación, jardines y animales domésticos",95.82,96.73,95.31,97.24,98.84,99.23,97.24,98.00,98.18,99.56,98.96,98.90,98.47,98.62,98.26,97.48,97.03,98.40,98.55,98.70,98.47,98.39,97.33,96.62,97.18,96.59,96.59,97.49,97.74,95.47,96.58,95.91,96.07,96.28,94.96,93.58,95.88,96.78,96.32,95.84,95.40,94.76,94.56,93.76,95.76,96.21,95.25,94.98,95.07,95.38,95.09,94.65,94.95,94.43,95.17,95.16,94.12,94.07,93.38,93.67,93.24,92.69,92.68,93.25,93.48,92.36,93.18,93.18,92.53,92.76,92.94,91.18,91.90,92.11,93.44,90.45,93.05,92.32,91.64,93.55,92.19,93.86,94.28,94.62,94.78,93.35,95.83,92.15,95.54,95.90,96.76,93.71,97.10,97.32,97.65,97.58,100.81,100.46,99.21,100.88,96.96,100.98,100.13,99.88,97.33,98.93,98.65,97.74,100.18,97.16,101.18,99.51,102.88,101.65,102.50,99.06,102.79,102.81,103.05,101.88,102.74,97.44,97.41,97.11,97.21,96.16,97.03,96.04,95.34,97.45,97.05,96.74,97.07,95.55,96.60,96.40,94.35,93.93,,,,,,,,,,,,,,,,,,,,,,,,,,,,,,,,,,,,,,,,,,,,,,,,
Clase,0.0022653,0931,Conservación y reparación de otros bienes duraderos importantes para recreación y cultura (S),92.61,92.74,92.63,91.94,92.12,92.16,91.68,92.12,92.11,94.74,94.15,94.11,93.61,93.46,93.10,92.69,91.94,92.41,91.97,91.47,91.23,90.70,88.18,88.36,88.65,88.61,88.56,88.17,89.12,87.91,87.88,87.59,87.61,87.43,86.04,86.09,86.13,85.99,86.18,86.34,85.27,84.88,84.75,84.89,84.86,84.77,83.81,83.10,83.10,83.15,82.74,82.03,81.29,80.05,79.73,79.80,79.88,80.07,80.05,79.12,79.33,79.26,79.26,79.22,78.33,77.55,76.86,77.04,77.08,77.13,76.66,76.84,76.78,75.94,75.82,75.67,74.98,74.82,74.77,74.67,74.69,74.85,76.07,75.48,75.12,75.02,75.00,74.96,75.02,74.72,74.57,74.19,74.23,74.49,73.45,73.29,73.68,73.47,73.27,73.44,73.81,73.88,73.90,73.43,73.24,73.27,72.02,71.95,72.04,71.93,71.87,72.02,72.62,72.89,72.66,72.70,72.60,72.93,73.12,72.67,72.63,72.41,72.32,72.30,71.81,72.59,72.48,72.60,72.60,72.87,72.22,72.16,72.20,71.92,71.94,71.89,70.88,71.13,,,,,,,,,,,,,,,,,,,,,,,,,,,,,,,,,,,,,,,,,,,,,,,,
Subclase,0.0022653,09311,"Juegos, juguetes y aficiones",92.61,92.74,92.63,91.94,92.12,92.16,91.68,92.12,92.11,94.74,94.15,94.11,93.61,93.46,93.10,92.69,91.94,92.41,91.97,91.47,91.23,90.70,88.18,88.36,88.65,88.61,88.56,88.17,89.12,87.91,87.88,87.59,87.61,87.43,86.04,86.09,86.13,85.99,86.18,86.34,85.27,84.88,84.75,84.89,84.86,84.77,83.81,83.10,83.10,83.15,82.74,82.03,81.29,80.05,79.73,79.80,79.88,80.07,80.05,79.12,79.33,79.26,79.26,79.22,78.33,77.55,76.86,77.04,77.08,77.13,76.66,76.84,76.78,75.94,75.82,75.67,74.98,74.82,74.77,74.67,74.69,74.85,76.07,75.48,75.12,75.02,75.00,74.96,75.02,74.72,74.57,74.19,74.23,74.49,73.45,73.29,73.68,73.47,73.27,73.44,73.81,73.88,73.90,73.43,73.24,73.27,72.02,71.95,72.04,71.93,71.87,72.02,72.62,72.89,72.66,72.70,72.60,72.93,73.12,72.67,72.63,72.41,72.32,72.30,71.81,72.59,72.48,72.60,72.60,72.87,72.22,72.16,72.20,71.92,71.94,71.89,70.88,71.13,,,,,,,,,,,,,,,,,,,,,,,,,,,,,,,,,,,,,,,,,,,,,,,,
Producto,0.000705567,09311281,JUGUETE,99.13,99.07,99.27,99.27,99.27,99.35,99.35,99.40,98.72,100.11,100.61,100.72,99.71,99.71,99.71,99.71,99.92,99.43,99.43,99.43,99.43,99.43,99.52,100.62,100.62,100.62,100.62,100.62,100.65,100.01,100.01,100.01,100.01,100.01,98.46,98.82,98.82,98.82,98.82,98.82,97.19,97.58,97.58,97.58,97.58,97.58,96.94,96.40,96.40,96.40,96.40,96.40,96.69,96.67,96.67,96.67,96.67,96.67,97.35,96.59,96.59,96.59,96.59,96.59,94.33,94.21,94.21,94.21,94.21,94.21,94.03,93.61,93.61,93.61,93.61,93.61,93.18,93.63,93.63,93.63,93.63,93.63,96.72,95.36,95.36,95.36,95.36,95.36,97.20,96.94,96.94,96.94,96.94,96.94,93.73,93.52,93.52,93.52,93.52,93.52,93.74,93.75,93.75,93.75,93.75,93.75,93.57,93.26,93.26,93.26,93.26,93.26,93.38,94.10,94.10,94.10,94.10,94.10,92.80,92.24,92.24,92.24,92.24,92.24,92.38,93.44,93.44,93.44,93.44,93.44,92.40,92.10,92.10,92.10,92.10,92.10,91.03,91.98,,,,,,,,,,,,,,,,,,,,,,,,,,,,,,,,,,,,,,,,,,,,,,,,
Producto,0.000513148,09311282,JUEGO ELECTRÓNICO,77.41,77.27,77.27,75.41,75.41,74.97,74.08,75.73,75.92,76.46,76.02,77.74,75.09,74.41,72.85,71.01,70.33,71.30,69.35,67.13,66.07,63.74,62.05,60.43,61.69,61.54,61.32,59.59,59.55,59.73,59.60,58.29,58.42,57.62,57.05,56.60,56.76,56.16,57.01,57.68,56.14,56.03,55.47,56.07,55.96,55.55,55.74,55.15,55.12,55.34,53.52,50.39,48.83,45.90,44.49,44.79,45.13,46.00,46.31,46.80,47.73,47.38,47.38,47.24,45.39,44.06,41.05,41.82,42.00,42.24,41.03,40.97,40.67,36.97,36.46,35.78,35.16,34.52,34.26,33.85,33.94,34.64,34.92,35.28,33.70,33.27,33.17,32.98,31.81,31.10,30.41,28.77,28.94,30.08,30.10,30.29,32.03,31.10,30.18,30.93,29.92,30.29,30.35,28.31,27.43,27.58,26.50,25.85,26.25,25.75,25.51,26.17,26.11,26.06,25.03,25.23,24.78,26.24,26.16,26.33,26.17,25.19,24.76,24.69,24.01,23.59,23.11,23.63,23.62,24.82,24.19,24.79,24.98,23.75,23.82,23.58,23.58,23.45,,,,,,,,,,,,,,,,,,,,,,,,,,,,,,,,,,,,,,,,,,,,,,,,
Producto,0.001046586,09311283,MUÑECA,95.66,96.06,95.69,95.11,95.50,95.75,95.15,95.24,95.59,100.09,98.67,97.67,98.58,98.58,98.58,98.58,97.17,98.04,98.04,98.04,98.04,98.04,93.34,93.79,93.79,93.79,93.79,93.79,95.86,93.57,93.57,93.57,93.57,93.57,91.88,91.97,91.97,91.97,91.97,91.97,91.53,90.46,90.46,90.46,90.46,90.46,88.73,87.85,87.85,87.85,87.85,87.85,86.82,85.59,85.59,85.59,85.59,85.59,84.93,83.20,83.20,83.20,83.20,83.20,83.68,82.73,82.73,82.73,82.73,82.73,82.42,83.13,83.13,83.13,83.13,83.13,82.24,81.91,81.91,81.91,81.91,81.91,82.32,81.79,81.79,81.79,81.79,81.79,81.25,81.13,81.13,81.13,81.13,81.13,81.03,80.74,80.74,80.74,80.74,80.74,81.89,81.87,81.87,81.87,81.87,81.87,79.81,80.18,80.18,80.18,80.18,80.18,81.43,81.55,81.55,81.55,81.55,81.55,82.89,82.20,82.20,82.20,82.20,82.20,81.38,82.56,82.56,82.56,82.56,82.56,82.16,81.94,81.94,81.94,81.94,81.94,80.48,80.44,,,,,,,,,,,,,,,,,,,,,,,,,,,,,,,,,,,,,,,,,,,,,,,,
Clase,0.00052484,0932,"Equipo de deportes, campamentos y recreación al aire libre (SD)",102.61,102.21,102.37,102.65,105.52,107.65,108.60,109.01,108.23,108.05,108.10,108.13,108.20,108.50,108.53,108.46,106.10,107.05,108.81,109.44,108.29,109.91,110.12,104.45,104.60,104.78,104.64,104.50,102.07,97.71,101.59,101.58,101.39,101.29,99.63,98.22,101.42,101.27,101.32,99.50,97.86,97.09,97.63,97.89,98.33,97.64,96.87,95.99,97.80,95.14,98.59,98.51,98.09,97.58,98.51,98.76,97.67,97.62,94.02,92.57,94.34,94.67,94.75,95.04,93.98,92.55,93.22,91.71,93.49,93.41,92.94,93.17,94.07,94.91,95.28,95.15,95.23,93.33,95.45,95.39,96.32,96.51,96.81,96.87,97.56,97.85,97.47,95.47,95.47,96.68,96.12,96.97,96.80,96.92,96.56,96.00,96.89,98.40,98.12,97.63,92.41,92.78,93.39,94.80,94.72,95.08,94.07,94.96,94.16,93.61,93.64,96.06,96.17,96.59,96.38,96.35,96.20,95.04,93.44,93.73,94.56,94.77,93.64,94.28,89.80,88.33,87.94,90.12,88.96,86.99,86.51,86.20,85.84,86.90,87.40,88.24,87.31,87.91,,,,,,,,,,,,,,,,,,,,,,,,,,,,,,,,,,,,,,,,,,,,,,,,
Subclase,0.00052484,09321,"Equipo de deportes, campamentos y recreación al aire libre",102.61,102.21,102.37,102.65,105.52,107.65,108.60,109.01,108.23,108.05,108.10,108.13,108.20,108.50,108.53,108.46,106.10,107.05,108.81,109.44,108.29,109.91,110.12,104.45,104.60,104.78,104.64,104.50,102.07,97.71,101.59,101.58,101.39,101.29,99.63,98.22,101.42,101.27,101.32,99.50,97.86,97.09,97.63,97.89,98.33,97.64,96.87,95.99,97.80,95.14,98.59,98.51,98.09,97.58,98.51,98.76,97.67,97.62,94.02,92.57,94.34,94.67,94.75,95.04,93.98,92.55,93.22,91.71,93.49,93.41,92.94,93.17,94.07,94.91,95.28,95.15,95.23,93.33,95.45,95.39,96.32,96.51,96.81,96.87,97.56,97.85,97.47,95.47,95.47,96.68,96.12,96.97,96.80,96.92,96.56,96.00,96.89,98.40,98.12,97.63,92.41,92.78,93.39,94.80,94.72,95.08,94.07,94.96,94.16,93.61,93.64,96.06,96.17,96.59,96.38,96.35,96.20,95.04,93.44,93.73,94.56,94.77,93.64,94.28,89.80,88.33,87.94,90.12,88.96,86.99,86.51,86.20,85.84,86.90,87.40,88.24,87.31,87.91,,,,,,,,,,,,,,,,,,,,,,,,,,,,,,,,,,,,,,,,,,,,,,,,
Producto,0.000249881,09321284,BALÓN DEPORTIVO,103.66,103.69,103.55,104.04,110.13,113.59,115.10,115.59,117.23,116.90,117.12,118.24,117.63,117.71,117.77,117.63,115.58,116.95,118.92,118.72,118.38,118.14,118.85,116.07,117.83,117.91,117.44,117.19,116.81,113.50,116.38,115.70,115.49,115.32,115.29,111.37,115.69,115.39,115.28,114.13,111.71,111.93,113.71,113.33,113.98,113.79,112.63,112.17,113.36,113.32,113.32,113.15,112.11,111.82,113.41,113.16,113.24,113.00,110.12,109.60,110.22,110.16,110.03,110.03,108.56,110.01,107.61,107.17,107.23,107.30,106.75,107.09,107.41,106.76,107.53,107.39,107.56,104.87,106.78,106.68,107.27,107.52,108.68,108.68,109.48,110.76,110.41,109.29,110.52,110.50,110.49,111.65,111.42,110.98,110.96,111.07,111.73,113.00,111.92,112.00,111.37,111.57,111.44,112.38,112.70,112.96,111.42,112.97,112.44,112.58,112.32,114.60,115.07,114.99,115.05,114.96,114.91,114.91,113.85,114.24,114.78,114.45,114.25,115.10,113.87,110.16,110.92,110.66,109.90,108.79,107.87,107.75,107.77,108.36,108.19,108.00,107.28,107.63,,,,,,,,,,,,,,,,,,,,,,,,,,,,,,,,,,,,,,,,,,,,,,,,
Producto,0.000274959,09321285,MÁQUINA DE EJERCICIO,101.64,100.86,101.31,101.39,101.34,102.25,102.70,103.03,100.06,100.02,99.90,98.95,99.63,100.12,100.13,100.13,97.49,98.06,99.62,101.01,99.12,102.43,102.19,93.89,92.57,92.85,93.01,92.97,88.68,83.35,88.15,88.76,88.58,88.53,85.40,86.27,88.44,88.44,88.64,86.21,85.27,83.60,83.01,83.86,84.12,82.96,82.55,81.28,83.67,78.62,85.21,85.22,85.35,84.64,84.96,85.67,83.52,83.64,79.39,77.10,79.91,80.59,80.86,81.41,80.73,76.68,80.14,77.67,81.00,80.78,80.39,80.51,81.95,84.14,84.14,84.02,84.02,82.84,85.16,85.13,86.37,86.51,86.03,86.14,86.74,86.12,85.70,82.91,81.79,84.12,83.06,83.63,83.51,84.15,83.47,82.29,83.41,85.14,85.59,84.58,75.19,75.71,77.00,78.82,78.37,78.83,78.30,78.59,77.54,76.38,76.65,79.21,79.00,79.87,79.41,79.45,79.20,76.98,74.88,75.09,76.19,76.88,74.91,75.35,67.93,68.50,67.06,71.45,69.93,67.18,67.10,66.62,65.91,67.39,68.49,70.28,69.17,69.98,,,,,,,,,,,,,,,,,,,,,,,,,,,,,,,,,,,,,,,,,,,,,,,,
Clase,0.00034131,0933,"Jardines, plantas y flores (ND)",79.09,82.77,78.17,82.66,85.55,79.95,75.76,76.22,76.58,77.73,79.14,76.75,74.52,65.57,68.08,60.81,60.35,64.50,69.53,71.81,70.41,70.48,66.79,68.13,69.33,73.57,70.57,73.69,75.30,68.16,68.15,65.30,66.78,70.82,69.63,82.76,70.11,74.52,74.32,70.11,78.53,68.82,66.88,64.93,69.74,69.25,69.46,75.73,71.69,77.07,75.12,72.87,74.95,72.62,69.34,69.13,69.62,69.96,69.42,70.34,68.23,69.75,67.89,67.34,90.88,69.56,68.23,68.57,68.27,67.82,68.77,71.58,71.59,71.39,79.02,75.28,76.20,73.51,73.71,72.70,78.98,77.30,73.15,72.05,71.98,81.14,76.27,74.56,80.49,76.69,79.08,76.25,77.02,73.77,70.68,76.00,78.94,78.69,85.67,78.54,87.14,82.29,82.12,76.27,75.85,76.00,76.07,78.83,78.44,77.67,90.62,77.50,85.37,81.00,79.44,75.79,81.41,77.33,76.90,75.78,73.35,82.72,84.79,78.79,86.36,80.21,79.77,81.14,83.55,80.61,77.93,77.63,79.89,84.64,82.47,81.01,86.06,81.63,,,,,,,,,,,,,,,,,,,,,,,,,,,,,,,,,,,,,,,,,,,,,,,,
Subclase,0.00034131,09331,"Jardines, plantas y flores",79.09,82.77,78.17,82.66,85.55,79.95,75.76,76.22,76.58,77.73,79.14,76.75,74.52,65.57,68.08,60.81,60.35,64.50,69.53,71.81,70.41,70.48,66.79,68.13,69.33,73.57,70.57,73.69,75.30,68.16,68.15,65.30,66.78,70.82,69.63,82.76,70.11,74.52,74.32,70.11,78.53,68.82,66.88,64.93,69.74,69.25,69.46,75.73,71.69,77.07,75.12,72.87,74.95,72.62,69.34,69.13,69.62,69.96,69.42,70.34,68.23,69.75,67.89,67.34,90.88,69.56,68.23,68.57,68.27,67.82,68.77,71.58,71.59,71.39,79.02,75.28,76.20,73.51,73.71,72.70,78.98,77.30,73.15,72.05,71.98,81.14,76.27,74.56,80.49,76.69,79.08,76.25,77.02,73.77,70.68,76.00,78.94,78.69,85.67,78.54,87.14,82.29,82.12,76.27,75.85,76.00,76.07,78.83,78.44,77.67,90.62,77.50,85.37,81.00,79.44,75.79,81.41,77.33,76.90,75.78,73.35,82.72,84.79,78.79,86.36,80.21,79.77,81.14,83.55,80.61,77.93,77.63,79.89,84.64,82.47,81.01,86.06,81.63,,,,,,,,,,,,,,,,,,,,,,,,,,,,,,,,,,,,,,,,,,,,,,,,
Producto,0.00034131,09331286,FLORES,79.09,82.77,78.17,82.66,85.55,79.95,75.76,76.22,76.58,77.73,79.14,76.75,74.52,65.57,68.08,60.81,60.35,64.50,69.53,71.81,70.41,70.48,66.79,68.13,69.33,73.57,70.57,73.69,75.30,68.16,68.15,65.30,66.78,70.82,69.63,82.76,70.11,74.52,74.32,70.11,78.53,68.82,66.88,64.93,69.74,69.25,69.46,75.73,71.69,77.07,75.12,72.87,74.95,72.62,69.34,69.13,69.62,69.96,69.42,70.34,68.23,69.75,67.89,67.34,90.88,69.56,68.23,68.57,68.27,67.82,68.77,71.58,71.59,71.39,79.02,75.28,76.20,73.51,73.71,72.70,78.98,77.30,73.15,72.05,71.98,81.14,76.27,74.56,80.49,76.69,79.08,76.25,77.02,73.77,70.68,76.00,78.94,78.69,85.67,78.54,87.14,82.29,82.12,76.27,75.85,76.00,76.07,78.83,78.44,77.67,90.62,77.50,85.37,81.00,79.44,75.79,81.41,77.33,76.90,75.78,73.35,82.72,84.79,78.79,86.36,80.21,79.77,81.14,83.55,80.61,77.93,77.63,79.89,84.64,82.47,81.01,86.06,81.63,,,,,,,,,,,,,,,,,,,,,,,,,,,,,,,,,,,,,,,,,,,,,,,,
Clase,0.00272417,0934,Animales domésticos y productos conexos (ND),97.26,98.78,96.01,100.29,102.20,103.43,99.34,100.56,101.10,101.97,100.78,100.95,100.60,101.08,100.27,99.63,99.64,101.84,101.61,101.88,101.87,101.85,101.79,100.65,101.60,99.65,100.09,101.73,101.82,98.27,100.22,99.18,99.52,99.69,98.16,93.38,98.76,100.46,99.29,98.92,98.08,97.06,96.82,94.86,98.97,100.33,98.91,98.17,98.57,99.17,98.35,97.71,99.20,99.30,101.59,101.58,99.15,98.93,98.55,100.08,98.77,97.24,97.43,98.83,97.41,98.27,101.07,101.16,99.24,99.58,99.94,95.10,96.76,97.84,100.12,93.48,100.28,99.33,96.76,102.17,97.33,101.27,101.62,103.09,103.54,98.90,105.63,98.35,105.85,105.93,107.89,99.90,108.01,109.55,111.72,111.33,117.43,116.40,112.68,117.71,107.78,117.97,115.43,115.75,110.28,114.14,114.01,111.34,117.68,110.63,118.93,115.81,122.51,119.28,121.80,113.74,122.30,122.77,123.16,120.85,123.03,109.09,109.11,108.65,108.94,106.15,108.65,104.84,103.06,108.72,108.66,108.07,108.06,103.78,106.38,106.00,101.36,100.52,,,,,,,,,,,,,,,,,,,,,,,,,,,,,,,,,,,,,,,,,,,,,,,,
Subclase,0.00272417,09341,Animales domésticos y productos para mascotas,97.26,98.78,96.01,100.29,102.20,103.43,99.34,100.56,101.10,101.97,100.78,100.95,100.60,101.08,100.27,99.63,99.64,101.84,101.61,101.88,101.87,101.85,101.79,100.65,101.60,99.65,100.09,101.73,101.82,98.27,100.22,99.18,99.52,99.69,98.16,93.38,98.76,100.46,99.29,98.92,98.08,97.06,96.82,94.86,98.97,100.33,98.91,98.17,98.57,99.17,98.35,97.71,99.20,99.30,101.59,101.58,99.15,98.93,98.55,100.08,98.77,97.24,97.43,98.83,97.41,98.27,101.07,101.16,99.24,99.58,99.94,95.10,96.76,97.84,100.12,93.48,100.28,99.33,96.76,102.17,97.33,101.27,101.62,103.09,103.54,98.90,105.63,98.35,105.85,105.93,107.89,99.90,108.01,109.55,111.72,111.33,117.43,116.40,112.68,117.71,107.78,117.97,115.43,115.75,110.28,114.14,114.01,111.34,117.68,110.63,118.93,115.81,122.51,119.28,121.80,113.74,122.30,122.77,123.16,120.85,123.03,109.09,109.11,108.65,108.94,106.15,108.65,104.84,103.06,108.72,108.66,108.07,108.06,103.78,106.38,106.00,101.36,100.52,,,,,,,,,,,,,,,,,,,,,,,,,,,,,,,,,,,,,,,,,,,,,,,,
Producto,0.00272417,09341287,ALIMENTO PREPARADO PARA MASCOTAS,97.26,98.78,96.01,100.29,102.20,103.43,99.34,100.56,101.10,101.97,100.78,100.95,100.60,101.08,100.27,99.63,99.64,101.84,101.61,101.88,101.87,101.85,101.79,100.65,101.60,99.65,100.09,101.73,101.82,98.27,100.22,99.18,99.52,99.69,98.16,93.38,98.76,100.46,99.29,98.92,98.08,97.06,96.82,94.86,98.97,100.33,98.91,98.17,98.57,99.17,98.35,97.71,99.20,99.30,101.59,101.58,99.15,98.93,98.55,100.08,98.77,97.24,97.43,98.83,97.41,98.27,101.07,101.16,99.24,99.58,99.94,95.10,96.76,97.84,100.12,93.48,100.28,99.33,96.76,102.17,97.33,101.27,101.62,103.09,103.54,98.90,105.63,98.35,105.85,105.93,107.89,99.90,108.01,109.55,111.72,111.33,117.43,116.40,112.68,117.71,107.78,117.97,115.43,115.75,110.28,114.14,114.01,111.34,117.68,110.63,118.93,115.81,122.51,119.28,121.80,113.74,122.30,122.77,123.16,120.85,123.03,109.09,109.11,108.65,108.94,106.15,108.65,104.84,103.06,108.72,108.66,108.07,108.06,103.78,106.38,106.00,101.36,100.52,,,,,,,,,,,,,,,,,,,,,,,,,,,,,,,,,,,,,,,,,,,,,,,,
Clase,0.000771121,0935,Servicios de veterinaria y de otro tipo para animales domésticos (S),102.95,103.66,103.52,104.81,108.06,107.95,107.95,108.43,108.43,109.08,109.23,109.23,109.23,113.00,112.72,112.72,112.83,112.94,112.94,113.29,113.49,113.30,113.30,113.88,113.88,113.88,113.88,115.65,115.65,118.35,118.48,118.48,118.09,118.09,117.89,117.89,122.00,122.25,121.92,121.80,121.49,125.58,125.58,125.92,126.23,126.23,126.23,126.39,126.39,126.20,126.32,127.93,126.80,126.99,126.99,126.65,126.65,126.25,124.46,124.86,124.86,124.86,124.86,124.96,124.96,124.96,124.29,124.29,124.29,125.17,126.74,126.74,126.69,126.69,126.69,126.69,126.57,126.57,128.51,126.56,128.51,129.06,129.50,129.38,129.82,129.90,129.90,126.28,126.15,130.69,130.90,134.69,134.88,131.90,131.70,130.98,134.09,134.45,134.54,134.19,134.19,134.43,135.69,135.44,133.64,133.40,135.69,135.69,134.72,134.72,134.38,134.73,134.73,136.39,136.35,136.76,136.53,136.68,137.99,137.75,138.06,138.14,137.99,139.22,140.25,142.51,141.89,144.46,144.46,144.36,144.60,144.60,146.52,146.57,147.04,146.85,147.04,147.18,,,,,,,,,,,,,,,,,,,,,,,,,,,,,,,,,,,,,,,,,,,,,,,,
Subclase,0.000771121,09351,Servicios de veterinario,102.95,103.66,103.52,104.81,108.06,107.95,107.95,108.43,108.43,109.08,109.23,109.23,109.23,113.00,112.72,112.72,112.83,112.94,112.94,113.29,113.49,113.30,113.30,113.88,113.88,113.88,113.88,115.65,115.65,118.35,118.48,118.48,118.09,118.09,117.89,117.89,122.00,122.25,121.92,121.80,121.49,125.58,125.58,125.92,126.23,126.23,126.23,126.39,126.39,126.20,126.32,127.93,126.80,126.99,126.99,126.65,126.65,126.25,124.46,124.86,124.86,124.86,124.86,124.96,124.96,124.96,124.29,124.29,124.29,125.17,126.74,126.74,126.69,126.69,126.69,126.69,126.57,126.57,128.51,126.56,128.51,129.06,129.50,129.38,129.82,129.90,129.90,126.28,126.15,130.69,130.90,134.69,134.88,131.90,131.70,130.98,134.09,134.45,134.54,134.19,134.19,134.43,135.69,135.44,133.64,133.40,135.69,135.69,134.72,134.72,134.38,134.73,134.73,136.39,136.35,136.76,136.53,136.68,137.99,137.75,138.06,138.14,137.99,139.22,140.25,142.51,141.89,144.46,144.46,144.36,144.60,144.60,146.52,146.57,147.04,146.85,147.04,147.18,,,,,,,,,,,,,,,,,,,,,,,,,,,,,,,,,,,,,,,,,,,,,,,,
Producto,0.000771121,09351288,GASTO EN MÉDICO VETERINARIO,102.95,103.66,103.52,104.81,108.06,107.95,107.95,108.43,108.43,109.08,109.23,109.23,109.23,113.00,112.72,112.72,112.83,112.94,112.94,113.29,113.49,113.30,113.30,113.88,113.88,113.88,113.88,115.65,115.65,118.35,118.48,118.48,118.09,118.09,117.89,117.89,122.00,122.25,121.92,121.80,121.49,125.58,125.58,125.92,126.23,126.23,126.23,126.39,126.39,126.20,126.32,127.93,126.80,126.99,126.99,126.65,126.65,126.25,124.46,124.86,124.86,124.86,124.86,124.96,124.96,124.96,124.29,124.29,124.29,125.17,126.74,126.74,126.69,126.69,126.69,126.69,126.57,126.57,128.51,126.56,128.51,129.06,129.50,129.38,129.82,129.90,129.90,126.28,126.15,130.69,130.90,134.69,134.88,131.90,131.70,130.98,134.09,134.45,134.54,134.19,134.19,134.43,135.69,135.44,133.64,133.40,135.69,135.69,134.72,134.72,134.38,134.73,134.73,136.39,136.35,136.76,136.53,136.68,137.99,137.75,138.06,138.14,137.99,139.22,140.25,142.51,141.89,144.46,144.46,144.36,144.60,144.60,146.52,146.57,147.04,146.85,147.04,147.18,,,,,,,,,,,,,,,,,,,,,,,,,,,,,,,,,,,,,,,,,,,,,,,,
Grupo,0.01443332,094,Servicios de recreación y culturales,100.28,99.30,99.40,98.55,100.19,101.60,100.69,99.91,105.13,102.58,101.14,101.32,101.51,105.86,105.55,105.94,104.58,105.58,103.22,105.14,104.33,105.50,105.70,111.82,109.93,115.11,115.53,119.63,130.70,115.64,113.04,113.42,115.73,117.61,116.11,121.89,122.82,119.69,114.79,123.56,123.76,117.41,113.09,116.59,119.95,123.94,117.05,122.78,123.21,119.73,120.12,116.90,120.58,121.00,118.18,119.49,119.34,120.47,124.83,128.01,128.95,115.72,115.45,115.45,115.55,115.57,115.42,115.24,114.64,115.72,115.14,115.03,115.44,115.34,116.00,116.05,115.88,115.90,114.33,114.37,114.31,114.20,113.17,112.38,112.53,110.21,109.66,108.48,109.43,109.36,109.05,110.31,109.89,108.37,109.95,109.90,109.95,111.06,108.60,111.31,110.64,109.57,111.38,113.60,112.25,111.97,111.25,114.11,113.63,115.50,115.39,115.75,115.16,114.37,115.32,117.15,114.62,119.96,117.43,124.52,124.40,119.00,118.74,118.10,119.35,120.03,119.25,120.58,122.10,125.36,123.38,119.70,119.05,119.93,120.36,119.24,117.25,119.33,,,,,,,,,,,,,,,,,,,,,,,,,,,,,,,,,,,,,,,,,,,,,,,,
Clase,0.003092437,0941,Servicios de recreación y deportivos (S),124.05,120.66,121.03,117.66,124.55,129.13,124.66,123.21,147.40,133.80,126.71,127.59,129.22,148.92,146.84,148.62,142.19,143.80,131.10,140.08,136.20,141.80,144.15,170.50,161.11,184.84,182.51,201.01,250.62,182.33,169.95,166.58,178.76,187.30,188.89,208.15,208.85,193.77,169.55,207.28,204.91,173.26,150.44,166.67,181.98,201.32,169.13,195.91,195.84,176.48,178.31,163.27,175.56,176.44,162.72,169.32,171.19,176.02,196.76,212.73,212.74,151.06,149.79,149.79,149.79,149.90,149.53,149.49,149.70,150.11,149.50,148.92,148.71,148.23,148.24,148.58,148.15,147.77,147.84,148.00,148.28,148.92,144.49,144.68,145.23,133.74,131.64,128.57,132.88,133.00,131.66,135.32,133.36,128.94,135.97,135.67,136.15,141.34,129.76,142.19,139.26,137.45,137.45,147.29,140.99,138.64,136.28,149.14,148.40,149.15,150.54,145.05,143.17,137.63,141.00,149.24,137.43,163.20,150.55,183.50,184.49,159.74,158.69,155.69,162.08,165.28,159.35,166.32,173.23,187.57,177.76,159.50,159.94,165.06,167.08,161.87,153.10,162.80,,,,,,,,,,,,,,,,,,,,,,,,,,,,,,,,,,,,,,,,,,,,,,,,
Subclase,0.003092437,09411,Servicio de recreación y deportivos,124.05,120.66,121.03,117.66,124.55,129.13,124.66,123.21,147.40,133.80,126.71,127.59,129.22,148.92,146.84,148.62,142.19,143.80,131.10,140.08,136.20,141.80,144.15,170.50,161.11,184.84,182.51,201.01,250.62,182.33,169.95,166.58,178.76,187.30,188.89,208.15,208.85,193.77,169.55,207.28,204.91,173.26,150.44,166.67,181.98,201.32,169.13,195.91,195.84,176.48,178.31,163.27,175.56,176.44,162.72,169.32,171.19,176.02,196.76,212.73,212.74,151.06,149.79,149.79,149.79,149.90,149.53,149.49,149.70,150.11,149.50,148.92,148.71,148.23,148.24,148.58,148.15,147.77,147.84,148.00,148.28,148.92,144.49,144.68,145.23,133.74,131.64,128.57,132.88,133.00,131.66,135.32,133.36,128.94,135.97,135.67,136.15,141.34,129.76,142.19,139.26,137.45,137.45,147.29,140.99,138.64,136.28,149.14,148.40,149.15,150.54,145.05,143.17,137.63,141.00,149.24,137.43,163.20,150.55,183.50,184.49,159.74,158.69,155.69,162.08,165.28,159.35,166.32,173.23,187.57,177.76,159.50,159.94,165.06,167.08,161.87,153.10,162.80,,,,,,,,,,,,,,,,,,,,,,,,,,,,,,,,,,,,,,,,,,,,,,,,
Producto,0.000644939,09411289,ENTRADA A ESTADIOS DEPORTIVOS,209.91,187.27,185.82,168.12,201.20,223.77,200.55,193.44,307.35,242.11,208.79,214.30,214.30,305.14,293.63,302.25,273.43,273.43,214.91,258.49,243.36,267.31,275.36,402.40,354.26,468.37,468.20,557.11,795.04,467.32,409.33,390.71,448.21,493.08,499.93,594.73,594.73,521.95,402.65,592.52,585.17,426.27,335.51,410.92,476.96,557.27,404.72,533.36,533.36,459.83,468.73,396.62,440.18,440.18,378.09,406.99,404.33,431.61,528.81,615.21,615.21,317.99,314.07,314.07,314.07,314.07,314.07,314.07,314.07,314.07,314.07,314.07,314.07,314.07,314.07,314.07,314.07,314.07,314.07,314.07,314.07,314.07,292.63,292.63,292.63,239.10,227.30,211.57,231.91,231.91,227.10,241.93,232.55,210.73,240.44,240.44,240.44,264.26,208.85,261.78,248.02,240.29,240.29,288.19,260.25,249.17,239.04,299.26,299.26,299.26,306.63,275.57,281.21,253.92,253.92,291.63,235.15,360.02,300.83,457.53,457.53,336.21,330.52,316.24,346.95,367.64,340.11,371.38,404.91,473.19,421.87,334.19,334.19,359.60,369.50,344.54,301.83,346.64,,,,,,,,,,,,,,,,,,,,,,,,,,,,,,,,,,,,,,,,,,,,,,,,
Producto,0.000931613,09411290,GIMNASIO,105.04,106.26,106.49,107.56,107.56,107.56,107.56,107.56,108.60,108.60,108.60,108.29,111.32,113.56,113.46,113.27,112.54,112.72,111.15,111.15,108.70,109.86,111.64,111.15,112.50,112.35,110.10,109.75,108.82,108.97,108.60,110.30,110.05,107.36,107.88,106.88,108.79,109.11,110.82,110.76,110.69,109.87,110.01,109.36,109.14,109.57,108.23,108.27,109.12,108.45,108.26,108.20,106.03,108.72,106.14,108.33,108.33,104.39,107.35,106.45,106.40,106.58,105.73,105.72,105.72,105.72,105.72,105.72,106.42,107.27,106.49,105.33,103.30,101.94,101.94,103.25,101.29,101.98,102.12,102.72,103.56,105.22,105.22,105.31,107.03,105.96,107.18,107.48,107.07,107.11,105.95,107.26,107.48,107.80,108.64,107.98,109.15,109.41,109.52,110.62,110.38,109.07,109.07,109.14,107.15,106.59,106.49,106.56,104.01,106.35,105.36,107.83,107.78,108.98,108.89,108.73,108.68,108.79,109.02,108.91,111.85,113.37,113.67,113.62,113.58,111.75,111.95,113.04,112.79,112.79,115.05,115.15,114.59,113.59,113.28,113.20,112.74,112.89,,,,,,,,,,,,,,,,,,,,,,,,,,,,,,,,,,,,,,,,,,,,,,,,
Producto,0.001023095,09411291,PISCINA Y SITIOS DE RECREACIÓN,97.73,99.80,100.91,100.91,100.91,100.50,101.64,101.74,102.11,102.11,102.11,101.18,102.23,102.40,102.84,102.84,102.84,107.36,107.13,107.60,107.79,107.79,107.80,107.80,108.46,108.32,103.62,103.62,104.70,104.59,104.69,104.69,104.69,104.69,104.69,104.06,104.40,104.40,104.58,99.26,96.72,101.98,90.02,92.01,96.77,104.22,104.31,104.12,103.09,91.09,91.16,91.12,102.79,102.72,102.72,102.72,109.86,110.89,110.10,104.72,104.72,104.72,104.72,104.72,104.72,105.05,104.39,104.53,104.94,104.94,104.94,105.53,106.42,106.31,106.31,106.04,106.53,106.44,105.98,105.98,106.06,106.06,106.30,106.80,106.69,106.69,106.83,107.25,107.81,107.65,107.65,107.45,107.44,107.19,107.78,106.73,107.12,107.53,107.24,110.50,110.48,110.48,110.48,110.48,110.75,110.91,110.51,111.34,111.53,111.57,111.77,112.01,102.81,102.98,112.97,114.08,114.08,113.15,113.15,112.99,113.15,113.15,113.15,113.13,113.13,111.38,111.14,111.12,111.12,111.12,111.56,111.56,113.06,113.10,113.25,113.25,114.07,115.02,,,,,,,,,,,,,,,,,,,,,,,,,,,,,,,,,,,,,,,,,,,,,,,,
Producto,0.00049279,09411292,CLASES DE DEPORTE,102.30,103.98,105.45,105.45,105.45,105.45,105.45,105.45,105.45,105.45,104.60,105.45,107.74,107.89,109.17,109.41,108.21,108.54,108.88,107.21,106.90,108.54,109.34,109.36,109.55,109.68,109.29,109.68,109.13,109.45,108.16,108.16,109.76,109.77,109.77,109.77,109.84,109.84,110.41,109.84,109.96,109.96,110.12,110.37,110.49,110.49,110.49,110.49,110.62,111.52,111.60,111.79,111.79,112.37,112.37,111.86,112.25,112.17,111.13,111.13,111.30,112.91,111.67,111.67,111.67,111.67,110.76,110.21,109.33,110.28,107.91,105.23,105.94,105.70,105.76,106.00,106.03,102.49,103.61,103.50,103.50,104.36,104.13,104.13,104.54,104.52,104.21,104.10,104.10,105.09,105.20,106.73,106.25,107.01,109.41,111.00,111.00,111.00,111.28,111.15,111.25,112.48,112.48,111.41,111.70,112.15,111.62,111.62,111.44,111.61,112.13,113.19,113.18,111.57,112.16,112.48,112.38,112.38,110.04,112.29,112.57,113.18,113.44,113.44,113.44,113.54,112.46,113.24,113.24,113.90,114.23,114.23,114.98,115.64,115.64,115.78,115.78,115.78,,,,,,,,,,,,,,,,,,,,,,,,,,,,,,,,,,,,,,,,,,,,,,,,
Clase,0.009513549,0942,Servicios culturales (S),92.97,92.60,92.62,92.43,92.69,93.33,93.41,92.70,92.74,93.29,93.41,93.41,93.17,93.37,93.57,93.58,93.61,94.61,95.15,95.14,95.18,95.13,94.67,95.40,95.57,95.73,97.12,97.32,97.99,97.33,97.41,99.09,98.63,98.71,95.92,98.43,99.62,99.76,100.20,101.25,102.32,102.98,103.84,103.88,104.00,103.76,103.76,103.76,104.44,105.44,105.44,105.44,107.03,107.39,107.57,107.40,106.57,106.71,106.59,106.22,107.64,107.62,107.62,107.62,107.78,107.78,107.66,107.41,106.42,107.93,107.26,107.27,107.97,107.97,108.96,108.94,108.82,108.97,106.57,106.56,106.39,106.02,105.90,104.62,104.67,104.89,104.74,103.95,103.99,103.84,103.81,104.53,104.53,103.66,103.77,103.79,103.72,103.72,103.75,103.82,103.75,102.72,105.47,105.63,105.63,105.96,105.64,105.81,105.32,107.91,107.30,109.62,109.33,109.93,110.28,110.38,110.38,110.11,110.38,110.44,109.93,109.78,109.72,109.72,109.55,109.55,110.29,110.04,110.09,110.38,110.56,110.92,109.78,109.46,109.46,109.45,109.28,109.29,,,,,,,,,,,,,,,,,,,,,,,,,,,,,,,,,,,,,,,,,,,,,,,,
Subclase,0.009513549,09421,Servicio culturales,92.97,92.60,92.62,92.43,92.69,93.33,93.41,92.70,92.74,93.29,93.41,93.41,93.17,93.37,93.57,93.58,93.61,94.61,95.15,95.14,95.18,95.13,94.67,95.40,95.57,95.73,97.12,97.32,97.99,97.33,97.41,99.09,98.63,98.71,95.92,98.43,99.62,99.76,100.20,101.25,102.32,102.98,103.84,103.88,104.00,103.76,103.76,103.76,104.44,105.44,105.44,105.44,107.03,107.39,107.57,107.40,106.57,106.71,106.59,106.22,107.64,107.62,107.62,107.62,107.78,107.78,107.66,107.41,106.42,107.93,107.26,107.27,107.97,107.97,108.96,108.94,108.82,108.97,106.57,106.56,106.39,106.02,105.90,104.62,104.67,104.89,104.74,103.95,103.99,103.84,103.81,104.53,104.53,103.66,103.77,103.79,103.72,103.72,103.75,103.82,103.75,102.72,105.47,105.63,105.63,105.96,105.64,105.81,105.32,107.91,107.30,109.62,109.33,109.93,110.28,110.38,110.38,110.11,110.38,110.44,109.93,109.78,109.72,109.72,109.55,109.55,110.29,110.04,110.09,110.38,110.56,110.92,109.78,109.46,109.46,109.45,109.28,109.29,,,,,,,,,,,,,,,,,,,,,,,,,,,,,,,,,,,,,,,,,,,,,,,,
Producto,0.001898629,09421293,ENTRADA A CINE,106.72,107.31,107.31,107.31,108.43,109.44,109.51,109.61,109.61,109.68,109.60,109.60,110.32,111.07,112.00,112.00,112.00,112.00,112.00,112.00,112.00,112.10,109.66,112.10,111.54,112.10,112.10,112.10,112.20,112.76,113.61,114.84,114.84,114.84,101.98,114.84,114.84,114.84,114.84,115.01,115.79,116.74,116.98,117.31,117.31,117.31,117.31,117.31,117.31,117.31,117.31,117.31,120.65,120.64,121.56,121.56,121.89,121.89,121.89,121.89,121.89,121.89,121.89,121.89,121.89,121.89,121.31,119.65,115.47,121.65,118.30,118.36,118.90,118.90,123.88,123.76,123.76,123.76,123.31,123.43,123.43,122.59,123.33,123.77,124.30,124.30,124.30,124.30,124.47,124.47,124.64,124.64,124.64,124.64,124.64,124.75,124.64,124.64,124.64,124.64,124.64,124.64,139.36,139.36,139.36,139.36,139.36,139.36,138.33,139.29,137.96,142.89,143.03,143.03,143.03,143.06,143.06,143.06,143.75,144.00,144.13,144.13,144.13,144.13,144.13,144.13,144.26,144.52,144.78,144.78,145.50,145.50,145.50,145.50,145.50,145.50,145.46,145.50,,,,,,,,,,,,,,,,,,,,,,,,,,,,,,,,,,,,,,,,,,,,,,,,
Producto,0.001687345,09421294,ENTRADA A DISCOTECA,95.09,94.51,94.87,94.64,94.64,93.66,93.66,92.92,93.05,93.05,92.31,92.31,90.00,90.29,90.37,90.44,90.60,90.30,92.76,92.85,93.04,92.61,92.75,92.89,93.17,93.35,92.55,92.44,92.44,92.77,92.46,92.60,91.93,91.93,90.72,90.55,90.68,91.38,91.05,91.24,92.10,92.10,93.33,93.18,93.18,92.55,93.29,93.29,93.43,93.18,93.18,93.18,93.52,93.52,93.52,93.11,92.16,92.28,89.94,89.75,89.94,89.11,89.11,89.11,89.11,89.11,89.11,89.11,89.11,89.11,89.11,89.11,89.11,89.11,89.11,89.11,88.43,89.27,89.27,89.11,88.12,88.12,87.40,86.99,86.93,87.12,87.12,87.41,87.41,87.54,87.12,86.87,86.87,86.71,86.71,86.71,86.71,86.71,86.71,87.10,86.71,87.26,87.15,88.05,88.05,90.20,90.20,90.20,90.20,90.20,90.20,90.42,89.42,91.65,91.65,91.65,91.65,91.65,91.65,91.65,91.65,93.25,92.76,92.76,91.77,91.77,91.77,90.63,90.63,92.23,92.47,94.49,90.86,90.86,90.86,90.86,90.86,90.86,,,,,,,,,,,,,,,,,,,,,,,,,,,,,,,,,,,,,,,,,,,,,,,,
Producto,0.005927575,09421295,GASTO EN TARIFA DE TELEVISIÓN PAGADA,87.97,87.34,87.28,87.03,87.09,88.07,88.18,87.22,87.25,88.12,88.54,88.54,88.58,88.58,88.58,88.58,88.58,90.26,90.43,90.40,90.40,90.42,90.42,90.76,91.14,91.16,93.62,93.98,95.01,93.69,93.63,95.89,95.34,95.46,95.46,95.41,97.28,97.31,98.11,99.69,100.92,101.67,102.62,102.62,102.81,102.62,102.41,102.41,103.45,105.13,105.13,105.13,106.51,107.09,107.09,106.94,105.76,105.96,106.44,105.89,108.12,108.33,108.33,108.33,108.58,108.58,108.58,108.70,108.45,108.89,108.89,108.89,109.83,109.83,109.83,109.83,109.83,109.83,106.13,106.13,106.13,105.80,105.58,103.51,103.44,103.73,103.49,102.15,102.15,101.88,101.88,103.11,103.11,101.76,101.94,101.94,101.85,101.87,101.91,101.91,101.91,100.11,99.83,99.83,99.83,99.76,99.24,99.50,99.05,102.91,102.34,104.43,104.21,104.54,105.10,105.24,105.24,104.81,105.03,105.03,104.17,103.47,103.53,103.53,103.53,103.53,104.69,104.52,104.52,104.52,104.52,104.52,103.73,103.20,103.20,103.20,102.93,102.93,,,,,,,,,,,,,,,,,,,,,,,,,,,,,,,,,,,,,,,,,,,,,,,,
Clase,0.001827335,0943,Juegos de azar (S),98.06,98.06,98.06,98.06,98.06,98.06,98.06,98.06,98.06,98.06,98.06,98.06,98.06,98.06,98.06,98.06,98.06,98.06,98.06,98.06,98.06,98.06,98.06,98.06,98.06,98.06,98.06,98.06,98.06,98.06,98.06,98.06,98.06,98.06,98.06,98.06,98.06,98.06,98.06,98.06,98.06,98.06,98.06,98.06,98.06,98.06,98.06,98.06,98.06,98.06,98.06,98.06,98.06,98.06,98.06,98.06,98.06,98.06,98.06,98.06,98.06,98.06,98.06,98.06,98.06,98.06,98.06,98.06,98.06,98.06,98.06,98.06,98.06,98.06,98.06,98.06,98.06,98.06,98.06,98.06,98.06,98.06,98.06,98.06,98.06,98.06,98.06,98.06,98.06,98.06,98.06,98.06,98.06,98.06,98.06,98.06,98.06,98.06,98.06,98.06,98.06,98.06,98.06,98.06,98.06,98.06,98.06,98.06,98.06,98.06,98.06,98.06,98.06,98.06,98.06,98.06,98.06,98.06,98.06,98.06,98.06,98.06,98.06,98.06,98.06,98.06,98.06,98.06,98.06,98.06,98.06,98.06,98.06,98.06,98.06,98.06,98.06,98.06,,,,,,,,,,,,,,,,,,,,,,,,,,,,,,,,,,,,,,,,,,,,,,,,
Subclase,0.001827335,09431,Juegos de azar,98.06,98.06,98.06,98.06,98.06,98.06,98.06,98.06,98.06,98.06,98.06,98.06,98.06,98.06,98.06,98.06,98.06,98.06,98.06,98.06,98.06,98.06,98.06,98.06,98.06,98.06,98.06,98.06,98.06,98.06,98.06,98.06,98.06,98.06,98.06,98.06,98.06,98.06,98.06,98.06,98.06,98.06,98.06,98.06,98.06,98.06,98.06,98.06,98.06,98.06,98.06,98.06,98.06,98.06,98.06,98.06,98.06,98.06,98.06,98.06,98.06,98.06,98.06,98.06,98.06,98.06,98.06,98.06,98.06,98.06,98.06,98.06,98.06,98.06,98.06,98.06,98.06,98.06,98.06,98.06,98.06,98.06,98.06,98.06,98.06,98.06,98.06,98.06,98.06,98.06,98.06,98.06,98.06,98.06,98.06,98.06,98.06,98.06,98.06,98.06,98.06,98.06,98.06,98.06,98.06,98.06,98.06,98.06,98.06,98.06,98.06,98.06,98.06,98.06,98.06,98.06,98.06,98.06,98.06,98.06,98.06,98.06,98.06,98.06,98.06,98.06,98.06,98.06,98.06,98.06,98.06,98.06,98.06,98.06,98.06,98.06,98.06,98.06,,,,,,,,,,,,,,,,,,,,,,,,,,,,,,,,,,,,,,,,,,,,,,,,
Producto,0.001827335,09431296,BILLETE DE  LOTERÍA,98.06,98.06,98.06,98.06,98.06,98.06,98.06,98.06,98.06,98.06,98.06,98.06,98.06,98.06,98.06,98.06,98.06,98.06,98.06,98.06,98.06,98.06,98.06,98.06,98.06,98.06,98.06,98.06,98.06,98.06,98.06,98.06,98.06,98.06,98.06,98.06,98.06,98.06,98.06,98.06,98.06,98.06,98.06,98.06,98.06,98.06,98.06,98.06,98.06,98.06,98.06,98.06,98.06,98.06,98.06,98.06,98.06,98.06,98.06,98.06,98.06,98.06,98.06,98.06,98.06,98.06,98.06,98.06,98.06,98.06,98.06,98.06,98.06,98.06,98.06,98.06,98.06,98.06,98.06,98.06,98.06,98.06,98.06,98.06,98.06,98.06,98.06,98.06,98.06,98.06,98.06,98.06,98.06,98.06,98.06,98.06,98.06,98.06,98.06,98.06,98.06,98.06,98.06,98.06,98.06,98.06,98.06,98.06,98.06,98.06,98.06,98.06,98.06,98.06,98.06,98.06,98.06,98.06,98.06,98.06,98.06,98.06,98.06,98.06,98.06,98.06,98.06,98.06,98.06,98.06,98.06,98.06,98.06,98.06,98.06,98.06,98.06,98.06,,,,,,,,,,,,,,,,,,,,,,,,,,,,,,,,,,,,,,,,,,,,,,,,
Grupo,0.014440807,095,"Periódicos, libros y papeles y útiles de oficina",98.28,98.56,98.56,98.29,98.00,97.68,97.67,97.68,97.32,97.28,97.29,97.28,97.24,97.25,97.26,97.12,96.62,96.68,96.83,96.77,97.65,97.49,97.31,97.40,97.43,97.36,97.24,97.35,97.16,96.98,96.96,97.07,96.94,96.93,96.97,96.90,97.55,97.88,97.95,97.99,98.02,98.28,98.24,98.25,97.83,97.86,97.87,97.85,97.92,97.90,97.93,98.11,98.24,98.08,98.09,97.97,97.77,97.96,97.87,97.85,97.85,97.85,97.85,97.65,97.58,97.60,97.66,97.65,97.73,97.64,97.62,97.64,97.61,97.60,97.42,96.64,96.43,95.94,96.14,96.15,95.33,95.41,95.40,95.39,95.40,95.40,95.41,95.57,95.88,96.23,96.02,98.71,99.53,99.69,99.69,99.76,99.70,99.74,99.73,99.59,99.82,99.78,99.75,99.78,99.73,99.37,99.46,99.56,99.55,99.56,99.54,99.96,99.89,99.97,99.97,99.96,100.34,100.31,100.35,100.25,100.31,100.31,100.32,100.23,99.95,100.21,100.11,100.14,99.56,99.53,99.60,99.61,99.61,99.59,99.56,99.46,99.48,102.15,,,,,,,,,,,,,,,,,,,,,,,,,,,,,,,,,,,,,,,,,,,,,,,,
Clase,0.008312593,0951,Libros (SD),98.51,98.69,98.68,97.86,97.21,96.61,96.60,96.60,95.61,95.54,95.58,95.56,95.47,95.49,95.49,94.97,94.55,94.61,94.82,94.78,95.37,95.47,95.23,95.38,95.33,95.33,95.11,95.07,94.94,94.82,94.81,94.80,94.59,94.54,94.51,94.41,94.53,94.85,94.85,94.81,94.87,95.08,95.02,95.02,94.42,94.41,94.43,94.41,94.53,94.52,94.52,94.74,94.85,94.66,94.66,94.46,94.42,94.62,94.62,94.59,94.59,94.59,94.60,94.39,94.04,94.00,94.11,94.09,94.22,94.15,94.15,94.19,94.18,94.17,93.79,92.37,92.05,91.41,91.45,91.45,90.01,90.13,90.09,90.07,90.10,90.10,90.11,89.87,90.26,90.99,91.08,90.94,91.68,91.73,91.60,91.56,91.56,91.64,91.61,91.06,91.37,91.36,91.30,91.36,91.59,91.17,91.33,91.50,91.50,91.50,91.50,91.56,91.62,91.65,91.65,91.66,91.94,91.85,91.92,91.84,91.84,91.83,91.86,92.22,91.64,91.64,91.60,91.65,90.92,90.93,91.04,91.04,91.06,91.04,90.98,90.86,90.84,91.10,,,,,,,,,,,,,,,,,,,,,,,,,,,,,,,,,,,,,,,,,,,,,,,,
Subclase,0.008312593,09511,Libros,98.51,98.69,98.68,97.86,97.21,96.61,96.60,96.60,95.61,95.54,95.58,95.56,95.47,95.49,95.49,94.97,94.55,94.61,94.82,94.78,95.37,95.47,95.23,95.38,95.33,95.33,95.11,95.07,94.94,94.82,94.81,94.80,94.59,94.54,94.51,94.41,94.53,94.85,94.85,94.81,94.87,95.08,95.02,95.02,94.42,94.41,94.43,94.41,94.53,94.52,94.52,94.74,94.85,94.66,94.66,94.46,94.42,94.62,94.62,94.59,94.59,94.59,94.60,94.39,94.04,94.00,94.11,94.09,94.22,94.15,94.15,94.19,94.18,94.17,93.79,92.37,92.05,91.41,91.45,91.45,90.01,90.13,90.09,90.07,90.10,90.10,90.11,89.87,90.26,90.99,91.08,90.94,91.68,91.73,91.60,91.56,91.56,91.64,91.61,91.06,91.37,91.36,91.30,91.36,91.59,91.17,91.33,91.50,91.50,91.50,91.50,91.56,91.62,91.65,91.65,91.66,91.94,91.85,91.92,91.84,91.84,91.83,91.86,92.22,91.64,91.64,91.60,91.65,90.92,90.93,91.04,91.04,91.06,91.04,90.98,90.86,90.84,91.10,,,,,,,,,,,,,,,,,,,,,,,,,,,,,,,,,,,,,,,,,,,,,,,,
Producto,0.001081267,09511297,LIBROS Y ENCICLOPEDIAS,99.06,100.43,100.35,99.26,98.63,98.49,98.40,98.45,97.94,97.90,98.11,97.97,97.32,97.44,97.49,101.15,101.16,101.01,102.66,102.32,102.55,102.61,102.38,103.59,103.20,103.20,101.45,101.43,102.36,102.09,101.98,101.92,102.27,102.14,101.91,101.14,102.06,104.53,104.51,104.42,104.64,104.77,104.31,104.31,103.55,103.18,103.28,103.19,104.07,103.98,103.99,104.36,104.36,104.61,104.63,103.06,102.83,104.14,104.14,103.88,103.88,103.91,103.95,103.95,103.90,103.81,104.66,104.49,104.23,103.10,103.50,103.75,103.67,103.65,100.73,101.70,101.82,101.00,101.35,101.34,100.18,100.90,101.00,100.84,101.01,101.02,101.13,101.17,101.30,100.46,101.17,100.10,99.97,100.30,100.21,99.88,99.89,100.50,100.27,100.12,100.27,101.16,100.68,101.16,101.16,101.08,101.12,102.43,102.43,102.43,102.43,103.26,103.23,103.23,103.25,103.33,103.32,102.67,103.21,102.55,102.55,102.51,102.71,102.82,102.99,103.30,103.01,103.41,103.59,103.60,104.49,104.54,104.65,104.49,104.02,103.52,103.56,103.57,,,,,,,,,,,,,,,,,,,,,,,,,,,,,,,,,,,,,,,,,,,,,,,,
Producto,0.007231326,09511298,TEXTOS DE ENSEÑANZA DE TODO NIVEL EDUCATIVO,98.43,98.43,98.43,97.65,97.00,96.33,96.33,96.33,95.26,95.19,95.20,95.20,95.20,95.20,95.20,94.04,93.56,93.65,93.65,93.65,94.30,94.40,94.16,94.16,94.16,94.16,94.16,94.11,93.83,93.74,93.74,93.74,93.45,93.40,93.40,93.40,93.40,93.40,93.40,93.38,93.41,93.63,93.63,93.63,93.06,93.10,93.10,93.10,93.10,93.10,93.10,93.30,93.43,93.17,93.17,93.17,93.16,93.20,93.20,93.20,93.20,93.20,93.20,92.96,92.56,92.54,92.54,92.54,92.73,92.81,92.76,92.76,92.76,92.76,92.76,90.97,90.59,89.97,89.97,89.97,88.49,88.51,88.46,88.46,88.46,88.46,88.46,88.18,88.61,89.57,89.57,89.57,90.44,90.45,90.31,90.31,90.31,90.31,90.31,89.71,90.04,89.89,89.89,89.89,90.16,89.69,89.86,89.86,89.86,89.86,89.86,89.81,89.89,89.92,89.92,89.92,90.23,90.23,90.23,90.23,90.23,90.23,90.23,90.64,89.95,89.89,89.89,89.89,89.02,89.04,89.03,89.03,89.03,89.03,89.03,88.97,88.94,89.24,,,,,,,,,,,,,,,,,,,,,,,,,,,,,,,,,,,,,,,,,,,,,,,,
Clase,0.00347219,0952,Diarios y periódicos (ND),98.95,99.70,99.70,99.34,99.34,99.34,99.34,99.34,99.34,99.09,99.04,99.04,99.09,99.09,99.09,98.95,98.82,98.66,98.77,98.66,99.50,98.83,98.81,98.83,99.09,98.79,98.85,98.85,98.90,98.39,98.36,98.81,98.36,98.40,98.40,98.38,100.79,101.38,101.68,101.68,101.68,102.19,102.20,102.20,102.10,102.11,102.11,102.09,102.09,102.03,102.15,102.15,102.25,102.11,102.10,102.10,102.16,102.16,102.15,102.15,102.15,102.15,102.15,102.15,102.08,102.15,102.15,102.15,102.11,102.11,102.11,102.11,101.98,101.98,102.12,102.12,102.13,101.54,102.27,102.31,102.31,102.31,102.31,102.31,102.29,102.29,102.29,102.31,102.31,102.31,101.21,112.74,112.62,112.84,112.91,113.29,113.03,113.03,113.03,113.18,113.18,113.18,113.18,113.18,113.18,113.16,113.16,113.16,113.13,113.16,113.10,115.35,115.31,115.53,115.53,115.46,115.46,115.47,115.49,115.24,115.52,115.52,115.52,115.52,115.53,115.93,115.61,115.61,115.58,115.61,115.61,115.61,115.61,115.58,115.58,115.59,115.63,126.18,,,,,,,,,,,,,,,,,,,,,,,,,,,,,,,,,,,,,,,,,,,,,,,,
Subclase,0.00347219,09521,Diarios y periódicos,98.95,99.70,99.70,99.34,99.34,99.34,99.34,99.34,99.34,99.09,99.04,99.04,99.09,99.09,99.09,98.95,98.82,98.66,98.77,98.66,99.50,98.83,98.81,98.83,99.09,98.79,98.85,98.85,98.90,98.39,98.36,98.81,98.36,98.40,98.40,98.38,100.79,101.38,101.68,101.68,101.68,102.19,102.20,102.20,102.10,102.11,102.11,102.09,102.09,102.03,102.15,102.15,102.25,102.11,102.10,102.10,102.16,102.16,102.15,102.15,102.15,102.15,102.15,102.15,102.08,102.15,102.15,102.15,102.11,102.11,102.11,102.11,101.98,101.98,102.12,102.12,102.13,101.54,102.27,102.31,102.31,102.31,102.31,102.31,102.29,102.29,102.29,102.31,102.31,102.31,101.21,112.74,112.62,112.84,112.91,113.29,113.03,113.03,113.03,113.18,113.18,113.18,113.18,113.18,113.18,113.16,113.16,113.16,113.13,113.16,113.10,115.35,115.31,115.53,115.53,115.46,115.46,115.47,115.49,115.24,115.52,115.52,115.52,115.52,115.53,115.93,115.61,115.61,115.58,115.61,115.61,115.61,115.61,115.58,115.58,115.59,115.63,126.18,,,,,,,,,,,,,,,,,,,,,,,,,,,,,,,,,,,,,,,,,,,,,,,,
Producto,0.00347219,09521299,PERIÓDICOS Y REVISTAS,98.95,99.70,99.70,99.34,99.34,99.34,99.34,99.34,99.34,99.09,99.04,99.04,99.09,99.09,99.09,98.95,98.82,98.66,98.77,98.66,99.50,98.83,98.81,98.83,99.09,98.79,98.85,98.85,98.90,98.39,98.36,98.81,98.36,98.40,98.40,98.38,100.79,101.38,101.68,101.68,101.68,102.19,102.20,102.20,102.10,102.11,102.11,102.09,102.09,102.03,102.15,102.15,102.25,102.11,102.10,102.10,102.16,102.16,102.15,102.15,102.15,102.15,102.15,102.15,102.08,102.15,102.15,102.15,102.11,102.11,102.11,102.11,101.98,101.98,102.12,102.12,102.13,101.54,102.27,102.31,102.31,102.31,102.31,102.31,102.29,102.29,102.29,102.31,102.31,102.31,101.21,112.74,112.62,112.84,112.91,113.29,113.03,113.03,113.03,113.18,113.18,113.18,113.18,113.18,113.18,113.16,113.16,113.16,113.13,113.16,113.10,115.35,115.31,115.53,115.53,115.46,115.46,115.47,115.49,115.24,115.52,115.52,115.52,115.52,115.53,115.93,115.61,115.61,115.58,115.61,115.61,115.61,115.61,115.58,115.58,115.59,115.63,126.18,,,,,,,,,,,,,,,,,,,,,,,,,,,,,,,,,,,,,,,,,,,,,,,,
Clase,0.002656024,0954,Papel y útiles de oficina y materiales de dibujo (ND),96.69,96.69,96.69,98.29,98.74,98.86,98.86,98.86,100.01,100.34,100.37,100.37,100.37,100.37,100.37,101.47,100.24,100.56,100.56,100.56,102.38,102.03,101.84,101.84,101.84,101.84,101.84,102.56,101.83,101.89,101.89,101.89,102.42,102.49,102.78,102.78,102.78,102.78,102.78,103.09,103.10,103.17,103.17,103.17,102.89,103.09,103.09,103.09,103.09,103.09,103.09,103.40,103.61,103.54,103.54,103.54,102.52,102.92,102.42,102.42,102.42,102.42,102.42,101.98,102.80,102.90,102.90,102.90,102.97,102.73,102.62,102.62,102.62,102.62,102.62,102.87,102.64,102.81,102.81,102.81,102.86,102.94,102.98,102.98,102.98,102.98,102.98,104.62,105.03,104.69,104.69,104.69,106.97,107.40,107.74,107.74,107.74,107.74,107.74,108.50,108.78,108.64,108.64,108.64,107.60,106.98,107.01,107.01,107.01,107.01,107.01,106.13,105.60,105.67,105.67,105.67,106.89,106.96,106.96,106.96,106.96,106.96,106.96,105.31,105.56,106.47,106.47,106.47,105.68,105.42,105.48,105.48,105.48,105.48,105.48,105.28,105.41,105.33,,,,,,,,,,,,,,,,,,,,,,,,,,,,,,,,,,,,,,,,,,,,,,,,
Subclase,0.002656024,09541,Papel y útiles de oficina y materiales de dibujo,96.69,96.69,96.69,98.29,98.74,98.86,98.86,98.86,100.01,100.34,100.37,100.37,100.37,100.37,100.37,101.47,100.24,100.56,100.56,100.56,102.38,102.03,101.84,101.84,101.84,101.84,101.84,102.56,101.83,101.89,101.89,101.89,102.42,102.49,102.78,102.78,102.78,102.78,102.78,103.09,103.10,103.17,103.17,103.17,102.89,103.09,103.09,103.09,103.09,103.09,103.09,103.40,103.61,103.54,103.54,103.54,102.52,102.92,102.42,102.42,102.42,102.42,102.42,101.98,102.80,102.90,102.90,102.90,102.97,102.73,102.62,102.62,102.62,102.62,102.62,102.87,102.64,102.81,102.81,102.81,102.86,102.94,102.98,102.98,102.98,102.98,102.98,104.62,105.03,104.69,104.69,104.69,106.97,107.40,107.74,107.74,107.74,107.74,107.74,108.50,108.78,108.64,108.64,108.64,107.60,106.98,107.01,107.01,107.01,107.01,107.01,106.13,105.60,105.67,105.67,105.67,106.89,106.96,106.96,106.96,106.96,106.96,106.96,105.31,105.56,106.47,106.47,106.47,105.68,105.42,105.48,105.48,105.48,105.48,105.48,105.28,105.41,105.33,,,,,,,,,,,,,,,,,,,,,,,,,,,,,,,,,,,,,,,,,,,,,,,,
Producto,0.001028735,09541300,CUADERNOS,93.99,93.99,93.99,96.27,97.35,97.35,97.35,97.35,97.12,97.12,97.12,97.12,97.12,97.12,97.12,97.21,97.21,97.47,97.47,97.47,98.19,97.59,97.59,97.59,97.59,97.59,97.59,97.14,96.17,96.46,96.46,96.46,97.14,97.25,97.42,97.42,97.42,97.42,97.42,98.33,98.24,97.64,97.64,97.64,96.79,96.92,96.92,96.92,96.92,96.92,96.92,97.30,97.34,97.32,97.32,97.32,97.18,97.18,97.20,97.20,97.20,97.20,97.20,96.21,98.10,98.15,98.15,98.15,97.42,97.34,97.34,97.34,97.34,97.34,97.34,97.51,98.16,98.16,98.16,98.16,98.48,98.32,98.29,98.29,98.29,98.29,98.29,98.29,98.85,99.20,99.20,99.20,100.86,101.31,102.00,102.00,102.00,102.00,102.00,103.85,103.39,103.18,103.18,103.18,98.96,97.72,97.72,97.72,97.72,97.72,97.72,94.92,94.51,94.62,94.62,94.62,94.25,94.03,94.03,94.03,94.03,94.03,94.03,90.32,89.92,90.53,90.53,90.53,89.53,89.05,89.05,89.05,89.05,89.05,89.05,88.31,88.22,87.50,,,,,,,,,,,,,,,,,,,,,,,,,,,,,,,,,,,,,,,,,,,,,,,,
Producto,0.000636456,09541301,BOLÍGRAFOS,98.43,98.43,98.43,98.41,99.32,99.32,99.32,99.32,102.82,103.53,103.53,103.53,103.53,103.53,103.53,104.70,102.87,103.26,103.26,103.26,104.95,104.76,104.57,104.57,104.57,104.57,104.57,106.43,105.17,104.80,104.80,104.80,105.16,105.16,105.67,105.67,105.67,105.67,105.67,105.80,105.80,106.75,106.75,106.75,106.47,106.47,106.47,106.47,106.47,106.47,106.47,105.86,105.55,105.55,105.55,105.55,104.61,104.47,103.91,103.91,103.91,103.91,103.91,103.82,104.14,104.22,104.22,104.22,104.90,105.08,105.42,105.42,105.42,105.42,105.42,104.87,103.33,103.33,103.33,103.33,102.92,102.91,102.91,102.91,102.91,102.91,102.91,102.70,103.00,102.09,102.09,102.09,103.13,103.13,103.13,103.13,103.13,103.13,103.13,105.86,105.95,105.19,105.19,105.19,106.05,106.05,106.05,106.05,106.05,106.05,106.05,107.75,106.35,106.47,106.47,106.47,108.92,109.17,109.17,109.17,109.17,109.17,109.17,110.29,110.46,112.00,112.00,112.00,111.05,111.05,111.07,111.07,111.07,111.07,111.07,111.56,110.78,110.78,,,,,,,,,,,,,,,,,,,,,,,,,,,,,,,,,,,,,,,,,,,,,,,,
Producto,0.000990832,09541302,ÚTILES ESCOLARES,98.39,98.39,98.39,100.31,99.82,100.15,100.15,100.15,101.21,101.63,101.70,101.70,101.70,101.70,101.70,103.82,101.69,102.04,102.04,102.04,105.07,104.90,104.50,104.50,104.50,104.50,104.50,105.70,105.55,105.65,105.65,105.65,106.14,106.21,106.48,106.48,106.48,106.48,106.48,106.30,106.42,106.61,106.61,106.61,106.93,107.32,107.32,107.32,107.32,107.32,107.32,108.17,108.87,108.71,108.71,108.71,106.72,107.89,106.89,106.89,106.89,106.89,106.89,106.78,106.83,106.98,106.98,106.98,107.50,106.81,106.32,106.32,106.32,106.32,106.32,107.14,106.85,107.31,107.31,107.31,107.38,107.75,107.89,107.89,107.89,107.89,107.89,112.42,112.74,112.06,112.06,112.06,115.78,116.47,116.67,116.67,116.67,116.67,116.67,115.03,116.19,116.53,116.53,116.53,117.57,117.20,117.27,117.27,117.27,117.27,117.27,116.73,116.64,116.63,116.63,116.63,118.70,118.96,118.96,118.96,118.96,118.96,118.96,117.67,118.64,119.45,119.45,119.45,119.01,118.79,118.94,118.94,118.94,118.94,118.94,118.85,119.81,120.34,,,,,,,,,,,,,,,,,,,,,,,,,,,,,,,,,,,,,,,,,,,,,,,,
Grupo,0.002125104,096,Paquetes turísticos,104.10,103.65,103.33,103.33,104.85,104.35,96.07,99.85,95.84,94.89,96.59,102.62,97.79,92.56,93.88,93.44,92.19,95.58,91.60,89.28,89.27,91.39,92.35,100.58,90.24,91.27,86.69,86.92,87.50,89.82,91.99,91.45,92.28,89.85,89.00,107.85,92.66,90.37,88.75,88.97,88.03,92.30,94.70,93.96,89.49,90.43,89.38,98.50,91.28,92.42,92.08,92.28,92.97,94.57,95.64,96.97,93.62,90.80,87.81,100.47,93.45,94.84,93.09,93.09,93.09,91.45,90.71,91.40,87.62,89.62,82.66,86.64,84.04,82.92,82.54,84.68,83.16,83.44,84.19,87.53,88.74,87.37,87.63,93.29,85.64,84.46,83.62,87.49,83.75,81.71,84.61,86.51,86.21,87.17,81.19,85.40,80.73,83.56,82.19,83.35,82.99,81.50,84.42,83.50,81.95,83.35,80.45,84.73,81.44,80.36,81.06,84.53,84.11,82.32,84.40,83.18,81.92,80.42,82.18,86.67,78.62,79.85,79.81,79.08,76.44,75.88,78.87,79.91,75.92,75.71,77.62,83.42,80.09,78.97,79.64,81.01,82.11,81.70,,,,,,,,,,,,,,,,,,,,,,,,,,,,,,,,,,,,,,,,,,,,,,,,
Clase,0.002125104,0960,Paquetes turísticos (S),104.10,103.65,103.33,103.33,104.85,104.35,96.07,99.85,95.84,94.89,96.59,102.62,97.79,92.56,93.88,93.44,92.19,95.58,91.60,89.28,89.27,91.39,92.35,100.58,90.24,91.27,86.69,86.92,87.50,89.82,91.99,91.45,92.28,89.85,89.00,107.85,92.66,90.37,88.75,88.97,88.03,92.30,94.70,93.96,89.49,90.43,89.38,98.50,91.28,92.42,92.08,92.28,92.97,94.57,95.64,96.97,93.62,90.80,87.81,100.47,93.45,94.84,93.09,93.09,93.09,91.45,90.71,91.40,87.62,89.62,82.66,86.64,84.04,82.92,82.54,84.68,83.16,83.44,84.19,87.53,88.74,87.37,87.63,93.29,85.64,84.46,83.62,87.49,83.75,81.71,84.61,86.51,86.21,87.17,81.19,85.40,80.73,83.56,82.19,83.35,82.99,81.50,84.42,83.50,81.95,83.35,80.45,84.73,81.44,80.36,81.06,84.53,84.11,82.32,84.40,83.18,81.92,80.42,82.18,86.67,78.62,79.85,79.81,79.08,76.44,75.88,78.87,79.91,75.92,75.71,77.62,83.42,80.09,78.97,79.64,81.01,82.11,81.70,,,,,,,,,,,,,,,,,,,,,,,,,,,,,,,,,,,,,,,,,,,,,,,,
Subclase,0.002125104,09601,Paquetes turísticos,104.10,103.65,103.33,103.33,104.85,104.35,96.07,99.85,95.84,94.89,96.59,102.62,97.79,92.56,93.88,93.44,92.19,95.58,91.60,89.28,89.27,91.39,92.35,100.58,90.24,91.27,86.69,86.92,87.50,89.82,91.99,91.45,92.28,89.85,89.00,107.85,92.66,90.37,88.75,88.97,88.03,92.30,94.70,93.96,89.49,90.43,89.38,98.50,91.28,92.42,92.08,92.28,92.97,94.57,95.64,96.97,93.62,90.80,87.81,100.47,93.45,94.84,93.09,93.09,93.09,91.45,90.71,91.40,87.62,89.62,82.66,86.64,84.04,82.92,82.54,84.68,83.16,83.44,84.19,87.53,88.74,87.37,87.63,93.29,85.64,84.46,83.62,87.49,83.75,81.71,84.61,86.51,86.21,87.17,81.19,85.40,80.73,83.56,82.19,83.35,82.99,81.50,84.42,83.50,81.95,83.35,80.45,84.73,81.44,80.36,81.06,84.53,84.11,82.32,84.40,83.18,81.92,80.42,82.18,86.67,78.62,79.85,79.81,79.08,76.44,75.88,78.87,79.91,75.92,75.71,77.62,83.42,80.09,78.97,79.64,81.01,82.11,81.70,,,,,,,,,,,,,,,,,,,,,,,,,,,,,,,,,,,,,,,,,,,,,,,,
Producto,0.002125104,09601303,PAQUETE DE VACACIONES,104.10,103.65,103.33,103.33,104.85,104.35,96.07,99.85,95.84,94.89,96.59,102.62,97.79,92.56,93.88,93.44,92.19,95.58,91.60,89.28,89.27,91.39,92.35,100.58,90.24,91.27,86.69,86.92,87.50,89.82,91.99,91.45,92.28,89.85,89.00,107.85,92.66,90.37,88.75,88.97,88.03,92.30,94.70,93.96,89.49,90.43,89.38,98.50,91.28,92.42,92.08,92.28,92.97,94.57,95.64,96.97,93.62,90.80,87.81,100.47,93.45,94.84,93.09,93.09,93.09,91.45,90.71,91.40,87.62,89.62,82.66,86.64,84.04,82.92,82.54,84.68,83.16,83.44,84.19,87.53,88.74,87.37,87.63,93.29,85.64,84.46,83.62,87.49,83.75,81.71,84.61,86.51,86.21,87.17,81.19,85.40,80.73,83.56,82.19,83.35,82.99,81.50,84.42,83.50,81.95,83.35,80.45,84.73,81.44,80.36,81.06,84.53,84.11,82.32,84.40,83.18,81.92,80.42,82.18,86.67,78.62,79.85,79.81,79.08,76.44,75.88,78.87,79.91,75.92,75.71,77.62,83.42,80.09,78.97,79.64,81.01,82.11,81.70,,,,,,,,,,,,,,,,,,,,,,,,,,,,,,,,,,,,,,,,,,,,,,,,
División,0.050917213,10,Educación,100.48,100.59,100.59,101.93,101.98,101.98,102.01,102.01,103.50,103.56,103.66,103.67,103.65,103.69,103.70,103.87,103.51,103.81,104.02,104.07,105.91,105.89,105.89,106.39,106.26,106.32,106.37,107.81,108.76,108.63,108.64,108.77,110.65,110.47,110.41,110.44,110.44,110.59,110.61,111.70,111.74,111.74,111.74,111.76,112.18,112.23,112.23,112.26,112.50,112.61,112.61,114.37,114.48,114.54,114.53,114.52,116.19,115.77,115.76,115.62,116.01,116.12,116.12,116.09,113.69,113.13,113.01,112.87,110.16,109.94,109.97,109.97,109.86,109.88,109.83,111.41,111.62,111.67,111.66,111.53,113.10,112.99,112.95,113.01,113.06,113.58,113.51,115.72,115.59,115.64,115.64,115.62,118.33,118.31,118.53,118.70,118.73,118.72,118.71,120.32,120.44,120.46,120.48,120.39,120.42,120.41,120.41,120.41,120.38,120.31,120.33,122.58,122.63,122.71,122.57,122.49,123.73,123.70,123.70,123.84,123.79,123.82,123.83,123.55,123.66,123.70,123.72,123.72,124.24,124.51,124.51,124.50,124.60,124.60,124.69,125.68,125.70,125.63,,,,,,,,,,,,,,,,,,,,,,,,,,,,,,,,,,,,,,,,,,,,,,,,
Grupo,0.01460889,101,Enseñanza preescolar y enseñanza primaria,101.69,101.69,101.69,102.85,102.81,102.81,102.81,102.81,103.86,104.13,104.13,104.13,104.13,104.13,104.13,104.75,105.20,105.29,105.29,105.29,107.15,107.17,107.17,107.17,107.17,107.17,107.17,109.19,110.37,110.38,110.38,110.38,113.81,113.81,113.81,113.81,113.81,113.81,113.81,115.83,115.86,115.86,115.86,115.86,116.47,116.47,116.47,116.47,116.47,116.47,116.47,119.61,119.61,119.61,119.61,119.61,122.88,121.92,121.89,121.89,121.89,121.89,121.89,121.87,118.09,116.89,116.89,116.89,113.44,113.31,113.33,113.33,113.33,113.33,113.33,115.64,115.72,115.70,115.70,115.70,118.43,118.46,118.46,118.46,118.46,118.46,118.46,122.14,122.39,122.42,122.42,122.42,126.24,126.24,126.63,126.63,126.63,126.63,126.63,129.11,129.32,129.32,129.32,129.32,130.50,130.50,130.50,130.50,130.50,130.50,130.50,132.67,132.71,132.78,132.78,132.78,134.53,134.53,134.53,134.53,134.53,134.53,134.53,135.88,135.89,135.96,135.96,135.96,137.19,137.17,137.17,137.17,137.17,137.17,137.17,138.56,138.63,138.63,,,,,,,,,,,,,,,,,,,,,,,,,,,,,,,,,,,,,,,,,,,,,,,,
Clase,0.01460889,1010,Enseñanza preescolar y enseñanza primaria (S),101.69,101.69,101.69,102.85,102.81,102.81,102.81,102.81,103.86,104.13,104.13,104.13,104.13,104.13,104.13,104.75,105.20,105.29,105.29,105.29,107.15,107.17,107.17,107.17,107.17,107.17,107.17,109.19,110.37,110.38,110.38,110.38,113.81,113.81,113.81,113.81,113.81,113.81,113.81,115.83,115.86,115.86,115.86,115.86,116.47,116.47,116.47,116.47,116.47,116.47,116.47,119.61,119.61,119.61,119.61,119.61,122.88,121.92,121.89,121.89,121.89,121.89,121.89,121.87,118.09,116.89,116.89,116.89,113.44,113.31,113.33,113.33,113.33,113.33,113.33,115.64,115.72,115.70,115.70,115.70,118.43,118.46,118.46,118.46,118.46,118.46,118.46,122.14,122.39,122.42,122.42,122.42,126.24,126.24,126.63,126.63,126.63,126.63,126.63,129.11,129.32,129.32,129.32,129.32,130.50,130.50,130.50,130.50,130.50,130.50,130.50,132.67,132.71,132.78,132.78,132.78,134.53,134.53,134.53,134.53,134.53,134.53,134.53,135.88,135.89,135.96,135.96,135.96,137.19,137.17,137.17,137.17,137.17,137.17,137.17,138.56,138.63,138.63,,,,,,,,,,,,,,,,,,,,,,,,,,,,,,,,,,,,,,,,,,,,,,,,
Subclase,0.01460889,10101,Enseñanza preescolar y enseñanza primaria,101.69,101.69,101.69,102.85,102.81,102.81,102.81,102.81,103.86,104.13,104.13,104.13,104.13,104.13,104.13,104.75,105.20,105.29,105.29,105.29,107.15,107.17,107.17,107.17,107.17,107.17,107.17,109.19,110.37,110.38,110.38,110.38,113.81,113.81,113.81,113.81,113.81,113.81,113.81,115.83,115.86,115.86,115.86,115.86,116.47,116.47,116.47,116.47,116.47,116.47,116.47,119.61,119.61,119.61,119.61,119.61,122.88,121.92,121.89,121.89,121.89,121.89,121.89,121.87,118.09,116.89,116.89,116.89,113.44,113.31,113.33,113.33,113.33,113.33,113.33,115.64,115.72,115.70,115.70,115.70,118.43,118.46,118.46,118.46,118.46,118.46,118.46,122.14,122.39,122.42,122.42,122.42,126.24,126.24,126.63,126.63,126.63,126.63,126.63,129.11,129.32,129.32,129.32,129.32,130.50,130.50,130.50,130.50,130.50,130.50,130.50,132.67,132.71,132.78,132.78,132.78,134.53,134.53,134.53,134.53,134.53,134.53,134.53,135.88,135.89,135.96,135.96,135.96,137.19,137.17,137.17,137.17,137.17,137.17,137.17,138.56,138.63,138.63,,,,,,,,,,,,,,,,,,,,,,,,,,,,,,,,,,,,,,,,,,,,,,,,
Producto,0.003623628,10101304,EDUCACIÓN INICIAL,102.20,102.20,102.20,103.42,103.37,103.37,103.37,103.37,104.13,104.34,104.34,104.34,104.34,104.34,104.34,104.94,105.39,105.46,105.46,105.46,107.30,107.31,107.31,107.31,107.31,107.31,107.31,109.53,110.88,110.88,110.88,110.88,114.11,114.11,114.11,114.11,114.11,114.11,114.11,116.18,116.20,116.20,116.20,116.20,116.53,116.53,116.53,116.53,116.53,116.53,116.53,119.71,119.71,119.71,119.71,119.71,122.70,121.89,121.87,121.87,121.87,121.87,121.87,121.87,116.32,115.11,115.11,115.11,110.27,110.23,110.25,110.25,110.25,110.25,110.25,113.25,112.89,112.89,112.89,112.89,116.94,116.98,116.98,116.98,116.98,116.98,116.98,122.12,122.68,122.70,122.70,122.70,126.08,126.08,126.42,126.42,126.42,126.42,126.42,129.04,129.32,129.32,129.32,129.32,130.64,130.64,130.64,130.64,130.64,130.64,130.64,132.54,132.60,132.65,132.65,132.65,133.95,133.92,133.92,133.92,133.92,133.92,133.92,135.29,135.30,135.37,135.37,135.37,136.37,136.31,136.31,136.31,136.31,136.31,136.31,137.99,137.99,137.99,,,,,,,,,,,,,,,,,,,,,,,,,,,,,,,,,,,,,,,,,,,,,,,,
Producto,0.010985262,10101305,EDUCACIÓN GENERAL BÁSICA,101.52,101.52,101.52,102.66,102.62,102.62,102.62,102.62,103.77,104.05,104.05,104.05,104.05,104.05,104.05,104.69,105.14,105.24,105.24,105.24,107.11,107.12,107.12,107.12,107.12,107.12,107.12,109.08,110.21,110.21,110.21,110.21,113.72,113.72,113.72,113.72,113.72,113.72,113.72,115.72,115.75,115.75,115.75,115.75,116.45,116.45,116.45,116.45,116.45,116.45,116.45,119.58,119.58,119.58,119.58,119.58,122.94,121.93,121.90,121.90,121.90,121.90,121.90,121.88,118.68,117.48,117.48,117.48,114.48,114.32,114.35,114.35,114.35,114.35,114.35,116.43,116.65,116.62,116.62,116.62,118.92,118.95,118.95,118.95,118.95,118.95,118.95,122.14,122.30,122.32,122.32,122.32,126.29,126.29,126.70,126.70,126.70,126.70,126.70,129.14,129.32,129.32,129.32,129.32,130.45,130.45,130.45,130.45,130.45,130.45,130.45,132.72,132.75,132.82,132.82,132.82,134.72,134.73,134.73,134.73,134.73,134.73,134.73,136.07,136.09,136.15,136.15,136.15,137.46,137.45,137.45,137.45,137.45,137.45,137.45,138.75,138.84,138.84,,,,,,,,,,,,,,,,,,,,,,,,,,,,,,,,,,,,,,,,,,,,,,,,
Grupo,0.012392353,102,Enseñanza secundaria,100.85,100.85,100.85,103.68,103.60,103.60,103.60,103.60,106.78,107.10,107.10,107.10,107.10,107.10,107.10,107.92,108.10,108.17,108.17,108.17,110.07,110.09,110.09,110.09,110.09,110.09,110.09,112.35,113.37,113.38,113.38,113.38,116.77,116.77,116.77,116.77,116.77,116.77,116.77,118.61,118.66,118.66,118.66,118.66,119.29,119.29,119.29,119.29,119.29,119.29,119.29,122.66,122.68,122.68,122.68,122.68,125.80,124.90,124.88,124.88,124.88,124.88,124.88,124.86,121.10,119.88,119.88,119.88,117.29,117.22,117.24,117.24,117.24,117.24,117.24,119.98,120.25,120.23,120.23,120.23,122.20,122.21,122.21,122.21,122.21,122.21,122.21,126.36,126.53,126.55,126.55,126.55,130.39,130.39,130.76,130.76,130.76,130.76,130.76,133.70,134.05,134.05,134.05,134.05,135.18,135.18,135.18,135.18,135.18,135.18,135.18,137.92,137.90,137.99,137.99,137.99,139.90,139.93,139.93,139.93,139.93,139.93,139.93,141.35,141.34,141.42,141.42,141.42,142.92,142.91,142.91,142.91,142.91,142.91,142.91,144.38,144.36,144.36,,,,,,,,,,,,,,,,,,,,,,,,,,,,,,,,,,,,,,,,,,,,,,,,
Clase,0.012392353,1020,Enseñanza secundaria (S),100.85,100.85,100.85,103.68,103.60,103.60,103.60,103.60,106.78,107.10,107.10,107.10,107.10,107.10,107.10,107.92,108.10,108.17,108.17,108.17,110.07,110.09,110.09,110.09,110.09,110.09,110.09,112.35,113.37,113.38,113.38,113.38,116.77,116.77,116.77,116.77,116.77,116.77,116.77,118.61,118.66,118.66,118.66,118.66,119.29,119.29,119.29,119.29,119.29,119.29,119.29,122.66,122.68,122.68,122.68,122.68,125.80,124.90,124.88,124.88,124.88,124.88,124.88,124.86,121.10,119.88,119.88,119.88,117.29,117.22,117.24,117.24,117.24,117.24,117.24,119.98,120.25,120.23,120.23,120.23,122.20,122.21,122.21,122.21,122.21,122.21,122.21,126.36,126.53,126.55,126.55,126.55,130.39,130.39,130.76,130.76,130.76,130.76,130.76,133.70,134.05,134.05,134.05,134.05,135.18,135.18,135.18,135.18,135.18,135.18,135.18,137.92,137.90,137.99,137.99,137.99,139.90,139.93,139.93,139.93,139.93,139.93,139.93,141.35,141.34,141.42,141.42,141.42,142.92,142.91,142.91,142.91,142.91,142.91,142.91,144.38,144.36,144.36,,,,,,,,,,,,,,,,,,,,,,,,,,,,,,,,,,,,,,,,,,,,,,,,
Subclase,0.012392353,10201,Enseñanza secundaria,100.85,100.85,100.85,103.68,103.60,103.60,103.60,103.60,106.78,107.10,107.10,107.10,107.10,107.10,107.10,107.92,108.10,108.17,108.17,108.17,110.07,110.09,110.09,110.09,110.09,110.09,110.09,112.35,113.37,113.38,113.38,113.38,116.77,116.77,116.77,116.77,116.77,116.77,116.77,118.61,118.66,118.66,118.66,118.66,119.29,119.29,119.29,119.29,119.29,119.29,119.29,122.66,122.68,122.68,122.68,122.68,125.80,124.90,124.88,124.88,124.88,124.88,124.88,124.86,121.10,119.88,119.88,119.88,117.29,117.22,117.24,117.24,117.24,117.24,117.24,119.98,120.25,120.23,120.23,120.23,122.20,122.21,122.21,122.21,122.21,122.21,122.21,126.36,126.53,126.55,126.55,126.55,130.39,130.39,130.76,130.76,130.76,130.76,130.76,133.70,134.05,134.05,134.05,134.05,135.18,135.18,135.18,135.18,135.18,135.18,135.18,137.92,137.90,137.99,137.99,137.99,139.90,139.93,139.93,139.93,139.93,139.93,139.93,141.35,141.34,141.42,141.42,141.42,142.92,142.91,142.91,142.91,142.91,142.91,142.91,144.38,144.36,144.36,,,,,,,,,,,,,,,,,,,,,,,,,,,,,,,,,,,,,,,,,,,,,,,,
Producto,0.005629964,10201306,EDUCACIÓN BÁSICA SUPERIOR,100.21,100.21,100.21,102.61,102.54,102.54,102.54,102.54,105.49,105.86,105.86,105.86,105.86,105.86,105.86,106.66,106.82,106.89,106.89,106.89,108.74,108.76,108.76,108.76,108.76,108.76,108.76,111.14,112.32,112.32,112.32,112.32,115.75,115.75,115.75,115.75,115.75,115.75,115.75,117.73,117.78,117.78,117.78,117.78,118.33,118.33,118.33,118.33,118.33,118.33,118.33,121.76,121.76,121.76,121.76,121.76,124.84,123.97,123.94,123.94,123.94,123.94,123.94,123.92,119.98,118.80,118.80,118.80,116.33,116.27,116.29,116.29,116.29,116.29,116.29,119.07,119.33,119.30,119.30,119.30,121.12,121.13,121.13,121.13,121.13,121.13,121.13,125.17,125.35,125.40,125.40,125.40,129.21,129.21,129.56,129.56,129.56,129.56,129.56,132.48,132.84,132.84,132.84,132.84,133.92,133.92,133.92,133.92,133.92,133.92,133.92,136.54,136.49,136.57,136.57,136.57,138.63,138.63,138.63,138.63,138.63,138.63,138.63,140.07,140.11,140.19,140.19,140.19,141.42,141.41,141.41,141.41,141.41,141.41,141.41,143.06,143.04,143.04,,,,,,,,,,,,,,,,,,,,,,,,,,,,,,,,,,,,,,,,,,,,,,,,
Producto,0.006444506,10201307,EDUCACIÓN BACHILLERATO,101.34,101.34,101.34,104.65,104.57,104.57,104.57,104.57,107.97,108.28,108.28,108.28,108.28,108.28,108.28,109.11,109.38,109.46,109.46,109.46,111.39,111.40,111.40,111.40,111.40,111.40,111.40,113.67,114.75,114.75,114.75,114.75,118.17,118.17,118.17,118.17,118.17,118.17,118.17,119.88,119.92,119.92,119.92,119.92,120.50,120.50,120.50,120.50,120.50,120.50,120.50,123.98,123.98,123.98,123.98,123.98,127.29,126.30,126.30,126.30,126.30,126.30,126.30,126.28,122.50,121.11,121.11,121.11,118.28,118.19,118.22,118.22,118.22,118.22,118.22,121.16,121.46,121.43,121.43,121.43,123.64,123.66,123.66,123.66,123.66,123.66,123.66,127.93,128.10,128.10,128.10,128.10,131.99,131.99,132.40,132.40,132.40,132.40,132.40,135.37,135.73,135.73,135.73,135.73,136.88,136.88,136.88,136.88,136.88,136.88,136.88,139.65,139.67,139.76,139.76,139.76,141.79,141.84,141.84,141.84,141.84,141.84,141.84,143.28,143.22,143.30,143.30,143.30,144.60,144.60,144.60,144.60,144.60,144.60,144.60,146.18,146.17,146.17,,,,,,,,,,,,,,,,,,,,,,,,,,,,,,,,,,,,,,,,,,,,,,,,
Producto,0.000317883,10201308,EDUCACIÓN BACHILLERATO A DISTANCIA,102.16,102.16,102.16,102.90,102.90,102.90,102.90,102.90,105.39,105.39,105.39,105.39,105.39,105.39,105.39,106.09,104.81,104.81,104.81,104.81,106.97,106.97,106.97,106.97,106.97,106.97,106.97,107.05,104.17,104.17,104.17,104.17,106.35,106.35,106.35,106.35,106.35,106.35,106.35,108.41,108.41,108.41,108.41,108.41,111.89,111.89,111.89,111.89,111.89,111.89,111.89,111.95,112.53,112.53,112.53,112.53,112.83,112.83,112.83,112.83,112.83,112.83,112.83,112.83,112.51,114.24,114.24,114.24,114.26,114.26,114.26,114.26,114.26,114.26,114.26,112.13,112.13,112.13,112.13,112.13,112.13,112.13,112.13,112.13,112.13,112.13,112.13,115.45,115.45,115.45,115.45,115.45,118.84,118.84,118.84,118.84,118.84,118.84,118.84,121.41,121.41,121.41,121.41,121.41,123.24,123.24,123.24,123.24,123.24,123.24,123.24,127.26,127.26,127.26,127.26,127.26,124.11,124.11,124.11,124.11,124.11,124.11,124.11,124.97,124.97,124.97,124.97,124.97,135.23,135.23,135.23,135.23,135.23,135.23,135.23,131.17,131.17,131.17,,,,,,,,,,,,,,,,,,,,,,,,,,,,,,,,,,,,,,,,,,,,,,,,
Grupo,0.017828756,104,Enseñanza terciaria,99.67,99.67,99.67,99.97,99.99,99.99,99.99,99.99,101.33,101.05,101.05,101.05,101.05,101.05,101.05,100.75,99.17,99.90,99.90,99.90,102.30,102.30,102.30,102.30,102.30,102.30,102.30,103.13,104.02,104.02,104.02,104.02,104.11,103.54,103.54,103.54,103.54,103.54,103.54,103.56,103.52,103.53,103.53,103.53,103.70,103.83,103.83,103.83,103.83,103.83,103.83,103.92,103.94,104.07,104.07,104.07,104.14,104.19,104.19,104.19,104.19,104.19,104.19,104.30,104.21,104.25,104.25,104.25,101.57,101.15,101.19,101.19,101.19,101.19,101.19,101.94,102.82,103.07,103.07,103.07,104.13,104.13,104.13,104.13,104.13,104.13,104.13,104.35,103.71,103.71,103.71,103.71,105.36,105.32,105.32,105.32,105.32,105.32,105.32,105.84,105.84,105.84,105.84,105.84,104.12,104.12,104.12,104.12,104.12,104.12,104.12,106.19,106.15,106.15,106.15,106.15,106.90,106.90,106.90,106.90,106.90,106.90,106.90,104.06,104.29,104.29,104.29,104.29,103.66,104.33,104.33,104.33,104.33,104.33,104.33,104.98,104.98,104.84,,,,,,,,,,,,,,,,,,,,,,,,,,,,,,,,,,,,,,,,,,,,,,,,
Clase,0.017828756,1040,Enseñanza terciaria (S),99.67,99.67,99.67,99.97,99.99,99.99,99.99,99.99,101.33,101.05,101.05,101.05,101.05,101.05,101.05,100.75,99.17,99.90,99.90,99.90,102.30,102.30,102.30,102.30,102.30,102.30,102.30,103.13,104.02,104.02,104.02,104.02,104.11,103.54,103.54,103.54,103.54,103.54,103.54,103.56,103.52,103.53,103.53,103.53,103.70,103.83,103.83,103.83,103.83,103.83,103.83,103.92,103.94,104.07,104.07,104.07,104.14,104.19,104.19,104.19,104.19,104.19,104.19,104.30,104.21,104.25,104.25,104.25,101.57,101.15,101.19,101.19,101.19,101.19,101.19,101.94,102.82,103.07,103.07,103.07,104.13,104.13,104.13,104.13,104.13,104.13,104.13,104.35,103.71,103.71,103.71,103.71,105.36,105.32,105.32,105.32,105.32,105.32,105.32,105.84,105.84,105.84,105.84,105.84,104.12,104.12,104.12,104.12,104.12,104.12,104.12,106.19,106.15,106.15,106.15,106.15,106.90,106.90,106.90,106.90,106.90,106.90,106.90,104.06,104.29,104.29,104.29,104.29,103.66,104.33,104.33,104.33,104.33,104.33,104.33,104.98,104.98,104.84,,,,,,,,,,,,,,,,,,,,,,,,,,,,,,,,,,,,,,,,,,,,,,,,
Subclase,0.017828756,10401,Enseñanza universitaria,99.67,99.67,99.67,99.97,99.99,99.99,99.99,99.99,101.33,101.05,101.05,101.05,101.05,101.05,101.05,100.75,99.17,99.90,99.90,99.90,102.30,102.30,102.30,102.30,102.30,102.30,102.30,103.13,104.02,104.02,104.02,104.02,104.11,103.54,103.54,103.54,103.54,103.54,103.54,103.56,103.52,103.53,103.53,103.53,103.70,103.83,103.83,103.83,103.83,103.83,103.83,103.92,103.94,104.07,104.07,104.07,104.14,104.19,104.19,104.19,104.19,104.19,104.19,104.30,104.21,104.25,104.25,104.25,101.57,101.15,101.19,101.19,101.19,101.19,101.19,101.94,102.82,103.07,103.07,103.07,104.13,104.13,104.13,104.13,104.13,104.13,104.13,104.35,103.71,103.71,103.71,103.71,105.36,105.32,105.32,105.32,105.32,105.32,105.32,105.84,105.84,105.84,105.84,105.84,104.12,104.12,104.12,104.12,104.12,104.12,104.12,106.19,106.15,106.15,106.15,106.15,106.90,106.90,106.90,106.90,106.90,106.90,106.90,104.06,104.29,104.29,104.29,104.29,103.66,104.33,104.33,104.33,104.33,104.33,104.33,104.98,104.98,104.84,,,,,,,,,,,,,,,,,,,,,,,,,,,,,,,,,,,,,,,,,,,,,,,,
Producto,0.012800604,10401309,EDUCACIÓN UNIVERSITARIA PREGRADO,100.37,100.37,100.37,100.78,100.81,100.81,100.81,100.81,102.56,102.83,102.83,102.83,102.83,102.83,102.83,102.40,100.47,101.49,101.49,101.49,103.64,103.64,103.64,103.64,103.64,103.64,103.64,104.23,105.46,105.46,105.46,105.46,105.54,104.74,104.74,104.74,104.74,104.74,104.74,104.93,104.88,104.89,104.89,104.89,105.15,105.52,105.52,105.52,105.52,105.52,105.52,105.88,105.90,106.09,106.09,106.09,106.33,106.28,106.28,106.28,106.28,106.28,106.28,106.42,110.03,109.17,109.17,109.17,104.48,103.90,103.95,103.95,103.95,103.95,103.95,103.05,103.56,103.59,103.59,103.59,105.08,105.08,105.08,105.08,105.08,105.08,105.08,105.11,104.85,104.85,104.85,104.85,107.16,107.10,107.10,107.10,107.10,107.10,107.10,108.19,108.19,108.19,108.19,108.19,108.63,108.63,108.63,108.63,108.63,108.63,108.63,111.91,111.86,111.86,111.86,111.86,113.27,113.27,113.27,113.27,113.27,113.27,113.27,111.19,111.28,111.28,111.28,111.28,111.61,112.56,112.56,112.56,112.56,112.56,112.56,112.94,112.94,113.10,,,,,,,,,,,,,,,,,,,,,,,,,,,,,,,,,,,,,,,,,,,,,,,,
Producto,0.005028152,10401310,EDUCACIÓN UNIVERSITARIA POSTGRADO,97.90,97.90,97.90,97.90,97.90,97.90,97.90,97.90,98.22,96.53,96.53,96.53,96.53,96.53,96.53,96.53,95.87,95.87,95.87,95.87,98.91,98.91,98.91,98.91,98.91,98.91,98.91,100.35,100.35,100.35,100.35,100.35,100.49,100.49,100.49,100.49,100.49,100.49,100.49,100.06,100.06,100.06,100.06,100.06,99.99,99.54,99.54,99.54,99.54,99.54,99.54,98.94,98.94,98.94,98.94,98.94,98.57,98.89,98.89,98.89,98.89,98.89,98.89,98.89,89.38,91.74,91.74,91.74,94.14,94.14,94.14,94.14,94.14,94.14,94.14,99.09,100.94,101.74,101.74,101.74,101.73,101.73,101.73,101.73,101.73,101.73,101.73,102.40,100.79,100.79,100.79,100.79,100.79,100.79,100.79,100.79,100.79,100.79,100.79,99.87,99.87,99.87,99.87,99.87,92.63,92.63,92.63,92.63,92.63,92.63,92.63,91.61,91.61,91.61,91.61,91.61,90.67,90.67,90.67,90.67,90.67,90.67,90.67,85.91,86.48,86.48,86.48,86.48,83.40,83.40,83.40,83.40,83.40,83.40,83.40,84.72,84.72,83.81,,,,,,,,,,,,,,,,,,,,,,,,,,,,,,,,,,,,,,,,,,,,,,,,
Grupo,0.006087215,105,Enseñanza no atribuible a ningún nivel,99.15,100.10,100.10,101.95,102.53,102.53,102.73,102.73,102.34,102.34,103.19,103.22,103.05,103.41,103.47,102.68,102.81,102.84,104.61,104.99,105.06,104.82,104.76,108.96,107.90,108.40,108.81,108.94,109.42,108.30,108.34,109.47,109.79,109.89,109.45,109.64,109.69,110.95,111.09,111.58,111.83,111.84,111.82,112.01,112.24,112.24,112.24,112.53,114.54,115.42,115.44,115.49,116.39,116.42,116.36,116.28,115.87,116.31,116.31,115.18,118.47,119.33,119.34,118.88,115.77,116.37,115.32,114.16,112.95,112.83,112.87,112.83,111.94,112.09,111.62,111.58,109.96,109.74,109.71,108.58,108.07,107.04,106.72,107.15,107.64,111.93,111.32,111.95,111.85,112.10,112.15,111.92,112.73,112.71,112.91,114.29,114.55,114.48,114.42,114.41,114.21,114.35,114.51,113.78,113.96,113.83,113.81,113.81,113.55,112.97,113.17,115.11,115.58,115.97,114.74,114.07,114.22,113.90,113.90,115.07,114.64,114.92,114.94,114.77,115.03,115.03,115.19,115.19,115.42,115.75,115.75,115.65,116.51,116.51,117.24,117.31,117.33,117.19,,,,,,,,,,,,,,,,,,,,,,,,,,,,,,,,,,,,,,,,,,,,,,,,
Clase,0.006087215,1050,Enseñanza no atribuible a ningún nivel (S),99.15,100.10,100.10,101.95,102.53,102.53,102.73,102.73,102.34,102.34,103.19,103.22,103.05,103.41,103.47,102.68,102.81,102.84,104.61,104.99,105.06,104.82,104.76,108.96,107.90,108.40,108.81,108.94,109.42,108.30,108.34,109.47,109.79,109.89,109.45,109.64,109.69,110.95,111.09,111.58,111.83,111.84,111.82,112.01,112.24,112.24,112.24,112.53,114.54,115.42,115.44,115.49,116.39,116.42,116.36,116.28,115.87,116.31,116.31,115.18,118.47,119.33,119.34,118.88,115.77,116.37,115.32,114.16,112.95,112.83,112.87,112.83,111.94,112.09,111.62,111.58,109.96,109.74,109.71,108.58,108.07,107.04,106.72,107.15,107.64,111.93,111.32,111.95,111.85,112.10,112.15,111.92,112.73,112.71,112.91,114.29,114.55,114.48,114.42,114.41,114.21,114.35,114.51,113.78,113.96,113.83,113.81,113.81,113.55,112.97,113.17,115.11,115.58,115.97,114.74,114.07,114.22,113.90,113.90,115.07,114.64,114.92,114.94,114.77,115.03,115.03,115.19,115.19,115.42,115.75,115.75,115.65,116.51,116.51,117.24,117.31,117.33,117.19,,,,,,,,,,,,,,,,,,,,,,,,,,,,,,,,,,,,,,,,,,,,,,,,
Subclase,0.006087215,10501,Enseñanza no atribuible a ningún nivel,99.15,100.10,100.10,101.95,102.53,102.53,102.73,102.73,102.34,102.34,103.19,103.22,103.05,103.41,103.47,102.68,102.81,102.84,104.61,104.99,105.06,104.82,104.76,108.96,107.90,108.40,108.81,108.94,109.42,108.30,108.34,109.47,109.79,109.89,109.45,109.64,109.69,110.95,111.09,111.58,111.83,111.84,111.82,112.01,112.24,112.24,112.24,112.53,114.54,115.42,115.44,115.49,116.39,116.42,116.36,116.28,115.87,116.31,116.31,115.18,118.47,119.33,119.34,118.88,115.77,116.37,115.32,114.16,112.95,112.83,112.87,112.83,111.94,112.09,111.62,111.58,109.96,109.74,109.71,108.58,108.07,107.04,106.72,107.15,107.64,111.93,111.32,111.95,111.85,112.10,112.15,111.92,112.73,112.71,112.91,114.29,114.55,114.48,114.42,114.41,114.21,114.35,114.51,113.78,113.96,113.83,113.81,113.81,113.55,112.97,113.17,115.11,115.58,115.97,114.74,114.07,114.22,113.90,113.90,115.07,114.64,114.92,114.94,114.77,115.03,115.03,115.19,115.19,115.42,115.75,115.75,115.65,116.51,116.51,117.24,117.31,117.33,117.19,,,,,,,,,,,,,,,,,,,,,,,,,,,,,,,,,,,,,,,,,,,,,,,,
Producto,0.001448665,10501311,CURSO DE COMPUTACIÓN,96.06,100.04,100.04,100.04,97.65,97.65,98.49,98.49,96.83,96.83,95.07,95.22,94.44,95.93,95.93,95.93,96.96,96.74,98.60,98.57,98.57,97.74,97.60,101.83,100.95,99.97,101.87,103.55,103.07,104.17,104.40,104.40,103.20,101.61,101.61,100.86,101.00,101.89,102.00,102.00,103.04,103.04,102.98,102.98,103.95,103.95,103.95,103.95,104.39,105.16,105.16,104.71,104.71,104.71,104.71,104.71,103.96,104.40,104.40,99.65,104.40,104.91,104.91,104.91,99.37,99.37,96.42,95.97,95.59,95.10,95.10,97.59,95.69,95.52,94.69,94.52,94.36,93.52,93.38,93.24,92.48,92.35,92.23,92.11,94.45,94.34,94.23,94.30,94.21,94.11,94.01,92.76,92.70,92.62,93.98,93.90,94.10,94.10,94.59,94.65,94.74,94.90,94.90,93.95,94.70,94.15,94.70,94.70,93.26,91.60,91.60,92.52,93.43,92.66,91.95,91.18,91.81,90.47,90.47,90.47,90.68,90.68,90.84,90.84,90.84,90.84,90.84,90.84,90.84,90.84,90.84,90.84,95.11,95.11,95.13,95.13,95.19,95.11,,,,,,,,,,,,,,,,,,,,,,,,,,,,,,,,,,,,,,,,,,,,,,,,
Producto,0.00463855,10501312,CURSO DE IDIOMAS,100.11,100.11,100.11,102.55,104.06,104.06,104.06,104.06,104.06,104.06,105.72,105.72,105.74,105.74,105.83,104.79,104.63,104.75,106.49,106.99,107.08,107.03,107.00,111.19,110.08,111.03,110.98,110.63,111.40,109.59,109.57,111.05,111.84,112.48,111.90,112.39,112.40,113.77,113.93,114.57,114.57,114.58,114.58,114.84,114.84,114.84,114.82,115.21,117.71,118.62,118.65,118.86,120.04,120.07,119.99,119.90,119.59,120.03,120.03,120.03,122.86,123.83,123.85,123.24,120.90,121.68,121.23,119.84,118.38,118.37,118.42,117.59,117.01,117.26,116.91,116.91,114.83,114.81,114.81,113.38,112.94,111.62,111.24,111.85,111.76,117.43,116.66,117.46,117.35,117.72,117.82,117.90,118.99,118.99,118.83,120.66,120.94,120.84,120.61,120.58,120.29,120.42,120.64,119.97,119.97,119.97,119.77,119.77,119.88,119.64,119.90,122.17,122.49,123.25,121.86,121.22,121.22,121.22,121.22,122.76,122.13,122.50,122.47,122.24,122.59,122.59,122.80,122.80,123.09,123.53,123.53,123.40,123.20,123.20,124.15,124.24,124.24,124.08,,,,,,,,,,,,,,,,,,,,,,,,,,,,,,,,,,,,,,,,,,,,,,,,
División,0.079639262,11,Restaurantes y hoteles,103.05,103.62,104.80,105.04,105.40,105.72,106.26,106.50,106.79,106.77,106.85,107.07,108.34,108.61,109.05,109.41,109.55,109.15,108.72,108.54,108.48,108.69,108.07,108.11,108.24,109.07,109.29,109.29,109.56,109.60,109.55,109.49,109.63,109.41,109.22,108.84,108.84,108.74,108.76,108.90,108.57,108.49,108.45,108.57,108.65,108.60,108.56,108.34,108.46,108.58,108.59,108.76,108.97,108.80,108.75,108.56,108.37,108.89,108.54,108.37,108.53,108.51,108.47,109.13,112.00,109.09,107.69,107.80,107.61,107.39,107.22,107.45,107.18,107.32,107.32,107.29,107.24,107.38,107.52,107.57,107.61,107.81,108.05,108.15,108.68,108.79,108.83,109.44,109.69,110.28,110.89,111.03,111.22,111.49,111.77,112.15,112.65,112.42,112.88,113.00,113.17,113.72,113.83,114.56,114.70,114.66,114.63,114.63,114.35,114.45,114.65,116.66,116.54,116.56,116.62,116.82,116.92,116.90,116.90,117.06,117.48,117.75,117.69,117.80,118.01,118.24,118.24,118.30,118.35,118.73,118.80,118.81,119.21,119.17,119.26,119.44,119.47,119.65,,,,,,,,,,,,,,,,,,,,,,,,,,,,,,,,,,,,,,,,,,,,,,,,
Grupo,0.07762909,111,Servicios de suministro de comidas por contrato,103.42,104.01,105.20,105.44,105.80,106.09,106.63,106.93,107.21,107.23,107.31,107.66,108.79,109.10,109.61,109.98,110.10,109.70,109.30,109.12,108.99,109.17,108.57,108.71,108.71,109.60,109.83,109.91,110.14,110.18,110.14,110.11,110.24,110.02,109.83,109.49,109.46,109.32,109.37,109.54,109.18,109.10,109.05,109.18,109.27,109.23,109.22,109.03,109.13,109.22,109.24,109.38,109.60,109.47,109.41,109.23,109.03,109.56,109.24,109.18,109.21,109.20,109.18,109.87,112.86,109.98,108.68,108.82,108.61,108.38,108.22,108.46,108.23,108.38,108.39,108.35,108.32,108.42,108.53,108.57,108.59,108.77,108.98,109.09,109.65,109.77,109.78,110.37,110.65,111.22,111.91,111.95,112.14,112.30,112.67,113.12,113.64,113.38,113.85,113.98,114.16,114.70,114.81,115.58,115.72,115.64,115.61,115.64,115.39,115.51,115.72,117.71,117.62,117.64,117.68,117.89,117.96,117.95,117.99,118.14,118.59,118.86,118.79,118.93,119.16,119.34,119.31,119.28,119.40,119.78,119.87,119.92,120.33,120.30,120.40,120.54,120.55,120.71,,,,,,,,,,,,,,,,,,,,,,,,,,,,,,,,,,,,,,,,,,,,,,,,
Clase,0.07762909,1111,"Restaurantes, cafés y establecimientos similares (S)",103.42,104.01,105.20,105.44,105.80,106.09,106.63,106.93,107.21,107.23,107.31,107.66,108.79,109.10,109.61,109.98,110.10,109.70,109.30,109.12,108.99,109.17,108.57,108.71,108.71,109.60,109.83,109.91,110.14,110.18,110.14,110.11,110.24,110.02,109.83,109.49,109.46,109.32,109.37,109.54,109.18,109.10,109.05,109.18,109.27,109.23,109.22,109.03,109.13,109.22,109.24,109.38,109.60,109.47,109.41,109.23,109.03,109.56,109.24,109.18,109.21,109.20,109.18,109.87,112.86,109.98,108.68,108.82,108.61,108.38,108.22,108.46,108.23,108.38,108.39,108.35,108.32,108.42,108.53,108.57,108.59,108.77,108.98,109.09,109.65,109.77,109.78,110.37,110.65,111.22,111.91,111.95,112.14,112.30,112.67,113.12,113.64,113.38,113.85,113.98,114.16,114.70,114.81,115.58,115.72,115.64,115.61,115.64,115.39,115.51,115.72,117.71,117.62,117.64,117.68,117.89,117.96,117.95,117.99,118.14,118.59,118.86,118.79,118.93,119.16,119.34,119.31,119.28,119.40,119.78,119.87,119.92,120.33,120.30,120.40,120.54,120.55,120.71,,,,,,,,,,,,,,,,,,,,,,,,,,,,,,,,,,,,,,,,,,,,,,,,
Subclase,0.07762909,11111,"Restaurantes, cafés y establecimientos similares",103.42,104.01,105.20,105.44,105.80,106.09,106.63,106.93,107.21,107.23,107.31,107.66,108.79,109.10,109.61,109.98,110.10,109.70,109.30,109.12,108.99,109.17,108.57,108.71,108.71,109.60,109.83,109.91,110.14,110.18,110.14,110.11,110.24,110.02,109.83,109.49,109.46,109.32,109.37,109.54,109.18,109.10,109.05,109.18,109.27,109.23,109.22,109.03,109.13,109.22,109.24,109.38,109.60,109.47,109.41,109.23,109.03,109.56,109.24,109.18,109.21,109.20,109.18,109.87,112.86,109.98,108.68,108.82,108.61,108.38,108.22,108.46,108.23,108.38,108.39,108.35,108.32,108.42,108.53,108.57,108.59,108.77,108.98,109.09,109.65,109.77,109.78,110.37,110.65,111.22,111.91,111.95,112.14,112.30,112.67,113.12,113.64,113.38,113.85,113.98,114.16,114.70,114.81,115.58,115.72,115.64,115.61,115.64,115.39,115.51,115.72,117.71,117.62,117.64,117.68,117.89,117.96,117.95,117.99,118.14,118.59,118.86,118.79,118.93,119.16,119.34,119.31,119.28,119.40,119.78,119.87,119.92,120.33,120.30,120.40,120.54,120.55,120.71,,,,,,,,,,,,,,,,,,,,,,,,,,,,,,,,,,,,,,,,,,,,,,,,
Producto,0.00054352,11111313,DESAYUNO,100.13,100.85,100.63,100.15,100.28,101.08,101.08,101.38,101.38,101.80,101.77,101.82,102.36,102.36,103.44,102.67,102.67,102.81,103.56,103.50,103.39,103.57,102.90,102.39,102.84,102.84,102.87,102.71,102.91,103.79,103.21,103.21,103.24,103.16,103.00,103.08,103.10,103.42,103.61,103.61,103.65,103.65,103.76,103.98,104.00,103.95,103.39,103.03,103.05,102.39,102.39,102.31,102.42,102.50,102.50,102.50,102.59,102.50,102.65,102.65,102.95,102.53,102.95,102.95,102.80,101.71,103.85,103.68,104.67,104.67,106.94,105.71,105.63,106.31,106.32,106.32,107.39,105.59,105.34,103.78,104.13,104.92,104.73,105.25,109.03,109.29,109.52,110.13,109.86,109.92,111.07,110.50,111.66,112.07,112.09,112.16,112.69,112.93,114.24,114.45,114.56,115.21,115.38,115.92,116.95,116.84,116.67,116.67,116.21,116.15,116.00,117.18,117.39,117.66,118.31,118.38,118.31,118.42,118.65,119.36,119.12,118.76,119.17,119.01,119.31,119.31,119.58,119.58,119.56,119.56,120.42,120.44,120.53,120.64,120.03,120.03,119.12,118.93,,,,,,,,,,,,,,,,,,,,,,,,,,,,,,,,,,,,,,,,,,,,,,,,
Producto,0.048204076,11111314,ALMUERZO POPULAR,103.87,104.32,104.39,104.74,105.29,105.96,106.20,106.64,107.15,107.15,107.24,107.38,108.96,109.41,109.20,109.56,109.56,109.56,109.48,109.41,109.41,109.48,109.33,109.61,110.72,111.19,111.55,111.55,111.87,111.84,111.87,111.87,112.01,111.56,111.60,111.01,110.91,110.62,110.62,110.62,110.06,109.82,109.87,109.87,110.15,110.21,110.14,109.85,109.85,109.85,109.87,110.04,110.04,109.87,109.96,109.68,109.33,110.08,109.50,109.48,109.48,109.48,109.48,109.69,114.25,110.09,109.12,109.49,109.10,109.13,109.42,110.01,110.01,110.01,110.01,110.01,109.92,109.56,109.42,109.51,109.51,109.65,109.71,109.71,110.31,110.36,110.36,111.22,111.61,112.44,113.18,113.33,113.23,113.23,113.19,113.19,114.01,113.49,113.74,113.96,114.28,114.29,114.28,114.91,115.03,115.16,115.16,115.16,114.78,114.85,115.10,116.44,116.35,116.43,116.43,116.72,116.82,116.82,116.82,116.82,117.45,117.65,117.62,117.62,117.93,118.24,118.16,118.10,118.29,118.78,118.78,118.78,119.18,119.15,119.24,119.26,119.10,119.35,,,,,,,,,,,,,,,,,,,,,,,,,,,,,,,,,,,,,,,,,,,,,,,,
Producto,0.01436788,11111315,ALMUERZO EJECUTIVO ,101.23,102.32,108.44,108.44,108.43,107.35,109.32,109.32,109.32,109.32,109.27,110.06,110.59,110.83,113.97,114.84,115.09,112.16,110.62,110.16,109.83,110.21,107.68,107.68,103.76,107.03,106.93,106.93,106.93,107.37,107.39,107.41,107.36,107.84,106.50,106.50,106.48,106.34,106.47,107.23,107.25,107.25,106.94,106.98,106.78,106.79,106.78,106.78,106.89,107.46,107.45,107.45,108.69,108.41,107.90,107.90,107.90,108.02,108.21,108.02,107.85,107.72,107.72,107.72,107.91,107.54,105.21,104.99,105.03,103.53,101.50,100.73,99.17,100.02,99.87,99.77,99.82,101.48,102.35,101.98,102.12,102.30,102.90,103.15,103.55,103.67,103.75,103.63,103.67,103.64,104.40,103.60,104.68,105.18,106.72,108.76,107.86,108.08,109.44,109.44,109.37,112.05,112.31,113.85,113.92,112.41,112.43,112.43,112.52,112.52,112.62,116.54,115.87,115.86,115.82,115.82,115.74,115.74,115.74,116.35,116.51,117.15,116.76,117.30,117.37,117.17,117.18,116.93,116.93,117.20,117.47,117.46,117.93,117.60,117.69,118.20,118.51,118.51,,,,,,,,,,,,,,,,,,,,,,,,,,,,,,,,,,,,,,,,,,,,,,,,
Producto,0.005920828,11111316,COMIDA TRADICIONAL PREPARADA ,106.28,107.29,107.37,107.62,107.94,108.61,108.30,108.29,108.81,108.91,109.07,109.96,110.16,110.09,110.06,110.20,110.80,111.64,111.42,112.01,110.69,110.63,110.75,109.94,109.65,109.70,109.71,109.91,110.59,110.25,109.41,109.51,109.82,109.54,109.96,110.08,110.30,110.56,111.24,111.24,111.19,111.83,111.95,112.02,111.67,111.54,111.68,111.64,112.19,112.51,112.70,112.78,113.11,113.23,113.40,113.43,113.57,113.12,113.80,113.59,113.91,114.20,114.20,119.54,121.43,120.27,115.98,115.69,116.21,116.31,116.21,117.04,117.19,117.10,117.14,117.00,117.21,117.36,117.74,118.06,118.03,118.45,118.68,119.00,119.52,120.05,119.81,120.35,120.17,120.66,121.37,121.41,121.75,121.88,122.45,122.90,124.04,124.21,124.43,124.33,124.13,124.42,124.61,125.08,125.12,126.33,125.94,126.19,126.10,126.80,127.17,129.82,130.59,130.00,130.28,130.39,130.55,130.58,130.61,130.62,130.81,130.92,131.13,131.44,131.46,131.47,131.56,132.05,132.09,132.09,132.04,132.62,133.52,133.56,133.53,133.36,133.66,133.76,,,,,,,,,,,,,,,,,,,,,,,,,,,,,,,,,,,,,,,,,,,,,,,,
Producto,0.004269664,11111317,PLATOS PREPARADOS,102.08,102.03,101.18,101.21,100.53,101.01,101.01,101.35,101.13,101.10,100.86,101.15,101.81,101.84,102.58,102.30,102.80,102.89,102.36,101.31,101.38,102.21,101.55,101.76,102.64,102.40,103.00,104.49,103.33,103.23,103.70,102.58,103.09,103.25,103.10,103.60,103.65,104.44,104.10,104.44,103.96,104.43,103.80,105.53,105.20,104.38,104.77,104.71,105.37,104.88,104.90,104.92,104.44,105.00,104.45,104.35,104.31,105.69,104.67,104.70,105.47,105.16,104.82,106.89,105.91,104.48,105.06,104.56,104.08,104.55,104.64,103.56,104.75,104.61,104.91,105.25,105.25,105.17,105.14,105.29,105.15,105.49,105.71,106.10,106.57,106.91,107.03,107.26,107.60,107.92,108.91,109.50,109.68,110.51,111.07,111.11,111.43,111.54,111.78,111.57,111.82,111.92,111.75,112.22,112.39,112.64,112.70,112.82,112.78,113.03,112.71,114.22,114.45,114.70,114.89,115.02,115.06,114.68,115.06,115.26,115.80,115.53,115.73,116.10,116.23,116.31,116.33,116.33,116.48,116.79,116.99,117.04,117.03,117.26,117.40,117.68,117.82,117.80,,,,,,,,,,,,,,,,,,,,,,,,,,,,,,,,,,,,,,,,,,,,,,,,
Producto,0.001566352,11111318,COMIDA RÁPIDA,106.97,108.06,109.83,110.16,110.30,109.96,110.72,110.79,107.32,107.61,107.81,107.83,107.84,107.50,107.36,107.32,107.32,110.51,109.98,109.16,109.64,109.97,110.13,109.91,109.40,109.37,109.41,108.40,110.51,110.25,109.01,109.06,109.06,109.18,109.13,108.81,108.84,108.23,108.21,108.32,108.32,108.27,108.27,108.49,108.45,107.41,108.20,106.73,107.06,106.96,107.00,108.08,107.80,107.73,108.14,108.12,108.34,107.72,108.15,108.16,107.82,108.02,107.67,109.91,110.37,107.53,108.03,108.16,108.39,108.41,109.09,109.37,109.36,109.27,109.22,108.16,107.71,107.74,107.93,107.64,107.64,107.52,108.63,109.05,109.04,109.17,109.38,109.57,110.11,110.48,109.28,111.01,111.53,111.74,111.84,112.57,113.25,113.27,114.09,113.76,113.97,113.82,115.34,116.88,117.96,117.96,117.72,117.73,116.89,116.92,117.91,121.57,122.20,122.39,122.39,121.30,121.35,121.08,121.21,121.32,120.23,121.36,121.19,121.18,121.35,121.56,121.61,122.38,122.59,122.62,122.75,122.75,123.36,123.52,123.56,123.56,123.67,123.64,,,,,,,,,,,,,,,,,,,,,,,,,,,,,,,,,,,,,,,,,,,,,,,,
Producto,0.00239455,11111319,HAMBURGUESA Y SÁNDUCHE,101.10,101.23,101.72,101.83,102.39,102.63,103.28,103.49,103.76,103.81,105.02,105.81,105.71,105.58,105.91,105.84,105.81,105.66,105.15,104.72,105.10,105.53,105.20,105.71,106.43,106.45,106.26,106.28,106.34,106.68,106.57,107.00,106.97,106.71,106.84,106.89,107.35,107.39,107.37,107.56,107.91,107.93,107.93,108.41,108.48,108.49,108.01,108.78,108.82,108.57,108.40,108.48,108.49,108.10,107.72,107.76,107.72,108.08,108.08,107.97,108.22,108.23,108.51,108.48,109.07,109.07,109.37,109.49,109.46,109.23,109.73,110.06,109.51,109.65,110.12,110.02,110.15,110.76,111.14,112.16,112.31,112.50,112.71,112.66,113.20,113.37,113.63,114.13,114.19,114.18,114.19,114.96,114.80,115.03,116.18,116.72,118.27,118.38,118.60,118.90,118.75,118.91,119.93,119.79,119.93,120.54,120.63,120.80,120.54,120.73,120.88,122.70,122.83,122.95,123.12,124.23,124.54,124.83,125.19,125.87,125.84,126.36,126.08,126.07,126.21,126.75,126.81,126.69,126.53,126.68,127.28,127.40,127.18,128.14,128.81,129.67,130.18,130.13,,,,,,,,,,,,,,,,,,,,,,,,,,,,,,,,,,,,,,,,,,,,,,,,
Producto,0.000123941,11111320,BEBIDAS CALIENTES,111.83,112.16,112.16,112.16,114.79,114.79,114.79,116.54,116.54,116.54,115.19,115.19,115.41,115.41,115.19,115.19,116.34,118.75,119.55,120.23,120.23,120.28,120.49,120.49,120.49,120.16,119.71,120.33,120.33,120.43,121.90,123.04,123.09,124.29,124.32,124.32,124.45,124.48,124.48,125.07,124.09,124.01,123.41,122.97,125.44,125.66,125.66,125.66,125.66,126.59,125.55,125.55,125.37,125.37,125.26,125.26,127.36,127.36,127.36,127.36,127.36,127.36,127.36,127.80,127.80,128.25,128.17,128.12,127.97,129.09,127.54,128.20,128.17,128.06,128.07,127.58,127.81,128.03,128.47,128.47,128.23,127.46,127.33,128.98,129.58,129.58,129.26,129.78,129.93,129.97,132.82,133.55,133.55,133.25,133.03,133.62,135.70,135.47,136.12,139.25,139.17,140.83,140.83,140.83,141.49,141.54,141.76,141.76,141.76,143.35,142.66,146.24,146.08,146.09,146.09,146.45,146.45,148.02,148.14,148.14,148.07,148.94,149.58,149.58,150.42,150.42,150.87,150.96,151.21,151.21,152.12,152.39,152.94,152.45,152.25,153.49,157.09,157.42,,,,,,,,,,,,,,,,,,,,,,,,,,,,,,,,,,,,,,,,,,,,,,,,
Producto,0.000238278,11111321,POSTRES PREPARADOS,102.48,102.57,102.57,102.57,102.88,102.88,104.01,104.01,104.01,104.09,104.09,104.09,105.61,105.68,106.95,106.95,107.32,107.62,107.72,108.74,108.30,109.99,110.64,111.24,111.56,111.72,111.72,111.85,112.00,111.98,111.98,111.98,112.05,112.05,112.05,112.05,112.20,112.24,112.26,112.26,112.26,112.34,112.53,112.29,112.30,112.49,112.49,112.45,112.59,111.59,112.30,112.90,112.24,112.24,112.24,112.24,112.24,112.24,111.42,111.42,111.42,111.42,110.99,110.99,110.99,110.99,110.99,111.16,107.97,108.20,110.08,110.08,109.94,110.14,110.14,110.14,110.12,110.12,110.12,110.12,110.12,110.76,110.76,111.27,111.40,112.22,111.90,111.92,113.51,114.18,113.49,114.10,114.02,114.02,114.02,114.02,114.02,114.02,114.17,114.17,114.23,114.17,114.63,114.66,114.94,115.10,115.10,114.69,115.12,115.81,115.82,116.85,117.45,117.45,117.59,118.87,118.87,118.95,118.95,118.95,119.64,120.65,120.65,121.25,121.37,121.37,121.37,121.85,121.85,121.85,121.84,121.84,122.28,123.95,124.19,124.57,126.49,126.49,,,,,,,,,,,,,,,,,,,,,,,,,,,,,,,,,,,,,,,,,,,,,,,,
Grupo,0.002010173,112,Servicios de alojamiento,88.68,88.28,89.47,89.27,90.27,91.29,91.91,90.12,90.53,89.07,88.93,84.58,90.77,89.68,87.59,87.20,87.92,88.24,86.70,86.12,89.06,90.33,88.52,85.04,89.98,88.67,88.28,85.21,87.12,87.13,86.80,85.53,86.02,85.83,85.82,83.75,84.79,86.33,85.20,84.28,84.99,85.01,85.17,85.12,84.64,83.98,83.23,81.89,82.32,83.87,83.52,84.72,84.74,83.06,83.41,82.68,82.94,83.08,81.61,77.43,82.02,82.07,81.01,80.29,78.71,74.65,69.67,68.03,69.26,69.20,68.30,68.30,66.57,66.29,66.20,66.05,65.36,67.22,68.18,69.03,69.63,70.53,72.28,71.95,71.29,71.04,72.18,73.44,72.89,74.00,71.50,75.48,75.55,80.00,77.01,74.43,74.51,75.26,75.68,75.41,75.02,75.90,75.86,75.39,75.43,76.93,76.74,75.53,74.41,73.60,73.45,76.05,74.89,74.86,75.85,75.38,76.69,76.36,74.79,75.08,74.87,74.79,75.12,74.02,73.52,75.70,76.95,80.55,77.93,78.01,77.49,76.27,75.96,75.34,75.59,77.17,77.70,78.87,,,,,,,,,,,,,,,,,,,,,,,,,,,,,,,,,,,,,,,,,,,,,,,,
Clase,0.002010173,1121,Servicios de alojamiento (S),88.68,88.28,89.47,89.27,90.27,91.29,91.91,90.12,90.53,89.07,88.93,84.58,90.77,89.68,87.59,87.20,87.92,88.24,86.70,86.12,89.06,90.33,88.52,85.04,89.98,88.67,88.28,85.21,87.12,87.13,86.80,85.53,86.02,85.83,85.82,83.75,84.79,86.33,85.20,84.28,84.99,85.01,85.17,85.12,84.64,83.98,83.23,81.89,82.32,83.87,83.52,84.72,84.74,83.06,83.41,82.68,82.94,83.08,81.61,77.43,82.02,82.07,81.01,80.29,78.71,74.65,69.67,68.03,69.26,69.20,68.30,68.30,66.57,66.29,66.20,66.05,65.36,67.22,68.18,69.03,69.63,70.53,72.28,71.95,71.29,71.04,72.18,73.44,72.89,74.00,71.50,75.48,75.55,80.00,77.01,74.43,74.51,75.26,75.68,75.41,75.02,75.90,75.86,75.39,75.43,76.93,76.74,75.53,74.41,73.60,73.45,76.05,74.89,74.86,75.85,75.38,76.69,76.36,74.79,75.08,74.87,74.79,75.12,74.02,73.52,75.70,76.95,80.55,77.93,78.01,77.49,76.27,75.96,75.34,75.59,77.17,77.70,78.87,,,,,,,,,,,,,,,,,,,,,,,,,,,,,,,,,,,,,,,,,,,,,,,,
Subclase,0.002010173,11211,Servicios de alojamiento,88.68,88.28,89.47,89.27,90.27,91.29,91.91,90.12,90.53,89.07,88.93,84.58,90.77,89.68,87.59,87.20,87.92,88.24,86.70,86.12,89.06,90.33,88.52,85.04,89.98,88.67,88.28,85.21,87.12,87.13,86.80,85.53,86.02,85.83,85.82,83.75,84.79,86.33,85.20,84.28,84.99,85.01,85.17,85.12,84.64,83.98,83.23,81.89,82.32,83.87,83.52,84.72,84.74,83.06,83.41,82.68,82.94,83.08,81.61,77.43,82.02,82.07,81.01,80.29,78.71,74.65,69.67,68.03,69.26,69.20,68.30,68.30,66.57,66.29,66.20,66.05,65.36,67.22,68.18,69.03,69.63,70.53,72.28,71.95,71.29,71.04,72.18,73.44,72.89,74.00,71.50,75.48,75.55,80.00,77.01,74.43,74.51,75.26,75.68,75.41,75.02,75.90,75.86,75.39,75.43,76.93,76.74,75.53,74.41,73.60,73.45,76.05,74.89,74.86,75.85,75.38,76.69,76.36,74.79,75.08,74.87,74.79,75.12,74.02,73.52,75.70,76.95,80.55,77.93,78.01,77.49,76.27,75.96,75.34,75.59,77.17,77.70,78.87,,,,,,,,,,,,,,,,,,,,,,,,,,,,,,,,,,,,,,,,,,,,,,,,
Producto,0.001486692,11211322,ALOJAMIENTO EN HOTELES,84.03,83.28,84.44,84.17,85.36,87.34,88.18,85.32,85.87,83.89,83.67,77.79,86.24,84.72,81.32,80.75,81.77,82.39,80.90,80.12,84.56,85.68,83.09,77.85,84.88,82.96,82.71,78.28,80.76,80.88,80.69,78.90,79.76,79.35,79.06,76.37,77.88,79.96,78.34,77.34,78.29,78.32,78.24,78.62,77.98,77.08,75.75,73.84,74.82,77.20,76.46,78.01,77.89,75.62,76.17,75.18,75.66,76.38,74.51,68.67,74.87,74.67,73.25,72.37,70.68,65.80,59.39,57.13,59.04,58.85,57.73,57.61,55.42,55.16,55.15,54.96,54.12,56.63,57.69,58.84,59.21,60.10,62.53,62.52,61.37,61.28,62.78,64.36,63.61,65.50,62.53,67.48,67.84,73.72,69.32,65.90,65.96,66.92,67.38,66.95,66.48,67.84,67.57,66.89,66.94,68.87,68.70,67.10,65.63,64.36,64.10,67.28,66.05,65.87,67.23,66.54,68.31,67.93,65.94,66.49,66.20,65.95,66.27,65.14,64.34,67.09,68.57,73.50,69.93,69.95,69.22,67.65,67.09,66.20,66.36,68.62,69.11,70.69,,,,,,,,,,,,,,,,,,,,,,,,,,,,,,,,,,,,,,,,,,,,,,,,
Producto,0.00052348,11211323,ALOJAMIENTO EN HOSTALES,101.89,102.50,103.76,103.76,104.22,102.50,102.50,103.76,103.76,103.76,103.86,103.86,103.65,103.75,105.40,105.51,105.40,104.84,103.17,103.17,101.83,103.51,103.94,105.46,104.46,104.90,104.07,104.90,105.16,104.87,104.16,104.37,103.78,104.21,105.04,104.72,104.40,104.42,104.70,103.97,104.00,104.00,104.88,103.56,103.56,103.56,104.46,104.76,103.60,102.81,103.57,103.77,104.19,104.19,103.98,103.98,103.60,102.11,101.75,102.31,102.31,103.06,103.06,102.75,101.53,99.78,98.88,98.99,98.28,98.59,98.32,98.64,98.25,97.88,97.60,97.56,97.29,97.29,97.97,97.97,99.23,100.14,99.95,98.73,99.47,98.79,98.89,99.24,99.26,98.15,97.00,98.21,97.44,97.84,98.85,98.67,98.77,98.97,99.26,99.45,99.25,98.80,99.39,99.55,99.55,99.83,99.58,99.48,99.33,99.86,100.00,100.93,100.02,100.39,100.34,100.50,100.50,100.28,99.95,99.46,99.50,99.90,100.27,99.24,99.57,100.16,100.77,100.59,100.66,100.90,100.95,100.74,101.13,101.30,101.81,101.45,102.08,102.08,,,,,,,,,,,,,,,,,,,,,,,,,,,,,,,,,,,,,,,,,,,,,,,,
División,0.098640264,12,Bienes y servicios diversos,102.06,103.59,104.04,104.40,104.24,104.26,104.33,103.85,104.45,104.63,105.17,105.24,105.97,106.11,105.79,106.26,106.34,107.35,107.77,108.27,108.48,108.73,108.70,108.88,108.35,107.66,107.70,107.67,107.18,105.94,106.54,106.63,105.65,105.82,105.90,105.72,107.07,107.59,107.82,107.77,107.92,107.99,107.83,107.51,107.38,107.45,107.19,107.61,107.34,107.18,106.98,107.05,106.81,106.66,106.53,106.78,106.75,106.53,106.19,106.38,106.29,106.24,106.52,107.23,106.87,106.60,105.88,105.84,105.53,104.30,104.13,104.66,104.82,104.52,104.01,104.58,104.69,104.10,104.79,105.21,105.02,104.95,104.84,105.41,105.98,105.62,106.07,107.05,107.58,107.42,108.21,108.83,108.89,109.08,109.47,110.04,109.99,110.20,109.70,110.37,110.46,110.67,110.94,110.52,110.90,111.14,110.55,110.70,111.41,110.57,111.28,113.09,112.86,112.81,113.14,113.76,113.47,113.45,113.50,114.27,114.52,114.72,114.92,114.84,114.58,114.83,115.08,115.58,115.68,115.29,115.67,115.88,117.44,116.54,116.96,117.53,118.58,118.72,,,,,,,,,,,,,,,,,,,,,,,,,,,,,,,,,,,,,,,,,,,,,,,,
Grupo,0.058370117,121,Cuidado personal,102.30,103.52,104.31,104.84,104.61,104.62,104.77,103.94,104.84,105.22,106.19,106.46,107.08,107.29,106.81,107.43,107.68,109.28,109.96,110.36,110.59,110.86,110.96,111.60,111.32,110.15,110.68,110.49,109.73,107.90,108.71,108.87,107.27,107.48,107.60,107.28,106.18,106.52,106.41,106.10,106.41,106.59,106.45,105.96,105.89,106.03,105.64,106.33,105.96,105.83,105.75,105.94,105.58,105.55,105.32,105.80,105.78,105.45,105.35,105.84,105.77,105.39,105.85,107.09,106.48,106.11,104.76,104.71,103.92,103.77,103.45,104.24,104.00,103.44,102.53,103.54,103.71,102.82,103.93,104.31,103.74,103.75,103.20,104.28,105.11,104.33,104.76,106.47,107.26,106.55,107.77,108.69,108.46,108.76,109.42,110.07,109.67,109.90,109.09,110.15,110.30,110.65,111.04,110.64,111.38,111.81,110.73,111.00,111.89,110.43,111.56,114.18,113.90,113.93,114.23,115.37,115.05,114.83,114.89,116.16,115.96,116.19,116.53,116.25,115.78,116.14,116.43,117.12,117.19,116.38,116.95,117.04,119.68,117.59,118.33,118.75,120.51,120.64,,,,,,,,,,,,,,,,,,,,,,,,,,,,,,,,,,,,,,,,,,,,,,,,
Clase,0.009194461,1211,Salones de peluquería y establecimientos de cuidados personales (S),102.06,102.19,103.86,104.00,104.18,104.32,104.47,104.33,104.68,104.58,104.66,105.15,106.25,106.36,106.46,107.79,107.97,107.81,108.44,108.63,108.99,109.28,109.25,110.81,111.16,111.10,110.75,110.88,110.99,110.98,111.35,111.51,111.50,111.45,111.42,111.57,112.01,112.52,112.61,112.82,112.55,113.37,113.63,113.71,112.87,112.84,113.21,112.83,113.12,112.98,112.06,112.27,112.67,112.67,112.78,112.90,112.92,112.77,112.83,112.82,112.93,112.93,112.89,112.89,112.53,113.32,112.84,112.97,113.10,112.75,113.04,113.42,113.22,113.02,113.12,113.22,113.54,113.27,113.67,113.85,113.90,114.37,114.42,114.26,114.89,114.57,114.93,114.79,114.95,115.13,115.21,115.59,115.81,115.92,116.37,116.95,117.66,118.91,118.97,118.15,118.04,118.02,118.72,118.67,119.15,119.65,119.58,119.58,119.62,119.62,119.98,121.08,120.84,120.87,120.42,120.85,120.99,120.76,120.71,121.77,122.04,122.47,123.05,123.24,123.51,124.40,124.91,125.55,125.64,125.96,127.85,127.79,129.23,129.89,131.82,131.83,132.35,132.58,,,,,,,,,,,,,,,,,,,,,,,,,,,,,,,,,,,,,,,,,,,,,,,,
Subclase,0.009194461,12111,Salones de peluquería y establecimientos de cuidados personales,102.06,102.19,103.86,104.00,104.18,104.32,104.47,104.33,104.68,104.58,104.66,105.15,106.25,106.36,106.46,107.79,107.97,107.81,108.44,108.63,108.99,109.28,109.25,110.81,111.16,111.10,110.75,110.88,110.99,110.98,111.35,111.51,111.50,111.45,111.42,111.57,112.01,112.52,112.61,112.82,112.55,113.37,113.63,113.71,112.87,112.84,113.21,112.83,113.12,112.98,112.06,112.27,112.67,112.67,112.78,112.90,112.92,112.77,112.83,112.82,112.93,112.93,112.89,112.89,112.53,113.32,112.84,112.97,113.10,112.75,113.04,113.42,113.22,113.02,113.12,113.22,113.54,113.27,113.67,113.85,113.90,114.37,114.42,114.26,114.89,114.57,114.93,114.79,114.95,115.13,115.21,115.59,115.81,115.92,116.37,116.95,117.66,118.91,118.97,118.15,118.04,118.02,118.72,118.67,119.15,119.65,119.58,119.58,119.62,119.62,119.98,121.08,120.84,120.87,120.42,120.85,120.99,120.76,120.71,121.77,122.04,122.47,123.05,123.24,123.51,124.40,124.91,125.55,125.64,125.96,127.85,127.79,129.23,129.89,131.82,131.83,132.35,132.58,,,,,,,,,,,,,,,,,,,,,,,,,,,,,,,,,,,,,,,,,,,,,,,,
Producto,0.000950944,12111324,LAVADO Y CEPILLADO DE CABELLO PARA MUJER,98.92,97.90,98.21,97.62,97.71,97.71,98.70,97.77,97.77,97.73,96.54,96.54,96.31,96.26,96.26,96.15,96.15,95.98,96.95,97.45,97.92,98.34,98.49,99.51,100.03,97.49,96.77,97.38,96.85,97.79,98.15,97.73,97.66,97.56,97.56,97.56,97.73,98.61,98.61,98.84,98.84,99.30,99.43,99.43,99.09,99.09,98.95,99.39,97.65,97.75,96.92,96.79,96.31,96.06,96.06,95.86,95.86,95.60,95.83,95.75,95.95,96.93,96.50,96.50,96.40,97.38,96.37,96.21,96.21,95.49,97.82,97.82,97.74,97.74,95.75,96.19,95.53,96.74,98.11,98.95,98.82,98.71,98.71,98.09,99.99,98.79,98.79,98.86,98.86,99.24,99.38,100.03,100.35,100.35,99.29,101.42,101.86,102.30,102.15,100.65,100.58,100.58,102.53,105.00,104.07,103.97,103.97,103.97,103.83,103.50,103.68,104.39,103.70,103.66,103.66,104.79,104.64,104.64,104.75,106.09,106.09,107.02,107.32,107.09,107.61,109.50,111.14,111.29,111.29,111.35,114.07,113.12,113.34,113.34,115.75,115.98,116.19,116.19,,,,,,,,,,,,,,,,,,,,,,,,,,,,,,,,,,,,,,,,,,,,,,,,
Producto,0.004825923,12111325,CORTE DE CABELLO,101.51,101.41,104.39,104.58,104.83,105.36,105.46,105.21,105.88,105.61,106.18,107.13,108.30,108.40,108.66,109.88,109.77,109.85,110.00,110.17,110.78,111.53,111.45,113.04,112.76,113.03,112.97,113.02,113.33,113.21,113.37,113.62,113.39,113.39,113.39,113.39,113.84,114.17,114.34,114.73,114.21,115.41,115.74,115.90,115.97,115.65,115.62,115.18,115.90,115.62,114.38,114.58,115.48,115.54,115.72,115.72,115.75,115.55,115.61,115.61,115.75,115.85,115.85,115.85,115.21,116.37,116.23,116.88,117.02,116.57,116.62,117.34,116.61,115.91,116.00,116.42,116.42,116.18,116.27,116.28,116.36,117.05,117.05,117.05,117.80,117.88,118.26,118.26,118.48,118.48,118.55,119.13,118.97,119.78,119.91,120.28,120.94,122.21,122.35,121.41,121.82,121.98,122.18,122.18,122.18,122.72,123.18,123.18,123.30,123.61,124.01,125.25,125.33,125.40,124.99,125.29,125.19,125.31,125.26,126.34,126.76,126.88,127.14,127.40,127.81,128.98,129.64,130.68,130.73,131.06,132.96,133.02,135.24,135.94,136.12,135.98,137.12,137.26,,,,,,,,,,,,,,,,,,,,,,,,,,,,,,,,,,,,,,,,,,,,,,,,
Producto,0.001438249,12111326,MANICURE,108.80,109.17,109.17,109.26,109.48,109.75,109.75,110.32,110.32,110.15,110.15,109.47,110.78,111.16,111.06,111.76,113.53,113.39,116.14,116.26,116.26,115.00,115.10,116.90,119.27,119.43,119.13,119.39,119.51,119.46,120.95,121.23,121.12,121.12,120.93,120.93,122.20,122.61,122.61,121.46,121.46,121.46,121.38,121.39,116.00,116.00,119.12,119.12,119.28,119.28,119.37,119.37,118.87,118.87,118.87,118.78,118.90,119.02,119.02,119.02,119.02,119.02,119.02,119.02,119.02,119.63,118.82,118.82,119.28,119.28,119.16,119.16,119.25,119.25,119.25,119.37,120.12,120.12,120.12,120.75,120.75,120.75,120.75,122.69,122.90,120.82,120.82,121.07,121.07,121.78,122.24,122.24,122.24,122.24,122.24,122.24,122.84,124.26,124.26,124.17,124.17,124.17,126.75,124.78,125.91,127.91,127.91,127.91,127.41,127.75,127.75,129.00,129.11,129.11,129.11,129.38,131.12,129.29,129.29,129.29,130.08,130.08,131.44,131.24,131.24,131.24,131.24,131.24,131.24,131.81,132.77,132.77,133.58,133.58,138.19,138.19,138.39,138.50,,,,,,,,,,,,,,,,,,,,,,,,,,,,,,,,,,,,,,,,,,,,,,,,
Producto,0.001979346,12111327,TRATAMIENTOS PARA EL CABELLO,99.99,101.08,101.42,101.80,101.84,100.99,100.99,100.99,100.99,101.31,100.86,101.31,102.74,102.74,102.64,105.41,105.22,104.48,104.56,104.68,104.68,104.91,104.80,106.37,106.71,106.89,105.96,105.96,105.88,105.71,105.82,105.92,106.57,106.36,106.36,107.05,106.99,107.88,107.88,108.60,108.60,109.27,109.66,109.66,109.66,110.29,109.90,108.96,109.28,109.28,108.35,108.94,109.15,109.14,109.25,109.93,109.87,109.72,109.72,109.72,109.79,109.09,109.09,109.09,109.02,108.97,108.15,107.24,107.19,106.98,107.19,107.19,108.00,108.79,109.99,109.15,110.38,109.14,110.12,110.08,110.18,110.71,110.95,109.12,109.12,109.53,110.30,109.42,109.59,109.75,109.58,109.58,110.86,109.40,111.67,112.44,113.48,114.96,114.96,114.24,112.76,112.30,112.24,112.24,114.08,113.70,112.23,112.23,112.57,111.73,112.31,113.20,112.12,112.12,111.04,111.54,111.21,111.21,111.06,112.73,112.34,113.60,114.57,115.06,115.06,115.42,115.42,115.77,116.07,116.30,118.46,118.46,119.04,120.42,124.43,124.69,124.09,124.75,,,,,,,,,,,,,,,,,,,,,,,,,,,,,,,,,,,,,,,,,,,,,,,,
Clase,0.000173319,1212,Aparatos eléctricos para el cuidado personal (D),100.90,100.17,100.01,100.09,101.06,101.36,101.10,101.18,101.49,101.38,101.38,99.39,100.75,102.00,102.00,102.14,103.22,104.78,104.87,104.17,103.96,103.96,103.86,103.82,104.07,104.38,104.24,104.78,106.13,100.36,94.66,95.06,94.76,93.72,94.32,93.66,93.82,93.67,93.15,92.99,92.71,92.67,92.53,92.54,92.63,92.67,92.67,92.55,92.13,91.99,92.08,91.99,89.97,89.25,88.92,88.00,88.38,89.20,89.02,89.48,89.61,88.11,87.98,89.14,87.45,86.56,87.13,86.88,86.78,85.48,85.52,84.92,85.64,84.81,84.75,84.67,84.65,84.52,83.97,83.97,82.93,83.16,83.54,83.67,85.48,82.53,82.32,82.34,83.09,82.43,82.77,82.64,82.47,82.49,82.26,81.83,81.89,81.87,81.93,82.36,82.01,81.90,81.90,81.90,81.59,82.31,81.67,80.40,78.14,78.17,79.20,81.33,81.61,81.22,82.03,83.06,81.86,82.22,82.14,82.25,82.35,82.36,82.33,82.36,81.96,82.17,81.66,81.15,80.63,80.31,80.24,81.04,80.99,80.93,80.80,79.47,79.71,80.13,,,,,,,,,,,,,,,,,,,,,,,,,,,,,,,,,,,,,,,,,,,,,,,,
Subclase,0.000173319,12121,Aparatos eléctricos para el cuidado personal,100.90,100.17,100.01,100.09,101.06,101.36,101.10,101.18,101.49,101.38,101.38,99.39,100.75,102.00,102.00,102.14,103.22,104.78,104.87,104.17,103.96,103.96,103.86,103.82,104.07,104.38,104.24,104.78,106.13,100.36,94.66,95.06,94.76,93.72,94.32,93.66,93.82,93.67,93.15,92.99,92.71,92.67,92.53,92.54,92.63,92.67,92.67,92.55,92.13,91.99,92.08,91.99,89.97,89.25,88.92,88.00,88.38,89.20,89.02,89.48,89.61,88.11,87.98,89.14,87.45,86.56,87.13,86.88,86.78,85.48,85.52,84.92,85.64,84.81,84.75,84.67,84.65,84.52,83.97,83.97,82.93,83.16,83.54,83.67,85.48,82.53,82.32,82.34,83.09,82.43,82.77,82.64,82.47,82.49,82.26,81.83,81.89,81.87,81.93,82.36,82.01,81.90,81.90,81.90,81.59,82.31,81.67,80.40,78.14,78.17,79.20,81.33,81.61,81.22,82.03,83.06,81.86,82.22,82.14,82.25,82.35,82.36,82.33,82.36,81.96,82.17,81.66,81.15,80.63,80.31,80.24,81.04,80.99,80.93,80.80,79.47,79.71,80.13,,,,,,,,,,,,,,,,,,,,,,,,,,,,,,,,,,,,,,,,,,,,,,,,
Producto,0.000173319,12121328,PLANCHA PARA EL CABELLO,100.90,100.17,100.01,100.09,101.06,101.36,101.10,101.18,101.49,101.38,101.38,99.39,100.75,102.00,102.00,102.14,103.22,104.78,104.87,104.17,103.96,103.96,103.86,103.82,104.07,104.38,104.24,104.78,106.13,100.36,94.66,95.06,94.76,93.72,94.32,93.66,93.82,93.67,93.15,92.99,92.71,92.67,92.53,92.54,92.63,92.67,92.67,92.55,92.13,91.99,92.08,91.99,89.97,89.25,88.92,88.00,88.38,89.20,89.02,89.48,89.61,88.11,87.98,89.14,87.45,86.56,87.13,86.88,86.78,85.48,85.52,84.92,85.64,84.81,84.75,84.67,84.65,84.52,83.97,83.97,82.93,83.16,83.54,83.67,85.48,82.53,82.32,82.34,83.09,82.43,82.77,82.64,82.47,82.49,82.26,81.83,81.89,81.87,81.93,82.36,82.01,81.90,81.90,81.90,81.59,82.31,81.67,80.40,78.14,78.17,79.20,81.33,81.61,81.22,82.03,83.06,81.86,82.22,82.14,82.25,82.35,82.36,82.33,82.36,81.96,82.17,81.66,81.15,80.63,80.31,80.24,81.04,80.99,80.93,80.80,79.47,79.71,80.13,,,,,,,,,,,,,,,,,,,,,,,,,,,,,,,,,,,,,,,,,,,,,,,,
Clase,0.049002337,1213,"Otros aparatos, artículos y productos para la atención personal (ND)",102.35,103.78,104.41,105.01,104.70,104.69,104.84,103.88,104.88,105.36,106.49,106.73,107.25,107.48,106.90,107.38,107.64,109.57,110.27,110.71,110.91,111.18,111.31,111.78,111.38,109.99,110.69,110.44,109.50,107.35,108.26,108.42,106.52,106.78,106.93,106.53,105.13,105.44,105.29,104.89,105.30,105.37,105.16,104.55,104.63,104.80,104.27,105.16,104.66,104.53,104.61,104.81,104.31,104.27,103.97,104.53,104.51,104.13,104.01,104.59,104.48,104.04,104.59,106.06,105.41,104.83,103.31,103.23,102.26,102.16,101.72,102.58,102.34,101.71,100.61,101.78,101.94,100.92,102.18,102.59,101.91,101.83,101.16,102.48,103.34,102.49,102.93,105.00,105.90,105.02,106.46,107.49,107.17,107.52,108.21,108.88,108.27,108.31,107.33,108.75,108.94,109.36,109.70,109.24,110.03,110.45,109.18,109.50,110.56,108.83,110.09,113.00,112.71,112.74,113.19,114.45,114.05,113.83,113.92,115.23,114.94,115.13,115.43,115.06,114.45,114.71,114.97,115.67,115.73,114.71,115.03,115.15,118.02,115.41,115.93,116.43,118.44,118.54,,,,,,,,,,,,,,,,,,,,,,,,,,,,,,,,,,,,,,,,,,,,,,,,
Subclase,0.049002337,12131,Aparatos no eléctricos y artículos para la atención personal,102.35,103.78,104.41,105.01,104.70,104.69,104.84,103.88,104.88,105.36,106.49,106.73,107.25,107.48,106.90,107.38,107.64,109.57,110.27,110.71,110.91,111.18,111.31,111.78,111.38,109.99,110.69,110.44,109.50,107.35,108.26,108.42,106.52,106.78,106.93,106.53,105.13,105.44,105.29,104.89,105.30,105.37,105.16,104.55,104.63,104.80,104.27,105.16,104.66,104.53,104.61,104.81,104.31,104.27,103.97,104.53,104.51,104.13,104.01,104.59,104.48,104.04,104.59,106.06,105.41,104.83,103.31,103.23,102.26,102.16,101.72,102.58,102.34,101.71,100.61,101.78,101.94,100.92,102.18,102.59,101.91,101.83,101.16,102.48,103.34,102.49,102.93,105.00,105.90,105.02,106.46,107.49,107.17,107.52,108.21,108.88,108.27,108.31,107.33,108.75,108.94,109.36,109.70,109.24,110.03,110.45,109.18,109.50,110.56,108.83,110.09,113.00,112.71,112.74,113.19,114.45,114.05,113.83,113.92,115.23,114.94,115.13,115.43,115.06,114.45,114.71,114.97,115.67,115.73,114.71,115.03,115.15,118.02,115.41,115.93,116.43,118.44,118.54,,,,,,,,,,,,,,,,,,,,,,,,,,,,,,,,,,,,,,,,,,,,,,,,
Producto,0.000243942,12131329,ACEITE PARA BEBÉ,109.42,110.98,110.15,111.00,111.28,110.34,107.40,107.15,107.89,106.58,109.46,109.09,109.12,109.38,109.33,109.48,109.51,111.40,110.68,111.32,111.53,111.52,111.53,111.58,111.53,111.69,116.75,116.02,116.34,104.54,104.75,108.66,100.63,104.70,115.07,114.09,101.81,113.71,114.52,114.66,113.26,113.31,113.76,113.17,114.76,115.10,114.78,112.32,114.41,114.27,112.97,115.28,115.38,112.34,113.54,114.02,115.53,115.90,111.23,115.62,116.34,114.60,114.51,117.91,117.54,111.79,117.77,113.49,115.24,114.58,113.91,114.76,114.77,118.03,115.40,116.51,117.98,109.82,117.29,116.49,116.60,109.60,116.65,114.04,112.89,122.76,119.96,116.30,123.54,117.03,123.79,123.01,120.73,126.10,124.42,126.18,128.28,127.44,126.34,114.49,124.97,123.24,125.40,116.53,119.57,119.38,123.12,127.47,131.18,126.17,127.84,125.67,126.15,126.50,124.64,126.22,124.22,126.41,125.96,126.92,130.45,128.61,134.22,127.45,134.51,134.18,138.16,138.89,135.56,133.06,135.26,132.66,137.71,135.56,133.80,134.41,142.14,142.18,,,,,,,,,,,,,,,,,,,,,,,,,,,,,,,,,,,,,,,,,,,,,,,,
Producto,0.001233413,12131330,ACONDICIONADOR PARA EL CABELLO,101.36,102.19,104.18,105.08,106.40,105.42,106.16,107.31,108.34,109.52,109.43,110.86,110.95,111.06,111.30,111.57,113.57,118.26,118.65,118.82,118.00,118.76,118.79,118.76,118.73,118.59,118.53,117.19,106.67,99.43,98.00,98.54,98.38,91.74,98.00,95.18,95.13,95.13,93.97,93.67,90.16,91.38,93.12,92.86,91.72,93.39,85.82,94.67,94.41,93.82,86.03,95.11,91.52,96.04,95.92,94.56,94.88,94.14,92.00,94.92,94.50,94.02,95.94,96.11,95.57,95.99,91.99,95.80,96.51,93.55,95.64,95.12,94.73,96.59,92.90,93.98,94.95,96.17,98.53,94.76,88.98,97.83,96.18,98.04,98.01,98.32,102.45,99.76,105.25,94.80,97.53,104.32,99.55,105.10,106.04,103.75,105.92,106.84,106.67,106.68,106.48,105.50,106.81,106.85,106.82,106.93,108.34,108.85,108.24,110.14,109.97,112.14,111.38,111.42,112.21,114.04,111.87,112.19,107.46,110.20,105.57,109.63,107.97,106.89,106.54,100.97,106.22,106.21,103.09,106.59,106.09,102.91,106.42,103.74,101.92,102.87,101.44,109.26,,,,,,,,,,,,,,,,,,,,,,,,,,,,,,,,,,,,,,,,,,,,,,,,
Producto,0.001603144,12131331,COSMÉTICOS,101.39,101.53,101.64,101.49,101.42,101.61,101.96,102.38,102.46,102.86,102.16,102.37,102.94,102.92,103.27,103.81,103.79,105.37,105.74,105.75,105.88,105.74,103.83,105.63,106.33,104.06,104.01,104.62,106.20,104.56,103.07,101.17,103.20,104.24,104.58,102.13,105.19,105.06,104.08,105.71,105.02,103.84,104.77,104.84,104.65,104.02,104.01,103.20,103.94,104.52,104.05,104.43,105.18,104.68,104.67,104.81,104.73,105.84,105.42,106.04,105.92,105.97,106.01,106.82,107.07,105.99,106.41,106.47,106.34,105.57,105.56,105.41,106.14,106.32,106.42,106.20,105.80,106.63,106.64,106.45,106.36,105.70,104.81,105.26,106.06,106.35,106.23,103.27,103.95,104.76,104.79,105.08,105.08,105.51,105.84,106.15,107.14,107.50,107.58,107.29,106.75,106.94,107.07,106.00,105.87,106.09,106.03,106.44,107.06,106.74,105.86,108.54,109.32,108.82,109.46,109.60,109.29,109.09,108.49,108.99,109.52,109.24,108.61,109.08,109.82,110.05,110.13,110.83,110.67,110.23,108.91,107.97,109.78,110.62,109.88,111.56,112.83,113.76,,,,,,,,,,,,,,,,,,,,,,,,,,,,,,,,,,,,,,,,,,,,,,,,
Producto,0.001720025,12131332,PROTECTOR SOLAR,107.80,111.22,113.68,113.57,112.29,111.72,111.86,111.24,111.32,108.91,112.51,113.43,115.94,115.70,115.94,114.90,116.29,118.80,118.75,118.67,118.65,118.62,118.82,118.46,116.96,117.50,119.85,119.41,119.49,104.54,106.62,116.02,110.93,118.43,110.24,117.97,107.62,114.38,117.62,117.46,115.60,120.23,117.84,104.71,100.66,100.26,100.32,103.49,102.66,97.37,101.46,100.25,99.46,97.00,98.89,95.05,95.89,99.35,98.27,94.31,93.49,82.31,92.80,96.40,95.80,95.58,95.75,95.93,96.06,96.15,96.43,96.37,94.27,90.74,91.39,88.45,88.14,92.10,90.14,89.44,91.07,92.43,85.80,92.58,84.51,86.59,86.86,89.35,94.56,94.84,94.85,90.60,93.34,97.07,99.19,103.90,98.21,96.16,90.65,104.85,111.42,111.76,104.34,107.22,111.51,111.97,112.82,112.30,113.22,98.69,99.81,114.29,117.86,119.26,114.20,112.10,113.16,119.42,118.07,118.36,118.42,112.76,115.38,109.14,115.29,124.54,113.14,107.70,118.37,118.84,121.36,123.83,123.64,118.13,120.73,124.01,125.12,125.44,,,,,,,,,,,,,,,,,,,,,,,,,,,,,,,,,,,,,,,,,,,,,,,,
Producto,0.002499479,12131333,CEPILLO DE DIENTES,95.74,96.11,98.86,98.99,99.00,99.00,99.92,99.92,101.73,107.14,110.71,110.15,111.09,111.92,111.21,112.30,110.31,112.67,112.79,112.80,112.74,112.75,112.79,113.55,116.36,112.23,112.13,116.10,116.42,115.04,115.53,115.73,115.47,115.23,114.72,113.83,115.20,114.63,114.74,114.74,114.40,115.80,115.39,115.96,113.06,115.02,111.39,114.47,115.08,117.67,118.70,118.71,118.71,119.89,117.40,119.68,116.68,118.98,116.38,117.19,119.91,117.45,119.19,119.95,122.31,118.89,120.85,121.97,118.75,118.78,118.25,118.44,119.45,116.67,118.51,117.60,117.61,115.82,120.46,119.51,117.44,124.32,125.04,126.57,126.42,125.55,122.13,123.30,127.90,125.86,129.34,130.91,132.47,127.54,127.49,126.66,127.24,125.56,124.47,129.26,129.32,123.71,127.29,124.60,120.39,123.30,127.55,126.88,125.67,126.63,125.25,136.05,132.15,132.15,128.72,131.44,124.88,128.71,127.12,130.38,125.03,131.74,127.83,129.34,127.65,129.28,127.40,128.87,126.60,131.52,132.61,129.53,130.49,123.76,124.91,131.52,129.59,133.57,,,,,,,,,,,,,,,,,,,,,,,,,,,,,,,,,,,,,,,,,,,,,,,,
Producto,0.002354339,12131334,CREMAS PARA LA PIEL,104.12,107.31,108.01,107.83,107.43,108.31,109.00,109.02,108.91,105.22,107.78,108.93,112.31,114.94,115.23,115.63,117.80,119.98,117.93,117.38,119.76,119.89,124.05,124.11,124.31,118.11,123.76,118.84,115.49,109.57,122.94,124.84,118.46,116.35,121.59,122.69,106.27,114.70,116.68,117.42,121.73,121.81,119.74,117.31,121.85,121.43,121.73,117.20,117.40,117.25,117.92,121.02,113.69,116.79,115.48,118.61,120.62,111.24,114.36,111.14,118.82,119.32,118.03,123.41,121.22,121.24,123.22,123.59,119.93,118.49,117.75,124.54,125.75,124.05,113.22,122.19,110.83,123.47,125.03,123.58,122.25,118.18,117.50,122.99,124.28,112.94,118.09,123.44,116.23,121.77,122.21,124.70,121.20,132.26,130.56,135.75,137.66,134.51,129.81,135.97,126.66,135.61,137.46,128.36,139.83,142.16,134.77,145.53,145.72,138.73,142.82,140.87,135.43,142.89,143.33,143.50,143.06,145.54,148.49,148.64,145.26,144.80,147.31,148.23,131.89,147.97,150.71,152.69,152.22,152.27,149.76,151.90,152.33,152.62,152.68,154.17,155.56,156.52,,,,,,,,,,,,,,,,,,,,,,,,,,,,,,,,,,,,,,,,,,,,,,,,
Producto,0.001011995,12131335,GEL Y FIJADOR DE CABELLO,99.91,99.93,102.74,103.20,104.04,104.21,104.20,102.47,102.62,102.35,103.19,103.04,102.12,103.35,102.82,102.70,103.09,104.10,104.01,103.64,103.67,103.51,103.72,104.30,103.28,102.73,101.66,102.05,102.58,101.75,101.75,101.88,102.11,102.29,101.94,101.75,102.46,102.81,102.65,102.46,102.41,101.65,102.65,102.66,102.85,101.64,102.41,104.80,105.24,104.99,104.70,103.71,105.07,102.03,101.97,103.95,104.71,104.63,105.04,104.92,104.82,104.89,104.99,106.30,106.22,105.22,105.74,104.12,104.17,104.03,103.13,104.45,106.78,106.23,106.06,106.12,107.76,109.77,111.33,110.00,110.53,109.25,107.83,110.90,108.52,110.44,110.18,108.65,113.37,109.61,109.55,107.79,109.93,111.11,109.54,111.49,108.89,110.53,109.95,120.32,120.72,110.66,108.12,113.44,112.32,120.39,110.75,118.96,118.18,111.35,116.12,119.80,112.04,106.78,114.62,110.93,113.86,117.25,116.98,114.11,120.37,122.98,124.99,125.53,123.76,118.52,124.41,124.96,121.34,124.80,121.71,127.41,122.46,125.67,119.50,126.26,126.71,121.50,,,,,,,,,,,,,,,,,,,,,,,,,,,,,,,,,,,,,,,,,,,,,,,,
Producto,0.004292512,12131336,DESODORANTE ,105.66,105.99,105.60,105.77,104.95,105.21,106.37,104.25,106.70,108.34,107.94,108.68,109.02,108.76,108.93,108.01,108.18,107.23,115.67,118.02,114.51,114.54,116.01,115.88,116.89,115.74,116.10,115.60,115.56,113.38,112.67,113.97,107.80,109.47,107.35,109.19,104.26,106.16,105.62,104.36,106.30,105.67,105.67,106.00,105.21,106.34,106.33,108.62,106.75,109.33,109.70,105.58,107.03,106.63,109.86,108.03,108.37,108.09,107.36,110.19,106.75,109.49,106.88,115.36,109.85,107.23,107.00,109.48,109.65,108.08,106.37,107.19,106.26,105.92,99.62,104.04,109.92,99.56,105.09,110.43,110.26,105.77,98.56,105.33,111.79,106.08,103.18,114.58,115.16,113.39,118.11,120.11,118.74,113.99,116.67,122.86,118.51,117.78,122.61,120.15,122.91,125.09,124.75,128.10,130.89,123.67,118.11,113.08,119.18,114.63,122.53,128.28,128.95,124.35,125.46,129.86,133.16,124.92,129.92,133.27,133.49,134.24,129.37,129.77,126.24,124.29,129.00,128.28,131.79,120.11,126.73,118.30,136.34,118.40,126.33,127.96,138.61,136.58,,,,,,,,,,,,,,,,,,,,,,,,,,,,,,,,,,,,,,,,,,,,,,,,
Producto,0.002994925,12131337,JABÓN PARA TOCADOR,103.33,103.43,103.65,103.41,104.12,104.12,103.29,103.04,104.15,104.04,101.88,103.67,101.85,104.07,104.28,104.39,103.38,104.03,104.05,104.07,104.12,103.38,102.49,103.21,102.78,102.47,104.13,102.97,103.36,102.78,102.70,102.66,102.59,102.15,103.26,103.11,102.02,101.11,99.49,99.57,100.44,99.27,99.85,98.83,99.24,99.09,98.85,96.91,96.55,96.45,95.97,96.07,96.34,96.24,96.29,96.32,96.25,96.53,97.10,97.01,96.30,96.24,96.10,98.61,98.11,97.85,97.66,96.47,96.17,97.19,96.58,97.10,96.10,96.51,96.45,96.70,97.24,96.15,96.64,96.38,96.01,95.86,96.56,97.25,97.98,98.13,98.78,99.90,101.40,101.46,101.88,100.84,102.13,102.38,102.22,102.13,103.58,103.42,102.30,104.11,103.95,103.31,103.81,104.57,103.78,104.32,104.39,104.35,103.75,103.79,104.19,105.24,104.80,104.83,105.81,104.76,104.72,104.56,104.09,104.55,104.38,104.57,104.47,104.51,104.51,103.57,103.22,104.50,104.63,104.38,104.61,104.45,104.17,102.39,104.59,103.61,103.96,103.46,,,,,,,,,,,,,,,,,,,,,,,,,,,,,,,,,,,,,,,,,,,,,,,,
Producto,0.004570035,12131338,PAÑALES DESECHABLES,102.42,103.94,103.44,104.28,103.97,104.50,104.74,97.13,104.43,106.72,106.37,106.06,105.09,106.33,104.53,106.75,107.37,109.38,103.84,104.17,108.77,108.78,109.24,109.14,105.80,104.84,102.44,96.52,93.43,89.65,89.97,89.97,89.45,88.02,93.05,90.09,90.34,90.29,88.95,86.94,87.84,88.11,86.86,87.23,88.23,87.62,87.67,88.39,88.03,86.11,85.83,87.43,87.52,87.49,88.16,87.99,87.77,88.45,88.25,88.40,88.13,87.50,86.66,86.94,86.36,88.96,72.07,65.16,64.38,63.51,63.62,63.83,64.08,63.99,65.10,63.09,64.15,63.32,63.11,63.18,64.72,65.11,61.79,62.64,63.14,62.80,61.94,67.55,67.01,66.98,67.31,67.81,66.78,66.60,69.65,69.07,67.57,66.33,64.64,65.87,66.38,66.19,65.82,67.38,68.43,70.94,68.78,68.83,71.90,71.92,71.40,72.95,72.60,72.85,74.25,76.91,74.14,75.07,76.58,77.54,79.22,78.96,78.73,79.21,79.31,78.16,76.21,78.86,77.76,79.43,79.15,79.91,79.88,77.69,77.63,77.51,76.90,77.14,,,,,,,,,,,,,,,,,,,,,,,,,,,,,,,,,,,,,,,,,,,,,,,,
Producto,0.005079289,12131339,PAPEL HIGIÉNICO,99.24,103.20,102.26,102.06,100.49,99.64,99.65,99.54,99.69,99.86,98.84,97.52,96.80,95.00,93.44,95.53,93.28,97.22,99.14,98.85,98.94,99.75,97.26,98.08,98.33,96.39,96.17,98.36,98.21,95.41,98.63,96.48,89.44,94.71,89.73,88.92,90.39,85.42,85.36,84.16,82.68,83.25,82.72,83.06,81.31,82.59,82.30,84.16,82.44,81.53,81.04,80.85,81.62,80.24,81.26,80.85,80.66,78.47,80.01,81.12,80.83,80.83,80.02,80.67,80.77,80.88,80.77,79.94,81.31,81.80,78.30,79.53,79.27,79.04,79.83,81.10,80.90,79.09,80.31,78.42,77.01,78.06,78.37,78.29,78.14,78.28,78.38,81.09,79.47,80.93,83.70,86.48,86.11,87.73,88.22,88.52,88.92,88.63,88.22,88.82,89.42,88.44,88.51,88.20,88.74,88.95,87.86,90.25,88.59,87.39,89.54,87.13,87.25,89.08,90.27,90.45,88.42,88.16,89.77,89.78,86.26,87.78,90.41,90.28,87.84,89.05,88.38,88.63,89.79,89.54,91.07,91.16,91.55,92.27,90.54,91.64,93.18,90.08,,,,,,,,,,,,,,,,,,,,,,,,,,,,,,,,,,,,,,,,,,,,,,,,
Producto,0.003593665,12131340,PASTA DENTAL,100.07,101.98,106.97,108.38,108.66,108.43,108.58,108.47,107.39,113.48,120.98,121.30,123.15,122.83,122.32,120.66,122.25,129.47,135.65,137.06,137.17,138.07,138.39,143.01,140.08,139.84,139.85,139.68,140.55,138.28,138.33,138.73,136.48,136.39,135.83,136.47,135.40,133.41,133.74,133.34,135.11,136.20,137.61,137.83,137.73,137.56,134.03,137.40,137.98,137.69,138.54,138.81,138.08,138.64,138.04,137.86,137.36,137.17,137.37,138.06,138.19,138.26,138.50,139.09,136.58,138.25,137.12,136.35,135.42,136.14,136.63,137.16,133.94,134.59,134.74,134.63,134.99,134.10,132.47,132.19,132.42,129.88,130.34,131.74,134.87,138.38,138.31,140.14,139.05,139.86,141.16,141.46,141.40,141.90,141.88,140.94,141.39,141.11,141.18,140.23,139.96,140.43,141.17,141.81,141.33,141.22,140.84,140.61,141.35,139.59,140.30,144.22,143.93,143.71,144.60,146.61,143.42,140.85,139.04,141.73,143.82,143.75,143.64,143.47,148.56,148.17,147.43,147.43,146.20,144.78,144.07,144.35,151.67,151.13,149.64,149.78,152.14,149.62,,,,,,,,,,,,,,,,,,,,,,,,,,,,,,,,,,,,,,,,,,,,,,,,
Producto,0.006820282,12131341,PERFUMES,105.67,105.73,104.51,104.57,104.32,104.37,104.41,104.42,104.63,104.62,104.65,106.17,106.57,106.75,105.79,106.49,106.79,107.77,108.36,109.12,109.30,109.42,109.44,109.43,110.25,106.13,109.44,110.21,109.68,111.18,112.41,112.00,112.27,111.93,112.14,110.83,111.80,111.64,111.67,111.53,111.16,110.90,110.98,110.78,110.79,110.86,110.60,110.12,109.84,110.10,110.06,110.13,109.86,108.51,108.56,108.83,109.13,108.59,108.89,108.85,108.66,108.72,108.63,109.44,109.03,108.90,109.32,108.72,109.61,110.14,110.93,111.03,111.11,110.87,110.30,110.86,111.03,110.98,111.00,110.90,110.95,110.60,110.96,111.21,111.01,110.72,111.58,111.09,111.04,110.85,110.48,111.01,110.70,110.82,110.79,110.64,110.76,111.08,111.31,111.16,112.37,112.87,114.96,114.67,115.03,115.63,115.93,115.38,115.33,115.52,115.43,117.85,118.02,118.02,118.10,118.78,119.49,119.72,119.47,119.06,119.51,119.43,119.14,119.36,119.66,120.11,120.11,119.71,119.75,119.67,119.82,119.83,119.94,119.95,119.26,119.14,120.29,120.14,,,,,,,,,,,,,,,,,,,,,,,,,,,,,,,,,,,,,,,,,,,,,,,,
Producto,0.00297812,12131342,TOALLAS SANITARIAS,102.59,109.99,111.94,114.25,113.21,114.30,115.26,114.85,114.45,114.48,114.44,114.20,114.85,114.57,114.69,114.35,115.24,117.34,117.72,117.40,116.89,116.77,117.42,117.22,117.38,117.31,117.29,117.38,117.53,116.65,116.79,116.70,116.87,116.87,117.58,116.35,116.38,117.22,116.98,116.72,116.76,116.81,116.64,116.12,115.81,115.45,116.85,115.66,117.03,114.93,117.13,117.03,117.55,119.32,116.80,117.80,118.38,116.94,118.49,118.94,118.96,118.13,118.50,120.28,119.82,117.85,117.33,119.53,112.54,115.11,112.19,115.36,111.77,112.69,111.46,114.81,115.68,108.30,112.43,112.77,111.90,111.19,116.66,109.73,112.23,109.38,111.29,111.88,108.35,107.04,111.58,110.21,111.46,110.55,111.81,109.25,112.39,108.01,103.97,108.81,106.88,110.03,106.98,104.92,104.09,102.59,106.76,107.16,108.30,106.24,108.02,107.45,110.27,109.80,110.48,107.78,109.88,108.57,109.92,109.68,109.02,110.39,110.12,108.06,107.98,107.44,109.09,109.65,109.43,110.18,110.16,108.64,108.52,108.63,108.88,105.75,109.79,109.48,,,,,,,,,,,,,,,,,,,,,,,,,,,,,,,,,,,,,,,,,,,,,,,,
Producto,0.001590334,12131343,RASURADORA,98.57,98.67,101.09,101.62,101.58,99.75,97.46,101.43,100.89,99.69,100.42,98.04,102.84,103.11,103.08,104.48,104.98,106.43,107.39,106.34,106.88,107.13,108.28,107.11,107.31,106.91,107.36,106.87,108.45,105.52,106.57,105.94,106.60,105.32,104.76,101.92,105.28,107.00,106.86,106.56,106.57,106.64,106.55,106.31,106.99,106.90,106.92,107.22,106.04,106.40,104.50,107.68,98.30,107.54,95.15,110.06,104.75,108.94,109.66,107.16,108.72,106.60,107.30,107.50,106.78,104.55,106.71,109.80,109.74,107.98,106.38,107.84,104.87,106.58,103.87,104.98,105.01,103.01,100.38,108.85,106.18,105.74,106.16,108.10,105.13,104.44,110.26,111.93,114.66,112.54,113.48,115.56,115.86,116.33,117.58,117.87,115.70,118.50,118.44,118.67,119.09,120.72,120.46,120.79,120.72,119.19,120.22,116.81,123.12,122.79,126.43,130.16,130.87,129.54,129.10,129.32,131.48,129.02,128.97,128.43,130.15,129.98,130.16,130.11,130.99,130.94,131.37,127.93,125.18,125.17,126.51,126.47,129.01,125.91,129.72,128.55,129.70,127.64,,,,,,,,,,,,,,,,,,,,,,,,,,,,,,,,,,,,,,,,,,,,,,,,
Producto,0.005288909,12131344,SHAMPOO,101.70,100.98,101.15,103.16,103.17,103.26,103.08,101.92,101.78,98.63,102.61,102.51,103.21,103.23,102.20,102.50,104.09,103.76,101.39,102.25,101.81,102.83,103.61,103.15,100.80,102.82,102.35,103.89,101.00,100.89,98.78,98.39,97.85,96.43,97.91,99.05,95.42,96.82,97.15,95.71,97.69,96.14,95.70,95.36,98.15,97.94,98.72,100.19,98.08,98.81,98.96,98.52,99.46,96.68,96.78,97.28,98.49,98.50,96.82,99.06,97.01,97.04,101.34,98.64,100.69,98.38,97.59,100.88,97.08,97.23,99.48,99.65,101.72,98.10,97.96,99.98,99.28,100.16,103.02,103.69,101.67,101.96,102.19,103.64,105.77,105.75,107.11,105.84,113.17,107.73,107.74,110.86,109.75,110.20,109.70,110.95,107.49,113.04,109.80,109.21,109.95,110.36,111.72,108.68,108.60,111.64,108.68,107.63,108.53,108.64,107.69,112.89,111.97,112.50,112.10,118.84,117.55,118.50,115.90,121.25,120.46,117.58,122.84,122.47,123.39,118.43,119.94,125.44,124.16,120.34,118.39,125.44,129.84,127.94,128.74,127.03,129.45,133.55,,,,,,,,,,,,,,,,,,,,,,,,,,,,,,,,,,,,,,,,,,,,,,,,
Producto,0.000498704,12131345,TALCO PARA PIES,97.84,97.95,98.01,101.46,101.75,101.71,101.65,101.64,101.59,101.59,101.05,101.54,101.90,101.90,101.09,101.37,101.59,104.69,105.46,105.04,105.70,106.94,111.26,110.74,111.72,111.07,111.04,111.51,111.91,109.74,105.57,108.64,109.18,109.01,106.52,107.98,108.59,108.70,107.94,105.82,103.36,103.51,103.55,103.15,101.27,101.61,102.53,102.34,102.70,103.09,104.51,104.20,99.33,104.26,98.80,99.10,101.00,102.84,91.80,102.08,102.93,102.49,101.90,100.89,101.34,100.78,102.82,96.43,101.51,102.15,94.94,95.54,100.84,95.45,99.32,96.73,99.49,97.73,98.12,97.68,93.99,99.61,102.13,103.18,101.95,104.75,106.13,107.16,109.43,104.54,111.15,106.54,108.58,110.08,111.21,104.49,106.83,111.21,107.95,108.71,106.29,97.78,102.19,106.89,105.40,104.56,104.46,106.86,107.86,103.95,104.35,100.22,107.60,109.12,106.51,100.59,105.38,107.03,107.06,108.77,109.83,107.25,103.50,101.71,104.64,99.69,100.92,99.67,98.85,96.43,95.59,101.47,101.26,101.63,92.85,98.27,99.38,94.39,,,,,,,,,,,,,,,,,,,,,,,,,,,,,,,,,,,,,,,,,,,,,,,,
Producto,0.000629224,12131346,TINTE PARA EL CABELLO,104.20,104.23,105.20,104.79,104.60,104.27,104.26,104.30,104.37,104.43,104.36,104.30,104.27,104.36,105.18,108.32,106.01,108.13,108.63,110.25,109.97,110.06,100.75,103.57,107.59,107.28,109.90,110.10,105.47,109.23,110.44,104.83,108.37,103.04,104.59,92.66,106.17,102.84,97.81,112.71,111.72,112.60,110.95,111.29,113.28,112.33,109.98,109.32,111.49,111.45,110.99,111.32,111.12,111.12,111.52,111.46,109.47,110.04,109.42,110.09,110.13,110.16,110.30,110.96,110.36,110.56,110.75,110.17,110.75,104.62,107.64,103.80,108.88,110.20,109.35,110.76,108.76,109.82,102.65,109.64,108.21,111.78,112.25,109.80,110.46,111.85,110.84,108.64,109.71,113.75,110.80,112.05,112.21,104.42,110.92,107.29,107.13,107.92,103.74,104.76,98.80,111.54,112.56,106.00,108.07,112.51,96.85,104.52,106.89,105.45,102.98,106.43,107.24,103.64,114.39,103.82,115.30,117.24,107.23,105.94,116.74,116.63,115.76,105.18,106.29,115.02,112.89,109.06,109.04,108.53,99.96,100.70,103.82,106.55,106.47,101.32,101.49,111.37,,,,,,,,,,,,,,,,,,,,,,,,,,,,,,,,,,,,,,,,,,,,,,,,
Grupo,0.005113601,123,Efectos personales n.e.p.,100.97,100.29,99.92,100.84,100.89,101.76,101.76,101.98,102.87,102.91,102.89,102.53,103.22,103.23,102.26,104.20,103.26,103.45,103.26,103.47,103.98,104.00,101.37,101.47,101.25,101.29,101.31,101.38,101.08,99.93,99.59,99.50,99.42,99.41,99.57,99.73,99.81,99.75,99.44,99.41,98.78,98.80,98.31,98.17,97.26,97.09,96.48,96.50,96.78,96.69,96.17,95.18,94.97,95.25,95.39,94.99,94.60,95.18,94.66,94.58,94.25,94.39,94.51,94.09,94.26,94.57,95.89,95.64,95.68,95.03,94.38,94.44,94.26,94.69,94.44,95.18,95.34,94.17,94.02,94.14,93.70,94.06,94.28,94.63,94.61,94.90,96.14,95.58,95.88,95.20,95.43,94.44,94.91,95.25,95.81,95.57,95.27,95.49,95.31,95.46,95.20,95.12,95.57,95.52,95.24,95.29,95.02,95.27,95.12,95.20,95.46,97.41,97.23,97.40,97.86,98.20,98.61,99.09,99.64,99.97,100.42,101.39,101.59,102.93,103.27,103.79,105.11,106.66,107.69,109.34,110.94,112.60,115.00,116.85,116.01,118.74,118.78,117.36,,,,,,,,,,,,,,,,,,,,,,,,,,,,,,,,,,,,,,,,,,,,,,,,
Clase,0.00186482,1231,"Joyería, relojes de pared y relojes de pulsera (D)",101.66,100.31,100.31,100.26,100.16,102.49,102.48,103.20,103.20,103.77,104.08,103.52,104.21,104.16,103.62,104.31,102.28,102.91,103.66,104.98,104.93,104.70,102.29,102.67,102.45,101.89,103.24,102.92,102.57,102.03,101.30,100.57,101.16,101.04,102.38,102.38,102.99,102.74,102.76,102.61,102.35,101.89,101.66,101.60,100.73,99.99,99.79,100.00,100.12,99.99,98.81,98.74,98.30,99.28,99.83,98.67,99.27,100.33,100.03,99.08,98.48,98.90,99.24,100.05,99.85,100.41,103.47,103.90,104.33,104.07,104.28,104.57,105.46,106.84,106.39,108.48,108.95,108.14,108.30,108.41,108.04,109.44,109.87,110.86,110.60,112.10,115.48,114.66,115.46,115.36,115.39,114.29,116.58,116.01,117.50,116.97,116.78,117.50,116.93,117.39,118.10,117.66,118.82,118.82,118.68,118.75,118.45,118.96,118.53,118.98,119.47,124.50,125.41,126.29,127.29,128.12,129.97,131.79,133.47,134.33,136.00,138.94,139.32,142.11,142.96,145.52,149.08,153.08,155.95,160.54,165.27,170.78,177.28,182.31,179.97,187.41,187.76,184.90,,,,,,,,,,,,,,,,,,,,,,,,,,,,,,,,,,,,,,,,,,,,,,,,
Subclase,0.00186482,12311,"Joyería, relojes de pared y relojes de pulsera",101.66,100.31,100.31,100.26,100.16,102.49,102.48,103.20,103.20,103.77,104.08,103.52,104.21,104.16,103.62,104.31,102.28,102.91,103.66,104.98,104.93,104.70,102.29,102.67,102.45,101.89,103.24,102.92,102.57,102.03,101.30,100.57,101.16,101.04,102.38,102.38,102.99,102.74,102.76,102.61,102.35,101.89,101.66,101.60,100.73,99.99,99.79,100.00,100.12,99.99,98.81,98.74,98.30,99.28,99.83,98.67,99.27,100.33,100.03,99.08,98.48,98.90,99.24,100.05,99.85,100.41,103.47,103.90,104.33,104.07,104.28,104.57,105.46,106.84,106.39,108.48,108.95,108.14,108.30,108.41,108.04,109.44,109.87,110.86,110.60,112.10,115.48,114.66,115.46,115.36,115.39,114.29,116.58,116.01,117.50,116.97,116.78,117.50,116.93,117.39,118.10,117.66,118.82,118.82,118.68,118.75,118.45,118.96,118.53,118.98,119.47,124.50,125.41,126.29,127.29,128.12,129.97,131.79,133.47,134.33,136.00,138.94,139.32,142.11,142.96,145.52,149.08,153.08,155.95,160.54,165.27,170.78,177.28,182.31,179.97,187.41,187.76,184.90,,,,,,,,,,,,,,,,,,,,,,,,,,,,,,,,,,,,,,,,,,,,,,,,
Producto,0.000795115,12311347,RELOJ DE MANO,103.60,103.60,103.60,103.60,103.61,108.37,109.32,110.28,110.28,110.39,111.15,110.56,110.65,110.66,110.72,110.72,107.55,108.15,108.36,110.36,109.76,109.31,106.10,107.16,107.75,107.75,108.67,108.45,108.08,107.33,105.76,104.23,103.92,103.84,106.51,106.42,106.51,105.79,105.73,104.74,104.65,104.63,104.43,105.09,105.59,104.77,104.46,104.02,104.16,104.16,102.17,102.10,101.26,102.68,102.21,101.94,101.99,101.97,101.98,100.79,99.79,99.54,99.54,99.54,97.48,97.59,99.00,97.86,99.21,99.31,97.89,99.70,100.73,100.70,100.68,101.88,101.90,101.42,102.12,101.73,101.33,101.18,101.87,101.12,102.81,103.44,104.04,105.19,105.16,105.27,104.46,103.99,105.00,104.11,106.67,107.30,107.09,107.13,104.90,104.20,105.57,105.41,105.95,106.02,105.93,105.99,105.81,105.63,105.63,105.94,105.94,107.00,107.37,107.38,107.49,107.30,108.88,108.79,108.83,109.52,109.52,109.43,109.83,108.36,108.24,108.22,108.70,108.16,108.32,108.34,106.38,106.24,106.74,106.76,106.92,106.51,106.59,103.29,,,,,,,,,,,,,,,,,,,,,,,,,,,,,,,,,,,,,,,,,,,,,,,,
Producto,0.001069704,12311348,ANILLO,100.21,97.86,97.86,97.78,97.59,98.13,97.39,97.94,97.94,98.85,98.83,98.29,99.42,99.32,98.34,99.55,98.37,99.01,100.17,100.97,101.33,101.28,99.45,99.33,98.51,97.54,99.21,98.81,98.48,98.10,97.99,97.86,99.11,98.96,99.31,99.37,100.37,100.47,100.54,101.02,100.63,99.86,99.59,99.01,97.12,96.43,96.32,97.01,97.11,96.90,96.31,96.24,96.10,96.75,98.06,96.24,97.25,99.11,98.58,97.81,97.51,98.42,99.02,100.43,101.61,102.51,106.80,108.39,108.14,107.62,109.03,108.19,108.97,111.42,110.63,113.39,114.19,113.14,112.90,113.38,113.03,115.57,115.83,118.09,116.39,118.54,123.99,121.69,123.12,122.86,123.51,121.94,125.20,124.86,125.55,124.16,123.99,125.21,125.87,127.19,127.41,126.77,128.38,128.34,128.16,128.23,127.85,128.86,128.12,128.67,129.52,137.51,138.83,140.34,142.00,143.60,145.64,148.88,151.78,152.78,155.69,160.86,161.25,167.19,168.76,173.24,179.09,186.47,191.35,199.34,209.04,218.75,229.71,238.47,234.27,247.54,248.09,245.57,,,,,,,,,,,,,,,,,,,,,,,,,,,,,,,,,,,,,,,,,,,,,,,,
Clase,0.003248781,1232,Otros efectos personales (SD),100.57,100.28,99.69,101.16,101.31,101.34,101.35,101.28,102.69,102.41,102.21,101.96,102.65,102.70,101.48,104.14,103.83,103.76,103.03,102.61,103.44,103.59,100.84,100.78,100.56,100.94,100.20,100.50,100.23,98.72,98.61,98.89,98.43,98.48,97.97,98.20,97.98,98.04,97.54,97.57,96.73,97.03,96.39,96.21,95.26,95.42,94.57,94.50,94.86,94.79,94.65,93.13,93.05,92.94,92.85,92.87,91.91,92.22,91.58,91.99,91.82,91.79,91.79,90.68,91.04,91.22,91.54,90.90,90.71,89.83,88.70,88.63,87.83,87.72,87.59,87.54,87.53,86.15,85.83,85.95,85.47,85.23,85.32,85.32,85.43,85.03,85.04,84.63,84.64,83.63,83.98,83.05,82.46,83.33,83.36,83.29,82.93,82.85,82.90,82.87,82.06,82.18,82.23,82.15,81.79,81.83,81.56,81.67,81.69,81.55,81.68,81.85,81.05,80.82,80.97,81.02,80.61,80.31,80.22,80.25,79.99,79.84,79.93,80.44,80.49,79.83,79.87,80.02,79.99,79.94,79.76,79.20,79.25,79.28,79.30,79.33,79.19,78.59,,,,,,,,,,,,,,,,,,,,,,,,,,,,,,,,,,,,,,,,,,,,,,,,
Subclase,0.003248781,12321,Artículos personales varios,100.57,100.28,99.69,101.16,101.31,101.34,101.35,101.28,102.69,102.41,102.21,101.96,102.65,102.70,101.48,104.14,103.83,103.76,103.03,102.61,103.44,103.59,100.84,100.78,100.56,100.94,100.20,100.50,100.23,98.72,98.61,98.89,98.43,98.48,97.97,98.20,97.98,98.04,97.54,97.57,96.73,97.03,96.39,96.21,95.26,95.42,94.57,94.50,94.86,94.79,94.65,93.13,93.05,92.94,92.85,92.87,91.91,92.22,91.58,91.99,91.82,91.79,91.79,90.68,91.04,91.22,91.54,90.90,90.71,89.83,88.70,88.63,87.83,87.72,87.59,87.54,87.53,86.15,85.83,85.95,85.47,85.23,85.32,85.32,85.43,85.03,85.04,84.63,84.64,83.63,83.98,83.05,82.46,83.33,83.36,83.29,82.93,82.85,82.90,82.87,82.06,82.18,82.23,82.15,81.79,81.83,81.56,81.67,81.69,81.55,81.68,81.85,81.05,80.82,80.97,81.02,80.61,80.31,80.22,80.25,79.99,79.84,79.93,80.44,80.49,79.83,79.87,80.02,79.99,79.94,79.76,79.20,79.25,79.28,79.30,79.33,79.19,78.59,,,,,,,,,,,,,,,,,,,,,,,,,,,,,,,,,,,,,,,,,,,,,,,,
Producto,0.001199458,12321349,BOLSOS Y CARTERAS,104.04,103.90,102.32,106.34,106.74,106.81,106.84,106.66,106.73,106.65,106.26,106.22,107.58,107.68,104.37,105.28,104.94,103.56,101.45,100.28,101.12,100.96,98.33,98.24,98.30,99.42,97.88,98.64,98.48,95.80,95.75,96.32,96.00,96.21,94.85,95.60,95.98,96.05,94.74,94.60,93.05,93.57,92.95,92.86,92.25,91.95,89.95,89.83,90.93,90.92,90.63,90.52,90.46,90.34,90.25,90.26,88.76,89.80,88.25,89.24,88.67,88.67,88.64,88.64,88.47,87.34,88.22,86.16,86.14,84.19,82.34,82.23,80.07,79.66,79.20,78.84,78.40,77.18,76.29,76.99,77.03,76.73,76.90,76.85,77.09,76.21,76.00,77.45,77.55,76.43,77.33,74.79,72.29,74.75,74.22,73.99,73.01,72.79,72.96,73.18,73.32,73.55,73.59,73.40,73.42,73.06,72.47,72.75,72.54,72.45,72.45,72.98,71.15,70.83,70.74,71.11,70.77,69.39,69.77,69.92,69.21,69.44,69.61,69.57,69.89,67.96,68.46,68.86,68.78,68.47,68.13,67.00,66.97,67.06,66.93,66.90,66.82,67.00,,,,,,,,,,,,,,,,,,,,,,,,,,,,,,,,,,,,,,,,,,,,,,,,
Producto,0.000405411,12321350,GAFAS PARA SOL,96.02,94.11,94.11,94.11,94.11,94.11,94.11,94.11,94.11,93.91,93.86,91.98,93.50,93.60,93.61,93.61,93.25,95.08,95.45,95.52,95.14,95.34,94.26,94.08,92.14,91.79,90.44,90.38,89.05,88.24,87.50,88.05,88.49,88.38,88.43,88.13,85.21,85.49,85.34,85.68,85.48,86.29,83.04,81.82,81.79,84.00,83.64,83.39,83.05,82.56,82.24,82.28,82.04,81.97,81.48,81.65,82.06,82.02,81.81,82.13,82.44,82.26,82.34,75.31,77.56,82.24,82.22,83.12,83.01,82.00,81.27,81.02,81.02,81.31,81.64,82.54,83.51,83.82,83.91,82.86,83.17,83.14,82.45,82.57,82.70,82.09,82.82,82.60,83.20,80.96,81.04,81.17,81.14,80.00,79.99,80.11,80.11,80.13,79.98,78.99,79.48,79.43,79.67,79.57,79.54,79.56,79.22,79.22,79.99,79.18,80.16,80.15,79.16,78.77,80.17,79.53,79.80,79.89,79.16,78.95,79.04,77.12,77.39,77.92,77.45,77.97,76.78,76.75,77.74,77.18,76.75,75.57,76.08,76.02,76.59,76.33,75.84,75.38,,,,,,,,,,,,,,,,,,,,,,,,,,,,,,,,,,,,,,,,,,,,,,,,
Producto,0.001643913,12321351,MOCHILA ESCOLAR,99.16,99.16,99.16,99.13,99.13,99.13,99.13,99.13,101.85,101.42,101.31,101.31,101.31,101.31,101.31,105.89,105.62,106.06,106.06,106.06,107.18,107.55,104.30,104.30,104.30,104.30,104.30,104.36,104.26,103.44,103.44,103.44,102.65,102.63,102.59,102.59,102.59,102.59,102.59,102.68,102.19,102.20,102.20,102.20,100.77,100.77,100.64,100.64,100.64,100.64,100.64,97.72,97.66,97.54,97.54,97.54,96.64,96.51,96.43,96.43,96.43,96.43,96.43,95.96,96.25,96.27,96.27,96.27,95.95,95.88,95.18,95.18,95.18,95.18,95.18,95.12,95.18,93.26,93.26,93.26,92.20,91.95,92.18,92.18,92.18,92.18,92.18,90.37,90.18,89.55,89.55,89.55,90.21,90.41,90.86,90.86,90.86,90.86,90.86,90.91,89.08,89.16,89.16,89.16,88.46,88.78,88.78,88.78,88.78,88.78,88.78,88.75,88.75,88.63,88.63,88.63,87.99,88.39,88.10,88.10,88.10,88.10,88.10,88.98,88.98,88.96,88.96,88.96,88.73,88.99,88.99,88.99,88.99,88.99,88.99,89.13,89.04,87.84,,,,,,,,,,,,,,,,,,,,,,,,,,,,,,,,,,,,,,,,,,,,,,,,
Grupo,0.001631014,124,Protección social,103.40,103.42,103.48,103.78,103.84,104.01,104.28,104.28,105.83,105.83,105.83,105.83,105.88,105.80,105.80,105.76,106.12,106.29,106.29,106.29,107.29,107.29,107.29,107.33,107.33,107.43,107.38,107.76,107.86,107.97,107.97,108.01,108.73,108.83,108.59,108.59,108.59,109.34,109.61,109.61,109.69,109.69,109.69,109.69,110.33,110.33,110.46,110.46,110.60,110.70,110.70,111.06,111.06,111.11,111.11,111.13,110.84,110.92,111.31,111.31,111.35,111.35,111.35,111.35,110.91,108.51,108.45,108.47,108.47,108.47,108.47,108.47,108.47,108.47,108.42,108.57,108.57,108.77,108.77,107.29,114.34,114.37,114.49,114.68,114.00,114.06,114.28,114.16,114.39,114.39,114.30,114.36,114.69,114.69,114.88,114.88,115.03,115.06,115.47,116.05,116.05,116.05,116.05,116.17,116.45,116.50,118.18,118.18,118.18,118.18,119.06,119.42,119.73,119.73,119.73,119.73,120.88,121.07,121.07,121.07,121.35,121.35,121.45,121.67,121.88,121.88,121.88,121.94,122.38,122.42,117.50,117.50,117.76,117.76,117.99,117.80,117.87,117.78,,,,,,,,,,,,,,,,,,,,,,,,,,,,,,,,,,,,,,,,,,,,,,,,
Clase,0.001631014,1240,Protección social (S),103.40,103.42,103.48,103.78,103.84,104.01,104.28,104.28,105.83,105.83,105.83,105.83,105.88,105.80,105.80,105.76,106.12,106.29,106.29,106.29,107.29,107.29,107.29,107.33,107.33,107.43,107.38,107.76,107.86,107.97,107.97,108.01,108.73,108.83,108.59,108.59,108.59,109.34,109.61,109.61,109.69,109.69,109.69,109.69,110.33,110.33,110.46,110.46,110.60,110.70,110.70,111.06,111.06,111.11,111.11,111.13,110.84,110.92,111.31,111.31,111.35,111.35,111.35,111.35,110.91,108.51,108.45,108.47,108.47,108.47,108.47,108.47,108.47,108.47,108.42,108.57,108.57,108.77,108.77,107.29,114.34,114.37,114.49,114.68,114.00,114.06,114.28,114.16,114.39,114.39,114.30,114.36,114.69,114.69,114.88,114.88,115.03,115.06,115.47,116.05,116.05,116.05,116.05,116.17,116.45,116.50,118.18,118.18,118.18,118.18,119.06,119.42,119.73,119.73,119.73,119.73,120.88,121.07,121.07,121.07,121.35,121.35,121.45,121.67,121.88,121.88,121.88,121.94,122.38,122.42,117.50,117.50,117.76,117.76,117.99,117.80,117.87,117.78,,,,,,,,,,,,,,,,,,,,,,,,,,,,,,,,,,,,,,,,,,,,,,,,
Subclase,0.001631014,12401,Guarderías y casas cunas,103.40,103.42,103.48,103.78,103.84,104.01,104.28,104.28,105.83,105.83,105.83,105.83,105.88,105.80,105.80,105.76,106.12,106.29,106.29,106.29,107.29,107.29,107.29,107.33,107.33,107.43,107.38,107.76,107.86,107.97,107.97,108.01,108.73,108.83,108.59,108.59,108.59,109.34,109.61,109.61,109.69,109.69,109.69,109.69,110.33,110.33,110.46,110.46,110.60,110.70,110.70,111.06,111.06,111.11,111.11,111.13,110.84,110.92,111.31,111.31,111.35,111.35,111.35,111.35,110.91,108.51,108.45,108.47,108.47,108.47,108.47,108.47,108.47,108.47,108.42,108.57,108.57,108.77,108.77,107.29,114.34,114.37,114.49,114.68,114.00,114.06,114.28,114.16,114.39,114.39,114.30,114.36,114.69,114.69,114.88,114.88,115.03,115.06,115.47,116.05,116.05,116.05,116.05,116.17,116.45,116.50,118.18,118.18,118.18,118.18,119.06,119.42,119.73,119.73,119.73,119.73,120.88,121.07,121.07,121.07,121.35,121.35,121.45,121.67,121.88,121.88,121.88,121.94,122.38,122.42,117.50,117.50,117.76,117.76,117.99,117.80,117.87,117.78,,,,,,,,,,,,,,,,,,,,,,,,,,,,,,,,,,,,,,,,,,,,,,,,
Producto,0.001631014,12401352,SERVICIO DE GUARDERÍAS INFANTILES,103.40,103.42,103.48,103.78,103.84,104.01,104.28,104.28,105.83,105.83,105.83,105.83,105.88,105.80,105.80,105.76,106.12,106.29,106.29,106.29,107.29,107.29,107.29,107.33,107.33,107.43,107.38,107.76,107.86,107.97,107.97,108.01,108.73,108.83,108.59,108.59,108.59,109.34,109.61,109.61,109.69,109.69,109.69,109.69,110.33,110.33,110.46,110.46,110.60,110.70,110.70,111.06,111.06,111.11,111.11,111.13,110.84,110.92,111.31,111.31,111.35,111.35,111.35,111.35,110.91,108.51,108.45,108.47,108.47,108.47,108.47,108.47,108.47,108.47,108.42,108.57,108.57,108.77,108.77,107.29,114.34,114.37,114.49,114.68,114.00,114.06,114.28,114.16,114.39,114.39,114.30,114.36,114.69,114.69,114.88,114.88,115.03,115.06,115.47,116.05,116.05,116.05,116.05,116.17,116.45,116.50,118.18,118.18,118.18,118.18,119.06,119.42,119.73,119.73,119.73,119.73,120.88,121.07,121.07,121.07,121.35,121.35,121.45,121.67,121.88,121.88,121.88,121.94,122.38,122.42,117.50,117.50,117.76,117.76,117.99,117.80,117.87,117.78,,,,,,,,,,,,,,,,,,,,,,,,,,,,,,,,,,,,,,,,,,,,,,,,
Grupo,0.012280717,125,Seguros,100.09,99.61,99.61,99.61,99.61,99.61,99.61,99.61,99.61,99.03,98.99,98.99,99.11,99.11,99.11,99.11,99.11,99.11,99.11,99.11,99.11,99.11,99.11,99.11,100.00,100.00,97.82,97.82,97.82,97.82,97.82,97.82,97.82,97.82,97.82,97.82,98.14,98.14,98.14,98.14,98.14,98.14,98.14,98.14,98.14,98.14,98.14,98.14,98.14,97.53,97.53,97.53,97.53,97.53,97.53,97.53,97.53,97.53,97.53,97.53,97.09,98.66,98.66,98.66,98.66,98.66,98.66,98.66,98.66,98.66,98.66,98.66,99.30,99.37,99.37,99.37,99.37,99.37,99.37,99.37,99.37,99.37,99.37,99.37,100.62,100.74,100.74,100.74,100.74,100.74,100.74,100.74,100.74,100.74,100.74,100.74,103.16,103.37,103.37,103.37,103.37,103.37,103.37,103.37,103.37,103.37,103.37,103.37,104.66,104.83,104.83,104.83,104.83,104.83,104.83,104.83,104.83,104.83,104.83,104.83,104.82,104.94,104.94,104.94,104.94,104.94,104.94,104.94,104.94,104.94,104.94,104.94,103.74,104.72,104.72,104.72,104.72,104.72,,,,,,,,,,,,,,,,,,,,,,,,,,,,,,,,,,,,,,,,,,,,,,,,
Clase,0.000275555,1252,Seguro relacionado con la vivienda (S),99.51,100.17,100.17,100.17,100.17,100.17,100.17,100.17,100.17,100.17,98.39,98.39,98.39,98.39,98.39,98.39,98.39,98.39,98.39,98.39,98.39,98.39,98.39,98.39,102.23,102.23,102.22,102.22,102.22,102.22,102.22,102.22,102.22,102.22,102.22,102.22,100.37,100.37,100.37,100.37,100.37,100.37,100.37,100.37,100.37,100.37,100.37,100.37,100.37,100.40,100.40,100.40,100.40,100.40,100.40,100.40,100.40,100.40,100.40,100.40,99.52,95.91,95.91,95.91,95.91,95.91,95.91,95.91,95.91,95.91,95.91,95.91,95.79,92.44,92.44,92.44,92.44,92.44,92.44,92.44,92.44,92.44,92.44,92.44,92.28,95.19,95.19,95.19,95.19,95.19,95.19,95.19,95.19,95.19,95.19,95.19,96.38,95.33,95.34,95.34,95.34,95.34,95.34,95.34,95.34,95.34,95.34,95.34,95.52,95.53,95.53,95.53,95.53,95.53,95.53,95.53,95.53,95.53,95.53,95.53,94.96,95.21,95.21,95.21,95.21,95.21,95.21,95.21,95.21,95.21,95.21,95.21,95.46,95.16,95.16,95.16,95.16,95.16,,,,,,,,,,,,,,,,,,,,,,,,,,,,,,,,,,,,,,,,,,,,,,,,
Subclase,0.000275555,12521,Seguro relacionado con la vivienda,99.51,100.17,100.17,100.17,100.17,100.17,100.17,100.17,100.17,100.17,98.39,98.39,98.39,98.39,98.39,98.39,98.39,98.39,98.39,98.39,98.39,98.39,98.39,98.39,102.23,102.23,102.22,102.22,102.22,102.22,102.22,102.22,102.22,102.22,102.22,102.22,100.37,100.37,100.37,100.37,100.37,100.37,100.37,100.37,100.37,100.37,100.37,100.37,100.37,100.40,100.40,100.40,100.40,100.40,100.40,100.40,100.40,100.40,100.40,100.40,99.52,95.91,95.91,95.91,95.91,95.91,95.91,95.91,95.91,95.91,95.91,95.91,95.79,92.44,92.44,92.44,92.44,92.44,92.44,92.44,92.44,92.44,92.44,92.44,92.28,95.19,95.19,95.19,95.19,95.19,95.19,95.19,95.19,95.19,95.19,95.19,96.38,95.33,95.34,95.34,95.34,95.34,95.34,95.34,95.34,95.34,95.34,95.34,95.52,95.53,95.53,95.53,95.53,95.53,95.53,95.53,95.53,95.53,95.53,95.53,94.96,95.21,95.21,95.21,95.21,95.21,95.21,95.21,95.21,95.21,95.21,95.21,95.46,95.16,95.16,95.16,95.16,95.16,,,,,,,,,,,,,,,,,,,,,,,,,,,,,,,,,,,,,,,,,,,,,,,,
Producto,0.000275555,12521353,SEGURO PARA LA VIVIENDA,99.51,100.17,100.17,100.17,100.17,100.17,100.17,100.17,100.17,100.17,98.39,98.39,98.39,98.39,98.39,98.39,98.39,98.39,98.39,98.39,98.39,98.39,98.39,98.39,102.23,102.23,102.22,102.22,102.22,102.22,102.22,102.22,102.22,102.22,102.22,102.22,100.37,100.37,100.37,100.37,100.37,100.37,100.37,100.37,100.37,100.37,100.37,100.37,100.37,100.40,100.40,100.40,100.40,100.40,100.40,100.40,100.40,100.40,100.40,100.40,99.52,95.91,95.91,95.91,95.91,95.91,95.91,95.91,95.91,95.91,95.91,95.91,95.79,92.44,92.44,92.44,92.44,92.44,92.44,92.44,92.44,92.44,92.44,92.44,92.28,95.19,95.19,95.19,95.19,95.19,95.19,95.19,95.19,95.19,95.19,95.19,96.38,95.33,95.34,95.34,95.34,95.34,95.34,95.34,95.34,95.34,95.34,95.34,95.52,95.53,95.53,95.53,95.53,95.53,95.53,95.53,95.53,95.53,95.53,95.53,94.96,95.21,95.21,95.21,95.21,95.21,95.21,95.21,95.21,95.21,95.21,95.21,95.46,95.16,95.16,95.16,95.16,95.16,,,,,,,,,,,,,,,,,,,,,,,,,,,,,,,,,,,,,,,,,,,,,,,,
Clase,0.005689856,1253,Seguro relacionado con la salud (S),100.70,99.63,99.63,99.63,99.63,99.63,99.63,99.63,99.63,98.38,98.38,98.38,98.63,98.63,98.63,98.63,98.63,98.63,98.63,98.63,98.63,98.63,98.63,98.63,100.38,100.38,95.67,95.67,95.67,95.67,95.67,95.67,95.67,95.67,95.67,95.67,96.46,96.46,96.46,96.46,96.46,96.46,96.46,96.46,96.46,96.46,96.46,96.46,96.46,95.13,95.13,95.13,95.13,95.13,95.13,95.13,95.13,95.13,95.13,95.13,94.21,97.78,97.78,97.78,97.78,97.78,97.78,97.78,97.78,97.78,97.78,97.78,99.18,99.49,99.49,99.49,99.49,99.49,99.49,99.49,99.49,99.49,99.49,99.49,102.20,102.32,102.32,102.32,102.32,102.32,102.32,102.32,102.32,102.32,102.32,102.32,107.48,107.99,107.99,107.99,107.99,107.99,107.99,107.99,107.99,107.99,107.99,107.99,110.76,111.12,111.12,111.12,111.12,111.12,111.12,111.12,111.12,111.12,111.12,111.12,111.12,111.37,111.37,111.37,111.37,111.37,111.37,111.37,111.37,111.37,111.37,111.37,108.76,110.90,110.90,110.90,110.90,110.90,,,,,,,,,,,,,,,,,,,,,,,,,,,,,,,,,,,,,,,,,,,,,,,,
Subclase,0.005689856,12531,Seguro relacionado con la salud,100.70,99.63,99.63,99.63,99.63,99.63,99.63,99.63,99.63,98.38,98.38,98.38,98.63,98.63,98.63,98.63,98.63,98.63,98.63,98.63,98.63,98.63,98.63,98.63,100.38,100.38,95.67,95.67,95.67,95.67,95.67,95.67,95.67,95.67,95.67,95.67,96.46,96.46,96.46,96.46,96.46,96.46,96.46,96.46,96.46,96.46,96.46,96.46,96.46,95.13,95.13,95.13,95.13,95.13,95.13,95.13,95.13,95.13,95.13,95.13,94.21,97.78,97.78,97.78,97.78,97.78,97.78,97.78,97.78,97.78,97.78,97.78,99.18,99.49,99.49,99.49,99.49,99.49,99.49,99.49,99.49,99.49,99.49,99.49,102.20,102.32,102.32,102.32,102.32,102.32,102.32,102.32,102.32,102.32,102.32,102.32,107.48,107.99,107.99,107.99,107.99,107.99,107.99,107.99,107.99,107.99,107.99,107.99,110.76,111.12,111.12,111.12,111.12,111.12,111.12,111.12,111.12,111.12,111.12,111.12,111.12,111.37,111.37,111.37,111.37,111.37,111.37,111.37,111.37,111.37,111.37,111.37,108.76,110.90,110.90,110.90,110.90,110.90,,,,,,,,,,,,,,,,,,,,,,,,,,,,,,,,,,,,,,,,,,,,,,,,
Producto,0.005689856,12531354,SEGURO DE SALUD,100.70,99.63,99.63,99.63,99.63,99.63,99.63,99.63,99.63,98.38,98.38,98.38,98.63,98.63,98.63,98.63,98.63,98.63,98.63,98.63,98.63,98.63,98.63,98.63,100.38,100.38,95.67,95.67,95.67,95.67,95.67,95.67,95.67,95.67,95.67,95.67,96.46,96.46,96.46,96.46,96.46,96.46,96.46,96.46,96.46,96.46,96.46,96.46,96.46,95.13,95.13,95.13,95.13,95.13,95.13,95.13,95.13,95.13,95.13,95.13,94.21,97.78,97.78,97.78,97.78,97.78,97.78,97.78,97.78,97.78,97.78,97.78,99.18,99.49,99.49,99.49,99.49,99.49,99.49,99.49,99.49,99.49,99.49,99.49,102.20,102.32,102.32,102.32,102.32,102.32,102.32,102.32,102.32,102.32,102.32,102.32,107.48,107.99,107.99,107.99,107.99,107.99,107.99,107.99,107.99,107.99,107.99,107.99,110.76,111.12,111.12,111.12,111.12,111.12,111.12,111.12,111.12,111.12,111.12,111.12,111.12,111.37,111.37,111.37,111.37,111.37,111.37,111.37,111.37,111.37,111.37,111.37,108.76,110.90,110.90,110.90,110.90,110.90,,,,,,,,,,,,,,,,,,,,,,,,,,,,,,,,,,,,,,,,,,,,,,,,
Clase,0.006315305,1254,Seguro relacionado con el transporte (S),99.57,99.57,99.57,99.57,99.57,99.57,99.57,99.57,99.57,99.57,99.57,99.57,99.57,99.57,99.57,99.57,99.57,99.57,99.57,99.57,99.57,99.57,99.57,99.57,99.57,99.57,99.57,99.57,99.57,99.57,99.57,99.57,99.57,99.57,99.57,99.57,99.57,99.57,99.57,99.57,99.57,99.57,99.57,99.57,99.57,99.57,99.57,99.57,99.57,99.57,99.57,99.57,99.57,99.57,99.57,99.57,99.57,99.57,99.57,99.57,99.57,99.57,99.57,99.57,99.57,99.57,99.57,99.57,99.57,99.57,99.57,99.57,99.57,99.57,99.57,99.57,99.57,99.57,99.57,99.57,99.57,99.57,99.57,99.57,99.57,99.57,99.57,99.57,99.57,99.57,99.57,99.57,99.57,99.57,99.57,99.57,99.57,99.57,99.57,99.57,99.57,99.57,99.57,99.57,99.57,99.57,99.57,99.57,99.57,99.57,99.57,99.57,99.57,99.57,99.57,99.57,99.57,99.57,99.57,99.57,99.57,99.57,99.57,99.57,99.57,99.57,99.57,99.57,99.57,99.57,99.57,99.57,99.57,99.57,99.57,99.57,99.57,99.57,,,,,,,,,,,,,,,,,,,,,,,,,,,,,,,,,,,,,,,,,,,,,,,,
Subclase,0.006315305,12541,Seguro relacionado con el transporte,99.57,99.57,99.57,99.57,99.57,99.57,99.57,99.57,99.57,99.57,99.57,99.57,99.57,99.57,99.57,99.57,99.57,99.57,99.57,99.57,99.57,99.57,99.57,99.57,99.57,99.57,99.57,99.57,99.57,99.57,99.57,99.57,99.57,99.57,99.57,99.57,99.57,99.57,99.57,99.57,99.57,99.57,99.57,99.57,99.57,99.57,99.57,99.57,99.57,99.57,99.57,99.57,99.57,99.57,99.57,99.57,99.57,99.57,99.57,99.57,99.57,99.57,99.57,99.57,99.57,99.57,99.57,99.57,99.57,99.57,99.57,99.57,99.57,99.57,99.57,99.57,99.57,99.57,99.57,99.57,99.57,99.57,99.57,99.57,99.57,99.57,99.57,99.57,99.57,99.57,99.57,99.57,99.57,99.57,99.57,99.57,99.57,99.57,99.57,99.57,99.57,99.57,99.57,99.57,99.57,99.57,99.57,99.57,99.57,99.57,99.57,99.57,99.57,99.57,99.57,99.57,99.57,99.57,99.57,99.57,99.57,99.57,99.57,99.57,99.57,99.57,99.57,99.57,99.57,99.57,99.57,99.57,99.57,99.57,99.57,99.57,99.57,99.57,,,,,,,,,,,,,,,,,,,,,,,,,,,,,,,,,,,,,,,,,,,,,,,,
Producto,0.006315305,12541355,SEGURO DE VEHÍCULO,99.57,99.57,99.57,99.57,99.57,99.57,99.57,99.57,99.57,99.57,99.57,99.57,99.57,99.57,99.57,99.57,99.57,99.57,99.57,99.57,99.57,99.57,99.57,99.57,99.57,99.57,99.57,99.57,99.57,99.57,99.57,99.57,99.57,99.57,99.57,99.57,99.57,99.57,99.57,99.57,99.57,99.57,99.57,99.57,99.57,99.57,99.57,99.57,99.57,99.57,99.57,99.57,99.57,99.57,99.57,99.57,99.57,99.57,99.57,99.57,99.57,99.57,99.57,99.57,99.57,99.57,99.57,99.57,99.57,99.57,99.57,99.57,99.57,99.57,99.57,99.57,99.57,99.57,99.57,99.57,99.57,99.57,99.57,99.57,99.57,99.57,99.57,99.57,99.57,99.57,99.57,99.57,99.57,99.57,99.57,99.57,99.57,99.57,99.57,99.57,99.57,99.57,99.57,99.57,99.57,99.57,99.57,99.57,99.57,99.57,99.57,99.57,99.57,99.57,99.57,99.57,99.57,99.57,99.57,99.57,99.57,99.57,99.57,99.57,99.57,99.57,99.57,99.57,99.57,99.57,99.57,99.57,99.57,99.57,99.57,99.57,99.57,99.57,,,,,,,,,,,,,,,,,,,,,,,,,,,,,,,,,,,,,,,,,,,,,,,,
Grupo,0.001417168,126,Servicios financieros n.e.p.,98.06,98.06,98.06,98.06,98.06,98.06,98.06,98.06,98.06,98.06,98.06,98.06,98.06,96.63,96.58,96.58,96.58,97.77,97.76,97.74,97.74,97.74,97.74,97.74,97.74,97.74,97.74,97.74,97.74,96.21,96.21,96.21,96.21,96.21,96.21,96.21,96.21,96.21,96.21,96.21,96.21,96.21,96.21,96.21,96.21,96.21,96.21,96.21,96.21,96.21,96.21,96.21,96.21,91.49,91.49,91.49,91.49,91.49,91.49,91.49,91.49,91.49,91.49,91.49,91.49,91.49,91.49,91.49,91.49,91.49,91.49,91.49,91.49,91.49,91.49,91.49,91.49,91.49,91.49,91.49,91.49,91.49,91.49,91.49,91.49,91.49,91.49,91.49,91.49,91.49,91.49,91.49,91.49,91.49,91.49,91.49,91.49,91.49,91.49,91.49,91.49,91.49,91.49,91.49,91.49,91.49,91.49,91.49,91.49,91.49,91.49,94.03,94.03,94.03,94.03,94.03,94.03,94.03,94.03,94.03,94.03,94.03,94.03,94.03,94.03,94.03,94.03,94.03,94.03,94.03,94.03,94.03,94.03,94.03,94.03,94.03,94.03,94.03,,,,,,,,,,,,,,,,,,,,,,,,,,,,,,,,,,,,,,,,,,,,,,,,
Clase,0.001417168,1262,Otros servicios financieros n.e.p. (S),98.06,98.06,98.06,98.06,98.06,98.06,98.06,98.06,98.06,98.06,98.06,98.06,98.06,96.63,96.58,96.58,96.58,97.77,97.76,97.74,97.74,97.74,97.74,97.74,97.74,97.74,97.74,97.74,97.74,96.21,96.21,96.21,96.21,96.21,96.21,96.21,96.21,96.21,96.21,96.21,96.21,96.21,96.21,96.21,96.21,96.21,96.21,96.21,96.21,96.21,96.21,96.21,96.21,91.49,91.49,91.49,91.49,91.49,91.49,91.49,91.49,91.49,91.49,91.49,91.49,91.49,91.49,91.49,91.49,91.49,91.49,91.49,91.49,91.49,91.49,91.49,91.49,91.49,91.49,91.49,91.49,91.49,91.49,91.49,91.49,91.49,91.49,91.49,91.49,91.49,91.49,91.49,91.49,91.49,91.49,91.49,91.49,91.49,91.49,91.49,91.49,91.49,91.49,91.49,91.49,91.49,91.49,91.49,91.49,91.49,91.49,94.03,94.03,94.03,94.03,94.03,94.03,94.03,94.03,94.03,94.03,94.03,94.03,94.03,94.03,94.03,94.03,94.03,94.03,94.03,94.03,94.03,94.03,94.03,94.03,94.03,94.03,94.03,,,,,,,,,,,,,,,,,,,,,,,,,,,,,,,,,,,,,,,,,,,,,,,,
Subclase,0.001417168,12621,Servicios financieros,98.06,98.06,98.06,98.06,98.06,98.06,98.06,98.06,98.06,98.06,98.06,98.06,98.06,96.63,96.58,96.58,96.58,97.77,97.76,97.74,97.74,97.74,97.74,97.74,97.74,97.74,97.74,97.74,97.74,96.21,96.21,96.21,96.21,96.21,96.21,96.21,96.21,96.21,96.21,96.21,96.21,96.21,96.21,96.21,96.21,96.21,96.21,96.21,96.21,96.21,96.21,96.21,96.21,91.49,91.49,91.49,91.49,91.49,91.49,91.49,91.49,91.49,91.49,91.49,91.49,91.49,91.49,91.49,91.49,91.49,91.49,91.49,91.49,91.49,91.49,91.49,91.49,91.49,91.49,91.49,91.49,91.49,91.49,91.49,91.49,91.49,91.49,91.49,91.49,91.49,91.49,91.49,91.49,91.49,91.49,91.49,91.49,91.49,91.49,91.49,91.49,91.49,91.49,91.49,91.49,91.49,91.49,91.49,91.49,91.49,91.49,94.03,94.03,94.03,94.03,94.03,94.03,94.03,94.03,94.03,94.03,94.03,94.03,94.03,94.03,94.03,94.03,94.03,94.03,94.03,94.03,94.03,94.03,94.03,94.03,94.03,94.03,94.03,,,,,,,,,,,,,,,,,,,,,,,,,,,,,,,,,,,,,,,,,,,,,,,,
Producto,0.001417168,12621356,SERVICIOS BANCARIOS,98.06,98.06,98.06,98.06,98.06,98.06,98.06,98.06,98.06,98.06,98.06,98.06,98.06,96.63,96.58,96.58,96.58,97.77,97.76,97.74,97.74,97.74,97.74,97.74,97.74,97.74,97.74,97.74,97.74,96.21,96.21,96.21,96.21,96.21,96.21,96.21,96.21,96.21,96.21,96.21,96.21,96.21,96.21,96.21,96.21,96.21,96.21,96.21,96.21,96.21,96.21,96.21,96.21,91.49,91.49,91.49,91.49,91.49,91.49,91.49,91.49,91.49,91.49,91.49,91.49,91.49,91.49,91.49,91.49,91.49,91.49,91.49,91.49,91.49,91.49,91.49,91.49,91.49,91.49,91.49,91.49,91.49,91.49,91.49,91.49,91.49,91.49,91.49,91.49,91.49,91.49,91.49,91.49,91.49,91.49,91.49,91.49,91.49,91.49,91.49,91.49,91.49,91.49,91.49,91.49,91.49,91.49,91.49,91.49,91.49,91.49,94.03,94.03,94.03,94.03,94.03,94.03,94.03,94.03,94.03,94.03,94.03,94.03,94.03,94.03,94.03,94.03,94.03,94.03,94.03,94.03,94.03,94.03,94.03,94.03,94.03,94.03,94.03,,,,,,,,,,,,,,,,,,,,,,,,,,,,,,,,,,,,,,,,,,,,,,,,
Grupo,0.019827646,127,Otros servicios n.e.p.,103.02,107.52,107.50,107.50,107.38,107.18,107.08,107.08,107.08,107.17,107.07,106.69,108.25,108.43,108.50,108.50,108.38,108.57,108.66,109.92,110.10,110.53,110.78,109.76,107.43,107.44,107.44,107.79,107.66,107.27,107.95,107.95,107.76,107.98,107.98,107.98,117.76,119.29,120.82,121.48,121.48,121.26,121.02,120.93,120.63,120.63,120.63,120.69,120.37,120.37,119.71,119.71,119.63,119.24,119.24,119.19,119.18,118.92,117.64,117.14,117.31,117.14,117.14,117.14,117.14,116.99,117.02,117.02,117.83,112.29,112.56,112.88,114.04,114.04,114.24,113.92,113.87,113.89,114.08,115.17,115.38,114.92,115.96,115.49,115.18,115.53,116.17,116.15,116.35,117.83,118.12,118.77,119.59,119.53,119.40,120.35,119.87,120.02,119.99,120.09,120.18,120.18,120.24,119.32,119.10,119.03,119.22,119.11,119.24,119.24,119.34,119.89,119.57,119.20,119.83,119.51,118.78,119.22,119.11,119.11,120.83,120.79,120.73,120.79,120.78,120.85,120.91,120.93,120.98,120.98,121.18,121.50,121.59,122.21,122.32,123.23,123.23,123.94,,,,,,,,,,,,,,,,,,,,,,,,,,,,,,,,,,,,,,,,,,,,,,,,
Clase,0.019827646,1270,Otros servicios n.e.p. (S),103.02,107.52,107.50,107.50,107.38,107.18,107.08,107.08,107.08,107.17,107.07,106.69,108.25,108.43,108.50,108.50,108.38,108.57,108.66,109.92,110.10,110.53,110.78,109.76,107.43,107.44,107.44,107.79,107.66,107.27,107.95,107.95,107.76,107.98,107.98,107.98,117.76,119.29,120.82,121.48,121.48,121.26,121.02,120.93,120.63,120.63,120.63,120.69,120.37,120.37,119.71,119.71,119.63,119.24,119.24,119.19,119.18,118.92,117.64,117.14,117.31,117.14,117.14,117.14,117.14,116.99,117.02,117.02,117.83,112.29,112.56,112.88,114.04,114.04,114.24,113.92,113.87,113.89,114.08,115.17,115.38,114.92,115.96,115.49,115.18,115.53,116.17,116.15,116.35,117.83,118.12,118.77,119.59,119.53,119.40,120.35,119.87,120.02,119.99,120.09,120.18,120.18,120.24,119.32,119.10,119.03,119.22,119.11,119.24,119.24,119.34,119.89,119.57,119.20,119.83,119.51,118.78,119.22,119.11,119.11,120.83,120.79,120.73,120.79,120.78,120.85,120.91,120.93,120.98,120.98,121.18,121.50,121.59,122.21,122.32,123.23,123.23,123.94,,,,,,,,,,,,,,,,,,,,,,,,,,,,,,,,,,,,,,,,,,,,,,,,
Subclase,0.019827646,12701,"Servicios judiciales, sociales y fotocopias",103.02,107.52,107.50,107.50,107.38,107.18,107.08,107.08,107.08,107.17,107.07,106.69,108.25,108.43,108.50,108.50,108.38,108.57,108.66,109.92,110.10,110.53,110.78,109.76,107.43,107.44,107.44,107.79,107.66,107.27,107.95,107.95,107.76,107.98,107.98,107.98,117.76,119.29,120.82,121.48,121.48,121.26,121.02,120.93,120.63,120.63,120.63,120.69,120.37,120.37,119.71,119.71,119.63,119.24,119.24,119.19,119.18,118.92,117.64,117.14,117.31,117.14,117.14,117.14,117.14,116.99,117.02,117.02,117.83,112.29,112.56,112.88,114.04,114.04,114.24,113.92,113.87,113.89,114.08,115.17,115.38,114.92,115.96,115.49,115.18,115.53,116.17,116.15,116.35,117.83,118.12,118.77,119.59,119.53,119.40,120.35,119.87,120.02,119.99,120.09,120.18,120.18,120.24,119.32,119.10,119.03,119.22,119.11,119.24,119.24,119.34,119.89,119.57,119.20,119.83,119.51,118.78,119.22,119.11,119.11,120.83,120.79,120.73,120.79,120.78,120.85,120.91,120.93,120.98,120.98,121.18,121.50,121.59,122.21,122.32,123.23,123.23,123.94,,,,,,,,,,,,,,,,,,,,,,,,,,,,,,,,,,,,,,,,,,,,,,,,
Producto,0.007328097,12701357,GASTOS COMPROMISOS SOCIALES,102.44,102.69,102.63,102.63,102.30,101.77,101.49,101.49,101.49,101.73,101.73,101.23,101.23,101.73,101.73,101.73,101.26,102.21,102.27,102.27,101.28,102.44,104.05,101.27,102.78,100.72,100.72,101.68,101.31,101.76,102.33,102.33,101.80,102.40,102.40,102.40,98.87,99.87,104.30,106.09,106.09,105.51,104.86,104.61,103.80,103.80,103.80,103.80,102.94,102.94,101.15,101.15,100.94,99.88,99.88,99.89,99.88,99.01,97.80,96.59,97.05,96.60,96.60,96.60,96.60,96.19,96.27,96.27,96.88,81.09,81.81,82.67,82.67,82.67,83.19,82.18,82.03,81.91,81.95,81.47,82.06,80.49,80.66,81.51,80.55,81.66,83.39,83.34,83.89,83.89,84.37,85.86,85.88,85.57,85.81,85.81,84.49,84.83,84.73,84.73,84.48,84.48,84.64,82.16,81.56,81.38,81.87,81.57,81.92,81.92,81.99,82.40,81.90,80.53,81.81,80.95,79.24,80.78,80.50,80.50,80.35,80.24,80.06,80.24,80.22,80.38,80.56,80.60,80.74,80.75,81.03,81.91,81.87,83.54,83.59,83.59,83.59,85.52,,,,,,,,,,,,,,,,,,,,,,,,,,,,,,,,,,,,,,,,,,,,,,,,
Producto,0.007345759,12701358,SERVICIOS JUDICIALES,107.08,118.98,118.98,118.98,118.98,118.98,118.98,118.98,118.98,118.98,118.98,118.98,123.01,123.01,123.01,123.01,123.01,123.01,123.01,123.01,123.01,123.01,123.01,123.01,118.09,118.09,118.09,118.09,118.09,118.09,118.09,118.09,118.09,118.09,118.09,118.09,147.89,147.89,147.89,147.89,147.89,147.89,147.89,147.89,147.89,147.89,147.89,147.89,147.89,147.89,147.89,147.89,147.89,147.89,147.89,147.89,147.89,147.89,147.89,147.89,147.89,147.89,147.89,147.89,147.89,147.89,147.89,147.89,147.89,147.89,147.89,147.89,147.89,147.89,147.89,147.89,147.89,147.89,147.89,147.89,147.89,147.89,147.89,147.89,147.89,147.89,147.89,147.89,147.89,147.89,147.89,147.89,147.89,147.89,147.89,147.89,147.89,147.89,147.89,147.89,147.89,147.89,147.89,147.89,147.89,147.89,147.89,147.89,147.89,147.89,147.89,147.89,147.89,147.89,147.89,147.89,147.89,147.89,147.89,147.89,152.33,152.33,152.33,152.33,152.33,152.33,152.33,152.33,152.33,152.33,152.33,152.33,152.33,152.33,152.33,152.33,152.33,152.33,,,,,,,,,,,,,,,,,,,,,,,,,,,,,,,,,,,,,,,,,,,,,,,,
Producto,0.005153791,12701359,FOTOCOPIAS,98.06,98.06,98.06,98.06,98.06,98.06,98.06,98.06,98.06,98.06,97.68,96.94,97.18,97.18,97.44,97.44,97.64,97.03,97.28,102.15,104.24,104.24,102.93,102.93,98.83,101.81,101.81,101.81,101.81,99.66,101.49,101.49,101.49,101.49,101.49,101.49,101.68,106.15,105.71,105.71,105.71,105.71,105.71,105.71,105.71,105.71,105.71,105.92,105.92,105.92,105.92,105.92,105.92,105.92,105.92,105.71,105.71,105.92,102.73,102.52,102.52,102.52,102.52,102.52,102.52,102.52,102.52,102.52,104.77,105.92,105.92,105.92,110.42,110.42,110.42,110.65,110.65,110.88,111.59,116.43,116.43,116.89,120.63,117.63,117.78,117.55,117.55,117.55,117.55,123.22,123.66,124.05,127.17,127.40,126.54,130.23,130.23,130.35,130.35,130.74,131.45,131.45,131.45,131.45,131.45,131.45,131.45,131.45,131.45,131.45,131.75,133.28,132.78,133.28,133.88,133.88,133.51,133.01,133.01,133.01,133.51,133.51,133.51,133.51,133.51,133.51,133.51,133.51,133.51,133.51,133.85,133.85,134.25,134.25,134.62,138.10,138.10,138.10,,,,,,,,,,,,,,,,,,,,,,,,,,,,,,,,,,,,,,,,,,,,,,,,
,,,,,,,,,,,,,,,,,,,,,,,,,,,,,,,,,,,,,,,,,,,,,,,,,,,,,,,,,,,,,,,,,,,,,,,,,,,,,,,,,,,,,,,,,,,,,,,,,,,,,,,,,,,,,,,,,,,,,,,,,,,,,,,,,,,,,,,,,,,,,,,,,,,,,,,,,,,,,,,,,,,,,,,,,,,,,,,,,,,,,,,,,,,,,
Nota:,,,,,,,,,,,,,,,,,,,,,,,,,,,,,,,,,,,,,,,,,,,,,,,,,,,,,,,,,,,,,,,,,,,,,,,,,,,,,,,,,,,,,,,,,,,,,,,,,,,,,,,,,,,,,,,,,,,,,,,,,,,,,,,,,,,,,,,,,,,,,,,,,,,,,,,,,,,,,,,,,,,,,,,,,,,,,,,,,,,,,,,,,,,,,
CCIF corresponde a las siglas de la Clasificación del Consumo Individual por Finalidades,,,,,,,,,,,,,,,,,,,,,,,,,,,,,,,,,,,,,,,,,,,,,,,,,,,,,,,,,,,,,,,,,,,,,,,,,,,,,,,,,,,,,,,,,,,,,,,,,,,,,,,,,,,,,,,,,,,,,,,,,,,,,,,,,,,,,,,,,,,,,,,,,,,,,,,,,,,,,,,,,,,,,,,,,,,,,,,,,,,,,,,,,,,,,
,,,,,,,,,,,,,,,,,,,,,,,,,,,,,,,,,,,,,,,,,,,,,,,,,,,,,,,,,,,,,,,,,,,,,,,,,,,,,,,,,,,,,,,,,,,,,,,,,,,,,,,,,,,,,,,,,,,,,,,,,,,,,,,,,,,,,,,,,,,,,,,,,,,,,,,,,,,,,,,,,,,,,,,,,,,,,,,,,,,,,,,,,,,,,
Fuente: Índice de Precios al Consumidor,,,,,,,,,,,,,,,,,,,,,,,,,,,,,,,,,,,,,,,,,,,,,,,,,,,,,,,,,,,,,,,,,,,,,,,,,,,,,,,,,,,,,,,,,,,,,,,,,,,,,,,,,,,,,,,,,,,,,,,,,,,,,,,,,,,,,,,,,,,,,,,,,,,,,,,,,,,,,,,,,,,,,,,,,,,,,,,,,,,,,,,,,,,,,
,,,,,,,,,,,,,,,,,,,,,,,,,,,,,,,,,,,,,,,,,,,,,,,,,,,,,,,,,,,,,,,,,,,,,,,,,,,,,,,,,,,,,,,,,,,,,,,,,,,,,,,,,,,,,,,,,,,,,,,,,,,,,,,,,,,,,,,,,,,,,,,,,,,,,,,,,,,,,,,,,,,,,,,,,,,,,,,,,,,,,,,,,,,,,
