,,,,,,,,,,,,,,,,,,,,,,,,,,,,,,,,,,,,,,,,,,,,,,,,,,,,,,,,,,,,,,,,,,,,,,,,,,,,,,,,,,,,,,,,,,,,,,,,,,,,,,,,,,,,,,,,,,,,,,,,,,,,,,,,,,,,,,,,,,,,,
,,,,,,,,,,,,,,,,,,,,,,,,,,,,,,,,,,,,,,,,,,,,,,,,,,,,,,,,,,,,,,,,,,,,,,,,,,,,,,,,,,,,,,,,,,,,,,,,,,,,,,,,,,,,,,,,,,,,,,,,,,,,,,,,,,,,,,,,,,,,,
ÍNDICE DE PRECIOS AL CONSUMIDOR - IPC -,,,,,,,,,,,,,,,,,,,,,,,,,,,,,,,,,,,,,,,,,,,,,,,,,,,,,,,,,,,,,,,,,,,,,,,,,,,,,,,,,,,,,,,,,,,,,,,,,,,,,,,,,,,,,,,,,,,,,,,,,,,,,,,,,,,,,,,,,,,,,
ÍNDICE GENERAL LOJA,,,,,,,,,,,,,,,,,,,,,,,,,,,,,,,,,,,,,,,,,,,,,,,,,,,,,,,,,,,,,,,,,,,,,,,,,,,,,,,,,,,,,,,,,,,,,,,,,,,,,,,,,,,,,,,,,,,,,,,,,,,,,,,,,,,,,,,,,,,,,
Nivel,Ponderación,Cód. CCIF,Descripción CCIF,ene-15,feb-15,mar-15,abr-15,may-15,jun-15,jul-15,ago-15,sep-15,oct-15,nov-15,dic-15,ene-16,feb-16,mar-16,abr-16,may-16,jun-16,jul-16,ago-16,sep-16,oct-16,nov-16,dic-16,ene-17,feb-17,mar-17,abr-17,may-17,jun-17,jul-17,ago-17,sep-17,oct-17,nov-17,dic-17,ene-18,feb-18,mar-18,abr-18,may-18,jun-18,jul-18,ago-18,sep-18,oct-18,nov-18,dic-18,ene-19,feb-19,mar-19,abr-19,may-19,jun-19,jul-19,ago-19,sep-19,oct-19,nov-19,dic-19,ene-20,feb-20,mar-20,abr-20,may-20,jun-20,jul-20,ago-20,sep-20,oct-20,nov-20,dic-20,ene-21,feb-21,mar-21,abr-21,may-21,jun-21,jul-21,ago-21,sep-21,oct-21,nov-21,dic-21,ene-22,feb-22,mar-22,abr-22,may-22,jun-22,jul-22,ago-22,sep-22,oct-22,nov-22,dic-22,ene-23,feb-23,mar-23,abr-23,may-23,jun-23,jul-23,ago-23,sep-23,oct-23,nov-23,dic-23,ene-24,feb-24,mar-24,abr-24,may-24,jun-24,jul-24,ago-24,sep-24,oct-24,nov-24,dic-24,ene-25,feb-25,mar-25,abr-25,may-25,jun-25,jul-25,ago-25,sep-25,oct-25,nov-25,dic-25,ene-26,feb-26,mar-26,abr-26,may-26,jun-26
General,"1,000000",0,GENERAL,101.21,101.74,101.97,102.71,103.09,103.04,102.67,103.44,103.55,103.58,103.72,103.66,104.21,104.38,104.44,104.29,103.96,104.25,104.27,104.09,104.14,104.03,103.89,103.72,103.69,103.72,104.19,104.52,104.42,103.91,103.89,103.81,103.95,103.86,103.51,103.53,103.59,103.84,103.77,103.58,103.61,103.19,103.19,103.13,103.59,103.50,103.60,103.25,103.96,103.67,103.56,103.44,103.03,103.25,103.28,103.31,103.19,104.44,103.43,103.49,103.77,103.69,103.90,104.99,105.13,104.61,103.71,103.20,102.89,102.93,103.23,103.06,103.43,103.68,103.37,103.68,104.01,103.77,103.98,104.18,104.32,104.59,104.67,105.04,105.39,105.91,106.19,106.67,107.36,107.63,107.96,107.92,108.51,108.52,108.49,108.64,108.62,108.63,108.70,108.95,108.55,108.66,109.43,110.10,110.20,109.71,108.79,108.67,108.86,109.22,109.41,110.61,110.63,110.67,110.13,110.99,111.17,110.66,110.74,109.70,109.26,109.92,110.02,110.11,111.03,112.05,112.66,112.75,113.31,113.85,112.90,112.63,113.18,113.48,113.73,113.93,114.00,113.61
División,0.224503124,01,Alimentos y bebidas no alcohólicas,102.46,101.82,102.26,102.82,103.12,102.60,102.36,102.50,102.40,102.89,102.88,102.51,103.94,104.37,105.54,104.72,103.46,104.01,104.06,103.49,103.11,102.86,103.19,104.34,104.57,104.30,105.21,106.27,105.91,105.73,105.40,105.13,105.29,104.31,102.93,103.12,102.66,103.37,103.31,103.10,102.99,101.71,102.25,102.05,103.70,103.32,103.78,102.74,104.00,103.80,104.01,103.29,101.95,102.17,102.32,102.30,102.46,103.67,102.86,102.73,103.71,103.93,105.11,108.93,109.20,106.62,104.58,103.54,102.65,102.26,103.16,102.98,104.00,105.44,104.10,104.24,104.25,103.15,103.03,102.87,102.84,102.78,102.80,103.26,104.59,106.04,106.33,107.52,108.25,109.55,110.61,110.37,110.72,110.72,111.32,111.68,111.06,111.35,111.97,112.47,111.38,111.77,114.75,117.95,118.99,116.33,112.86,112.48,112.90,113.70,113.99,114.38,114.53,114.04,113.15,113.80,114.77,113.52,113.87,113.51,112.95,114.47,114.38,115.23,114.22,117.74,118.97,119.73,121.24,123.36,119.39,117.36,118.55,119.84,119.18,117.79,117.78,114.65
Grupo,0.199535008,011,Alimentos,102.60,101.85,102.28,102.91,103.19,102.61,102.32,102.38,102.36,102.81,102.79,102.42,103.93,104.32,105.59,104.69,103.32,103.53,103.51,103.07,102.59,102.32,102.89,103.96,104.20,103.82,104.81,105.93,105.48,105.66,105.28,105.03,105.20,104.11,102.56,102.55,102.09,102.93,102.87,102.58,102.40,101.02,101.64,101.46,103.17,102.80,103.35,102.25,103.66,103.33,103.56,102.74,101.34,101.62,101.77,101.73,101.91,103.23,102.46,102.31,103.33,103.53,104.79,108.90,109.20,106.48,104.30,103.28,102.38,101.85,102.84,102.61,103.72,105.26,103.82,103.99,104.04,102.92,102.70,102.55,102.58,102.37,102.34,102.80,104.24,105.76,106.05,107.20,108.00,109.38,110.52,110.20,110.49,110.39,111.05,111.38,110.77,111.13,111.74,112.28,111.01,111.33,114.54,118.01,119.15,116.32,112.50,112.08,112.49,113.47,113.74,113.98,114.04,113.53,112.61,113.20,114.20,112.87,113.22,112.89,112.25,113.82,113.72,114.47,113.34,117.09,118.43,119.24,120.93,123.28,118.94,116.80,117.98,119.54,118.75,117.22,117.06,113.74
Clase,0.039444215,0111,Pan y cereales (ND),98.04,97.67,99.07,98.35,100.97,102.09,102.33,100.86,100.93,101.18,99.55,99.35,101.49,101.36,100.46,102.82,102.55,102.66,102.72,101.54,102.38,103.08,102.90,102.24,103.32,103.41,104.36,106.30,107.37,107.81,106.73,107.42,107.05,104.62,102.74,103.09,102.48,101.15,102.04,100.56,100.04,99.62,102.48,102.44,101.61,102.16,102.59,103.21,103.48,102.16,102.47,105.68,102.58,103.99,103.51,103.24,101.60,100.59,102.23,102.85,103.26,103.45,104.31,104.81,104.55,105.21,103.17,101.80,102.81,103.65,104.25,102.86,103.92,103.90,105.29,104.47,105.57,105.22,106.25,106.40,106.02,106.26,105.77,105.89,106.42,106.02,106.39,107.65,112.68,116.79,116.80,117.09,117.96,118.78,119.08,119.19,119.59,120.19,120.81,120.71,120.23,120.80,122.62,124.63,125.87,127.09,126.81,127.21,126.63,127.95,128.22,127.47,127.39,128.01,127.35,127.32,127.24,126.32,125.55,124.77,124.81,124.10,124.40,125.12,125.18,124.82,125.73,125.56,124.24,123.69,124.75,125.87,125.48,125.37,123.97,124.09,123.91,122.80
Subclase,0.015467425,01111,Arroz,103.52,103.21,105.34,107.80,109.03,107.04,106.32,107.34,107.58,107.58,107.65,108.11,108.99,109.14,112.17,118.48,116.66,115.54,115.84,115.45,115.18,115.55,115.65,112.48,114.64,115.30,114.88,116.18,115.85,117.45,113.03,112.37,110.90,110.61,109.99,107.47,109.01,107.25,109.45,107.92,107.43,106.30,104.98,104.67,106.82,107.50,102.87,105.34,105.21,104.60,105.15,104.99,106.44,107.69,107.56,107.94,103.93,104.11,109.08,108.40,106.82,109.18,111.03,112.17,111.16,110.15,106.90,105.05,106.57,109.24,110.53,110.98,112.08,113.58,109.94,106.07,110.47,110.02,110.02,110.02,109.59,110.40,107.84,107.46,108.49,107.22,108.67,107.11,108.03,109.42,110.50,109.56,109.56,110.02,110.94,110.72,110.14,110.32,108.84,110.16,110.16,112.78,117.33,122.41,124.02,127.66,130.08,127.59,127.72,130.33,129.59,128.87,127.39,128.79,128.00,128.18,128.18,125.44,123.50,123.50,122.86,116.83,121.15,123.03,122.99,122.27,121.65,120.44,117.14,117.11,120.66,122.92,120.68,120.68,117.50,117.50,116.29,113.19
Producto,0.015467425,01111001,ARROZ,103.52,103.21,105.34,107.80,109.03,107.04,106.32,107.34,107.58,107.58,107.65,108.11,108.99,109.14,112.17,118.48,116.66,115.54,115.84,115.45,115.18,115.55,115.65,112.48,114.64,115.30,114.88,116.18,115.85,117.45,113.03,112.37,110.90,110.61,109.99,107.47,109.01,107.25,109.45,107.92,107.43,106.30,104.98,104.67,106.82,107.50,102.87,105.34,105.21,104.60,105.15,104.99,106.44,107.69,107.56,107.94,103.93,104.11,109.08,108.40,106.82,109.18,111.03,112.17,111.16,110.15,106.90,105.05,106.57,109.24,110.53,110.98,112.08,113.58,109.94,106.07,110.47,110.02,110.02,110.02,109.59,110.40,107.84,107.46,108.49,107.22,108.67,107.11,108.03,109.42,110.50,109.56,109.56,110.02,110.94,110.72,110.14,110.32,108.84,110.16,110.16,112.78,117.33,122.41,124.02,127.66,130.08,127.59,127.72,130.33,129.59,128.87,127.39,128.79,128.00,128.18,128.18,125.44,123.50,123.50,122.86,116.83,121.15,123.03,122.99,122.27,121.65,120.44,117.14,117.11,120.66,122.92,120.68,120.68,117.50,117.50,116.29,113.19
Subclase,0.001652284,01112,Cereales enteros y harinas,93.99,93.26,92.44,93.46,90.01,90.01,91.17,90.94,89.83,90.15,89.60,89.53,89.95,89.86,91.21,91.31,91.58,90.73,91.34,91.45,92.76,93.40,91.97,93.13,95.98,95.59,94.47,94.22,96.01,96.50,97.85,98.04,94.91,94.93,97.52,96.62,97.51,95.15,95.47,95.47,95.55,95.04,95.53,94.91,95.64,93.95,94.90,92.13,93.51,93.19,91.08,92.40,91.48,93.49,93.02,92.05,92.81,93.55,93.68,92.32,91.36,91.31,91.94,91.34,93.19,94.48,93.93,93.29,93.60,95.07,92.96,93.03,93.81,91.92,92.60,92.69,91.99,91.68,92.71,92.82,94.31,93.50,94.97,97.20,97.34,97.77,96.52,97.01,96.63,98.50,97.70,97.58,97.58,98.30,99.87,97.69,100.78,99.82,99.02,97.90,99.26,99.28,98.37,99.10,102.20,101.04,101.41,102.67,101.48,102.10,101.72,101.58,101.08,101.72,99.91,102.41,100.93,101.18,100.77,101.24,101.38,101.33,101.06,100.06,101.65,100.21,98.59,99.68,100.36,97.14,97.12,98.19,97.33,96.72,95.64,96.72,96.77,94.78
Producto,0.000491913,01112002,CEREALES ENTEROS,93.17,91.74,89.72,92.17,85.44,85.44,85.44,84.70,84.70,83.82,83.82,84.70,84.70,85.16,86.63,86.63,86.63,86.63,85.97,85.97,87.94,88.58,86.62,86.62,89.24,89.24,89.57,89.24,88.54,90.31,92.41,92.41,86.99,86.99,92.06,92.41,92.06,88.22,88.22,88.22,88.22,88.22,88.64,88.64,88.64,88.30,87.61,84.28,83.97,83.97,83.31,83.97,82.18,82.94,81.82,82.78,83.38,83.38,83.38,83.82,83.50,80.85,82.18,80.64,82.83,83.63,82.79,85.05,85.05,85.05,84.34,85.05,84.76,84.76,82.41,84.29,84.29,84.29,83.62,82.20,87.02,85.77,89.58,89.16,88.72,89.36,89.36,89.36,90.62,90.62,90.28,88.73,88.73,87.96,88.40,88.29,88.29,88.29,88.88,89.42,89.42,90.01,90.01,93.46,97.52,96.50,96.69,97.35,95.87,97.23,97.23,97.23,95.03,96.86,96.86,96.04,95.56,94.96,94.45,95.04,95.04,95.04,94.12,94.12,94.12,94.12,91.34,91.47,92.42,88.39,88.39,87.80,87.30,87.30,85.66,88.09,88.95,87.59
Producto,0.000721598,01112003,HARINA DE TRIGO,91.15,91.15,92.00,91.67,91.67,91.67,92.83,92.50,88.03,91.15,88.95,88.37,90.74,88.70,90.00,89.32,90.39,87.71,90.12,90.56,90.48,90.48,87.82,89.17,88.71,88.71,85.94,85.94,89.78,89.37,89.40,89.40,88.97,89.04,89.04,85.77,89.04,87.46,87.97,87.97,87.97,86.75,88.22,85.16,87.92,82.48,86.43,81.09,88.55,88.55,80.45,84.38,82.42,88.95,89.71,83.84,85.32,89.12,89.12,83.28,79.43,85.12,84.93,85.66,85.52,87.07,86.06,78.44,79.85,85.59,79.13,76.40,81.11,76.02,83.58,81.39,78.35,77.08,79.76,83.39,78.32,77.64,75.29,84.27,85.19,85.34,82.89,83.83,80.26,84.65,82.98,88.22,88.22,89.95,93.18,87.40,91.41,89.15,86.84,85.41,87.55,86.40,83.55,78.63,82.70,81.27,83.68,85.29,85.32,85.63,82.19,81.62,83.40,82.99,76.89,86.95,83.45,85.67,88.17,87.30,87.85,87.36,86.63,81.92,87.65,87.65,87.48,89.72,89.86,88.09,82.96,89.24,86.03,86.03,86.41,85.29,80.42,77.47
Producto,0.000438773,01112004,HARINA DE OTROS CEREALES,98.75,98.75,98.75,98.11,98.11,98.11,101.73,102.72,102.72,102.72,102.72,101.13,100.43,101.16,102.32,103.47,103.47,102.70,104.16,104.16,105.49,106.82,107.84,111.29,118.11,116.46,113.95,113.63,118.62,117.28,118.40,119.23,118.17,118.17,118.17,117.04,118.09,118.09,118.90,118.90,119.24,118.41,118.01,118.61,118.77,118.11,119.45,120.60,119.22,117.88,118.93,118.93,120.94,120.94,120.60,120.60,120.94,120.06,120.60,120.06,120.77,120.28,120.28,120.28,123.50,125.59,126.12,126.55,126.37,126.55,125.99,127.58,126.55,123.96,123.96,122.60,122.85,122.85,125.80,125.53,126.74,126.74,127.16,128.02,128.61,128.86,126.17,127.25,126.70,129.96,129.10,126.40,126.40,129.27,131.54,128.69,137.47,135.81,133.60,129.23,132.67,132.67,131.87,132.67,132.67,131.53,130.11,132.31,130.45,129.83,131.82,131.82,132.60,131.79,130.56,132.28,130.80,130.80,127.57,129.16,129.16,129.48,131.11,131.85,132.49,126.49,125.82,127.79,128.41,125.43,130.72,129.91,130.75,128.16,126.74,127.25,130.70,128.36
Subclase,0.001737414,01113,Gramíneas y derivados,97.87,97.87,97.24,97.24,96.41,96.41,95.14,94.98,95.71,95.12,95.12,94.69,94.20,94.20,94.85,94.27,93.66,95.52,96.27,95.60,96.43,96.16,96.01,96.45,97.75,94.63,97.69,97.93,98.48,97.07,96.63,95.89,95.89,95.35,95.88,95.46,96.52,96.52,96.52,96.52,93.22,96.61,96.45,94.80,96.58,91.75,92.14,96.01,96.01,88.10,88.10,92.65,94.53,95.97,95.97,95.97,95.33,95.08,94.91,95.40,95.08,95.31,94.92,95.77,95.36,99.25,98.21,100.20,98.31,103.11,105.73,106.45,106.81,106.01,102.52,106.89,107.92,106.91,106.72,103.95,102.23,101.95,102.37,104.04,104.70,105.71,106.09,106.81,108.73,106.13,105.50,106.61,106.80,108.68,108.36,108.36,114.29,113.07,115.28,115.29,114.51,110.88,119.15,117.22,118.19,119.48,118.53,121.25,121.25,118.24,117.16,114.11,115.22,116.30,118.93,118.93,119.70,119.64,119.08,116.37,119.30,119.76,119.99,119.21,119.29,116.58,116.10,117.95,117.23,117.84,119.70,121.25,120.02,121.67,119.05,121.04,122.64,120.15
Producto,0.000784285,01113005,AVENA,99.13,99.13,99.13,99.13,99.13,99.13,98.45,98.45,100.11,97.39,97.39,96.40,95.28,95.28,96.76,95.45,95.45,96.18,97.90,96.18,96.18,97.23,96.91,97.90,98.79,98.79,97.17,97.72,98.96,97.95,97.95,97.95,97.95,96.73,97.94,96.97,97.28,97.28,97.28,97.28,97.28,96.94,96.21,96.21,97.66,96.20,97.09,98.00,98.00,96.73,96.73,96.04,96.04,96.73,96.73,96.73,96.73,96.17,95.78,96.91,96.17,96.04,95.16,97.09,96.91,105.65,103.27,107.81,111.30,121.07,120.72,121.38,120.36,118.52,120.28,125.45,127.80,127.80,125.06,126.18,122.25,121.62,121.62,125.57,125.57,127.87,127.87,129.52,126.10,121.81,122.91,122.91,123.34,126.94,126.21,126.21,138.12,133.13,135.20,135.20,131.12,137.29,140.20,135.85,138.07,141.00,138.83,145.04,145.04,138.17,143.32,138.09,139.63,139.80,137.44,137.44,136.17,136.83,135.54,134.47,136.20,137.21,137.76,135.99,136.17,130.57,128.83,132.67,130.82,131.84,135.48,138.87,140.74,139.41,134.86,136.71,139.25,137.31
Producto,0.000953129,01113006,CEREALES PREPARADOS,96.88,96.88,95.76,95.76,94.29,94.29,92.55,92.27,92.27,93.35,93.35,93.35,93.35,93.35,93.35,93.35,92.27,95.00,95.00,95.14,96.63,95.32,95.32,95.32,96.95,91.38,98.10,98.10,98.10,96.38,95.60,94.28,94.28,94.28,94.28,94.28,95.93,95.93,95.93,95.93,90.05,96.36,96.64,93.70,95.74,88.27,88.27,94.45,94.45,81.37,81.37,90.01,93.35,95.37,95.37,95.37,94.23,94.23,94.23,94.23,94.23,94.74,94.74,94.74,94.16,94.25,94.25,94.25,88.16,89.08,94.03,94.80,96.24,96.24,88.65,92.40,92.40,90.60,92.40,86.59,86.59,86.59,87.34,87.22,88.40,88.40,89.08,89.08,95.16,93.88,91.91,93.88,93.88,94.42,94.42,94.42,95.68,97.40,99.72,99.75,101.53,90.25,102.70,102.67,102.67,102.67,102.67,102.67,102.67,102.67,96.73,95.39,96.15,97.94,104.48,104.48,106.84,106.22,106.22,102.23,106.11,106.13,106.11,106.11,106.11,105.66,106.16,106.44,106.61,106.91,107.38,107.49,103.84,107.81,106.69,108.80,109.66,106.74
Subclase,0.016494689,01114,Pan,95.15,94.17,95.38,91.02,96.03,99.84,100.04,96.87,97.26,97.94,95.10,94.64,99.39,98.85,94.54,95.96,96.59,97.42,97.42,95.29,97.12,98.43,99.05,97.99,98.60,98.46,100.34,104.08,106.23,106.41,107.07,108.53,109.03,106.72,103.38,106.38,103.89,103.73,102.42,99.99,99.60,100.23,107.43,107.78,103.37,104.96,108.31,108.22,108.75,107.68,108.37,114.52,106.88,108.67,107.49,107.64,106.22,103.58,104.26,105.40,106.91,105.68,106.28,106.53,106.55,108.01,106.20,103.99,105.34,104.51,105.08,101.04,102.25,101.35,107.05,107.05,107.05,107.06,108.94,109.25,109.21,109.24,109.36,109.23,109.31,109.35,109.26,113.01,122.30,130.31,130.38,130.29,131.17,132.84,132.86,132.91,132.92,132.92,132.89,132.94,132.83,132.88,132.94,132.94,136.09,136.09,136.03,136.09,136.09,137.77,137.78,137.91,137.90,137.90,137.90,137.90,137.90,137.89,137.81,137.90,137.90,137.90,137.90,137.79,137.68,137.86,141.12,141.12,140.97,141.08,141.08,141.12,141.10,141.01,140.98,141.10,141.17,141.17
Producto,0.015779653,01114007,PAN CORRIENTE,94.99,94.00,95.26,90.77,95.80,99.73,99.95,96.67,97.06,97.80,94.87,94.38,99.26,98.70,94.29,95.74,96.38,97.18,97.09,94.89,96.80,98.15,98.75,97.66,98.27,98.12,100.05,103.89,106.10,106.26,106.93,108.42,108.94,106.54,103.12,106.19,103.64,103.47,102.13,99.64,99.24,99.88,107.25,107.64,103.09,104.72,108.10,108.04,108.59,107.42,108.28,114.64,106.73,108.59,107.33,107.51,105.94,103.31,104.01,105.10,106.71,105.44,106.06,106.27,106.27,107.75,105.90,103.70,105.02,104.24,104.75,100.61,101.85,100.92,106.77,106.77,106.77,106.77,108.78,109.07,109.07,109.07,109.07,109.07,109.07,109.07,109.07,112.88,122.08,130.30,130.30,130.30,130.96,132.75,132.75,132.75,132.75,132.75,132.75,132.75,132.75,132.75,132.75,132.75,135.97,135.97,135.97,135.97,135.97,137.82,137.82,137.82,137.82,137.82,137.82,137.82,137.82,137.82,137.82,137.82,137.82,137.82,137.82,137.82,137.82,137.82,141.17,141.17,141.17,141.17,141.17,141.17,141.17,141.17,141.17,141.17,141.17,141.17
Producto,0.000178133,01114008,PAN ESPECIAL,98.06,98.06,98.06,99.95,99.95,99.95,99.95,99.95,99.95,99.95,99.95,99.95,99.95,99.95,99.95,99.95,99.95,99.95,99.95,99.95,99.95,99.95,99.95,99.95,99.95,99.95,99.95,99.95,99.95,99.95,99.95,100.48,100.48,100.48,100.48,100.48,100.48,100.48,100.48,100.48,100.48,100.48,100.48,94.56,100.48,100.48,100.48,98.11,98.11,98.11,85.15,90.77,90.77,90.77,97.12,91.49,97.12,97.12,97.12,97.12,97.12,97.12,97.12,97.12,97.12,97.12,97.12,97.12,97.12,97.12,97.12,97.12,97.12,97.12,97.12,97.12,97.12,97.33,98.63,99.31,99.31,108.88,107.94,107.94,115.48,117.45,117.45,127.02,125.98,128.94,128.94,127.89,129.56,130.83,130.83,130.83,130.83,130.83,132.45,132.45,132.45,132.45,132.45,132.45,135.43,135.43,135.43,135.43,135.43,135.43,135.56,130.61,130.61,130.98,130.98,130.98,130.98,130.98,130.98,131.58,131.58,131.58,131.58,131.58,131.58,131.58,131.58,131.58,131.95,131.95,132.14,132.14,137.15,137.15,137.15,137.15,137.15,136.32
Producto,0.000536903,01114009,PAN ENVASADO,101.98,101.41,100.24,100.80,105.96,104.73,104.26,105.78,105.78,103.86,104.76,105.19,105.19,105.19,105.19,105.19,105.78,107.97,111.92,112.84,110.90,110.90,112.84,112.84,113.46,113.46,113.46,113.34,113.34,114.54,114.54,114.54,114.54,115.84,115.84,115.84,115.84,115.84,115.84,115.84,115.84,115.84,116.45,116.45,116.45,116.45,119.02,118.13,118.13,120.97,116.66,113.15,116.66,115.21,116.23,116.23,120.51,117.00,117.00,120.51,117.93,117.93,117.93,119.61,120.51,121.28,121.28,118.71,121.28,118.18,121.28,121.28,121.28,121.28,121.28,121.28,121.28,121.90,118.19,119.45,117.46,117.38,123.10,116.74,119.12,120.77,116.74,116.39,131.59,131.03,134.29,130.28,140.79,137.22,138.38,140.79,141.17,141.17,139.37,141.80,136.47,139.10,141.80,141.80,141.80,141.80,138.83,141.80,141.80,135.95,135.95,142.90,142.41,142.41,142.41,142.41,142.41,142.29,138.48,142.29,142.67,142.67,142.67,137.31,132.36,140.48,140.48,140.48,133.59,138.60,138.69,140.69,138.91,134.42,133.06,138.86,141.95,141.95
Subclase,0.00178756,01115,Productos de panadería,99.16,99.16,100.14,100.14,100.14,99.16,100.14,100.25,100.25,100.08,98.83,101.08,100.69,100.25,100.25,100.25,100.25,101.33,101.77,101.77,101.77,101.77,90.44,101.84,101.84,104.17,104.95,105.34,105.34,103.64,104.54,104.54,104.54,104.54,104.54,104.54,104.54,92.76,104.54,104.54,104.93,95.31,95.31,95.31,104.93,104.47,104.48,104.48,104.48,104.48,104.48,104.48,104.48,103.63,104.81,101.21,99.41,102.67,100.29,100.01,100.79,100.79,100.79,102.21,102.21,99.38,96.29,98.52,100.37,97.91,93.86,101.12,101.12,102.89,101.85,101.85,99.64,99.64,99.83,97.17,96.16,99.83,99.83,100.67,101.48,96.61,101.19,96.64,100.52,103.46,104.18,104.18,107.82,107.82,103.55,105.02,105.02,102.91,108.70,108.70,105.81,104.26,102.46,107.78,99.42,99.42,90.08,101.13,100.30,100.30,108.09,100.28,100.28,100.28,104.36,100.95,100.53,104.36,102.90,91.84,91.62,109.00,102.43,102.43,102.13,104.95,102.32,106.64,105.55,103.37,100.53,102.74,103.19,103.55,98.07,101.04,104.09,104.09
Producto,0.00178756,01115010,GALLETAS,99.16,99.16,100.14,100.14,100.14,99.16,100.14,100.25,100.25,100.08,98.83,101.08,100.69,100.25,100.25,100.25,100.25,101.33,101.77,101.77,101.77,101.77,90.44,101.84,101.84,104.17,104.95,105.34,105.34,103.64,104.54,104.54,104.54,104.54,104.54,104.54,104.54,92.76,104.54,104.54,104.93,95.31,95.31,95.31,104.93,104.47,104.48,104.48,104.48,104.48,104.48,104.48,104.48,103.63,104.81,101.21,99.41,102.67,100.29,100.01,100.79,100.79,100.79,102.21,102.21,99.38,96.29,98.52,100.37,97.91,93.86,101.12,101.12,102.89,101.85,101.85,99.64,99.64,99.83,97.17,96.16,99.83,99.83,100.67,101.48,96.61,101.19,96.64,100.52,103.46,104.18,104.18,107.82,107.82,103.55,105.02,105.02,102.91,108.70,108.70,105.81,104.26,102.46,107.78,99.42,99.42,90.08,101.13,100.30,100.30,108.09,100.28,100.28,100.28,104.36,100.95,100.53,104.36,102.90,91.84,91.62,109.00,102.43,102.43,102.13,104.95,102.32,106.64,105.55,103.37,100.53,102.74,103.19,103.55,98.07,101.04,104.09,104.09
Subclase,0.002304843,01116,Pastas alimenticias,98.32,101.17,105.22,111.79,115.85,115.88,119.85,115.88,114.03,113.65,110.26,107.41,104.16,105.54,106.33,105.94,105.54,104.79,102.88,101.99,101.06,100.65,103.62,103.60,102.33,103.28,104.09,102.27,102.42,103.11,99.71,103.10,103.69,86.70,81.14,78.41,77.78,78.15,81.12,81.92,81.62,80.80,79.93,80.42,79.09,80.19,81.76,80.86,80.26,78.38,78.36,79.34,78.21,78.95,79.85,77.41,80.26,79.22,80.05,85.04,88.02,89.08,89.56,89.33,88.08,89.25,88.84,88.27,87.80,90.25,92.73,91.30,92.84,93.77,94.40,94.25,93.78,91.80,93.14,97.32,94.87,93.32,93.87,93.48,95.03,96.33,94.05,96.13,99.41,98.75,95.17,102.39,106.00,102.83,104.86,108.00,107.43,118.29,127.29,121.70,117.33,118.91,120.90,125.87,119.20,121.82,116.36,119.40,112.90,112.50,114.70,114.66,118.81,120.29,111.18,110.03,110.03,105.17,104.63,103.27,103.74,104.31,96.75,101.73,101.89,100.35,98.96,95.53,91.87,88.23,89.43,91.81,96.67,94.71,95.23,91.24,89.53,90.45
Producto,0.002304843,01116011,TALLARINES Y FIDEOS,98.32,101.17,105.22,111.79,115.85,115.88,119.85,115.88,114.03,113.65,110.26,107.41,104.16,105.54,106.33,105.94,105.54,104.79,102.88,101.99,101.06,100.65,103.62,103.60,102.33,103.28,104.09,102.27,102.42,103.11,99.71,103.10,103.69,86.70,81.14,78.41,77.78,78.15,81.12,81.92,81.62,80.80,79.93,80.42,79.09,80.19,81.76,80.86,80.26,78.38,78.36,79.34,78.21,78.95,79.85,77.41,80.26,79.22,80.05,85.04,88.02,89.08,89.56,89.33,88.08,89.25,88.84,88.27,87.80,90.25,92.73,91.30,92.84,93.77,94.40,94.25,93.78,91.80,93.14,97.32,94.87,93.32,93.87,93.48,95.03,96.33,94.05,96.13,99.41,98.75,95.17,102.39,106.00,102.83,104.86,108.00,107.43,118.29,127.29,121.70,117.33,118.91,120.90,125.87,119.20,121.82,116.36,119.40,112.90,112.50,114.70,114.66,118.81,120.29,111.18,110.03,110.03,105.17,104.63,103.27,103.74,104.31,96.75,101.73,101.89,100.35,98.96,95.53,91.87,88.23,89.43,91.81,96.67,94.71,95.23,91.24,89.53,90.45
Clase,0.044705202,0112,Carne (ND),104.65,105.25,104.30,104.89,106.41,106.21,106.10,105.38,105.95,104.79,105.26,105.29,105.90,106.11,107.55,106.23,104.76,104.74,105.71,104.91,104.41,104.64,103.95,103.90,104.22,103.62,104.97,105.15,105.27,104.71,104.78,104.29,104.03,102.98,103.44,104.18,102.73,103.18,103.23,103.17,103.75,102.97,103.85,103.81,104.78,103.91,103.68,102.35,103.52,102.65,103.97,103.45,103.87,103.42,103.64,103.80,103.06,103.31,103.14,103.57,103.07,102.71,102.92,104.80,105.38,104.17,103.42,105.26,105.12,104.12,104.69,104.17,104.57,105.93,104.59,104.73,103.58,103.71,103.03,102.74,102.43,100.91,98.80,98.75,98.49,100.09,101.34,100.55,99.64,101.61,101.62,100.76,99.77,102.58,102.60,101.89,101.08,102.02,100.73,102.42,102.45,101.96,102.15,101.44,101.61,102.01,102.29,102.42,101.81,101.96,102.60,103.24,104.75,106.00,106.31,106.38,106.46,104.03,104.18,104.45,103.83,106.76,106.62,106.96,106.17,106.57,106.84,107.38,107.53,107.57,107.69,107.72,109.02,109.33,109.59,109.13,110.42,110.05
Subclase,0.01531218,01121,"Carne de bovino fresca, refrigerada o congelada",114.63,117.24,117.89,119.12,119.68,118.82,119.48,118.93,120.13,120.21,121.01,120.74,120.50,121.22,121.47,121.09,120.74,120.29,121.27,120.46,120.36,120.69,119.23,119.22,118.13,118.39,119.27,117.54,117.78,117.53,117.65,117.12,115.29,113.61,116.24,115.86,116.82,117.18,115.50,117.34,117.15,115.78,117.81,117.13,119.25,118.16,117.71,117.97,116.89,117.16,119.12,119.11,117.31,116.17,117.60,117.81,115.50,116.99,116.68,117.41,116.42,116.70,117.15,121.40,123.62,124.43,122.99,125.31,123.73,122.64,124.97,124.39,124.35,124.63,121.48,121.48,121.10,122.22,121.29,121.34,121.68,121.18,118.14,118.67,118.64,119.84,119.12,119.12,119.12,119.80,119.80,120.26,120.26,120.78,120.01,121.53,121.07,121.71,121.95,118.88,119.06,119.80,122.93,122.93,123.84,124.28,124.37,124.37,124.82,124.63,126.08,128.41,132.27,133.99,134.91,134.91,135.29,134.79,135.84,136.46,137.12,137.68,137.64,139.09,139.26,141.75,143.35,142.38,142.77,142.94,143.41,143.46,146.01,147.17,147.81,148.17,153.95,153.66
Producto,0.010277691,01121012,CARNE  DE RES SIN HUESO,120.18,124.13,125.67,126.01,126.40,125.71,125.90,125.62,125.94,125.20,125.74,124.98,124.83,125.13,124.79,124.56,124.41,123.92,125.16,124.56,124.34,124.59,121.28,121.94,121.19,122.11,123.92,120.56,121.91,122.91,122.41,120.32,117.39,115.72,118.98,120.28,120.34,120.72,118.93,122.61,121.36,118.45,120.93,121.01,123.61,120.60,119.58,120.84,120.10,120.34,120.80,122.12,120.69,119.63,122.14,121.60,120.34,121.59,120.08,121.02,120.50,121.77,121.79,124.86,127.16,124.87,123.14,126.03,124.08,123.00,126.37,125.66,125.68,124.67,123.02,123.02,123.02,124.33,122.77,123.43,123.43,122.72,120.99,121.88,121.88,123.88,122.52,122.52,122.52,122.46,122.46,122.46,122.46,122.46,122.30,123.72,123.72,122.76,125.12,123.69,123.99,124.71,126.88,126.88,127.15,127.42,127.42,127.42,128.37,128.37,129.23,130.85,134.00,136.32,138.41,138.41,139.05,137.23,138.98,138.69,139.80,139.26,138.83,141.25,141.25,143.58,145.75,145.46,145.46,145.75,146.54,146.54,146.95,147.56,147.56,148.05,152.59,152.11
Producto,0.004313297,01121013,CARNE DE RES CON HUESO,104.56,104.34,103.56,105.78,106.23,105.89,107.38,106.65,109.85,111.33,111.89,112.00,113.25,113.56,114.60,113.79,114.10,113.22,112.95,112.90,113.39,113.24,114.58,113.22,111.92,111.04,110.21,111.20,109.58,107.13,108.02,110.34,109.87,108.01,109.54,106.03,109.62,109.59,108.04,107.26,108.60,109.81,111.40,109.87,110.17,112.82,113.25,111.56,110.28,110.65,115.50,112.68,110.29,109.39,109.22,109.73,105.92,107.46,109.50,110.21,108.40,107.10,106.93,113.39,115.97,122.96,121.96,123.40,122.45,121.15,121.71,121.04,120.83,122.63,118.10,118.10,116.95,117.98,117.98,116.94,117.98,117.98,113.91,113.91,113.84,113.84,114.13,114.13,114.13,114.49,114.49,115.88,115.88,117.93,115.88,117.93,116.52,120.20,116.20,108.99,108.99,109.95,115.50,115.50,117.24,117.52,117.80,117.80,117.43,116.86,119.70,123.05,128.21,129.23,128.21,128.21,128.21,128.21,128.21,130.62,130.62,133.30,133.97,133.97,134.46,137.25,137.58,135.18,135.18,135.18,135.18,135.33,142.31,144.09,145.36,145.58,152.68,152.68
Producto,0.000721192,01121014,CARNE DE RES MOLIDA,114.58,118.98,118.83,122.82,125.27,120.61,121.45,119.42,118.90,119.40,123.30,125.46,117.66,123.75,125.30,125.66,120.54,122.43,127.04,121.00,119.09,122.34,123.41,124.07,121.12,121.08,121.97,121.53,120.88,120.26,122.13,121.53,122.55,121.73,124.16,124.09,120.50,122.57,121.14,119.65,121.27,120.92,121.28,118.04,124.52,122.34,122.59,123.41,120.39,120.44,121.79,123.43,121.26,118.40,118.23,123.18,119.00,122.33,121.26,120.37,119.19,118.45,125.28,129.21,129.21,127.60,126.48,128.06,126.71,126.48,128.28,129.18,129.42,133.58,124.09,124.09,124.09,124.09,124.09,124.09,124.09,123.04,113.72,113.72,113.72,113.72,113.72,113.72,113.72,121.99,121.99,121.99,121.99,119.81,119.81,119.81,119.81,119.81,121.93,124.09,124.09,124.09,124.09,124.09,126.55,129.06,129.06,129.06,129.06,129.06,129.06,132.70,136.43,136.43,136.43,136.43,136.43,144.60,144.60,144.60,144.60,144.60,144.60,144.60,144.60,147.16,149.76,149.76,155.12,155.12,155.12,155.12,155.12,158.08,161.09,161.09,171.18,171.18
Subclase,0.003246225,01122,"Carne de porcino fresca, refrigerada o congelada",108.12,108.74,108.77,108.99,111.85,108.69,107.76,109.28,108.57,106.35,108.89,108.11,109.38,106.02,106.02,104.54,101.03,101.20,103.22,103.11,101.79,103.08,101.90,102.33,103.73,104.69,104.96,105.36,106.43,106.70,106.57,106.82,107.81,106.36,106.09,105.51,107.45,106.75,106.30,106.69,107.50,107.66,106.70,106.33,106.87,106.73,106.81,107.13,106.77,107.19,106.34,106.74,106.97,107.72,106.48,107.64,107.00,106.11,106.90,106.74,105.89,106.47,107.50,107.32,107.20,107.69,104.60,104.18,104.78,105.33,107.21,106.79,106.85,107.10,106.75,106.75,107.00,106.63,104.12,102.56,103.19,102.83,104.71,105.81,107.05,106.39,106.16,103.19,103.19,103.94,103.94,104.18,103.93,106.34,107.27,107.27,107.27,106.79,104.96,105.88,105.88,105.88,107.37,105.53,104.68,104.79,105.10,105.36,105.95,106.19,106.83,107.23,107.37,107.62,107.88,107.88,108.14,108.30,108.30,108.49,108.20,107.78,107.09,106.90,106.90,106.37,105.76,105.76,106.06,106.06,106.15,106.15,109.29,109.38,109.38,107.47,107.49,106.19
Producto,0.001195818,01122015,CHULETA DE CERDO,108.44,106.75,108.82,107.01,112.69,107.47,106.65,108.68,106.74,106.73,108.52,106.41,109.30,108.35,106.44,104.85,99.64,101.15,104.90,105.09,101.53,105.45,103.93,105.84,105.88,107.11,107.81,106.33,108.63,105.80,108.59,107.67,109.57,107.47,108.21,105.47,108.04,107.43,107.65,106.33,107.46,108.48,106.69,106.70,107.86,108.58,108.81,109.39,107.27,109.57,105.83,109.66,108.23,109.60,106.68,108.57,108.00,106.17,108.02,109.57,108.01,109.00,108.19,107.84,107.84,109.21,104.88,104.45,105.75,104.66,106.87,107.90,107.38,107.76,105.55,105.55,106.77,105.55,101.22,99.32,99.32,102.39,103.15,104.34,105.55,104.34,103.15,99.32,99.32,99.32,99.32,99.32,99.32,103.15,105.55,105.55,105.55,103.15,103.15,103.15,103.15,103.15,105.55,101.63,102.39,105.55,105.55,105.55,105.55,105.55,105.55,105.55,106.77,108.00,108.00,108.00,108.00,108.00,108.00,108.00,108.00,104.00,104.00,104.00,104.00,102.81,101.63,101.63,101.63,101.63,101.63,101.63,104.00,104.00,104.00,101.63,101.63,101.63
Producto,0.000405217,01122016,CARNE DE CERDO SIN HUESO,108.21,109.37,108.87,109.75,109.91,110.35,109.91,109.16,109.78,102.83,108.89,108.89,108.89,108.19,107.85,104.41,104.41,104.06,102.58,102.58,100.24,101.04,100.27,99.16,99.88,98.36,99.38,100.65,103.13,105.21,104.68,104.18,104.18,104.46,104.46,102.36,105.49,105.49,105.64,105.80,106.79,106.00,106.00,105.62,105.62,105.61,105.61,104.65,104.39,104.70,104.70,104.65,105.68,106.52,106.17,106.52,105.88,105.70,105.70,103.94,103.94,103.94,105.02,105.54,105.18,105.51,104.10,103.57,103.63,103.63,103.63,103.20,103.20,103.20,103.20,103.20,103.20,104.55,104.31,103.63,105.36,106.36,105.08,105.58,106.46,106.46,107.64,106.65,106.65,105.87,105.87,106.52,105.84,105.84,105.57,105.57,105.57,105.57,105.57,105.84,105.84,105.84,105.84,105.84,105.18,105.78,105.92,105.92,107.55,106.86,107.25,108.37,108.08,108.08,108.80,108.80,109.52,109.96,109.96,110.48,109.67,109.26,107.34,106.82,106.82,106.78,106.49,106.49,107.32,107.32,107.57,107.57,107.57,107.81,107.81,107.95,107.95,107.66
Producto,0.00164519,01122017,CARNE DE CERDO CON HUESO,107.91,109.15,108.67,109.29,113.06,107.88,106.50,109.66,108.42,109.07,109.06,108.25,109.82,103.15,104.32,104.51,98.90,98.86,102.98,102.63,103.19,103.66,102.29,103.31,105.90,108.79,108.23,108.79,108.13,108.34,107.19,108.62,109.98,107.41,106.44,108.13,108.79,107.46,106.21,107.58,108.11,108.65,107.28,106.74,107.44,106.79,106.87,108.13,108.50,108.14,107.93,107.11,107.45,107.83,106.64,108.13,107.47,106.42,107.37,107.74,106.51,107.38,109.24,108.56,108.56,108.78,104.89,104.56,105.28,107.04,110.31,109.23,109.62,110.02,110.23,110.23,110.23,108.84,105.31,103.19,103.19,100.12,105.13,106.67,108.23,107.28,106.35,102.12,102.12,104.50,104.50,104.50,104.50,108.23,109.48,109.48,109.48,109.48,105.31,107.17,107.17,107.17,109.48,107.07,105.33,103.62,104.22,104.82,104.82,105.94,107.07,107.07,107.07,107.07,107.07,107.07,107.07,107.07,107.07,107.07,107.07,108.31,108.31,108.31,108.31,107.69,107.07,107.07,107.07,107.07,107.07,107.07,113.17,113.17,113.17,109.78,109.83,107.08
Subclase,0.00012318,01123,Carne de ovino,97.47,97.56,98.18,98.52,99.39,99.27,99.27,102.10,102.10,99.30,99.30,99.30,99.30,99.30,99.30,99.30,99.30,98.98,100.77,99.48,99.48,99.48,101.39,101.39,101.39,99.04,99.04,98.63,93.93,99.51,101.36,100.06,100.06,101.36,101.36,101.36,101.97,102.81,103.65,103.65,104.46,101.96,104.13,102.88,103.44,103.44,103.44,103.71,103.71,103.51,103.51,104.13,105.35,105.19,102.15,103.71,103.71,103.71,103.39,103.22,103.52,103.52,103.52,99.58,100.36,100.36,103.52,103.99,103.99,103.99,103.99,104.91,104.91,103.03,103.03,103.49,103.49,103.49,103.49,103.49,103.49,103.49,103.49,103.49,104.51,101.48,103.37,104.59,104.59,104.59,104.59,104.59,104.77,104.77,104.77,104.77,104.43,106.12,106.30,107.02,108.39,105.51,110.52,109.81,109.52,109.52,108.97,108.97,107.48,108.97,110.56,111.46,111.46,109.24,108.11,109.24,109.60,112.75,113.56,113.07,113.65,112.10,113.65,113.65,114.14,114.14,114.63,114.63,116.53,116.62,117.46,117.57,117.54,118.04,118.04,115.19,110.60,113.29
Producto,0.00012318,01123018,CARNE DE OVINO,97.47,97.56,98.18,98.52,99.39,99.27,99.27,102.10,102.10,99.30,99.30,99.30,99.30,99.30,99.30,99.30,99.30,98.98,100.77,99.48,99.48,99.48,101.39,101.39,101.39,99.04,99.04,98.63,93.93,99.51,101.36,100.06,100.06,101.36,101.36,101.36,101.97,102.81,103.65,103.65,104.46,101.96,104.13,102.88,103.44,103.44,103.44,103.71,103.71,103.51,103.51,104.13,105.35,105.19,102.15,103.71,103.71,103.71,103.39,103.22,103.52,103.52,103.52,99.58,100.36,100.36,103.52,103.99,103.99,103.99,103.99,104.91,104.91,103.03,103.03,103.49,103.49,103.49,103.49,103.49,103.49,103.49,103.49,103.49,104.51,101.48,103.37,104.59,104.59,104.59,104.59,104.59,104.77,104.77,104.77,104.77,104.43,106.12,106.30,107.02,108.39,105.51,110.52,109.81,109.52,109.52,108.97,108.97,107.48,108.97,110.56,111.46,111.46,109.24,108.11,109.24,109.60,112.75,113.56,113.07,113.65,112.10,113.65,113.65,114.14,114.14,114.63,114.63,116.53,116.62,117.46,117.57,117.54,118.04,118.04,115.19,110.60,113.29
Subclase,0.021700216,01124,"Carne de aves  fresca, refrigerada o congelada",97.02,96.61,93.93,94.75,96.46,97.79,97.66,95.30,95.86,94.69,93.80,94.26,95.16,96.72,99.88,97.77,96.33,96.33,97.12,95.75,95.03,94.98,94.73,94.19,95.14,93.07,95.89,96.88,96.76,95.60,95.40,94.63,94.45,93.76,93.54,95.76,91.00,92.59,94.01,92.26,93.63,92.29,93.31,93.73,95.00,93.78,93.19,90.17,93.50,90.97,93.43,92.09,94.13,93.49,93.70,93.39,93.06,93.12,92.63,93.13,92.93,91.79,91.17,93.19,93.56,90.51,90.75,94.13,94.26,92.49,91.96,91.05,91.57,94.85,93.87,93.87,90.81,90.94,91.09,91.22,91.08,86.78,82.80,82.02,81.07,84.36,87.42,87.42,85.05,88.58,88.65,86.23,84.07,89.06,89.06,86.67,84.96,88.40,85.60,90.50,90.50,89.28,86.77,85.68,86.10,86.71,86.99,87.31,85.70,85.84,85.84,85.94,87.52,89.21,89.20,89.14,89.14,83.67,83.46,83.46,81.66,88.37,88.37,88.37,86.56,86.56,86.62,88.51,88.45,88.45,88.45,88.48,88.48,88.48,88.51,88.58,88.36,88.23
Producto,0.011267686,01124019,POLLO ENTERO,96.12,96.04,92.38,93.76,95.94,97.35,97.46,94.29,94.87,93.97,92.63,93.29,94.71,96.47,99.91,97.72,95.84,96.04,97.11,95.60,95.53,95.19,95.20,93.95,94.92,92.26,95.99,96.60,96.52,96.14,96.13,94.82,95.14,94.77,95.04,96.45,90.47,92.62,94.10,92.72,93.43,92.45,93.57,93.85,94.69,93.53,93.16,89.69,93.21,90.21,93.60,91.38,94.01,93.39,93.43,93.21,93.10,92.57,91.89,92.48,93.16,91.64,90.89,93.62,93.62,89.86,89.87,93.98,94.63,91.93,91.70,90.65,91.37,95.59,93.42,93.42,89.61,89.61,89.61,89.61,89.61,84.46,79.60,78.62,77.66,81.45,85.43,85.43,82.49,86.51,86.51,83.53,80.65,86.51,86.51,83.53,81.63,86.51,82.63,87.57,87.57,86.05,83.53,82.63,83.58,84.55,84.55,84.55,82.63,82.63,82.63,82.63,84.49,86.39,86.39,86.39,86.39,80.61,80.61,80.61,78.64,85.58,85.58,85.58,83.63,83.63,83.63,85.58,85.58,85.58,85.58,85.58,85.58,85.58,85.58,85.58,85.58,85.58
Producto,0.009593699,01124020,PRESAS DE POLLO,96.73,94.46,95.82,94.23,94.00,95.09,93.62,94.84,95.44,92.49,93.72,93.23,93.32,94.30,96.87,94.59,95.01,95.03,94.61,93.48,89.16,90.63,88.94,91.12,92.24,92.62,92.29,94.44,94.06,90.31,89.01,90.88,90.02,88.87,86.03,89.82,89.00,88.08,89.98,85.76,90.98,87.43,88.17,89.53,93.37,93.25,91.25,89.72,91.34,90.50,89.23,92.11,91.23,92.00,91.53,90.66,89.09,92.22,91.28,92.66,87.83,88.36,88.24,87.12,89.14,88.86,90.44,90.98,88.40,91.02,88.60,88.12,87.82,87.10,92.02,92.02,92.02,92.86,93.86,94.65,93.77,92.51,91.90,91.90,90.75,92.43,91.53,91.53,91.53,93.45,93.96,93.35,93.92,95.84,95.84,95.84,94.62,93.90,94.21,100.32,100.32,100.32,97.10,94.73,92.47,91.34,93.21,95.30,94.86,95.77,95.77,96.42,97.00,98.04,98.01,97.62,97.62,92.16,90.74,90.74,89.29,96.83,96.83,96.83,95.19,95.19,95.58,97.73,97.34,97.34,97.34,97.50,97.50,97.50,97.75,98.21,96.72,95.87
Producto,0.000838832,01124021,MENUDENCIAS DE POLLO,113.87,113.87,115.01,113.87,113.87,114.73,114.73,114.73,114.73,114.73,114.73,114.73,109.38,109.38,109.38,109.38,109.38,105.91,105.91,105.91,105.91,105.91,105.91,108.89,108.89,108.89,106.31,109.97,109.97,103.95,103.95,103.95,97.23,92.44,92.44,103.59,107.20,107.20,105.92,105.92,105.92,105.92,105.92,105.92,105.92,100.16,100.16,100.16,105.92,105.92,104.59,104.59,106.09,100.32,105.83,105.83,105.83,105.83,110.27,106.09,106.09,106.09,106.09,106.09,107.38,107.38,107.38,107.38,107.38,107.38,107.87,107.87,107.87,107.87,107.87,107.87,107.87,107.87,107.99,107.99,107.99,108.51,108.51,108.51,108.51,108.51,108.51,108.51,108.51,108.51,108.51,109.84,111.18,111.18,111.18,111.18,111.18,103.19,109.13,109.13,109.13,109.13,109.13,109.13,109.13,109.13,109.13,109.13,109.13,109.13,109.13,109.13,109.13,109.13,109.13,109.13,109.13,109.13,109.13,109.13,109.13,109.13,109.13,109.13,109.13,109.13,109.13,109.13,109.13,109.13,109.13,109.13,109.13,109.13,109.13,109.13,109.13,109.13
Subclase,0.000601926,01125,Vísceras frescas,111.70,113.66,115.18,113.84,113.84,114.20,114.20,114.31,114.31,116.17,115.02,113.44,113.44,115.12,116.16,116.16,115.13,115.13,114.11,115.12,114.19,116.71,115.12,115.98,115.51,116.23,116.23,117.10,117.10,116.46,115.60,116.46,115.29,111.13,113.34,113.34,113.34,109.20,111.59,112.45,105.23,111.59,112.45,113.52,112.42,111.55,112.42,101.35,111.55,109.40,112.42,108.33,107.49,108.33,109.40,109.40,111.99,112.86,112.86,112.86,112.86,111.99,111.99,113.06,113.10,110.23,111.08,109.63,112.86,114.37,113.49,114.62,114.62,114.62,114.62,114.62,114.62,114.62,112.86,113.73,110.42,113.73,112.86,113.74,113.74,113.74,110.85,110.85,110.85,110.00,110.85,110.85,110.85,110.00,110.85,110.00,110.85,112.86,112.86,112.86,113.73,113.73,114.62,114.62,111.98,111.05,113.73,113.73,113.73,113.74,117.48,117.48,116.55,117.43,120.81,123.41,122.44,122.44,122.44,121.52,124.81,123.83,124.81,123.83,123.83,124.81,125.76,124.77,123.83,124.77,124.45,125.05,125.05,125.97,125.97,128.74,130.52,130.52
Producto,0.000601926,01125022,VÍSCERAS DE RES,111.70,113.66,115.18,113.84,113.84,114.20,114.20,114.31,114.31,116.17,115.02,113.44,113.44,115.12,116.16,116.16,115.13,115.13,114.11,115.12,114.19,116.71,115.12,115.98,115.51,116.23,116.23,117.10,117.10,116.46,115.60,116.46,115.29,111.13,113.34,113.34,113.34,109.20,111.59,112.45,105.23,111.59,112.45,113.52,112.42,111.55,112.42,101.35,111.55,109.40,112.42,108.33,107.49,108.33,109.40,109.40,111.99,112.86,112.86,112.86,112.86,111.99,111.99,113.06,113.10,110.23,111.08,109.63,112.86,114.37,113.49,114.62,114.62,114.62,114.62,114.62,114.62,114.62,112.86,113.73,110.42,113.73,112.86,113.74,113.74,113.74,110.85,110.85,110.85,110.00,110.85,110.85,110.85,110.00,110.85,110.00,110.85,112.86,112.86,112.86,113.73,113.73,114.62,114.62,111.98,111.05,113.73,113.73,113.73,113.74,117.48,117.48,116.55,117.43,120.81,123.41,122.44,122.44,122.44,121.52,124.81,123.83,124.81,123.83,123.83,124.81,125.76,124.77,123.83,124.77,124.45,125.05,125.05,125.97,125.97,128.74,130.52,130.52
Subclase,0.003721475,01126,Carnes preparadas y procesadas,107.08,107.44,107.75,107.04,107.36,108.21,108.21,109.03,110.95,109.15,110.45,111.18,111.21,111.92,111.92,111.92,111.92,112.33,112.10,112.05,113.34,112.06,112.19,112.96,111.58,111.96,110.73,111.07,110.34,109.54,111.02,110.16,110.37,110.29,110.19,110.19,109.93,108.85,107.63,109.44,108.85,108.88,110.42,110.51,109.03,108.45,109.35,109.34,108.58,109.49,109.15,109.38,108.34,107.51,108.24,108.12,108.44,109.03,108.54,109.32,109.23,108.83,110.23,111.13,110.69,109.36,110.36,110.02,109.91,108.70,107.64,108.37,109.91,108.36,107.13,108.43,110.35,109.40,109.73,109.38,105.54,110.07,109.21,108.46,107.37,107.91,109.45,108.05,109.16,110.43,110.04,110.43,110.43,110.57,110.42,110.38,110.63,104.76,107.19,107.69,107.43,106.42,108.45,109.97,109.97,110.26,110.60,109.95,108.78,109.42,110.50,110.34,109.77,110.57,110.64,111.17,110.75,110.75,110.75,111.80,112.06,112.06,112.06,112.71,112.23,111.74,111.74,111.30,111.58,111.45,111.39,111.39,111.89,111.95,112.89,111.30,112.06,112.26
Producto,0.000873533,01126023,CHORIZO,98.06,98.06,98.06,94.87,94.87,98.06,98.06,99.00,100.82,98.16,98.16,100.28,102.83,102.83,102.83,102.83,102.83,102.83,99.54,102.83,102.83,99.95,100.47,100.47,101.07,101.07,101.07,101.07,101.07,93.83,102.59,98.13,97.66,99.71,100.22,100.22,100.22,97.16,101.30,101.30,94.95,102.96,102.96,102.96,102.96,102.96,102.96,102.96,102.96,100.39,96.50,99.14,97.36,98.12,98.15,101.85,99.35,99.35,99.77,94.55,96.14,97.32,101.51,108.48,102.25,102.25,102.25,102.25,99.52,99.52,89.84,98.82,98.82,93.62,98.82,95.20,104.58,104.58,104.58,99.71,99.71,105.96,102.06,97.27,96.46,96.96,102.38,102.38,96.56,106.67,100.84,107.37,107.37,107.37,107.37,107.37,107.29,110.90,108.90,110.26,108.52,108.52,110.26,112.64,112.64,112.64,112.64,112.64,107.46,108.52,111.49,114.20,114.20,114.20,114.50,114.50,112.11,112.11,112.11,114.50,114.50,114.50,114.50,114.50,114.50,115.09,115.09,115.09,115.09,115.09,115.09,115.09,115.09,115.44,115.44,114.86,114.86,115.44
Producto,0.000594218,01126024,JAMÓN,117.53,117.53,117.53,114.41,114.41,117.53,117.53,118.75,118.75,113.98,120.04,120.04,120.04,120.04,120.04,120.04,120.04,120.04,120.04,118.86,120.08,120.08,118.86,125.39,119.31,120.54,115.63,117.22,117.22,117.22,118.79,116.61,118.37,117.14,118.37,118.37,117.15,114.87,114.21,118.25,119.38,114.26,118.62,119.03,114.12,112.94,117.47,115.58,113.02,115.43,115.43,115.43,114.05,114.05,111.95,111.95,111.95,114.21,112.93,114.91,113.71,114.82,114.82,115.50,115.42,112.32,115.15,112.54,114.91,113.24,113.52,111.44,113.52,111.23,104.02,113.31,115.39,115.87,113.81,116.37,105.41,117.73,116.96,113.76,109.80,114.69,114.69,114.69,113.39,115.47,111.71,113.23,113.23,113.94,113.23,112.39,112.42,110.61,109.12,108.77,110.34,110.34,110.34,111.67,111.67,111.67,111.67,107.70,105.41,108.09,109.98,109.24,110.65,109.60,111.38,111.97,111.97,111.97,111.97,111.97,111.97,111.97,111.97,111.97,111.30,111.30,111.30,110.11,110.11,108.98,108.68,108.68,109.92,109.62,111.25,111.25,111.25,112.01
Producto,0.001248423,01126025,MORTADELA,103.46,103.95,103.95,104.40,104.80,104.41,104.41,105.17,108.59,107.42,107.42,107.42,107.42,108.40,108.40,108.40,108.40,110.00,109.47,109.31,111.28,109.31,109.83,110.09,108.91,108.91,108.71,108.71,107.73,107.73,107.73,107.73,107.73,107.73,107.73,107.73,107.73,107.73,105.96,106.04,106.04,106.34,107.51,107.51,107.51,107.51,107.51,107.51,107.51,107.51,107.51,107.51,106.36,104.66,107.24,106.38,107.41,107.21,107.14,108.29,108.29,108.76,108.76,108.66,108.66,107.51,108.69,108.69,108.69,106.31,106.70,106.54,108.65,108.65,108.65,108.65,108.65,106.62,108.65,107.83,104.95,107.69,107.69,107.69,107.17,107.17,107.68,106.04,109.08,108.96,110.27,110.27,110.27,109.80,109.80,109.80,110.27,99.63,105.26,105.62,105.42,103.48,107.08,108.82,108.82,108.84,109.49,109.75,109.46,109.46,110.26,109.67,108.00,108.97,108.28,109.55,109.55,109.55,109.55,110.81,111.31,111.31,111.31,112.64,112.29,110.96,110.96,110.96,111.49,111.33,111.33,111.33,111.76,111.94,113.07,110.12,111.58,111.46
Producto,0.001005302,01126026,SALCHICHA,109.50,110.11,111.83,111.83,112.47,113.07,113.07,113.56,113.44,113.84,113.84,116.86,115.78,116.91,116.91,116.91,116.91,114.57,116.40,116.40,116.40,116.40,116.81,112.53,115.21,115.91,115.45,115.45,114.24,113.31,115.45,115.45,114.73,114.73,112.43,112.43,112.43,110.62,107.71,112.75,111.23,112.75,112.75,112.75,110.36,108.50,108.08,110.30,109.14,112.60,112.60,112.60,112.64,112.60,111.65,111.69,111.69,112.87,111.68,112.87,113.04,107.49,113.33,114.40,115.08,114.72,113.50,114.72,112.59,114.72,112.05,114.72,114.72,111.28,110.49,108.41,112.09,112.09,110.51,110.26,110.26,109.85,107.83,109.87,110.40,107.29,111.80,108.71,110.51,110.52,111.90,109.04,109.04,110.35,110.35,111.16,111.16,109.67,109.65,111.16,109.26,109.26,109.26,109.99,109.99,111.53,111.54,111.93,111.52,111.36,111.36,111.71,111.71,114.64,114.76,113.30,112.11,112.11,112.11,113.15,113.15,113.15,113.15,112.91,112.05,112.86,112.86,111.87,111.87,112.99,112.99,112.99,113.05,113.05,113.05,113.05,113.05,113.34
Clase,0.012598001,0113,Pescado (ND),99.50,99.45,99.83,101.62,101.48,99.00,97.41,97.49,98.46,97.44,98.35,96.94,97.18,97.81,98.98,98.64,98.33,98.81,98.91,97.26,97.15,98.17,97.62,97.65,98.03,98.02,98.07,98.68,98.07,97.26,99.15,99.16,99.32,100.77,100.86,99.42,99.65,101.01,100.54,99.85,100.29,100.38,100.43,100.39,100.54,100.38,100.84,100.58,101.05,101.73,101.42,100.37,100.02,100.49,101.56,101.96,101.50,101.04,101.11,102.01,101.63,101.25,101.61,105.16,105.54,104.61,104.02,103.57,102.33,103.58,103.88,104.37,104.23,103.81,104.68,104.17,103.54,102.20,100.82,99.44,98.44,98.18,97.65,97.84,99.42,99.31,98.54,101.94,103.06,104.71,102.75,102.80,104.36,103.50,103.10,103.29,104.72,104.61,106.37,105.68,105.63,107.47,108.76,109.29,109.29,109.40,106.85,104.96,108.54,107.10,108.25,106.26,107.22,108.09,107.41,105.73,106.80,106.67,106.21,105.29,106.74,108.40,105.56,105.25,105.60,105.96,104.65,105.60,106.26,105.92,107.42,104.62,107.26,107.73,106.20,107.85,106.69,105.59
Subclase,0.007089964,01131,"Pescados  frescos, refrigerados y congeladas",99.75,100.25,101.33,104.95,105.99,104.27,99.83,103.53,102.85,102.09,103.55,103.83,103.08,104.86,104.70,105.04,104.14,105.05,104.15,104.17,104.28,104.28,103.20,103.60,104.32,104.75,105.98,104.53,102.76,102.61,105.20,104.87,106.18,106.93,106.76,106.59,105.01,105.40,105.77,104.99,106.42,105.86,105.23,105.25,105.72,105.90,105.06,105.60,105.54,105.35,104.94,103.76,103.08,103.87,103.23,103.74,103.30,102.89,102.21,103.45,102.81,102.99,104.24,111.84,111.84,109.02,109.50,108.36,106.03,105.54,105.27,105.19,104.98,105.61,105.48,104.91,104.12,102.83,102.20,102.56,103.72,102.23,101.17,102.86,102.44,102.61,103.67,105.55,107.56,107.29,104.97,103.34,103.77,102.09,102.19,103.62,103.62,103.88,108.52,110.55,109.71,110.65,109.80,110.56,109.16,110.07,108.97,109.28,109.09,110.02,109.87,110.05,110.93,110.15,107.06,106.08,107.14,106.59,106.01,105.25,105.25,106.74,106.74,106.79,106.49,107.50,107.67,108.15,107.27,107.76,107.54,107.54,107.54,108.19,106.91,106.91,103.29,103.29
Producto,0.001195122,01131027,PESCADO FRESCO ENTERO,98.16,99.57,98.93,103.69,104.30,102.71,100.44,104.30,102.71,102.71,105.38,105.38,105.38,105.38,105.38,105.38,108.12,109.37,108.12,108.12,108.12,108.12,108.12,108.12,105.38,108.12,110.94,107.67,104.94,107.67,107.67,107.67,107.67,107.67,107.67,107.67,104.94,104.94,107.67,104.94,110.47,110.47,110.47,113.35,113.35,113.35,113.35,113.12,113.12,113.12,108.47,108.47,103.39,103.39,103.39,103.39,103.39,103.39,103.39,103.39,103.39,103.39,106.08,122.49,122.49,119.80,119.80,119.80,113.80,113.80,116.76,116.76,116.76,117.22,117.22,114.64,114.64,109.28,109.28,109.28,106.79,104.08,106.79,106.79,104.08,104.08,109.19,114.95,117.94,117.94,109.57,109.57,106.79,106.79,106.79,109.57,109.57,109.57,115.35,118.35,118.35,118.35,122.41,122.41,124.96,124.96,124.96,124.96,124.32,124.32,124.32,124.32,124.32,124.32,119.22,119.22,119.73,119.73,119.73,117.09,117.09,117.09,117.09,117.09,117.09,120.14,120.14,120.14,120.14,120.14,120.14,120.14,120.14,120.14,120.14,120.14,120.14,120.14
Producto,0.005894841,01131028,PESCADO FRESCO FILETEADO,100.40,100.52,102.31,105.45,106.67,104.91,99.58,103.22,102.91,101.84,102.81,103.20,102.14,104.65,104.43,104.91,102.53,103.29,102.53,102.56,102.71,102.72,101.20,101.76,103.89,103.38,103.96,103.25,101.87,100.56,104.19,103.74,105.58,106.63,106.39,106.15,105.03,105.59,105.00,105.02,104.77,103.99,103.11,101.96,102.62,102.88,101.70,102.55,102.46,102.19,103.50,101.85,102.95,104.06,103.17,103.88,103.26,102.68,101.73,103.48,102.58,102.83,103.49,107.51,107.51,104.65,105.32,103.72,102.88,102.19,100.61,100.50,100.20,100.89,100.72,100.96,99.86,100.22,99.32,99.83,102.47,101.48,98.89,101.26,101.78,102.01,101.43,101.73,103.35,102.96,103.10,100.81,102.55,100.18,100.32,101.21,101.21,101.58,105.75,107.39,106.20,107.52,104.69,105.75,102.75,104.02,102.48,102.91,102.91,104.22,104.01,104.26,105.50,104.39,102.12,100.75,102.04,101.26,100.45,100.45,100.45,102.53,102.53,102.60,102.19,102.37,102.62,103.28,102.05,102.74,102.42,102.42,102.42,103.34,101.54,101.54,96.46,96.46
Subclase,0.001536919,01132,"Mariscos frescos, refrigerados, congelados",100.53,94.94,94.57,97.15,103.52,98.68,97.88,95.57,96.70,96.96,95.90,97.20,92.90,92.52,97.44,94.11,100.90,102.34,98.87,95.28,95.11,97.28,94.77,96.80,97.82,99.77,99.61,98.52,101.03,94.75,97.40,99.03,89.32,97.26,99.13,97.96,97.44,99.37,98.21,96.98,97.98,96.45,95.07,95.90,93.73,95.49,98.11,99.64,99.22,98.54,96.22,96.76,94.63,94.24,96.77,99.31,99.02,96.72,92.58,96.71,95.22,99.38,99.82,99.65,99.65,100.17,98.67,96.39,97.34,98.84,97.47,99.19,97.61,99.19,97.44,97.44,97.44,93.28,87.69,82.68,77.95,80.90,83.97,81.07,81.07,81.07,81.07,90.83,90.83,90.83,87.51,84.32,87.69,81.07,77.95,77.95,77.95,77.95,77.95,77.95,77.95,77.95,77.95,77.95,77.95,77.95,77.95,77.95,77.95,77.95,77.95,77.95,77.95,77.95,77.95,77.95,77.95,77.95,77.95,77.95,77.95,77.95,77.95,77.95,77.95,77.95,77.95,77.95,77.95,77.95,77.95,77.95,77.95,77.95,77.95,77.95,78.92,73.19
Producto,0.001536919,01132029,CAMARÓN,100.53,94.94,94.57,97.15,103.52,98.68,97.88,95.57,96.70,96.96,95.90,97.20,92.90,92.52,97.44,94.11,100.90,102.34,98.87,95.28,95.11,97.28,94.77,96.80,97.82,99.77,99.61,98.52,101.03,94.75,97.40,99.03,89.32,97.26,99.13,97.96,97.44,99.37,98.21,96.98,97.98,96.45,95.07,95.90,93.73,95.49,98.11,99.64,99.22,98.54,96.22,96.76,94.63,94.24,96.77,99.31,99.02,96.72,92.58,96.71,95.22,99.38,99.82,99.65,99.65,100.17,98.67,96.39,97.34,98.84,97.47,99.19,97.61,99.19,97.44,97.44,97.44,93.28,87.69,82.68,77.95,80.90,83.97,81.07,81.07,81.07,81.07,90.83,90.83,90.83,87.51,84.32,87.69,81.07,77.95,77.95,77.95,77.95,77.95,77.95,77.95,77.95,77.95,77.95,77.95,77.95,77.95,77.95,77.95,77.95,77.95,77.95,77.95,77.95,77.95,77.95,77.95,77.95,77.95,77.95,77.95,77.95,77.95,77.95,77.95,77.95,77.95,77.95,77.95,77.95,77.95,77.95,77.95,77.95,77.95,77.95,78.92,73.19
Subclase,0.003971119,01133,Pescados  y mariscos procesados y preparados,99.14,99.47,99.38,99.57,97.50,94.73,95.36,92.84,95.14,93.72,94.47,91.27,93.00,92.84,94.53,94.08,93.20,93.19,94.64,91.91,91.63,93.32,93.50,92.93,92.91,92.25,91.39,93.93,93.81,93.26,94.48,94.52,95.20,96.27,96.31,93.79,95.60,97.67,96.61,96.08,95.62,96.49,97.31,97.10,97.33,96.59,97.80,96.61,97.65,99.25,99.33,98.14,98.32,98.67,100.90,100.90,100.39,100.17,101.49,101.61,101.61,100.09,99.73,100.52,101.27,101.67,100.34,100.73,100.05,102.69,103.70,104.47,104.61,103.03,105.09,104.57,103.98,103.01,101.66,99.39,97.19,97.44,96.81,96.24,99.69,99.34,96.95,100.65,101.21,104.67,103.21,105.11,107.33,108.00,107.60,106.80,109.61,109.18,108.86,105.83,106.43,109.27,112.50,112.94,114.08,113.54,109.42,105.45,112.65,109.06,111.45,107.38,108.56,110.91,112.10,109.59,110.83,111.03,110.58,109.40,112.26,114.30,108.72,108.08,108.99,108.89,106.16,107.64,109.66,108.59,111.72,106.21,111.40,111.79,109.84,113.07,113.60,112.30
Producto,0.003509297,01133030,ATÚN EN CONSERVA,99.36,99.60,99.23,99.41,97.39,93.93,94.64,91.59,94.10,92.45,93.18,89.60,91.55,91.55,93.39,92.87,91.80,91.65,93.43,90.31,89.99,91.83,91.89,91.71,91.32,90.41,89.80,92.16,92.02,91.62,92.82,92.86,93.60,94.74,94.78,92.09,93.97,96.17,95.06,94.26,93.71,94.77,95.59,95.35,95.57,94.99,96.58,94.72,95.86,97.73,98.03,96.74,96.49,96.92,99.45,99.45,98.87,98.64,100.13,100.13,100.13,98.41,98.19,98.92,99.67,100.14,98.64,99.40,98.52,101.44,102.39,103.31,103.56,101.64,104.02,103.45,102.83,101.72,100.09,98.27,95.66,95.70,95.15,94.36,97.98,97.47,94.76,98.94,99.53,103.18,101.38,103.53,106.20,106.17,105.65,104.67,107.80,107.13,106.77,103.38,104.01,107.01,110.66,111.00,112.77,112.42,107.63,102.88,110.59,106.73,109.44,104.74,106.80,109.35,110.51,107.41,108.82,108.82,108.69,106.84,110.17,112.36,106.37,105.80,106.89,106.57,103.35,104.94,107.25,106.22,110.19,103.82,110.05,110.01,107.53,111.05,111.43,109.47
Producto,0.000461822,01133031,SARDINAS EN CONSERVA,97.47,98.49,100.47,100.73,98.36,100.87,100.87,102.36,103.04,103.46,104.33,104.07,104.07,102.70,103.27,103.27,103.90,105.00,103.84,104.19,104.19,104.70,105.82,102.21,105.12,106.35,103.55,107.45,107.45,105.74,107.16,107.15,107.40,107.96,107.96,106.76,108.06,109.14,108.45,110.00,110.21,109.61,110.46,110.46,110.78,108.81,107.09,111.07,111.32,110.83,109.27,108.85,112.34,112.01,112.01,112.01,112.01,111.90,111.90,112.98,112.98,112.94,111.53,112.71,113.49,113.38,113.35,110.92,111.74,112.25,113.68,113.34,112.61,113.68,113.33,113.16,112.74,112.86,113.69,107.92,108.90,110.79,109.46,110.62,112.81,113.66,113.72,113.72,114.10,116.01,117.20,117.20,115.95,122.02,122.45,123.12,123.46,124.85,124.86,124.56,124.90,126.60,126.57,127.76,124.06,122.14,123.18,125.18,128.42,126.82,126.84,127.58,122.08,122.80,124.28,126.21,126.21,127.92,125.05,129.01,128.21,129.11,126.66,125.52,125.06,126.64,127.62,128.24,128.03,126.70,123.37,124.54,121.73,125.42,127.49,128.53,130.25,133.95
Clase,0.034965826,0114,"Leche, queso y huevos (ND)",104.92,105.75,105.44,105.78,106.19,106.07,106.26,108.22,106.41,105.10,105.62,105.25,102.92,102.37,103.96,103.18,103.52,105.06,104.50,103.87,104.16,103.73,103.14,103.94,103.59,103.39,102.49,103.74,103.12,102.89,102.79,104.07,104.64,103.68,102.81,103.43,102.75,103.83,103.21,103.91,103.46,103.31,103.58,102.46,104.59,102.62,103.45,101.02,101.72,101.18,101.05,100.14,99.84,101.53,101.49,101.42,103.77,104.64,104.12,102.53,103.65,103.70,103.68,105.74,105.39,105.21,102.31,103.48,103.25,103.48,104.98,103.79,103.95,104.73,104.15,103.26,104.30,103.70,103.80,103.10,102.82,103.83,102.64,103.50,103.96,104.75,105.32,104.28,104.12,107.73,110.35,112.58,113.01,112.19,112.92,113.34,114.79,114.87,115.98,116.85,115.47,114.75,115.88,116.51,117.85,119.11,118.70,118.50,117.01,116.26,116.03,115.34,116.53,115.90,116.39,116.69,117.19,116.54,117.85,118.68,118.18,119.79,119.95,120.09,119.81,119.23,119.42,119.58,120.05,120.51,120.50,117.01,117.44,116.54,119.02,123.72,124.99,122.38
Subclase,0.01381159,01141,Leche líquida,106.16,107.07,106.76,106.64,106.60,108.14,109.22,110.95,106.36,106.78,105.45,105.44,99.55,98.97,98.31,99.59,100.18,100.46,100.93,100.78,100.78,100.58,99.86,100.34,98.82,100.48,100.19,99.82,99.82,99.86,99.52,101.16,100.89,100.65,100.24,99.99,98.19,99.51,100.36,100.88,99.72,99.80,100.50,99.90,99.46,99.33,99.53,98.64,99.45,99.40,98.46,99.15,98.75,97.12,99.31,99.16,99.42,98.53,98.40,99.17,98.45,98.63,98.83,99.84,99.51,99.61,98.75,98.73,98.97,99.58,99.06,99.09,98.69,98.20,99.80,98.97,98.18,97.42,97.75,98.03,97.59,98.88,97.36,97.86,98.00,98.34,98.28,96.92,98.04,103.97,106.14,108.01,109.17,107.95,107.87,109.87,110.19,109.90,109.19,110.25,110.72,109.82,110.40,111.10,109.91,110.24,108.63,109.23,109.16,109.53,110.55,107.79,110.23,110.59,109.70,109.86,110.36,109.61,110.39,111.16,111.96,112.99,111.87,113.40,113.25,112.72,113.01,114.26,111.80,111.65,110.76,112.37,111.60,109.12,114.88,113.83,115.91,115.68
Producto,7.34334E-05,01141032,LECHE LÍQUIDA VEGETAL,98.06,98.06,98.06,98.06,98.06,98.06,98.06,98.06,98.06,98.06,98.06,98.06,98.06,97.83,97.83,97.83,97.83,98.30,98.30,99.02,99.02,99.02,99.02,98.07,98.07,98.07,98.07,98.26,98.26,95.96,95.96,95.96,95.96,95.96,95.96,95.96,95.96,96.93,95.76,95.76,95.76,96.13,96.13,96.13,96.13,96.13,96.13,96.13,96.13,96.13,96.13,96.13,96.13,96.90,95.98,92.58,96.19,96.19,96.19,96.96,96.96,96.96,96.96,96.96,97.58,96.80,96.23,93.50,93.50,96.00,96.00,96.00,96.00,96.00,96.00,96.19,96.19,92.60,87.85,94.78,94.78,97.55,102.14,102.14,102.14,102.14,106.66,106.66,99.79,99.79,106.64,101.12,101.12,101.12,107.26,109.15,106.97,108.97,109.51,109.51,103.55,109.51,109.51,109.51,107.25,107.99,101.98,98.38,99.61,99.02,102.05,95.54,100.86,101.21,104.62,100.70,105.31,109.06,109.38,105.38,109.38,109.38,107.65,103.37,108.45,108.05,108.05,100.53,98.88,108.33,108.33,108.79,112.93,114.95,116.07,114.33,114.33,114.33
Producto,0.01107155,01141033,LECHE LÍQUIDA PASTEURIZADA,110.72,112.19,111.69,112.19,111.71,112.67,115.49,115.49,108.11,108.57,108.57,108.57,99.11,99.11,99.11,99.11,99.11,99.11,99.62,99.62,99.62,100.06,100.06,100.06,100.06,99.41,99.41,98.55,98.55,98.76,98.76,100.32,99.88,99.63,99.43,99.43,99.43,99.43,99.43,99.43,99.22,99.01,99.42,99.43,99.43,99.43,99.43,99.84,99.84,99.58,99.38,99.38,98.97,98.97,98.97,98.97,98.97,98.57,98.16,98.56,98.16,98.16,98.16,98.16,98.16,98.16,98.16,98.16,98.16,98.16,98.16,98.16,98.16,98.16,98.16,98.16,98.16,98.16,98.16,98.16,98.16,98.16,96.82,96.82,97.48,96.47,96.47,95.99,95.99,103.69,108.54,109.53,110.38,110.22,109.73,110.63,111.84,111.84,111.30,113.10,113.72,113.72,113.72,113.72,112.13,110.93,111.23,111.54,111.54,111.54,111.54,110.93,110.93,110.93,110.93,111.33,111.74,111.74,111.74,111.74,111.74,111.74,110.03,111.74,112.90,112.90,113.50,114.76,113.61,113.69,111.01,112.76,111.47,107.53,115.02,113.44,115.89,115.37
Producto,0.002666606,01141034,LECHE LÍQUIDA LARGA VIDA,98.65,98.65,98.65,97.52,98.21,100.72,98.93,103.51,103.51,103.87,100.33,100.29,100.29,98.76,97.01,100.40,101.96,102.71,103.11,102.71,102.71,101.45,99.52,100.80,96.78,102.26,101.48,101.92,101.92,101.70,100.79,102.57,102.57,102.36,101.59,100.95,96.15,99.66,101.92,103.30,100.57,101.12,102.29,100.71,99.53,99.19,99.72,96.66,98.83,99.11,96.95,98.78,98.40,94.06,99.89,99.49,100.17,98.48,98.81,100.19,98.93,99.41,99.93,102.63,101.75,102.01,99.72,99.69,100.34,101.94,100.57,100.63,99.56,98.27,102.53,100.31,98.22,96.22,97.12,97.83,96.66,100.07,98.23,99.57,98.84,101.42,101.24,98.40,101.41,104.44,102.17,105.53,107.21,104.23,104.80,108.62,107.48,106.70,105.69,105.54,105.80,103.38,104.90,106.77,106.25,109.10,104.37,105.47,105.26,106.26,108.97,102.67,109.12,110.08,107.69,107.46,108.10,106.10,108.16,110.23,112.33,115.08,114.92,116.21,113.86,112.46,112.22,113.49,108.88,108.29,110.35,111.75,111.80,111.71,114.64,114.47,115.94,116.19
Subclase,0.002403201,01142,Leche conservada,109.35,109.35,110.45,110.45,110.11,113.41,112.79,112.97,113.08,113.23,113.23,113.23,113.07,114.16,115.31,115.31,115.31,115.26,115.26,115.26,115.33,115.33,115.53,114.98,115.92,115.92,115.92,115.88,115.88,115.98,115.63,115.47,115.47,114.94,115.64,114.41,115.29,114.65,115.47,115.31,115.93,115.49,116.93,117.63,117.63,119.35,119.35,119.35,119.35,120.77,120.77,118.62,118.21,118.38,118.38,117.56,117.56,117.39,118.53,118.53,120.18,122.07,122.07,124.20,129.67,131.16,130.89,128.90,130.46,130.46,130.78,130.76,130.76,131.28,131.28,131.28,130.95,127.91,128.08,135.37,133.92,131.07,127.82,131.42,130.38,129.68,137.47,128.54,128.57,127.97,129.89,131.98,132.32,132.32,132.30,132.55,132.55,135.87,137.24,133.78,138.80,133.85,140.15,139.06,139.68,147.35,144.57,145.01,148.61,148.59,145.18,146.15,145.85,146.35,146.35,146.24,148.18,144.50,147.65,145.09,143.07,144.15,143.67,148.14,146.88,145.72,145.17,144.09,144.52,148.93,154.01,147.29,146.74,150.80,154.84,155.89,157.42,158.23
Producto,0.000559971,01142035,LECHE EN POLVO,93.43,93.43,93.43,93.43,91.60,95.44,95.44,96.40,96.96,97.78,97.78,97.78,96.92,96.92,96.92,96.92,96.92,96.62,96.62,96.62,97.03,97.03,97.03,91.87,97.03,97.03,97.03,96.83,96.83,97.35,95.47,94.60,94.60,91.76,95.52,88.93,93.65,90.21,94.60,96.38,94.75,94.75,94.75,93.65,93.65,96.38,96.38,96.38,96.38,96.38,96.38,96.38,96.38,94.60,94.60,96.03,96.03,95.11,98.29,98.29,96.57,96.57,96.57,97.81,99.56,96.92,97.25,95.40,98.05,98.05,99.80,99.67,99.67,100.53,100.53,100.53,98.77,97.55,98.43,98.43,98.43,98.43,98.43,100.18,100.18,100.18,100.18,100.18,100.18,100.18,96.51,98.43,100.27,100.27,100.18,100.18,100.18,100.18,100.18,94.18,101.43,97.98,97.98,100.85,98.31,101.50,99.05,97.51,98.41,98.21,92.09,97.18,95.57,98.29,98.29,95.21,94.69,98.29,98.84,98.29,94.69,100.46,100.46,100.46,97.79,99.56,96.62,98.65,94.65,94.36,99.19,103.20,100.50,98.68,103.60,101.69,102.58,104.41
Producto,0.00184323,01142036,LECHE MATERNIZADA EN POLVO,113.00,113.00,114.35,114.35,114.35,117.52,116.77,116.77,116.77,116.77,116.77,116.77,116.77,118.11,119.53,119.53,119.53,119.53,119.53,119.53,119.53,119.53,119.76,120.27,120.25,120.25,120.25,120.25,120.25,120.25,120.25,120.25,120.25,120.25,120.25,120.25,120.25,120.25,120.25,119.65,120.78,120.25,122.01,123.13,123.13,124.61,124.61,124.61,124.61,126.35,126.35,123.72,123.20,123.83,123.83,122.49,122.49,122.49,123.17,123.17,125.59,127.91,127.91,130.25,136.57,139.01,138.60,136.58,137.89,137.89,137.88,137.88,137.88,138.32,138.32,138.32,138.32,134.87,134.87,143.83,142.05,138.55,134.56,138.57,137.29,136.43,146.01,135.04,135.07,134.33,137.54,139.66,139.66,139.66,139.66,139.96,139.96,144.05,145.72,142.85,147.36,142.07,149.81,147.82,149.16,157.85,155.00,155.89,160.11,160.13,157.34,157.36,157.36,157.36,157.36,157.93,160.43,155.09,158.84,155.81,154.15,154.15,153.57,159.06,158.13,156.29,156.29,154.50,155.95,161.43,166.57,157.39,157.33,162.74,166.57,168.31,169.98,170.56
Subclase,0.00379509,01143,Yogures y productos en base leche,101.55,101.55,101.55,101.40,100.96,100.96,101.48,101.26,101.26,101.97,102.53,103.30,103.22,103.61,103.22,98.41,101.64,102.46,103.40,102.32,103.09,102.27,103.29,104.93,104.93,104.41,101.63,105.82,106.35,105.91,105.91,106.16,104.79,106.44,107.37,105.11,105.53,105.53,105.53,105.53,105.53,106.37,105.84,101.24,104.20,105.50,106.65,105.86,105.86,103.49,109.01,99.63,102.20,105.34,105.34,101.80,105.63,105.63,105.63,101.76,103.53,100.27,103.63,106.94,107.92,106.45,106.93,106.67,107.36,106.22,108.11,108.66,108.66,108.66,108.66,105.91,106.80,106.11,109.42,109.15,109.68,110.47,107.71,110.65,110.04,110.44,110.71,110.71,109.23,108.45,110.09,111.01,111.01,111.39,111.91,112.09,114.11,119.22,118.23,117.78,116.30,119.22,116.46,117.17,116.23,114.81,116.75,118.07,119.41,121.26,121.59,125.22,126.80,123.48,128.79,132.11,132.11,132.11,132.11,132.30,126.38,135.04,135.60,135.37,134.90,131.27,135.14,134.63,134.24,137.42,137.42,136.25,137.51,138.22,138.22,138.81,136.57,138.63
Producto,0.00379509,01143037,YOGURT,101.55,101.55,101.55,101.40,100.96,100.96,101.48,101.26,101.26,101.97,102.53,103.30,103.22,103.61,103.22,98.41,101.64,102.46,103.40,102.32,103.09,102.27,103.29,104.93,104.93,104.41,101.63,105.82,106.35,105.91,105.91,106.16,104.79,106.44,107.37,105.11,105.53,105.53,105.53,105.53,105.53,106.37,105.84,101.24,104.20,105.50,106.65,105.86,105.86,103.49,109.01,99.63,102.20,105.34,105.34,101.80,105.63,105.63,105.63,101.76,103.53,100.27,103.63,106.94,107.92,106.45,106.93,106.67,107.36,106.22,108.11,108.66,108.66,108.66,108.66,105.91,106.80,106.11,109.42,109.15,109.68,110.47,107.71,110.65,110.04,110.44,110.71,110.71,109.23,108.45,110.09,111.01,111.01,111.39,111.91,112.09,114.11,119.22,118.23,117.78,116.30,119.22,116.46,117.17,116.23,114.81,116.75,118.07,119.41,121.26,121.59,125.22,126.80,123.48,128.79,132.11,132.11,132.11,132.11,132.30,126.38,135.04,135.60,135.37,134.90,131.27,135.14,134.63,134.24,137.42,137.42,136.25,137.51,138.22,138.22,138.81,136.57,138.63
Subclase,0.008888748,01144,Quesos,105.70,108.36,107.58,107.85,108.16,107.97,106.83,107.45,108.29,106.26,107.22,107.33,106.39,105.15,106.68,105.29,106.80,109.44,108.84,108.28,107.85,105.88,106.43,106.10,107.55,105.67,105.14,107.38,103.21,105.74,104.38,108.42,109.43,105.94,105.02,106.57,104.27,107.45,103.86,107.23,105.81,105.85,106.18,105.70,109.69,103.46,105.54,100.05,102.02,101.46,102.12,101.48,100.88,104.57,102.79,103.15,105.32,106.18,106.54,103.06,107.85,106.15,105.69,108.82,107.32,106.98,104.24,104.59,103.57,103.86,105.40,102.58,102.60,105.88,105.16,104.37,107.88,107.38,106.20,103.35,102.92,104.55,103.83,104.51,106.01,107.88,108.84,107.91,106.86,111.80,115.47,120.64,120.71,119.42,121.43,120.60,123.77,122.23,121.78,123.71,123.92,122.11,122.16,119.85,122.19,122.19,122.16,120.48,122.54,120.30,119.75,120.95,123.22,122.17,122.60,122.18,122.98,122.12,124.91,126.68,126.71,127.22,128.66,127.23,126.86,127.05,126.01,125.49,129.42,129.42,129.83,127.31,128.95,128.20,129.34,135.51,137.81,129.64
Producto,0.002132804,01144038,QUESO FRESCO,99.19,103.13,101.84,101.92,104.16,103.88,102.18,104.58,105.54,102.52,103.95,104.29,102.34,102.10,103.17,100.85,102.84,106.29,105.39,104.55,106.07,101.34,102.20,100.22,104.67,101.37,103.74,102.66,99.15,100.08,100.96,102.96,104.46,101.13,99.76,103.59,103.38,102.60,101.47,103.36,103.39,103.45,102.97,101.67,104.97,99.98,102.42,98.61,99.62,99.17,100.74,100.75,99.53,102.62,102.38,102.92,103.73,104.12,104.65,98.40,102.92,101.90,101.78,103.28,102.89,103.71,100.51,101.94,100.41,100.85,102.39,96.71,98.21,102.80,101.74,100.39,102.59,101.85,99.26,98.68,98.40,99.16,98.09,98.22,100.45,99.98,101.40,99.37,100.45,106.57,111.77,113.47,112.70,110.78,111.17,109.94,114.66,113.39,112.72,115.58,117.41,114.73,115.59,111.35,114.84,114.84,114.80,115.28,115.37,115.01,113.64,114.65,116.17,114.60,115.24,115.00,116.37,114.53,117.89,117.89,117.93,118.69,120.83,118.48,117.93,117.77,116.75,115.46,121.30,121.30,121.30,117.11,119.33,117.77,120.23,128.99,131.66,120.25
Producto,0.006755944,01144039,QUESO DE MESA,119.03,119.03,119.32,119.98,116.33,116.33,116.33,113.31,113.91,113.91,113.91,113.54,114.68,111.39,113.85,114.35,114.89,115.90,115.90,115.90,111.50,115.15,115.10,118.13,113.44,114.46,108.00,117.02,111.49,117.30,111.36,119.60,119.60,115.78,115.78,112.65,106.08,117.36,108.74,115.14,110.75,110.75,112.74,113.93,119.35,110.58,111.93,103.00,106.93,106.13,104.94,102.97,103.63,108.56,103.63,103.63,108.56,110.40,110.40,112.58,117.95,114.82,113.67,120.15,116.36,113.67,111.87,110.03,110.03,110.03,111.57,114.58,111.57,112.16,112.16,112.50,118.69,118.69,120.39,112.89,112.15,115.57,115.57,117.37,117.37,124.03,124.03,125.39,119.97,122.50,123.04,135.30,137.08,137.08,142.40,142.40,142.40,140.31,140.31,140.31,137.22,137.22,135.60,137.22,137.22,137.22,137.22,131.12,137.22,131.12,132.23,133.83,137.65,137.65,137.65,136.86,136.49,137.65,139.26,144.66,144.66,144.66,144.66,145.12,145.12,146.02,144.96,146.02,146.02,146.02,147.29,148.18,148.63,149.51,147.96,148.85,150.41,148.85
Subclase,0.006067198,01145,Huevos,102.42,100.02,100.21,102.08,104.37,100.31,101.32,108.43,105.22,100.11,103.53,100.59,100.66,100.65,108.55,107.60,102.93,105.57,101.75,100.24,102.29,104.84,100.81,104.22,102.08,101.74,100.02,100.64,105.18,98.71,101.74,97.49,100.43,101.26,97.98,100.86,104.78,102.09,103.92,100.08,102.64,100.97,100.54,99.26,102.56,102.64,102.09,101.27,99.67,99.17,94.92,96.59,95.01,98.62,97.54,99.42,105.80,111.12,107.28,106.16,102.88,108.41,106.35,107.44,107.44,107.67,97.29,104.21,103.71,104.06,109.56,107.81,109.55,108.37,103.00,103.00,103.00,103.00,103.00,103.00,103.00,103.00,103.00,103.00,103.00,103.00,103.00,103.00,103.00,103.00,105.17,103.00,103.00,103.00,103.00,103.00,103.00,103.00,112.57,112.57,103.00,103.00,109.46,116.31,122.61,129.24,129.24,129.24,114.45,112.45,110.50,106.68,103.00,103.00,103.00,103.00,103.00,103.00,103.00,103.00,103.00,103.00,103.00,103.00,103.00,103.00,103.00,103.00,103.00,103.00,103.00,85.83,85.83,85.83,85.83,103.00,103.00,103.00
Producto,0.006067198,01145040,HUEVOS DE GALLINA,102.42,100.02,100.21,102.08,104.37,100.31,101.32,108.43,105.22,100.11,103.53,100.59,100.66,100.65,108.55,107.60,102.93,105.57,101.75,100.24,102.29,104.84,100.81,104.22,102.08,101.74,100.02,100.64,105.18,98.71,101.74,97.49,100.43,101.26,97.98,100.86,104.78,102.09,103.92,100.08,102.64,100.97,100.54,99.26,102.56,102.64,102.09,101.27,99.67,99.17,94.92,96.59,95.01,98.62,97.54,99.42,105.80,111.12,107.28,106.16,102.88,108.41,106.35,107.44,107.44,107.67,97.29,104.21,103.71,104.06,109.56,107.81,109.55,108.37,103.00,103.00,103.00,103.00,103.00,103.00,103.00,103.00,103.00,103.00,103.00,103.00,103.00,103.00,103.00,103.00,105.17,103.00,103.00,103.00,103.00,103.00,103.00,103.00,112.57,112.57,103.00,103.00,109.46,116.31,122.61,129.24,129.24,129.24,114.45,112.45,110.50,106.68,103.00,103.00,103.00,103.00,103.00,103.00,103.00,103.00,103.00,103.00,103.00,103.00,103.00,103.00,103.00,103.00,103.00,103.00,103.00,85.83,85.83,85.83,85.83,103.00,103.00,103.00
Clase,0.00647383,0115,Aceites y grasas (ND),101.88,101.61,100.86,100.16,100.42,100.72,99.76,99.16,98.32,99.01,98.86,99.17,99.50,99.61,99.66,99.40,98.82,98.16,98.59,97.84,97.02,96.69,97.86,98.30,95.67,97.20,96.73,96.23,95.81,96.03,95.84,97.59,98.11,99.35,98.73,97.61,97.50,97.37,96.73,95.31,95.71,95.09,93.82,94.90,95.10,94.90,94.86,95.12,94.99,93.92,92.63,91.61,91.55,91.78,91.00,90.65,92.32,91.51,91.57,91.38,90.85,90.14,90.24,91.24,91.38,91.27,91.34,90.96,90.99,90.39,91.44,91.52,91.36,91.05,90.93,94.31,103.18,105.90,111.27,115.04,114.18,113.87,116.14,117.65,118.45,118.59,119.30,125.33,137.55,139.78,143.75,144.14,142.74,139.93,141.95,141.92,135.73,129.32,132.83,128.36,128.60,124.86,125.33,121.56,126.34,120.88,117.70,118.97,116.66,116.11,115.75,118.42,116.40,118.88,119.01,118.67,117.30,116.73,117.17,118.42,119.06,122.18,120.78,121.03,120.68,119.48,119.00,119.55,119.70,117.74,119.86,118.45,120.41,117.82,118.74,119.24,120.87,119.43
Subclase,0.005188211,01151,Aceites puros y mezclados,100.44,99.61,99.61,98.61,98.80,99.81,98.83,98.39,97.06,98.23,98.57,98.85,98.96,99.31,99.34,99.39,99.31,98.34,98.95,97.91,96.47,95.87,97.12,97.78,94.92,96.69,95.28,94.92,95.30,95.85,95.35,96.09,96.82,98.61,97.79,97.16,97.46,97.46,96.92,94.72,96.13,94.25,94.50,96.27,96.67,96.34,95.57,96.23,96.05,95.40,94.16,92.84,92.72,93.18,92.06,92.06,93.87,92.83,92.72,92.72,92.11,92.00,92.16,92.16,92.16,91.90,91.94,91.37,91.82,90.89,91.98,92.14,91.91,91.52,91.35,95.09,107.67,111.02,116.52,120.69,120.67,118.13,120.26,121.89,123.30,123.35,124.45,132.17,147.26,148.20,153.27,153.69,152.81,148.50,151.77,151.34,143.00,133.51,139.79,134.34,134.50,129.40,130.68,125.11,131.99,125.00,120.49,123.40,119.79,118.95,118.26,120.93,119.03,122.40,123.06,121.39,119.78,118.59,118.91,120.72,121.42,125.64,123.97,124.73,123.56,122.25,120.86,122.14,123.26,120.23,123.10,120.68,123.35,120.01,121.78,122.95,124.38,122.34
Producto,0.004704066,01151041,ACEITE VEGETAL ,100.98,99.81,99.81,98.64,98.81,100.04,98.92,98.47,96.93,98.53,99.13,99.45,99.68,100.10,100.10,99.96,99.69,98.68,99.39,98.21,96.57,95.82,97.28,98.14,94.89,97.15,94.93,94.85,94.85,95.39,94.77,95.55,96.18,98.30,97.34,96.91,97.06,97.23,96.42,93.86,95.51,93.62,93.91,96.00,96.18,95.80,95.00,95.83,95.30,94.76,93.24,91.58,91.47,92.52,90.80,90.80,92.84,91.63,91.51,91.51,91.51,91.26,91.01,90.99,90.86,90.78,90.83,90.82,90.90,90.21,90.80,91.20,90.80,90.27,90.03,92.89,106.57,110.60,116.18,119.98,120.25,117.43,121.14,122.68,124.04,123.52,124.67,132.59,148.56,148.20,152.27,152.78,152.55,149.48,153.23,152.01,143.24,133.55,140.44,134.78,135.10,130.37,130.64,125.24,133.27,125.31,120.40,124.16,120.42,120.11,119.42,122.44,120.10,123.65,124.10,122.43,120.80,119.53,119.32,121.64,122.60,128.18,126.43,127.60,126.16,124.79,123.06,125.44,126.66,123.73,126.77,123.40,126.74,123.09,124.92,126.28,127.80,125.86
Producto,0.000484145,01151042,ACEITE PURO,97.25,98.44,98.40,98.44,98.73,98.44,98.35,97.87,97.87,96.45,95.27,95.27,94.68,94.60,94.82,96.01,97.03,96.28,96.28,96.15,95.88,96.14,96.12,95.64,95.09,93.93,97.40,95.36,98.00,98.57,98.86,99.27,100.63,100.45,100.45,98.69,99.80,98.78,99.84,99.84,99.78,98.03,98.03,97.86,99.60,99.60,99.01,98.64,100.54,99.21,99.62,100.32,100.18,97.12,99.56,99.56,99.97,99.97,99.97,99.97,95.72,96.43,98.98,99.12,99.95,98.54,98.54,94.62,97.28,94.95,98.99,97.71,98.52,99.02,99.22,108.17,114.24,113.50,118.54,124.91,123.15,122.29,115.01,117.23,118.89,122.38,123.19,129.67,139.48,148.14,159.24,159.09,154.38,142.70,143.07,147.32,141.62,133.27,135.93,131.67,130.91,123.60,130.94,124.32,124.33,123.09,121.02,118.82,116.02,112.05,111.39,111.94,112.68,114.95,116.86,115.20,113.70,113.02,116.48,115.26,114.37,110.56,109.33,107.67,108.06,107.12,107.77,102.53,102.96,99.35,101.20,104.47,103.17,101.69,103.06,103.09,104.02,101.41
Subclase,0.001285619,01152,Grasas para la cocina,105.16,106.18,103.72,103.70,104.13,102.78,101.89,100.92,101.18,100.81,99.52,99.88,100.74,100.30,100.39,99.42,97.70,97.77,97.77,97.69,98.28,98.57,99.56,99.49,97.39,98.38,100.04,99.20,96.97,96.45,96.97,101.02,101.06,101.02,100.87,98.63,97.60,97.16,96.31,96.66,94.74,97.00,92.27,91.76,91.51,91.61,93.24,92.57,92.58,90.55,89.15,88.80,88.87,88.58,88.58,87.44,88.78,88.49,88.94,88.31,87.96,85.89,85.85,89.13,89.58,89.85,89.98,90.03,89.12,89.23,90.22,90.12,90.12,89.96,89.98,92.53,92.93,94.20,99.27,102.13,99.37,104.16,106.73,107.96,107.39,107.73,107.54,109.72,115.40,120.57,121.99,122.34,119.74,120.37,119.52,120.41,119.12,119.75,116.92,114.72,115.15,114.49,113.10,113.46,113.46,111.47,111.33,108.87,109.51,109.63,110.02,112.70,110.40,110.86,109.77,112.45,111.64,112.49,113.18,113.18,113.67,114.26,113.51,112.57,114.13,113.17,114.74,113.62,111.60,112.05,112.48,113.35,113.70,112.81,111.82,110.78,112.86,112.79
Producto,0.000713209,01152043,MARGARINA,100.79,105.43,107.79,108.51,107.62,102.87,106.83,107.90,104.64,105.11,105.33,104.64,104.35,104.21,105.29,104.21,101.81,101.81,101.81,100.90,100.90,99.30,100.89,102.52,100.89,105.79,104.65,102.51,102.20,105.90,108.56,103.31,106.20,102.37,103.00,104.96,103.99,103.99,104.76,104.76,99.75,101.35,106.33,106.33,103.45,109.95,109.95,109.95,109.95,112.08,108.59,111.73,112.53,109.14,109.14,111.49,111.49,108.12,113.29,106.12,109.11,107.49,107.06,108.33,108.18,111.24,112.82,113.38,102.92,108.59,109.40,108.21,108.21,106.36,111.81,104.19,106.65,106.65,108.23,120.10,119.08,115.21,117.64,121.60,119.55,118.08,113.56,119.72,115.75,121.27,124.31,115.34,119.15,127.82,125.63,129.34,131.27,126.25,120.96,127.92,119.08,119.08,119.08,119.08,119.08,116.20,117.66,111.19,112.29,114.94,114.94,105.52,105.52,112.04,105.62,111.22,110.95,107.81,110.38,101.18,103.35,109.34,108.65,108.65,107.20,109.30,106.86,108.86,103.82,108.36,115.43,116.96,111.61,107.24,105.88,109.89,109.39,103.29
Producto,0.000199658,01152044,MANTEQUILLA,108.50,108.50,108.50,108.50,108.50,108.50,108.50,108.50,108.50,108.50,108.50,108.50,108.50,108.50,108.50,108.50,108.50,109.45,109.45,109.45,114.95,121.48,128.46,128.46,121.63,121.63,128.46,129.55,129.55,122.56,123.87,123.87,123.87,128.46,128.46,128.46,128.46,129.55,129.55,129.55,129.55,129.55,129.55,129.55,129.55,129.55,129.55,129.55,129.55,129.55,129.55,129.55,129.55,129.55,129.55,129.55,129.55,129.55,129.55,129.55,129.55,100.10,100.10,122.66,129.72,129.72,129.72,129.72,129.72,129.72,129.72,129.72,129.72,129.72,122.86,129.72,129.72,129.55,129.55,119.23,129.55,129.55,129.55,129.55,129.55,129.55,129.55,129.55,132.21,132.21,132.21,143.18,143.18,143.18,143.18,143.18,143.18,148.62,148.62,148.62,148.62,148.62,143.18,148.62,148.62,148.62,148.62,148.62,148.62,148.62,148.62,151.37,152.63,152.63,152.63,152.63,152.63,152.63,151.40,151.40,151.40,151.40,159.02,159.02,159.02,159.02,159.02,159.02,159.02,159.02,159.02,159.02,159.02,154.02,154.02,154.02,159.02,155.55
Producto,0.000372752,01152045,MANTECA,105.35,106.08,102.93,102.83,103.43,102.33,100.87,99.62,100.26,99.77,98.22,98.73,99.77,99.26,99.26,98.22,96.45,96.45,96.45,96.45,96.72,96.72,97.20,96.94,95.15,95.82,97.37,96.52,93.92,93.45,93.69,99.01,98.76,98.76,98.52,95.68,94.56,93.95,92.87,93.28,91.54,94.04,87.93,87.34,87.34,86.78,88.71,87.92,87.93,85.31,84.02,83.29,83.29,83.29,83.29,81.70,83.29,83.29,83.29,83.29,82.56,82.56,82.56,84.56,84.56,84.56,84.56,84.56,84.56,84.10,85.19,85.19,85.19,85.19,85.19,88.46,88.67,90.19,96.01,98.96,95.01,101.05,103.84,104.88,104.42,104.98,105.22,107.15,114.06,119.60,120.97,121.46,117.99,117.84,117.06,117.73,116.00,116.85,114.06,110.74,112.16,111.38,110.16,110.16,110.16,108.11,107.79,105.57,106.20,106.07,106.53,110.46,107.65,107.51,106.88,109.48,108.54,109.88,110.52,111.47,111.83,111.90,110.49,109.39,111.38,110.03,112.13,110.61,108.74,108.81,108.59,109.45,110.42,110.20,109.17,107.53,109.65,110.47
Clase,0.021386803,0116,Frutas (ND),112.19,106.08,108.06,105.31,102.28,99.40,99.10,98.62,100.50,105.23,106.41,105.38,115.86,118.51,122.39,110.52,103.66,105.15,107.79,108.19,111.77,111.57,117.05,119.68,118.19,113.93,115.78,110.75,106.75,105.45,106.91,107.49,114.99,117.47,111.07,106.24,105.62,109.24,110.39,110.26,109.47,104.77,106.03,108.31,110.27,109.43,109.88,106.49,109.81,115.31,114.54,110.66,105.75,104.24,102.39,105.25,105.33,110.53,109.88,112.88,116.56,116.01,118.95,126.04,125.69,116.44,109.86,106.63,103.53,102.72,110.62,112.08,112.52,118.30,109.61,110.74,108.97,103.61,101.05,102.97,105.97,107.10,107.36,108.77,112.71,117.48,114.04,112.42,112.41,109.41,110.54,109.70,111.45,113.48,116.13,116.40,112.61,116.65,116.78,116.15,112.35,111.05,120.70,138.03,144.68,133.49,117.34,114.38,114.54,117.04,118.66,119.51,117.56,114.37,106.18,110.67,115.18,112.38,114.55,114.67,111.37,110.91,105.40,104.93,106.34,126.68,140.34,144.41,147.97,159.53,147.97,140.06,140.12,145.81,139.33,120.03,120.31,111.49
Subclase,0.020930294,01161,Frutas frescas refrigeradas y congeladas,112.26,106.00,108.07,105.23,102.16,99.15,98.85,98.34,100.31,105.01,106.24,105.17,115.82,118.51,122.46,110.29,103.33,104.85,107.52,107.95,111.58,111.39,116.95,119.62,118.16,113.83,115.72,110.60,106.57,105.24,106.76,107.34,114.95,117.44,110.94,105.99,105.33,109.01,110.19,110.04,109.35,104.57,105.86,108.21,110.17,109.32,109.76,106.41,109.73,115.29,114.41,110.49,105.51,103.98,102.10,105.01,105.09,110.38,109.71,112.76,116.49,115.93,118.92,126.09,125.72,116.34,109.67,106.40,103.28,102.51,110.54,112.01,112.46,118.33,109.51,110.65,108.86,103.41,100.85,102.74,105.79,106.95,107.22,108.65,112.63,117.47,114.01,112.37,112.31,109.27,110.43,109.54,111.32,113.35,116.04,116.33,112.49,116.60,116.82,116.13,112.25,110.93,120.69,138.29,145.01,133.63,117.21,114.21,114.37,116.92,118.53,119.37,117.38,114.14,105.81,110.34,114.92,112.08,114.28,114.46,111.10,110.64,105.05,104.57,106.00,126.66,140.53,144.65,148.24,159.98,148.25,140.21,140.27,146.06,139.46,119.89,120.15,111.21
Producto,0.000637296,01161046,AGUACATE,106.43,95.67,101.23,97.37,91.89,86.37,95.65,99.86,97.87,104.98,95.79,98.00,91.31,88.61,94.17,100.88,90.08,85.76,95.52,98.45,114.39,109.26,110.40,110.81,105.75,101.34,91.36,90.96,90.10,83.47,90.13,100.22,106.68,126.33,111.72,107.42,95.98,89.30,96.17,105.80,107.57,111.74,119.19,151.65,130.39,124.64,122.49,117.54,106.49,93.40,94.19,99.69,107.09,101.87,106.67,119.03,116.98,117.81,116.76,109.63,103.95,115.07,114.95,98.63,106.24,112.93,119.55,125.40,119.11,115.03,107.19,107.76,113.06,119.72,121.97,118.55,122.48,113.74,111.78,116.30,116.09,114.32,110.32,112.10,114.27,125.59,113.74,128.67,135.64,133.54,129.63,116.52,124.84,140.04,135.39,125.15,125.15,131.87,131.94,126.16,116.96,123.48,135.02,153.03,170.83,146.90,114.66,106.73,106.73,117.45,124.49,130.22,138.97,131.01,138.37,161.15,164.59,157.97,134.00,129.99,129.99,135.78,127.70,135.75,126.19,117.82,162.48,148.69,185.77,180.49,133.42,121.79,121.79,129.27,135.37,135.22,163.00,120.35
Producto,0.001143947,01161047,BANANA,114.16,103.04,105.02,108.62,101.89,101.44,91.94,99.22,101.15,108.41,101.13,103.07,105.83,107.89,110.29,112.55,99.84,110.47,117.74,119.63,111.91,113.94,101.64,106.76,116.61,105.20,114.59,119.42,135.58,133.13,138.69,156.43,157.33,152.62,138.79,137.36,134.47,131.21,119.28,121.27,125.33,125.09,134.11,136.25,133.34,125.34,127.45,128.45,122.89,131.30,132.52,126.92,119.74,128.30,121.33,136.83,141.02,139.55,137.28,136.41,125.23,124.72,108.55,130.61,125.84,118.34,110.74,91.86,94.13,98.15,121.22,124.77,119.60,138.54,132.43,126.55,139.92,119.51,113.35,113.40,121.57,122.61,124.60,120.45,125.52,142.63,126.85,116.00,132.27,125.20,123.50,125.00,135.17,124.31,117.24,124.71,124.71,130.10,137.33,133.00,127.92,125.26,133.40,140.84,125.29,129.48,125.74,114.98,121.93,126.28,127.97,141.66,118.02,107.88,114.69,117.70,114.65,110.00,118.06,118.06,118.06,121.81,121.76,111.41,103.29,108.28,140.42,164.72,174.27,178.99,187.88,187.88,187.88,186.01,174.83,159.60,162.05,147.46
Producto,0.001448227,01161048,LIMÓN,85.31,72.39,76.30,72.19,75.51,86.45,106.36,116.56,114.01,113.20,104.21,93.42,95.68,98.21,86.79,80.55,74.78,72.00,86.95,108.57,129.59,120.29,112.24,91.62,86.69,74.38,75.06,71.26,66.45,67.59,101.62,150.37,272.00,239.53,211.13,130.86,87.76,83.60,77.59,82.50,73.24,71.45,88.76,89.70,104.66,101.83,79.13,79.28,70.77,72.96,76.28,77.14,74.02,72.67,70.70,101.60,98.07,78.54,83.99,77.94,81.72,83.25,76.51,79.95,79.95,82.01,88.36,82.71,76.28,68.12,84.59,93.77,93.12,95.16,70.71,67.55,67.80,74.67,73.32,71.20,77.05,81.50,85.11,85.74,74.20,81.58,84.51,78.82,72.09,75.28,81.05,83.33,103.16,133.91,123.00,107.64,81.49,91.89,88.08,100.80,88.67,86.32,98.56,87.24,236.36,166.53,90.23,86.18,89.44,85.65,80.07,84.23,80.61,74.36,84.83,79.78,81.60,79.21,83.17,83.17,83.17,83.41,83.21,82.73,79.67,84.94,82.78,88.11,122.41,157.46,103.26,81.63,81.63,69.35,63.71,63.71,79.39,61.06
Producto,0.000819602,01161049,MANDARINA,107.89,116.89,148.34,131.69,135.34,133.40,125.46,97.77,83.33,78.07,93.80,97.06,116.86,129.36,138.42,131.76,120.69,119.56,92.70,93.10,98.14,120.03,115.21,136.45,138.65,130.79,138.79,135.71,116.13,119.16,94.10,64.40,60.34,59.31,67.54,72.53,95.20,100.36,115.44,131.39,131.14,98.31,88.75,74.04,70.33,62.95,66.82,80.29,116.41,145.58,139.77,148.44,104.54,88.24,78.53,62.93,57.57,60.56,61.77,61.73,77.29,86.65,93.88,108.22,121.00,78.35,74.77,68.80,62.67,58.17,83.75,96.14,96.88,91.94,100.02,95.05,109.21,78.02,60.23,58.27,59.15,59.76,68.57,66.67,86.23,110.90,110.55,114.48,97.51,81.17,81.16,93.35,82.20,97.22,87.22,93.99,93.99,90.49,94.75,96.64,89.65,87.39,97.84,102.67,71.51,61.45,63.58,66.69,64.25,99.68,118.69,135.21,127.14,99.08,92.87,86.10,91.17,81.62,91.14,84.61,81.52,92.68,85.65,94.63,101.53,88.73,100.46,95.64,58.83,51.45,61.00,61.00,57.87,93.17,94.59,80.92,82.62,56.34
Producto,0.002104734,01161050,NARANJA,189.12,173.31,180.24,137.50,98.16,78.04,73.47,75.32,89.59,95.87,98.58,111.47,203.20,202.60,224.85,114.51,99.50,86.52,87.66,89.57,106.40,108.13,153.17,152.04,162.19,155.65,152.19,121.59,89.00,87.70,91.11,77.36,80.29,77.27,65.64,75.00,86.95,135.56,142.12,123.57,114.75,83.59,80.07,76.62,83.67,90.79,101.46,101.43,150.06,161.48,131.81,90.40,87.39,74.01,70.29,66.93,70.07,86.52,87.36,114.64,200.68,168.11,187.80,187.57,187.57,153.25,116.20,105.23,101.16,101.59,126.58,150.52,145.11,176.60,121.38,117.04,106.00,104.21,100.11,103.22,104.03,102.21,99.96,104.48,129.01,157.87,134.51,110.43,114.22,124.35,115.94,115.33,115.58,106.69,123.61,138.37,138.37,157.99,152.05,148.70,132.44,120.42,120.72,112.40,105.56,95.62,91.54,94.79,94.79,131.99,168.09,155.95,142.91,136.32,129.00,151.06,163.63,178.54,189.30,189.84,164.41,146.83,113.27,105.84,113.38,104.93,108.45,99.97,98.64,93.78,98.74,98.74,98.74,147.33,128.37,80.05,72.72,60.05
Producto,0.000672314,01161051,NARANJILLA,86.33,88.55,93.30,89.78,90.38,89.67,87.36,85.44,81.40,85.46,82.99,85.68,90.33,98.65,99.68,109.23,97.77,101.55,95.67,98.75,92.51,90.61,93.24,101.71,99.96,91.00,84.63,84.07,80.10,77.17,71.75,78.57,83.85,75.83,78.01,85.25,86.95,100.66,101.49,98.83,101.76,90.84,85.46,82.17,97.85,95.69,86.75,81.43,92.24,93.84,91.45,84.63,83.68,105.02,101.94,83.76,83.47,82.88,88.26,73.71,85.36,93.49,93.10,136.27,136.27,124.14,120.18,101.67,77.51,80.28,89.72,88.32,87.20,93.48,91.72,93.22,78.90,95.35,95.77,97.67,101.08,98.49,102.28,105.58,111.38,95.68,90.55,100.80,110.96,101.60,102.39,84.58,99.32,96.90,84.89,91.38,84.83,89.98,98.99,102.06,101.41,97.50,100.69,113.04,111.35,132.11,107.38,103.53,106.73,94.13,98.79,112.00,113.29,96.35,88.30,104.46,102.93,108.55,108.09,123.48,101.51,116.83,121.12,127.96,136.69,133.69,118.51,131.94,136.12,159.02,173.67,148.49,124.74,135.30,132.13,132.13,129.17,106.77
Producto,0.001169565,01161052,PAPAYA,88.16,87.98,90.47,101.14,105.90,98.91,98.65,94.14,101.40,101.93,93.43,91.13,92.70,105.13,105.46,114.76,116.89,116.99,114.69,114.51,107.13,96.08,105.79,98.34,97.61,99.66,114.55,115.66,123.20,126.20,118.51,108.61,114.69,115.84,107.65,106.94,107.30,110.25,116.47,118.66,119.84,113.63,116.97,121.09,117.52,115.47,117.89,111.38,111.78,113.52,114.85,126.34,125.53,120.51,111.84,110.69,114.64,121.68,113.79,114.86,118.44,113.37,111.44,120.67,121.81,112.13,114.48,116.99,117.43,116.88,114.14,109.65,109.98,110.05,113.47,113.38,113.92,112.63,108.43,106.45,110.56,104.51,97.02,102.77,102.09,91.02,92.16,94.61,97.45,97.72,95.67,97.64,97.48,94.65,94.90,91.73,91.41,89.36,94.23,96.65,93.69,94.59,96.38,95.66,92.09,93.94,102.56,99.55,98.67,100.56,104.22,103.50,105.85,102.82,100.84,105.67,104.79,104.27,100.33,101.75,100.31,97.18,97.22,97.62,101.55,102.41,100.28,97.35,95.27,96.18,96.30,96.03,99.10,100.65,103.02,101.79,100.43,102.79
Producto,0.000773831,01161053,PIÑA,104.76,110.39,113.13,109.47,107.05,113.16,110.29,100.43,108.88,109.53,104.46,102.75,109.27,112.36,108.82,117.28,111.29,115.78,119.22,117.82,119.30,104.24,108.71,108.79,120.75,119.13,118.59,112.32,109.44,117.72,117.26,119.86,116.89,120.67,114.96,119.49,121.61,124.26,115.86,119.19,112.18,112.01,119.64,124.06,118.37,116.89,110.86,113.63,110.59,113.27,115.31,117.58,110.43,113.16,117.49,122.30,116.71,115.45,118.98,125.60,120.63,121.15,121.61,127.92,125.66,129.18,127.53,127.91,127.35,128.32,122.48,114.98,115.56,116.47,119.48,120.35,121.80,119.87,118.88,124.24,123.66,126.49,120.88,115.61,115.85,125.70,120.30,124.64,125.34,121.70,120.46,126.79,132.86,133.69,138.62,138.13,137.02,135.01,129.60,127.56,129.63,130.31,130.19,120.65,120.15,117.86,122.35,122.75,119.09,120.87,121.62,121.83,126.04,128.84,127.07,129.52,127.53,128.06,120.60,121.00,121.20,121.06,126.22,130.61,132.88,127.40,121.93,116.71,121.71,128.02,127.13,124.16,121.75,118.70,124.24,121.12,129.10,130.58
Producto,0.000842768,01161054,PLÁTANO MADURO,104.15,104.15,103.97,104.31,98.70,97.69,97.07,99.12,101.50,114.61,114.40,113.08,111.21,110.81,105.12,107.63,109.72,114.50,123.60,121.49,127.82,134.89,133.19,135.52,119.32,119.76,128.69,124.04,122.48,116.59,127.43,126.85,130.96,131.97,125.52,119.96,125.59,110.43,114.25,115.07,115.61,108.00,105.97,119.76,128.49,127.45,129.24,129.28,119.70,115.54,129.84,137.09,133.97,126.22,123.18,132.38,123.18,138.45,131.36,133.50,123.02,132.74,134.41,132.44,124.63,128.56,130.40,132.02,131.86,129.34,121.74,118.96,120.20,120.35,124.13,129.86,125.82,120.35,122.43,119.80,121.39,118.79,115.20,120.79,124.66,124.35,120.52,126.26,125.14,117.52,122.88,119.29,119.91,115.87,132.55,137.43,133.32,127.83,122.15,118.75,118.01,118.48,158.04,243.83,259.76,238.78,169.09,158.02,143.57,127.83,125.36,124.56,124.03,135.02,108.43,104.54,113.20,108.01,116.86,116.86,116.86,112.56,108.23,103.16,108.05,229.90,280.63,288.05,299.66,349.73,310.37,277.60,277.60,280.27,261.65,174.46,167.63,159.55
Producto,0.002895466,01161055,PLÁTANO VERDE,82.52,79.88,87.55,87.55,88.45,89.92,88.60,90.12,92.55,90.78,92.31,92.37,95.39,93.24,91.55,94.88,103.66,108.79,112.48,113.38,114.13,110.96,129.01,120.05,114.26,113.51,108.03,115.52,108.36,103.16,101.76,114.71,115.09,126.10,110.65,110.29,111.14,106.42,103.88,101.07,105.75,104.85,106.95,109.59,118.73,119.59,113.97,103.88,95.77,100.82,106.16,108.75,99.60,104.55,100.36,106.31,125.97,130.19,126.27,132.06,124.19,100.90,94.68,103.84,97.72,97.54,99.57,101.08,100.83,106.07,113.89,111.67,110.43,112.04,106.46,101.03,103.66,104.86,101.19,104.77,101.57,100.92,101.95,105.96,105.20,108.29,110.64,114.81,118.53,109.62,108.16,108.57,104.11,109.37,115.54,116.00,116.00,109.24,107.72,104.72,101.81,106.88,133.59,209.01,215.46,190.45,143.36,130.56,118.62,103.94,100.46,100.35,103.29,112.89,96.72,97.83,101.61,99.34,100.11,100.11,100.11,105.28,101.77,98.11,98.84,197.01,231.21,231.80,240.36,294.61,255.30,228.35,228.35,232.09,209.80,139.89,130.63,125.96
Producto,0.00111776,01161056,UVAS,98.74,99.35,97.16,101.35,100.74,101.29,108.08,109.67,110.98,105.37,106.91,99.67,103.07,104.04,108.82,111.77,111.26,113.40,112.02,110.71,114.18,114.87,113.46,105.14,102.80,100.75,104.45,106.90,105.40,108.29,113.23,107.20,110.76,109.26,112.12,108.41,109.74,108.38,110.14,109.64,109.57,106.97,108.03,103.97,107.63,109.21,109.53,107.09,108.62,105.56,108.72,108.15,104.32,104.50,110.16,108.19,109.41,111.21,109.34,107.92,106.57,108.13,111.41,135.96,134.23,121.33,119.36,129.40,121.33,115.02,114.17,113.86,117.25,115.87,110.63,110.63,107.31,105.70,107.31,105.70,104.10,102.18,103.75,100.64,105.82,107.44,109.08,104.58,101.45,101.45,109.45,107.80,107.80,102.65,100.42,102.65,104.22,103.87,101.95,105.82,107.30,107.30,111.30,123.05,118.52,115.07,110.66,112.36,111.47,122.59,119.89,119.89,121.73,122.12,112.79,117.79,122.59,119.48,116.97,116.97,115.19,115.57,116.96,120.58,120.58,118.36,118.36,121.54,121.54,136.50,118.33,116.15,117.50,114.43,114.27,121.85,118.19,113.51
Producto,0.000568107,01161057,MELÓN,90.44,80.79,75.22,91.69,95.89,89.65,84.74,92.24,96.02,101.10,101.83,78.52,78.38,77.22,91.16,101.49,104.08,93.76,81.29,81.13,86.79,82.95,78.50,73.20,77.82,71.34,83.18,98.69,99.24,105.75,108.01,103.88,87.97,92.19,85.98,82.95,85.19,93.72,92.42,85.70,76.62,82.16,88.30,98.34,97.43,93.30,105.15,103.58,85.47,82.92,83.94,78.44,77.95,76.56,72.78,89.06,101.38,89.24,83.53,82.01,86.77,81.01,78.69,75.43,78.86,83.02,87.41,88.24,85.57,90.89,90.76,88.56,88.82,75.11,74.31,80.88,80.86,83.48,74.99,60.34,65.59,64.33,62.21,61.73,64.31,80.65,90.18,82.52,73.64,75.98,77.39,80.47,80.28,74.40,66.87,70.34,70.34,65.65,73.65,79.33,95.96,88.33,94.61,94.37,70.20,65.28,71.62,71.90,79.14,75.05,79.32,89.10,75.35,72.88,60.41,59.46,72.77,72.68,78.78,78.78,78.78,70.85,73.60,71.90,67.33,71.39,72.45,77.19,76.26,73.75,78.21,75.51,71.63,71.69,76.62,76.63,72.78,60.51
Producto,0.00067395,01161058,MORA,99.67,102.78,106.45,125.83,122.00,120.12,116.47,120.37,118.90,113.75,120.14,119.90,115.44,119.90,117.64,132.57,134.03,127.78,125.48,124.02,125.17,117.34,118.30,114.56,114.14,108.99,128.04,122.33,129.07,127.17,122.84,108.89,107.77,110.78,116.88,94.18,97.63,109.80,126.07,136.86,121.92,125.35,125.45,120.41,121.01,113.91,114.68,107.21,109.07,128.29,126.33,128.28,125.18,122.98,109.59,130.04,124.59,121.14,118.62,109.01,101.69,110.21,134.15,138.88,142.49,123.45,123.00,117.23,109.87,112.77,100.13,97.53,97.78,99.84,104.46,104.46,99.97,90.02,96.97,96.97,83.57,90.02,103.05,103.05,103.05,106.96,117.96,111.01,107.69,111.01,117.96,104.46,104.46,99.97,95.66,90.02,94.05,96.97,96.97,117.96,117.96,103.05,111.01,107.69,100.65,96.97,104.46,104.46,104.46,121.60,111.01,117.96,125.36,117.96,111.01,103.75,96.97,104.46,104.46,104.46,104.46,107.69,123.60,159.86,138.92,121.60,125.36,104.46,104.46,115.94,83.57,83.57,103.02,104.46,114.43,125.36,127.84,113.35
Producto,0.002042318,01161059,MANZANA,142.58,117.96,105.04,108.40,121.84,114.06,110.28,106.87,107.59,122.83,141.20,138.25,135.29,140.45,153.83,135.50,107.00,115.26,122.90,115.92,118.46,126.03,126.57,139.70,143.86,145.22,137.66,117.65,111.59,103.38,101.09,99.81,97.69,116.16,115.73,113.68,111.67,113.35,110.10,116.17,115.86,121.52,114.31,113.09,109.12,111.94,123.83,115.57,114.39,126.68,125.30,109.14,106.89,116.57,113.30,107.42,100.28,109.21,114.43,121.37,103.18,117.45,124.05,114.85,114.85,113.80,117.98,117.96,114.20,111.17,116.74,104.96,110.94,109.85,114.54,123.82,104.00,98.91,100.77,100.84,100.37,104.62,104.97,110.74,122.16,117.80,115.48,114.47,105.94,111.72,118.26,109.74,96.92,103.79,106.89,100.17,100.17,113.68,111.06,108.65,109.07,106.29,105.31,113.05,117.03,117.05,117.22,111.13,119.72,118.26,121.91,118.47,116.28,114.60,96.65,107.74,116.47,107.04,109.19,109.19,109.19,111.66,103.25,105.11,107.92,116.85,109.14,115.26,118.27,118.12,122.40,122.40,122.40,118.28,115.35,115.35,113.28,113.45
Producto,0.000371037,01161060,MARACUYÁ,81.98,78.06,80.24,82.16,74.89,76.65,73.78,76.92,80.26,80.26,79.59,75.55,76.35,84.30,99.77,93.51,83.59,94.64,94.02,92.09,82.53,85.46,85.68,83.27,88.76,84.82,74.09,73.95,67.53,71.99,84.26,83.37,82.13,78.50,81.75,75.98,68.63,76.98,76.39,85.21,80.11,74.84,77.50,81.38,83.00,72.38,80.75,84.87,75.46,69.87,89.10,87.30,78.89,83.09,79.44,81.00,83.03,92.60,103.15,100.87,77.10,74.09,67.88,85.63,107.04,81.10,82.66,90.06,87.15,87.44,90.85,83.98,85.92,72.99,73.38,68.50,77.68,71.12,65.90,70.60,70.51,73.27,74.66,74.24,81.49,73.01,69.67,83.70,85.79,87.03,98.35,92.65,89.02,100.06,125.00,122.36,111.18,110.37,101.31,102.31,96.82,89.28,120.70,140.57,106.75,95.19,86.98,83.06,89.47,105.88,109.43,116.62,113.93,90.14,72.62,59.69,61.57,52.62,63.19,63.19,63.19,69.37,66.02,71.60,79.29,80.23,85.58,82.87,75.97,78.26,69.25,63.22,63.22,68.69,69.32,74.01,74.05,66.80
Producto,0.000634117,01161061,SANDÍA,98.29,92.03,94.57,105.77,124.93,121.86,118.90,110.52,114.60,123.61,113.51,105.03,111.50,124.83,125.97,135.83,110.18,104.10,107.55,113.82,125.87,133.01,130.85,121.75,108.32,106.89,119.84,122.26,119.75,132.96,119.77,120.43,89.91,101.97,109.91,98.61,98.73,106.74,108.53,105.15,109.20,113.93,116.37,109.74,109.28,122.57,119.42,111.99,110.19,113.49,114.99,112.87,107.34,106.10,96.32,103.21,107.72,114.60,106.60,103.91,102.65,112.20,114.56,105.74,136.29,114.83,111.35,109.36,106.11,106.76,102.59,110.60,109.83,111.94,105.97,92.09,91.29,87.93,98.69,93.34,92.02,91.78,89.96,92.85,92.03,91.01,87.13,87.43,94.21,98.48,100.55,96.37,94.46,91.55,99.14,98.80,98.80,98.17,99.97,100.55,104.60,101.09,109.11,104.77,101.78,92.82,87.46,90.97,93.34,91.97,95.97,90.38,86.04,96.15,89.15,90.74,101.17,97.60,103.16,111.31,111.31,104.47,100.72,101.59,108.37,112.14,104.13,105.90,108.56,105.37,96.70,94.25,94.25,103.70,103.10,103.63,107.73,106.63
Producto,0.000436747,01161062,FRUTILLA,77.63,77.52,77.52,77.52,77.52,77.52,84.07,84.07,77.52,77.52,77.52,73.18,77.52,77.52,77.52,77.52,77.52,81.06,77.52,77.52,77.52,77.52,77.52,80.46,77.52,77.52,77.52,77.52,76.50,80.27,78.81,74.47,74.47,74.08,74.08,74.08,74.08,74.08,74.08,74.08,79.22,80.47,81.22,81.22,80.68,80.68,78.20,77.38,80.91,82.81,82.81,82.81,82.10,80.91,79.05,80.21,84.46,83.85,82.19,79.10,77.86,77.86,77.86,80.81,89.12,83.87,80.81,77.86,77.86,77.86,77.86,77.86,77.86,77.86,77.86,77.86,77.86,77.86,77.86,77.86,77.35,77.35,75.51,76.10,76.00,76.00,76.00,78.88,76.00,76.00,78.23,78.23,78.23,76.67,76.67,75.83,75.83,75.47,68.09,70.67,71.78,71.78,71.78,74.19,70.84,77.72,80.92,75.02,77.15,80.25,80.33,76.07,76.46,75.82,80.38,79.69,80.94,81.19,81.11,81.11,81.52,81.27,81.83,81.91,81.68,81.68,81.75,78.07,78.07,81.56,80.88,80.00,80.00,77.08,77.08,77.42,77.42,77.66
Producto,0.001887979,01161063,TOMATE DE ÁRBOL,102.78,104.45,106.18,107.14,102.10,106.36,107.11,103.33,98.73,105.99,108.89,102.30,102.12,105.04,105.73,95.92,90.96,95.14,97.78,97.65,97.60,95.59,95.33,128.39,110.27,93.67,98.22,96.77,100.00,101.70,96.60,87.07,91.19,98.99,102.35,99.40,92.68,92.20,100.62,93.72,99.07,104.62,108.28,110.02,115.63,111.64,101.97,90.72,92.64,102.72,102.43,107.70,105.38,94.89,108.35,101.46,92.09,105.54,109.26,104.06,94.43,113.62,133.18,160.76,160.76,140.56,98.44,85.31,81.38,80.85,103.46,108.63,111.34,124.21,98.29,115.96,121.37,105.78,96.87,118.42,143.81,161.13,168.28,160.82,144.91,140.39,149.79,153.61,149.03,124.13,127.56,134.52,152.51,161.72,165.16,160.59,136.52,145.59,158.26,151.43,146.41,150.72,157.52,167.88,169.45,151.32,152.51,167.81,178.33,163.65,128.54,128.04,140.52,126.98,113.42,109.14,116.23,100.08,103.31,103.31,103.31,103.57,98.10,96.36,101.81,109.29,139.08,167.80,153.06,139.98,136.64,136.64,136.64,131.68,130.67,146.10,155.42,146.82
Producto,0.000690528,01161064,FRUTAS DE TEMPORADA,98.80,99.85,100.39,100.94,106.24,102.62,108.29,107.73,108.55,111.72,113.06,112.37,113.24,107.45,107.73,102.42,104.80,101.78,101.40,96.58,96.99,91.41,90.83,96.66,98.18,98.06,94.68,96.07,92.55,94.54,94.88,90.92,89.77,87.99,87.14,89.24,94.91,93.42,88.68,89.43,83.39,83.01,82.77,83.13,82.90,83.47,84.11,86.81,86.44,93.50,92.09,89.96,83.30,82.03,83.28,86.42,88.86,89.54,87.89,91.23,90.35,90.09,89.27,88.45,86.75,84.67,82.33,82.51,80.43,80.54,82.68,82.29,82.30,83.00,80.47,80.08,81.54,80.74,82.54,81.14,80.29,78.23,80.64,82.26,83.81,85.55,84.46,81.91,81.58,83.22,83.13,86.24,86.00,85.81,85.23,84.73,85.33,83.66,82.19,82.39,83.78,82.19,81.27,82.65,81.57,83.84,83.24,81.19,83.25,83.01,80.42,82.39,81.96,84.26,82.56,82.59,82.66,82.91,82.80,83.26,83.68,82.92,84.18,84.14,84.25,83.66,84.81,84.03,83.93,83.71,86.69,86.58,88.47,93.09,91.12,88.71,86.12,86.19
Subclase,0.000456509,01162,Frutas secas y en conserva (procesadas),108.07,111.17,107.49,110.21,110.21,115.10,114.82,116.17,112.62,119.18,117.11,118.05,118.05,118.05,118.05,124.43,124.43,124.27,124.55,123.36,123.36,123.36,123.36,123.36,120.27,120.25,119.69,119.69,118.21,118.72,116.57,116.44,117.09,119.33,119.33,121.81,123.86,123.86,123.06,123.73,117.28,117.28,116.65,114.53,116.65,116.84,116.84,111.42,114.62,116.41,122.58,121.46,120.67,120.67,120.67,120.67,120.67,120.20,120.20,120.20,120.67,120.67,120.67,123.15,123.50,122.67,122.04,121.22,119.13,116.23,116.23,116.23,116.23,116.23,116.23,116.23,116.23,116.23,113.78,117.26,117.26,116.24,116.24,116.35,117.38,118.42,115.46,115.46,118.59,117.72,117.72,119.69,119.69,121.32,121.81,120.74,119.64,119.64,114.66,117.56,118.90,118.73,121.78,121.78,124.47,124.47,125.35,125.35,125.35,125.07,126.71,128.66,128.66,129.34,129.34,131.32,131.32,131.32,131.32,127.89,127.89,127.89,127.86,127.66,127.66,127.94,127.94,129.47,131.26,130.92,130.92,130.92,131.03,129.99,131.14,128.81,130.49,128.71
Producto,0.000456509,01162065,MANÍ,108.07,111.17,107.49,110.21,110.21,115.10,114.82,116.17,112.62,119.18,117.11,118.05,118.05,118.05,118.05,124.43,124.43,124.27,124.55,123.36,123.36,123.36,123.36,123.36,120.27,120.25,119.69,119.69,118.21,118.72,116.57,116.44,117.09,119.33,119.33,121.81,123.86,123.86,123.06,123.73,117.28,117.28,116.65,114.53,116.65,116.84,116.84,111.42,114.62,116.41,122.58,121.46,120.67,120.67,120.67,120.67,120.67,120.20,120.20,120.20,120.67,120.67,120.67,123.15,123.50,122.67,122.04,121.22,119.13,116.23,116.23,116.23,116.23,116.23,116.23,116.23,116.23,116.23,113.78,117.26,117.26,116.24,116.24,116.35,117.38,118.42,115.46,115.46,118.59,117.72,117.72,119.69,119.69,121.32,121.81,120.74,119.64,119.64,114.66,117.56,118.90,118.73,121.78,121.78,124.47,124.47,125.35,125.35,125.35,125.07,126.71,128.66,128.66,129.34,129.34,131.32,131.32,131.32,131.32,127.89,127.89,127.89,127.86,127.66,127.66,127.94,127.94,129.47,131.26,130.92,130.92,130.92,131.03,129.99,131.14,128.81,130.49,128.71
Clase,0.026813094,0117,Legumbres-Hortalizas (ND),95.80,95.91,97.26,103.04,101.79,100.91,99.83,101.04,100.31,101.57,100.70,100.50,99.99,100.00,101.90,107.79,107.21,104.31,101.08,101.09,94.45,92.34,92.47,95.92,97.88,100.34,103.16,110.91,111.35,115.60,112.76,109.41,102.69,97.68,96.44,99.50,100.31,100.55,99.61,99.37,98.48,96.65,94.93,93.49,99.07,100.22,101.39,101.83,106.02,101.29,102.78,99.19,97.89,98.17,101.27,98.13,98.62,102.02,97.29,94.70,96.13,97.69,102.24,115.54,117.74,110.08,108.26,102.91,99.57,96.44,92.04,93.27,97.18,100.13,100.15,100.23,100.30,98.18,98.49,96.81,95.12,94.18,97.97,98.43,103.31,106.11,107.60,114.16,112.25,112.31,113.04,109.64,109.77,103.60,104.58,106.09,105.16,103.23,105.07,106.49,104.41,108.63,117.55,121.74,118.28,107.48,99.87,99.98,105.72,109.25,108.91,109.07,108.39,105.82,106.84,106.67,108.29,107.31,106.54,104.24,103.90,108.72,113.62,118.20,110.57,116.62,111.52,111.95,119.69,124.66,104.63,102.82,107.13,113.39,113.22,115.36,110.86,102.90
Subclase,0.018767268,01171,Productos de huerta frescos,92.57,94.63,97.08,105.69,103.86,101.37,99.63,101.55,100.42,101.76,100.61,99.63,98.85,98.85,100.79,110.49,109.62,105.36,99.41,99.65,90.07,87.89,88.31,92.74,95.99,100.77,104.86,115.47,115.95,121.56,118.31,112.13,103.79,95.14,91.70,95.80,98.11,98.52,99.81,99.52,98.84,95.85,94.30,92.66,98.63,99.56,101.58,103.22,110.04,104.65,104.63,100.73,99.90,100.01,103.68,98.62,98.94,102.51,96.25,93.65,96.63,98.33,104.76,122.00,125.59,113.85,110.91,101.81,99.70,95.73,90.59,91.41,97.66,100.13,100.27,100.94,102.64,98.67,98.29,95.60,93.31,92.08,96.07,96.81,104.60,107.59,108.04,116.29,113.83,113.41,115.12,110.21,108.89,101.41,102.18,104.43,102.91,100.06,102.88,104.33,101.35,106.50,120.89,125.95,120.96,109.22,96.83,96.40,104.87,108.97,109.08,109.50,108.78,104.75,104.38,104.64,104.66,100.85,101.00,98.52,99.11,106.27,114.81,121.11,110.25,119.17,110.10,110.93,117.46,121.54,99.07,98.08,102.86,109.02,111.13,115.43,110.39,99.24
Producto,0.000837943,01171066,AJO,102.77,100.74,99.52,102.24,103.72,104.72,104.99,105.52,105.30,103.21,106.70,106.02,105.39,104.03,106.96,120.26,118.40,122.12,124.97,132.92,123.75,121.62,121.89,117.47,117.34,120.07,113.65,120.41,127.13,131.04,121.35,115.99,109.29,100.25,100.91,98.12,100.93,100.38,103.48,106.34,107.06,97.44,92.32,90.26,92.27,92.95,90.76,91.48,90.20,89.54,89.07,90.32,94.23,90.32,105.06,116.04,119.25,117.47,108.15,109.35,103.55,111.71,117.76,165.73,184.44,150.08,128.13,114.39,109.53,99.75,105.39,107.69,112.11,105.42,110.06,109.80,112.73,116.10,108.59,99.18,105.17,102.44,99.61,102.97,107.20,103.82,98.41,109.69,113.14,108.28,117.25,115.24,111.24,107.40,99.31,105.89,99.88,102.98,108.55,111.90,111.90,112.66,116.68,112.66,119.27,121.09,117.92,118.96,130.82,135.09,128.76,130.86,132.98,127.93,127.65,137.13,152.20,164.21,145.86,137.74,134.34,135.16,133.12,143.33,137.46,154.65,137.84,131.87,137.23,134.39,131.73,128.39,126.15,147.97,142.72,134.25,124.71,111.35
Producto,0.000187254,01171067,ACELGA,102.21,105.08,105.08,105.08,105.08,114.85,114.85,116.29,116.29,108.73,110.63,110.63,111.30,111.30,111.30,111.30,116.63,116.63,116.06,116.06,116.06,109.73,107.31,107.31,107.31,107.31,107.31,110.18,111.30,113.92,104.03,112.21,115.13,115.13,115.13,119.60,119.60,119.60,119.60,119.60,119.60,119.60,119.60,119.60,119.60,119.60,119.60,119.60,119.60,119.60,119.60,114.25,114.25,114.25,114.25,116.35,116.35,116.35,116.35,121.79,121.79,121.79,121.79,120.58,121.79,121.79,121.79,118.65,118.65,118.65,118.65,122.37,122.37,122.37,122.37,122.37,122.37,122.37,122.37,122.37,122.37,122.37,120.71,122.37,126.15,126.15,126.15,122.37,128.27,128.27,129.76,129.76,131.05,131.05,131.05,131.05,131.05,125.97,125.97,125.97,125.97,125.97,125.97,125.97,127.07,131.05,131.05,131.05,131.05,131.05,131.05,131.05,131.05,126.46,126.46,126.46,122.27,121.19,121.19,121.19,121.19,124.61,124.61,124.61,121.55,121.55,123.63,122.61,122.61,122.61,122.61,121.19,121.19,121.19,121.19,121.19,121.19,121.19
Producto,0.00066207,01171068,BRÓCOLI,68.82,67.42,84.41,88.92,95.20,94.06,102.47,88.03,91.10,99.95,80.11,70.59,84.52,75.28,78.15,83.10,83.30,95.79,102.69,99.72,97.34,87.95,83.53,83.36,81.22,83.52,87.38,87.32,95.92,102.10,101.45,75.64,68.34,84.24,75.48,75.31,82.98,84.83,87.83,94.80,97.60,79.27,81.97,81.65,96.98,96.91,88.77,94.64,84.65,76.72,81.14,89.38,77.04,79.90,87.60,98.22,99.51,93.29,84.79,79.05,84.78,90.20,91.00,106.47,102.58,96.60,96.49,91.50,92.71,95.63,86.82,88.99,92.34,91.94,91.58,79.87,87.64,80.82,79.20,81.64,84.87,76.59,70.58,75.16,91.96,113.65,100.87,89.98,92.98,93.36,96.64,90.04,92.40,73.06,65.59,71.89,81.24,66.22,64.64,72.80,76.72,72.47,86.42,87.88,99.44,103.58,89.61,95.81,105.45,96.81,97.21,104.56,99.67,94.22,82.28,93.36,97.83,84.90,82.91,82.91,82.91,87.34,87.93,86.08,94.03,89.74,87.43,87.73,96.99,107.73,78.65,78.65,78.65,80.04,81.16,79.99,85.13,84.68
Producto,0.000891916,01171069,CEBOLLA BLANCA,85.62,85.93,78.50,91.56,86.02,85.84,90.57,89.48,91.36,107.96,103.42,84.82,89.20,82.29,82.03,83.84,92.36,94.97,87.91,86.75,79.34,80.36,92.07,94.96,91.87,87.00,103.04,112.11,102.35,98.81,107.13,106.66,93.05,86.26,80.39,83.48,80.97,80.56,76.80,76.98,78.43,80.58,91.06,79.51,74.60,84.68,88.75,85.42,82.27,83.15,73.42,88.26,76.08,85.06,93.99,102.65,96.27,97.10,94.63,85.99,77.90,78.07,95.93,86.48,83.89,87.18,94.62,96.78,94.39,93.37,78.79,65.50,70.67,66.72,62.75,67.66,82.40,72.25,76.48,77.87,87.26,81.09,75.30,80.90,78.93,85.88,76.44,90.87,94.22,97.07,138.14,104.66,95.73,87.06,90.50,92.69,92.69,89.67,88.21,88.73,85.88,90.47,94.17,92.70,109.02,111.20,100.32,93.84,93.84,98.84,94.59,92.65,91.81,90.01,91.17,91.86,96.84,91.19,93.03,93.03,93.03,93.82,93.09,91.86,86.04,90.37,90.78,113.04,151.61,150.69,96.19,90.52,90.52,95.06,96.52,92.16,76.31,81.92
Producto,0.002916222,01171070,CEBOLLA PAITEÑA,95.13,97.40,105.21,133.44,132.39,134.72,140.16,140.57,146.51,141.21,133.98,126.19,124.42,122.52,126.81,130.09,140.25,140.97,129.25,126.69,103.81,85.54,73.68,77.43,112.26,120.23,149.82,210.82,187.98,184.82,173.83,170.96,152.38,140.21,134.76,148.71,147.32,126.71,125.41,125.98,116.87,121.29,119.98,122.63,134.01,139.26,166.47,173.31,181.73,152.87,153.86,160.79,169.26,162.23,170.83,145.20,137.01,126.68,120.14,119.13,124.29,123.55,122.69,194.82,219.94,193.67,180.43,140.89,145.59,140.58,118.01,112.05,116.11,120.67,138.21,140.83,142.76,136.06,130.16,121.68,127.48,113.18,120.36,116.71,119.94,122.06,126.58,144.35,149.68,157.93,162.38,154.55,149.38,129.18,134.88,134.19,137.50,120.66,131.30,138.61,137.14,162.64,210.93,251.46,220.28,152.89,122.96,108.93,108.15,124.61,124.74,148.00,157.20,143.80,137.17,132.59,120.02,109.00,108.52,103.44,106.80,110.96,117.14,120.84,120.59,117.05,118.13,120.14,125.42,131.37,101.60,102.41,115.88,114.75,117.42,132.01,131.71,130.24
Producto,0.001735408,01171071,CHOCLO,76.31,82.80,77.71,76.43,76.25,76.33,73.66,83.86,89.85,87.18,86.81,85.42,87.19,80.12,85.34,86.08,82.98,78.47,78.86,75.97,74.39,78.25,83.71,88.16,88.23,86.10,86.74,81.63,78.64,85.82,80.69,77.57,67.99,70.54,75.67,85.99,75.88,71.61,75.88,76.25,70.58,72.78,69.88,66.44,63.53,65.11,66.07,67.21,68.63,75.60,75.68,73.30,71.31,72.98,77.59,78.32,76.92,72.66,75.06,80.38,86.54,82.99,82.19,90.93,98.62,83.72,76.54,71.63,71.81,70.99,68.77,71.19,70.79,70.73,71.71,72.58,74.36,69.46,69.46,68.29,69.52,71.92,71.47,71.26,89.20,80.61,79.41,78.67,72.32,72.01,76.74,80.40,79.38,76.82,75.05,75.80,72.89,75.12,74.25,70.68,68.39,70.03,72.80,68.91,70.15,76.18,75.96,81.92,83.17,74.87,82.81,79.34,67.87,66.06,65.24,61.18,68.78,66.30,70.33,66.07,68.66,83.56,89.61,96.79,86.51,75.51,71.50,69.81,71.77,72.88,69.77,68.91,72.48,82.38,82.36,81.13,67.75,64.65
Producto,0.000405014,01171072,COL,107.95,103.23,116.06,134.00,119.31,121.34,112.43,127.34,120.67,108.70,96.37,101.85,103.41,109.13,102.72,104.35,98.70,99.07,113.25,108.16,100.26,97.13,87.45,87.95,91.95,90.91,91.46,93.25,100.85,117.76,133.10,140.16,117.35,110.11,96.61,107.12,99.67,93.27,119.26,121.73,138.67,128.94,121.44,121.23,123.56,124.94,118.21,105.03,120.18,117.31,122.56,108.82,118.45,122.36,115.29,104.48,116.33,121.30,102.21,94.56,102.50,109.91,145.30,132.36,122.87,119.25,123.31,126.63,108.35,115.22,119.22,126.34,124.88,112.19,135.55,137.97,128.04,111.74,102.02,118.41,118.57,109.89,115.34,116.41,115.99,128.33,127.86,133.71,118.79,137.16,127.92,103.40,98.22,93.46,99.41,107.88,107.88,108.17,115.09,120.82,112.09,116.31,114.39,119.06,145.59,160.66,123.58,147.27,147.27,134.37,128.84,144.12,163.02,145.48,137.57,148.48,152.55,137.87,124.62,124.62,124.62,136.39,144.59,145.48,148.12,166.91,143.09,137.66,149.05,154.32,174.01,174.01,174.01,206.90,253.39,224.16,208.42,198.56
Producto,0.000380735,01171073,COLIFLOR,90.27,83.92,109.10,113.20,104.56,98.42,114.81,104.75,91.75,100.93,88.23,76.79,82.08,80.03,82.01,94.76,97.03,106.85,107.79,105.01,92.97,93.37,98.94,104.42,102.85,101.75,112.27,109.74,109.75,132.33,114.97,96.61,93.54,100.51,96.36,91.83,108.77,112.76,107.87,110.14,104.35,81.18,95.54,91.72,100.90,102.99,94.29,95.19,94.07,82.48,99.28,100.59,93.79,105.20,111.77,122.25,136.08,122.68,98.77,96.69,93.61,102.29,134.58,135.65,135.65,121.02,110.18,123.72,117.46,114.17,92.37,108.09,97.48,100.04,112.60,111.37,104.18,104.28,98.12,88.46,88.45,100.62,109.67,118.36,113.88,153.39,154.69,127.56,132.60,123.22,122.06,95.53,95.06,89.41,83.73,78.55,84.61,81.53,78.86,79.75,86.07,84.35,96.62,93.94,109.61,136.44,119.54,126.45,132.66,132.97,122.72,124.26,113.21,113.09,101.96,117.27,128.33,116.19,109.81,109.81,109.81,112.65,111.23,141.31,127.50,133.82,114.38,122.54,202.02,222.88,127.24,122.60,122.60,124.01,121.79,124.53,128.59,131.48
Producto,0.00048619,01171074,LECHUGA,90.24,117.03,102.95,116.70,92.52,95.09,95.63,103.80,101.71,92.21,101.74,101.22,108.37,86.38,87.22,86.82,94.88,104.14,113.76,143.23,98.48,76.95,83.14,98.50,105.15,108.32,122.90,142.40,139.85,172.30,142.64,108.27,122.81,124.29,113.57,114.64,121.83,119.77,119.91,116.58,108.40,99.37,110.26,110.13,117.24,120.38,126.57,124.42,106.79,99.35,93.86,93.61,101.29,91.30,100.37,100.67,109.82,116.92,115.69,94.92,94.80,96.16,111.14,133.33,161.52,133.18,134.74,139.44,131.79,112.78,115.54,108.37,119.40,113.27,97.33,90.16,97.62,92.44,88.89,94.18,89.75,90.40,86.05,82.75,94.20,123.85,126.94,118.45,127.35,143.06,132.14,109.23,116.31,100.35,99.50,100.81,119.77,123.82,136.89,129.80,120.57,136.60,132.85,142.65,111.99,89.65,83.71,100.32,111.92,118.54,137.26,131.55,124.95,117.53,102.91,102.05,113.85,128.42,130.47,130.47,130.47,124.77,129.24,134.64,134.40,115.75,114.05,118.32,124.50,127.87,133.26,133.26,133.26,130.69,126.72,127.27,127.91,119.57
Producto,0.000503054,01171075,PEPINILLO ,96.55,114.40,108.85,102.70,110.77,113.97,107.72,95.92,95.92,92.92,84.45,86.37,83.56,78.47,89.00,91.98,88.29,84.56,86.16,94.33,91.78,66.76,75.96,75.96,97.18,96.24,90.62,88.79,91.19,88.66,86.20,82.41,86.48,89.97,88.57,88.57,91.67,88.69,94.08,90.71,92.75,88.12,91.57,95.54,93.70,86.37,86.37,80.37,85.29,90.09,95.49,89.34,91.35,92.46,94.49,96.96,100.48,100.48,97.56,98.15,90.91,96.75,102.01,102.00,100.86,98.10,90.97,99.05,95.68,94.37,92.37,93.80,95.32,96.67,96.67,96.67,100.24,100.24,85.61,81.39,84.19,81.55,78.83,80.19,78.83,85.15,79.25,81.51,86.21,86.21,89.41,93.14,93.67,92.15,92.15,78.18,76.25,83.46,87.10,87.10,94.52,92.86,96.21,98.31,99.68,104.74,91.66,84.91,91.07,96.23,94.96,89.32,84.87,84.68,84.68,85.67,94.20,95.59,76.60,71.94,75.41,90.05,87.99,89.16,80.49,90.66,85.99,88.64,88.32,90.89,72.22,68.02,70.33,89.16,71.55,64.12,72.30,74.10
Producto,0.001366505,01171076,PIMIENTO,85.58,78.54,68.63,73.13,82.84,83.51,82.87,86.70,81.94,76.64,78.75,78.44,67.24,62.83,66.52,73.87,79.81,76.53,77.72,79.50,79.78,71.87,73.83,72.38,78.01,77.31,81.23,82.09,86.83,98.45,91.51,91.45,96.86,76.07,74.75,78.81,78.26,67.78,67.77,62.51,67.47,65.64,65.87,76.50,78.66,79.83,87.42,82.60,84.47,85.06,99.14,92.83,78.13,80.81,81.74,74.17,78.66,94.37,84.43,82.98,75.22,76.85,75.93,108.61,91.61,104.15,112.63,111.04,108.63,136.32,87.58,74.34,95.36,114.11,105.47,120.65,124.68,103.11,114.93,90.99,113.51,97.63,101.52,129.64,120.01,136.41,126.75,145.99,149.40,120.43,129.77,138.98,140.72,131.74,143.96,157.11,94.26,162.08,168.13,175.12,169.32,165.47,161.96,158.59,131.57,98.32,97.40,93.30,109.35,103.37,99.14,95.02,94.18,89.54,81.31,78.67,84.32,83.11,101.71,98.20,98.20,107.39,101.51,89.46,83.00,97.31,95.20,94.74,91.32,109.95,93.90,93.90,93.90,86.59,81.12,76.48,90.86,67.70
Producto,0.000291872,01171077,REMOLACHA,89.46,88.66,123.03,110.41,107.03,105.41,106.22,115.54,121.58,113.94,115.93,116.82,114.62,103.23,112.60,114.72,113.24,111.26,97.88,111.98,114.57,100.36,111.19,97.47,107.67,107.93,114.05,133.50,115.45,110.48,132.89,138.08,130.68,120.72,118.11,109.01,106.78,118.04,112.87,112.69,110.92,110.01,112.39,105.94,109.18,95.99,100.40,102.64,104.39,107.22,105.15,112.74,103.94,107.19,110.33,111.13,116.24,124.22,107.11,108.38,110.04,114.18,110.75,114.11,114.11,115.15,117.45,108.95,107.32,116.47,110.30,106.94,92.90,115.05,83.20,90.29,88.83,108.35,102.44,85.77,83.20,80.71,97.98,103.63,106.33,111.17,116.23,111.17,106.33,106.33,116.23,116.23,113.67,130.90,109.60,111.17,106.33,111.17,103.63,106.33,106.33,106.33,101.00,101.00,97.98,95.05,95.05,101.00,106.33,106.33,106.33,108.72,113.67,111.17,106.33,113.67,121.52,151.90,151.90,135.86,121.52,121.52,121.52,121.52,121.52,151.90,141.01,120.63,130.90,135.86,91.14,91.14,100.66,121.52,121.52,111.17,111.13,87.84
Producto,0.003278769,01171078,TOMATE RIÑÓN,95.32,93.16,83.01,100.58,106.61,102.96,93.51,85.96,84.01,88.36,86.59,84.79,84.84,104.37,86.87,83.43,96.46,101.61,87.81,95.24,85.32,83.94,80.25,74.83,74.81,89.66,86.63,110.08,106.68,98.90,99.00,85.09,84.19,74.90,81.41,81.52,80.70,92.94,89.78,91.00,92.60,88.25,85.58,77.14,88.28,91.88,94.72,101.10,100.00,96.29,96.15,89.76,96.34,101.66,100.09,82.61,84.63,83.41,79.39,82.50,81.12,86.49,93.32,97.96,97.96,100.53,95.81,87.91,76.69,73.58,72.22,69.11,62.44,78.33,90.61,90.61,105.14,97.60,113.26,113.26,77.00,78.74,109.12,109.12,113.26,113.26,113.26,113.26,113.26,113.26,113.26,113.26,113.26,105.14,113.26,113.26,97.60,105.14,90.61,86.66,86.66,99.20,124.07,124.07,112.49,105.14,86.66,86.66,86.66,90.61,90.61,94.04,113.26,113.26,113.26,105.14,97.60,105.14,105.14,90.61,90.61,90.61,101.30,105.14,90.61,113.26,90.61,113.26,109.35,113.26,90.61,90.61,90.61,90.61,97.60,113.26,111.43,76.00
Producto,0.001306729,01171079,ZANAHORIA AMARILLA,94.64,91.71,95.32,87.80,95.87,93.98,92.02,95.58,91.67,116.35,132.91,136.59,128.91,126.82,102.45,102.34,103.42,103.25,95.19,103.01,85.89,89.11,88.77,87.72,84.19,85.66,85.74,104.19,139.16,152.04,160.21,125.30,107.89,94.12,96.13,87.82,92.61,91.88,112.77,105.06,105.89,97.73,94.03,88.31,99.92,89.06,88.73,93.47,89.79,87.86,90.83,88.17,87.25,90.12,95.97,92.05,93.00,95.76,86.74,88.92,97.65,88.85,91.28,121.65,121.65,112.68,107.25,107.29,113.53,96.25,107.61,105.78,104.56,95.50,88.93,88.93,88.93,88.93,88.93,88.93,88.93,88.93,88.93,88.93,88.93,88.93,88.93,88.93,94.50,100.42,121.65,121.65,121.65,100.42,94.50,88.93,106.71,94.50,88.93,88.93,88.93,99.95,118.26,118.26,102.55,88.93,88.93,88.93,88.93,97.41,106.71,100.42,97.41,94.50,88.93,88.93,88.93,88.93,100.42,97.41,91.67,88.93,88.93,88.93,88.93,124.50,124.50,124.50,155.58,163.99,100.42,94.50,97.41,106.71,100.42,124.50,112.17,107.14
Producto,0.000924896,01171080,ARVEJA TIERNA,98.68,102.53,108.77,125.10,110.15,95.39,88.63,97.06,88.77,89.47,95.26,102.76,95.31,90.70,107.38,177.62,150.03,112.88,86.18,77.31,65.98,77.95,88.87,110.74,105.56,125.64,124.52,117.26,119.96,138.00,142.25,148.66,121.82,85.12,67.82,68.84,89.21,108.73,107.14,105.46,102.43,93.91,86.65,90.40,97.34,98.59,87.95,90.39,147.93,135.29,122.79,97.32,85.16,84.18,82.64,83.20,80.67,106.29,95.05,83.46,92.72,101.47,123.56,133.43,129.00,99.42,97.84,87.38,83.67,74.14,74.85,74.28,105.14,113.68,112.41,114.94,95.78,88.98,78.80,78.80,78.80,88.98,81.23,78.80,102.14,102.14,103.64,141.25,123.89,112.40,101.79,94.56,94.56,94.56,97.02,107.29,108.16,89.57,111.27,113.48,100.49,96.74,120.59,121.73,112.94,94.49,80.30,78.80,116.98,131.13,126.08,112.80,99.55,94.56,111.65,113.87,111.36,87.46,80.89,87.46,87.83,114.94,139.08,159.86,136.38,157.60,125.75,102.27,107.52,110.32,94.56,94.56,94.56,102.14,110.32,119.61,98.99,85.24
Producto,0.001157899,01171081,FRÉJOL TIERNO,95.61,95.46,103.12,107.42,103.54,100.72,97.87,101.42,100.40,100.16,98.43,96.32,96.05,99.41,110.61,106.94,104.54,93.50,93.97,90.43,91.79,96.09,96.39,106.07,101.07,94.10,89.66,88.57,96.74,106.66,97.99,100.41,99.90,95.84,90.03,98.22,101.06,95.90,93.11,92.88,97.01,100.14,96.98,93.97,99.64,101.38,100.56,98.63,96.89,97.59,96.49,97.73,95.30,92.86,99.32,95.31,96.25,105.58,103.15,97.41,99.08,96.58,97.89,104.06,104.06,98.28,105.59,94.20,96.70,89.32,85.79,97.01,112.27,106.02,89.31,89.31,96.21,96.21,96.21,94.18,99.18,97.45,96.21,96.21,106.25,104.90,111.47,126.65,117.96,116.70,112.73,106.78,103.59,97.45,96.21,99.18,102.24,96.21,99.34,103.07,98.76,98.76,103.07,106.78,118.46,115.45,100.49,96.21,108.65,106.18,103.76,100.57,96.84,96.21,99.83,102.91,102.24,96.21,98.71,103.05,107.57,110.08,130.38,138.54,115.45,115.45,115.45,115.45,115.45,115.45,96.21,96.21,108.65,115.45,115.45,115.45,115.45,105.39
Producto,0.00080172,01171082,HABA TIERNA,87.87,95.38,98.48,99.12,101.29,95.66,94.26,96.07,89.41,99.01,92.57,96.74,102.68,101.18,113.09,124.95,118.53,131.00,126.94,120.08,97.69,91.96,93.11,95.15,94.00,102.59,123.56,119.13,109.84,95.73,94.73,90.96,93.29,91.16,87.88,97.93,91.35,95.22,92.25,93.84,94.20,94.96,96.79,94.23,93.11,91.96,96.59,96.33,96.07,96.07,100.90,92.06,94.28,95.21,95.80,95.28,91.77,100.80,92.40,85.42,93.98,93.34,95.26,101.44,101.44,94.76,94.86,91.63,85.96,88.55,84.11,90.00,90.82,92.18,87.58,88.53,87.58,92.87,98.49,89.48,88.53,87.58,92.36,90.45,91.43,90.45,89.48,85.29,85.29,87.58,97.44,87.58,87.58,88.53,89.48,93.42,93.42,87.45,94.19,93.24,89.48,87.58,89.48,91.43,89.48,87.58,87.58,87.58,89.48,112.74,112.74,107.24,89.48,87.58,87.58,88.53,89.48,94.89,104.66,104.66,104.66,121.20,121.20,125.79,100.63,116.77,120.38,133.67,144.98,145.97,103.33,98.69,116.77,125.79,125.79,121.20,116.77,104.44
Producto,0.000633071,01171083,OTROS PRODUCTOS DE HUERTA FRESCOS,103.40,111.76,110.23,106.02,102.88,104.34,109.95,118.00,118.00,117.77,114.03,114.36,105.76,109.90,110.90,112.26,113.21,107.58,112.06,106.26,109.21,111.93,107.46,110.82,112.05,116.26,116.53,113.82,114.34,113.54,112.46,110.38,101.27,103.29,105.74,109.08,105.54,107.48,110.64,106.81,105.66,115.26,116.85,117.67,115.36,118.37,116.74,117.79,119.75,115.97,124.45,119.63,121.90,120.04,120.12,122.06,123.87,121.88,117.77,121.63,121.96,125.57,125.57,121.17,122.18,117.21,114.92,117.78,117.78,116.70,116.48,115.75,117.29,117.71,116.95,116.95,119.73,120.67,120.25,121.09,124.00,125.68,122.90,122.90,122.90,124.85,126.83,126.83,127.44,127.44,123.49,130.45,124.65,127.66,127.66,126.30,125.60,132.58,128.94,131.17,131.77,131.77,131.77,130.26,133.90,134.24,134.24,133.82,132.47,131.86,128.59,127.55,128.57,128.66,128.74,128.64,132.62,132.62,134.85,134.97,132.34,132.34,131.82,132.76,133.80,138.81,138.32,138.09,129.32,133.67,130.51,130.42,129.88,136.27,132.60,129.39,127.36,127.36
Subclase,0.006186635,01172,Papas y tubérculos,104.57,99.81,98.64,97.72,97.31,100.27,101.18,100.91,102.17,103.12,103.02,104.37,104.60,104.69,106.17,101.94,102.84,101.77,105.01,104.45,103.47,100.87,100.31,102.69,101.94,98.87,99.36,102.88,102.93,104.70,102.36,105.25,102.03,105.51,109.19,111.10,107.77,108.03,101.16,100.96,99.64,100.13,97.82,97.46,103.25,105.22,105.46,103.26,100.79,97.31,103.12,98.47,96.74,98.12,99.75,100.78,101.89,105.85,103.83,100.92,98.05,97.70,98.30,104.47,103.98,105.03,106.00,109.32,101.12,99.57,96.83,99.39,98.12,102.85,103.04,101.30,97.55,99.73,101.79,102.40,101.67,101.09,105.15,104.90,103.44,106.35,109.49,112.47,111.19,112.21,111.11,110.31,114.26,110.97,113.02,111.80,112.14,112.15,111.23,114.10,113.80,116.75,113.68,116.73,116.74,105.72,108.61,110.16,110.22,113.25,111.61,111.11,109.69,110.23,115.22,113.86,120.16,126.33,122.86,120.39,117.49,117.18,113.73,115.06,113.94,114.11,118.04,117.35,130.21,139.69,120.49,116.02,120.64,129.22,122.97,119.48,115.44,113.69
Producto,0.004636972,01172084,PAPA ,103.44,104.17,98.00,94.62,92.47,91.67,93.28,94.88,94.45,94.29,94.43,99.01,101.10,101.39,103.90,102.20,104.14,103.75,102.26,102.72,98.83,100.44,101.43,101.52,101.32,101.27,99.69,102.26,101.50,100.23,99.00,100.42,99.74,97.33,100.54,104.89,101.73,105.10,100.37,94.36,93.35,94.84,94.44,95.49,98.06,96.29,100.70,101.08,100.27,100.47,103.15,102.50,98.01,101.02,105.46,104.65,106.50,104.83,105.66,104.13,100.77,102.37,101.95,107.75,107.75,108.23,103.41,103.44,103.35,96.24,99.03,104.44,101.19,104.17,106.52,106.52,102.50,103.82,105.16,106.52,102.50,99.90,105.16,106.52,104.49,105.66,113.25,115.15,112.62,112.62,110.14,110.14,111.71,104.75,104.75,104.75,105.93,108.32,103.25,105.93,105.93,105.93,98.07,100.63,100.63,100.63,101.93,103.25,103.89,110.21,108.99,108.99,107.79,106.59,106.59,106.59,106.79,114.01,114.16,118.73,117.42,109.22,109.22,107.41,107.41,107.41,107.41,114.20,114.20,133.48,116.12,112.31,117.42,117.42,117.42,114.84,114.08,113.35
Producto,0.001253859,01172085,YUCA Y CAMOTE,104.34,97.73,98.90,100.05,100.31,105.37,106.05,104.82,106.96,106.93,106.34,105.21,104.86,104.28,105.90,101.51,101.90,101.26,107.22,106.47,105.76,101.45,100.63,102.44,100.51,96.51,96.98,102.40,104.19,108.48,104.67,105.89,100.37,106.91,111.87,112.05,109.16,108.12,100.31,104.06,102.61,102.90,99.18,99.23,106.46,108.53,107.34,103.05,99.67,94.47,102.35,96.72,96.52,97.99,98.67,99.95,98.82,105.36,102.20,98.89,96.06,95.13,95.02,101.52,100.40,102.21,105.82,110.89,100.36,101.14,95.14,96.56,95.98,102.06,101.94,98.59,95.19,97.66,99.21,98.70,98.28,98.53,102.59,101.62,100.12,103.93,106.06,110.82,109.97,111.94,111.73,110.51,115.47,114.26,115.76,113.89,113.51,111.39,112.48,115.70,115.25,119.78,118.49,122.05,123.05,106.36,109.93,111.41,110.92,112.81,110.84,110.98,110.18,111.11,118.33,116.68,126.68,133.78,128.39,122.61,118.74,118.42,111.52,112.54,112.04,114.13,119.08,117.36,135.10,136.93,120.63,113.84,114.72,126.40,120.31,116.07,112.08,112.78
Producto,0.000295803,01172086,MELLOCO,111.91,101.65,98.92,87.71,88.15,86.52,86.50,87.77,87.54,103.56,107.34,119.81,117.56,123.64,119.09,105.25,106.65,98.13,94.63,91.48,100.84,96.85,92.05,110.42,119.27,112.35,122.26,110.57,96.36,85.96,93.64,120.29,129.24,127.79,120.47,129.07,120.55,120.18,113.41,98.62,97.28,95.40,98.90,88.04,93.61,111.16,107.51,115.08,114.63,112.34,110.91,98.33,93.31,86.46,85.34,91.95,112.75,115.34,112.29,107.36,106.37,103.17,115.52,119.96,123.90,119.59,119.52,119.49,99.02,98.31,104.30,105.83,106.33,104.97,98.83,105.74,99.51,102.58,113.13,121.87,132.70,132.70,131.28,131.28,132.70,134.14,127.86,117.42,117.42,113.13,109.00,109.00,113.13,105.03,121.87,121.87,125.87,137.05,134.14,134.14,134.14,134.14,134.14,134.14,124.03,121.87,125.04,128.30,131.28,131.28,131.28,121.87,113.13,117.42,121.87,117.42,113.13,105.03,105.03,105.03,105.03,140.03,156.56,175.04,162.49,143.78,154.89,131.28,151.59,195.70,138.54,154.89,195.70,210.81,175.04,175.04,155.92,124.43
Subclase,0.001859192,01173,Leguminosas secos y vegetales en conserva,94.90,94.00,93.99,97.03,98.22,98.76,96.88,96.72,92.54,94.23,93.23,94.83,94.19,94.00,97.09,103.27,100.06,103.43,102.86,102.76,103.53,103.91,103.77,101.81,101.23,101.63,100.75,96.52,97.89,98.20,97.49,98.62,94.67,93.54,95.52,92.95,94.33,92.95,92.09,92.20,90.75,91.71,90.50,87.13,88.13,88.47,84.90,83.55,86.70,83.70,83.98,87.09,82.93,80.79,83.76,83.87,83.76,83.60,83.55,82.14,84.52,91.65,92.53,94.12,92.65,92.49,91.08,90.26,92.69,91.91,88.60,88.91,89.18,90.33,88.55,89.49,87.95,87.95,88.47,88.22,88.79,89.13,90.17,90.52,90.52,91.15,96.57,100.05,100.99,102.23,100.24,101.83,101.96,97.88,96.92,101.27,101.37,101.28,103.64,99.65,99.58,99.63,99.79,99.82,98.43,97.23,97.23,97.30,97.46,97.49,97.49,97.66,100.05,100.05,100.05,100.05,100.05,100.05,100.38,100.38,100.32,101.50,101.80,101.86,101.52,101.46,101.46,102.18,102.90,100.07,100.29,100.29,98.91,97.80,97.80,99.80,98.86,98.69
Producto,0.00052416,01173087,FRÉJOL SECO,71.40,70.98,70.44,72.17,72.92,72.15,71.31,71.42,74.93,88.97,87.72,91.23,92.57,95.60,104.63,119.00,109.57,119.10,114.65,113.79,112.57,107.59,105.36,105.38,102.18,105.67,95.25,93.64,97.34,93.57,96.32,96.79,94.27,95.30,95.66,91.54,95.05,94.71,92.62,97.75,90.08,93.53,92.64,96.21,94.48,91.36,86.87,87.97,89.88,79.24,75.91,82.69,81.84,73.46,76.30,79.85,66.83,68.40,68.00,68.36,69.63,71.12,76.89,76.19,80.96,78.59,78.04,90.51,89.71,83.77,81.42,80.24,85.28,89.80,87.73,85.10,75.04,75.04,75.56,76.07,76.07,78.95,80.84,80.84,80.84,83.90,89.77,92.54,92.54,92.54,92.54,92.54,92.54,87.08,80.84,87.08,87.08,87.08,102.55,97.41,97.41,97.41,97.41,97.41,97.41,97.41,97.41,97.41,97.41,97.41,97.41,97.41,92.54,92.54,92.54,92.54,92.54,92.54,92.54,92.54,92.54,88.23,88.23,88.23,88.23,88.23,88.23,88.23,88.23,88.23,88.23,88.23,88.23,88.23,88.23,88.23,88.23,88.23
Producto,0.001077902,01173088,LENTEJA,103.20,100.74,100.98,108.05,111.21,114.23,110.31,110.47,108.60,109.38,107.00,110.13,107.64,105.74,109.24,120.96,116.26,123.04,123.66,122.52,125.32,123.39,126.36,127.51,126.72,126.12,128.98,122.65,124.99,122.47,121.48,124.59,117.67,118.46,120.55,114.85,117.32,114.20,112.61,110.63,108.81,110.08,108.51,103.66,99.12,101.54,96.63,94.28,98.65,94.53,95.56,101.12,95.76,93.22,96.42,95.69,100.65,99.49,99.53,101.14,103.27,107.77,107.74,112.30,120.98,120.08,116.89,112.64,115.95,115.26,106.57,109.49,107.36,108.69,104.39,108.35,108.35,108.35,108.35,108.35,108.35,108.35,111.85,111.85,111.85,116.08,125.05,133.61,133.61,133.61,133.61,133.61,133.61,124.03,124.03,131.72,131.72,131.72,131.72,122.28,122.28,122.28,122.28,122.28,118.66,115.14,115.14,115.14,115.14,115.14,115.14,115.14,124.37,124.37,124.37,124.37,124.37,124.37,124.37,124.37,124.37,129.79,129.79,129.79,129.79,129.79,129.79,129.79,129.79,129.79,129.79,129.79,125.73,125.73,125.73,125.73,120.48,120.48
Producto,0.000113007,01173089,ARVEJA SECA,90.32,90.32,90.32,92.76,92.76,90.32,87.53,86.04,86.04,86.04,86.04,86.04,86.04,86.04,89.45,89.45,88.30,84.94,83.48,83.48,83.48,81.42,76.10,76.10,77.32,77.76,76.00,76.00,73.73,73.73,74.37,74.37,66.39,66.39,74.37,74.37,74.37,72.62,72.62,72.62,74.86,74.86,71.30,69.59,74.86,74.86,66.83,62.08,71.14,66.17,69.04,70.28,70.28,70.28,70.28,69.04,70.28,70.28,70.28,70.28,71.64,70.51,70.51,71.50,71.32,74.67,73.09,74.40,74.40,76.81,76.81,73.52,74.98,74.98,74.98,74.98,74.98,74.98,77.86,75.72,79.43,78.76,81.18,83.47,83.47,84.81,84.81,85.79,86.72,88.44,85.79,85.79,86.67,86.67,86.67,86.67,86.67,86.09,86.09,86.09,85.58,85.58,86.65,86.83,86.83,86.83,86.83,86.83,87.91,87.91,87.91,87.91,87.91,87.91,87.91,87.91,87.91,87.91,87.91,87.91,87.91,87.91,89.89,89.89,87.67,87.67,87.67,87.67,87.67,87.67,89.09,89.09,89.09,89.09,89.09,88.00,88.00,86.92
Producto,0.000144122,01173090,MOTE,99.01,99.01,99.01,99.01,99.01,99.01,99.01,99.01,87.53,85.50,85.50,85.50,85.50,85.50,85.50,85.50,85.50,85.84,86.18,87.38,87.38,93.30,93.30,86.69,86.69,86.69,86.69,81.53,82.54,87.44,84.94,84.94,84.94,80.56,80.56,80.56,80.56,80.56,80.56,80.56,80.56,80.56,80.56,74.91,80.56,80.56,80.56,80.56,80.56,82.75,82.75,82.75,76.55,76.55,80.63,80.63,80.63,80.63,80.63,74.98,78.49,94.11,94.11,94.11,79.71,79.71,79.71,75.53,79.56,79.56,79.56,79.56,79.56,79.56,79.56,79.56,79.56,79.56,79.56,79.56,79.56,79.56,77.31,77.31,77.31,73.16,77.31,77.31,79.56,82.31,77.82,82.31,82.31,82.31,82.31,84.51,84.78,84.78,84.78,84.78,84.78,84.92,84.92,84.92,84.49,84.49,84.49,84.66,84.66,84.75,84.75,85.22,85.22,85.22,85.22,85.22,85.22,85.22,86.15,86.15,85.98,85.98,85.98,86.13,86.13,85.98,85.98,87.98,90.03,82.07,82.07,82.07,82.07,78.95,78.95,85.04,87.40,87.40
Clase,0.008889887,0118,"Azúcar, mermelada, miel, chocolate y dulces de azúcar (ND)",97.82,97.43,97.14,97.27,96.89,96.74,96.27,97.20,96.94,96.58,97.10,96.82,96.57,96.36,96.54,97.19,97.79,98.73,96.44,98.97,98.66,98.36,98.83,99.05,99.02,99.94,99.91,100.31,101.39,99.24,98.21,96.65,98.35,97.98,97.77,97.52,96.51,99.47,98.33,98.48,99.67,96.80,98.16,94.97,96.79,97.26,98.21,95.39,96.12,98.44,95.97,98.27,98.07,97.30,97.98,98.61,97.90,98.80,98.53,96.26,97.63,98.79,98.68,98.50,98.22,97.52,99.09,98.34,99.05,99.18,99.15,96.76,100.00,97.62,96.29,99.02,99.14,99.39,98.94,97.28,99.67,97.63,98.54,96.93,95.91,96.46,99.42,101.37,102.12,100.08,104.97,105.06,104.73,107.77,105.22,106.47,107.19,107.00,107.30,108.84,107.94,107.72,106.37,108.94,109.87,110.70,110.32,110.93,108.89,109.65,108.88,110.45,110.55,110.27,113.45,113.29,113.61,113.67,114.35,111.78,112.17,111.32,112.92,111.89,111.31,110.73,110.65,109.85,111.05,111.13,111.25,110.05,110.53,109.07,109.50,110.48,111.04,110.58
Subclase,0.004630781,01181,Azúcar y sucedáneos del azúcar,97.49,96.94,96.99,97.24,96.38,95.96,96.20,96.22,96.55,95.13,96.10,96.28,95.63,95.54,95.53,96.31,96.17,95.79,95.88,95.65,95.33,94.71,94.63,95.03,95.24,95.41,95.58,96.13,96.20,96.24,95.96,94.17,95.29,94.41,93.69,94.47,94.02,93.98,93.90,94.42,94.95,94.20,93.72,93.12,94.18,93.83,94.19,91.91,93.44,94.18,93.07,94.12,93.40,93.74,93.33,92.58,92.84,92.31,91.81,93.03,94.13,92.68,92.48,92.14,92.58,93.04,92.85,93.14,93.69,92.99,92.86,92.61,94.16,93.17,92.37,92.37,92.86,92.86,92.86,92.86,92.68,92.68,92.46,92.75,92.75,92.90,93.94,93.94,94.49,94.49,100.31,102.80,104.06,105.50,105.30,105.70,105.70,105.70,105.51,105.51,105.49,106.09,106.94,107.54,109.03,109.59,108.88,109.46,109.46,109.46,109.46,109.89,109.89,110.02,110.02,110.25,110.25,110.25,110.25,109.52,109.91,108.25,108.99,109.34,108.28,107.17,106.82,105.20,105.14,105.28,105.34,105.34,106.40,105.02,106.40,103.57,105.87,105.14
Producto,0.004297457,01181091,AZÚCAR,97.59,96.44,96.51,96.83,96.12,95.45,95.77,95.91,96.35,94.47,95.75,95.99,95.13,94.97,94.95,95.99,95.80,95.18,95.30,95.00,94.98,95.05,94.68,95.04,96.25,95.42,95.64,96.36,96.45,95.94,95.57,93.21,94.69,93.53,92.58,93.60,93.02,92.96,92.86,93.44,94.15,93.16,92.11,91.90,93.13,93.25,93.14,90.15,92.16,93.70,92.25,94.30,92.67,93.13,92.59,91.60,91.94,91.25,91.79,92.40,93.84,92.57,92.31,91.51,92.04,92.62,92.26,92.53,93.25,92.33,92.17,91.84,93.88,92.57,91.52,91.52,91.52,91.52,91.52,91.52,91.52,91.52,91.52,91.52,91.52,91.52,92.55,92.55,92.55,92.55,100.33,103.61,105.06,106.69,106.69,106.69,106.69,106.69,106.69,106.69,106.69,107.47,108.19,108.19,110.16,110.90,110.34,111.11,111.11,111.11,111.11,111.11,111.11,111.11,111.11,111.11,111.11,111.11,111.11,110.78,110.78,109.41,109.22,109.38,107.98,106.53,105.78,104.19,104.02,103.87,103.95,103.95,105.34,103.52,105.34,101.61,105.19,103.52
Producto,0.000333324,01181092,SUSTITUTO DEL AZÚCAR,97.20,98.51,98.51,98.51,97.20,97.56,97.56,97.20,97.20,97.20,97.20,97.20,97.20,97.34,97.34,97.34,97.34,97.70,97.70,97.70,96.46,93.62,94.46,94.98,92.03,95.40,95.40,95.40,95.40,97.18,97.18,97.18,97.18,97.18,97.18,97.18,97.18,97.18,97.18,97.47,97.47,97.47,98.80,96.96,97.47,95.66,97.47,97.47,97.47,95.68,95.68,93.54,95.68,95.68,95.68,95.68,95.68,95.68,91.88,95.03,95.03,93.03,93.03,94.13,94.28,94.36,94.69,95.05,95.05,95.05,95.05,95.05,95.05,95.05,95.05,95.05,97.08,97.08,97.08,97.08,96.31,96.31,95.43,96.63,96.63,97.23,98.32,98.32,100.59,100.59,100.24,100.24,100.91,101.78,100.91,102.60,102.60,102.60,101.79,101.79,101.73,101.73,102.99,105.49,105.49,105.49,104.27,104.27,104.27,104.27,104.27,106.02,106.02,106.60,106.60,107.54,107.54,107.54,107.54,105.55,107.19,104.61,108.24,109.20,109.20,109.20,110.08,108.38,108.65,109.74,109.74,109.74,109.74,109.74,109.74,109.74,108.00,110.25
Subclase,0.004259106,01182,"Chocolates, dulces de azúcar y helados",98.18,97.98,97.31,97.31,97.46,97.62,96.35,98.31,97.39,98.23,98.23,97.43,97.62,97.28,97.68,98.19,99.60,102.04,97.07,102.71,102.40,102.46,103.57,103.57,103.27,105.04,104.77,105.03,107.23,102.63,100.74,99.45,101.80,102.00,102.36,100.95,99.30,105.66,103.31,103.06,104.99,99.73,103.16,97.04,99.72,101.11,102.75,99.30,99.13,103.23,99.23,102.93,103.32,101.30,103.20,105.39,103.59,106.09,106.09,99.89,101.58,105.66,105.66,105.66,104.57,102.56,106.12,104.19,105.09,106.15,106.23,101.41,106.58,102.64,100.70,106.49,106.20,106.74,105.79,102.26,107.55,103.20,105.39,101.63,99.47,100.48,105.58,109.72,110.70,106.38,110.21,107.61,105.47,110.31,105.14,107.33,108.86,108.47,109.31,112.59,110.69,109.55,105.74,110.51,110.80,111.94,111.95,112.58,108.25,109.86,108.22,111.09,111.30,110.54,117.31,116.72,117.40,117.53,118.96,114.32,114.71,114.78,117.34,114.75,114.73,114.73,114.97,115.08,117.70,117.71,117.90,115.35,115.19,113.62,112.99,118.25,116.85,116.71
Producto,0.000477936,01182093,CARAMELOS,94.15,91.96,92.53,92.53,96.06,96.06,96.06,97.92,97.92,97.92,97.92,88.95,88.86,95.67,97.62,98.60,98.60,99.75,92.07,102.81,100.93,100.93,100.93,100.93,100.93,100.93,100.93,100.93,100.93,94.99,107.57,107.77,107.86,93.20,92.34,100.42,93.22,100.42,100.42,100.42,100.42,94.37,89.09,93.47,93.47,93.47,93.47,93.47,93.47,95.68,94.59,94.59,94.96,93.61,93.61,93.61,94.12,95.89,95.89,96.70,96.70,96.70,96.70,96.70,95.27,95.27,96.20,96.76,96.76,94.51,95.40,88.58,97.65,80.56,80.56,94.57,94.57,97.09,97.09,97.09,99.83,99.32,97.22,90.24,90.24,90.24,99.49,96.02,101.38,99.50,98.41,99.82,98.53,95.75,96.91,93.98,97.56,97.56,97.56,97.56,97.99,91.59,91.59,89.07,89.57,85.46,86.39,87.61,87.46,87.46,87.46,90.37,90.11,90.11,90.11,92.63,90.11,91.56,91.56,91.18,91.18,91.94,92.39,92.01,92.01,92.01,93.37,94.54,94.54,96.82,96.82,96.82,94.93,96.30,94.93,94.93,94.93,93.36
Producto,0.000942338,01182094,CHOCOLATES,98.61,98.61,98.75,98.75,98.08,98.75,98.75,98.75,98.08,98.08,98.08,98.08,98.92,98.92,99.88,101.63,104.41,106.56,106.56,107.57,107.57,106.56,104.03,104.03,112.47,110.19,116.20,116.20,116.20,115.93,114.95,114.95,114.61,114.61,114.61,114.61,110.41,114.61,104.77,103.39,111.48,111.48,111.48,106.99,111.48,111.48,107.83,109.72,109.00,109.00,109.00,108.18,109.67,109.67,109.67,109.33,109.33,109.33,109.33,109.33,109.33,109.33,109.33,109.33,109.33,109.33,109.33,108.84,108.55,109.33,109.33,110.98,109.96,109.96,111.00,111.00,109.78,110.84,110.84,110.84,111.96,113.32,113.52,110.13,110.13,105.31,109.32,109.32,109.73,105.57,106.39,105.86,107.72,109.47,109.38,111.52,114.48,112.84,116.36,115.76,115.76,115.76,115.76,115.76,115.76,113.33,115.76,115.76,115.76,112.70,112.70,112.41,117.91,114.72,121.54,118.13,118.39,118.39,124.38,124.86,125.03,125.03,125.03,124.90,124.80,124.80,125.31,125.31,125.74,125.74,125.74,125.74,125.74,122.36,120.23,120.23,125.31,125.31
Producto,0.000770055,01182095,CHICLE,98.46,98.46,98.46,98.46,98.46,98.46,98.46,97.14,97.14,97.53,97.53,97.53,97.53,97.53,97.53,97.53,97.53,97.53,97.53,97.53,97.53,97.53,97.53,97.53,97.53,97.53,97.53,97.53,97.53,97.20,97.20,97.20,97.20,97.20,97.20,97.20,97.20,97.20,97.20,97.20,97.20,97.20,97.20,97.53,97.53,97.53,97.53,97.53,97.53,97.53,97.53,97.53,97.53,97.53,97.53,97.53,97.53,97.53,97.53,97.53,97.53,97.53,97.53,97.53,97.53,97.53,97.53,97.53,97.53,97.53,97.53,97.53,97.53,97.53,97.53,97.53,97.53,97.53,97.53,97.53,97.53,97.53,97.53,97.53,97.53,97.53,97.53,97.53,97.53,97.53,97.53,97.53,97.53,97.53,97.53,97.53,97.53,97.53,97.53,97.53,97.53,97.53,97.53,97.53,97.53,101.15,100.54,100.54,100.54,98.79,98.79,99.15,99.15,99.15,99.15,99.15,99.15,99.15,99.15,99.15,99.15,99.15,99.15,99.15,99.15,99.15,99.15,99.15,99.15,99.15,99.15,99.15,99.15,99.15,99.15,99.15,99.83,99.83
Producto,0.002068777,01182096,HELADOS,98.61,98.61,96.98,96.98,96.98,96.98,94.23,98.67,97.04,98.67,98.67,98.67,98.67,96.64,96.64,96.64,98.26,102.16,92.96,102.51,102.20,102.85,106.53,106.53,101.56,106.53,102.87,103.43,108.16,99.70,93.73,90.91,96.12,99.37,100.30,95.72,95.72,105.85,105.85,106.01,106.01,95.87,104.25,92.41,95.87,98.87,104.25,95.87,95.87,104.25,95.87,104.25,104.25,100.17,104.25,109.13,105.16,110.21,110.21,96.71,100.36,109.13,109.13,109.13,107.06,102.73,110.21,106.20,108.28,110.60,110.60,100.71,110.60,105.40,100.71,110.47,110.47,110.60,108.55,100.96,111.23,101.29,106.29,101.29,96.65,101.29,108.43,117.99,118.85,112.05,120.08,114.50,109.19,119.24,107.94,112.11,113.20,113.20,113.20,120.55,116.39,115.18,106.98,117.71,118.25,121.11,119.99,121.11,111.82,117.64,114.11,119.71,117.39,117.39,128.45,128.45,130.26,130.26,130.26,120.12,120.87,120.87,126.29,120.87,120.87,120.87,120.87,120.87,126.29,125.86,126.29,120.81,120.81,118.92,118.92,130.22,124.31,124.31
Clase,0.00425815,0119,Productos alimenticios n.e.p. (ND),100.64,97.67,96.62,97.46,102.61,101.03,101.15,98.27,98.81,101.49,99.34,98.04,99.09,101.76,97.50,94.81,94.70,99.34,102.94,100.12,99.30,98.01,97.93,103.28,105.59,101.16,103.42,106.00,104.06,101.85,101.15,98.65,99.28,99.46,97.62,98.43,102.22,101.79,100.74,98.85,99.69,99.56,98.32,101.02,102.08,102.87,105.85,110.06,101.94,100.33,100.47,100.46,100.79,101.90,98.51,98.80,102.67,103.41,98.90,98.56,102.05,104.86,102.31,103.73,103.50,105.23,105.73,103.73,103.09,105.24,104.47,105.43,105.78,105.55,105.28,107.10,102.18,106.11,104.42,105.28,104.40,103.90,103.19,105.31,103.53,102.20,102.24,105.60,105.80,106.64,111.42,112.52,111.86,110.07,111.23,112.94,113.70,113.39,116.29,117.52,115.46,118.18,113.75,113.26,114.24,116.96,115.66,113.49,114.16,115.17,112.94,119.49,117.16,116.48,113.27,113.17,112.47,112.84,112.29,114.97,114.49,113.98,113.63,112.13,115.04,115.96,115.32,116.35,116.12,116.26,117.69,116.33,117.25,119.45,115.26,115.17,114.99,115.94
Subclase,0.001213178,01191,Condimentos naturales,99.86,90.81,87.80,89.68,103.22,97.38,97.38,85.56,83.18,90.51,84.09,80.23,89.57,95.77,83.90,75.60,75.12,82.91,93.34,85.21,79.99,76.51,83.49,95.54,101.28,88.75,93.29,102.43,96.25,93.27,91.54,85.34,84.24,82.90,78.71,80.23,92.47,91.73,88.88,84.84,83.57,84.13,87.92,86.87,91.26,97.13,100.88,113.90,93.24,87.04,89.44,88.31,92.12,90.92,81.20,81.71,92.13,92.36,82.82,82.39,87.13,97.99,90.67,92.55,92.20,96.71,98.91,91.00,87.53,91.88,89.58,92.00,94.48,93.46,93.24,100.49,85.28,96.67,90.67,95.31,93.25,93.30,92.13,93.02,88.76,86.09,88.97,92.91,94.96,95.72,108.78,108.83,99.81,92.03,94.29,98.82,99.57,98.81,104.68,113.33,102.91,110.34,98.87,95.77,95.41,102.02,97.99,95.38,95.44,99.86,93.49,103.23,97.42,91.06,84.47,82.08,80.47,81.72,87.07,87.07,87.07,85.68,85.17,82.20,90.14,94.84,90.58,94.41,92.55,91.05,94.31,93.71,93.65,100.58,91.21,91.21,93.32,93.11
Producto,0.000331647,01191097,SAL,98.89,99.16,99.16,99.16,99.16,100.88,100.88,100.54,100.54,100.54,100.54,100.54,100.54,100.54,100.54,100.54,100.54,100.88,102.77,102.77,102.77,102.77,102.77,102.77,102.77,103.95,103.95,103.95,103.95,104.16,104.16,104.16,104.16,104.16,104.16,104.16,104.16,104.16,104.16,101.74,101.74,101.74,101.26,101.26,101.26,101.26,101.26,101.26,101.95,101.95,101.95,101.95,101.95,102.78,102.78,102.78,102.78,102.78,102.78,102.31,103.49,103.49,104.60,105.88,104.60,104.60,104.60,104.60,104.60,104.60,104.60,105.54,106.16,106.39,106.39,104.89,106.39,106.39,107.54,107.17,107.17,106.93,109.24,109.24,106.93,106.49,106.49,108.98,106.01,106.01,109.45,109.45,109.45,108.80,108.80,106.71,109.45,109.00,106.07,108.97,108.97,108.76,108.76,108.76,108.76,108.76,108.76,108.76,108.97,109.65,109.65,111.68,111.68,111.68,112.12,112.12,112.12,112.12,112.12,112.12,112.12,112.12,112.12,112.56,111.43,111.65,108.68,111.22,106.68,107.97,107.97,105.80,105.60,110.34,108.95,108.95,111.00,110.78
Producto,0.000881531,01191098,CULANTRO,100.24,87.63,83.48,86.08,104.76,96.05,96.05,79.87,76.58,86.69,77.83,72.51,85.39,93.96,77.57,66.12,65.46,76.08,89.76,78.54,71.34,66.54,76.16,92.80,100.71,82.98,89.23,101.86,93.32,89.12,86.74,78.18,76.67,74.82,69.04,71.13,88.03,87.00,83.07,78.42,76.66,77.44,82.85,81.41,87.46,95.55,100.73,118.71,89.93,81.37,84.69,83.12,88.38,86.42,73.01,73.71,88.08,88.40,75.24,74.81,80.92,95.90,85.37,87.48,87.48,93.72,96.74,85.83,81.04,87.05,83.88,86.86,90.04,88.55,88.25,98.82,77.26,92.97,84.26,90.79,87.96,88.12,85.62,86.85,81.85,78.33,82.31,86.81,90.76,91.81,108.52,108.60,96.14,85.66,88.78,95.82,95.82,94.94,104.15,114.98,100.61,110.94,95.11,90.83,90.34,99.46,93.90,90.30,90.30,96.14,87.34,100.02,92.00,83.23,73.96,70.66,68.45,70.16,77.55,77.55,77.55,75.63,74.92,70.66,82.05,88.46,83.70,88.02,87.18,84.62,89.11,89.11,89.11,96.87,84.47,84.47,86.61,86.40
Subclase,0.001554416,01192,Condimentos y aderezos procesados,96.89,97.28,97.10,97.80,99.46,100.91,101.45,104.25,108.94,109.65,109.77,109.77,105.28,105.44,104.41,104.85,105.04,106.94,107.00,106.77,107.92,107.53,98.16,106.64,107.01,107.10,107.40,107.95,108.10,105.54,105.16,105.35,105.87,106.10,106.11,106.52,105.14,105.41,106.88,106.98,104.65,106.15,104.54,106.53,105.60,105.44,106.60,105.89,105.93,105.66,104.62,103.52,105.61,105.55,105.70,104.89,106.05,107.00,102.25,101.56,106.97,107.36,107.11,107.45,106.93,107.02,107.11,106.22,106.56,106.68,106.70,107.07,106.31,106.27,106.19,105.66,106.66,107.02,107.01,106.89,106.12,107.13,107.26,107.39,108.48,108.18,109.31,109.80,110.11,110.63,109.74,109.92,111.66,112.28,113.24,113.83,114.73,114.44,113.60,108.02,112.47,113.01,111.40,113.89,116.77,117.99,117.52,112.30,113.86,113.30,112.98,118.09,117.24,119.98,115.96,118.53,118.19,117.73,118.34,117.25,117.41,117.22,116.71,117.44,117.91,116.50,114.28,113.98,115.42,117.18,118.11,113.67,116.69,116.30,115.28,116.86,114.51,116.88
Producto,0.000246778,01192099,MAYONESA,87.29,87.29,87.29,87.35,88.16,88.16,88.16,88.99,88.99,88.99,88.99,88.99,89.37,89.37,89.37,90.22,90.22,92.29,92.29,92.29,92.29,92.29,92.29,92.29,92.29,92.29,93.71,95.87,95.55,94.10,90.90,90.90,90.90,93.96,93.96,93.96,93.64,93.64,93.64,93.64,94.90,94.90,94.90,94.90,94.90,94.90,95.64,95.64,95.64,95.71,95.71,93.91,96.17,95.62,95.62,95.62,95.62,95.62,95.62,95.62,95.62,95.62,93.82,93.28,93.63,93.63,93.63,89.95,92.24,92.24,93.63,93.63,90.03,90.64,90.64,88.21,90.64,92.95,92.57,88.15,90.78,91.30,92.89,92.33,93.51,92.38,92.51,93.90,97.18,97.57,97.11,96.85,97.38,99.34,105.66,106.68,107.48,107.48,106.77,107.27,106.10,109.64,103.94,104.22,106.71,110.17,109.69,106.14,104.57,100.90,103.00,109.16,108.12,114.07,114.53,113.05,108.69,112.82,112.36,108.10,112.44,110.66,103.52,110.97,111.04,110.43,111.04,106.82,107.04,113.17,113.17,104.36,105.08,103.47,104.60,112.68,106.72,114.26
Producto,0.000326666,01192100,SALSA DE TOMATE,87.65,87.65,87.65,87.65,87.76,87.74,87.74,87.74,87.74,87.74,87.74,87.74,87.74,87.74,87.32,87.32,89.12,89.39,89.63,89.63,89.63,89.24,91.01,92.12,89.21,88.51,88.71,88.33,90.14,87.17,87.75,87.29,87.72,87.15,87.23,89.08,87.23,87.23,87.23,87.81,87.81,87.81,88.90,89.28,89.94,88.42,89.39,88.18,88.56,87.98,88.56,88.56,88.56,88.94,90.37,90.46,91.83,91.83,91.83,91.83,91.46,91.46,91.46,91.46,91.46,91.46,91.46,91.46,91.46,91.46,89.04,88.49,88.49,88.77,84.16,87.12,87.12,89.27,89.27,89.27,85.35,88.61,88.61,90.56,90.56,90.56,90.56,90.72,92.19,92.19,88.85,90.20,93.02,98.68,97.27,98.11,98.11,95.73,100.48,95.35,102.43,105.23,99.41,105.83,108.50,108.50,109.47,105.70,106.77,102.24,100.54,100.59,100.47,105.10,105.32,104.78,103.94,101.49,101.49,101.49,96.19,95.36,96.19,101.95,102.11,96.19,95.36,104.23,102.84,105.44,97.63,92.90,99.64,99.64,99.00,100.06,106.38,99.64
Producto,0.000100739,01192101,MOSTAZA,104.52,104.52,104.52,104.52,105.55,105.55,108.51,110.81,110.81,110.81,110.81,110.81,111.90,111.90,111.90,111.90,111.90,113.93,114.67,114.67,114.67,114.32,115.19,115.19,104.88,115.19,115.19,115.81,115.81,112.83,112.83,112.83,112.73,112.73,112.73,112.73,112.73,112.73,112.73,113.53,103.70,118.73,118.73,118.73,114.96,114.96,114.96,118.73,118.73,115.95,114.01,116.24,116.24,115.79,115.79,115.79,118.16,117.71,117.71,117.71,117.71,117.71,117.71,117.71,118.03,118.03,117.45,117.45,117.45,117.45,117.45,117.45,120.06,113.45,114.24,117.45,117.45,117.45,115.48,115.48,112.37,115.76,115.34,114.52,114.94,115.36,115.36,116.34,116.34,116.34,116.43,113.55,118.81,116.79,118.66,127.33,129.25,127.33,127.33,132.06,136.02,136.02,136.02,136.02,136.02,136.02,133.18,130.98,129.17,135.99,135.99,139.01,136.41,136.31,134.43,139.42,139.42,139.42,140.58,137.72,135.98,135.98,138.81,138.37,138.37,139.03,137.97,138.37,136.65,136.65,136.65,133.17,133.13,131.00,135.13,133.57,143.05,135.89
Producto,0.000427693,01192102,ALIÑOS PREPARADOS,99.85,99.85,99.85,101.22,103.74,106.03,106.03,110.02,117.98,118.88,118.88,118.88,111.00,111.27,109.57,109.57,109.57,109.90,109.90,109.90,112.00,112.00,97.92,110.62,110.62,110.62,110.62,110.22,110.22,108.37,108.37,108.77,109.50,109.79,109.79,109.38,108.67,108.67,108.67,108.67,107.28,107.28,107.28,107.28,107.28,107.28,107.28,107.28,107.28,107.28,107.28,107.28,107.28,107.28,107.28,107.28,107.28,107.28,99.13,99.13,107.28,107.95,107.95,109.07,107.95,107.95,107.95,107.95,107.95,107.95,107.95,107.95,107.95,107.95,108.66,108.66,108.66,108.66,108.66,108.66,107.49,108.66,108.66,108.66,110.59,110.59,110.59,110.59,110.59,110.59,108.66,108.66,110.59,110.59,110.59,110.59,111.78,111.78,110.59,101.66,106.80,106.80,106.80,109.05,112.92,112.92,112.92,108.02,111.42,111.42,111.42,115.70,116.88,116.75,111.66,114.91,114.91,114.33,114.33,114.33,114.33,115.11,115.11,115.11,112.96,112.96,109.40,108.26,109.40,111.81,113.67,110.37,112.44,112.34,112.34,113.67,108.35,110.65
Producto,0.00045254,01192103,CONDIMENTOS PROCESADOS,98.50,101.58,100.16,99.26,99.44,100.33,103.48,105.49,105.79,107.28,108.28,108.28,108.28,108.28,108.28,110.92,110.92,121.24,121.24,119.41,118.78,116.13,105.15,112.68,122.05,119.40,120.10,124.03,124.03,117.48,117.48,117.48,117.92,115.57,115.57,119.17,113.45,115.57,127.24,127.24,117.58,123.81,110.02,125.58,119.08,119.08,126.70,120.59,120.59,119.89,111.87,104.25,118.38,118.38,118.38,111.87,119.03,126.79,126.79,121.32,126.79,126.79,126.79,124.88,125.44,126.13,127.09,123.99,124.21,125.19,125.82,129.21,126.15,127.42,127.11,121.77,127.11,125.63,126.70,130.62,131.57,129.52,128.99,129.30,127.61,126.29,135.14,136.99,134.65,138.35,143.48,145.15,145.15,143.97,145.15,144.74,144.74,145.15,140.78,139.82,145.15,143.19,141.55,145.15,145.15,151.09,148.14,137.23,135.43,136.13,132.71,145.59,135.59,147.66,139.32,144.87,147.61,144.19,149.11,146.19,147.90,145.37,147.27,140.33,153.85,148.00,147.32,147.13,154.94,148.90,154.17,149.08,157.03,157.03,146.64,143.96,147.47,155.82
Subclase,0.001490556,01193,Preparados alimenticios,103.86,103.86,103.92,103.94,104.24,104.27,104.21,105.17,105.39,105.39,105.39,105.39,103.08,104.42,104.53,104.53,104.53,108.34,108.45,108.45,110.08,110.08,110.25,107.66,108.35,107.81,109.46,107.74,108.04,106.75,106.72,105.58,107.77,109.21,108.14,108.64,108.64,108.01,106.78,105.39,110.22,108.39,103.06,109.46,109.01,106.08,109.63,109.60,106.72,108.17,107.15,108.85,104.99,108.89,108.54,109.40,109.46,110.49,110.49,110.49,111.59,109.07,109.07,110.85,110.92,111.37,110.67,113.03,114.17,115.80,115.81,115.92,115.17,115.49,115.07,113.80,113.71,113.65,114.52,112.79,112.86,110.85,109.96,114.52,112.91,112.04,108.86,113.70,112.21,113.36,114.87,117.49,122.41,124.14,124.50,124.52,125.20,125.27,128.16,127.63,128.35,128.50,128.21,127.94,128.77,129.17,129.65,129.94,130.53,129.67,129.72,134.49,134.17,136.04,136.32,136.37,136.19,136.38,129.94,137.51,136.18,136.21,136.12,134.36,134.58,133.84,137.40,136.93,136.95,137.42,137.61,137.69,138.01,137.90,136.03,134.73,134.03,135.02
Producto,0.000445471,01193104,GELATINA EN POLVO,109.13,109.13,109.13,109.13,109.99,109.61,109.61,108.75,109.16,109.16,109.16,109.16,109.55,111.27,111.27,111.27,111.27,115.93,115.93,115.93,116.93,116.93,117.43,113.06,115.08,115.08,114.58,113.98,113.98,113.13,113.23,113.23,113.23,113.23,113.23,114.65,114.65,114.65,111.15,117.95,117.95,112.73,112.73,115.80,115.80,116.29,115.80,117.79,115.80,115.80,110.84,115.80,115.80,115.80,115.09,115.09,112.16,115.09,115.09,115.09,115.09,115.09,115.09,115.31,117.14,118.59,116.69,125.37,122.31,123.53,123.53,123.53,123.53,121.27,121.27,121.78,121.78,121.78,123.95,123.74,123.74,118.23,123.85,123.85,123.85,121.37,121.89,125.08,120.99,124.24,124.24,121.28,122.28,127.37,128.51,128.51,128.51,128.51,128.51,128.51,128.51,128.51,127.37,127.37,127.52,127.52,129.83,128.57,130.24,124.28,128.14,131.34,130.74,130.74,131.33,131.33,130.60,131.14,131.50,130.53,130.53,130.53,130.18,131.52,132.31,130.19,130.10,128.77,128.77,130.10,130.64,130.81,130.81,130.64,125.26,122.53,120.55,123.20
Producto,7.86191E-05,01193105,ALIMENTOS PREPARADOS PARA BEBÉ,112.66,112.66,116.89,118.16,118.16,129.07,124.85,133.91,139.25,139.25,139.25,139.25,139.46,139.46,146.97,146.97,146.97,149.58,149.58,149.58,149.58,149.58,149.58,149.58,148.69,148.69,148.69,149.58,154.67,141.56,136.82,136.82,136.82,136.82,136.82,136.82,136.82,131.43,131.43,136.82,136.82,136.82,136.82,136.82,136.82,132.69,136.82,129.43,138.34,138.34,138.34,136.22,138.34,138.34,131.87,131.87,138.34,138.34,138.34,138.34,138.34,134.61,134.61,132.96,133.29,129.35,127.20,127.90,127.90,133.24,134.25,134.25,134.25,134.25,131.23,134.61,128.37,124.49,132.09,131.05,130.06,125.37,128.83,128.83,131.05,131.05,131.05,132.09,128.75,128.75,128.75,128.75,128.75,125.36,122.21,123.49,126.16,130.41,130.41,126.78,126.78,115.84,123.05,126.38,126.28,126.28,124.68,122.46,122.46,127.28,123.88,128.86,121.26,119.70,120.31,123.69,128.79,128.79,124.90,124.51,125.39,126.95,129.50,129.50,125.80,125.80,126.83,126.83,128.16,128.16,128.16,129.74,129.74,126.52,127.76,125.80,125.80,129.87
Producto,0.000966466,01193106,SNACKS,100.74,100.74,100.74,100.74,100.74,100.74,100.74,102.52,102.52,102.52,102.52,102.52,98.65,99.82,99.82,99.82,99.82,103.18,103.36,103.36,105.37,105.37,105.37,103.69,103.69,102.84,105.71,103.31,103.67,102.41,102.41,100.61,104.07,106.35,104.65,104.65,104.65,103.79,103.79,97.71,105.32,105.32,96.92,105.32,104.60,99.81,105.59,104.60,100.96,103.25,104.38,104.38,98.23,104.38,104.38,105.72,107.29,107.29,107.29,107.29,109.02,105.15,105.15,107.86,106.95,106.95,106.95,105.85,109.34,111.11,111.11,111.28,110.10,111.86,111.26,108.90,108.90,108.90,108.90,106.31,106.43,106.43,101.84,109.02,106.43,106.43,101.14,106.97,106.97,106.97,109.36,115.12,122.33,122.33,122.33,122.33,123.35,123.35,127.91,127.17,128.29,128.79,128.79,128.29,129.53,130.16,129.67,130.87,130.87,132.71,130.73,136.37,136.37,139.35,139.45,139.45,139.45,139.45,129.19,141.68,139.56,139.56,139.56,136.05,136.05,136.05,141.68,141.68,141.68,141.68,141.68,141.68,142.19,142.19,142.19,141.68,141.68,141.68
Grupo,0.024968117,012,Bebidas no alcohólicas,100.52,101.31,101.97,101.61,102.26,102.51,102.92,104.15,103.05,104.03,104.11,103.83,104.01,105.08,104.92,105.15,105.45,110.48,111.69,109.27,110.17,110.25,107.35,109.58,109.66,110.88,110.62,110.91,111.76,106.62,107.02,106.55,106.43,107.07,108.01,110.86,110.42,109.31,109.27,110.19,111.13,111.16,110.70,110.18,110.90,110.43,109.75,109.53,108.55,110.24,110.09,110.82,110.37,109.65,109.87,110.00,110.09,109.68,108.41,108.59,108.84,109.40,109.42,109.22,109.17,108.47,108.48,107.15,106.43,107.88,107.51,108.00,107.94,107.80,107.98,107.61,107.08,106.22,107.54,107.21,106.35,108.39,109.15,109.56,109.40,109.90,110.20,111.95,111.64,111.92,111.91,112.63,113.90,115.16,115.01,115.79,115.10,114.27,115.16,115.06,116.42,117.73,117.55,117.24,116.76,116.53,117.91,117.97,118.50,116.93,117.39,119.86,121.26,121.04,120.45,121.95,122.50,122.47,122.76,121.97,122.54,123.29,123.44,125.63,126.19,126.69,126.35,126.46,125.55,124.40,125.50,124.96,126.37,123.98,125.04,125.59,127.56,127.12
Clase,0.002292017,0121,"Café, té y cacao (ND)",99.76,99.76,99.71,99.50,99.32,100.25,100.16,101.53,101.66,101.29,102.43,102.38,101.72,101.27,102.73,102.73,102.79,103.84,103.51,103.73,102.30,101.15,96.82,96.92,100.06,101.14,101.31,100.79,101.53,99.65,101.23,99.94,99.63,98.42,98.83,98.73,99.26,99.71,99.11,99.76,99.78,99.73,99.00,100.54,100.02,99.64,98.36,97.94,99.38,99.96,99.66,99.87,99.93,99.68,99.54,98.49,99.55,100.17,99.79,99.76,99.59,99.51,101.09,100.42,99.09,100.69,97.96,96.86,97.46,100.18,97.35,99.25,99.34,99.13,100.10,97.64,98.64,98.21,99.63,100.60,94.99,99.07,97.37,98.42,100.02,102.61,100.74,105.99,105.58,105.24,103.22,106.07,109.20,110.19,111.15,111.31,111.41,111.03,110.55,108.68,108.68,108.58,109.95,110.14,109.92,108.40,112.74,107.78,112.10,111.84,110.71,110.20,112.05,112.95,108.66,114.16,113.73,113.90,116.52,113.79,115.52,121.06,121.59,131.52,133.12,134.16,132.36,132.73,133.60,133.49,134.96,133.06,138.62,134.45,140.28,134.08,141.10,142.33
Subclase,0.002292017,01211,"Café, té y cacao",99.76,99.76,99.71,99.50,99.32,100.25,100.16,101.53,101.66,101.29,102.43,102.38,101.72,101.27,102.73,102.73,102.79,103.84,103.51,103.73,102.30,101.15,96.82,96.92,100.06,101.14,101.31,100.79,101.53,99.65,101.23,99.94,99.63,98.42,98.83,98.73,99.26,99.71,99.11,99.76,99.78,99.73,99.00,100.54,100.02,99.64,98.36,97.94,99.38,99.96,99.66,99.87,99.93,99.68,99.54,98.49,99.55,100.17,99.79,99.76,99.59,99.51,101.09,100.42,99.09,100.69,97.96,96.86,97.46,100.18,97.35,99.25,99.34,99.13,100.10,97.64,98.64,98.21,99.63,100.60,94.99,99.07,97.37,98.42,100.02,102.61,100.74,105.99,105.58,105.24,103.22,106.07,109.20,110.19,111.15,111.31,111.41,111.03,110.55,108.68,108.68,108.58,109.95,110.14,109.92,108.40,112.74,107.78,112.10,111.84,110.71,110.20,112.05,112.95,108.66,114.16,113.73,113.90,116.52,113.79,115.52,121.06,121.59,131.52,133.12,134.16,132.36,132.73,133.60,133.49,134.96,133.06,138.62,134.45,140.28,134.08,141.10,142.33
Producto,0.001295452,01211107,CAFÉ SOLUBLE,84.07,84.07,84.07,84.07,86.26,85.20,84.87,92.43,88.15,90.72,93.57,93.03,92.48,88.16,96.11,96.11,96.71,98.74,97.25,99.33,97.69,99.33,94.40,93.92,92.48,99.60,101.20,97.51,101.58,94.14,100.54,96.11,95.88,93.00,93.44,90.29,93.87,96.62,92.39,97.25,98.80,98.38,97.07,101.61,98.80,101.16,94.55,87.37,91.02,96.54,93.86,96.04,96.55,95.82,94.64,95.80,94.64,100.51,96.94,96.58,91.52,88.47,103.45,101.16,101.16,100.98,101.14,100.30,102.09,96.19,94.95,95.76,93.19,93.61,93.61,87.42,93.61,93.25,91.14,89.09,86.29,86.31,80.95,87.81,88.81,89.43,90.52,90.52,89.85,92.92,95.40,100.73,102.01,109.27,111.57,111.19,111.57,111.57,113.68,113.68,113.68,112.77,111.59,110.79,108.65,107.87,113.88,112.14,107.87,113.88,109.71,106.36,116.20,116.77,110.72,116.20,112.14,115.28,115.28,106.85,108.02,106.25,112.14,113.70,115.18,117.94,117.94,123.22,123.22,125.84,125.84,125.84,133.66,133.66,133.94,135.76,135.24,132.79
Producto,0.000278109,01211108,CAFÉ MOLIDO,102.81,102.81,102.81,102.81,102.81,102.81,102.81,102.81,102.81,102.81,103.51,103.51,103.51,103.51,103.51,103.51,103.51,104.54,104.71,104.71,104.71,99.03,93.31,93.51,100.42,100.42,100.42,100.66,100.66,99.20,100.20,99.22,99.01,99.01,99.01,99.01,99.01,99.30,99.30,99.30,99.30,99.30,99.30,99.30,99.30,99.30,98.24,99.30,99.30,99.30,99.78,100.29,100.29,99.98,99.76,99.76,100.07,100.07,100.07,100.07,100.07,100.07,100.07,100.07,97.69,100.55,96.09,96.09,96.09,99.79,95.32,97.91,97.91,100.04,101.12,98.21,98.44,97.45,100.13,102.64,96.76,101.43,99.98,99.06,101.21,106.51,103.63,111.32,110.91,109.50,106.55,112.23,115.35,115.35,116.96,116.80,116.80,116.80,116.80,116.80,116.80,116.80,116.80,116.80,116.80,116.80,121.35,114.97,121.35,121.35,118.42,122.86,122.86,122.86,116.73,122.86,122.86,122.86,125.27,125.56,127.71,133.49,133.49,147.39,151.64,151.06,149.33,149.04,149.60,149.42,149.60,148.50,157.54,151.29,161.91,150.13,163.46,163.46
Producto,0.000539868,01211109,COCOA,98.13,98.13,98.95,98.33,96.42,100.04,100.87,101.93,102.93,100.76,102.93,102.93,100.03,100.03,102.93,102.93,102.93,104.97,103.74,103.74,97.72,101.45,103.38,103.59,102.83,104.39,104.39,104.39,106.26,104.91,106.59,105.27,104.45,100.60,102.30,103.40,104.11,104.11,103.40,103.40,104.11,104.11,100.27,105.14,104.11,101.13,101.13,101.13,104.72,104.72,103.41,101.98,101.98,101.98,102.50,98.71,103.48,103.48,103.48,103.48,103.48,104.60,104.60,102.42,102.42,102.61,100.15,95.37,97.32,103.43,102.43,103.72,105.45,100.41,102.15,101.20,102.23,102.98,103.72,104.04,93.55,100.62,99.04,100.17,101.61,99.72,97.89,100.25,98.18,100.92,97.89,93.88,99.90,100.92,100.12,100.12,100.41,100.41,97.09,88.31,88.31,88.31,95.34,95.34,95.34,88.87,95.85,89.99,95.85,91.46,95.85,83.31,87.42,91.33,90.09,98.04,98.04,97.30,103.37,93.94,95.95,107.88,107.44,117.33,113.06,119.28,114.96,114.80,116.63,116.09,122.57,115.83,115.83,113.09,112.81,112.01,110.71,117.69
Producto,0.000178588,01211110,HIERBA AROMÁTICA,102.27,102.27,100.49,99.89,99.89,101.94,100.17,102.83,105.69,104.26,104.26,104.26,104.45,104.45,104.45,104.45,104.45,103.15,103.15,103.15,103.31,111.11,102.90,102.90,100.16,100.16,100.16,98.16,97.44,97.44,97.44,97.44,97.44,96.74,96.74,96.74,96.74,96.74,96.74,97.78,95.50,95.50,97.25,97.42,97.39,97.39,97.39,95.58,97.76,97.76,97.76,97.76,97.76,97.76,97.76,94.93,94.93,94.93,94.93,94.93,97.76,97.76,97.76,98.02,97.92,97.89,99.77,99.77,99.77,99.77,99.64,100.46,100.46,97.70,97.70,97.70,97.70,97.70,97.70,95.69,96.90,96.90,96.90,101.47,101.47,101.47,101.47,105.35,107.90,104.20,104.20,104.20,104.20,104.20,104.20,106.40,106.40,103.47,103.47,103.47,103.47,103.47,103.47,105.58,105.58,105.11,102.86,102.86,102.86,103.15,103.15,103.59,103.15,103.15,103.15,101.97,101.97,101.97,101.97,101.97,101.97,101.97,101.97,101.97,101.97,100.03,100.61,100.61,101.97,100.61,100.61,101.70,99.69,98.62,98.62,100.74,100.74,100.74
Clase,0.0226761,0122,"Aguas minerales, refrescos, jugos de frutas y de legumbres (ND)",100.75,101.76,102.64,102.24,103.13,103.19,103.74,104.93,103.46,104.85,104.61,104.26,104.69,106.21,105.57,105.87,106.25,112.46,114.12,110.92,112.51,112.95,110.47,113.35,112.51,113.78,113.39,113.91,114.81,108.70,108.75,108.51,108.45,109.65,110.74,114.46,113.74,112.17,112.29,113.28,114.51,114.56,114.18,113.04,114.14,113.63,113.14,112.97,111.27,113.30,113.19,114.07,113.48,112.61,112.94,113.42,113.22,112.51,110.97,111.22,111.59,112.34,111.90,111.84,112.16,110.78,111.61,110.20,109.10,110.16,110.52,110.60,110.50,110.38,110.31,110.58,109.59,108.60,109.88,109.18,109.73,111.16,112.65,112.87,112.19,112.07,113.01,113.72,113.44,113.91,114.49,114.58,115.29,116.63,116.16,117.12,116.19,115.23,116.53,116.95,118.72,120.44,119.81,119.35,118.79,118.94,119.45,120.99,120.40,118.44,119.37,122.73,123.99,123.45,123.95,124.26,125.10,125.02,124.62,124.40,124.62,123.95,123.99,123.88,124.14,124.47,124.57,124.59,123.16,121.70,122.70,122.56,122.73,120.87,120.52,123.07,123.53,122.61
Subclase,0.0226761,01221,"Aguas minerales, gaseosas, jugos de frutas ",100.75,101.76,102.64,102.24,103.13,103.19,103.74,104.93,103.46,104.85,104.61,104.26,104.69,106.21,105.57,105.87,106.25,112.46,114.12,110.92,112.51,112.95,110.47,113.35,112.51,113.78,113.39,113.91,114.81,108.70,108.75,108.51,108.45,109.65,110.74,114.46,113.74,112.17,112.29,113.28,114.51,114.56,114.18,113.04,114.14,113.63,113.14,112.97,111.27,113.30,113.19,114.07,113.48,112.61,112.94,113.42,113.22,112.51,110.97,111.22,111.59,112.34,111.90,111.84,112.16,110.78,111.61,110.20,109.10,110.16,110.52,110.60,110.50,110.38,110.31,110.58,109.59,108.60,109.88,109.18,109.73,111.16,112.65,112.87,112.19,112.07,113.01,113.72,113.44,113.91,114.49,114.58,115.29,116.63,116.16,117.12,116.19,115.23,116.53,116.95,118.72,120.44,119.81,119.35,118.79,118.94,119.45,120.99,120.40,118.44,119.37,122.73,123.99,123.45,123.95,124.26,125.10,125.02,124.62,124.40,124.62,123.95,123.99,123.88,124.14,124.47,124.57,124.59,123.16,121.70,122.70,122.56,122.73,120.87,120.52,123.07,123.53,122.61
Producto,0.008506284,01221111,AGUA EMBOTELLADA PURIFICADA,101.68,103.13,103.83,104.83,105.50,105.50,106.83,107.27,105.69,107.41,107.41,106.72,107.14,108.04,108.31,108.31,109.22,111.22,112.10,112.42,111.91,112.42,115.11,115.35,111.77,114.47,114.18,114.86,115.60,114.63,114.63,114.63,114.63,114.71,114.62,115.74,114.82,114.82,114.82,116.21,116.21,116.01,116.06,114.50,115.67,114.96,113.90,112.52,114.22,114.22,113.80,115.25,114.52,114.70,114.52,114.52,114.52,113.77,112.10,111.68,112.42,112.72,113.37,113.49,113.89,110.42,113.20,110.65,109.87,112.87,113.49,114.01,115.44,116.12,116.12,115.89,114.95,112.63,116.65,115.55,116.96,118.46,119.61,120.14,122.77,123.32,124.01,125.01,124.38,124.96,127.41,127.72,128.46,129.79,128.94,129.17,128.82,129.68,132.47,133.48,133.24,135.40,135.92,134.38,134.55,136.23,136.06,137.07,137.07,135.91,135.39,138.05,140.99,140.53,141.69,141.69,141.69,141.86,141.86,141.86,141.86,141.86,141.86,142.28,142.36,142.42,142.65,142.43,141.79,141.79,140.39,140.39,139.85,139.09,139.09,139.63,139.63,139.63
Producto,0.008539279,01221112,GASEOSA,98.70,99.48,102.53,102.53,104.71,104.71,104.71,107.79,106.83,106.83,105.84,105.62,106.66,110.46,107.76,108.81,108.81,124.24,127.44,116.14,124.39,122.33,122.33,121.79,122.77,122.77,121.97,121.97,123.68,103.51,103.69,102.95,102.95,102.19,106.10,118.47,115.67,114.92,114.92,116.40,121.16,121.16,119.72,120.02,120.16,119.42,119.78,121.00,114.38,120.49,120.49,120.49,120.49,120.64,120.64,120.78,120.02,120.02,119.40,120.78,120.02,122.23,119.87,119.87,120.22,121.13,120.78,120.78,120.78,120.93,122.38,123.25,121.33,120.14,119.91,121.18,119.10,119.10,119.67,118.97,118.97,118.97,122.40,122.40,116.14,114.89,117.45,117.85,117.85,118.66,117.14,117.14,118.15,120.64,120.22,123.34,120.55,116.15,116.15,116.15,122.20,124.70,122.20,122.54,120.46,118.51,120.56,123.96,121.83,116.47,120.56,126.05,126.05,125.15,121.22,122.84,125.39,124.67,124.82,125.66,125.66,124.82,124.82,123.81,123.66,125.21,125.42,125.42,121.47,117.27,122.10,122.57,122.90,117.53,116.04,124.69,126.15,123.31
Producto,0.001842295,01221113,BEBIDAS ENERGIZANTES E HIDRATANTES,97.60,97.60,95.42,97.60,97.60,98.03,98.03,98.11,93.88,97.72,98.03,98.03,98.20,98.20,97.71,97.71,97.71,99.51,99.31,98.10,93.99,96.11,96.11,90.86,93.78,94.93,94.61,96.33,97.15,95.68,95.68,95.68,95.25,96.50,96.72,94.94,97.58,97.58,96.81,96.81,95.74,96.81,96.81,93.28,96.81,96.81,96.02,96.51,92.26,94.64,95.18,97.33,97.73,97.73,98.05,97.15,97.19,96.98,95.61,95.90,98.09,98.09,98.22,96.62,97.23,96.30,94.35,95.13,89.38,85.90,81.38,77.92,76.87,76.18,76.18,76.18,75.77,75.64,75.33,75.33,75.06,74.79,75.20,75.20,75.12,75.12,74.56,76.06,75.87,75.87,74.22,73.93,74.89,75.59,75.59,75.47,75.47,75.47,76.62,76.62,77.30,77.19,77.19,77.19,75.89,75.89,75.89,75.89,75.97,76.10,76.10,76.80,76.93,76.12,76.26,75.16,76.13,76.54,72.94,73.78,75.54,76.44,76.80,76.80,76.93,75.89,75.49,75.49,74.67,73.87,75.60,73.49,75.88,75.60,76.15,75.27,75.74,74.72
Producto,0.003437513,01221114,JUGO DE FRUTAS,104.83,106.04,106.04,99.12,99.12,99.12,99.12,99.12,99.12,100.26,100.26,100.26,99.58,99.58,99.58,99.58,99.58,104.56,107.28,107.28,107.28,110.70,87.86,110.70,110.70,110.70,110.70,110.70,110.70,111.98,111.98,111.98,111.98,119.66,119.66,119.66,120.24,111.60,112.99,112.99,112.99,112.99,112.99,112.99,112.99,112.99,112.99,112.99,112.99,112.99,112.99,112.99,110.86,104.62,106.90,110.47,110.47,108.11,104.95,104.95,104.95,104.95,104.95,104.95,104.95,104.95,104.95,102.12,102.12,103.66,104.95,104.95,104.95,104.95,104.95,104.95,104.95,104.95,101.69,101.69,101.69,106.62,106.62,106.62,106.62,106.62,106.62,106.62,106.62,106.62,107.87,107.87,107.87,107.87,107.87,107.87,107.87,107.87,107.87,107.87,107.87,107.87,107.87,107.87,107.87,107.87,107.87,108.93,108.93,108.93,108.93,111.88,112.06,112.06,119.08,119.08,119.08,119.08,119.08,115.52,115.52,112.06,112.06,112.06,113.62,113.62,113.62,114.36,114.36,113.24,113.24,113.24,113.24,113.24,113.24,113.24,113.24,113.24
Producto,0.000350728,01221115,REFRESCOS,98.06,98.06,98.06,98.06,98.06,98.06,98.06,105.22,105.22,105.22,105.22,105.22,108.07,112.21,115.72,115.72,115.72,117.13,117.13,117.13,117.13,117.13,117.13,117.13,117.13,117.13,117.13,118.24,118.24,115.90,115.90,114.19,114.19,114.74,114.74,114.74,115.90,115.90,115.90,115.90,117.08,117.08,117.08,110.24,117.00,117.00,114.03,114.03,114.03,114.03,114.03,114.03,114.03,114.03,114.03,114.03,114.03,114.03,114.03,114.03,114.03,114.03,110.62,115.78,114.73,110.68,111.52,111.52,109.07,107.63,111.52,114.42,113.31,114.42,114.42,114.42,116.45,116.45,116.45,113.50,113.50,117.05,117.05,117.05,117.05,117.05,117.05,117.05,117.05,117.05,117.05,117.05,117.05,117.05,117.05,117.05,117.05,112.64,112.64,112.64,117.05,124.50,116.39,120.66,127.58,127.58,127.58,127.58,127.58,128.13,128.13,136.36,136.36,136.36,136.36,136.36,136.36,136.36,136.94,136.94,136.94,136.36,136.36,136.36,136.36,136.36,136.36,136.36,138.91,138.91,138.91,138.91,138.91,138.91,138.91,138.91,138.91,138.91
División,0.006556866,02,"Bebidas alcohólicas, tabaco y estupefacientes",105.51,105.97,109.79,110.44,113.24,115.20,115.20,117.59,115.75,116.25,116.25,116.95,118.60,121.13,121.13,121.13,125.79,131.07,131.65,132.27,132.11,130.79,130.55,130.53,130.43,130.66,126.61,125.82,124.73,125.48,125.59,125.80,125.97,126.01,125.83,126.59,126.66,126.64,126.53,126.09,125.54,125.52,125.30,125.30,127.08,126.89,126.74,126.71,126.90,126.81,126.73,126.73,126.48,126.27,126.30,126.39,126.39,126.49,126.11,126.54,126.34,126.90,127.19,127.64,127.44,127.28,127.29,127.73,127.73,127.73,128.10,129.34,129.43,129.23,129.21,129.24,129.16,130.50,130.62,130.03,130.44,131.10,131.04,130.95,131.29,132.92,133.05,131.21,130.96,133.52,132.97,133.42,133.92,133.42,132.97,132.61,136.20,136.72,137.66,138.10,137.89,138.14,138.15,138.05,138.09,138.18,138.28,138.14,139.10,139.49,140.08,146.12,146.08,146.84,146.76,146.54,146.97,147.57,147.63,147.76,148.80,149.47,148.69,150.74,153.38,155.50,155.53,155.41,155.34,155.17,155.02,155.31,155.15,155.48,155.54,155.90,155.78,155.78
Grupo,0.004615301,021,Bebidas alcohólicas,99.74,100.52,100.52,101.63,102.46,102.46,102.46,103.28,103.28,104.13,104.13,104.69,106.21,106.76,106.76,106.76,112.48,115.90,116.88,117.95,115.89,113.63,113.24,113.20,113.03,113.42,106.71,105.36,102.84,102.11,102.29,102.65,102.94,103.00,102.69,104.00,104.12,104.07,103.88,103.14,102.20,102.18,101.81,101.81,104.49,104.17,103.91,103.86,104.19,104.02,103.89,103.89,103.46,103.11,103.16,103.32,103.31,103.49,102.83,103.57,103.23,103.23,103.73,103.94,104.14,103.53,103.56,103.96,103.96,103.96,104.59,106.70,106.84,106.84,106.80,106.86,106.72,109.00,109.21,108.53,109.23,110.36,110.25,110.10,110.39,111.98,111.70,111.87,109.80,114.15,113.69,114.45,115.30,115.29,114.05,113.92,114.99,115.70,115.49,115.57,115.22,115.64,115.65,115.48,115.56,115.72,115.03,114.79,115.61,115.08,115.92,121.35,121.28,121.89,121.92,121.53,121.41,122.44,122.54,122.42,123.38,125.01,124.74,128.38,131.94,135.53,135.58,135.55,135.44,135.31,135.06,134.86,134.59,135.15,135.24,135.86,135.65,135.65
Clase,0.000845236,0211,Bebidas destiladas (ND),114.00,116.06,116.06,118.96,121.15,121.15,121.15,123.32,123.32,125.57,125.57,125.57,125.11,125.11,125.11,125.11,125.97,128.93,128.77,131.59,131.59,125.65,124.60,124.50,124.05,125.10,107.40,103.84,97.21,94.61,95.09,96.04,96.80,96.95,96.14,95.77,96.08,95.97,95.46,93.50,91.04,90.98,89.99,89.99,91.09,91.36,90.68,90.54,91.41,90.98,90.63,90.62,89.51,88.57,88.71,89.13,89.11,89.57,87.84,89.79,88.88,88.88,90.20,90.77,91.28,89.67,89.75,90.80,90.80,90.80,89.95,89.29,89.68,89.68,89.57,89.72,89.35,90.36,90.93,89.14,90.97,91.23,90.94,90.54,91.31,91.83,91.10,91.55,91.85,91.76,90.54,92.54,94.78,94.76,91.47,91.14,93.95,95.85,95.28,95.49,94.56,95.67,95.71,95.26,95.46,95.88,94.07,93.44,95.59,93.43,93.09,94.73,94.55,96.00,96.07,95.07,94.74,95.74,95.99,95.68,96.48,95.87,95.14,95.13,95.83,96.02,96.16,96.07,95.77,95.44,94.78,94.25,93.53,95.00,95.26,96.87,96.34,96.34
Subclase,0.000845236,02111,Bebidas destiladas,114.00,116.06,116.06,118.96,121.15,121.15,121.15,123.32,123.32,125.57,125.57,125.57,125.11,125.11,125.11,125.11,125.97,128.93,128.77,131.59,131.59,125.65,124.60,124.50,124.05,125.10,107.40,103.84,97.21,94.61,95.09,96.04,96.80,96.95,96.14,95.77,96.08,95.97,95.46,93.50,91.04,90.98,89.99,89.99,91.09,91.36,90.68,90.54,91.41,90.98,90.63,90.62,89.51,88.57,88.71,89.13,89.11,89.57,87.84,89.79,88.88,88.88,90.20,90.77,91.28,89.67,89.75,90.80,90.80,90.80,89.95,89.29,89.68,89.68,89.57,89.72,89.35,90.36,90.93,89.14,90.97,91.23,90.94,90.54,91.31,91.83,91.10,91.55,91.85,91.76,90.54,92.54,94.78,94.76,91.47,91.14,93.95,95.85,95.28,95.49,94.56,95.67,95.71,95.26,95.46,95.88,94.07,93.44,95.59,93.43,93.09,94.73,94.55,96.00,96.07,95.07,94.74,95.74,95.99,95.68,96.48,95.87,95.14,95.13,95.83,96.02,96.16,96.07,95.77,95.44,94.78,94.25,93.53,95.00,95.26,96.87,96.34,96.34
Producto,0.000432603,02111116,AGUARDIENTE DE CAÑA,120.97,123.02,123.02,125.15,127.55,127.55,127.55,127.55,127.55,127.55,127.55,127.55,127.55,127.55,127.55,127.55,127.55,129.61,130.73,136.28,136.28,134.72,132.66,132.66,132.66,134.72,134.72,133.56,133.56,131.70,131.67,132.84,133.15,133.46,132.49,132.49,132.49,132.49,132.49,132.49,132.17,132.17,132.17,132.17,132.17,132.17,132.17,132.17,132.17,132.17,132.17,132.17,130.71,130.71,130.71,130.71,130.71,130.71,127.30,131.66,130.71,130.71,130.71,130.71,131.94,131.77,131.63,133.43,133.43,133.43,132.49,132.49,132.49,132.49,132.49,132.49,132.49,132.49,132.49,131.90,131.90,131.90,131.90,131.90,135.02,135.02,132.73,132.73,132.73,132.73,130.42,133.13,135.68,135.68,130.05,130.05,131.60,132.49,133.06,133.06,132.20,133.50,133.50,133.50,133.50,134.82,133.40,133.40,136.24,134.84,134.84,138.27,138.27,138.61,138.75,138.75,138.10,138.10,138.10,138.10,139.43,138.23,136.91,137.64,137.64,137.64,137.95,138.92,138.92,138.92,138.92,138.92,138.67,138.67,138.67,139.79,140.39,140.39
Producto,0.000412633,02111117,WHISKY,106.84,108.90,108.90,112.60,114.58,114.58,114.58,118.97,118.97,123.54,123.54,123.54,122.61,122.61,122.61,122.61,124.34,128.23,126.77,126.77,126.77,116.33,116.33,116.12,115.21,115.21,79.33,73.32,59.87,56.52,57.52,58.25,59.46,59.46,58.82,58.06,58.70,58.47,57.44,53.47,48.81,48.69,46.69,46.69,48.91,49.45,48.08,47.79,49.55,48.69,47.98,47.95,47.20,45.31,45.58,46.43,46.39,47.32,47.32,46.78,45.93,45.93,48.59,49.76,49.52,46.44,46.74,47.04,47.04,47.04,46.27,44.93,45.71,45.71,45.49,45.80,45.06,47.10,48.26,45.24,48.95,49.48,48.89,48.07,46.42,47.48,48.36,49.27,49.87,49.68,49.58,50.86,52.78,52.73,51.86,51.17,55.29,58.22,56.49,56.90,55.91,56.81,56.90,55.98,56.39,55.89,53.68,52.41,53.85,50.90,50.21,50.03,49.66,52.24,52.24,50.21,50.21,52.24,52.75,52.13,52.37,52.37,52.24,51.48,52.89,53.28,53.24,52.07,51.47,50.80,49.45,48.38,47.17,50.16,50.68,52.80,51.11,51.11
Clase,0.003770064,0213,Cerveza (ND),91.03,91.03,91.03,91.03,91.03,91.03,91.03,91.03,91.03,91.03,91.03,91.92,94.65,95.54,95.54,95.54,104.24,107.94,109.61,109.61,106.29,106.29,106.29,106.29,106.29,106.29,106.29,106.29,106.29,106.70,106.70,106.70,106.70,106.70,106.70,109.03,109.03,109.03,109.03,109.03,109.03,109.03,109.03,109.03,112.68,112.00,112.00,112.00,112.00,112.00,112.00,112.00,112.00,112.00,112.00,112.00,112.00,112.00,112.00,112.00,112.00,112.00,112.00,112.00,112.00,112.00,112.00,112.00,112.00,112.00,113.54,117.34,117.34,117.34,117.34,117.34,117.34,120.39,120.39,120.39,120.39,122.05,122.05,122.05,122.05,124.29,124.29,124.29,120.78,127.84,127.84,127.84,127.84,127.84,127.84,127.84,127.84,127.84,127.84,127.84,127.84,127.84,127.84,127.84,127.84,127.84,127.84,127.84,127.84,128.31,129.87,137.62,137.62,137.71,137.71,137.71,137.71,138.76,138.76,138.76,139.82,142.83,142.83,148.70,154.02,159.69,159.69,159.69,159.69,159.69,159.69,159.69,159.69,159.69,159.69,159.69,159.69,159.69
Subclase,0.003770064,02131,Cerveza,91.03,91.03,91.03,91.03,91.03,91.03,91.03,91.03,91.03,91.03,91.03,91.92,94.65,95.54,95.54,95.54,104.24,107.94,109.61,109.61,106.29,106.29,106.29,106.29,106.29,106.29,106.29,106.29,106.29,106.70,106.70,106.70,106.70,106.70,106.70,109.03,109.03,109.03,109.03,109.03,109.03,109.03,109.03,109.03,112.68,112.00,112.00,112.00,112.00,112.00,112.00,112.00,112.00,112.00,112.00,112.00,112.00,112.00,112.00,112.00,112.00,112.00,112.00,112.00,112.00,112.00,112.00,112.00,112.00,112.00,113.54,117.34,117.34,117.34,117.34,117.34,117.34,120.39,120.39,120.39,120.39,122.05,122.05,122.05,122.05,124.29,124.29,124.29,120.78,127.84,127.84,127.84,127.84,127.84,127.84,127.84,127.84,127.84,127.84,127.84,127.84,127.84,127.84,127.84,127.84,127.84,127.84,127.84,127.84,128.31,129.87,137.62,137.62,137.71,137.71,137.71,137.71,138.76,138.76,138.76,139.82,142.83,142.83,148.70,154.02,159.69,159.69,159.69,159.69,159.69,159.69,159.69,159.69,159.69,159.69,159.69,159.69,159.69
Producto,0.003770064,02131118,CERVEZA ENVASADA,91.03,91.03,91.03,91.03,91.03,91.03,91.03,91.03,91.03,91.03,91.03,91.92,94.65,95.54,95.54,95.54,104.24,107.94,109.61,109.61,106.29,106.29,106.29,106.29,106.29,106.29,106.29,106.29,106.29,106.70,106.70,106.70,106.70,106.70,106.70,109.03,109.03,109.03,109.03,109.03,109.03,109.03,109.03,109.03,112.68,112.00,112.00,112.00,112.00,112.00,112.00,112.00,112.00,112.00,112.00,112.00,112.00,112.00,112.00,112.00,112.00,112.00,112.00,112.00,112.00,112.00,112.00,112.00,112.00,112.00,113.54,117.34,117.34,117.34,117.34,117.34,117.34,120.39,120.39,120.39,120.39,122.05,122.05,122.05,122.05,124.29,124.29,124.29,120.78,127.84,127.84,127.84,127.84,127.84,127.84,127.84,127.84,127.84,127.84,127.84,127.84,127.84,127.84,127.84,127.84,127.84,127.84,127.84,127.84,128.31,129.87,137.62,137.62,137.71,137.71,137.71,137.71,138.76,138.76,138.76,139.82,142.83,142.83,148.70,154.02,159.69,159.69,159.69,159.69,159.69,159.69,159.69,159.69,159.69,159.69,159.69,159.69,159.69
Grupo,0.001941565,022,Tabaco,113.77,113.77,123.07,123.07,128.69,133.45,133.45,138.08,133.61,133.61,133.61,134.52,136.35,141.72,141.72,141.72,144.86,152.80,152.80,152.80,155.36,155.36,155.36,155.36,155.36,155.36,155.13,155.13,156.09,158.97,158.97,158.97,158.97,158.97,158.97,158.97,158.97,158.97,158.97,158.97,158.97,158.97,158.97,158.97,159.45,159.45,159.45,159.45,159.45,159.45,159.45,159.45,159.45,159.45,159.45,159.45,159.45,159.45,159.45,159.45,159.45,160.82,160.82,161.58,160.82,161.30,161.30,161.79,161.79,161.79,161.79,161.79,161.79,161.30,161.30,161.30,161.30,161.30,161.30,160.82,160.82,160.82,160.82,160.82,161.23,162.93,163.64,158.91,161.28,161.28,160.59,160.59,160.59,159.40,160.09,159.40,166.59,166.83,169.41,170.37,170.37,170.37,170.37,170.37,170.37,170.37,171.58,171.58,172.76,174.46,174.71,181.60,181.60,182.60,182.37,182.37,183.58,183.58,183.58,184.07,185.23,184.50,183.01,182.77,184.10,184.10,184.10,183.86,183.86,183.61,183.61,184.62,184.62,184.62,184.62,184.62,184.62,184.62
Clase,0.001941565,0221,Tabaco (ND),113.77,113.77,123.07,123.07,128.69,133.45,133.45,138.08,133.61,133.61,133.61,134.52,136.35,141.72,141.72,141.72,144.86,152.80,152.80,152.80,155.36,155.36,155.36,155.36,155.36,155.36,155.13,155.13,156.09,158.97,158.97,158.97,158.97,158.97,158.97,158.97,158.97,158.97,158.97,158.97,158.97,158.97,158.97,158.97,159.45,159.45,159.45,159.45,159.45,159.45,159.45,159.45,159.45,159.45,159.45,159.45,159.45,159.45,159.45,159.45,159.45,160.82,160.82,161.58,160.82,161.30,161.30,161.79,161.79,161.79,161.79,161.79,161.79,161.30,161.30,161.30,161.30,161.30,161.30,160.82,160.82,160.82,160.82,160.82,161.23,162.93,163.64,158.91,161.28,161.28,160.59,160.59,160.59,159.40,160.09,159.40,166.59,166.83,169.41,170.37,170.37,170.37,170.37,170.37,170.37,170.37,171.58,171.58,172.76,174.46,174.71,181.60,181.60,182.60,182.37,182.37,183.58,183.58,183.58,184.07,185.23,184.50,183.01,182.77,184.10,184.10,184.10,183.86,183.86,183.61,183.61,184.62,184.62,184.62,184.62,184.62,184.62,184.62
Subclase,0.001941565,02211,Tabaco,113.77,113.77,123.07,123.07,128.69,133.45,133.45,138.08,133.61,133.61,133.61,134.52,136.35,141.72,141.72,141.72,144.86,152.80,152.80,152.80,155.36,155.36,155.36,155.36,155.36,155.36,155.13,155.13,156.09,158.97,158.97,158.97,158.97,158.97,158.97,158.97,158.97,158.97,158.97,158.97,158.97,158.97,158.97,158.97,159.45,159.45,159.45,159.45,159.45,159.45,159.45,159.45,159.45,159.45,159.45,159.45,159.45,159.45,159.45,159.45,159.45,160.82,160.82,161.58,160.82,161.30,161.30,161.79,161.79,161.79,161.79,161.79,161.79,161.30,161.30,161.30,161.30,161.30,161.30,160.82,160.82,160.82,160.82,160.82,161.23,162.93,163.64,158.91,161.28,161.28,160.59,160.59,160.59,159.40,160.09,159.40,166.59,166.83,169.41,170.37,170.37,170.37,170.37,170.37,170.37,170.37,171.58,171.58,172.76,174.46,174.71,181.60,181.60,182.60,182.37,182.37,183.58,183.58,183.58,184.07,185.23,184.50,183.01,182.77,184.10,184.10,184.10,183.86,183.86,183.61,183.61,184.62,184.62,184.62,184.62,184.62,184.62,184.62
Producto,0.001941565,02211119,CIGARRILLOS,113.77,113.77,123.07,123.07,128.69,133.45,133.45,138.08,133.61,133.61,133.61,134.52,136.35,141.72,141.72,141.72,144.86,152.80,152.80,152.80,155.36,155.36,155.36,155.36,155.36,155.36,155.13,155.13,156.09,158.97,158.97,158.97,158.97,158.97,158.97,158.97,158.97,158.97,158.97,158.97,158.97,158.97,158.97,158.97,159.45,159.45,159.45,159.45,159.45,159.45,159.45,159.45,159.45,159.45,159.45,159.45,159.45,159.45,159.45,159.45,159.45,160.82,160.82,161.58,160.82,161.30,161.30,161.79,161.79,161.79,161.79,161.79,161.79,161.30,161.30,161.30,161.30,161.30,161.30,160.82,160.82,160.82,160.82,160.82,161.23,162.93,163.64,158.91,161.28,161.28,160.59,160.59,160.59,159.40,160.09,159.40,166.59,166.83,169.41,170.37,170.37,170.37,170.37,170.37,170.37,170.37,171.58,171.58,172.76,174.46,174.71,181.60,181.60,182.60,182.37,182.37,183.58,183.58,183.58,184.07,185.23,184.50,183.01,182.77,184.10,184.10,184.10,183.86,183.86,183.61,183.61,184.62,184.62,184.62,184.62,184.62,184.62,184.62
División,0.076937341,03,Prendas de vestir y calzado,99.29,99.52,99.93,100.32,100.20,100.06,100.18,100.67,100.92,100.55,100.59,100.57,100.65,100.70,100.76,100.84,100.29,101.18,101.59,101.71,101.63,101.55,101.51,99.78,100.33,100.78,100.94,101.03,100.97,99.75,99.78,99.77,99.21,99.08,98.95,99.17,99.08,98.94,98.99,99.02,98.96,98.96,98.74,98.76,98.76,98.59,98.72,98.72,98.72,98.51,98.39,98.26,98.33,98.32,98.22,98.19,97.30,97.25,97.16,97.06,97.26,97.06,96.97,95.47,97.11,95.66,95.64,95.07,95.33,95.59,95.54,95.63,95.71,95.54,95.54,95.39,95.47,95.44,95.89,95.88,95.67,95.68,95.01,94.80,94.99,95.46,95.84,95.98,96.80,96.83,96.31,96.12,96.89,96.93,96.72,96.67,97.18,97.23,96.99,97.04,96.14,96.16,95.85,95.81,95.26,95.41,96.56,96.58,96.50,96.72,96.60,97.43,97.32,97.61,97.38,96.99,96.91,96.76,96.57,96.11,95.79,96.22,96.19,95.77,95.53,95.72,95.77,96.33,95.41,94.17,94.22,94.09,93.99,94.13,93.75,93.21,93.25,92.86
Grupo,0.053402171,031,Prendas de vestir,98.71,99.02,99.35,99.93,100.10,99.59,99.83,100.45,101.29,101.01,101.07,101.05,100.98,101.27,101.35,101.48,100.98,101.94,102.36,102.67,102.52,102.52,102.53,100.78,101.42,101.84,101.84,102.05,102.00,101.25,101.31,101.26,100.75,100.57,100.54,100.71,100.62,100.64,100.64,100.67,100.70,100.74,100.81,100.90,100.95,100.77,100.76,100.71,100.66,100.80,100.83,100.77,101.12,101.12,101.06,101.13,100.19,100.19,100.06,100.05,100.26,100.14,100.14,98.49,100.51,99.08,99.05,98.68,99.24,99.30,99.17,99.20,99.25,99.11,99.08,98.98,99.13,99.22,99.43,99.57,99.39,99.76,99.42,98.77,98.73,99.31,99.67,99.91,100.68,100.78,100.10,99.77,100.27,100.24,99.92,100.11,100.54,100.69,100.39,100.47,99.09,99.11,98.63,98.53,98.50,98.34,99.79,99.84,99.73,99.88,99.76,100.51,100.50,100.77,100.23,99.88,99.77,99.52,99.35,98.75,98.29,98.73,98.80,97.99,97.61,97.76,98.01,98.95,98.35,97.14,97.21,97.09,96.74,96.96,96.64,96.21,96.04,95.54
Clase,0.000806271,0311,Materiales para prendas de vestir (SD),95.12,95.12,95.12,95.12,95.91,97.29,97.29,97.29,97.82,98.45,98.45,98.45,101.78,101.78,101.78,101.78,101.39,100.97,100.97,108.22,106.56,106.56,106.56,106.56,106.56,106.56,108.20,109.88,109.60,110.54,110.54,110.54,110.54,109.60,108.20,108.20,108.20,108.20,108.20,108.20,109.03,109.03,109.03,109.03,109.03,109.03,109.03,109.03,109.03,109.03,109.03,109.03,109.62,109.62,109.62,109.62,109.62,109.62,109.62,109.62,109.62,109.62,109.62,109.62,109.62,109.62,109.62,109.62,109.62,109.62,109.62,109.62,109.62,109.62,109.62,109.62,109.62,109.62,109.02,109.02,109.02,109.57,109.57,109.57,110.79,110.79,109.12,109.43,109.43,113.78,113.78,113.27,114.03,114.03,114.03,114.03,114.03,111.97,111.97,111.97,112.48,112.48,110.41,110.41,111.84,111.84,111.84,111.84,111.84,110.41,110.41,111.21,110.96,112.79,112.46,112.46,112.46,112.46,112.46,112.46,110.39,110.39,110.80,110.80,110.80,110.80,112.23,116.01,114.32,114.32,116.07,116.07,115.52,114.04,114.04,114.04,114.04,115.17
Subclase,0.000806271,03111,"Materiales para prendas de vestir (telas, tejidos)",95.12,95.12,95.12,95.12,95.91,97.29,97.29,97.29,97.82,98.45,98.45,98.45,101.78,101.78,101.78,101.78,101.39,100.97,100.97,108.22,106.56,106.56,106.56,106.56,106.56,106.56,108.20,109.88,109.60,110.54,110.54,110.54,110.54,109.60,108.20,108.20,108.20,108.20,108.20,108.20,109.03,109.03,109.03,109.03,109.03,109.03,109.03,109.03,109.03,109.03,109.03,109.03,109.62,109.62,109.62,109.62,109.62,109.62,109.62,109.62,109.62,109.62,109.62,109.62,109.62,109.62,109.62,109.62,109.62,109.62,109.62,109.62,109.62,109.62,109.62,109.62,109.62,109.62,109.02,109.02,109.02,109.57,109.57,109.57,110.79,110.79,109.12,109.43,109.43,113.78,113.78,113.27,114.03,114.03,114.03,114.03,114.03,111.97,111.97,111.97,112.48,112.48,110.41,110.41,111.84,111.84,111.84,111.84,111.84,110.41,110.41,111.21,110.96,112.79,112.46,112.46,112.46,112.46,112.46,112.46,110.39,110.39,110.80,110.80,110.80,110.80,112.23,116.01,114.32,114.32,116.07,116.07,115.52,114.04,114.04,114.04,114.04,115.17
Producto,0.000806271,03111120,TELAS PARA CONFECCIÓN,95.12,95.12,95.12,95.12,95.91,97.29,97.29,97.29,97.82,98.45,98.45,98.45,101.78,101.78,101.78,101.78,101.39,100.97,100.97,108.22,106.56,106.56,106.56,106.56,106.56,106.56,108.20,109.88,109.60,110.54,110.54,110.54,110.54,109.60,108.20,108.20,108.20,108.20,108.20,108.20,109.03,109.03,109.03,109.03,109.03,109.03,109.03,109.03,109.03,109.03,109.03,109.03,109.62,109.62,109.62,109.62,109.62,109.62,109.62,109.62,109.62,109.62,109.62,109.62,109.62,109.62,109.62,109.62,109.62,109.62,109.62,109.62,109.62,109.62,109.62,109.62,109.62,109.62,109.02,109.02,109.02,109.57,109.57,109.57,110.79,110.79,109.12,109.43,109.43,113.78,113.78,113.27,114.03,114.03,114.03,114.03,114.03,111.97,111.97,111.97,112.48,112.48,110.41,110.41,111.84,111.84,111.84,111.84,111.84,110.41,110.41,111.21,110.96,112.79,112.46,112.46,112.46,112.46,112.46,112.46,110.39,110.39,110.80,110.80,110.80,110.80,112.23,116.01,114.32,114.32,116.07,116.07,115.52,114.04,114.04,114.04,114.04,115.17
Clase,0.049857457,0312,Prendas de vestir (SD),98.74,99.12,99.48,100.10,100.21,99.60,99.87,100.56,101.41,101.06,101.16,101.12,101.05,101.33,101.43,101.56,101.06,102.13,102.59,102.77,102.61,102.62,102.63,100.72,101.42,101.83,101.78,101.96,102.00,101.20,101.26,101.18,100.65,100.54,100.54,100.72,100.63,100.66,100.66,100.66,100.67,100.62,100.70,100.80,100.86,100.64,100.63,100.58,100.52,100.69,100.72,100.65,101.02,101.01,100.98,101.05,99.95,99.95,99.81,99.79,100.01,99.89,99.89,98.08,100.33,98.75,98.73,98.33,98.95,99.04,98.90,98.93,98.90,98.74,98.71,98.59,98.78,98.88,99.22,99.43,99.27,99.40,98.95,98.26,98.09,98.63,99.05,99.20,100.04,100.10,99.35,98.93,99.47,99.43,99.18,99.29,99.76,99.99,99.68,99.71,98.05,98.07,97.50,97.42,97.35,97.17,98.77,98.82,98.64,98.86,98.73,99.44,99.43,99.70,99.11,98.71,98.60,98.39,98.20,97.54,97.00,97.39,97.43,96.52,96.10,96.15,96.40,97.33,96.72,95.46,95.43,95.31,94.80,95.08,94.75,94.26,94.05,93.40
Subclase,0.017546651,03121,Prendas de vestir de hombres de 13 años y más,100.13,100.75,100.93,102.97,102.96,102.12,102.73,103.71,104.23,103.93,103.56,103.46,103.26,103.61,103.71,104.09,102.89,103.44,104.03,104.30,104.02,104.02,104.21,101.95,103.81,104.20,104.63,105.18,105.18,104.06,104.06,104.03,103.98,103.58,103.58,103.43,103.47,103.47,103.47,103.47,103.47,103.47,103.39,103.39,103.39,103.39,103.39,103.25,103.49,103.50,103.50,103.50,104.06,104.06,103.97,103.97,103.47,103.47,103.47,103.97,104.07,103.59,103.59,101.82,105.69,102.63,102.63,102.39,103.42,103.12,103.12,103.12,103.09,102.54,102.54,102.54,102.54,102.80,103.67,104.09,104.55,104.94,104.56,103.25,103.36,102.78,103.31,103.28,104.73,104.45,102.67,101.59,101.59,101.59,101.09,102.21,102.53,102.74,102.35,102.35,101.12,100.88,100.58,100.40,100.80,100.58,102.07,102.16,101.61,102.24,101.83,102.58,102.58,102.69,101.85,101.75,101.04,101.11,100.96,100.46,100.40,101.92,102.07,101.75,101.75,101.57,101.52,101.97,101.58,100.12,100.12,100.02,99.28,99.12,99.37,98.99,98.89,98.72
Producto,0.000998623,03121121,TERNO PARA HOMBRE ,95.56,95.56,95.56,100.54,100.54,100.54,100.54,100.54,100.54,100.54,100.54,100.54,99.46,99.46,99.46,99.46,99.46,99.46,99.46,99.46,97.14,97.14,97.14,93.23,96.07,96.07,96.07,97.80,97.80,97.80,97.80,97.80,97.80,96.35,96.35,96.35,96.35,96.35,96.35,96.35,96.35,96.35,96.35,96.35,96.35,96.35,96.35,95.32,95.32,95.32,95.32,95.32,95.32,95.32,95.32,95.32,95.32,95.32,95.32,95.32,95.32,95.32,95.32,95.32,95.32,95.32,95.32,95.32,95.32,95.32,95.32,95.32,95.32,95.32,95.32,95.32,95.32,95.32,91.84,91.84,91.84,95.53,95.53,95.53,95.53,96.82,98.59,98.59,102.02,103.70,105.76,105.76,105.76,105.76,105.76,105.76,105.76,103.70,103.70,103.70,105.76,105.76,107.15,109.05,109.05,109.05,109.05,110.26,110.26,109.32,109.32,107.23,107.23,106.74,106.74,107.23,106.74,106.74,106.74,106.74,107.23,110.60,110.60,110.60,110.60,108.86,108.86,108.86,108.86,108.86,108.86,108.86,112.03,112.03,112.03,112.03,110.60,110.60
Producto,0.001704297,03121122,CHOMPA PARA HOMBRE,105.46,105.46,105.46,105.46,103.85,105.46,106.14,104.95,104.95,103.55,104.65,104.65,104.65,104.65,104.65,107.01,104.65,104.08,105.65,105.65,104.03,104.03,104.03,102.94,103.26,103.89,107.08,106.97,106.97,106.78,106.78,106.78,106.78,106.90,106.90,101.97,101.97,101.97,101.97,101.97,101.98,101.98,101.98,101.98,101.98,101.98,101.98,100.12,100.12,101.17,101.17,101.17,101.41,101.41,101.41,101.41,101.41,101.41,101.41,104.68,104.68,104.95,104.95,104.95,104.95,104.95,104.95,104.23,103.61,102.51,102.51,102.51,103.93,105.04,105.04,105.04,105.04,105.69,105.69,105.69,104.58,104.76,102.37,102.37,102.37,102.37,103.00,101.58,102.74,101.08,101.08,94.65,94.65,94.65,92.57,99.57,99.57,98.62,95.53,95.53,92.73,92.73,91.95,89.92,89.92,89.92,92.55,92.55,92.55,91.13,90.34,90.94,90.94,90.94,89.03,89.03,88.46,88.94,88.16,85.03,84.44,85.47,86.06,85.82,85.82,85.53,86.14,86.14,86.14,84.27,84.27,84.27,82.91,82.36,83.12,81.90,81.20,78.14
Producto,0.006026933,03121123,PANTALÓN PARA HOMBRE,100.18,100.18,100.18,101.65,100.60,101.95,101.95,102.85,104.18,105.02,104.18,103.90,103.90,103.90,103.90,103.90,101.85,102.48,103.49,104.32,102.59,102.59,102.59,101.50,105.09,106.10,106.10,107.03,107.03,106.70,106.70,106.70,106.70,105.77,105.77,105.77,105.77,105.77,105.77,105.77,105.77,105.77,106.89,106.89,106.89,106.89,106.89,107.60,108.55,108.55,108.55,108.55,110.12,110.12,109.86,109.86,108.34,108.34,108.34,108.34,108.34,108.66,108.66,108.66,108.66,108.66,108.66,108.28,108.35,108.35,108.35,108.35,108.35,106.96,106.96,106.96,106.96,107.42,107.17,107.91,108.55,109.17,109.17,108.90,110.12,108.98,109.18,110.45,112.02,112.02,104.82,104.82,104.82,104.82,104.31,104.31,104.31,104.31,105.57,105.57,102.48,101.13,100.95,100.95,102.15,102.15,104.25,104.25,104.25,107.06,106.30,106.99,106.99,106.99,104.15,104.15,104.15,104.15,104.15,103.84,103.84,104.95,104.95,104.12,104.12,104.12,103.03,105.17,105.17,104.48,104.48,104.48,102.11,102.11,101.31,101.34,101.72,102.50
Producto,0.002695596,03121124,CAMISA PARA HOMBRE,103.34,108.00,109.33,116.60,119.45,109.26,109.26,113.32,113.32,113.32,110.87,110.87,110.87,113.51,113.51,113.51,112.46,115.68,115.68,115.68,119.79,119.79,119.79,116.55,114.78,114.43,114.43,112.62,112.62,112.62,112.62,111.45,110.85,110.85,110.85,110.85,110.85,110.85,110.85,110.85,110.85,110.85,110.85,110.85,110.85,110.85,110.85,110.85,110.85,110.85,110.85,110.85,110.85,110.85,110.85,110.85,110.85,110.85,110.85,108.69,108.69,105.65,105.65,105.65,105.65,104.52,104.52,104.52,104.52,104.52,104.52,104.52,104.52,102.48,102.48,102.48,102.48,102.48,108.94,108.94,108.94,107.19,107.19,108.91,107.19,107.19,107.19,106.57,109.24,110.70,115.75,115.75,115.75,115.75,115.75,115.75,115.75,115.75,115.75,115.75,115.75,115.75,115.75,115.75,115.75,114.11,114.11,114.11,114.11,114.11,114.11,114.65,114.65,114.65,113.00,112.39,112.39,112.39,112.39,112.39,112.39,116.19,116.19,116.19,116.19,116.19,116.19,116.19,116.19,116.19,116.19,116.19,118.49,117.98,117.98,117.98,117.98,117.98
Producto,0.00326054,03121125,CAMISETA PARA HOMBRE,94.35,94.35,94.35,95.57,95.57,94.35,94.35,94.35,94.35,91.86,91.86,91.86,91.86,91.86,91.86,91.86,91.86,91.86,91.86,91.86,91.86,91.86,91.86,87.85,89.03,89.03,89.03,89.03,89.03,83.96,83.96,83.96,83.96,83.96,83.96,83.96,83.96,83.96,83.96,83.96,83.96,83.96,85.24,85.24,85.24,85.24,85.24,85.24,84.82,84.82,84.82,84.82,84.82,84.81,84.81,84.81,84.81,84.81,84.81,86.44,86.44,85.08,85.08,80.94,85.08,80.95,80.95,80.95,85.08,84.30,84.30,84.30,82.70,82.70,82.70,82.70,82.70,82.70,82.70,82.70,84.20,84.20,84.20,75.12,75.12,73.26,73.26,72.43,73.14,73.14,73.14,73.14,73.14,73.14,73.14,73.14,75.12,75.12,73.20,73.20,73.20,73.20,70.90,70.90,70.90,70.90,73.20,73.20,73.20,73.87,73.87,75.52,75.52,75.52,75.52,75.52,75.52,75.52,74.66,75.33,75.33,76.93,76.93,76.93,76.93,76.93,76.93,74.84,72.33,69.68,69.68,69.04,67.23,67.23,69.68,68.47,68.47,68.47
Producto,0.000942582,03121126,MEDIAS PARA HOMBRE,98.06,98.06,98.06,98.06,102.17,102.17,102.17,108.27,109.75,110.45,110.45,110.45,108.27,108.27,110.10,110.10,110.10,110.10,110.10,110.10,110.30,110.30,110.30,109.69,117.87,117.87,116.25,116.25,116.25,117.62,117.62,117.62,117.62,117.62,117.62,117.62,117.62,117.62,117.62,117.62,117.62,117.62,117.62,117.62,117.62,117.62,117.62,117.62,117.62,117.62,117.62,117.62,117.62,117.62,117.62,117.62,117.62,117.62,117.62,117.62,117.62,117.62,117.62,110.65,117.62,117.62,117.62,117.62,117.62,117.62,117.62,117.62,117.62,117.62,117.62,117.62,117.62,117.62,124.25,127.56,127.56,127.56,127.56,127.56,127.56,127.56,127.56,127.56,127.56,127.56,123.45,122.61,122.61,122.61,122.61,122.61,122.61,123.62,123.62,123.62,123.62,127.44,130.02,130.02,130.02,130.02,130.02,130.02,130.02,130.02,130.02,131.13,131.13,133.92,135.96,135.07,135.07,135.07,135.07,135.07,135.07,140.89,141.82,141.82,141.82,141.82,141.82,141.82,141.82,138.18,138.18,138.18,138.18,138.18,138.18,138.18,138.18,138.18
Producto,0.001918079,03121127,ROPA INTERIOR PARA HOMBRE,101.18,101.18,101.18,101.18,101.18,101.18,107.17,107.17,107.17,107.17,107.84,107.84,107.84,107.84,107.84,107.84,107.84,107.84,107.84,107.84,109.96,109.96,112.28,108.44,108.44,108.44,108.44,112.86,112.86,109.83,109.83,111.31,111.69,111.69,111.69,119.53,119.93,119.93,119.93,119.93,119.93,119.93,112.06,112.06,112.06,112.06,112.06,112.06,112.06,110.11,110.11,110.11,110.11,110.11,110.11,110.11,110.11,110.11,110.11,110.11,111.30,111.30,111.30,102.48,136.43,109.44,109.44,109.44,114.82,114.82,114.82,114.82,114.82,114.82,114.82,114.82,114.82,114.82,114.82,114.82,117.01,118.32,118.32,118.32,117.41,117.41,120.06,120.06,120.06,116.08,116.08,116.08,116.08,116.08,116.08,116.08,116.08,121.72,121.72,121.72,122.71,122.71,122.71,122.71,122.71,122.71,122.71,122.71,116.08,114.83,114.49,116.75,116.75,116.75,122.89,122.89,115.82,115.82,117.15,117.15,117.15,112.88,112.88,112.88,112.88,112.88,115.43,116.33,116.33,112.71,112.71,112.71,112.71,112.71,112.71,112.71,112.71,113.52
Subclase,0.018955861,03122,Prendas de vestir de mujeres de 13 años y más,96.20,96.32,96.93,96.00,96.31,95.09,95.12,95.48,96.80,96.67,96.81,96.73,96.54,96.86,97.01,97.01,96.82,99.19,99.45,99.31,99.56,99.40,99.37,97.18,97.27,97.63,97.04,97.02,97.11,96.39,96.38,96.11,95.48,95.73,95.80,96.30,96.13,96.21,96.21,96.20,96.22,96.22,97.09,97.51,97.51,96.93,96.95,97.07,96.61,97.29,97.38,97.22,97.46,97.36,97.36,97.29,97.33,97.33,96.96,96.52,96.62,96.88,96.88,94.72,96.71,96.48,96.52,96.10,96.11,96.44,96.11,96.20,96.20,96.33,96.33,96.39,96.74,96.76,96.81,96.85,96.25,95.72,95.20,95.62,94.54,95.95,96.10,96.48,97.07,97.11,97.11,96.92,97.09,97.07,97.01,96.20,97.41,97.62,96.99,97.13,94.10,94.19,92.56,92.51,92.98,92.60,95.34,95.52,95.26,95.30,95.35,96.15,96.15,96.62,96.04,95.96,95.95,95.15,95.14,93.64,93.46,93.08,93.03,91.50,90.41,91.08,91.45,93.81,92.55,90.16,90.15,89.99,90.81,91.02,89.63,88.60,88.30,86.94
Producto,0.001951006,03122128,TERNO Y VESTIDO PARA MUJER ,89.37,89.37,89.37,81.22,81.22,77.27,79.53,78.14,78.49,78.96,79.72,79.72,79.72,80.42,80.42,80.42,80.42,81.98,81.98,81.98,81.98,81.98,81.98,80.51,81.11,81.11,81.40,81.28,81.28,81.16,81.16,81.16,80.95,80.95,80.95,81.07,80.32,80.32,80.32,80.63,80.63,80.63,80.63,80.63,80.63,79.68,79.68,79.68,79.68,79.99,79.99,79.99,79.99,79.99,79.99,79.99,80.36,80.36,79.94,79.39,79.66,79.66,79.66,79.66,79.66,79.66,79.66,79.66,79.66,79.66,78.70,78.70,78.70,78.70,78.70,78.70,79.86,79.93,79.93,79.93,77.87,75.89,75.89,78.40,78.40,75.98,75.98,77.76,78.53,78.53,79.75,79.75,79.75,79.75,79.75,79.75,79.75,79.75,79.75,79.75,74.70,74.70,72.31,72.31,73.72,73.72,75.43,74.89,75.43,75.73,75.73,75.73,75.73,75.73,75.73,75.73,75.48,75.48,75.48,75.48,75.55,70.73,70.26,68.55,68.55,68.55,68.70,69.37,69.37,64.79,64.79,64.79,66.57,66.57,64.31,66.02,64.20,63.68
Producto,0.000731584,03122129,CHOMPA PARA MUJER,78.80,80.32,80.32,81.07,81.82,79.08,79.08,78.35,78.65,78.65,78.91,78.08,80.09,80.09,79.83,79.83,79.01,76.99,76.99,76.99,73.48,72.64,72.64,72.02,71.45,71.45,69.36,68.92,68.92,68.78,68.78,70.80,70.80,69.72,69.72,69.59,69.59,69.59,69.59,69.40,69.40,69.40,69.40,67.90,67.90,67.28,67.59,67.41,67.41,67.63,67.63,65.32,59.65,58.26,58.26,57.25,57.25,57.25,57.25,57.05,57.05,56.51,56.51,51.67,56.51,55.19,56.85,56.59,56.59,55.89,55.89,55.54,55.54,56.24,56.24,56.24,56.24,56.24,56.24,56.24,56.24,52.33,52.33,52.33,52.33,52.33,53.76,53.76,54.17,54.17,54.17,52.21,52.36,52.38,52.38,51.60,52.38,53.87,50.52,51.47,49.30,49.23,48.84,48.24,47.81,47.81,48.79,48.79,48.79,48.79,48.79,49.45,49.45,49.45,48.60,48.60,48.40,48.40,48.25,48.32,48.41,47.90,48.26,47.05,47.79,47.79,46.34,46.39,46.49,46.13,45.05,44.62,44.62,44.62,44.08,43.86,43.57,43.42
Producto,0.000322062,03122130,FALDA PARA MUJER,58.84,58.84,58.84,58.84,58.84,58.84,58.84,58.84,58.84,58.84,58.84,61.52,61.52,61.52,61.52,61.52,61.52,61.52,61.52,61.52,61.52,61.52,61.52,66.11,66.11,66.11,66.11,68.61,68.61,68.40,68.40,68.40,68.40,68.40,68.40,68.40,68.40,68.40,68.40,68.40,68.40,68.40,68.40,69.61,69.61,69.61,69.61,69.61,69.61,69.61,69.61,69.61,69.61,69.61,69.61,69.61,69.61,69.61,69.61,69.61,69.61,69.61,69.61,69.61,69.61,69.61,69.61,69.61,69.61,69.61,67.53,67.53,67.53,67.53,67.53,67.53,69.61,69.61,69.61,69.61,68.05,69.20,69.20,72.60,72.60,72.60,72.60,75.35,75.35,75.35,75.35,75.35,75.35,75.35,75.35,75.35,75.35,75.35,75.35,75.35,75.35,75.35,75.35,75.35,75.35,75.35,75.35,75.35,73.04,73.04,73.04,73.42,73.42,73.42,59.48,59.48,59.48,59.48,59.48,59.48,59.48,59.48,59.48,57.70,57.70,57.70,57.95,58.22,60.02,59.16,59.16,59.16,58.62,58.62,59.33,60.38,59.12,57.84
Producto,0.005355119,03122131,PANTALÓN Y LICRA PARA MUJER,97.22,97.22,98.38,98.38,99.08,94.94,94.94,95.50,95.71,95.67,95.78,95.75,94.67,95.27,95.83,95.83,95.22,95.96,95.96,95.41,95.87,95.87,95.78,91.26,93.37,94.48,93.53,93.53,93.53,91.74,91.73,91.77,90.83,91.82,91.82,90.02,89.49,89.65,89.65,89.65,89.65,89.65,90.50,90.50,90.50,89.03,89.03,89.55,85.73,85.87,86.15,86.15,87.18,87.18,87.18,87.18,87.18,87.18,87.18,86.62,86.62,87.58,87.58,87.58,87.58,86.99,87.11,85.85,85.73,86.97,86.36,86.36,86.36,86.36,86.36,86.36,86.97,86.97,86.97,86.97,86.97,86.29,87.26,87.98,87.57,87.09,87.27,87.63,88.15,88.15,87.72,88.48,88.48,88.48,88.28,85.66,88.69,89.05,87.74,87.95,85.47,85.47,84.34,84.34,84.97,84.97,87.80,87.80,87.03,87.03,87.03,87.54,87.54,87.54,84.75,84.59,84.69,81.87,81.87,82.23,82.62,82.11,82.11,80.44,77.22,80.25,80.61,81.97,78.09,74.54,74.54,74.10,75.47,75.47,75.23,71.80,70.92,70.67
Producto,0.005380973,03122132,BLUSA PARA MUJER,99.72,99.72,100.50,100.50,100.50,102.84,101.89,101.89,105.67,104.91,104.91,104.91,104.91,104.91,104.91,104.91,104.91,112.97,112.97,112.97,112.97,112.97,112.97,110.82,108.53,108.53,108.53,108.53,108.53,108.15,108.15,106.58,105.55,105.55,105.55,109.69,109.69,109.69,109.69,109.69,109.69,109.69,112.04,113.99,113.99,113.99,113.99,113.99,116.41,118.77,118.77,118.77,120.16,120.16,120.16,120.16,120.16,120.16,119.18,118.45,118.45,118.45,118.45,118.45,118.45,118.45,118.45,118.45,118.45,118.45,118.45,118.45,118.45,118.45,118.45,118.45,118.45,118.45,118.45,118.45,118.45,118.45,115.01,115.31,109.65,116.43,116.43,116.43,116.43,116.43,116.43,116.43,116.43,116.43,116.43,116.43,116.43,116.43,116.43,116.43,108.41,108.41,105.66,105.66,105.66,104.76,110.93,110.93,110.93,110.93,110.93,111.42,111.42,111.42,111.67,111.67,111.67,111.67,111.67,105.81,105.81,105.81,105.81,102.65,102.65,102.65,103.19,109.51,109.51,107.56,107.56,107.56,108.09,108.09,106.21,105.45,105.45,100.59
Producto,0.000453074,03122133,ROPA PARA DORMIR PARA MUJER,93.03,93.03,93.03,93.03,93.65,93.65,93.65,96.87,96.87,97.66,97.66,96.12,96.12,98.02,98.02,98.02,98.02,98.02,99.07,98.24,98.24,98.24,98.24,96.66,95.01,95.95,91.21,91.21,89.10,91.97,91.97,91.29,91.29,91.29,91.29,91.29,93.10,93.10,93.10,93.10,93.10,93.10,93.10,93.10,93.10,93.10,93.10,94.62,94.62,94.62,94.62,94.62,94.62,94.62,94.62,94.62,94.62,94.62,94.62,94.62,94.62,94.62,94.62,94.62,94.62,94.62,92.44,92.44,91.49,91.49,91.49,91.49,91.49,93.08,93.08,93.08,93.08,93.08,93.08,93.08,93.08,95.03,95.90,96.54,97.31,97.31,97.31,97.31,97.31,98.80,98.15,100.81,100.81,100.81,100.81,100.81,100.81,99.61,99.61,100.24,101.94,101.94,100.90,100.90,101.81,101.81,101.81,102.31,102.31,100.19,99.46,99.81,99.81,99.81,101.09,101.26,101.26,101.26,101.26,101.26,101.26,101.26,100.64,100.64,100.64,100.64,100.64,100.64,100.64,100.64,100.64,100.64,102.82,102.82,102.82,103.40,103.40,103.40
Producto,0.004181919,03122134,ROPA INTERIOR PARA MUJER,103.68,103.68,103.68,103.68,103.68,104.20,104.20,106.15,107.13,107.13,107.13,107.13,107.13,107.13,107.13,107.13,107.13,107.13,108.07,108.07,110.10,109.30,109.30,109.30,109.55,109.55,109.16,109.16,109.16,109.16,109.16,109.16,109.16,109.16,109.16,108.59,108.81,108.81,108.81,108.64,108.64,108.64,108.64,108.64,108.64,108.82,108.82,108.82,108.82,108.69,108.69,108.69,107.90,107.90,107.90,107.90,107.90,107.90,107.90,107.90,107.90,107.90,107.90,97.01,107.90,107.90,107.58,107.58,107.58,107.58,107.58,107.58,107.58,107.58,107.58,107.58,107.58,107.58,107.66,107.66,105.68,106.06,106.06,104.32,106.67,108.06,108.06,108.06,109.60,109.60,109.80,108.34,109.21,109.21,109.21,109.72,109.72,109.91,109.91,109.91,112.85,112.85,112.31,112.31,112.31,112.31,112.31,113.18,112.53,112.53,112.19,113.48,113.48,115.94,118.25,118.01,118.01,118.01,118.01,118.01,118.01,118.92,118.92,119.60,119.60,118.06,119.23,120.08,120.08,118.84,119.24,119.24,119.24,120.51,116.83,116.83,118.10,118.48
Producto,0.000580124,03122135,MEDIAS PARA MUJER,97.41,97.76,99.14,99.14,100.05,100.42,100.42,100.42,101.54,101.54,101.54,101.54,101.54,101.54,101.54,101.54,102.89,103.04,104.84,106.02,106.38,107.20,107.20,106.30,106.30,106.30,106.30,106.30,109.92,106.86,106.76,106.76,105.66,106.15,107.81,109.49,109.49,110.10,110.10,110.10,110.66,110.66,110.66,110.66,110.66,110.66,110.66,108.88,110.96,110.96,110.96,110.96,113.06,113.06,113.06,113.06,113.06,113.06,111.24,111.24,113.06,113.06,113.06,113.06,108.95,109.95,109.95,109.54,111.31,111.31,111.31,114.01,114.01,114.92,114.92,116.49,116.49,116.76,117.82,118.58,118.58,120.20,121.24,122.86,125.12,121.76,121.76,122.26,123.61,123.61,122.77,119.82,120.19,119.76,119.76,118.69,124.39,124.39,124.39,124.39,124.96,127.26,123.76,123.76,126.33,122.63,122.74,125.09,126.17,127.65,130.75,136.89,136.89,138.33,138.33,138.33,138.33,140.04,140.04,137.46,129.78,135.70,135.70,135.70,131.75,131.75,131.75,133.77,131.35,131.18,131.18,131.18,131.18,131.18,133.19,133.19,133.48,133.48
Subclase,0.010946625,03123,Prendas de vestir de niños y niñas de 3 a 12 años,100.90,101.30,101.46,101.98,101.91,102.61,102.78,103.87,104.64,103.55,104.34,104.45,104.81,104.78,104.78,104.78,104.78,104.58,105.17,105.38,104.87,104.77,104.61,103.79,104.13,104.43,104.05,103.98,104.06,103.80,104.24,104.21,103.59,103.62,103.53,103.94,103.73,103.73,103.73,103.73,103.46,103.15,103.17,102.56,102.77,102.77,102.69,102.75,102.86,102.62,102.62,102.56,102.44,102.57,102.57,102.98,98.71,98.71,98.71,98.70,99.21,99.12,99.12,97.40,98.08,96.86,97.02,96.18,97.21,97.56,97.38,97.38,97.28,97.28,97.11,96.49,96.65,96.65,96.65,96.65,96.55,96.46,96.40,95.82,96.55,96.82,96.88,96.99,97.57,97.83,97.51,97.63,99.78,99.78,99.57,99.85,99.85,99.88,100.13,100.01,99.55,99.89,100.45,100.45,98.70,98.88,99.13,98.89,99.30,99.30,99.33,99.68,99.68,99.93,99.51,99.34,99.85,100.17,99.63,99.96,98.58,98.42,98.46,97.65,97.61,97.04,97.48,97.23,97.20,97.92,97.75,97.68,96.73,97.23,97.66,97.81,97.71,97.26
Producto,0.000827203,03123136,CHOMPAS DE NIÑAS Y NIÑOS,103.43,102.98,102.98,102.98,103.18,104.74,104.74,105.54,105.38,105.38,107.16,107.16,107.57,108.33,108.33,108.33,108.33,106.85,107.56,108.12,108.81,106.64,106.64,103.77,103.77,103.77,104.55,103.67,104.42,104.24,105.13,105.14,103.81,103.12,102.63,103.36,103.36,103.36,103.36,103.36,102.67,102.67,102.81,102.79,105.03,105.03,104.23,103.83,103.83,103.83,103.83,103.22,102.75,104.00,104.00,104.68,104.68,104.68,104.68,104.64,105.02,104.62,104.62,104.62,103.33,103.25,103.25,102.25,103.28,102.46,102.77,102.77,102.77,102.77,101.06,101.06,101.06,101.06,101.06,101.06,101.06,101.06,103.73,102.72,102.72,101.88,102.40,102.40,103.28,104.34,104.34,104.08,104.08,104.08,104.08,104.08,104.08,100.62,102.67,100.61,100.56,100.56,99.90,99.90,100.65,100.06,101.76,101.76,102.67,102.67,102.02,101.51,101.51,101.51,100.08,100.08,100.08,103.23,102.74,102.53,101.58,101.83,101.83,100.46,100.46,100.46,99.61,100.66,100.66,100.11,98.15,97.46,98.35,98.82,98.75,100.52,100.36,98.47
Producto,0.000466213,03123137,CONJUNTO PARA NIÑAS Y NIÑOS,106.86,106.86,106.86,109.62,109.62,109.62,109.62,106.60,106.60,106.60,108.47,108.47,108.47,109.40,109.40,109.40,109.40,109.40,109.40,112.54,112.14,112.47,112.47,113.05,112.47,114.29,114.29,114.29,114.29,113.61,113.61,116.03,111.63,109.68,108.80,111.96,108.80,108.80,108.80,108.80,111.11,111.11,111.11,106.78,112.00,112.00,112.00,112.00,112.00,112.00,112.00,112.00,112.00,112.00,112.00,113.45,113.45,113.45,113.45,113.45,113.45,111.57,111.57,111.57,108.32,101.38,101.38,94.10,95.73,102.07,100.67,100.67,99.16,99.16,99.16,89.97,89.97,89.97,89.97,89.97,89.97,86.68,82.62,80.80,84.77,84.77,84.77,86.40,88.60,88.60,88.60,88.60,88.60,88.60,88.60,88.60,88.60,88.60,88.60,89.95,89.95,89.95,91.54,91.54,91.54,91.54,90.38,90.38,90.38,90.38,90.38,90.77,90.77,90.77,90.77,89.26,89.26,89.27,89.27,85.60,85.60,86.59,86.59,86.59,83.32,81.75,86.59,86.59,86.59,86.59,86.59,86.59,86.59,85.40,86.27,84.59,84.59,83.62
Producto,0.000971309,03123138,CAMISETA PARA NIÑAS Y NIÑOS,108.07,110.23,110.23,110.23,110.23,110.23,110.23,110.23,110.23,112.18,112.18,112.18,112.18,109.86,109.86,109.86,109.86,107.49,107.83,107.83,109.77,110.05,109.77,106.10,105.32,105.32,105.32,105.57,105.57,103.98,103.98,104.51,100.64,100.64,100.82,100.82,100.82,100.84,100.84,100.84,100.84,100.84,100.84,100.84,100.84,100.84,100.84,102.18,102.18,102.18,102.18,102.18,102.18,102.18,102.18,102.18,102.18,102.18,102.18,102.13,105.08,105.08,105.08,105.08,102.97,101.58,101.78,101.78,104.17,102.20,102.20,102.20,102.20,102.20,102.20,102.20,102.20,102.20,102.20,102.20,102.20,102.20,102.20,97.12,97.12,99.62,98.99,98.99,98.99,98.99,94.07,94.07,94.07,94.07,94.07,94.07,94.07,94.07,94.07,94.07,95.50,95.50,95.50,95.50,95.50,95.50,95.50,90.87,92.16,92.16,92.16,93.08,93.08,93.08,93.08,93.08,87.71,87.71,85.65,87.45,83.37,83.37,83.37,81.23,83.74,84.06,86.24,81.26,81.26,85.51,85.51,85.51,74.38,78.02,79.71,80.63,80.63,80.63
Producto,0.000817812,03123139,BLUSA PARA NIÑAS ,91.03,91.03,91.03,96.57,96.57,100.74,103.46,103.46,103.46,103.46,106.70,106.70,106.70,106.70,106.70,106.70,106.70,108.56,108.19,110.27,110.27,112.34,111.99,108.83,110.87,113.87,110.96,110.96,110.96,110.96,110.96,110.96,110.66,110.66,110.66,112.79,112.79,112.79,112.79,112.79,112.79,107.86,107.86,102.80,102.80,102.80,102.80,102.80,102.80,99.05,99.05,99.05,99.05,99.05,99.05,99.05,99.05,99.05,99.05,99.05,99.05,99.05,99.05,99.05,99.05,99.05,99.05,94.13,94.13,98.21,98.21,98.21,98.21,98.21,98.21,98.21,98.21,98.21,98.21,98.21,98.21,98.21,104.03,104.03,106.56,106.56,108.06,108.06,108.06,110.46,110.46,110.46,110.46,110.46,107.17,107.17,107.17,107.17,105.88,105.88,100.10,100.10,100.10,100.10,97.07,97.07,99.59,99.59,99.59,99.59,99.59,101.19,101.19,101.19,90.92,90.92,90.92,90.92,90.92,89.41,89.41,89.41,89.41,86.52,86.52,86.52,86.52,86.52,86.52,84.58,84.58,84.58,85.81,87.66,90.40,90.13,90.13,86.98
Producto,0.001546831,03123140,PANTALONES PARA NIÑAS Y NIÑOS,90.40,93.44,93.44,93.32,93.32,95.75,95.75,96.85,96.85,96.57,99.59,99.59,100.28,100.28,100.28,100.28,100.28,100.28,102.58,100.94,102.19,102.19,102.19,97.10,101.53,101.53,101.11,101.11,101.11,100.76,100.76,98.81,99.70,99.70,99.70,99.70,99.70,99.70,99.70,99.70,98.26,98.26,98.26,98.26,98.26,98.26,98.26,98.26,98.26,98.26,98.26,98.26,99.64,99.64,99.64,101.78,95.13,95.13,95.13,95.13,95.81,96.46,96.46,96.46,96.46,91.79,92.71,92.71,95.81,95.81,94.82,94.82,94.82,94.82,94.82,94.82,96.16,96.16,96.16,96.16,96.16,97.27,93.72,93.72,93.72,95.23,95.23,95.23,98.23,98.23,98.23,99.55,99.55,99.55,99.55,101.96,101.96,101.96,101.96,101.96,100.18,100.18,102.31,102.31,101.14,103.28,103.28,104.02,104.02,104.02,104.02,104.35,104.35,104.35,104.35,104.35,104.35,104.35,101.47,104.35,103.15,100.98,100.98,100.98,100.98,100.98,101.38,101.38,101.38,101.38,101.38,101.38,101.38,101.38,101.38,101.51,101.51,101.51
Producto,0.000830961,03123141,ROPA INTERIOR PARA NIÑAS Y NIÑOS,102.00,101.01,103.86,103.86,101.01,101.01,101.01,101.01,101.82,102.54,101.35,103.25,107.51,107.51,107.51,107.51,107.51,107.51,108.53,108.53,108.53,107.66,107.66,107.66,106.22,106.22,102.11,102.11,102.11,101.61,107.88,107.88,107.88,109.09,109.09,109.09,109.09,109.09,109.09,109.09,105.63,105.63,105.63,105.63,103.67,103.67,103.67,103.67,105.63,105.63,105.63,105.63,101.42,101.42,101.42,101.42,101.42,101.42,101.42,101.42,104.64,104.64,104.64,94.62,95.00,96.07,96.72,95.96,97.97,97.97,97.97,97.97,97.97,97.97,97.97,97.97,97.97,97.97,97.97,97.97,96.21,96.21,96.21,96.21,97.67,97.67,96.97,96.97,96.97,96.97,97.47,97.47,97.47,97.47,97.47,97.47,97.47,97.47,97.47,97.47,97.47,97.47,97.47,97.47,97.47,97.47,97.47,97.47,97.47,97.47,99.23,101.23,101.23,101.23,102.91,101.65,101.65,101.65,101.65,102.87,97.75,97.75,98.42,98.42,98.42,98.12,98.12,98.12,98.12,101.62,102.20,102.20,96.48,99.22,100.90,101.12,99.68,99.68
Producto,0.00052745,03123142,MEDIAS PARA NIÑAS Y NIÑOS,103.14,103.14,103.14,103.14,104.87,104.87,104.87,128.86,128.86,124.16,124.16,124.16,124.16,124.16,124.16,124.16,124.16,124.16,128.53,128.53,128.53,128.53,125.95,136.59,133.74,133.74,133.74,133.74,133.74,133.38,133.38,133.38,133.38,137.00,137.00,137.00,137.00,137.00,137.00,137.00,137.00,137.00,137.00,137.00,137.00,137.00,137.00,137.00,137.00,137.00,137.00,137.00,137.00,137.00,137.00,137.00,137.00,137.00,137.00,137.00,137.00,137.00,137.00,111.33,137.00,133.38,133.38,135.61,139.29,137.10,137.10,137.10,137.10,137.10,137.10,137.10,137.10,137.10,137.10,137.10,137.10,137.10,137.10,137.10,142.19,142.19,142.19,142.19,142.19,142.19,142.19,142.19,142.19,142.19,142.19,142.19,142.19,150.61,153.30,153.30,153.30,160.86,166.97,166.97,160.92,160.92,160.92,160.92,165.91,165.91,165.91,167.35,167.35,172.85,178.69,178.69,168.34,168.34,168.34,171.66,159.28,159.28,159.28,151.80,151.80,141.31,141.31,141.31,141.31,150.00,150.00,150.00,150.00,150.00,150.00,150.00,150.00,150.00
Producto,0.004958846,03123143,UNIFORME ESCOLAR,101.93,101.93,101.93,101.93,101.93,101.93,101.93,101.93,103.47,101.34,101.34,101.34,101.34,101.34,101.34,101.34,101.34,101.34,101.34,101.34,99.60,99.60,99.60,99.60,99.60,99.60,99.60,99.60,99.60,99.60,99.60,99.60,99.60,99.60,99.60,99.60,99.60,99.60,99.60,99.60,99.60,99.60,99.60,99.60,99.07,99.07,99.07,99.07,99.07,99.07,99.07,99.07,99.07,99.07,99.07,99.07,91.78,91.78,91.78,91.78,91.78,91.78,91.78,91.78,91.78,91.78,91.78,91.78,91.78,91.78,91.78,91.78,91.78,91.78,91.78,91.78,91.78,91.78,91.78,91.78,91.78,91.78,91.78,91.78,91.78,91.78,91.78,91.78,91.78,91.78,91.78,91.78,96.24,96.24,96.24,96.24,96.24,96.24,96.24,96.24,96.24,96.24,96.24,96.24,93.67,93.67,93.67,93.67,93.67,93.67,93.67,93.67,93.67,93.67,93.67,93.67,96.48,96.48,96.48,96.48,96.48,96.48,96.48,96.48,96.48,96.48,96.48,96.48,96.42,96.42,96.42,96.42,96.42,96.42,96.42,96.42,96.42,96.42
Subclase,0.002408319,03124,Prendas de vestir y complementos para niños y niñas de 0 a 2 años,97.96,98.43,99.19,101.44,101.62,101.62,101.62,100.83,100.83,102.01,102.01,102.01,102.01,102.86,102.86,102.86,102.86,103.59,104.11,105.95,105.20,107.00,106.71,104.54,103.06,104.38,106.37,106.37,106.37,104.84,104.12,104.85,101.86,100.57,100.57,99.70,99.70,99.70,99.70,99.70,101.05,101.48,96.94,98.65,98.84,98.84,98.84,97.58,97.58,96.90,96.90,96.90,99.04,99.04,99.04,99.28,99.28,99.28,99.28,98.57,99.36,98.81,98.81,98.85,98.22,95.69,94.32,94.86,95.20,95.19,95.50,95.50,95.50,95.50,95.50,95.50,96.01,96.01,96.01,96.94,95.38,99.37,97.32,92.30,92.86,96.24,99.63,99.63,99.02,100.70,100.05,100.39,100.39,99.71,99.71,98.52,96.55,98.03,98.26,98.26,98.53,98.53,98.83,98.83,98.83,98.83,98.83,98.83,99.26,98.85,98.69,100.05,99.91,99.91,100.27,94.22,95.00,94.70,94.54,94.58,91.36,91.72,91.72,90.69,90.42,90.42,91.03,90.03,90.03,90.03,90.12,90.01,83.08,86.06,86.06,86.06,85.26,85.34
Producto,0.000342909,03124144,CAMISETA PARA BEBÉ,103.29,106.52,110.14,110.14,110.14,110.14,110.14,106.52,106.52,107.23,107.23,107.23,107.23,110.14,110.14,110.14,110.14,110.14,110.14,110.65,110.26,110.58,110.26,106.17,99.90,102.49,100.52,100.52,100.52,99.94,97.69,99.42,96.84,96.84,96.84,96.84,96.84,96.84,96.84,96.84,96.84,96.84,96.84,98.36,98.36,98.36,98.36,98.36,98.36,93.73,93.73,93.73,93.73,93.73,93.73,93.73,93.73,93.73,93.73,93.73,95.38,95.38,95.38,95.38,95.38,92.86,83.51,83.51,85.78,85.78,85.78,85.78,85.78,85.78,85.78,85.78,85.78,85.78,85.78,85.78,85.78,92.45,92.45,92.45,95.31,95.31,100.78,100.78,100.78,100.78,100.78,103.40,103.40,103.40,103.40,103.40,103.40,103.40,103.40,103.40,105.25,105.25,105.25,105.25,105.25,105.25,110.67,110.67,110.67,110.67,110.67,111.87,111.87,111.87,113.11,100.80,106.61,106.61,106.61,108.05,102.16,102.16,102.16,95.14,95.14,95.14,95.14,88.51,88.51,88.51,88.51,87.76,83.40,88.24,88.24,88.24,88.68,86.03
Producto,0.001789506,03124145,ROPA EXTERIOR PARA BEBÉ,96.40,96.40,96.40,99.28,99.53,99.53,99.53,99.17,99.17,100.65,100.65,100.65,100.65,100.65,100.65,100.65,100.65,101.45,102.17,104.50,103.60,105.39,105.39,103.22,102.10,103.82,106.89,106.89,106.89,105.14,104.61,104.86,101.60,99.81,99.81,98.61,98.61,98.61,98.61,98.61,100.42,101.01,94.73,95.91,96.17,96.17,96.17,96.17,96.17,96.17,96.17,96.17,98.30,98.30,98.30,98.04,98.04,98.04,98.04,97.06,97.06,97.06,97.06,97.06,96.23,93.79,93.79,93.79,93.58,94.38,94.80,94.80,94.80,94.80,94.80,94.80,95.51,95.51,95.51,96.79,94.64,98.51,95.61,88.67,88.93,93.61,97.04,97.04,96.20,98.52,97.63,97.63,97.63,96.69,96.69,95.04,92.32,94.36,94.36,94.36,94.36,94.36,94.42,94.42,94.42,94.42,93.70,93.70,94.30,93.73,93.51,95.03,94.84,94.84,94.84,91.25,91.16,90.74,90.51,90.14,87.19,87.70,87.70,87.70,87.32,87.32,88.17,88.17,88.17,88.17,88.17,88.17,79.47,82.49,82.50,82.50,81.36,82.01
Producto,0.000275904,03124146,ROPA INTERIOR PARA BEBÉ,100.63,100.63,102.39,103.64,103.64,103.64,103.64,103.64,103.64,103.64,103.64,103.64,103.64,106.89,106.89,106.89,106.89,108.12,108.12,108.76,108.37,111.97,110.02,110.03,111.98,109.64,110.12,110.12,110.12,108.68,108.68,110.95,109.01,109.01,109.01,109.01,109.01,109.01,109.01,109.01,109.34,109.34,109.34,114.23,114.23,114.23,114.23,104.52,104.52,104.52,104.52,104.52,109.11,109.11,109.11,112.48,112.48,112.48,112.48,112.48,116.66,112.48,112.48,112.73,112.48,109.47,109.47,113.62,114.88,110.36,110.36,110.36,110.36,110.36,110.36,110.36,110.36,110.36,110.36,110.36,110.36,111.97,112.36,112.36,111.97,111.97,112.74,112.74,112.74,112.74,112.74,112.36,112.36,112.36,112.36,112.36,112.36,112.36,114.16,114.16,114.16,114.16,116.18,116.18,116.18,116.18,113.99,113.99,113.99,113.99,113.99,114.65,114.65,114.65,115.96,103.32,103.32,103.32,103.32,104.08,102.34,102.34,102.34,102.34,102.34,102.34,102.34,102.13,102.13,102.13,102.82,102.82,102.82,103.42,103.42,103.42,103.14,103.14
Clase,0.000852245,0313,Otros artículos y accesorios de vestir (SD),100.12,100.12,100.16,100.16,100.16,100.77,100.16,100.16,100.71,101.88,101.88,102.94,102.94,102.94,102.94,102.94,102.38,101.56,101.56,100.95,101.56,101.14,101.14,100.26,100.26,100.26,101.18,99.00,93.38,92.10,92.10,93.68,91.90,91.30,91.30,91.30,91.30,91.30,91.30,91.30,91.39,91.39,91.30,91.30,91.30,91.96,91.96,91.96,91.96,91.30,91.30,91.30,90.84,90.84,90.84,90.84,93.39,93.39,93.39,93.39,94.04,93.26,93.26,93.26,93.26,93.02,93.02,92.89,92.89,92.89,92.89,92.89,92.89,92.89,92.89,92.89,91.80,91.80,90.08,90.08,90.08,91.38,92.75,92.75,92.36,94.55,94.55,94.55,95.30,94.36,94.36,94.36,94.61,94.61,92.62,94.61,95.74,96.07,94.88,94.88,95.66,95.66,95.66,97.37,97.37,97.37,97.37,97.37,97.09,97.93,97.93,99.46,99.46,99.46,100.25,100.25,99.99,100.30,100.30,100.02,101.02,102.08,102.66,102.20,102.25,102.25,102.25,102.87,102.87,102.87,102.87,101.72,101.87,101.87,100.59,101.61,102.56,102.56
Subclase,0.000852245,03131,Accesorios de vestir,100.12,100.12,100.16,100.16,100.16,100.77,100.16,100.16,100.71,101.88,101.88,102.94,102.94,102.94,102.94,102.94,102.38,101.56,101.56,100.95,101.56,101.14,101.14,100.26,100.26,100.26,101.18,99.00,93.38,92.10,92.10,93.68,91.90,91.30,91.30,91.30,91.30,91.30,91.30,91.30,91.39,91.39,91.30,91.30,91.30,91.96,91.96,91.96,91.96,91.30,91.30,91.30,90.84,90.84,90.84,90.84,93.39,93.39,93.39,93.39,94.04,93.26,93.26,93.26,93.26,93.02,93.02,92.89,92.89,92.89,92.89,92.89,92.89,92.89,92.89,92.89,91.80,91.80,90.08,90.08,90.08,91.38,92.75,92.75,92.36,94.55,94.55,94.55,95.30,94.36,94.36,94.36,94.61,94.61,92.62,94.61,95.74,96.07,94.88,94.88,95.66,95.66,95.66,97.37,97.37,97.37,97.37,97.37,97.09,97.93,97.93,99.46,99.46,99.46,100.25,100.25,99.99,100.30,100.30,100.02,101.02,102.08,102.66,102.20,102.25,102.25,102.25,102.87,102.87,102.87,102.87,101.72,101.87,101.87,100.59,101.61,102.56,102.56
Producto,0.000337243,03131147,CORREA,98.06,98.06,98.06,98.06,98.06,98.06,98.06,98.06,98.06,102.07,102.07,102.07,102.07,102.07,102.07,102.07,100.14,100.51,100.51,98.41,100.51,99.06,99.06,97.50,97.50,97.50,100.65,100.65,100.65,100.65,100.65,100.65,100.65,100.34,100.34,100.34,100.34,100.34,100.34,100.34,100.65,100.65,100.34,100.34,100.34,102.59,102.59,102.59,102.59,102.59,102.59,102.59,102.59,102.59,102.59,102.59,109.77,109.77,109.77,109.77,109.77,109.77,109.77,109.77,109.77,108.51,108.51,108.07,108.07,108.07,108.07,108.07,108.07,108.07,108.07,108.07,108.07,108.07,109.08,109.08,109.08,116.99,116.99,116.99,115.65,115.65,115.65,115.65,115.65,113.85,113.85,113.85,114.70,114.70,114.70,114.70,115.46,116.59,116.59,116.59,116.59,116.59,116.59,120.17,120.17,120.17,120.17,120.17,120.17,120.17,120.17,121.94,121.94,121.94,121.83,121.83,120.92,120.92,120.92,120.92,124.35,124.35,124.35,124.35,124.35,124.35,124.35,124.35,124.35,124.35,124.35,124.35,126.82,126.82,125.99,125.99,125.99,125.99
Producto,0.000370466,03131148,GORRA,101.24,101.24,101.32,101.32,101.32,102.60,101.32,101.32,102.49,102.49,102.49,102.49,102.49,102.49,102.49,102.49,102.49,100.54,100.54,100.54,100.54,100.54,100.54,100.54,100.54,100.54,100.54,98.17,86.40,83.71,83.71,87.02,87.02,87.02,87.02,87.02,87.02,87.02,87.02,87.02,87.02,87.02,87.02,87.02,87.02,87.02,87.02,87.02,87.02,85.65,85.65,85.65,84.67,84.67,84.67,84.67,85.65,85.65,85.65,85.65,87.02,85.38,85.38,85.38,85.38,85.65,85.65,85.65,85.65,85.65,85.65,85.65,85.65,85.65,85.65,85.65,83.36,83.36,81.62,81.62,81.62,81.30,81.30,81.30,81.30,85.88,85.88,85.88,85.88,85.00,85.00,85.00,85.00,85.00,80.85,85.00,86.92,86.92,84.43,84.43,84.43,84.43,84.43,84.43,84.43,84.43,84.43,84.43,83.85,83.86,83.86,85.77,85.77,85.77,86.48,86.48,86.48,87.13,87.13,86.56,86.56,86.13,87.34,86.38,86.48,86.48,86.48,87.77,87.77,87.77,87.77,85.54,84.35,84.35,82.18,84.32,86.31,86.31
Producto,0.000144536,03131149,CORBATA,100.40,100.40,100.40,100.40,100.40,100.40,100.40,100.40,100.40,100.40,100.40,104.98,104.98,104.98,104.98,104.98,104.98,104.98,104.98,104.98,104.98,104.98,104.98,103.15,103.15,103.15,103.15,98.65,98.65,98.65,98.65,98.65,90.97,88.79,88.79,88.79,88.79,88.79,88.79,88.79,88.79,88.79,88.79,88.79,88.79,88.79,88.79,88.79,88.79,88.79,88.79,88.79,88.79,88.79,88.79,88.79,88.79,88.79,88.79,88.79,88.79,88.79,88.79,88.79,88.79,88.79,88.79,88.79,88.79,88.79,88.79,88.79,88.79,88.79,88.79,88.79,88.79,88.79,83.67,83.67,83.67,80.02,85.93,85.93,85.93,85.93,85.93,85.93,89.19,89.19,89.19,89.19,89.19,89.19,89.19,89.19,89.19,89.19,89.19,89.19,92.57,92.57,92.57,95.42,95.42,95.42,95.42,95.42,95.42,99.04,99.04,99.47,99.47,99.47,101.56,101.56,101.56,101.56,101.56,101.56,101.56,107.03,107.03,107.03,107.03,107.03,107.03,107.03,107.03,107.03,107.03,106.66,106.66,106.66,106.66,106.66,106.66,106.66
Clase,0.001886198,0314,"Limpieza, reparación y alquiler de prendas de vestir (S)",99.27,98.68,98.68,99.15,100.06,100.06,100.06,100.06,100.98,100.98,100.44,100.44,98.90,99.46,99.46,99.46,98.99,99.25,99.25,99.16,99.58,99.58,99.58,99.58,99.58,100.51,100.51,101.29,101.29,101.04,101.04,101.04,101.04,100.11,100.11,100.11,100.12,100.12,100.12,100.52,100.52,102.14,102.14,102.14,102.14,102.14,102.14,102.14,102.14,102.14,102.14,102.14,102.52,102.52,101.94,101.94,102.37,102.37,102.37,102.37,102.37,102.37,102.37,102.37,101.96,101.96,101.69,101.69,101.69,101.28,101.28,101.28,102.84,102.84,102.84,102.84,102.84,102.84,101.80,100.89,100.09,104.43,105.01,104.60,106.41,107.41,107.77,109.39,109.39,108.73,108.73,109.76,109.76,109.76,108.73,109.76,109.59,109.19,109.19,110.14,112.05,112.05,113.73,112.66,112.66,112.66,112.66,112.66,113.78,113.26,113.26,114.41,114.41,114.05,114.05,114.05,114.05,112.93,112.93,112.93,114.05,115.48,115.63,116.09,116.09,117.91,117.91,117.86,117.86,116.53,117.63,117.63,119.93,119.93,119.95,119.95,119.95,121.27
Subclase,0.001886198,03141,"Limpieza, reparación y alquiler de prendas de vestir",99.27,98.68,98.68,99.15,100.06,100.06,100.06,100.06,100.98,100.98,100.44,100.44,98.90,99.46,99.46,99.46,98.99,99.25,99.25,99.16,99.58,99.58,99.58,99.58,99.58,100.51,100.51,101.29,101.29,101.04,101.04,101.04,101.04,100.11,100.11,100.11,100.12,100.12,100.12,100.52,100.52,102.14,102.14,102.14,102.14,102.14,102.14,102.14,102.14,102.14,102.14,102.14,102.52,102.52,101.94,101.94,102.37,102.37,102.37,102.37,102.37,102.37,102.37,102.37,101.96,101.96,101.69,101.69,101.69,101.28,101.28,101.28,102.84,102.84,102.84,102.84,102.84,102.84,101.80,100.89,100.09,104.43,105.01,104.60,106.41,107.41,107.77,109.39,109.39,108.73,108.73,109.76,109.76,109.76,108.73,109.76,109.59,109.19,109.19,110.14,112.05,112.05,113.73,112.66,112.66,112.66,112.66,112.66,113.78,113.26,113.26,114.41,114.41,114.05,114.05,114.05,114.05,112.93,112.93,112.93,114.05,115.48,115.63,116.09,116.09,117.91,117.91,117.86,117.86,116.53,117.63,117.63,119.93,119.93,119.95,119.95,119.95,121.27
Producto,0.001067272,03141150,CONFECCIÓN Y REPARACIÓN DE PRENDAS DE VESTIR,97.30,96.13,96.13,96.73,97.91,97.91,97.91,97.91,99.11,99.11,98.42,98.42,96.40,97.14,97.14,97.14,96.52,96.52,96.52,96.40,96.92,96.92,96.92,96.92,96.92,98.13,98.13,99.14,99.14,99.14,99.14,99.14,99.14,97.92,97.92,97.92,97.92,97.92,97.92,98.44,98.44,100.54,100.54,100.54,100.54,100.54,100.54,100.54,100.54,100.54,100.54,100.54,101.04,101.04,100.29,100.29,100.29,100.29,100.29,100.29,100.29,100.29,100.29,100.29,99.76,99.76,99.41,99.41,99.41,98.88,98.88,98.88,100.90,100.90,100.90,100.90,100.90,100.90,99.55,99.55,98.51,101.94,102.70,102.16,104.31,105.62,106.09,108.20,108.20,107.34,107.34,108.68,108.68,108.68,107.34,108.68,108.45,107.93,107.93,109.03,111.51,111.51,113.70,112.30,112.30,112.30,112.30,112.30,113.91,112.76,112.76,113.73,113.73,113.26,113.26,113.26,113.26,111.80,111.80,111.80,113.26,115.12,115.12,115.12,115.12,117.49,117.49,118.98,118.98,117.24,117.24,117.24,119.49,119.49,119.49,119.49,119.49,121.20
Producto,0.000818926,03141151,LIMPIEZA Y LAVADO DE PRENDAS DE VESTIR,105.80,107.16,107.16,107.16,107.16,107.16,107.16,107.16,107.16,107.16,107.16,107.16,107.16,107.16,107.16,107.16,107.16,108.31,108.31,108.31,108.41,108.41,108.41,108.41,108.41,108.41,108.41,108.41,108.41,107.35,107.35,107.35,107.35,107.35,107.35,107.35,107.42,107.42,107.42,107.42,107.42,107.42,107.42,107.42,107.42,107.42,107.42,107.42,107.42,107.42,107.42,107.42,107.42,107.42,107.42,107.42,109.25,109.25,109.25,109.25,109.25,109.25,109.25,109.25,109.25,109.25,109.25,109.25,109.25,109.25,109.25,109.25,109.25,109.25,109.25,109.25,109.25,109.25,109.25,105.34,105.34,112.68,112.68,112.68,113.34,113.34,113.34,113.34,113.34,113.34,113.34,113.34,113.34,113.34,113.34,113.34,113.34,113.34,113.34,113.84,113.84,113.84,113.84,113.84,113.84,113.84,113.84,113.84,113.34,114.92,114.92,116.67,116.67,116.67,116.67,116.67,116.67,116.67,116.67,116.67,116.67,116.67,117.30,119.29,119.29,119.29,119.29,114.16,114.16,114.16,118.92,118.92,121.41,121.41,121.49,121.49,121.49,121.49
Grupo,0.02353517,032,Calzado,100.69,100.72,101.31,101.24,100.45,101.19,101.04,101.18,100.04,99.45,99.44,99.41,99.86,99.32,99.32,99.32,98.62,99.38,99.74,99.40,99.48,99.20,99.05,97.37,97.69,98.23,98.75,98.59,98.52,96.12,96.12,96.19,95.50,95.50,95.12,95.49,95.37,94.85,95.01,95.07,94.77,94.67,93.78,93.60,93.50,93.34,93.80,93.93,94.07,93.00,92.53,92.24,91.61,91.61,91.41,91.13,90.35,90.18,90.18,89.87,90.04,89.66,89.37,88.22,88.93,87.43,87.47,86.40,85.94,86.66,86.81,87.05,87.21,86.94,87.02,86.76,86.69,86.35,87.40,87.02,86.73,85.86,84.43,85.26,86.00,86.20,86.62,86.55,87.46,87.33,87.21,87.36,88.75,88.97,89.03,88.41,89.09,88.91,88.81,88.81,89.04,89.05,89.15,89.27,87.47,88.39,88.79,88.74,88.75,89.13,88.99,90.03,89.68,90.01,90.51,90.05,90.05,90.12,89.89,89.76,89.80,90.17,89.91,90.44,90.55,90.84,90.39,90.02,88.35,87.01,87.05,86.88,87.39,87.34,86.82,85.99,86.53,86.43
Clase,0.023028098,0321,Zapatos y otros calzados (SD),100.54,100.57,101.17,101.10,100.24,100.95,100.80,100.94,99.77,99.08,99.07,99.04,99.41,98.86,98.86,98.86,98.14,98.92,99.21,98.86,98.95,98.66,98.50,96.77,97.10,97.66,98.19,98.03,97.96,95.49,95.49,95.56,94.86,94.85,94.47,94.84,94.72,94.19,94.36,94.42,94.10,93.93,93.02,92.83,92.72,92.56,93.04,93.17,93.31,92.21,91.73,91.43,90.80,90.80,90.60,90.31,89.51,89.34,89.34,89.02,89.19,88.80,88.51,87.33,88.05,86.52,86.55,85.46,84.98,85.72,85.87,86.12,86.27,85.99,86.05,85.79,85.71,85.36,86.44,86.05,85.76,84.65,83.04,83.99,84.75,84.95,85.20,85.01,85.90,85.81,85.69,85.81,87.24,87.44,87.50,86.87,87.57,87.54,87.40,87.31,87.63,87.65,87.70,87.81,85.97,86.91,87.33,87.27,87.30,87.62,87.47,88.48,88.13,88.47,88.88,88.41,88.40,88.47,88.24,88.11,88.15,88.53,88.26,88.81,88.92,89.22,88.76,88.31,86.59,85.22,85.26,85.13,85.65,85.60,85.07,84.22,84.73,84.67
Subclase,0.009831308,03211,Zapatos de hombres de 13 años y más,103.67,103.90,104.71,105.07,105.07,105.96,105.96,105.96,105.74,105.19,105.16,104.33,104.34,104.34,104.34,104.34,102.39,102.73,103.42,102.64,104.09,103.45,103.31,101.23,102.03,103.05,104.72,104.72,104.72,101.63,101.63,101.68,100.06,100.58,100.58,100.58,100.24,99.48,99.60,100.28,99.76,99.76,99.76,99.68,99.12,99.12,99.18,98.88,98.88,97.30,97.30,96.58,96.76,96.76,96.76,96.76,95.75,95.26,95.26,95.26,95.57,95.19,95.19,92.22,92.22,91.84,91.82,90.93,90.20,91.82,91.71,92.17,92.88,92.35,92.35,92.46,92.80,92.06,93.00,92.51,92.99,90.68,88.21,89.91,91.50,91.39,92.30,91.10,92.31,91.87,91.60,91.59,95.22,95.13,95.13,93.07,94.87,95.03,93.61,93.60,93.75,93.75,93.89,93.89,90.82,93.49,93.38,93.50,93.73,93.73,93.71,96.37,96.37,96.74,97.61,97.36,97.36,97.24,97.22,97.31,97.47,98.23,98.23,98.23,98.45,99.18,97.72,96.40,92.67,92.42,92.47,92.47,94.51,94.51,93.64,92.74,93.91,94.13
Producto,0.003482311,03211152,CALZADO PARA HOMBRE,104.33,104.94,104.94,104.94,104.94,105.38,105.38,105.38,105.38,104.94,104.94,103.07,103.07,103.07,103.07,103.07,101.27,102.04,103.60,103.60,105.04,103.60,103.60,101.05,103.74,106.08,107.52,107.52,107.52,105.78,105.78,107.47,107.47,108.64,108.64,108.64,108.64,108.64,108.64,110.16,110.16,110.16,110.16,110.16,108.90,108.90,108.90,108.90,108.90,108.35,108.35,108.35,108.57,108.57,108.57,108.57,106.31,106.31,106.31,106.31,106.31,105.45,105.45,105.45,105.45,103.40,103.40,102.24,102.24,102.24,101.66,101.66,101.66,100.50,100.50,100.50,100.01,100.01,100.01,98.91,99.83,99.38,93.80,94.86,96.38,96.05,96.66,96.66,96.70,96.95,96.95,96.95,98.87,98.62,98.62,98.62,97.91,97.91,97.91,97.91,97.91,97.91,95.63,95.63,95.63,95.63,95.63,95.63,95.63,95.63,95.63,99.93,99.93,100.44,102.42,101.91,101.91,101.63,101.63,101.63,101.97,101.35,101.35,101.35,101.87,101.87,100.52,97.48,97.48,97.48,97.59,97.59,102.65,102.65,100.68,101.77,101.77,102.27
Producto,0.000496622,03211153,SANDALIAS PARA HOMBRE,101.50,101.50,104.68,106.37,106.37,106.37,106.37,106.37,106.37,109.70,109.70,109.70,110.10,110.10,110.10,110.10,110.10,110.10,110.10,110.10,106.80,106.80,100.19,100.19,100.19,100.19,101.44,101.44,101.44,104.25,104.25,104.25,104.25,104.57,104.57,104.57,104.57,104.57,104.57,104.57,104.57,104.57,104.57,100.82,100.82,100.82,103.94,103.62,103.62,103.62,103.62,103.62,103.62,103.62,103.62,103.62,103.62,103.62,103.62,103.62,103.62,103.62,103.62,103.62,103.62,103.62,103.62,103.62,103.62,96.82,103.62,103.62,96.82,105.04,105.04,110.21,105.39,105.39,100.88,100.88,100.88,100.88,100.88,108.40,108.40,108.40,108.40,108.40,108.40,108.40,108.40,108.40,108.40,108.40,108.40,108.40,108.40,99.92,101.31,101.31,108.42,108.42,108.42,108.42,108.42,113.77,108.42,114.86,121.67,121.67,121.67,116.07,116.07,122.71,122.71,122.71,122.71,122.71,122.71,122.71,122.71,122.71,122.71,122.71,122.71,122.71,122.71,122.71,122.71,122.71,122.71,122.71,129.77,129.77,129.77,129.77,129.77,129.77
Producto,0.005585265,03211154,ZAPATOS DEPORTIVOS PARA HOMBRE,103.03,103.03,104.46,105.05,105.05,106.38,106.38,106.38,106.38,105.51,105.51,105.51,105.51,105.51,105.51,105.51,103.29,103.29,103.29,101.81,103.51,103.51,103.51,101.69,100.92,100.92,102.82,102.82,102.82,98.24,98.24,96.89,93.76,93.76,93.76,93.76,93.10,91.62,91.87,91.87,90.85,90.85,90.85,90.85,90.85,90.85,90.85,90.28,90.28,87.69,87.69,86.30,86.30,86.30,86.30,86.30,86.30,85.35,85.35,85.35,85.96,85.96,85.96,80.23,80.23,81.28,81.28,80.62,79.22,82.59,82.59,83.48,85.13,84.79,84.79,84.79,86.01,84.59,86.59,86.59,86.76,82.66,82.66,84.63,86.64,86.64,87.78,85.47,87.64,86.58,86.15,86.15,91.51,91.51,91.51,87.43,91.51,92.13,89.29,89.29,89.29,89.29,91.50,91.50,85.54,90.48,90.48,90.48,90.48,90.48,90.48,92.21,92.21,92.21,92.21,92.21,92.21,92.21,92.21,92.39,92.39,94.38,94.38,94.38,94.38,95.77,94.13,94.13,86.94,86.47,86.47,86.47,85.81,85.81,85.81,83.08,85.32,85.32
Producto,0.000267109,03211155,BOTAS PARA HOMBRE,109.45,106.57,106.57,107.95,107.95,107.95,107.95,107.95,93.98,95.29,93.71,93.71,93.71,93.71,93.71,93.71,93.71,93.71,93.71,92.87,92.87,92.87,92.87,92.87,92.87,91.87,92.87,92.87,92.87,92.87,92.87,92.87,92.87,92.87,92.87,92.87,92.87,92.87,92.87,93.32,93.32,93.32,93.32,93.32,93.32,93.32,93.32,93.32,93.32,93.32,93.32,93.32,98.62,98.62,98.62,98.62,98.62,98.62,98.62,98.62,98.62,98.62,98.62,98.62,98.62,97.63,96.04,93.83,93.83,95.32,95.32,95.32,95.32,94.30,94.30,94.30,95.55,95.55,95.55,95.55,94.46,95.87,95.89,98.56,90.43,92.95,96.03,96.03,100.35,100.35,97.14,96.68,96.68,98.06,98.06,101.26,101.26,102.72,104.05,103.21,103.21,103.21,103.67,103.67,104.52,104.52,104.52,103.40,108.48,108.48,107.56,105.88,105.88,105.88,105.19,104.06,104.06,104.06,102.87,102.87,102.87,103.10,103.10,103.10,103.10,103.10,102.66,104.08,104.08,104.08,104.08,104.08,103.32,103.32,103.32,105.69,105.69,105.69
Subclase,0.008371024,03212,Zapatos de mujeres de 13 años y más,98.98,98.87,99.06,97.31,94.81,94.89,94.89,94.44,92.45,91.62,91.62,92.02,92.90,92.90,92.90,92.90,92.90,93.39,93.39,93.39,92.74,92.64,92.77,91.70,91.70,92.03,91.71,91.23,91.04,90.59,90.59,90.59,90.59,90.01,90.01,89.91,89.91,89.37,89.65,89.82,89.72,89.72,87.48,87.48,87.48,87.16,88.10,88.59,88.59,87.12,86.15,86.15,85.40,85.40,85.05,84.06,84.06,83.26,83.26,82.92,82.71,82.10,82.10,82.24,83.04,81.94,81.94,80.75,80.22,80.14,80.31,80.60,80.30,80.08,79.85,79.63,79.36,79.25,79.49,79.49,78.65,77.97,76.45,77.06,77.11,79.07,78.83,78.97,79.85,80.14,80.14,80.29,80.08,80.68,80.85,80.74,80.61,80.97,81.85,81.64,81.64,81.84,81.12,81.25,80.19,80.29,81.05,80.85,81.24,82.63,82.69,82.98,82.08,82.48,82.90,82.33,82.33,82.72,82.45,81.99,81.78,81.93,81.93,82.56,82.52,82.52,82.90,83.01,82.94,80.01,80.01,79.92,79.25,78.68,78.68,77.09,77.78,77.54
Producto,0.005289198,03212156,CALZADO PARA MUJER,97.89,97.89,98.58,94.77,90.03,90.18,90.18,90.18,87.36,86.09,86.09,87.62,88.66,88.66,88.66,88.66,88.66,89.39,89.39,89.39,88.17,87.50,87.75,86.39,86.39,86.85,86.23,86.23,86.23,85.66,85.66,85.65,85.65,84.55,84.55,84.37,84.37,84.37,84.90,85.23,85.23,85.23,83.92,83.92,83.92,83.32,85.69,85.69,85.69,82.99,81.69,81.69,81.54,81.54,81.54,80.15,80.15,79.26,79.26,79.26,79.26,79.26,79.26,79.53,79.26,78.08,78.08,76.06,75.32,76.17,76.29,76.29,75.68,75.26,74.82,74.42,74.42,74.42,74.42,74.42,72.84,71.56,69.01,70.51,70.51,72.38,71.95,71.95,71.95,72.26,72.26,72.55,72.68,72.98,72.98,72.98,72.98,72.69,74.14,74.14,74.14,74.14,74.14,74.39,74.28,73.57,73.27,73.05,73.57,73.22,73.22,73.26,73.26,74.03,74.66,75.12,75.12,74.91,74.52,74.26,74.95,74.95,74.95,74.95,74.95,74.95,74.95,74.95,75.32,72.76,72.75,72.75,71.57,70.43,70.43,67.77,67.77,67.96
Producto,0.002033175,03212157,ZAPATOS DEPORTIVOS PARA MUJER,102.74,102.74,102.74,102.74,102.74,102.74,102.74,101.14,99.88,99.32,99.32,99.32,99.32,99.32,99.32,99.32,99.32,99.67,99.67,99.67,99.67,100.60,100.60,99.77,99.77,99.77,99.77,98.04,97.37,96.83,96.83,96.83,96.83,96.83,96.83,96.83,96.83,96.83,96.83,96.83,96.83,96.83,94.03,94.03,94.03,94.03,94.03,94.03,94.03,94.03,94.03,94.03,94.03,94.03,94.03,94.03,94.03,93.46,93.46,93.46,93.68,91.47,91.47,91.47,91.47,90.86,90.86,90.86,90.52,90.82,91.23,92.28,92.36,92.36,92.36,92.36,91.37,90.96,90.96,90.96,90.96,90.96,90.33,89.56,88.43,91.29,91.29,91.78,94.97,94.97,94.97,94.97,94.97,96.57,96.57,96.57,96.57,98.42,98.42,98.42,98.42,100.15,97.54,97.54,97.54,96.13,95.57,95.57,95.71,101.43,101.43,101.88,100.71,100.71,100.71,97.83,97.83,99.64,99.64,99.74,99.74,99.74,99.74,101.96,101.96,101.96,101.96,101.96,101.96,96.47,96.47,96.47,96.47,96.47,96.47,96.47,98.95,98.95
Producto,0.001048651,03212158,BOTAS PARA MUJER,96.58,96.04,95.12,96.49,96.54,96.54,96.54,96.54,95.77,95.77,95.77,93.62,95.34,95.34,95.34,95.34,95.34,95.34,95.34,95.34,95.34,95.34,95.34,94.69,94.69,95.17,95.17,95.17,95.17,95.17,95.17,95.17,95.17,95.17,95.17,95.17,95.17,92.38,92.38,92.38,91.83,91.83,87.83,87.83,87.83,87.83,86.24,88.78,88.78,88.52,87.10,87.10,83.66,83.66,81.85,80.56,80.56,79.65,79.65,77.89,76.48,76.48,76.48,76.48,81.37,79.77,79.77,79.18,78.90,75.74,75.74,75.74,75.74,75.74,75.74,75.74,75.74,75.74,76.98,76.98,76.98,76.98,76.98,77.13,79.00,79.89,79.89,79.89,79.89,80.53,80.53,80.53,79.08,79.08,79.92,79.38,78.70,78.70,79.31,78.21,78.21,76.77,76.77,76.77,71.63,76.04,81.62,81.20,81.55,81.55,81.85,82.58,79.60,79.60,79.99,79.92,79.92,79.92,79.57,77.81,74.85,75.63,75.63,75.70,75.52,75.52,77.43,78.02,76.63,76.36,76.36,75.89,75.68,75.86,75.83,74.95,74.95,73.18
Subclase,0.004151385,03213,Zapatos de niños y niñas de 3 a 12 años,97.02,96.99,97.84,100.10,100.69,102.51,102.51,103.56,102.78,101.95,101.95,102.91,103.08,99.75,99.75,99.75,100.34,102.99,102.99,102.99,101.43,101.50,101.50,98.84,98.84,98.84,98.84,98.84,98.84,92.86,92.86,93.18,93.14,93.14,91.09,93.39,93.53,93.53,93.53,91.81,91.54,91.07,91.07,90.15,90.91,90.81,91.44,91.44,92.31,93.08,92.47,92.47,90.01,90.01,90.01,90.15,88.33,89.96,89.96,88.45,89.18,89.18,87.45,87.45,89.92,84.58,84.87,83.58,83.63,84.17,84.94,84.65,84.46,84.78,85.69,84.24,83.48,83.48,87.07,87.07,85.99,86.64,86.64,86.64,87.14,84.06,84.06,85.60,85.60,85.60,85.52,86.03,86.03,86.03,86.03,87.43,87.43,86.01,86.67,86.67,88.20,87.84,89.32,89.72,88.78,87.55,88.55,88.47,87.29,85.93,84.97,83.68,83.65,83.82,83.22,82.33,82.20,82.20,81.48,81.56,81.91,81.91,80.35,82.12,82.22,82.22,82.22,82.41,81.45,80.67,80.77,80.47,80.53,81.65,80.16,80.99,79.42,79.06
Producto,0.002074336,03213159,CALZADO PARA NIÑAS Y NIÑOS,95.12,95.06,96.80,97.92,99.06,100.03,100.03,102.32,100.73,99.25,99.25,101.05,101.05,94.42,94.42,94.42,94.42,99.82,99.82,99.82,96.64,96.80,96.80,96.80,96.80,96.80,96.80,96.80,96.80,96.25,96.25,95.89,95.89,95.89,98.22,98.08,98.08,98.08,98.08,98.08,97.60,97.60,97.60,95.71,95.71,95.43,94.63,94.63,96.40,97.98,96.73,96.73,91.70,91.70,91.70,92.08,91.32,92.58,92.58,89.49,92.58,92.58,92.58,92.58,86.51,87.37,88.12,85.72,85.72,86.83,88.40,88.40,88.40,88.40,88.40,85.45,83.60,83.60,86.49,86.49,84.28,85.61,85.61,85.61,86.63,86.63,86.63,89.78,89.78,89.78,89.78,90.81,90.81,90.81,90.81,91.99,91.99,89.09,90.48,90.48,93.60,92.86,95.89,96.69,95.48,92.97,94.16,94.16,91.53,91.53,91.53,90.83,90.83,91.17,89.96,86.82,86.56,86.56,86.36,86.36,86.36,86.36,83.17,86.79,87.05,87.05,87.05,87.65,85.57,83.99,83.17,83.87,83.87,86.08,86.08,86.08,82.88,82.88
Producto,0.001957433,03213160,ZAPATOS DEPORTIVOS PARA NIÑAS Y NIÑOS,98.06,98.06,98.06,101.81,101.81,104.63,104.63,104.63,104.63,104.63,104.63,104.63,104.63,104.63,104.63,104.63,105.87,105.87,105.87,105.87,105.87,105.87,105.87,100.32,100.32,100.32,100.32,100.32,100.32,88.34,88.34,89.35,89.35,89.35,82.65,87.63,87.91,87.91,87.91,84.30,84.30,83.32,83.32,83.32,84.92,84.92,87.08,87.08,87.08,87.08,87.08,87.08,87.08,87.08,87.08,87.08,83.93,86.06,86.06,86.06,84.44,84.44,80.79,80.79,92.23,80.48,80.48,80.48,80.48,80.48,80.48,79.97,79.97,80.58,82.48,82.48,82.78,82.78,87.34,87.34,87.34,87.34,87.34,87.34,87.34,80.74,80.74,80.74,80.74,80.74,80.74,80.74,80.74,80.74,80.74,82.48,82.48,82.48,82.48,82.48,82.48,82.48,82.48,82.48,82.48,82.48,82.48,82.48,82.48,79.62,77.60,75.98,75.98,75.98,75.98,77.33,77.33,77.33,76.03,76.18,76.92,76.92,76.92,76.92,76.92,76.92,76.92,76.92,76.92,76.92,78.07,76.71,76.71,76.71,73.56,75.36,75.36,74.48
Producto,0.000119615,03213161,BOTAS PARA NIÑAS Y NIÑOS,109.53,109.53,109.53,107.46,108.44,108.44,108.44,106.17,106.17,103.09,103.09,105.55,110.37,108.07,108.07,108.07,108.07,108.07,108.07,108.07,108.07,108.07,108.07,107.56,107.56,107.56,107.56,107.56,107.56,107.13,107.13,107.56,106.40,106.40,106.40,106.40,106.40,106.40,106.40,106.40,105.46,105.46,105.46,105.46,105.46,106.40,106.40,106.40,106.40,106.40,106.40,106.40,106.40,106.40,106.40,104.99,106.40,106.40,106.40,106.40,106.40,106.40,106.40,106.40,106.40,101.42,99.22,95.78,97.26,97.26,97.26,96.09,90.58,91.47,91.47,91.47,91.47,91.47,91.47,91.47,91.47,91.47,91.47,91.47,91.47,93.28,93.28,93.28,93.28,93.28,91.11,91.11,91.11,91.11,91.11,91.11,91.11,91.11,90.68,90.68,90.68,90.68,90.68,90.68,80.79,80.79,92.80,90.59,93.56,93.56,93.56,88.58,87.60,87.60,87.60,87.60,87.60,87.60,87.60,87.60,87.60,87.60,87.60,87.60,86.66,86.66,86.66,83.95,85.44,85.44,83.95,83.95,85.76,86.87,87.05,86.37,86.37,88.03
Subclase,0.000674382,03214,Zapatos de niños y niñas de 0 a 2 años,96.62,95.96,97.83,100.71,101.29,101.29,95.95,101.03,94.68,94.68,94.68,94.68,94.68,94.68,94.68,94.68,94.68,94.68,94.68,93.85,93.85,93.85,88.59,88.50,88.50,88.50,87.38,88.14,88.14,87.99,87.99,87.99,87.22,87.22,85.74,86.67,86.67,86.67,86.67,86.67,86.36,82.99,81.38,81.38,81.38,80.67,79.76,82.01,82.01,82.01,82.01,82.01,82.01,82.01,79.58,82.01,79.40,82.01,82.01,84.53,84.53,84.53,84.53,84.53,84.53,82.52,82.52,80.84,81.61,82.05,82.05,81.55,81.55,80.80,80.80,81.27,81.91,81.91,81.91,75.01,75.66,75.66,76.26,76.26,76.26,76.26,74.82,74.82,76.53,75.68,75.76,75.31,75.31,75.31,75.31,76.54,76.54,76.54,76.54,76.54,76.54,76.54,77.21,77.21,77.21,77.21,77.21,76.76,76.16,76.16,76.16,76.42,76.42,76.41,76.04,76.04,76.69,75.53,75.53,75.53,75.53,75.53,75.53,75.53,76.02,76.02,76.02,77.11,77.87,77.87,77.87,76.29,73.41,72.64,75.90,75.72,76.67,76.67
Producto,0.000674382,03214162,CALZADO PARA BEBÉ,96.62,95.96,97.83,100.71,101.29,101.29,95.95,101.03,94.68,94.68,94.68,94.68,94.68,94.68,94.68,94.68,94.68,94.68,94.68,93.85,93.85,93.85,88.59,88.50,88.50,88.50,87.38,88.14,88.14,87.99,87.99,87.99,87.22,87.22,85.74,86.67,86.67,86.67,86.67,86.67,86.36,82.99,81.38,81.38,81.38,80.67,79.76,82.01,82.01,82.01,82.01,82.01,82.01,82.01,79.58,82.01,79.40,82.01,82.01,84.53,84.53,84.53,84.53,84.53,84.53,82.52,82.52,80.84,81.61,82.05,82.05,81.55,81.55,80.80,80.80,81.27,81.91,81.91,81.91,75.01,75.66,75.66,76.26,76.26,76.26,76.26,74.82,74.82,76.53,75.68,75.76,75.31,75.31,75.31,75.31,76.54,76.54,76.54,76.54,76.54,76.54,76.54,77.21,77.21,77.21,77.21,77.21,76.76,76.16,76.16,76.16,76.42,76.42,76.41,76.04,76.04,76.69,75.53,75.53,75.53,75.53,75.53,75.53,75.53,76.02,76.02,76.02,77.11,77.87,77.87,77.87,76.29,73.41,72.64,75.90,75.72,76.67,76.67
Clase,0.000507072,0322,Reparación y alquiler de calzado (S),106.48,106.48,106.48,106.48,108.13,110.12,110.12,110.12,110.12,113.39,113.39,113.39,116.70,116.70,116.70,116.70,116.70,116.70,119.61,119.61,119.61,119.61,119.61,119.61,119.61,119.61,119.61,119.61,119.61,119.61,119.61,119.61,119.61,119.61,119.61,119.61,119.61,119.61,119.61,119.61,119.61,122.51,122.51,122.51,122.51,122.51,122.51,122.51,122.51,122.51,122.51,122.51,121.86,121.86,121.86,121.86,121.86,121.86,121.86,121.86,121.86,121.86,121.86,121.86,121.86,121.86,121.86,121.86,121.86,121.86,121.86,121.86,122.61,122.61,123.32,123.32,123.32,123.32,123.32,123.32,123.32,131.41,136.33,133.06,133.06,133.06,140.12,144.10,145.61,144.24,144.24,145.43,145.43,146.21,146.21,146.21,146.21,140.12,141.64,144.77,141.64,141.64,143.81,143.81,143.81,143.81,143.81,143.81,143.08,145.77,145.77,148.00,148.00,148.00,151.75,151.75,151.75,151.75,151.75,151.75,151.75,151.75,151.75,151.75,151.75,151.75,151.75,154.07,154.07,154.07,154.07,152.57,152.57,152.57,152.57,152.57,153.91,152.57
Subclase,0.000507072,03221,Reparación y alquiler de calzado,106.48,106.48,106.48,106.48,108.13,110.12,110.12,110.12,110.12,113.39,113.39,113.39,116.70,116.70,116.70,116.70,116.70,116.70,119.61,119.61,119.61,119.61,119.61,119.61,119.61,119.61,119.61,119.61,119.61,119.61,119.61,119.61,119.61,119.61,119.61,119.61,119.61,119.61,119.61,119.61,119.61,122.51,122.51,122.51,122.51,122.51,122.51,122.51,122.51,122.51,122.51,122.51,121.86,121.86,121.86,121.86,121.86,121.86,121.86,121.86,121.86,121.86,121.86,121.86,121.86,121.86,121.86,121.86,121.86,121.86,121.86,121.86,122.61,122.61,123.32,123.32,123.32,123.32,123.32,123.32,123.32,131.41,136.33,133.06,133.06,133.06,140.12,144.10,145.61,144.24,144.24,145.43,145.43,146.21,146.21,146.21,146.21,140.12,141.64,144.77,141.64,141.64,143.81,143.81,143.81,143.81,143.81,143.81,143.08,145.77,145.77,148.00,148.00,148.00,151.75,151.75,151.75,151.75,151.75,151.75,151.75,151.75,151.75,151.75,151.75,151.75,151.75,154.07,154.07,154.07,154.07,152.57,152.57,152.57,152.57,152.57,153.91,152.57
Producto,0.000507072,03221163,LIMPIEZA Y REPARACIÓN DE CALZADO,106.48,106.48,106.48,106.48,108.13,110.12,110.12,110.12,110.12,113.39,113.39,113.39,116.70,116.70,116.70,116.70,116.70,116.70,119.61,119.61,119.61,119.61,119.61,119.61,119.61,119.61,119.61,119.61,119.61,119.61,119.61,119.61,119.61,119.61,119.61,119.61,119.61,119.61,119.61,119.61,119.61,122.51,122.51,122.51,122.51,122.51,122.51,122.51,122.51,122.51,122.51,122.51,121.86,121.86,121.86,121.86,121.86,121.86,121.86,121.86,121.86,121.86,121.86,121.86,121.86,121.86,121.86,121.86,121.86,121.86,121.86,121.86,122.61,122.61,123.32,123.32,123.32,123.32,123.32,123.32,123.32,131.41,136.33,133.06,133.06,133.06,140.12,144.10,145.61,144.24,144.24,145.43,145.43,146.21,146.21,146.21,146.21,140.12,141.64,144.77,141.64,141.64,143.81,143.81,143.81,143.81,143.81,143.81,143.08,145.77,145.77,148.00,148.00,148.00,151.75,151.75,151.75,151.75,151.75,151.75,151.75,151.75,151.75,151.75,151.75,151.75,151.75,154.07,154.07,154.07,154.07,152.57,152.57,152.57,152.57,152.57,153.91,152.57
División,0.082995127,04,"Alojamiento, agua, electricidad, gas y otros combustibles",102.94,103.03,103.28,103.18,103.36,103.53,103.72,103.90,103.86,103.97,103.97,103.98,103.99,104.36,104.47,104.48,104.38,104.43,104.53,104.38,104.47,104.75,104.75,104.94,105.01,105.26,105.34,105.56,105.73,106.80,106.82,106.96,106.95,106.87,106.85,106.87,106.80,106.79,106.83,106.84,106.92,106.96,106.85,106.79,106.79,106.79,106.82,106.84,106.80,107.08,106.69,106.65,106.64,107.02,106.97,106.92,107.01,107.04,107.04,106.99,107.04,107.02,107.15,106.95,106.84,106.69,106.83,106.78,106.75,106.69,106.73,106.77,106.70,106.71,106.61,106.64,106.67,106.71,106.47,106.51,106.55,106.48,106.36,106.29,106.46,106.67,106.52,106.27,106.37,106.49,106.59,106.59,106.76,106.68,106.60,106.63,106.61,107.16,107.48,107.61,107.80,108.07,108.04,108.25,108.36,108.44,108.52,108.55,108.73,108.75,108.86,109.11,109.12,109.15,100.19,109.29,109.35,109.46,109.41,89.43,89.44,89.35,89.50,89.48,109.49,109.57,109.62,109.76,109.82,109.90,109.91,109.92,110.35,110.47,110.60,110.70,110.85,110.85
Grupo,0.038323871,041,Alquileres efectivos del alojamiento,98.82,98.88,99.52,99.90,100.10,100.46,100.83,101.16,101.09,101.41,101.33,101.36,101.36,101.77,101.99,101.99,101.79,101.77,101.96,101.68,101.85,102.41,102.43,102.80,103.00,103.43,103.74,104.17,104.54,104.67,104.71,104.97,104.96,104.79,104.75,104.79,104.65,104.62,104.70,104.70,104.84,104.92,104.74,104.62,104.62,104.64,104.71,104.75,104.67,105.16,105.12,105.03,105.00,105.01,104.90,104.90,105.08,105.16,105.18,105.08,105.17,104.81,105.07,104.78,104.51,104.22,104.47,104.38,104.32,104.21,104.34,104.38,104.32,104.32,104.20,104.24,104.29,104.36,103.99,104.06,104.11,103.98,103.83,103.65,103.59,104.02,103.85,103.36,103.58,103.76,103.93,103.95,104.24,104.15,103.99,104.00,104.00,105.03,105.43,105.68,106.08,106.19,106.10,106.53,106.75,106.89,107.04,107.10,107.17,107.23,107.44,107.51,107.51,107.53,107.64,107.85,107.98,108.17,108.12,108.08,108.05,107.94,107.96,107.92,108.02,108.22,108.26,108.53,108.81,108.93,108.95,108.98,109.65,109.88,110.04,110.24,110.53,110.58
Clase,0.038323871,0411,Alquileres efectivos pagados por los inquilinos (S),98.82,98.88,99.52,99.90,100.10,100.46,100.83,101.16,101.09,101.41,101.33,101.36,101.36,101.77,101.99,101.99,101.79,101.77,101.96,101.68,101.85,102.41,102.43,102.80,103.00,103.43,103.74,104.17,104.54,104.67,104.71,104.97,104.96,104.79,104.75,104.79,104.65,104.62,104.70,104.70,104.84,104.92,104.74,104.62,104.62,104.64,104.71,104.75,104.67,105.16,105.12,105.03,105.00,105.01,104.90,104.90,105.08,105.16,105.18,105.08,105.17,104.81,105.07,104.78,104.51,104.22,104.47,104.38,104.32,104.21,104.34,104.38,104.32,104.32,104.20,104.24,104.29,104.36,103.99,104.06,104.11,103.98,103.83,103.65,103.59,104.02,103.85,103.36,103.58,103.76,103.93,103.95,104.24,104.15,103.99,104.00,104.00,105.03,105.43,105.68,106.08,106.19,106.10,106.53,106.75,106.89,107.04,107.10,107.17,107.23,107.44,107.51,107.51,107.53,107.64,107.85,107.98,108.17,108.12,108.08,108.05,107.94,107.96,107.92,108.02,108.22,108.26,108.53,108.81,108.93,108.95,108.98,109.65,109.88,110.04,110.24,110.53,110.58
Subclase,0.038323871,04111,Alquileres efectivos de la vivienda,98.82,98.88,99.52,99.90,100.10,100.46,100.83,101.16,101.09,101.41,101.33,101.36,101.36,101.77,101.99,101.99,101.79,101.77,101.96,101.68,101.85,102.41,102.43,102.80,103.00,103.43,103.74,104.17,104.54,104.67,104.71,104.97,104.96,104.79,104.75,104.79,104.65,104.62,104.70,104.70,104.84,104.92,104.74,104.62,104.62,104.64,104.71,104.75,104.67,105.16,105.12,105.03,105.00,105.01,104.90,104.90,105.08,105.16,105.18,105.08,105.17,104.81,105.07,104.78,104.51,104.22,104.47,104.38,104.32,104.21,104.34,104.38,104.32,104.32,104.20,104.24,104.29,104.36,103.99,104.06,104.11,103.98,103.83,103.65,103.59,104.02,103.85,103.36,103.58,103.76,103.93,103.95,104.24,104.15,103.99,104.00,104.00,105.03,105.43,105.68,106.08,106.19,106.10,106.53,106.75,106.89,107.04,107.10,107.17,107.23,107.44,107.51,107.51,107.53,107.64,107.85,107.98,108.17,108.12,108.08,108.05,107.94,107.96,107.92,108.02,108.22,108.26,108.53,108.81,108.93,108.95,108.98,109.65,109.88,110.04,110.24,110.53,110.58
Producto,0.018519433,04111164,ALQUILER DE CASA,98.50,98.48,99.89,100.03,100.19,101.19,101.72,102.02,101.71,102.18,102.08,102.22,102.21,103.04,103.34,103.34,102.83,102.83,103.28,102.75,103.27,104.32,104.32,104.68,105.07,105.41,105.41,105.77,106.45,106.45,106.45,106.94,106.94,106.61,106.54,106.60,105.92,105.92,105.92,105.92,106.06,106.16,105.88,105.63,105.63,105.63,105.79,105.84,105.84,106.95,106.95,106.95,106.95,106.95,106.59,106.59,106.83,106.96,106.96,106.71,106.88,106.33,106.47,106.17,106.01,105.91,105.91,105.91,105.91,105.72,105.72,105.72,105.54,105.54,105.69,105.80,105.93,105.93,105.57,105.57,105.72,105.37,105.38,105.15,104.90,105.56,105.31,104.53,105.01,105.25,105.62,105.69,106.17,105.97,105.97,105.97,105.97,107.57,108.01,108.20,108.54,108.54,108.50,109.58,109.58,109.65,109.97,109.60,109.60,109.64,110.10,110.10,110.10,110.10,110.10,110.10,110.10,110.33,110.22,110.14,110.07,110.15,110.15,110.07,110.07,110.28,110.28,110.71,111.21,111.21,111.21,111.21,112.14,112.36,112.70,112.70,112.70,112.70
Producto,0.013111185,04111165,ALQUILER DE DEPARTAMENTO,99.40,99.69,99.36,99.89,100.11,100.30,100.39,101.16,101.55,101.77,101.71,101.54,101.54,101.24,101.34,101.34,101.32,101.51,101.43,101.47,101.70,101.80,101.86,101.63,101.55,101.97,102.15,102.24,102.24,102.16,102.34,102.34,102.28,102.31,102.31,102.34,102.43,102.31,102.39,102.37,102.71,102.71,102.71,102.78,102.78,102.66,102.60,102.64,102.50,102.40,102.26,102.11,101.99,102.03,102.34,102.34,102.34,102.38,102.45,102.43,102.31,102.29,102.29,101.97,101.75,101.65,101.61,101.50,101.29,101.25,101.27,101.41,101.36,101.36,101.36,101.40,101.34,101.18,101.39,101.43,101.33,101.50,101.21,100.83,100.89,100.20,100.05,99.78,99.65,99.82,99.72,99.64,99.75,99.67,99.44,99.47,99.47,99.35,99.58,99.79,99.91,100.35,100.69,100.57,100.76,100.80,100.75,100.84,100.94,101.09,100.95,101.08,101.07,101.15,101.19,101.36,101.87,101.87,101.87,101.91,101.93,101.95,102.04,102.04,102.01,102.10,102.27,102.28,102.31,102.47,102.55,102.66,103.48,103.63,103.72,103.88,104.20,104.37
Producto,0.006693254,04111166,ALQUILER DE PIEZA,98.92,98.92,98.74,99.58,99.86,98.71,99.04,98.87,98.87,98.87,98.87,98.87,98.87,99.03,99.21,99.21,99.63,99.25,99.09,99.09,98.26,98.09,98.09,99.30,99.30,100.00,101.28,102.37,102.37,103.09,103.09,103.09,103.09,103.09,103.09,103.09,104.10,104.10,104.39,104.39,104.27,104.43,104.26,104.26,104.26,104.52,104.52,104.52,104.29,103.89,103.89,103.64,103.64,103.64,103.64,103.64,103.89,103.89,103.89,104.10,104.21,103.95,104.83,104.64,104.02,102.96,104.27,103.94,103.94,103.94,104.56,104.56,104.79,104.79,103.83,103.67,103.67,104.24,103.09,103.34,103.34,103.43,103.04,103.25,103.53,104.78,104.78,104.77,104.77,104.77,104.77,104.77,104.77,104.94,104.46,104.46,104.46,105.48,105.98,106.42,107.33,107.33,106.58,105.94,106.81,107.22,107.22,108.39,108.59,108.59,108.59,108.77,108.77,108.77,109.28,110.06,110.06,110.43,110.43,110.43,110.43,109.65,109.65,109.65,110.17,110.48,110.48,110.63,110.63,111.04,111.04,111.04,110.84,111.20,110.95,111.78,112.78,112.78
Grupo,0.004485941,043,Conservación y reparación de la vivienda,101.21,102.47,101.84,101.77,101.77,101.77,101.89,101.84,101.84,101.84,102.48,102.48,102.55,104.86,104.86,104.94,104.94,105.25,105.25,105.24,105.23,105.29,105.14,105.14,104.59,104.45,104.60,104.60,104.43,104.33,104.33,104.33,104.28,104.52,104.52,104.52,104.52,104.52,104.52,104.52,104.69,104.69,104.32,104.32,104.32,104.10,104.04,104.04,104.04,104.05,104.05,104.16,104.28,104.38,104.41,104.41,104.43,104.16,104.16,104.16,104.16,104.16,104.16,103.53,103.96,103.93,104.16,104.14,104.14,103.99,103.43,103.99,103.99,104.10,103.37,103.57,103.57,103.57,103.41,103.74,103.84,105.65,105.20,105.49,108.89,108.57,109.47,109.43,109.24,109.82,110.34,110.26,110.86,110.14,109.98,110.65,110.08,110.78,110.97,110.97,110.85,110.77,111.04,111.06,111.06,111.33,111.83,111.82,111.25,111.09,111.10,110.88,111.01,110.82,110.91,110.47,110.47,110.58,110.15,110.15,109.72,109.55,110.89,110.89,111.08,110.63,111.18,111.32,110.75,111.13,111.22,111.08,111.81,111.91,112.18,112.14,111.58,111.24
Clase,0.002530953,0431,Materiales para la conservación y la reparación de la vivienda (ND),99.81,101.18,100.04,99.84,99.85,99.85,100.11,100.01,100.01,100.01,101.47,101.47,101.63,101.87,101.87,102.06,102.06,102.75,102.75,102.73,102.71,102.84,102.49,102.49,101.23,100.92,101.26,101.26,100.88,100.64,100.64,100.64,100.53,101.08,101.08,101.08,101.08,101.08,101.08,101.08,101.48,101.48,100.61,100.61,100.61,100.12,99.97,99.97,99.97,100.00,100.00,100.25,100.52,100.77,100.83,100.83,100.87,100.26,100.26,100.26,100.26,100.26,100.26,98.82,99.79,99.73,100.24,100.21,100.21,99.87,98.57,99.87,99.87,100.12,98.44,98.90,98.90,98.90,98.53,99.29,99.51,103.68,102.64,103.30,111.13,110.39,112.46,112.35,111.92,113.24,114.45,114.27,115.63,114.00,113.63,115.17,113.84,115.45,115.90,115.88,115.62,115.43,116.05,116.10,116.10,116.71,117.86,117.84,116.53,116.17,116.19,115.68,116.00,115.54,115.75,114.75,114.75,114.99,114.01,114.01,113.02,112.63,115.70,115.70,116.15,115.10,116.38,116.70,115.38,116.25,116.47,116.15,117.83,118.05,118.68,118.58,117.30,116.52
Subclase,0.002530953,04311,Materiales para la conservación y la reparación de la vivienda,99.81,101.18,100.04,99.84,99.85,99.85,100.11,100.01,100.01,100.01,101.47,101.47,101.63,101.87,101.87,102.06,102.06,102.75,102.75,102.73,102.71,102.84,102.49,102.49,101.23,100.92,101.26,101.26,100.88,100.64,100.64,100.64,100.53,101.08,101.08,101.08,101.08,101.08,101.08,101.08,101.48,101.48,100.61,100.61,100.61,100.12,99.97,99.97,99.97,100.00,100.00,100.25,100.52,100.77,100.83,100.83,100.87,100.26,100.26,100.26,100.26,100.26,100.26,98.82,99.79,99.73,100.24,100.21,100.21,99.87,98.57,99.87,99.87,100.12,98.44,98.90,98.90,98.90,98.53,99.29,99.51,103.68,102.64,103.30,111.13,110.39,112.46,112.35,111.92,113.24,114.45,114.27,115.63,114.00,113.63,115.17,113.84,115.45,115.90,115.88,115.62,115.43,116.05,116.10,116.10,116.71,117.86,117.84,116.53,116.17,116.19,115.68,116.00,115.54,115.75,114.75,114.75,114.99,114.01,114.01,113.02,112.63,115.70,115.70,116.15,115.10,116.38,116.70,115.38,116.25,116.47,116.15,117.83,118.05,118.68,118.58,117.30,116.52
Producto,0.000635136,04311167,CEMENTO,100.87,100.87,100.87,100.87,100.87,100.87,100.87,100.87,100.87,100.87,101.33,101.33,102.46,102.27,102.27,102.89,102.89,104.68,104.68,104.58,104.45,104.36,104.36,104.36,104.05,104.05,105.60,105.60,105.60,103.10,103.10,103.10,103.10,103.78,103.78,103.78,103.78,103.78,103.78,103.78,102.88,102.88,102.88,102.88,102.88,102.88,102.55,102.55,102.55,102.57,102.57,102.57,102.13,102.13,102.13,102.13,102.35,103.32,103.32,103.32,103.32,103.32,103.32,103.77,103.54,103.54,103.54,103.54,103.54,103.54,103.54,103.54,103.54,105.27,105.40,104.96,104.96,104.96,105.05,105.05,104.26,102.77,102.88,103.22,103.49,107.47,108.43,107.66,107.77,107.55,107.55,107.55,106.05,106.05,106.05,106.05,105.83,106.96,105.39,104.83,104.83,104.04,104.04,104.38,104.38,104.38,104.27,104.16,103.75,103.75,103.89,100.27,100.36,99.35,98.74,98.74,98.74,98.74,98.52,98.52,98.29,97.60,97.77,97.76,97.53,97.25,98.46,97.37,97.49,98.73,100.09,99.74,100.33,100.33,100.09,99.33,100.99,103.25
Producto,0.001220167,04311168,PINTURA,101.11,103.45,101.76,101.34,101.34,101.34,101.63,101.63,101.63,101.63,102.74,102.74,102.74,103.14,103.14,103.14,103.14,103.51,103.51,103.51,103.51,103.71,103.20,103.20,101.06,100.59,100.59,100.59,100.12,100.47,100.47,100.47,100.47,100.98,100.98,100.98,100.98,100.98,100.98,100.98,101.12,101.12,99.84,99.84,99.84,99.09,99.09,99.09,99.09,99.13,99.13,99.51,100.40,100.77,100.77,100.77,100.77,99.45,99.45,99.45,99.45,99.45,99.45,97.20,98.70,98.70,99.46,99.41,99.41,98.88,96.95,98.88,98.88,98.88,96.24,97.02,97.02,97.02,96.45,97.58,97.58,102.47,100.45,101.36,112.72,110.76,113.69,113.69,114.07,116.09,117.04,117.04,118.84,116.95,116.95,119.72,117.64,119.79,120.30,120.40,120.40,120.40,120.78,120.78,120.78,121.87,123.44,123.44,121.73,121.73,121.73,121.76,122.22,121.76,122.56,120.93,120.93,120.93,119.54,119.54,118.11,117.00,121.54,121.54,122.54,121.03,123.18,123.70,121.70,122.94,122.94,122.46,124.13,124.30,125.29,125.31,123.23,121.43
Producto,0.00067565,04311169,MATERIALES PARA REPARACIÓN DE LA VIVIENDA,94.21,93.12,93.12,93.56,93.58,93.58,93.94,93.38,93.38,93.38,96.92,96.92,96.92,96.92,96.92,97.43,97.43,98.44,98.44,98.44,98.44,98.44,98.44,98.44,99.64,99.64,100.25,100.25,99.90,99.31,99.31,99.31,98.70,99.31,99.31,99.31,99.31,99.31,99.31,99.31,101.66,101.66,101.66,101.66,101.66,101.66,101.13,101.13,101.13,101.13,101.13,101.13,99.67,99.67,100.04,100.04,100.04,100.78,100.78,100.78,100.78,100.78,100.78,100.78,100.78,100.47,100.49,100.49,100.49,100.55,100.55,100.55,100.55,100.55,100.95,100.95,100.95,100.95,100.95,100.95,102.80,108.78,110.44,110.44,111.37,111.37,111.17,111.17,107.38,107.38,110.51,109.52,111.54,109.52,107.53,105.76,106.35,106.35,108.18,108.18,106.77,106.33,108.29,108.29,108.29,107.67,108.26,108.26,107.67,105.72,105.72,105.71,105.71,105.71,104.41,104.88,104.88,106.19,106.11,106.11,106.11,108.62,108.62,108.62,107.64,107.64,105.81,106.49,106.49,105.76,105.83,106.16,108.75,109.30,109.30,109.30,108.58,109.14
Clase,0.001954988,0432,Servicios para la conservación y la reparación de la vivienda (S),102.30,103.46,103.23,103.26,103.26,103.26,103.26,103.26,103.26,103.26,103.26,103.26,103.26,107.17,107.17,107.17,107.17,107.17,107.17,107.17,107.17,107.17,107.17,107.17,107.17,107.17,107.17,107.17,107.17,107.17,107.17,107.17,107.17,107.17,107.17,107.17,107.17,107.17,107.17,107.17,107.17,107.17,107.17,107.17,107.17,107.17,107.17,107.17,107.17,107.17,107.17,107.17,107.17,107.17,107.17,107.17,107.17,107.17,107.17,107.17,107.17,107.17,107.17,107.17,107.17,107.17,107.17,107.17,107.17,107.17,107.17,107.17,107.17,107.17,107.17,107.17,107.17,107.17,107.17,107.17,107.17,107.17,107.17,107.17,107.17,107.17,107.17,107.17,107.17,107.17,107.17,107.17,107.17,107.17,107.17,107.17,107.17,107.17,107.17,107.17,107.17,107.17,107.17,107.17,107.17,107.17,107.17,107.17,107.17,107.17,107.17,107.17,107.17,107.17,107.17,107.17,107.17,107.17,107.17,107.17,107.17,107.17,107.17,107.17,107.17,107.17,107.17,107.17,107.17,107.17,107.17,107.17,107.17,107.17,107.17,107.17,107.17,107.17
Subclase,0.001954988,04321,Servicios para la conservación y la reparación de la vivienda,102.30,103.46,103.23,103.26,103.26,103.26,103.26,103.26,103.26,103.26,103.26,103.26,103.26,107.17,107.17,107.17,107.17,107.17,107.17,107.17,107.17,107.17,107.17,107.17,107.17,107.17,107.17,107.17,107.17,107.17,107.17,107.17,107.17,107.17,107.17,107.17,107.17,107.17,107.17,107.17,107.17,107.17,107.17,107.17,107.17,107.17,107.17,107.17,107.17,107.17,107.17,107.17,107.17,107.17,107.17,107.17,107.17,107.17,107.17,107.17,107.17,107.17,107.17,107.17,107.17,107.17,107.17,107.17,107.17,107.17,107.17,107.17,107.17,107.17,107.17,107.17,107.17,107.17,107.17,107.17,107.17,107.17,107.17,107.17,107.17,107.17,107.17,107.17,107.17,107.17,107.17,107.17,107.17,107.17,107.17,107.17,107.17,107.17,107.17,107.17,107.17,107.17,107.17,107.17,107.17,107.17,107.17,107.17,107.17,107.17,107.17,107.17,107.17,107.17,107.17,107.17,107.17,107.17,107.17,107.17,107.17,107.17,107.17,107.17,107.17,107.17,107.17,107.17,107.17,107.17,107.17,107.17,107.17,107.17,107.17,107.17,107.17,107.17
Producto,0.001954988,04321170,SERVICIOS DE REPARACIÓN DE LA VIVIENDA,102.30,103.46,103.23,103.26,103.26,103.26,103.26,103.26,103.26,103.26,103.26,103.26,103.26,107.17,107.17,107.17,107.17,107.17,107.17,107.17,107.17,107.17,107.17,107.17,107.17,107.17,107.17,107.17,107.17,107.17,107.17,107.17,107.17,107.17,107.17,107.17,107.17,107.17,107.17,107.17,107.17,107.17,107.17,107.17,107.17,107.17,107.17,107.17,107.17,107.17,107.17,107.17,107.17,107.17,107.17,107.17,107.17,107.17,107.17,107.17,107.17,107.17,107.17,107.17,107.17,107.17,107.17,107.17,107.17,107.17,107.17,107.17,107.17,107.17,107.17,107.17,107.17,107.17,107.17,107.17,107.17,107.17,107.17,107.17,107.17,107.17,107.17,107.17,107.17,107.17,107.17,107.17,107.17,107.17,107.17,107.17,107.17,107.17,107.17,107.17,107.17,107.17,107.17,107.17,107.17,107.17,107.17,107.17,107.17,107.17,107.17,107.17,107.17,107.17,107.17,107.17,107.17,107.17,107.17,107.17,107.17,107.17,107.17,107.17,107.17,107.17,107.17,107.17,107.17,107.17,107.17,107.17,107.17,107.17,107.17,107.17,107.17,107.17
Grupo,0.01578502,044,Suministro de agua y servicios diversos relacionados con la vivienda,122.99,122.99,122.99,123.18,123.18,123.18,123.18,123.26,123.26,123.26,123.26,123.26,123.27,123.27,123.27,123.27,123.27,123.61,123.61,123.55,123.55,123.55,123.55,123.55,123.55,123.86,123.31,123.31,123.31,129.97,129.97,129.97,129.97,129.97,129.97,129.97,129.97,129.65,129.65,129.72,129.72,129.72,129.72,129.72,129.72,129.72,129.72,129.72,129.72,129.68,129.68,129.68,129.68,129.68,129.68,129.68,129.68,129.68,129.68,129.68,129.68,130.55,130.55,130.37,130.37,130.37,130.37,130.37,130.37,130.37,130.37,130.37,130.37,130.37,130.37,130.37,130.37,130.37,130.37,130.37,130.37,130.36,130.36,130.36,130.36,130.17,129.50,129.50,129.50,129.50,129.50,129.50,129.50,129.50,129.50,129.50,129.50,129.50,130.11,130.11,130.11,131.85,131.85,131.85,131.85,131.85,131.85,131.85,131.85,131.85,131.85,132.92,132.92,133.10,133.10,133.10,133.10,133.10,133.10,133.10,133.10,132.89,133.86,133.83,133.83,133.83,133.83,133.83,133.83,133.83,133.83,133.83,133.83,133.83,134.06,134.06,134.32,134.32
Clase,0.012677546,0441,Suministro de agua (ND),124.91,124.91,124.91,124.91,124.91,124.91,124.91,124.91,124.91,124.91,124.91,124.91,124.91,124.91,124.91,124.91,124.91,124.91,124.91,124.91,124.91,124.91,124.91,124.91,124.91,125.51,124.91,124.91,124.91,132.37,132.37,132.37,132.37,132.37,132.37,132.37,132.37,132.37,132.37,132.37,132.37,132.37,132.37,132.37,132.37,132.37,132.37,132.37,132.37,132.37,132.37,132.37,132.37,132.37,132.37,132.37,132.37,132.37,132.37,132.37,132.37,132.37,132.37,132.37,132.37,132.37,132.37,132.37,132.37,132.37,132.37,132.37,132.37,132.37,132.37,132.37,132.37,132.37,132.37,132.37,132.37,132.37,132.37,132.37,132.37,132.37,132.37,132.37,132.37,132.37,132.37,132.37,132.37,132.37,132.37,132.37,132.37,132.37,132.37,132.37,132.37,134.26,134.26,134.26,134.26,134.26,134.26,134.26,134.26,134.26,134.26,134.26,134.26,134.46,134.46,134.46,134.46,134.46,134.46,134.46,134.46,134.46,134.76,134.76,134.76,134.76,134.76,134.76,134.76,134.76,134.76,134.76,134.76,134.76,134.76,134.76,134.76,134.76
Subclase,0.012677546,04411,Suministro de agua,124.91,124.91,124.91,124.91,124.91,124.91,124.91,124.91,124.91,124.91,124.91,124.91,124.91,124.91,124.91,124.91,124.91,124.91,124.91,124.91,124.91,124.91,124.91,124.91,124.91,125.51,124.91,124.91,124.91,132.37,132.37,132.37,132.37,132.37,132.37,132.37,132.37,132.37,132.37,132.37,132.37,132.37,132.37,132.37,132.37,132.37,132.37,132.37,132.37,132.37,132.37,132.37,132.37,132.37,132.37,132.37,132.37,132.37,132.37,132.37,132.37,132.37,132.37,132.37,132.37,132.37,132.37,132.37,132.37,132.37,132.37,132.37,132.37,132.37,132.37,132.37,132.37,132.37,132.37,132.37,132.37,132.37,132.37,132.37,132.37,132.37,132.37,132.37,132.37,132.37,132.37,132.37,132.37,132.37,132.37,132.37,132.37,132.37,132.37,132.37,132.37,134.26,134.26,134.26,134.26,134.26,134.26,134.26,134.26,134.26,134.26,134.26,134.26,134.46,134.46,134.46,134.46,134.46,134.46,134.46,134.46,134.46,134.76,134.76,134.76,134.76,134.76,134.76,134.76,134.76,134.76,134.76,134.76,134.76,134.76,134.76,134.76,134.76
Producto,0.012677546,04411171,SUMINISTRO DE AGUA,124.91,124.91,124.91,124.91,124.91,124.91,124.91,124.91,124.91,124.91,124.91,124.91,124.91,124.91,124.91,124.91,124.91,124.91,124.91,124.91,124.91,124.91,124.91,124.91,124.91,125.51,124.91,124.91,124.91,132.37,132.37,132.37,132.37,132.37,132.37,132.37,132.37,132.37,132.37,132.37,132.37,132.37,132.37,132.37,132.37,132.37,132.37,132.37,132.37,132.37,132.37,132.37,132.37,132.37,132.37,132.37,132.37,132.37,132.37,132.37,132.37,132.37,132.37,132.37,132.37,132.37,132.37,132.37,132.37,132.37,132.37,132.37,132.37,132.37,132.37,132.37,132.37,132.37,132.37,132.37,132.37,132.37,132.37,132.37,132.37,132.37,132.37,132.37,132.37,132.37,132.37,132.37,132.37,132.37,132.37,132.37,132.37,132.37,132.37,132.37,132.37,134.26,134.26,134.26,134.26,134.26,134.26,134.26,134.26,134.26,134.26,134.26,134.26,134.46,134.46,134.46,134.46,134.46,134.46,134.46,134.46,134.46,134.76,134.76,134.76,134.76,134.76,134.76,134.76,134.76,134.76,134.76,134.76,134.76,134.76,134.76,134.76,134.76
Clase,0.003107474,0444,Otros servicios relacionados con la vivienda n.e.p. (S),101.22,101.22,101.22,103.54,103.54,103.54,103.54,104.51,104.51,104.51,104.51,104.51,104.69,104.69,104.69,104.69,104.69,108.77,108.85,108.14,108.14,108.14,108.14,108.14,108.14,105.15,105.15,105.15,105.15,102.73,102.73,102.73,102.73,102.73,102.73,102.73,102.73,98.81,98.81,99.58,99.58,99.58,99.58,99.58,99.58,99.58,99.58,99.58,99.58,99.15,99.15,99.15,99.15,99.15,99.15,99.15,99.15,99.15,99.15,99.15,99.15,109.84,109.84,107.62,107.62,107.62,107.62,107.62,107.62,107.62,107.62,107.62,107.62,107.62,107.62,107.62,107.62,107.62,107.62,107.62,107.62,107.58,107.58,107.58,107.58,105.20,96.89,96.89,96.89,96.89,96.89,96.89,96.89,96.89,96.89,96.89,96.89,96.89,104.46,104.46,104.46,104.46,104.46,104.46,104.46,104.46,104.46,104.46,104.46,104.46,104.46,117.64,117.64,117.64,117.64,117.64,117.64,117.64,117.64,117.64,117.64,115.04,123.62,123.33,123.33,123.33,123.33,123.33,123.33,123.33,123.33,123.33,123.33,123.30,126.09,126.09,129.34,129.34
Subclase,0.003107474,04441,Servicios relacionados con la vivienda,101.22,101.22,101.22,103.54,103.54,103.54,103.54,104.51,104.51,104.51,104.51,104.51,104.69,104.69,104.69,104.69,104.69,108.77,108.85,108.14,108.14,108.14,108.14,108.14,108.14,105.15,105.15,105.15,105.15,102.73,102.73,102.73,102.73,102.73,102.73,102.73,102.73,98.81,98.81,99.58,99.58,99.58,99.58,99.58,99.58,99.58,99.58,99.58,99.58,99.15,99.15,99.15,99.15,99.15,99.15,99.15,99.15,99.15,99.15,99.15,99.15,109.84,109.84,107.62,107.62,107.62,107.62,107.62,107.62,107.62,107.62,107.62,107.62,107.62,107.62,107.62,107.62,107.62,107.62,107.62,107.62,107.58,107.58,107.58,107.58,105.20,96.89,96.89,96.89,96.89,96.89,96.89,96.89,96.89,96.89,96.89,96.89,96.89,104.46,104.46,104.46,104.46,104.46,104.46,104.46,104.46,104.46,104.46,104.46,104.46,104.46,117.64,117.64,117.64,117.64,117.64,117.64,117.64,117.64,117.64,117.64,115.04,123.62,123.33,123.33,123.33,123.33,123.33,123.33,123.33,123.33,123.33,123.33,123.30,126.09,126.09,129.34,129.34
Producto,0.003107474,04441172,SERVICIO DE SEGURIDAD DE LA VIVIENDA,101.22,101.22,101.22,103.54,103.54,103.54,103.54,104.51,104.51,104.51,104.51,104.51,104.69,104.69,104.69,104.69,104.69,108.77,108.85,108.14,108.14,108.14,108.14,108.14,108.14,105.15,105.15,105.15,105.15,102.73,102.73,102.73,102.73,102.73,102.73,102.73,102.73,98.81,98.81,99.58,99.58,99.58,99.58,99.58,99.58,99.58,99.58,99.58,99.58,99.15,99.15,99.15,99.15,99.15,99.15,99.15,99.15,99.15,99.15,99.15,99.15,109.84,109.84,107.62,107.62,107.62,107.62,107.62,107.62,107.62,107.62,107.62,107.62,107.62,107.62,107.62,107.62,107.62,107.62,107.62,107.62,107.58,107.58,107.58,107.58,105.20,96.89,96.89,96.89,96.89,96.89,96.89,96.89,96.89,96.89,96.89,96.89,96.89,104.46,104.46,104.46,104.46,104.46,104.46,104.46,104.46,104.46,104.46,104.46,104.46,104.46,117.64,117.64,117.64,117.64,117.64,117.64,117.64,117.64,117.64,117.64,115.04,123.62,123.33,123.33,123.33,123.33,123.33,123.33,123.33,123.33,123.33,123.33,123.30,126.09,126.09,129.34,129.34
Grupo,0.024400295,045,"Electricidad, gas y otros combustibles",99.92,99.92,99.77,98.73,98.98,98.98,98.98,98.98,98.98,98.83,98.83,98.83,98.83,99.05,99.05,99.05,99.05,99.05,99.05,99.05,99.05,99.05,99.05,99.05,99.05,99.05,99.05,99.05,99.05,99.05,99.05,99.05,99.05,99.05,99.05,99.05,99.05,99.21,99.21,99.21,99.21,99.21,99.21,99.21,99.21,99.21,99.21,99.21,99.21,99.34,98.12,98.12,98.12,99.34,99.34,99.18,99.18,99.18,99.18,99.18,99.18,99.27,99.27,99.27,99.27,99.27,99.27,99.27,99.27,99.27,99.27,99.27,99.15,99.15,99.15,99.15,99.15,99.15,99.00,99.00,99.00,98.71,98.63,98.63,98.77,98.87,98.87,98.87,98.87,98.87,98.82,98.82,98.82,98.82,98.82,98.82,98.82,98.82,98.90,98.90,98.90,98.75,98.75,98.75,98.75,98.75,98.67,98.67,99.25,99.25,99.25,99.47,99.47,99.47,69.56,99.47,99.47,99.47,99.47,33.27,33.43,33.43,33.19,33.19,99.40,99.40,99.40,99.40,99.24,99.24,99.24,99.24,99.43,99.43,99.43,99.43,99.43,99.40
Clase,0.02088336,0451,Electricidad (ND),100.46,100.46,100.46,99.20,99.50,99.50,99.50,99.50,99.50,99.50,99.50,99.50,99.50,99.76,99.76,99.76,99.76,99.76,99.76,99.76,99.76,99.76,99.76,99.76,99.76,99.76,99.76,99.76,99.76,99.76,99.76,99.76,99.76,99.76,99.76,99.76,99.76,99.97,99.97,99.97,99.97,99.97,99.97,99.97,99.97,99.97,99.97,99.97,99.97,100.13,98.63,98.63,98.63,100.13,100.13,100.13,100.13,100.13,100.13,100.13,100.13,100.25,100.25,100.25,100.25,100.25,100.25,100.25,100.25,100.25,100.25,100.25,100.25,100.25,100.25,100.25,100.25,100.25,100.25,100.25,100.25,100.25,100.25,100.25,100.25,100.25,100.25,100.25,100.25,100.25,100.25,100.25,100.25,100.25,100.25,100.25,100.25,100.25,100.25,100.25,100.25,100.25,100.25,100.25,100.25,100.25,100.25,100.25,101.46,101.46,101.46,101.46,101.46,101.46,64.79,101.46,101.46,101.46,101.46,20.28,20.48,20.48,20.48,20.48,101.66,101.66,101.66,101.66,101.66,101.66,101.66,101.66,101.91,101.91,101.91,101.91,101.91,101.91
Subclase,0.02088336,04511,Electricidad,100.46,100.46,100.46,99.20,99.50,99.50,99.50,99.50,99.50,99.50,99.50,99.50,99.50,99.76,99.76,99.76,99.76,99.76,99.76,99.76,99.76,99.76,99.76,99.76,99.76,99.76,99.76,99.76,99.76,99.76,99.76,99.76,99.76,99.76,99.76,99.76,99.76,99.97,99.97,99.97,99.97,99.97,99.97,99.97,99.97,99.97,99.97,99.97,99.97,100.13,98.63,98.63,98.63,100.13,100.13,100.13,100.13,100.13,100.13,100.13,100.13,100.25,100.25,100.25,100.25,100.25,100.25,100.25,100.25,100.25,100.25,100.25,100.25,100.25,100.25,100.25,100.25,100.25,100.25,100.25,100.25,100.25,100.25,100.25,100.25,100.25,100.25,100.25,100.25,100.25,100.25,100.25,100.25,100.25,100.25,100.25,100.25,100.25,100.25,100.25,100.25,100.25,100.25,100.25,100.25,100.25,100.25,100.25,101.46,101.46,101.46,101.46,101.46,101.46,64.79,101.46,101.46,101.46,101.46,20.28,20.48,20.48,20.48,20.48,101.66,101.66,101.66,101.66,101.66,101.66,101.66,101.66,101.91,101.91,101.91,101.91,101.91,101.91
Producto,0.02088336,04511173,SERVICIO DE CONSUMO ELÉCTRICO,100.46,100.46,100.46,99.20,99.50,99.50,99.50,99.50,99.50,99.50,99.50,99.50,99.50,99.76,99.76,99.76,99.76,99.76,99.76,99.76,99.76,99.76,99.76,99.76,99.76,99.76,99.76,99.76,99.76,99.76,99.76,99.76,99.76,99.76,99.76,99.76,99.76,99.97,99.97,99.97,99.97,99.97,99.97,99.97,99.97,99.97,99.97,99.97,99.97,100.13,98.63,98.63,98.63,100.13,100.13,100.13,100.13,100.13,100.13,100.13,100.13,100.25,100.25,100.25,100.25,100.25,100.25,100.25,100.25,100.25,100.25,100.25,100.25,100.25,100.25,100.25,100.25,100.25,100.25,100.25,100.25,100.25,100.25,100.25,100.25,100.25,100.25,100.25,100.25,100.25,100.25,100.25,100.25,100.25,100.25,100.25,100.25,100.25,100.25,100.25,100.25,100.25,100.25,100.25,100.25,100.25,100.25,100.25,101.46,101.46,101.46,101.46,101.46,101.46,64.79,101.46,101.46,101.46,101.46,20.28,20.48,20.48,20.48,20.48,101.66,101.66,101.66,101.66,101.66,101.66,101.66,101.66,101.91,101.91,101.91,101.91,101.91,101.91
Clase,0.003516934,0452,Gas (ND),97.54,97.54,96.70,96.70,96.70,96.70,96.70,96.70,96.70,95.87,95.87,95.87,95.87,95.87,95.87,95.87,95.87,95.87,95.87,95.87,95.87,95.87,95.87,95.87,95.87,95.87,95.87,95.87,95.87,95.87,95.87,95.87,95.87,95.87,95.87,95.87,95.87,95.87,95.87,95.87,95.87,95.87,95.87,95.87,95.87,95.87,95.87,95.87,95.87,95.87,95.87,95.87,95.87,95.87,95.87,94.96,94.96,94.96,94.96,94.96,94.96,94.96,94.96,94.96,94.96,94.96,94.96,94.96,94.96,94.96,94.96,94.96,94.28,94.28,94.28,94.28,94.28,94.28,93.47,93.47,93.47,91.90,91.48,91.48,92.21,92.78,92.78,92.78,92.78,92.78,92.50,92.50,92.50,92.50,92.50,92.50,92.50,92.50,92.94,92.94,92.94,92.13,92.13,92.13,92.13,92.13,91.70,91.70,89.48,89.48,89.48,90.68,90.68,90.68,90.68,90.68,90.68,90.68,90.68,90.68,90.68,90.68,89.39,89.39,89.39,89.39,89.39,89.39,88.51,88.51,88.51,88.51,88.51,88.51,88.51,88.51,88.51,88.35
Subclase,0.003516934,04521,Gas,97.54,97.54,96.70,96.70,96.70,96.70,96.70,96.70,96.70,95.87,95.87,95.87,95.87,95.87,95.87,95.87,95.87,95.87,95.87,95.87,95.87,95.87,95.87,95.87,95.87,95.87,95.87,95.87,95.87,95.87,95.87,95.87,95.87,95.87,95.87,95.87,95.87,95.87,95.87,95.87,95.87,95.87,95.87,95.87,95.87,95.87,95.87,95.87,95.87,95.87,95.87,95.87,95.87,95.87,95.87,94.96,94.96,94.96,94.96,94.96,94.96,94.96,94.96,94.96,94.96,94.96,94.96,94.96,94.96,94.96,94.96,94.96,94.28,94.28,94.28,94.28,94.28,94.28,93.47,93.47,93.47,91.90,91.48,91.48,92.21,92.78,92.78,92.78,92.78,92.78,92.50,92.50,92.50,92.50,92.50,92.50,92.50,92.50,92.94,92.94,92.94,92.13,92.13,92.13,92.13,92.13,91.70,91.70,89.48,89.48,89.48,90.68,90.68,90.68,90.68,90.68,90.68,90.68,90.68,90.68,90.68,90.68,89.39,89.39,89.39,89.39,89.39,89.39,88.51,88.51,88.51,88.51,88.51,88.51,88.51,88.51,88.51,88.35
Producto,0.003516934,04521174,GAS DOMÉSTICO,97.54,97.54,96.70,96.70,96.70,96.70,96.70,96.70,96.70,95.87,95.87,95.87,95.87,95.87,95.87,95.87,95.87,95.87,95.87,95.87,95.87,95.87,95.87,95.87,95.87,95.87,95.87,95.87,95.87,95.87,95.87,95.87,95.87,95.87,95.87,95.87,95.87,95.87,95.87,95.87,95.87,95.87,95.87,95.87,95.87,95.87,95.87,95.87,95.87,95.87,95.87,95.87,95.87,95.87,95.87,94.96,94.96,94.96,94.96,94.96,94.96,94.96,94.96,94.96,94.96,94.96,94.96,94.96,94.96,94.96,94.96,94.96,94.28,94.28,94.28,94.28,94.28,94.28,93.47,93.47,93.47,91.90,91.48,91.48,92.21,92.78,92.78,92.78,92.78,92.78,92.50,92.50,92.50,92.50,92.50,92.50,92.50,92.50,92.94,92.94,92.94,92.13,92.13,92.13,92.13,92.13,91.70,91.70,89.48,89.48,89.48,90.68,90.68,90.68,90.68,90.68,90.68,90.68,90.68,90.68,90.68,90.68,89.39,89.39,89.39,89.39,89.39,89.39,88.51,88.51,88.51,88.51,88.51,88.51,88.51,88.51,88.51,88.35
División,0.058586881,05,"Muebles, artículos para el hogar y para la conservación ordinaria del hogar",102.62,102.81,103.32,103.91,104.24,104.81,104.92,104.89,104.18,104.35,104.30,104.32,105.22,105.13,104.87,104.47,105.09,105.77,105.71,105.41,105.71,105.66,105.52,104.54,104.50,104.65,104.50,104.43,104.46,102.78,102.76,102.76,102.36,102.80,102.48,102.45,103.16,103.29,103.42,103.01,102.25,102.12,102.29,102.27,102.08,101.81,101.45,101.30,101.69,101.35,101.39,101.19,100.75,100.63,100.64,100.71,100.24,100.27,100.14,100.16,100.95,100.04,100.13,100.75,100.21,100.07,100.15,100.10,99.94,100.10,99.80,99.47,99.63,99.82,99.83,100.08,99.93,100.09,100.55,100.94,101.36,101.15,101.44,102.14,104.13,104.50,104.48,104.93,106.27,107.34,107.14,106.70,106.87,107.20,107.06,107.28,109.15,108.95,108.56,108.63,109.13,108.94,109.31,109.40,109.15,108.71,108.02,107.82,108.21,108.20,108.36,110.14,109.89,109.62,109.70,109.86,109.72,109.81,109.87,110.26,110.83,111.02,110.68,110.66,110.74,110.90,110.57,110.58,111.41,111.09,110.07,110.10,111.76,111.46,111.84,111.50,111.86,111.91
Grupo,0.00838989,051,"Muebles y accesorios, alfombras y otros materiales para pisos",101.47,101.59,101.98,102.96,103.89,104.27,104.27,103.93,104.46,104.36,103.97,103.69,104.21,104.85,104.14,104.44,105.85,105.59,106.94,107.68,106.92,106.74,106.79,105.37,105.64,105.63,106.12,105.67,106.72,105.98,105.98,105.60,105.85,106.54,106.79,107.04,106.87,107.49,107.24,107.30,106.46,106.53,106.39,106.10,106.13,105.53,105.46,105.59,105.59,105.59,105.78,105.78,105.41,105.41,105.30,105.30,105.30,105.30,105.26,105.42,105.76,105.32,105.74,110.14,106.54,105.61,104.90,104.85,104.54,104.84,104.26,104.05,104.16,105.07,105.44,105.37,105.37,105.37,105.64,105.52,105.50,103.48,103.11,104.81,106.69,106.51,107.53,108.49,109.77,109.83,109.04,107.34,108.29,108.59,108.65,107.69,107.68,105.24,106.18,106.18,107.80,107.41,107.57,108.26,107.99,106.89,106.04,105.44,103.50,103.33,103.49,104.73,104.56,104.46,106.57,106.35,105.96,106.55,106.60,108.27,107.66,106.93,106.33,106.74,107.10,106.76,105.22,107.24,108.74,107.48,105.80,105.57,107.91,105.60,107.33,107.27,107.60,107.77
Clase,0.007840083,0511,Muebles y accesorios (D),101.73,101.76,102.12,103.06,104.04,104.43,104.43,104.07,104.44,104.33,103.93,103.53,104.07,104.74,103.99,104.31,105.78,105.50,106.89,107.66,106.72,106.72,106.77,105.30,105.57,105.56,106.07,105.61,106.71,105.97,105.97,105.57,105.83,106.55,106.78,107.04,106.87,107.29,107.03,107.09,106.22,106.22,106.07,105.77,105.80,105.17,105.11,105.24,105.24,105.24,105.44,105.44,105.05,105.05,105.05,105.05,105.05,105.05,105.01,105.18,105.53,105.08,105.52,110.59,106.60,105.69,104.96,104.91,104.58,105.01,104.41,104.19,104.19,105.14,105.52,105.43,105.43,105.43,105.70,105.51,105.51,103.40,103.02,104.79,106.64,106.81,107.78,108.78,110.14,110.37,109.38,107.61,108.49,108.70,108.68,107.78,107.72,105.18,106.12,106.11,107.81,107.40,107.57,108.29,108.00,106.92,105.97,105.34,103.29,103.11,103.28,104.62,104.62,104.52,106.72,106.37,106.07,106.78,106.89,108.55,108.03,107.34,106.72,107.09,107.35,106.97,105.38,107.47,108.88,107.56,105.97,105.58,108.01,105.60,107.44,107.38,107.83,108.08
Subclase,0.003688721,05111,Muebles de sala y comedor,100.91,101.01,101.71,101.92,101.99,102.26,102.26,101.77,102.47,102.47,101.69,101.69,101.96,102.45,102.76,102.75,104.58,103.90,106.25,107.75,107.50,107.50,107.99,107.19,108.02,108.02,107.32,105.65,105.65,104.41,104.41,104.03,103.91,103.91,103.91,103.91,103.91,104.10,103.59,103.70,102.92,102.92,102.48,101.89,101.96,100.74,100.74,101.17,101.17,101.17,101.17,101.17,101.17,101.17,101.17,101.17,101.17,101.17,101.17,101.94,102.26,101.68,102.53,106.23,103.13,102.83,102.85,102.76,102.52,102.99,102.69,102.69,102.69,103.15,103.89,103.70,103.70,103.70,104.36,103.82,103.82,101.35,100.98,102.91,104.39,102.82,104.43,106.40,107.43,108.12,106.95,104.66,106.16,106.52,106.52,106.37,106.01,101.29,103.10,101.47,104.37,104.56,105.37,105.87,105.32,104.77,103.49,102.89,99.26,99.26,99.60,100.62,100.62,100.95,102.79,101.88,101.43,101.85,102.08,105.10,104.95,103.58,102.38,102.76,103.90,103.17,102.71,102.68,104.79,103.93,101.83,101.92,104.53,102.04,104.66,104.29,102.29,103.37
Producto,0.00228138,05111175,JUEGO DE SALA,101.10,101.28,101.28,102.61,102.74,102.45,102.45,102.45,102.88,102.88,102.00,102.00,102.00,102.00,102.53,103.13,104.92,105.18,108.15,110.69,110.69,110.69,111.52,110.95,111.06,111.06,109.88,107.04,107.04,104.95,104.95,104.30,103.91,103.91,103.91,103.91,103.91,103.91,103.91,104.09,103.34,103.34,106.20,105.83,105.83,104.12,104.12,104.12,104.12,104.12,104.12,104.12,104.12,104.12,104.12,104.12,104.12,104.12,104.12,105.12,105.12,105.12,106.55,112.82,107.57,107.06,107.17,107.17,107.17,107.44,106.93,106.93,106.93,107.70,108.96,108.96,108.96,108.96,109.45,108.54,108.54,105.81,103.11,107.02,106.90,105.01,106.97,110.55,111.79,111.79,110.36,107.01,109.55,109.89,109.89,109.90,109.90,103.17,104.76,101.36,104.31,105.10,107.00,107.86,107.86,107.86,105.84,104.27,103.20,103.20,103.14,105.01,105.01,105.40,106.83,105.64,104.87,106.12,105.83,108.75,107.72,106.99,104.41,103.05,104.41,103.17,104.39,103.21,104.75,104.75,102.48,102.13,104.08,102.93,106.74,105.66,103.80,103.71
Producto,0.001407341,05111176,JUEGO DE COMEDOR,100.63,100.63,102.35,100.92,100.92,101.99,101.99,100.78,101.89,101.89,101.23,101.23,101.89,103.09,103.09,102.20,104.08,102.05,103.49,103.49,102.87,102.87,102.87,101.76,103.62,103.62,103.62,103.62,103.62,103.62,103.62,103.62,103.92,103.92,103.92,103.92,103.92,104.38,103.14,103.14,102.32,102.32,97.10,96.19,96.37,95.84,95.84,96.90,96.90,96.90,96.90,96.90,96.90,96.90,96.90,96.90,96.90,96.90,96.90,97.36,98.14,96.71,96.71,96.71,96.71,96.71,96.62,96.38,95.80,96.56,96.56,96.56,96.56,96.56,96.56,96.09,96.09,96.09,97.00,97.00,97.00,94.90,97.90,96.97,100.76,99.65,100.76,100.39,101.12,102.80,102.00,101.26,101.26,101.64,101.64,101.26,100.38,98.58,100.71,101.64,104.46,103.77,103.00,103.00,101.63,100.30,100.09,100.90,93.57,93.57,94.47,94.27,94.27,94.52,96.94,96.45,96.45,95.68,96.65,99.82,100.96,98.64,99.44,102.35,103.15,103.15,100.27,101.92,104.85,102.74,100.91,101.62,105.19,100.77,101.64,102.30,100.10,102.87
Subclase,0.004151362,05112,Muebles de dormitorio,102.59,102.55,102.55,104.28,106.20,106.73,106.73,106.52,106.52,106.31,106.31,105.49,106.30,107.16,105.30,105.96,107.05,107.19,107.56,107.56,105.90,105.90,105.48,103.28,102.98,102.96,104.75,105.56,107.83,107.63,107.63,107.21,107.87,109.35,109.83,110.36,110.00,110.68,110.68,110.68,109.71,109.71,109.88,109.88,109.88,109.88,109.74,109.56,109.56,109.56,109.96,109.96,109.17,109.17,109.17,109.17,109.17,109.17,109.09,108.60,109.00,108.68,108.68,115.20,110.28,108.73,107.19,107.19,106.76,107.15,106.23,105.78,105.78,107.25,107.25,107.25,107.25,107.25,107.12,107.31,107.31,105.57,105.18,106.78,109.03,111.05,111.33,111.32,113.01,112.76,111.96,110.74,110.97,111.02,110.98,109.28,109.53,109.30,109.31,111.03,111.46,110.41,109.91,110.85,110.85,109.20,108.60,107.94,107.56,107.19,107.19,108.87,108.87,108.30,110.89,111.13,110.98,112.00,112.00,112.21,111.30,111.34,111.32,111.68,111.01,111.01,108.21,112.54,113.22,111.42,110.37,109.45,111.70,109.38,110.39,110.65,113.71,113.08
Producto,0.002387969,05112177,JUEGO DE DORMITORIO,102.78,102.78,102.78,104.41,106.44,107.28,107.28,107.28,107.28,107.28,107.28,105.98,107.27,108.64,106.41,106.90,108.62,108.45,109.04,109.04,109.19,109.19,109.19,107.81,107.67,107.64,109.02,109.23,111.29,111.29,111.29,110.64,110.92,112.89,113.63,114.48,114.21,115.29,115.29,115.29,113.75,113.75,114.01,114.01,114.01,114.01,114.01,113.73,113.73,113.73,113.73,113.73,113.57,113.57,113.57,113.57,113.57,113.57,113.57,114.12,114.38,113.53,113.53,123.86,115.19,112.98,112.37,112.37,112.37,113.22,111.76,111.05,111.05,110.98,110.98,110.98,110.98,110.98,110.77,110.18,110.18,107.76,107.19,109.40,110.21,110.55,110.71,110.72,113.11,112.09,111.86,110.21,110.21,111.23,110.78,108.50,108.50,108.42,108.43,109.20,109.88,108.21,108.21,109.38,109.38,107.64,107.27,106.22,106.53,106.53,106.53,110.71,110.71,109.82,112.45,112.82,112.82,114.44,114.44,114.44,114.40,113.88,113.52,115.38,113.04,113.04,110.14,114.23,115.31,114.18,110.78,111.07,114.62,110.94,113.56,113.44,116.31,115.01
Producto,0.001763393,05112178,COLCHÓN,102.27,102.16,102.16,104.04,105.80,105.80,105.80,105.21,105.21,104.65,104.65,104.65,104.65,104.65,103.41,104.37,104.37,105.04,105.04,105.04,100.28,100.28,99.14,95.54,94.94,94.94,97.45,99.29,101.91,101.36,101.36,101.36,102.65,103.31,103.31,103.31,102.79,102.79,102.79,102.79,102.79,102.79,102.79,102.79,102.79,102.79,102.41,102.41,102.41,102.41,103.50,103.50,101.63,101.63,101.63,101.63,101.63,101.63,101.42,99.17,99.79,100.38,100.38,100.38,101.88,101.45,98.30,98.30,97.15,96.76,96.76,96.76,96.76,100.88,100.88,100.88,100.88,100.88,100.88,102.38,102.38,101.83,101.75,102.30,107.00,111.89,112.39,112.34,112.83,113.91,112.12,111.65,112.28,110.66,111.30,110.63,111.30,110.82,110.82,114.17,114.17,114.17,112.80,113.37,113.37,111.86,110.88,110.88,109.31,108.31,108.31,105.71,105.71,105.71,108.22,108.22,107.82,107.82,107.82,108.40,105.99,106.99,107.54,105.35,107.54,107.54,104.90,109.66,109.66,106.69,109.66,106.69,106.71,106.71,104.97,105.89,109.26,109.77
Clase,0.000147908,0512,Alfombras y otros materiales para pisos (D),92.28,92.28,92.28,96.49,96.49,96.49,96.49,96.49,106.33,106.33,106.33,112.08,112.08,112.08,112.08,112.08,112.08,112.08,113.22,113.22,113.22,113.22,113.22,113.22,113.22,113.22,113.22,113.22,113.22,111.21,111.21,111.21,111.21,111.21,112.67,112.67,112.67,112.67,112.67,112.67,112.67,112.67,112.67,112.67,112.67,112.67,112.67,112.67,112.67,112.67,112.67,112.67,112.67,112.67,112.67,112.67,112.67,112.67,112.67,112.67,112.67,112.67,112.67,87.64,99.37,103.62,103.62,103.62,103.62,103.62,103.62,103.62,103.62,103.62,103.62,103.62,103.62,103.62,103.62,107.13,106.24,106.24,106.24,106.24,112.16,107.37,112.26,112.26,111.02,102.10,111.02,111.02,116.17,116.17,114.55,109.45,109.45,109.45,111.52,111.52,111.52,111.52,111.52,111.52,111.52,113.11,113.11,113.11,114.87,114.87,114.87,110.98,101.28,101.28,101.28,101.28,95.78,95.78,92.52,96.83,96.83,93.11,93.11,95.89,95.89,95.89,95.89,90.05,97.92,97.92,89.56,97.92,97.92,97.92,96.25,96.25,90.39,86.96
Subclase,0.000147908,05121,Alfombras y materiales para pisos,92.28,92.28,92.28,96.49,96.49,96.49,96.49,96.49,106.33,106.33,106.33,112.08,112.08,112.08,112.08,112.08,112.08,112.08,113.22,113.22,113.22,113.22,113.22,113.22,113.22,113.22,113.22,113.22,113.22,111.21,111.21,111.21,111.21,111.21,112.67,112.67,112.67,112.67,112.67,112.67,112.67,112.67,112.67,112.67,112.67,112.67,112.67,112.67,112.67,112.67,112.67,112.67,112.67,112.67,112.67,112.67,112.67,112.67,112.67,112.67,112.67,112.67,112.67,87.64,99.37,103.62,103.62,103.62,103.62,103.62,103.62,103.62,103.62,103.62,103.62,103.62,103.62,103.62,103.62,107.13,106.24,106.24,106.24,106.24,112.16,107.37,112.26,112.26,111.02,102.10,111.02,111.02,116.17,116.17,114.55,109.45,109.45,109.45,111.52,111.52,111.52,111.52,111.52,111.52,111.52,113.11,113.11,113.11,114.87,114.87,114.87,110.98,101.28,101.28,101.28,101.28,95.78,95.78,92.52,96.83,96.83,93.11,93.11,95.89,95.89,95.89,95.89,90.05,97.92,97.92,89.56,97.92,97.92,97.92,96.25,96.25,90.39,86.96
Producto,0.000147908,05121179,ALFOMBRA SUELTA,92.28,92.28,92.28,96.49,96.49,96.49,96.49,96.49,106.33,106.33,106.33,112.08,112.08,112.08,112.08,112.08,112.08,112.08,113.22,113.22,113.22,113.22,113.22,113.22,113.22,113.22,113.22,113.22,113.22,111.21,111.21,111.21,111.21,111.21,112.67,112.67,112.67,112.67,112.67,112.67,112.67,112.67,112.67,112.67,112.67,112.67,112.67,112.67,112.67,112.67,112.67,112.67,112.67,112.67,112.67,112.67,112.67,112.67,112.67,112.67,112.67,112.67,112.67,87.64,99.37,103.62,103.62,103.62,103.62,103.62,103.62,103.62,103.62,103.62,103.62,103.62,103.62,103.62,103.62,107.13,106.24,106.24,106.24,106.24,112.16,107.37,112.26,112.26,111.02,102.10,111.02,111.02,116.17,116.17,114.55,109.45,109.45,109.45,111.52,111.52,111.52,111.52,111.52,111.52,111.52,113.11,113.11,113.11,114.87,114.87,114.87,110.98,101.28,101.28,101.28,101.28,95.78,95.78,92.52,96.83,96.83,93.11,93.11,95.89,95.89,95.89,95.89,90.05,97.92,97.92,89.56,97.92,97.92,97.92,96.25,96.25,90.39,86.96
Clase,0.000401898,0513,"Reparación de muebles, accesorios y materiales para pisos (S)",98.06,101.84,103.80,103.80,103.80,103.80,103.80,103.80,103.80,103.80,103.80,103.80,103.80,103.80,103.80,103.80,103.80,104.17,104.17,104.17,110.34,102.20,102.20,102.20,102.20,102.20,102.20,102.20,102.20,102.20,102.20,102.20,102.20,102.20,102.20,102.20,102.20,111.65,111.65,111.65,111.65,114.67,114.67,114.67,114.67,114.67,114.67,114.67,114.67,114.67,114.67,114.67,114.67,114.67,109.66,109.66,109.66,109.66,109.66,109.66,109.66,109.66,109.66,109.66,109.66,103.53,103.53,103.53,103.53,98.46,98.46,98.46,103.29,103.29,103.29,104.49,104.49,104.49,104.49,104.49,104.49,104.49,104.49,104.49,104.49,93.09,93.09,93.09,93.09,93.09,93.09,93.09,93.09,97.66,102.46,102.46,104.49,104.49,104.49,104.49,104.49,104.49,104.49,104.49,104.49,100.67,103.29,103.29,103.29,103.29,103.29,104.49,104.49,104.49,104.49,109.62,109.62,105.62,105.62,105.62,100.67,100.67,100.67,100.67,105.62,106.34,106.34,111.56,111.56,111.56,111.56,111.56,111.56,111.56,111.56,111.56,111.56,111.56
Subclase,0.000401898,05131,"Reparación de muebles, accesorios y materiales para pisos",98.06,101.84,103.80,103.80,103.80,103.80,103.80,103.80,103.80,103.80,103.80,103.80,103.80,103.80,103.80,103.80,103.80,104.17,104.17,104.17,110.34,102.20,102.20,102.20,102.20,102.20,102.20,102.20,102.20,102.20,102.20,102.20,102.20,102.20,102.20,102.20,102.20,111.65,111.65,111.65,111.65,114.67,114.67,114.67,114.67,114.67,114.67,114.67,114.67,114.67,114.67,114.67,114.67,114.67,109.66,109.66,109.66,109.66,109.66,109.66,109.66,109.66,109.66,109.66,109.66,103.53,103.53,103.53,103.53,98.46,98.46,98.46,103.29,103.29,103.29,104.49,104.49,104.49,104.49,104.49,104.49,104.49,104.49,104.49,104.49,93.09,93.09,93.09,93.09,93.09,93.09,93.09,93.09,97.66,102.46,102.46,104.49,104.49,104.49,104.49,104.49,104.49,104.49,104.49,104.49,100.67,103.29,103.29,103.29,103.29,103.29,104.49,104.49,104.49,104.49,109.62,109.62,105.62,105.62,105.62,100.67,100.67,100.67,100.67,105.62,106.34,106.34,111.56,111.56,111.56,111.56,111.56,111.56,111.56,111.56,111.56,111.56,111.56
Producto,0.000401898,05131180,REPARACIÓN DE MUEBLES,98.06,101.84,103.80,103.80,103.80,103.80,103.80,103.80,103.80,103.80,103.80,103.80,103.80,103.80,103.80,103.80,103.80,104.17,104.17,104.17,110.34,102.20,102.20,102.20,102.20,102.20,102.20,102.20,102.20,102.20,102.20,102.20,102.20,102.20,102.20,102.20,102.20,111.65,111.65,111.65,111.65,114.67,114.67,114.67,114.67,114.67,114.67,114.67,114.67,114.67,114.67,114.67,114.67,114.67,109.66,109.66,109.66,109.66,109.66,109.66,109.66,109.66,109.66,109.66,109.66,103.53,103.53,103.53,103.53,98.46,98.46,98.46,103.29,103.29,103.29,104.49,104.49,104.49,104.49,104.49,104.49,104.49,104.49,104.49,104.49,93.09,93.09,93.09,93.09,93.09,93.09,93.09,93.09,97.66,102.46,102.46,104.49,104.49,104.49,104.49,104.49,104.49,104.49,104.49,104.49,100.67,103.29,103.29,103.29,103.29,103.29,104.49,104.49,104.49,104.49,109.62,109.62,105.62,105.62,105.62,100.67,100.67,100.67,100.67,105.62,106.34,106.34,111.56,111.56,111.56,111.56,111.56,111.56,111.56,111.56,111.56,111.56,111.56
Grupo,0.003438527,052,Productos textiles para el hogar,105.91,105.80,105.80,104.97,105.45,104.97,105.94,104.97,104.97,105.12,105.22,105.22,103.70,103.84,103.84,104.42,106.05,106.41,105.96,105.72,106.12,106.48,106.48,104.58,105.56,105.56,106.06,106.06,106.47,104.95,104.95,105.17,104.03,103.78,104.01,104.01,106.18,106.18,106.18,106.18,103.86,103.86,103.86,103.86,104.65,104.65,104.50,104.50,105.44,105.44,105.92,106.23,106.23,106.23,105.52,105.52,105.01,104.54,104.54,104.18,104.18,103.67,103.67,104.34,104.41,103.75,103.29,103.20,102.72,102.72,102.72,102.19,103.98,103.03,102.33,102.33,100.57,101.33,102.46,103.36,103.36,103.36,102.53,101.03,103.11,104.06,103.70,104.69,104.47,105.98,105.81,102.29,103.13,104.69,104.43,104.06,107.51,107.23,104.86,105.25,105.64,105.64,105.41,105.13,105.13,103.83,101.89,101.85,102.85,103.31,103.81,105.89,100.70,99.57,99.32,99.03,98.26,97.78,98.17,99.65,99.65,99.58,99.53,97.58,98.34,97.49,97.87,95.97,97.94,97.88,93.74,96.74,99.23,100.16,100.32,99.89,100.28,102.66
Clase,0.003438527,0520,Productos textiles para el hogar (SD),105.91,105.80,105.80,104.97,105.45,104.97,105.94,104.97,104.97,105.12,105.22,105.22,103.70,103.84,103.84,104.42,106.05,106.41,105.96,105.72,106.12,106.48,106.48,104.58,105.56,105.56,106.06,106.06,106.47,104.95,104.95,105.17,104.03,103.78,104.01,104.01,106.18,106.18,106.18,106.18,103.86,103.86,103.86,103.86,104.65,104.65,104.50,104.50,105.44,105.44,105.92,106.23,106.23,106.23,105.52,105.52,105.01,104.54,104.54,104.18,104.18,103.67,103.67,104.34,104.41,103.75,103.29,103.20,102.72,102.72,102.72,102.19,103.98,103.03,102.33,102.33,100.57,101.33,102.46,103.36,103.36,103.36,102.53,101.03,103.11,104.06,103.70,104.69,104.47,105.98,105.81,102.29,103.13,104.69,104.43,104.06,107.51,107.23,104.86,105.25,105.64,105.64,105.41,105.13,105.13,103.83,101.89,101.85,102.85,103.31,103.81,105.89,100.70,99.57,99.32,99.03,98.26,97.78,98.17,99.65,99.65,99.58,99.53,97.58,98.34,97.49,97.87,95.97,97.94,97.88,93.74,96.74,99.23,100.16,100.32,99.89,100.28,102.66
Subclase,0.003438527,05201,Productos textiles para el hogar ,105.91,105.80,105.80,104.97,105.45,104.97,105.94,104.97,104.97,105.12,105.22,105.22,103.70,103.84,103.84,104.42,106.05,106.41,105.96,105.72,106.12,106.48,106.48,104.58,105.56,105.56,106.06,106.06,106.47,104.95,104.95,105.17,104.03,103.78,104.01,104.01,106.18,106.18,106.18,106.18,103.86,103.86,103.86,103.86,104.65,104.65,104.50,104.50,105.44,105.44,105.92,106.23,106.23,106.23,105.52,105.52,105.01,104.54,104.54,104.18,104.18,103.67,103.67,104.34,104.41,103.75,103.29,103.20,102.72,102.72,102.72,102.19,103.98,103.03,102.33,102.33,100.57,101.33,102.46,103.36,103.36,103.36,102.53,101.03,103.11,104.06,103.70,104.69,104.47,105.98,105.81,102.29,103.13,104.69,104.43,104.06,107.51,107.23,104.86,105.25,105.64,105.64,105.41,105.13,105.13,103.83,101.89,101.85,102.85,103.31,103.81,105.89,100.70,99.57,99.32,99.03,98.26,97.78,98.17,99.65,99.65,99.58,99.53,97.58,98.34,97.49,97.87,95.97,97.94,97.88,93.74,96.74,99.23,100.16,100.32,99.89,100.28,102.66
Producto,0.002394716,05201181,ROPA DE CAMA,105.53,104.97,104.97,104.18,104.80,104.18,105.45,104.18,104.18,104.18,104.18,104.18,102.18,102.18,102.18,102.49,104.63,104.92,104.92,104.60,104.60,104.60,104.60,102.44,103.57,103.57,104.22,104.22,104.70,103.20,103.20,103.49,103.49,103.02,103.32,103.32,106.17,106.17,106.17,106.17,103.21,103.21,103.21,103.21,104.15,104.15,103.96,103.96,105.30,105.30,105.30,105.61,105.61,105.61,105.61,105.61,105.61,105.61,105.61,104.52,104.52,104.52,104.52,103.33,103.56,103.88,103.28,103.28,102.91,102.91,102.91,103.32,103.32,103.32,102.41,102.41,101.18,101.57,103.06,104.24,104.24,104.24,102.74,101.18,102.97,103.62,102.55,103.65,103.49,105.29,105.88,102.57,102.57,103.62,103.62,102.78,107.66,107.66,105.05,105.05,105.05,105.05,104.74,104.74,104.74,103.02,102.26,101.83,102.58,103.40,103.59,105.56,99.15,97.72,98.03,98.13,97.19,96.55,95.38,97.33,97.33,97.74,97.50,94.87,96.10,94.99,94.99,91.63,94.21,94.21,89.38,92.72,95.91,96.42,96.42,95.85,96.36,99.49
Producto,0.000414042,05201182,CORTINA DE TELA,116.90,116.90,116.90,116.90,116.90,116.90,116.90,116.90,116.90,116.90,116.90,116.90,116.90,116.90,116.90,116.90,116.90,117.48,117.48,121.16,121.16,121.16,121.16,118.10,121.16,121.16,121.16,121.16,121.16,120.08,120.08,120.08,108.21,108.86,108.86,108.86,108.86,108.86,108.86,108.86,108.15,108.15,108.15,108.15,108.15,108.15,108.15,108.15,107.23,107.23,112.28,112.28,112.28,112.28,112.28,112.28,112.28,107.47,107.47,112.28,112.28,112.28,112.28,112.28,112.28,112.28,112.28,111.37,111.37,111.37,111.37,102.62,111.30,111.30,111.30,111.30,106.53,111.30,111.30,111.30,111.30,111.30,114.53,111.30,114.53,114.53,114.53,114.53,114.53,116.02,116.02,105.60,110.33,114.22,114.22,114.22,114.22,112.75,112.75,112.75,112.75,112.75,112.75,109.91,109.91,109.91,109.91,109.91,109.91,111.34,111.34,114.79,114.79,114.32,109.35,109.35,109.35,109.35,109.35,109.35,109.35,105.37,105.37,105.37,105.37,105.37,109.35,115.66,115.66,115.66,113.64,115.66,115.66,115.66,115.66,115.66,115.66,115.66
Producto,0.00062977,05201183,ROPA DE BAÑO,100.50,102.76,102.76,101.18,101.18,101.18,101.18,101.18,101.18,102.21,102.91,102.91,102.91,103.89,103.89,106.27,106.27,106.89,103.69,101.33,104.08,106.65,106.65,106.90,105.66,105.66,105.66,105.66,105.98,104.11,104.11,104.11,104.11,104.43,104.43,104.43,104.43,104.43,104.43,104.43,104.43,104.43,104.43,104.43,104.96,104.96,104.96,104.96,104.96,104.96,104.96,105.42,105.42,105.42,100.48,100.48,96.87,96.87,96.87,96.87,96.87,93.33,93.33,104.37,103.59,97.31,97.31,97.31,95.87,95.87,95.87,95.87,102.58,95.87,95.87,95.87,93.31,93.31,93.31,93.31,93.31,93.31,93.31,93.31,96.17,99.35,102.56,103.59,102.87,102.87,98.52,98.52,101.23,104.01,102.20,104.01,102.20,101.23,98.52,101.23,104.01,104.01,104.01,104.01,104.01,104.01,94.48,96.57,99.49,97.41,99.92,101.64,99.48,99.48,99.48,96.87,96.54,96.54,105.52,105.52,105.52,105.52,106.43,106.79,105.52,105.52,105.52,105.89,105.89,105.45,103.61,105.45,105.89,109.71,110.83,110.83,110.83,110.83
Grupo,0.00941145,053,Artefactos para el hogar,113.43,114.15,116.23,116.77,117.36,120.20,120.83,121.68,123.06,123.49,123.34,123.83,125.22,124.89,125.46,121.75,124.37,125.25,123.71,120.35,122.89,123.81,123.84,120.38,114.85,114.77,112.01,112.65,111.41,106.33,106.27,106.97,104.42,104.24,103.54,101.27,101.14,101.37,101.40,100.40,99.70,99.71,100.19,100.07,98.70,96.87,94.19,93.27,92.44,91.16,91.16,90.36,87.91,89.02,89.03,89.03,87.56,87.35,87.34,86.98,87.61,84.82,84.79,79.89,81.96,82.46,83.46,83.22,83.34,83.39,83.30,82.58,83.18,83.87,84.90,84.21,84.36,84.70,87.92,87.39,87.93,86.11,88.00,90.94,89.11,87.40,86.32,85.69,86.37,88.99,88.62,88.68,89.09,88.58,88.08,87.93,88.76,89.82,87.59,87.84,86.90,88.07,87.69,87.96,87.59,87.31,87.24,86.63,86.46,86.35,86.23,88.87,88.74,87.75,87.26,87.65,86.63,86.57,87.00,86.60,86.83,87.92,86.87,87.78,88.58,88.22,89.56,88.08,88.53,88.32,87.12,86.19,87.34,86.42,86.77,86.45,84.67,85.48
Clase,0.008054761,0531,"Artefactos para el hogar grandes, eléctricos o no (D)",113.88,114.78,116.69,116.50,118.04,120.94,120.48,122.75,123.94,124.41,124.06,124.72,125.73,125.32,126.03,122.05,125.22,126.17,124.29,120.71,123.77,124.74,124.76,120.63,116.07,116.14,113.42,113.98,112.48,106.89,106.94,108.35,105.32,105.88,105.02,102.42,102.57,103.04,102.98,102.02,102.05,101.88,102.50,102.36,100.68,98.54,95.66,94.51,93.33,91.77,91.77,90.56,88.07,89.37,89.37,89.37,87.59,87.32,87.32,86.87,87.56,84.29,84.26,78.31,81.18,81.70,82.88,82.58,82.72,82.84,82.78,81.90,82.57,83.23,84.49,83.61,83.74,84.15,87.87,87.31,87.89,85.99,88.12,91.61,89.62,87.57,86.24,85.26,85.82,88.90,88.64,88.50,88.94,88.22,88.32,87.53,88.72,90.39,87.66,87.75,86.93,88.35,87.27,87.73,87.15,86.93,86.77,85.95,85.69,85.60,85.46,87.60,87.70,86.67,86.35,86.87,85.49,85.24,85.91,85.39,85.58,87.00,85.75,86.55,87.52,87.17,88.66,87.26,87.72,87.57,86.00,84.74,86.16,85.08,85.45,84.94,82.83,83.89
Subclase,0.008054761,05311,Artefactos grandes para el hogar,113.88,114.78,116.69,116.50,118.04,120.94,120.48,122.75,123.94,124.41,124.06,124.72,125.73,125.32,126.03,122.05,125.22,126.17,124.29,120.71,123.77,124.74,124.76,120.63,116.07,116.14,113.42,113.98,112.48,106.89,106.94,108.35,105.32,105.88,105.02,102.42,102.57,103.04,102.98,102.02,102.05,101.88,102.50,102.36,100.68,98.54,95.66,94.51,93.33,91.77,91.77,90.56,88.07,89.37,89.37,89.37,87.59,87.32,87.32,86.87,87.56,84.29,84.26,78.31,81.18,81.70,82.88,82.58,82.72,82.84,82.78,81.90,82.57,83.23,84.49,83.61,83.74,84.15,87.87,87.31,87.89,85.99,88.12,91.61,89.62,87.57,86.24,85.26,85.82,88.90,88.64,88.50,88.94,88.22,88.32,87.53,88.72,90.39,87.66,87.75,86.93,88.35,87.27,87.73,87.15,86.93,86.77,85.95,85.69,85.60,85.46,87.60,87.70,86.67,86.35,86.87,85.49,85.24,85.91,85.39,85.58,87.00,85.75,86.55,87.52,87.17,88.66,87.26,87.72,87.57,86.00,84.74,86.16,85.08,85.45,84.94,82.83,83.89
Producto,0.002187405,05311184,COCINA,118.49,121.24,116.83,116.83,116.83,116.83,115.51,115.51,114.17,114.17,114.84,114.84,112.22,112.22,115.30,114.52,114.52,118.02,117.31,113.63,117.31,114.89,116.43,112.51,111.33,110.55,110.55,108.96,108.96,108.48,108.48,109.61,107.98,108.21,105.00,104.63,105.30,103.97,103.97,102.15,107.30,106.84,106.17,105.55,98.27,88.28,82.72,77.34,76.89,78.36,78.36,76.78,78.05,76.84,76.84,76.84,75.65,75.65,75.65,76.43,77.18,75.40,75.40,71.20,69.41,70.98,70.40,70.17,70.17,69.95,70.01,70.41,70.41,70.70,70.70,69.29,70.31,70.63,77.27,73.78,74.03,71.59,69.71,72.72,70.24,67.13,66.67,65.14,64.93,68.71,68.27,68.72,68.50,68.33,68.26,65.81,66.52,66.24,68.41,67.23,64.11,64.38,64.29,64.94,66.45,68.03,66.62,65.67,66.10,67.14,67.26,68.27,68.13,67.34,69.30,68.92,68.80,67.53,66.95,66.94,68.14,71.82,70.85,70.83,70.98,69.65,70.31,70.42,69.77,69.77,69.03,66.26,68.70,67.25,65.64,69.26,65.61,66.22
Producto,0.000324392,05311185,HORNO,103.77,103.77,103.77,103.77,103.77,114.21,111.51,107.66,107.66,106.31,106.31,113.23,113.23,111.10,111.10,109.32,109.76,109.73,109.73,107.99,106.86,106.72,106.72,108.03,89.58,96.20,95.13,95.67,95.67,94.78,90.47,91.12,86.46,87.37,87.37,87.37,87.37,88.18,86.81,86.81,88.81,88.81,83.81,83.81,83.81,83.81,78.57,78.57,75.60,75.60,75.60,74.73,70.87,71.17,71.17,71.17,70.74,70.74,70.74,68.58,69.59,72.73,72.20,69.66,70.92,71.26,72.02,72.02,72.02,71.59,71.59,71.59,71.59,72.77,72.77,74.20,74.20,74.20,75.84,75.84,77.85,78.26,81.22,89.81,83.48,81.19,81.39,79.60,81.14,82.52,84.48,84.38,84.38,84.38,81.43,79.94,82.55,82.53,82.53,81.01,80.10,80.10,79.67,78.58,76.93,74.73,76.98,76.98,78.44,78.44,82.35,83.38,83.38,81.60,77.09,81.86,81.36,80.70,81.40,80.61,82.70,79.93,81.96,81.96,82.02,82.67,80.44,78.13,79.53,79.08,75.37,73.67,76.43,77.51,77.63,75.43,71.88,71.88
Producto,0.002853107,05311186,REFRIGERADORA,119.86,119.86,126.07,125.06,126.44,130.01,130.28,130.60,132.92,134.42,134.42,135.21,140.45,140.45,140.45,137.64,138.80,138.68,133.57,130.13,134.41,139.95,139.52,132.35,134.63,132.59,126.91,130.69,129.34,120.57,122.56,125.54,121.03,121.22,121.22,116.98,116.98,118.61,118.61,117.10,114.46,114.29,116.27,116.27,116.27,116.27,114.97,113.74,111.80,106.52,106.52,103.96,97.06,99.36,99.36,99.36,97.38,97.38,97.38,96.37,94.95,88.39,88.39,79.11,88.98,88.36,88.08,87.40,87.83,87.94,88.07,85.53,87.62,88.11,89.73,91.43,90.01,90.64,95.83,95.83,96.41,93.19,96.30,100.55,97.05,94.61,93.98,91.35,92.42,94.62,92.23,92.01,92.72,92.56,92.48,92.01,93.30,94.13,91.13,92.27,91.56,92.47,92.38,92.46,91.35,90.75,91.11,89.87,87.14,88.77,88.21,91.28,91.38,88.79,89.39,89.32,87.97,87.97,88.05,89.20,88.16,89.24,86.49,88.02,88.89,87.99,88.43,87.35,88.53,88.40,85.52,84.42,86.21,84.99,86.93,84.57,84.13,85.03
Producto,0.002110074,05311187,LAVADORA Y SECADORA DE ROPA,106.49,107.29,109.28,109.78,112.84,115.56,115.32,122.36,124.31,124.35,122.85,122.62,121.75,120.96,120.96,113.18,121.14,121.69,122.08,118.04,120.21,118.86,118.32,116.19,104.76,106.40,104.63,103.26,100.30,93.67,92.55,92.64,90.53,91.65,91.30,88.41,88.41,88.79,88.88,88.88,87.92,87.92,89.04,89.04,89.04,89.49,87.19,88.73,88.22,88.22,88.22,88.61,88.49,90.62,90.62,90.62,88.40,87.62,87.62,87.24,90.06,88.02,88.02,83.72,82.67,83.74,87.72,87.72,87.69,88.13,87.77,87.63,87.39,88.36,90.34,86.66,87.86,88.16,88.80,89.49,90.04,89.42,93.08,95.14,95.88,94.99,92.05,93.31,93.69,97.55,99.25,98.77,99.45,97.65,98.63,98.75,99.88,104.10,97.82,97.97,98.57,101.60,98.67,99.71,98.49,97.82,97.48,97.05,98.61,95.92,95.26,97.42,97.69,98.27,96.28,97.19,94.77,95.01,97.14,94.55,95.01,96.09,95.58,96.33,98.13,98.83,102.69,100.11,100.38,100.17,99.82,99.50,99.58,98.49,98.59,97.57,94.99,96.73
Producto,0.000579783,05311188,ACONDICIONADOR DE AIRE,95.60,94.67,94.67,98.27,98.27,97.54,96.48,96.63,96.63,96.63,101.24,102.30,109.43,109.43,109.43,109.43,109.43,109.43,109.43,109.43,109.43,109.43,109.43,109.43,109.43,109.43,109.43,109.43,109.43,109.43,109.43,109.43,109.43,109.43,109.43,109.43,109.43,109.43,109.43,109.43,109.43,109.43,109.43,109.43,109.43,109.43,109.43,109.43,109.43,109.43,109.43,109.43,109.43,109.43,109.43,109.43,109.43,109.43,109.43,109.43,109.43,109.43,109.43,109.43,109.43,109.43,109.43,109.43,109.43,109.43,109.43,109.43,109.43,109.43,109.43,109.43,109.43,109.43,109.43,109.43,109.43,109.43,109.43,109.43,109.43,109.43,109.43,109.43,109.43,109.43,109.43,109.43,109.43,109.43,109.43,109.43,109.43,109.43,109.43,109.43,109.43,109.43,109.43,109.43,109.43,109.43,109.43,109.43,109.43,109.43,109.43,109.43,109.43,109.43,109.43,109.43,109.43,109.43,109.43,109.43,109.43,109.43,109.43,109.43,109.43,109.43,109.43,109.43,109.43,109.43,109.43,109.43,109.43,109.43,109.43,109.43,109.43,109.43
Clase,0.000967805,0532,Artefactos eléctricos para el hogar pequeños (SD),111.09,110.94,114.59,119.46,114.67,116.81,123.98,116.84,119.67,119.97,120.99,120.59,124.57,124.61,124.59,121.33,121.52,122.24,122.24,122.72,122.98,123.86,123.98,123.44,110.81,109.85,108.94,110.20,110.08,106.60,105.91,102.65,102.23,97.70,97.70,96.76,94.94,93.86,94.44,92.93,87.84,88.87,88.65,88.65,88.65,88.17,85.88,86.06,86.99,86.99,86.99,88.33,85.49,85.76,85.82,85.82,85.78,85.78,85.78,85.88,86.32,85.47,85.47,85.31,83.32,83.78,84.03,84.13,84.13,83.82,83.52,83.52,83.88,84.94,84.94,85.13,85.43,85.43,86.62,86.22,86.64,85.75,86.68,89.34,87.91,87.67,87.73,88.99,90.53,91.24,90.10,91.33,91.68,92.24,88.14,91.64,90.61,88.47,88.48,89.72,87.85,87.85,91.45,90.69,91.44,90.79,90.34,90.74,91.03,90.75,90.75,96.98,95.50,94.52,92.83,92.63,93.38,93.27,92.43,92.68,93.16,92.60,92.49,94.24,93.10,92.58,93.38,92.25,92.77,92.14,92.75,93.49,93.39,93.15,93.42,93.41,93.77,93.43
Subclase,0.000967805,05321,Artefactos eléctricos para el hogar pequeños,111.09,110.94,114.59,119.46,114.67,116.81,123.98,116.84,119.67,119.97,120.99,120.59,124.57,124.61,124.59,121.33,121.52,122.24,122.24,122.72,122.98,123.86,123.98,123.44,110.81,109.85,108.94,110.20,110.08,106.60,105.91,102.65,102.23,97.70,97.70,96.76,94.94,93.86,94.44,92.93,87.84,88.87,88.65,88.65,88.65,88.17,85.88,86.06,86.99,86.99,86.99,88.33,85.49,85.76,85.82,85.82,85.78,85.78,85.78,85.88,86.32,85.47,85.47,85.31,83.32,83.78,84.03,84.13,84.13,83.82,83.52,83.52,83.88,84.94,84.94,85.13,85.43,85.43,86.62,86.22,86.64,85.75,86.68,89.34,87.91,87.67,87.73,88.99,90.53,91.24,90.10,91.33,91.68,92.24,88.14,91.64,90.61,88.47,88.48,89.72,87.85,87.85,91.45,90.69,91.44,90.79,90.34,90.74,91.03,90.75,90.75,96.98,95.50,94.52,92.83,92.63,93.38,93.27,92.43,92.68,93.16,92.60,92.49,94.24,93.10,92.58,93.38,92.25,92.77,92.14,92.75,93.49,93.39,93.15,93.42,93.41,93.77,93.43
Producto,0.000659751,05321189,LICUADORA,112.88,112.88,117.33,124.14,118.30,120.96,129.34,119.51,123.40,123.81,125.02,125.02,130.21,130.21,130.21,125.96,126.46,127.81,127.81,129.13,129.50,130.71,130.71,128.89,113.79,113.79,112.25,113.00,113.00,109.50,108.56,104.59,104.42,98.07,98.07,97.49,94.99,93.37,94.18,92.27,85.14,86.90,87.22,87.22,87.22,86.41,83.47,83.82,84.01,84.01,84.01,85.86,81.95,82.22,82.22,82.22,82.22,82.22,82.22,82.22,82.83,81.91,81.91,81.70,78.96,80.21,80.56,81.32,81.32,80.72,80.28,80.28,80.28,81.73,81.73,82.00,82.00,82.00,83.84,83.29,83.29,81.99,83.86,87.34,84.65,84.65,84.65,86.78,88.94,89.61,87.22,89.90,89.90,91.07,84.71,90.03,88.53,85.59,84.70,86.65,83.99,83.99,89.33,88.44,89.48,88.58,87.96,88.82,89.67,89.28,89.28,96.46,94.44,93.10,91.14,91.14,91.73,92.46,91.48,91.87,92.45,92.58,92.43,94.53,92.96,92.25,93.35,91.68,92.39,91.52,92.27,93.45,93.58,93.58,93.71,94.95,94.95,94.95
Producto,0.000111584,05321190,VENTILADOR,96.48,96.48,96.48,96.48,97.15,106.43,108.15,112.31,112.94,112.94,110.78,110.78,110.78,110.78,110.78,110.78,109.52,109.52,109.52,109.52,110.93,111.26,111.26,111.26,111.31,112.69,112.69,112.69,112.69,110.33,104.19,104.19,109.44,109.44,109.44,109.78,109.78,106.27,106.13,105.86,103.07,103.07,104.81,104.81,104.81,101.06,101.06,102.50,102.50,102.50,102.50,102.50,98.03,97.95,97.02,97.02,94.66,94.66,93.51,92.55,87.16,85.32,85.64,79.64,83.59,84.41,84.41,81.82,81.82,81.82,81.82,81.82,81.82,81.82,81.82,81.82,81.82,81.82,85.02,85.02,85.02,85.02,85.30,85.28,85.28,87.82,88.72,89.54,86.90,86.66,85.12,84.85,84.85,84.85,84.85,84.85,84.85,84.98,84.98,84.98,84.98,84.98,84.98,86.62,84.15,84.49,84.49,84.49,74.36,75.68,75.68,83.12,86.66,86.66,85.56,85.56,85.56,85.56,85.56,86.56,86.56,81.79,80.23,78.43,79.55,79.55,78.81,77.01,77.69,78.17,73.46,76.14,72.14,75.94,76.70,74.22,74.44,77.11
Producto,0.000109309,05321191,PLANCHA ELÉCTRICA DE ROPA,112.94,112.94,115.87,115.28,111.90,111.05,118.95,118.95,118.95,118.95,117.88,115.10,121.16,121.16,122.59,122.59,123.07,120.24,120.80,120.80,120.80,120.80,120.80,126.26,114.60,107.86,109.37,109.37,109.37,104.78,104.78,102.16,99.98,99.98,99.98,96.34,96.34,97.06,97.06,97.06,97.75,96.02,92.83,92.83,92.83,92.83,91.71,91.18,91.18,91.18,91.18,91.18,91.18,91.53,91.53,91.53,91.30,91.30,91.30,91.30,91.30,91.30,91.30,91.30,91.30,90.69,90.69,87.54,87.54,87.54,87.54,87.54,90.07,90.07,90.07,90.07,92.21,92.21,92.21,92.21,94.04,94.04,94.04,94.25,94.25,92.50,92.50,90.49,91.72,94.27,94.27,86.69,89.15,87.84,93.43,87.92,86.25,85.81,89.82,88.60,88.60,88.60,86.65,86.65,86.65,86.65,86.65,86.65,84.46,84.46,84.46,91.38,91.25,91.25,88.11,86.80,89.06,88.11,88.11,88.11,88.11,83.57,83.57,85.18,85.18,85.18,85.19,85.19,85.19,85.19,85.19,85.19,83.84,80.78,80.78,80.15,82.24,79.40
Producto,8.71601E-05,05321192,DUCHA ELÉCTRICA,99.15,98.01,98.01,98.01,97.58,99.95,99.57,99.57,99.57,99.57,101.85,101.85,96.79,97.09,95.34,94.01,92.15,93.21,92.66,88.89,88.88,88.88,89.78,89.81,89.81,89.81,89.76,95.28,94.38,92.26,92.26,92.26,92.26,92.91,92.91,92.91,92.91,92.91,92.91,91.90,91.90,91.90,91.90,91.90,91.90,92.78,92.78,92.78,98.92,98.92,98.92,98.92,98.92,99.12,99.60,99.60,99.60,99.60,99.60,100.41,100.41,99.08,99.08,99.08,99.08,96.23,96.23,96.23,96.23,97.20,97.37,97.37,97.37,97.37,97.37,97.37,97.37,97.37,96.14,96.14,97.40,97.78,94.48,95.21,99.29,99.32,99.78,99.78,98.22,97.17,101.78,104.58,104.58,103.83,101.67,104.88,107.26,107.70,108.31,108.31,108.78,108.78,108.78,107.83,107.83,107.83,107.83,106.15,106.15,106.15,106.15,106.23,106.23,106.23,107.69,107.54,107.54,103.62,102.69,102.36,102.82,102.82,102.82,102.82,102.82,102.82,102.82,103.49,103.49,103.49,104.06,103.12,103.12,104.59,105.93,99.62,100.10,100.57
Clase,0.000388884,0533,Reparación de artefactos para el hogar (S),112.64,112.64,112.64,112.64,112.64,116.82,116.82,116.82,116.82,116.82,116.82,116.82,116.82,116.82,116.82,116.82,116.82,116.82,116.82,103.87,103.87,103.87,103.87,103.87,103.87,103.87,93.54,93.54,93.54,93.54,93.54,93.54,93.54,93.54,93.54,93.54,93.54,93.54,93.54,93.54,93.54,93.54,93.54,93.54,93.54,93.54,93.54,93.54,93.54,93.54,93.54,93.54,93.54,93.54,93.54,93.54,93.54,93.54,93.54,93.54,93.54,93.54,93.54,93.54,93.54,93.54,93.54,93.54,93.54,93.54,93.54,93.54,93.54,93.54,93.54,93.54,93.54,93.54,93.54,93.54,93.54,90.12,90.12,82.77,82.77,82.77,82.77,82.77,82.77,82.77,82.77,82.77,82.77,82.77,82.77,82.77,82.77,82.77,82.77,82.77,82.77,82.77,82.77,82.77,82.77,82.77,85.90,85.90,85.90,85.90,85.90,85.90,85.90,85.90,85.90,85.90,85.90,90.12,90.12,90.12,90.12,90.12,90.12,90.12,94.55,94.55,94.55,90.12,90.12,90.12,90.12,90.12,90.12,90.12,90.12,92.90,90.12,90.12
Subclase,0.000388884,05331,Reparación de artefactos para el hogar,112.64,112.64,112.64,112.64,112.64,116.82,116.82,116.82,116.82,116.82,116.82,116.82,116.82,116.82,116.82,116.82,116.82,116.82,116.82,103.87,103.87,103.87,103.87,103.87,103.87,103.87,93.54,93.54,93.54,93.54,93.54,93.54,93.54,93.54,93.54,93.54,93.54,93.54,93.54,93.54,93.54,93.54,93.54,93.54,93.54,93.54,93.54,93.54,93.54,93.54,93.54,93.54,93.54,93.54,93.54,93.54,93.54,93.54,93.54,93.54,93.54,93.54,93.54,93.54,93.54,93.54,93.54,93.54,93.54,93.54,93.54,93.54,93.54,93.54,93.54,93.54,93.54,93.54,93.54,93.54,93.54,90.12,90.12,82.77,82.77,82.77,82.77,82.77,82.77,82.77,82.77,82.77,82.77,82.77,82.77,82.77,82.77,82.77,82.77,82.77,82.77,82.77,82.77,82.77,82.77,82.77,85.90,85.90,85.90,85.90,85.90,85.90,85.90,85.90,85.90,85.90,85.90,90.12,90.12,90.12,90.12,90.12,90.12,90.12,94.55,94.55,94.55,90.12,90.12,90.12,90.12,90.12,90.12,90.12,90.12,92.90,90.12,90.12
Producto,0.000388884,05331193,REPARACIÓN DE ARTEFACTOS PARA EL HOGAR,112.64,112.64,112.64,112.64,112.64,116.82,116.82,116.82,116.82,116.82,116.82,116.82,116.82,116.82,116.82,116.82,116.82,116.82,116.82,103.87,103.87,103.87,103.87,103.87,103.87,103.87,93.54,93.54,93.54,93.54,93.54,93.54,93.54,93.54,93.54,93.54,93.54,93.54,93.54,93.54,93.54,93.54,93.54,93.54,93.54,93.54,93.54,93.54,93.54,93.54,93.54,93.54,93.54,93.54,93.54,93.54,93.54,93.54,93.54,93.54,93.54,93.54,93.54,93.54,93.54,93.54,93.54,93.54,93.54,93.54,93.54,93.54,93.54,93.54,93.54,93.54,93.54,93.54,93.54,93.54,93.54,90.12,90.12,82.77,82.77,82.77,82.77,82.77,82.77,82.77,82.77,82.77,82.77,82.77,82.77,82.77,82.77,82.77,82.77,82.77,82.77,82.77,82.77,82.77,82.77,82.77,85.90,85.90,85.90,85.90,85.90,85.90,85.90,85.90,85.90,85.90,85.90,90.12,90.12,90.12,90.12,90.12,90.12,90.12,94.55,94.55,94.55,90.12,90.12,90.12,90.12,90.12,90.12,90.12,90.12,92.90,90.12,90.12
Grupo,0.001546614,054,"Artículos de vidrio y cristal, vajilla y utensilios para el hogar",98.69,98.93,100.93,102.15,103.47,103.65,103.65,104.21,100.89,101.02,100.82,101.45,99.80,99.80,100.59,100.73,100.52,100.02,100.19,100.99,100.48,99.99,98.61,98.47,99.19,98.19,97.19,97.41,97.41,95.49,94.11,94.71,94.69,96.45,95.21,96.48,96.58,95.29,95.29,95.95,92.97,94.07,94.21,93.35,94.21,95.04,94.97,94.56,95.40,95.50,95.24,95.47,93.15,92.95,91.90,92.29,91.77,91.35,89.74,90.07,89.62,89.15,89.15,91.00,89.95,90.00,90.12,89.63,89.63,89.52,89.08,89.08,88.32,88.67,88.95,88.97,89.26,88.91,92.44,91.68,96.83,98.21,98.37,96.69,99.82,103.03,103.27,103.48,104.74,105.80,106.23,104.02,104.37,105.36,103.43,103.27,105.95,107.33,106.64,103.02,101.86,102.88,103.66,105.61,104.81,107.29,104.70,105.82,106.08,103.55,104.09,107.06,106.17,106.03,104.51,104.00,103.93,104.77,104.51,105.34,106.36,107.64,105.61,106.11,105.19,106.72,108.48,108.48,108.58,108.47,106.21,107.90,108.40,109.45,108.53,108.01,107.67,106.95
Clase,0.001546614,0540,"Artículos de vidrio y cristal, vajilla y utensilios para el hogar (SD)",98.69,98.93,100.93,102.15,103.47,103.65,103.65,104.21,100.89,101.02,100.82,101.45,99.80,99.80,100.59,100.73,100.52,100.02,100.19,100.99,100.48,99.99,98.61,98.47,99.19,98.19,97.19,97.41,97.41,95.49,94.11,94.71,94.69,96.45,95.21,96.48,96.58,95.29,95.29,95.95,92.97,94.07,94.21,93.35,94.21,95.04,94.97,94.56,95.40,95.50,95.24,95.47,93.15,92.95,91.90,92.29,91.77,91.35,89.74,90.07,89.62,89.15,89.15,91.00,89.95,90.00,90.12,89.63,89.63,89.52,89.08,89.08,88.32,88.67,88.95,88.97,89.26,88.91,92.44,91.68,96.83,98.21,98.37,96.69,99.82,103.03,103.27,103.48,104.74,105.80,106.23,104.02,104.37,105.36,103.43,103.27,105.95,107.33,106.64,103.02,101.86,102.88,103.66,105.61,104.81,107.29,104.70,105.82,106.08,103.55,104.09,107.06,106.17,106.03,104.51,104.00,103.93,104.77,104.51,105.34,106.36,107.64,105.61,106.11,105.19,106.72,108.48,108.48,108.58,108.47,106.21,107.90,108.40,109.45,108.53,108.01,107.67,106.95
Subclase,0.001546614,05401,"Artículos de vidrio y cristal, vajilla y utensilios para el hogar",98.69,98.93,100.93,102.15,103.47,103.65,103.65,104.21,100.89,101.02,100.82,101.45,99.80,99.80,100.59,100.73,100.52,100.02,100.19,100.99,100.48,99.99,98.61,98.47,99.19,98.19,97.19,97.41,97.41,95.49,94.11,94.71,94.69,96.45,95.21,96.48,96.58,95.29,95.29,95.95,92.97,94.07,94.21,93.35,94.21,95.04,94.97,94.56,95.40,95.50,95.24,95.47,93.15,92.95,91.90,92.29,91.77,91.35,89.74,90.07,89.62,89.15,89.15,91.00,89.95,90.00,90.12,89.63,89.63,89.52,89.08,89.08,88.32,88.67,88.95,88.97,89.26,88.91,92.44,91.68,96.83,98.21,98.37,96.69,99.82,103.03,103.27,103.48,104.74,105.80,106.23,104.02,104.37,105.36,103.43,103.27,105.95,107.33,106.64,103.02,101.86,102.88,103.66,105.61,104.81,107.29,104.70,105.82,106.08,103.55,104.09,107.06,106.17,106.03,104.51,104.00,103.93,104.77,104.51,105.34,106.36,107.64,105.61,106.11,105.19,106.72,108.48,108.48,108.58,108.47,106.21,107.90,108.40,109.45,108.53,108.01,107.67,106.95
Producto,0.001546614,05401194,OLLAS,98.69,98.93,100.93,102.15,103.47,103.65,103.65,104.21,100.89,101.02,100.82,101.45,99.80,99.80,100.59,100.73,100.52,100.02,100.19,100.99,100.48,99.99,98.61,98.47,99.19,98.19,97.19,97.41,97.41,95.49,94.11,94.71,94.69,96.45,95.21,96.48,96.58,95.29,95.29,95.95,92.97,94.07,94.21,93.35,94.21,95.04,94.97,94.56,95.40,95.50,95.24,95.47,93.15,92.95,91.90,92.29,91.77,91.35,89.74,90.07,89.62,89.15,89.15,91.00,89.95,90.00,90.12,89.63,89.63,89.52,89.08,89.08,88.32,88.67,88.95,88.97,89.26,88.91,92.44,91.68,96.83,98.21,98.37,96.69,99.82,103.03,103.27,103.48,104.74,105.80,106.23,104.02,104.37,105.36,103.43,103.27,105.95,107.33,106.64,103.02,101.86,102.88,103.66,105.61,104.81,107.29,104.70,105.82,106.08,103.55,104.09,107.06,106.17,106.03,104.51,104.00,103.93,104.77,104.51,105.34,106.36,107.64,105.61,106.11,105.19,106.72,108.48,108.48,108.58,108.47,106.21,107.90,108.40,109.45,108.53,108.01,107.67,106.95
Grupo,0.001381501,055,Herramientas y equipo para el hogar y el jardín,95.50,95.50,95.49,96.59,97.26,97.43,98.34,100.06,102.27,102.17,102.17,102.17,101.11,101.50,101.73,101.73,101.73,102.20,102.50,101.91,101.62,101.99,102.10,101.32,100.21,100.86,101.15,100.80,100.12,98.56,98.56,98.40,98.40,92.91,92.57,92.57,94.52,94.62,94.62,91.51,91.04,91.04,91.63,89.75,89.75,89.66,89.66,89.44,89.40,93.99,93.99,93.72,90.94,90.93,91.78,91.78,91.78,92.13,92.13,92.06,96.66,88.93,88.92,97.47,88.92,88.10,89.54,89.94,89.91,89.02,87.12,87.12,87.12,87.12,87.72,87.72,87.72,87.86,82.45,83.08,85.31,83.20,83.55,85.82,85.66,87.11,86.52,86.82,88.95,86.21,86.53,88.13,87.84,91.44,91.68,89.33,89.87,87.96,88.65,89.89,89.57,89.46,88.38,88.30,88.04,86.06,86.35,87.12,87.85,87.10,86.54,87.18,87.18,86.72,86.29,86.29,86.29,85.92,86.29,85.75,85.71,86.17,87.02,86.79,86.79,86.79,87.95,88.49,88.41,88.55,87.84,83.94,84.08,86.59,86.43,86.23,86.23,82.75
Clase,0.00022067,0551,Herramientas y equipo grandes (D),103.65,103.65,103.31,103.31,103.31,103.31,103.31,103.31,102.35,100.40,100.40,100.40,100.40,100.40,100.31,100.31,100.31,100.31,98.05,98.05,98.05,98.05,98.05,99.11,99.11,99.11,99.78,99.17,95.62,87.79,87.79,84.43,84.43,81.52,80.66,80.66,80.22,82.37,82.37,82.37,82.37,82.37,82.37,81.93,81.93,80.01,80.01,80.01,79.21,79.21,79.21,78.98,78.98,78.80,78.80,78.80,78.80,78.80,78.80,77.44,77.44,77.44,77.25,77.25,77.25,76.59,76.59,76.59,76.06,76.06,76.06,76.06,76.06,76.06,77.95,77.95,77.95,77.95,75.98,77.38,78.05,81.32,83.96,86.27,86.99,86.99,86.59,86.59,87.19,87.80,85.90,84.95,85.60,83.78,83.78,84.93,84.93,83.28,83.23,83.23,82.80,82.80,82.80,82.80,83.61,83.61,82.91,82.91,82.77,82.77,82.77,83.22,83.22,82.54,82.54,82.54,82.54,82.54,81.82,80.73,81.55,81.96,81.96,81.96,81.96,81.96,81.96,81.96,81.96,81.96,81.41,81.41,81.68,82.16,82.16,82.16,79.64,79.64
Subclase,0.00022067,05511,Herramientas y equipos grandes,103.65,103.65,103.31,103.31,103.31,103.31,103.31,103.31,102.35,100.40,100.40,100.40,100.40,100.40,100.31,100.31,100.31,100.31,98.05,98.05,98.05,98.05,98.05,99.11,99.11,99.11,99.78,99.17,95.62,87.79,87.79,84.43,84.43,81.52,80.66,80.66,80.22,82.37,82.37,82.37,82.37,82.37,82.37,81.93,81.93,80.01,80.01,80.01,79.21,79.21,79.21,78.98,78.98,78.80,78.80,78.80,78.80,78.80,78.80,77.44,77.44,77.44,77.25,77.25,77.25,76.59,76.59,76.59,76.06,76.06,76.06,76.06,76.06,76.06,77.95,77.95,77.95,77.95,75.98,77.38,78.05,81.32,83.96,86.27,86.99,86.99,86.59,86.59,87.19,87.80,85.90,84.95,85.60,83.78,83.78,84.93,84.93,83.28,83.23,83.23,82.80,82.80,82.80,82.80,83.61,83.61,82.91,82.91,82.77,82.77,82.77,83.22,83.22,82.54,82.54,82.54,82.54,82.54,81.82,80.73,81.55,81.96,81.96,81.96,81.96,81.96,81.96,81.96,81.96,81.96,81.41,81.41,81.68,82.16,82.16,82.16,79.64,79.64
Producto,0.00022067,05511195,BOMBA DE AGUA,103.65,103.65,103.31,103.31,103.31,103.31,103.31,103.31,102.35,100.40,100.40,100.40,100.40,100.40,100.31,100.31,100.31,100.31,98.05,98.05,98.05,98.05,98.05,99.11,99.11,99.11,99.78,99.17,95.62,87.79,87.79,84.43,84.43,81.52,80.66,80.66,80.22,82.37,82.37,82.37,82.37,82.37,82.37,81.93,81.93,80.01,80.01,80.01,79.21,79.21,79.21,78.98,78.98,78.80,78.80,78.80,78.80,78.80,78.80,77.44,77.44,77.44,77.25,77.25,77.25,76.59,76.59,76.59,76.06,76.06,76.06,76.06,76.06,76.06,77.95,77.95,77.95,77.95,75.98,77.38,78.05,81.32,83.96,86.27,86.99,86.99,86.59,86.59,87.19,87.80,85.90,84.95,85.60,83.78,83.78,84.93,84.93,83.28,83.23,83.23,82.80,82.80,82.80,82.80,83.61,83.61,82.91,82.91,82.77,82.77,82.77,83.22,83.22,82.54,82.54,82.54,82.54,82.54,81.82,80.73,81.55,81.96,81.96,81.96,81.96,81.96,81.96,81.96,81.96,81.96,81.41,81.41,81.68,82.16,82.16,82.16,79.64,79.64
Clase,0.001160832,0552,Herramientas pequeñas y accesorios diversos (SD),95.09,95.09,95.09,96.25,96.95,97.14,98.09,99.89,102.26,102.26,102.26,102.26,101.15,101.56,101.80,101.80,101.80,102.29,102.72,102.10,101.80,102.19,102.31,101.44,100.27,100.95,101.22,100.88,100.35,99.10,99.10,99.10,99.10,93.48,93.17,93.17,95.24,95.24,95.24,91.97,91.48,91.48,92.10,90.15,90.15,90.15,90.15,89.91,89.91,94.73,94.73,94.46,91.54,91.54,92.44,92.44,92.44,92.80,92.80,92.80,97.63,89.51,89.51,98.49,89.51,88.67,90.19,90.61,90.61,89.67,87.68,87.68,87.68,87.68,88.21,88.21,88.21,88.36,82.78,83.37,85.67,83.29,83.53,85.79,85.59,87.12,86.52,86.83,89.04,86.13,86.56,88.29,87.95,91.82,92.08,89.55,90.12,88.20,88.92,90.23,89.92,89.79,88.66,88.58,88.27,86.18,86.53,87.33,88.10,87.31,86.73,87.38,87.38,86.93,86.47,86.47,86.47,86.09,86.52,86.00,85.92,86.38,87.27,87.03,87.03,87.03,88.26,88.82,88.73,88.88,88.17,84.07,84.21,86.81,86.65,86.44,86.56,82.91
Subclase,0.001160832,05521,"Lámparas incandescentes, fluorescentes y pilas",95.09,95.09,95.09,96.25,96.95,97.14,98.09,99.89,102.26,102.26,102.26,102.26,101.15,101.56,101.80,101.80,101.80,102.29,102.72,102.10,101.80,102.19,102.31,101.44,100.27,100.95,101.22,100.88,100.35,99.10,99.10,99.10,99.10,93.48,93.17,93.17,95.24,95.24,95.24,91.97,91.48,91.48,92.10,90.15,90.15,90.15,90.15,89.91,89.91,94.73,94.73,94.46,91.54,91.54,92.44,92.44,92.44,92.80,92.80,92.80,97.63,89.51,89.51,98.49,89.51,88.67,90.19,90.61,90.61,89.67,87.68,87.68,87.68,87.68,88.21,88.21,88.21,88.36,82.78,83.37,85.67,83.29,83.53,85.79,85.59,87.12,86.52,86.83,89.04,86.13,86.56,88.29,87.95,91.82,92.08,89.55,90.12,88.20,88.92,90.23,89.92,89.79,88.66,88.58,88.27,86.18,86.53,87.33,88.10,87.31,86.73,87.38,87.38,86.93,86.47,86.47,86.47,86.09,86.52,86.00,85.92,86.38,87.27,87.03,87.03,87.03,88.26,88.82,88.73,88.88,88.17,84.07,84.21,86.81,86.65,86.44,86.56,82.91
Producto,0.000822167,05521196,FOCO DE LUZ,93.05,93.05,93.05,93.05,94.13,94.13,94.13,95.42,97.90,97.90,97.90,97.90,97.17,97.17,98.12,98.12,98.12,98.12,98.12,96.18,95.72,95.72,95.72,95.72,93.51,95.11,95.53,95.53,93.60,92.26,92.26,92.26,92.26,84.23,84.23,84.23,87.43,87.43,87.43,83.60,83.60,83.60,84.30,81.20,81.20,81.20,81.20,81.73,81.73,89.42,89.42,89.42,87.73,87.73,87.73,87.73,87.73,87.73,87.73,87.73,95.21,83.12,83.12,97.02,83.12,83.12,84.71,85.36,85.36,85.36,82.27,82.27,82.27,82.27,82.27,82.27,82.27,82.27,73.60,74.26,78.17,72.26,72.26,77.51,77.76,79.28,78.06,78.55,80.83,77.70,78.15,78.15,77.35,83.40,83.40,80.49,80.49,77.41,77.41,79.44,79.44,79.25,77.49,77.49,77.04,73.81,74.22,75.47,76.79,75.57,75.57,76.92,76.92,76.23,76.23,76.23,76.23,76.23,76.89,76.10,76.10,76.78,78.14,77.85,77.85,77.85,77.85,77.85,77.85,77.85,76.75,70.41,70.41,73.92,73.92,72.48,69.83,63.40
Producto,0.000170854,05521197,PILAS,98.06,98.06,98.06,99.19,99.19,100.33,103.58,107.15,107.15,107.15,107.15,107.15,107.15,109.71,109.71,109.71,109.71,111.70,114.32,114.32,114.32,114.32,114.32,114.32,114.32,116.06,116.06,116.06,116.06,114.09,114.09,114.09,114.09,110.51,110.51,110.51,110.51,110.51,110.51,105.60,105.60,105.60,106.64,106.94,106.94,106.94,106.94,103.37,103.37,103.37,103.37,103.37,99.83,99.83,99.83,99.83,99.83,99.83,99.83,99.83,99.83,97.89,97.89,97.89,97.89,97.37,97.37,97.37,97.37,97.37,97.37,97.37,97.37,97.37,97.37,97.37,97.37,98.33,95.92,92.63,91.26,91.82,91.82,91.82,90.32,90.83,90.91,90.91,91.86,91.86,91.86,96.26,97.51,95.61,97.19,95.61,95.61,95.61,97.19,97.19,97.19,97.19,97.19,96.68,95.15,95.15,95.66,95.66,95.15,95.15,95.15,97.40,97.40,97.40,94.22,94.22,94.22,94.22,94.22,94.22,93.72,93.82,93.91,93.91,93.91,93.91,93.80,93.80,93.25,94.17,94.17,94.17,94.17,94.17,94.17,97.40,97.40,97.40
Producto,0.000167811,05521198,CANDADO,99.47,99.47,99.47,104.51,104.51,104.51,106.76,108.81,112.76,112.76,112.76,112.76,109.47,109.47,107.52,107.52,107.52,108.42,108.48,111.75,111.75,113.77,114.35,109.85,111.19,107.91,107.91,106.15,109.85,109.50,109.50,109.50,109.50,110.28,108.64,108.64,108.64,108.64,108.64,108.64,106.08,106.08,106.08,106.08,106.08,106.08,106.08,106.08,106.08,105.29,105.29,103.89,97.41,97.41,102.02,102.02,102.02,103.89,103.89,103.89,103.89,103.89,103.89,103.89,103.89,100.01,102.54,102.54,102.54,97.70,97.70,97.70,97.70,97.70,100.43,100.43,100.43,100.43,102.53,106.10,106.10,113.06,114.28,108.47,107.82,110.22,111.10,111.10,114.11,109.51,110.27,115.54,115.41,116.79,116.79,114.77,117.72,118.08,120.50,120.50,118.87,118.87,118.87,118.87,120.04,120.04,120.04,120.04,120.04,120.04,117.00,113.99,113.99,113.99,114.26,114.26,114.26,112.26,112.26,112.26,112.26,112.26,112.26,111.96,111.96,111.96,118.39,121.31,121.31,121.31,121.31,121.31,122.02,123.75,122.92,123.95,133.41,136.01
Grupo,0.034418899,056,Bienes y servicios para conservación ordinaria del hogar,100.45,100.57,100.68,101.25,101.17,101.42,101.28,101.14,99.41,99.62,99.71,99.69,101.25,100.88,100.42,100.43,100.17,101.33,101.12,101.13,101.33,101.04,100.87,100.75,101.87,102.24,102.48,102.35,102.30,101.15,101.25,101.12,101.09,101.84,101.41,101.74,102.81,102.87,103.19,102.75,102.39,102.01,102.24,102.48,102.29,102.42,102.47,102.43,103.19,102.67,102.62,102.40,102.66,102.16,102.37,102.47,102.07,102.27,102.17,102.26,103.31,102.93,102.94,103.09,103.36,103.45,103.59,103.62,103.47,103.70,103.48,103.19,103.12,103.06,102.70,103.39,103.29,103.43,103.15,103.99,104.12,104.95,105.22,105.40,108.42,109.17,109.08,109.55,111.29,112.46,112.43,112.83,112.55,112.75,112.78,113.77,116.39,116.68,116.50,116.79,117.42,116.81,117.57,117.28,117.09,116.80,116.29,116.18,117.52,117.77,117.97,119.63,120.04,120.01,119.66,120.04,120.30,120.27,120.20,120.17,121.34,121.59,121.57,121.38,121.17,121.67,121.04,120.90,121.52,121.46,121.26,121.26,122.85,123.06,123.12,122.68,123.69,123.38
Clase,0.019168533,0561,Bienes para el hogar no duraderos (ND),95.50,95.69,95.87,96.80,96.68,97.08,96.85,96.63,93.80,94.15,94.30,94.25,94.48,93.88,92.93,92.95,92.53,94.42,94.07,94.10,94.42,93.95,93.66,93.48,93.56,94.17,94.55,94.34,94.26,92.39,92.54,92.34,92.29,93.52,92.81,93.35,92.97,93.05,93.59,92.86,92.27,91.66,92.03,92.42,92.12,92.32,92.40,92.34,92.03,91.18,91.10,90.75,91.16,90.34,90.69,90.85,90.21,90.52,90.36,90.51,91.07,90.44,90.47,90.70,91.14,91.29,91.52,91.56,91.32,91.70,91.34,90.87,90.76,90.66,90.07,91.19,91.03,91.26,90.81,92.17,92.39,93.74,94.18,94.47,94.55,95.78,95.63,96.41,99.24,101.15,101.11,101.76,101.30,101.62,101.67,103.28,102.72,103.18,102.90,103.36,104.40,103.40,104.64,104.17,103.86,103.39,102.55,102.38,102.63,103.04,103.35,106.07,106.73,106.69,106.12,106.74,107.16,107.12,107.00,106.95,106.91,107.33,107.29,106.99,106.64,107.46,106.42,106.19,107.21,107.11,106.79,106.78,107.06,107.40,107.50,106.77,108.43,107.93
Subclase,0.015945987,05611,Productos de limpieza y mantenimiento,96.86,96.86,96.97,97.19,97.26,97.71,97.41,97.25,94.68,95.11,95.33,95.47,95.62,94.95,93.86,94.07,93.56,95.59,95.17,95.34,95.55,95.19,94.75,94.70,94.51,95.24,95.80,95.58,95.49,93.86,93.93,93.56,93.50,94.29,93.44,94.16,94.03,94.01,94.67,93.65,92.89,92.28,92.76,93.19,92.71,92.95,93.04,93.08,92.53,91.68,91.60,91.11,91.75,90.63,90.95,91.14,90.55,90.85,90.66,90.84,91.59,90.86,90.90,91.33,91.88,91.82,91.99,91.94,92.06,92.60,92.20,91.21,91.27,91.23,90.55,91.84,91.56,91.86,91.11,92.79,93.23,94.86,94.67,94.95,94.72,96.29,96.06,96.94,100.43,102.31,102.46,103.02,102.36,102.71,102.60,104.67,103.86,104.52,104.19,104.46,105.68,104.38,105.99,105.44,105.11,104.69,103.72,103.27,103.72,103.68,103.80,106.78,107.61,107.43,106.86,107.50,108.12,108.29,108.42,107.88,107.83,108.55,108.32,108.07,107.85,108.72,107.46,107.09,108.35,108.35,107.97,107.88,108.13,108.72,108.78,107.96,109.68,109.17
Producto,0.005798781,05611199,DETERGENTE PARA ROPA,96.57,96.44,96.44,96.44,96.44,96.44,96.44,96.57,93.37,93.37,93.37,93.25,93.25,93.25,93.25,93.25,93.25,94.51,94.51,94.77,94.91,94.34,93.50,93.50,93.64,95.00,95.88,95.41,95.41,93.83,93.83,93.81,94.75,94.75,94.75,95.44,95.44,95.32,95.32,95.32,93.78,93.92,93.69,93.69,93.15,93.71,93.71,93.71,93.71,90.68,90.68,90.49,90.02,90.05,90.04,89.58,88.71,88.85,88.85,89.30,90.82,90.82,91.29,91.44,91.41,91.41,90.95,90.95,91.51,91.29,91.29,89.15,89.15,89.15,87.99,88.76,88.76,88.53,87.84,88.14,88.83,89.20,89.59,89.78,88.57,91.30,91.93,90.96,93.97,93.97,94.51,95.09,93.33,93.16,93.16,96.82,95.34,96.57,98.09,98.64,98.77,96.18,98.70,98.62,98.92,98.92,99.07,99.07,99.07,99.07,99.07,101.50,101.50,101.50,100.74,101.12,101.12,101.12,101.12,101.16,101.16,101.16,101.16,101.16,101.26,100.56,100.56,101.45,101.45,101.45,101.55,101.31,101.31,101.73,101.92,101.92,102.73,103.21
Producto,0.00258686,05611200,JABÓN PARA ROPA,95.82,95.82,95.82,95.82,96.81,96.81,96.81,96.81,92.58,94.79,94.79,94.79,94.79,91.15,89.62,91.15,91.15,91.64,89.50,89.50,89.50,89.50,89.50,89.50,89.50,90.65,91.64,91.64,91.64,89.45,89.45,89.45,87.35,87.35,87.35,87.74,87.74,87.74,87.74,87.74,86.54,86.54,86.54,88.49,87.74,87.74,87.74,86.34,86.34,86.34,86.34,86.34,87.13,87.13,87.13,87.13,87.13,87.13,87.13,85.94,85.94,84.05,84.05,84.05,84.05,84.05,84.77,84.77,84.77,84.77,84.77,84.77,84.77,84.77,84.77,86.75,86.75,89.86,89.86,95.11,97.00,100.67,102.67,102.67,101.97,105.62,105.62,106.71,119.13,123.72,123.72,123.72,123.72,123.72,123.72,125.89,125.89,125.89,122.53,122.53,125.33,125.33,125.33,125.33,125.33,124.22,121.67,120.50,121.50,120.33,121.50,124.96,124.96,123.16,123.23,124.39,124.39,124.39,124.39,124.39,123.58,125.22,125.22,124.84,124.84,125.66,123.47,117.97,121.78,121.78,121.34,121.34,124.72,127.32,127.32,125.11,129.03,126.76
Producto,0.001806114,05611201,JABÓN PARA VAJILLA,103.36,103.36,102.81,102.81,104.57,104.86,101.69,100.34,97.75,97.82,99.53,99.19,99.25,98.94,98.94,98.94,96.58,98.25,98.25,98.25,98.40,97.97,97.79,98.26,96.80,97.12,96.67,96.80,97.52,95.92,95.56,93.59,93.59,93.13,95.01,93.40,93.67,95.80,95.80,93.12,93.41,86.36,91.53,91.79,91.11,91.11,90.78,92.71,90.80,91.46,91.88,90.00,94.33,87.65,90.67,93.82,92.47,92.90,93.12,90.53,94.42,94.42,93.29,94.62,94.62,95.64,95.01,94.95,94.17,95.69,95.35,95.03,95.03,95.31,93.00,97.26,96.32,93.09,90.00,94.02,97.73,98.06,98.92,99.58,95.58,92.11,88.44,97.59,99.65,98.74,99.02,102.23,102.77,101.92,102.70,103.71,105.30,101.86,101.86,101.24,104.68,106.00,105.69,103.85,103.53,103.53,105.22,103.41,102.49,106.43,108.53,107.17,114.28,114.60,114.78,113.60,117.41,116.16,117.21,115.18,116.60,117.49,117.49,117.07,116.16,121.04,117.44,119.06,120.99,121.30,122.51,122.51,117.27,117.27,116.44,113.79,117.17,117.17
Producto,0.003399103,05611202,CLORO Y DESINFECTANTE,90.73,90.73,92.13,92.58,90.59,92.59,92.89,92.89,92.23,91.50,91.50,92.56,92.56,92.97,89.24,88.77,87.86,93.48,93.63,93.63,94.70,94.11,94.11,92.37,92.67,92.67,92.67,92.78,92.78,90.71,90.89,90.52,91.17,94.57,90.05,92.81,90.48,89.21,92.66,89.37,88.75,89.90,90.41,90.17,90.25,89.61,89.92,91.93,89.17,91.01,90.34,89.85,89.85,88.80,88.57,88.69,88.57,88.69,86.84,89.80,88.14,88.61,88.14,88.09,90.79,90.27,91.90,91.90,91.35,93.08,93.08,91.83,91.83,91.83,91.83,91.46,91.23,92.31,90.81,92.31,88.67,92.01,88.70,88.77,91.78,91.97,92.15,92.15,89.43,94.44,94.89,94.25,93.93,94.71,92.77,92.32,89.54,92.43,91.17,91.17,91.90,88.46,92.87,91.61,88.09,87.38,83.59,85.68,84.76,83.92,81.25,87.10,86.31,86.90,85.49,86.31,85.19,87.95,87.25,87.25,86.13,87.08,86.50,83.27,82.85,84.73,84.33,82.13,83.96,83.95,82.67,82.67,83.77,84.29,84.34,83.91,84.73,83.73
Producto,0.000282729,05611203,BETÚN ,109.23,111.35,111.35,114.49,116.15,116.15,116.15,115.19,115.19,115.19,115.19,115.19,118.86,118.86,118.86,118.86,118.86,121.06,121.44,121.18,121.18,121.18,118.33,121.55,120.65,120.65,120.65,117.41,111.82,115.74,115.74,114.88,115.42,117.47,108.91,117.47,117.47,117.47,117.47,117.47,117.47,117.47,117.47,113.17,113.17,119.01,117.49,111.42,119.21,119.30,119.30,119.21,119.21,119.97,119.97,116.35,116.35,120.78,120.78,120.78,120.97,120.97,121.77,123.19,122.71,121.77,121.77,122.36,122.36,121.39,112.80,115.04,115.04,115.04,115.04,115.04,115.04,115.04,115.36,114.24,114.24,118.10,116.40,115.63,119.01,119.11,119.11,116.35,117.54,123.62,126.07,129.32,126.83,129.25,133.44,138.85,138.85,141.13,141.13,141.69,136.82,141.69,141.96,141.96,140.28,142.76,142.76,141.79,144.18,144.18,144.48,149.58,151.97,151.08,151.76,151.76,151.76,151.76,152.65,145.95,149.62,150.55,148.76,148.76,148.76,148.76,151.26,152.17,151.63,153.04,150.71,152.52,153.73,148.53,148.47,150.32,150.79,150.79
Producto,0.000260745,05611204,CERA PARA PISOS,98.06,98.06,95.47,95.47,97.73,97.73,97.73,97.73,97.73,97.73,97.73,97.73,97.73,97.73,97.73,97.73,97.73,98.85,99.22,100.34,99.22,99.22,99.22,100.71,100.71,100.71,100.71,101.05,101.05,96.81,96.81,96.81,91.48,95.91,95.91,89.21,95.91,95.51,95.51,95.51,97.86,97.86,97.86,95.76,95.29,95.37,95.37,95.37,95.37,95.37,94.06,95.32,95.07,95.07,95.07,95.07,95.07,95.07,95.07,95.07,95.07,88.88,92.85,92.05,92.18,92.18,92.18,91.19,91.19,91.19,92.18,92.18,92.84,92.18,92.18,92.18,92.18,92.42,91.74,91.03,92.42,92.42,92.42,92.42,97.20,97.20,97.20,92.51,94.00,94.00,95.46,98.90,98.90,99.77,100.59,100.59,98.99,98.08,98.68,98.68,99.60,100.10,100.10,101.66,102.87,102.87,102.87,97.44,103.18,103.18,103.18,110.11,115.14,115.68,115.74,124.60,124.60,121.37,123.94,123.94,127.12,131.48,125.70,125.70,125.70,125.70,127.97,127.97,127.97,127.97,127.97,127.97,127.97,127.06,129.24,127.97,127.97,128.03
Producto,0.000395387,05611205,DESODORANTE AMBIENTAL,102.32,101.80,101.80,101.80,97.68,97.68,100.72,101.27,94.58,98.21,98.21,97.41,98.42,98.42,98.42,98.59,98.59,101.37,97.17,98.91,97.25,99.24,97.72,98.39,96.66,95.92,99.24,96.59,96.74,92.72,101.08,101.08,101.08,101.08,101.08,96.18,100.22,100.22,94.88,93.40,95.92,95.92,85.50,99.58,94.78,93.55,99.15,92.96,91.93,98.09,93.45,89.57,91.61,93.77,93.58,87.02,93.58,93.45,93.77,96.51,91.47,91.47,88.12,90.40,89.75,94.66,90.04,87.47,94.83,95.15,96.01,94.47,95.17,95.68,95.68,94.66,90.15,91.29,95.68,94.83,93.65,93.77,87.61,92.25,92.63,95.22,97.58,97.58,100.16,97.14,97.14,97.14,98.14,103.10,103.10,105.09,116.27,116.90,116.90,122.58,122.58,122.58,116.01,116.01,123.41,116.41,115.47,112.34,117.67,110.47,115.74,119.25,119.25,120.96,117.64,117.64,123.89,118.54,118.54,112.57,108.11,105.46,111.16,124.07,118.71,116.84,121.19,122.71,122.71,121.19,113.94,109.02,110.96,108.80,108.80,104.83,107.66,103.18
Producto,0.001007496,05611206,SUAVIZANTE DE ROPA,99.02,99.02,99.82,100.52,100.52,100.52,100.52,100.52,100.52,100.52,100.52,100.52,100.52,100.52,98.06,98.06,96.91,96.71,97.88,98.86,99.10,99.10,99.10,99.34,99.34,99.34,100.24,101.85,101.85,101.27,100.16,100.37,100.37,100.37,100.37,102.99,103.62,103.62,106.97,106.97,106.97,107.76,107.49,107.49,107.49,107.49,107.49,106.79,106.91,103.86,103.86,102.25,104.68,101.99,101.53,105.76,103.29,103.12,105.23,106.06,108.10,104.10,101.25,105.93,105.95,101.99,103.18,103.64,103.64,107.00,102.89,103.69,106.40,103.69,103.69,108.00,106.74,105.50,108.52,103.49,104.58,103.49,103.49,104.58,105.24,110.95,110.95,110.95,111.24,112.05,106.34,103.52,104.31,110.25,110.25,110.25,110.25,110.25,110.25,110.25,114.10,111.74,111.74,107.66,111.74,111.74,111.74,107.66,114.00,112.92,112.92,116.14,110.86,110.86,110.16,110.16,116.46,116.46,116.46,116.46,117.03,117.03,117.03,125.15,125.15,125.15,112.16,126.00,126.00,124.94,123.27,123.27,123.27,124.90,125.80,126.78,126.62,127.16
Producto,0.000408772,05611207,INSECTICIDA,101.80,101.80,97.24,99.45,98.04,101.01,101.84,100.10,100.45,106.77,106.77,110.38,112.92,112.92,112.92,112.92,113.35,120.09,117.49,115.76,115.19,113.17,113.35,118.89,113.17,111.73,112.44,111.44,109.17,114.82,113.25,111.03,112.40,116.01,115.71,116.01,115.25,115.25,113.34,110.20,110.20,110.20,109.96,109.96,113.36,113.36,115.57,115.81,115.53,100.06,110.87,110.87,110.05,106.39,106.39,105.85,96.04,101.73,105.31,100.64,100.64,88.79,101.68,98.83,106.38,106.17,107.09,106.54,106.54,106.54,106.54,107.25,99.81,103.58,107.50,107.50,107.50,109.14,109.14,109.14,105.68,109.14,103.10,105.11,108.79,108.79,103.05,108.58,115.48,116.19,109.94,107.72,107.72,105.38,105.38,111.63,102.22,108.51,107.22,110.70,112.10,118.38,118.38,124.23,124.23,120.95,119.73,119.73,118.77,118.48,121.37,117.91,123.46,123.94,123.94,125.99,125.99,124.98,128.06,128.06,127.60,127.60,127.60,122.70,126.31,127.44,126.93,126.93,122.00,120.62,120.62,123.59,122.70,121.21,120.62,124.95,125.61,125.14
Subclase,0.003222546,05612,Productos no duraderos para el hogar,89.67,90.66,91.16,95.12,94.17,94.37,94.43,93.96,90.00,90.00,89.87,89.05,89.57,89.29,88.95,88.12,88.12,89.37,89.37,88.80,89.58,88.64,89.01,88.23,89.48,89.56,89.17,88.98,88.98,86.08,86.61,87.14,87.14,90.19,90.14,89.87,88.42,88.95,88.95,89.45,89.62,88.99,88.89,89.16,89.58,89.65,89.70,89.17,89.87,89.05,88.94,89.20,88.62,89.13,89.55,89.61,88.77,89.10,89.10,89.10,88.85,88.60,88.60,88.04,87.96,89.01,89.50,89.96,88.16,87.81,87.67,89.39,88.57,88.20,88.04,88.41,88.76,88.67,89.53,89.51,88.81,88.92,92.10,92.42,93.85,93.60,93.80,94.13,94.13,96.14,95.30,96.33,96.74,96.91,97.68,97.33,97.86,97.45,97.36,98.65,98.90,99.21,98.83,98.71,98.49,97.83,97.54,98.58,97.96,100.31,101.41,103.05,102.97,103.52,102.91,103.47,103.05,102.10,100.92,102.99,102.99,102.10,102.89,102.37,101.42,102.09,101.96,102.37,102.30,101.77,101.72,102.06,102.45,101.75,101.97,101.67,103.05,102.62
Producto,0.000681452,05612208,ESCOBA,73.41,76.13,76.13,77.33,77.86,77.70,77.70,76.26,76.26,76.26,76.39,76.39,76.39,76.39,74.80,70.93,70.93,72.82,72.82,72.44,74.71,77.84,77.84,76.63,78.23,77.91,76.95,76.95,76.95,74.00,76.47,76.47,76.47,76.70,76.70,76.70,76.70,77.91,77.91,77.91,77.91,77.91,77.91,77.91,77.91,77.91,77.91,77.91,77.91,77.91,76.67,78.16,75.70,77.54,77.64,77.91,77.91,77.91,77.91,77.91,77.91,75.55,75.55,72.93,72.03,76.56,76.56,76.56,76.56,76.56,76.29,76.29,76.29,74.80,73.41,73.41,73.41,73.41,73.41,72.94,73.09,73.09,73.09,73.09,73.09,71.65,73.22,73.78,73.78,78.56,78.56,80.63,80.63,82.00,82.00,82.00,82.00,82.00,82.00,82.00,82.00,82.00,82.00,82.00,82.00,82.00,82.00,82.00,82.00,82.00,86.71,89.70,89.70,89.70,89.89,89.89,89.89,89.43,89.43,89.43,89.43,89.43,89.43,89.43,89.43,89.43,89.43,89.43,89.43,89.43,89.43,89.43,89.43,89.43,88.76,87.36,87.36,87.36
Producto,0.000211092,05612209,ESPONJA LAVA VAJILLA,109.49,109.68,109.68,109.68,109.68,113.12,113.12,110.88,111.32,111.32,111.32,109.72,109.72,109.72,109.72,109.72,109.72,119.70,119.70,112.43,112.74,102.62,108.03,108.03,121.42,123.62,123.03,118.90,118.90,106.77,106.77,105.23,105.23,105.68,105.68,105.68,105.68,109.73,109.73,105.68,108.16,100.67,99.08,104.08,110.21,110.21,110.21,101.72,111.98,111.98,111.98,111.98,111.19,111.19,111.19,111.19,106.22,111.19,111.19,111.19,111.19,111.19,111.19,111.19,112.27,113.66,123.18,123.18,115.19,115.19,115.19,127.31,121.42,127.31,120.71,127.91,121.17,121.17,128.53,128.53,128.53,128.53,114.06,118.70,135.26,130.33,132.44,125.29,125.29,137.85,137.85,133.37,133.37,137.09,139.86,137.09,137.09,137.09,139.73,139.73,143.44,141.64,141.64,141.94,141.94,141.94,141.94,141.94,140.46,140.46,141.94,138.71,138.71,138.71,131.41,135.59,135.59,134.90,134.90,134.90,134.90,134.90,134.90,127.22,127.22,128.39,123.95,129.90,128.90,128.90,128.22,128.22,128.22,129.73,128.22,128.22,128.22,128.79
Producto,0.000862233,05612210,FUNDAS PARA BASURA,70.98,72.47,72.47,72.47,68.49,68.49,68.49,67.72,67.91,67.91,67.32,67.32,66.84,66.84,66.84,66.84,66.84,67.31,67.31,67.31,67.48,67.48,67.48,67.48,67.48,67.48,66.95,66.95,66.95,65.80,65.80,68.19,68.19,68.19,68.03,68.03,65.42,65.42,65.42,65.42,65.42,65.42,65.42,65.42,65.42,65.24,65.42,65.42,65.42,65.42,65.42,65.20,65.20,65.20,65.38,65.38,65.38,65.38,65.38,65.38,64.42,64.42,64.42,64.42,64.57,64.53,64.53,65.64,60.67,59.65,59.65,61.60,61.60,61.60,61.60,61.60,63.23,62.65,62.65,62.65,62.65,62.65,64.48,64.48,64.48,64.48,64.48,64.48,64.48,64.48,62.96,62.96,64.48,62.84,64.48,63.30,64.48,64.48,64.48,69.31,69.31,70.91,68.48,68.48,68.48,68.48,67.23,68.48,68.48,75.41,75.41,77.59,77.59,77.59,77.59,77.59,75.80,75.80,75.80,75.80,75.80,75.80,75.80,75.80,75.80,75.80,75.80,75.80,75.80,75.80,75.80,75.80,75.80,75.80,75.80,75.80,80.95,80.95
Producto,0.000503555,05612211,SERVILLETAS ,100.53,100.53,103.72,104.42,104.42,104.42,104.76,104.76,104.76,104.76,104.76,100.18,104.35,102.55,102.55,102.55,102.55,102.82,102.82,102.82,104.32,100.63,100.63,97.29,97.29,97.29,97.29,97.82,97.82,90.80,90.80,90.80,90.80,90.80,90.80,89.05,89.05,89.05,89.05,89.05,89.05,88.28,88.28,88.28,88.28,89.05,89.05,89.35,89.35,84.12,85.11,85.11,85.11,85.85,88.12,88.12,84.85,84.85,84.85,84.85,84.85,86.51,86.51,86.51,86.51,86.51,85.46,86.51,87.00,86.51,85.99,88.42,85.72,82.31,86.06,85.31,87.67,87.67,89.98,90.50,84.78,85.50,88.74,88.74,88.41,89.37,86.37,90.31,90.31,90.31,87.52,91.45,91.45,91.93,92.87,93.79,93.79,92.55,90.84,90.84,90.84,90.84,92.55,92.55,92.55,88.07,88.07,92.55,89.23,91.55,91.55,96.35,94.88,97.43,97.43,97.43,97.43,92.25,84.19,97.43,97.43,91.94,97.01,97.01,90.89,94.72,95.83,95.83,95.83,92.42,92.42,94.61,96.88,91.70,94.72,94.72,94.72,91.70
Producto,0.000655699,05612212,FÓSFOROS,110.44,110.44,110.44,126.86,126.86,126.86,126.86,126.86,110.44,110.44,110.44,110.44,110.44,110.44,110.44,110.44,110.44,110.44,110.44,110.44,110.44,110.44,110.44,110.44,110.44,110.44,110.44,110.44,110.44,110.44,110.44,110.44,110.44,123.96,123.96,123.96,123.96,123.96,123.96,123.96,123.96,123.96,123.96,123.96,123.96,123.96,123.96,123.96,123.96,123.96,123.96,123.96,123.96,123.96,123.96,123.96,123.96,123.96,123.96,123.96,123.96,123.96,123.96,123.96,123.96,123.96,123.96,123.96,123.96,123.96,123.96,123.96,123.96,123.96,123.96,123.96,123.96,123.96,123.96,123.96,123.96,123.96,139.15,139.15,139.15,139.15,139.15,139.15,139.15,139.15,139.15,139.15,139.15,139.15,139.15,139.15,139.15,139.15,139.15,139.15,139.15,139.15,139.15,139.15,139.15,139.15,139.15,139.15,139.15,139.15,139.15,139.15,139.15,139.15,139.15,139.15,139.15,139.15,139.15,139.15,139.15,139.15,139.15,139.15,139.15,139.15,139.15,139.15,139.15,139.15,139.15,139.15,139.15,139.15,139.15,139.15,139.15,139.15
Producto,0.000308515,05612213,VELAS,101.30,101.30,101.30,101.30,101.30,101.30,101.30,103.87,98.14,98.14,98.14,98.14,98.14,98.14,98.14,98.14,98.14,98.14,98.14,98.14,98.14,93.55,93.55,93.55,93.55,93.55,93.55,93.55,93.55,92.98,92.98,92.98,92.98,92.98,92.98,92.98,83.04,83.04,83.04,93.29,93.29,93.29,93.29,92.48,92.48,92.48,92.48,92.48,92.48,92.48,92.48,92.48,92.48,92.48,92.48,92.48,92.48,92.48,92.48,92.48,92.48,92.48,92.48,92.48,92.48,92.48,92.48,92.48,92.48,92.48,92.48,92.48,92.48,93.48,93.48,93.48,93.48,94.37,94.37,94.37,96.50,96.50,94.34,94.34,99.01,102.23,104.82,105.83,105.83,107.70,107.70,111.40,111.40,111.27,111.27,111.27,114.17,111.27,111.27,111.27,111.27,111.27,111.27,109.46,106.50,107.07,107.73,107.73,107.73,109.46,109.46,107.88,109.86,111.95,109.86,113.48,114.32,114.32,115.42,115.42,115.42,115.00,115.00,115.00,115.00,115.00,115.00,115.00,115.00,115.00,115.00,115.00,115.42,115.42,115.42,115.42,115.42,115.42
Clase,0.015250366,0562,Servicios domésticos y para el hogar (S),108.28,108.28,108.28,108.28,108.28,108.28,108.28,108.28,108.28,108.28,108.28,108.28,111.95,111.95,112.26,112.26,112.26,112.26,112.26,112.26,112.26,112.26,112.26,112.26,115.02,115.02,115.02,115.02,115.02,115.02,115.02,115.02,115.02,115.02,115.02,115.02,118.40,118.40,118.40,118.40,118.40,118.40,118.40,118.40,118.40,118.40,118.40,118.40,120.85,120.85,120.85,120.85,120.85,120.85,120.85,120.85,120.85,120.85,120.85,120.85,122.69,122.69,122.69,122.69,122.69,122.69,122.69,122.69,122.69,122.69,122.69,122.69,122.69,122.69,122.69,122.69,122.69,122.69,122.69,122.69,122.69,122.69,122.69,122.69,130.36,130.36,130.36,130.36,130.36,130.36,130.36,130.36,130.36,130.36,130.36,130.36,138.03,138.03,138.03,138.03,138.03,138.03,138.03,138.03,138.03,138.03,138.03,138.03,141.10,141.10,141.10,141.10,141.10,141.10,141.10,141.10,141.10,141.10,141.10,141.10,144.16,144.16,144.16,144.16,144.16,144.16,144.16,144.16,144.16,144.16,144.16,144.16,147.84,147.84,147.84,147.84,147.84,147.84
Subclase,0.015250366,05621,Servicios domésticos y  para el hogar,108.28,108.28,108.28,108.28,108.28,108.28,108.28,108.28,108.28,108.28,108.28,108.28,111.95,111.95,112.26,112.26,112.26,112.26,112.26,112.26,112.26,112.26,112.26,112.26,115.02,115.02,115.02,115.02,115.02,115.02,115.02,115.02,115.02,115.02,115.02,115.02,118.40,118.40,118.40,118.40,118.40,118.40,118.40,118.40,118.40,118.40,118.40,118.40,120.85,120.85,120.85,120.85,120.85,120.85,120.85,120.85,120.85,120.85,120.85,120.85,122.69,122.69,122.69,122.69,122.69,122.69,122.69,122.69,122.69,122.69,122.69,122.69,122.69,122.69,122.69,122.69,122.69,122.69,122.69,122.69,122.69,122.69,122.69,122.69,130.36,130.36,130.36,130.36,130.36,130.36,130.36,130.36,130.36,130.36,130.36,130.36,138.03,138.03,138.03,138.03,138.03,138.03,138.03,138.03,138.03,138.03,138.03,138.03,141.10,141.10,141.10,141.10,141.10,141.10,141.10,141.10,141.10,141.10,141.10,141.10,144.16,144.16,144.16,144.16,144.16,144.16,144.16,144.16,144.16,144.16,144.16,144.16,147.84,147.84,147.84,147.84,147.84,147.84
Producto,0.015250366,05621214,SERVICIOS DOMÉSTICOS,108.28,108.28,108.28,108.28,108.28,108.28,108.28,108.28,108.28,108.28,108.28,108.28,111.95,111.95,112.26,112.26,112.26,112.26,112.26,112.26,112.26,112.26,112.26,112.26,115.02,115.02,115.02,115.02,115.02,115.02,115.02,115.02,115.02,115.02,115.02,115.02,118.40,118.40,118.40,118.40,118.40,118.40,118.40,118.40,118.40,118.40,118.40,118.40,120.85,120.85,120.85,120.85,120.85,120.85,120.85,120.85,120.85,120.85,120.85,120.85,122.69,122.69,122.69,122.69,122.69,122.69,122.69,122.69,122.69,122.69,122.69,122.69,122.69,122.69,122.69,122.69,122.69,122.69,122.69,122.69,122.69,122.69,122.69,122.69,130.36,130.36,130.36,130.36,130.36,130.36,130.36,130.36,130.36,130.36,130.36,130.36,138.03,138.03,138.03,138.03,138.03,138.03,138.03,138.03,138.03,138.03,138.03,138.03,141.10,141.10,141.10,141.10,141.10,141.10,141.10,141.10,141.10,141.10,141.10,141.10,144.16,144.16,144.16,144.16,144.16,144.16,144.16,144.16,144.16,144.16,144.16,144.16,147.84,147.84,147.84,147.84,147.84,147.84
División,0.07339304,06,Salud,100.73,100.56,100.64,100.37,100.33,100.81,101.46,101.93,102.04,102.03,102.08,102.41,103.11,103.09,102.97,103.33,103.63,104.53,104.61,104.08,104.34,104.61,104.80,104.73,104.80,105.51,106.64,107.30,107.29,107.77,107.66,107.36,107.31,108.05,108.06,107.97,108.07,108.45,108.77,108.19,108.79,108.80,109.04,108.64,108.71,108.55,108.69,108.89,108.80,108.80,108.72,108.64,108.70,109.23,109.40,109.56,111.32,111.21,111.36,111.53,111.56,111.38,111.32,113.39,113.40,113.37,113.28,113.85,114.23,113.59,114.83,114.90,115.08,114.69,114.69,114.65,114.78,114.87,116.77,117.29,116.99,118.09,118.91,121.26,121.43,121.86,121.40,121.91,123.28,122.78,122.76,123.23,123.37,124.40,123.22,123.01,124.09,122.65,121.88,122.27,122.44,123.48,123.10,123.27,123.29,123.40,122.74,122.78,124.83,124.69,124.44,125.19,125.30,125.84,124.68,126.69,127.25,126.00,126.88,126.36,127.73,131.28,131.63,132.03,131.73,131.73,132.37,132.87,132.64,134.12,134.36,134.62,133.54,134.22,133.98,137.24,136.81,136.19
Grupo,0.042033363,061,"Productos, artefactos y equipo médicos",100.49,100.20,100.38,99.87,99.60,100.51,101.11,102.01,102.56,101.86,101.92,102.50,102.54,102.50,102.28,102.95,103.51,104.09,104.24,103.22,103.36,103.72,104.08,103.93,104.07,105.41,105.94,107.19,107.32,107.72,107.50,106.94,106.83,108.23,108.25,108.08,108.26,107.99,108.61,107.51,107.93,107.96,108.37,107.62,107.75,107.45,107.70,108.09,107.92,107.78,107.62,107.48,107.58,108.60,108.90,109.22,109.45,109.24,109.53,109.86,109.92,109.57,109.46,113.38,113.38,113.33,112.97,114.04,114.76,113.55,114.46,114.60,114.93,114.20,114.19,114.13,114.37,114.53,113.93,113.99,111.88,110.20,111.02,113.53,110.66,112.21,109.79,111.46,113.65,113.20,111.25,112.03,112.30,114.23,112.01,111.65,113.69,112.46,111.61,113.13,113.42,113.70,112.97,113.28,113.33,113.54,112.28,112.98,116.42,113.88,113.41,114.84,115.02,116.04,114.05,117.85,117.41,115.04,117.07,116.10,116.33,118.04,117.44,118.19,117.74,117.53,118.83,119.40,118.15,120.95,121.39,121.40,117.51,117.94,118.13,124.32,123.43,123.30
Clase,0.038023734,0611,Productos farmacéuticos (ND),100.22,99.89,100.10,99.62,99.05,100.00,100.50,101.34,101.92,101.15,101.21,101.74,101.85,101.71,101.40,102.08,102.65,103.23,103.36,102.17,102.29,102.70,103.12,103.13,103.32,104.95,105.48,106.86,106.97,107.47,107.25,106.64,106.52,107.92,107.94,107.75,108.01,107.73,108.41,107.14,107.61,107.63,108.06,107.32,107.46,107.16,107.44,107.88,107.47,107.34,107.16,107.19,107.30,108.49,108.78,109.15,109.41,109.15,109.45,109.81,109.88,109.62,109.49,113.64,113.61,113.61,113.21,114.39,115.19,113.86,114.88,115.06,115.41,114.60,114.57,114.50,114.79,114.96,114.38,114.45,112.07,109.69,110.66,113.37,110.36,112.09,109.24,111.18,113.60,113.17,110.98,112.07,112.42,114.49,111.94,111.49,113.54,112.45,111.37,113.05,113.38,113.67,112.87,113.34,113.29,113.54,112.20,113.03,116.74,113.96,113.44,115.04,115.23,116.37,114.17,118.22,117.75,115.19,117.27,116.25,116.58,118.28,117.59,118.33,117.85,117.65,119.14,119.69,118.35,121.36,121.87,121.89,117.69,118.20,118.46,125.48,124.50,124.34
Subclase,0.038023734,06111,Productos farmacéuticos,100.22,99.89,100.10,99.62,99.05,100.00,100.50,101.34,101.92,101.15,101.21,101.74,101.85,101.71,101.40,102.08,102.65,103.23,103.36,102.17,102.29,102.70,103.12,103.13,103.32,104.95,105.48,106.86,106.97,107.47,107.25,106.64,106.52,107.92,107.94,107.75,108.01,107.73,108.41,107.14,107.61,107.63,108.06,107.32,107.46,107.16,107.44,107.88,107.47,107.34,107.16,107.19,107.30,108.49,108.78,109.15,109.41,109.15,109.45,109.81,109.88,109.62,109.49,113.64,113.61,113.61,113.21,114.39,115.19,113.86,114.88,115.06,115.41,114.60,114.57,114.50,114.79,114.96,114.38,114.45,112.07,109.69,110.66,113.37,110.36,112.09,109.24,111.18,113.60,113.17,110.98,112.07,112.42,114.49,111.94,111.49,113.54,112.45,111.37,113.05,113.38,113.67,112.87,113.34,113.29,113.54,112.20,113.03,116.74,113.96,113.44,115.04,115.23,116.37,114.17,118.22,117.75,115.19,117.27,116.25,116.58,118.28,117.59,118.33,117.85,117.65,119.14,119.69,118.35,121.36,121.87,121.89,117.69,118.20,118.46,125.48,124.50,124.34
Producto,0.00529398,06111215,ANALGÉSICOS Y ANTIPIRÉTICOS (N02B),98.87,97.59,98.18,98.60,99.02,98.05,98.63,99.84,99.84,99.36,99.36,99.10,100.11,100.52,100.56,100.56,101.36,102.78,102.81,100.44,100.44,100.08,101.61,103.49,104.38,102.75,105.14,106.48,106.48,106.83,105.49,107.91,107.91,108.24,108.24,105.96,107.10,106.79,106.81,104.77,105.89,106.33,107.37,110.26,110.26,110.58,110.90,112.08,112.08,110.68,111.17,111.17,114.37,114.83,114.62,115.96,116.84,117.01,119.34,119.34,119.34,117.14,117.14,125.48,125.48,123.08,121.93,121.93,122.71,123.50,123.08,122.30,121.54,122.51,120.44,119.51,119.51,119.92,119.38,119.03,116.39,118.50,122.29,123.73,121.26,124.39,120.17,120.17,120.78,120.12,117.37,118.14,115.73,117.67,115.20,116.33,117.09,114.99,114.82,116.11,118.96,118.96,118.56,117.05,117.26,119.38,120.88,120.88,122.76,119.96,120.75,122.70,122.35,125.68,122.57,129.24,130.26,127.89,128.39,127.30,126.13,125.34,125.38,127.33,127.74,125.75,125.81,128.49,129.07,128.72,131.23,129.89,129.23,128.13,126.46,136.01,132.76,130.30
Producto,0.003566299,06111216,COMBINACIONES DE SUPRESORES DE LA TOS Y EXPECTORANTES (R05F),98.52,96.74,96.86,96.86,96.86,97.96,99.27,103.36,105.28,106.28,106.17,106.15,104.09,104.09,104.19,103.78,103.78,95.82,94.59,96.90,98.51,99.55,100.40,98.72,98.88,114.25,114.06,118.78,118.72,118.62,118.94,118.94,118.45,117.41,117.41,117.47,117.40,117.45,123.42,119.73,120.91,119.95,120.13,114.86,115.76,115.77,115.77,115.77,115.83,113.09,113.58,113.67,113.01,115.18,115.24,115.74,114.64,114.70,114.70,114.91,115.43,111.97,112.11,119.40,119.26,118.68,118.68,121.63,121.63,116.39,114.05,114.77,114.62,113.93,116.26,115.31,114.82,114.43,113.12,111.49,109.03,109.41,109.57,112.03,109.78,115.45,108.69,110.67,117.31,112.56,109.51,113.11,115.43,122.43,123.04,120.61,120.22,121.40,121.24,129.43,124.44,126.75,127.35,130.69,129.74,130.80,129.53,128.14,134.32,131.65,131.36,130.27,130.27,130.43,131.62,134.29,133.53,128.15,131.42,135.52,140.58,142.38,142.38,146.16,146.28,142.93,142.73,143.09,140.30,148.67,148.79,145.78,140.15,144.38,143.87,150.20,155.68,157.17
Producto,0.000229905,06111217,"PREPARADOS DERMATOLÓGICOS 
(D11A)",101.18,101.18,101.18,100.88,100.88,104.84,108.64,109.44,109.44,109.44,109.44,113.16,111.28,112.47,112.47,112.47,112.47,115.73,118.16,114.15,114.15,111.66,111.66,111.66,110.57,111.66,111.66,111.66,111.66,111.66,111.16,111.16,111.16,111.16,111.16,111.16,111.16,111.16,111.16,111.16,111.16,111.16,111.16,110.37,110.37,110.37,110.37,110.37,111.09,111.09,111.09,111.71,112.34,112.34,112.34,113.12,113.66,113.39,113.39,113.39,113.39,111.91,111.91,116.18,116.18,114.70,114.70,114.70,114.95,113.44,115.68,115.68,115.68,115.68,115.68,115.68,113.36,113.36,117.00,118.21,118.21,118.50,115.26,118.02,118.02,120.46,119.48,122.68,123.68,120.21,120.21,125.92,125.92,125.92,123.35,123.35,124.77,124.50,121.53,121.53,121.53,121.53,123.49,123.08,122.08,122.85,120.59,122.02,125.82,127.42,127.42,123.47,123.47,120.52,121.46,124.27,125.25,125.25,128.34,127.18,123.07,122.39,122.39,125.39,125.39,126.55,125.39,123.92,123.92,118.63,122.72,124.17,125.20,128.07,121.93,128.17,120.41,114.38
Producto,0.003772273,06111218,ANTIBIÓTICO,101.41,101.41,102.89,99.51,97.08,98.33,99.51,100.56,102.63,99.59,99.51,99.51,100.22,100.22,100.22,100.22,100.22,102.64,102.64,100.57,102.80,102.19,102.19,100.33,98.65,99.17,99.30,99.30,99.97,99.97,99.97,99.90,99.90,99.76,99.76,99.76,99.76,99.76,99.76,99.76,99.76,99.76,101.97,101.10,101.10,101.10,101.10,101.10,101.10,99.79,99.79,99.30,99.30,99.30,99.30,99.30,99.30,98.57,98.19,98.57,98.25,98.25,98.25,98.25,98.25,98.83,98.83,99.57,99.57,99.57,99.57,99.57,99.57,99.10,99.58,99.72,99.72,99.71,99.92,101.24,99.60,99.28,96.12,99.66,96.76,96.76,99.47,99.47,99.47,99.47,99.20,94.96,96.34,96.63,87.29,86.37,89.79,85.77,85.69,86.18,86.51,87.74,82.26,85.35,82.48,82.48,79.72,82.30,82.16,79.25,76.64,80.63,80.63,83.58,81.64,82.91,82.91,77.69,77.45,75.73,74.69,79.90,72.70,65.62,65.62,67.60,68.59,64.31,64.31,61.65,63.21,63.21,65.42,65.42,65.06,69.72,67.53,67.53
Producto,0.001220047,06111219,ANTIHISTAMÍNICO PARA USO SISTÉMICO (R06A),99.72,98.60,98.60,98.60,98.60,98.60,103.49,103.49,103.49,104.41,103.76,102.29,97.44,95.41,88.15,86.75,88.15,85.47,87.79,87.79,83.35,85.96,85.20,85.20,85.20,84.15,85.20,85.20,85.20,85.20,85.20,85.20,85.20,85.20,85.68,85.68,85.68,85.54,85.54,85.54,80.36,80.47,81.88,82.02,81.90,81.90,81.79,81.79,86.34,82.41,82.41,82.29,80.26,86.09,86.22,86.69,84.32,84.32,84.32,84.32,84.32,83.71,84.32,84.32,84.32,84.32,86.22,82.18,84.32,81.24,84.32,84.32,84.32,82.29,82.06,81.95,84.32,84.32,82.85,85.93,84.44,81.24,81.24,84.32,81.24,84.32,81.36,83.60,84.32,80.55,80.69,84.22,82.76,82.76,78.18,76.01,77.63,79.47,79.47,79.47,78.49,78.49,75.13,75.13,77.45,76.21,72.02,73.77,77.63,77.63,77.52,75.49,75.49,75.49,71.45,77.78,76.55,76.55,75.04,73.63,72.95,72.59,73.07,76.43,75.05,73.56,73.56,73.33,74.24,78.28,78.28,78.28,72.20,70.87,71.54,77.20,70.17,70.17
Producto,0.001828421,06111220,ANTIINFLAMATORIO Y ANTIRREUMÁTICOS NO ESTEROIDEOS (M01A),111.73,111.73,110.81,110.81,110.81,110.81,110.81,110.81,113.56,113.56,115.58,115.58,116.08,116.08,124.73,126.73,126.73,126.14,131.09,130.03,135.08,135.08,135.08,135.08,135.08,137.06,139.06,141.09,141.09,144.63,145.70,135.64,135.64,148.00,148.00,147.08,147.08,147.08,146.08,145.99,145.99,145.99,145.99,145.99,148.77,148.77,148.77,147.03,140.52,143.86,143.86,143.86,146.41,146.41,146.41,146.41,152.60,159.62,159.62,159.62,159.62,159.72,159.72,167.29,167.29,170.25,170.25,170.25,169.73,166.66,161.92,166.66,166.66,166.66,166.66,168.52,173.28,173.28,172.15,172.15,167.63,154.34,154.67,160.38,155.25,154.16,157.07,158.73,152.22,159.29,159.81,165.10,166.31,163.35,163.35,162.40,164.05,165.99,173.31,171.60,171.60,171.60,168.62,163.48,163.48,163.48,163.48,163.48,166.80,167.36,171.38,178.27,177.27,176.24,165.17,166.45,164.09,158.29,164.70,163.74,165.22,169.40,170.00,172.97,172.28,172.28,172.79,175.07,175.41,177.85,179.24,175.61,173.14,173.14,177.45,182.02,183.21,191.05
Producto,0.002203625,06111221,TRACTO ALIMENTARIO Y METABOLISMO (A),98.73,98.58,100.12,99.91,100.06,100.45,100.06,100.22,100.22,100.22,99.70,100.49,100.44,100.72,100.53,101.46,100.14,105.11,105.02,104.94,106.44,105.67,107.71,107.19,109.49,111.89,114.55,117.60,117.60,117.90,117.46,117.91,118.64,124.28,124.62,127.95,129.48,128.97,129.48,126.43,128.54,130.11,130.11,131.66,131.66,130.88,130.88,133.28,133.51,136.50,136.83,137.98,136.06,136.06,137.39,137.20,137.08,134.90,134.03,132.30,132.30,131.43,132.20,143.88,143.28,140.54,139.78,143.63,143.01,144.73,145.45,144.92,144.92,143.71,143.84,141.58,139.66,140.54,139.47,137.74,133.11,128.63,128.77,131.30,130.97,128.46,128.07,129.48,132.12,133.07,129.43,130.58,129.38,131.60,134.14,133.04,133.30,135.53,137.29,142.65,140.23,138.52,133.18,132.70,134.28,136.02,134.57,134.97,142.03,136.92,136.16,135.34,135.37,135.88,134.89,138.96,139.75,139.67,145.63,146.39,149.04,145.58,147.95,151.35,151.50,152.36,153.55,152.47,153.70,153.85,150.02,146.80,145.69,145.70,150.06,154.23,151.41,151.96
Producto,0.000603782,06111222,ANTIHELMÍNTICOS (ANTIPARASITARIO) (P02),96.63,96.63,96.63,91.96,92.66,96.63,96.63,96.63,96.63,96.63,96.63,93.25,89.69,89.69,89.69,92.85,92.85,94.09,93.53,92.33,93.12,95.28,94.78,92.50,93.31,93.31,91.31,91.31,91.31,91.31,91.31,90.90,90.90,95.21,95.21,95.21,95.21,95.21,95.21,90.76,90.76,90.76,90.76,90.76,90.76,90.76,90.76,89.59,89.00,92.10,92.10,93.52,90.01,94.69,94.69,94.69,94.69,94.69,94.69,94.69,94.69,94.69,94.69,98.66,99.07,99.51,99.51,99.10,99.10,96.13,99.10,99.10,102.86,96.50,96.50,96.50,96.50,96.50,99.52,99.52,96.99,93.31,98.51,100.67,99.36,99.36,111.65,109.48,106.26,102.60,97.03,98.81,103.32,103.32,103.32,104.37,104.37,107.87,115.90,110.48,108.89,112.59,113.43,113.01,113.01,114.35,114.35,113.01,113.17,113.45,113.45,110.25,110.25,110.25,108.32,108.32,108.32,111.26,109.56,109.56,111.85,110.48,110.48,108.29,109.22,114.37,107.77,109.08,110.82,111.54,111.54,109.27,108.31,107.51,110.54,112.82,110.54,110.54
Producto,0.007486884,06111223,SISTEMA CARDIOVASCULAR (C),97.26,97.43,97.63,97.62,97.69,98.92,98.98,99.00,98.68,98.51,98.61,99.44,99.88,99.30,98.99,98.35,98.10,97.48,97.82,97.00,95.68,96.02,96.09,94.84,94.71,94.12,93.95,94.03,94.03,93.97,93.97,93.32,92.91,94.91,94.96,94.96,95.14,94.96,94.96,92.50,92.47,92.36,91.74,91.49,91.43,91.12,90.94,92.22,92.22,92.46,91.73,91.84,91.53,92.47,92.47,93.70,93.73,93.12,92.80,93.40,93.40,93.81,93.81,95.01,95.06,95.69,95.41,95.54,95.57,94.71,95.62,95.62,95.44,94.35,95.22,95.39,96.25,97.35,97.11,96.79,95.02,94.19,91.90,95.22,92.34,93.06,92.50,93.26,95.14,94.12,93.92,93.63,93.88,95.15,94.08,95.00,95.75,93.58,93.21,93.04,93.99,93.46,94.60,93.41,95.12,96.02,95.26,95.47,99.79,98.43,98.16,99.77,99.80,100.39,97.31,100.98,99.24,99.14,100.68,99.63,98.13,100.61,100.72,102.96,102.80,100.71,101.11,103.92,104.07,104.96,104.30,104.41,101.54,102.19,100.15,103.80,101.17,101.19
Producto,0.002018273,06111224,MEDICAMENTOS USADOS EN DIABETES (A10),106.19,106.31,105.03,104.53,105.03,106.77,106.77,106.77,106.43,106.77,107.27,109.20,106.28,105.08,104.65,106.12,106.43,109.29,110.01,107.51,107.51,107.51,107.12,106.77,106.43,105.53,105.15,105.15,105.15,105.30,104.93,104.55,104.15,105.00,104.48,104.48,104.48,105.75,105.80,102.94,103.49,103.70,103.70,104.08,103.65,99.11,100.94,100.94,105.67,107.39,107.39,107.39,107.68,108.19,104.84,108.30,108.30,108.30,108.30,108.08,108.08,108.28,108.28,106.93,106.68,106.73,106.81,106.97,106.89,105.75,106.89,106.89,105.80,106.71,106.55,106.55,106.57,106.37,106.53,106.99,104.79,104.63,103.82,109.39,107.17,107.09,103.60,104.83,103.73,100.35,103.54,109.31,110.15,107.08,107.88,104.36,106.80,106.79,106.85,109.53,107.79,106.64,106.64,104.84,104.78,104.78,107.09,105.52,108.50,105.21,105.32,107.01,108.86,108.86,107.85,111.25,109.15,107.36,108.08,106.26,105.49,107.80,108.26,106.88,105.39,105.76,104.99,104.77,101.55,110.37,111.41,108.66,103.82,105.71,104.57,109.09,109.16,108.76
Producto,0.000476909,06111225,ANTICONCEPTIVOS HORMONALES PARA USO SISTÉMICO (G03A),99.88,100.82,101.09,101.09,101.09,101.09,101.09,101.09,101.09,101.31,99.71,99.71,100.83,101.30,99.71,99.71,101.50,103.89,103.89,101.12,101.05,100.46,100.46,98.43,99.53,97.92,98.72,98.43,98.43,97.63,98.77,98.77,98.77,98.77,98.77,98.77,99.00,99.00,99.00,97.68,97.68,97.68,97.78,97.78,97.78,98.22,97.67,97.67,97.67,97.59,97.59,97.59,97.59,97.59,97.59,97.59,97.59,97.01,97.01,97.01,97.01,96.73,96.73,100.33,100.95,99.66,96.07,96.07,97.47,96.14,98.69,97.43,98.23,98.23,98.46,98.46,96.99,96.99,98.49,95.78,94.85,93.56,91.86,94.73,90.57,94.11,92.64,91.77,96.82,92.85,93.13,94.14,92.39,93.20,94.51,94.51,97.29,96.31,96.31,96.66,97.31,96.22,95.41,92.70,93.80,96.93,95.82,95.62,97.71,95.94,95.94,96.52,96.58,93.62,90.59,91.41,92.14,91.81,91.28,94.73,91.96,92.74,90.72,97.03,97.03,94.02,97.39,97.20,94.43,97.35,99.14,100.06,92.91,93.78,97.34,101.25,96.83,95.38
Producto,0.000432242,06111226,ANTIFÚNGICOS PARA USO DERMATOLÓGICO (D01),98.06,98.06,98.15,98.23,98.23,98.23,97.79,97.79,97.79,97.79,98.15,97.44,107.09,107.09,107.09,109.69,114.71,129.33,129.33,129.09,128.17,130.40,130.40,129.94,129.94,134.84,137.40,137.40,137.40,137.40,140.02,139.66,139.66,145.42,145.42,145.42,145.66,145.66,145.42,142.08,141.67,141.67,141.67,144.20,144.20,143.38,144.23,144.23,144.23,149.09,149.09,149.09,146.81,148.41,148.41,148.41,148.41,148.41,148.41,150.51,150.51,147.08,148.41,152.34,152.34,152.34,152.34,152.34,152.34,145.97,149.39,149.39,150.27,147.12,146.26,146.44,146.44,147.72,146.00,154.84,166.92,164.30,164.10,169.43,160.81,170.41,166.34,169.60,165.25,166.12,165.64,175.30,175.84,173.86,172.87,172.87,176.37,176.53,176.37,174.31,179.56,176.88,178.34,170.62,171.22,170.12,174.57,165.99,173.28,171.38,171.38,172.88,172.88,172.88,171.31,182.59,183.25,183.92,191.03,181.01,181.01,177.28,179.52,193.02,191.41,184.42,191.41,191.71,191.71,212.08,217.85,213.75,208.21,208.37,211.99,224.60,219.00,216.13
Producto,0.000622886,06111227,OFTALMOLÓGICOS (S01),104.52,104.52,103.80,104.73,106.40,106.40,100.55,100.55,102.09,101.10,101.41,101.41,101.10,102.09,105.46,105.46,102.09,107.00,107.00,104.65,104.65,103.00,102.66,105.97,102.58,102.92,102.57,103.46,103.46,100.52,98.96,98.71,98.71,103.63,103.63,102.97,103.55,103.55,103.55,98.67,101.73,101.73,101.73,99.91,99.91,101.19,101.26,104.47,104.61,104.68,104.68,104.68,104.68,100.99,100.99,100.58,104.25,105.07,105.07,105.13,105.13,106.62,106.62,108.53,108.53,108.53,107.82,104.48,107.82,106.32,107.82,107.82,107.09,103.87,103.38,103.38,102.13,102.76,104.34,101.11,100.57,100.57,106.28,106.42,108.02,107.33,108.38,113.32,115.13,116.08,113.82,112.17,112.17,112.17,110.82,108.48,108.48,112.22,112.22,111.50,115.89,119.85,123.19,128.06,128.06,130.28,129.87,129.53,135.74,132.34,132.48,134.49,134.49,131.35,124.22,126.82,127.40,132.82,134.00,134.81,140.47,163.09,169.70,176.54,176.54,170.95,167.97,172.67,172.67,181.59,183.55,183.66,180.03,183.84,183.84,194.35,189.55,189.55
Producto,0.001191601,06111228,MEDICAMENTOS PARA EL SISTEMA NERVIOSO (N),98.51,98.51,98.51,98.51,98.51,98.51,98.51,98.51,98.51,98.51,98.51,98.51,98.83,98.83,98.34,99.67,102.01,101.27,102.01,102.01,103.56,103.56,103.56,103.56,103.56,103.56,103.56,103.56,103.56,103.56,103.56,102.96,102.96,102.96,102.96,102.96,102.96,102.96,102.96,102.44,102.44,102.81,102.81,102.18,102.18,102.18,102.18,101.13,101.13,101.28,101.28,101.66,101.51,101.66,101.66,101.66,101.66,101.66,101.66,100.91,100.91,101.23,101.23,101.23,100.80,100.80,100.80,101.23,101.23,99.62,101.23,101.23,101.23,101.06,101.06,101.06,101.06,101.06,101.06,101.06,101.49,99.87,97.95,101.66,97.95,101.49,99.87,101.45,101.23,99.87,99.87,104.54,104.54,104.54,103.87,103.87,103.87,103.00,103.00,103.39,103.39,99.61,99.24,99.24,102.12,103.00,99.24,99.24,103.66,99.24,99.24,103.00,103.17,103.00,100.01,104.49,100.67,96.77,101.19,96.77,96.77,96.77,96.77,104.74,104.75,100.93,103.48,100.75,100.64,103.28,103.28,103.01,96.68,96.67,96.70,103.57,103.57,103.62
Producto,0.007076605,06111229,"SUPLEMENTOS MINERALES, VITAMINAS Y PREPARADOS ANTIANÉMICOS (A12) (A11) (B03)",100.31,100.64,100.23,100.23,97.85,100.23,100.23,100.47,100.47,97.74,97.71,100.00,101.89,101.95,99.42,102.82,105.22,109.02,107.82,105.03,102.86,104.57,105.02,107.95,109.44,108.68,108.68,111.03,111.20,113.25,112.54,110.92,110.87,111.06,111.09,111.09,111.12,109.50,109.48,111.73,113.11,113.11,113.28,110.77,110.34,110.20,111.28,111.53,108.30,109.28,108.12,107.95,107.53,110.11,112.73,111.07,111.07,108.93,109.81,111.58,111.84,114.55,113.18,118.98,119.16,120.33,119.12,123.53,127.28,126.14,132.42,132.37,135.49,133.37,131.98,132.78,132.78,132.33,130.64,131.25,126.95,118.60,126.35,126.84,122.24,124.00,113.91,120.88,130.00,132.84,124.70,125.09,125.91,131.76,126.67,126.91,133.50,131.13,121.73,123.52,126.48,127.57,128.61,131.72,130.59,127.80,123.76,128.29,133.26,128.04,125.72,127.06,128.18,130.13,129.90,136.16,137.15,134.08,137.48,134.09,134.62,134.94,134.61,131.96,129.77,134.95,142.30,143.65,137.15,143.55,143.52,150.25,137.12,136.67,139.52,153.27,154.03,151.93
Clase,0.000820938,0612,Otros productos médicos (ND),104.58,105.03,105.07,106.64,106.73,106.73,106.73,107.31,107.52,107.52,107.52,107.52,107.24,108.15,111.72,113.71,116.50,118.20,116.65,120.17,121.83,121.83,121.02,121.35,121.50,119.98,119.98,120.14,119.54,119.05,117.99,116.58,116.74,118.61,118.61,118.61,118.61,118.14,118.14,121.21,121.21,121.47,123.15,116.30,116.30,117.27,117.27,117.27,120.61,119.22,119.22,117.71,115.08,115.36,114.31,114.31,114.41,116.18,117.25,117.25,117.25,110.12,110.32,121.15,122.72,119.85,119.85,120.00,120.00,119.16,119.68,118.48,117.81,117.81,118.93,118.93,118.00,118.00,113.99,113.33,115.64,114.78,111.10,118.31,114.15,117.36,114.66,120.38,120.84,116.92,117.88,119.28,123.71,123.71,124.56,124.56,124.56,124.84,126.33,126.33,125.85,127.08,126.72,120.05,122.57,125.07,122.03,119.22,121.57,120.27,120.27,118.64,118.64,118.87,118.66,123.98,122.64,121.33,126.75,123.67,121.81,124.57,125.70,130.95,130.95,128.81,129.06,130.41,128.67,132.95,131.94,132.89,126.75,129.50,126.78,129.07,128.26,129.45
Subclase,0.000820938,06121,Antisépticos y preservativos,104.58,105.03,105.07,106.64,106.73,106.73,106.73,107.31,107.52,107.52,107.52,107.52,107.24,108.15,111.72,113.71,116.50,118.20,116.65,120.17,121.83,121.83,121.02,121.35,121.50,119.98,119.98,120.14,119.54,119.05,117.99,116.58,116.74,118.61,118.61,118.61,118.61,118.14,118.14,121.21,121.21,121.47,123.15,116.30,116.30,117.27,117.27,117.27,120.61,119.22,119.22,117.71,115.08,115.36,114.31,114.31,114.41,116.18,117.25,117.25,117.25,110.12,110.32,121.15,122.72,119.85,119.85,120.00,120.00,119.16,119.68,118.48,117.81,117.81,118.93,118.93,118.00,118.00,113.99,113.33,115.64,114.78,111.10,118.31,114.15,117.36,114.66,120.38,120.84,116.92,117.88,119.28,123.71,123.71,124.56,124.56,124.56,124.84,126.33,126.33,125.85,127.08,126.72,120.05,122.57,125.07,122.03,119.22,121.57,120.27,120.27,118.64,118.64,118.87,118.66,123.98,122.64,121.33,126.75,123.67,121.81,124.57,125.70,130.95,130.95,128.81,129.06,130.41,128.67,132.95,131.94,132.89,126.75,129.50,126.78,129.07,128.26,129.45
Producto,0.000433814,06121230,ALCOHOL ANTISÉPTICO,100.71,100.71,101.47,102.68,102.68,102.68,102.68,103.62,103.62,103.62,103.62,103.62,102.68,102.68,103.00,106.63,114.14,113.83,114.64,120.12,123.16,123.16,123.16,123.61,123.87,123.16,123.16,123.44,122.35,122.35,121.63,119.07,119.07,121.63,121.63,121.63,121.63,121.63,121.63,125.73,125.73,125.73,128.79,118.83,118.83,118.83,118.83,118.83,124.92,124.92,124.92,122.17,120.16,120.65,118.75,118.75,118.26,121.49,123.43,123.43,123.43,113.15,113.50,131.77,134.95,129.75,129.75,129.75,129.75,131.00,129.59,127.95,126.73,126.73,126.73,126.73,126.73,126.73,119.44,118.24,119.34,126.02,120.20,126.02,120.86,126.71,125.11,131.48,131.48,127.50,130.38,131.81,139.90,139.90,139.90,139.90,139.90,139.90,139.90,139.90,140.76,140.76,140.76,134.55,140.76,143.20,136.84,133.11,137.62,137.47,137.47,132.71,132.71,132.71,134.72,144.73,140.54,140.54,145.69,140.31,140.31,141.68,142.80,149.33,149.33,145.91,150.59,150.59,150.59,150.59,149.01,146.42,139.05,144.49,144.49,144.49,145.25,141.79
Producto,0.000387124,06121231,PRESERVATIVO,109.29,110.27,109.45,111.45,111.65,111.65,111.65,111.78,112.25,112.25,112.25,112.25,112.78,114.78,122.31,122.31,119.38,123.51,119.09,120.22,120.22,120.22,118.42,118.61,118.61,116.13,116.13,116.13,116.13,115.03,113.57,113.57,113.91,114.94,114.94,114.94,114.94,113.91,113.91,115.73,115.73,116.31,116.31,113.22,113.22,115.38,115.38,115.38,115.38,112.29,112.29,112.29,108.92,108.92,108.92,108.92,109.74,109.74,109.74,109.74,109.74,106.45,106.45,108.24,107.88,107.84,107.84,108.17,108.17,104.78,107.64,106.97,106.97,106.97,109.44,109.44,107.38,107.38,107.38,107.38,111.15,101.12,100.05,108.93,106.01,106.01,101.97,106.89,107.93,104.06,102.69,104.05,104.05,104.05,105.94,105.94,105.94,106.54,109.86,109.86,107.74,110.47,109.67,102.44,100.48,103.06,104.05,102.35,102.08,99.36,99.36,101.56,101.56,102.06,99.15,98.77,100.91,98.01,103.74,103.46,99.34,103.77,104.92,108.62,108.62,108.05,102.90,105.88,102.05,111.52,111.21,116.46,111.81,111.29,105.26,110.33,107.63,114.45
Clase,0.003188691,0613,Artefactos y equipo terapéuticos (D),102.64,102.61,102.58,101.30,104.19,104.88,106.71,108.38,108.59,108.59,108.59,109.98,109.26,110.07,110.07,110.36,110.36,110.65,111.35,111.35,111.35,111.35,111.22,109.26,108.80,107.61,108.13,108.15,108.73,108.17,108.17,108.23,108.23,109.52,109.52,109.52,108.82,108.82,108.82,108.82,108.82,108.82,108.82,109.22,109.22,108.59,108.59,108.59,110.35,110.35,110.35,108.59,109.12,108.39,109.12,108.89,108.89,108.89,108.89,108.89,108.89,108.89,108.89,108.89,108.89,108.89,108.89,108.89,108.89,108.89,108.75,108.75,109.01,109.01,109.01,109.01,109.01,109.01,109.01,109.01,109.01,114.90,114.98,114.31,113.21,112.50,114.87,112.73,112.73,112.82,112.82,110.10,108.53,109.33,110.27,110.85,113.08,109.99,111.29,111.29,111.29,111.29,111.29,111.27,111.89,111.12,111.12,111.12,111.71,111.71,111.71,111.88,111.88,111.88,111.80,112.46,112.46,112.11,112.88,112.88,112.45,114.08,114.08,114.08,113.84,113.84,113.28,113.84,113.84,113.88,113.88,113.63,113.63,112.66,112.66,110.42,110.58,110.58
Subclase,0.003188691,06131,Artefactos y equipos terapéuticos,102.64,102.61,102.58,101.30,104.19,104.88,106.71,108.38,108.59,108.59,108.59,109.98,109.26,110.07,110.07,110.36,110.36,110.65,111.35,111.35,111.35,111.35,111.22,109.26,108.80,107.61,108.13,108.15,108.73,108.17,108.17,108.23,108.23,109.52,109.52,109.52,108.82,108.82,108.82,108.82,108.82,108.82,108.82,109.22,109.22,108.59,108.59,108.59,110.35,110.35,110.35,108.59,109.12,108.39,109.12,108.89,108.89,108.89,108.89,108.89,108.89,108.89,108.89,108.89,108.89,108.89,108.89,108.89,108.89,108.89,108.75,108.75,109.01,109.01,109.01,109.01,109.01,109.01,109.01,109.01,109.01,114.90,114.98,114.31,113.21,112.50,114.87,112.73,112.73,112.82,112.82,110.10,108.53,109.33,110.27,110.85,113.08,109.99,111.29,111.29,111.29,111.29,111.29,111.27,111.89,111.12,111.12,111.12,111.71,111.71,111.71,111.88,111.88,111.88,111.80,112.46,112.46,112.11,112.88,112.88,112.45,114.08,114.08,114.08,113.84,113.84,113.28,113.84,113.84,113.88,113.88,113.63,113.63,112.66,112.66,110.42,110.58,110.58
Producto,0.002866244,06131232,LENTES ÓPTICOS DE CORRECCIÓN,101.78,101.78,101.78,100.24,103.69,104.52,106.48,108.48,108.71,108.71,108.71,110.38,110.38,111.34,111.34,111.69,111.69,111.86,112.70,112.70,112.70,112.70,112.53,110.20,109.66,108.24,108.86,108.86,109.40,109.40,109.40,109.40,109.40,110.93,110.93,110.93,110.11,110.11,110.11,110.11,110.11,110.11,110.11,110.11,110.11,109.35,109.35,109.35,111.45,111.45,111.45,109.35,109.98,109.98,109.98,109.98,109.98,109.98,109.98,109.98,109.98,109.98,109.98,109.98,109.98,109.98,109.98,109.98,109.98,109.98,109.98,109.98,109.98,109.98,109.98,109.98,109.98,109.98,109.98,109.98,109.98,116.99,117.08,116.29,115.92,115.09,117.90,115.35,115.35,115.35,115.35,112.11,110.25,111.05,111.96,112.65,115.31,111.46,113.11,113.11,113.11,113.11,113.11,113.11,113.85,113.85,113.85,113.85,114.55,114.55,114.55,114.51,114.51,114.51,113.61,114.39,114.39,114.39,115.31,115.31,115.31,117.25,117.25,117.25,116.96,116.96,116.29,116.96,116.96,116.96,116.96,116.96,116.96,115.75,115.75,113.08,113.27,113.27
Producto,0.000322447,06131233,AUDÍFONOS DE CORRECCIÓN,107.13,106.95,106.81,106.81,106.81,106.81,107.91,107.91,107.91,107.91,107.91,107.91,103.37,103.37,103.37,103.37,103.37,104.32,104.32,104.32,104.32,104.32,104.32,104.32,104.32,104.32,104.32,104.39,105.25,101.73,101.73,102.09,102.09,102.09,102.09,102.09,102.09,102.09,102.09,102.09,102.09,102.09,102.09,104.59,104.59,104.59,104.59,104.59,104.59,104.59,104.59,104.59,104.59,100.02,104.59,103.14,103.14,103.14,103.14,103.14,103.14,103.14,103.14,103.14,103.14,103.14,103.14,103.14,103.14,103.14,102.31,102.31,103.93,103.93,103.93,103.93,103.93,103.93,103.93,103.93,103.93,103.93,103.93,103.93,98.94,98.94,98.94,98.94,98.94,99.52,99.52,99.52,99.52,100.31,101.40,101.40,101.40,102.27,101.73,101.73,101.73,101.73,101.73,101.61,101.61,96.82,96.82,96.82,96.82,96.82,96.82,98.04,98.04,98.04,102.33,102.33,102.33,100.14,100.14,100.14,97.47,97.47,97.47,97.47,97.47,97.47,97.47,97.47,97.47,97.68,97.68,96.14,96.14,96.46,96.46,96.46,96.46,96.46
Grupo,0.021391177,062,Servicios para pacientes externos,100.79,100.73,100.67,100.67,101.01,101.01,102.09,102.09,102.18,103.37,103.44,103.50,105.74,105.74,105.74,105.74,105.74,105.24,105.24,105.24,105.88,106.12,106.12,106.14,106.14,106.14,106.14,106.14,107.40,107.40,107.40,107.40,107.44,107.44,107.44,107.44,107.44,109.15,109.15,109.15,109.15,109.15,109.21,109.21,109.21,109.21,109.21,109.21,109.21,109.17,109.17,109.17,109.17,109.17,109.17,109.17,109.18,109.18,109.18,109.18,109.18,109.18,109.18,109.18,109.18,109.18,109.52,109.52,109.52,109.52,112.01,112.01,112.01,112.01,112.01,112.01,112.01,112.01,119.16,120.79,120.77,122.42,122.34,122.93,124.06,122.78,125.40,125.06,124.86,124.91,125.27,125.38,125.38,125.38,125.38,125.32,125.32,125.69,124.38,123.01,123.69,123.65,123.65,123.66,123.66,123.66,123.69,122.59,123.37,127.28,127.28,127.28,127.32,127.32,126.96,126.96,127.21,127.21,126.56,126.56,126.63,128.77,130.94,130.97,130.75,131.15,130.98,131.63,131.18,131.18,131.22,132.03,132.99,133.04,133.04,132.98,133.15,133.15
Clase,0.009042585,0621,Servicios médicos (S),101.52,101.52,101.52,101.52,102.19,102.19,102.19,102.19,102.19,105.15,105.15,105.15,105.15,105.15,105.15,105.15,105.15,105.15,105.15,105.15,105.15,105.74,105.74,105.74,105.74,105.74,105.74,105.74,105.74,105.74,105.74,105.74,105.74,105.74,105.74,105.74,105.74,107.33,107.33,107.33,107.33,107.33,107.33,107.33,107.33,107.33,107.33,107.33,107.33,107.33,107.33,107.33,107.33,107.33,107.33,107.33,107.33,107.33,107.33,107.33,107.33,107.33,107.33,107.33,107.33,107.33,108.18,108.18,108.18,108.18,108.18,108.18,108.18,108.18,108.18,108.18,108.18,108.18,116.04,119.93,119.86,125.49,125.49,125.49,125.49,125.49,125.49,125.49,121.98,121.98,121.98,121.98,121.98,121.98,121.98,121.98,121.98,122.72,122.12,118.73,120.53,120.53,120.53,120.53,120.53,120.53,120.53,120.53,123.42,125.04,125.04,125.04,125.04,125.04,124.42,124.42,125.04,125.04,123.42,123.42,123.42,130.32,130.32,130.32,129.71,129.71,128.97,128.05,126.81,126.81,126.81,128.81,131.04,131.04,131.04,131.04,131.45,131.45
Subclase,0.009042585,06211,Servicios médicos,101.52,101.52,101.52,101.52,102.19,102.19,102.19,102.19,102.19,105.15,105.15,105.15,105.15,105.15,105.15,105.15,105.15,105.15,105.15,105.15,105.15,105.74,105.74,105.74,105.74,105.74,105.74,105.74,105.74,105.74,105.74,105.74,105.74,105.74,105.74,105.74,105.74,107.33,107.33,107.33,107.33,107.33,107.33,107.33,107.33,107.33,107.33,107.33,107.33,107.33,107.33,107.33,107.33,107.33,107.33,107.33,107.33,107.33,107.33,107.33,107.33,107.33,107.33,107.33,107.33,107.33,108.18,108.18,108.18,108.18,108.18,108.18,108.18,108.18,108.18,108.18,108.18,108.18,116.04,119.93,119.86,125.49,125.49,125.49,125.49,125.49,125.49,125.49,121.98,121.98,121.98,121.98,121.98,121.98,121.98,121.98,121.98,122.72,122.12,118.73,120.53,120.53,120.53,120.53,120.53,120.53,120.53,120.53,123.42,125.04,125.04,125.04,125.04,125.04,124.42,124.42,125.04,125.04,123.42,123.42,123.42,130.32,130.32,130.32,129.71,129.71,128.97,128.05,126.81,126.81,126.81,128.81,131.04,131.04,131.04,131.04,131.45,131.45
Producto,0.00194928,06211234,CONSULTA MÉDICO GENERAL,116.50,116.50,116.50,116.50,120.10,120.10,120.10,120.10,120.10,120.10,120.10,120.10,120.10,120.10,120.10,120.10,120.10,120.10,120.10,120.10,120.10,123.27,123.27,123.27,123.27,123.27,123.27,123.27,123.27,123.27,123.27,123.27,123.27,123.27,123.27,123.27,123.27,123.27,123.27,123.27,123.27,123.27,123.27,123.27,123.27,123.27,123.27,123.27,123.27,123.27,123.27,123.27,123.27,123.27,123.27,123.27,123.27,123.27,123.27,123.27,123.27,123.27,123.27,123.27,123.27,123.27,127.78,127.78,127.78,127.78,127.78,127.78,127.78,127.78,127.78,127.78,127.78,127.78,133.27,136.24,135.86,139.71,139.71,139.71,139.71,139.71,139.71,139.71,139.71,139.71,139.71,139.71,139.71,139.71,139.71,139.71,139.71,143.66,140.42,140.42,140.42,140.42,140.42,140.42,140.42,140.42,140.42,140.42,146.08,146.08,146.08,146.08,146.08,146.08,142.78,142.78,146.08,146.08,146.08,146.08,146.08,146.08,146.08,146.08,142.78,142.78,138.86,133.95,127.33,127.33,127.33,127.33,129.81,129.81,129.81,129.81,131.99,131.99
Producto,0.007093305,06211235,CONSULTA MÉDICO ESPECIALISTA,98.06,98.06,98.06,98.06,98.06,98.06,98.06,98.06,98.06,101.70,101.70,101.70,101.70,101.70,101.70,101.70,101.70,101.70,101.70,101.70,101.70,101.70,101.70,101.70,101.70,101.70,101.70,101.70,101.70,101.70,101.70,101.70,101.70,101.70,101.70,101.70,101.70,103.66,103.66,103.66,103.66,103.66,103.66,103.66,103.66,103.66,103.66,103.66,103.66,103.66,103.66,103.66,103.66,103.66,103.66,103.66,103.66,103.66,103.66,103.66,103.66,103.66,103.66,103.66,103.66,103.66,103.66,103.66,103.66,103.66,103.66,103.66,103.66,103.66,103.66,103.66,103.66,103.66,112.07,116.17,116.17,122.21,122.21,122.21,122.21,122.21,122.21,122.21,117.90,117.90,117.90,117.90,117.90,117.90,117.90,117.90,117.90,117.90,117.90,113.73,115.95,115.95,115.95,115.95,115.95,115.95,115.95,115.95,118.20,120.19,120.19,120.19,120.19,120.19,120.19,120.19,120.19,120.19,118.20,118.20,118.20,126.69,126.69,126.69,126.69,126.69,126.69,126.69,126.69,126.69,126.69,129.15,131.33,131.33,131.33,131.33,131.33,131.33
Clase,0.005804755,0622,Servicios dentales (S),104.20,104.20,104.20,104.20,104.20,104.20,107.47,107.47,107.47,107.47,107.47,107.47,114.95,114.95,114.95,114.95,114.95,110.75,110.75,110.75,110.75,110.75,110.75,110.75,110.75,110.75,110.75,110.75,114.95,114.95,114.95,114.95,114.95,114.95,114.95,114.95,114.95,118.49,118.49,118.49,118.49,118.49,118.49,118.49,118.49,118.49,118.49,118.49,118.49,118.49,118.49,118.49,118.49,118.49,118.49,118.49,118.49,118.49,118.49,118.49,118.49,118.49,118.49,118.49,118.49,118.49,118.49,118.49,118.49,118.49,126.78,126.78,126.78,126.78,126.78,126.78,126.78,126.78,135.64,135.64,135.64,135.64,135.64,135.64,139.83,135.64,144.14,144.14,147.89,147.89,147.89,147.89,147.89,147.89,147.89,147.89,147.89,147.89,144.14,144.14,144.14,144.14,144.14,144.14,144.14,144.14,144.14,140.48,140.48,151.22,151.22,151.22,151.22,151.22,151.22,151.22,151.22,151.22,151.22,151.22,151.22,147.38,154.62,154.62,154.62,154.62,154.62,158.65,158.65,158.65,158.65,158.65,158.65,158.65,158.65,158.65,158.65,158.65
Subclase,0.005804755,06221,Servicios dentales,104.20,104.20,104.20,104.20,104.20,104.20,107.47,107.47,107.47,107.47,107.47,107.47,114.95,114.95,114.95,114.95,114.95,110.75,110.75,110.75,110.75,110.75,110.75,110.75,110.75,110.75,110.75,110.75,114.95,114.95,114.95,114.95,114.95,114.95,114.95,114.95,114.95,118.49,118.49,118.49,118.49,118.49,118.49,118.49,118.49,118.49,118.49,118.49,118.49,118.49,118.49,118.49,118.49,118.49,118.49,118.49,118.49,118.49,118.49,118.49,118.49,118.49,118.49,118.49,118.49,118.49,118.49,118.49,118.49,118.49,126.78,126.78,126.78,126.78,126.78,126.78,126.78,126.78,135.64,135.64,135.64,135.64,135.64,135.64,139.83,135.64,144.14,144.14,147.89,147.89,147.89,147.89,147.89,147.89,147.89,147.89,147.89,147.89,144.14,144.14,144.14,144.14,144.14,144.14,144.14,144.14,144.14,140.48,140.48,151.22,151.22,151.22,151.22,151.22,151.22,151.22,151.22,151.22,151.22,151.22,151.22,147.38,154.62,154.62,154.62,154.62,154.62,158.65,158.65,158.65,158.65,158.65,158.65,158.65,158.65,158.65,158.65,158.65
Producto,0.005804755,06221236,SERVICIOS ODONTOLÓGICOS,104.20,104.20,104.20,104.20,104.20,104.20,107.47,107.47,107.47,107.47,107.47,107.47,114.95,114.95,114.95,114.95,114.95,110.75,110.75,110.75,110.75,110.75,110.75,110.75,110.75,110.75,110.75,110.75,114.95,114.95,114.95,114.95,114.95,114.95,114.95,114.95,114.95,118.49,118.49,118.49,118.49,118.49,118.49,118.49,118.49,118.49,118.49,118.49,118.49,118.49,118.49,118.49,118.49,118.49,118.49,118.49,118.49,118.49,118.49,118.49,118.49,118.49,118.49,118.49,118.49,118.49,118.49,118.49,118.49,118.49,126.78,126.78,126.78,126.78,126.78,126.78,126.78,126.78,135.64,135.64,135.64,135.64,135.64,135.64,139.83,135.64,144.14,144.14,147.89,147.89,147.89,147.89,147.89,147.89,147.89,147.89,147.89,147.89,144.14,144.14,144.14,144.14,144.14,144.14,144.14,144.14,144.14,140.48,140.48,151.22,151.22,151.22,151.22,151.22,151.22,151.22,151.22,151.22,151.22,151.22,151.22,147.38,154.62,154.62,154.62,154.62,154.62,158.65,158.65,158.65,158.65,158.65,158.65,158.65,158.65,158.65,158.65,158.65
Clase,0.006543838,0623,Servicios paramédicos (S),96.38,96.17,95.95,95.95,96.19,96.19,96.53,96.53,96.84,96.84,97.06,97.26,97.26,97.26,97.26,97.26,97.26,99.80,99.80,99.80,101.96,101.96,101.96,102.04,102.04,102.04,102.04,102.04,102.04,102.04,102.04,102.04,102.18,102.18,102.18,102.18,102.18,102.18,102.18,102.18,102.18,102.18,102.41,102.41,102.41,102.41,102.41,102.41,102.41,102.27,102.27,102.27,102.27,102.27,102.27,102.27,102.31,102.31,102.31,102.31,102.31,102.31,102.31,102.31,102.31,102.31,102.31,102.31,102.31,102.31,102.31,102.31,102.31,102.31,102.31,102.31,102.31,102.31,106.79,106.99,106.99,104.94,104.66,106.65,106.23,106.12,106.38,105.23,105.54,105.70,106.91,107.30,107.30,107.30,107.30,107.08,107.08,107.31,107.51,107.51,107.37,107.22,107.22,107.26,107.26,107.26,107.34,107.34,106.06,106.17,106.17,106.17,106.33,106.33,105.94,105.94,105.94,105.94,105.94,105.94,106.20,107.91,107.91,108.01,108.09,109.43,109.86,109.26,109.42,109.42,109.56,109.56,109.75,109.93,109.93,109.74,109.74,109.74
Subclase,0.006543838,06231,Servicios paramédicos,96.38,96.17,95.95,95.95,96.19,96.19,96.53,96.53,96.84,96.84,97.06,97.26,97.26,97.26,97.26,97.26,97.26,99.80,99.80,99.80,101.96,101.96,101.96,102.04,102.04,102.04,102.04,102.04,102.04,102.04,102.04,102.04,102.18,102.18,102.18,102.18,102.18,102.18,102.18,102.18,102.18,102.18,102.41,102.41,102.41,102.41,102.41,102.41,102.41,102.27,102.27,102.27,102.27,102.27,102.27,102.27,102.31,102.31,102.31,102.31,102.31,102.31,102.31,102.31,102.31,102.31,102.31,102.31,102.31,102.31,102.31,102.31,102.31,102.31,102.31,102.31,102.31,102.31,106.79,106.99,106.99,104.94,104.66,106.65,106.23,106.12,106.38,105.23,105.54,105.70,106.91,107.30,107.30,107.30,107.30,107.08,107.08,107.31,107.51,107.51,107.37,107.22,107.22,107.26,107.26,107.26,107.34,107.34,106.06,106.17,106.17,106.17,106.33,106.33,105.94,105.94,105.94,105.94,105.94,105.94,106.20,107.91,107.91,108.01,108.09,109.43,109.86,109.26,109.42,109.42,109.56,109.56,109.75,109.93,109.93,109.74,109.74,109.74
Producto,0.000707696,06231237,EXÁMENES MÉDICOS DE SONIDO,110.69,112.09,112.09,112.09,112.09,112.09,113.83,113.83,117.15,117.15,115.04,117.15,117.15,117.15,117.15,117.15,117.15,119.31,119.31,119.31,119.31,119.31,119.31,119.31,119.31,119.31,119.31,119.31,119.31,119.31,119.31,119.31,120.87,120.87,120.87,120.87,120.87,120.87,120.87,120.87,120.87,120.87,123.38,123.38,123.38,123.38,123.38,123.38,123.38,123.38,123.38,123.38,123.38,123.38,123.38,123.38,123.38,123.38,123.38,123.38,123.38,123.38,123.38,123.38,123.38,123.38,123.38,123.38,123.38,123.38,123.38,123.38,123.38,123.38,123.38,123.38,123.38,123.38,125.39,126.27,126.27,124.27,124.52,126.45,122.55,121.39,121.39,121.39,121.39,120.06,120.06,120.06,120.06,120.06,120.06,120.06,120.06,125.32,126.29,126.29,124.66,123.04,123.04,121.14,121.14,121.14,124.16,124.16,123.38,123.38,123.38,123.38,123.38,123.38,119.86,119.86,119.86,119.86,119.86,119.86,119.86,129.48,129.48,129.48,131.07,131.52,131.52,129.54,129.54,129.54,129.54,129.54,131.62,132.72,132.72,130.62,130.62,130.62
Producto,0.00455277,06231238,EXAMEN DE LABORATORIO,94.82,94.82,94.82,94.82,94.82,94.82,94.82,94.82,94.82,94.82,95.40,95.40,95.40,95.40,95.40,95.40,95.40,98.68,98.68,98.68,101.70,101.70,101.70,101.81,101.81,101.81,101.81,101.81,101.81,101.81,101.81,101.81,101.81,101.81,101.81,101.81,101.81,101.81,101.81,101.81,101.81,101.81,101.81,101.81,101.81,101.81,101.81,101.81,101.81,101.81,101.81,101.81,101.81,101.81,101.81,101.81,101.81,101.81,101.81,101.81,101.81,101.81,101.81,101.81,101.81,101.81,101.81,101.81,101.81,101.81,101.81,101.81,101.81,101.81,101.81,101.81,101.81,101.81,106.48,106.48,106.48,105.65,105.09,107.34,107.34,107.34,107.34,105.64,105.64,105.64,107.34,107.34,107.34,107.34,107.34,107.34,107.34,107.34,107.34,107.34,107.34,107.34,107.34,107.34,107.34,107.34,107.34,107.34,105.64,105.64,105.64,105.64,105.87,105.87,105.87,105.87,105.87,105.87,105.87,105.87,105.87,109.83,109.83,109.83,109.83,111.53,112.12,111.05,111.05,111.05,111.05,111.05,111.05,111.05,111.05,111.05,111.05,111.05
Producto,0.001283372,06231239,EXÁMENES MÉDICOS DE IMÁGENES,95.43,93.71,92.54,92.54,93.79,93.79,94.76,94.76,94.76,94.76,94.76,94.76,94.76,94.76,94.76,94.76,94.76,94.76,94.76,94.76,94.76,94.76,94.76,94.76,94.76,94.76,94.76,94.76,94.76,94.76,94.76,94.76,94.76,94.76,94.76,94.76,94.76,94.76,94.76,94.76,94.76,94.76,94.76,94.76,94.76,94.76,94.76,94.76,94.76,94.01,94.01,94.01,94.01,94.01,94.01,94.01,94.21,94.21,94.21,94.21,94.21,94.21,94.21,94.21,94.21,94.21,94.21,94.21,94.21,94.21,94.21,94.21,94.21,94.21,94.21,94.21,94.21,94.21,99.16,99.81,99.81,93.22,93.71,94.78,94.42,94.42,95.75,96.08,97.72,99.14,99.14,101.14,101.14,101.14,101.14,100.00,100.00,98.74,99.33,99.33,99.33,99.33,99.33,100.41,100.41,100.41,99.43,99.43,99.43,100.01,100.01,100.01,100.01,100.01,99.66,99.66,99.66,99.66,99.66,99.66,100.99,90.66,90.66,91.17,90.86,91.29,91.29,93.08,93.90,93.90,94.65,94.65,94.65,95.07,95.07,95.07,95.07,95.07
Grupo,0.009968499,063,Servicios de hospital (S),101.39,101.39,101.39,101.39,101.39,101.39,101.39,101.39,100.09,100.09,100.09,100.09,100.09,100.09,100.09,100.09,100.09,104.66,104.66,104.66,104.66,104.66,104.66,104.66,104.66,104.66,109.82,109.82,106.99,108.62,108.62,108.62,108.62,108.62,108.62,108.62,108.62,108.62,108.62,108.62,110.86,110.86,110.86,110.86,110.86,110.86,110.86,110.86,110.86,111.39,111.39,111.39,111.39,111.39,111.39,111.39,121.23,121.23,121.23,121.23,121.23,121.23,121.23,121.23,121.23,121.23,121.23,121.23,121.23,121.23,121.23,121.23,121.23,121.23,121.23,121.23,121.23,121.23,121.40,121.40,126.33,135.30,137.81,142.90,151.04,151.04,151.16,149.53,151.16,149.53,155.00,155.13,155.13,155.13,155.13,155.13,155.13,149.65,150.13,150.13,148.99,154.49,154.49,154.49,154.49,154.49,154.49,154.49,154.49,154.49,154.49,154.49,154.49,154.49,154.49,154.49,158.86,158.86,158.86,158.86,166.27,178.31,178.31,178.31,178.31,178.31,178.31,178.31,181.70,181.70,181.70,181.70,185.89,188.50,186.46,186.46,186.46,183.07
Clase,0.009968499,0630,Servicios de hospital (S),101.39,101.39,101.39,101.39,101.39,101.39,101.39,101.39,100.09,100.09,100.09,100.09,100.09,100.09,100.09,100.09,100.09,104.66,104.66,104.66,104.66,104.66,104.66,104.66,104.66,104.66,109.82,109.82,106.99,108.62,108.62,108.62,108.62,108.62,108.62,108.62,108.62,108.62,108.62,108.62,110.86,110.86,110.86,110.86,110.86,110.86,110.86,110.86,110.86,111.39,111.39,111.39,111.39,111.39,111.39,111.39,121.23,121.23,121.23,121.23,121.23,121.23,121.23,121.23,121.23,121.23,121.23,121.23,121.23,121.23,121.23,121.23,121.23,121.23,121.23,121.23,121.23,121.23,121.40,121.40,126.33,135.30,137.81,142.90,151.04,151.04,151.16,149.53,151.16,149.53,155.00,155.13,155.13,155.13,155.13,155.13,155.13,149.65,150.13,150.13,148.99,154.49,154.49,154.49,154.49,154.49,154.49,154.49,154.49,154.49,154.49,154.49,154.49,154.49,154.49,154.49,158.86,158.86,158.86,158.86,166.27,178.31,178.31,178.31,178.31,178.31,178.31,178.31,181.70,181.70,181.70,181.70,185.89,188.50,186.46,186.46,186.46,183.07
Subclase,0.009968499,06301,Servicios de hospital,101.39,101.39,101.39,101.39,101.39,101.39,101.39,101.39,100.09,100.09,100.09,100.09,100.09,100.09,100.09,100.09,100.09,104.66,104.66,104.66,104.66,104.66,104.66,104.66,104.66,104.66,109.82,109.82,106.99,108.62,108.62,108.62,108.62,108.62,108.62,108.62,108.62,108.62,108.62,108.62,110.86,110.86,110.86,110.86,110.86,110.86,110.86,110.86,110.86,111.39,111.39,111.39,111.39,111.39,111.39,111.39,121.23,121.23,121.23,121.23,121.23,121.23,121.23,121.23,121.23,121.23,121.23,121.23,121.23,121.23,121.23,121.23,121.23,121.23,121.23,121.23,121.23,121.23,121.40,121.40,126.33,135.30,137.81,142.90,151.04,151.04,151.16,149.53,151.16,149.53,155.00,155.13,155.13,155.13,155.13,155.13,155.13,149.65,150.13,150.13,148.99,154.49,154.49,154.49,154.49,154.49,154.49,154.49,154.49,154.49,154.49,154.49,154.49,154.49,154.49,154.49,158.86,158.86,158.86,158.86,166.27,178.31,178.31,178.31,178.31,178.31,178.31,178.31,181.70,181.70,181.70,181.70,185.89,188.50,186.46,186.46,186.46,183.07
Producto,0.009968499,06301240,GASTOS EN HOSPITALIZACIÓN,101.39,101.39,101.39,101.39,101.39,101.39,101.39,101.39,100.09,100.09,100.09,100.09,100.09,100.09,100.09,100.09,100.09,104.66,104.66,104.66,104.66,104.66,104.66,104.66,104.66,104.66,109.82,109.82,106.99,108.62,108.62,108.62,108.62,108.62,108.62,108.62,108.62,108.62,108.62,108.62,110.86,110.86,110.86,110.86,110.86,110.86,110.86,110.86,110.86,111.39,111.39,111.39,111.39,111.39,111.39,111.39,121.23,121.23,121.23,121.23,121.23,121.23,121.23,121.23,121.23,121.23,121.23,121.23,121.23,121.23,121.23,121.23,121.23,121.23,121.23,121.23,121.23,121.23,121.40,121.40,126.33,135.30,137.81,142.90,151.04,151.04,151.16,149.53,151.16,149.53,155.00,155.13,155.13,155.13,155.13,155.13,155.13,149.65,150.13,150.13,148.99,154.49,154.49,154.49,154.49,154.49,154.49,154.49,154.49,154.49,154.49,154.49,154.49,154.49,154.49,154.49,158.86,158.86,158.86,158.86,166.27,178.31,178.31,178.31,178.31,178.31,178.31,178.31,181.70,181.70,181.70,181.70,185.89,188.50,186.46,186.46,186.46,183.07
División,0.147383503,07,Transporte,101.62,104.13,104.09,106.57,108.32,108.31,105.85,109.10,108.88,108.89,109.01,109.13,109.50,109.40,109.73,109.61,109.62,108.92,108.77,108.85,109.08,109.04,108.65,107.20,106.90,106.98,107.82,107.81,107.71,106.91,107.20,107.35,107.47,107.55,107.68,107.53,107.21,107.20,106.80,106.58,106.47,106.30,105.90,106.13,106.11,106.51,106.63,105.92,108.13,106.92,106.60,106.96,106.85,107.29,107.41,107.31,106.74,111.92,107.63,107.78,107.75,107.74,107.50,108.02,107.84,109.03,106.90,106.00,106.22,107.43,107.60,106.76,107.34,106.93,107.30,108.61,110.00,110.29,110.90,111.69,111.94,113.36,114.10,113.96,113.45,113.94,114.53,115.18,116.20,115.93,115.96,115.66,115.46,115.24,114.86,115.20,114.94,115.01,114.53,114.57,114.02,113.77,113.96,113.75,113.71,113.97,113.46,113.68,112.85,112.79,113.31,115.67,115.94,116.04,117.95,117.79,116.96,116.42,116.39,117.81,116.26,116.11,116.42,115.79,115.04,115.38,116.28,117.08,117.99,118.25,118.35,118.72,117.11,117.11,118.22,119.45,120.27,122.28
Grupo,0.058542016,071,Adquisición de vehículos,107.20,111.86,111.86,112.07,114.94,114.95,110.51,113.68,113.71,113.71,113.69,113.69,114.31,114.31,114.31,114.35,114.35,113.37,113.15,113.29,113.27,113.27,112.61,110.24,109.40,109.38,111.41,111.40,111.12,110.33,110.88,110.88,111.20,111.18,111.18,110.91,110.35,110.35,109.60,109.14,109.14,109.05,107.28,107.28,107.28,107.69,107.99,106.07,106.53,104.62,104.62,104.62,104.78,105.35,105.35,105.32,104.29,104.26,105.83,105.90,105.92,105.92,105.90,105.74,105.74,105.07,105.07,103.78,103.76,103.96,103.94,103.56,104.11,104.11,104.16,104.16,104.39,104.39,104.38,104.60,104.63,105.47,105.49,105.24,105.23,105.59,105.60,105.64,105.98,105.64,106.20,105.86,105.71,105.89,105.96,106.23,106.26,106.07,105.28,105.29,105.07,105.36,105.36,105.39,105.39,105.37,104.48,104.44,104.45,104.45,104.49,107.67,107.67,107.68,107.72,107.71,107.41,107.39,107.39,107.38,107.38,106.27,106.28,106.28,106.28,106.28,106.66,106.59,106.69,106.82,106.82,106.83,106.63,106.65,107.58,106.36,105.98,106.72
Clase,0.055916632,0711,Vehículos a motor (D),107.33,112.07,112.07,112.07,115.01,115.01,110.49,113.65,113.65,113.65,113.65,113.65,114.29,114.29,114.29,114.29,114.29,113.30,113.04,113.22,113.22,113.22,112.54,110.16,109.32,109.32,111.39,111.39,111.11,110.40,110.97,110.97,111.28,111.28,111.28,110.97,110.40,110.40,109.64,109.18,109.18,109.09,107.29,107.29,107.29,107.70,108.01,106.06,106.53,104.58,104.58,104.58,104.73,105.31,105.31,105.28,104.22,104.22,105.82,105.89,105.89,105.89,105.89,105.71,105.71,105.09,105.09,103.78,103.78,103.98,103.98,103.60,104.12,104.12,104.17,104.17,104.40,104.40,104.40,104.61,104.61,105.51,105.51,105.22,105.22,105.62,105.63,105.64,106.00,105.64,106.18,105.84,105.71,105.90,106.02,106.31,106.31,106.13,105.31,105.31,105.08,105.39,105.39,105.39,105.39,105.39,104.49,104.49,104.49,104.49,104.49,107.67,107.67,107.68,107.75,107.75,107.43,107.43,107.43,107.42,107.42,106.35,106.35,106.35,106.35,106.35,106.73,106.77,106.88,106.98,106.98,106.98,106.88,106.88,107.82,106.54,106.22,106.94
Subclase,0.055916632,07111,Vehículos a motor,107.33,112.07,112.07,112.07,115.01,115.01,110.49,113.65,113.65,113.65,113.65,113.65,114.29,114.29,114.29,114.29,114.29,113.30,113.04,113.22,113.22,113.22,112.54,110.16,109.32,109.32,111.39,111.39,111.11,110.40,110.97,110.97,111.28,111.28,111.28,110.97,110.40,110.40,109.64,109.18,109.18,109.09,107.29,107.29,107.29,107.70,108.01,106.06,106.53,104.58,104.58,104.58,104.73,105.31,105.31,105.28,104.22,104.22,105.82,105.89,105.89,105.89,105.89,105.71,105.71,105.09,105.09,103.78,103.78,103.98,103.98,103.60,104.12,104.12,104.17,104.17,104.40,104.40,104.40,104.61,104.61,105.51,105.51,105.22,105.22,105.62,105.63,105.64,106.00,105.64,106.18,105.84,105.71,105.90,106.02,106.31,106.31,106.13,105.31,105.31,105.08,105.39,105.39,105.39,105.39,105.39,104.49,104.49,104.49,104.49,104.49,107.67,107.67,107.68,107.75,107.75,107.43,107.43,107.43,107.42,107.42,106.35,106.35,106.35,106.35,106.35,106.73,106.77,106.88,106.98,106.98,106.98,106.88,106.88,107.82,106.54,106.22,106.94
Producto,0.055916632,07111241,AUTOMÓVIL,107.33,112.07,112.07,112.07,115.01,115.01,110.49,113.65,113.65,113.65,113.65,113.65,114.29,114.29,114.29,114.29,114.29,113.30,113.04,113.22,113.22,113.22,112.54,110.16,109.32,109.32,111.39,111.39,111.11,110.40,110.97,110.97,111.28,111.28,111.28,110.97,110.40,110.40,109.64,109.18,109.18,109.09,107.29,107.29,107.29,107.70,108.01,106.06,106.53,104.58,104.58,104.58,104.73,105.31,105.31,105.28,104.22,104.22,105.82,105.89,105.89,105.89,105.89,105.71,105.71,105.09,105.09,103.78,103.78,103.98,103.98,103.60,104.12,104.12,104.17,104.17,104.40,104.40,104.40,104.61,104.61,105.51,105.51,105.22,105.22,105.62,105.63,105.64,106.00,105.64,106.18,105.84,105.71,105.90,106.02,106.31,106.31,106.13,105.31,105.31,105.08,105.39,105.39,105.39,105.39,105.39,104.49,104.49,104.49,104.49,104.49,107.67,107.67,107.68,107.75,107.75,107.43,107.43,107.43,107.42,107.42,106.35,106.35,106.35,106.35,106.35,106.73,106.77,106.88,106.98,106.98,106.98,106.88,106.88,107.82,106.54,106.22,106.94
Clase,0.00208169,0712,Motocicletas (D),102.52,101.28,101.28,120.43,120.43,120.43,120.43,124.31,127.03,127.03,125.78,125.78,124.68,125.02,125.02,128.05,128.05,128.62,130.96,128.12,127.40,127.40,127.54,125.85,124.77,122.94,122.94,122.94,122.94,113.66,113.66,113.66,115.39,115.39,115.39,119.01,118.45,118.45,118.05,118.85,118.85,118.85,118.85,118.85,118.85,119.69,119.69,119.46,119.46,119.46,119.46,119.46,121.55,121.55,121.55,121.55,121.55,119.45,119.45,119.45,121.20,121.20,121.20,122.48,122.48,117.78,117.68,117.68,115.31,116.53,114.15,114.15,116.44,116.44,116.84,116.84,116.84,116.84,116.04,116.04,118.85,116.27,116.96,119.48,120.21,117.67,118.12,120.90,119.78,119.78,123.11,123.31,121.87,120.61,117.56,116.08,118.89,117.88,117.71,118.61,118.08,116.16,116.91,119.21,119.21,117.58,117.10,113.90,115.54,115.54,118.91,124.43,124.43,123.93,124.39,124.39,125.21,123.40,123.40,123.40,123.40,118.61,118.63,118.63,118.63,119.40,119.40,108.92,108.92,111.47,111.47,113.06,104.37,105.70,106.51,109.86,104.56,106.17
Subclase,0.00208169,07121,Motocicletas nuevas,102.52,101.28,101.28,120.43,120.43,120.43,120.43,124.31,127.03,127.03,125.78,125.78,124.68,125.02,125.02,128.05,128.05,128.62,130.96,128.12,127.40,127.40,127.54,125.85,124.77,122.94,122.94,122.94,122.94,113.66,113.66,113.66,115.39,115.39,115.39,119.01,118.45,118.45,118.05,118.85,118.85,118.85,118.85,118.85,118.85,119.69,119.69,119.46,119.46,119.46,119.46,119.46,121.55,121.55,121.55,121.55,121.55,119.45,119.45,119.45,121.20,121.20,121.20,122.48,122.48,117.78,117.68,117.68,115.31,116.53,114.15,114.15,116.44,116.44,116.84,116.84,116.84,116.84,116.04,116.04,118.85,116.27,116.96,119.48,120.21,117.67,118.12,120.90,119.78,119.78,123.11,123.31,121.87,120.61,117.56,116.08,118.89,117.88,117.71,118.61,118.08,116.16,116.91,119.21,119.21,117.58,117.10,113.90,115.54,115.54,118.91,124.43,124.43,123.93,124.39,124.39,125.21,123.40,123.40,123.40,123.40,118.61,118.63,118.63,118.63,119.40,119.40,108.92,108.92,111.47,111.47,113.06,104.37,105.70,106.51,109.86,104.56,106.17
Producto,0.00208169,07121242,MOTOCICLETA,102.52,101.28,101.28,120.43,120.43,120.43,120.43,124.31,127.03,127.03,125.78,125.78,124.68,125.02,125.02,128.05,128.05,128.62,130.96,128.12,127.40,127.40,127.54,125.85,124.77,122.94,122.94,122.94,122.94,113.66,113.66,113.66,115.39,115.39,115.39,119.01,118.45,118.45,118.05,118.85,118.85,118.85,118.85,118.85,118.85,119.69,119.69,119.46,119.46,119.46,119.46,119.46,121.55,121.55,121.55,121.55,121.55,119.45,119.45,119.45,121.20,121.20,121.20,122.48,122.48,117.78,117.68,117.68,115.31,116.53,114.15,114.15,116.44,116.44,116.84,116.84,116.84,116.84,116.04,116.04,118.85,116.27,116.96,119.48,120.21,117.67,118.12,120.90,119.78,119.78,123.11,123.31,121.87,120.61,117.56,116.08,118.89,117.88,117.71,118.61,118.08,116.16,116.91,119.21,119.21,117.58,117.10,113.90,115.54,115.54,118.91,124.43,124.43,123.93,124.39,124.39,125.21,123.40,123.40,123.40,123.40,118.61,118.63,118.63,118.63,119.40,119.40,108.92,108.92,111.47,111.47,113.06,104.37,105.70,106.51,109.86,104.56,106.17
Clase,0.000543695,0713,Bicicletas (D),91.89,91.89,91.89,91.89,88.85,91.67,91.67,95.10,95.10,95.10,95.10,95.10,95.10,95.10,95.10,95.10,95.10,95.10,95.10,95.44,92.37,92.37,92.37,92.37,91.16,91.16,91.16,88.43,88.43,87.42,87.59,86.76,86.76,82.89,82.89,82.89,82.89,82.89,82.89,80.92,80.92,80.26,79.20,79.20,79.20,79.20,79.20,79.20,79.20,79.20,79.20,79.20,78.50,78.50,78.50,78.50,78.50,78.50,78.50,77.89,77.89,77.89,73.85,73.85,73.85,73.85,73.85,73.85,73.85,73.85,73.85,73.06,75.77,75.77,75.77,75.77,75.77,74.86,74.86,75.78,75.78,73.70,76.82,76.82,74.88,74.02,72.23,71.63,72.70,74.78,72.32,71.35,70.44,70.28,70.28,70.09,69.37,69.07,72.00,71.34,75.13,75.13,75.13,75.45,74.28,74.28,73.49,74.09,72.21,72.21,71.87,70.22,70.22,71.16,65.82,64.97,64.97,64.65,64.65,64.65,64.74,64.82,65.27,65.12,65.28,64.71,64.30,65.30,64.72,64.17,64.38,63.27,62.50,63.25,62.24,62.75,62.75,62.90
Subclase,0.000543695,07131,Bicicleta,91.89,91.89,91.89,91.89,88.85,91.67,91.67,95.10,95.10,95.10,95.10,95.10,95.10,95.10,95.10,95.10,95.10,95.10,95.10,95.44,92.37,92.37,92.37,92.37,91.16,91.16,91.16,88.43,88.43,87.42,87.59,86.76,86.76,82.89,82.89,82.89,82.89,82.89,82.89,80.92,80.92,80.26,79.20,79.20,79.20,79.20,79.20,79.20,79.20,79.20,79.20,79.20,78.50,78.50,78.50,78.50,78.50,78.50,78.50,77.89,77.89,77.89,73.85,73.85,73.85,73.85,73.85,73.85,73.85,73.85,73.85,73.06,75.77,75.77,75.77,75.77,75.77,74.86,74.86,75.78,75.78,73.70,76.82,76.82,74.88,74.02,72.23,71.63,72.70,74.78,72.32,71.35,70.44,70.28,70.28,70.09,69.37,69.07,72.00,71.34,75.13,75.13,75.13,75.45,74.28,74.28,73.49,74.09,72.21,72.21,71.87,70.22,70.22,71.16,65.82,64.97,64.97,64.65,64.65,64.65,64.74,64.82,65.27,65.12,65.28,64.71,64.30,65.30,64.72,64.17,64.38,63.27,62.50,63.25,62.24,62.75,62.75,62.90
Producto,0.000543695,07131243,BICICLETA,91.89,91.89,91.89,91.89,88.85,91.67,91.67,95.10,95.10,95.10,95.10,95.10,95.10,95.10,95.10,95.10,95.10,95.10,95.10,95.44,92.37,92.37,92.37,92.37,91.16,91.16,91.16,88.43,88.43,87.42,87.59,86.76,86.76,82.89,82.89,82.89,82.89,82.89,82.89,80.92,80.92,80.26,79.20,79.20,79.20,79.20,79.20,79.20,79.20,79.20,79.20,79.20,78.50,78.50,78.50,78.50,78.50,78.50,78.50,77.89,77.89,77.89,73.85,73.85,73.85,73.85,73.85,73.85,73.85,73.85,73.85,73.06,75.77,75.77,75.77,75.77,75.77,74.86,74.86,75.78,75.78,73.70,76.82,76.82,74.88,74.02,72.23,71.63,72.70,74.78,72.32,71.35,70.44,70.28,70.28,70.09,69.37,69.07,72.00,71.34,75.13,75.13,75.13,75.45,74.28,74.28,73.49,74.09,72.21,72.21,71.87,70.22,70.22,71.16,65.82,64.97,64.97,64.65,64.65,64.65,64.74,64.82,65.27,65.12,65.28,64.71,64.30,65.30,64.72,64.17,64.38,63.27,62.50,63.25,62.24,62.75,62.75,62.90
Grupo,0.037375808,072,Funcionamiento de equipo de transporte personal,97.50,97.79,97.83,97.82,97.97,97.84,97.79,97.50,96.93,96.93,96.85,96.99,97.01,97.14,97.97,97.25,97.32,98.06,97.93,97.92,98.39,98.17,97.98,97.00,97.68,98.14,96.96,96.79,97.01,95.33,95.33,95.73,95.33,95.75,95.75,95.72,96.00,96.02,95.93,95.96,95.70,95.10,94.97,95.61,99.12,99.15,99.21,100.80,108.82,109.61,109.45,109.28,108.44,109.34,109.83,109.83,109.70,116.27,109.84,109.91,109.75,109.75,109.75,109.22,108.33,105.41,105.06,103.64,103.69,104.06,104.24,103.76,104.36,104.65,106.28,110.28,112.15,114.00,117.26,120.13,122.79,126.49,129.10,129.13,129.24,130.35,132.07,135.96,137.31,136.74,135.31,136.03,136.22,134.21,132.65,133.38,133.40,132.80,132.06,132.05,131.82,131.13,130.61,130.16,131.26,131.57,131.62,130.16,128.99,128.86,129.62,133.25,134.02,135.28,140.26,140.91,138.77,136.20,137.30,137.24,138.02,139.54,138.57,135.04,132.93,134.20,136.29,138.68,142.01,144.52,143.72,141.47,139.38,140.11,143.08,149.02,156.00,162.77
Clase,0.005121567,0721,Piezas de repuesto y accesorios para equipo de transporte personal (SD),94.79,94.92,95.07,95.07,95.64,95.64,94.51,94.47,93.32,93.32,93.32,93.32,94.11,94.86,97.05,93.72,94.80,95.63,96.68,94.71,96.91,96.91,96.91,91.65,92.06,94.91,91.81,90.70,91.81,87.39,87.39,86.62,87.83,88.08,88.08,87.64,88.81,88.73,88.21,88.05,87.47,85.81,85.05,84.93,86.62,86.56,86.40,85.47,85.97,89.38,89.38,89.00,85.16,84.36,86.05,86.05,86.05,85.94,86.70,86.62,86.62,86.62,86.62,82.39,82.39,81.71,81.50,80.09,80.00,82.07,82.07,81.77,81.42,81.61,81.61,81.61,81.61,82.26,83.87,84.10,84.53,85.15,85.31,86.43,86.42,87.49,87.30,89.31,89.43,89.58,89.43,89.37,89.82,90.83,90.17,90.56,90.62,90.31,87.96,88.25,88.81,92.42,91.44,91.44,91.66,91.42,90.72,90.72,90.39,89.22,88.81,91.40,91.34,91.34,91.10,91.09,91.38,91.40,91.24,91.23,92.08,91.72,91.40,90.79,90.80,93.28,91.23,91.70,90.92,90.48,90.77,90.82,90.90,90.99,90.24,90.03,92.57,92.78
Subclase,0.005121567,07211,Piezas de repuesto y accesorios para equipo de transporte personal,94.79,94.92,95.07,95.07,95.64,95.64,94.51,94.47,93.32,93.32,93.32,93.32,94.11,94.86,97.05,93.72,94.80,95.63,96.68,94.71,96.91,96.91,96.91,91.65,92.06,94.91,91.81,90.70,91.81,87.39,87.39,86.62,87.83,88.08,88.08,87.64,88.81,88.73,88.21,88.05,87.47,85.81,85.05,84.93,86.62,86.56,86.40,85.47,85.97,89.38,89.38,89.00,85.16,84.36,86.05,86.05,86.05,85.94,86.70,86.62,86.62,86.62,86.62,82.39,82.39,81.71,81.50,80.09,80.00,82.07,82.07,81.77,81.42,81.61,81.61,81.61,81.61,82.26,83.87,84.10,84.53,85.15,85.31,86.43,86.42,87.49,87.30,89.31,89.43,89.58,89.43,89.37,89.82,90.83,90.17,90.56,90.62,90.31,87.96,88.25,88.81,92.42,91.44,91.44,91.66,91.42,90.72,90.72,90.39,89.22,88.81,91.40,91.34,91.34,91.10,91.09,91.38,91.40,91.24,91.23,92.08,91.72,91.40,90.79,90.80,93.28,91.23,91.70,90.92,90.48,90.77,90.82,90.90,90.99,90.24,90.03,92.57,92.78
Producto,0.001032623,07211244,BATERÍA,98.70,98.70,98.70,98.70,97.96,97.96,99.87,99.50,98.22,98.22,98.22,98.22,97.33,97.33,96.33,96.50,97.76,101.18,101.18,102.17,103.82,103.82,103.82,105.04,105.04,105.04,103.56,103.30,103.30,104.05,104.05,102.38,103.79,103.79,103.79,103.35,103.66,106.86,106.86,106.86,105.98,105.98,105.98,105.03,107.86,107.86,107.86,106.94,107.81,109.97,109.97,109.97,109.97,103.63,103.63,103.63,103.63,103.63,105.59,105.01,105.01,105.01,105.01,105.01,105.01,105.01,103.33,103.60,103.60,103.60,103.60,103.60,103.30,103.30,103.30,103.30,103.30,103.30,103.30,103.30,106.24,110.55,109.20,107.56,108.30,111.46,110.88,111.50,109.96,111.06,109.56,109.56,109.60,111.35,109.09,110.51,110.97,113.35,114.43,114.84,114.84,114.84,114.84,114.84,114.45,114.45,114.45,114.45,113.77,111.79,111.79,118.98,118.74,118.74,119.45,119.45,119.45,120.04,120.04,120.80,118.16,120.38,120.75,120.79,120.79,126.61,124.69,124.37,118.25,118.67,118.67,118.67,117.49,119.41,120.83,120.69,121.92,121.51
Producto,0.003619105,07211245,NEUMÁTICO,93.86,93.86,93.86,93.86,94.09,94.09,92.32,92.32,91.05,91.05,91.05,91.05,92.32,93.29,96.29,91.88,93.07,92.57,93.92,91.71,94.27,94.27,94.27,87.27,87.27,90.79,86.96,86.25,87.69,82.26,82.26,81.64,83.11,83.42,83.42,82.92,84.37,83.75,83.12,82.98,82.37,80.23,79.24,79.24,80.96,80.96,80.75,79.89,80.39,84.45,84.45,83.96,79.00,79.00,81.19,81.19,81.19,81.19,81.85,81.85,81.85,81.85,81.85,76.37,76.37,75.50,75.50,73.63,73.63,76.31,76.31,76.31,75.91,76.15,76.15,76.15,76.15,76.98,79.29,79.29,79.22,79.25,79.69,81.40,81.06,81.94,81.76,84.37,84.78,84.38,84.38,84.38,84.82,86.07,85.59,85.86,85.86,84.95,81.83,82.15,82.92,87.58,86.32,86.32,86.67,86.36,85.46,85.46,85.24,84.06,83.52,84.94,84.94,84.94,84.52,84.52,84.88,84.88,84.68,84.53,86.11,85.44,85.03,84.23,84.24,86.49,84.03,84.63,84.63,83.99,84.49,84.49,84.79,84.46,83.44,82.89,85.52,85.87
Producto,0.000469839,07211246,AMORTIGUADORES,96.99,98.31,99.87,99.87,104.79,104.79,104.79,104.79,104.79,104.79,104.79,104.79,103.92,103.92,103.92,104.50,104.50,112.43,112.43,108.57,108.57,108.57,108.57,108.57,112.74,113.96,114.55,109.16,109.16,105.99,105.99,105.17,104.10,104.32,104.32,104.32,104.32,104.32,103.96,103.48,103.48,103.48,103.48,103.48,103.48,102.89,102.89,101.42,101.42,101.42,101.42,101.42,101.42,101.42,101.42,101.42,101.42,100.31,100.31,100.31,100.31,100.31,100.31,100.31,100.31,100.31,100.31,100.31,99.39,99.39,99.39,96.37,96.37,96.37,96.37,96.37,96.37,96.37,94.65,97.02,98.11,98.56,98.56,98.56,100.21,100.08,100.31,99.36,99.36,102.57,103.04,102.44,103.42,101.62,101.62,101.62,101.62,102.60,101.77,101.77,101.39,101.39,101.39,101.39,101.39,101.39,101.39,101.39,100.56,100.56,100.56,106.36,106.12,106.12,106.12,106.03,106.03,105.55,105.55,105.55,105.23,103.98,103.49,103.49,103.49,103.49,104.45,104.92,104.92,104.92,103.98,104.45,104.45,105.42,104.11,106.39,109.89,109.89
Clase,0.022539435,0722,Combustibles y lubricantes para equipo de transporte personal (ND),97.93,97.93,97.93,97.93,97.79,97.91,98.05,97.85,97.43,97.43,97.30,97.30,97.33,97.33,97.15,96.97,96.78,96.82,96.71,96.82,97.01,97.18,97.16,97.45,97.98,97.98,97.55,97.47,97.47,97.05,97.05,97.20,96.77,96.85,96.85,96.82,96.96,96.96,96.96,97.05,97.18,97.18,97.18,98.32,103.95,104.01,103.86,106.88,120.20,120.05,119.78,119.58,119.50,121.30,121.67,121.67,121.62,133.06,121.67,121.67,121.67,121.67,121.67,121.63,120.20,115.30,114.83,114.18,114.30,114.35,114.66,113.92,114.33,114.87,117.72,124.66,127.91,130.94,136.61,141.53,146.31,153.09,156.58,155.67,156.01,156.53,159.46,164.92,167.18,167.63,165.23,166.07,166.18,161.47,158.95,159.30,159.33,159.37,159.05,158.54,157.86,156.35,155.70,155.42,157.39,158.00,158.32,155.90,153.55,152.44,153.60,158.36,159.71,161.91,171.44,172.59,168.24,163.74,165.60,165.44,166.39,169.29,167.91,161.95,157.94,158.60,162.33,167.43,173.43,177.46,175.85,172.02,167.95,168.77,174.01,184.49,195.95,207.28
Subclase,0.022539435,07221,Combustibles y lubricantes para equipo de transporte personal,97.93,97.93,97.93,97.93,97.79,97.91,98.05,97.85,97.43,97.43,97.30,97.30,97.33,97.33,97.15,96.97,96.78,96.82,96.71,96.82,97.01,97.18,97.16,97.45,97.98,97.98,97.55,97.47,97.47,97.05,97.05,97.20,96.77,96.85,96.85,96.82,96.96,96.96,96.96,97.05,97.18,97.18,97.18,98.32,103.95,104.01,103.86,106.88,120.20,120.05,119.78,119.58,119.50,121.30,121.67,121.67,121.62,133.06,121.67,121.67,121.67,121.67,121.67,121.63,120.20,115.30,114.83,114.18,114.30,114.35,114.66,113.92,114.33,114.87,117.72,124.66,127.91,130.94,136.61,141.53,146.31,153.09,156.58,155.67,156.01,156.53,159.46,164.92,167.18,167.63,165.23,166.07,166.18,161.47,158.95,159.30,159.33,159.37,159.05,158.54,157.86,156.35,155.70,155.42,157.39,158.00,158.32,155.90,153.55,152.44,153.60,158.36,159.71,161.91,171.44,172.59,168.24,163.74,165.60,165.44,166.39,169.29,167.91,161.95,157.94,158.60,162.33,167.43,173.43,177.46,175.85,172.02,167.95,168.77,174.01,184.49,195.95,207.28
Producto,0.000495883,07221247,DIÉSEL,98.06,98.06,98.06,98.06,98.06,98.06,98.06,98.06,98.06,98.06,98.06,98.06,98.06,98.06,98.06,98.06,98.06,98.06,98.06,98.06,98.06,98.06,98.06,98.06,98.06,98.06,98.06,98.06,98.06,98.06,98.06,98.06,98.06,98.06,98.06,98.06,98.06,98.06,98.06,98.06,98.06,98.06,98.06,98.06,98.06,98.06,98.06,98.06,98.06,98.06,98.06,98.06,98.06,98.06,98.06,98.06,98.06,145.83,98.06,98.06,98.06,98.06,98.06,98.06,96.79,94.29,96.16,100.56,104.78,111.40,116.90,120.98,125.71,127.75,131.05,135.77,138.60,141.42,146.29,150.22,153.68,162.32,179.15,179.15,179.15,179.15,179.15,179.15,179.15,179.15,165.00,165.00,165.00,165.00,165.00,165.00,165.00,165.00,165.00,165.00,165.00,165.00,165.00,165.00,165.00,165.00,165.00,165.00,165.00,165.00,165.00,169.72,169.72,169.72,169.72,169.72,169.72,169.72,169.72,169.72,169.72,169.72,169.72,169.72,169.72,169.72,169.72,169.72,218.46,264.01,264.01,262.39,257.93,254.98,261.51,273.77,286.56,300.29
Producto,0.000680429,07221248,GASOLINA ECOLÓGICA,98.06,98.06,98.06,98.06,98.06,98.06,98.06,98.06,98.06,98.06,98.06,98.06,98.06,98.06,98.06,98.06,98.06,98.06,98.06,98.06,98.06,98.06,98.06,98.06,98.06,98.06,98.06,98.06,98.06,98.06,98.06,98.06,98.06,98.06,98.06,98.06,98.06,98.06,98.06,98.06,98.06,98.06,98.06,98.06,98.06,98.06,98.06,102.80,122.57,122.57,122.57,122.57,122.57,122.57,122.57,122.57,122.57,139.32,122.57,122.57,122.57,122.57,122.57,122.57,120.33,115.95,115.95,115.95,116.17,116.06,116.39,116.61,116.61,116.61,118.91,125.65,130.39,135.46,142.75,149.38,155.01,164.95,168.95,168.95,168.95,168.95,168.95,168.95,168.95,168.95,159.02,159.02,159.02,159.02,159.02,159.02,159.02,159.02,159.02,159.02,159.02,159.02,159.02,159.02,159.02,159.02,159.02,159.02,159.02,159.02,159.02,163.65,163.65,166.30,181.77,183.38,177.02,170.86,174.52,176.45,177.96,182.23,180.13,170.77,164.88,165.92,171.49,179.17,187.51,192.39,190.20,184.11,179.01,180.70,188.17,196.81,205.82,215.49
Producto,0.009937574,07221249,GASOLINA BAJO OCTANAJE,98.06,98.06,98.06,98.06,98.06,98.06,98.06,98.06,98.06,98.06,98.06,98.06,98.06,98.06,98.06,98.06,98.06,98.06,98.06,98.06,98.06,98.06,98.06,98.06,98.06,98.06,98.06,98.06,98.06,98.06,98.06,98.06,98.06,98.06,98.06,98.06,98.06,98.06,98.06,98.06,98.06,98.06,98.06,98.06,98.06,98.06,98.06,102.80,122.57,122.57,122.57,122.57,122.57,122.57,122.57,122.57,122.57,139.14,122.57,122.57,122.57,122.57,122.57,122.57,120.33,115.95,115.95,115.95,116.17,116.06,116.39,116.61,116.61,116.61,118.91,125.65,130.39,135.46,142.75,149.38,155.01,164.95,168.95,168.95,168.95,168.95,168.95,168.95,168.95,168.95,159.02,159.02,159.02,159.02,159.02,159.02,159.02,159.02,159.02,159.02,159.02,159.02,159.02,159.02,159.02,159.02,159.02,159.02,159.02,159.02,159.02,163.65,163.65,166.30,181.77,183.38,177.02,170.86,174.52,176.45,177.96,182.23,180.13,170.77,164.88,165.92,171.49,179.17,187.51,192.39,190.20,184.11,179.01,180.70,188.17,196.81,205.82,215.49
Producto,0.008524539,07221250,GASOLINA ALTO OCTANAJE,98.06,98.06,98.06,98.06,98.06,98.06,98.06,98.06,98.06,98.06,98.06,98.06,98.06,98.06,98.06,98.06,98.06,98.06,98.06,98.06,98.06,98.06,98.65,101.66,101.66,101.66,101.66,101.66,101.66,101.66,101.66,101.66,101.66,101.66,101.66,101.66,101.66,101.66,101.66,101.66,101.66,101.66,101.66,106.88,134.05,134.05,134.05,134.05,137.62,135.82,134.93,134.05,134.05,142.24,143.94,143.94,143.94,143.94,143.94,143.94,143.94,143.94,143.94,143.94,143.94,134.49,132.23,130.00,130.00,130.00,130.00,125.65,125.65,127.47,133.53,145.28,146.10,146.10,148.74,151.60,153.58,153.58,155.98,152.10,154.05,157.68,169.75,194.33,201.71,203.76,223.39,225.46,225.04,201.63,191.11,191.87,190.39,190.39,190.39,188.06,184.94,178.28,175.34,174.04,184.09,189.56,189.87,178.80,167.90,162.74,168.03,176.39,182.58,184.90,182.95,183.49,182.17,179.57,177.40,171.80,171.19,173.68,171.90,171.90,170.63,170.56,171.36,172.88,172.18,172.74,171.68,171.94,168.78,166.93,168.52,190.33,212.95,235.08
Producto,0.00290101,07221251,ACEITE LUBRICANTE,97.05,97.05,97.05,97.05,95.94,96.86,98.00,96.39,93.05,93.05,92.04,92.04,92.32,92.32,90.88,89.48,87.98,88.23,87.37,88.23,89.73,91.13,89.94,87.00,91.22,91.22,87.85,87.18,87.18,83.83,83.83,85.02,81.67,82.30,82.30,82.09,83.13,83.13,83.13,83.87,84.88,84.88,84.88,84.88,82.38,82.85,81.71,81.71,81.27,83.19,82.53,82.53,81.91,81.91,81.91,81.91,81.52,81.90,81.90,81.90,81.90,81.90,81.90,81.62,81.77,81.77,81.77,79.82,79.08,79.13,79.13,79.13,81.74,82.54,82.54,82.54,82.54,80.57,83.44,83.44,88.99,91.32,92.22,91.71,91.07,88.87,91.16,91.86,96.95,96.94,96.06,99.09,100.73,103.93,102.24,103.69,106.47,106.80,104.27,104.27,104.27,103.81,103.81,103.81,102.06,97.41,99.39,99.39,99.69,99.85,99.85,98.98,98.98,98.98,99.85,99.85,99.75,99.75,99.75,98.45,99.45,96.54,99.31,99.30,99.48,99.59,99.62,98.65,98.48,98.48,98.65,98.71,98.38,99.91,100.07,100.01,104.33,104.99
Clase,0.008263892,0723,Conservación y reparación de equipo de transporte personal (S),98.33,99.43,99.43,99.43,100.03,99.04,99.25,98.59,97.95,97.95,97.91,98.49,97.95,97.95,100.33,100.02,100.02,102.45,101.48,102.62,102.61,101.30,100.56,99.33,100.56,100.56,98.80,99.05,99.19,96.26,96.26,98.00,96.55,97.91,97.91,98.17,98.22,98.34,98.34,98.34,97.35,95.99,95.99,95.99,95.99,95.99,96.70,96.70,97.87,99.19,99.19,99.19,98.51,98.51,98.51,98.51,98.14,98.14,98.14,98.51,97.85,97.85,97.85,98.58,98.33,98.33,98.33,94.97,94.97,94.97,94.97,94.97,96.69,96.48,96.48,96.48,96.48,96.48,95.40,95.40,94.76,93.77,96.23,97.70,97.22,99.76,100.09,101.79,101.95,98.32,98.16,99.24,99.44,101.63,101.63,103.54,103.54,101.21,100.51,101.49,101.75,100.11,100.11,98.93,98.64,98.64,98.58,98.30,99.30,102.07,102.71,104.49,104.49,104.49,102.57,102.53,103.77,103.77,104.00,104.16,104.54,104.15,103.68,103.68,104.50,106.49,107.65,105.22,105.22,106.28,106.47,106.25,107.25,108.27,108.55,108.39,108.17,109.07
Subclase,0.008263892,07231,Conservación y reparación de equipo de transporte personal,98.33,99.43,99.43,99.43,100.03,99.04,99.25,98.59,97.95,97.95,97.91,98.49,97.95,97.95,100.33,100.02,100.02,102.45,101.48,102.62,102.61,101.30,100.56,99.33,100.56,100.56,98.80,99.05,99.19,96.26,96.26,98.00,96.55,97.91,97.91,98.17,98.22,98.34,98.34,98.34,97.35,95.99,95.99,95.99,95.99,95.99,96.70,96.70,97.87,99.19,99.19,99.19,98.51,98.51,98.51,98.51,98.14,98.14,98.14,98.51,97.85,97.85,97.85,98.58,98.33,98.33,98.33,94.97,94.97,94.97,94.97,94.97,96.69,96.48,96.48,96.48,96.48,96.48,95.40,95.40,94.76,93.77,96.23,97.70,97.22,99.76,100.09,101.79,101.95,98.32,98.16,99.24,99.44,101.63,101.63,103.54,103.54,101.21,100.51,101.49,101.75,100.11,100.11,98.93,98.64,98.64,98.58,98.30,99.30,102.07,102.71,104.49,104.49,104.49,102.57,102.53,103.77,103.77,104.00,104.16,104.54,104.15,103.68,103.68,104.50,106.49,107.65,105.22,105.22,106.28,106.47,106.25,107.25,108.27,108.55,108.39,108.17,109.07
Producto,0.001172386,07231252,AFINAMIENTO (ABC),101.59,109.49,109.49,109.49,109.49,109.49,108.97,108.97,111.79,111.79,111.47,108.97,108.97,108.97,115.43,115.43,115.43,112.79,116.41,113.19,113.19,113.19,113.19,117.59,117.59,117.59,113.19,113.19,114.24,114.24,114.24,114.24,115.19,115.19,115.19,115.19,119.56,119.56,119.56,119.56,119.56,119.56,119.56,119.56,119.56,119.56,119.56,119.56,119.56,121.41,121.41,121.41,117.20,117.20,117.20,117.20,117.20,117.20,117.20,117.20,112.92,112.92,112.92,112.92,112.92,112.92,112.92,112.92,112.92,112.92,112.92,112.92,112.92,112.92,112.92,112.92,112.92,112.92,108.79,108.79,108.79,108.79,117.20,117.20,120.81,126.75,131.37,136.35,137.47,137.47,137.47,137.47,137.47,139.06,139.06,142.67,142.67,139.06,139.06,141.52,141.52,141.52,141.52,141.52,141.52,141.52,141.52,141.52,144.32,144.32,144.32,145.63,145.63,145.63,145.59,145.59,145.59,145.59,145.59,145.59,145.59,156.64,156.64,156.64,159.38,171.83,177.51,169.20,169.20,169.19,169.19,169.19,169.19,170.66,170.66,167.76,167.76,167.76
Producto,0.000596172,07231253,"LAVADO, ENGRASADO Y PULVERIZADO",98.06,98.06,98.06,98.06,98.06,89.77,89.77,89.77,91.91,91.91,91.91,91.91,91.91,91.91,91.91,91.91,91.91,91.91,91.91,91.91,91.91,91.91,91.91,90.12,90.12,90.12,90.12,90.12,90.12,90.12,90.12,91.91,91.91,90.12,90.12,90.12,90.12,91.91,91.91,91.91,91.91,91.91,91.91,91.91,91.91,91.91,93.73,93.73,93.73,93.73,93.73,93.73,93.73,93.73,93.73,93.73,93.73,93.73,93.73,93.73,93.73,93.73,93.73,93.73,93.73,93.73,93.73,93.73,93.73,93.73,93.73,93.73,90.10,93.51,93.51,93.51,93.51,93.51,93.51,93.51,93.51,93.53,97.08,97.08,97.08,97.08,98.63,97.08,104.55,100.07,101.42,101.42,101.42,100.07,100.07,100.07,100.07,100.07,105.71,105.71,101.85,101.85,101.85,101.85,101.85,101.85,101.85,101.85,101.85,101.85,101.85,101.85,101.85,101.85,101.85,101.85,101.85,101.85,101.85,103.87,103.87,103.87,103.87,103.87,103.87,103.87,103.87,103.87,103.87,103.87,103.87,103.87,103.87,105.92,109.53,109.53,111.13,111.13
Producto,0.006266801,07231254,"CAMBIO, ALINEACIÓN Y BALANCEO DE NEUMÁTICOS",97.70,97.70,97.70,97.70,98.37,97.94,98.36,97.51,95.95,95.95,95.95,97.16,96.51,96.51,98.49,98.08,98.08,101.72,99.88,101.94,101.92,100.23,99.26,97.00,98.60,98.60,97.11,97.43,97.43,93.62,93.62,95.69,93.64,95.59,95.59,95.93,95.12,95.09,95.09,95.09,93.81,92.03,92.03,92.03,92.03,92.03,92.77,92.77,94.28,95.67,95.67,95.67,95.55,95.55,95.55,95.55,95.07,95.07,95.07,95.55,95.55,95.55,95.55,96.50,96.18,96.18,96.18,91.81,91.81,91.81,91.81,91.81,94.42,93.79,93.79,93.79,93.79,93.79,93.06,93.06,92.22,90.98,92.24,94.15,92.80,94.98,94.30,95.77,95.01,90.68,90.33,91.73,92.00,94.69,94.69,96.54,96.54,94.14,92.66,93.47,94.22,92.08,92.08,90.56,90.18,90.18,90.18,89.82,90.61,94.21,95.04,97.10,97.10,97.10,94.62,94.57,96.18,96.18,96.47,96.47,96.97,94.47,93.86,93.86,94.42,94.76,95.24,93.59,93.59,94.96,95.27,94.98,96.27,97.11,97.11,97.49,97.03,98.20
Producto,0.000228533,07231255,INSPECCIÓN TÉCNICA,103.53,103.53,103.53,103.53,111.25,111.25,107.27,107.27,107.27,107.27,107.27,107.27,103.43,103.43,98.91,98.91,98.91,98.91,93.38,93.38,93.38,93.38,93.38,97.97,97.97,97.97,97.97,97.97,97.97,97.97,97.97,97.97,97.97,97.97,97.97,97.97,104.82,104.82,104.82,104.82,104.82,104.82,104.82,104.82,104.82,104.82,104.82,104.82,104.82,104.82,104.82,104.82,104.82,104.82,104.82,104.82,104.82,104.82,104.82,104.82,97.97,97.97,97.97,97.97,97.97,97.97,97.97,97.97,97.97,97.97,97.97,97.97,97.97,97.97,97.97,97.97,97.97,97.97,104.82,104.82,104.82,100.99,104.82,104.82,109.97,113.36,121.29,121.29,121.29,127.24,127.24,127.24,127.24,127.24,127.24,125.03,125.03,127.24,127.24,127.24,127.24,127.24,127.24,127.24,127.24,127.24,121.29,121.29,121.29,121.29,121.29,121.29,121.29,121.29,121.29,121.29,121.29,121.29,121.29,121.29,121.29,121.29,121.29,121.29,121.29,121.29,121.29,121.29,121.29,121.29,117.66,117.66,117.66,117.66,117.66,113.36,113.36,113.36
Clase,0.001450915,0724,Servicios de estacionamiento y peaje (S),97.18,97.18,97.84,97.33,97.33,99.32,99.32,99.32,99.83,99.83,99.83,99.83,99.83,100.54,100.54,100.54,100.54,100.54,100.54,99.05,99.05,99.05,99.05,99.70,99.70,99.70,99.70,99.70,99.70,99.70,99.70,100.33,100.33,100.33,100.33,100.33,100.33,100.33,100.33,100.33,100.33,100.33,100.33,100.33,100.33,100.33,100.33,100.33,100.33,100.33,100.33,100.33,100.33,100.33,100.33,100.33,99.75,99.75,99.75,99.75,99.75,99.75,99.75,99.75,99.75,99.75,97.38,97.38,97.38,97.38,97.38,97.38,97.38,97.38,97.38,97.38,97.38,97.38,97.38,97.38,97.38,94.32,93.61,94.32,95.85,96.98,96.45,96.45,96.45,97.75,98.28,97.66,97.66,98.28,97.66,97.66,97.66,96.98,96.98,96.98,96.98,96.98,96.98,96.98,96.98,96.98,96.98,96.98,96.33,97.87,97.87,100.24,100.24,100.24,100.36,100.36,101.02,101.77,101.77,101.77,101.77,101.77,101.09,101.09,101.09,101.09,101.09,99.56,100.20,100.20,101.77,101.77,101.77,101.77,101.77,101.09,102.73,102.73
Subclase,0.001450915,07241,Servicios de estacionamiento y peaje,97.18,97.18,97.84,97.33,97.33,99.32,99.32,99.32,99.83,99.83,99.83,99.83,99.83,100.54,100.54,100.54,100.54,100.54,100.54,99.05,99.05,99.05,99.05,99.70,99.70,99.70,99.70,99.70,99.70,99.70,99.70,100.33,100.33,100.33,100.33,100.33,100.33,100.33,100.33,100.33,100.33,100.33,100.33,100.33,100.33,100.33,100.33,100.33,100.33,100.33,100.33,100.33,100.33,100.33,100.33,100.33,99.75,99.75,99.75,99.75,99.75,99.75,99.75,99.75,99.75,99.75,97.38,97.38,97.38,97.38,97.38,97.38,97.38,97.38,97.38,97.38,97.38,97.38,97.38,97.38,97.38,94.32,93.61,94.32,95.85,96.98,96.45,96.45,96.45,97.75,98.28,97.66,97.66,98.28,97.66,97.66,97.66,96.98,96.98,96.98,96.98,96.98,96.98,96.98,96.98,96.98,96.98,96.98,96.33,97.87,97.87,100.24,100.24,100.24,100.36,100.36,101.02,101.77,101.77,101.77,101.77,101.77,101.09,101.09,101.09,101.09,101.09,99.56,100.20,100.20,101.77,101.77,101.77,101.77,101.77,101.09,102.73,102.73
Producto,0.000601777,07241256,ESTACIONAMIENTO,87.25,87.25,90.49,90.49,90.49,100.23,100.23,100.23,100.23,100.23,100.23,100.23,100.23,100.23,100.23,100.23,100.23,100.23,100.23,100.23,100.23,100.23,100.23,100.23,100.23,100.23,100.23,100.23,100.23,100.23,100.23,103.32,103.32,103.32,103.32,103.32,103.32,103.32,103.32,103.32,103.32,103.32,103.32,103.32,103.32,103.32,103.32,103.32,103.32,103.32,103.32,103.32,103.32,103.32,103.32,103.32,103.32,103.32,103.32,103.32,103.32,103.32,103.32,103.32,103.32,103.32,103.32,103.32,103.32,103.32,103.32,103.32,103.32,103.32,103.32,103.32,103.32,103.32,103.32,103.32,103.32,106.51,106.51,106.51,110.54,110.54,107.94,107.94,107.94,107.94,110.54,110.54,110.54,110.54,110.54,110.54,110.54,110.54,110.54,110.54,110.54,110.54,110.54,110.54,110.54,110.54,110.54,110.54,110.54,110.54,110.54,110.54,110.54,110.54,114.73,114.73,114.73,114.73,114.73,114.73,114.73,114.73,114.73,114.73,114.73,114.73,114.73,114.73,114.73,114.73,114.73,114.73,114.73,114.73,114.73,114.73,122.75,122.75
Producto,0.000499734,07241257,PEAJE,98.06,98.06,98.06,98.06,98.06,98.06,98.06,98.06,98.06,98.06,98.06,98.06,98.06,98.06,98.06,98.06,98.06,98.06,98.06,98.06,98.06,98.06,98.06,98.06,98.06,98.06,98.06,98.06,98.06,98.06,98.06,98.06,98.06,98.06,98.06,98.06,98.06,98.06,98.06,98.06,98.06,98.06,98.06,98.06,98.06,98.06,98.06,98.06,98.06,98.06,98.06,98.06,98.06,98.06,98.06,98.06,98.06,98.06,98.06,98.06,98.06,98.06,98.06,98.06,98.06,98.06,92.58,92.58,92.58,92.58,92.58,92.58,92.58,92.58,92.58,92.58,92.58,92.58,92.58,92.58,92.58,92.58,92.58,92.58,92.58,92.58,92.58,92.58,92.58,92.58,92.58,92.58,92.58,92.58,92.58,92.58,92.58,92.58,92.58,92.58,92.58,92.58,92.58,92.58,92.58,92.58,92.58,92.58,92.58,92.58,92.58,98.06,98.06,98.06,98.06,98.06,98.06,98.06,98.06,98.06,98.06,98.06,98.06,98.06,98.06,98.06,98.06,98.06,98.06,98.06,98.06,98.06,98.06,98.06,98.06,98.06,98.06,98.06
Producto,0.000349403,07241258,SERVICIO DE WINCHA,101.70,101.70,101.70,100.31,100.31,100.31,100.31,100.31,101.70,101.70,101.70,101.70,101.70,103.66,103.66,103.66,103.66,103.66,103.66,99.58,99.58,99.58,99.58,101.34,101.34,101.34,101.34,101.34,101.34,101.34,101.34,101.34,101.34,101.34,101.34,101.34,101.34,101.34,101.34,101.34,101.34,101.34,101.34,101.34,101.34,101.34,101.34,101.34,101.34,101.34,101.34,101.34,101.34,101.34,101.34,101.34,99.75,99.75,99.75,99.75,99.75,99.75,99.75,99.75,99.75,99.75,99.75,99.75,99.75,99.75,99.75,99.75,99.75,99.75,99.75,99.75,99.75,99.75,99.75,99.75,99.75,89.55,87.58,89.55,91.48,94.59,94.59,94.59,94.59,98.18,98.18,96.47,96.47,98.18,96.47,96.47,96.47,94.59,94.59,94.59,94.59,94.59,94.59,94.59,94.59,94.59,94.59,94.59,92.81,97.04,97.04,97.04,97.04,97.04,95.02,95.02,96.85,98.91,98.91,98.91,98.91,98.91,97.04,97.04,97.04,97.04,97.04,92.81,94.59,94.59,98.91,98.91,98.91,98.91,98.91,97.04,97.04,97.04
Grupo,0.051465679,073,Servicios de transporte,93.85,93.84,93.65,102.33,103.10,103.15,102.74,108.74,108.29,108.34,108.87,109.21,109.33,108.87,109.49,109.49,109.49,108.26,108.26,108.26,108.81,108.81,108.81,108.81,108.81,108.81,108.81,108.95,108.95,108.79,108.79,109.06,109.16,109.16,109.65,109.63,109.35,109.32,109.37,109.41,109.19,109.19,111.23,111.62,108.97,109.63,109.45,109.40,110.70,109.42,108.35,109.79,109.68,109.52,109.61,109.29,109.33,123.56,109.50,109.87,109.81,109.80,108.95,111.56,111.56,119.36,111.77,112.03,112.85,116.60,117.14,115.16,115.78,114.08,114.13,116.01,119.29,119.01,118.86,119.22,118.13,119.01,119.78,119.72,117.77,118.06,118.95,118.41,120.50,120.59,120.66,119.69,119.12,119.44,119.04,119.22,118.19,119.26,119.58,119.71,118.30,117.33,118.40,117.89,116.96,117.71,117.52,119.49,117.29,117.14,118.44,118.27,118.70,118.12,121.40,120.35,119.47,119.40,118.47,123.75,117.48,117.96,119.83,120.08,118.90,119.19,120.25,121.56,122.25,121.13,122.07,125.04,121.05,120.48,120.60,123.12,121.74,122.71
Clase,0.046919028,0732,Transporte de pasajeros por carretera (S),94.17,94.17,94.17,104.05,104.63,104.63,104.63,111.07,111.29,111.29,111.29,111.29,111.29,111.29,111.29,111.29,111.29,111.29,111.29,111.29,111.92,111.92,111.92,111.92,111.92,111.92,111.92,111.92,111.92,111.92,111.92,111.92,111.92,111.92,111.92,111.92,111.92,111.92,111.92,111.92,111.92,111.92,111.92,111.92,111.92,111.92,111.92,111.92,111.92,111.92,111.92,111.92,111.92,111.92,111.92,111.92,112.18,128.45,112.18,112.18,112.18,112.18,112.18,112.18,112.18,106.02,106.02,106.02,106.96,112.18,112.18,112.18,112.18,112.18,112.18,112.18,115.88,115.92,115.92,115.92,116.01,116.37,116.48,116.48,116.48,116.48,116.48,116.48,116.48,116.48,116.48,116.48,116.65,116.65,116.65,116.65,116.65,116.65,116.65,116.65,116.65,116.65,116.65,116.65,116.99,116.99,116.99,116.99,116.99,116.99,116.99,116.99,116.99,116.99,116.99,116.99,117.35,117.35,117.35,117.35,117.35,117.35,117.35,117.35,117.35,117.35,117.35,117.35,117.43,117.43,117.43,117.43,117.43,117.43,117.43,117.43,117.43,117.43
Subclase,0.046919028,07321,Transporte de pasajeros por carretera,94.17,94.17,94.17,104.05,104.63,104.63,104.63,111.07,111.29,111.29,111.29,111.29,111.29,111.29,111.29,111.29,111.29,111.29,111.29,111.29,111.92,111.92,111.92,111.92,111.92,111.92,111.92,111.92,111.92,111.92,111.92,111.92,111.92,111.92,111.92,111.92,111.92,111.92,111.92,111.92,111.92,111.92,111.92,111.92,111.92,111.92,111.92,111.92,111.92,111.92,111.92,111.92,111.92,111.92,111.92,111.92,112.18,128.45,112.18,112.18,112.18,112.18,112.18,112.18,112.18,106.02,106.02,106.02,106.96,112.18,112.18,112.18,112.18,112.18,112.18,112.18,115.88,115.92,115.92,115.92,116.01,116.37,116.48,116.48,116.48,116.48,116.48,116.48,116.48,116.48,116.48,116.48,116.65,116.65,116.65,116.65,116.65,116.65,116.65,116.65,116.65,116.65,116.65,116.65,116.99,116.99,116.99,116.99,116.99,116.99,116.99,116.99,116.99,116.99,116.99,116.99,117.35,117.35,117.35,117.35,117.35,117.35,117.35,117.35,117.35,117.35,117.35,117.35,117.43,117.43,117.43,117.43,117.43,117.43,117.43,117.43,117.43,117.43
Producto,0.022020175,07321259,TRANSPORTE URBANO,98.06,98.06,98.06,117.67,117.67,117.67,117.67,117.67,117.67,117.67,117.67,117.67,117.67,117.67,117.67,117.67,117.67,117.67,117.67,117.67,117.67,117.67,117.67,117.67,117.67,117.67,117.67,117.67,117.67,117.67,117.67,117.67,117.67,117.67,117.67,117.67,117.67,117.67,117.67,117.67,117.67,117.67,117.67,117.67,117.67,117.67,117.67,117.67,117.67,117.67,117.67,117.67,117.67,117.67,117.67,117.67,117.67,156.90,117.67,117.67,117.67,117.67,117.67,117.67,117.67,117.67,117.67,117.67,117.67,117.67,117.67,117.67,117.67,117.67,117.67,117.67,117.67,117.67,117.67,117.67,117.67,117.67,117.67,117.67,117.67,117.67,117.67,117.67,117.67,117.67,117.67,117.67,117.67,117.67,117.67,117.67,117.67,117.67,117.67,117.67,117.67,117.67,117.67,117.67,117.67,117.67,117.67,117.67,117.67,117.67,117.67,117.67,117.67,117.67,117.67,117.67,117.67,117.67,117.67,117.67,117.67,117.67,117.67,117.67,117.67,117.67,117.67,117.67,117.67,117.67,117.67,117.67,117.67,117.67,117.67,117.67,117.67,117.67
Producto,0.012209546,07321260,TAXI URBANO,81.72,81.72,81.72,81.72,81.72,81.72,81.72,102.15,102.15,102.15,102.15,102.15,102.15,102.15,102.15,102.15,102.15,102.15,102.15,102.15,102.15,102.15,102.15,102.15,102.15,102.15,102.15,102.15,102.15,102.15,102.15,102.15,102.15,102.15,102.15,102.15,102.15,102.15,102.15,102.15,102.15,102.15,102.15,102.15,102.15,102.15,102.15,102.15,102.15,102.15,102.15,102.15,102.15,102.15,102.15,102.15,102.15,102.15,102.15,102.15,102.15,102.15,102.15,102.15,102.15,81.72,81.72,81.72,84.81,102.15,102.15,102.15,102.15,102.15,102.15,102.15,102.15,102.15,102.15,102.15,102.15,102.15,102.15,102.15,102.15,102.15,102.15,102.15,102.15,102.15,102.15,102.15,102.15,102.15,102.15,102.15,102.15,102.15,102.15,102.15,102.15,102.15,102.15,102.15,102.15,102.15,102.15,102.15,102.15,102.15,102.15,102.15,102.15,102.15,102.15,102.15,102.15,102.15,102.15,102.15,102.15,102.15,102.15,102.15,102.15,102.15,102.15,102.15,102.15,102.15,102.15,102.15,102.15,102.15,102.15,102.15,102.15,102.15
Producto,0.007498239,07321261,TRANSPORTE INTERURBANO,102.74,102.74,102.74,110.67,113.32,113.32,113.32,114.59,114.55,114.55,114.55,114.55,114.55,114.55,114.55,114.55,114.55,114.55,114.55,114.55,115.55,115.55,115.55,115.55,115.55,115.55,115.55,115.55,115.55,115.55,115.55,115.55,115.55,115.55,115.55,115.55,115.55,115.55,115.55,115.55,115.55,115.55,115.55,115.55,115.55,115.55,115.55,115.55,115.55,115.55,115.55,115.55,115.55,115.55,115.55,115.55,115.55,115.55,115.55,115.55,115.55,115.55,115.55,115.55,115.55,115.55,115.55,115.55,115.55,115.55,115.55,115.55,115.55,115.55,115.55,115.55,132.34,132.54,132.54,132.54,132.54,132.54,132.54,132.54,132.54,132.54,132.54,132.54,132.54,132.54,132.54,132.54,132.54,132.54,132.54,132.54,132.54,132.54,132.54,132.54,132.54,132.54,132.54,132.54,132.54,132.54,132.54,132.54,132.54,132.54,132.54,132.54,132.54,132.54,132.54,132.54,132.54,132.54,132.54,132.54,132.54,132.54,132.54,132.54,132.54,132.54,132.54,132.54,132.54,132.54,132.54,132.54,132.54,132.54,132.54,132.54,132.54,132.54
Producto,0.005191068,07321262,TRANSPORTE ESCOLAR,98.06,98.06,98.06,98.06,98.06,98.06,98.06,98.06,101.70,101.70,101.70,101.70,101.70,101.70,101.70,101.70,101.70,101.70,101.70,101.70,108.17,108.17,108.17,108.17,108.17,108.17,108.17,108.17,108.17,108.17,108.17,108.17,108.17,108.17,108.17,108.17,108.17,108.17,108.17,108.17,108.17,108.17,108.17,108.17,108.17,108.17,108.17,108.17,108.17,108.17,108.17,108.17,108.17,108.17,108.17,108.17,112.18,112.18,112.18,112.18,112.18,112.18,112.18,112.18,112.18,112.18,112.18,112.18,112.18,112.18,112.18,112.18,112.18,112.18,112.18,112.18,112.18,112.18,112.18,112.18,113.55,119.20,120.98,120.98,120.98,120.98,120.98,120.98,120.98,120.98,120.98,120.98,123.60,123.60,123.60,123.60,123.60,123.60,123.60,123.60,123.60,123.60,123.60,123.60,129.01,129.01,129.01,129.01,129.01,129.01,129.01,129.01,129.01,129.01,129.01,129.01,134.66,134.66,134.66,134.66,134.66,134.66,134.66,134.66,134.66,134.66,134.66,134.66,135.95,135.95,135.95,135.95,135.95,135.95,135.95,135.95,135.95,135.95
Clase,0.004546651,0733,Transporte de pasajeros por aire (S),91.52,91.47,89.90,89.93,91.99,92.42,89.07,91.95,86.63,87.03,91.40,94.20,95.19,91.34,96.46,96.46,96.46,86.34,86.34,86.34,86.34,86.34,86.34,86.34,86.34,86.34,86.34,87.50,87.48,86.19,86.19,88.33,89.18,89.18,93.24,93.10,90.80,90.50,90.89,91.27,89.41,89.47,106.25,109.48,87.65,93.08,91.55,91.19,101.83,91.31,82.55,94.38,93.49,92.16,92.93,90.24,88.76,88.24,90.18,93.16,92.70,92.64,85.62,107.11,107.11,215.85,153.35,155.47,155.47,148.56,153.06,136.76,141.84,127.81,128.29,143.71,144.01,141.39,140.13,143.12,133.47,138.13,143.64,143.16,127.13,129.52,136.85,132.38,149.60,150.35,150.89,142.90,137.05,139.65,136.32,137.82,129.35,138.14,140.83,141.83,130.26,122.26,131.05,126.86,116.70,122.94,121.36,137.54,119.44,118.20,128.96,127.52,131.08,126.32,153.29,144.64,134.77,134.20,126.59,170.04,118.43,122.39,137.73,139.80,130.10,132.47,141.22,152.01,157.07,147.83,155.61,180.08,147.20,142.49,143.50,164.22,152.86,160.91
Subclase,0.004546651,07331,Transporte de pasajeros por aire,91.52,91.47,89.90,89.93,91.99,92.42,89.07,91.95,86.63,87.03,91.40,94.20,95.19,91.34,96.46,96.46,96.46,86.34,86.34,86.34,86.34,86.34,86.34,86.34,86.34,86.34,86.34,87.50,87.48,86.19,86.19,88.33,89.18,89.18,93.24,93.10,90.80,90.50,90.89,91.27,89.41,89.47,106.25,109.48,87.65,93.08,91.55,91.19,101.83,91.31,82.55,94.38,93.49,92.16,92.93,90.24,88.76,88.24,90.18,93.16,92.70,92.64,85.62,107.11,107.11,215.85,153.35,155.47,155.47,148.56,153.06,136.76,141.84,127.81,128.29,143.71,144.01,141.39,140.13,143.12,133.47,138.13,143.64,143.16,127.13,129.52,136.85,132.38,149.60,150.35,150.89,142.90,137.05,139.65,136.32,137.82,129.35,138.14,140.83,141.83,130.26,122.26,131.05,126.86,116.70,122.94,121.36,137.54,119.44,118.20,128.96,127.52,131.08,126.32,153.29,144.64,134.77,134.20,126.59,170.04,118.43,122.39,137.73,139.80,130.10,132.47,141.22,152.01,157.07,147.83,155.61,180.08,147.20,142.49,143.50,164.22,152.86,160.91
Producto,0.004546651,07331263,VIAJE EN AVIÓN,91.52,91.47,89.90,89.93,91.99,92.42,89.07,91.95,86.63,87.03,91.40,94.20,95.19,91.34,96.46,96.46,96.46,86.34,86.34,86.34,86.34,86.34,86.34,86.34,86.34,86.34,86.34,87.50,87.48,86.19,86.19,88.33,89.18,89.18,93.24,93.10,90.80,90.50,90.89,91.27,89.41,89.47,106.25,109.48,87.65,93.08,91.55,91.19,101.83,91.31,82.55,94.38,93.49,92.16,92.93,90.24,88.76,88.24,90.18,93.16,92.70,92.64,85.62,107.11,107.11,215.85,153.35,155.47,155.47,148.56,153.06,136.76,141.84,127.81,128.29,143.71,144.01,141.39,140.13,143.12,133.47,138.13,143.64,143.16,127.13,129.52,136.85,132.38,149.60,150.35,150.89,142.90,137.05,139.65,136.32,137.82,129.35,138.14,140.83,141.83,130.26,122.26,131.05,126.86,116.70,122.94,121.36,137.54,119.44,118.20,128.96,127.52,131.08,126.32,153.29,144.64,134.77,134.20,126.59,170.04,118.43,122.39,137.73,139.80,130.10,132.47,141.22,152.01,157.07,147.83,155.61,180.08,147.20,142.49,143.50,164.22,152.86,160.91
División,0.047417885,08,Comunicaciones,95.01,95.01,94.98,94.62,95.00,94.76,94.57,94.41,95.03,94.70,94.43,94.33,93.58,93.49,93.49,93.49,93.49,94.65,94.49,94.26,94.07,91.20,91.20,91.06,91.04,91.01,90.96,90.65,90.65,89.43,89.40,89.26,89.60,89.61,89.44,89.44,89.45,89.45,89.59,89.58,89.58,89.52,89.34,89.27,89.22,89.17,89.16,89.06,89.15,89.15,89.15,88.92,88.83,88.83,88.59,88.62,88.40,88.40,88.32,88.27,88.27,89.34,89.35,89.29,89.27,89.25,89.24,89.24,89.18,89.18,89.18,89.18,89.18,89.18,89.15,89.15,89.19,89.16,89.18,89.13,89.15,88.75,88.82,87.55,87.37,87.47,87.39,87.40,87.37,87.41,86.85,86.82,86.77,86.88,86.85,86.83,86.82,86.22,86.33,86.66,86.66,86.66,86.64,86.56,86.43,86.40,86.33,86.31,86.33,87.09,87.09,88.73,88.73,88.63,88.60,88.59,88.59,88.55,88.51,89.28,85.53,85.48,85.48,85.49,85.49,86.21,85.71,76.13,76.12,76.14,76.05,76.05,88.00,88.06,88.07,88.69,88.81,88.82
Grupo,0.000194447,081,Servicios postales,101.78,101.78,101.78,104.53,104.53,104.53,104.53,104.53,104.53,104.53,104.53,104.53,104.53,95.26,95.26,95.26,95.26,96.60,96.60,96.60,100.41,100.41,100.41,100.41,100.76,97.48,98.27,98.27,98.27,96.93,96.93,96.93,96.93,101.39,101.39,101.39,101.84,101.84,101.84,101.84,101.84,101.84,101.84,101.84,101.84,102.07,103.40,103.40,103.40,103.40,103.40,103.40,103.40,103.40,103.40,103.40,103.18,103.18,103.18,103.18,103.18,104.24,108.02,108.02,108.02,107.85,107.85,107.85,107.85,107.85,107.85,107.85,107.85,107.85,107.85,107.85,107.85,107.85,110.45,110.45,110.45,110.87,111.04,113.54,110.01,115.55,114.42,114.42,115.94,118.24,115.46,114.42,114.42,108.03,110.17,110.17,110.00,117.21,118.82,120.15,120.15,120.15,120.15,120.15,120.15,120.15,120.15,120.15,124.16,124.16,124.16,128.26,128.26,125.77,125.77,127.78,127.78,127.78,124.92,124.92,124.92,124.32,124.32,124.32,124.32,124.32,124.32,121.10,121.97,121.97,121.97,121.97,127.50,127.50,127.50,127.47,133.38,133.38
Clase,0.000194447,0810,Servicios postales (S),101.78,101.78,101.78,104.53,104.53,104.53,104.53,104.53,104.53,104.53,104.53,104.53,104.53,95.26,95.26,95.26,95.26,96.60,96.60,96.60,100.41,100.41,100.41,100.41,100.76,97.48,98.27,98.27,98.27,96.93,96.93,96.93,96.93,101.39,101.39,101.39,101.84,101.84,101.84,101.84,101.84,101.84,101.84,101.84,101.84,102.07,103.40,103.40,103.40,103.40,103.40,103.40,103.40,103.40,103.40,103.40,103.18,103.18,103.18,103.18,103.18,104.24,108.02,108.02,108.02,107.85,107.85,107.85,107.85,107.85,107.85,107.85,107.85,107.85,107.85,107.85,107.85,107.85,110.45,110.45,110.45,110.87,111.04,113.54,110.01,115.55,114.42,114.42,115.94,118.24,115.46,114.42,114.42,108.03,110.17,110.17,110.00,117.21,118.82,120.15,120.15,120.15,120.15,120.15,120.15,120.15,120.15,120.15,124.16,124.16,124.16,128.26,128.26,125.77,125.77,127.78,127.78,127.78,124.92,124.92,124.92,124.32,124.32,124.32,124.32,124.32,124.32,121.10,121.97,121.97,121.97,121.97,127.50,127.50,127.50,127.47,133.38,133.38
Subclase,0.000194447,08101,Servicios postales,101.78,101.78,101.78,104.53,104.53,104.53,104.53,104.53,104.53,104.53,104.53,104.53,104.53,95.26,95.26,95.26,95.26,96.60,96.60,96.60,100.41,100.41,100.41,100.41,100.76,97.48,98.27,98.27,98.27,96.93,96.93,96.93,96.93,101.39,101.39,101.39,101.84,101.84,101.84,101.84,101.84,101.84,101.84,101.84,101.84,102.07,103.40,103.40,103.40,103.40,103.40,103.40,103.40,103.40,103.40,103.40,103.18,103.18,103.18,103.18,103.18,104.24,108.02,108.02,108.02,107.85,107.85,107.85,107.85,107.85,107.85,107.85,107.85,107.85,107.85,107.85,107.85,107.85,110.45,110.45,110.45,110.87,111.04,113.54,110.01,115.55,114.42,114.42,115.94,118.24,115.46,114.42,114.42,108.03,110.17,110.17,110.00,117.21,118.82,120.15,120.15,120.15,120.15,120.15,120.15,120.15,120.15,120.15,124.16,124.16,124.16,128.26,128.26,125.77,125.77,127.78,127.78,127.78,124.92,124.92,124.92,124.32,124.32,124.32,124.32,124.32,124.32,121.10,121.97,121.97,121.97,121.97,127.50,127.50,127.50,127.47,133.38,133.38
Producto,0.000194447,08101264,ENVÍO DE PAQUETE,101.78,101.78,101.78,104.53,104.53,104.53,104.53,104.53,104.53,104.53,104.53,104.53,104.53,95.26,95.26,95.26,95.26,96.60,96.60,96.60,100.41,100.41,100.41,100.41,100.76,97.48,98.27,98.27,98.27,96.93,96.93,96.93,96.93,101.39,101.39,101.39,101.84,101.84,101.84,101.84,101.84,101.84,101.84,101.84,101.84,102.07,103.40,103.40,103.40,103.40,103.40,103.40,103.40,103.40,103.40,103.40,103.18,103.18,103.18,103.18,103.18,104.24,108.02,108.02,108.02,107.85,107.85,107.85,107.85,107.85,107.85,107.85,107.85,107.85,107.85,107.85,107.85,107.85,110.45,110.45,110.45,110.87,111.04,113.54,110.01,115.55,114.42,114.42,115.94,118.24,115.46,114.42,114.42,108.03,110.17,110.17,110.00,117.21,118.82,120.15,120.15,120.15,120.15,120.15,120.15,120.15,120.15,120.15,124.16,124.16,124.16,128.26,128.26,125.77,125.77,127.78,127.78,127.78,124.92,124.92,124.92,124.32,124.32,124.32,124.32,124.32,124.32,121.10,121.97,121.97,121.97,121.97,127.50,127.50,127.50,127.47,133.38,133.38
Grupo,0.003895254,082,Equipo telefónico y de facsímile,94.38,94.38,93.89,93.89,93.89,90.82,88.43,85.84,85.08,84.09,80.75,79.47,77.72,77.72,77.72,77.72,77.72,76.23,74.18,71.29,68.52,67.18,67.18,65.40,65.09,65.09,63.77,59.62,59.62,57.88,57.43,55.68,54.68,54.30,52.10,52.10,51.50,51.50,53.26,53.11,53.11,52.40,50.12,49.18,48.63,47.95,47.62,46.34,47.49,47.49,47.49,46.38,45.31,45.31,42.19,42.66,39.86,39.86,38.87,38.30,38.30,38.50,38.23,37.41,37.14,37.00,36.81,36.81,36.13,36.13,36.13,36.01,36.01,36.01,35.69,35.69,36.22,35.78,35.78,35.12,35.33,34.88,35.93,37.02,35.12,34.97,34.13,34.28,33.70,33.85,32.70,32.41,31.76,31.71,31.09,30.74,30.74,30.92,29.05,28.86,28.86,28.86,28.56,27.63,25.91,25.60,24.65,24.49,24.29,24.29,24.29,25.16,25.16,24.18,23.74,23.43,23.43,22.87,22.72,22.22,22.22,21.64,21.64,21.68,21.68,21.41,21.12,20.12,19.92,20.13,19.06,19.06,18.93,19.68,19.84,20.11,20.92,21.00
Clase,0.003895254,0820,Equipo telefónico y de facsímile (D),94.38,94.38,93.89,93.89,93.89,90.82,88.43,85.84,85.08,84.09,80.75,79.47,77.72,77.72,77.72,77.72,77.72,76.23,74.18,71.29,68.52,67.18,67.18,65.40,65.09,65.09,63.77,59.62,59.62,57.88,57.43,55.68,54.68,54.30,52.10,52.10,51.50,51.50,53.26,53.11,53.11,52.40,50.12,49.18,48.63,47.95,47.62,46.34,47.49,47.49,47.49,46.38,45.31,45.31,42.19,42.66,39.86,39.86,38.87,38.30,38.30,38.50,38.23,37.41,37.14,37.00,36.81,36.81,36.13,36.13,36.13,36.01,36.01,36.01,35.69,35.69,36.22,35.78,35.78,35.12,35.33,34.88,35.93,37.02,35.12,34.97,34.13,34.28,33.70,33.85,32.70,32.41,31.76,31.71,31.09,30.74,30.74,30.92,29.05,28.86,28.86,28.86,28.56,27.63,25.91,25.60,24.65,24.49,24.29,24.29,24.29,25.16,25.16,24.18,23.74,23.43,23.43,22.87,22.72,22.22,22.22,21.64,21.64,21.68,21.68,21.41,21.12,20.12,19.92,20.13,19.06,19.06,18.93,19.68,19.84,20.11,20.92,21.00
Subclase,0.003895254,08201,Equipo telefónico y de facsímile,94.38,94.38,93.89,93.89,93.89,90.82,88.43,85.84,85.08,84.09,80.75,79.47,77.72,77.72,77.72,77.72,77.72,76.23,74.18,71.29,68.52,67.18,67.18,65.40,65.09,65.09,63.77,59.62,59.62,57.88,57.43,55.68,54.68,54.30,52.10,52.10,51.50,51.50,53.26,53.11,53.11,52.40,50.12,49.18,48.63,47.95,47.62,46.34,47.49,47.49,47.49,46.38,45.31,45.31,42.19,42.66,39.86,39.86,38.87,38.30,38.30,38.50,38.23,37.41,37.14,37.00,36.81,36.81,36.13,36.13,36.13,36.01,36.01,36.01,35.69,35.69,36.22,35.78,35.78,35.12,35.33,34.88,35.93,37.02,35.12,34.97,34.13,34.28,33.70,33.85,32.70,32.41,31.76,31.71,31.09,30.74,30.74,30.92,29.05,28.86,28.86,28.86,28.56,27.63,25.91,25.60,24.65,24.49,24.29,24.29,24.29,25.16,25.16,24.18,23.74,23.43,23.43,22.87,22.72,22.22,22.22,21.64,21.64,21.68,21.68,21.41,21.12,20.12,19.92,20.13,19.06,19.06,18.93,19.68,19.84,20.11,20.92,21.00
Producto,0.003895254,08201265,TELÉFONO CELULAR,94.38,94.38,93.89,93.89,93.89,90.82,88.43,85.84,85.08,84.09,80.75,79.47,77.72,77.72,77.72,77.72,77.72,76.23,74.18,71.29,68.52,67.18,67.18,65.40,65.09,65.09,63.77,59.62,59.62,57.88,57.43,55.68,54.68,54.30,52.10,52.10,51.50,51.50,53.26,53.11,53.11,52.40,50.12,49.18,48.63,47.95,47.62,46.34,47.49,47.49,47.49,46.38,45.31,45.31,42.19,42.66,39.86,39.86,38.87,38.30,38.30,38.50,38.23,37.41,37.14,37.00,36.81,36.81,36.13,36.13,36.13,36.01,36.01,36.01,35.69,35.69,36.22,35.78,35.78,35.12,35.33,34.88,35.93,37.02,35.12,34.97,34.13,34.28,33.70,33.85,32.70,32.41,31.76,31.71,31.09,30.74,30.74,30.92,29.05,28.86,28.86,28.86,28.56,27.63,25.91,25.60,24.65,24.49,24.29,24.29,24.29,25.16,25.16,24.18,23.74,23.43,23.43,22.87,22.72,22.22,22.22,21.64,21.64,21.68,21.68,21.41,21.12,20.12,19.92,20.13,19.06,19.06,18.93,19.68,19.84,20.11,20.92,21.00
Grupo,0.043328184,083,Servicios telefónicos y de facsímile,95.00,95.00,95.00,94.58,95.00,95.00,95.00,95.05,95.79,95.52,95.52,95.52,94.84,94.84,94.84,94.84,94.84,96.23,96.23,96.23,96.23,93.20,93.20,93.20,93.20,93.20,93.25,93.27,93.27,92.10,92.10,92.10,92.56,92.56,92.56,92.56,92.63,92.63,92.63,92.63,92.63,92.63,92.63,92.63,92.63,92.63,92.63,92.63,92.63,92.63,92.63,92.47,92.47,92.47,92.47,92.47,92.47,92.47,92.47,92.47,92.47,93.61,93.61,93.61,93.61,93.61,93.61,93.61,93.61,93.61,93.61,93.61,93.61,93.61,93.61,93.61,93.61,93.61,93.61,93.61,93.61,93.21,93.19,91.68,91.68,91.74,91.74,91.74,91.74,91.74,91.27,91.27,91.27,91.46,91.46,91.46,91.46,90.71,90.97,91.34,91.34,91.34,91.34,91.34,91.34,91.34,91.34,91.34,91.33,92.16,92.16,93.85,93.85,93.85,93.85,93.85,93.85,93.85,93.85,94.74,90.63,90.63,90.63,90.63,90.63,91.45,90.93,80.53,80.53,80.53,80.53,80.53,93.60,93.60,93.60,94.25,94.25,94.25
Clase,0.043328184,0830,Servicios telefónicos y de facsímile (S),95.00,95.00,95.00,94.58,95.00,95.00,95.00,95.05,95.79,95.52,95.52,95.52,94.84,94.84,94.84,94.84,94.84,96.23,96.23,96.23,96.23,93.20,93.20,93.20,93.20,93.20,93.25,93.27,93.27,92.10,92.10,92.10,92.56,92.56,92.56,92.56,92.63,92.63,92.63,92.63,92.63,92.63,92.63,92.63,92.63,92.63,92.63,92.63,92.63,92.63,92.63,92.47,92.47,92.47,92.47,92.47,92.47,92.47,92.47,92.47,92.47,93.61,93.61,93.61,93.61,93.61,93.61,93.61,93.61,93.61,93.61,93.61,93.61,93.61,93.61,93.61,93.61,93.61,93.61,93.61,93.61,93.21,93.19,91.68,91.68,91.74,91.74,91.74,91.74,91.74,91.27,91.27,91.27,91.46,91.46,91.46,91.46,90.71,90.97,91.34,91.34,91.34,91.34,91.34,91.34,91.34,91.34,91.34,91.33,92.16,92.16,93.85,93.85,93.85,93.85,93.85,93.85,93.85,93.85,94.74,90.63,90.63,90.63,90.63,90.63,91.45,90.93,80.53,80.53,80.53,80.53,80.53,93.60,93.60,93.60,94.25,94.25,94.25
Subclase,0.028372936,08301,Servicios telefónicos,95.83,95.83,95.83,95.83,95.83,95.83,95.83,95.92,97.17,96.71,96.71,96.71,96.71,96.71,96.71,96.71,96.71,98.42,98.42,98.42,98.42,93.28,93.28,93.28,93.28,93.28,93.28,93.32,93.32,91.89,91.89,91.89,91.89,91.89,91.89,91.89,91.89,91.89,91.89,91.89,91.89,91.89,91.89,91.89,91.89,91.89,91.89,91.89,91.89,91.89,91.89,91.89,91.89,91.89,91.89,91.89,91.89,91.89,91.89,91.89,91.89,93.82,93.82,93.82,93.82,93.82,93.82,93.82,93.82,93.82,93.82,93.82,93.82,93.82,93.82,93.82,93.82,93.82,93.82,93.82,93.82,93.82,93.82,91.26,90.05,90.05,90.05,90.05,90.05,90.05,90.05,90.05,90.05,90.05,90.05,90.05,90.05,87.87,88.32,88.94,88.94,88.94,88.94,88.94,88.94,88.94,88.94,88.94,88.94,90.34,90.34,92.77,92.77,92.77,92.77,92.77,92.77,92.77,92.77,94.28,94.28,94.28,94.28,94.28,94.28,94.28,94.28,75.63,75.63,75.63,75.63,75.63,97.41,97.41,97.41,97.41,97.41,97.41
Producto,0.014233903,08301266,SERVICIO DE TELEFONÍA CELULAR,97.57,97.57,97.57,97.57,97.57,97.57,97.57,97.76,100.58,99.53,99.53,99.53,99.53,99.53,99.53,99.53,99.53,101.31,101.31,101.31,101.31,89.76,89.76,89.76,89.76,89.76,89.76,89.76,89.76,88.71,88.71,88.71,88.71,88.71,88.71,88.71,88.71,88.71,88.71,88.71,88.71,88.71,88.71,88.71,88.71,88.71,88.71,88.71,88.71,88.71,88.71,88.71,88.71,88.71,88.71,88.71,88.71,88.71,88.71,88.71,88.71,93.04,93.04,93.04,93.04,93.04,93.04,93.04,93.04,93.04,93.04,93.04,93.04,93.04,93.04,93.04,93.04,93.04,93.04,93.04,93.04,93.04,93.04,87.29,84.56,84.56,84.56,84.56,84.56,84.56,84.56,84.56,84.56,84.56,84.56,84.56,84.56,79.66,80.66,82.06,82.06,82.06,82.06,82.06,82.06,82.06,82.06,82.06,82.06,85.21,85.21,87.49,87.49,87.49,87.49,87.49,87.49,87.49,87.49,90.89,90.89,90.89,90.89,90.89,90.89,90.89,90.89,84.37,84.37,84.37,84.37,84.37,97.91,97.91,97.91,97.91,97.91,97.91
Producto,0.014139033,08301267,SERVICIO DE TELEFONÍA RESIDENCIAL,94.44,94.44,94.44,94.44,94.44,94.44,94.44,94.44,94.44,94.44,94.44,94.44,94.44,94.44,94.44,94.44,94.44,96.10,96.10,96.10,96.10,96.10,96.10,96.10,96.10,96.10,96.10,96.17,96.17,94.44,94.44,94.44,94.44,94.44,94.44,94.44,94.44,94.44,94.44,94.44,94.44,94.44,94.44,94.44,94.44,94.44,94.44,94.44,94.44,94.44,94.44,94.44,94.44,94.44,94.44,94.44,94.44,94.44,94.44,94.44,94.44,94.44,94.44,94.44,94.44,94.44,94.44,94.44,94.44,94.44,94.44,94.44,94.44,94.44,94.44,94.44,94.44,94.44,94.44,94.44,94.44,94.44,94.44,94.44,94.44,94.44,94.44,94.44,94.44,94.44,94.44,94.44,94.44,94.44,94.44,94.44,94.44,94.44,94.44,94.44,94.44,94.44,94.44,94.44,94.44,94.44,94.44,94.44,94.44,94.44,94.44,97.00,97.00,97.00,97.00,97.00,97.00,97.00,97.00,97.00,97.00,97.00,97.00,97.00,97.00,97.00,97.00,68.63,68.63,68.63,68.63,68.63,97.00,97.00,97.00,97.00,97.00,97.00
Subclase,0.014955248,08302,Servicios de alquiler de teléfono e internet,93.79,93.79,93.79,92.77,93.79,93.79,93.79,93.79,93.79,93.79,93.79,93.79,92.14,92.14,92.14,92.14,92.14,93.07,93.07,93.07,93.07,93.07,93.07,93.07,93.07,93.07,93.20,93.20,93.20,92.41,92.41,92.41,93.53,93.53,93.53,93.53,93.69,93.69,93.69,93.69,93.69,93.69,93.69,93.69,93.69,93.69,93.69,93.69,93.69,93.69,93.69,93.30,93.30,93.30,93.30,93.30,93.30,93.30,93.30,93.30,93.30,93.30,93.30,93.30,93.30,93.30,93.30,93.30,93.30,93.30,93.30,93.30,93.30,93.30,93.30,93.30,93.30,93.30,93.30,93.30,93.30,92.32,92.27,92.27,94.04,94.20,94.20,94.20,94.20,94.20,93.03,93.03,93.03,93.52,93.52,93.52,93.52,94.82,94.82,94.82,94.82,94.82,94.82,94.82,94.82,94.82,94.82,94.82,94.80,94.80,94.80,95.41,95.41,95.41,95.41,95.41,95.41,95.41,95.41,95.41,85.34,85.34,85.34,85.34,85.34,87.33,86.06,87.62,87.62,87.62,87.62,87.62,88.08,88.08,88.08,89.68,89.68,89.68
Producto,0.001101015,08302268,SERVICIO DE ALQUILER DE TELÉFONO,98.06,98.06,98.06,98.06,98.06,98.06,98.06,98.06,98.06,98.06,98.06,98.06,98.06,98.06,98.06,98.06,98.06,98.06,98.06,98.06,98.06,98.06,98.06,98.06,98.06,98.06,98.06,98.06,98.06,98.06,98.06,98.06,98.06,98.06,98.06,98.06,98.06,98.06,98.06,98.06,98.06,98.06,98.06,98.06,98.06,98.06,98.06,98.06,98.06,98.06,98.06,98.06,98.06,98.06,98.06,98.06,98.06,98.06,98.06,98.06,98.06,98.06,98.06,98.06,98.06,98.06,98.06,98.06,98.06,98.06,98.06,98.06,98.06,98.06,98.06,98.06,98.06,98.06,98.06,98.06,98.06,89.69,88.13,88.13,90.84,95.96,95.96,95.96,95.96,95.96,95.96,95.96,95.96,95.96,95.96,95.96,95.96,100.34,100.34,100.34,100.34,100.34,100.34,100.34,100.34,100.34,100.34,100.34,99.59,99.59,99.59,99.59,99.59,99.59,99.59,99.59,99.59,99.59,99.59,99.59,99.59,99.59,99.59,99.59,99.59,99.59,99.59,99.59,99.59,99.59,99.59,99.59,99.59,99.59,99.59,99.59,99.59,99.59
Producto,0.013854233,08302269,SERVICIO DE INTERNET,93.66,93.66,93.66,92.60,93.66,93.66,93.66,93.66,93.66,93.66,93.66,93.66,91.96,91.96,91.96,91.96,91.96,92.91,92.91,92.91,92.91,92.91,92.91,92.91,92.91,92.91,93.05,93.05,93.05,92.23,92.23,92.23,93.38,93.38,93.38,93.38,93.55,93.55,93.55,93.55,93.55,93.55,93.55,93.55,93.55,93.55,93.55,93.55,93.55,93.55,93.55,93.15,93.15,93.15,93.15,93.15,93.15,93.15,93.15,93.15,93.15,93.15,93.15,93.15,93.15,93.15,93.15,93.15,93.15,93.15,93.15,93.15,93.15,93.15,93.15,93.15,93.15,93.15,93.15,93.15,93.15,92.41,92.41,92.41,94.14,94.14,94.14,94.14,94.14,94.14,92.94,92.94,92.94,93.44,93.44,93.44,93.44,94.65,94.65,94.65,94.65,94.65,94.65,94.65,94.65,94.65,94.65,94.65,94.65,94.65,94.65,95.28,95.28,95.28,95.28,95.28,95.28,95.28,95.28,95.28,84.89,84.89,84.89,84.89,84.89,86.95,85.64,87.24,87.24,87.24,87.24,87.24,87.72,87.72,87.72,89.37,89.37,89.37
División,0.053029494,09,Recreación y cultura,100.24,100.50,100.35,101.91,101.20,101.93,102.37,103.33,102.70,102.31,102.78,102.10,101.43,101.86,101.58,101.69,101.39,102.17,101.99,101.87,102.04,102.49,102.34,102.28,101.35,100.74,101.13,101.02,101.08,99.41,99.03,99.79,100.14,100.14,100.16,100.25,99.90,99.84,100.45,100.18,100.14,100.37,99.80,100.12,99.92,99.49,98.97,99.39,99.34,99.18,98.94,98.60,99.40,99.42,99.64,99.57,98.02,98.04,97.79,98.84,98.69,97.76,97.58,97.18,97.37,97.35,97.56,96.57,97.02,97.63,97.07,96.90,96.83,97.38,97.18,97.04,97.33,97.27,97.36,97.84,96.08,96.20,95.49,96.24,96.21,95.77,96.23,96.42,96.73,96.42,96.76,98.05,98.86,98.61,98.51,98.90,98.27,97.22,96.75,97.09,97.04,96.14,96.58,96.82,96.07,95.96,97.46,96.51,94.85,98.64,98.67,100.50,99.87,100.89,101.12,101.15,101.57,101.63,101.57,101.63,101.23,100.74,101.52,100.77,100.66,100.50,102.18,101.87,101.65,102.00,102.21,104.80,103.22,101.31,102.51,101.73,102.06,102.34
Grupo,0.015074607,091,"Equipo audiovisual, fotográfico y de procesamiento de información",97.84,98.59,101.21,103.47,104.09,105.42,106.03,106.78,105.11,104.24,104.88,103.63,101.76,102.60,101.82,101.59,100.07,101.52,100.86,100.38,99.26,99.63,99.38,98.50,96.51,95.85,94.85,94.67,94.43,89.20,89.04,88.67,90.35,89.66,89.96,88.86,88.47,88.58,88.57,87.70,87.24,87.01,87.13,87.12,87.24,86.55,86.24,85.25,85.90,86.28,86.10,84.97,87.19,87.25,87.25,87.07,84.02,83.81,83.48,83.01,83.28,81.25,81.25,79.61,80.25,80.87,81.62,81.10,80.06,79.69,79.28,79.45,79.71,80.02,80.24,80.63,80.77,81.02,81.64,81.79,80.46,79.99,78.56,80.55,80.60,77.98,79.39,80.10,80.50,79.02,78.40,78.46,78.28,78.11,77.13,77.82,76.51,75.35,72.14,72.20,71.77,71.39,71.36,70.76,70.53,70.31,71.16,71.34,68.40,69.65,69.57,70.39,69.93,69.65,69.47,69.82,69.70,69.69,69.46,69.36,68.59,69.57,69.47,68.41,68.50,67.84,68.62,67.82,68.19,67.98,67.31,67.12,68.39,69.55,69.46,70.62,71.66,72.47
Clase,0.006460407,0911,"Equipo para la recepción, grabación y reproducción de sonidos e imágenes (D)",102.60,102.86,106.80,104.95,102.72,104.96,107.51,106.60,106.99,105.46,107.35,105.45,106.58,106.37,106.04,106.31,104.04,109.42,108.20,106.23,104.83,104.93,104.48,104.55,98.14,96.02,96.28,96.31,95.57,93.35,92.85,94.35,93.04,93.23,93.89,91.74,90.79,90.33,90.03,89.72,88.37,88.20,88.76,88.76,89.12,88.81,88.27,86.06,85.97,85.76,85.37,83.59,86.80,87.05,87.05,86.09,84.49,83.86,83.86,83.72,84.73,79.30,79.30,74.54,76.63,78.05,78.99,78.99,78.31,78.28,77.33,77.93,78.91,79.16,79.81,81.01,81.41,81.06,80.08,80.53,80.58,80.37,79.36,81.75,79.56,72.25,76.46,77.29,75.47,73.93,73.59,74.41,73.86,73.55,72.73,75.01,74.32,75.73,69.77,70.00,70.93,70.44,70.83,69.03,69.70,68.58,69.85,71.01,66.28,68.87,68.65,68.06,66.83,66.50,64.87,64.55,64.52,64.09,63.74,63.80,63.69,65.85,65.57,62.52,61.97,60.20,62.60,61.49,61.46,61.26,60.46,60.01,56.94,56.76,55.81,56.43,55.06,53.72
Subclase,0.006460407,09111,"Equipo para la recepción, grabación y reproducción de sonidos e imágenes",102.60,102.86,106.80,104.95,102.72,104.96,107.51,106.60,106.99,105.46,107.35,105.45,106.58,106.37,106.04,106.31,104.04,109.42,108.20,106.23,104.83,104.93,104.48,104.55,98.14,96.02,96.28,96.31,95.57,93.35,92.85,94.35,93.04,93.23,93.89,91.74,90.79,90.33,90.03,89.72,88.37,88.20,88.76,88.76,89.12,88.81,88.27,86.06,85.97,85.76,85.37,83.59,86.80,87.05,87.05,86.09,84.49,83.86,83.86,83.72,84.73,79.30,79.30,74.54,76.63,78.05,78.99,78.99,78.31,78.28,77.33,77.93,78.91,79.16,79.81,81.01,81.41,81.06,80.08,80.53,80.58,80.37,79.36,81.75,79.56,72.25,76.46,77.29,75.47,73.93,73.59,74.41,73.86,73.55,72.73,75.01,74.32,75.73,69.77,70.00,70.93,70.44,70.83,69.03,69.70,68.58,69.85,71.01,66.28,68.87,68.65,68.06,66.83,66.50,64.87,64.55,64.52,64.09,63.74,63.80,63.69,65.85,65.57,62.52,61.97,60.20,62.60,61.49,61.46,61.26,60.46,60.01,56.94,56.76,55.81,56.43,55.06,53.72
Producto,0.001768946,09111270,REPRODUCTOR DE SONIDO,103.50,103.50,107.86,106.31,105.72,105.84,112.08,110.96,112.08,112.64,112.59,112.59,112.59,112.59,112.59,112.59,110.48,110.54,110.54,109.07,109.07,109.07,109.07,109.07,108.29,108.29,112.00,112.68,110.91,113.61,117.14,117.49,115.35,121.13,122.87,123.91,122.00,120.16,119.35,117.99,115.77,115.77,115.77,115.77,115.77,114.95,115.10,113.00,112.96,113.96,113.96,109.32,110.40,110.72,110.72,109.08,110.78,110.78,110.78,111.47,111.47,110.50,110.50,99.86,106.26,107.71,108.04,108.04,107.88,107.88,104.80,106.39,109.05,109.74,111.96,113.79,113.79,113.79,111.11,110.87,112.76,110.52,108.81,109.26,108.85,91.45,100.65,102.54,99.34,100.09,97.87,101.65,101.65,102.28,102.18,104.30,103.11,108.72,95.06,97.08,103.29,102.30,103.72,98.31,99.66,99.91,102.23,104.46,91.64,98.84,98.84,98.05,95.22,96.27,94.62,94.81,94.81,94.68,94.46,95.35,94.75,100.08,100.22,95.23,95.66,92.22,96.99,96.99,97.31,97.31,96.06,95.81,90.36,90.02,87.89,90.53,87.60,83.06
Producto,0.000986934,09111271,REPRODUCTOR DE VIDEO,114.11,114.11,115.01,115.01,115.01,115.38,112.95,112.95,112.74,112.74,112.74,113.66,113.66,116.02,118.70,118.70,119.10,120.94,120.94,120.94,120.94,121.75,121.75,121.07,110.15,107.32,107.32,107.92,107.92,89.22,89.22,89.86,89.30,87.60,87.60,87.60,86.01,86.01,86.01,86.01,86.01,86.01,86.01,86.01,86.01,86.01,86.01,86.01,86.01,86.01,86.01,86.01,86.01,86.01,86.01,86.01,86.01,86.01,86.01,86.01,86.01,86.01,86.01,84.02,72.99,79.23,79.23,79.23,79.23,79.23,79.23,79.23,79.23,79.23,79.23,79.23,79.23,79.23,79.23,79.23,74.82,73.09,71.40,73.09,73.09,68.52,73.09,73.09,73.09,71.40,73.09,73.09,73.09,73.09,73.09,73.09,71.40,69.75,68.13,66.56,65.02,63.51,62.04,60.61,73.09,71.40,73.09,71.40,69.75,68.13,66.56,65.02,63.51,62.04,60.61,59.21,57.84,56.50,55.19,53.92,52.67,51.45,50.26,49.10,47.96,46.85,45.77,44.71,43.68,42.67,41.68,40.72,39.77,38.85,37.95,37.08,36.22,35.38
Producto,0.003704527,09111272,TELEVISOR,98.57,99.11,103.61,100.99,96.83,101.28,102.38,101.37,101.37,97.76,101.72,97.52,99.86,98.74,97.28,97.85,94.67,105.22,102.70,99.78,96.87,96.86,95.93,96.26,86.76,83.20,80.85,80.20,80.04,78.76,74.98,77.62,76.75,73.13,73.13,67.86,67.86,68.34,68.34,68.76,67.70,67.36,68.51,68.51,69.25,69.25,68.02,65.09,64.92,63.71,62.91,62.85,68.65,68.91,68.91,68.20,63.57,62.26,62.26,61.44,63.54,53.06,53.06,52.08,54.60,54.60,56.28,56.28,55.01,54.94,55.39,55.39,55.34,55.32,54.94,55.98,56.81,56.09,56.15,57.26,57.18,58.98,58.71,62.81,58.60,58.36,58.60,58.84,57.57,54.28,54.82,53.57,52.43,51.29,49.69,52.76,52.74,51.75,50.53,49.90,47.43,47.63,47.74,48.66,45.38,43.36,43.69,44.85,45.52,45.74,45.73,45.59,45.67,44.59,42.93,42.53,42.85,42.46,42.27,42.07,42.67,43.33,43.00,40.91,39.78,39.10,40.66,38.67,38.67,38.54,38.14,37.70,35.85,36.01,35.97,35.44,35.15,36.15
Clase,0.000849568,0912,Equipo fotográfico y cinematográfico e instrumentos ópticos (D),79.63,79.63,80.60,84.01,84.88,86.87,86.03,86.31,86.68,86.68,86.68,86.45,85.59,85.59,84.72,84.72,84.72,85.89,83.89,84.80,85.06,86.60,86.19,85.76,88.00,88.00,88.00,85.76,85.76,85.76,85.76,85.76,85.76,85.76,85.76,85.76,85.76,85.76,85.76,85.76,85.76,85.76,85.76,85.76,85.76,85.76,85.76,85.76,85.76,85.76,85.76,85.76,85.76,85.76,85.76,85.76,69.58,69.58,69.58,69.58,69.58,69.58,69.58,69.58,69.58,69.58,69.58,69.58,69.58,69.58,69.58,69.58,69.58,69.58,69.58,69.58,69.58,69.58,69.58,69.58,69.58,69.58,69.58,69.58,69.58,69.58,69.58,69.58,69.58,69.58,69.58,69.58,69.58,69.58,69.58,69.58,69.58,69.58,69.58,69.58,69.58,69.58,69.58,69.58,69.58,69.58,69.58,69.58,69.58,69.58,69.58,69.58,69.58,69.58,69.58,69.58,69.58,69.58,69.58,69.58,69.58,69.58,69.58,69.58,69.58,69.58,69.58,69.58,69.58,69.58,69.58,69.58,69.58,69.58,69.58,69.58,69.58,69.58
Subclase,0.000849568,09121,Equipos fotográficos ,79.63,79.63,80.60,84.01,84.88,86.87,86.03,86.31,86.68,86.68,86.68,86.45,85.59,85.59,84.72,84.72,84.72,85.89,83.89,84.80,85.06,86.60,86.19,85.76,88.00,88.00,88.00,85.76,85.76,85.76,85.76,85.76,85.76,85.76,85.76,85.76,85.76,85.76,85.76,85.76,85.76,85.76,85.76,85.76,85.76,85.76,85.76,85.76,85.76,85.76,85.76,85.76,85.76,85.76,85.76,85.76,69.58,69.58,69.58,69.58,69.58,69.58,69.58,69.58,69.58,69.58,69.58,69.58,69.58,69.58,69.58,69.58,69.58,69.58,69.58,69.58,69.58,69.58,69.58,69.58,69.58,69.58,69.58,69.58,69.58,69.58,69.58,69.58,69.58,69.58,69.58,69.58,69.58,69.58,69.58,69.58,69.58,69.58,69.58,69.58,69.58,69.58,69.58,69.58,69.58,69.58,69.58,69.58,69.58,69.58,69.58,69.58,69.58,69.58,69.58,69.58,69.58,69.58,69.58,69.58,69.58,69.58,69.58,69.58,69.58,69.58,69.58,69.58,69.58,69.58,69.58,69.58,69.58,69.58,69.58,69.58,69.58,69.58
Producto,0.000849568,09121273,CÁMARA FOTOGRÁFICA,79.63,79.63,80.60,84.01,84.88,86.87,86.03,86.31,86.68,86.68,86.68,86.45,85.59,85.59,84.72,84.72,84.72,85.89,83.89,84.80,85.06,86.60,86.19,85.76,88.00,88.00,88.00,85.76,85.76,85.76,85.76,85.76,85.76,85.76,85.76,85.76,85.76,85.76,85.76,85.76,85.76,85.76,85.76,85.76,85.76,85.76,85.76,85.76,85.76,85.76,85.76,85.76,85.76,85.76,85.76,85.76,69.58,69.58,69.58,69.58,69.58,69.58,69.58,69.58,69.58,69.58,69.58,69.58,69.58,69.58,69.58,69.58,69.58,69.58,69.58,69.58,69.58,69.58,69.58,69.58,69.58,69.58,69.58,69.58,69.58,69.58,69.58,69.58,69.58,69.58,69.58,69.58,69.58,69.58,69.58,69.58,69.58,69.58,69.58,69.58,69.58,69.58,69.58,69.58,69.58,69.58,69.58,69.58,69.58,69.58,69.58,69.58,69.58,69.58,69.58,69.58,69.58,69.58,69.58,69.58,69.58,69.58,69.58,69.58,69.58,69.58,69.58,69.58,69.58,69.58,69.58,69.58,69.58,69.58,69.58,69.58,69.58,69.58
Clase,0.005236871,0913,Equipo de procesamiento e información (D),99.85,101.47,102.19,106.39,108.72,109.72,109.71,112.15,104.00,104.51,104.51,103.30,98.24,98.24,97.12,96.35,94.38,93.28,93.06,93.22,92.54,93.07,92.92,90.68,90.79,90.79,89.33,89.19,89.19,78.44,78.30,76.03,75.92,76.00,76.36,75.60,75.42,75.94,76.13,75.71,75.70,75.19,75.24,75.21,75.21,73.79,73.73,73.73,73.78,74.97,74.97,73.83,75.78,75.73,75.73,75.84,73.06,73.06,72.26,71.23,71.07,70.65,70.65,70.95,70.83,71.17,73.25,73.25,73.22,72.86,72.62,72.56,72.58,73.39,73.39,73.39,73.39,74.25,76.56,76.56,76.34,75.27,72.60,72.93,72.46,71.94,72.01,73.26,72.85,72.04,71.06,70.47,70.23,70.09,68.35,68.26,65.63,64.38,64.27,64.20,62.41,61.88,61.81,61.81,60.63,61.01,62.02,61.52,58.14,58.95,58.95,61.28,61.18,61.76,62.55,63.66,64.37,63.25,62.99,62.68,60.74,61.37,61.37,61.01,61.66,61.52,61.55,60.68,61.60,61.28,60.32,60.24,64.18,66.13,66.54,68.56,72.48,75.30
Subclase,0.005236871,09131,Equipo de procesamiento de la información,99.85,101.47,102.19,106.39,108.72,109.72,109.71,112.15,104.00,104.51,104.51,103.30,98.24,98.24,97.12,96.35,94.38,93.28,93.06,93.22,92.54,93.07,92.92,90.68,90.79,90.79,89.33,89.19,89.19,78.44,78.30,76.03,75.92,76.00,76.36,75.60,75.42,75.94,76.13,75.71,75.70,75.19,75.24,75.21,75.21,73.79,73.73,73.73,73.78,74.97,74.97,73.83,75.78,75.73,75.73,75.84,73.06,73.06,72.26,71.23,71.07,70.65,70.65,70.95,70.83,71.17,73.25,73.25,73.22,72.86,72.62,72.56,72.58,73.39,73.39,73.39,73.39,74.25,76.56,76.56,76.34,75.27,72.60,72.93,72.46,71.94,72.01,73.26,72.85,72.04,71.06,70.47,70.23,70.09,68.35,68.26,65.63,64.38,64.27,64.20,62.41,61.88,61.81,61.81,60.63,61.01,62.02,61.52,58.14,58.95,58.95,61.28,61.18,61.76,62.55,63.66,64.37,63.25,62.99,62.68,60.74,61.37,61.37,61.01,61.66,61.52,61.55,60.68,61.60,61.28,60.32,60.24,64.18,66.13,66.54,68.56,72.48,75.30
Producto,0.002023796,09131274,COMPUTADORA ESCRITORIO,108.37,116.20,112.59,115.27,115.15,119.08,115.18,113.97,113.08,115.61,115.61,115.32,115.43,115.43,115.53,109.96,110.56,109.62,109.62,107.13,103.97,106.15,106.75,105.87,106.76,106.76,100.48,97.50,97.50,94.28,93.62,92.84,92.07,92.50,96.16,92.74,92.41,94.93,94.93,94.93,93.34,90.89,91.22,91.22,91.22,90.43,90.21,90.21,90.47,93.66,93.66,91.45,94.87,94.87,94.87,95.39,93.71,93.71,91.13,90.16,89.68,89.68,89.68,88.40,88.27,90.03,91.18,91.18,90.77,90.77,89.63,89.30,89.40,92.80,92.80,92.80,92.80,95.77,100.59,100.59,100.59,101.55,101.30,103.41,103.49,104.69,103.98,106.52,104.72,105.67,102.10,101.99,99.74,99.42,101.17,101.17,93.96,92.51,91.74,91.34,89.18,88.94,88.94,88.94,87.56,87.56,88.73,87.06,82.83,82.83,82.83,85.37,85.37,86.29,85.90,90.18,91.51,92.47,91.48,91.32,91.13,88.62,88.62,88.38,89.82,89.82,87.85,87.86,87.86,87.86,87.35,87.35,98.80,103.69,105.52,108.20,117.63,120.49
Producto,0.003009268,09131275,COMPUTADORA PORTÁTIL,97.76,97.76,99.47,104.16,106.23,106.23,106.70,110.40,100.01,100.01,100.01,98.41,91.77,91.77,90.59,90.59,88.03,87.09,86.71,87.53,87.53,87.53,87.20,84.71,84.71,84.71,84.71,85.63,85.63,74.11,74.11,71.44,71.60,71.60,71.11,71.11,71.11,71.11,71.43,70.90,71.34,71.34,71.34,71.34,71.34,69.74,69.74,69.74,69.74,70.46,70.46,69.57,71.26,71.26,71.26,71.26,68.14,68.14,67.77,66.67,66.67,66.21,66.21,66.89,66.76,66.76,69.12,69.12,69.12,68.63,68.63,68.63,68.63,68.63,68.63,68.63,68.63,68.99,70.71,70.71,70.39,68.63,65.13,64.96,64.32,63.29,63.49,64.58,64.58,63.22,62.91,62.14,62.43,62.43,59.59,59.47,57.91,56.91,57.11,57.11,55.28,54.71,54.71,54.71,53.50,54.01,54.98,54.77,51.39,52.48,52.48,54.68,54.68,55.20,56.37,56.66,57.13,55.40,55.33,54.95,52.41,53.95,53.95,53.44,53.90,53.74,54.24,53.05,54.24,53.84,52.69,52.69,54.80,55.92,56.04,58.03,60.62,63.59
Producto,0.000203807,09131276,IMPRESORA,96.55,97.25,100.61,103.77,120.02,124.14,132.89,131.17,127.16,127.16,127.16,128.11,125.66,125.66,120.58,127.72,124.04,120.12,121.32,122.33,121.61,123.27,122.79,118.78,117.39,117.39,113.60,109.12,109.12,79.03,79.03,76.45,75.01,75.01,74.53,73.16,70.91,71.13,70.19,69.67,69.41,68.99,68.69,68.17,68.17,66.92,66.46,66.46,66.46,66.46,66.46,66.13,65.87,64.93,64.93,64.93,62.89,62.89,62.89,62.61,61.30,59.87,59.87,60.83,60.87,60.54,62.25,62.25,63.38,63.38,63.38,63.38,63.38,65.94,65.94,65.94,65.94,65.47,66.53,66.53,67.02,68.01,67.91,68.51,68.51,68.51,69.91,68.19,67.23,67.57,67.05,67.27,67.27,65.73,66.38,66.38,66.38,62.12,59.97,60.22,60.57,59.34,58.11,58.11,58.11,58.11,59.02,59.02,59.02,59.02,59.02,62.45,60.34,60.34,60.46,60.80,62.65,62.26,62.26,62.26,62.31,62.03,62.03,63.24,63.61,63.16,64.38,64.58,65.22,64.93,64.96,63.36,64.17,66.78,65.45,65.35,66.85,67.18
Clase,0.002106327,0914,Medios para grabación (SD),88.48,88.48,95.13,100.19,102.69,102.69,101.52,101.75,112.56,108.51,108.51,107.79,107.10,113.58,112.58,112.58,112.94,112.94,112.94,113.23,110.36,110.36,110.36,110.69,110.16,110.52,106.99,107.41,107.41,106.88,107.34,107.73,123.22,117.59,117.12,116.62,116.62,116.99,117.08,112.83,112.83,113.06,112.41,112.41,112.41,112.41,111.63,109.86,115.12,115.12,115.12,114.64,117.11,117.11,117.11,117.82,117.41,117.41,117.41,117.41,117.41,117.06,117.06,115.83,115.83,115.83,112.89,109.13,103.35,103.35,103.35,103.35,102.77,101.98,101.98,101.98,101.98,102.14,102.14,102.14,92.62,92.62,92.62,99.49,107.29,107.62,107.40,106.80,115.22,110.72,109.94,110.19,110.87,110.87,110.87,110.57,110.57,102.31,93.94,93.94,93.94,93.94,93.01,93.01,93.23,93.23,93.28,93.28,93.46,93.81,93.81,94.23,94.23,91.27,91.56,91.56,88.71,92.94,92.94,92.94,93.45,93.38,93.38,94.18,94.18,94.18,93.87,93.35,93.35,93.32,93.21,93.21,97.39,100.45,100.87,101.79,100.35,101.12
Subclase,0.002106327,09141,Medios para grabación,88.48,88.48,95.13,100.19,102.69,102.69,101.52,101.75,112.56,108.51,108.51,107.79,107.10,113.58,112.58,112.58,112.94,112.94,112.94,113.23,110.36,110.36,110.36,110.69,110.16,110.52,106.99,107.41,107.41,106.88,107.34,107.73,123.22,117.59,117.12,116.62,116.62,116.99,117.08,112.83,112.83,113.06,112.41,112.41,112.41,112.41,111.63,109.86,115.12,115.12,115.12,114.64,117.11,117.11,117.11,117.82,117.41,117.41,117.41,117.41,117.41,117.06,117.06,115.83,115.83,115.83,112.89,109.13,103.35,103.35,103.35,103.35,102.77,101.98,101.98,101.98,101.98,102.14,102.14,102.14,92.62,92.62,92.62,99.49,107.29,107.62,107.40,106.80,115.22,110.72,109.94,110.19,110.87,110.87,110.87,110.57,110.57,102.31,93.94,93.94,93.94,93.94,93.01,93.01,93.23,93.23,93.28,93.28,93.46,93.81,93.81,94.23,94.23,91.27,91.56,91.56,88.71,92.94,92.94,92.94,93.45,93.38,93.38,94.18,94.18,94.18,93.87,93.35,93.35,93.32,93.21,93.21,97.39,100.45,100.87,101.79,100.35,101.12
Producto,0.000167303,09141277,MEMORY FLASH,85.44,85.44,85.86,85.44,90.44,90.44,85.59,86.54,90.21,90.21,90.21,87.22,84.36,84.36,80.22,80.22,81.70,81.70,81.70,82.90,85.14,85.14,85.14,86.50,84.33,85.83,90.25,91.99,91.99,89.77,91.68,93.30,93.30,92.55,90.62,88.51,88.51,90.06,90.43,90.43,90.43,91.40,88.67,88.67,88.67,88.67,85.43,78.09,78.09,78.09,78.09,76.11,77.93,77.93,77.93,80.88,79.19,79.19,79.19,79.19,79.19,77.71,77.71,72.63,72.63,72.63,72.63,72.63,72.63,72.63,72.63,72.63,70.24,66.95,66.95,66.95,66.95,67.61,67.61,67.61,67.61,67.61,67.61,65.71,68.76,70.12,69.19,66.71,69.76,63.80,60.53,61.60,64.41,64.41,64.41,63.16,63.16,56.95,57.65,57.65,57.65,57.65,53.81,53.81,54.69,54.69,54.91,54.91,55.65,53.27,53.27,55.00,55.00,55.00,56.19,56.19,56.19,56.19,56.19,56.19,58.32,58.03,58.03,61.34,61.34,61.34,60.06,57.91,57.91,57.77,57.34,57.34,58.47,56.38,58.12,61.95,66.77,69.97
Producto,0.001939024,09141278,DISPOSITIVOS DE ALMACENAMIENTO DE DATOS,89.45,89.45,98.06,104.86,106.57,106.57,106.57,106.57,119.63,114.30,114.30,114.30,114.30,122.83,122.83,122.83,122.83,122.83,122.83,122.83,118.34,118.34,118.34,118.34,118.34,118.34,112.29,112.29,112.29,112.29,112.29,112.29,132.70,125.51,125.51,125.51,125.51,125.51,125.51,119.92,119.92,119.92,119.92,119.92,119.92,119.92,119.92,119.92,126.84,126.84,126.84,126.84,129.51,129.51,129.51,129.51,129.51,129.51,129.51,129.51,129.51,129.51,129.51,129.51,129.51,129.51,125.64,120.69,113.07,113.07,113.07,113.07,113.07,113.07,113.07,113.07,113.07,113.07,113.07,113.07,100.53,100.53,100.53,110.18,119.49,119.49,119.49,119.49,129.62,125.58,125.58,125.58,125.58,125.58,125.58,125.58,125.58,116.67,105.43,105.43,105.43,105.43,105.43,105.43,105.43,105.43,105.43,105.43,105.43,106.65,106.65,106.65,106.65,102.75,102.75,102.75,99.00,104.57,104.57,104.57,104.57,104.57,104.57,104.57,104.57,104.57,104.57,104.57,104.57,104.57,104.57,104.57,109.71,114.40,114.40,114.40,110.98,110.98
Clase,0.000421434,0915,"Reparación de equipo audiovisual, fotográfico y de procesamiento de información (S)",108.79,108.79,108.79,113.76,113.76,113.76,113.76,113.76,113.76,113.76,113.76,113.76,113.76,113.76,113.76,113.76,113.76,113.76,113.76,113.76,113.76,113.76,113.76,113.76,113.76,113.76,113.76,113.76,113.76,113.76,113.76,113.76,113.76,113.76,113.76,113.76,113.76,113.76,113.76,113.76,113.76,113.76,113.76,113.76,113.76,113.76,113.76,113.76,111.55,110.60,109.09,109.09,109.09,109.09,109.09,109.09,109.09,109.09,109.09,109.09,109.09,109.09,109.09,109.09,109.09,109.09,109.09,109.09,109.09,103.14,103.14,103.14,103.14,103.14,103.14,103.14,103.14,103.14,103.14,103.14,105.11,106.32,106.32,109.09,105.83,105.83,105.83,105.83,105.83,105.83,105.83,105.83,105.83,105.83,105.83,105.83,105.83,107.05,107.05,107.05,107.05,107.05,107.05,107.05,107.05,107.05,107.05,107.05,107.05,107.05,107.05,107.05,107.05,107.05,107.05,107.05,107.05,107.05,107.05,107.05,107.05,107.05,107.05,107.05,107.05,107.05,107.05,107.05,107.05,107.05,107.05,107.05,109.83,109.83,109.83,109.83,112.42,112.42
Subclase,0.000421434,09151,Reparación de equipos audiovisuales ,108.79,108.79,108.79,113.76,113.76,113.76,113.76,113.76,113.76,113.76,113.76,113.76,113.76,113.76,113.76,113.76,113.76,113.76,113.76,113.76,113.76,113.76,113.76,113.76,113.76,113.76,113.76,113.76,113.76,113.76,113.76,113.76,113.76,113.76,113.76,113.76,113.76,113.76,113.76,113.76,113.76,113.76,113.76,113.76,113.76,113.76,113.76,113.76,111.55,110.60,109.09,109.09,109.09,109.09,109.09,109.09,109.09,109.09,109.09,109.09,109.09,109.09,109.09,109.09,109.09,109.09,109.09,109.09,109.09,103.14,103.14,103.14,103.14,103.14,103.14,103.14,103.14,103.14,103.14,103.14,105.11,106.32,106.32,109.09,105.83,105.83,105.83,105.83,105.83,105.83,105.83,105.83,105.83,105.83,105.83,105.83,105.83,107.05,107.05,107.05,107.05,107.05,107.05,107.05,107.05,107.05,107.05,107.05,107.05,107.05,107.05,107.05,107.05,107.05,107.05,107.05,107.05,107.05,107.05,107.05,107.05,107.05,107.05,107.05,107.05,107.05,107.05,107.05,107.05,107.05,107.05,107.05,109.83,109.83,109.83,109.83,112.42,112.42
Producto,0.000421434,09151279,REPARACIÓN DE EQUIPOS ELECTRÓNICOS,108.79,108.79,108.79,113.76,113.76,113.76,113.76,113.76,113.76,113.76,113.76,113.76,113.76,113.76,113.76,113.76,113.76,113.76,113.76,113.76,113.76,113.76,113.76,113.76,113.76,113.76,113.76,113.76,113.76,113.76,113.76,113.76,113.76,113.76,113.76,113.76,113.76,113.76,113.76,113.76,113.76,113.76,113.76,113.76,113.76,113.76,113.76,113.76,111.55,110.60,109.09,109.09,109.09,109.09,109.09,109.09,109.09,109.09,109.09,109.09,109.09,109.09,109.09,109.09,109.09,109.09,109.09,109.09,109.09,103.14,103.14,103.14,103.14,103.14,103.14,103.14,103.14,103.14,103.14,103.14,105.11,106.32,106.32,109.09,105.83,105.83,105.83,105.83,105.83,105.83,105.83,105.83,105.83,105.83,105.83,105.83,105.83,107.05,107.05,107.05,107.05,107.05,107.05,107.05,107.05,107.05,107.05,107.05,107.05,107.05,107.05,107.05,107.05,107.05,107.05,107.05,107.05,107.05,107.05,107.05,107.05,107.05,107.05,107.05,107.05,107.05,107.05,107.05,107.05,107.05,107.05,107.05,109.83,109.83,109.83,109.83,112.42,112.42
Grupo,0.000328915,092,Otros productos duraderos importantes para recreación y cultura,94.78,94.78,95.63,108.49,105.78,106.07,108.98,108.39,112.51,112.51,112.51,118.39,121.00,121.00,121.00,121.00,121.00,118.75,121.58,122.70,124.73,124.73,124.73,123.66,122.64,122.64,122.64,127.09,124.92,124.04,119.66,119.13,114.36,114.36,114.36,115.07,118.56,119.38,119.38,119.38,119.38,119.38,119.38,119.38,119.38,119.38,119.38,119.38,120.67,121.00,121.00,121.00,123.55,123.55,123.55,123.55,123.55,120.49,120.49,118.40,118.40,118.40,118.40,118.40,118.40,118.40,118.40,118.40,118.40,120.49,123.96,121.85,121.85,121.56,121.56,121.56,121.56,121.56,121.56,124.53,124.53,124.53,128.14,128.14,128.14,128.14,128.14,128.14,128.14,131.93,137.16,137.16,137.16,137.16,137.16,138.36,138.36,138.36,138.36,138.36,138.36,136.79,136.79,136.79,136.79,136.79,136.79,136.79,136.79,138.67,138.67,140.23,140.23,141.50,141.50,140.23,140.23,140.23,140.23,140.23,133.36,133.36,133.36,133.36,133.36,133.36,133.36,133.36,133.36,133.36,133.36,133.36,133.36,133.36,133.36,125.90,125.90,125.90
Clase,0.000328915,0922,Instrumentos musicales y equipos duraderos importantes para recreación en interiores (d),94.78,94.78,95.63,108.49,105.78,106.07,108.98,108.39,112.51,112.51,112.51,118.39,121.00,121.00,121.00,121.00,121.00,118.75,121.58,122.70,124.73,124.73,124.73,123.66,122.64,122.64,122.64,127.09,124.92,124.04,119.66,119.13,114.36,114.36,114.36,115.07,118.56,119.38,119.38,119.38,119.38,119.38,119.38,119.38,119.38,119.38,119.38,119.38,120.67,121.00,121.00,121.00,123.55,123.55,123.55,123.55,123.55,120.49,120.49,118.40,118.40,118.40,118.40,118.40,118.40,118.40,118.40,118.40,118.40,120.49,123.96,121.85,121.85,121.56,121.56,121.56,121.56,121.56,121.56,124.53,124.53,124.53,128.14,128.14,128.14,128.14,128.14,128.14,128.14,131.93,137.16,137.16,137.16,137.16,137.16,138.36,138.36,138.36,138.36,138.36,138.36,136.79,136.79,136.79,136.79,136.79,136.79,136.79,136.79,138.67,138.67,140.23,140.23,141.50,141.50,140.23,140.23,140.23,140.23,140.23,133.36,133.36,133.36,133.36,133.36,133.36,133.36,133.36,133.36,133.36,133.36,133.36,133.36,133.36,133.36,125.90,125.90,125.90
Subclase,0.000328915,09221,Instrumentos musicales y equipos duraderos importantes para recreación en interiores,94.78,94.78,95.63,108.49,105.78,106.07,108.98,108.39,112.51,112.51,112.51,118.39,121.00,121.00,121.00,121.00,121.00,118.75,121.58,122.70,124.73,124.73,124.73,123.66,122.64,122.64,122.64,127.09,124.92,124.04,119.66,119.13,114.36,114.36,114.36,115.07,118.56,119.38,119.38,119.38,119.38,119.38,119.38,119.38,119.38,119.38,119.38,119.38,120.67,121.00,121.00,121.00,123.55,123.55,123.55,123.55,123.55,120.49,120.49,118.40,118.40,118.40,118.40,118.40,118.40,118.40,118.40,118.40,118.40,120.49,123.96,121.85,121.85,121.56,121.56,121.56,121.56,121.56,121.56,124.53,124.53,124.53,128.14,128.14,128.14,128.14,128.14,128.14,128.14,131.93,137.16,137.16,137.16,137.16,137.16,138.36,138.36,138.36,138.36,138.36,138.36,136.79,136.79,136.79,136.79,136.79,136.79,136.79,136.79,138.67,138.67,140.23,140.23,141.50,141.50,140.23,140.23,140.23,140.23,140.23,133.36,133.36,133.36,133.36,133.36,133.36,133.36,133.36,133.36,133.36,133.36,133.36,133.36,133.36,133.36,125.90,125.90,125.90
Producto,0.000328915,09221280,GUITARRA,94.78,94.78,95.63,108.49,105.78,106.07,108.98,108.39,112.51,112.51,112.51,118.39,121.00,121.00,121.00,121.00,121.00,118.75,121.58,122.70,124.73,124.73,124.73,123.66,122.64,122.64,122.64,127.09,124.92,124.04,119.66,119.13,114.36,114.36,114.36,115.07,118.56,119.38,119.38,119.38,119.38,119.38,119.38,119.38,119.38,119.38,119.38,119.38,120.67,121.00,121.00,121.00,123.55,123.55,123.55,123.55,123.55,120.49,120.49,118.40,118.40,118.40,118.40,118.40,118.40,118.40,118.40,118.40,118.40,120.49,123.96,121.85,121.85,121.56,121.56,121.56,121.56,121.56,121.56,124.53,124.53,124.53,128.14,128.14,128.14,128.14,128.14,128.14,128.14,131.93,137.16,137.16,137.16,137.16,137.16,138.36,138.36,138.36,138.36,138.36,138.36,136.79,136.79,136.79,136.79,136.79,136.79,136.79,136.79,138.67,138.67,140.23,140.23,141.50,141.50,140.23,140.23,140.23,140.23,140.23,133.36,133.36,133.36,133.36,133.36,133.36,133.36,133.36,133.36,133.36,133.36,133.36,133.36,133.36,133.36,125.90,125.90,125.90
Grupo,0.006626741,093,"Otros artículos y equipo para recreación, jardines y animales domésticos",97.66,98.05,97.27,99.32,100.85,101.54,99.22,100.48,100.97,101.60,101.46,101.60,100.34,100.13,99.92,99.92,100.20,101.18,101.18,101.09,100.76,100.42,100.59,100.10,99.92,99.33,100.20,100.89,101.03,100.36,99.81,100.27,100.29,100.29,99.05,99.72,99.49,98.80,99.49,99.19,99.81,99.21,99.23,99.90,99.99,99.64,98.11,96.90,97.86,98.50,98.50,98.50,96.85,96.85,96.85,96.85,96.85,96.85,95.88,96.83,96.83,96.84,96.84,97.64,97.64,95.69,95.67,95.72,95.17,95.63,95.81,95.62,96.18,95.10,96.91,94.89,95.64,95.64,95.39,96.81,96.07,95.89,97.77,97.02,97.24,98.71,99.08,97.74,98.71,99.54,100.12,99.53,100.19,100.56,100.45,99.79,100.90,101.83,102.41,102.08,102.79,104.08,104.28,104.28,102.56,102.65,103.21,102.80,103.31,102.52,103.71,102.66,103.89,104.19,103.92,104.03,103.89,103.92,104.31,104.08,104.20,101.17,101.19,101.90,101.36,100.37,100.76,102.29,102.19,101.52,100.10,100.37,101.62,103.01,102.66,102.52,102.04,102.22
Clase,0.0022653,0931,Conservación y reparación de otros bienes duraderos importantes para recreación y cultura (S),102.97,102.36,104.64,104.64,104.64,104.64,104.56,105.79,105.64,106.58,106.47,106.77,105.37,105.37,105.37,105.37,105.98,107.39,107.39,107.39,107.39,107.39,107.75,109.28,109.28,109.28,109.28,109.28,109.28,109.03,109.03,109.03,109.03,109.03,109.03,109.03,109.03,109.03,109.03,109.03,110.34,110.34,110.34,110.34,109.87,109.87,106.67,106.24,106.24,107.64,107.64,107.64,103.70,103.70,103.70,103.70,103.70,103.70,103.70,103.44,103.44,103.44,103.44,102.97,102.97,101.51,100.57,100.57,100.57,100.57,100.96,103.52,103.52,103.52,103.52,103.52,103.52,103.52,103.52,103.52,103.52,103.52,105.59,105.59,105.59,105.59,105.59,105.59,105.13,105.13,105.13,105.13,105.13,105.13,105.88,105.88,105.88,105.88,105.88,105.88,106.72,107.12,107.12,107.12,107.12,107.12,107.92,107.92,107.92,107.92,107.92,107.92,109.01,106.70,106.70,106.70,106.70,106.70,106.70,106.70,106.70,106.70,106.70,106.70,103.92,103.92,103.92,103.92,103.92,103.92,103.24,103.24,103.24,103.24,103.24,103.24,103.04,103.04
Subclase,0.0022653,09311,"Juegos, juguetes y aficiones",102.97,102.36,104.64,104.64,104.64,104.64,104.56,105.79,105.64,106.58,106.47,106.77,105.37,105.37,105.37,105.37,105.98,107.39,107.39,107.39,107.39,107.39,107.75,109.28,109.28,109.28,109.28,109.28,109.28,109.03,109.03,109.03,109.03,109.03,109.03,109.03,109.03,109.03,109.03,109.03,110.34,110.34,110.34,110.34,109.87,109.87,106.67,106.24,106.24,107.64,107.64,107.64,103.70,103.70,103.70,103.70,103.70,103.70,103.70,103.44,103.44,103.44,103.44,102.97,102.97,101.51,100.57,100.57,100.57,100.57,100.96,103.52,103.52,103.52,103.52,103.52,103.52,103.52,103.52,103.52,103.52,103.52,105.59,105.59,105.59,105.59,105.59,105.59,105.13,105.13,105.13,105.13,105.13,105.13,105.88,105.88,105.88,105.88,105.88,105.88,106.72,107.12,107.12,107.12,107.12,107.12,107.92,107.92,107.92,107.92,107.92,107.92,109.01,106.70,106.70,106.70,106.70,106.70,106.70,106.70,106.70,106.70,106.70,106.70,103.92,103.92,103.92,103.92,103.92,103.92,103.24,103.24,103.24,103.24,103.24,103.24,103.04,103.04
Producto,0.000705567,09311281,JUGUETE,101.32,99.79,102.46,102.46,102.46,102.46,102.46,102.46,102.46,104.74,104.74,105.49,105.49,105.49,105.49,105.49,107.01,107.01,107.01,107.01,107.01,107.01,107.17,107.43,107.43,107.43,107.43,107.43,107.43,107.27,107.27,107.27,107.27,107.27,107.27,107.27,107.27,107.27,107.27,107.27,109.83,109.83,109.83,109.83,109.83,109.83,109.83,108.53,108.53,108.53,108.53,108.53,107.81,107.81,107.81,107.81,107.81,107.81,107.81,107.81,107.81,107.81,107.81,107.81,107.81,106.65,106.65,106.65,106.65,106.65,107.62,107.62,107.62,107.62,107.62,107.62,107.62,107.62,107.62,107.62,107.62,107.62,107.62,107.62,107.62,107.62,107.62,107.62,107.62,107.62,107.62,107.62,107.62,107.62,109.47,109.47,109.47,109.47,109.47,109.47,109.47,109.65,109.65,109.65,109.65,109.65,110.91,110.91,110.91,110.91,110.91,110.91,112.51,112.17,112.17,112.17,112.17,112.17,112.17,112.17,112.17,112.17,112.17,112.17,112.17,112.17,112.17,112.17,112.17,112.17,110.47,110.47,110.47,110.47,110.47,110.47,109.98,109.98
Producto,0.000513148,09311282,JUEGO ELECTRÓNICO,77.76,77.76,77.76,77.76,77.76,77.76,76.59,82.77,82.77,82.96,81.71,81.71,65.36,65.36,65.36,65.36,65.36,81.71,81.71,81.71,81.71,81.71,81.71,81.71,81.71,81.71,81.71,81.71,81.71,81.71,81.71,81.71,81.71,81.71,81.71,81.71,81.71,81.71,81.71,81.71,81.71,81.71,81.71,81.71,76.26,76.26,76.26,76.26,76.26,92.60,92.60,92.60,81.71,81.71,81.71,81.71,81.71,81.71,81.71,81.71,81.71,81.71,81.71,76.26,76.26,76.26,65.36,65.36,65.36,65.36,65.36,65.36,65.36,65.36,65.36,65.36,65.36,65.36,65.36,65.36,65.36,65.36,65.36,65.36,65.36,65.36,65.36,65.36,51.89,51.89,51.89,51.89,51.89,51.89,51.89,51.89,51.89,51.89,51.89,51.89,51.89,51.89,51.89,51.89,51.89,51.89,51.89,51.89,51.89,51.89,51.89,51.89,51.89,51.89,51.89,51.89,51.89,51.89,51.89,51.89,51.89,51.89,51.89,51.89,49.45,49.45,49.45,49.45,49.45,49.45,49.45,49.45,49.45,49.45,49.45,49.45,49.45,49.45
Producto,0.001046586,09311283,MUÑECA,108.53,108.53,110.88,110.88,110.88,110.88,110.93,112.29,112.01,112.01,112.01,112.01,112.01,112.01,112.01,112.01,112.01,112.01,112.01,112.01,112.01,112.01,112.59,115.38,115.38,115.38,115.38,115.38,115.38,115.02,115.02,115.02,115.02,115.02,115.02,115.02,115.02,115.02,115.02,115.02,115.57,115.57,115.57,115.57,115.57,115.57,109.28,109.48,109.48,109.48,109.48,109.48,104.15,104.15,104.15,104.15,104.15,104.15,104.15,103.65,103.65,103.65,103.65,103.65,103.65,101.69,101.69,101.69,101.69,101.69,101.69,106.70,106.70,106.70,106.70,106.70,106.70,106.70,106.70,106.70,106.70,106.70,110.75,110.75,110.75,110.75,110.75,110.75,112.13,112.13,112.13,112.13,112.13,112.13,112.13,112.13,112.13,112.13,112.13,112.13,113.77,114.41,114.41,114.41,114.41,114.41,114.98,114.98,114.98,114.98,114.98,114.98,115.86,111.61,111.61,111.61,111.61,111.61,111.61,111.61,111.61,111.61,111.61,111.61,106.56,106.56,106.56,106.56,106.56,106.56,106.56,106.56,106.56,106.56,106.56,106.56,106.56,106.56
Clase,0.00052484,0932,"Equipo de deportes, campamentos y recreación al aire libre (SD)",98.56,98.56,98.56,97.83,100.63,103.15,103.15,104.50,104.50,106.20,105.45,105.45,106.99,108.14,108.17,108.17,108.17,109.67,109.67,108.94,108.03,105.11,105.11,94.34,94.73,94.73,94.73,94.31,94.23,93.62,92.82,92.78,93.00,93.00,93.00,93.00,93.00,93.00,93.00,93.00,94.34,95.16,95.16,95.16,95.16,92.21,91.61,91.20,91.20,91.20,91.20,91.20,91.20,91.20,91.20,91.20,91.20,91.20,91.20,92.00,92.00,92.12,92.12,100.77,100.77,94.60,93.28,93.02,93.02,93.02,93.02,93.02,93.02,93.02,91.60,91.21,91.21,91.21,90.43,90.43,91.81,92.17,92.46,92.46,95.40,97.46,97.46,98.19,97.86,98.09,97.41,97.41,97.41,97.42,95.75,97.42,98.97,97.56,98.73,97.59,98.73,100.16,100.16,100.16,100.16,100.16,100.16,101.72,97.47,97.47,97.47,97.73,97.73,97.73,96.28,96.87,96.87,96.87,96.87,96.87,96.87,102.23,101.79,107.69,104.45,103.85,102.13,101.39,100.16,100.33,93.91,94.30,94.07,98.36,96.59,96.59,96.59,95.12
Subclase,0.00052484,09321,"Equipo de deportes, campamentos y recreación al aire libre",98.56,98.56,98.56,97.83,100.63,103.15,103.15,104.50,104.50,106.20,105.45,105.45,106.99,108.14,108.17,108.17,108.17,109.67,109.67,108.94,108.03,105.11,105.11,94.34,94.73,94.73,94.73,94.31,94.23,93.62,92.82,92.78,93.00,93.00,93.00,93.00,93.00,93.00,93.00,93.00,94.34,95.16,95.16,95.16,95.16,92.21,91.61,91.20,91.20,91.20,91.20,91.20,91.20,91.20,91.20,91.20,91.20,91.20,91.20,92.00,92.00,92.12,92.12,100.77,100.77,94.60,93.28,93.02,93.02,93.02,93.02,93.02,93.02,93.02,91.60,91.21,91.21,91.21,90.43,90.43,91.81,92.17,92.46,92.46,95.40,97.46,97.46,98.19,97.86,98.09,97.41,97.41,97.41,97.42,95.75,97.42,98.97,97.56,98.73,97.59,98.73,100.16,100.16,100.16,100.16,100.16,100.16,101.72,97.47,97.47,97.47,97.73,97.73,97.73,96.28,96.87,96.87,96.87,96.87,96.87,96.87,102.23,101.79,107.69,104.45,103.85,102.13,101.39,100.16,100.33,93.91,94.30,94.07,98.36,96.59,96.59,96.59,95.12
Producto,0.000249881,09321284,BALÓN DEPORTIVO,97.93,97.93,97.93,97.04,100.21,103.28,103.28,105.13,105.13,106.09,105.17,105.17,107.04,108.44,108.44,108.44,108.44,109.71,109.71,108.82,107.71,104.17,104.17,91.11,91.11,91.11,91.11,91.11,91.11,90.84,89.87,89.82,89.82,89.82,89.82,89.82,89.82,89.82,89.82,89.82,91.45,92.44,92.44,92.44,92.44,91.45,90.71,90.71,90.71,90.71,90.71,90.71,90.71,90.71,90.71,90.71,90.71,90.71,90.71,92.32,92.32,92.32,92.32,92.32,92.32,92.32,90.71,90.40,90.40,90.40,90.40,90.40,90.40,90.40,88.67,88.67,88.67,88.67,87.73,87.73,89.40,89.40,89.40,89.40,92.97,95.18,95.18,96.08,96.08,96.08,96.08,96.08,96.08,96.08,96.08,96.08,98.13,96.41,97.79,96.41,97.79,99.53,99.53,99.53,99.53,99.53,99.53,101.43,96.70,96.70,96.70,97.55,97.55,97.55,96.83,96.83,96.83,96.83,96.83,96.83,96.83,103.33,103.33,110.50,108.42,107.68,103.75,102.41,100.92,100.92,94.32,94.32,94.32,97.52,95.38,95.38,95.38,93.59
Producto,0.000274959,09321285,MÁQUINA DE EJERCICIO,101.53,101.53,101.53,101.53,102.58,102.58,102.58,101.53,101.53,106.74,106.74,106.74,106.74,106.74,106.95,106.95,106.95,109.49,109.49,109.49,109.49,109.49,109.49,109.49,111.67,111.67,111.67,109.29,108.84,106.65,106.65,106.65,107.86,107.86,107.86,107.86,107.86,107.86,107.86,107.86,107.86,107.86,107.86,107.86,107.86,95.77,95.77,93.46,93.46,93.46,93.46,93.46,93.46,93.46,93.46,93.46,93.46,93.46,93.46,90.50,90.50,91.18,91.18,140.28,140.28,105.26,105.26,105.26,105.26,105.26,105.26,105.26,105.26,105.26,105.26,103.08,103.08,103.08,103.08,103.08,103.08,105.12,106.76,106.76,106.76,108.09,108.09,108.09,106.21,107.53,103.65,103.65,103.65,103.71,94.22,103.71,102.91,102.91,103.11,103.11,103.11,103.11,103.11,103.11,103.11,103.11,103.11,103.11,101.06,101.06,101.06,98.57,98.57,98.57,93.70,97.05,97.05,97.05,97.05,97.05,97.05,97.05,94.56,94.56,85.91,85.91,94.56,96.61,96.61,97.61,91.99,94.17,92.91,102.26,102.26,102.26,102.26,102.26
Clase,0.00034131,0933,"Jardines, plantas y flores (ND)",79.22,79.22,71.53,74.79,76.23,76.23,72.10,72.10,75.39,75.39,75.39,75.39,65.15,62.18,59.47,59.47,59.47,60.51,60.51,60.51,57.68,57.68,57.68,57.68,55.57,55.57,52.97,62.51,64.44,64.44,64.44,64.44,64.44,64.44,64.44,64.44,61.42,61.42,61.42,61.42,59.59,59.59,59.59,59.59,59.59,59.59,59.59,59.59,59.59,59.59,59.59,59.59,61.42,61.42,61.42,61.42,61.42,61.42,61.42,61.42,61.42,61.42,61.42,61.42,61.42,61.42,61.42,61.42,61.42,61.42,61.42,61.42,61.42,61.42,61.42,61.42,62.81,62.81,62.81,65.19,65.19,66.88,68.39,68.39,65.89,70.50,68.07,70.17,72.33,72.33,72.33,72.33,72.33,78.76,78.76,78.76,77.86,82.63,82.63,82.63,82.63,84.49,84.49,84.49,81.96,81.96,84.49,84.49,80.53,80.53,80.53,75.36,76.76,78.72,77.42,77.42,77.74,76.69,81.67,81.67,79.93,80.53,80.53,80.53,95.97,82.94,82.94,88.16,88.79,88.79,85.50,87.09,91.53,93.91,88.48,87.24,85.37,89.93
Subclase,0.00034131,09331,"Jardines, plantas y flores",79.22,79.22,71.53,74.79,76.23,76.23,72.10,72.10,75.39,75.39,75.39,75.39,65.15,62.18,59.47,59.47,59.47,60.51,60.51,60.51,57.68,57.68,57.68,57.68,55.57,55.57,52.97,62.51,64.44,64.44,64.44,64.44,64.44,64.44,64.44,64.44,61.42,61.42,61.42,61.42,59.59,59.59,59.59,59.59,59.59,59.59,59.59,59.59,59.59,59.59,59.59,59.59,61.42,61.42,61.42,61.42,61.42,61.42,61.42,61.42,61.42,61.42,61.42,61.42,61.42,61.42,61.42,61.42,61.42,61.42,61.42,61.42,61.42,61.42,61.42,61.42,62.81,62.81,62.81,65.19,65.19,66.88,68.39,68.39,65.89,70.50,68.07,70.17,72.33,72.33,72.33,72.33,72.33,78.76,78.76,78.76,77.86,82.63,82.63,82.63,82.63,84.49,84.49,84.49,81.96,81.96,84.49,84.49,80.53,80.53,80.53,75.36,76.76,78.72,77.42,77.42,77.74,76.69,81.67,81.67,79.93,80.53,80.53,80.53,95.97,82.94,82.94,88.16,88.79,88.79,85.50,87.09,91.53,93.91,88.48,87.24,85.37,89.93
Producto,0.00034131,09331286,FLORES,79.22,79.22,71.53,74.79,76.23,76.23,72.10,72.10,75.39,75.39,75.39,75.39,65.15,62.18,59.47,59.47,59.47,60.51,60.51,60.51,57.68,57.68,57.68,57.68,55.57,55.57,52.97,62.51,64.44,64.44,64.44,64.44,64.44,64.44,64.44,64.44,61.42,61.42,61.42,61.42,59.59,59.59,59.59,59.59,59.59,59.59,59.59,59.59,59.59,59.59,59.59,59.59,61.42,61.42,61.42,61.42,61.42,61.42,61.42,61.42,61.42,61.42,61.42,61.42,61.42,61.42,61.42,61.42,61.42,61.42,61.42,61.42,61.42,61.42,61.42,61.42,62.81,62.81,62.81,65.19,65.19,66.88,68.39,68.39,65.89,70.50,68.07,70.17,72.33,72.33,72.33,72.33,72.33,78.76,78.76,78.76,77.86,82.63,82.63,82.63,82.63,84.49,84.49,84.49,81.96,81.96,84.49,84.49,80.53,80.53,80.53,75.36,76.76,78.72,77.42,77.42,77.74,76.69,81.67,81.67,79.93,80.53,80.53,80.53,95.97,82.94,82.94,88.16,88.79,88.79,85.50,87.09,91.53,93.91,88.48,87.24,85.37,89.93
Clase,0.00272417,0934,Animales domésticos y productos conexos (ND),93.47,95.97,91.41,98.46,100.02,101.48,94.13,96.14,97.27,97.27,97.27,97.27,97.27,96.86,96.86,96.86,96.86,97.15,97.15,97.15,97.15,97.15,97.15,97.45,97.22,95.01,99.01,99.01,99.01,97.17,95.47,97.21,97.21,97.21,94.67,97.21,97.21,94.62,97.21,97.21,97.21,94.62,94.67,97.21,97.21,97.21,97.21,93.60,97.21,97.21,97.21,97.21,97.21,97.21,97.21,97.21,97.21,97.21,93.60,97.21,97.21,97.21,97.21,97.21,97.21,95.12,97.21,97.51,95.47,97.17,97.17,92.12,94.19,90.17,97.55,90.17,92.59,92.59,91.99,96.62,93.23,92.99,93.91,92.23,92.49,98.03,100.13,94.15,98.08,101.12,101.63,99.40,101.89,102.29,103.20,100.02,103.74,106.47,108.12,107.38,108.12,111.09,111.82,111.82,106.15,106.47,106.47,104.23,109.19,106.24,110.68,107.31,109.63,114.11,114.11,114.28,113.67,114.07,114.07,113.22,114.17,100.29,100.59,100.65,100.29,100.65,102.02,104.51,104.51,102.84,102.48,102.84,103.90,103.90,104.97,105.82,105.93,105.93
Subclase,0.00272417,09341,Animales domésticos y productos para mascotas,93.47,95.97,91.41,98.46,100.02,101.48,94.13,96.14,97.27,97.27,97.27,97.27,97.27,96.86,96.86,96.86,96.86,97.15,97.15,97.15,97.15,97.15,97.15,97.45,97.22,95.01,99.01,99.01,99.01,97.17,95.47,97.21,97.21,97.21,94.67,97.21,97.21,94.62,97.21,97.21,97.21,94.62,94.67,97.21,97.21,97.21,97.21,93.60,97.21,97.21,97.21,97.21,97.21,97.21,97.21,97.21,97.21,97.21,93.60,97.21,97.21,97.21,97.21,97.21,97.21,95.12,97.21,97.51,95.47,97.17,97.17,92.12,94.19,90.17,97.55,90.17,92.59,92.59,91.99,96.62,93.23,92.99,93.91,92.23,92.49,98.03,100.13,94.15,98.08,101.12,101.63,99.40,101.89,102.29,103.20,100.02,103.74,106.47,108.12,107.38,108.12,111.09,111.82,111.82,106.15,106.47,106.47,104.23,109.19,106.24,110.68,107.31,109.63,114.11,114.11,114.28,113.67,114.07,114.07,113.22,114.17,100.29,100.59,100.65,100.29,100.65,102.02,104.51,104.51,102.84,102.48,102.84,103.90,103.90,104.97,105.82,105.93,105.93
Producto,0.00272417,09341287,ALIMENTO PREPARADO PARA MASCOTAS,93.47,95.97,91.41,98.46,100.02,101.48,94.13,96.14,97.27,97.27,97.27,97.27,97.27,96.86,96.86,96.86,96.86,97.15,97.15,97.15,97.15,97.15,97.15,97.45,97.22,95.01,99.01,99.01,99.01,97.17,95.47,97.21,97.21,97.21,94.67,97.21,97.21,94.62,97.21,97.21,97.21,94.62,94.67,97.21,97.21,97.21,97.21,93.60,97.21,97.21,97.21,97.21,97.21,97.21,97.21,97.21,97.21,97.21,93.60,97.21,97.21,97.21,97.21,97.21,97.21,95.12,97.21,97.51,95.47,97.17,97.17,92.12,94.19,90.17,97.55,90.17,92.59,92.59,91.99,96.62,93.23,92.99,93.91,92.23,92.49,98.03,100.13,94.15,98.08,101.12,101.63,99.40,101.89,102.29,103.20,100.02,103.74,106.47,108.12,107.38,108.12,111.09,111.82,111.82,106.15,106.47,106.47,104.23,109.19,106.24,110.68,107.31,109.63,114.11,114.11,114.28,113.67,114.07,114.07,113.22,114.17,100.29,100.59,100.65,100.29,100.65,102.02,104.51,104.51,102.84,102.48,102.84,103.90,103.90,104.97,105.82,105.93,105.93
Clase,0.000771121,0935,Servicios de veterinaria y de otro tipo para animales domésticos (S),98.06,98.06,98.06,98.06,106.34,106.34,106.34,106.34,106.34,106.34,106.34,106.34,106.34,106.34,106.34,106.34,106.34,106.34,106.34,106.34,106.34,106.34,106.34,106.34,106.34,106.34,106.34,106.34,106.34,106.34,106.34,106.34,106.34,106.34,99.39,99.39,99.39,99.39,99.39,95.77,95.77,95.77,95.77,95.77,99.39,99.39,99.39,99.39,99.39,99.39,99.39,99.39,99.39,99.39,99.39,99.39,99.39,99.39,99.39,99.39,99.39,99.39,99.39,99.39,99.39,99.39,99.39,99.39,99.39,99.39,99.39,99.39,99.39,99.39,99.39,99.39,99.39,99.39,99.39,99.39,99.39,95.77,102.46,98.72,98.72,91.28,91.28,91.28,91.28,91.28,97.66,97.66,97.66,94.74,88.55,88.55,88.55,88.55,88.55,88.55,88.55,88.55,88.55,88.55,88.55,88.55,88.55,88.55,88.55,88.55,88.55,91.28,91.28,91.28,91.28,91.28,91.28,91.28,91.28,91.28,91.28,91.28,91.28,91.28,91.28,91.28,94.10,100.68,100.68,97.66,97.66,97.66,105.62,114.23,114.23,110.81,107.49,107.49
Subclase,0.000771121,09351,Servicios de veterinario,98.06,98.06,98.06,98.06,106.34,106.34,106.34,106.34,106.34,106.34,106.34,106.34,106.34,106.34,106.34,106.34,106.34,106.34,106.34,106.34,106.34,106.34,106.34,106.34,106.34,106.34,106.34,106.34,106.34,106.34,106.34,106.34,106.34,106.34,99.39,99.39,99.39,99.39,99.39,95.77,95.77,95.77,95.77,95.77,99.39,99.39,99.39,99.39,99.39,99.39,99.39,99.39,99.39,99.39,99.39,99.39,99.39,99.39,99.39,99.39,99.39,99.39,99.39,99.39,99.39,99.39,99.39,99.39,99.39,99.39,99.39,99.39,99.39,99.39,99.39,99.39,99.39,99.39,99.39,99.39,99.39,95.77,102.46,98.72,98.72,91.28,91.28,91.28,91.28,91.28,97.66,97.66,97.66,94.74,88.55,88.55,88.55,88.55,88.55,88.55,88.55,88.55,88.55,88.55,88.55,88.55,88.55,88.55,88.55,88.55,88.55,91.28,91.28,91.28,91.28,91.28,91.28,91.28,91.28,91.28,91.28,91.28,91.28,91.28,91.28,91.28,94.10,100.68,100.68,97.66,97.66,97.66,105.62,114.23,114.23,110.81,107.49,107.49
Producto,0.000771121,09351288,GASTO EN MÉDICO VETERINARIO,98.06,98.06,98.06,98.06,106.34,106.34,106.34,106.34,106.34,106.34,106.34,106.34,106.34,106.34,106.34,106.34,106.34,106.34,106.34,106.34,106.34,106.34,106.34,106.34,106.34,106.34,106.34,106.34,106.34,106.34,106.34,106.34,106.34,106.34,99.39,99.39,99.39,99.39,99.39,95.77,95.77,95.77,95.77,95.77,99.39,99.39,99.39,99.39,99.39,99.39,99.39,99.39,99.39,99.39,99.39,99.39,99.39,99.39,99.39,99.39,99.39,99.39,99.39,99.39,99.39,99.39,99.39,99.39,99.39,99.39,99.39,99.39,99.39,99.39,99.39,99.39,99.39,99.39,99.39,99.39,99.39,95.77,102.46,98.72,98.72,91.28,91.28,91.28,91.28,91.28,97.66,97.66,97.66,94.74,88.55,88.55,88.55,88.55,88.55,88.55,88.55,88.55,88.55,88.55,88.55,88.55,88.55,88.55,88.55,88.55,88.55,91.28,91.28,91.28,91.28,91.28,91.28,91.28,91.28,91.28,91.28,91.28,91.28,91.28,91.28,91.28,94.10,100.68,100.68,97.66,97.66,97.66,105.62,114.23,114.23,110.81,107.49,107.49
Grupo,0.01443332,094,Servicios de recreación y culturales,103.38,102.85,98.96,100.78,96.90,96.90,98.07,100.37,100.37,100.37,102.02,100.43,100.81,101.94,101.53,101.53,101.53,102.34,102.36,102.35,102.76,102.92,102.92,102.92,103.49,102.53,105.01,104.44,104.54,104.84,103.52,106.63,105.35,106.38,106.48,105.98,105.98,105.98,108.30,108.38,108.17,110.03,107.32,107.87,108.95,108.45,107.80,108.99,108.65,107.38,106.80,106.65,107.45,107.45,107.73,107.89,107.93,108.49,108.88,111.73,111.78,109.28,109.66,109.66,109.66,109.66,109.66,106.30,110.06,109.96,109.96,109.90,109.90,109.90,109.90,109.90,109.90,109.47,108.96,109.28,109.28,108.79,107.52,107.52,107.11,107.56,108.19,108.44,108.61,108.61,109.30,109.84,110.48,109.50,110.76,111.02,110.76,108.69,110.23,111.33,111.12,107.61,108.92,110.38,108.92,108.92,113.84,108.92,106.30,119.68,119.68,126.03,123.31,127.74,128.53,128.53,128.53,128.53,128.53,128.53,128.53,126.78,129.77,128.03,128.03,128.03,133.55,131.69,131.69,133.55,135.29,145.79,137.65,128.71,134.03,129.82,129.97,129.97
Clase,0.003092437,0941,Servicios de recreación y deportivos (S),100.73,101.55,82.24,93.83,77.89,77.89,82.69,82.69,82.69,82.69,86.23,79.70,79.70,81.72,80.03,80.03,80.03,80.43,80.53,80.53,82.20,82.20,82.20,82.20,82.29,78.35,77.77,75.43,75.86,80.99,74.29,80.30,73.28,77.50,77.90,75.86,75.86,75.86,76.84,77.20,76.30,83.94,72.85,75.11,79.54,77.46,74.80,79.69,78.30,73.09,70.69,70.08,73.38,73.38,74.53,75.17,75.35,77.65,79.24,90.95,91.15,80.86,82.45,82.45,82.45,82.45,82.45,82.45,84.10,83.68,83.68,83.43,83.43,83.43,83.43,83.43,83.43,81.65,79.58,79.58,79.58,78.64,73.42,73.42,71.74,73.61,76.21,77.20,77.93,77.93,80.75,82.95,85.59,81.57,86.72,86.72,86.72,78.23,84.58,89.07,88.22,73.81,73.81,79.78,73.81,73.81,93.98,73.81,73.81,73.81,73.81,81.95,70.76,70.76,74.01,74.01,74.01,74.01,74.01,74.01,74.01,74.68,86.97,79.81,79.81,79.81,79.81,86.97,86.97,79.81,86.97,111.42,111.42,74.75,96.57,79.28,79.90,79.90
Subclase,0.003092437,09411,Servicio de recreación y deportivos,100.73,101.55,82.24,93.83,77.89,77.89,82.69,82.69,82.69,82.69,86.23,79.70,79.70,81.72,80.03,80.03,80.03,80.43,80.53,80.53,82.20,82.20,82.20,82.20,82.29,78.35,77.77,75.43,75.86,80.99,74.29,80.30,73.28,77.50,77.90,75.86,75.86,75.86,76.84,77.20,76.30,83.94,72.85,75.11,79.54,77.46,74.80,79.69,78.30,73.09,70.69,70.08,73.38,73.38,74.53,75.17,75.35,77.65,79.24,90.95,91.15,80.86,82.45,82.45,82.45,82.45,82.45,82.45,84.10,83.68,83.68,83.43,83.43,83.43,83.43,83.43,83.43,81.65,79.58,79.58,79.58,78.64,73.42,73.42,71.74,73.61,76.21,77.20,77.93,77.93,80.75,82.95,85.59,81.57,86.72,86.72,86.72,78.23,84.58,89.07,88.22,73.81,73.81,79.78,73.81,73.81,93.98,73.81,73.81,73.81,73.81,81.95,70.76,70.76,74.01,74.01,74.01,74.01,74.01,74.01,74.01,74.68,86.97,79.81,79.81,79.81,79.81,86.97,86.97,79.81,86.97,111.42,111.42,74.75,96.57,79.28,79.90,79.90
Producto,0.000644939,09411289,ENTRADA A ESTADIOS DEPORTIVOS,98.06,98.06,49.03,78.45,37.98,37.98,49.03,49.03,49.03,49.03,58.01,41.44,41.44,46.57,42.27,42.27,42.27,42.27,42.27,42.27,42.27,42.27,42.27,42.27,42.27,32.42,35.51,33.42,33.42,46.45,29.41,44.69,26.85,37.58,38.59,33.42,33.42,33.42,35.91,42.02,39.74,53.93,39.06,40.39,46.86,36.35,29.41,42.02,42.02,42.02,35.91,35.91,33.42,33.42,36.35,37.97,34.73,41.09,45.15,78.21,78.21,52.06,56.10,56.10,56.10,56.10,56.10,56.10,56.10,56.10,56.10,56.10,56.10,56.10,56.10,56.10,56.10,56.10,56.10,56.10,56.10,56.10,42.85,42.85,42.85,45.81,46.84,49.54,49.54,49.54,56.71,62.29,68.98,58.77,71.86,71.86,71.86,50.31,64.58,76.00,73.20,36.60,36.60,51.76,36.60,36.60,87.83,36.60,36.60,36.60,36.60,56.70,36.60,36.60,36.60,36.60,36.60,36.60,36.60,36.60,36.60,36.60,62.11,43.92,43.92,43.92,43.92,62.11,62.11,43.92,62.11,124.22,124.22,31.05,87.83,43.92,43.92,43.92
Producto,0.000931613,09411290,GIMNASIO,104.98,104.98,104.98,104.98,104.98,104.98,104.98,104.98,104.98,104.98,104.98,104.98,104.98,104.98,104.98,104.98,104.98,104.98,104.98,104.98,104.98,104.98,104.98,104.98,104.98,104.98,104.98,99.25,99.25,99.25,99.25,99.25,99.25,99.25,99.25,99.25,99.25,99.25,99.25,99.25,99.25,99.25,99.25,99.25,99.25,99.25,99.25,99.25,99.25,99.25,99.25,99.25,99.25,99.25,99.25,99.25,99.25,99.25,99.25,99.25,99.25,99.25,99.25,99.25,99.25,99.25,99.25,99.25,105.47,103.88,103.88,102.94,102.94,102.94,102.94,102.94,102.94,99.25,99.25,99.25,99.25,95.70,95.70,95.70,91.52,92.79,98.15,98.15,98.15,98.15,98.15,98.15,98.15,98.15,98.15,98.15,98.15,98.15,98.15,98.15,98.15,98.15,98.15,98.15,98.15,98.15,98.15,98.15,98.15,98.15,98.15,98.15,98.15,98.15,98.15,98.15,98.15,98.15,98.15,98.15,98.15,100.70,106.51,106.51,106.51,106.51,106.51,106.51,106.51,106.51,106.51,106.51,106.51,106.51,104.52,104.52,106.87,106.87
Producto,0.001023095,09411291,PISCINA Y SITIOS DE RECREACIÓN,100.02,103.49,103.49,103.49,103.49,103.49,105.39,105.39,105.39,105.39,105.39,105.39,105.39,105.39,105.39,105.39,105.39,107.12,107.52,107.52,111.97,111.97,111.97,111.97,112.37,112.10,104.39,104.39,106.24,106.24,106.24,106.24,106.24,106.24,106.24,106.24,106.24,106.24,106.24,97.48,97.48,106.24,81.97,89.39,97.42,106.24,106.55,106.24,100.27,78.01,78.01,75.42,93.72,93.72,93.72,93.72,99.04,99.04,99.04,93.46,93.46,93.46,93.46,93.46,93.46,93.46,93.46,93.46,93.46,93.46,93.46,93.46,93.46,93.46,93.46,93.46,93.46,93.46,83.26,83.26,83.26,83.26,83.26,83.26,80.77,80.77,84.11,84.11,87.24,87.24,87.24,87.24,87.24,87.24,87.24,87.24,87.24,87.24,87.24,87.24,87.24,87.24,87.24,87.24,87.24,87.24,87.24,87.24,87.24,87.24,87.24,87.24,73.36,73.36,87.24,87.24,87.24,87.24,87.24,87.24,87.24,87.24,87.24,87.24,87.24,87.24,87.24,87.24,87.24,87.24,87.24,87.24,87.24,87.24,87.24,87.24,87.24,87.24
Producto,0.00049279,09411292,CLASES DE DEPORTE,101.66,101.66,101.66,101.66,101.66,101.66,101.66,101.66,101.66,101.66,101.66,101.66,101.66,101.66,101.66,101.66,101.66,101.66,101.66,101.66,107.49,107.49,107.49,107.49,107.49,107.49,107.49,107.49,107.49,107.49,107.49,107.49,107.49,107.49,107.49,107.49,107.49,107.49,107.49,107.49,107.49,107.49,111.56,111.56,111.56,111.56,111.56,111.56,111.56,111.56,111.56,111.56,111.56,111.56,111.56,111.56,113.45,111.56,111.56,111.56,113.45,113.45,113.45,113.45,113.45,113.45,113.45,113.45,113.45,113.45,113.45,113.45,113.45,113.45,113.45,113.45,113.45,106.07,108.94,108.94,108.94,108.94,108.94,108.94,108.94,112.35,112.35,111.70,111.70,111.70,111.70,111.70,111.70,111.70,111.70,111.70,111.70,111.70,118.36,118.36,120.64,120.64,120.64,120.64,120.64,120.64,120.64,120.64,120.64,120.64,120.64,122.78,122.47,122.47,122.47,122.47,122.47,122.47,122.47,122.47,122.47,122.47,129.03,129.03,129.03,129.03,129.03,129.03,129.03,129.03,129.03,129.03,129.03,129.03,129.03,129.03,129.03,129.03
Clase,0.009513549,0942,Servicios culturales (S),104.79,103.74,104.92,103.47,103.47,103.47,103.47,106.79,106.79,106.79,107.93,107.93,108.47,109.40,109.40,109.40,109.40,110.42,110.42,110.41,110.41,110.64,110.64,110.64,111.42,111.42,115.20,115.20,115.20,113.83,114.28,116.66,117.27,117.27,117.27,117.27,117.27,117.27,120.27,120.27,120.27,120.27,120.27,120.27,120.27,120.27,120.27,120.27,120.27,120.27,120.27,120.27,120.27,120.27,120.27,120.27,120.27,120.27,120.27,120.27,120.27,120.27,120.27,120.27,120.27,120.27,120.27,115.43,120.27,120.27,120.27,120.27,120.27,120.27,120.27,120.27,120.27,120.27,120.27,120.72,120.72,120.35,120.35,120.35,120.35,120.35,120.35,120.35,120.35,120.35,120.35,120.35,120.35,120.35,120.35,120.72,120.35,120.35,120.35,120.35,120.35,120.35,122.24,122.24,122.24,122.24,122.24,122.24,118.45,137.75,137.75,144.05,144.05,150.44,150.44,150.44,150.44,150.44,150.44,150.44,150.44,147.67,147.67,147.67,147.67,147.67,155.63,150.44,150.44,155.63,155.63,162.18,150.44,150.44,150.44,150.44,150.44,150.44
Subclase,0.009513549,09421,Servicio culturales,104.79,103.74,104.92,103.47,103.47,103.47,103.47,106.79,106.79,106.79,107.93,107.93,108.47,109.40,109.40,109.40,109.40,110.42,110.42,110.41,110.41,110.64,110.64,110.64,111.42,111.42,115.20,115.20,115.20,113.83,114.28,116.66,117.27,117.27,117.27,117.27,117.27,117.27,120.27,120.27,120.27,120.27,120.27,120.27,120.27,120.27,120.27,120.27,120.27,120.27,120.27,120.27,120.27,120.27,120.27,120.27,120.27,120.27,120.27,120.27,120.27,120.27,120.27,120.27,120.27,120.27,120.27,115.43,120.27,120.27,120.27,120.27,120.27,120.27,120.27,120.27,120.27,120.27,120.27,120.72,120.72,120.35,120.35,120.35,120.35,120.35,120.35,120.35,120.35,120.35,120.35,120.35,120.35,120.35,120.35,120.72,120.35,120.35,120.35,120.35,120.35,120.35,122.24,122.24,122.24,122.24,122.24,122.24,118.45,137.75,137.75,144.05,144.05,150.44,150.44,150.44,150.44,150.44,150.44,150.44,150.44,147.67,147.67,147.67,147.67,147.67,155.63,150.44,150.44,155.63,155.63,162.18,150.44,150.44,150.44,150.44,150.44,150.44
Producto,0.001898629,09421293,ENTRADA A CINE,98.06,98.06,98.06,98.06,98.06,98.06,98.06,98.06,98.06,98.06,98.06,98.06,104.11,104.11,104.11,104.11,104.11,104.11,104.11,104.11,104.11,104.11,104.11,104.11,104.11,104.11,104.11,104.11,104.11,104.11,104.11,104.11,104.11,104.11,104.11,104.11,104.11,104.11,104.11,104.11,104.11,104.11,104.11,104.11,104.11,104.11,104.11,104.11,104.11,104.11,104.11,104.11,104.11,104.11,104.11,104.11,104.11,104.11,104.11,104.11,104.11,104.11,104.11,104.11,104.11,104.11,104.11,50.38,104.11,104.11,104.11,104.11,104.11,104.11,104.11,104.11,104.11,104.11,104.11,109.15,109.15,104.95,104.95,104.95,104.95,104.95,104.95,104.95,104.95,104.95,104.95,104.95,104.95,104.95,104.95,109.15,104.95,104.95,104.95,104.95,104.95,104.95,125.94,125.94,125.94,125.94,125.94,125.94,83.96,83.96,83.96,121.75,121.75,121.75,121.75,121.75,121.75,121.75,121.75,121.75,121.75,121.75,121.75,121.75,121.75,121.75,121.75,121.75,121.75,121.75,121.75,121.75,121.75,121.75,121.75,121.75,121.75,121.75
Producto,0.001687345,09421294,ENTRADA A DISCOTECA,106.68,96.39,102.86,97.11,97.11,97.11,97.11,105.31,105.31,105.31,111.54,111.54,111.54,116.64,116.64,116.64,116.64,116.64,116.64,116.64,116.64,116.64,116.64,116.64,120.97,120.97,120.97,120.97,120.97,120.97,120.97,120.97,120.97,120.97,120.97,120.97,120.97,120.97,120.97,120.97,120.97,120.97,120.97,120.97,120.97,120.97,120.97,120.97,120.97,120.97,120.97,120.97,120.97,120.97,120.97,120.97,120.97,120.97,120.97,120.97,120.97,120.97,120.97,120.97,120.97,120.97,120.97,120.97,120.97,120.97,120.97,120.97,120.97,120.97,120.97,120.97,120.97,120.97,120.97,120.97,120.97,120.97,120.97,120.97,120.97,120.97,120.97,120.97,120.97,120.97,120.97,120.97,120.97,120.97,120.97,120.97,120.97,120.97,120.97,120.97,120.97,120.97,120.97,120.97,120.97,120.97,120.97,120.97,120.97,120.97,120.97,120.97,120.97,156.17,156.17,156.17,156.17,156.17,156.17,156.17,156.17,184.78,184.78,184.78,184.78,184.78,184.78,156.17,156.17,184.78,184.78,220.85,156.17,156.17,156.17,156.17,156.17,156.17
Producto,0.005927575,09421295,GASTO EN TARIFA DE TELEVISIÓN PAGADA,105.16,106.28,106.28,105.72,105.72,105.72,105.72,108.25,108.25,108.25,108.25,108.25,108.25,108.25,108.25,108.25,108.25,109.65,109.65,109.63,109.63,109.95,109.95,109.95,109.95,109.95,115.14,115.14,115.14,113.25,113.88,117.14,117.98,117.98,117.98,117.98,117.98,117.98,122.10,122.10,122.10,122.10,122.10,122.10,122.10,122.10,122.10,122.10,122.10,122.10,122.10,122.10,122.10,122.10,122.10,122.10,122.10,122.10,122.10,122.10,122.10,122.10,122.10,122.10,122.10,122.10,122.10,122.10,122.10,122.10,122.10,122.10,122.10,122.10,122.10,122.10,122.10,122.10,122.10,122.10,122.10,122.10,122.10,122.10,122.10,122.10,122.10,122.10,122.10,122.10,122.10,122.10,122.10,122.10,122.10,122.10,122.10,122.10,122.10,122.10,122.10,122.10,122.10,122.10,122.10,122.10,122.10,122.10,122.10,148.59,148.59,152.56,152.56,152.56,152.56,152.56,152.56,152.56,152.56,152.56,152.56,141.63,141.63,141.63,141.63,141.63,152.56,152.56,152.56,152.56,152.56,152.56,152.56,152.56,152.56,152.56,152.56,152.56
Clase,0.001827335,0943,Juegos de azar (S),98.06,98.06,98.06,98.06,98.06,98.06,98.06,98.06,98.06,98.06,98.06,98.06,98.06,98.06,98.06,98.06,98.06,98.06,98.06,98.06,98.06,98.06,98.06,98.06,98.06,98.06,98.06,98.06,98.06,98.06,98.06,98.06,98.06,98.06,98.06,98.06,98.06,98.06,98.06,98.06,98.06,98.06,98.06,98.06,98.06,98.06,98.06,98.06,98.06,98.06,98.06,98.06,98.06,98.06,98.06,98.06,98.06,98.06,98.06,98.06,98.06,98.06,98.06,98.06,98.06,98.06,98.06,98.06,98.06,98.06,98.06,98.06,98.06,98.06,98.06,98.06,98.06,98.06,98.06,98.06,98.06,98.06,98.06,98.06,98.06,98.06,98.06,98.06,98.06,98.06,98.06,98.06,98.06,98.06,98.06,98.06,98.06,98.06,98.06,98.06,98.06,98.06,98.06,98.06,98.06,98.06,98.06,98.06,98.06,98.06,98.06,98.06,98.06,98.06,98.06,98.06,98.06,98.06,98.06,98.06,98.06,98.06,98.06,98.06,98.06,98.06,98.06,98.06,98.06,98.06,98.06,98.06,98.06,98.06,98.06,98.06,98.06,98.06
Subclase,0.001827335,09431,Juegos de azar,98.06,98.06,98.06,98.06,98.06,98.06,98.06,98.06,98.06,98.06,98.06,98.06,98.06,98.06,98.06,98.06,98.06,98.06,98.06,98.06,98.06,98.06,98.06,98.06,98.06,98.06,98.06,98.06,98.06,98.06,98.06,98.06,98.06,98.06,98.06,98.06,98.06,98.06,98.06,98.06,98.06,98.06,98.06,98.06,98.06,98.06,98.06,98.06,98.06,98.06,98.06,98.06,98.06,98.06,98.06,98.06,98.06,98.06,98.06,98.06,98.06,98.06,98.06,98.06,98.06,98.06,98.06,98.06,98.06,98.06,98.06,98.06,98.06,98.06,98.06,98.06,98.06,98.06,98.06,98.06,98.06,98.06,98.06,98.06,98.06,98.06,98.06,98.06,98.06,98.06,98.06,98.06,98.06,98.06,98.06,98.06,98.06,98.06,98.06,98.06,98.06,98.06,98.06,98.06,98.06,98.06,98.06,98.06,98.06,98.06,98.06,98.06,98.06,98.06,98.06,98.06,98.06,98.06,98.06,98.06,98.06,98.06,98.06,98.06,98.06,98.06,98.06,98.06,98.06,98.06,98.06,98.06,98.06,98.06,98.06,98.06,98.06,98.06
Producto,0.001827335,09431296,BILLETE DE  LOTERÍA,98.06,98.06,98.06,98.06,98.06,98.06,98.06,98.06,98.06,98.06,98.06,98.06,98.06,98.06,98.06,98.06,98.06,98.06,98.06,98.06,98.06,98.06,98.06,98.06,98.06,98.06,98.06,98.06,98.06,98.06,98.06,98.06,98.06,98.06,98.06,98.06,98.06,98.06,98.06,98.06,98.06,98.06,98.06,98.06,98.06,98.06,98.06,98.06,98.06,98.06,98.06,98.06,98.06,98.06,98.06,98.06,98.06,98.06,98.06,98.06,98.06,98.06,98.06,98.06,98.06,98.06,98.06,98.06,98.06,98.06,98.06,98.06,98.06,98.06,98.06,98.06,98.06,98.06,98.06,98.06,98.06,98.06,98.06,98.06,98.06,98.06,98.06,98.06,98.06,98.06,98.06,98.06,98.06,98.06,98.06,98.06,98.06,98.06,98.06,98.06,98.06,98.06,98.06,98.06,98.06,98.06,98.06,98.06,98.06,98.06,98.06,98.06,98.06,98.06,98.06,98.06,98.06,98.06,98.06,98.06,98.06,98.06,98.06,98.06,98.06,98.06,98.06,98.06,98.06,98.06,98.06,98.06,98.06,98.06,98.06,98.06,98.06,98.06
Grupo,0.014440807,095,"Periódicos, libros y papeles y útiles de oficina",101.73,102.18,102.18,102.26,102.29,102.29,102.33,102.33,102.04,101.82,102.00,102.00,101.58,101.58,101.58,102.01,102.01,102.01,102.22,102.17,104.17,104.42,104.42,104.64,104.44,104.44,104.44,104.44,104.44,103.97,103.97,103.97,105.28,105.28,105.28,105.28,105.60,105.83,105.83,105.83,105.83,105.83,105.40,105.40,104.94,104.94,104.94,104.87,104.87,104.87,104.87,104.96,104.89,104.89,104.89,104.89,103.32,103.32,103.24,103.24,103.24,103.24,103.24,103.24,103.24,103.24,103.24,103.24,102.79,102.79,102.70,102.92,102.92,102.92,102.67,102.83,102.89,102.89,102.89,102.89,99.19,100.78,100.48,100.55,100.88,100.88,100.88,100.96,101.13,101.13,101.13,104.88,106.97,106.97,106.87,106.92,106.84,106.45,106.45,106.45,106.45,106.65,106.60,106.76,106.46,106.46,106.46,106.75,106.66,106.66,106.66,107.01,107.01,107.01,107.01,107.10,108.76,108.76,108.76,108.76,108.76,108.76,109.01,109.01,109.01,109.38,109.09,109.50,108.87,108.87,108.87,108.92,108.91,108.57,108.27,108.27,108.45,108.45
Clase,0.008312593,0951,Libros (SD),99.53,99.65,99.65,99.77,99.84,99.84,99.90,99.90,98.68,98.62,98.71,98.71,97.99,97.99,97.99,98.72,98.72,98.72,99.08,99.01,100.72,100.92,100.92,101.29,100.95,100.95,100.95,100.95,100.95,100.41,100.41,100.41,101.11,101.11,101.11,101.11,101.11,101.50,101.50,101.50,101.50,101.50,100.77,100.77,101.05,101.05,101.05,101.05,101.05,101.05,101.05,101.22,101.22,101.22,101.22,101.22,98.91,98.91,98.91,98.91,98.91,98.91,98.91,98.91,98.91,98.91,98.91,98.91,97.97,97.97,97.82,98.19,98.19,98.19,97.77,98.04,98.14,98.14,98.14,98.14,92.68,95.03,94.18,94.29,94.87,94.87,94.87,94.87,95.18,95.18,95.18,94.74,97.62,97.62,97.43,97.53,97.38,96.70,96.70,96.70,96.70,97.05,96.98,97.24,98.06,98.06,98.06,98.55,98.55,98.55,98.55,98.55,98.55,98.55,98.55,98.70,100.47,100.47,100.47,100.47,100.47,100.47,100.91,100.91,100.91,101.55,101.04,101.76,101.19,101.19,101.19,101.27,101.25,100.66,100.14,100.14,100.46,100.46
Subclase,0.008312593,09511,Libros,99.53,99.65,99.65,99.77,99.84,99.84,99.90,99.90,98.68,98.62,98.71,98.71,97.99,97.99,97.99,98.72,98.72,98.72,99.08,99.01,100.72,100.92,100.92,101.29,100.95,100.95,100.95,100.95,100.95,100.41,100.41,100.41,101.11,101.11,101.11,101.11,101.11,101.50,101.50,101.50,101.50,101.50,100.77,100.77,101.05,101.05,101.05,101.05,101.05,101.05,101.05,101.22,101.22,101.22,101.22,101.22,98.91,98.91,98.91,98.91,98.91,98.91,98.91,98.91,98.91,98.91,98.91,98.91,97.97,97.97,97.82,98.19,98.19,98.19,97.77,98.04,98.14,98.14,98.14,98.14,92.68,95.03,94.18,94.29,94.87,94.87,94.87,94.87,95.18,95.18,95.18,94.74,97.62,97.62,97.43,97.53,97.38,96.70,96.70,96.70,96.70,97.05,96.98,97.24,98.06,98.06,98.06,98.55,98.55,98.55,98.55,98.55,98.55,98.55,98.55,98.70,100.47,100.47,100.47,100.47,100.47,100.47,100.91,100.91,100.91,101.55,101.04,101.76,101.19,101.19,101.19,101.27,101.25,100.66,100.14,100.14,100.46,100.46
Producto,0.001081267,09511297,LIBROS Y ENCICLOPEDIAS,107.01,107.51,107.51,108.04,108.31,108.31,108.60,108.60,105.35,105.35,105.69,105.69,102.59,102.59,102.59,105.72,105.72,105.72,107.28,106.97,106.97,106.97,106.97,108.54,107.08,107.08,107.08,107.08,107.08,104.80,104.80,104.80,106.16,106.16,106.16,106.16,106.16,107.84,107.84,107.84,107.84,107.84,104.70,104.70,105.88,105.88,105.88,105.88,105.88,105.88,105.88,106.60,106.60,106.60,106.60,106.60,106.60,106.60,106.60,106.60,106.60,106.60,106.60,106.60,106.60,106.60,106.60,106.60,106.60,106.60,106.60,108.19,108.19,108.19,106.38,107.56,107.99,107.99,107.99,107.99,108.52,114.88,114.88,115.36,117.84,117.84,117.84,117.84,119.16,119.16,119.16,117.28,118.59,118.59,117.80,118.22,117.56,114.68,114.68,114.68,114.68,116.18,115.85,116.98,116.98,116.98,116.98,119.09,119.09,119.09,119.09,119.09,119.09,119.09,119.09,119.74,119.74,119.74,119.74,119.74,119.74,119.74,121.60,121.60,121.60,124.34,122.18,125.26,125.26,125.26,125.26,125.62,125.55,123.03,120.79,120.79,122.14,122.14
Producto,0.007231326,09511298,TEXTOS DE ENSEÑANZA DE TODO NIVEL EDUCATIVO,97.25,97.25,97.25,97.25,97.25,97.25,97.25,97.25,96.64,96.57,96.58,96.58,96.58,96.58,96.58,96.58,96.58,96.58,96.58,96.58,98.81,99.08,99.08,99.08,99.08,99.08,99.08,99.08,99.08,99.08,99.08,99.08,99.57,99.57,99.57,99.57,99.57,99.57,99.57,99.57,99.57,99.57,99.57,99.57,99.58,99.58,99.58,99.58,99.58,99.58,99.58,99.58,99.58,99.58,99.58,99.58,96.56,96.56,96.56,96.56,96.56,96.56,96.56,96.56,96.56,96.56,96.56,96.56,95.34,95.34,95.14,95.14,95.14,95.14,95.14,95.14,95.14,95.14,95.14,95.14,87.86,88.99,87.87,87.87,87.87,87.87,87.87,87.87,87.87,87.87,87.87,87.87,91.22,91.22,91.22,91.22,91.22,91.22,91.22,91.22,91.22,91.22,91.22,91.22,92.29,92.29,92.29,92.29,92.29,92.29,92.29,92.29,92.29,92.29,92.29,92.29,94.60,94.60,94.60,94.60,94.60,94.60,94.60,94.60,94.60,94.60,94.60,94.60,93.85,93.85,93.85,93.85,93.85,93.85,93.85,93.85,93.85,93.85
Clase,0.00347219,0952,Diarios y periódicos (ND),107.76,109.74,109.74,109.74,109.74,109.74,109.74,109.74,109.74,109.74,109.74,109.74,109.74,109.74,109.74,109.74,109.74,109.74,109.74,109.74,110.53,110.53,110.53,110.53,110.53,110.53,110.53,110.53,110.53,109.72,109.72,109.72,109.72,109.72,109.72,109.72,111.40,111.40,111.40,111.40,111.40,111.40,111.40,111.40,111.40,111.40,111.40,111.01,111.01,111.01,111.01,111.01,110.62,110.62,110.62,110.62,110.62,110.62,110.23,110.23,110.23,110.23,110.23,110.23,110.23,110.23,110.23,110.23,110.23,110.23,110.23,110.23,110.23,110.23,110.23,110.23,110.23,110.23,110.23,110.23,110.23,110.23,110.23,110.23,110.23,110.23,110.23,110.62,110.62,110.62,110.62,131.15,131.15,131.15,131.15,131.15,131.15,131.15,131.15,131.15,131.15,131.15,131.15,131.15,131.15,131.15,131.15,131.15,130.70,130.70,130.70,132.52,132.52,132.52,132.52,132.52,132.52,132.52,132.52,132.52,132.52,132.52,132.52,132.52,132.52,132.52,132.52,132.52,132.52,132.52,132.52,132.52,132.52,132.52,132.52,132.52,132.52,132.52
Subclase,0.00347219,09521,Diarios y periódicos,107.76,109.74,109.74,109.74,109.74,109.74,109.74,109.74,109.74,109.74,109.74,109.74,109.74,109.74,109.74,109.74,109.74,109.74,109.74,109.74,110.53,110.53,110.53,110.53,110.53,110.53,110.53,110.53,110.53,109.72,109.72,109.72,109.72,109.72,109.72,109.72,111.40,111.40,111.40,111.40,111.40,111.40,111.40,111.40,111.40,111.40,111.40,111.01,111.01,111.01,111.01,111.01,110.62,110.62,110.62,110.62,110.62,110.62,110.23,110.23,110.23,110.23,110.23,110.23,110.23,110.23,110.23,110.23,110.23,110.23,110.23,110.23,110.23,110.23,110.23,110.23,110.23,110.23,110.23,110.23,110.23,110.23,110.23,110.23,110.23,110.23,110.23,110.62,110.62,110.62,110.62,131.15,131.15,131.15,131.15,131.15,131.15,131.15,131.15,131.15,131.15,131.15,131.15,131.15,131.15,131.15,131.15,131.15,130.70,130.70,130.70,132.52,132.52,132.52,132.52,132.52,132.52,132.52,132.52,132.52,132.52,132.52,132.52,132.52,132.52,132.52,132.52,132.52,132.52,132.52,132.52,132.52,132.52,132.52,132.52,132.52,132.52,132.52
Producto,0.00347219,09521299,PERIÓDICOS Y REVISTAS,107.76,109.74,109.74,109.74,109.74,109.74,109.74,109.74,109.74,109.74,109.74,109.74,109.74,109.74,109.74,109.74,109.74,109.74,109.74,109.74,110.53,110.53,110.53,110.53,110.53,110.53,110.53,110.53,110.53,109.72,109.72,109.72,109.72,109.72,109.72,109.72,111.40,111.40,111.40,111.40,111.40,111.40,111.40,111.40,111.40,111.40,111.40,111.01,111.01,111.01,111.01,111.01,110.62,110.62,110.62,110.62,110.62,110.62,110.23,110.23,110.23,110.23,110.23,110.23,110.23,110.23,110.23,110.23,110.23,110.23,110.23,110.23,110.23,110.23,110.23,110.23,110.23,110.23,110.23,110.23,110.23,110.23,110.23,110.23,110.23,110.23,110.23,110.62,110.62,110.62,110.62,131.15,131.15,131.15,131.15,131.15,131.15,131.15,131.15,131.15,131.15,131.15,131.15,131.15,131.15,131.15,131.15,131.15,130.70,130.70,130.70,132.52,132.52,132.52,132.52,132.52,132.52,132.52,132.52,132.52,132.52,132.52,132.52,132.52,132.52,132.52,132.52,132.52,132.52,132.52,132.52,132.52,132.52,132.52,132.52,132.52,132.52,132.52
Clase,0.002656024,0954,Papel y útiles de oficina y materiales de dibujo (ND),102.16,102.16,102.16,102.16,102.16,102.16,102.16,102.16,104.00,103.16,103.74,103.74,103.74,103.74,103.74,103.74,103.74,103.74,103.74,103.74,107.50,108.09,108.09,108.09,108.09,108.09,108.09,108.09,108.09,108.09,108.09,108.09,112.04,112.04,112.04,112.04,112.04,112.04,112.04,112.04,112.04,112.04,112.04,112.04,109.30,109.30,109.30,109.30,109.30,109.30,109.30,109.30,109.30,109.30,109.30,109.30,108.27,108.27,108.27,108.27,108.27,108.27,108.27,108.27,108.27,108.27,108.27,108.27,108.65,108.65,108.65,108.65,108.65,108.65,108.65,108.65,108.65,108.65,108.65,108.65,106.27,107.28,108.13,108.13,108.13,108.13,108.13,108.13,108.13,108.13,108.13,108.13,110.04,110.04,110.04,110.04,110.04,110.04,110.04,110.04,110.04,110.04,110.04,110.04,106.67,106.67,106.67,106.67,106.67,106.67,106.67,106.67,106.67,106.67,106.67,106.67,109.46,109.46,109.46,109.46,109.46,109.46,109.46,109.46,109.46,109.46,109.46,109.46,108.16,108.16,108.16,108.16,108.16,108.16,108.16,108.16,108.16,108.16
Subclase,0.002656024,09541,Papel y útiles de oficina y materiales de dibujo,102.16,102.16,102.16,102.16,102.16,102.16,102.16,102.16,104.00,103.16,103.74,103.74,103.74,103.74,103.74,103.74,103.74,103.74,103.74,103.74,107.50,108.09,108.09,108.09,108.09,108.09,108.09,108.09,108.09,108.09,108.09,108.09,112.04,112.04,112.04,112.04,112.04,112.04,112.04,112.04,112.04,112.04,112.04,112.04,109.30,109.30,109.30,109.30,109.30,109.30,109.30,109.30,109.30,109.30,109.30,109.30,108.27,108.27,108.27,108.27,108.27,108.27,108.27,108.27,108.27,108.27,108.27,108.27,108.65,108.65,108.65,108.65,108.65,108.65,108.65,108.65,108.65,108.65,108.65,108.65,106.27,107.28,108.13,108.13,108.13,108.13,108.13,108.13,108.13,108.13,108.13,108.13,110.04,110.04,110.04,110.04,110.04,110.04,110.04,110.04,110.04,110.04,110.04,110.04,106.67,106.67,106.67,106.67,106.67,106.67,106.67,106.67,106.67,106.67,106.67,106.67,109.46,109.46,109.46,109.46,109.46,109.46,109.46,109.46,109.46,109.46,109.46,109.46,108.16,108.16,108.16,108.16,108.16,108.16,108.16,108.16,108.16,108.16
Producto,0.001028735,09541300,CUADERNOS,104.89,104.89,104.89,104.89,104.89,104.89,104.89,104.89,101.90,101.90,101.90,101.90,101.90,101.90,101.90,101.90,101.90,101.90,101.90,101.90,110.50,110.50,110.50,110.50,110.50,110.50,110.50,110.50,110.50,110.50,110.50,110.50,116.48,116.48,116.48,116.48,116.48,116.48,116.48,116.48,116.48,116.48,116.48,116.48,113.73,113.73,113.73,113.73,113.73,113.73,113.73,113.73,113.73,113.73,113.73,113.73,113.73,113.73,113.73,113.73,113.73,113.73,113.73,113.73,113.73,113.73,113.73,113.73,110.69,110.69,110.69,110.69,110.69,110.69,110.69,110.69,110.69,110.69,110.69,110.69,112.09,109.63,109.10,109.10,109.10,109.10,109.10,109.10,109.10,109.10,109.10,109.10,111.03,111.03,111.03,111.03,111.03,111.03,111.03,111.03,111.03,111.03,111.03,111.03,102.20,102.20,102.20,102.20,102.20,102.20,102.20,102.20,102.20,102.20,102.20,102.20,97.00,97.00,97.00,97.00,97.00,97.00,97.00,97.00,97.00,97.00,97.00,97.00,94.17,94.17,94.17,94.17,94.17,94.17,94.17,94.17,94.17,94.17
Producto,0.000636456,09541301,BOLÍGRAFOS,98.06,98.06,98.06,98.06,98.06,98.06,98.06,98.06,104.89,101.70,101.70,101.70,101.70,101.70,101.70,101.70,101.70,101.70,101.70,101.70,105.48,105.48,105.48,105.48,105.48,105.48,105.48,105.48,105.48,105.48,105.48,105.48,107.85,107.85,107.85,107.85,107.85,107.85,107.85,107.85,107.85,107.85,107.85,107.85,100.20,100.20,100.20,100.20,100.20,100.20,100.20,100.20,100.20,100.20,100.20,100.20,105.48,105.48,105.48,105.48,105.48,105.48,105.48,105.48,105.48,105.48,105.48,105.48,111.04,111.04,111.04,111.04,111.04,111.04,111.04,111.04,111.04,111.04,111.04,111.04,108.22,111.04,111.04,111.04,111.04,111.04,111.04,111.04,111.04,111.04,111.04,111.04,108.22,108.22,108.22,108.22,108.22,108.22,108.22,108.22,108.22,108.22,108.22,108.22,108.22,108.22,108.22,108.22,108.22,108.22,108.22,108.22,108.22,108.22,108.22,108.22,118.21,118.21,118.21,118.21,118.21,118.21,118.21,118.21,118.21,118.21,118.21,118.21,116.09,116.09,116.09,116.09,116.09,116.09,116.09,116.09,116.09,116.09
Producto,0.000990832,09541302,ÚTILES ESCOLARES,102.58,102.58,102.58,102.58,102.58,102.58,102.58,102.58,105.02,104.94,106.30,106.30,106.30,106.30,106.30,106.30,106.30,106.30,106.30,106.30,106.48,107.86,107.86,107.86,107.86,107.86,107.86,107.86,107.86,107.86,107.86,107.86,111.26,111.26,111.26,111.26,111.26,111.26,111.26,111.26,111.26,111.26,111.26,111.26,111.44,111.44,111.44,111.44,111.44,111.44,111.44,111.44,111.44,111.44,111.44,111.44,105.91,105.91,105.91,105.91,105.91,105.91,105.91,105.91,105.91,105.91,105.91,105.91,105.74,105.74,105.74,105.74,105.74,105.74,105.74,105.74,105.74,105.74,105.74,105.74,100.84,103.34,105.70,105.70,105.70,105.70,105.70,105.70,105.70,105.70,105.70,105.70,110.39,110.39,110.39,110.39,110.39,110.39,110.39,110.39,110.39,110.39,110.39,110.39,109.03,109.03,109.03,109.03,109.03,109.03,109.03,109.03,109.03,109.03,109.03,109.03,113.44,113.44,113.44,113.44,113.44,113.44,113.44,113.44,113.44,113.44,113.44,113.44,113.75,113.75,113.75,113.75,113.75,113.75,113.75,113.75,113.75,113.75
Grupo,0.002125104,096,Paquetes turísticos,93.79,93.96,98.43,98.43,97.33,105.74,110.35,111.62,106.08,101.91,96.65,95.59,95.31,92.93,94.97,96.44,99.76,102.87,99.60,100.13,93.40,101.24,98.38,104.65,92.04,88.40,87.26,85.39,89.26,89.00,92.94,94.25,90.11,88.07,89.19,103.58,91.95,88.41,87.30,86.95,89.32,86.10,92.50,96.15,84.24,82.39,78.99,96.16,87.74,87.08,85.63,85.46,88.75,88.93,93.68,91.76,85.57,85.18,81.30,93.85,86.12,95.19,86.46,86.46,86.46,86.46,86.46,86.46,86.46,106.91,91.56,84.93,78.54,96.55,84.83,82.08,86.68,86.19,88.13,93.09,88.11,85.11,80.98,88.18,86.10,87.82,83.13,84.51,84.15,83.31,89.63,91.05,90.74,90.96,88.13,93.06,84.47,78.88,79.10,81.80,83.40,81.16,84.53,84.69,83.17,81.19,79.99,86.08,80.65,83.66,81.39,80.31,82.17,79.97,83.45,80.67,79.55,81.36,80.22,83.98,81.53,80.83,79.86,77.53,75.05,75.82,79.13,82.39,78.64,78.74,82.33,80.49,80.40,79.43,79.64,82.55,82.04,82.99
Clase,0.002125104,0960,Paquetes turísticos (S),93.79,93.96,98.43,98.43,97.33,105.74,110.35,111.62,106.08,101.91,96.65,95.59,95.31,92.93,94.97,96.44,99.76,102.87,99.60,100.13,93.40,101.24,98.38,104.65,92.04,88.40,87.26,85.39,89.26,89.00,92.94,94.25,90.11,88.07,89.19,103.58,91.95,88.41,87.30,86.95,89.32,86.10,92.50,96.15,84.24,82.39,78.99,96.16,87.74,87.08,85.63,85.46,88.75,88.93,93.68,91.76,85.57,85.18,81.30,93.85,86.12,95.19,86.46,86.46,86.46,86.46,86.46,86.46,86.46,106.91,91.56,84.93,78.54,96.55,84.83,82.08,86.68,86.19,88.13,93.09,88.11,85.11,80.98,88.18,86.10,87.82,83.13,84.51,84.15,83.31,89.63,91.05,90.74,90.96,88.13,93.06,84.47,78.88,79.10,81.80,83.40,81.16,84.53,84.69,83.17,81.19,79.99,86.08,80.65,83.66,81.39,80.31,82.17,79.97,83.45,80.67,79.55,81.36,80.22,83.98,81.53,80.83,79.86,77.53,75.05,75.82,79.13,82.39,78.64,78.74,82.33,80.49,80.40,79.43,79.64,82.55,82.04,82.99
Subclase,0.002125104,09601,Paquetes turísticos,93.79,93.96,98.43,98.43,97.33,105.74,110.35,111.62,106.08,101.91,96.65,95.59,95.31,92.93,94.97,96.44,99.76,102.87,99.60,100.13,93.40,101.24,98.38,104.65,92.04,88.40,87.26,85.39,89.26,89.00,92.94,94.25,90.11,88.07,89.19,103.58,91.95,88.41,87.30,86.95,89.32,86.10,92.50,96.15,84.24,82.39,78.99,96.16,87.74,87.08,85.63,85.46,88.75,88.93,93.68,91.76,85.57,85.18,81.30,93.85,86.12,95.19,86.46,86.46,86.46,86.46,86.46,86.46,86.46,106.91,91.56,84.93,78.54,96.55,84.83,82.08,86.68,86.19,88.13,93.09,88.11,85.11,80.98,88.18,86.10,87.82,83.13,84.51,84.15,83.31,89.63,91.05,90.74,90.96,88.13,93.06,84.47,78.88,79.10,81.80,83.40,81.16,84.53,84.69,83.17,81.19,79.99,86.08,80.65,83.66,81.39,80.31,82.17,79.97,83.45,80.67,79.55,81.36,80.22,83.98,81.53,80.83,79.86,77.53,75.05,75.82,79.13,82.39,78.64,78.74,82.33,80.49,80.40,79.43,79.64,82.55,82.04,82.99
Producto,0.002125104,09601303,PAQUETE DE VACACIONES,93.79,93.96,98.43,98.43,97.33,105.74,110.35,111.62,106.08,101.91,96.65,95.59,95.31,92.93,94.97,96.44,99.76,102.87,99.60,100.13,93.40,101.24,98.38,104.65,92.04,88.40,87.26,85.39,89.26,89.00,92.94,94.25,90.11,88.07,89.19,103.58,91.95,88.41,87.30,86.95,89.32,86.10,92.50,96.15,84.24,82.39,78.99,96.16,87.74,87.08,85.63,85.46,88.75,88.93,93.68,91.76,85.57,85.18,81.30,93.85,86.12,95.19,86.46,86.46,86.46,86.46,86.46,86.46,86.46,106.91,91.56,84.93,78.54,96.55,84.83,82.08,86.68,86.19,88.13,93.09,88.11,85.11,80.98,88.18,86.10,87.82,83.13,84.51,84.15,83.31,89.63,91.05,90.74,90.96,88.13,93.06,84.47,78.88,79.10,81.80,83.40,81.16,84.53,84.69,83.17,81.19,79.99,86.08,80.65,83.66,81.39,80.31,82.17,79.97,83.45,80.67,79.55,81.36,80.22,83.98,81.53,80.83,79.86,77.53,75.05,75.82,79.13,82.39,78.64,78.74,82.33,80.49,80.40,79.43,79.64,82.55,82.04,82.99
División,0.050917213,10,Educación,100.38,100.38,100.38,100.59,100.79,100.79,100.79,100.79,104.61,104.09,104.09,104.09,104.09,104.09,104.09,104.09,104.09,104.09,104.09,104.09,105.14,105.28,105.28,105.28,105.28,105.36,105.43,105.43,105.43,105.43,105.43,105.43,108.21,108.21,108.21,108.21,108.21,108.21,108.44,108.44,108.44,108.44,108.44,108.44,109.21,109.07,109.07,109.07,109.07,109.07,109.11,109.23,109.23,109.23,109.23,109.23,109.33,109.21,109.21,109.21,109.21,109.21,109.21,108.71,108.51,108.51,108.51,108.51,105.03,103.41,103.63,103.63,104.02,104.02,104.16,104.16,104.16,104.16,104.16,104.16,109.12,109.12,108.72,108.72,108.72,108.72,108.72,108.72,108.86,108.86,108.90,108.90,116.30,116.06,116.06,116.06,116.06,116.06,116.06,116.06,116.06,116.06,116.06,116.06,114.62,114.62,114.62,114.62,114.94,114.94,114.94,115.18,115.18,115.18,115.18,115.18,115.86,116.27,116.27,116.27,116.27,116.27,116.27,116.27,116.27,116.27,116.27,116.27,116.32,116.32,116.32,116.32,116.32,116.32,116.32,116.32,116.32,116.32
Grupo,0.01460889,101,Enseñanza preescolar y enseñanza primaria,100.41,100.41,100.41,100.41,100.41,100.41,100.41,100.41,109.51,109.51,109.51,109.51,109.51,109.51,109.51,109.51,109.51,109.51,109.51,109.51,112.88,113.23,113.23,113.23,113.23,113.23,113.23,113.23,113.23,113.23,113.23,113.23,117.14,117.14,117.14,117.14,117.14,117.14,117.14,117.14,117.14,117.14,117.14,117.14,119.38,119.38,119.38,119.38,119.38,119.38,119.38,119.38,119.38,119.38,119.38,119.38,120.45,120.45,120.45,120.45,120.45,120.45,120.45,120.45,120.45,120.45,120.45,120.45,106.55,105.46,105.46,105.46,105.46,105.46,105.46,105.46,105.46,105.46,105.46,105.46,109.68,109.68,109.68,109.68,109.68,109.68,109.68,109.68,109.68,109.68,109.68,109.68,126.49,126.49,126.49,126.49,126.49,126.49,126.49,126.49,126.49,126.49,126.49,126.49,127.18,127.18,127.18,127.18,127.18,127.18,127.18,127.18,127.18,127.18,127.18,127.18,132.76,133.60,133.60,133.60,133.60,133.60,133.60,133.60,133.60,133.60,133.60,133.60,135.76,135.76,135.76,135.76,135.76,135.76,135.76,135.76,135.76,135.76
Clase,0.01460889,1010,Enseñanza preescolar y enseñanza primaria (S),100.41,100.41,100.41,100.41,100.41,100.41,100.41,100.41,109.51,109.51,109.51,109.51,109.51,109.51,109.51,109.51,109.51,109.51,109.51,109.51,112.88,113.23,113.23,113.23,113.23,113.23,113.23,113.23,113.23,113.23,113.23,113.23,117.14,117.14,117.14,117.14,117.14,117.14,117.14,117.14,117.14,117.14,117.14,117.14,119.38,119.38,119.38,119.38,119.38,119.38,119.38,119.38,119.38,119.38,119.38,119.38,120.45,120.45,120.45,120.45,120.45,120.45,120.45,120.45,120.45,120.45,120.45,120.45,106.55,105.46,105.46,105.46,105.46,105.46,105.46,105.46,105.46,105.46,105.46,105.46,109.68,109.68,109.68,109.68,109.68,109.68,109.68,109.68,109.68,109.68,109.68,109.68,126.49,126.49,126.49,126.49,126.49,126.49,126.49,126.49,126.49,126.49,126.49,126.49,127.18,127.18,127.18,127.18,127.18,127.18,127.18,127.18,127.18,127.18,127.18,127.18,132.76,133.60,133.60,133.60,133.60,133.60,133.60,133.60,133.60,133.60,133.60,133.60,135.76,135.76,135.76,135.76,135.76,135.76,135.76,135.76,135.76,135.76
Subclase,0.01460889,10101,Enseñanza preescolar y enseñanza primaria,100.41,100.41,100.41,100.41,100.41,100.41,100.41,100.41,109.51,109.51,109.51,109.51,109.51,109.51,109.51,109.51,109.51,109.51,109.51,109.51,112.88,113.23,113.23,113.23,113.23,113.23,113.23,113.23,113.23,113.23,113.23,113.23,117.14,117.14,117.14,117.14,117.14,117.14,117.14,117.14,117.14,117.14,117.14,117.14,119.38,119.38,119.38,119.38,119.38,119.38,119.38,119.38,119.38,119.38,119.38,119.38,120.45,120.45,120.45,120.45,120.45,120.45,120.45,120.45,120.45,120.45,120.45,120.45,106.55,105.46,105.46,105.46,105.46,105.46,105.46,105.46,105.46,105.46,105.46,105.46,109.68,109.68,109.68,109.68,109.68,109.68,109.68,109.68,109.68,109.68,109.68,109.68,126.49,126.49,126.49,126.49,126.49,126.49,126.49,126.49,126.49,126.49,126.49,126.49,127.18,127.18,127.18,127.18,127.18,127.18,127.18,127.18,127.18,127.18,127.18,127.18,132.76,133.60,133.60,133.60,133.60,133.60,133.60,133.60,133.60,133.60,133.60,133.60,135.76,135.76,135.76,135.76,135.76,135.76,135.76,135.76,135.76,135.76
Producto,0.003623628,10101304,EDUCACIÓN INICIAL,102.85,102.85,102.85,102.85,102.85,102.85,102.85,102.85,108.20,108.20,108.20,108.20,108.20,108.20,108.20,108.20,108.20,108.20,108.20,108.20,111.46,111.80,111.80,111.80,111.80,111.80,111.80,111.80,111.80,111.80,111.80,111.80,115.67,115.67,115.67,115.67,115.67,115.67,115.67,115.67,115.67,115.67,115.67,115.67,118.35,118.35,118.35,118.35,118.35,118.35,118.35,118.35,118.35,118.35,118.35,118.35,119.41,119.41,119.41,119.41,119.41,119.41,119.41,119.41,119.41,119.41,119.41,119.41,93.99,93.04,93.04,93.04,93.04,93.04,93.04,93.04,93.04,93.04,93.04,93.04,99.14,99.14,99.14,99.14,99.14,99.14,99.14,99.14,99.14,99.14,99.14,99.14,117.87,117.87,117.87,117.87,117.87,117.87,117.87,117.87,117.87,117.87,117.87,117.87,122.37,122.37,122.37,122.37,122.37,122.37,122.37,122.37,122.37,122.37,122.37,122.37,128.02,128.02,128.02,128.02,128.02,128.02,128.02,128.02,128.02,128.02,128.02,128.02,129.66,129.66,129.66,129.66,129.66,129.66,129.66,129.66,129.66,129.66
Producto,0.010985262,10101305,EDUCACIÓN GENERAL BÁSICA,99.64,99.64,99.64,99.64,99.64,99.64,99.64,99.64,109.92,109.92,109.92,109.92,109.92,109.92,109.92,109.92,109.92,109.92,109.92,109.92,113.33,113.67,113.67,113.67,113.67,113.67,113.67,113.67,113.67,113.67,113.67,113.67,117.60,117.60,117.60,117.60,117.60,117.60,117.60,117.60,117.60,117.60,117.60,117.60,119.70,119.70,119.70,119.70,119.70,119.70,119.70,119.70,119.70,119.70,119.70,119.70,120.77,120.77,120.77,120.77,120.77,120.77,120.77,120.77,120.77,120.77,120.77,120.77,110.46,109.33,109.33,109.33,109.33,109.33,109.33,109.33,109.33,109.33,109.33,109.33,112.97,112.97,112.97,112.97,112.97,112.97,112.97,112.97,112.97,112.97,112.97,112.97,129.18,129.18,129.18,129.18,129.18,129.18,129.18,129.18,129.18,129.18,129.18,129.18,128.68,128.68,128.68,128.68,128.68,128.68,128.68,128.68,128.68,128.68,128.68,128.68,134.23,135.35,135.35,135.35,135.35,135.35,135.35,135.35,135.35,135.35,135.35,135.35,137.66,137.66,137.66,137.66,137.66,137.66,137.66,137.66,137.66,137.66
Grupo,0.012392353,102,Enseñanza secundaria,103.48,103.48,103.48,103.48,103.48,103.48,103.48,103.48,109.33,109.33,109.33,109.33,109.33,109.33,109.33,109.33,109.33,109.33,109.33,109.33,111.22,111.54,111.54,111.54,111.54,111.54,111.54,111.54,111.54,111.54,111.54,111.54,117.34,117.34,117.34,117.34,117.34,117.34,117.34,117.34,117.34,117.34,117.34,117.34,118.77,118.77,118.77,118.77,118.77,118.77,118.77,118.77,118.77,118.77,118.77,118.77,120.06,120.06,120.06,120.06,120.06,120.06,120.06,120.06,120.06,120.06,120.06,120.06,113.64,112.51,112.51,112.51,112.51,112.51,112.51,112.51,112.51,112.51,112.51,112.51,114.11,114.11,114.11,114.11,114.11,114.11,114.11,114.11,114.11,114.11,114.11,114.11,130.56,130.56,130.56,130.56,130.56,130.56,130.56,130.56,130.56,130.56,130.56,130.56,130.60,130.60,130.60,130.60,130.60,130.60,130.60,130.60,130.60,130.60,130.60,130.60,137.17,138.26,138.26,138.26,138.26,138.26,138.26,138.26,138.26,138.26,138.26,138.26,140.86,140.86,140.86,140.86,140.86,140.86,140.86,140.86,140.86,140.86
Clase,0.012392353,1020,Enseñanza secundaria (S),103.48,103.48,103.48,103.48,103.48,103.48,103.48,103.48,109.33,109.33,109.33,109.33,109.33,109.33,109.33,109.33,109.33,109.33,109.33,109.33,111.22,111.54,111.54,111.54,111.54,111.54,111.54,111.54,111.54,111.54,111.54,111.54,117.34,117.34,117.34,117.34,117.34,117.34,117.34,117.34,117.34,117.34,117.34,117.34,118.77,118.77,118.77,118.77,118.77,118.77,118.77,118.77,118.77,118.77,118.77,118.77,120.06,120.06,120.06,120.06,120.06,120.06,120.06,120.06,120.06,120.06,120.06,120.06,113.64,112.51,112.51,112.51,112.51,112.51,112.51,112.51,112.51,112.51,112.51,112.51,114.11,114.11,114.11,114.11,114.11,114.11,114.11,114.11,114.11,114.11,114.11,114.11,130.56,130.56,130.56,130.56,130.56,130.56,130.56,130.56,130.56,130.56,130.56,130.56,130.60,130.60,130.60,130.60,130.60,130.60,130.60,130.60,130.60,130.60,130.60,130.60,137.17,138.26,138.26,138.26,138.26,138.26,138.26,138.26,138.26,138.26,138.26,138.26,140.86,140.86,140.86,140.86,140.86,140.86,140.86,140.86,140.86,140.86
Subclase,0.012392353,10201,Enseñanza secundaria,103.48,103.48,103.48,103.48,103.48,103.48,103.48,103.48,109.33,109.33,109.33,109.33,109.33,109.33,109.33,109.33,109.33,109.33,109.33,109.33,111.22,111.54,111.54,111.54,111.54,111.54,111.54,111.54,111.54,111.54,111.54,111.54,117.34,117.34,117.34,117.34,117.34,117.34,117.34,117.34,117.34,117.34,117.34,117.34,118.77,118.77,118.77,118.77,118.77,118.77,118.77,118.77,118.77,118.77,118.77,118.77,120.06,120.06,120.06,120.06,120.06,120.06,120.06,120.06,120.06,120.06,120.06,120.06,113.64,112.51,112.51,112.51,112.51,112.51,112.51,112.51,112.51,112.51,112.51,112.51,114.11,114.11,114.11,114.11,114.11,114.11,114.11,114.11,114.11,114.11,114.11,114.11,130.56,130.56,130.56,130.56,130.56,130.56,130.56,130.56,130.56,130.56,130.56,130.56,130.60,130.60,130.60,130.60,130.60,130.60,130.60,130.60,130.60,130.60,130.60,130.60,137.17,138.26,138.26,138.26,138.26,138.26,138.26,138.26,138.26,138.26,138.26,138.26,140.86,140.86,140.86,140.86,140.86,140.86,140.86,140.86,140.86,140.86
Producto,0.005629964,10201306,EDUCACIÓN BÁSICA SUPERIOR,100.58,100.58,100.58,100.58,100.58,100.58,100.58,100.58,106.40,106.40,106.40,106.40,106.40,106.40,106.40,106.40,106.40,106.40,106.40,106.40,108.21,108.53,108.53,108.53,108.53,108.53,108.53,108.53,108.53,108.53,108.53,108.53,114.36,114.36,114.36,114.36,114.36,114.36,114.36,114.36,114.36,114.36,114.36,114.36,115.63,115.63,115.63,115.63,115.63,115.63,115.63,115.63,115.63,115.63,115.63,115.63,116.26,116.26,116.26,116.26,116.26,116.26,116.26,116.26,116.26,116.26,116.26,116.26,110.04,108.91,108.91,108.91,108.91,108.91,108.91,108.91,108.91,108.91,108.91,108.91,109.33,109.33,109.33,109.33,109.33,109.33,109.33,109.33,109.33,109.33,109.33,109.33,126.91,126.91,126.91,126.91,126.91,126.91,126.91,126.91,126.91,126.91,126.91,126.91,126.75,126.75,126.75,126.75,126.75,126.75,126.75,126.75,126.75,126.75,126.75,126.75,133.74,134.84,134.84,134.84,134.84,134.84,134.84,134.84,134.84,134.84,134.84,134.84,136.50,136.50,136.50,136.50,136.50,136.50,136.50,136.50,136.50,136.50
Producto,0.006444506,10201307,EDUCACIÓN BACHILLERATO,105.71,105.71,105.71,105.71,105.71,105.71,105.71,105.71,111.72,111.72,111.72,111.72,111.72,111.72,111.72,111.72,111.72,111.72,111.72,111.72,113.55,113.89,113.89,113.89,113.89,113.89,113.89,113.89,113.89,113.89,113.89,113.89,119.83,119.83,119.83,119.83,119.83,119.83,119.83,119.83,119.83,119.83,119.83,119.83,121.09,121.09,121.09,121.09,121.09,121.09,121.09,121.09,121.09,121.09,121.09,121.09,122.96,122.96,122.96,122.96,122.96,122.96,122.96,122.96,122.96,122.96,122.96,122.96,115.91,114.70,114.70,114.70,114.70,114.70,114.70,114.70,114.70,114.70,114.70,114.70,117.36,117.36,117.36,117.36,117.36,117.36,117.36,117.36,117.36,117.36,117.36,117.36,133.70,133.70,133.70,133.70,133.70,133.70,133.70,133.70,133.70,133.70,133.70,133.70,133.68,133.68,133.68,133.68,133.68,133.68,133.68,133.68,133.68,133.68,133.68,133.68,140.77,141.94,141.94,141.94,141.94,141.94,141.94,141.94,141.94,141.94,141.94,141.94,144.26,144.26,144.26,144.26,144.26,144.26,144.26,144.26,144.26,144.26
Producto,0.000317883,10201308,EDUCACIÓN BACHILLERATO A DISTANCIA,104.72,104.72,104.72,104.72,104.72,104.72,104.72,104.72,108.75,108.75,108.75,108.75,108.75,108.75,108.75,108.75,108.75,108.75,108.75,108.75,112.26,112.26,112.26,112.26,112.26,112.26,112.26,112.26,112.26,112.26,112.26,112.26,115.80,115.80,115.80,115.80,115.80,115.80,115.80,115.80,115.80,115.80,115.80,115.80,121.45,121.45,121.45,121.45,121.45,121.45,121.45,121.45,121.45,121.45,121.45,121.45,121.93,121.93,121.93,121.93,121.93,121.93,121.93,121.93,121.93,121.93,121.93,121.93,121.96,121.96,121.96,121.96,121.96,121.96,121.96,121.96,121.96,121.96,121.96,121.96,121.96,121.96,121.96,121.96,121.96,121.96,121.96,121.96,121.96,121.96,121.96,121.96,127.47,127.47,127.47,127.47,127.47,127.47,127.47,127.47,127.47,127.47,127.47,127.47,130.44,130.44,130.44,130.44,130.44,130.44,130.44,130.44,130.44,130.44,130.44,130.44,125.34,125.34,125.34,125.34,125.34,125.34,125.34,125.34,125.34,125.34,125.34,125.34,141.99,141.99,141.99,141.99,141.99,141.99,141.99,141.99,141.99,141.99
Grupo,0.017828756,104,Enseñanza terciaria,99.49,99.49,99.49,99.49,99.49,99.49,99.49,99.49,100.96,99.85,99.85,99.85,99.85,99.85,99.85,99.85,99.85,99.85,99.85,99.85,99.67,99.67,99.67,99.67,99.67,99.67,99.67,99.67,99.67,99.67,99.67,99.67,101.51,101.51,101.51,101.51,101.51,101.51,101.51,101.51,101.51,101.51,101.51,101.51,101.46,101.17,101.17,101.17,101.17,101.17,101.17,101.17,101.17,101.17,101.17,101.17,100.92,100.66,100.66,100.66,100.66,100.66,100.66,100.66,100.66,100.66,100.66,100.66,102.23,99.76,100.22,100.22,100.22,100.22,100.22,100.22,100.22,100.22,100.22,100.22,107.15,107.15,107.15,107.15,107.15,107.15,107.15,107.15,107.15,107.15,107.15,107.15,108.00,107.49,107.49,107.49,107.49,107.49,107.49,107.49,107.49,107.49,107.49,107.49,104.07,104.07,104.07,104.07,104.07,104.07,104.07,104.07,104.07,104.07,104.07,104.07,100.11,100.11,100.11,100.11,100.11,100.11,100.11,100.11,100.11,100.11,100.11,100.11,98.10,98.10,98.10,98.10,98.10,98.10,98.10,98.10,98.10,98.10
Clase,0.017828756,1040,Enseñanza terciaria (S),99.49,99.49,99.49,99.49,99.49,99.49,99.49,99.49,100.96,99.85,99.85,99.85,99.85,99.85,99.85,99.85,99.85,99.85,99.85,99.85,99.67,99.67,99.67,99.67,99.67,99.67,99.67,99.67,99.67,99.67,99.67,99.67,101.51,101.51,101.51,101.51,101.51,101.51,101.51,101.51,101.51,101.51,101.51,101.51,101.46,101.17,101.17,101.17,101.17,101.17,101.17,101.17,101.17,101.17,101.17,101.17,100.92,100.66,100.66,100.66,100.66,100.66,100.66,100.66,100.66,100.66,100.66,100.66,102.23,99.76,100.22,100.22,100.22,100.22,100.22,100.22,100.22,100.22,100.22,100.22,107.15,107.15,107.15,107.15,107.15,107.15,107.15,107.15,107.15,107.15,107.15,107.15,108.00,107.49,107.49,107.49,107.49,107.49,107.49,107.49,107.49,107.49,107.49,107.49,104.07,104.07,104.07,104.07,104.07,104.07,104.07,104.07,104.07,104.07,104.07,104.07,100.11,100.11,100.11,100.11,100.11,100.11,100.11,100.11,100.11,100.11,100.11,100.11,98.10,98.10,98.10,98.10,98.10,98.10,98.10,98.10,98.10,98.10
Subclase,0.017828756,10401,Enseñanza universitaria,99.49,99.49,99.49,99.49,99.49,99.49,99.49,99.49,100.96,99.85,99.85,99.85,99.85,99.85,99.85,99.85,99.85,99.85,99.85,99.85,99.67,99.67,99.67,99.67,99.67,99.67,99.67,99.67,99.67,99.67,99.67,99.67,101.51,101.51,101.51,101.51,101.51,101.51,101.51,101.51,101.51,101.51,101.51,101.51,101.46,101.17,101.17,101.17,101.17,101.17,101.17,101.17,101.17,101.17,101.17,101.17,100.92,100.66,100.66,100.66,100.66,100.66,100.66,100.66,100.66,100.66,100.66,100.66,102.23,99.76,100.22,100.22,100.22,100.22,100.22,100.22,100.22,100.22,100.22,100.22,107.15,107.15,107.15,107.15,107.15,107.15,107.15,107.15,107.15,107.15,107.15,107.15,108.00,107.49,107.49,107.49,107.49,107.49,107.49,107.49,107.49,107.49,107.49,107.49,104.07,104.07,104.07,104.07,104.07,104.07,104.07,104.07,104.07,104.07,104.07,104.07,100.11,100.11,100.11,100.11,100.11,100.11,100.11,100.11,100.11,100.11,100.11,100.11,98.10,98.10,98.10,98.10,98.10,98.10,98.10,98.10,98.10,98.10
Producto,0.012800604,10401309,EDUCACIÓN UNIVERSITARIA PREGRADO,100.43,100.43,100.43,100.43,100.43,100.43,100.43,100.43,102.57,102.57,102.57,102.57,102.57,102.57,102.57,102.57,102.57,102.57,102.57,102.57,98.89,98.89,98.89,98.89,98.89,98.89,98.89,98.89,98.89,98.89,98.89,98.89,101.86,101.86,101.86,101.86,101.86,101.86,101.86,101.86,101.86,101.86,101.86,101.86,101.86,101.86,101.86,101.86,101.86,101.86,101.86,101.86,101.86,101.86,101.86,101.86,101.86,101.05,101.05,101.05,101.05,101.05,101.05,101.05,101.05,101.05,101.05,101.05,101.05,96.86,97.63,97.63,97.63,97.63,97.63,97.63,97.63,97.63,97.63,97.63,109.41,109.41,109.41,109.41,109.41,109.41,109.41,109.41,109.41,109.41,109.41,109.41,110.86,109.99,109.99,109.99,109.99,109.99,109.99,109.99,109.99,109.99,109.99,109.99,112.19,112.19,112.19,112.19,112.19,112.19,112.19,112.19,112.19,112.19,112.19,112.19,106.51,106.51,106.51,106.51,106.51,106.51,106.51,106.51,106.51,106.51,106.51,106.51,106.51,106.51,106.51,106.51,106.51,106.51,106.51,106.51,106.51,106.51
Producto,0.005028152,10401310,EDUCACIÓN UNIVERSITARIA POSTGRADO,98.15,98.15,98.15,98.15,98.15,98.15,98.15,98.15,98.65,95.97,95.97,95.97,95.97,95.97,95.97,95.97,95.97,95.97,95.97,95.97,100.79,100.79,100.79,100.79,100.79,100.79,100.79,100.79,100.79,100.79,100.79,100.79,101.01,101.01,101.01,101.01,101.01,101.01,101.01,101.01,101.01,101.01,101.01,101.01,100.90,100.19,100.19,100.19,100.19,100.19,100.19,100.19,100.19,100.19,100.19,100.19,99.59,100.11,100.11,100.11,100.11,100.11,100.11,100.11,100.11,100.11,100.11,100.11,103.92,103.92,103.92,103.92,103.92,103.92,103.92,103.92,103.92,103.92,103.92,103.92,103.92,103.92,103.92,103.92,103.92,103.92,103.92,103.92,103.92,103.92,103.92,103.92,103.92,103.92,103.92,103.92,103.92,103.92,103.92,103.92,103.92,103.92,103.92,103.92,92.45,92.45,92.45,92.45,92.45,92.45,92.45,92.45,92.45,92.45,92.45,92.45,90.95,90.95,90.95,90.95,90.95,90.95,90.95,90.95,90.95,90.95,90.95,90.95,86.08,86.08,86.08,86.08,86.08,86.08,86.08,86.08,86.08,86.08
Grupo,0.006087215,105,Enseñanza no atribuible a ningún nivel,98.77,98.77,98.77,100.66,102.44,102.44,102.44,102.44,101.72,101.72,101.72,101.72,101.72,101.72,101.72,101.72,101.72,101.72,101.72,101.72,101.72,101.72,101.72,101.72,101.72,102.45,103.10,103.10,103.10,103.10,103.10,103.10,102.30,102.30,102.30,102.30,102.30,102.30,104.42,104.42,104.42,104.42,104.42,104.42,104.42,104.42,104.42,104.42,104.42,104.42,104.74,105.84,105.84,105.84,105.84,105.84,103.37,103.37,103.37,103.37,103.37,103.37,103.37,98.82,97.09,97.09,97.09,97.09,98.98,98.98,98.98,98.98,102.55,102.55,103.80,103.80,103.80,103.80,103.80,103.80,107.69,107.69,104.14,104.14,104.14,104.14,104.14,104.14,105.42,105.42,105.73,105.73,105.73,105.73,105.73,105.73,105.73,105.73,105.73,105.73,105.73,105.73,105.73,105.73,105.73,105.73,105.73,105.73,108.59,108.59,108.59,110.80,110.80,110.80,110.80,110.80,110.80,110.80,110.80,110.80,110.80,110.80,110.80,110.80,110.80,110.80,110.80,110.80,110.80,110.80,110.80,110.80,110.80,110.80,110.80,110.80,110.80,110.80
Clase,0.006087215,1050,Enseñanza no atribuible a ningún nivel (S),98.77,98.77,98.77,100.66,102.44,102.44,102.44,102.44,101.72,101.72,101.72,101.72,101.72,101.72,101.72,101.72,101.72,101.72,101.72,101.72,101.72,101.72,101.72,101.72,101.72,102.45,103.10,103.10,103.10,103.10,103.10,103.10,102.30,102.30,102.30,102.30,102.30,102.30,104.42,104.42,104.42,104.42,104.42,104.42,104.42,104.42,104.42,104.42,104.42,104.42,104.74,105.84,105.84,105.84,105.84,105.84,103.37,103.37,103.37,103.37,103.37,103.37,103.37,98.82,97.09,97.09,97.09,97.09,98.98,98.98,98.98,98.98,102.55,102.55,103.80,103.80,103.80,103.80,103.80,103.80,107.69,107.69,104.14,104.14,104.14,104.14,104.14,104.14,105.42,105.42,105.73,105.73,105.73,105.73,105.73,105.73,105.73,105.73,105.73,105.73,105.73,105.73,105.73,105.73,105.73,105.73,105.73,105.73,108.59,108.59,108.59,110.80,110.80,110.80,110.80,110.80,110.80,110.80,110.80,110.80,110.80,110.80,110.80,110.80,110.80,110.80,110.80,110.80,110.80,110.80,110.80,110.80,110.80,110.80,110.80,110.80,110.80,110.80
Subclase,0.006087215,10501,Enseñanza no atribuible a ningún nivel,98.77,98.77,98.77,100.66,102.44,102.44,102.44,102.44,101.72,101.72,101.72,101.72,101.72,101.72,101.72,101.72,101.72,101.72,101.72,101.72,101.72,101.72,101.72,101.72,101.72,102.45,103.10,103.10,103.10,103.10,103.10,103.10,102.30,102.30,102.30,102.30,102.30,102.30,104.42,104.42,104.42,104.42,104.42,104.42,104.42,104.42,104.42,104.42,104.42,104.42,104.74,105.84,105.84,105.84,105.84,105.84,103.37,103.37,103.37,103.37,103.37,103.37,103.37,98.82,97.09,97.09,97.09,97.09,98.98,98.98,98.98,98.98,102.55,102.55,103.80,103.80,103.80,103.80,103.80,103.80,107.69,107.69,104.14,104.14,104.14,104.14,104.14,104.14,105.42,105.42,105.73,105.73,105.73,105.73,105.73,105.73,105.73,105.73,105.73,105.73,105.73,105.73,105.73,105.73,105.73,105.73,105.73,105.73,108.59,108.59,108.59,110.80,110.80,110.80,110.80,110.80,110.80,110.80,110.80,110.80,110.80,110.80,110.80,110.80,110.80,110.80,110.80,110.80,110.80,110.80,110.80,110.80,110.80,110.80,110.80,110.80,110.80,110.80
Producto,0.001448665,10501311,CURSO DE COMPUTACIÓN,98.06,98.06,98.06,98.06,98.06,98.06,98.06,98.06,94.45,94.45,94.45,94.45,94.45,94.45,94.45,94.45,94.45,94.45,94.45,94.45,94.45,94.45,94.45,94.45,94.45,94.45,97.70,97.70,97.70,97.70,97.70,97.70,97.70,97.70,97.70,97.70,97.70,97.70,97.70,97.70,97.70,97.70,97.70,97.70,97.70,97.70,97.70,97.70,97.70,97.70,97.70,97.70,97.70,97.70,97.70,97.70,97.70,97.70,97.70,97.70,97.70,97.70,97.70,97.70,97.70,97.70,97.70,97.70,97.70,97.70,97.70,97.70,97.70,97.70,97.70,97.70,97.70,97.70,97.70,97.70,97.70,97.70,97.70,97.70,97.70,97.70,97.70,97.70,97.70,97.70,97.70,97.70,97.70,97.70,97.70,97.70,97.70,97.70,97.70,97.70,97.70,97.70,97.70,97.70,97.70,97.70,97.70,97.70,97.70,97.70,97.70,97.70,97.70,97.70,97.70,97.70,97.70,97.70,97.70,97.70,97.70,97.70,97.70,97.70,97.70,97.70,97.70,97.70,97.70,97.70,97.70,97.70,97.70,97.70,97.70,97.70,97.70,97.70
Producto,0.00463855,10501312,CURSO DE IDIOMAS,98.96,98.96,98.96,101.31,103.55,103.55,103.55,103.55,103.55,103.55,103.55,103.55,103.55,103.55,103.55,103.55,103.55,103.55,103.55,103.55,103.55,103.55,103.55,103.55,103.55,104.46,104.46,104.46,104.46,104.46,104.46,104.46,103.46,103.46,103.46,103.46,103.46,103.46,106.11,106.11,106.11,106.11,106.11,106.11,106.11,106.11,106.11,106.11,106.11,106.11,106.52,107.89,107.89,107.89,107.89,107.89,104.81,104.81,104.81,104.81,104.81,104.81,104.81,99.10,96.94,96.94,96.94,96.94,99.30,99.30,99.30,99.30,103.77,103.77,105.34,105.34,105.34,105.34,105.34,105.34,110.20,110.20,105.77,105.77,105.77,105.77,105.77,105.77,107.37,107.37,107.76,107.76,107.76,107.76,107.76,107.76,107.76,107.76,107.76,107.76,107.76,107.76,107.76,107.76,107.76,107.76,107.76,107.76,111.34,111.34,111.34,114.11,114.11,114.11,114.11,114.11,114.11,114.11,114.11,114.11,114.11,114.11,114.11,114.11,114.11,114.11,114.11,114.11,114.11,114.11,114.11,114.11,114.11,114.11,114.11,114.11,114.11,114.11
División,0.079639262,11,Restaurantes y hoteles,101.80,102.52,102.49,102.64,102.32,101.77,102.27,102.26,102.30,102.30,103.38,103.28,103.56,103.59,99.92,99.89,99.93,97.85,97.77,97.72,97.85,97.94,95.95,95.66,95.84,95.82,95.82,95.77,95.89,95.71,95.74,95.68,95.71,95.71,95.71,95.66,96.08,96.12,95.43,95.39,95.43,95.38,95.43,95.43,95.46,95.38,95.36,95.37,95.38,95.42,95.42,95.39,95.39,95.36,95.37,95.29,95.30,95.33,95.26,95.13,95.25,95.26,95.24,95.29,95.26,95.20,95.09,95.06,95.13,95.15,95.15,95.12,95.09,95.04,94.51,94.50,94.49,94.56,93.45,93.48,93.52,92.97,93.33,93.46,92.85,93.31,93.10,93.10,93.12,93.12,94.47,93.30,94.52,94.64,94.24,94.16,94.17,94.40,96.50,96.49,96.25,96.28,96.63,96.68,96.91,97.25,97.29,97.25,97.09,97.06,97.06,97.93,97.80,98.23,98.11,98.11,97.91,97.94,97.89,97.92,97.91,97.57,97.47,97.85,97.84,97.82,97.93,98.20,97.79,97.79,97.75,97.74,98.84,98.87,100.15,100.14,98.63,100.39
Grupo,0.07762909,111,Servicios de suministro de comidas por contrato,102.12,102.88,102.82,102.97,102.62,102.02,102.51,102.56,102.59,102.64,103.74,103.77,103.88,103.94,100.26,100.24,100.26,98.11,98.07,98.04,98.07,98.14,96.17,95.97,96.02,96.03,96.04,96.08,96.15,95.97,96.00,95.98,95.98,95.99,96.00,96.01,96.42,96.41,95.74,95.72,95.74,95.68,95.74,95.73,95.77,95.72,95.73,95.78,95.77,95.76,95.77,95.71,95.71,95.73,95.73,95.67,95.67,95.68,95.66,95.65,95.64,95.64,95.66,95.72,95.74,95.80,95.82,95.84,95.87,95.89,95.92,95.89,95.90,95.86,95.32,95.32,95.33,95.34,94.19,94.19,94.22,93.63,93.95,94.08,93.49,93.96,93.72,93.68,93.71,93.67,95.13,93.81,95.04,95.04,94.73,94.73,94.74,94.95,97.08,97.08,96.84,96.84,97.20,97.27,97.50,97.81,97.85,97.85,97.73,97.73,97.73,98.55,98.44,98.88,98.73,98.75,98.50,98.54,98.54,98.55,98.56,98.20,98.10,98.52,98.52,98.43,98.52,98.68,98.34,98.34,98.33,98.33,99.47,99.52,100.83,100.78,99.22,100.99
Clase,0.07762909,1111,"Restaurantes, cafés y establecimientos similares (S)",102.12,102.88,102.82,102.97,102.62,102.02,102.51,102.56,102.59,102.64,103.74,103.77,103.88,103.94,100.26,100.24,100.26,98.11,98.07,98.04,98.07,98.14,96.17,95.97,96.02,96.03,96.04,96.08,96.15,95.97,96.00,95.98,95.98,95.99,96.00,96.01,96.42,96.41,95.74,95.72,95.74,95.68,95.74,95.73,95.77,95.72,95.73,95.78,95.77,95.76,95.77,95.71,95.71,95.73,95.73,95.67,95.67,95.68,95.66,95.65,95.64,95.64,95.66,95.72,95.74,95.80,95.82,95.84,95.87,95.89,95.92,95.89,95.90,95.86,95.32,95.32,95.33,95.34,94.19,94.19,94.22,93.63,93.95,94.08,93.49,93.96,93.72,93.68,93.71,93.67,95.13,93.81,95.04,95.04,94.73,94.73,94.74,94.95,97.08,97.08,96.84,96.84,97.20,97.27,97.50,97.81,97.85,97.85,97.73,97.73,97.73,98.55,98.44,98.88,98.73,98.75,98.50,98.54,98.54,98.55,98.56,98.20,98.10,98.52,98.52,98.43,98.52,98.68,98.34,98.34,98.33,98.33,99.47,99.52,100.83,100.78,99.22,100.99
Subclase,0.07762909,11111,"Restaurantes, cafés y establecimientos similares",102.12,102.88,102.82,102.97,102.62,102.02,102.51,102.56,102.59,102.64,103.74,103.77,103.88,103.94,100.26,100.24,100.26,98.11,98.07,98.04,98.07,98.14,96.17,95.97,96.02,96.03,96.04,96.08,96.15,95.97,96.00,95.98,95.98,95.99,96.00,96.01,96.42,96.41,95.74,95.72,95.74,95.68,95.74,95.73,95.77,95.72,95.73,95.78,95.77,95.76,95.77,95.71,95.71,95.73,95.73,95.67,95.67,95.68,95.66,95.65,95.64,95.64,95.66,95.72,95.74,95.80,95.82,95.84,95.87,95.89,95.92,95.89,95.90,95.86,95.32,95.32,95.33,95.34,94.19,94.19,94.22,93.63,93.95,94.08,93.49,93.96,93.72,93.68,93.71,93.67,95.13,93.81,95.04,95.04,94.73,94.73,94.74,94.95,97.08,97.08,96.84,96.84,97.20,97.27,97.50,97.81,97.85,97.85,97.73,97.73,97.73,98.55,98.44,98.88,98.73,98.75,98.50,98.54,98.54,98.55,98.56,98.20,98.10,98.52,98.52,98.43,98.52,98.68,98.34,98.34,98.33,98.33,99.47,99.52,100.83,100.78,99.22,100.99
Producto,0.00054352,11111313,DESAYUNO,94.54,94.54,94.54,94.54,94.54,92.75,92.75,94.79,94.79,94.79,94.79,94.79,94.79,94.79,94.79,91.40,91.40,91.40,91.40,91.40,91.40,91.40,91.40,91.40,91.40,91.40,91.40,91.40,94.22,94.22,94.22,94.22,94.22,94.22,94.22,94.22,94.22,94.22,94.22,94.22,94.22,94.22,95.17,95.17,95.17,95.17,95.17,95.17,95.17,95.17,95.17,95.17,95.17,95.17,95.17,95.17,95.17,95.17,95.17,95.17,95.17,95.17,95.17,95.17,95.17,95.17,95.17,95.17,95.17,95.17,95.17,95.17,95.17,95.17,95.17,95.17,95.17,95.17,95.17,95.17,95.38,93.80,93.80,95.38,95.38,95.38,95.38,95.38,95.38,95.38,96.52,96.52,96.52,96.52,96.52,96.52,96.52,96.52,106.47,106.47,106.47,106.47,106.47,106.47,114.33,114.33,114.33,114.33,110.93,110.93,110.93,110.93,110.93,110.93,110.93,110.93,110.93,110.93,110.93,112.15,112.15,112.15,112.15,112.15,112.15,112.15,112.15,112.15,112.15,112.15,112.15,112.15,113.27,113.27,113.27,113.27,111.74,109.37
Producto,0.048204076,11111314,ALMUERZO POPULAR,101.70,101.70,101.70,101.70,101.70,101.70,101.70,101.70,101.70,101.70,103.49,103.49,103.49,103.49,97.70,97.70,97.70,97.70,97.70,97.70,97.70,97.70,94.78,94.78,94.78,94.78,94.78,94.78,94.78,94.78,94.78,94.78,94.78,94.78,94.78,94.78,94.78,94.78,94.78,94.78,94.78,94.78,94.78,94.78,94.78,94.78,94.78,94.78,94.78,94.78,94.78,94.78,94.78,94.78,94.78,94.78,94.78,94.78,94.78,94.78,94.78,94.78,94.78,94.78,94.78,94.78,94.78,94.78,94.78,94.78,94.78,94.78,94.78,94.78,94.78,94.78,94.78,94.78,94.78,94.78,94.78,94.78,94.78,94.78,93.41,93.41,93.41,93.41,93.41,93.41,94.91,94.91,94.91,94.91,94.91,94.91,94.91,94.91,97.84,97.84,97.84,97.84,97.84,97.84,97.84,97.84,97.84,97.84,97.84,97.84,97.84,97.84,97.84,99.26,99.26,99.26,99.26,99.26,99.26,99.26,99.26,99.26,99.26,99.26,99.26,99.26,99.26,99.26,99.26,99.26,99.26,99.26,99.26,99.26,101.85,101.85,98.76,101.33
Producto,0.01436788,11111315,ALMUERZO EJECUTIVO ,104.98,108.27,108.27,108.27,108.27,104.98,107.48,107.48,107.48,107.48,106.53,106.53,106.53,106.53,106.53,106.53,106.53,95.35,95.35,95.35,95.37,95.37,95.37,95.37,95.37,95.37,95.37,95.37,95.37,94.58,94.58,94.58,94.58,94.58,94.58,94.58,96.79,96.79,93.09,93.09,93.09,93.09,93.09,93.09,93.09,93.09,93.09,93.09,93.09,93.09,93.09,93.09,93.09,93.09,93.09,93.09,93.09,93.09,93.09,93.09,93.09,93.09,93.09,93.09,93.09,93.09,93.09,93.09,93.09,93.09,93.09,93.09,93.09,93.09,90.17,90.17,90.17,90.17,83.68,83.68,83.68,82.09,83.68,83.68,84.64,87.16,85.70,85.08,84.97,84.78,86.44,79.27,85.37,85.37,83.72,83.72,83.72,84.58,85.42,85.42,84.05,84.05,85.42,85.42,85.42,87.07,87.07,87.07,87.07,87.07,87.07,88.74,88.50,85.88,85.09,85.09,83.46,83.46,83.46,83.46,83.46,80.51,80.51,82.22,82.22,81.78,81.78,81.78,79.85,79.85,79.85,79.85,84.88,84.88,83.25,83.25,83.98,83.98
Producto,0.005920828,11111316,COMIDA TRADICIONAL PREPARADA ,104.97,106.24,106.24,107.45,106.26,106.66,106.66,105.96,106.93,107.91,108.61,108.61,108.61,108.61,108.61,108.61,108.61,108.61,108.61,108.61,108.61,108.61,107.60,105.44,104.86,105.14,105.26,104.77,106.11,106.11,106.11,106.11,106.11,106.11,106.11,106.11,106.11,106.11,106.11,106.11,106.92,106.92,106.92,106.92,106.92,106.92,106.92,106.92,106.92,106.92,106.92,106.92,106.92,106.92,106.92,106.92,106.92,106.92,106.92,106.92,106.92,106.92,106.92,107.73,107.73,107.73,107.73,107.73,107.73,107.73,107.73,107.73,107.73,107.73,107.73,107.73,107.73,107.73,108.74,108.74,108.74,107.06,107.06,108.74,110.30,110.30,110.30,110.69,110.69,110.69,113.07,112.57,112.57,112.57,112.57,112.57,112.57,113.52,113.70,113.70,113.70,115.07,115.07,115.07,115.07,115.07,115.18,115.18,115.18,115.18,115.18,117.06,116.81,117.33,117.33,117.33,117.33,117.33,117.33,117.33,117.33,119.85,119.85,121.53,121.53,121.53,121.53,123.00,123.00,123.00,123.00,123.00,123.58,123.58,123.20,122.06,122.74,125.51
Producto,0.004269664,11111317,PLATOS PREPARADOS,99.14,100.02,98.70,100.39,94.13,94.01,94.26,94.28,93.36,94.19,93.85,94.49,94.93,96.27,95.77,96.07,96.50,96.31,95.42,94.84,94.90,95.62,94.71,92.73,93.50,93.57,93.59,94.98,94.25,92.66,91.24,90.49,90.54,90.68,90.88,91.15,90.85,90.65,90.57,90.13,89.93,89.61,90.50,90.36,90.74,89.58,89.80,90.80,90.62,90.51,90.78,89.37,89.33,89.77,89.89,88.51,88.49,88.71,88.31,88.15,87.89,87.98,88.34,88.50,88.70,88.90,89.37,89.84,90.41,90.82,91.33,90.75,91.06,91.11,91.29,91.29,91.29,91.41,91.89,91.89,91.09,90.57,90.97,91.71,91.03,91.39,92.11,93.35,94.12,94.03,94.53,94.80,94.92,94.92,94.92,94.80,95.09,95.09,97.04,97.04,97.33,97.33,97.33,97.60,97.47,97.47,98.26,98.26,98.42,98.42,98.42,99.80,99.57,99.57,99.57,99.52,99.52,99.52,99.52,99.52,99.60,100.18,100.18,100.18,100.18,100.18,100.10,100.10,100.10,100.10,100.10,100.10,100.76,100.76,100.76,100.76,101.78,102.53
Producto,0.001566352,11111318,COMIDA RÁPIDA,100.28,100.74,100.74,100.74,100.74,100.74,101.30,101.30,102.44,102.66,104.25,104.25,104.25,104.25,104.25,104.25,104.25,104.25,104.25,104.25,105.36,105.36,103.71,103.71,105.29,105.29,105.29,105.29,105.59,105.59,107.57,108.40,108.40,108.40,108.40,108.40,108.40,108.40,108.40,108.40,108.40,106.41,106.41,106.41,106.41,106.41,106.41,106.41,106.41,106.41,106.41,106.41,106.41,106.41,106.41,106.41,106.41,106.41,106.41,106.41,106.41,106.41,106.41,106.41,107.84,110.21,110.21,110.21,110.21,110.21,110.21,110.21,110.21,108.99,108.99,108.99,108.99,108.99,108.99,108.99,108.99,103.06,103.06,103.06,103.06,102.21,102.21,102.21,103.06,103.06,103.06,103.06,104.64,104.64,104.64,104.64,104.64,104.64,104.64,104.64,104.64,101.89,103.03,105.81,106.52,106.52,106.52,106.52,105.77,105.77,105.77,109.83,109.79,109.79,109.79,109.79,112.45,112.45,112.45,112.45,112.45,112.45,109.79,109.50,109.50,109.50,109.50,110.85,111.97,111.97,111.97,111.97,116.17,117.32,117.32,117.32,117.51,117.51
Producto,0.00239455,11111319,HAMBURGUESA Y SÁNDUCHE,98.49,98.93,98.93,99.39,99.39,99.85,99.85,101.11,101.11,100.10,102.53,102.53,103.89,103.96,103.96,103.96,103.96,103.10,103.10,103.10,103.10,103.78,103.78,103.78,103.78,103.78,103.78,103.78,103.78,104.70,106.00,106.00,106.00,106.00,106.00,106.00,106.00,106.00,106.69,106.69,106.60,106.60,106.60,106.60,107.17,107.17,107.17,107.17,107.17,107.17,107.17,107.17,107.17,107.17,107.17,107.17,107.17,107.17,107.17,107.17,107.17,107.17,107.17,107.25,106.72,106.64,106.64,106.64,106.64,106.80,106.80,106.80,106.80,106.39,106.39,106.39,106.39,106.39,106.39,106.39,107.92,106.72,106.72,106.72,107.98,107.98,107.98,107.98,107.98,107.98,109.08,110.09,111.21,111.21,111.21,111.21,111.21,111.21,108.70,108.70,108.70,108.70,110.44,110.44,112.64,112.64,112.64,112.64,110.76,110.76,110.76,116.23,115.41,115.41,115.41,115.41,115.41,115.79,115.79,115.79,115.79,116.04,115.05,115.38,115.38,115.38,116.51,117.40,117.40,117.40,116.88,116.88,117.00,117.62,117.62,117.62,119.26,119.26
Producto,0.000123941,11111320,BEBIDAS CALIENTES,117.25,117.92,117.92,117.92,117.92,117.92,117.92,117.92,117.92,117.92,117.92,117.92,117.92,117.92,117.92,117.92,117.92,117.92,117.92,117.92,117.92,117.92,117.92,117.92,117.92,117.92,117.92,117.92,117.92,118.69,118.69,118.69,118.69,118.69,118.69,118.69,118.69,118.69,118.69,118.69,118.69,118.69,118.69,118.69,118.69,118.69,118.69,118.69,118.69,118.69,118.69,118.69,118.69,118.69,118.69,118.69,118.69,118.69,118.69,118.69,118.69,118.69,118.69,121.95,121.95,121.95,121.95,121.95,121.95,121.95,121.95,121.95,121.95,121.95,121.95,121.95,121.95,121.95,121.95,121.95,121.95,116.73,116.73,116.73,119.36,119.36,119.36,119.36,119.36,119.36,119.36,121.72,121.72,121.72,121.72,121.72,121.72,121.72,126.34,126.34,126.34,126.34,126.34,126.34,131.12,131.12,131.12,131.12,131.12,131.12,131.12,138.89,137.56,137.56,137.56,137.56,137.56,143.71,143.71,143.71,143.71,151.80,151.80,151.80,151.80,151.80,160.56,160.56,160.56,160.56,161.61,161.61,167.73,167.73,167.73,167.73,185.78,185.78
Producto,0.000238278,11111321,POSTRES PREPARADOS,93.78,94.70,94.70,94.70,94.70,94.70,94.70,94.70,94.70,95.58,95.58,95.58,99.95,99.95,99.95,99.95,99.95,99.95,99.95,99.95,99.95,99.95,101.03,101.03,101.03,101.03,101.03,101.03,101.03,101.03,101.03,101.03,101.03,101.03,101.03,101.03,101.03,101.03,101.03,101.03,101.03,101.03,101.03,101.03,101.03,101.03,101.03,101.03,101.03,101.03,101.03,101.03,101.03,101.03,101.03,101.03,101.03,101.03,101.03,101.03,101.03,101.03,101.03,101.03,101.03,101.03,101.03,101.03,101.03,101.03,101.03,101.03,101.03,101.03,101.03,101.03,102.05,102.05,102.05,102.05,102.05,108.09,108.09,108.09,104.74,104.74,104.74,104.74,104.74,104.74,104.74,102.33,102.33,102.33,102.33,102.33,102.33,102.33,102.33,102.33,102.33,102.33,102.33,102.33,105.49,105.49,105.49,105.49,105.49,105.49,105.49,105.49,105.49,105.49,105.49,109.30,109.30,109.49,109.49,109.49,109.49,109.49,109.49,111.43,111.43,111.43,111.43,116.51,116.51,116.51,116.51,116.51,118.21,118.21,118.21,118.21,125.89,125.89
Grupo,0.002010173,112,Servicios de alojamiento,87.67,86.95,88.18,87.84,89.03,90.84,91.69,89.06,89.55,87.73,87.49,81.60,89.62,88.20,84.93,84.54,85.56,86.07,84.37,83.56,87.87,89.03,86.39,81.76,88.13,86.34,86.30,82.01,84.35,84.44,84.32,82.49,83.56,83.19,82.91,80.34,81.52,83.47,81.97,81.02,81.83,81.85,81.85,82.23,81.66,80.57,79.41,77.62,78.56,80.62,80.06,81.42,81.32,79.06,79.58,78.77,79.22,80.04,77.96,72.25,78.34,78.35,76.90,76.51,74.10,69.08,63.02,60.90,62.70,62.67,61.57,61.54,59.50,58.89,58.79,58.59,57.76,60.41,61.37,62.40,62.84,64.08,66.13,66.10,65.08,64.79,66.14,67.82,67.11,68.90,65.91,70.97,71.42,77.16,72.61,69.34,69.35,70.43,70.85,70.42,70.46,71.76,71.59,70.76,70.89,72.74,72.56,70.85,69.36,68.09,67.92,70.97,69.77,69.70,71.00,70.45,72.03,71.57,69.47,69.93,69.67,69.83,69.93,68.66,68.10,70.87,72.03,76.94,73.34,73.42,72.64,71.96,71.03,70.00,70.10,72.32,72.80,74.38
Clase,0.002010173,1121,Servicios de alojamiento (S),87.67,86.95,88.18,87.84,89.03,90.84,91.69,89.06,89.55,87.73,87.49,81.60,89.62,88.20,84.93,84.54,85.56,86.07,84.37,83.56,87.87,89.03,86.39,81.76,88.13,86.34,86.30,82.01,84.35,84.44,84.32,82.49,83.56,83.19,82.91,80.34,81.52,83.47,81.97,81.02,81.83,81.85,81.85,82.23,81.66,80.57,79.41,77.62,78.56,80.62,80.06,81.42,81.32,79.06,79.58,78.77,79.22,80.04,77.96,72.25,78.34,78.35,76.90,76.51,74.10,69.08,63.02,60.90,62.70,62.67,61.57,61.54,59.50,58.89,58.79,58.59,57.76,60.41,61.37,62.40,62.84,64.08,66.13,66.10,65.08,64.79,66.14,67.82,67.11,68.90,65.91,70.97,71.42,77.16,72.61,69.34,69.35,70.43,70.85,70.42,70.46,71.76,71.59,70.76,70.89,72.74,72.56,70.85,69.36,68.09,67.92,70.97,69.77,69.70,71.00,70.45,72.03,71.57,69.47,69.93,69.67,69.83,69.93,68.66,68.10,70.87,72.03,76.94,73.34,73.42,72.64,71.96,71.03,70.00,70.10,72.32,72.80,74.38
Subclase,0.002010173,11211,Servicios de alojamiento,87.67,86.95,88.18,87.84,89.03,90.84,91.69,89.06,89.55,87.73,87.49,81.60,89.62,88.20,84.93,84.54,85.56,86.07,84.37,83.56,87.87,89.03,86.39,81.76,88.13,86.34,86.30,82.01,84.35,84.44,84.32,82.49,83.56,83.19,82.91,80.34,81.52,83.47,81.97,81.02,81.83,81.85,81.85,82.23,81.66,80.57,79.41,77.62,78.56,80.62,80.06,81.42,81.32,79.06,79.58,78.77,79.22,80.04,77.96,72.25,78.34,78.35,76.90,76.51,74.10,69.08,63.02,60.90,62.70,62.67,61.57,61.54,59.50,58.89,58.79,58.59,57.76,60.41,61.37,62.40,62.84,64.08,66.13,66.10,65.08,64.79,66.14,67.82,67.11,68.90,65.91,70.97,71.42,77.16,72.61,69.34,69.35,70.43,70.85,70.42,70.46,71.76,71.59,70.76,70.89,72.74,72.56,70.85,69.36,68.09,67.92,70.97,69.77,69.70,71.00,70.45,72.03,71.57,69.47,69.93,69.67,69.83,69.93,68.66,68.10,70.87,72.03,76.94,73.34,73.42,72.64,71.96,71.03,70.00,70.10,72.32,72.80,74.38
Producto,0.001486692,11211322,ALOJAMIENTO EN HOTELES,86.35,85.52,86.73,86.36,87.61,89.76,90.69,87.69,88.22,86.24,85.97,79.55,88.28,86.75,83.04,82.60,83.72,84.31,82.62,81.74,86.47,87.70,84.78,79.58,86.61,84.62,84.62,79.85,82.36,82.48,82.42,80.42,81.63,81.20,80.81,78.04,79.36,81.50,79.83,78.89,79.75,79.78,79.69,80.24,79.62,78.43,77.08,75.11,76.25,78.59,77.90,79.36,79.25,76.79,77.38,76.49,77.02,78.03,75.81,69.53,76.16,76.09,74.51,74.12,71.63,66.33,59.84,57.52,59.56,59.44,58.26,58.20,56.02,55.39,55.31,55.09,54.21,57.09,58.07,59.20,59.55,60.80,63.05,63.14,62.00,61.70,63.19,64.99,64.23,66.23,63.08,68.48,69.01,75.23,70.19,66.65,66.66,67.82,68.25,67.76,67.83,69.30,69.11,68.20,68.34,70.33,70.16,68.30,66.68,65.25,65.00,68.22,67.00,66.89,68.31,67.68,69.40,68.92,66.68,67.23,66.94,67.07,67.14,65.86,65.21,68.18,69.42,74.82,70.90,70.95,70.09,69.37,68.30,67.20,67.27,69.71,70.16,71.89
Producto,0.00052348,11211323,ALOJAMIENTO EN HOSTALES,102.45,102.95,104.41,104.41,104.95,102.95,102.95,104.41,104.41,104.41,104.57,104.57,104.57,104.40,106.15,106.32,106.15,105.73,103.93,103.93,103.57,103.97,104.49,106.27,105.17,105.58,105.15,106.16,106.62,106.35,105.54,105.79,105.16,105.56,106.47,106.11,105.63,105.59,105.93,105.01,105.13,105.13,106.07,104.56,104.56,104.56,105.51,105.82,104.40,103.32,104.25,104.48,104.56,104.56,104.31,104.31,103.91,102.65,102.17,102.80,102.80,103.67,103.67,103.27,101.84,99.89,98.62,98.79,97.96,98.91,98.64,98.98,98.52,98.14,97.87,97.84,97.59,97.59,98.33,98.33,99.67,100.86,100.66,99.29,99.67,99.40,99.27,99.48,99.39,98.83,97.63,98.86,98.40,98.86,99.72,99.50,99.60,99.79,100.02,100.24,100.00,99.31,99.31,99.48,99.48,99.77,99.45,99.34,99.43,99.99,100.59,101.81,100.84,101.28,101.22,101.49,101.49,101.24,100.83,100.25,100.31,100.78,101.18,100.02,100.41,101.05,101.30,100.66,100.69,101.08,101.15,100.91,101.59,101.36,101.85,101.57,102.32,102.32
División,0.098640264,12,Bienes y servicios diversos,100.23,101.86,102.32,102.63,102.52,102.56,102.79,102.77,102.92,102.65,103.07,103.33,104.03,104.33,104.12,104.63,104.17,105.50,105.65,105.84,105.84,106.04,105.88,106.32,105.73,105.53,105.51,105.83,105.79,104.54,104.93,104.30,104.14,104.88,104.76,104.56,106.65,107.37,107.07,106.85,107.72,106.80,106.42,106.08,106.49,106.59,106.43,106.45,106.34,106.33,105.75,106.18,105.23,105.51,105.10,105.76,105.38,105.56,105.56,105.71,105.58,104.94,104.81,105.32,105.43,105.76,105.53,105.02,104.61,104.50,104.20,104.59,104.32,104.33,104.19,104.61,105.20,104.62,104.47,104.57,104.06,103.99,103.38,104.34,104.58,104.10,105.31,105.52,106.09,105.82,106.30,107.27,107.09,106.69,107.25,107.26,106.82,107.65,107.30,107.81,107.82,107.92,108.15,107.02,106.99,107.90,107.10,106.90,108.24,107.77,108.18,110.21,110.08,110.17,110.41,110.32,110.60,110.21,109.74,111.15,111.55,111.91,112.15,112.24,112.35,112.92,113.41,114.11,115.28,114.84,115.03,115.22,115.76,115.86,116.88,118.16,118.10,117.52
Grupo,0.058370117,121,Cuidado personal,99.97,101.46,102.23,102.85,102.67,102.66,103.14,103.06,103.32,102.91,103.52,103.99,104.57,105.22,104.93,105.70,104.92,107.22,107.49,107.85,107.87,108.23,107.99,108.80,108.40,108.01,107.91,108.46,108.38,106.33,106.98,105.93,105.83,107.12,106.96,106.60,106.26,107.52,107.00,106.60,108.15,107.37,106.72,106.12,106.77,106.91,106.60,106.64,106.47,106.48,105.47,106.22,104.59,105.12,104.41,105.56,105.06,105.38,105.39,105.65,105.42,104.31,104.08,104.97,105.17,105.74,105.36,104.51,103.96,103.81,103.04,103.68,102.88,102.79,102.56,103.28,104.31,103.30,102.93,103.11,102.24,102.99,101.98,103.62,104.09,102.63,104.00,105.19,106.08,105.59,105.77,106.83,106.32,107.10,108.10,108.09,107.31,108.11,107.42,107.61,108.01,108.17,108.15,106.19,106.14,107.71,106.33,105.96,108.18,107.35,107.78,110.94,110.61,110.91,111.30,111.15,111.54,110.82,109.98,112.40,112.13,112.51,113.60,113.74,113.76,114.26,114.39,115.40,116.23,115.38,114.81,115.10,114.76,114.83,116.41,118.05,118.00,117.42
Clase,0.009194461,1211,Salones de peluquería y establecimientos de cuidados personales (S),108.73,108.73,108.73,108.73,108.73,108.73,108.73,108.73,108.73,108.73,108.48,108.48,108.48,109.41,109.41,109.41,109.41,109.41,109.41,109.41,109.79,109.79,109.45,109.28,109.28,109.28,109.28,109.28,109.28,109.28,109.28,109.28,109.28,109.10,108.59,108.59,108.59,112.99,112.99,114.71,114.71,114.71,114.71,114.71,114.71,114.71,113.78,113.78,113.78,113.96,113.96,113.96,112.82,112.82,112.82,112.60,112.60,112.60,112.60,112.60,112.60,112.60,112.60,112.60,112.60,112.60,112.60,110.14,110.14,110.14,109.81,109.81,109.81,109.81,109.81,109.81,109.81,109.81,109.81,110.06,110.66,109.15,110.04,110.04,111.85,111.85,111.85,112.54,112.54,112.54,113.78,113.78,113.78,113.78,113.78,113.78,113.78,115.96,115.96,111.14,111.14,111.14,111.14,111.14,111.14,111.14,111.14,111.14,111.34,113.23,114.93,116.05,116.05,116.05,116.05,116.05,116.05,116.05,116.05,116.05,116.05,118.01,118.01,118.71,118.71,119.68,119.68,120.68,120.68,120.68,120.68,120.68,122.75,122.75,124.87,124.87,124.87,128.08
Subclase,0.009194461,12111,Salones de peluquería y establecimientos de cuidados personales,108.73,108.73,108.73,108.73,108.73,108.73,108.73,108.73,108.73,108.73,108.48,108.48,108.48,109.41,109.41,109.41,109.41,109.41,109.41,109.41,109.79,109.79,109.45,109.28,109.28,109.28,109.28,109.28,109.28,109.28,109.28,109.28,109.28,109.10,108.59,108.59,108.59,112.99,112.99,114.71,114.71,114.71,114.71,114.71,114.71,114.71,113.78,113.78,113.78,113.96,113.96,113.96,112.82,112.82,112.82,112.60,112.60,112.60,112.60,112.60,112.60,112.60,112.60,112.60,112.60,112.60,112.60,110.14,110.14,110.14,109.81,109.81,109.81,109.81,109.81,109.81,109.81,109.81,109.81,110.06,110.66,109.15,110.04,110.04,111.85,111.85,111.85,112.54,112.54,112.54,113.78,113.78,113.78,113.78,113.78,113.78,113.78,115.96,115.96,111.14,111.14,111.14,111.14,111.14,111.14,111.14,111.14,111.14,111.34,113.23,114.93,116.05,116.05,116.05,116.05,116.05,116.05,116.05,116.05,116.05,116.05,118.01,118.01,118.71,118.71,119.68,119.68,120.68,120.68,120.68,120.68,120.68,122.75,122.75,124.87,124.87,124.87,128.08
Producto,0.000950944,12111324,LAVADO Y CEPILLADO DE CABELLO PARA MUJER,101.13,101.13,101.13,101.13,101.13,101.13,101.13,101.13,101.13,101.13,97.51,97.51,97.51,96.26,96.26,96.26,96.26,96.26,96.26,96.26,101.81,101.81,101.81,99.23,99.23,99.23,99.23,99.23,99.23,99.23,99.23,99.23,99.23,96.71,96.71,96.71,96.71,99.23,99.23,99.23,99.23,99.23,99.23,99.23,99.23,99.23,99.23,99.23,99.23,101.81,101.81,101.81,104.57,104.57,104.57,101.44,101.44,101.44,101.44,101.44,101.44,101.44,101.44,101.44,101.44,101.44,101.44,101.44,101.44,101.44,101.44,101.44,101.44,101.44,101.44,101.44,101.44,101.44,101.44,101.44,99.46,91.35,91.35,91.35,98.79,98.79,98.79,98.79,98.79,98.79,98.79,98.79,98.79,98.79,98.79,98.79,98.79,107.57,107.57,95.83,95.83,95.83,95.83,95.83,95.83,95.83,95.83,95.83,98.79,105.97,109.99,109.99,109.99,109.99,109.99,109.99,109.99,109.99,109.99,109.99,109.99,109.99,109.99,109.99,109.99,109.99,109.99,114.16,114.16,114.16,114.16,114.16,114.16,114.16,114.16,114.16,114.16,114.16
Producto,0.004825923,12111325,CORTE DE CABELLO,103.20,103.20,103.20,103.20,103.20,103.20,103.20,103.20,103.20,103.20,103.20,103.20,103.20,103.20,103.20,103.20,103.20,103.20,103.20,103.20,103.20,103.20,103.20,103.20,103.20,103.20,103.20,103.20,103.20,103.20,103.20,103.20,103.20,103.20,103.20,103.20,103.20,106.31,106.31,106.31,106.31,106.31,106.31,106.31,106.31,106.31,106.31,106.31,106.31,106.31,106.31,106.31,103.97,103.97,103.97,103.97,103.97,103.97,103.97,103.97,103.97,103.97,103.97,103.97,103.97,103.97,103.97,99.63,99.63,99.63,99.63,99.63,99.63,99.63,99.63,99.63,99.63,99.63,99.63,101.16,102.47,102.64,102.64,102.64,104.21,104.21,104.21,104.21,104.21,104.21,104.21,104.21,104.21,104.21,104.21,104.21,104.21,106.17,106.17,100.21,100.21,100.21,100.21,100.21,100.21,100.21,100.21,100.21,100.21,103.41,105.92,107.91,107.91,107.91,107.91,107.91,107.91,107.91,107.91,107.91,107.91,109.93,109.93,111.16,111.16,112.86,112.86,114.13,114.13,114.13,114.13,114.13,117.77,117.77,117.77,117.77,117.77,119.57
Producto,0.001438249,12111326,MANICURE,110.29,110.29,110.29,110.29,110.29,110.29,110.29,110.29,110.29,110.29,110.29,110.29,110.29,121.16,121.16,121.16,121.16,121.16,121.16,121.16,121.16,121.16,117.54,117.54,117.54,117.54,117.54,117.54,117.54,117.54,117.54,117.54,117.54,117.54,112.03,112.03,112.03,117.54,117.54,117.54,117.54,117.54,117.54,117.54,117.54,117.54,117.54,117.54,117.54,117.54,117.54,117.54,117.54,117.54,117.54,117.54,117.54,117.54,117.54,117.54,117.54,117.54,117.54,117.54,117.54,117.54,117.54,117.54,117.54,117.54,114.02,114.02,114.02,114.02,114.02,114.02,114.02,114.02,114.02,114.02,114.02,114.02,114.02,114.02,118.34,118.34,118.34,125.75,125.75,125.75,131.93,131.93,131.93,131.93,131.93,131.93,131.93,136.93,136.93,125.75,125.75,125.75,125.75,125.75,125.75,125.75,125.75,125.75,125.75,121.16,121.16,121.16,121.16,121.16,121.16,121.16,121.16,121.16,121.16,121.16,121.16,121.16,121.16,121.16,121.16,121.16,121.16,121.16,121.16,121.16,121.16,121.16,121.16,121.16,129.03,129.03,129.03,132.38
Producto,0.001979346,12111327,TRATAMIENTOS PARA EL CABELLO,121.73,121.73,121.73,121.73,121.73,121.73,121.73,121.73,121.73,121.73,121.73,121.73,121.73,121.73,121.73,121.73,121.73,121.73,121.73,121.73,121.73,121.73,121.73,121.73,121.73,121.73,121.73,121.73,121.73,121.73,121.73,121.73,121.73,121.73,121.73,121.73,121.73,128.94,128.94,135.27,135.27,135.27,135.27,135.27,135.27,135.27,131.84,131.84,131.84,131.84,131.84,131.84,131.84,131.84,131.84,131.84,131.84,131.84,131.84,131.84,131.84,131.84,131.84,131.84,131.84,131.84,131.84,131.84,131.84,131.84,131.84,131.84,131.84,131.84,131.84,131.84,131.84,131.84,131.84,129.55,129.55,125.67,128.94,128.94,128.94,128.94,128.94,128.94,128.94,128.94,131.40,131.40,131.40,131.40,131.40,131.40,131.40,131.40,131.40,132.92,132.92,132.92,132.92,132.92,132.92,132.92,132.92,132.92,132.92,132.92,132.92,132.92,132.92,132.92,132.92,132.92,132.92,132.92,132.92,132.92,132.92,135.91,135.91,135.91,135.91,135.91,135.91,135.91,135.91,135.91,135.91,135.91,135.91,135.91,141.06,141.06,141.06,147.99
Clase,0.000173319,1212,Aparatos eléctricos para el cuidado personal (D),99.23,99.23,99.23,99.23,98.06,100.37,99.90,99.90,103.68,103.68,103.68,103.68,103.68,103.68,103.68,103.68,103.68,105.63,106.00,111.02,111.02,111.02,111.02,111.02,108.21,106.10,106.10,106.10,106.44,102.62,102.62,99.54,99.54,99.54,99.54,96.58,96.58,96.58,95.37,95.37,95.37,95.37,95.37,95.37,95.37,95.37,95.37,93.51,93.51,93.51,93.51,93.51,92.54,92.54,92.54,92.54,92.15,92.15,92.15,92.15,92.15,92.15,92.15,92.15,92.15,92.15,92.15,92.15,91.76,89.04,89.04,88.36,89.93,89.93,89.93,89.93,89.93,89.93,89.93,89.93,93.08,93.59,93.59,93.13,93.13,94.33,94.33,94.33,94.33,94.33,95.04,95.04,93.91,93.91,89.87,89.87,89.87,89.87,89.87,89.87,87.99,87.99,87.99,87.99,87.99,87.99,87.99,87.99,85.10,85.10,86.61,87.56,87.31,86.81,87.81,88.60,87.87,88.60,88.60,88.60,88.60,88.01,88.01,88.01,88.40,88.40,85.79,85.79,82.19,82.19,80.40,80.40,80.40,80.40,80.40,80.40,80.40,80.40
Subclase,0.000173319,12121,Aparatos eléctricos para el cuidado personal,99.23,99.23,99.23,99.23,98.06,100.37,99.90,99.90,103.68,103.68,103.68,103.68,103.68,103.68,103.68,103.68,103.68,105.63,106.00,111.02,111.02,111.02,111.02,111.02,108.21,106.10,106.10,106.10,106.44,102.62,102.62,99.54,99.54,99.54,99.54,96.58,96.58,96.58,95.37,95.37,95.37,95.37,95.37,95.37,95.37,95.37,95.37,93.51,93.51,93.51,93.51,93.51,92.54,92.54,92.54,92.54,92.15,92.15,92.15,92.15,92.15,92.15,92.15,92.15,92.15,92.15,92.15,92.15,91.76,89.04,89.04,88.36,89.93,89.93,89.93,89.93,89.93,89.93,89.93,89.93,93.08,93.59,93.59,93.13,93.13,94.33,94.33,94.33,94.33,94.33,95.04,95.04,93.91,93.91,89.87,89.87,89.87,89.87,89.87,89.87,87.99,87.99,87.99,87.99,87.99,87.99,87.99,87.99,85.10,85.10,86.61,87.56,87.31,86.81,87.81,88.60,87.87,88.60,88.60,88.60,88.60,88.01,88.01,88.01,88.40,88.40,85.79,85.79,82.19,82.19,80.40,80.40,80.40,80.40,80.40,80.40,80.40,80.40
Producto,0.000173319,12121328,PLANCHA PARA EL CABELLO,99.23,99.23,99.23,99.23,98.06,100.37,99.90,99.90,103.68,103.68,103.68,103.68,103.68,103.68,103.68,103.68,103.68,105.63,106.00,111.02,111.02,111.02,111.02,111.02,108.21,106.10,106.10,106.10,106.44,102.62,102.62,99.54,99.54,99.54,99.54,96.58,96.58,96.58,95.37,95.37,95.37,95.37,95.37,95.37,95.37,95.37,95.37,93.51,93.51,93.51,93.51,93.51,92.54,92.54,92.54,92.54,92.15,92.15,92.15,92.15,92.15,92.15,92.15,92.15,92.15,92.15,92.15,92.15,91.76,89.04,89.04,88.36,89.93,89.93,89.93,89.93,89.93,89.93,89.93,89.93,93.08,93.59,93.59,93.13,93.13,94.33,94.33,94.33,94.33,94.33,95.04,95.04,93.91,93.91,89.87,89.87,89.87,89.87,89.87,89.87,87.99,87.99,87.99,87.99,87.99,87.99,87.99,87.99,85.10,85.10,86.61,87.56,87.31,86.81,87.81,88.60,87.87,88.60,88.60,88.60,88.60,88.01,88.01,88.01,88.40,88.40,85.79,85.79,82.19,82.19,80.40,80.40,80.40,80.40,80.40,80.40,80.40,80.40
Clase,0.049002337,1213,"Otros aparatos, artículos y productos para la atención personal (ND)",98.23,100.03,100.96,101.70,101.50,101.47,102.04,101.95,102.24,101.75,102.53,103.10,103.80,104.40,104.05,104.98,104.04,106.79,107.11,107.52,107.47,107.91,107.69,108.69,108.22,107.77,107.65,108.31,108.21,105.76,106.55,105.30,105.18,106.77,106.67,106.26,105.85,106.49,105.88,105.06,106.92,105.98,105.20,104.48,105.25,105.43,105.24,105.30,105.10,105.07,103.85,104.75,103.03,103.66,102.82,104.23,103.63,104.03,104.03,104.35,104.07,102.73,102.46,103.52,103.77,104.45,104.00,103.46,102.80,102.63,101.77,102.54,101.57,101.47,101.19,102.06,103.30,102.08,101.64,101.81,100.62,101.82,100.43,102.40,102.62,100.85,102.50,103.79,104.87,104.28,104.24,105.52,104.91,105.85,107.08,107.06,106.12,106.65,105.82,107.01,107.50,107.70,107.67,105.30,105.25,107.15,105.47,105.03,107.68,106.31,106.48,110.06,109.66,110.02,110.49,110.30,110.77,109.90,108.90,111.81,111.49,111.55,112.87,112.90,112.91,113.33,113.50,114.51,115.54,114.51,113.84,114.19,113.36,113.45,114.93,116.91,116.84,115.51
Subclase,0.049002337,12131,Aparatos no eléctricos y artículos para la atención personal,98.23,100.03,100.96,101.70,101.50,101.47,102.04,101.95,102.24,101.75,102.53,103.10,103.80,104.40,104.05,104.98,104.04,106.79,107.11,107.52,107.47,107.91,107.69,108.69,108.22,107.77,107.65,108.31,108.21,105.76,106.55,105.30,105.18,106.77,106.67,106.26,105.85,106.49,105.88,105.06,106.92,105.98,105.20,104.48,105.25,105.43,105.24,105.30,105.10,105.07,103.85,104.75,103.03,103.66,102.82,104.23,103.63,104.03,104.03,104.35,104.07,102.73,102.46,103.52,103.77,104.45,104.00,103.46,102.80,102.63,101.77,102.54,101.57,101.47,101.19,102.06,103.30,102.08,101.64,101.81,100.62,101.82,100.43,102.40,102.62,100.85,102.50,103.79,104.87,104.28,104.24,105.52,104.91,105.85,107.08,107.06,106.12,106.65,105.82,107.01,107.50,107.70,107.67,105.30,105.25,107.15,105.47,105.03,107.68,106.31,106.48,110.06,109.66,110.02,110.49,110.30,110.77,109.90,108.90,111.81,111.49,111.55,112.87,112.90,112.91,113.33,113.50,114.51,115.54,114.51,113.84,114.19,113.36,113.45,114.93,116.91,116.84,115.51
Producto,0.000243942,12131329,ACEITE PARA BEBÉ,108.83,109.58,107.51,109.31,106.06,107.51,107.39,108.71,108.71,108.71,107.33,110.02,110.02,110.02,110.02,110.02,110.02,114.41,112.28,112.98,112.98,112.98,112.98,113.64,113.44,115.22,118.37,117.78,118.83,105.41,103.06,108.97,108.97,117.05,115.39,115.39,108.71,116.77,116.77,111.96,112.89,112.89,115.07,115.64,115.64,121.23,119.47,114.16,120.25,118.20,118.20,121.10,121.10,121.10,115.48,121.10,123.71,122.80,123.64,123.64,125.73,125.73,125.73,124.56,124.75,125.13,125.13,119.33,124.80,124.80,124.02,124.02,124.09,124.09,124.29,124.29,124.29,121.66,125.21,126.23,124.22,119.09,116.43,121.69,115.12,118.03,118.04,124.75,126.11,121.71,125.24,120.52,120.46,120.46,121.07,121.07,123.55,123.55,129.71,132.70,128.08,128.08,132.70,126.90,119.75,122.85,117.79,118.10,132.68,131.37,132.40,127.17,132.08,132.62,138.56,133.51,138.31,133.23,134.68,133.74,131.50,132.85,131.45,133.24,134.53,135.77,140.62,141.59,143.22,141.59,137.90,140.58,132.43,130.60,133.39,140.12,141.52,141.52
Producto,0.001233413,12131330,ACONDICIONADOR PARA EL CABELLO,96.39,98.23,101.78,101.14,101.06,101.06,104.63,111.27,113.39,113.39,113.39,113.39,113.39,113.39,113.39,114.06,116.18,113.02,112.86,113.25,113.25,114.51,114.51,114.51,114.51,114.51,114.51,118.90,106.61,105.32,105.32,102.58,96.72,102.58,95.75,97.08,97.08,97.08,97.08,80.77,77.27,84.55,84.55,84.55,82.22,83.01,84.24,86.00,84.33,84.33,84.76,85.15,85.15,85.86,86.33,86.47,86.76,86.62,83.98,85.53,83.17,84.34,84.03,84.79,84.66,84.66,84.58,84.10,84.64,84.61,84.61,84.61,84.61,86.26,86.26,86.42,86.42,86.60,85.89,86.61,79.54,88.17,88.17,87.82,88.30,88.30,93.06,93.06,95.32,88.43,86.29,96.76,94.99,94.38,96.06,96.06,95.45,97.67,94.03,94.03,94.03,94.06,94.06,93.16,90.97,90.97,94.03,95.02,95.37,95.37,95.37,98.14,98.14,98.14,98.50,99.26,88.44,94.36,89.93,89.93,83.93,87.00,85.54,80.53,80.53,82.20,91.84,87.30,83.34,85.19,81.78,81.78,81.29,78.84,81.67,83.69,87.40,85.94
Producto,0.001603144,12131331,COSMÉTICOS,103.18,103.75,103.75,103.74,103.95,103.95,105.11,106.28,106.28,105.35,105.10,105.25,106.03,106.03,106.05,106.05,106.57,107.35,107.35,107.59,109.57,109.36,109.36,111.05,113.85,112.97,111.92,111.92,112.24,111.19,108.58,109.02,111.65,110.23,106.36,106.36,109.91,109.91,109.24,111.42,111.42,109.04,109.04,109.25,109.25,109.25,109.25,109.60,109.60,110.85,110.85,110.31,110.99,110.88,110.88,110.88,110.16,110.16,110.16,109.22,109.22,109.22,109.22,109.22,109.22,108.51,108.51,108.51,108.63,108.30,108.87,108.87,109.53,109.53,109.90,109.90,109.90,110.00,111.14,111.14,110.66,109.44,107.25,106.45,105.87,105.92,108.04,106.91,105.07,106.39,106.82,105.03,104.74,104.46,105.43,105.43,106.36,107.11,107.11,107.11,107.41,108.00,108.00,106.67,105.20,105.20,104.42,105.11,108.65,109.35,108.95,113.90,110.18,110.71,110.71,110.42,110.42,106.01,106.11,108.31,106.48,107.53,108.23,108.16,108.16,109.85,111.08,111.08,111.08,109.01,111.65,109.88,105.76,110.53,108.44,108.95,110.94,114.25
Producto,0.001720025,12131332,PROTECTOR SOLAR,96.39,101.77,107.61,108.97,105.79,105.79,105.79,105.79,106.68,108.33,107.49,108.33,108.11,108.11,108.11,106.31,106.31,106.94,111.39,111.39,111.39,111.39,111.39,108.18,102.95,100.57,101.65,101.44,101.44,94.52,106.45,94.48,106.45,106.45,106.45,106.45,96.78,104.77,105.57,105.57,105.57,105.57,97.17,92.66,92.66,92.66,92.66,97.58,97.58,100.12,100.12,100.12,88.55,84.59,80.62,85.29,90.51,90.51,90.51,85.27,84.59,72.63,72.63,85.02,84.58,84.58,84.58,84.58,83.61,83.61,89.48,89.48,77.86,79.57,83.50,83.62,82.88,83.78,72.64,78.10,82.34,85.35,80.90,83.90,83.90,77.56,81.10,84.29,87.48,87.48,87.48,87.48,87.48,87.48,91.22,96.45,82.76,83.87,83.87,100.44,105.55,109.73,95.22,97.42,105.82,108.74,105.92,105.92,103.47,98.72,96.63,117.43,117.43,119.69,121.62,122.66,115.36,119.49,115.77,122.06,118.99,111.07,114.13,120.90,120.90,123.67,122.93,126.28,124.98,126.28,126.28,134.44,129.96,129.96,129.96,134.44,135.92,126.50
Producto,0.002499479,12131333,CEPILLO DE DIENTES,89.51,89.51,92.78,92.78,92.78,92.78,92.78,92.78,92.78,92.78,108.66,108.66,108.66,110.55,110.55,110.55,110.55,103.86,103.86,103.86,103.86,103.86,103.86,109.50,109.50,109.50,109.50,112.97,112.97,111.98,115.40,115.40,115.87,115.87,115.87,115.77,115.77,115.77,115.77,115.77,115.77,115.77,115.77,115.77,115.77,115.77,115.77,115.77,115.77,115.77,114.44,114.44,114.44,114.44,114.44,114.44,106.93,114.44,110.40,110.40,110.40,110.40,110.40,110.40,110.40,113.38,113.38,113.43,113.38,111.39,107.31,107.31,112.23,112.23,106.73,106.73,112.23,112.23,112.01,119.04,113.21,116.39,116.77,123.97,120.07,118.73,113.63,120.13,121.10,116.66,120.61,122.84,130.27,131.53,132.60,132.60,132.60,131.11,131.11,131.11,129.94,129.94,129.72,126.38,122.53,129.88,125.10,126.65,126.65,123.49,129.64,124.35,118.73,118.73,127.42,125.52,127.97,116.27,119.28,114.93,114.93,108.87,119.79,123.12,123.74,129.69,128.12,140.36,140.36,137.57,132.91,133.07,133.34,121.41,128.00,142.79,141.23,138.52
Producto,0.002354339,12131334,CREMAS PARA LA PIEL,88.85,89.47,92.55,92.55,92.55,92.55,92.55,93.19,93.19,89.78,89.78,90.69,90.69,95.15,95.15,95.15,96.90,100.95,101.32,101.26,101.26,101.54,101.54,101.22,101.22,94.59,96.16,96.16,98.30,96.87,96.87,92.34,96.87,96.87,96.87,103.96,99.05,105.19,101.23,108.32,108.91,108.91,108.91,101.78,108.91,108.91,104.82,103.37,104.82,103.59,98.64,99.19,102.08,98.35,89.37,102.08,102.08,97.33,100.11,102.08,102.08,102.08,102.08,102.08,102.08,102.08,106.57,105.66,105.85,105.85,102.82,109.12,109.12,109.12,101.97,109.12,96.08,109.12,108.36,99.12,103.96,102.99,112.02,110.60,106.10,95.04,100.52,103.38,100.52,100.27,97.23,100.92,107.99,108.81,109.17,109.17,110.05,112.37,110.13,111.34,104.91,113.02,112.24,109.45,113.65,114.25,111.47,111.47,122.36,122.36,116.27,130.06,122.15,129.84,128.58,129.33,130.61,130.61,124.18,124.18,126.86,132.72,131.32,124.13,121.47,124.03,129.08,131.20,132.01,131.01,130.38,130.38,136.42,136.33,141.31,146.31,147.48,143.12
Producto,0.001011995,12131335,GEL Y FIJADOR DE CABELLO,103.95,103.95,112.23,115.62,115.62,117.26,115.13,117.26,120.24,118.83,118.83,120.96,120.96,120.96,118.77,118.77,118.53,117.94,116.61,116.61,116.33,119.19,119.19,119.83,117.25,117.37,112.67,114.32,118.00,116.79,117.31,117.57,117.57,119.08,118.36,118.36,117.25,116.55,116.15,115.54,116.63,116.14,117.93,117.93,117.93,117.93,120.56,120.85,120.85,120.85,119.83,119.83,121.97,117.78,117.78,118.72,122.55,122.55,122.55,122.55,122.55,123.44,123.44,122.08,121.91,125.63,121.82,122.56,122.81,123.98,123.98,123.98,124.63,122.96,123.27,123.36,125.34,126.18,126.45,126.45,127.31,124.04,126.06,127.31,122.77,123.07,123.93,124.00,127.03,129.95,129.74,131.63,131.63,129.46,129.46,131.89,133.10,131.62,133.86,133.22,133.22,130.42,125.70,128.41,127.94,138.17,128.41,135.85,139.15,132.41,141.17,138.76,138.76,133.27,137.78,137.39,136.10,137.91,137.91,137.93,139.81,136.99,140.62,140.62,138.72,137.30,141.10,146.52,145.97,145.85,145.68,142.97,137.97,143.49,144.79,146.60,146.52,142.41
Producto,0.004292512,12131336,DESODORANTE ,101.48,108.45,108.45,108.45,108.45,109.51,109.51,109.51,109.51,109.51,109.51,109.51,109.51,109.51,109.51,112.85,112.85,113.91,118.09,118.09,118.09,118.09,112.93,115.57,117.37,117.37,113.87,113.87,113.87,118.07,118.07,118.07,113.18,115.25,112.91,114.53,113.80,115.09,113.08,113.08,113.97,113.40,107.04,112.59,111.64,113.02,112.79,112.79,112.79,113.29,113.29,109.64,109.72,108.73,114.32,113.05,113.05,113.05,114.44,114.63,114.63,114.45,114.45,113.37,113.59,115.34,110.99,113.59,110.27,113.76,107.30,107.30,102.28,107.30,107.71,107.71,117.07,112.79,119.82,119.73,116.31,114.04,107.53,117.60,115.85,112.21,113.38,124.81,130.47,124.29,130.38,127.17,127.97,125.50,127.65,127.65,126.37,122.20,126.26,126.26,128.24,129.25,135.31,123.76,124.19,129.45,118.81,122.94,135.71,135.71,135.94,136.92,151.49,141.88,135.06,134.82,140.64,140.64,136.04,143.16,144.52,153.28,155.38,155.38,155.38,155.38,161.42,161.42,161.42,158.09,158.09,158.09,153.15,157.76,157.76,161.76,155.67,147.60
Producto,0.002994925,12131337,JABÓN PARA TOCADOR,101.14,101.14,101.14,103.41,103.41,103.41,104.54,104.54,104.54,104.54,104.54,105.61,105.61,105.61,106.70,106.70,106.70,107.23,107.23,108.40,106.41,107.60,107.60,105.56,105.56,105.56,105.56,105.56,105.56,106.32,106.32,106.32,108.21,108.21,108.21,108.21,108.21,108.21,108.21,108.21,108.21,108.21,108.21,108.21,108.21,108.21,108.21,103.48,103.48,103.48,103.48,103.48,103.48,103.48,103.48,103.48,103.48,103.48,105.54,105.54,105.54,105.54,105.54,105.54,108.35,107.78,107.41,107.41,107.41,105.32,103.48,105.54,105.54,106.86,106.86,106.86,106.86,105.00,105.00,105.00,104.78,105.85,105.00,105.00,105.00,105.95,105.95,106.91,106.91,108.29,109.22,109.22,109.22,112.44,112.44,112.44,112.44,112.44,112.44,112.44,112.44,112.44,112.44,112.44,112.44,112.44,112.44,112.44,112.25,112.25,112.44,112.99,113.17,114.98,114.98,117.25,116.30,116.30,116.30,116.30,113.35,115.32,115.32,115.32,115.32,115.32,115.32,115.32,115.32,115.32,115.32,115.32,115.36,115.36,115.36,115.36,115.53,115.53
Producto,0.004570035,12131338,PAÑALES DESECHABLES,91.13,91.13,91.74,94.22,92.11,92.11,93.56,93.56,94.66,94.66,92.63,92.63,91.40,91.40,92.17,95.37,95.37,97.50,97.50,97.50,97.50,100.13,99.84,99.84,96.21,96.21,96.21,94.80,92.71,86.20,86.05,87.31,85.64,86.92,87.25,87.25,89.98,89.98,87.25,81.58,91.14,83.85,85.15,79.82,82.13,82.02,82.02,82.02,82.02,82.02,82.02,82.02,79.86,81.24,81.24,81.08,81.08,81.08,82.15,82.94,82.94,82.69,82.65,83.14,82.98,82.66,80.13,72.09,72.09,70.02,70.01,70.01,70.03,70.03,71.31,70.58,71.31,69.71,68.79,72.47,72.47,72.47,63.71,57.95,61.97,61.97,61.97,65.22,64.04,64.04,64.04,64.04,57.95,58.06,60.79,58.88,58.88,58.37,59.47,59.80,58.05,56.85,58.95,58.40,56.67,58.97,56.91,58.69,58.66,56.63,58.66,57.45,53.94,56.32,58.27,58.27,58.27,55.46,55.46,55.46,55.64,61.23,60.62,60.17,60.17,58.39,60.60,58.97,58.97,60.15,60.15,59.73,60.33,57.91,58.34,58.66,58.34,58.23
Producto,0.005079289,12131339,PAPEL HIGIÉNICO,91.24,97.00,93.79,93.09,93.14,93.14,93.14,91.55,91.55,91.55,91.55,91.92,91.69,91.69,91.69,91.69,86.09,92.48,92.48,92.48,92.48,90.12,90.12,90.12,90.74,90.74,89.31,89.31,89.31,88.20,88.56,85.70,82.52,82.52,85.70,82.24,84.26,81.84,81.84,81.84,83.01,82.18,83.65,83.65,83.65,83.65,83.65,83.65,83.50,83.50,81.66,83.50,82.74,82.59,82.59,82.59,80.93,80.93,79.64,80.93,80.93,80.93,76.70,78.24,78.24,81.83,81.83,81.83,80.52,81.83,76.06,78.78,78.78,76.69,80.47,80.47,80.47,77.47,79.06,73.65,73.09,73.09,72.73,72.18,72.18,72.18,72.18,76.28,76.28,79.12,75.46,79.48,79.48,80.38,81.65,81.65,81.65,81.65,81.65,81.65,81.65,81.65,81.65,82.13,82.13,82.13,82.13,82.13,83.52,81.99,81.99,83.80,82.11,82.55,81.82,83.57,83.57,82.83,85.17,85.17,85.08,85.08,85.08,85.08,83.02,83.02,83.02,80.66,80.66,80.66,80.66,80.66,80.66,80.66,83.02,83.47,83.47,82.57
Producto,0.003593665,12131340,PASTA DENTAL,103.49,103.49,109.11,111.22,111.22,111.22,111.22,113.33,113.33,110.75,110.47,114.78,124.25,124.25,120.82,127.85,119.39,137.01,134.92,137.82,135.40,135.40,135.40,143.75,142.27,142.27,143.44,150.71,152.23,135.50,139.23,137.82,147.20,153.93,153.93,148.95,150.98,151.16,151.13,149.26,149.26,151.13,152.20,150.40,151.13,152.20,153.03,154.55,150.59,149.32,149.32,150.38,148.51,151.06,151.06,151.06,150.38,150.38,151.06,152.71,150.48,152.90,150.66,152.69,152.69,150.38,150.72,150.72,152.71,152.71,152.71,152.71,152.71,148.50,145.38,145.38,150.56,147.81,146.14,151.36,149.77,149.77,152.06,155.36,157.19,157.19,160.62,154.73,155.65,153.78,155.85,162.07,162.07,159.87,162.76,161.94,161.94,164.36,163.92,164.08,164.36,164.36,165.36,162.48,160.51,160.51,156.18,153.21,152.76,152.76,152.76,155.03,151.30,151.30,148.14,148.14,148.14,148.14,148.14,156.75,163.50,163.50,167.97,162.78,162.78,162.78,160.95,160.95,165.89,162.64,162.64,162.64,162.64,164.84,169.47,167.72,167.72,167.72
Producto,0.006820282,12131341,PERFUMES,105.58,105.58,102.54,102.54,102.54,102.54,102.83,102.83,102.83,102.83,102.83,102.83,102.83,102.83,102.83,102.83,102.83,104.22,103.98,104.82,104.60,104.60,105.93,107.09,107.09,107.09,107.09,107.09,107.37,106.93,106.78,106.78,106.78,107.19,107.19,107.19,107.19,107.19,107.19,106.79,107.42,107.42,105.92,104.92,104.92,105.93,105.93,105.77,105.77,105.85,105.85,105.85,104.55,105.43,105.43,105.43,105.43,105.43,105.43,105.43,105.43,105.04,105.04,105.04,105.90,103.42,103.42,103.10,103.10,101.72,103.22,103.22,104.18,104.18,104.18,104.18,105.60,105.60,105.60,105.60,104.18,104.45,103.48,104.64,106.82,106.75,106.75,106.09,107.21,107.27,107.23,107.26,107.26,106.83,106.83,106.83,107.26,107.32,107.32,107.32,107.26,108.65,108.65,108.68,109.61,109.61,109.79,109.79,109.76,109.76,109.76,110.57,111.88,111.89,111.90,111.80,111.80,112.54,112.54,112.81,113.42,113.42,113.42,114.70,114.70,114.70,114.70,116.23,116.55,115.60,115.60,115.60,117.24,118.54,118.54,118.54,118.54,118.54
Producto,0.00297812,12131342,TOALLAS SANITARIAS,103.88,105.56,109.22,113.36,111.11,111.66,114.05,112.18,113.74,113.74,112.66,112.98,114.84,114.84,114.68,114.68,115.84,117.46,117.78,118.18,118.18,118.12,118.12,118.09,117.66,117.70,117.70,117.02,117.02,116.81,117.42,117.42,117.42,117.92,117.87,116.57,117.87,117.87,117.87,116.76,115.52,115.49,115.49,115.82,115.49,115.49,116.09,114.70,115.29,111.43,109.75,116.41,110.06,115.75,115.75,115.75,115.75,113.29,113.54,116.71,116.71,117.62,117.62,117.62,116.85,117.58,117.58,117.58,115.10,115.10,115.10,115.38,110.64,110.07,112.38,114.50,114.50,109.78,109.43,104.43,103.32,111.32,109.49,102.32,107.02,102.87,108.39,104.72,105.52,101.79,101.38,101.36,102.92,106.67,105.17,103.89,104.96,105.69,100.63,96.70,94.65,93.88,98.17,90.76,87.89,87.89,93.41,90.92,95.41,94.37,95.94,96.86,94.44,96.00,102.56,97.28,97.95,98.37,98.49,100.81,100.81,101.04,97.60,95.79,99.31,100.84,100.96,100.96,100.66,101.08,98.64,99.82,97.35,96.36,101.09,99.39,102.54,104.31
Producto,0.001590334,12131343,RASURADORA,101.19,101.19,101.19,101.19,102.78,102.78,105.84,105.31,104.04,99.16,99.16,99.16,99.16,106.57,106.57,107.58,108.37,111.58,111.58,111.58,111.58,111.58,111.58,111.58,111.58,111.58,117.07,117.07,117.07,115.27,115.27,115.27,115.27,115.27,115.66,115.66,115.66,115.66,115.66,115.66,115.66,115.66,115.66,116.89,116.89,116.89,116.89,116.89,116.89,116.89,103.02,114.46,107.86,115.36,108.91,115.36,108.91,115.36,115.36,115.36,115.36,106.27,117.19,114.36,116.40,116.40,116.40,116.40,113.65,109.68,115.81,115.81,115.81,115.81,115.81,115.81,115.81,107.78,107.78,107.78,97.68,102.97,110.45,113.92,113.64,109.73,115.56,115.56,116.33,124.22,124.45,124.45,120.89,128.81,129.61,123.75,123.75,123.75,123.75,123.75,121.47,121.47,118.49,115.82,122.01,127.43,126.64,115.96,122.90,117.61,122.90,135.21,132.78,132.78,132.78,132.78,135.89,131.12,131.12,131.17,131.11,132.48,130.35,138.73,138.73,133.48,133.48,138.22,137.21,134.88,133.26,130.37,125.81,128.78,129.97,134.68,134.90,134.90
Producto,0.005288909,12131344,SHAMPOO,98.93,98.93,99.80,99.67,101.43,100.08,100.08,98.79,98.79,98.79,100.08,100.08,100.08,100.08,98.47,98.47,100.08,101.12,100.24,100.24,101.86,105.71,105.64,105.64,105.71,105.71,105.34,105.34,105.34,104.69,100.10,101.01,91.56,98.74,98.74,98.74,95.08,94.73,94.73,92.20,100.74,97.06,97.06,97.06,100.74,100.74,99.15,100.02,100.02,100.02,100.02,100.02,100.02,100.41,97.34,101.46,101.46,101.46,101.46,101.46,101.46,98.59,98.59,99.37,99.21,102.10,101.37,101.37,101.39,101.39,102.18,102.18,102.18,102.18,97.39,101.94,104.31,104.31,103.25,104.31,100.99,102.27,97.86,109.18,109.18,107.67,110.31,108.23,111.54,108.23,105.67,105.67,98.32,103.17,104.19,104.84,103.11,107.79,103.11,103.99,111.03,106.22,108.40,104.46,100.63,103.47,103.47,99.70,103.47,103.47,98.97,105.85,108.59,108.60,107.09,107.09,109.10,110.31,105.82,117.48,112.36,106.74,110.04,109.88,111.39,110.38,104.37,104.69,112.78,108.87,108.15,108.15,108.15,108.15,107.15,107.74,107.95,108.83
Producto,0.000498704,12131345,TALCO PARA PIES,102.14,102.14,102.14,100.43,105.05,103.21,103.43,103.23,103.23,103.23,104.04,103.23,103.23,103.23,103.23,103.23,102.82,107.59,107.59,107.59,106.39,106.39,108.01,107.74,107.74,107.74,107.67,106.97,106.97,106.09,112.42,112.42,112.51,111.57,111.22,111.22,111.22,114.40,105.20,113.84,114.41,113.92,113.92,114.91,114.71,104.90,104.90,101.91,101.91,110.81,110.81,103.21,106.23,112.71,112.71,110.26,110.26,112.93,112.93,114.34,111.05,105.05,105.05,110.07,110.07,108.60,108.60,108.30,99.50,108.94,101.10,103.65,103.41,102.18,103.54,103.54,103.54,97.75,99.28,102.89,113.40,113.17,114.51,119.34,119.34,110.83,112.76,110.43,114.24,114.24,122.06,122.06,122.06,122.06,122.06,122.06,126.83,126.83,114.54,126.83,127.89,121.10,121.10,115.81,117.80,112.04,118.86,118.86,122.51,115.22,117.69,115.24,112.55,125.41,127.97,125.26,134.59,129.81,129.04,129.04,128.05,132.82,131.09,125.12,125.12,131.21,124.49,125.59,125.59,133.80,133.80,132.40,128.75,134.07,134.97,135.96,125.78,125.78
Producto,0.000629224,12131346,TINTE PARA EL CABELLO,98.98,99.59,99.59,99.59,99.59,99.17,99.17,99.03,99.17,99.17,99.17,99.17,99.17,99.17,99.17,99.17,99.17,101.54,102.52,102.52,103.68,103.68,103.68,103.68,103.68,103.68,104.52,104.52,104.52,105.56,105.56,106.28,106.26,100.15,94.71,100.15,103.43,108.36,108.91,109.01,111.19,111.62,108.63,111.62,111.62,110.70,110.70,106.68,107.71,107.71,107.71,107.71,111.06,111.06,111.06,108.96,108.96,108.96,108.96,108.96,109.87,109.87,109.87,103.82,105.51,108.80,108.80,108.80,109.01,109.01,109.01,109.01,109.01,109.01,109.01,109.01,107.29,107.29,97.21,95.07,107.78,108.24,108.55,102.71,93.73,99.31,104.77,100.93,95.80,105.04,98.03,106.26,102.50,92.14,96.40,102.43,98.40,98.40,91.01,93.18,89.32,100.24,99.00,92.06,96.58,102.04,88.77,96.22,99.89,95.72,95.72,94.97,96.05,98.85,108.07,100.43,109.41,106.88,97.33,109.06,109.80,106.31,108.82,100.57,100.57,98.34,100.65,100.65,98.72,99.71,91.19,92.40,94.34,94.81,90.17,96.78,100.89,105.05
Grupo,0.005113601,123,Efectos personales n.e.p.,101.49,100.02,100.02,99.37,99.18,99.93,99.19,99.66,99.66,100.18,101.30,101.06,102.09,100.85,100.09,101.16,101.03,100.99,100.99,100.71,100.42,100.35,100.05,99.63,98.97,99.31,99.88,99.88,100.06,99.14,99.31,98.98,99.05,99.01,98.58,98.66,99.94,99.94,99.94,100.00,99.69,99.69,99.69,99.78,100.27,100.54,100.82,100.79,100.58,100.39,100.39,100.39,100.17,100.17,100.17,100.17,98.88,98.78,98.78,98.78,98.78,98.78,98.78,98.78,98.69,98.72,98.46,98.26,96.79,96.48,98.58,99.00,101.92,102.82,102.82,102.82,102.82,102.82,103.81,103.73,103.22,107.60,107.18,107.50,106.94,107.44,109.40,110.06,110.98,111.15,111.47,111.16,112.47,111.52,111.22,111.52,111.61,111.52,112.14,112.75,112.75,112.75,113.23,113.23,112.32,112.32,112.32,112.50,113.37,113.59,114.60,117.30,118.16,118.16,118.31,118.31,119.03,119.50,119.61,119.94,123.41,125.62,125.62,125.79,125.93,130.15,136.11,137.82,142.10,142.96,145.88,146.33,157.79,158.66,160.38,165.52,165.10,161.21
Clase,0.00186482,1231,"Joyería, relojes de pared y relojes de pulsera (D)",103.23,99.44,99.44,97.54,97.24,99.37,97.22,98.57,98.57,100.10,102.89,102.18,106.24,104.43,101.67,104.80,104.43,103.66,103.66,104.23,102.46,102.46,102.05,101.66,100.33,101.57,103.75,103.75,103.75,101.57,101.57,101.57,101.57,101.57,101.57,101.57,101.57,101.57,101.57,101.75,101.75,101.75,101.75,101.75,101.75,101.75,102.57,102.57,102.57,102.57,102.57,102.57,101.75,101.75,101.75,101.75,101.75,101.47,101.47,101.47,101.47,101.47,101.47,101.47,101.47,101.30,101.30,101.04,101.04,101.04,107.19,108.40,116.93,119.59,119.59,119.59,119.59,119.59,119.71,119.71,116.38,127.49,125.11,126.91,125.92,127.23,133.39,135.30,134.45,133.88,133.88,133.91,133.91,131.25,130.72,130.72,130.72,130.20,132.01,133.81,133.81,133.81,135.21,135.21,135.21,135.21,135.21,135.76,138.29,138.29,140.98,149.04,151.56,151.56,151.98,151.98,151.98,151.98,151.98,151.98,162.09,169.98,169.98,170.48,170.48,182.83,200.25,204.48,215.70,219.58,229.30,230.61,264.14,266.70,271.72,286.75,285.43,274.80
Subclase,0.00186482,12311,"Joyería, relojes de pared y relojes de pulsera",103.23,99.44,99.44,97.54,97.24,99.37,97.22,98.57,98.57,100.10,102.89,102.18,106.24,104.43,101.67,104.80,104.43,103.66,103.66,104.23,102.46,102.46,102.05,101.66,100.33,101.57,103.75,103.75,103.75,101.57,101.57,101.57,101.57,101.57,101.57,101.57,101.57,101.57,101.57,101.75,101.75,101.75,101.75,101.75,101.75,101.75,102.57,102.57,102.57,102.57,102.57,102.57,101.75,101.75,101.75,101.75,101.75,101.47,101.47,101.47,101.47,101.47,101.47,101.47,101.47,101.30,101.30,101.04,101.04,101.04,107.19,108.40,116.93,119.59,119.59,119.59,119.59,119.59,119.71,119.71,116.38,127.49,125.11,126.91,125.92,127.23,133.39,135.30,134.45,133.88,133.88,133.91,133.91,131.25,130.72,130.72,130.72,130.20,132.01,133.81,133.81,133.81,135.21,135.21,135.21,135.21,135.21,135.76,138.29,138.29,140.98,149.04,151.56,151.56,151.98,151.98,151.98,151.98,151.98,151.98,162.09,169.98,169.98,170.48,170.48,182.83,200.25,204.48,215.70,219.58,229.30,230.61,264.14,266.70,271.72,286.75,285.43,274.80
Producto,0.000795115,12311347,RELOJ DE MANO,117.08,117.08,117.08,117.08,117.08,120.31,130.67,133.98,133.98,139.29,137.38,136.04,136.04,136.04,138.66,138.66,137.05,134.68,134.68,134.68,134.68,134.68,134.68,131.88,134.18,134.18,134.18,134.18,134.18,134.18,134.18,134.18,134.18,134.18,134.18,134.18,134.18,134.18,134.18,135.46,135.46,135.46,135.46,135.46,135.46,135.46,135.46,135.46,135.46,135.46,135.46,135.46,135.46,135.46,135.46,135.46,135.46,133.51,133.51,133.51,133.51,133.51,133.51,133.51,133.51,132.31,132.31,130.41,130.41,130.41,130.41,130.41,130.41,127.87,127.87,127.87,127.87,127.87,127.87,127.87,131.48,141.72,146.98,150.53,152.73,152.73,152.73,160.23,154.19,155.73,155.73,152.06,152.06,152.06,152.06,152.06,152.06,152.06,156.02,156.02,156.02,156.02,156.02,156.02,156.02,156.02,156.02,156.02,156.02,156.02,156.02,157.08,157.08,157.08,160.08,160.08,160.08,160.08,160.08,160.08,160.08,156.02,156.02,159.53,159.53,159.53,163.68,166.58,166.58,166.58,166.58,166.58,166.58,166.58,166.58,166.58,166.58,166.58
Producto,0.001069704,12311348,ANILLO,100.95,96.54,96.54,94.33,93.98,95.93,91.71,92.74,92.74,93.65,97.21,96.61,101.34,99.22,95.58,99.22,99.07,98.55,98.55,99.22,97.15,97.15,96.68,96.68,94.76,96.20,98.74,98.74,98.74,96.20,96.20,96.20,96.20,96.20,96.20,96.20,96.20,96.20,96.20,96.20,96.20,96.20,96.20,96.20,96.20,96.20,97.15,97.15,97.15,97.15,97.15,97.15,96.20,96.20,96.20,96.20,96.20,96.20,96.20,96.20,96.20,96.20,96.20,96.20,96.20,96.20,96.20,96.20,96.20,96.20,103.37,104.78,114.72,118.22,118.22,118.22,118.22,118.22,118.36,118.36,113.89,125.15,121.51,123.03,121.51,123.03,130.20,131.20,131.20,130.28,130.28,130.92,130.92,127.83,127.21,127.21,127.21,126.60,128.05,130.16,130.16,130.16,131.78,131.78,131.78,131.78,131.78,132.42,135.37,135.37,138.50,147.71,150.65,150.65,150.65,150.65,150.65,150.65,150.65,150.65,162.42,172.28,172.28,172.28,172.28,186.67,206.27,210.72,223.79,228.30,239.63,241.15,280.19,283.17,289.02,306.52,304.99,292.62
Clase,0.003248781,1232,Otros efectos personales (SD),100.60,100.32,100.32,100.32,100.19,100.22,100.22,100.22,100.22,100.22,100.48,100.48,99.93,98.99,99.27,99.27,99.27,99.60,99.60,98.88,99.37,99.25,99.01,98.57,98.27,98.13,97.87,97.87,98.15,97.88,98.14,97.64,97.75,97.68,97.02,97.15,99.09,99.09,99.09,99.09,98.61,98.61,98.61,98.76,99.50,99.91,99.91,99.86,99.55,99.26,99.26,99.26,99.36,99.36,99.36,99.36,97.38,97.38,97.38,97.38,97.38,97.38,97.38,97.38,97.24,97.38,96.98,96.82,94.58,94.11,94.11,94.11,94.11,94.11,94.11,94.11,94.11,94.11,95.55,95.44,96.38,97.26,97.86,97.42,97.08,97.16,96.94,96.94,98.78,99.35,99.83,99.34,101.34,101.27,101.09,101.54,101.68,101.81,101.81,101.81,101.81,101.81,101.81,101.81,100.42,100.42,100.42,100.42,100.42,100.76,100.89,100.81,100.81,100.81,100.81,100.81,101.91,102.63,102.79,103.29,103.31,102.58,102.58,102.58,102.78,102.78,102.78,103.19,103.86,103.16,102.54,102.54,102.54,102.54,102.54,102.54,102.59,102.19
Subclase,0.003248781,12321,Artículos personales varios,100.60,100.32,100.32,100.32,100.19,100.22,100.22,100.22,100.22,100.22,100.48,100.48,99.93,98.99,99.27,99.27,99.27,99.60,99.60,98.88,99.37,99.25,99.01,98.57,98.27,98.13,97.87,97.87,98.15,97.88,98.14,97.64,97.75,97.68,97.02,97.15,99.09,99.09,99.09,99.09,98.61,98.61,98.61,98.76,99.50,99.91,99.91,99.86,99.55,99.26,99.26,99.26,99.36,99.36,99.36,99.36,97.38,97.38,97.38,97.38,97.38,97.38,97.38,97.38,97.24,97.38,96.98,96.82,94.58,94.11,94.11,94.11,94.11,94.11,94.11,94.11,94.11,94.11,95.55,95.44,96.38,97.26,97.86,97.42,97.08,97.16,96.94,96.94,98.78,99.35,99.83,99.34,101.34,101.27,101.09,101.54,101.68,101.81,101.81,101.81,101.81,101.81,101.81,101.81,100.42,100.42,100.42,100.42,100.42,100.76,100.89,100.81,100.81,100.81,100.81,100.81,101.91,102.63,102.79,103.29,103.31,102.58,102.58,102.58,102.78,102.78,102.78,103.19,103.86,103.16,102.54,102.54,102.54,102.54,102.54,102.54,102.59,102.19
Producto,0.001199458,12321349,BOLSOS Y CARTERAS,100.41,100.41,100.41,100.41,100.03,100.12,100.12,100.12,100.12,100.12,100.39,100.39,99.30,96.52,97.35,97.35,97.35,97.35,97.35,95.24,96.67,96.32,96.32,94.68,95.43,95.43,94.66,94.66,94.66,94.66,94.66,96.10,96.10,95.91,95.91,95.91,101.61,101.61,101.61,101.61,101.61,101.61,101.61,102.43,102.43,103.17,103.17,103.17,102.25,102.25,102.25,102.25,102.25,102.25,102.25,102.25,102.25,102.25,102.25,102.25,102.25,102.25,102.25,102.25,102.25,102.25,101.06,100.60,100.60,100.60,100.60,100.60,100.60,100.60,100.60,100.60,100.60,100.60,104.88,104.88,107.68,113.13,113.15,111.84,111.16,111.16,111.16,111.16,116.37,117.84,119.26,118.09,119.26,119.26,119.26,120.06,120.45,120.45,120.45,120.45,120.45,120.45,120.45,120.45,120.45,120.45,120.45,120.45,120.45,120.45,120.45,121.64,121.64,121.64,121.64,121.64,121.64,121.64,122.12,123.58,123.18,123.18,123.18,123.18,123.18,123.18,123.18,124.39,124.39,124.39,124.39,124.39,124.39,124.39,124.39,124.39,124.39,124.39
Producto,0.000405411,12321350,GAFAS PARA SOL,95.13,93.24,93.24,93.24,93.24,93.24,93.24,93.24,93.24,93.24,94.40,94.40,93.19,93.19,93.19,93.19,93.19,95.42,95.42,95.42,95.42,95.42,93.84,94.64,90.85,89.92,89.92,89.92,91.84,90.02,91.77,85.04,85.77,85.77,85.77,86.65,86.65,86.65,86.65,86.65,83.40,83.40,83.40,82.56,81.86,82.91,82.91,82.56,82.56,80.61,80.61,80.61,81.27,81.27,81.27,81.27,81.27,81.27,81.27,81.27,81.27,81.27,81.27,81.27,80.32,81.27,81.27,81.27,81.27,81.27,81.27,81.27,81.27,81.27,81.27,81.27,81.27,81.27,81.12,80.33,82.07,81.27,80.70,80.70,80.00,80.53,79.04,79.04,79.49,79.93,79.93,79.34,79.34,78.88,77.64,78.88,78.88,79.79,79.79,79.79,79.79,79.79,79.79,79.79,79.79,79.79,79.79,79.79,79.79,82.07,82.98,79.67,79.67,79.67,79.67,79.67,79.67,84.55,84.55,84.55,85.63,80.65,80.65,80.65,82.00,82.00,82.00,82.00,82.00,77.27,73.05,73.05,73.05,73.05,73.05,73.05,73.41,70.73
Producto,0.001643913,12321351,MOCHILA ESCOLAR,102.30,102.30,102.30,102.30,102.30,102.30,102.30,102.30,102.30,102.30,102.30,102.30,102.30,102.30,102.30,102.30,102.30,102.30,102.30,102.30,102.30,102.30,102.30,102.30,102.30,102.30,102.30,102.30,102.30,102.30,102.30,102.30,102.30,102.30,101.01,101.01,101.01,101.01,101.01,101.01,101.01,101.01,101.01,101.01,102.66,102.66,102.66,102.66,102.66,102.66,102.66,102.66,102.66,102.66,102.66,102.66,98.80,98.80,98.80,98.80,98.80,98.80,98.80,98.80,98.80,98.80,98.80,98.80,94.43,93.51,93.51,93.51,93.51,93.51,93.51,93.51,93.51,93.51,93.51,93.51,92.99,91.31,92.65,92.65,92.65,92.65,92.65,92.65,92.65,92.65,92.65,92.65,95.77,95.77,95.77,95.77,95.77,95.77,95.77,95.77,95.77,95.77,95.77,95.77,93.05,93.05,93.05,93.05,93.05,93.05,93.05,93.05,93.05,93.05,93.05,93.05,95.20,95.20,95.20,95.20,95.20,95.20,95.20,95.20,95.20,95.20,95.20,95.20,96.51,96.51,96.51,96.51,96.51,96.51,96.51,96.51,96.51,96.51
Grupo,0.001631014,124,Protección social,104.04,104.04,104.92,104.92,104.92,104.92,104.92,104.92,104.92,104.92,104.92,104.92,104.92,104.92,104.92,104.92,104.92,104.92,104.92,104.92,104.92,104.92,104.92,104.92,104.92,104.92,104.92,104.92,104.92,104.92,104.92,104.92,99.20,99.20,99.20,99.20,99.20,99.20,99.20,99.20,99.20,99.20,99.20,99.20,99.20,99.20,99.20,99.20,99.20,99.20,99.20,99.20,99.20,99.20,99.20,99.20,98.54,98.54,98.54,98.54,98.54,98.54,98.54,98.54,98.54,98.54,98.54,98.54,98.54,98.54,98.54,98.54,98.54,98.54,98.54,98.54,98.54,98.54,98.54,98.54,100.05,100.05,100.05,100.05,100.05,93.94,93.94,93.94,93.94,93.94,93.94,94.83,96.27,96.27,96.27,96.27,96.27,96.27,96.27,96.27,96.27,96.27,96.27,96.27,99.47,99.47,99.47,99.47,99.47,99.47,99.47,99.47,99.47,99.47,99.47,99.47,99.94,99.94,99.94,99.94,99.94,99.94,99.94,99.94,99.94,99.94,99.94,99.94,100.99,100.99,100.99,100.99,100.99,100.99,100.99,100.99,100.99,100.99
Clase,0.001631014,1240,Protección social (S),104.04,104.04,104.92,104.92,104.92,104.92,104.92,104.92,104.92,104.92,104.92,104.92,104.92,104.92,104.92,104.92,104.92,104.92,104.92,104.92,104.92,104.92,104.92,104.92,104.92,104.92,104.92,104.92,104.92,104.92,104.92,104.92,99.20,99.20,99.20,99.20,99.20,99.20,99.20,99.20,99.20,99.20,99.20,99.20,99.20,99.20,99.20,99.20,99.20,99.20,99.20,99.20,99.20,99.20,99.20,99.20,98.54,98.54,98.54,98.54,98.54,98.54,98.54,98.54,98.54,98.54,98.54,98.54,98.54,98.54,98.54,98.54,98.54,98.54,98.54,98.54,98.54,98.54,98.54,98.54,100.05,100.05,100.05,100.05,100.05,93.94,93.94,93.94,93.94,93.94,93.94,94.83,96.27,96.27,96.27,96.27,96.27,96.27,96.27,96.27,96.27,96.27,96.27,96.27,99.47,99.47,99.47,99.47,99.47,99.47,99.47,99.47,99.47,99.47,99.47,99.47,99.94,99.94,99.94,99.94,99.94,99.94,99.94,99.94,99.94,99.94,99.94,99.94,100.99,100.99,100.99,100.99,100.99,100.99,100.99,100.99,100.99,100.99
Subclase,0.001631014,12401,Guarderías y casas cunas,104.04,104.04,104.92,104.92,104.92,104.92,104.92,104.92,104.92,104.92,104.92,104.92,104.92,104.92,104.92,104.92,104.92,104.92,104.92,104.92,104.92,104.92,104.92,104.92,104.92,104.92,104.92,104.92,104.92,104.92,104.92,104.92,99.20,99.20,99.20,99.20,99.20,99.20,99.20,99.20,99.20,99.20,99.20,99.20,99.20,99.20,99.20,99.20,99.20,99.20,99.20,99.20,99.20,99.20,99.20,99.20,98.54,98.54,98.54,98.54,98.54,98.54,98.54,98.54,98.54,98.54,98.54,98.54,98.54,98.54,98.54,98.54,98.54,98.54,98.54,98.54,98.54,98.54,98.54,98.54,100.05,100.05,100.05,100.05,100.05,93.94,93.94,93.94,93.94,93.94,93.94,94.83,96.27,96.27,96.27,96.27,96.27,96.27,96.27,96.27,96.27,96.27,96.27,96.27,99.47,99.47,99.47,99.47,99.47,99.47,99.47,99.47,99.47,99.47,99.47,99.47,99.94,99.94,99.94,99.94,99.94,99.94,99.94,99.94,99.94,99.94,99.94,99.94,100.99,100.99,100.99,100.99,100.99,100.99,100.99,100.99,100.99,100.99
Producto,0.001631014,12401352,SERVICIO DE GUARDERÍAS INFANTILES,104.04,104.04,104.92,104.92,104.92,104.92,104.92,104.92,104.92,104.92,104.92,104.92,104.92,104.92,104.92,104.92,104.92,104.92,104.92,104.92,104.92,104.92,104.92,104.92,104.92,104.92,104.92,104.92,104.92,104.92,104.92,104.92,99.20,99.20,99.20,99.20,99.20,99.20,99.20,99.20,99.20,99.20,99.20,99.20,99.20,99.20,99.20,99.20,99.20,99.20,99.20,99.20,99.20,99.20,99.20,99.20,98.54,98.54,98.54,98.54,98.54,98.54,98.54,98.54,98.54,98.54,98.54,98.54,98.54,98.54,98.54,98.54,98.54,98.54,98.54,98.54,98.54,98.54,98.54,98.54,100.05,100.05,100.05,100.05,100.05,93.94,93.94,93.94,93.94,93.94,93.94,94.83,96.27,96.27,96.27,96.27,96.27,96.27,96.27,96.27,96.27,96.27,96.27,96.27,99.47,99.47,99.47,99.47,99.47,99.47,99.47,99.47,99.47,99.47,99.47,99.47,99.94,99.94,99.94,99.94,99.94,99.94,99.94,99.94,99.94,99.94,99.94,99.94,100.99,100.99,100.99,100.99,100.99,100.99,100.99,100.99,100.99,100.99
Grupo,0.012280717,125,Seguros,100.20,100.20,100.20,100.20,100.20,100.20,100.20,100.20,100.20,99.53,99.53,99.53,99.66,99.66,99.66,99.66,99.66,99.66,99.66,99.66,99.66,99.66,99.66,99.66,100.06,100.06,100.06,100.06,100.06,100.06,100.06,100.06,100.06,100.06,100.06,100.06,100.47,100.47,100.47,100.47,100.47,100.47,100.47,100.47,100.47,100.47,100.47,100.47,100.47,100.47,100.47,100.47,100.47,100.47,100.47,100.47,100.47,100.47,100.47,100.47,100.47,100.47,100.47,100.47,100.47,100.47,100.47,100.47,100.47,100.47,100.47,100.47,100.47,100.47,100.47,100.47,100.47,100.47,100.47,100.47,100.47,100.47,100.47,100.47,100.47,100.47,100.47,100.47,100.47,100.47,100.47,100.47,100.47,100.47,100.47,100.47,100.47,100.47,100.47,100.47,100.47,100.47,100.47,100.47,100.47,100.47,100.47,100.47,100.47,100.47,100.47,100.47,100.47,100.47,100.47,100.47,100.47,100.47,100.47,100.47,100.47,100.47,100.47,100.47,100.47,100.47,100.47,100.47,100.47,100.47,100.47,100.47,100.47,100.47,100.47,100.47,100.47,100.47
Clase,0.000275555,1252,Seguro relacionado con la vivienda (S),97.90,97.90,97.90,97.90,97.90,97.90,97.90,97.90,97.90,97.90,97.90,97.90,97.90,97.90,97.90,97.90,97.90,97.90,97.90,97.90,97.90,97.90,97.90,97.90,98.17,98.17,98.17,98.17,98.17,98.17,98.17,98.17,98.17,98.17,98.17,98.17,96.69,96.69,96.69,96.69,96.69,96.69,96.69,96.69,96.69,96.69,96.69,96.69,96.69,96.69,96.69,96.69,96.69,96.69,96.69,96.69,96.69,96.69,96.69,96.69,96.69,96.69,96.69,96.69,96.69,96.69,96.69,96.69,96.69,96.69,96.69,96.69,96.69,96.69,96.69,96.69,96.69,96.69,96.69,96.69,96.69,96.69,96.69,96.69,96.69,96.69,96.69,96.69,96.69,96.69,96.69,96.69,96.69,96.69,96.69,96.69,96.69,96.69,96.69,96.69,96.69,96.69,96.69,96.69,96.69,96.69,96.69,96.69,96.69,96.69,96.69,96.69,96.69,96.69,96.69,96.69,96.69,96.69,96.69,96.69,96.69,96.69,96.69,96.69,96.69,96.69,96.69,96.69,96.69,96.69,96.69,96.69,96.69,96.69,96.69,96.69,96.69,96.69
Subclase,0.000275555,12521,Seguro relacionado con la vivienda,97.90,97.90,97.90,97.90,97.90,97.90,97.90,97.90,97.90,97.90,97.90,97.90,97.90,97.90,97.90,97.90,97.90,97.90,97.90,97.90,97.90,97.90,97.90,97.90,98.17,98.17,98.17,98.17,98.17,98.17,98.17,98.17,98.17,98.17,98.17,98.17,96.69,96.69,96.69,96.69,96.69,96.69,96.69,96.69,96.69,96.69,96.69,96.69,96.69,96.69,96.69,96.69,96.69,96.69,96.69,96.69,96.69,96.69,96.69,96.69,96.69,96.69,96.69,96.69,96.69,96.69,96.69,96.69,96.69,96.69,96.69,96.69,96.69,96.69,96.69,96.69,96.69,96.69,96.69,96.69,96.69,96.69,96.69,96.69,96.69,96.69,96.69,96.69,96.69,96.69,96.69,96.69,96.69,96.69,96.69,96.69,96.69,96.69,96.69,96.69,96.69,96.69,96.69,96.69,96.69,96.69,96.69,96.69,96.69,96.69,96.69,96.69,96.69,96.69,96.69,96.69,96.69,96.69,96.69,96.69,96.69,96.69,96.69,96.69,96.69,96.69,96.69,96.69,96.69,96.69,96.69,96.69,96.69,96.69,96.69,96.69,96.69,96.69
Producto,0.000275555,12521353,SEGURO PARA LA VIVIENDA,97.90,97.90,97.90,97.90,97.90,97.90,97.90,97.90,97.90,97.90,97.90,97.90,97.90,97.90,97.90,97.90,97.90,97.90,97.90,97.90,97.90,97.90,97.90,97.90,98.17,98.17,98.17,98.17,98.17,98.17,98.17,98.17,98.17,98.17,98.17,98.17,96.69,96.69,96.69,96.69,96.69,96.69,96.69,96.69,96.69,96.69,96.69,96.69,96.69,96.69,96.69,96.69,96.69,96.69,96.69,96.69,96.69,96.69,96.69,96.69,96.69,96.69,96.69,96.69,96.69,96.69,96.69,96.69,96.69,96.69,96.69,96.69,96.69,96.69,96.69,96.69,96.69,96.69,96.69,96.69,96.69,96.69,96.69,96.69,96.69,96.69,96.69,96.69,96.69,96.69,96.69,96.69,96.69,96.69,96.69,96.69,96.69,96.69,96.69,96.69,96.69,96.69,96.69,96.69,96.69,96.69,96.69,96.69,96.69,96.69,96.69,96.69,96.69,96.69,96.69,96.69,96.69,96.69,96.69,96.69,96.69,96.69,96.69,96.69,96.69,96.69,96.69,96.69,96.69,96.69,96.69,96.69,96.69,96.69,96.69,96.69,96.69,96.69
Clase,0.005689856,1253,Seguro relacionado con la salud (S),99.25,99.25,99.25,99.25,99.25,99.25,99.25,99.25,99.25,97.13,97.13,97.13,97.56,97.56,97.56,97.56,97.56,97.56,97.56,97.56,97.56,97.56,97.56,97.56,98.79,98.79,98.79,98.79,98.79,98.79,98.79,98.79,98.79,98.79,98.79,98.79,100.11,100.11,100.11,100.11,100.11,100.11,100.11,100.11,100.11,100.11,100.11,100.11,100.11,100.11,100.11,100.11,100.11,100.11,100.11,100.11,100.11,100.11,100.11,100.11,100.11,100.11,100.11,100.11,100.11,100.11,100.11,100.11,100.11,100.11,100.11,100.11,100.11,100.11,100.11,100.11,100.11,100.11,100.11,100.11,100.11,100.11,100.11,100.11,100.11,100.11,100.11,100.11,100.11,100.11,100.11,100.11,100.11,100.11,100.11,100.11,100.11,100.11,100.11,100.11,100.11,100.11,100.11,100.11,100.11,100.11,100.11,100.11,100.11,100.11,100.11,100.11,100.11,100.11,100.11,100.11,100.11,100.11,100.11,100.11,100.11,100.11,100.11,100.11,100.11,100.11,100.11,100.11,100.11,100.11,100.11,100.11,100.11,100.11,100.11,100.11,100.11,100.11
Subclase,0.005689856,12531,Seguro relacionado con la salud,99.25,99.25,99.25,99.25,99.25,99.25,99.25,99.25,99.25,97.13,97.13,97.13,97.56,97.56,97.56,97.56,97.56,97.56,97.56,97.56,97.56,97.56,97.56,97.56,98.79,98.79,98.79,98.79,98.79,98.79,98.79,98.79,98.79,98.79,98.79,98.79,100.11,100.11,100.11,100.11,100.11,100.11,100.11,100.11,100.11,100.11,100.11,100.11,100.11,100.11,100.11,100.11,100.11,100.11,100.11,100.11,100.11,100.11,100.11,100.11,100.11,100.11,100.11,100.11,100.11,100.11,100.11,100.11,100.11,100.11,100.11,100.11,100.11,100.11,100.11,100.11,100.11,100.11,100.11,100.11,100.11,100.11,100.11,100.11,100.11,100.11,100.11,100.11,100.11,100.11,100.11,100.11,100.11,100.11,100.11,100.11,100.11,100.11,100.11,100.11,100.11,100.11,100.11,100.11,100.11,100.11,100.11,100.11,100.11,100.11,100.11,100.11,100.11,100.11,100.11,100.11,100.11,100.11,100.11,100.11,100.11,100.11,100.11,100.11,100.11,100.11,100.11,100.11,100.11,100.11,100.11,100.11,100.11,100.11,100.11,100.11,100.11,100.11
Producto,0.005689856,12531354,SEGURO DE SALUD,99.25,99.25,99.25,99.25,99.25,99.25,99.25,99.25,99.25,97.13,97.13,97.13,97.56,97.56,97.56,97.56,97.56,97.56,97.56,97.56,97.56,97.56,97.56,97.56,98.79,98.79,98.79,98.79,98.79,98.79,98.79,98.79,98.79,98.79,98.79,98.79,100.11,100.11,100.11,100.11,100.11,100.11,100.11,100.11,100.11,100.11,100.11,100.11,100.11,100.11,100.11,100.11,100.11,100.11,100.11,100.11,100.11,100.11,100.11,100.11,100.11,100.11,100.11,100.11,100.11,100.11,100.11,100.11,100.11,100.11,100.11,100.11,100.11,100.11,100.11,100.11,100.11,100.11,100.11,100.11,100.11,100.11,100.11,100.11,100.11,100.11,100.11,100.11,100.11,100.11,100.11,100.11,100.11,100.11,100.11,100.11,100.11,100.11,100.11,100.11,100.11,100.11,100.11,100.11,100.11,100.11,100.11,100.11,100.11,100.11,100.11,100.11,100.11,100.11,100.11,100.11,100.11,100.11,100.11,100.11,100.11,100.11,100.11,100.11,100.11,100.11,100.11,100.11,100.11,100.11,100.11,100.11,100.11,100.11,100.11,100.11,100.11,100.11
Clase,0.006315305,1254,Seguro relacionado con el transporte (S),100.67,100.67,100.67,100.67,100.67,100.67,100.67,100.67,100.67,100.67,100.67,100.67,100.67,100.67,100.67,100.67,100.67,100.67,100.67,100.67,100.67,100.67,100.67,100.67,100.67,100.67,100.67,100.67,100.67,100.67,100.67,100.67,100.67,100.67,100.67,100.67,100.67,100.67,100.67,100.67,100.67,100.67,100.67,100.67,100.67,100.67,100.67,100.67,100.67,100.67,100.67,100.67,100.67,100.67,100.67,100.67,100.67,100.67,100.67,100.67,100.67,100.67,100.67,100.67,100.67,100.67,100.67,100.67,100.67,100.67,100.67,100.67,100.67,100.67,100.67,100.67,100.67,100.67,100.67,100.67,100.67,100.67,100.67,100.67,100.67,100.67,100.67,100.67,100.67,100.67,100.67,100.67,100.67,100.67,100.67,100.67,100.67,100.67,100.67,100.67,100.67,100.67,100.67,100.67,100.67,100.67,100.67,100.67,100.67,100.67,100.67,100.67,100.67,100.67,100.67,100.67,100.67,100.67,100.67,100.67,100.67,100.67,100.67,100.67,100.67,100.67,100.67,100.67,100.67,100.67,100.67,100.67,100.67,100.67,100.67,100.67,100.67,100.67
Subclase,0.006315305,12541,Seguro relacionado con el transporte,100.67,100.67,100.67,100.67,100.67,100.67,100.67,100.67,100.67,100.67,100.67,100.67,100.67,100.67,100.67,100.67,100.67,100.67,100.67,100.67,100.67,100.67,100.67,100.67,100.67,100.67,100.67,100.67,100.67,100.67,100.67,100.67,100.67,100.67,100.67,100.67,100.67,100.67,100.67,100.67,100.67,100.67,100.67,100.67,100.67,100.67,100.67,100.67,100.67,100.67,100.67,100.67,100.67,100.67,100.67,100.67,100.67,100.67,100.67,100.67,100.67,100.67,100.67,100.67,100.67,100.67,100.67,100.67,100.67,100.67,100.67,100.67,100.67,100.67,100.67,100.67,100.67,100.67,100.67,100.67,100.67,100.67,100.67,100.67,100.67,100.67,100.67,100.67,100.67,100.67,100.67,100.67,100.67,100.67,100.67,100.67,100.67,100.67,100.67,100.67,100.67,100.67,100.67,100.67,100.67,100.67,100.67,100.67,100.67,100.67,100.67,100.67,100.67,100.67,100.67,100.67,100.67,100.67,100.67,100.67,100.67,100.67,100.67,100.67,100.67,100.67,100.67,100.67,100.67,100.67,100.67,100.67,100.67,100.67,100.67,100.67,100.67,100.67
Producto,0.006315305,12541355,SEGURO DE VEHÍCULO,100.67,100.67,100.67,100.67,100.67,100.67,100.67,100.67,100.67,100.67,100.67,100.67,100.67,100.67,100.67,100.67,100.67,100.67,100.67,100.67,100.67,100.67,100.67,100.67,100.67,100.67,100.67,100.67,100.67,100.67,100.67,100.67,100.67,100.67,100.67,100.67,100.67,100.67,100.67,100.67,100.67,100.67,100.67,100.67,100.67,100.67,100.67,100.67,100.67,100.67,100.67,100.67,100.67,100.67,100.67,100.67,100.67,100.67,100.67,100.67,100.67,100.67,100.67,100.67,100.67,100.67,100.67,100.67,100.67,100.67,100.67,100.67,100.67,100.67,100.67,100.67,100.67,100.67,100.67,100.67,100.67,100.67,100.67,100.67,100.67,100.67,100.67,100.67,100.67,100.67,100.67,100.67,100.67,100.67,100.67,100.67,100.67,100.67,100.67,100.67,100.67,100.67,100.67,100.67,100.67,100.67,100.67,100.67,100.67,100.67,100.67,100.67,100.67,100.67,100.67,100.67,100.67,100.67,100.67,100.67,100.67,100.67,100.67,100.67,100.67,100.67,100.67,100.67,100.67,100.67,100.67,100.67,100.67,100.67,100.67,100.67,100.67,100.67
Grupo,0.001417168,126,Servicios financieros n.e.p.,98.06,98.06,98.06,98.06,98.06,98.06,98.06,98.06,98.06,98.06,98.06,98.06,98.06,98.06,98.06,98.06,98.06,100.02,100.02,100.02,100.02,100.02,100.02,100.02,100.02,100.02,100.02,100.02,100.02,98.17,98.17,98.17,98.17,98.17,98.17,98.17,98.17,98.17,98.17,98.17,98.17,98.17,98.17,98.17,98.17,98.17,98.17,98.17,98.17,98.17,98.17,98.17,98.17,93.35,93.35,93.35,93.35,93.35,93.35,93.35,93.35,93.35,93.35,93.35,93.35,93.35,93.35,93.35,93.35,93.35,93.35,93.35,93.35,93.35,93.35,93.35,93.35,93.35,93.35,93.35,93.35,93.35,93.35,93.35,93.35,93.35,93.35,93.35,93.35,93.35,93.35,93.35,93.35,93.35,93.35,93.35,93.35,93.35,93.35,93.35,93.35,93.35,93.35,93.35,93.35,93.35,93.35,93.35,93.35,93.35,93.35,95.95,95.95,95.95,95.95,95.95,95.95,95.95,95.95,95.95,95.95,95.95,95.95,95.95,95.95,95.95,95.95,95.95,95.95,95.95,95.95,95.95,95.95,95.95,95.95,95.95,95.95,95.95
Clase,0.001417168,1262,Otros servicios financieros n.e.p. (S),98.06,98.06,98.06,98.06,98.06,98.06,98.06,98.06,98.06,98.06,98.06,98.06,98.06,98.06,98.06,98.06,98.06,100.02,100.02,100.02,100.02,100.02,100.02,100.02,100.02,100.02,100.02,100.02,100.02,98.17,98.17,98.17,98.17,98.17,98.17,98.17,98.17,98.17,98.17,98.17,98.17,98.17,98.17,98.17,98.17,98.17,98.17,98.17,98.17,98.17,98.17,98.17,98.17,93.35,93.35,93.35,93.35,93.35,93.35,93.35,93.35,93.35,93.35,93.35,93.35,93.35,93.35,93.35,93.35,93.35,93.35,93.35,93.35,93.35,93.35,93.35,93.35,93.35,93.35,93.35,93.35,93.35,93.35,93.35,93.35,93.35,93.35,93.35,93.35,93.35,93.35,93.35,93.35,93.35,93.35,93.35,93.35,93.35,93.35,93.35,93.35,93.35,93.35,93.35,93.35,93.35,93.35,93.35,93.35,93.35,93.35,95.95,95.95,95.95,95.95,95.95,95.95,95.95,95.95,95.95,95.95,95.95,95.95,95.95,95.95,95.95,95.95,95.95,95.95,95.95,95.95,95.95,95.95,95.95,95.95,95.95,95.95,95.95
Subclase,0.001417168,12621,Servicios financieros,98.06,98.06,98.06,98.06,98.06,98.06,98.06,98.06,98.06,98.06,98.06,98.06,98.06,98.06,98.06,98.06,98.06,100.02,100.02,100.02,100.02,100.02,100.02,100.02,100.02,100.02,100.02,100.02,100.02,98.17,98.17,98.17,98.17,98.17,98.17,98.17,98.17,98.17,98.17,98.17,98.17,98.17,98.17,98.17,98.17,98.17,98.17,98.17,98.17,98.17,98.17,98.17,98.17,93.35,93.35,93.35,93.35,93.35,93.35,93.35,93.35,93.35,93.35,93.35,93.35,93.35,93.35,93.35,93.35,93.35,93.35,93.35,93.35,93.35,93.35,93.35,93.35,93.35,93.35,93.35,93.35,93.35,93.35,93.35,93.35,93.35,93.35,93.35,93.35,93.35,93.35,93.35,93.35,93.35,93.35,93.35,93.35,93.35,93.35,93.35,93.35,93.35,93.35,93.35,93.35,93.35,93.35,93.35,93.35,93.35,93.35,95.95,95.95,95.95,95.95,95.95,95.95,95.95,95.95,95.95,95.95,95.95,95.95,95.95,95.95,95.95,95.95,95.95,95.95,95.95,95.95,95.95,95.95,95.95,95.95,95.95,95.95,95.95
Producto,0.001417168,12621356,SERVICIOS BANCARIOS,98.06,98.06,98.06,98.06,98.06,98.06,98.06,98.06,98.06,98.06,98.06,98.06,98.06,98.06,98.06,98.06,98.06,100.02,100.02,100.02,100.02,100.02,100.02,100.02,100.02,100.02,100.02,100.02,100.02,98.17,98.17,98.17,98.17,98.17,98.17,98.17,98.17,98.17,98.17,98.17,98.17,98.17,98.17,98.17,98.17,98.17,98.17,98.17,98.17,98.17,98.17,98.17,98.17,93.35,93.35,93.35,93.35,93.35,93.35,93.35,93.35,93.35,93.35,93.35,93.35,93.35,93.35,93.35,93.35,93.35,93.35,93.35,93.35,93.35,93.35,93.35,93.35,93.35,93.35,93.35,93.35,93.35,93.35,93.35,93.35,93.35,93.35,93.35,93.35,93.35,93.35,93.35,93.35,93.35,93.35,93.35,93.35,93.35,93.35,93.35,93.35,93.35,93.35,93.35,93.35,93.35,93.35,93.35,93.35,93.35,93.35,95.95,95.95,95.95,95.95,95.95,95.95,95.95,95.95,95.95,95.95,95.95,95.95,95.95,95.95,95.95,95.95,95.95,95.95,95.95,95.95,95.95,95.95,95.95,95.95,95.95,95.95,95.95
Grupo,0.019827646,127,Otros servicios n.e.p.,100.27,104.12,104.12,104.12,104.12,104.12,104.12,104.12,104.12,104.12,104.12,104.12,105.42,105.42,105.42,105.42,105.42,105.42,105.42,105.42,105.42,105.42,105.42,105.42,103.84,103.84,103.84,103.84,103.84,103.84,103.84,103.84,103.84,103.84,103.84,103.84,113.38,113.38,113.38,113.38,113.38,111.30,111.30,111.30,111.30,111.30,111.30,111.30,111.30,111.30,111.30,111.30,111.30,111.30,111.30,111.30,111.30,111.30,111.30,111.30,111.30,111.30,111.30,111.30,111.30,111.30,111.30,111.30,111.30,111.30,111.30,111.30,111.30,111.30,111.30,111.30,111.30,111.30,111.30,111.30,111.30,107.80,107.80,107.80,107.80,109.76,111.09,108.77,108.77,108.77,110.34,111.95,111.95,108.49,108.49,108.49,108.49,110.18,110.18,111.78,110.81,110.81,111.78,111.78,111.78,111.78,111.78,111.78,111.78,111.78,112.20,112.30,112.30,111.95,111.95,111.95,111.95,111.95,111.95,111.95,113.38,113.38,111.69,111.69,112.10,112.10,112.26,112.26,114.02,114.02,115.44,115.44,115.44,115.44,115.44,115.44,115.44,115.44
Clase,0.019827646,1270,Otros servicios n.e.p. (S),100.27,104.12,104.12,104.12,104.12,104.12,104.12,104.12,104.12,104.12,104.12,104.12,105.42,105.42,105.42,105.42,105.42,105.42,105.42,105.42,105.42,105.42,105.42,105.42,103.84,103.84,103.84,103.84,103.84,103.84,103.84,103.84,103.84,103.84,103.84,103.84,113.38,113.38,113.38,113.38,113.38,111.30,111.30,111.30,111.30,111.30,111.30,111.30,111.30,111.30,111.30,111.30,111.30,111.30,111.30,111.30,111.30,111.30,111.30,111.30,111.30,111.30,111.30,111.30,111.30,111.30,111.30,111.30,111.30,111.30,111.30,111.30,111.30,111.30,111.30,111.30,111.30,111.30,111.30,111.30,111.30,107.80,107.80,107.80,107.80,109.76,111.09,108.77,108.77,108.77,110.34,111.95,111.95,108.49,108.49,108.49,108.49,110.18,110.18,111.78,110.81,110.81,111.78,111.78,111.78,111.78,111.78,111.78,111.78,111.78,112.20,112.30,112.30,111.95,111.95,111.95,111.95,111.95,111.95,111.95,113.38,113.38,111.69,111.69,112.10,112.10,112.26,112.26,114.02,114.02,115.44,115.44,115.44,115.44,115.44,115.44,115.44,115.44
Subclase,0.019827646,12701,"Servicios judiciales, sociales y fotocopias",100.27,104.12,104.12,104.12,104.12,104.12,104.12,104.12,104.12,104.12,104.12,104.12,105.42,105.42,105.42,105.42,105.42,105.42,105.42,105.42,105.42,105.42,105.42,105.42,103.84,103.84,103.84,103.84,103.84,103.84,103.84,103.84,103.84,103.84,103.84,103.84,113.38,113.38,113.38,113.38,113.38,111.30,111.30,111.30,111.30,111.30,111.30,111.30,111.30,111.30,111.30,111.30,111.30,111.30,111.30,111.30,111.30,111.30,111.30,111.30,111.30,111.30,111.30,111.30,111.30,111.30,111.30,111.30,111.30,111.30,111.30,111.30,111.30,111.30,111.30,111.30,111.30,111.30,111.30,111.30,111.30,107.80,107.80,107.80,107.80,109.76,111.09,108.77,108.77,108.77,110.34,111.95,111.95,108.49,108.49,108.49,108.49,110.18,110.18,111.78,110.81,110.81,111.78,111.78,111.78,111.78,111.78,111.78,111.78,111.78,112.20,112.30,112.30,111.95,111.95,111.95,111.95,111.95,111.95,111.95,113.38,113.38,111.69,111.69,112.10,112.10,112.26,112.26,114.02,114.02,115.44,115.44,115.44,115.44,115.44,115.44,115.44,115.44
Producto,0.007328097,12701357,GASTOS COMPROMISOS SOCIALES,99.95,99.95,99.95,99.95,99.95,99.95,99.95,99.95,99.95,99.95,99.95,99.95,99.95,99.95,99.95,99.95,99.95,99.95,99.95,99.95,99.95,99.95,99.95,99.95,99.95,99.95,99.95,99.95,99.95,99.95,99.95,99.95,99.95,99.95,99.95,99.95,99.95,99.95,99.95,99.95,99.95,95.27,95.27,95.27,95.27,95.27,95.27,95.27,95.27,95.27,95.27,95.27,95.27,95.27,95.27,95.27,95.27,95.27,95.27,95.27,95.27,95.27,95.27,95.27,95.27,95.27,95.27,95.27,95.27,95.27,95.27,95.27,95.27,95.27,95.27,95.27,95.27,95.27,95.27,95.27,95.27,83.22,83.22,83.22,83.22,87.61,90.60,85.40,85.40,85.40,88.93,88.93,88.93,84.77,84.77,84.77,84.77,88.56,88.56,88.56,86.38,86.38,88.56,88.56,88.56,88.56,88.56,88.56,88.56,88.56,89.49,89.72,89.72,88.94,88.94,88.94,88.94,88.94,88.94,88.94,88.94,88.94,85.14,85.14,86.06,86.06,86.43,86.43,90.37,90.37,90.37,90.37,90.37,90.37,90.37,90.37,90.37,90.37
Producto,0.007345759,12701358,SERVICIOS JUDICIALES,102.10,113.44,113.44,113.44,113.44,113.44,113.44,113.44,113.44,113.44,113.44,113.44,117.29,117.29,117.29,117.29,117.29,117.29,117.29,117.29,117.29,117.29,117.29,117.29,112.61,112.61,112.61,112.61,112.61,112.61,112.61,112.61,112.61,112.61,112.61,112.61,140.76,140.76,140.76,140.76,140.76,140.76,140.76,140.76,140.76,140.76,140.76,140.76,140.76,140.76,140.76,140.76,140.76,140.76,140.76,140.76,140.76,140.76,140.76,140.76,140.76,140.76,140.76,140.76,140.76,140.76,140.76,140.76,140.76,140.76,140.76,140.76,140.76,140.76,140.76,140.76,140.76,140.76,140.76,140.76,140.76,140.76,140.76,140.76,140.76,140.76,140.76,140.76,140.76,140.76,140.76,140.76,140.76,140.76,140.76,140.76,140.76,140.76,140.76,140.76,140.76,140.76,140.76,140.76,140.76,140.76,140.76,140.76,140.76,140.76,140.76,140.76,140.76,140.76,140.76,140.76,140.76,140.76,140.76,140.76,144.98,144.98,144.98,144.98,144.98,144.98,144.98,144.98,144.98,144.98,144.98,144.98,144.98,144.98,144.98,144.98,144.98,144.98
Producto,0.005153791,12701359,FOTOCOPIAS,98.06,98.06,98.06,98.06,98.06,98.06,98.06,98.06,98.06,98.06,98.06,98.06,98.06,98.06,98.06,98.06,98.06,98.06,98.06,98.06,98.06,98.06,98.06,98.06,98.06,98.06,98.06,98.06,98.06,98.06,98.06,98.06,98.06,98.06,98.06,98.06,98.06,98.06,98.06,98.06,98.06,98.06,98.06,98.06,98.06,98.06,98.06,98.06,98.06,98.06,98.06,98.06,98.06,98.06,98.06,98.06,98.06,98.06,98.06,98.06,98.06,98.06,98.06,98.06,98.06,98.06,98.06,98.06,98.06,98.06,98.06,98.06,98.06,98.06,98.06,98.06,98.06,98.06,98.06,98.06,98.06,106.77,106.77,106.77,106.77,106.77,106.77,106.77,106.77,106.77,106.77,114.24,114.24,106.77,106.77,106.77,106.77,106.77,106.77,114.24,114.24,114.24,114.24,114.24,114.24,114.24,114.24,114.24,114.24,114.24,114.24,114.24,114.24,114.24,114.24,114.24,114.24,114.24,114.24,114.24,114.24,114.24,114.24,114.24,114.24,114.24,114.24,114.24,114.24,114.24,120.83,120.83,120.83,120.83,120.83,120.83,120.83,120.83
,,,,,,,,,,,,,,,,,,,,,,,,,,,,,,,,,,,,,,,,,,,,,,,,,,,,,,,,,,,,,,,,,,,,,,,,,,,,,,,,,,,,,,,,,,,,,,,,,,,,,,,,,,,,,,,,,,,,,,,,,,,,,,,,,,,,,,,,,,,,,
Nota:,,,,,,,,,,,,,,,,,,,,,,,,,,,,,,,,,,,,,,,,,,,,,,,,,,,,,,,,,,,,,,,,,,,,,,,,,,,,,,,,,,,,,,,,,,,,,,,,,,,,,,,,,,,,,,,,,,,,,,,,,,,,,,,,,,,,,,,,,,,,,
CCIF corresponde a las siglas de la Clasificación del Consumo Individual por Finalidades,,,,,,,,,,,,,,,,,,,,,,,,,,,,,,,,,,,,,,,,,,,,,,,,,,,,,,,,,,,,,,,,,,,,,,,,,,,,,,,,,,,,,,,,,,,,,,,,,,,,,,,,,,,,,,,,,,,,,,,,,,,,,,,,,,,,,,,,,,,,,
,,,,,,,,,,,,,,,,,,,,,,,,,,,,,,,,,,,,,,,,,,,,,,,,,,,,,,,,,,,,,,,,,,,,,,,,,,,,,,,,,,,,,,,,,,,,,,,,,,,,,,,,,,,,,,,,,,,,,,,,,,,,,,,,,,,,,,,,,,,,,
Fuente: Índice de Precios al Consumidor,,,,,,,,,,,,,,,,,,,,,,,,,,,,,,,,,,,,,,,,,,,,,,,,,,,,,,,,,,,,,,,,,,,,,,,,,,,,,,,,,,,,,,,,,,,,,,,,,,,,,,,,,,,,,,,,,,,,,,,,,,,,,,,,,,,,,,,,,,,,,
