,,,,,,,,,,,,,,,,,,,,,,,,,,,,,,,,,,,,,,,,,,,,,,,,,,,,,,,,,,,,,,,,,,,,,,,,,,,,,,,,,,,,,,,,,,,,,,,,,,,,,,,,,,,,,,,,,,,,,,,,,,,,,,,,,,,,,,,,,,,,,
,,,,,,,,,,,,,,,,,,,,,,,,,,,,,,,,,,,,,,,,,,,,,,,,,,,,,,,,,,,,,,,,,,,,,,,,,,,,,,,,,,,,,,,,,,,,,,,,,,,,,,,,,,,,,,,,,,,,,,,,,,,,,,,,,,,,,,,,,,,,,
ÍNDICE DE PRECIOS AL CONSUMIDOR - IPC -,,,,,,,,,,,,,,,,,,,,,,,,,,,,,,,,,,,,,,,,,,,,,,,,,,,,,,,,,,,,,,,,,,,,,,,,,,,,,,,,,,,,,,,,,,,,,,,,,,,,,,,,,,,,,,,,,,,,,,,,,,,,,,,,,,,,,,,,,,,,,
ÍNDICE GENERAL CUENCA,,,,,,,,,,,,,,,,,,,,,,,,,,,,,,,,,,,,,,,,,,,,,,,,,,,,,,,,,,,,,,,,,,,,,,,,,,,,,,,,,,,,,,,,,,,,,,,,,,,,,,,,,,,,,,,,,,,,,,,,,,,,,,,,,,,,,,,,,,,,,
Nivel,Ponderación,Cód. CCIF,Descripción CCIF,ene-15,feb-15,mar-15,abr-15,may-15,jun-15,jul-15,ago-15,sep-15,oct-15,nov-15,dic-15,ene-16,feb-16,mar-16,abr-16,may-16,jun-16,jul-16,ago-16,sep-16,oct-16,nov-16,dic-16,ene-17,feb-17,mar-17,abr-17,may-17,jun-17,jul-17,ago-17,sep-17,oct-17,nov-17,dic-17,ene-18,feb-18,mar-18,abr-18,may-18,jun-18,jul-18,ago-18,sep-18,oct-18,nov-18,dic-18,ene-19,feb-19,mar-19,abr-19,may-19,jun-19,jul-19,ago-19,sep-19,oct-19,nov-19,dic-19,ene-20,feb-20,mar-20,abr-20,may-20,jun-20,jul-20,ago-20,sep-20,oct-20,nov-20,dic-20,ene-21,feb-21,mar-21,abr-21,may-21,jun-21,jul-21,ago-21,sep-21,oct-21,nov-21,dic-21,ene-22,feb-22,mar-22,abr-22,may-22,jun-22,jul-22,ago-22,sep-22,oct-22,nov-22,dic-22,ene-23,feb-23,mar-23,abr-23,may-23,jun-23,jul-23,ago-23,sep-23,oct-23,nov-23,dic-23,ene-24,feb-24,mar-24,abr-24,may-24,jun-24,jul-24,ago-24,sep-24,oct-24,nov-24,dic-24,ene-25,feb-25,mar-25,abr-25,may-25,jun-25,jul-25,ago-25,sep-25,oct-25,nov-25,dic-25,ene-26,feb-26,mar-26,abr-26,may-26,jun-26
General,"1,000000",0,GENERAL,101.50,101.94,102.29,102.83,103.10,103.29,103.57,103.83,103.65,103.92,104.12,104.77,104.92,104.75,105.24,105.14,105.44,105.43,105.30,105.27,106.25,106.23,105.85,105.88,106.32,106.48,106.58,106.58,106.82,106.52,106.28,105.88,105.96,105.88,105.95,105.70,106.23,106.42,106.53,106.20,105.88,105.50,105.70,106.26,105.89,106.20,106.12,106.41,107.02,106.68,106.49,106.56,106.57,106.70,106.71,106.51,106.66,106.97,106.57,106.45,106.59,106.76,106.60,107.55,107.61,107.71,106.15,105.55,105.25,105.26,105.19,105.14,105.57,105.76,106.07,106.21,106.45,106.71,107.13,107.32,107.90,108.34,108.47,108.38,108.95,109.50,109.72,110.19,110.55,110.90,111.64,111.14,111.76,112.04,112.24,112.29,112.27,112.48,112.41,112.61,112.64,113.01,113.36,113.69,113.83,113.73,113.33,113.26,113.40,113.84,114.10,115.64,115.35,115.21,116.31,116.35,116.73,116.46,116.19,115.32,115.15,115.43,115.64,115.39,117.14,117.10,117.28,117.44,117.96,118.23,117.32,117.31,117.58,118.06,119.10,119.29,119.68,120.22
División,0.224503124,01,Alimentos y bebidas no alcohólicas,101.48,100.82,101.92,103.55,103.53,104.68,104.18,104.39,104.23,104.41,105.01,105.36,105.31,104.86,106.67,106.77,106.49,105.98,105.79,105.64,105.71,105.54,104.59,104.61,105.16,105.99,106.86,106.04,106.24,107.83,106.56,105.22,104.69,105.14,105.19,104.42,105.52,105.87,106.10,105.40,103.68,103.03,102.93,103.29,102.95,103.47,104.31,103.13,104.56,103.56,103.43,103.46,103.09,103.25,103.69,103.02,103.41,103.62,103.74,102.42,103.34,103.62,103.77,107.18,107.57,104.82,102.97,101.30,100.52,99.92,100.21,100.14,101.25,101.67,102.26,101.95,101.83,102.12,102.76,102.50,101.96,101.76,101.77,102.34,103.73,104.74,106.19,106.23,107.69,108.67,111.87,109.26,109.29,109.70,110.49,110.28,110.58,110.17,110.44,111.12,111.22,112.73,114.20,115.65,115.82,114.71,113.62,113.00,114.21,115.69,115.33,116.04,114.68,116.20,115.85,116.17,116.56,115.87,115.06,115.38,116.05,116.41,117.74,117.63,118.33,117.77,117.83,117.20,117.62,118.28,117.43,116.77,117.82,119.55,119.07,117.52,117.39,116.99
Grupo,0.199535008,011,Alimentos,101.40,100.69,101.84,103.56,103.51,104.73,104.12,104.25,104.20,104.24,104.89,105.19,105.12,104.55,106.50,106.68,105.93,105.29,104.90,104.77,104.87,104.75,103.89,103.87,104.49,105.27,106.17,105.39,105.55,107.88,106.49,105.05,104.48,104.93,104.52,103.68,104.85,105.21,105.50,104.59,102.74,102.03,101.94,102.40,102.00,102.58,103.60,102.34,103.89,102.75,102.63,102.65,102.20,102.40,102.82,102.14,102.52,102.76,102.93,101.51,102.53,102.72,102.91,106.60,107.00,104.04,102.01,100.26,99.51,98.78,99.16,99.14,100.35,100.74,101.39,101.03,100.99,101.29,101.96,101.68,101.08,100.88,100.86,101.39,102.91,104.02,105.54,105.57,107.11,108.07,111.51,108.60,108.60,109.01,109.76,109.53,109.79,109.33,109.59,110.30,110.35,112.02,113.53,115.08,115.25,114.08,112.80,112.19,113.47,115.06,114.72,115.37,113.81,115.46,115.03,115.37,115.82,115.04,114.19,114.60,115.33,115.66,117.16,116.87,117.47,116.44,116.54,115.79,116.21,116.95,116.03,115.42,116.45,118.17,117.71,116.19,115.98,115.58
Clase,0.039444215,0111,Pan y cereales (ND),97.20,96.75,98.03,97.48,99.02,100.30,100.39,101.22,102.52,102.82,102.63,102.94,103.29,103.84,104.11,105.35,105.66,105.31,107.14,108.08,107.50,108.34,109.74,108.66,107.07,106.78,106.18,105.08,105.90,105.52,105.47,105.01,105.06,105.45,105.22,105.25,104.15,103.66,104.87,104.20,103.46,101.65,99.49,98.74,97.90,99.31,101.64,102.11,101.86,101.15,101.03,101.24,102.71,103.22,102.97,101.75,100.54,100.88,101.08,100.21,101.08,100.60,100.42,100.06,100.68,101.62,100.98,100.63,100.22,100.74,100.65,100.86,100.81,101.54,101.81,101.73,102.08,105.93,106.61,106.96,106.31,107.07,106.11,107.04,107.07,106.38,112.05,113.32,117.94,118.11,117.14,117.52,117.69,118.08,118.52,118.17,118.22,118.41,118.33,119.14,118.71,121.37,123.41,125.66,126.61,125.33,124.63,124.98,125.62,125.84,125.47,125.50,124.75,124.31,123.96,124.21,124.72,122.62,122.70,122.51,120.95,119.96,120.91,120.34,118.89,119.36,118.45,118.70,118.25,117.21,119.55,119.14,118.76,119.78,118.33,117.65,117.98,117.76
Subclase,0.015467425,01111,Arroz,103.58,103.73,109.31,110.89,111.47,110.65,110.04,110.89,110.73,111.95,112.92,112.88,112.46,112.28,111.38,113.45,114.26,114.47,114.10,113.53,113.94,114.68,114.20,113.90,113.92,113.14,113.29,111.59,110.88,111.07,106.65,105.28,104.74,105.58,105.90,106.91,103.38,103.34,103.20,102.18,102.23,99.82,99.64,98.44,99.78,99.52,97.63,98.94,98.15,100.04,100.74,99.37,99.52,99.42,99.06,97.65,98.64,99.77,99.54,97.78,99.78,99.22,98.52,98.59,99.73,101.84,99.13,96.76,96.29,97.94,97.94,99.97,100.33,102.22,100.78,100.78,101.67,102.57,100.91,102.29,101.56,100.75,94.23,96.92,97.78,96.05,94.45,96.91,99.54,99.86,102.13,102.13,102.35,103.07,103.07,103.30,103.07,103.07,100.21,103.54,102.28,113.26,121.23,116.75,116.75,118.20,121.04,122.24,124.80,126.65,126.65,126.65,122.34,120.90,121.78,120.97,122.62,112.79,112.85,114.04,108.22,105.97,111.20,107.89,104.44,104.77,102.40,104.01,102.09,98.87,107.25,106.88,106.51,106.45,102.09,101.23,98.25,97.14
Producto,0.015467425,01111001,ARROZ,103.58,103.73,109.31,110.89,111.47,110.65,110.04,110.89,110.73,111.95,112.92,112.88,112.46,112.28,111.38,113.45,114.26,114.47,114.10,113.53,113.94,114.68,114.20,113.90,113.92,113.14,113.29,111.59,110.88,111.07,106.65,105.28,104.74,105.58,105.90,106.91,103.38,103.34,103.20,102.18,102.23,99.82,99.64,98.44,99.78,99.52,97.63,98.94,98.15,100.04,100.74,99.37,99.52,99.42,99.06,97.65,98.64,99.77,99.54,97.78,99.78,99.22,98.52,98.59,99.73,101.84,99.13,96.76,96.29,97.94,97.94,99.97,100.33,102.22,100.78,100.78,101.67,102.57,100.91,102.29,101.56,100.75,94.23,96.92,97.78,96.05,94.45,96.91,99.54,99.86,102.13,102.13,102.35,103.07,103.07,103.30,103.07,103.07,100.21,103.54,102.28,113.26,121.23,116.75,116.75,118.20,121.04,122.24,124.80,126.65,126.65,126.65,122.34,120.90,121.78,120.97,122.62,112.79,112.85,114.04,108.22,105.97,111.20,107.89,104.44,104.77,102.40,104.01,102.09,98.87,107.25,106.88,106.51,106.45,102.09,101.23,98.25,97.14
Subclase,0.001652284,01112,Cereales enteros y harinas,97.74,97.43,97.34,97.31,96.06,95.82,95.77,96.14,95.38,96.86,97.40,97.40,96.76,96.76,99.45,99.54,99.54,99.54,99.89,103.97,104.77,104.70,102.21,106.27,106.27,106.27,106.88,107.40,109.51,109.92,107.46,108.74,108.86,107.23,106.02,104.10,103.86,104.49,102.50,104.17,104.79,104.63,104.16,103.39,104.22,101.19,98.76,96.98,97.39,96.82,95.46,95.48,96.29,96.80,96.08,94.37,95.13,94.82,93.70,93.34,94.27,93.70,92.77,94.29,99.17,101.08,100.79,101.00,98.84,100.99,99.00,96.99,99.44,98.90,99.51,100.04,99.88,99.30,99.78,100.86,99.34,104.15,105.92,107.41,106.76,106.89,107.56,107.32,106.93,107.70,109.13,109.00,108.75,109.51,111.51,110.37,112.05,113.31,112.36,114.39,116.23,117.28,119.88,117.60,117.50,116.22,118.01,117.42,117.89,118.59,117.65,116.43,118.06,117.61,115.23,118.00,117.67,117.47,118.18,112.63,110.95,112.43,109.36,110.24,107.41,105.57,105.80,105.89,102.77,102.64,102.44,101.45,102.99,104.45,106.58,106.30,105.82,105.17
Producto,0.000491913,01112002,CEREALES ENTEROS,97.69,97.18,97.18,97.18,96.25,96.25,96.17,96.17,96.66,97.39,97.66,97.66,96.64,96.64,100.84,100.84,100.84,100.84,101.50,105.95,107.29,106.39,107.98,109.04,109.04,109.04,110.07,110.95,112.91,113.53,112.63,112.63,112.63,110.55,108.52,105.26,105.26,105.26,105.26,105.08,106.13,105.79,106.90,105.56,105.56,100.83,96.32,96.32,95.63,95.37,95.37,95.37,95.37,95.02,95.02,93.02,93.02,92.50,92.50,92.50,92.50,90.73,90.73,90.73,99.03,100.84,99.76,100.76,100.03,99.05,96.84,97.46,99.03,97.46,97.46,97.64,98.30,98.21,98.05,97.99,99.52,108.41,108.85,109.91,110.53,110.38,112.00,110.71,110.91,111.02,111.40,111.40,111.09,111.88,112.87,113.27,115.09,115.09,115.09,121.47,120.24,124.49,125.73,125.54,125.54,123.39,124.66,124.66,124.66,126.15,124.85,123.68,125.58,125.58,123.92,124.88,124.88,124.55,125.51,117.79,114.64,118.43,112.87,114.52,109.67,108.89,107.84,107.66,104.51,105.27,104.81,104.81,109.50,111.82,114.44,111.15,111.15,110.32
Producto,0.000721598,01112003,HARINA DE TRIGO,98.06,98.06,98.06,97.97,95.22,93.77,93.77,95.22,91.10,95.22,96.69,96.69,96.69,96.69,96.69,96.69,96.69,96.69,96.69,96.69,96.69,96.69,83.34,96.69,96.69,96.69,96.69,96.69,96.69,96.69,89.19,97.07,97.53,97.45,97.45,97.45,97.45,97.45,90.57,97.45,97.45,97.45,93.07,93.85,96.38,95.47,96.38,90.54,93.49,92.09,86.97,87.06,89.71,92.51,89.51,87.63,90.58,90.58,86.24,85.53,88.44,90.30,86.69,92.59,91.07,90.58,90.58,89.58,83.43,93.19,90.77,80.71,85.90,88.20,90.35,92.01,90.09,89.12,90.47,94.49,86.58,83.96,88.97,92.97,87.72,88.55,88.06,89.42,87.77,90.18,94.97,94.36,94.35,92.32,91.54,89.85,90.09,95.00,92.50,87.46,95.38,90.17,97.36,88.90,89.68,89.23,92.94,90.45,92.28,92.28,91.74,89.66,90.81,89.07,85.15,92.63,91.85,91.85,94.08,90.04,91.68,88.39,87.28,87.28,87.28,82.98,84.86,86.42,81.48,79.48,79.02,76.22,71.41,73.13,76.24,80.49,78.61,79.15
Producto,0.000438773,01112004,HARINA DE OTROS CEREALES,97.37,97.37,96.74,96.74,96.74,97.57,97.57,97.57,97.57,97.57,97.57,97.57,97.37,97.37,98.70,99.27,99.27,99.27,99.04,108.59,108.59,111.65,111.65,111.65,111.65,111.65,111.65,111.65,117.94,118.20,118.20,113.33,113.33,110.79,110.79,110.79,109.20,113.35,111.91,111.91,111.91,112.23,112.23,111.04,112.23,112.23,112.23,110.41,110.79,110.40,110.09,110.06,110.95,110.95,111.27,110.95,110.95,110.95,110.95,109.79,110.95,110.95,110.95,110.95,113.36,119.72,121.96,121.18,120.15,121.61,121.26,122.60,123.89,122.53,122.89,122.89,122.53,120.70,122.16,122.71,120.15,121.63,123.14,122.04,124.23,124.20,123.19,124.33,123.79,124.33,124.17,124.33,123.93,129.24,139.85,133.72,137.25,137.26,135.27,132.29,135.84,134.98,135.13,135.13,133.17,133.86,134.42,134.74,134.74,133.58,133.39,133.39,134.79,134.79,132.19,134.03,133.19,133.19,130.38,130.69,129.13,129.66,132.94,132.29,132.59,130.73,133.16,131.80,131.88,131.41,132.69,130.91,130.94,128.64,127.22,130.96,130.96,129.04
Subclase,0.001737414,01113,Gramíneas y derivados,102.65,101.84,101.84,102.42,102.01,102.01,102.01,101.30,101.83,102.50,102.14,100.93,100.43,100.77,102.44,102.09,102.70,102.46,102.28,103.58,103.58,102.50,102.78,102.74,102.74,102.74,98.68,98.27,98.62,98.29,98.50,97.32,97.32,97.43,97.21,96.04,96.91,94.12,98.06,97.63,97.36,97.99,88.18,91.51,97.93,93.99,97.93,98.00,91.92,86.60,89.59,85.39,98.69,98.07,98.07,97.80,98.14,97.64,98.14,98.00,98.00,98.23,98.23,98.12,99.30,105.91,105.88,107.31,105.66,106.59,106.75,107.07,106.69,109.13,109.84,108.22,106.43,105.73,105.64,106.64,108.67,104.76,106.77,107.50,107.50,105.68,105.00,105.78,105.78,107.22,105.99,107.40,108.12,107.30,108.94,111.76,115.16,110.84,115.85,116.31,117.98,117.65,114.24,116.57,112.39,116.13,117.81,118.28,117.42,114.05,113.46,113.82,110.08,108.02,112.66,119.16,118.40,118.15,118.17,116.69,116.29,116.06,112.87,115.36,108.52,115.38,115.56,118.84,118.78,114.43,116.29,117.15,114.83,118.36,116.51,112.14,118.83,118.36
Producto,0.000784285,01113005,AVENA,98.27,98.27,98.27,97.60,98.27,98.27,98.27,96.45,97.80,97.80,96.89,99.09,97.80,98.67,97.60,96.69,98.27,96.98,97.60,98.27,98.27,97.71,98.44,98.44,98.44,98.44,98.44,97.88,98.80,99.35,99.35,95.67,95.67,96.00,95.45,95.20,94.72,97.72,97.72,96.60,95.92,97.55,97.55,96.26,97.38,97.38,97.38,98.44,97.38,97.38,97.38,95.73,97.03,97.75,97.75,97.93,97.93,96.64,97.93,97.56,97.56,98.17,98.17,97.93,98.83,115.84,117.86,121.54,122.57,125.51,125.92,126.75,125.72,124.08,125.92,125.00,125.00,126.10,125.88,124.45,128.26,121.65,125.44,127.32,127.32,127.32,125.56,124.98,124.98,124.98,124.98,123.74,127.76,132.18,132.18,135.37,140.04,138.07,137.34,138.52,142.06,141.22,141.22,138.42,138.42,141.36,140.06,141.27,139.05,136.34,138.30,141.02,141.02,138.37,140.07,140.07,140.07,141.71,141.71,140.10,139.07,136.59,136.59,140.71,136.00,135.50,135.88,140.07,140.07,135.46,140.07,140.07,136.64,138.59,135.56,140.34,139.65,138.44
Producto,0.000953129,01113006,CEREALES PREPARADOS,105.43,104.10,104.10,105.47,104.38,104.38,104.38,104.38,104.38,105.47,105.47,102.09,102.09,102.09,105.50,105.50,105.50,105.94,105.25,106.95,106.95,105.53,105.53,105.47,105.47,105.47,98.83,98.51,98.51,97.62,97.97,98.36,98.36,98.33,98.33,96.57,98.30,91.84,98.27,98.27,98.27,98.27,82.25,88.49,98.27,91.84,98.27,97.72,88.47,79.78,84.66,78.84,99.74,98.27,98.27,97.72,98.27,98.27,98.27,98.27,98.27,98.27,98.27,98.24,99.60,99.63,98.30,98.30,94.96,94.61,94.61,94.61,94.64,99.66,99.66,97.60,94.67,92.83,92.83,95.35,96.26,94.06,94.96,94.96,94.96,91.98,91.98,93.63,93.63,95.98,93.97,97.04,95.69,91.55,94.22,96.82,99.41,93.59,102.24,102.24,102.74,102.74,97.16,102.74,95.91,100.16,103.72,103.72,103.72,99.94,97.73,96.60,90.50,88.80,95.31,105.92,104.69,103.23,103.26,101.86,101.86,103.07,97.85,99.31,91.12,102.63,102.69,105.39,105.31,101.12,101.23,102.63,101.02,105.55,104.45,94.28,105.64,105.64
Subclase,0.016494689,01114,Pan,93.78,92.80,91.98,90.31,93.14,96.26,96.14,97.75,99.42,99.60,99.13,99.81,101.08,101.77,102.18,103.65,103.77,102.59,105.99,107.49,106.22,107.70,110.38,108.16,106.56,105.35,104.97,104.34,105.35,104.12,106.02,105.80,106.51,106.10,105.69,105.63,104.79,105.01,106.01,105.73,105.02,102.55,100.36,99.31,96.71,99.51,104.65,105.17,105.36,104.29,103.77,104.82,106.32,106.72,106.47,105.24,102.27,102.41,102.90,102.18,102.57,101.94,101.73,101.12,101.15,101.15,101.16,101.13,101.13,101.12,101.12,101.20,100.69,100.68,101.31,101.28,101.78,108.45,110.07,110.07,108.75,110.27,110.31,110.64,110.65,110.66,120.75,122.02,128.47,128.52,125.14,125.79,125.84,126.55,126.58,126.58,126.58,126.58,126.56,126.58,126.55,126.60,127.66,132.39,134.15,131.15,128.74,128.74,128.77,128.74,128.69,128.78,128.80,128.80,128.92,128.94,128.98,128.98,128.99,128.98,128.98,128.98,128.98,128.95,128.92,128.95,128.98,128.97,128.87,129.09,129.04,129.08,129.05,129.12,128.55,129.11,129.30,129.35
Producto,0.015779653,01114007,PAN CORRIENTE,93.64,92.66,91.82,90.10,92.88,96.09,95.98,97.60,99.31,99.49,99.12,99.75,101.04,101.76,102.16,103.71,103.79,102.60,106.00,107.51,106.24,107.79,110.53,108.25,106.62,105.33,104.95,104.29,105.34,104.07,105.96,105.76,106.48,106.05,105.64,105.59,104.71,104.93,105.95,105.67,104.96,102.41,100.16,99.10,96.42,99.29,104.52,105.04,105.21,104.17,103.69,104.73,106.23,106.64,106.36,105.11,102.03,102.30,102.75,101.94,102.33,101.72,101.50,100.86,100.86,100.86,100.86,100.86,100.86,100.86,100.86,100.86,100.38,100.33,100.98,100.98,101.47,108.30,109.95,109.95,108.70,110.25,110.25,110.59,110.59,110.59,121.00,122.22,128.71,128.71,125.23,125.87,125.87,126.59,126.59,126.59,126.59,126.59,126.59,126.59,126.59,126.59,127.71,132.55,134.36,131.25,128.84,128.84,128.84,128.84,128.84,128.84,128.84,128.84,129.01,129.01,129.01,129.01,129.01,129.01,129.01,129.01,129.01,129.01,129.01,129.01,129.01,129.01,129.01,129.19,129.19,129.19,129.19,129.19,128.65,129.19,129.36,129.36
Producto,0.000178133,01114008,PAN ESPECIAL,91.93,91.93,94.84,94.84,97.88,97.88,98.91,98.91,98.67,98.67,91.11,91.11,91.11,91.11,92.98,92.98,92.98,92.98,92.98,92.98,92.98,92.98,93.17,93.17,93.17,93.17,93.17,93.17,93.17,93.17,93.17,93.17,93.48,93.48,93.48,93.48,93.48,93.48,93.48,93.48,93.48,93.48,93.48,93.83,93.83,93.83,93.83,93.83,93.83,93.83,88.96,93.83,93.83,93.83,93.83,93.33,93.93,93.93,93.93,93.93,93.93,93.93,93.93,93.43,93.43,93.43,93.93,93.93,93.83,93.83,93.83,93.83,93.83,93.83,93.83,93.83,93.12,93.12,93.96,93.96,86.77,87.98,89.36,91.07,91.07,91.07,93.13,93.51,96.26,95.27,96.26,97.52,97.52,97.71,98.47,98.47,98.47,98.47,98.47,98.47,98.47,98.47,98.47,98.47,98.47,98.47,98.47,98.47,98.47,98.47,98.47,100.05,100.05,100.51,100.89,101.58,101.58,101.58,103.31,103.31,103.31,103.31,103.31,103.31,103.31,103.31,103.31,103.75,103.75,103.75,103.75,103.75,103.75,103.75,103.75,103.75,104.34,105.56
Producto,0.000536903,01114009,PAN ENVASADO,101.98,101.41,100.24,100.80,105.96,104.73,104.26,105.78,105.78,106.54,102.58,106.54,106.54,106.54,106.54,104.27,106.40,105.65,109.93,111.46,110.07,108.18,108.18,108.18,108.18,110.93,110.68,110.93,110.24,110.93,114.04,112.41,112.90,113.40,112.66,112.43,113.51,113.51,114.00,113.26,112.77,113.51,114.00,113.26,114.00,114.00,115.44,116.75,118.34,114.61,113.99,113.99,116.07,116.07,117.09,117.09,118.49,111.87,114.54,118.68,119.29,117.28,117.28,118.47,120.22,120.22,120.22,118.47,118.47,118.07,118.07,122.50,120.72,122.50,122.62,120.72,122.50,122.50,122.62,122.62,119.91,119.54,121.31,120.57,121.31,121.79,116.64,120.98,126.88,129.95,130.07,131.38,134.29,134.24,135.90,135.90,135.90,135.90,134.52,135.90,134.26,136.86,135.41,135.41,135.41,136.86,134.00,134.00,135.90,134.00,131.35,136.13,137.09,137.09,133.81,134.36,137.09,137.09,137.09,136.13,136.13,136.13,136.13,134.49,133.15,134.87,136.13,135.79,129.63,132.48,129.63,131.86,130.61,134.26,131.26,133.78,135.00,137.10
Subclase,0.00178756,01115,Productos de panadería,105.46,105.46,105.46,105.46,103.20,103.20,105.46,105.46,105.46,105.46,105.46,105.46,100.73,105.46,105.46,105.46,106.05,112.05,113.03,112.91,112.91,112.91,113.35,113.35,96.96,110.32,109.89,109.89,104.66,106.69,107.08,107.21,97.57,106.12,106.12,106.12,106.12,97.03,107.93,107.93,108.20,108.00,102.68,101.64,103.30,107.45,106.94,106.94,107.24,106.94,102.08,108.21,101.43,107.81,107.81,105.01,108.38,108.38,108.38,109.31,109.64,110.60,109.49,109.49,109.49,110.30,110.30,109.39,108.46,108.35,107.93,102.84,104.23,106.68,110.42,110.31,110.40,109.44,108.49,108.49,110.10,109.62,108.66,109.86,109.10,106.04,110.54,103.65,116.46,112.97,116.34,118.95,113.56,112.25,111.11,111.53,106.55,105.03,115.02,111.78,110.49,111.90,103.99,108.24,110.18,114.32,107.77,107.77,110.18,110.18,110.18,112.16,113.25,108.12,107.34,108.63,111.36,111.83,116.29,116.29,111.83,105.96,107.57,109.95,106.91,106.42,109.94,110.48,110.26,110.28,118.05,111.74,107.11,121.94,118.05,109.08,118.53,116.83
Producto,0.00178756,01115010,GALLETAS,105.46,105.46,105.46,105.46,103.20,103.20,105.46,105.46,105.46,105.46,105.46,105.46,100.73,105.46,105.46,105.46,106.05,112.05,113.03,112.91,112.91,112.91,113.35,113.35,96.96,110.32,109.89,109.89,104.66,106.69,107.08,107.21,97.57,106.12,106.12,106.12,106.12,97.03,107.93,107.93,108.20,108.00,102.68,101.64,103.30,107.45,106.94,106.94,107.24,106.94,102.08,108.21,101.43,107.81,107.81,105.01,108.38,108.38,108.38,109.31,109.64,110.60,109.49,109.49,109.49,110.30,110.30,109.39,108.46,108.35,107.93,102.84,104.23,106.68,110.42,110.31,110.40,109.44,108.49,108.49,110.10,109.62,108.66,109.86,109.10,106.04,110.54,103.65,116.46,112.97,116.34,118.95,113.56,112.25,111.11,111.53,106.55,105.03,115.02,111.78,110.49,111.90,103.99,108.24,110.18,114.32,107.77,107.77,110.18,110.18,110.18,112.16,113.25,108.12,107.34,108.63,111.36,111.83,116.29,116.29,111.83,105.96,107.57,109.95,106.91,106.42,109.94,110.48,110.26,110.28,118.05,111.74,107.11,121.94,118.05,109.08,118.53,116.83
Subclase,0.002304843,01116,Pastas alimenticias,93.92,95.97,103.92,103.92,103.92,99.42,102.53,98.78,105.17,102.24,99.85,100.13,99.90,99.67,99.80,99.34,99.18,99.80,99.03,98.26,98.35,96.95,98.25,98.89,98.89,98.89,95.99,90.39,98.35,101.16,100.55,100.28,102.83,105.21,105.21,105.21,107.03,105.76,107.03,101.66,95.66,97.18,96.57,96.32,93.47,95.10,91.33,90.74,93.25,90.65,92.11,91.04,91.34,92.17,92.37,92.37,93.10,93.88,93.83,92.56,94.75,94.40,97.30,95.76,96.45,95.44,95.22,97.39,96.33,96.33,96.62,96.62,96.59,98.06,98.06,98.34,98.03,98.22,100.70,99.57,101.83,103.68,108.59,108.15,106.58,105.26,107.95,112.09,110.33,111.71,116.47,113.65,118.08,116.56,120.96,112.38,112.74,119.98,118.28,119.27,115.05,116.48,117.69,123.81,125.85,121.86,123.48,124.83,124.48,124.43,120.35,119.24,124.13,127.88,116.06,113.53,114.40,116.06,113.62,112.17,112.66,107.85,108.75,107.08,107.33,108.32,99.47,94.22,97.32,94.57,95.51,94.14,93.85,95.25,95.60,93.19,94.96,97.06
Producto,0.002304843,01116011,TALLARINES Y FIDEOS,93.92,95.97,103.92,103.92,103.92,99.42,102.53,98.78,105.17,102.24,99.85,100.13,99.90,99.67,99.80,99.34,99.18,99.80,99.03,98.26,98.35,96.95,98.25,98.89,98.89,98.89,95.99,90.39,98.35,101.16,100.55,100.28,102.83,105.21,105.21,105.21,107.03,105.76,107.03,101.66,95.66,97.18,96.57,96.32,93.47,95.10,91.33,90.74,93.25,90.65,92.11,91.04,91.34,92.17,92.37,92.37,93.10,93.88,93.83,92.56,94.75,94.40,97.30,95.76,96.45,95.44,95.22,97.39,96.33,96.33,96.62,96.62,96.59,98.06,98.06,98.34,98.03,98.22,100.70,99.57,101.83,103.68,108.59,108.15,106.58,105.26,107.95,112.09,110.33,111.71,116.47,113.65,118.08,116.56,120.96,112.38,112.74,119.98,118.28,119.27,115.05,116.48,117.69,123.81,125.85,121.86,123.48,124.83,124.48,124.43,120.35,119.24,124.13,127.88,116.06,113.53,114.40,116.06,113.62,112.17,112.66,107.85,108.75,107.08,107.33,108.32,99.47,94.22,97.32,94.57,95.51,94.14,93.85,95.25,95.60,93.19,94.96,97.06
Clase,0.044705202,0112,Carne (ND),106.19,106.55,107.97,107.64,109.27,111.98,111.36,109.76,109.63,108.93,108.45,108.23,108.55,107.85,109.89,107.44,105.01,104.22,103.79,104.00,104.57,104.36,104.16,103.57,104.29,105.17,105.11,104.91,105.04,105.43,105.07,105.09,105.16,104.50,104.53,104.84,105.23,105.45,104.48,104.78,105.09,104.79,106.94,110.27,107.90,106.87,104.49,103.48,104.35,104.06,104.76,104.32,103.71,104.46,105.06,104.12,103.96,103.01,103.36,103.51,104.13,103.78,104.35,104.59,105.33,105.61,106.75,102.09,100.98,99.39,98.93,99.00,99.95,101.09,102.59,101.71,101.65,102.87,100.53,100.85,100.63,100.59,101.08,101.04,102.18,102.39,102.48,102.39,100.28,100.39,103.93,103.59,101.87,101.80,102.18,102.70,102.02,102.15,102.46,103.70,103.50,105.11,105.10,105.41,105.34,105.08,104.67,104.75,104.60,106.52,106.43,106.22,106.40,107.44,107.83,107.78,107.74,107.30,106.79,106.90,108.72,111.06,111.45,111.21,112.23,111.15,110.63,110.47,110.67,110.65,110.93,111.55,115.40,114.71,115.76,115.42,114.97,115.14
Subclase,0.01531218,01121,"Carne de bovino fresca, refrigerada o congelada",119.98,123.08,125.62,126.02,127.26,126.87,126.73,125.96,126.05,125.83,125.40,124.83,124.27,123.83,123.97,123.68,123.72,122.90,122.33,121.93,121.93,121.38,121.36,121.37,121.76,122.71,122.15,121.25,121.56,122.92,122.11,122.53,122.00,123.08,123.54,123.45,124.51,125.21,122.75,122.11,122.36,122.32,123.01,125.53,122.13,121.84,121.50,120.67,120.15,119.53,120.86,120.91,122.33,121.50,122.79,119.60,120.96,121.17,121.40,120.09,123.27,120.36,120.59,122.74,125.66,122.39,122.00,120.22,119.14,115.64,115.33,120.39,119.96,121.13,120.66,120.66,120.66,120.89,119.84,120.35,120.43,119.99,120.43,120.43,124.76,124.37,124.21,124.55,121.02,120.88,123.50,123.74,123.04,123.25,122.84,122.23,122.61,124.15,124.38,125.60,126.99,128.24,128.24,129.09,128.98,129.38,130.59,130.67,130.76,137.66,138.18,136.16,136.93,138.08,137.83,138.07,138.07,138.00,138.43,138.72,142.36,148.43,149.85,149.26,153.00,152.67,151.06,150.98,151.54,151.54,153.11,155.46,162.35,160.17,162.51,162.50,162.45,163.08
Producto,0.010277691,01121012,CARNE  DE RES SIN HUESO,119.75,124.61,126.55,126.61,127.59,127.60,127.55,125.93,126.07,126.00,125.28,124.59,123.73,123.20,123.68,123.25,122.70,122.21,121.03,120.61,119.97,119.93,120.31,119.70,119.95,120.72,120.50,120.58,120.58,121.13,120.34,120.19,120.79,122.10,123.15,122.86,124.06,125.67,124.09,123.91,124.25,123.98,124.85,127.21,123.55,123.36,123.34,121.57,121.79,120.31,120.96,122.38,122.84,123.81,124.03,120.44,123.01,123.25,124.04,121.98,125.03,122.48,122.75,120.72,126.25,124.20,123.22,121.80,120.16,114.13,114.21,123.36,121.93,124.14,122.33,122.33,122.33,122.59,122.35,123.12,123.12,123.12,123.12,123.12,130.83,130.12,130.46,131.07,124.68,124.42,129.15,129.15,129.27,129.27,128.53,127.79,127.93,128.83,129.36,130.62,132.83,135.00,135.00,135.30,135.30,136.03,137.74,137.74,137.09,143.89,144.96,142.40,144.37,144.00,144.00,144.00,144.00,144.00,144.37,144.89,147.51,153.62,154.26,152.15,157.09,157.49,154.58,155.95,155.95,155.95,158.16,160.44,165.78,165.05,167.03,167.02,166.93,168.64
Producto,0.004313297,01121013,CARNE DE RES CON HUESO,115.79,117.92,122.95,122.52,123.61,122.85,122.71,122.82,123.01,123.04,122.10,121.81,121.62,121.40,120.35,121.06,123.02,121.99,121.41,121.72,120.72,120.38,119.53,120.07,120.58,121.76,119.69,118.94,119.42,121.40,121.36,122.08,119.99,120.83,121.88,121.84,121.65,121.22,115.95,114.46,114.92,115.20,115.39,117.53,114.94,114.21,114.09,114.13,113.83,114.51,117.04,114.99,116.34,113.63,118.11,114.17,112.91,115.23,112.45,113.96,117.11,115.23,114.58,125.03,121.54,115.80,116.31,114.94,114.39,113.85,112.67,112.67,113.85,113.51,114.10,114.10,114.10,115.33,113.24,113.52,113.79,112.34,113.79,113.79,113.99,113.99,112.85,112.85,112.89,112.89,112.89,113.71,111.19,111.87,111.87,111.19,111.32,112.82,112.64,113.38,113.38,114.02,114.02,116.28,115.90,115.90,116.76,117.03,118.26,123.70,123.49,121.49,120.43,123.35,124.33,124.88,124.88,124.88,124.88,124.88,129.78,136.25,139.75,141.18,143.51,141.30,141.30,141.30,141.30,141.30,142.43,144.61,153.28,148.39,150.64,150.64,150.64,150.09
Producto,0.000721192,01121014,CARNE DE RES MOLIDA,129.82,128.11,127.74,131.21,133.76,132.62,132.10,132.78,132.48,131.15,132.87,132.20,132.01,131.47,132.79,130.89,129.14,127.52,129.37,127.49,132.11,129.12,129.33,130.60,131.29,132.48,133.81,128.77,129.95,133.12,130.60,132.58,130.98,131.67,128.54,129.19,132.37,131.93,132.04,131.43,130.88,131.05,132.12,136.07,131.96,132.21,130.15,131.09,127.28,127.15,128.63,127.80,133.11,129.28,127.93,127.90,130.14,125.75,130.22,125.84,129.52,123.06,124.98,125.66,132.15,129.36,129.36,125.32,125.32,125.32,125.32,125.32,125.32,125.71,128.16,128.16,128.16,126.14,124.16,124.16,124.16,124.16,124.16,124.16,124.16,124.16,124.16,124.16,124.16,124.16,124.16,124.16,124.16,124.16,124.16,124.16,126.01,130.08,130.08,132.16,133.28,132.30,132.30,132.30,132.30,132.30,132.30,132.30,132.80,143.19,143.19,143.19,143.19,146.51,142.66,143.19,143.19,142.66,144.24,144.24,149.16,154.25,154.25,155.26,157.30,158.18,158.18,152.32,156.28,156.28,156.28,159.26,168.38,166.35,170.22,170.22,170.22,169.19
Subclase,0.003246225,01122,"Carne de porcino fresca, refrigerada o congelada",108.89,109.37,108.47,106.75,107.32,107.47,107.86,107.60,107.68,106.19,106.48,105.94,106.42,103.90,104.02,102.95,101.84,101.71,99.87,100.99,101.20,102.06,100.82,101.80,102.54,104.84,104.99,105.35,103.37,104.19,104.04,104.56,104.27,102.79,102.94,102.98,103.70,102.99,104.04,104.63,104.50,101.90,101.85,102.77,102.60,102.35,102.18,101.71,103.07,102.36,98.50,101.09,99.81,99.66,100.04,98.17,98.50,96.69,98.34,98.09,97.14,97.56,98.22,100.66,100.61,95.94,95.33,94.78,94.42,93.14,92.95,93.14,93.30,93.50,92.93,93.63,92.89,93.54,93.06,93.05,93.15,93.15,93.39,93.39,93.08,93.10,93.85,93.77,90.17,90.17,90.22,89.11,89.04,89.04,89.04,89.15,89.31,89.62,89.31,89.31,89.31,89.31,89.31,90.20,90.20,90.20,90.51,90.70,90.44,92.38,92.75,92.71,93.00,93.42,92.83,92.21,92.21,92.50,90.32,90.29,91.90,92.32,92.59,92.29,92.29,91.78,91.20,91.44,91.44,91.44,91.48,91.71,90.38,91.21,92.73,92.73,91.41,91.21
Producto,0.001195818,01122015,CHULETA DE CERDO,105.61,105.70,106.21,102.23,104.30,104.63,105.06,104.32,104.45,104.60,105.28,105.45,107.64,104.59,103.83,100.71,100.48,99.26,96.85,97.61,98.29,99.96,99.45,100.31,98.68,101.49,101.66,100.71,98.05,102.07,99.25,99.66,100.85,96.75,95.99,97.38,96.60,96.48,98.02,99.21,98.84,95.35,95.77,99.09,97.70,97.26,96.13,98.30,99.67,99.11,94.24,98.92,94.37,97.14,98.88,95.99,93.53,90.98,94.17,97.39,93.88,94.77,94.77,103.27,100.85,90.74,90.15,90.15,90.15,90.15,90.15,90.15,90.15,90.18,90.93,90.93,90.93,90.93,90.31,90.93,90.93,90.93,90.93,90.93,90.93,90.93,94.43,94.43,87.66,87.66,87.66,84.41,84.41,84.41,84.41,84.41,84.41,84.41,84.41,84.41,84.41,84.41,84.41,84.41,84.41,84.41,84.41,84.41,84.41,84.41,84.41,84.41,84.41,84.41,84.41,84.41,84.41,84.41,84.41,84.41,84.41,84.41,84.41,84.41,84.41,84.41,84.41,84.41,84.41,84.41,84.41,84.41,79.43,79.43,79.43,79.43,79.43,79.43
Producto,0.000405217,01122016,CARNE DE CERDO SIN HUESO,106.34,107.48,106.30,107.40,107.56,107.56,107.12,107.12,107.12,101.96,104.34,103.50,103.88,104.26,104.26,103.19,102.11,102.11,101.58,102.61,102.08,101.88,101.31,101.31,101.31,100.52,102.79,102.79,103.88,104.33,104.75,105.18,103.04,105.50,106.28,106.99,107.44,106.84,107.08,107.79,106.65,103.87,103.97,103.83,104.14,104.78,104.78,104.78,104.67,102.04,97.67,96.77,97.11,97.52,97.52,96.88,96.88,97.00,97.00,97.00,96.88,96.78,96.78,99.16,96.91,97.87,96.57,94.77,93.56,94.45,94.73,94.46,94.96,94.96,95.17,95.05,95.06,95.25,95.40,95.56,95.90,95.90,96.71,96.70,95.68,95.75,93.98,93.74,93.74,93.74,93.91,93.79,93.91,93.91,93.91,92.85,93.39,94.39,93.39,93.39,93.39,93.39,93.39,94.42,94.42,94.42,95.45,96.06,93.69,97.59,97.88,97.73,97.97,99.37,99.93,100.36,100.36,102.26,96.03,95.92,101.22,101.31,102.23,101.22,101.22,100.85,97.40,101.45,101.46,101.46,101.57,101.57,101.57,101.87,101.86,101.86,101.97,100.89
Producto,0.00164519,01122017,CARNE DE CERDO CON HUESO,114.88,115.18,112.98,111.17,110.44,110.52,111.63,111.68,111.79,111.83,109.77,108.73,107.41,102.80,104.01,105.22,103.11,104.06,101.63,103.26,103.63,104.54,101.90,103.90,107.96,112.53,110.69,112.84,108.78,106.42,108.70,109.42,109.18,107.00,107.57,105.48,108.13,106.68,107.92,107.72,108.80,107.35,106.63,105.86,106.60,105.76,106.49,102.65,105.36,106.27,103.98,107.49,108.34,104.41,103.63,101.77,105.49,102.72,104.20,99.88,100.99,101.37,103.38,99.15,103.75,99.93,99.93,99.93,99.93,95.25,94.42,95.25,95.25,95.85,93.07,95.33,93.07,94.85,93.96,93.07,93.07,93.07,93.07,93.07,93.07,93.07,93.07,93.07,89.67,89.67,89.67,90.01,89.67,89.67,89.67,90.98,90.98,90.98,90.98,90.98,90.98,90.98,90.98,92.72,92.72,92.72,92.72,92.72,94.14,96.42,97.27,97.27,97.94,97.94,95.62,93.35,93.35,92.48,91.61,91.61,91.61,92.79,92.79,92.79,92.79,91.61,93.01,90.01,90.01,90.01,90.01,90.73,92.20,94.43,99.07,99.07,94.96,95.35
Subclase,0.00012318,01123,Carne de ovino,97.47,97.56,98.18,98.52,99.39,99.27,99.27,102.10,102.10,99.30,99.30,99.30,99.30,99.30,99.30,99.30,99.30,98.98,100.77,99.48,99.48,99.48,101.39,101.39,101.39,99.04,99.04,98.63,93.93,99.51,101.36,100.06,100.06,101.36,101.36,101.36,101.97,102.81,103.65,103.65,104.46,101.96,104.13,102.88,103.44,103.44,103.44,103.71,103.71,103.51,103.51,104.13,105.35,105.19,102.15,103.71,103.71,103.71,103.39,103.22,103.52,103.52,103.52,99.58,100.36,100.36,103.52,103.99,103.99,103.99,103.99,104.91,104.91,103.03,103.03,103.49,103.49,103.49,103.49,103.49,103.49,103.49,103.49,103.49,104.51,101.48,103.37,104.59,104.59,104.59,104.59,104.59,104.77,104.77,104.77,104.77,104.43,106.12,106.30,107.02,108.39,105.51,110.52,109.81,109.52,109.52,108.97,108.97,107.48,108.97,110.56,111.46,111.46,109.24,108.11,109.24,109.60,112.75,113.56,113.07,113.65,112.10,113.65,113.65,114.14,114.14,114.63,114.63,116.53,116.62,117.46,117.57,117.54,118.04,118.04,115.19,110.60,113.29
Producto,0.00012318,01123018,CARNE DE OVINO,97.47,97.56,98.18,98.52,99.39,99.27,99.27,102.10,102.10,99.30,99.30,99.30,99.30,99.30,99.30,99.30,99.30,98.98,100.77,99.48,99.48,99.48,101.39,101.39,101.39,99.04,99.04,98.63,93.93,99.51,101.36,100.06,100.06,101.36,101.36,101.36,101.97,102.81,103.65,103.65,104.46,101.96,104.13,102.88,103.44,103.44,103.44,103.71,103.71,103.51,103.51,104.13,105.35,105.19,102.15,103.71,103.71,103.71,103.39,103.22,103.52,103.52,103.52,99.58,100.36,100.36,103.52,103.99,103.99,103.99,103.99,104.91,104.91,103.03,103.03,103.49,103.49,103.49,103.49,103.49,103.49,103.49,103.49,103.49,104.51,101.48,103.37,104.59,104.59,104.59,104.59,104.59,104.77,104.77,104.77,104.77,104.43,106.12,106.30,107.02,108.39,105.51,110.52,109.81,109.52,109.52,108.97,108.97,107.48,108.97,110.56,111.46,111.46,109.24,108.11,109.24,109.60,112.75,113.56,113.07,113.65,112.10,113.65,113.65,114.14,114.14,114.63,114.63,116.53,116.62,117.46,117.57,117.54,118.04,118.04,115.19,110.60,113.29
Subclase,0.021700216,01124,"Carne de aves  fresca, refrigerada o congelada",98.51,97.24,98.95,98.43,100.95,106.94,105.58,102.49,102.14,101.22,100.34,100.44,101.25,100.67,104.69,99.99,95.10,93.49,93.44,93.94,95.21,94.87,95.10,93.61,94.49,95.10,95.27,95.34,95.81,95.64,95.21,94.98,95.41,93.63,93.35,94.03,94.26,94.62,93.86,94.48,94.71,94.73,98.93,104.45,101.40,99.41,94.84,93.39,95.36,95.19,96.91,95.12,93.71,95.56,95.94,96.24,94.90,93.40,93.73,94.73,94.47,95.20,96.23,94.86,94.48,98.76,101.57,92.85,91.27,90.25,90.01,86.75,88.83,90.54,94.16,91.96,91.97,94.73,90.72,90.79,90.79,90.39,90.97,90.98,91.03,91.26,91.26,91.24,89.87,89.87,95.72,95.76,91.63,91.53,92.59,93.60,91.89,91.11,91.97,93.78,92.37,94.86,94.86,94.86,94.89,94.09,92.23,92.26,92.26,91.66,91.05,91.44,91.47,92.93,93.94,93.89,93.90,92.69,91.91,91.91,93.20,94.33,94.17,94.15,94.10,92.19,92.28,92.23,92.28,92.28,91.78,91.71,96.23,95.87,96.24,95.46,94.85,94.94
Producto,0.011267686,01124019,POLLO ENTERO,98.32,97.07,99.21,98.50,101.45,108.45,106.93,103.26,102.82,101.68,100.95,101.02,102.18,101.68,105.90,100.52,95.00,93.14,92.95,93.49,95.05,94.50,94.97,93.22,94.47,94.84,95.10,95.17,95.73,95.37,94.85,94.67,95.34,93.24,92.98,93.53,93.61,93.89,93.13,93.77,94.12,94.23,99.12,105.27,102.11,99.74,94.60,92.60,94.94,94.80,96.86,94.70,93.01,95.27,95.55,96.16,94.56,92.99,92.90,94.18,93.85,95.09,96.29,95.25,94.33,98.50,101.93,91.92,90.36,89.50,89.50,85.67,88.31,90.19,94.08,91.50,91.50,94.73,90.18,90.18,90.18,89.67,90.34,90.34,90.34,90.34,90.34,90.34,89.01,89.01,95.79,95.79,91.32,91.32,92.46,93.61,91.32,90.18,91.30,93.61,91.88,94.79,94.79,94.79,94.79,93.63,91.32,91.32,91.32,90.75,90.18,90.75,90.75,92.48,93.65,93.65,93.63,92.46,91.32,91.32,92.46,93.61,93.61,93.61,93.61,91.32,91.32,91.32,91.32,91.32,90.73,90.71,95.95,95.95,95.95,95.37,94.20,94.20
Producto,0.009593699,01124020,PRESAS DE POLLO,97.62,96.08,95.15,95.94,96.00,96.27,95.72,95.97,96.34,96.71,94.74,95.02,93.57,92.64,95.20,94.15,92.83,92.22,92.95,93.31,92.94,92.92,90.63,89.52,88.74,91.01,90.71,90.41,90.88,91.93,91.45,91.28,90.93,90.27,89.42,91.06,91.91,92.86,92.26,93.54,92.81,92.45,92.86,95.98,92.62,92.29,92.12,92.57,92.55,92.32,91.59,92.17,92.33,91.93,92.94,91.30,92.25,90.48,92.76,92.05,92.27,89.89,89.98,86.21,89.24,94.82,94.03,92.00,90.05,87.94,85.93,86.56,85.37,86.18,88.57,88.57,88.60,88.78,87.58,88.06,88.06,88.27,88.27,88.24,88.24,89.60,89.60,89.83,88.00,88.00,88.48,88.84,87.14,86.15,86.90,87.14,88.87,90.30,89.58,88.54,88.84,88.91,88.91,88.91,88.91,90.33,91.45,91.63,91.63,90.18,89.47,88.76,89.33,89.33,89.29,89.29,89.29,87.60,89.29,89.29,91.40,92.59,91.34,91.34,90.97,91.19,91.62,91.19,91.62,91.62,91.62,92.43,92.92,90.25,93.03,91.99,93.77,94.40
Producto,0.000838832,01124021,MENUDENCIAS DE POLLO,113.87,113.87,115.01,113.87,113.87,114.73,114.73,114.73,113.08,113.08,113.08,113.08,113.88,112.65,117.77,117.77,116.77,119.10,119.93,119.93,119.93,126.97,134.42,142.17,137.88,137.07,137.07,140.00,135.96,135.96,140.00,136.91,131.91,136.91,139.65,139.65,142.44,141.91,140.15,134.89,136.15,135.06,135.06,128.88,132.85,136.48,126.68,136.48,136.08,134.94,138.39,136.53,136.53,136.53,136.30,136.30,130.24,134.48,140.10,140.10,139.75,139.75,139.75,140.40,140.29,140.29,140.29,142.97,142.97,142.97,144.05,138.92,138.92,138.92,138.92,138.92,139.00,139.00,139.07,139.52,139.52,139.52,140.79,141.39,144.05,146.84,146.84,144.18,144.18,144.18,146.03,145.48,139.24,140.80,140.86,140.79,140.79,140.79,140.79,140.79,141.71,141.71,141.71,141.71,143.48,143.48,140.79,140.79,140.79,145.14,143.48,143.48,140.98,140.98,141.93,139.35,140.95,140.95,139.09,139.09,141.23,141.23,141.69,140.28,140.28,140.28,142.40,142.40,142.40,142.40,142.40,133.80,133.80,133.80,133.80,125.60,133.74,133.74
Subclase,0.000601926,01125,Vísceras frescas,108.89,110.24,109.90,111.97,114.76,115.23,116.71,115.68,115.68,115.68,115.68,115.31,117.66,118.35,120.72,120.84,120.84,118.97,120.84,120.03,120.93,117.54,119.30,116.57,118.41,119.30,117.61,118.66,119.68,119.68,117.74,116.91,117.92,119.18,115.37,115.52,115.52,109.08,114.78,111.17,114.24,113.36,114.24,114.24,115.47,122.09,114.92,109.53,106.47,106.47,117.40,106.39,111.24,115.49,113.22,108.29,115.42,114.53,114.53,116.35,116.35,116.35,116.35,116.35,115.42,115.25,116.18,114.10,118.04,116.20,116.20,117.10,117.11,117.10,117.10,117.28,117.91,118.82,117.90,117.90,117.00,113.73,118.02,113.38,116.10,116.11,117.01,116.10,116.10,117.01,117.04,116.11,116.11,115.21,113.21,114.86,117.15,115.90,116.98,119.15,119.15,119.15,120.11,120.11,120.11,120.11,119.18,119.18,120.11,119.18,120.89,120.89,120.89,121.72,120.76,120.76,121.72,121.72,120.80,124.28,124.52,125.47,125.47,127.78,126.82,120.80,119.08,116.21,120.00,120.00,120.00,121.43,122.44,121.48,121.48,122.37,122.37,123.03
Producto,0.000601926,01125022,VÍSCERAS DE RES,108.89,110.24,109.90,111.97,114.76,115.23,116.71,115.68,115.68,115.68,115.68,115.31,117.66,118.35,120.72,120.84,120.84,118.97,120.84,120.03,120.93,117.54,119.30,116.57,118.41,119.30,117.61,118.66,119.68,119.68,117.74,116.91,117.92,119.18,115.37,115.52,115.52,109.08,114.78,111.17,114.24,113.36,114.24,114.24,115.47,122.09,114.92,109.53,106.47,106.47,117.40,106.39,111.24,115.49,113.22,108.29,115.42,114.53,114.53,116.35,116.35,116.35,116.35,116.35,115.42,115.25,116.18,114.10,118.04,116.20,116.20,117.10,117.11,117.10,117.10,117.28,117.91,118.82,117.90,117.90,117.00,113.73,118.02,113.38,116.10,116.11,117.01,116.10,116.10,117.01,117.04,116.11,116.11,115.21,113.21,114.86,117.15,115.90,116.98,119.15,119.15,119.15,120.11,120.11,120.11,120.11,119.18,119.18,120.11,119.18,120.89,120.89,120.89,121.72,120.76,120.76,121.72,121.72,120.80,124.28,124.52,125.47,125.47,127.78,126.82,120.80,119.08,116.21,120.00,120.00,120.00,121.43,122.44,121.48,121.48,122.37,122.37,123.03
Subclase,0.003721475,01126,Carnes preparadas y procesadas,100.33,100.42,100.54,100.54,100.54,100.43,100.42,101.21,101.25,101.21,101.45,101.05,101.21,101.30,102.11,101.80,101.68,103.88,103.54,103.11,102.51,102.80,101.22,101.31,102.13,102.45,102.52,102.25,103.10,102.60,103.59,103.20,103.57,103.90,104.39,104.47,103.38,103.40,102.34,103.79,104.87,105.43,105.12,104.38,104.65,104.23,103.66,103.82,103.33,103.81,103.01,104.46,102.23,103.17,103.57,104.50,104.30,103.61,102.91,103.53,103.17,103.87,103.30,103.21,104.14,102.24,102.11,102.26,101.76,102.28,100.09,101.23,101.98,101.97,102.03,102.49,102.76,100.68,99.73,101.11,98.82,101.61,101.82,101.82,100.90,103.04,103.23,101.64,101.49,102.82,103.35,100.83,104.72,104.06,104.14,105.97,105.75,105.89,104.69,104.91,105.50,106.54,106.09,105.74,105.28,105.23,106.10,106.25,104.97,105.03,104.77,106.43,105.59,105.40,106.12,105.97,105.37,106.32,106.46,106.46,106.27,106.67,106.78,106.44,106.33,106.58,106.36,105.30,105.06,104.79,105.43,104.94,104.39,104.43,104.56,104.90,105.27,104.93
Producto,0.000873533,01126023,CHORIZO,102.27,102.27,102.27,102.27,102.27,102.27,102.27,102.69,102.69,102.48,102.48,102.48,102.48,102.48,102.67,102.46,102.46,102.46,99.23,102.51,99.28,101.97,102.47,102.47,102.47,102.25,102.83,102.83,102.83,94.04,102.83,99.06,102.41,104.55,104.55,104.55,104.55,101.99,104.14,104.14,103.90,103.90,103.90,102.07,104.51,106.74,106.74,106.74,106.74,105.88,101.13,106.74,99.58,99.09,102.83,106.74,106.74,106.74,104.55,104.55,104.55,104.55,106.74,106.74,106.74,106.74,106.74,106.74,101.13,106.74,97.06,101.79,106.74,103.90,103.90,103.90,104.38,104.91,105.01,100.11,100.11,100.11,101.59,101.59,99.71,104.97,105.83,105.20,101.22,99.98,103.49,104.53,101.91,99.56,97.92,102.42,99.08,103.08,98.79,98.17,103.08,102.65,100.33,101.15,101.75,103.93,104.09,104.09,102.14,101.64,98.93,103.00,103.44,106.59,106.59,106.59,104.36,106.59,106.59,106.59,106.59,106.59,106.59,106.59,100.91,102.92,102.92,102.92,103.07,101.29,103.07,103.07,103.07,103.07,103.48,103.48,103.48,103.59
Producto,0.000594218,01126024,JAMÓN,95.13,95.13,95.13,95.13,95.13,95.13,95.10,95.79,95.90,94.34,97.03,95.90,97.51,97.61,99.45,98.62,96.99,100.66,100.66,99.13,98.99,98.99,95.87,96.89,97.99,98.43,98.43,98.86,100.36,100.59,100.59,100.66,100.60,100.60,101.82,102.05,99.77,99.77,97.95,100.94,100.94,101.07,100.03,98.39,98.39,97.61,96.76,97.61,94.77,96.43,95.62,98.26,94.21,97.05,97.05,97.05,96.47,96.47,95.15,96.93,96.93,96.09,97.10,95.81,97.27,95.78,95.78,95.78,95.78,95.78,95.78,94.03,95.78,95.46,95.64,96.95,97.40,97.40,95.61,94.87,90.53,95.89,95.90,95.90,93.85,96.74,96.74,94.96,95.20,96.73,94.93,95.18,98.63,97.45,98.27,101.35,101.18,99.84,101.36,101.03,101.51,103.57,103.57,104.53,102.16,101.25,102.82,102.89,104.66,105.06,105.49,107.21,101.72,99.81,102.04,100.87,100.87,101.75,101.75,101.75,100.86,102.02,102.18,101.08,102.18,102.49,101.86,99.68,99.68,99.68,99.68,98.44,99.38,99.38,99.38,99.38,100.26,98.80
Producto,0.001248423,01126025,MORTADELA,99.90,99.90,100.06,100.06,100.06,99.69,99.69,100.71,100.71,100.71,101.02,101.02,101.02,101.02,101.41,101.41,102.05,102.38,102.43,101.56,100.91,100.91,99.87,98.99,99.65,100.56,100.56,99.19,99.19,100.56,100.56,100.56,100.56,100.48,100.70,100.70,100.70,100.70,97.69,99.32,102.67,104.00,104.00,104.12,104.12,102.84,103.04,103.04,103.97,103.97,103.97,103.97,102.29,102.29,102.29,103.97,103.97,101.66,101.66,101.66,101.66,103.97,102.84,103.97,103.97,100.35,98.98,98.47,100.35,98.91,96.76,98.91,97.56,98.91,98.91,98.91,98.91,92.59,92.97,98.18,95.29,97.32,97.32,97.32,97.32,98.81,99.15,97.91,99.03,99.27,101.08,101.08,101.08,101.08,101.08,101.08,101.41,101.72,100.12,100.44,100.66,100.71,100.71,100.71,101.72,101.72,102.10,102.38,96.76,97.60,96.48,98.19,102.05,102.10,101.85,101.85,101.08,102.61,102.43,102.43,102.83,102.83,103.01,103.17,103.62,103.62,103.62,103.62,102.56,101.33,102.80,103.62,100.62,101.17,100.85,102.78,102.92,102.03
Producto,0.001005302,01126026,SALCHICHA,107.53,107.91,108.22,108.22,108.22,108.22,108.22,109.02,109.02,111.22,107.93,107.93,106.25,106.48,106.59,106.59,107.69,111.07,111.07,111.07,111.07,111.07,110.08,110.10,111.07,110.74,110.74,110.74,112.06,111.93,112.06,112.06,112.14,112.64,112.64,112.64,111.42,112.64,113.69,113.33,113.77,114.22,114.46,114.46,114.46,114.46,113.06,112.49,113.41,113.41,113.41,113.01,114.98,114.98,114.98,114.98,114.98,114.98,114.98,114.98,113.50,114.73,111.33,111.42,113.14,111.92,113.11,114.35,112.48,113.91,111.88,114.35,114.35,114.35,114.35,114.35,114.62,113.57,111.71,114.28,114.68,115.92,116.11,116.11,116.11,116.56,116.56,114.38,113.81,117.37,118.32,107.07,119.37,119.39,119.28,120.36,120.79,121.13,117.86,119.17,118.40,119.88,119.03,115.83,115.83,115.95,116.75,116.91,116.91,115.74,116.66,117.12,116.56,117.09,117.12,118.20,117.70,117.45,118.24,118.24,118.24,118.24,118.24,118.24,118.18,117.86,117.86,116.63,116.90,118.11,118.11,116.88,116.97,116.43,117.18,116.19,116.27,118.05
Clase,0.012598001,0113,Pescado (ND),96.69,96.41,98.95,101.63,100.28,99.25,95.67,98.15,98.15,96.74,96.48,96.83,96.07,97.72,97.89,97.45,96.09,97.37,98.89,98.42,98.67,99.50,98.88,97.83,100.07,99.85,100.28,100.84,101.08,99.39,98.62,99.80,102.59,101.95,101.99,102.00,102.79,101.47,101.61,101.37,101.11,101.01,100.77,100.40,101.90,102.11,102.56,100.80,102.34,102.06,101.14,100.16,100.32,100.21,100.38,100.43,101.22,100.56,100.97,98.27,101.55,99.48,100.46,99.59,100.71,100.88,101.18,100.28,99.77,98.89,99.64,99.87,99.41,99.87,101.16,101.22,100.93,100.28,99.37,100.72,98.20,96.89,97.90,98.77,102.66,104.65,102.73,105.06,103.63,101.86,100.98,101.21,103.05,102.08,102.49,102.60,103.55,103.79,104.84,105.01,106.87,108.23,110.50,110.15,111.03,109.62,108.70,108.64,109.67,107.98,108.36,109.09,108.77,108.04,107.37,109.21,106.24,107.20,106.84,107.74,107.40,107.29,107.27,108.06,107.18,106.02,105.91,104.90,104.80,103.45,105.62,103.01,104.23,107.10,106.93,107.18,107.37,107.66
Subclase,0.007089964,01131,"Pescados  frescos, refrigerados y congeladas",98.59,99.12,102.35,106.70,106.75,105.05,98.80,101.65,101.34,101.99,101.83,101.03,101.17,101.03,100.18,99.92,99.76,99.76,101.54,101.59,101.84,104.04,103.68,103.89,103.60,103.53,104.45,105.62,104.33,102.26,100.35,102.73,107.47,106.32,105.96,106.36,108.02,103.62,103.37,103.15,102.87,101.90,101.67,102.38,103.25,103.16,103.33,101.49,103.70,102.09,101.88,100.94,98.42,98.73,97.99,97.72,98.91,100.71,102.79,98.00,102.24,101.78,101.25,98.20,99.51,101.47,102.05,100.80,101.40,101.40,100.51,100.51,99.95,101.37,103.38,106.10,105.94,104.53,102.92,105.07,102.69,100.13,101.96,103.75,106.69,108.53,109.13,109.84,107.10,104.80,105.36,105.50,104.07,105.51,105.03,105.78,105.06,106.69,106.48,107.44,108.95,108.03,111.90,111.77,113.53,110.09,109.75,109.65,110.97,108.75,108.84,110.33,110.31,108.94,106.84,110.46,105.17,108.40,108.70,108.70,108.26,109.85,109.99,109.66,110.11,108.04,108.31,106.45,109.89,106.81,107.56,107.11,106.23,110.24,109.73,109.95,110.17,110.09
Producto,0.001195122,01131027,PESCADO FRESCO ENTERO,98.16,99.57,98.93,103.69,104.30,102.71,100.44,104.30,102.71,98.82,98.82,98.82,98.82,98.82,98.82,98.82,98.82,98.82,98.41,98.82,99.57,99.57,99.57,99.57,99.57,102.38,97.32,98.58,99.86,99.86,99.86,99.86,99.86,99.86,99.86,99.86,102.30,92.20,92.20,92.20,92.20,92.20,93.38,92.20,92.20,92.20,90.56,90.56,92.20,92.20,92.20,92.20,92.20,92.20,92.20,92.20,100.88,100.88,97.61,97.61,97.61,97.61,97.61,97.77,102.35,102.35,101.89,99.91,99.07,99.07,99.07,99.07,98.46,98.46,99.07,99.07,99.07,99.07,99.07,99.07,99.07,99.07,99.07,99.07,99.07,103.91,103.42,103.91,102.92,103.91,103.91,103.91,103.91,103.91,103.91,101.39,100.17,101.39,100.17,100.17,101.40,101.40,101.40,100.96,100.96,101.12,101.12,99.83,99.83,106.11,105.36,99.83,102.01,102.01,102.01,105.14,105.44,105.44,102.30,102.30,102.30,102.54,101.23,101.23,101.23,100.62,101.35,101.35,100.90,101.41,101.41,101.41,101.41,102.72,102.72,102.72,102.56,102.21
Producto,0.005894841,01131028,PESCADO FRESCO FILETEADO,98.71,98.98,103.37,107.60,107.48,105.75,98.31,100.85,100.93,102.93,102.73,101.69,101.87,101.70,100.59,100.25,100.04,100.04,102.48,102.42,102.52,105.37,104.91,105.17,104.80,103.87,106.57,107.72,105.66,102.98,100.49,103.58,109.74,108.25,107.78,108.30,109.73,107.02,106.70,106.42,106.06,104.80,104.14,105.42,106.54,106.43,107.14,104.75,107.13,105.04,104.76,103.54,100.28,100.68,99.72,99.37,98.33,100.66,104.33,98.11,103.63,103.03,102.34,98.32,98.66,101.21,102.09,101.07,102.09,102.09,100.94,100.94,100.39,102.24,104.66,108.20,107.99,106.16,104.06,106.86,103.77,100.45,102.83,105.15,108.97,109.91,110.84,111.61,108.35,105.06,105.79,105.97,104.11,105.99,105.36,107.09,106.52,108.28,108.36,109.60,111.20,110.00,115.04,115.00,117.29,112.76,112.32,112.58,114.30,109.54,109.88,113.47,112.78,111.01,108.29,112.05,105.09,109.28,110.61,110.61,110.04,112.03,112.60,112.18,112.76,110.26,110.39,107.97,112.57,108.43,109.39,108.81,107.67,112.48,111.82,112.10,112.45,112.45
Subclase,0.001536919,01132,"Mariscos frescos, refrigerados, congelados",84.58,84.41,85.17,87.62,84.83,84.28,84.89,84.53,86.19,86.38,85.51,85.20,77.45,84.56,86.19,87.05,85.04,87.26,88.81,87.49,85.49,87.74,87.19,86.99,89.37,84.41,87.35,84.72,91.10,89.62,90.05,89.15,90.50,89.82,91.72,91.33,90.47,91.38,90.12,91.21,93.42,90.35,88.09,90.77,90.42,89.77,89.96,85.65,92.45,89.36,88.50,88.57,88.34,87.49,88.39,89.24,89.28,89.42,87.91,88.75,90.20,86.44,85.04,85.03,85.03,80.67,76.53,76.53,75.04,72.15,70.75,70.75,70.75,70.55,71.29,71.29,71.29,71.29,74.14,74.14,74.14,74.14,74.14,74.14,77.11,75.61,74.14,70.92,69.54,67.36,67.36,70.92,70.92,68.19,68.19,68.19,68.19,68.19,68.19,68.19,68.19,68.19,68.19,68.19,68.19,68.19,68.19,68.19,68.19,68.19,68.19,68.19,68.19,68.19,68.19,68.19,68.19,68.19,68.19,68.19,68.19,68.19,68.19,68.19,68.19,68.19,62.71,62.71,62.71,62.71,62.71,62.71,62.71,62.71,62.71,62.71,61.21,62.17
Producto,0.001536919,01132029,CAMARÓN,84.58,84.41,85.17,87.62,84.83,84.28,84.89,84.53,86.19,86.38,85.51,85.20,77.45,84.56,86.19,87.05,85.04,87.26,88.81,87.49,85.49,87.74,87.19,86.99,89.37,84.41,87.35,84.72,91.10,89.62,90.05,89.15,90.50,89.82,91.72,91.33,90.47,91.38,90.12,91.21,93.42,90.35,88.09,90.77,90.42,89.77,89.96,85.65,92.45,89.36,88.50,88.57,88.34,87.49,88.39,89.24,89.28,89.42,87.91,88.75,90.20,86.44,85.04,85.03,85.03,80.67,76.53,76.53,75.04,72.15,70.75,70.75,70.75,70.55,71.29,71.29,71.29,71.29,74.14,74.14,74.14,74.14,74.14,74.14,77.11,75.61,74.14,70.92,69.54,67.36,67.36,70.92,70.92,68.19,68.19,68.19,68.19,68.19,68.19,68.19,68.19,68.19,68.19,68.19,68.19,68.19,68.19,68.19,68.19,68.19,68.19,68.19,68.19,68.19,68.19,68.19,68.19,68.19,68.19,68.19,68.19,68.19,68.19,68.19,68.19,68.19,62.71,62.71,62.71,62.71,62.71,62.71,62.71,62.71,62.71,62.71,61.21,62.17
Subclase,0.003971119,01133,Pescados  y mariscos procesados y preparados,97.77,96.48,98.69,99.40,96.75,96.38,94.88,97.73,97.64,93.26,93.05,94.97,95.10,97.38,98.40,97.36,94.74,97.31,98.49,97.63,98.51,97.27,96.31,93.49,98.77,99.70,98.85,99.54,99.94,98.65,98.93,99.22,100.04,100.04,100.04,99.70,99.88,101.69,102.70,102.05,101.12,102.91,103.24,100.69,103.49,104.31,105.18,104.22,103.47,105.60,103.81,102.48,106.00,105.59,106.66,106.88,107.38,103.52,102.42,101.28,103.91,100.33,103.83,105.39,106.59,105.84,107.06,106.34,104.74,103.34,106.71,107.28,106.81,106.28,106.86,103.69,103.17,103.25,102.15,102.88,99.48,99.33,99.62,99.63,104.94,108.09,102.98,108.82,109.00,107.99,105.10,104.50,110.84,107.43,109.06,108.41,111.67,110.28,113.17,112.42,115.22,119.75,120.69,119.99,120.03,120.72,118.81,118.79,119.77,118.24,119.07,119.08,118.31,118.16,119.04,119.23,118.26,116.73,115.44,117.71,117.39,115.17,114.95,117.33,114.58,114.21,115.14,114.89,110.45,110.81,115.34,109.37,113.48,115.76,115.95,116.32,116.95,117.51
Producto,0.003509297,01133030,ATÚN EN CONSERVA,97.52,96.07,98.24,99.20,96.55,96.12,94.01,96.89,96.73,92.32,91.86,93.77,93.77,96.24,97.53,96.24,93.14,95.98,97.20,96.13,97.09,95.96,94.78,91.75,97.47,98.40,97.77,98.22,98.66,97.24,97.55,97.86,98.77,98.77,98.77,98.42,98.51,100.34,101.45,100.79,99.94,101.55,102.15,99.58,102.57,103.45,104.69,103.58,102.48,104.90,102.63,101.32,105.06,104.63,105.82,106.06,106.58,102.39,101.28,99.79,102.70,98.80,103.27,104.24,105.60,104.69,106.07,105.45,103.88,102.65,105.82,106.56,105.92,105.57,106.13,102.24,101.75,101.40,100.17,101.76,97.80,97.42,97.65,98.08,103.14,106.50,100.92,107.37,107.50,106.33,103.14,102.47,109.18,105.19,107.16,106.14,110.07,108.56,111.35,110.81,113.75,118.55,119.73,118.85,119.02,119.91,117.68,117.68,118.65,117.21,118.21,117.96,117.31,117.36,118.57,118.38,117.05,115.40,114.14,116.51,116.05,113.74,113.48,116.10,113.08,112.53,113.78,113.27,108.74,109.02,114.39,108.20,112.98,114.90,115.01,115.38,116.04,115.96
Producto,0.000461822,01133031,SARDINAS EN CONSERVA,100.13,100.37,102.90,101.21,98.66,98.80,102.97,105.58,106.15,102.06,104.16,106.19,107.55,107.98,106.50,107.86,109.72,109.72,110.56,111.61,111.73,109.51,110.60,109.81,110.92,111.89,108.95,111.89,111.89,111.89,111.89,111.89,111.89,111.89,111.89,111.62,112.66,114.33,114.42,113.82,112.23,115.67,113.40,111.10,112.11,112.37,109.71,110.17,112.66,112.17,114.86,113.33,114.86,114.53,114.53,114.53,114.86,114.12,113.14,115.22,115.22,114.66,109.12,116.15,115.81,116.62,116.26,114.67,112.80,109.86,115.05,114.00,115.17,112.96,113.76,117.23,116.43,120.63,120.63,113.38,115.23,117.15,118.11,114.12,121.76,122.93,122.21,122.47,122.97,123.50,123.50,123.50,126.39,128.39,126.79,129.60,126.71,126.40,130.14,127.46,128.93,130.92,129.69,130.66,129.50,128.29,129.39,129.16,130.16,127.89,127.15,129.58,127.64,125.62,123.45,127.13,129.57,129.14,127.67,128.96,129.94,128.53,128.77,128.83,128.65,129.94,127.92,129.97,126.51,127.59,124.17,120.28,118.13,123.81,124.77,125.10,125.48,131.97
Clase,0.034965826,0114,"Leche, queso y huevos (ND)",100.56,100.94,101.61,101.13,102.20,102.47,103.58,104.29,103.76,104.19,104.24,104.17,104.67,104.36,105.12,104.29,104.52,104.98,105.22,105.47,106.39,105.65,103.96,105.46,105.25,105.74,106.18,105.93,104.70,105.85,105.60,107.02,108.39,108.86,108.16,104.76,107.61,108.26,107.45,107.73,109.15,108.14,108.15,107.03,106.66,104.36,106.35,105.11,106.12,105.38,104.27,106.34,106.21,106.24,108.35,107.74,107.82,108.36,108.65,108.11,109.09,108.39,108.76,110.23,112.26,111.35,108.76,109.07,107.99,106.90,106.69,105.86,106.24,108.25,108.39,106.66,107.11,108.25,107.50,108.76,107.65,108.90,108.39,107.98,108.94,111.11,109.91,108.21,110.68,112.97,115.58,116.54,117.76,116.35,116.23,116.57,116.84,116.54,119.19,119.17,119.63,118.53,118.40,119.55,121.25,120.43,120.37,119.84,120.69,122.20,122.24,122.93,122.44,123.60,123.49,123.26,122.11,122.96,123.89,123.66,123.80,124.06,124.26,124.08,124.21,124.11,123.87,124.23,123.97,123.79,124.51,124.13,122.62,124.23,123.72,124.01,125.69,125.31
Subclase,0.01381159,01141,Leche líquida,99.36,99.36,99.36,99.36,99.36,101.25,102.78,104.26,103.99,104.03,103.80,103.82,104.06,104.10,104.98,104.98,104.98,105.01,105.03,105.07,105.94,105.94,104.59,104.59,104.50,104.71,104.87,105.24,105.33,106.38,107.60,108.25,110.23,110.61,110.61,104.39,110.51,109.86,108.78,107.96,109.58,109.59,109.32,108.57,107.54,104.44,107.20,106.88,108.15,107.29,105.25,109.41,108.28,109.06,110.93,110.47,110.56,110.76,111.03,110.51,110.10,110.09,110.46,110.91,111.06,110.86,108.64,107.72,107.52,107.39,107.59,105.86,105.60,106.74,108.61,107.32,106.30,107.58,106.07,108.26,105.03,106.02,106.90,107.15,108.54,109.69,107.67,107.14,109.30,112.11,114.71,116.36,119.08,118.00,118.53,117.72,117.55,116.64,118.54,118.44,119.07,118.54,118.18,119.03,118.40,119.04,117.84,117.07,117.74,120.54,121.06,120.97,120.76,121.87,121.80,121.64,119.94,121.02,121.66,121.19,121.95,121.59,122.14,121.85,122.06,121.80,121.99,122.56,121.88,120.84,123.75,123.15,123.02,124.05,123.00,123.21,125.47,125.43
Producto,7.34334E-05,01141032,LECHE LÍQUIDA VEGETAL,99.32,99.32,99.32,99.32,99.78,99.78,99.78,99.78,99.78,95.54,95.54,99.78,99.78,99.78,99.78,99.78,99.78,100.77,101.22,101.73,101.73,101.96,101.96,101.96,101.96,101.96,101.96,101.96,102.40,99.92,99.92,99.92,99.92,99.92,99.92,99.92,99.92,99.92,99.92,99.92,99.92,99.92,99.92,99.92,99.92,99.92,99.92,98.69,99.30,99.30,99.30,99.92,99.92,99.92,101.56,88.31,97.70,100.72,100.72,100.72,100.72,100.72,100.72,100.72,100.72,101.68,101.52,101.52,101.52,101.52,101.52,100.72,100.72,100.72,100.72,101.56,100.55,97.78,92.85,98.80,98.80,105.81,109.23,109.23,109.23,109.30,106.92,108.50,118.00,106.68,130.39,117.88,108.83,121.63,120.10,124.43,126.65,126.65,126.65,126.65,126.65,126.65,126.65,126.65,126.94,128.25,128.25,128.25,129.40,129.40,130.57,123.31,121.90,121.12,134.17,129.10,134.01,134.01,134.01,129.10,134.01,127.73,134.01,123.06,134.01,124.37,131.02,131.02,139.85,139.85,140.44,129.23,123.66,133.79,128.70,139.51,139.27,135.00
Producto,0.01107155,01141033,LECHE LÍQUIDA PASTEURIZADA,99.54,99.54,99.54,99.54,99.54,101.40,103.01,104.27,104.27,104.02,104.02,104.02,104.02,104.02,105.06,105.06,105.06,105.06,105.06,105.06,106.09,106.09,106.09,106.09,105.98,105.67,105.67,105.67,105.67,106.92,108.98,109.13,111.47,111.92,111.92,106.31,111.92,111.92,111.04,109.78,110.73,110.74,110.41,109.58,109.50,106.00,108.40,108.68,109.55,109.27,107.02,110.98,110.37,111.11,112.36,112.36,112.15,112.25,112.57,112.14,111.72,112.36,112.36,112.36,112.36,112.36,110.69,109.83,109.83,109.41,109.41,106.89,106.69,107.90,109.36,108.54,108.02,109.63,107.91,110.23,106.58,108.49,108.60,108.38,110.61,111.75,109.65,109.13,110.81,113.71,116.96,118.51,121.92,120.66,121.49,120.05,120.66,120.14,121.71,121.71,121.93,121.93,120.53,121.64,121.38,121.64,120.18,119.42,119.86,122.97,123.46,123.83,123.83,125.00,124.41,124.41,123.58,123.58,124.29,124.29,124.29,124.29,124.59,124.59,124.59,124.57,124.79,125.24,124.56,123.49,126.96,126.29,126.17,126.81,125.95,126.07,128.62,128.62
Producto,0.002666606,01141034,LECHE LÍQUIDA LARGA VIDA,98.31,98.31,98.31,98.31,98.31,100.44,101.55,104.37,102.50,104.37,102.77,102.77,104.44,104.70,104.70,104.70,104.70,104.91,104.97,105.24,105.24,105.24,96.13,96.13,96.13,99.31,100.40,102.90,103.45,103.53,99.99,103.53,103.53,103.53,103.53,93.63,102.82,98.45,96.20,97.88,103.39,103.39,103.39,103.10,96.65,95.67,100.59,96.89,100.43,96.30,95.39,100.77,96.68,97.68,103.11,100.42,101.95,102.61,102.61,101.55,101.21,97.51,99.96,102.99,103.98,102.61,97.24,95.88,94.56,96.10,97.39,100.19,99.54,100.37,104.60,100.57,96.70,96.21,96.04,97.32,96.39,91.96,97.14,100.13,96.77,97.97,96.41,95.74,100.37,103.18,101.38,104.08,103.24,102.77,101.61,104.25,99.52,96.39,100.22,99.58,102.55,98.97,104.54,103.87,101.14,103.89,104.20,103.31,105.26,106.46,107.08,104.59,103.23,104.08,106.49,105.62,98.78,106.03,106.27,103.28,108.21,106.01,107.83,106.18,107.29,105.92,105.75,107.04,105.98,105.15,104.92,105.03,105.03,108.02,106.00,106.38,107.08,106.97
Subclase,0.002403201,01142,Leche conservada,109.29,110.05,110.05,116.28,115.52,116.15,116.28,116.70,116.93,116.93,116.93,116.67,117.07,117.07,117.07,117.07,117.14,117.14,117.14,117.09,117.09,116.92,117.09,115.35,116.49,117.09,116.59,116.11,115.93,117.08,117.08,117.08,117.08,117.08,116.88,115.38,117.08,116.27,116.66,117.14,116.22,115.84,116.34,116.04,116.90,117.67,119.74,119.40,118.96,118.96,119.54,118.47,120.03,120.83,120.56,122.34,119.78,122.67,123.00,123.00,122.60,126.62,130.53,130.53,132.52,132.67,134.56,134.56,132.52,133.03,132.85,133.77,133.66,133.97,134.81,134.81,134.59,132.69,132.50,134.27,135.21,136.59,136.64,137.10,136.72,137.10,137.06,137.44,137.44,137.24,136.79,136.77,135.96,137.37,137.34,137.57,137.75,140.06,146.84,149.00,149.18,150.56,151.04,151.11,158.25,155.93,158.03,159.84,158.13,160.88,159.12,165.64,161.30,166.60,166.38,167.59,167.10,163.70,162.73,166.55,166.36,160.82,162.77,162.60,167.07,162.11,168.18,164.54,165.23,171.78,166.87,172.71,172.27,172.58,172.49,172.87,173.33,173.44
Producto,0.000559971,01142035,LECHE EN POLVO,95.53,99.10,99.10,99.10,95.53,98.49,99.10,101.05,102.15,102.15,102.15,100.94,102.81,102.81,102.81,102.81,103.13,103.13,103.13,103.01,103.01,102.21,103.01,94.87,100.20,103.01,100.66,100.66,99.84,102.96,102.96,102.96,102.96,102.96,102.04,95.00,102.96,99.18,101.06,103.35,103.35,101.59,95.99,98.19,98.58,98.58,104.58,104.58,104.58,104.58,104.58,99.58,104.58,104.58,104.58,104.58,105.17,105.17,106.75,106.75,104.88,104.88,104.88,104.88,104.88,104.88,105.60,105.60,105.17,107.03,106.19,104.22,104.22,103.88,107.03,107.03,106.03,105.43,104.56,103.71,106.35,104.87,104.29,104.29,104.29,104.29,105.91,105.91,105.91,107.12,103.18,107.12,103.18,107.12,107.39,108.46,109.33,109.33,109.33,111.56,114.28,116.28,118.56,118.95,115.97,116.59,118.01,115.97,117.83,117.83,109.60,115.21,113.95,116.34,113.21,118.75,114.91,121.47,117.59,113.94,112.17,112.11,117.54,116.74,115.51,116.69,118.46,116.87,112.50,117.50,117.26,121.52,119.38,120.89,120.48,120.06,122.21,122.21
Producto,0.00184323,01142036,LECHE MATERNIZADA EN POLVO,113.02,113.02,113.02,120.94,120.94,120.94,120.94,120.94,120.94,120.94,120.94,120.94,120.94,120.94,120.94,120.94,120.94,120.94,120.94,120.92,120.92,120.92,120.92,120.92,120.92,120.92,120.92,120.30,120.30,120.92,120.92,120.92,120.92,120.92,120.92,120.92,120.92,120.92,120.89,120.89,119.72,119.72,121.87,120.89,121.87,122.86,123.86,123.43,122.86,122.86,123.60,123.60,124.23,125.24,124.90,127.17,123.75,127.42,127.42,127.42,127.42,132.52,137.49,137.49,140.02,140.22,142.42,142.42,139.95,140.09,140.09,141.80,141.66,142.15,142.35,142.35,142.35,140.09,140.09,142.58,143.05,145.20,145.43,146.01,145.52,146.01,145.52,146.01,146.01,145.43,145.91,144.83,144.86,145.58,145.47,145.47,145.47,148.40,157.03,159.16,158.66,159.86,159.86,159.85,169.73,166.61,168.89,171.75,169.07,172.58,172.58,179.33,174.16,180.25,180.81,180.85,181.27,175.16,174.99,180.84,181.08,174.05,175.05,175.05,181.08,174.45,181.68,177.48,179.55,186.53,180.35,186.61,186.63,186.61,186.61,187.22,187.22,187.35
Subclase,0.00379509,01143,Yogures y productos en base leche,97.80,100.03,100.03,97.37,100.03,100.03,99.84,99.84,99.84,99.84,99.84,99.84,99.84,99.84,99.84,99.84,99.84,99.70,99.85,100.34,100.34,100.47,92.73,100.67,97.99,100.96,100.67,101.71,101.71,101.60,102.03,102.03,102.03,102.03,102.03,99.28,102.03,102.03,101.78,99.83,101.78,101.68,101.63,99.87,98.75,99.31,101.28,101.28,101.83,101.29,100.19,98.70,101.13,101.93,103.10,102.00,103.68,103.68,103.68,99.87,99.87,98.02,103.85,104.40,105.03,104.36,104.07,103.26,103.56,102.17,103.56,103.56,103.56,103.56,103.56,101.64,103.56,102.17,103.91,103.86,104.28,106.32,104.84,104.84,105.66,107.92,106.30,104.76,106.16,104.46,105.96,107.12,107.67,106.08,103.63,108.21,109.07,107.80,110.37,108.61,106.95,111.58,109.82,110.58,111.57,109.50,110.43,113.11,115.22,118.50,121.16,123.40,121.26,123.17,123.17,120.90,121.22,119.89,124.24,123.45,120.96,125.93,125.53,126.98,125.47,124.62,123.91,132.18,131.31,133.53,128.54,129.89,125.14,134.15,128.00,129.77,132.45,131.63
Producto,0.00379509,01143037,YOGURT,97.80,100.03,100.03,97.37,100.03,100.03,99.84,99.84,99.84,99.84,99.84,99.84,99.84,99.84,99.84,99.84,99.84,99.70,99.85,100.34,100.34,100.47,92.73,100.67,97.99,100.96,100.67,101.71,101.71,101.60,102.03,102.03,102.03,102.03,102.03,99.28,102.03,102.03,101.78,99.83,101.78,101.68,101.63,99.87,98.75,99.31,101.28,101.28,101.83,101.29,100.19,98.70,101.13,101.93,103.10,102.00,103.68,103.68,103.68,99.87,99.87,98.02,103.85,104.40,105.03,104.36,104.07,103.26,103.56,102.17,103.56,103.56,103.56,103.56,103.56,101.64,103.56,102.17,103.91,103.86,104.28,106.32,104.84,104.84,105.66,107.92,106.30,104.76,106.16,104.46,105.96,107.12,107.67,106.08,103.63,108.21,109.07,107.80,110.37,108.61,106.95,111.58,109.82,110.58,111.57,109.50,110.43,113.11,115.22,118.50,121.16,123.40,121.26,123.17,123.17,120.90,121.22,119.89,124.24,123.45,120.96,125.93,125.53,126.98,125.47,124.62,123.91,132.18,131.31,133.53,128.54,129.89,125.14,134.15,128.00,129.77,132.45,131.63
Subclase,0.008888748,01144,Quesos,104.09,104.71,105.80,106.49,108.55,107.73,108.46,108.78,109.76,110.51,110.49,109.70,109.43,109.13,108.62,107.91,110.43,111.95,112.46,112.79,111.92,112.41,113.11,112.66,112.99,113.76,110.94,113.36,105.34,111.06,104.09,110.22,112.02,112.00,109.35,111.84,106.63,112.27,111.36,112.60,115.58,110.97,113.41,107.62,110.89,108.97,111.65,104.17,104.97,104.98,104.14,105.70,107.36,103.94,108.92,108.37,108.34,108.80,110.24,109.58,115.59,112.10,111.25,113.84,118.55,118.81,114.93,120.05,116.82,116.71,114.01,114.37,117.36,119.38,118.85,113.91,118.34,120.08,121.30,121.69,119.13,119.04,117.64,114.44,115.23,122.53,122.94,115.83,121.30,125.93,129.94,129.19,129.86,125.96,125.37,126.58,127.42,127.85,128.24,127.02,126.30,125.95,127.46,124.19,127.29,127.44,127.59,125.89,128.56,128.13,128.87,131.72,131.67,132.79,132.44,133.00,131.45,133.35,132.73,132.88,133.10,133.05,132.47,131.41,131.86,133.40,134.58,133.08,134.15,133.81,133.23,133.80,134.08,132.56,135.95,134.43,135.25,133.77
Producto,0.002132804,01144038,QUESO FRESCO,98.86,100.30,100.97,102.60,103.04,99.21,101.94,102.70,102.82,104.03,105.09,102.35,101.42,99.80,97.71,101.13,100.53,102.70,103.91,104.50,102.46,103.62,105.27,102.95,103.72,104.66,104.04,105.45,97.86,99.65,102.32,103.18,102.29,102.26,101.55,103.67,99.90,103.82,102.70,104.32,101.86,100.50,100.34,97.93,98.64,95.59,100.95,97.29,99.17,96.52,95.64,99.31,99.07,98.18,101.26,99.98,99.81,97.89,101.26,99.30,103.05,103.66,102.55,103.99,105.25,105.91,103.05,102.30,100.43,99.22,97.64,98.48,100.86,100.90,104.42,104.01,105.41,102.54,105.41,103.59,102.43,102.93,99.65,104.69,106.56,108.50,109.46,103.74,105.61,111.15,114.62,112.87,110.02,112.75,107.33,110.18,112.16,113.16,114.06,111.20,109.53,111.95,115.50,113.36,111.84,112.19,116.15,112.15,115.47,114.44,115.57,118.13,118.01,120.63,119.83,121.15,117.49,121.95,120.50,120.85,120.90,120.77,119.89,117.40,118.45,122.09,123.06,119.52,122.04,121.24,117.99,120.75,120.00,116.43,124.38,122.23,122.44,118.97
Producto,0.006755944,01144039,QUESO DE MESA,107.97,107.97,109.38,109.38,112.63,114.04,113.28,113.28,114.89,115.30,114.48,115.15,115.36,116.03,116.69,112.94,117.76,118.79,118.79,118.92,118.92,118.92,118.92,119.85,119.85,120.50,116.06,119.21,110.88,119.51,105.40,115.44,119.22,119.22,115.12,117.88,111.61,118.53,117.78,118.72,125.73,118.71,123.08,114.80,119.97,118.87,119.57,109.26,109.26,111.25,110.42,110.42,113.50,108.20,114.59,114.59,114.66,116.89,116.89,117.20,124.87,118.36,117.69,121.13,128.40,128.36,123.72,133.20,128.96,129.66,126.13,126.13,129.57,133.07,129.54,121.24,127.92,133.07,133.07,135.09,131.50,130.97,130.97,121.66,121.66,132.92,132.92,124.79,132.92,136.87,141.28,141.28,144.56,135.74,138.73,138.73,138.73,138.73,138.73,138.73,138.73,136.31,136.31,132.21,138.73,138.73,136.06,136.06,138.26,138.26,138.73,141.78,141.78,141.78,141.78,141.78,141.78,141.78,141.78,141.78,142.13,142.13,141.78,141.78,141.78,141.78,143.12,143.12,143.12,143.12,144.51,143.46,144.51,144.51,144.51,143.46,144.73,144.73
Subclase,0.006067198,01145,Huevos,101.46,101.37,104.63,101.67,104.40,100.31,101.59,100.56,96.74,98.66,99.84,100.30,103.01,101.11,103.74,98.95,97.48,98.85,99.69,100.42,104.61,98.87,97.83,102.27,102.82,101.94,108.01,101.33,102.17,99.26,101.13,101.13,101.12,103.01,101.41,100.35,101.24,101.48,101.07,106.03,104.80,103.52,101.66,105.10,103.22,100.46,98.84,100.52,101.46,99.97,101.57,100.18,99.13,99.81,100.54,99.32,98.64,100.53,99.73,101.89,103.00,103.22,99.89,104.75,111.61,106.31,101.26,101.26,98.59,92.78,92.78,92.78,92.78,99.87,94.56,94.85,94.85,97.41,94.85,94.85,101.48,104.61,100.79,100.79,100.79,100.79,100.79,100.79,102.15,103.52,105.93,106.37,103.76,103.76,103.76,103.76,104.47,105.87,113.27,116.01,119.02,109.83,109.83,117.87,126.01,120.02,122.63,121.32,120.02,117.46,113.06,111.77,111.77,111.77,111.77,111.77,111.77,113.06,114.37,114.37,114.37,114.37,114.37,114.37,114.37,114.37,110.20,106.17,106.17,106.17,106.17,102.99,96.78,98.33,99.77,101.23,101.23,101.23
Producto,0.006067198,01145040,HUEVOS DE GALLINA,101.46,101.37,104.63,101.67,104.40,100.31,101.59,100.56,96.74,98.66,99.84,100.30,103.01,101.11,103.74,98.95,97.48,98.85,99.69,100.42,104.61,98.87,97.83,102.27,102.82,101.94,108.01,101.33,102.17,99.26,101.13,101.13,101.12,103.01,101.41,100.35,101.24,101.48,101.07,106.03,104.80,103.52,101.66,105.10,103.22,100.46,98.84,100.52,101.46,99.97,101.57,100.18,99.13,99.81,100.54,99.32,98.64,100.53,99.73,101.89,103.00,103.22,99.89,104.75,111.61,106.31,101.26,101.26,98.59,92.78,92.78,92.78,92.78,99.87,94.56,94.85,94.85,97.41,94.85,94.85,101.48,104.61,100.79,100.79,100.79,100.79,100.79,100.79,102.15,103.52,105.93,106.37,103.76,103.76,103.76,103.76,104.47,105.87,113.27,116.01,119.02,109.83,109.83,117.87,126.01,120.02,122.63,121.32,120.02,117.46,113.06,111.77,111.77,111.77,111.77,111.77,111.77,113.06,114.37,114.37,114.37,114.37,114.37,114.37,114.37,114.37,110.20,106.17,106.17,106.17,106.17,102.99,96.78,98.33,99.77,101.23,101.23,101.23
Clase,0.00647383,0115,Aceites y grasas (ND),99.90,99.35,99.02,98.04,100.08,100.26,100.21,99.97,97.03,99.78,99.63,99.84,99.51,99.71,100.08,98.53,97.62,98.52,99.09,98.54,98.82,98.18,100.20,99.28,98.75,97.57,98.71,100.06,100.17,99.79,100.43,100.01,100.13,100.32,100.46,99.80,100.19,99.92,100.77,98.64,99.68,98.33,96.09,97.00,97.92,97.72,97.92,97.49,97.31,97.40,96.00,95.09,96.56,97.50,96.51,95.42,97.22,96.87,97.40,95.42,94.77,95.73,95.17,95.82,96.38,96.42,96.47,95.49,95.20,94.29,93.71,93.00,94.63,93.13,95.34,102.16,109.30,111.76,119.15,120.91,118.05,115.87,118.23,118.78,118.41,118.62,120.14,126.07,145.53,156.13,156.73,160.45,156.14,147.81,145.43,141.75,138.48,129.13,137.58,136.42,133.27,127.11,130.62,124.97,122.49,121.71,125.03,123.34,124.12,117.33,113.99,113.50,115.66,113.76,110.18,112.93,111.89,111.85,111.18,110.53,112.90,113.17,112.18,112.36,111.52,110.11,109.32,109.19,110.18,110.09,111.26,111.84,110.56,109.84,109.09,110.10,112.99,111.63
Subclase,0.005188211,01151,Aceites puros y mezclados,98.02,97.82,97.25,96.21,98.85,99.33,99.49,99.38,95.83,99.31,99.31,99.23,98.98,99.15,99.24,97.63,96.38,97.50,98.26,97.43,97.79,96.92,99.35,98.27,98.24,96.95,98.40,99.88,100.09,100.43,100.69,100.37,100.66,100.66,100.73,100.40,100.82,100.21,101.42,98.06,99.38,97.74,95.34,97.19,98.05,97.57,97.55,96.98,96.82,96.61,94.46,93.50,95.27,96.76,95.36,94.00,96.49,96.08,96.72,94.34,93.58,95.04,94.34,95.19,95.60,95.52,95.47,94.48,93.79,92.61,91.80,91.23,94.27,91.97,94.67,104.40,112.18,114.90,124.63,125.92,121.21,119.17,121.20,121.84,121.13,121.23,123.30,130.45,154.12,167.11,168.34,172.56,167.77,157.40,152.97,147.94,143.89,132.49,143.97,142.65,138.26,131.24,135.30,128.43,125.25,124.58,129.77,127.74,128.36,119.05,114.79,114.50,116.07,114.21,109.22,112.15,110.86,110.59,109.98,108.95,110.98,111.12,110.33,111.15,109.69,107.93,106.91,106.74,108.41,108.09,109.20,109.98,108.86,107.89,106.89,108.08,111.29,109.82
Producto,0.004704066,01151041,ACEITE VEGETAL ,98.12,97.74,97.11,95.59,98.76,99.70,99.70,99.70,95.12,99.66,99.66,99.66,99.66,99.66,99.20,97.27,95.51,96.98,97.83,97.01,97.47,96.28,99.28,98.02,97.94,96.26,97.32,99.05,98.78,99.10,99.43,99.85,99.85,99.85,99.85,100.01,100.01,99.58,100.94,96.68,98.49,96.52,94.19,96.76,96.89,96.28,96.25,96.23,95.25,95.42,93.46,91.88,93.61,96.25,93.91,92.33,95.71,95.46,95.60,92.79,92.29,94.12,92.56,92.98,93.56,93.31,93.49,93.04,92.22,91.35,90.40,89.58,92.25,89.42,92.88,101.98,110.82,114.21,125.48,126.18,121.23,119.11,122.17,122.00,121.17,121.17,123.52,130.55,154.47,166.61,169.92,173.58,172.79,162.90,155.29,150.06,146.52,133.25,146.88,148.26,142.31,134.78,136.58,130.80,128.56,128.09,130.06,129.66,130.22,120.09,116.16,115.04,117.24,115.86,109.71,112.92,111.28,111.17,110.37,109.58,111.22,113.28,111.97,112.90,111.21,110.04,108.59,108.37,111.45,111.21,111.55,112.89,111.64,109.59,109.28,110.68,113.63,111.83
Producto,0.000484145,01151042,ACEITE PURO,97.67,98.10,97.73,98.33,99.16,98.05,98.77,98.29,98.29,98.09,98.09,97.75,96.63,97.38,99.38,98.85,99.38,99.27,99.71,98.90,98.90,99.11,99.60,99.13,99.29,99.30,102.11,102.73,104.57,105.01,105.01,102.15,103.45,103.45,103.74,101.74,103.58,102.36,103.08,102.78,102.47,101.92,99.26,98.66,102.05,102.00,102.03,99.56,102.20,100.70,97.86,99.07,100.97,98.50,100.35,99.77,99.16,98.20,100.57,99.68,97.99,98.21,100.44,102.77,102.62,103.10,102.29,99.45,99.20,96.93,96.62,96.89,101.20,100.72,100.83,112.71,116.86,117.27,121.71,125.01,121.16,119.41,117.87,121.29,121.00,121.43,122.54,130.07,152.93,168.82,162.92,169.04,150.56,138.51,145.01,140.66,134.85,129.86,134.00,123.39,124.34,119.09,130.92,120.30,113.91,112.55,128.77,121.18,121.97,115.48,110.10,112.64,112.07,108.56,107.54,109.50,109.40,108.59,108.63,106.80,110.19,103.71,104.73,105.14,104.44,100.72,101.18,101.12,97.97,97.38,101.11,99.99,99.35,102.07,98.69,99.15,103.24,102.89
Subclase,0.001285619,01152,Grasas para la cocina,105.99,104.32,104.76,103.99,104.07,103.31,102.55,101.89,100.92,101.34,100.68,101.83,101.22,101.56,102.83,101.44,101.65,101.83,101.81,102.13,102.13,102.26,102.97,102.54,100.40,99.61,99.73,100.63,100.41,97.70,99.59,98.85,98.40,99.20,99.62,97.84,98.15,98.99,98.65,100.53,100.64,100.24,98.54,96.37,97.50,98.21,99.12,99.17,98.88,99.97,101.02,100.25,100.77,99.90,100.22,100.03,99.58,99.45,99.59,98.91,98.66,97.96,97.86,97.86,98.92,99.34,99.72,98.74,99.75,99.76,99.91,98.74,95.82,96.91,97.48,94.89,99.94,101.58,101.37,104.64,107.78,105.16,108.61,108.84,109.59,110.16,109.88,111.87,117.65,120.50,119.03,121.15,118.39,116.69,120.96,121.66,120.94,118.23,116.83,116.20,117.07,113.71,115.43,113.74,113.54,112.41,109.66,109.06,110.36,111.76,111.40,110.24,114.31,112.29,113.29,115.47,115.26,115.93,115.08,115.65,119.13,119.83,118.16,116.27,117.47,117.15,117.11,117.17,115.91,116.57,117.97,117.86,116.06,116.16,116.26,116.66,118.53,117.51
Producto,0.000713209,01152043,MARGARINA,92.14,75.39,91.20,93.17,93.84,94.45,96.83,98.81,91.45,93.65,88.65,98.62,94.98,96.56,96.56,95.35,96.93,96.93,96.41,98.81,98.81,98.20,98.81,99.70,102.31,102.31,101.68,101.24,103.10,103.11,103.11,108.49,103.49,101.67,102.29,100.55,95.39,99.80,97.34,104.36,101.65,99.87,90.36,90.35,88.76,90.81,89.87,98.21,94.46,99.31,97.38,97.28,98.94,97.36,99.83,98.33,94.96,91.34,99.50,91.57,95.37,96.50,94.96,94.96,98.52,101.16,102.96,103.53,99.40,99.50,100.66,99.79,97.11,101.59,105.16,91.35,94.48,97.03,102.81,101.96,106.59,96.89,104.35,106.97,105.12,106.26,103.52,104.62,105.84,102.34,106.32,118.39,111.45,100.74,111.64,108.69,103.72,96.64,93.51,89.70,95.51,80.70,80.70,81.77,78.38,75.90,73.80,74.21,77.20,82.43,79.57,80.62,74.72,77.27,73.68,77.43,76.84,75.91,74.26,78.62,86.88,83.56,86.39,83.82,82.78,81.29,80.49,84.33,80.62,81.37,83.04,84.26,90.53,90.38,84.81,84.13,84.13,86.17
Producto,0.000199658,01152044,MANTEQUILLA,108.50,108.50,108.50,108.50,108.50,108.50,108.50,108.50,108.50,108.50,108.50,118.57,118.57,118.57,118.57,118.57,118.57,119.81,120.20,120.20,120.20,120.20,124.18,120.80,124.18,117.91,117.91,119.28,120.46,106.36,118.63,118.63,118.63,118.63,118.63,110.08,111.75,118.63,119.81,119.81,119.81,118.63,118.63,106.63,119.23,119.23,119.23,119.23,119.23,119.23,119.23,119.23,119.23,119.23,119.23,119.23,119.23,119.23,119.23,119.23,119.23,119.23,119.23,119.23,119.23,119.17,119.17,119.17,118.53,118.53,118.53,118.53,118.53,118.53,118.53,118.53,118.53,117.12,117.12,113.98,117.12,118.52,118.52,118.52,121.81,121.81,122.43,126.05,127.99,127.99,126.44,127.68,123.11,124.86,140.36,140.36,138.43,140.36,143.00,137.94,140.50,140.50,143.00,143.00,143.00,143.00,143.00,138.25,138.84,138.29,140.92,142.31,146.25,146.25,146.25,143.76,141.67,145.58,144.83,144.83,144.83,148.11,148.11,148.11,150.43,150.43,150.43,150.43,149.15,150.14,149.79,149.89,150.02,150.02,148.06,151.53,149.13,151.79
Producto,0.000372752,01152045,MANTECA,108.02,108.76,106.50,105.07,105.07,103.91,102.43,101.16,101.16,101.35,101.35,99.17,98.99,99.17,100.91,99.23,99.23,99.23,99.23,99.23,99.23,99.52,99.61,99.52,95.44,95.58,95.85,96.90,96.04,95.03,95.26,93.27,93.55,94.99,95.45,94.97,96.02,95.04,94.78,96.10,96.75,96.75,96.13,95.48,94.87,95.48,96.90,95.46,95.74,96.35,98.15,97.11,97.52,96.61,96.61,96.61,96.61,97.09,95.80,96.31,95.27,94.10,94.25,94.25,95.05,95.16,95.36,93.91,96.17,96.17,96.17,94.71,91.19,91.87,92.01,90.95,97.32,99.39,98.06,103.32,106.18,104.07,107.46,107.31,108.03,108.60,108.60,110.44,117.78,122.35,119.90,120.39,118.74,118.01,118.89,120.38,120.68,117.85,115.99,116.79,116.44,114.51,116.39,113.87,114.21,113.10,109.70,109.73,110.86,111.94,111.46,109.40,115.30,112.07,114.09,116.89,117.12,117.44,116.72,116.72,120.00,120.93,118.13,115.98,117.38,117.21,117.30,116.69,115.88,116.45,118.14,117.75,114.11,114.28,115.80,115.80,118.84,116.56
Clase,0.021386803,0116,Frutas (ND),101.19,98.99,101.42,105.45,99.92,99.12,97.88,99.02,97.49,99.94,103.60,104.80,107.82,106.06,109.69,109.23,102.42,102.22,99.58,100.11,102.22,103.59,102.91,101.66,102.36,102.11,102.17,98.30,95.64,96.87,95.28,92.70,94.53,100.00,98.43,96.44,100.46,104.02,104.52,101.07,95.45,91.59,90.86,92.34,93.50,97.33,98.09,93.06,96.41,97.88,102.05,99.89,94.93,94.10,93.89,96.30,98.93,100.16,103.04,97.67,100.50,101.55,104.54,107.75,105.07,91.40,88.66,86.62,87.94,88.38,92.56,92.37,95.73,94.43,93.97,90.47,88.44,86.63,87.73,88.88,92.47,90.76,92.15,92.82,96.49,98.41,96.79,92.69,91.80,94.21,106.90,96.40,97.36,105.71,110.17,109.61,108.55,107.26,102.95,100.58,101.78,103.73,106.40,110.88,115.29,113.18,106.22,105.39,107.43,112.61,111.26,113.86,109.18,107.98,106.93,110.72,114.73,113.64,111.38,112.19,113.69,109.41,108.45,105.51,111.83,109.15,118.10,121.71,124.83,126.34,119.61,114.47,115.71,118.94,113.68,107.78,109.17,107.16
Subclase,0.020930294,01161,Frutas frescas refrigeradas y congeladas,101.17,98.94,101.40,105.49,99.86,98.86,97.48,98.59,97.04,99.53,103.24,104.46,107.48,105.69,109.37,108.89,101.98,101.76,99.08,99.62,101.85,103.22,102.55,101.28,101.99,101.74,101.80,97.86,95.17,96.42,94.80,92.20,94.05,99.60,98.03,96.00,100.08,103.69,104.19,100.70,95.00,91.07,90.34,91.84,93.02,96.90,97.67,92.57,95.97,97.46,101.64,99.38,94.33,93.49,93.28,95.72,98.39,99.64,102.56,97.16,99.98,101.06,104.08,107.34,104.60,90.72,87.96,85.90,87.22,87.66,91.88,91.69,95.10,93.76,93.29,89.74,87.69,85.87,87.01,88.13,91.78,90.08,91.49,92.19,95.92,97.89,96.30,92.13,91.16,93.60,106.49,95.84,96.76,105.23,109.76,109.19,108.13,106.79,102.43,99.96,101.12,103.09,105.81,110.36,114.81,112.67,105.58,104.74,106.80,111.97,110.60,113.24,108.47,107.25,106.17,110.02,114.13,112.97,110.68,111.55,113.03,108.69,107.71,104.80,111.15,108.43,117.50,121.18,124.35,125.91,119.09,113.91,115.17,118.44,113.08,107.12,108.54,106.52
Producto,0.000637296,01161046,AGUACATE,101.82,95.23,84.56,72.73,79.50,74.77,85.84,90.49,88.91,92.82,94.32,76.02,92.68,79.68,92.22,73.15,76.18,86.05,96.56,107.07,113.49,102.68,115.87,114.21,112.83,94.52,82.13,76.70,82.60,80.84,79.45,86.64,90.31,91.20,83.72,98.17,102.05,89.39,99.13,101.91,103.52,99.99,106.71,90.07,109.67,105.09,106.12,106.27,106.94,112.04,102.17,110.99,104.22,100.52,104.06,118.53,118.21,124.20,114.65,109.17,107.91,109.39,120.60,111.09,116.72,102.10,116.72,112.46,116.72,116.72,116.72,116.72,116.72,116.32,118.54,130.66,124.64,109.45,119.32,124.41,124.24,117.68,107.49,102.20,97.53,98.32,105.93,100.40,97.19,104.50,154.58,117.05,112.56,115.27,108.19,112.83,112.83,108.87,103.78,108.03,117.48,120.81,130.96,127.28,132.17,126.64,118.31,113.54,113.54,115.78,111.34,123.45,119.94,114.95,128.23,131.95,144.22,127.31,125.71,125.71,125.71,112.78,106.40,103.47,114.91,118.63,133.38,146.24,161.74,189.77,162.53,143.63,126.92,114.19,114.97,112.86,142.62,146.38
Producto,0.001143947,01161047,BANANA,99.56,93.22,91.25,90.27,92.75,97.37,93.95,99.30,105.68,109.57,112.65,110.94,106.78,101.59,103.02,98.12,99.13,103.24,106.68,110.59,111.96,111.60,104.23,101.89,98.39,92.95,95.16,91.55,85.54,84.24,85.26,89.77,91.56,92.80,93.20,94.47,94.80,95.94,92.47,83.82,85.32,85.77,88.97,97.30,94.83,84.80,89.29,88.42,85.05,86.56,82.17,81.91,85.21,91.54,96.47,100.40,106.90,106.24,109.38,102.92,98.52,86.86,75.74,82.08,84.92,75.20,75.20,75.20,75.20,77.52,79.91,79.91,79.91,76.03,77.64,77.76,78.73,78.44,89.99,89.50,94.72,98.17,93.99,89.72,84.54,82.11,80.47,89.75,85.44,82.94,92.33,94.46,92.06,98.98,98.09,95.78,95.78,89.97,84.47,86.66,85.40,85.11,86.29,98.61,104.60,100.72,100.49,102.44,102.44,106.48,106.07,103.94,100.70,99.46,106.28,116.25,116.25,116.78,100.03,100.03,100.03,82.40,87.68,85.43,89.83,95.69,120.65,124.69,120.28,108.24,111.16,103.90,103.90,109.82,97.98,97.98,103.56,94.26
Producto,0.001448227,01161048,LIMÓN,67.78,57.61,55.51,54.36,52.71,53.01,77.85,110.00,112.77,110.04,98.93,83.10,65.75,55.17,54.02,55.60,57.67,59.73,60.75,64.63,69.98,60.00,56.10,60.22,60.73,59.95,59.92,55.36,56.04,54.31,79.82,77.68,109.36,107.40,106.24,53.58,54.53,53.80,55.53,61.30,66.36,63.22,62.28,69.57,68.64,71.46,77.06,59.44,59.07,56.97,55.63,57.11,55.31,52.88,65.18,75.84,69.72,65.52,55.08,55.41,56.28,52.61,51.74,53.37,53.10,53.10,53.10,53.10,53.10,53.10,53.10,53.10,53.10,54.69,53.54,56.88,56.13,57.89,57.49,55.87,57.64,60.97,60.23,58.13,60.48,57.55,59.27,54.66,56.37,57.95,129.44,89.22,111.32,124.94,127.17,92.36,69.88,63.99,62.78,61.33,62.84,60.50,96.13,119.37,201.93,159.39,73.26,60.19,60.19,62.99,59.05,63.02,58.40,63.52,61.87,56.97,61.06,62.75,63.39,63.39,63.39,58.20,61.72,60.67,59.85,58.87,98.01,126.26,129.71,132.06,116.47,77.60,69.37,59.41,61.85,61.85,59.94,59.30
Producto,0.000819602,01161049,MANDARINA,130.48,141.90,151.38,162.69,137.29,107.46,87.23,88.56,75.30,70.22,86.11,117.21,130.34,168.97,177.60,187.33,160.67,132.66,94.82,83.24,89.67,118.20,140.91,127.13,140.19,154.90,165.52,139.23,77.22,88.27,84.97,56.24,55.74,52.24,56.26,79.36,111.51,114.71,136.79,131.38,83.33,69.97,59.23,59.13,52.33,54.86,66.31,85.15,96.69,120.51,120.44,94.58,83.80,74.89,58.40,53.43,52.75,54.66,85.74,94.79,101.38,129.30,146.42,139.88,143.11,95.80,84.44,81.91,81.91,76.56,106.38,141.58,143.11,142.56,144.56,111.89,96.36,90.09,53.52,52.08,52.83,52.95,79.59,116.76,110.98,115.31,118.32,97.21,96.75,73.99,109.91,72.64,54.92,65.48,105.65,104.71,99.81,103.51,97.55,85.12,86.46,88.48,80.41,84.30,62.31,56.21,66.92,86.79,107.30,101.36,106.29,97.70,100.82,99.94,88.49,80.63,115.70,132.33,131.52,126.71,126.71,126.23,132.37,114.96,124.02,117.32,96.98,68.65,62.69,71.91,101.90,101.90,112.38,130.63,155.00,126.82,84.36,77.62
Producto,0.002104734,01161050,NARANJA,141.21,154.52,146.50,143.61,104.66,85.52,71.27,67.32,67.66,84.31,96.37,123.79,171.24,162.74,171.64,165.70,97.23,90.61,73.87,75.88,89.65,112.56,107.34,106.33,108.96,121.36,123.53,80.04,79.19,81.30,79.83,76.95,70.65,71.11,76.80,86.12,113.05,130.57,119.22,109.50,80.77,78.25,71.59,65.48,65.58,78.88,87.93,104.87,133.64,113.17,112.66,93.81,83.85,78.96,76.21,76.03,77.93,86.98,124.74,111.38,142.12,159.06,147.37,117.02,123.91,78.06,78.06,78.06,78.06,80.47,95.98,92.11,135.20,116.19,89.47,77.00,72.85,72.00,71.02,72.58,76.13,71.22,93.06,95.14,150.10,160.16,123.71,85.42,80.96,77.39,87.58,73.48,69.90,69.21,97.36,113.54,130.57,127.15,99.31,78.95,67.33,74.33,66.44,78.25,86.71,85.29,96.87,105.69,124.46,155.76,164.59,143.65,141.21,122.78,120.27,130.18,132.69,149.26,157.01,169.81,178.15,161.35,132.10,99.19,91.24,86.03,92.17,86.31,90.34,89.12,110.13,119.19,147.25,187.02,140.05,89.18,75.30,76.43
Producto,0.000672314,01161051,NARANJILLA,103.98,86.00,99.12,92.40,92.57,93.83,89.26,89.38,83.68,89.18,94.21,90.29,80.54,80.20,85.03,85.36,86.77,85.67,85.52,81.81,83.60,87.59,92.70,97.78,83.60,90.08,87.95,98.63,97.44,90.47,91.95,91.28,90.71,91.93,87.79,78.72,80.31,84.78,88.34,83.31,84.25,89.71,99.32,104.22,122.27,98.54,91.92,89.62,88.89,92.67,101.97,109.52,99.02,92.54,108.39,92.33,85.88,86.91,98.49,86.97,84.09,91.80,83.42,154.29,139.34,87.60,87.60,103.86,94.36,87.60,84.98,84.98,84.98,86.52,93.92,92.63,88.83,95.01,90.60,91.66,81.25,88.79,91.70,87.10,91.78,99.63,105.01,122.61,111.76,116.26,137.55,132.46,122.37,113.44,163.03,151.79,132.87,154.43,149.41,129.81,135.66,151.13,127.38,126.61,117.95,105.97,107.35,94.94,97.87,122.66,117.87,131.34,122.88,133.18,112.64,120.57,124.74,105.29,122.60,122.60,130.28,136.73,117.43,140.33,139.25,138.34,130.79,134.96,143.59,141.44,126.23,122.46,138.00,143.29,146.24,150.86,157.45,171.80
Producto,0.001169565,01161052,PAPAYA,76.67,68.19,81.39,87.71,94.10,100.52,94.96,92.66,92.14,87.56,91.02,90.64,84.96,86.05,89.85,104.97,100.71,103.70,101.19,97.45,102.04,93.56,87.74,87.75,80.60,99.33,101.49,96.49,98.10,101.98,98.96,93.62,87.78,93.12,90.29,89.86,90.14,98.15,101.05,101.11,95.38,95.80,94.66,94.08,90.34,95.09,84.58,88.89,86.72,90.52,102.42,106.17,107.53,100.32,94.57,93.38,98.87,105.13,99.68,96.33,91.43,90.55,99.13,105.07,87.57,83.84,80.88,78.79,83.48,79.07,77.84,77.02,72.83,84.50,90.00,82.45,85.53,80.50,75.00,76.57,82.50,79.42,77.83,74.98,81.61,82.61,89.89,81.29,84.33,85.75,91.63,86.89,89.60,94.69,92.84,89.41,92.78,88.94,90.17,85.08,92.32,88.66,92.69,89.08,96.88,97.27,91.04,86.84,87.78,87.27,89.99,100.47,90.39,95.01,96.56,95.40,99.16,95.14,89.51,92.58,89.66,84.87,87.85,96.04,95.38,95.12,83.78,77.27,78.72,80.71,84.11,85.23,93.00,93.20,102.29,96.01,99.74,94.63
Producto,0.000773831,01161053,PIÑA,83.00,78.75,82.71,86.02,81.97,85.75,80.19,75.89,78.31,76.23,77.69,78.29,85.97,86.94,88.43,93.47,89.12,89.84,87.45,88.86,92.09,83.48,89.66,77.27,74.42,80.93,77.20,75.68,74.97,87.57,85.35,74.50,71.70,81.12,77.49,77.80,75.00,82.86,79.50,74.77,67.95,69.51,72.37,72.12,69.53,71.41,68.54,64.49,63.38,71.45,69.84,68.21,69.10,65.89,66.34,68.04,75.78,75.72,75.78,74.50,65.44,72.51,79.19,84.18,77.14,73.17,73.41,70.18,68.61,74.45,70.39,69.94,69.31,71.71,77.59,71.47,70.99,70.75,73.74,76.00,67.54,66.64,68.76,65.90,64.71,64.70,66.12,66.56,66.41,70.06,67.51,68.61,67.06,69.80,70.37,64.15,62.89,63.03,64.64,59.87,61.71,76.13,82.60,80.21,80.84,80.58,85.26,77.78,78.68,77.33,77.78,80.89,75.75,73.59,78.82,78.64,83.49,87.37,89.34,91.73,89.95,87.13,87.27,91.33,91.24,88.84,87.86,79.92,86.09,87.44,86.51,87.80,95.82,89.23,87.40,84.80,90.80,91.54
Producto,0.000842768,01161054,PLÁTANO MADURO,85.59,85.59,88.65,90.47,95.81,97.94,100.06,114.08,106.78,113.32,121.94,112.96,108.94,103.33,104.61,108.47,110.28,109.17,113.71,111.84,115.76,121.36,122.99,120.11,114.83,98.86,95.53,91.34,88.78,120.97,115.64,113.76,113.69,130.06,129.82,126.00,123.48,110.32,107.24,95.47,94.94,93.25,101.36,109.85,107.38,115.62,114.67,113.02,113.69,100.29,97.78,103.01,102.57,94.31,101.57,113.25,125.98,117.02,111.18,95.56,90.15,87.88,86.02,102.08,92.27,99.39,102.25,86.83,97.46,104.28,99.39,92.90,99.39,95.30,89.68,84.54,92.69,92.01,105.07,109.66,125.26,109.49,108.26,100.04,96.90,90.08,88.15,90.32,88.69,100.75,130.57,129.98,124.33,152.04,158.33,161.40,133.87,139.28,139.43,139.22,140.24,144.82,140.71,145.10,161.09,171.14,170.87,156.96,152.27,134.16,113.88,125.14,123.45,121.29,125.87,146.52,160.64,137.96,131.13,136.10,136.10,114.03,114.77,122.17,166.84,168.70,202.15,239.57,251.07,253.26,186.92,181.33,165.53,134.93,124.43,120.70,124.90,129.10
Producto,0.002895466,01161055,PLÁTANO VERDE,82.79,77.24,74.68,71.25,73.41,74.69,81.10,85.30,84.00,85.65,86.70,82.76,79.72,75.78,77.87,76.37,75.84,75.14,75.78,78.07,79.90,79.57,74.47,73.87,71.96,67.28,62.65,67.39,66.38,82.09,76.46,77.58,92.25,110.38,106.71,120.25,120.23,110.73,89.28,87.98,97.42,93.89,95.92,99.13,92.83,94.20,90.89,96.08,95.73,82.40,76.39,80.71,84.00,85.76,93.69,102.14,108.22,103.60,97.79,80.55,77.57,69.29,67.37,75.50,72.19,77.77,80.00,67.94,76.26,81.59,77.77,72.69,77.77,74.74,73.70,71.87,75.93,78.57,85.92,89.06,98.55,85.53,82.63,86.27,80.33,78.59,73.62,71.15,77.16,94.03,103.71,100.11,99.78,133.05,128.31,119.91,99.46,103.98,99.57,100.86,103.60,116.74,128.65,129.93,130.13,135.52,137.29,127.04,123.24,118.11,101.17,106.37,100.34,105.11,104.68,124.49,124.93,112.79,96.58,100.24,100.24,81.16,92.24,93.23,131.15,135.42,172.01,188.35,195.95,182.86,148.84,139.11,126.99,116.77,105.90,102.73,116.47,116.47
Producto,0.00111776,01161056,UVAS,109.02,106.23,108.56,119.83,116.85,112.83,114.57,117.14,118.94,122.33,121.24,119.22,117.35,113.84,117.47,121.49,117.41,118.18,117.27,119.01,117.93,112.38,108.66,111.35,111.36,108.18,106.24,114.39,119.17,118.35,117.00,132.26,132.34,129.29,122.19,123.14,125.55,114.53,119.36,118.26,112.94,113.19,112.66,118.07,112.98,112.31,113.89,107.76,106.99,111.49,116.70,112.23,113.12,114.55,115.66,115.44,115.19,114.16,114.80,112.03,116.49,121.83,127.74,144.83,127.53,118.64,117.00,116.33,117.40,114.21,118.18,117.02,115.84,114.56,118.94,111.74,114.97,115.03,112.39,121.74,125.46,122.20,115.26,114.53,112.67,112.70,113.35,111.90,113.65,116.83,116.20,110.05,116.44,118.97,117.44,115.21,111.53,114.40,113.02,113.02,114.22,110.21,106.68,112.28,117.65,121.97,116.48,115.27,112.48,116.67,117.15,121.68,113.29,118.05,116.04,111.31,115.13,113.65,120.28,117.63,115.54,117.16,116.09,115.82,116.31,115.02,112.63,113.67,117.70,118.06,113.33,113.89,114.43,112.83,107.83,108.41,115.50,118.28
Producto,0.000568107,01161057,MELÓN,126.71,119.69,122.02,116.58,114.63,105.10,104.52,113.44,100.95,104.52,111.12,108.11,102.65,96.70,105.27,109.24,105.50,108.57,111.09,113.13,96.39,98.25,96.54,93.60,84.79,86.70,124.20,142.92,109.78,115.22,91.69,94.24,95.45,100.78,100.17,80.30,85.35,114.40,108.16,109.17,96.43,83.33,87.19,106.93,94.96,94.89,111.88,81.62,94.48,92.58,89.89,97.21,84.82,83.22,86.88,93.93,101.00,99.75,105.23,100.37,96.74,83.57,85.80,85.01,89.24,89.24,90.40,84.49,82.85,75.79,68.39,68.39,71.75,70.56,87.83,85.77,83.24,75.54,85.22,91.20,92.10,79.07,86.28,88.16,74.10,89.92,85.14,94.38,92.61,85.32,92.49,100.87,101.53,97.02,99.02,95.88,95.88,90.75,88.38,90.30,93.26,108.03,95.69,103.72,80.08,82.81,82.16,83.14,84.79,82.28,105.22,105.79,98.07,89.38,89.13,80.33,90.47,86.54,76.88,73.28,75.19,80.49,85.62,87.01,94.46,89.36,85.89,84.00,94.07,87.49,76.93,76.93,76.93,84.45,89.67,91.40,90.72,85.67
Producto,0.00067395,01161058,MORA,106.07,117.49,127.43,150.13,137.50,136.55,121.23,121.14,121.18,125.01,128.78,121.36,114.01,115.03,130.59,134.72,147.69,140.30,124.48,109.26,108.64,111.12,102.53,97.91,109.24,109.99,128.29,155.51,135.27,96.08,92.23,92.65,90.50,89.81,112.21,89.58,91.99,131.44,137.53,127.71,124.09,93.74,86.51,89.37,91.42,92.24,91.10,94.45,102.75,122.14,138.60,129.27,103.74,93.53,103.05,94.55,95.79,98.30,97.31,92.31,97.06,103.35,121.32,128.75,127.96,112.55,102.74,102.74,102.74,102.74,102.74,95.38,88.54,94.60,146.20,127.22,96.43,92.91,92.91,92.91,92.91,107.81,96.43,92.91,92.91,92.91,118.10,123.41,131.14,139.36,118.10,92.91,92.91,92.91,92.91,92.91,92.91,107.08,127.22,139.36,131.14,111.89,96.43,100.08,96.43,115.34,100.08,92.91,92.91,141.83,139.36,135.19,107.81,107.81,100.08,96.43,100.08,103.87,100.08,82.77,96.43,131.14,157.38,160.92,103.17,88.56,96.43,100.08,107.08,111.13,111.13,100.08,96.43,116.59,127.22,127.22,133.60,113.83
Producto,0.002042318,01161059,MANZANA,99.34,99.34,108.37,126.61,116.19,124.25,122.61,111.31,106.80,105.52,110.06,114.66,113.59,108.00,114.19,112.37,109.64,112.26,113.73,120.18,116.74,119.20,120.29,121.91,127.03,128.37,127.06,128.58,136.83,125.23,117.73,104.46,100.99,120.84,116.33,104.49,98.55,110.83,115.45,111.53,110.23,98.95,93.56,105.43,109.52,132.08,127.96,90.23,91.78,101.36,121.53,123.02,110.18,118.87,106.98,104.71,113.88,116.06,115.91,111.88,118.45,114.79,131.22,140.84,139.19,108.55,87.87,87.87,87.87,90.58,104.39,104.39,104.39,104.01,98.67,99.80,94.58,93.34,103.68,92.77,98.96,99.76,99.43,99.68,95.65,107.35,100.21,100.27,95.28,102.70,107.54,104.84,103.12,109.70,109.14,117.13,128.92,120.50,106.73,107.33,115.35,120.75,126.41,127.10,123.68,123.96,113.06,126.46,126.46,137.01,132.89,137.34,130.87,126.08,121.39,130.11,118.59,125.12,128.52,128.52,128.52,126.52,131.93,123.14,136.20,120.44,117.78,127.49,125.70,127.92,113.96,105.79,109.80,117.51,116.14,116.14,114.51,105.63
Producto,0.000371037,01161060,MARACUYÁ,78.13,76.82,78.69,76.07,75.37,74.65,89.11,88.62,93.33,93.16,88.06,86.30,86.63,95.64,98.79,99.29,102.94,101.02,102.98,100.88,99.74,98.68,95.64,96.88,93.90,89.04,80.73,83.45,79.26,90.96,83.46,79.01,78.46,71.35,74.85,83.93,85.62,81.41,88.60,82.52,80.15,83.32,81.11,83.62,67.23,72.64,74.88,83.89,87.45,82.95,91.64,81.48,85.82,82.33,78.74,73.76,72.16,71.35,71.47,73.62,73.36,76.42,77.17,75.29,75.91,75.91,75.91,73.64,75.91,71.44,76.43,71.44,73.64,67.69,66.44,59.78,61.34,67.78,72.54,71.97,67.58,72.88,66.46,63.80,66.01,71.90,76.30,74.14,75.04,86.07,95.13,77.21,70.39,83.67,72.85,67.22,64.77,80.71,97.84,97.33,103.35,124.81,125.77,105.44,96.18,93.35,91.49,84.14,84.14,119.59,110.57,123.19,110.69,110.82,109.22,102.85,107.81,99.02,89.85,89.85,89.85,108.24,112.94,102.12,104.34,111.36,126.79,98.74,93.44,108.79,93.17,89.77,93.17,102.83,119.97,110.93,107.59,107.45
Producto,0.000634117,01161061,SANDÍA,94.93,91.91,90.35,94.33,92.57,94.48,96.71,100.14,98.92,95.75,96.05,92.14,95.12,97.99,98.14,98.53,97.65,96.72,96.81,96.25,96.35,99.76,87.45,86.97,88.68,90.33,87.30,84.87,88.64,92.52,91.74,88.56,90.93,88.69,80.90,84.81,92.08,85.27,91.39,83.65,73.68,79.36,78.98,83.42,85.95,80.25,84.73,77.55,71.10,85.11,89.36,85.68,83.60,83.54,80.41,84.89,79.12,80.37,83.38,86.58,81.37,80.87,83.63,67.52,69.67,77.20,75.70,64.72,70.57,68.45,77.94,72.40,68.78,71.26,86.73,81.62,76.79,76.26,74.79,77.40,73.17,78.71,81.77,83.13,90.62,92.30,106.81,94.78,96.29,89.31,83.61,76.83,82.12,84.34,84.75,83.44,81.32,82.52,88.85,86.69,81.80,84.24,87.06,94.56,88.95,87.21,83.31,84.16,90.28,94.51,91.46,96.23,88.23,82.95,87.68,79.13,74.06,83.09,84.11,81.98,78.41,82.00,85.05,84.08,87.95,85.97,81.20,82.88,82.40,79.88,78.61,75.19,75.19,92.22,94.56,87.85,85.59,85.11
Producto,0.000436747,01161062,FRUTILLA,96.42,103.30,93.83,89.81,97.02,93.18,90.90,83.17,90.98,96.31,94.87,90.45,90.18,87.44,98.17,92.09,97.25,94.61,92.09,87.44,96.15,96.15,97.48,92.54,92.77,95.61,95.41,96.56,101.28,105.86,114.90,97.38,99.72,108.94,103.47,98.65,95.35,92.40,93.70,92.44,102.41,107.54,106.44,109.05,105.24,107.67,99.71,93.40,102.68,101.59,113.37,105.96,102.53,103.29,112.60,110.20,111.12,113.95,108.99,106.80,101.19,105.37,99.87,98.90,94.70,95.41,93.57,90.14,93.13,94.24,95.97,95.13,92.46,93.27,89.54,96.71,102.03,102.64,96.08,95.94,98.01,98.55,92.14,93.12,93.54,102.94,97.49,101.24,99.02,96.04,100.28,96.98,98.90,95.32,95.51,95.51,95.94,92.59,92.65,92.60,93.75,94.74,96.69,94.38,99.83,97.03,97.17,95.90,97.35,92.90,96.14,94.72,95.38,96.38,97.85,97.78,100.21,97.25,90.02,95.14,96.70,96.61,94.75,95.76,95.31,96.44,91.35,89.60,86.32,86.92,89.26,85.63,86.13,87.08,86.41,81.31,86.56,86.25
Producto,0.001887979,01161063,TOMATE DE ÁRBOL,115.24,103.94,109.09,112.56,107.57,113.06,107.67,105.15,100.19,101.59,102.40,103.84,107.40,111.16,109.39,104.92,101.07,101.11,100.66,99.29,98.25,100.55,104.87,103.77,105.76,104.53,97.72,101.28,101.31,101.63,98.90,100.01,103.20,104.03,95.97,96.31,97.73,107.25,115.51,109.10,105.60,101.61,104.46,85.81,100.50,102.03,107.55,99.71,100.10,101.66,107.51,103.34,95.25,96.79,92.60,101.37,98.57,103.94,103.11,96.90,102.68,95.52,96.87,92.99,96.51,91.99,91.99,91.99,91.99,94.83,91.99,91.99,91.99,87.75,88.98,89.94,91.30,89.54,79.52,88.93,91.96,92.94,96.51,98.00,103.40,101.18,105.65,105.63,106.78,105.97,102.35,92.50,109.36,128.94,124.88,130.23,138.38,127.23,125.42,123.29,120.12,116.81,128.65,142.18,129.19,121.62,110.02,103.65,100.55,98.56,102.97,112.21,120.01,116.99,113.37,115.61,122.46,116.28,108.43,104.69,113.76,117.85,106.34,108.14,115.33,116.44,138.82,132.17,131.52,139.41,145.66,145.66,145.66,148.41,131.80,141.02,141.54,144.33
Producto,0.000690528,01161064,FRUTAS DE TEMPORADA,98.64,96.51,97.03,98.39,98.24,97.69,99.68,95.57,96.42,100.80,109.26,113.23,111.40,109.69,101.63,97.48,102.63,109.42,107.96,106.47,107.34,100.09,88.91,88.04,95.26,83.95,89.14,78.39,78.70,78.91,78.88,78.15,81.82,86.54,86.64,90.51,99.67,97.00,88.02,95.67,89.86,92.25,86.12,90.43,88.93,89.42,87.09,84.71,87.22,92.25,95.70,94.91,93.70,94.85,94.45,96.18,93.59,93.32,93.88,94.89,93.37,95.52,91.90,89.47,87.10,86.60,87.54,88.94,85.53,80.09,84.94,83.16,78.88,84.29,71.77,76.78,75.09,71.36,75.17,75.76,80.36,79.45,81.92,86.52,89.38,84.77,86.63,83.42,80.81,80.58,87.24,80.89,81.53,81.74,81.94,77.74,81.77,81.27,84.10,85.92,86.17,78.61,80.10,77.50,80.82,82.03,82.44,82.09,86.56,77.60,83.12,84.18,78.56,86.06,84.00,78.47,84.32,84.99,80.54,86.01,81.50,83.02,81.36,83.03,87.83,85.03,83.68,80.42,86.23,82.39,90.86,91.85,88.48,92.07,93.18,90.00,94.30,91.30
Subclase,0.000456509,01162,Frutas secas y en conserva (procesadas),102.70,102.70,102.70,102.70,104.25,116.59,125.16,128.15,128.15,128.15,128.15,128.15,131.21,131.21,131.21,132.76,132.76,133.84,133.84,133.84,127.54,128.57,127.81,127.92,127.92,127.92,127.92,127.92,127.92,127.58,127.58,127.36,127.36,127.36,125.99,126.67,126.67,126.67,126.67,126.67,126.67,126.67,126.67,126.67,126.67,126.45,126.98,126.81,126.81,126.81,129.55,134.89,135.89,135.89,135.89,135.89,135.89,135.89,135.89,132.73,135.89,135.13,135.86,135.86,136.86,137.99,136.54,136.54,137.23,137.23,139.16,139.16,138.74,140.19,140.19,140.19,140.19,139.24,137.24,140.19,140.19,137.45,137.45,135.99,135.65,134.17,130.50,130.78,136.03,136.03,134.98,134.33,138.23,138.11,138.11,138.11,137.64,139.06,138.67,143.33,147.49,147.49,146.86,146.86,147.79,147.79,149.74,149.74,150.57,156.37,156.78,156.19,158.05,158.05,159.02,159.02,156.11,159.73,159.73,155.99,158.91,158.91,158.68,154.18,158.53,158.87,158.87,157.97,157.63,156.03,155.34,152.93,152.90,153.13,155.05,152.97,152.97,151.00
Producto,0.000456509,01162065,MANÍ,102.70,102.70,102.70,102.70,104.25,116.59,125.16,128.15,128.15,128.15,128.15,128.15,131.21,131.21,131.21,132.76,132.76,133.84,133.84,133.84,127.54,128.57,127.81,127.92,127.92,127.92,127.92,127.92,127.92,127.58,127.58,127.36,127.36,127.36,125.99,126.67,126.67,126.67,126.67,126.67,126.67,126.67,126.67,126.67,126.67,126.45,126.98,126.81,126.81,126.81,129.55,134.89,135.89,135.89,135.89,135.89,135.89,135.89,135.89,132.73,135.89,135.13,135.86,135.86,136.86,137.99,136.54,136.54,137.23,137.23,139.16,139.16,138.74,140.19,140.19,140.19,140.19,139.24,137.24,140.19,140.19,137.45,137.45,135.99,135.65,134.17,130.50,130.78,136.03,136.03,134.98,134.33,138.23,138.11,138.11,138.11,137.64,139.06,138.67,143.33,147.49,147.49,146.86,146.86,147.79,147.79,149.74,149.74,150.57,156.37,156.78,156.19,158.05,158.05,159.02,159.02,156.11,159.73,159.73,155.99,158.91,158.91,158.68,154.18,158.53,158.87,158.87,157.97,157.63,156.03,155.34,152.93,152.90,153.13,155.05,152.97,152.97,151.00
Clase,0.026813094,0117,Legumbres-Hortalizas (ND),103.51,100.92,101.17,109.99,109.25,112.59,110.13,109.55,110.49,108.54,110.33,111.19,107.41,105.43,110.38,115.06,119.10,115.00,112.48,109.29,106.72,104.49,100.59,101.93,106.06,109.83,115.27,114.73,118.49,131.64,125.39,116.80,109.37,106.45,106.59,106.53,108.00,107.81,109.87,106.98,98.78,101.70,101.99,101.16,101.73,104.27,107.96,107.21,111.81,105.21,102.00,102.04,103.24,103.94,103.77,101.27,101.21,102.62,100.20,98.07,98.46,101.27,98.98,118.06,118.11,110.77,102.44,99.55,96.96,95.05,94.67,95.62,98.82,99.12,100.38,102.29,102.01,97.30,102.40,96.52,93.14,93.05,91.94,93.58,96.06,98.92,104.42,106.46,108.26,107.43,110.81,100.26,99.96,98.62,99.22,97.64,101.57,101.25,100.73,104.18,104.07,109.52,111.54,114.00,108.96,105.94,104.50,102.05,106.57,109.73,109.21,110.21,104.90,114.94,113.61,110.93,112.23,110.31,106.70,109.35,111.05,115.48,123.34,125.57,124.50,122.85,118.09,109.20,110.78,116.51,111.82,113.58,115.77,120.29,124.29,120.30,114.18,114.04
Subclase,0.018767268,01171,Productos de huerta frescos,100.69,99.09,100.04,113.06,112.24,117.67,113.81,111.08,112.16,109.30,110.64,109.87,106.34,105.40,111.73,118.16,122.65,116.69,112.87,107.85,104.62,101.80,96.37,98.64,104.06,109.68,117.66,120.87,125.36,143.00,134.36,120.47,106.52,102.20,102.50,102.97,104.94,104.47,108.50,106.44,96.48,99.44,100.32,99.32,100.12,104.51,108.79,108.28,115.31,105.47,101.74,102.71,104.91,105.95,104.48,98.97,99.12,100.40,96.45,94.64,96.46,101.76,99.53,122.09,122.69,113.93,104.19,100.13,96.16,94.59,93.40,94.79,98.43,98.69,101.06,104.19,104.28,98.96,104.36,95.81,91.97,90.27,86.78,87.76,89.28,94.44,100.95,103.51,106.93,106.50,109.54,95.75,94.99,93.46,95.69,93.81,97.03,96.40,96.25,100.80,100.86,110.15,113.92,115.83,109.11,101.37,99.34,95.44,101.26,109.35,106.23,106.80,99.78,111.66,110.24,107.75,108.54,104.59,100.84,103.71,105.61,110.68,121.59,125.59,126.42,128.41,118.03,103.33,103.40,110.23,103.33,104.97,107.27,111.65,119.16,116.34,108.41,107.14
Producto,0.000837943,01171066,AJO,93.41,93.41,95.76,96.14,97.74,99.92,97.13,96.83,96.92,97.84,96.49,100.44,101.78,100.12,100.85,100.32,102.74,107.92,127.44,131.56,122.60,119.80,115.01,114.05,119.79,120.78,119.01,115.10,121.26,127.30,123.13,117.64,111.60,104.89,106.98,106.13,103.21,94.74,97.50,96.80,91.23,90.89,92.55,90.89,89.56,87.16,87.04,87.82,88.10,87.72,86.36,86.39,86.83,86.71,90.18,97.91,101.61,100.63,96.54,97.49,97.81,92.54,97.14,137.03,129.36,117.53,109.16,105.90,98.89,104.24,103.04,101.53,92.97,90.40,89.72,85.52,86.94,84.98,84.44,86.07,85.55,83.16,83.16,82.29,83.67,86.35,91.18,90.16,88.94,86.62,87.79,84.61,84.09,83.27,84.45,82.22,81.95,81.12,82.05,81.64,82.05,82.93,84.98,86.04,83.47,82.52,87.04,83.28,90.54,97.77,95.84,103.41,102.77,102.02,102.48,113.70,117.40,108.27,102.56,104.79,103.74,103.11,103.67,106.52,103.36,104.38,104.47,101.93,103.10,100.28,103.19,101.11,94.04,105.35,101.90,99.27,95.02,99.13
Producto,0.000187254,01171067,ACELGA,116.58,116.58,118.10,118.10,118.10,116.72,116.72,116.72,116.72,116.72,118.77,118.77,118.77,116.52,116.52,116.52,116.52,116.52,116.52,118.04,118.04,118.04,121.45,116.55,112.43,117.61,114.29,117.68,109.68,117.48,113.44,117.14,118.69,119.76,122.76,120.57,123.85,120.08,123.53,123.53,124.20,137.84,129.17,127.40,135.63,135.63,135.63,128.08,135.63,137.35,138.25,136.69,136.69,136.69,139.26,141.60,141.60,141.60,141.60,142.22,142.22,142.22,142.22,140.84,144.04,144.04,142.13,140.06,140.06,138.81,140.06,144.45,143.16,135.80,133.72,133.72,133.72,133.72,156.44,152.47,152.47,141.44,133.72,133.72,133.72,143.61,133.72,133.72,133.72,138.69,155.41,149.74,155.41,155.41,157.87,162.74,165.15,165.15,163.41,171.11,170.11,170.11,175.80,180.76,160.09,161.82,161.60,161.33,162.10,164.95,175.15,175.15,152.37,166.72,161.20,155.76,170.41,167.95,158.26,167.95,169.45,173.88,183.67,187.37,206.78,185.83,184.60,196.51,194.05,192.76,192.76,180.16,181.96,195.91,183.11,170.90,181.96,181.96
Producto,0.00066207,01171068,BRÓCOLI,103.99,109.29,113.59,117.36,98.78,102.35,105.14,91.21,98.09,94.38,90.85,89.93,93.54,95.18,103.02,101.16,110.03,140.48,115.20,107.35,102.62,106.40,109.28,101.76,98.49,106.32,107.30,123.95,117.22,158.35,109.25,108.73,112.01,118.05,112.96,111.99,109.81,115.65,127.67,122.68,104.04,99.86,106.34,116.11,114.12,119.46,115.84,124.53,122.50,115.06,110.18,107.57,105.44,103.34,104.05,107.43,139.69,122.51,105.73,94.78,103.62,134.17,108.23,128.03,139.74,121.56,130.61,108.76,88.80,88.80,88.80,95.01,88.80,113.40,128.07,118.31,122.02,118.72,117.51,100.66,105.02,104.20,95.85,109.09,117.24,113.72,101.55,92.53,101.78,104.48,105.02,100.47,94.66,109.54,104.13,104.18,104.18,108.24,110.64,118.31,126.38,133.56,165.18,149.07,134.10,127.20,123.63,122.50,122.50,149.63,143.63,123.03,120.38,127.64,134.25,130.34,156.87,143.50,167.24,184.07,151.94,130.05,129.66,136.35,159.14,140.59,132.55,132.97,150.80,131.33,96.33,106.02,121.12,146.76,156.28,151.09,134.47,134.32
Producto,0.000891916,01171069,CEBOLLA BLANCA,112.74,112.74,106.03,111.92,115.64,112.92,114.80,113.29,110.08,106.53,105.07,102.50,99.27,98.87,106.98,110.92,112.26,116.47,118.58,119.10,118.76,113.41,106.56,102.26,100.94,97.18,94.12,95.56,96.48,101.62,103.79,100.92,100.61,100.91,103.79,102.89,105.95,110.81,106.19,100.53,96.55,96.10,101.12,99.19,94.04,90.84,91.65,94.41,91.42,88.52,95.78,98.55,100.85,98.49,105.21,109.18,105.76,100.33,98.55,98.49,95.55,97.85,96.59,94.63,98.56,95.61,95.61,95.61,95.61,95.61,95.61,95.61,95.61,86.89,83.11,87.47,87.16,86.46,82.41,84.73,80.89,75.66,70.16,70.78,70.41,71.30,73.05,72.52,74.07,78.82,81.35,72.30,78.35,82.08,79.28,78.82,78.82,74.30,72.08,73.23,81.59,83.74,92.04,95.27,99.56,97.46,92.85,94.77,94.77,99.97,93.60,91.76,94.76,90.19,92.56,93.37,93.99,100.37,98.81,98.81,98.81,85.11,98.68,103.36,105.88,105.99,102.02,103.78,100.58,110.46,120.82,120.82,120.82,133.29,116.74,101.43,98.19,102.67
Producto,0.002916222,01171070,CEBOLLA PAITEÑA,103.01,103.73,129.33,157.81,202.83,203.33,191.35,183.79,182.19,164.45,159.69,154.44,142.27,147.54,154.76,170.84,189.95,187.23,174.49,148.86,138.92,117.08,96.34,100.47,116.73,131.26,193.69,227.23,226.63,191.46,176.05,162.33,156.61,145.07,143.25,136.09,140.95,137.83,149.77,128.06,113.42,113.25,122.73,125.34,125.27,151.72,185.39,181.62,185.18,152.09,154.35,173.89,182.39,182.46,178.59,155.63,135.88,137.66,119.60,107.12,112.30,110.82,124.65,221.53,220.38,199.29,152.56,140.38,136.52,137.16,127.18,127.01,129.17,121.75,138.64,152.42,144.16,141.29,132.41,125.31,119.98,112.93,110.09,114.13,110.07,118.96,143.02,151.26,154.63,151.72,169.57,149.62,138.48,135.67,135.44,129.99,145.77,147.80,149.78,140.91,136.81,156.57,176.83,223.69,208.13,155.69,132.12,115.43,124.64,126.18,143.24,165.01,151.14,176.50,159.85,148.43,139.28,124.66,111.43,119.09,116.83,122.41,136.30,146.30,145.21,136.15,130.72,131.92,139.66,142.12,129.70,127.43,139.30,133.67,132.44,143.01,146.58,152.61
Producto,0.001735408,01171071,CHOCLO,96.93,95.44,84.16,86.74,86.76,96.11,94.05,93.03,92.10,87.51,104.89,98.60,95.09,94.44,95.49,103.59,102.83,94.18,92.49,89.74,94.78,95.63,88.01,94.50,106.40,100.43,103.09,102.06,90.49,97.15,100.43,91.25,91.69,92.29,101.26,103.84,96.06,97.07,102.89,95.35,97.42,106.05,101.82,98.41,95.89,97.22,100.82,101.67,101.79,102.18,102.08,102.85,98.62,92.39,92.00,89.91,88.12,94.44,104.73,110.84,118.62,111.16,108.74,117.98,109.85,104.91,94.67,90.13,86.10,86.47,87.03,88.42,94.11,92.41,97.15,92.95,96.67,81.91,79.29,81.26,78.47,75.71,74.33,75.75,93.28,94.08,96.88,94.19,91.15,90.73,90.08,90.57,87.09,88.12,90.12,84.26,89.43,90.69,91.27,89.66,91.11,95.27,100.83,91.41,93.93,98.08,105.17,102.92,100.74,101.07,97.59,102.54,93.99,99.39,96.53,98.30,96.64,107.76,105.96,104.04,107.27,113.76,117.67,111.17,110.41,107.33,102.12,92.49,94.26,87.92,89.04,90.11,100.24,110.85,108.63,105.28,98.65,98.06
Producto,0.000405014,01171072,COL,104.20,95.48,116.85,103.73,103.32,104.94,104.48,105.89,120.73,112.95,117.80,119.54,113.89,112.53,113.20,119.57,124.74,126.83,127.22,127.09,123.81,122.05,114.82,112.00,119.67,101.08,99.42,99.05,82.00,122.66,114.71,128.34,129.27,114.94,106.80,101.83,98.62,85.12,93.12,99.47,99.62,102.76,112.35,99.82,105.61,108.66,97.31,100.22,96.60,85.82,108.77,94.32,99.89,106.52,106.65,108.38,105.27,100.79,88.42,66.32,71.48,87.15,108.32,97.93,96.53,114.45,102.37,102.37,102.37,102.37,88.66,93.01,93.01,92.27,91.14,89.37,99.76,108.69,120.07,116.45,106.33,93.70,86.64,77.72,79.41,78.74,83.91,82.80,91.12,90.32,100.12,101.40,91.84,86.96,88.14,84.62,84.62,90.62,89.77,96.11,96.35,89.35,103.14,95.10,93.84,96.79,101.17,95.20,91.72,97.60,106.21,125.55,107.42,102.19,99.55,110.95,132.29,113.79,120.10,119.39,104.30,110.32,120.51,146.31,154.86,149.27,136.58,120.01,111.64,117.85,129.87,134.79,144.21,142.06,152.88,181.63,172.90,154.16
Producto,0.000380735,01171073,COLIFLOR,105.21,113.55,126.95,134.17,114.82,140.75,125.43,102.11,111.06,119.61,119.37,109.76,122.21,114.43,115.93,101.04,111.78,143.75,133.66,123.81,124.72,128.05,128.08,130.27,122.62,118.17,114.19,121.38,152.12,256.25,146.10,140.64,139.55,137.19,141.54,135.58,133.10,133.64,145.34,123.34,129.15,119.79,140.05,142.29,122.62,119.58,119.54,129.38,135.87,143.33,129.37,121.63,125.37,122.40,120.22,117.41,135.56,118.92,122.71,129.44,128.46,169.06,171.26,168.03,158.05,172.45,174.31,131.60,123.00,131.60,140.80,150.65,150.65,133.27,146.23,131.98,131.79,114.33,138.23,119.24,121.63,113.42,93.53,121.56,116.41,111.09,108.15,96.12,97.93,99.28,135.39,112.16,116.65,119.78,105.91,98.14,98.14,96.20,90.78,93.81,115.71,127.68,148.56,148.28,146.25,142.90,126.68,121.13,121.13,151.78,146.27,131.97,125.18,133.28,140.87,140.27,177.72,169.10,175.03,159.02,144.48,169.47,152.24,159.17,206.60,176.52,172.89,170.29,202.25,170.62,132.43,158.71,174.69,187.55,175.17,189.89,186.18,166.42
Producto,0.00048619,01171074,LECHUGA,87.74,90.44,91.08,95.15,93.85,95.23,96.20,98.64,103.22,104.62,99.65,96.85,88.86,99.54,102.03,100.20,103.45,117.06,118.30,118.91,121.05,114.17,110.13,102.66,102.80,91.79,91.53,87.97,92.13,110.78,102.62,98.53,99.78,99.52,98.63,96.46,102.82,101.38,97.44,85.62,85.91,89.78,110.10,110.43,93.54,90.45,91.99,97.80,97.86,95.71,94.06,88.78,92.46,92.80,93.76,100.47,103.56,101.75,94.09,98.15,99.37,92.25,86.48,85.76,102.18,89.26,89.26,89.26,89.26,89.26,89.26,89.26,89.26,83.37,79.87,73.37,79.75,82.03,92.41,85.56,79.46,80.09,71.06,67.90,67.52,65.52,66.47,61.26,73.65,70.46,83.21,87.22,70.64,71.44,67.30,68.21,68.21,69.36,63.48,63.25,67.81,79.79,75.59,72.21,65.18,68.89,69.34,62.91,58.80,71.46,84.44,87.42,68.40,83.96,88.95,80.62,99.85,80.37,88.21,88.21,82.44,92.00,95.99,106.11,119.29,111.34,112.71,112.05,108.23,104.30,95.13,101.78,119.86,119.83,109.51,124.14,108.38,98.30
Producto,0.000503054,01171075,PEPINILLO ,96.55,114.40,108.85,102.70,110.77,113.97,107.72,95.92,95.92,113.49,94.70,87.58,91.63,74.13,89.56,90.29,97.87,94.06,86.80,95.51,86.54,78.03,64.25,62.32,79.78,100.24,90.05,87.18,81.92,96.67,93.51,87.16,86.02,97.55,81.71,86.62,93.80,99.70,101.88,112.89,106.87,100.49,97.07,122.07,115.75,105.26,77.88,70.77,81.86,97.05,104.19,88.15,87.52,98.30,97.85,108.54,120.86,115.40,107.33,78.84,83.74,89.74,110.00,111.86,91.30,104.44,87.21,102.04,92.04,77.89,85.53,80.77,87.31,80.72,77.67,94.74,93.02,95.41,87.22,84.78,80.83,85.83,83.02,77.48,77.63,87.23,81.97,81.86,85.65,86.92,95.35,92.29,99.22,90.94,87.60,74.68,66.74,86.30,87.98,88.89,90.15,86.52,94.00,102.96,98.28,95.28,85.49,84.79,86.70,91.27,96.74,95.04,81.92,83.44,84.72,82.23,96.58,89.09,71.73,76.83,81.02,86.99,93.48,101.07,83.40,96.05,91.79,99.37,97.93,96.68,70.33,67.17,75.82,109.66,85.87,48.79,68.16,62.25
Producto,0.001366505,01171076,PIMIENTO,82.25,74.29,71.90,96.94,102.46,105.36,92.69,86.55,84.08,86.39,76.22,85.88,79.01,67.76,76.00,72.99,75.38,74.92,85.97,87.74,67.63,74.87,70.03,68.59,72.39,87.45,84.24,101.67,123.51,125.72,118.24,104.30,103.63,97.75,100.74,124.19,129.02,121.38,126.07,97.73,96.07,98.92,102.30,92.97,105.40,109.34,103.96,96.81,95.46,94.92,99.61,103.41,101.01,101.16,95.44,92.61,94.35,98.20,102.80,97.66,97.97,91.62,84.95,80.64,82.37,79.90,84.91,84.91,84.91,84.91,84.91,84.91,84.91,88.45,95.32,100.86,108.77,107.68,121.47,105.73,104.94,99.55,92.01,95.24,92.15,94.66,92.68,93.10,98.94,107.81,124.14,116.88,128.47,117.23,118.41,107.45,107.45,100.42,100.21,102.92,110.67,126.79,113.35,122.72,124.23,116.40,121.52,114.62,114.62,106.47,108.28,107.79,105.71,118.20,113.72,106.52,118.83,133.52,123.88,123.88,123.88,109.99,125.28,116.70,118.81,131.35,117.69,115.29,125.10,122.94,138.11,120.65,120.65,122.67,134.16,117.20,115.68,113.70
Producto,0.000291872,01171077,REMOLACHA,123.33,113.61,102.41,102.75,98.03,97.76,100.62,114.67,114.99,105.53,105.53,105.00,111.49,112.48,112.74,107.69,106.31,103.93,106.68,112.96,115.96,108.26,104.17,100.53,94.34,88.71,97.66,102.97,114.41,121.03,120.47,133.10,122.43,119.14,121.31,123.25,124.40,122.73,121.41,121.62,118.11,117.49,112.87,115.27,114.81,113.12,114.51,111.13,112.54,109.12,105.39,103.89,96.44,92.03,92.31,93.84,100.86,101.25,104.43,103.50,103.38,103.39,98.85,93.27,109.02,105.76,105.76,105.76,105.76,105.76,105.76,105.76,105.76,97.68,85.78,85.78,85.78,85.78,85.78,85.78,85.78,85.78,85.78,85.78,85.78,85.78,85.78,85.78,88.42,85.78,85.78,85.78,85.78,85.78,85.78,85.78,85.78,85.78,85.78,85.78,85.78,85.78,85.78,85.78,85.78,85.78,85.78,85.78,85.78,85.78,85.78,85.78,85.78,76.42,85.78,85.78,91.77,85.78,82.64,79.63,79.63,82.64,85.78,85.78,85.78,85.78,85.78,85.78,85.78,84.28,85.78,85.78,85.78,85.78,85.78,85.78,89.18,83.13
Producto,0.003278769,01171078,TOMATE RIÑÓN,94.20,90.83,90.43,107.99,94.01,113.83,108.40,103.33,99.50,96.15,103.50,103.38,98.59,94.88,97.00,96.03,96.86,98.97,102.61,97.80,91.39,89.81,87.32,90.80,83.74,85.92,88.48,100.65,120.56,127.03,121.43,112.74,88.83,84.10,84.21,89.16,90.03,95.51,103.23,114.10,80.35,80.77,77.17,80.34,83.65,92.33,97.77,83.54,80.48,82.14,77.42,81.26,84.63,87.19,85.95,80.27,74.76,77.18,74.35,75.62,74.21,73.91,67.05,109.47,99.09,81.84,73.16,75.42,73.16,67.91,67.91,67.91,67.91,67.17,74.40,72.18,80.26,70.92,77.22,69.54,72.18,84.77,74.91,69.54,69.54,72.18,74.40,74.91,77.22,74.91,72.18,69.54,69.54,67.00,69.54,64.56,69.54,74.91,77.22,77.22,74.91,87.80,80.15,91.13,74.40,77.22,77.22,69.54,74.91,79.61,94.58,91.13,77.22,74.91,74.91,72.18,90.70,87.39,81.68,77.22,72.18,74.91,79.23,79.23,100.30,100.03,105.03,85.75,74.91,80.15,74.91,74.91,74.91,74.91,90.70,74.91,71.18,73.24
Producto,0.001306729,01171079,ZANAHORIA AMARILLA,100.92,100.92,100.27,123.04,110.48,110.44,110.20,114.75,119.10,133.33,139.55,139.45,142.85,143.95,145.06,146.37,141.12,145.49,146.54,142.42,145.33,147.24,139.73,130.99,123.07,115.58,117.94,121.90,124.79,125.73,126.51,126.04,125.18,124.33,124.97,125.93,126.11,125.67,122.41,126.22,120.23,118.31,114.67,119.15,118.62,119.87,117.35,117.26,117.83,114.20,107.26,107.73,104.06,103.16,95.28,92.96,94.21,98.56,97.28,99.58,99.28,104.06,97.95,100.26,109.72,106.44,103.25,103.25,103.25,103.25,103.25,103.25,103.25,89.15,81.81,81.81,81.81,75.94,81.81,81.81,81.81,81.81,84.33,80.70,75.94,78.82,81.81,81.81,81.81,81.81,94.66,81.81,81.81,75.94,81.81,81.81,81.81,75.94,75.94,75.94,81.81,81.81,81.81,81.81,81.81,81.81,81.81,78.82,81.81,81.81,81.81,81.81,81.81,91.83,81.81,81.81,87.53,93.65,75.13,81.81,81.81,81.81,81.81,81.81,81.81,81.81,81.81,81.81,87.53,93.65,81.81,81.81,81.81,103.07,81.81,81.81,76.72,73.51
Producto,0.000924896,01171080,ARVEJA TIERNA,93.65,88.30,84.68,103.71,94.85,96.92,94.41,81.89,88.71,82.41,93.93,90.21,81.75,74.48,98.89,143.24,153.93,98.70,78.11,74.90,74.11,72.39,73.07,86.98,112.89,127.45,128.85,113.12,123.77,227.53,226.79,155.40,85.68,73.56,74.40,73.71,81.05,81.47,75.59,80.29,83.89,99.59,95.68,78.93,86.52,77.56,77.33,88.44,137.28,97.02,80.01,75.32,85.43,93.08,93.47,77.44,78.40,78.91,80.46,76.95,74.41,108.41,105.09,105.48,113.70,99.32,92.83,86.77,81.10,81.10,81.10,84.17,101.37,114.06,106.04,127.25,130.56,127.25,155.93,120.31,93.63,75.12,75.12,80.92,86.58,120.31,136.97,150.24,150.24,150.24,130.11,77.97,80.92,86.58,96.14,99.78,99.11,80.92,70.78,102.86,119.74,150.24,143.21,98.43,89.25,75.12,77.97,89.86,114.68,130.11,77.97,83.99,95.49,133.50,150.24,132.42,92.63,80.92,80.92,87.17,111.24,145.47,192.28,186.53,162.18,217.59,161.84,80.37,75.12,105.32,95.49,106.04,89.25,89.25,136.50,124.02,98.43,94.76
Producto,0.001157899,01171081,FRÉJOL TIERNO,123.31,114.89,97.51,112.50,97.69,96.49,96.48,113.55,111.98,111.80,97.60,107.67,112.20,112.73,113.87,106.00,108.77,92.33,92.31,92.18,93.00,99.73,98.81,103.24,107.00,130.92,125.87,95.67,89.24,96.39,94.18,86.69,82.76,84.05,85.05,81.74,88.11,84.08,89.03,96.75,82.51,87.06,83.31,81.02,83.80,89.11,90.01,97.69,107.28,100.84,90.98,85.24,83.56,84.68,82.66,79.69,89.88,104.32,97.54,106.14,110.55,105.78,92.01,94.96,105.56,105.56,105.56,105.56,99.33,90.06,92.84,96.36,110.30,119.64,113.78,113.78,92.90,80.60,80.60,80.60,83.66,89.51,93.53,93.53,93.53,83.66,95.77,106.34,120.91,120.91,120.91,93.53,106.34,93.53,102.46,110.37,110.37,113.78,120.91,133.08,100.07,90.12,99.39,106.34,109.62,113.01,117.29,112.48,120.34,143.24,126.85,99.39,86.83,107.07,96.42,113.78,97.08,103.16,99.39,113.78,133.08,124.38,139.61,159.48,139.61,118.56,98.72,98.72,93.51,120.66,125.23,129.09,126.85,126.85,146.47,150.28,126.85,125.23
Producto,0.00080172,01171082,HABA TIERNA,99.80,101.54,100.17,100.58,100.73,102.59,101.61,100.88,101.39,101.68,101.31,101.09,98.02,104.98,119.98,107.38,96.50,99.02,95.51,97.55,94.75,93.34,91.24,94.78,95.31,101.57,98.72,94.56,99.12,101.08,100.43,101.50,100.90,97.53,98.85,98.64,100.96,101.39,98.89,98.14,94.92,93.93,90.84,94.41,95.61,95.80,94.76,94.38,94.33,96.10,90.14,89.80,90.40,90.10,89.36,89.55,94.36,92.48,92.90,96.78,97.60,94.45,88.93,92.39,90.65,90.65,90.65,90.65,90.65,90.65,90.65,90.65,90.65,92.96,90.57,90.57,90.57,90.57,90.57,90.57,90.57,90.57,90.57,90.57,90.57,90.57,90.57,90.57,90.57,90.57,90.57,90.57,90.57,90.57,90.57,90.57,90.57,90.57,90.57,90.57,90.57,90.57,90.57,90.57,90.57,90.57,90.57,90.57,90.57,100.57,90.57,90.57,90.57,90.57,90.57,90.57,94.00,90.57,96.90,90.57,103.67,110.92,107.60,118.68,103.67,103.67,100.57,90.57,94.00,126.98,103.67,97.56,97.56,97.56,90.57,96.90,90.57,90.57
Producto,0.000633071,01171083,OTROS PRODUCTOS DE HUERTA FRESCOS,116.36,128.22,126.49,122.06,119.02,115.77,115.92,121.93,120.91,124.07,110.21,110.49,98.77,106.22,103.51,108.67,107.77,96.56,105.01,102.35,106.05,104.31,101.24,98.07,104.27,107.39,106.34,109.55,110.94,115.61,118.31,110.96,102.88,102.58,97.70,102.40,100.38,98.19,102.40,102.27,102.00,105.04,104.82,106.69,102.95,101.06,105.74,101.25,105.74,110.16,107.57,106.21,102.45,102.23,99.99,104.12,109.61,104.81,99.89,101.69,100.07,103.58,105.00,110.47,113.13,106.89,108.80,109.34,108.35,107.47,102.92,105.10,103.10,104.85,105.45,110.68,106.14,108.52,106.00,104.30,108.08,109.96,112.93,112.69,113.06,112.92,113.34,113.90,114.02,113.25,113.08,114.60,104.44,108.22,105.77,104.64,110.75,109.09,108.96,110.04,107.55,108.95,106.73,104.89,106.47,111.99,109.82,108.03,107.40,109.40,112.80,113.26,105.31,108.79,112.48,112.35,116.06,123.97,118.61,116.86,113.78,115.40,114.23,112.08,114.32,124.88,127.48,122.83,118.88,112.57,115.13,116.36,123.13,118.87,115.37,111.19,109.14,111.57
Subclase,0.006186635,01172,Papas y tubérculos,112.29,106.77,105.72,106.52,105.32,104.53,104.87,109.84,110.24,109.79,113.18,118.38,112.58,107.64,108.84,108.89,111.81,111.12,111.44,111.64,110.66,110.17,109.07,108.51,109.42,110.31,110.26,98.80,101.89,108.03,106.70,109.03,116.79,116.82,115.98,115.07,115.66,116.28,113.87,108.19,101.90,105.92,105.07,104.63,106.76,105.10,108.75,107.31,106.87,106.80,103.85,101.87,100.64,101.09,104.46,108.69,108.73,111.33,112.49,108.59,104.96,102.71,99.73,112.88,112.44,106.36,100.51,100.08,100.52,97.35,98.52,98.64,100.72,99.32,99.54,98.70,97.42,92.85,98.21,97.61,94.47,96.39,100.10,103.61,109.43,106.78,111.03,111.83,110.17,108.18,113.56,108.73,109.13,107.95,104.84,103.52,109.62,109.78,106.92,107.75,107.10,104.38,102.36,106.69,103.98,112.80,112.53,112.33,114.45,106.04,112.30,112.52,110.00,118.13,117.03,113.09,116.47,119.86,115.65,118.80,120.51,124.94,127.35,126.25,120.32,109.71,118.80,122.36,127.97,132.28,131.82,134.52,137.32,143.06,139.16,131.48,128.37,131.72
Producto,0.004636972,01172084,PAPA ,115.41,108.51,107.80,106.47,105.19,100.99,100.46,105.44,105.94,105.60,110.62,108.94,107.10,105.23,106.50,107.67,108.70,108.14,108.41,108.50,107.46,107.35,107.29,107.24,107.27,107.30,109.91,94.36,96.82,106.46,103.62,104.12,111.56,113.17,114.57,106.97,110.82,112.40,111.44,104.16,95.45,101.64,101.76,101.10,104.04,102.35,105.46,105.24,105.83,105.78,101.48,100.81,100.29,101.88,105.41,109.91,110.43,114.60,116.02,110.60,104.73,105.25,102.69,110.06,111.97,106.69,101.74,101.16,101.96,96.73,97.24,98.53,102.64,99.63,99.81,96.53,95.68,90.15,96.43,96.37,94.09,97.39,101.41,104.47,108.43,103.00,104.93,108.19,108.19,104.81,108.73,104.38,105.60,103.66,100.91,99.19,104.88,105.40,98.97,102.72,102.33,100.47,97.31,102.68,100.79,113.29,113.29,113.29,115.29,103.94,113.23,113.23,109.75,117.52,117.59,111.21,115.42,117.59,113.29,117.19,115.42,117.59,114.08,116.66,109.74,100.93,113.16,113.23,113.23,114.07,119.74,120.55,118.33,120.55,120.55,118.79,117.38,119.82
Producto,0.001253859,01172085,YUCA Y CAMOTE,98.20,100.15,97.93,105.94,105.25,115.46,119.01,125.85,125.80,124.53,119.90,122.75,122.32,121.31,118.95,118.05,128.52,128.42,129.55,130.02,126.34,124.37,121.03,110.73,110.11,110.58,105.24,112.44,118.11,114.99,117.90,126.36,131.88,131.34,121.59,128.50,125.70,130.72,125.49,122.84,123.05,123.46,120.17,118.73,118.94,115.27,116.78,114.95,108.97,109.37,110.00,107.82,104.07,100.51,106.11,105.37,103.09,94.12,100.27,97.78,97.74,92.86,89.37,109.18,107.78,102.62,96.65,93.15,95.93,98.53,102.59,98.64,94.55,96.98,94.12,101.46,98.01,94.59,93.01,92.34,90.77,90.64,91.24,94.98,113.34,121.23,135.74,128.25,119.87,123.73,136.94,128.04,122.23,121.14,113.52,111.50,116.01,117.36,116.04,119.61,123.21,113.00,114.04,113.56,112.98,113.11,108.66,104.36,107.31,110.55,114.67,115.77,113.49,118.43,121.16,121.95,124.02,133.43,133.12,131.50,135.98,127.53,129.93,120.27,119.72,112.16,116.26,119.51,141.11,154.80,140.10,139.05,140.05,146.49,132.24,129.99,125.32,128.92
Producto,0.000295803,01172086,MELLOCO,118.43,107.68,106.60,108.07,106.31,107.82,107.91,108.94,109.56,110.03,117.90,177.26,132.15,97.30,105.19,99.09,100.23,97.46,96.47,96.93,101.90,101.61,97.57,113.15,123.48,131.33,122.94,102.97,105.34,105.18,106.03,109.15,123.70,113.56,114.68,145.94,130.08,114.87,107.69,107.45,105.27,101.15,98.20,101.44,101.58,104.24,116.04,106.68,110.04,108.85,108.38,97.48,96.22,96.54,94.29,106.66,108.01,122.69,111.97,116.07,121.30,104.49,99.46,140.62,125.29,111.62,99.44,106.40,99.44,99.44,99.44,99.44,99.44,101.86,108.65,108.65,108.65,108.65,121.55,117.11,104.69,100.87,108.65,114.92,108.65,104.69,104.69,104.69,104.69,100.87,100.87,100.87,107.92,112.01,115.46,118.47,130.66,125.89,145.47,119.84,108.65,114.92,114.92,121.55,108.65,108.65,114.92,121.55,122.96,112.01,100.87,100.87,104.69,121.96,104.69,108.65,108.65,108.65,97.18,104.69,125.72,172.48,217.31,207.13,197.44,167.66,164.40,193.60,207.13,217.31,201.73,225.54,267.96,297.56,286.70,225.54,213.36,222.75
Subclase,0.001859192,01173,Leguminosas secos y vegetales en conserva,97.70,96.54,95.05,93.78,95.54,94.45,94.80,94.05,95.56,96.69,96.94,97.09,98.34,97.61,103.33,108.52,112.54,113.45,112.57,114.26,111.96,108.96,109.09,108.68,112.49,109.58,111.26,115.72,114.92,111.59,109.86,110.83,108.87,108.30,110.44,108.64,108.48,108.09,108.04,107.62,109.03,107.36,106.33,105.74,98.26,99.00,97.20,96.73,96.96,96.95,97.64,96.35,97.05,95.49,94.57,95.59,93.21,91.37,90.20,91.64,93.24,91.29,91.02,99.16,95.73,97.20,93.07,92.07,91.46,90.88,92.37,92.37,95.46,102.37,97.06,97.58,97.51,98.00,99.35,99.26,99.20,106.91,110.52,111.52,110.77,112.20,112.83,114.49,113.74,113.45,112.60,111.53,112.91,112.78,111.77,112.11,114.72,115.46,120.11,122.90,123.28,122.63,122.98,123.69,125.96,123.71,123.54,126.51,127.64,126.91,125.89,133.89,134.39,134.10,132.85,132.91,131.41,129.03,128.84,127.74,127.41,125.82,125.12,122.89,121.87,118.92,116.09,115.97,116.94,117.51,118.03,117.47,116.43,117.70,117.70,116.41,116.18,113.93
Producto,0.00052416,01173087,FRÉJOL SECO,93.70,87.83,78.90,77.30,76.67,77.56,81.06,76.06,82.33,88.02,87.96,90.43,94.04,95.70,108.71,120.71,122.56,124.52,122.39,120.28,112.25,99.90,100.19,98.89,101.06,97.58,98.46,111.02,105.95,94.48,92.64,90.23,90.51,91.20,93.77,91.22,87.14,87.84,87.41,87.34,88.81,88.37,81.23,82.70,76.12,75.74,75.68,73.95,74.06,74.65,75.21,75.45,73.86,69.57,70.02,72.59,67.59,69.11,67.49,67.61,77.08,79.21,76.60,79.93,90.95,93.41,89.04,86.94,80.81,80.81,80.81,80.81,81.74,84.19,81.90,81.90,81.90,81.90,81.90,81.90,80.81,79.74,79.74,79.74,80.83,79.91,73.33,72.43,75.59,77.93,77.93,73.33,74.10,74.10,74.10,74.10,78.76,87.24,100.47,113.08,114.73,111.93,109.39,108.22,108.22,101.84,104.06,116.87,116.87,113.69,111.93,114.14,116.41,115.16,110.28,109.24,106.16,104.18,99.24,98.57,95.62,89.98,87.29,83.72,83.72,83.72,79.30,78.78,81.82,81.82,81.82,81.82,90.24,93.66,93.66,95.36,109.20,110.58
Producto,0.001077902,01173088,LENTEJA,96.75,97.18,98.39,96.48,100.35,97.84,96.89,97.66,97.67,97.11,97.67,96.76,97.66,95.28,99.62,104.10,111.76,112.60,111.63,116.27,115.33,115.03,115.04,114.82,118.51,116.06,119.02,120.77,115.88,119.66,117.13,120.39,116.57,115.02,115.09,115.84,117.53,116.35,116.45,115.59,117.87,113.49,115.85,113.87,102.24,104.00,100.20,100.04,100.49,100.18,101.37,98.49,100.77,99.56,97.76,98.29,95.74,95.57,93.87,96.88,95.62,90.16,90.86,106.50,93.64,95.56,88.68,89.70,89.70,89.70,91.65,91.65,91.65,98.70,95.01,96.10,96.10,97.08,99.95,99.95,101.03,116.66,121.08,123.23,121.08,123.02,129.46,133.45,125.41,125.41,125.41,125.41,127.82,127.82,125.41,125.41,127.82,125.41,125.41,125.41,125.41,125.41,127.42,129.46,129.46,127.42,125.41,125.41,127.82,127.82,127.82,144.72,144.72,144.72,143.74,145.23,142.70,140.22,141.49,140.22,140.22,140.22,140.22,138.01,135.83,129.28,125.41,125.41,126.61,127.82,126.61,125.41,125.41,125.41,125.41,121.42,113.26,107.79
Producto,0.000113007,01173089,ARVEJA SECA,98.67,98.67,98.67,98.67,99.91,98.38,98.21,98.21,98.98,100.00,100.00,100.00,100.00,100.00,101.03,101.03,101.03,101.03,101.03,101.03,101.03,101.03,101.03,101.03,101.03,101.03,102.17,99.74,100.10,96.78,96.78,96.78,94.55,94.55,94.55,94.55,94.55,94.55,94.55,94.55,94.55,94.55,94.55,94.55,88.02,88.02,88.02,88.02,88.02,88.02,88.02,88.02,88.02,88.02,85.65,88.02,87.60,87.60,87.60,87.60,87.60,89.15,89.15,89.79,90.37,90.37,91.77,86.81,89.34,89.34,89.34,89.34,89.34,89.34,89.34,89.34,88.46,88.90,88.90,87.73,87.73,91.84,111.70,111.70,111.70,112.28,110.04,110.04,113.42,102.68,91.69,91.69,92.61,90.91,96.56,96.56,96.56,95.36,95.36,95.36,95.36,95.36,95.36,95.61,95.61,95.61,95.92,95.92,95.92,95.92,95.92,95.92,95.92,95.92,95.92,95.92,95.92,95.92,95.92,95.92,95.92,95.92,95.92,94.00,94.00,95.60,95.60,95.60,95.60,95.60,95.60,95.60,94.00,95.60,95.60,98.00,98.83,98.83
Producto,0.000144122,01173090,MOTE,103.53,103.53,103.53,103.53,103.53,103.53,103.53,103.69,103.69,103.69,103.69,103.69,103.69,103.69,106.34,107.77,107.77,108.05,108.37,108.37,108.37,108.37,108.63,108.63,115.69,111.40,111.40,115.57,127.38,117.55,117.02,117.02,116.76,116.76,123.53,116.49,116.49,116.49,116.49,116.49,116.49,118.67,116.49,116.49,116.49,116.49,116.49,116.49,116.49,116.49,116.49,116.49,116.49,116.49,116.49,116.49,116.49,106.99,106.99,106.99,106.99,106.99,106.99,106.99,106.99,106.99,106.99,104.24,106.99,104.39,106.99,106.99,119.88,133.55,119.88,119.88,119.88,119.88,119.88,119.88,118.46,119.88,119.88,119.88,119.88,123.00,119.88,119.88,128.97,128.97,128.97,128.97,128.97,128.97,127.52,129.06,130.87,130.87,138.04,137.42,137.42,137.42,137.42,137.42,147.65,148.47,149.53,149.53,149.53,149.53,146.78,144.85,144.75,144.75,146.27,144.48,146.27,142.89,144.48,142.89,144.48,143.21,142.89,141.88,141.88,141.88,141.88,141.88,140.56,140.56,145.48,145.48,132.60,134.17,134.17,134.17,135.62,135.62
Clase,0.008889887,0118,"Azúcar, mermelada, miel, chocolate y dulces de azúcar (ND)",99.77,99.38,99.58,99.66,99.33,99.29,99.52,99.29,99.19,99.33,99.08,99.05,98.19,98.12,98.67,98.84,98.99,100.20,99.95,101.24,101.72,101.83,101.18,101.66,100.79,102.16,102.10,102.75,102.25,101.86,100.12,101.31,99.44,102.29,101.03,101.58,100.12,98.55,98.49,100.80,100.55,100.43,100.57,100.76,101.13,102.09,102.63,101.81,102.24,102.15,101.69,103.84,100.09,99.04,100.18,99.40,103.37,101.79,99.75,100.59,100.35,99.90,99.55,99.24,100.73,100.48,99.43,99.27,99.10,99.04,99.04,98.36,98.05,95.25,96.07,98.18,96.89,98.38,99.05,99.16,99.68,96.13,96.42,96.75,96.57,97.73,99.87,100.78,100.80,101.38,101.78,100.53,101.31,101.53,100.89,102.78,101.91,102.19,103.99,106.24,104.28,105.63,109.72,111.69,111.22,112.95,113.74,112.61,112.49,112.05,114.09,114.54,115.16,115.34,116.43,116.85,117.06,116.11,115.22,114.24,114.59,113.91,114.72,115.60,114.46,110.75,110.57,111.87,109.28,108.12,108.13,106.49,107.25,106.94,105.71,105.84,107.43,109.05
Subclase,0.004630781,01181,Azúcar y sucedáneos del azúcar,99.05,98.80,98.60,98.76,98.18,98.09,98.26,98.12,97.89,97.95,98.06,97.98,97.29,97.12,97.00,96.32,96.45,97.06,97.13,97.34,97.65,97.55,97.24,97.54,97.65,97.87,98.10,99.81,99.16,99.99,99.21,100.23,99.19,99.43,99.52,99.39,98.91,98.12,99.15,99.47,97.13,97.27,97.95,98.01,98.45,98.21,99.70,97.10,98.66,98.06,97.33,96.19,95.49,96.59,96.90,95.54,98.76,97.41,95.52,97.90,97.60,97.72,96.59,95.44,98.87,97.62,95.08,94.71,94.51,94.63,94.58,94.63,95.10,93.41,93.68,93.81,93.81,93.81,93.81,93.81,93.22,93.98,94.67,94.65,94.85,94.63,94.95,95.23,95.79,96.30,97.77,98.86,100.33,99.89,98.61,98.66,98.66,98.42,101.55,101.81,101.75,105.49,110.89,117.57,119.15,120.23,120.37,120.22,117.99,116.81,118.00,119.53,119.53,119.12,118.97,119.65,118.09,119.50,118.49,117.29,117.09,117.09,117.17,117.17,115.98,111.61,104.79,108.10,104.83,103.14,103.06,101.52,101.48,103.18,101.44,101.27,103.45,104.76
Producto,0.004297457,01181091,AZÚCAR,98.88,98.61,98.34,98.52,97.89,97.80,97.97,97.83,97.58,97.85,97.91,97.83,97.09,97.07,96.95,96.17,96.37,96.98,97.05,97.27,97.60,97.49,97.17,97.49,97.49,97.72,97.92,99.70,98.97,99.73,98.68,99.79,98.69,98.94,99.03,98.86,98.38,97.71,98.66,99.00,96.56,96.69,97.43,97.48,97.95,97.70,99.28,96.83,98.18,97.51,96.73,95.52,94.78,95.95,96.28,94.84,98.26,96.82,94.81,97.35,97.03,97.15,95.95,94.73,98.37,96.93,94.21,93.82,93.82,93.82,93.82,93.82,94.31,92.52,92.81,92.94,92.94,92.94,92.94,92.94,92.32,93.13,93.84,93.84,94.05,93.84,94.36,94.61,95.11,95.72,97.15,98.31,99.98,99.47,98.14,98.14,98.14,98.14,101.25,101.51,101.51,105.48,111.19,118.29,120.10,121.10,121.26,121.09,118.99,117.43,119.02,120.38,120.38,120.38,119.88,120.53,119.07,120.16,119.12,117.87,117.65,117.65,117.74,117.74,116.40,111.70,104.45,107.97,104.45,102.65,102.60,100.93,101.12,102.65,100.83,100.62,103.14,104.22
Producto,0.000333324,01181092,SUSTITUTO DEL AZÚCAR,101.75,101.75,102.72,102.72,102.72,102.72,102.72,102.72,102.72,99.53,100.39,100.39,100.39,97.83,97.83,98.73,97.67,98.48,98.48,98.48,98.48,98.48,98.48,98.32,100.26,100.26,100.93,101.55,102.14,104.26,107.51,107.21,107.21,107.21,107.21,107.80,107.21,104.68,106.84,106.84,106.24,106.34,106.34,106.34,106.34,106.34,106.34,101.37,106.34,106.66,106.85,106.70,106.70,106.70,106.70,106.70,106.70,106.70,106.70,106.70,106.70,106.70,106.70,106.70,106.70,108.62,108.87,108.87,105.52,107.52,106.61,107.52,107.52,107.52,107.52,107.52,107.52,107.52,107.52,107.52,107.52,107.52,107.75,107.52,107.52,107.05,104.33,105.14,106.57,105.48,107.58,107.58,105.97,106.59,106.16,106.94,106.94,102.93,106.27,106.57,105.63,105.63,106.21,106.21,104.18,106.41,106.41,106.41,102.23,106.87,101.96,105.93,105.93,99.08,104.53,105.68,102.50,109.03,108.61,108.12,108.12,108.12,108.12,108.12,109.33,110.10,110.10,110.10,110.96,110.96,110.36,110.94,107.23,111.69,111.22,111.57,108.32,113.26
Subclase,0.004259106,01182,"Chocolates, dulces de azúcar y helados",100.32,99.82,100.32,100.33,100.19,100.19,100.47,100.18,100.18,100.37,99.86,99.86,98.87,98.87,99.92,100.73,100.91,102.56,102.07,104.18,104.79,105.05,104.15,104.76,103.15,105.39,105.10,104.97,104.58,103.27,100.81,102.12,99.62,104.44,102.17,103.22,101.03,98.87,98.00,101.81,103.13,102.81,102.54,102.84,103.15,105.01,104.84,105.35,104.93,105.23,104.97,109.59,103.56,100.88,102.66,102.31,106.84,105.10,102.94,102.61,102.42,101.55,101.78,102.09,102.14,102.63,102.70,102.71,102.56,102.35,102.40,101.17,100.27,96.63,97.88,101.47,99.21,101.82,103.01,103.19,104.55,97.74,97.74,98.33,97.87,100.06,103.58,104.96,104.57,105.21,104.80,101.78,102.05,102.76,102.61,105.88,104.36,105.03,105.84,109.58,106.18,105.74,108.84,107.27,105.25,107.48,108.75,106.88,108.36,108.46,111.14,110.78,111.87,112.50,114.52,114.74,116.29,113.55,112.75,111.94,112.71,111.52,112.88,114.43,113.31,110.11,114.92,114.70,112.62,111.87,111.94,110.23,111.59,109.77,108.92,109.27,110.42,112.29
Producto,0.000477936,01182093,CARAMELOS,119.09,119.09,119.09,119.23,119.23,119.23,121.53,121.53,121.53,121.53,120.37,120.37,118.62,118.62,118.62,114.84,111.17,113.60,105.60,114.08,114.08,114.08,115.07,115.07,115.07,115.07,115.07,112.95,115.31,111.24,109.44,118.82,113.16,118.82,118.82,118.82,114.53,119.76,119.76,115.53,119.76,112.54,112.54,112.54,112.54,115.21,112.37,113.82,114.32,114.92,111.74,113.17,113.17,112.50,112.50,112.50,112.50,112.50,107.02,107.02,107.02,107.82,107.82,107.71,107.71,107.71,107.71,107.82,107.82,108.03,108.81,106.34,106.34,106.34,90.59,106.34,106.34,106.34,106.34,106.34,108.38,108.58,108.58,108.58,108.58,109.68,108.58,107.67,108.58,107.67,107.10,110.00,111.55,97.67,101.16,101.16,105.02,109.01,106.65,112.84,112.84,102.85,104.45,103.33,103.33,103.33,103.67,103.67,103.67,102.17,101.95,105.55,106.24,106.10,106.10,106.10,106.10,106.10,106.10,105.68,106.26,103.58,104.34,104.45,105.82,98.96,100.07,97.44,95.02,98.02,95.45,102.83,98.44,101.04,100.14,98.80,97.06,97.91
Producto,0.000942338,01182094,CHOCOLATES,101.80,99.68,101.80,101.80,101.23,101.23,101.80,101.80,101.80,102.65,100.75,100.75,96.25,96.25,100.75,104.57,106.26,107.79,107.79,110.42,110.42,108.84,108.84,108.84,108.84,108.84,108.84,108.84,109.23,107.30,107.31,107.31,108.53,107.31,107.95,106.81,99.05,101.56,102.69,101.56,106.61,106.61,105.49,104.18,105.50,104.69,104.69,106.48,104.57,105.68,105.42,105.42,100.63,106.80,105.99,104.51,105.95,105.75,108.61,107.21,106.41,102.48,103.48,104.83,105.03,106.88,107.20,107.20,107.20,106.25,106.25,101.65,97.81,93.21,102.67,102.67,102.67,103.11,107.78,108.57,108.57,108.57,108.57,108.57,108.57,108.61,108.61,108.61,104.18,104.18,109.36,103.97,105.82,104.95,102.88,115.03,109.04,108.95,118.77,118.77,120.35,113.50,118.10,111.72,117.45,114.98,114.98,112.28,118.58,116.31,116.31,114.53,118.33,121.06,123.87,126.38,127.24,122.95,122.95,128.95,130.68,126.31,131.92,134.08,131.26,131.53,134.08,133.86,131.96,128.60,132.82,127.29,127.29,120.65,124.49,128.26,133.61,133.75
Producto,0.000770055,01182095,CHICLE,98.46,98.46,98.46,98.46,98.46,98.46,98.46,97.14,97.14,97.14,97.14,97.14,97.91,97.91,97.91,97.91,97.91,100.74,100.74,100.40,100.40,100.40,99.72,98.81,98.81,98.17,96.90,96.90,96.90,96.24,96.24,96.58,96.58,96.58,96.58,96.58,96.58,96.58,96.58,96.58,96.58,96.58,96.58,96.58,96.58,96.58,96.58,96.58,96.58,96.58,96.58,96.58,96.58,96.58,96.58,96.58,96.58,96.58,96.58,96.58,96.58,96.58,96.58,96.58,96.58,96.58,96.58,96.58,95.91,95.91,95.91,95.91,95.91,95.91,95.91,97.53,97.53,97.53,97.96,97.96,97.96,97.96,97.96,97.96,97.96,97.96,98.60,98.60,98.60,98.60,100.70,100.70,97.19,97.19,97.62,97.62,97.62,97.62,97.62,100.48,100.48,100.15,100.15,100.15,100.15,100.15,100.15,100.15,100.15,101.00,101.00,102.38,102.38,102.38,102.38,104.78,104.78,104.78,104.78,104.78,104.78,104.78,104.78,104.78,103.86,103.86,103.57,103.57,103.57,104.19,104.19,104.19,104.19,104.19,104.19,104.19,104.19,104.19
Producto,0.002068777,01182096,HELADOS,98.06,98.06,98.06,98.06,98.06,98.06,98.06,98.06,98.06,98.06,98.06,98.06,98.06,98.06,98.06,98.37,98.37,99.46,99.46,101.62,102.89,104.21,102.52,104.21,100.86,105.79,105.79,105.79,104.48,103.52,98.66,100.02,94.97,104.83,99.81,102.55,102.33,95.95,93.59,102.58,102.33,102.58,102.58,103.83,103.83,107.75,107.75,107.75,107.75,107.75,107.75,117.15,106.97,98.51,102.58,102.58,111.28,107.75,102.58,102.58,102.58,102.58,102.58,102.58,102.58,102.70,102.70,102.70,102.70,102.70,102.70,102.70,102.70,97.38,97.38,102.07,97.38,102.58,102.58,102.58,105.13,91.00,91.00,92.21,91.27,95.65,102.79,105.77,106.99,108.44,104.18,100.17,101.24,104.91,104.96,105.83,105.10,106.02,103.23,108.88,101.08,104.91,108.88,108.88,101.91,107.73,110.33,107.75,107.75,108.88,114.45,113.49,113.81,113.81,116.63,114.76,117.55,113.97,112.31,107.76,108.44,108.44,108.44,110.58,109.89,104.00,112.71,112.71,109.63,109.04,107.46,105.65,109.04,108.15,104.66,103.72,103.72,107.42
Clase,0.00425815,0119,Productos alimenticios n.e.p. (ND),99.98,98.91,100.31,98.83,99.76,100.31,100.45,101.71,101.54,101.07,102.46,101.49,100.55,100.37,102.31,102.56,103.85,104.79,104.76,104.90,104.84,106.70,102.57,104.82,105.85,105.80,107.79,108.50,108.21,109.29,109.84,108.72,110.12,111.22,111.11,109.18,111.29,110.44,110.04,109.19,108.66,107.99,107.49,108.23,105.91,105.04,104.97,105.22,105.04,105.77,105.52,103.49,105.82,104.47,104.37,102.98,102.15,102.75,105.54,105.83,105.87,105.09,104.00,108.54,108.11,106.11,106.64,107.17,107.42,107.78,107.73,107.62,107.64,105.33,104.16,104.34,104.22,103.60,103.69,103.64,102.33,102.19,102.07,103.25,106.57,104.84,103.92,104.84,104.10,104.99,114.49,109.79,111.77,110.41,110.50,110.77,109.87,111.36,111.68,112.43,114.74,115.32,119.13,118.12,116.16,116.73,117.01,117.59,117.77,117.84,117.61,118.43,118.66,118.81,118.93,121.65,120.97,120.43,121.27,119.92,123.68,119.42,124.81,118.58,121.54,122.26,121.17,123.18,120.72,120.03,118.72,119.03,120.04,127.92,121.45,120.97,126.12,122.02
Subclase,0.001213178,01191,Condimentos naturales,100.05,98.16,101.57,96.26,99.37,100.39,97.87,101.21,100.63,99.34,102.34,98.76,96.80,87.51,94.68,95.72,100.65,101.22,100.43,99.64,99.29,106.47,101.22,104.46,106.57,105.01,108.03,112.71,113.90,117.63,118.70,115.68,123.63,123.34,124.77,121.04,125.21,124.28,121.00,117.50,114.82,112.43,109.53,110.42,100.39,101.75,98.73,103.49,102.22,104.28,102.62,101.94,103.78,99.31,101.17,97.71,92.83,94.19,101.13,104.57,103.78,102.72,97.73,112.28,109.61,99.43,100.14,100.84,100.84,102.44,101.86,102.44,102.29,94.69,90.97,98.39,93.47,93.28,91.00,90.34,85.37,84.37,82.75,84.84,97.33,91.60,87.29,87.34,83.18,82.50,110.44,91.19,89.53,84.97,84.03,87.07,86.27,86.20,85.86,86.29,92.32,92.31,94.48,92.90,89.33,87.41,91.76,92.21,92.70,91.92,90.64,90.32,89.46,89.95,89.59,98.28,95.19,95.70,103.15,103.05,104.10,92.59,112.78,94.16,100.06,97.75,100.37,98.91,95.09,92.57,94.53,94.11,96.38,125.73,108.27,110.45,116.69,112.77
Producto,0.000331647,01191097,SAL,96.66,97.49,94.05,96.51,99.53,101.62,101.62,103.10,99.46,99.46,100.99,99.78,99.78,100.34,103.05,101.37,100.49,101.73,103.78,104.79,105.53,103.59,105.53,99.02,103.74,106.87,106.87,106.41,106.24,107.68,110.28,108.75,109.18,108.10,109.18,106.22,109.61,110.07,110.50,110.50,110.50,110.50,106.79,109.80,110.50,110.50,104.34,108.35,104.34,107.87,110.22,110.85,111.96,111.96,109.95,110.85,110.85,110.85,111.96,114.52,111.96,112.24,111.13,111.76,112.53,111.97,114.19,116.39,116.39,121.40,119.57,121.40,120.92,120.43,121.40,119.69,121.40,121.40,121.40,118.89,114.52,114.51,113.38,112.71,118.41,117.56,117.82,117.30,114.10,115.70,120.97,120.97,120.97,120.97,121.45,121.74,119.22,118.69,117.58,118.91,118.46,124.07,119.83,126.26,125.80,122.18,123.21,124.28,125.80,125.80,125.70,125.70,125.02,122.24,124.18,125.02,122.31,125.70,122.21,121.91,125.20,120.34,120.69,118.00,115.77,114.80,111.21,118.08,110.24,108.83,104.49,103.15,110.27,114.50,110.23,117.06,121.97,120.34
Producto,0.000881531,01191098,CULANTRO,101.64,98.47,105.10,96.14,99.30,99.82,96.12,100.33,101.18,99.28,102.97,98.28,95.40,81.50,90.76,93.07,100.73,100.98,98.86,97.22,96.36,107.81,99.20,107.01,107.90,104.14,108.57,115.66,117.49,122.30,122.66,118.93,130.40,130.49,132.08,127.99,132.52,130.94,125.92,120.78,116.85,113.34,110.81,110.71,95.65,97.65,96.09,101.21,101.23,102.59,99.06,97.76,99.95,93.38,97.06,91.54,84.38,86.37,96.05,99.90,99.94,98.25,91.45,112.52,108.25,93.55,93.55,93.55,93.55,93.55,93.55,93.55,93.55,82.62,76.71,88.41,80.38,80.09,76.74,76.95,71.70,70.23,68.39,71.77,87.44,79.42,72.97,73.29,68.67,66.93,105.50,77.23,74.79,68.09,66.48,70.82,70.82,70.96,70.99,71.00,80.06,77.42,82.60,77.26,72.23,71.10,77.02,77.18,77.18,76.03,74.20,73.73,72.78,74.82,73.37,85.74,82.48,81.63,94.21,94.21,94.21,79.58,109.07,82.98,92.70,89.76,95.29,89.92,87.99,84.95,89.86,89.86,89.86,131.00,107.35,107.35,114.22,109.22
Subclase,0.001554416,01192,Condimentos y aderezos procesados,100.12,98.19,99.19,99.09,99.36,100.14,102.88,104.03,103.99,103.35,105.11,105.11,103.77,107.92,107.87,107.76,107.58,108.45,109.11,109.28,109.36,109.11,103.40,106.24,106.82,109.27,110.78,111.57,111.42,109.99,111.67,111.45,111.58,111.69,110.52,111.74,110.27,110.02,110.40,110.75,111.41,111.58,111.95,112.73,113.32,112.36,110.51,110.52,111.23,109.26,109.94,108.08,111.15,111.52,111.26,110.78,111.27,111.01,113.30,112.15,112.41,113.10,112.90,112.26,112.82,113.17,113.41,114.06,114.31,114.10,113.91,114.15,113.84,112.65,113.11,110.22,112.75,113.34,113.79,113.25,113.59,113.87,116.28,115.13,115.27,114.49,114.74,114.86,118.09,118.13,121.79,122.23,123.39,124.10,124.46,121.93,122.32,123.55,123.81,125.13,123.81,123.91,126.72,126.07,124.59,128.58,129.92,126.00,127.38,125.52,125.93,127.04,126.50,128.18,128.35,128.12,129.78,126.80,130.93,129.11,129.31,126.91,127.76,124.37,128.24,127.23,124.33,127.92,127.24,125.41,123.98,126.36,128.68,128.07,125.87,121.54,128.36,123.49
Producto,0.000246778,01192099,MAYONESA,98.99,95.79,98.99,98.99,94.62,94.62,100.85,102.36,102.23,97.20,102.23,101.64,97.75,102.23,102.23,102.23,102.23,103.07,103.50,103.64,103.64,103.64,103.64,103.64,103.64,103.64,108.15,108.15,108.15,110.35,109.63,109.63,109.63,109.63,109.63,110.06,110.06,110.06,110.06,110.06,109.41,110.06,110.06,110.06,110.06,110.06,110.06,108.55,109.60,109.60,109.60,109.60,109.79,109.79,110.10,110.10,110.49,109.96,110.27,110.27,110.27,110.27,110.49,110.41,110.41,110.41,111.48,116.41,117.03,117.03,115.52,115.52,115.67,116.29,116.29,108.44,111.90,114.06,116.24,113.88,114.77,116.57,121.19,118.53,118.77,116.79,115.44,118.03,119.85,119.95,117.68,117.36,124.40,133.52,133.52,128.25,128.25,133.15,130.45,135.27,130.09,137.97,133.04,130.01,131.63,136.94,136.94,130.33,129.89,126.25,124.98,125.45,127.20,135.16,129.95,133.40,134.85,129.88,137.74,131.39,134.96,136.82,137.06,125.68,129.54,129.65,126.75,135.32,135.27,133.50,133.86,135.77,132.14,142.76,133.18,131.32,142.09,122.36
Producto,0.000326666,01192100,SALSA DE TOMATE,100.65,97.04,97.04,97.64,102.33,105.16,105.42,106.77,106.77,106.77,106.77,105.39,104.28,109.04,109.04,109.04,107.92,110.27,109.95,110.64,110.64,110.64,110.64,110.64,110.64,110.64,110.64,109.60,109.81,108.83,110.69,110.69,110.69,110.69,110.74,110.08,111.03,111.03,111.03,111.03,111.03,111.03,111.03,110.56,111.03,111.03,111.03,111.47,111.47,111.47,111.47,111.47,111.47,111.47,113.27,113.85,114.91,114.91,115.58,114.91,115.58,116.01,114.45,112.28,114.45,114.45,114.45,114.45,114.45,114.05,114.05,114.65,114.41,107.33,109.12,108.99,114.45,114.45,114.45,109.57,113.95,114.35,114.35,114.35,114.35,114.05,114.35,108.47,120.00,117.64,124.17,124.17,124.17,121.80,119.00,122.26,122.26,122.26,127.05,122.65,123.52,119.26,130.35,126.47,127.88,132.03,132.03,127.70,132.03,132.03,132.03,134.97,135.00,135.00,134.78,130.48,134.05,127.29,132.13,132.13,129.33,123.70,128.95,125.90,131.75,131.61,123.96,134.15,130.86,126.48,117.03,126.14,134.12,129.72,129.90,123.42,130.65,129.91
Producto,0.000100739,01192101,MOSTAZA,104.52,104.52,104.52,104.52,105.55,105.55,108.51,110.81,110.81,110.81,111.88,111.20,110.51,111.65,111.65,111.65,111.65,113.87,113.87,113.87,113.87,114.62,114.62,114.62,98.90,113.81,113.81,114.76,113.81,112.74,112.74,112.74,112.46,112.74,112.28,112.74,112.74,112.74,112.74,112.74,112.74,112.74,111.47,110.66,113.46,111.36,111.36,112.76,114.40,113.39,112.11,109.08,112.11,114.40,114.40,114.40,111.61,114.40,114.40,114.40,114.40,114.40,114.40,114.40,114.40,114.40,115.03,115.03,114.82,114.86,114.86,115.03,115.03,115.03,115.03,115.03,112.85,115.12,115.12,115.12,113.24,115.12,114.02,112.65,112.31,112.31,112.31,112.31,110.86,109.39,113.57,112.86,112.66,115.17,117.02,114.58,122.63,121.40,123.03,130.94,128.21,130.06,134.56,134.56,133.00,134.12,134.12,132.58,132.58,132.58,132.58,135.25,135.87,136.05,137.19,132.45,138.61,140.17,139.13,138.19,137.72,133.98,135.32,137.49,137.49,134.56,133.51,137.55,135.77,130.41,138.30,138.30,138.30,128.98,135.56,130.37,136.09,130.15
Producto,0.000427693,01192102,ALIÑOS PREPARADOS,98.63,98.63,98.63,98.63,98.63,98.81,100.24,100.24,100.24,100.24,100.24,102.10,104.67,108.10,107.90,107.90,107.90,108.66,108.30,108.10,108.43,108.43,95.98,102.03,102.03,108.10,108.10,108.23,108.57,107.14,107.14,107.22,107.97,108.14,105.25,108.14,108.14,108.14,107.97,107.97,107.97,107.97,106.95,106.90,107.97,107.97,105.11,105.11,107.97,105.11,107.97,101.98,107.97,109.73,109.73,107.62,108.70,107.62,109.73,109.73,109.73,109.73,109.73,109.73,109.73,111.04,111.58,109.85,109.85,109.85,109.85,110.26,109.99,109.99,109.99,109.99,108.71,108.71,108.71,112.83,110.68,107.54,112.83,111.96,112.83,112.83,112.83,112.83,112.83,113.49,113.49,113.88,113.88,111.05,110.25,106.48,102.93,106.03,106.03,107.45,107.91,107.91,109.83,116.12,114.73,116.12,116.77,117.86,117.24,115.44,117.24,113.52,111.30,110.00,116.81,116.53,116.53,116.53,116.53,116.23,116.23,116.59,116.59,116.59,113.98,113.98,113.58,114.08,111.30,113.45,113.45,113.57,112.80,112.80,112.80,111.30,106.88,108.04
Producto,0.00045254,01192103,CONDIMENTOS PROCESADOS,102.07,101.07,102.07,100.45,101.48,101.48,104.53,106.22,106.22,110.58,112.91,113.28,109.12,114.01,114.01,113.28,114.01,112.18,116.82,116.82,116.82,114.96,99.47,107.38,116.82,116.82,118.82,124.98,123.44,115.07,123.89,122.36,122.04,122.36,119.81,122.95,112.08,110.44,113.13,115.37,120.62,120.62,125.18,131.23,131.46,126.10,119.16,120.53,117.86,110.52,110.52,109.82,117.85,116.43,111.37,110.84,110.84,110.84,120.25,114.05,114.56,118.28,119.16,118.81,118.81,118.81,117.45,116.17,116.78,116.08,117.44,117.23,115.82,118.81,118.81,113.88,118.14,117.44,116.61,118.22,115.99,118.66,117.79,116.88,116.07,114.87,118.25,124.33,123.41,126.80,141.69,144.60,140.25,137.09,144.60,139.30,144.75,139.59,137.37,139.59,138.72,132.37,135.53,132.33,120.79,127.70,135.11,127.18,130.63,127.95,129.68,136.34,133.45,132.82,131.27,133.19,133.19,133.16,138.59,138.59,138.59,130.18,126.09,127.88,140.78,135.45,135.50,124.93,131.39,128.23,131.15,127.91,137.05,125.87,125.32,115.92,134.63,138.32
Subclase,0.001490556,01193,Preparados alimenticios,99.84,99.91,100.31,100.31,100.30,100.37,100.37,100.37,100.37,100.54,100.63,100.65,100.65,103.23,103.24,103.24,103.24,104.46,104.43,105.15,105.17,105.10,102.84,104.04,104.69,103.82,105.48,103.56,102.23,103.39,102.80,102.27,100.35,103.06,102.72,99.69,103.04,101.81,102.70,102.70,102.70,102.55,102.97,103.58,104.15,101.88,105.00,102.52,102.39,104.21,104.21,101.18,103.31,102.74,101.48,100.78,101.59,102.34,102.80,102.10,102.51,100.86,101.65,103.46,103.76,105.34,105.96,106.29,106.70,106.68,107.08,106.26,106.63,106.92,106.24,103.95,105.02,103.24,104.62,105.31,105.17,105.29,104.31,106.60,106.28,106.44,106.86,108.91,107.55,110.05,111.85,112.84,117.77,116.97,117.54,118.04,116.15,118.84,119.61,120.17,122.68,124.00,129.57,128.68,127.40,127.12,124.02,127.92,127.04,129.04,129.04,130.37,131.86,130.70,131.08,132.07,131.27,131.82,126.03,124.20,132.28,131.34,130.46,130.18,130.58,134.50,132.31,135.45,132.56,133.88,130.55,129.85,129.10,129.23,126.77,127.35,130.59,126.94
Producto,0.000445471,01193104,GELATINA EN POLVO,98.61,98.61,99.77,99.77,99.77,99.77,99.77,99.77,99.77,99.77,99.77,99.87,100.10,100.10,100.10,100.10,100.10,101.02,102.03,103.06,103.12,103.12,102.93,104.23,106.12,106.12,106.12,100.58,106.12,104.94,104.60,104.60,104.60,104.60,104.60,94.87,104.60,104.60,104.60,104.60,104.60,105.68,106.89,106.18,108.00,108.00,108.00,101.05,108.00,108.00,108.00,99.28,105.54,104.13,100.32,98.44,100.71,103.00,104.05,102.09,103.39,102.48,104.72,106.95,107.82,108.68,109.50,109.34,110.66,110.66,111.56,109.27,110.33,112.64,110.10,107.32,108.80,103.73,107.62,109.64,109.39,109.51,112.86,110.01,109.06,109.34,110.30,111.14,111.14,112.26,113.00,113.00,119.28,117.23,118.59,117.10,113.19,118.60,119.22,119.31,124.81,127.94,138.70,137.90,132.57,132.57,123.59,134.87,132.34,138.10,138.10,139.04,142.42,138.58,138.58,139.70,139.25,139.25,141.76,141.76,141.68,139.05,136.65,136.45,136.77,141.69,135.49,144.21,134.07,137.82,128.16,127.35,123.70,129.85,124.14,119.51,128.63,124.81
Producto,7.86191E-05,01193105,ALIMENTOS PREPARADOS PARA BEBÉ,119.04,123.51,123.51,123.51,122.84,127.65,127.65,127.65,127.65,138.27,143.91,143.05,137.68,143.05,143.91,143.91,143.91,145.23,145.26,145.26,145.26,140.79,142.97,145.26,145.26,145.26,144.69,144.88,136.36,143.46,123.88,123.88,119.04,119.04,119.04,119.04,117.83,117.83,117.83,117.83,117.83,117.83,117.83,117.83,113.53,112.32,117.83,113.40,113.40,117.83,117.83,116.95,114.69,109.32,112.75,110.37,111.81,108.98,115.28,113.33,111.32,112.26,112.85,114.32,114.32,115.74,115.74,120.20,117.58,116.40,121.99,119.90,119.90,121.80,121.80,121.58,121.58,120.37,122.17,121.80,118.45,115.08,115.08,111.44,112.49,112.49,117.89,117.89,117.89,114.51,114.51,117.89,117.70,112.13,118.00,117.81,118.72,118.72,118.72,115.53,108.37,115.53,116.57,116.57,116.57,113.05,113.56,113.05,113.05,113.66,113.66,114.40,113.99,109.05,115.93,115.93,113.05,109.63,109.63,112.08,111.75,110.04,106.72,107.83,108.80,107.50,104.64,112.47,104.02,105.04,106.00,107.31,105.04,104.84,105.04,100.52,105.70,105.70
Producto,0.000966466,01193106,SNACKS,100.03,100.03,100.03,100.03,100.03,100.03,100.03,100.03,100.03,100.03,100.03,100.03,100.03,103.93,103.93,103.93,103.93,105.32,104.72,105.29,105.29,105.29,101.79,102.91,102.91,101.55,104.16,104.16,99.28,101.56,101.30,100.47,97.58,101.82,101.30,101.82,101.82,99.90,101.30,101.30,101.30,100.47,100.47,101.82,101.82,98.30,103.05,103.05,99.08,101.82,101.82,101.82,101.82,101.82,101.82,101.82,101.82,101.82,101.82,101.82,101.82,99.71,99.71,101.29,101.29,103.27,103.79,104.28,104.28,104.28,104.28,104.28,104.28,103.45,103.75,101.69,102.56,102.56,102.56,102.56,102.56,102.75,99.41,104.62,104.62,104.72,104.72,107.49,105.34,108.74,111.16,112.63,116.96,116.96,116.96,118.55,117.68,118.97,119.85,120.76,121.87,122.07,124.94,123.97,124.87,124.51,124.51,124.51,124.51,124.51,124.51,126.07,126.57,126.96,127.39,128.34,127.39,128.34,117.90,114.97,127.69,127.69,127.69,127.33,127.77,131.27,131.27,131.27,132.45,132.45,132.45,131.77,132.62,129.49,128.74,132.27,132.27,128.63
Grupo,0.024968117,012,Bebidas no alcohólicas,102.40,102.32,102.76,103.42,103.75,104.12,104.86,106.09,104.56,106.36,106.42,107.43,107.61,108.45,108.68,107.81,113.09,114.21,116.32,115.99,115.70,114.86,112.82,113.33,113.11,114.47,115.05,113.76,114.35,107.21,107.39,107.14,107.23,107.57,113.09,113.20,113.46,113.66,113.25,114.92,114.78,114.81,114.61,113.89,114.19,113.94,112.69,112.52,112.49,113.11,112.93,113.06,113.56,113.37,113.91,113.37,114.00,113.79,113.34,113.18,113.00,114.19,113.95,114.04,114.30,114.04,114.28,113.66,112.52,113.36,112.73,111.99,111.87,112.75,112.56,112.79,111.74,111.94,112.21,112.18,112.35,112.13,112.45,113.55,113.45,113.20,113.81,114.09,114.62,115.80,116.03,117.11,117.42,117.85,119.15,119.11,119.88,120.11,120.44,120.85,121.57,121.14,122.13,122.46,122.57,122.23,123.30,122.50,122.94,123.23,122.50,124.01,124.87,124.96,125.63,125.74,125.32,125.70,125.44,124.63,124.61,125.20,124.69,126.54,128.52,133.57,133.10,133.90,134.20,134.10,134.02,132.70,133.96,135.85,135.17,133.22,133.97,133.60
Clase,0.002292017,0121,"Café, té y cacao (ND)",97.67,97.39,97.85,97.85,97.25,97.46,100.79,102.83,103.72,103.36,103.85,102.32,102.33,104.49,104.49,104.24,104.65,102.54,102.75,102.43,102.43,102.43,99.60,99.04,98.42,102.46,107.24,107.15,108.15,107.26,105.52,105.62,105.88,107.50,106.30,105.88,104.06,104.62,102.48,106.53,106.76,106.23,105.80,105.41,106.15,104.78,100.67,101.26,101.81,103.97,103.97,103.97,102.52,105.70,106.00,103.14,105.99,105.71,104.50,104.40,102.45,104.99,105.21,104.88,106.00,107.03,106.07,104.72,103.37,105.44,104.12,102.88,102.25,103.46,103.89,103.07,103.41,103.69,104.53,104.37,104.79,103.48,103.54,105.74,106.77,109.31,110.07,110.66,111.07,112.62,112.29,113.76,116.94,118.38,119.06,118.26,117.64,118.61,116.36,117.34,118.12,118.88,118.26,117.29,118.15,116.69,119.79,118.51,120.35,121.42,117.54,119.93,120.82,120.24,123.08,124.61,122.68,124.67,125.46,117.34,117.51,123.16,121.45,128.57,133.69,143.72,140.25,142.58,145.26,147.54,149.83,142.73,149.34,156.42,151.98,148.60,151.40,150.91
Subclase,0.002292017,01211,"Café, té y cacao",97.67,97.39,97.85,97.85,97.25,97.46,100.79,102.83,103.72,103.36,103.85,102.32,102.33,104.49,104.49,104.24,104.65,102.54,102.75,102.43,102.43,102.43,99.60,99.04,98.42,102.46,107.24,107.15,108.15,107.26,105.52,105.62,105.88,107.50,106.30,105.88,104.06,104.62,102.48,106.53,106.76,106.23,105.80,105.41,106.15,104.78,100.67,101.26,101.81,103.97,103.97,103.97,102.52,105.70,106.00,103.14,105.99,105.71,104.50,104.40,102.45,104.99,105.21,104.88,106.00,107.03,106.07,104.72,103.37,105.44,104.12,102.88,102.25,103.46,103.89,103.07,103.41,103.69,104.53,104.37,104.79,103.48,103.54,105.74,106.77,109.31,110.07,110.66,111.07,112.62,112.29,113.76,116.94,118.38,119.06,118.26,117.64,118.61,116.36,117.34,118.12,118.88,118.26,117.29,118.15,116.69,119.79,118.51,120.35,121.42,117.54,119.93,120.82,120.24,123.08,124.61,122.68,124.67,125.46,117.34,117.51,123.16,121.45,128.57,133.69,143.72,140.25,142.58,145.26,147.54,149.83,142.73,149.34,156.42,151.98,148.60,151.40,150.91
Producto,0.001295452,01211107,CAFÉ SOLUBLE,92.69,90.31,92.69,92.69,88.61,88.61,93.96,102.13,102.13,102.13,102.13,99.99,99.99,102.13,102.13,102.13,102.13,104.84,105.81,104.23,104.23,104.23,94.85,93.37,91.39,102.14,111.58,108.64,111.58,110.28,104.71,104.71,104.79,109.95,109.62,105.58,101.65,103.71,96.88,109.62,109.62,109.62,109.62,109.62,109.62,109.09,99.07,102.80,102.80,103.82,103.82,103.13,108.78,108.78,108.78,103.67,108.78,108.78,103.11,103.75,99.91,107.76,108.46,107.42,108.62,108.78,109.10,108.18,108.69,107.14,102.65,102.65,100.68,101.26,99.97,99.97,99.97,101.52,101.26,99.94,101.26,100.12,93.65,98.12,98.81,99.50,99.50,98.62,98.62,102.70,105.98,111.05,114.04,114.90,117.03,117.38,120.75,124.21,120.47,122.70,123.94,123.94,123.94,120.59,123.94,117.41,122.70,123.94,121.11,124.43,120.14,123.54,129.52,124.73,130.68,130.68,130.68,125.89,125.89,119.34,120.65,125.65,121.30,134.11,134.11,134.52,130.10,132.53,134.27,137.70,137.62,137.62,141.00,141.00,141.00,141.00,139.80,140.35
Producto,0.000278109,01211108,CAFÉ MOLIDO,102.81,102.81,102.81,102.81,102.81,102.81,102.81,102.81,102.81,102.54,101.65,102.72,102.72,102.54,102.54,102.71,102.77,104.33,104.33,105.03,105.03,105.03,105.03,105.03,105.03,105.03,105.03,105.03,104.45,104.12,104.12,104.12,104.12,104.12,104.12,103.82,103.82,103.51,103.56,102.71,103.56,103.56,101.95,101.11,101.95,101.95,100.86,100.86,100.57,100.57,100.57,101.38,101.38,103.47,103.47,103.47,101.38,100.63,101.38,101.38,100.27,101.38,101.38,101.38,101.38,102.08,101.79,101.79,100.93,101.47,99.98,101.43,99.27,99.20,104.39,102.09,103.31,101.22,103.31,105.47,103.16,104.79,109.10,109.92,113.53,122.27,122.02,127.39,127.86,127.86,124.40,124.40,131.43,131.43,131.43,131.01,125.42,124.22,124.22,124.22,125.66,127.91,128.96,125.90,126.93,133.25,129.81,132.02,133.67,133.67,135.78,138.76,133.62,135.78,133.57,136.83,133.57,137.61,143.28,138.45,139.82,134.04,139.44,154.67,158.19,162.01,161.73,170.05,165.48,176.01,176.38,166.47,176.02,203.27,190.71,187.19,193.64,192.60
Producto,0.000539868,01211109,COCOA,98.19,99.32,98.02,98.02,100.18,100.55,105.71,104.03,106.81,106.81,109.09,104.22,104.28,109.09,109.09,108.46,109.32,98.52,98.20,98.20,98.20,98.17,98.60,98.60,98.60,100.36,106.30,108.92,109.62,108.40,108.40,108.77,108.77,108.03,105.23,108.77,106.86,106.86,106.86,107.65,107.65,105.99,105.99,105.47,107.10,103.31,101.26,99.34,101.33,107.10,107.10,107.10,96.95,105.17,106.13,102.21,107.84,107.84,108.81,107.84,106.13,105.40,105.40,105.40,107.73,109.91,106.79,103.49,99.44,106.84,108.39,103.40,105.05,108.35,107.63,106.78,106.96,108.05,108.00,107.37,109.31,104.94,107.95,109.76,109.27,109.27,111.85,109.82,110.92,111.46,109.85,109.44,110.57,114.32,114.32,111.83,111.21,111.83,108.14,108.14,108.14,109.14,106.32,109.14,106.61,103.02,109.49,103.02,110.24,110.24,100.62,102.25,105.71,104.38,109.24,111.95,108.64,115.87,114.63,99.00,97.26,114.58,109.00,106.82,119.97,147.91,142.66,139.17,149.87,144.64,151.61,137.60,147.01,146.46,143.03,136.10,140.89,139.66
Producto,0.000178588,01211110,HIERBA AROMÁTICA,98.06,99.22,100.40,100.40,100.40,101.29,101.29,101.29,101.29,98.43,98.43,102.50,102.50,102.50,102.50,101.52,102.76,103.36,103.36,103.36,103.36,103.36,103.36,102.44,102.44,103.36,102.44,102.44,102.44,102.44,102.61,102.44,104.75,107.10,105.08,103.09,103.38,103.38,103.38,103.38,103.38,103.38,103.38,103.38,103.38,103.38,103.38,103.54,103.54,103.54,103.54,103.54,103.54,103.54,103.54,103.54,103.54,102.80,103.54,103.54,104.56,104.56,104.56,104.56,104.56,105.56,105.56,105.56,105.56,106.22,106.22,105.79,106.22,106.22,103.04,103.66,103.24,103.24,107.08,105.92,105.92,105.92,105.92,105.92,105.92,105.92,105.92,106.86,106.19,107.02,107.75,107.75,107.75,107.59,107.59,107.59,107.59,107.59,108.56,111.41,111.41,109.87,109.87,109.87,113.17,113.81,116.72,114.65,114.65,114.83,114.65,114.65,107.32,115.18,115.18,113.15,113.15,114.37,111.09,113.27,112.66,113.62,113.62,110.81,110.81,110.68,107.37,112.04,111.41,112.01,112.01,112.01,112.01,112.01,112.01,109.60,109.02,109.02
Clase,0.0226761,0122,"Aguas minerales, refrescos, jugos de frutas y de legumbres (ND)",103.52,103.50,103.92,104.75,105.30,105.71,105.83,106.86,104.76,107.07,107.03,108.64,108.86,109.39,109.67,108.66,115.09,116.98,119.54,119.21,118.85,117.82,115.96,116.72,116.60,117.32,116.91,115.33,115.83,107.20,107.83,107.51,107.56,107.59,114.71,114.94,115.69,115.81,115.81,116.92,116.68,116.85,116.71,115.90,116.10,116.11,115.55,115.20,115.02,115.28,115.05,115.22,116.19,115.19,115.79,115.80,115.91,115.71,115.44,115.27,115.51,116.38,116.03,116.21,116.27,115.71,116.23,115.78,114.70,115.25,114.78,114.16,114.15,114.96,114.62,115.10,113.72,113.90,114.04,114.03,114.14,114.18,114.57,115.40,115.04,114.13,114.71,114.90,115.46,116.56,116.92,117.91,117.53,117.72,119.17,119.31,120.41,120.46,121.42,121.68,122.39,121.67,123.05,123.68,123.62,123.55,124.14,123.44,123.56,123.67,123.68,124.97,125.84,126.09,126.24,126.01,125.94,125.94,125.44,126.37,126.30,125.69,125.46,126.06,127.29,131.15,131.40,131.84,131.58,130.90,130.27,130.32,130.31,130.96,131.17,129.56,129.83,129.49
Subclase,0.0226761,01221,"Aguas minerales, gaseosas, jugos de frutas ",103.52,103.50,103.92,104.75,105.30,105.71,105.83,106.86,104.76,107.07,107.03,108.64,108.86,109.39,109.67,108.66,115.09,116.98,119.54,119.21,118.85,117.82,115.96,116.72,116.60,117.32,116.91,115.33,115.83,107.20,107.83,107.51,107.56,107.59,114.71,114.94,115.69,115.81,115.81,116.92,116.68,116.85,116.71,115.90,116.10,116.11,115.55,115.20,115.02,115.28,115.05,115.22,116.19,115.19,115.79,115.80,115.91,115.71,115.44,115.27,115.51,116.38,116.03,116.21,116.27,115.71,116.23,115.78,114.70,115.25,114.78,114.16,114.15,114.96,114.62,115.10,113.72,113.90,114.04,114.03,114.14,114.18,114.57,115.40,115.04,114.13,114.71,114.90,115.46,116.56,116.92,117.91,117.53,117.72,119.17,119.31,120.41,120.46,121.42,121.68,122.39,121.67,123.05,123.68,123.62,123.55,124.14,123.44,123.56,123.67,123.68,124.97,125.84,126.09,126.24,126.01,125.94,125.94,125.44,126.37,126.30,125.69,125.46,126.06,127.29,131.15,131.40,131.84,131.58,130.90,130.27,130.32,130.31,130.96,131.17,129.56,129.83,129.49
Producto,0.008506284,01221111,AGUA EMBOTELLADA PURIFICADA,104.51,104.51,104.56,105.23,105.43,106.60,107.94,109.14,104.90,109.64,109.64,110.28,109.11,110.62,111.18,109.81,109.87,111.23,116.36,115.95,115.65,111.92,111.18,112.12,110.65,112.54,111.86,106.24,110.45,109.86,111.54,111.05,111.23,111.02,110.55,111.41,110.14,110.03,110.03,112.23,112.23,112.42,112.26,112.25,112.24,112.23,111.18,110.04,110.58,111.24,111.24,110.78,113.49,112.36,113.16,112.71,113.16,113.14,112.05,111.68,111.94,112.56,111.63,111.81,111.91,110.87,111.78,111.87,108.80,110.52,110.90,109.32,108.67,110.96,110.74,112.33,108.59,108.79,109.66,109.69,109.91,110.20,111.26,113.15,113.94,111.75,113.42,112.57,115.99,118.53,118.78,121.83,120.54,121.97,125.25,125.12,128.96,129.34,131.82,132.54,133.96,132.42,135.86,137.38,136.57,136.06,137.29,135.63,136.18,137.09,136.95,138.41,141.81,141.22,141.98,141.86,140.97,141.29,140.46,142.46,142.71,142.37,143.01,144.45,146.79,151.79,155.90,156.17,155.43,154.69,154.25,154.25,154.04,153.54,153.54,152.68,152.68,152.55
Producto,0.008539279,01221112,GASEOSA,105.74,105.74,106.71,108.54,109.47,109.47,108.85,110.20,110.20,110.20,110.02,113.81,113.81,113.81,113.81,112.44,128.16,131.46,130.79,130.79,130.79,130.79,130.79,133.54,133.54,133.54,133.14,133.14,132.27,111.81,111.81,111.36,111.36,111.36,131.08,131.08,134.11,134.11,134.11,134.11,134.11,134.11,134.11,134.11,134.11,134.11,134.11,134.11,132.41,132.41,132.41,132.41,132.41,132.41,132.41,132.41,132.41,132.41,132.41,132.41,132.41,134.11,134.11,134.11,134.11,134.11,134.11,134.11,134.11,134.11,134.11,134.11,134.11,134.11,134.11,134.11,134.11,134.11,134.11,134.11,134.11,134.11,134.11,134.11,133.01,133.01,133.01,134.11,132.45,133.01,134.11,134.11,134.11,134.11,134.11,134.11,134.11,134.11,134.11,134.11,134.11,134.11,134.11,134.11,134.11,134.11,134.68,134.11,134.11,133.87,133.87,134.78,134.78,134.78,134.78,134.26,134.54,134.78,134.78,134.78,134.78,133.71,132.13,131.52,131.48,137.68,136.78,136.16,136.16,135.07,136.16,135.62,136.28,136.28,136.84,134.32,134.32,134.32
Producto,0.001842295,01221113,BEBIDAS ENERGIZANTES E HIDRATANTES,98.74,98.53,98.53,97.61,98.64,98.64,97.99,97.99,93.13,98.63,98.63,98.63,98.63,98.63,98.63,98.63,98.47,99.53,99.51,98.03,97.34,96.01,95.93,90.97,94.13,94.60,94.37,97.58,97.51,94.35,94.69,94.86,95.19,96.01,95.61,95.04,95.04,96.28,94.03,96.90,95.05,95.80,95.10,89.56,91.24,92.50,90.96,90.26,90.26,90.43,89.33,91.27,91.35,91.35,91.98,91.70,91.29,91.66,90.98,90.61,91.55,91.76,92.05,92.35,92.35,91.56,92.02,88.16,88.16,88.54,83.83,83.41,84.30,84.77,82.19,81.56,81.12,81.70,80.39,80.26,80.64,80.13,80.29,80.02,79.81,78.71,78.62,79.24,79.45,79.83,78.01,77.46,78.05,75.85,77.88,79.40,77.40,76.71,77.38,77.49,79.17,78.26,79.17,79.08,80.59,81.32,81.22,81.22,80.59,79.60,80.22,81.71,79.55,81.05,80.10,80.10,81.17,79.58,77.82,79.60,78.39,77.60,79.11,81.54,82.69,80.52,80.99,81.96,81.96,81.96,81.52,81.37,81.67,81.67,81.67,78.98,81.07,81.55
Producto,0.003437513,01221114,JUGO DE FRUTAS,99.66,99.66,99.66,99.66,99.66,99.66,98.97,98.97,98.97,98.97,98.30,98.30,103.36,103.36,103.36,103.36,106.60,106.60,114.69,114.69,113.30,116.91,104.15,104.15,104.15,104.15,104.15,104.15,98.98,97.80,97.80,97.80,97.43,97.43,95.57,95.57,95.91,95.91,98.16,98.16,98.16,98.16,98.16,97.34,97.34,96.16,96.16,97.38,99.66,99.66,98.88,99.66,99.66,94.77,96.73,98.31,98.31,96.73,98.31,98.31,98.31,98.31,98.31,98.31,98.31,97.59,98.70,98.70,98.70,97.82,97.82,97.82,98.70,98.70,98.70,98.70,98.70,98.70,98.70,98.70,98.70,98.70,98.70,100.31,98.70,98.70,98.70,98.70,98.70,98.12,98.55,98.55,98.55,98.55,98.55,98.55,98.55,98.55,98.55,98.55,98.55,97.65,98.11,98.55,98.55,98.55,98.55,98.55,98.55,98.55,98.55,100.21,99.71,101.87,101.87,101.87,101.87,101.87,101.87,101.87,101.87,101.87,101.87,102.09,104.32,104.32,97.00,100.66,100.66,100.66,93.88,96.12,94.29,100.93,100.93,100.93,100.93,98.09
Producto,0.000350728,01221115,REFRESCOS,95.78,95.78,98.06,98.06,98.06,98.06,101.82,108.17,108.17,104.89,112.74,107.99,107.99,107.99,113.48,113.48,113.48,114.16,114.89,114.89,114.89,114.89,114.89,114.89,114.89,114.89,114.89,114.89,114.89,112.55,112.55,112.55,111.94,112.48,112.48,112.48,112.48,112.48,112.48,110.59,110.59,111.20,111.20,111.20,110.59,110.59,110.59,109.97,109.97,109.97,110.59,109.97,109.97,110.71,110.71,110.71,110.71,108.28,108.28,108.28,110.71,108.73,104.77,110.61,112.05,111.81,112.42,112.42,112.42,112.42,111.85,111.24,111.24,107.52,111.24,111.24,111.24,113.25,113.25,113.25,112.14,112.14,112.14,112.14,112.14,112.14,112.14,112.14,109.67,110.27,112.76,111.69,111.69,109.23,111.69,111.69,111.69,111.69,111.69,111.69,111.69,114.93,114.93,118.48,120.32,121.98,118.17,125.69,125.69,125.69,125.04,127.55,127.55,127.55,127.55,128.74,128.74,128.74,129.30,129.30,129.30,130.36,127.49,127.49,127.49,127.49,127.49,127.49,127.49,127.49,127.49,127.49,127.49,127.49,127.49,127.49,127.49,127.49
División,0.006556866,02,"Bebidas alcohólicas, tabaco y estupefacientes",103.30,108.97,111.48,111.78,112.39,115.92,116.07,116.51,116.51,116.51,116.51,117.62,118.01,120.19,120.19,120.31,129.83,134.36,134.36,134.66,134.74,134.30,133.88,133.88,134.21,133.97,131.55,131.57,130.93,130.63,130.07,129.93,131.89,132.28,132.25,130.73,130.83,130.83,130.81,130.69,130.10,130.06,130.12,130.21,130.51,130.43,130.88,130.83,130.83,131.30,131.29,131.13,131.13,132.44,132.64,132.66,132.93,132.74,133.08,132.67,133.09,133.05,133.04,133.04,133.12,133.09,133.09,133.07,133.10,133.49,133.46,133.43,134.66,134.64,135.16,135.08,135.67,135.75,137.81,137.83,137.76,137.29,137.20,136.94,137.38,137.35,138.00,138.81,138.85,139.98,139.78,139.97,139.91,140.29,139.92,138.98,140.64,140.49,141.26,142.35,142.33,142.22,142.36,143.50,143.93,143.43,143.52,142.86,143.96,146.57,147.67,151.27,151.69,151.58,151.71,152.42,152.34,153.76,153.68,154.38,154.31,154.09,154.05,157.47,157.53,159.86,161.28,161.65,161.05,162.06,163.56,161.62,161.89,162.05,162.03,162.61,162.21,161.06
Grupo,0.004615301,021,Bebidas alcohólicas,105.79,105.79,106.06,106.62,107.76,108.33,108.62,109.43,109.43,109.43,109.43,111.49,112.21,112.75,112.75,112.96,127.21,128.55,128.55,129.11,129.25,128.45,127.67,127.66,126.79,125.59,120.81,120.84,119.70,119.76,118.73,117.36,117.51,118.21,118.14,118.06,117.50,117.50,117.45,117.22,116.13,116.07,116.18,116.34,116.89,116.74,117.58,117.49,117.49,117.43,117.48,117.19,117.19,119.61,119.98,120.03,120.52,119.42,120.04,120.04,121.18,121.11,121.10,121.10,121.23,121.19,121.19,121.14,121.19,121.93,121.87,121.82,124.08,124.05,125.01,124.86,125.95,126.09,129.92,129.94,129.82,128.94,128.78,128.30,129.11,129.06,130.26,131.77,131.83,133.93,133.55,133.90,133.79,134.49,133.81,132.07,132.85,132.60,132.85,134.82,134.82,134.63,134.87,137.00,137.79,136.14,135.70,134.49,135.46,139.55,141.73,144.33,145.10,144.86,145.10,146.74,146.59,146.55,147.60,147.80,147.68,147.28,147.20,153.52,153.45,157.76,159.36,159.54,158.44,159.11,161.33,158.29,158.80,159.08,159.01,160.08,159.34,157.22
Clase,0.000845236,0211,Bebidas destiladas (ND),105.00,105.00,105.81,107.48,110.87,112.59,113.44,115.86,115.86,115.86,115.86,115.86,115.86,115.33,115.33,115.98,119.21,121.16,121.16,122.83,123.25,120.84,118.53,118.49,115.90,112.32,98.07,98.16,94.77,93.17,90.09,85.99,86.45,86.45,86.26,86.03,86.07,86.07,85.92,85.26,82.00,81.81,82.14,82.62,82.53,82.08,82.84,82.58,82.59,82.40,82.56,81.67,81.67,81.09,82.19,82.33,83.80,80.52,82.37,82.37,82.58,82.36,82.33,82.33,82.74,82.59,82.60,82.44,82.61,80.96,80.79,80.63,82.51,82.44,82.94,82.47,81.74,79.13,81.91,81.98,81.62,79.01,78.53,77.09,79.50,79.35,80.33,78.70,78.89,80.12,79.00,80.03,79.70,81.79,79.75,80.77,83.10,82.35,83.11,82.22,82.22,81.65,82.37,82.37,82.19,83.65,82.35,82.20,82.49,82.24,81.86,83.40,84.01,83.30,84.01,83.97,83.49,83.40,83.73,84.32,83.97,82.76,82.83,82.64,82.43,81.64,81.39,81.93,81.13,81.03,80.67,78.56,80.09,80.94,80.72,81.06,79.99,79.99
Subclase,0.000845236,02111,Bebidas destiladas,105.00,105.00,105.81,107.48,110.87,112.59,113.44,115.86,115.86,115.86,115.86,115.86,115.86,115.33,115.33,115.98,119.21,121.16,121.16,122.83,123.25,120.84,118.53,118.49,115.90,112.32,98.07,98.16,94.77,93.17,90.09,85.99,86.45,86.45,86.26,86.03,86.07,86.07,85.92,85.26,82.00,81.81,82.14,82.62,82.53,82.08,82.84,82.58,82.59,82.40,82.56,81.67,81.67,81.09,82.19,82.33,83.80,80.52,82.37,82.37,82.58,82.36,82.33,82.33,82.74,82.59,82.60,82.44,82.61,80.96,80.79,80.63,82.51,82.44,82.94,82.47,81.74,79.13,81.91,81.98,81.62,79.01,78.53,77.09,79.50,79.35,80.33,78.70,78.89,80.12,79.00,80.03,79.70,81.79,79.75,80.77,83.10,82.35,83.11,82.22,82.22,81.65,82.37,82.37,82.19,83.65,82.35,82.20,82.49,82.24,81.86,83.40,84.01,83.30,84.01,83.97,83.49,83.40,83.73,84.32,83.97,82.76,82.83,82.64,82.43,81.64,81.39,81.93,81.13,81.03,80.67,78.56,80.09,80.94,80.72,81.06,79.99,79.99
Producto,0.000432603,02111116,AGUARDIENTE DE CAÑA,108.97,108.97,108.97,108.97,112.10,112.10,112.10,112.10,112.10,112.10,112.10,112.10,112.10,112.10,112.10,112.10,112.10,113.75,113.75,113.75,114.48,114.48,114.48,114.48,113.33,113.33,113.33,113.41,113.78,112.75,112.07,111.48,112.07,112.07,112.07,112.07,112.07,112.07,111.82,111.82,111.82,111.82,111.10,111.87,111.87,111.10,111.87,111.87,111.87,111.87,111.87,110.71,110.71,110.71,111.48,111.72,111.72,108.63,112.27,112.27,112.41,112.41,112.41,112.41,112.36,112.36,112.36,112.36,112.36,109.49,109.49,109.49,112.36,112.36,112.99,112.04,111.03,106.89,110.47,111.03,109.88,105.60,104.76,103.12,105.38,104.84,106.75,102.92,102.92,106.07,103.85,104.78,104.22,106.07,103.28,105.92,108.19,108.19,108.21,106.66,106.66,106.66,106.66,106.66,106.66,108.42,108.40,108.40,108.13,108.40,107.62,109.44,109.92,109.92,109.92,109.92,110.31,110.31,110.31,110.50,110.31,108.50,108.50,108.50,108.50,106.62,106.62,106.62,106.62,107.16,106.70,103.80,106.70,105.44,106.13,106.13,105.14,105.14
Producto,0.000412633,02111117,WHISKY,99.59,99.59,101.51,105.46,109.21,113.27,115.26,120.98,120.98,120.98,120.98,120.98,120.98,119.73,119.73,121.27,128.91,131.27,131.27,135.21,135.21,129.51,124.05,123.95,119.41,110.94,77.28,77.39,68.86,66.48,60.13,51.27,51.54,51.54,51.09,50.54,50.63,50.63,50.63,49.06,41.36,40.92,42.70,42.76,42.56,42.54,43.30,42.68,42.70,42.26,42.63,42.10,42.10,40.72,42.28,42.28,45.76,42.22,41.64,41.64,41.94,41.41,41.34,41.34,42.37,42.03,42.05,41.68,42.07,42.07,41.67,41.31,41.84,41.67,42.00,42.17,41.83,41.30,43.00,42.40,43.12,42.79,42.79,41.62,44.23,44.61,44.32,45.70,46.16,44.77,45.13,46.30,46.30,48.70,47.68,46.50,48.91,47.14,48.91,48.91,48.91,47.56,49.26,49.26,48.84,49.89,46.86,46.51,47.54,46.60,46.77,47.91,48.71,47.03,48.71,48.61,46.95,46.73,47.50,48.65,48.07,47.69,47.86,47.40,46.91,47.61,47.01,48.30,46.40,45.41,45.21,44.16,43.82,47.54,46.09,46.89,45.71,45.71
Clase,0.003770064,0213,Cerveza (ND),106.19,106.19,106.19,106.19,106.19,106.19,106.19,106.19,106.19,106.19,106.19,109.29,110.36,111.44,111.44,111.44,131.25,132.29,132.29,132.29,132.29,132.29,132.29,132.29,132.29,132.29,132.29,132.29,132.29,133.19,133.19,133.19,133.19,134.23,134.23,134.23,133.36,133.36,133.36,133.36,133.36,133.36,133.36,133.36,134.23,134.23,135.11,135.11,135.11,135.11,135.11,135.11,135.11,139.06,139.06,139.06,139.06,139.06,139.06,139.06,140.67,140.67,140.67,140.67,140.67,140.67,140.67,140.67,140.67,142.61,142.61,142.61,145.06,145.06,146.25,146.25,148.27,149.80,154.15,154.15,154.15,154.15,154.15,154.15,154.15,154.15,155.47,158.55,158.55,161.09,161.09,161.09,161.09,161.09,161.09,157.96,157.96,157.96,157.96,161.38,161.38,161.38,161.38,164.58,165.86,162.63,162.63,160.88,162.20,168.48,171.95,175.08,175.94,175.94,175.94,178.43,178.43,178.43,179.84,179.84,179.84,179.84,179.70,189.29,189.29,196.18,198.71,198.71,197.47,198.53,202.05,198.53,198.53,198.53,198.53,199.97,199.40,196.20
Subclase,0.003770064,02131,Cerveza,106.19,106.19,106.19,106.19,106.19,106.19,106.19,106.19,106.19,106.19,106.19,109.29,110.36,111.44,111.44,111.44,131.25,132.29,132.29,132.29,132.29,132.29,132.29,132.29,132.29,132.29,132.29,132.29,132.29,133.19,133.19,133.19,133.19,134.23,134.23,134.23,133.36,133.36,133.36,133.36,133.36,133.36,133.36,133.36,134.23,134.23,135.11,135.11,135.11,135.11,135.11,135.11,135.11,139.06,139.06,139.06,139.06,139.06,139.06,139.06,140.67,140.67,140.67,140.67,140.67,140.67,140.67,140.67,140.67,142.61,142.61,142.61,145.06,145.06,146.25,146.25,148.27,149.80,154.15,154.15,154.15,154.15,154.15,154.15,154.15,154.15,155.47,158.55,158.55,161.09,161.09,161.09,161.09,161.09,161.09,157.96,157.96,157.96,157.96,161.38,161.38,161.38,161.38,164.58,165.86,162.63,162.63,160.88,162.20,168.48,171.95,175.08,175.94,175.94,175.94,178.43,178.43,178.43,179.84,179.84,179.84,179.84,179.70,189.29,189.29,196.18,198.71,198.71,197.47,198.53,202.05,198.53,198.53,198.53,198.53,199.97,199.40,196.20
Producto,0.003770064,02131118,CERVEZA ENVASADA,106.19,106.19,106.19,106.19,106.19,106.19,106.19,106.19,106.19,106.19,106.19,109.29,110.36,111.44,111.44,111.44,131.25,132.29,132.29,132.29,132.29,132.29,132.29,132.29,132.29,132.29,132.29,132.29,132.29,133.19,133.19,133.19,133.19,134.23,134.23,134.23,133.36,133.36,133.36,133.36,133.36,133.36,133.36,133.36,134.23,134.23,135.11,135.11,135.11,135.11,135.11,135.11,135.11,139.06,139.06,139.06,139.06,139.06,139.06,139.06,140.67,140.67,140.67,140.67,140.67,140.67,140.67,140.67,140.67,142.61,142.61,142.61,145.06,145.06,146.25,146.25,148.27,149.80,154.15,154.15,154.15,154.15,154.15,154.15,154.15,154.15,155.47,158.55,158.55,161.09,161.09,161.09,161.09,161.09,161.09,157.96,157.96,157.96,157.96,161.38,161.38,161.38,161.38,164.58,165.86,162.63,162.63,160.88,162.20,168.48,171.95,175.08,175.94,175.94,175.94,178.43,178.43,178.43,179.84,179.84,179.84,179.84,179.70,189.29,189.29,196.18,198.71,198.71,197.47,198.53,202.05,198.53,198.53,198.53,198.53,199.97,199.40,196.20
Grupo,0.001941565,022,Tabaco,100.36,112.71,117.85,117.85,117.85,124.84,124.84,124.84,124.84,124.84,124.84,124.84,124.84,128.96,128.96,128.96,132.91,141.20,141.20,141.20,141.20,141.20,141.20,141.20,142.95,143.84,144.20,144.20,144.15,143.43,143.43,144.73,148.82,148.86,148.86,145.64,146.54,146.54,146.54,146.54,146.54,146.54,146.54,146.54,146.54,146.54,146.54,146.54,146.54,147.63,147.54,147.54,147.54,147.54,147.54,147.54,147.54,148.42,148.42,147.54,147.11,147.11,147.11,147.11,147.11,147.11,147.11,147.11,147.11,147.11,147.11,147.11,147.11,147.11,147.11,147.11,147.11,147.11,147.11,147.11,147.11,147.11,147.11,147.11,147.11,147.11,147.11,147.11,147.11,147.11,147.11,147.11,147.11,147.11,147.11,147.11,149.82,149.78,151.16,151.21,151.16,151.16,151.16,151.16,151.16,152.03,152.72,152.72,153.96,154.84,154.67,159.44,159.44,159.49,159.49,159.11,159.11,162.25,160.84,162.12,162.12,162.12,162.12,162.12,162.34,162.34,163.54,164.13,164.13,165.54,166.18,165.54,165.54,165.54,165.58,165.58,165.58,165.58
Clase,0.001941565,0221,Tabaco (ND),100.36,112.71,117.85,117.85,117.85,124.84,124.84,124.84,124.84,124.84,124.84,124.84,124.84,128.96,128.96,128.96,132.91,141.20,141.20,141.20,141.20,141.20,141.20,141.20,142.95,143.84,144.20,144.20,144.15,143.43,143.43,144.73,148.82,148.86,148.86,145.64,146.54,146.54,146.54,146.54,146.54,146.54,146.54,146.54,146.54,146.54,146.54,146.54,146.54,147.63,147.54,147.54,147.54,147.54,147.54,147.54,147.54,148.42,148.42,147.54,147.11,147.11,147.11,147.11,147.11,147.11,147.11,147.11,147.11,147.11,147.11,147.11,147.11,147.11,147.11,147.11,147.11,147.11,147.11,147.11,147.11,147.11,147.11,147.11,147.11,147.11,147.11,147.11,147.11,147.11,147.11,147.11,147.11,147.11,147.11,147.11,149.82,149.78,151.16,151.21,151.16,151.16,151.16,151.16,151.16,152.03,152.72,152.72,153.96,154.84,154.67,159.44,159.44,159.49,159.49,159.11,159.11,162.25,160.84,162.12,162.12,162.12,162.12,162.12,162.34,162.34,163.54,164.13,164.13,165.54,166.18,165.54,165.54,165.54,165.58,165.58,165.58,165.58
Subclase,0.001941565,02211,Tabaco,100.36,112.71,117.85,117.85,117.85,124.84,124.84,124.84,124.84,124.84,124.84,124.84,124.84,128.96,128.96,128.96,132.91,141.20,141.20,141.20,141.20,141.20,141.20,141.20,142.95,143.84,144.20,144.20,144.15,143.43,143.43,144.73,148.82,148.86,148.86,145.64,146.54,146.54,146.54,146.54,146.54,146.54,146.54,146.54,146.54,146.54,146.54,146.54,146.54,147.63,147.54,147.54,147.54,147.54,147.54,147.54,147.54,148.42,148.42,147.54,147.11,147.11,147.11,147.11,147.11,147.11,147.11,147.11,147.11,147.11,147.11,147.11,147.11,147.11,147.11,147.11,147.11,147.11,147.11,147.11,147.11,147.11,147.11,147.11,147.11,147.11,147.11,147.11,147.11,147.11,147.11,147.11,147.11,147.11,147.11,147.11,149.82,149.78,151.16,151.21,151.16,151.16,151.16,151.16,151.16,152.03,152.72,152.72,153.96,154.84,154.67,159.44,159.44,159.49,159.49,159.11,159.11,162.25,160.84,162.12,162.12,162.12,162.12,162.12,162.34,162.34,163.54,164.13,164.13,165.54,166.18,165.54,165.54,165.54,165.58,165.58,165.58,165.58
Producto,0.001941565,02211119,CIGARRILLOS,100.36,112.71,117.85,117.85,117.85,124.84,124.84,124.84,124.84,124.84,124.84,124.84,124.84,128.96,128.96,128.96,132.91,141.20,141.20,141.20,141.20,141.20,141.20,141.20,142.95,143.84,144.20,144.20,144.15,143.43,143.43,144.73,148.82,148.86,148.86,145.64,146.54,146.54,146.54,146.54,146.54,146.54,146.54,146.54,146.54,146.54,146.54,146.54,146.54,147.63,147.54,147.54,147.54,147.54,147.54,147.54,147.54,148.42,148.42,147.54,147.11,147.11,147.11,147.11,147.11,147.11,147.11,147.11,147.11,147.11,147.11,147.11,147.11,147.11,147.11,147.11,147.11,147.11,147.11,147.11,147.11,147.11,147.11,147.11,147.11,147.11,147.11,147.11,147.11,147.11,147.11,147.11,147.11,147.11,147.11,147.11,149.82,149.78,151.16,151.21,151.16,151.16,151.16,151.16,151.16,152.03,152.72,152.72,153.96,154.84,154.67,159.44,159.44,159.49,159.49,159.11,159.11,162.25,160.84,162.12,162.12,162.12,162.12,162.12,162.34,162.34,163.54,164.13,164.13,165.54,166.18,165.54,165.54,165.54,165.58,165.58,165.58,165.58
División,0.076937341,03,Prendas de vestir y calzado,98.29,98.31,98.37,97.32,97.56,97.63,97.01,97.23,96.73,96.57,96.40,96.48,96.60,96.72,96.84,96.80,96.43,96.76,95.91,95.26,96.08,96.28,96.04,94.71,94.43,94.66,94.92,95.14,94.63,93.26,92.94,92.10,91.90,91.22,91.20,90.51,90.33,89.78,89.55,89.42,89.56,88.99,89.09,88.83,88.59,88.51,87.41,88.24,87.90,87.98,87.50,87.30,87.34,87.04,87.24,86.95,86.62,86.46,86.71,86.69,86.75,86.60,86.60,86.60,86.59,86.59,86.41,85.93,85.93,85.73,85.22,84.58,84.93,84.82,84.80,84.61,83.95,84.42,83.63,84.18,84.35,84.74,84.11,84.34,84.14,83.74,82.53,83.00,82.47,83.09,82.85,82.45,82.87,82.60,82.46,82.32,82.34,82.39,82.07,82.50,81.70,81.87,81.96,82.20,82.32,82.44,81.41,82.35,82.35,82.08,82.23,83.04,82.53,82.00,82.49,82.40,82.65,82.58,82.11,82.07,82.08,81.84,81.76,81.16,81.58,81.23,80.47,80.78,80.73,80.73,80.72,80.80,80.91,80.95,80.89,80.54,80.69,80.69
Grupo,0.053402171,031,Prendas de vestir,98.17,98.13,98.45,98.39,98.49,98.50,97.49,97.66,97.01,96.84,96.65,96.77,96.83,96.99,97.23,97.14,96.60,97.33,96.91,96.02,97.18,97.45,97.36,95.94,95.50,95.78,96.04,96.10,95.31,94.53,94.52,93.25,93.14,92.59,92.53,91.83,91.59,91.12,90.82,90.66,90.64,90.33,90.28,90.36,90.52,90.35,89.30,89.52,89.11,89.15,89.15,88.93,89.00,88.78,89.00,88.79,88.50,88.54,88.90,89.40,89.53,89.40,89.40,89.40,89.38,89.38,89.38,89.04,89.04,88.74,88.71,87.76,88.40,88.06,88.11,88.01,86.99,87.82,87.14,87.91,88.09,88.72,87.77,88.12,87.68,88.03,86.70,87.49,86.51,87.38,87.04,86.43,87.16,86.98,86.73,86.67,86.88,87.01,87.15,87.26,87.17,87.12,87.12,87.09,87.24,87.45,86.26,87.45,87.33,87.04,87.10,87.76,87.28,86.33,86.96,86.79,87.14,86.95,86.69,86.56,86.61,86.66,86.33,85.87,86.42,86.08,85.44,85.77,85.76,85.80,85.78,85.80,85.93,85.98,85.85,85.29,85.59,85.41
Clase,0.000806271,0311,Materiales para prendas de vestir (SD),98.19,98.19,98.19,98.19,98.99,98.99,98.99,98.99,99.92,99.92,100.88,100.88,100.88,100.88,100.88,100.88,100.88,101.61,101.70,101.74,101.87,101.87,101.87,101.87,101.87,102.19,102.33,102.71,102.90,102.14,102.14,102.14,102.02,101.86,101.86,101.86,101.86,101.54,101.60,101.60,102.51,102.51,102.81,103.04,103.04,103.12,103.12,103.12,103.12,103.23,103.12,103.12,103.04,103.07,103.07,103.07,103.07,103.07,103.07,104.00,104.00,104.76,104.76,104.76,104.76,104.76,104.76,104.76,104.76,104.76,104.76,104.76,104.76,106.55,106.55,106.55,106.55,106.15,105.68,105.41,105.41,106.23,106.93,106.93,107.43,106.94,106.94,109.75,109.93,110.02,110.90,111.76,112.95,112.87,112.87,112.87,113.04,114.25,114.47,114.47,114.47,114.47,114.47,114.47,114.58,114.58,114.58,114.58,114.58,114.58,114.79,116.15,117.78,117.78,117.78,117.82,118.10,118.37,118.37,118.37,122.02,122.73,122.73,122.73,122.73,122.73,122.73,122.73,122.73,122.73,122.73,122.73,120.29,121.35,121.35,121.35,120.77,121.38
Subclase,0.000806271,03111,"Materiales para prendas de vestir (telas, tejidos)",98.19,98.19,98.19,98.19,98.99,98.99,98.99,98.99,99.92,99.92,100.88,100.88,100.88,100.88,100.88,100.88,100.88,101.61,101.70,101.74,101.87,101.87,101.87,101.87,101.87,102.19,102.33,102.71,102.90,102.14,102.14,102.14,102.02,101.86,101.86,101.86,101.86,101.54,101.60,101.60,102.51,102.51,102.81,103.04,103.04,103.12,103.12,103.12,103.12,103.23,103.12,103.12,103.04,103.07,103.07,103.07,103.07,103.07,103.07,104.00,104.00,104.76,104.76,104.76,104.76,104.76,104.76,104.76,104.76,104.76,104.76,104.76,104.76,106.55,106.55,106.55,106.55,106.15,105.68,105.41,105.41,106.23,106.93,106.93,107.43,106.94,106.94,109.75,109.93,110.02,110.90,111.76,112.95,112.87,112.87,112.87,113.04,114.25,114.47,114.47,114.47,114.47,114.47,114.47,114.58,114.58,114.58,114.58,114.58,114.58,114.79,116.15,117.78,117.78,117.78,117.82,118.10,118.37,118.37,118.37,122.02,122.73,122.73,122.73,122.73,122.73,122.73,122.73,122.73,122.73,122.73,122.73,120.29,121.35,121.35,121.35,120.77,121.38
Producto,0.000806271,03111120,TELAS PARA CONFECCIÓN,98.19,98.19,98.19,98.19,98.99,98.99,98.99,98.99,99.92,99.92,100.88,100.88,100.88,100.88,100.88,100.88,100.88,101.61,101.70,101.74,101.87,101.87,101.87,101.87,101.87,102.19,102.33,102.71,102.90,102.14,102.14,102.14,102.02,101.86,101.86,101.86,101.86,101.54,101.60,101.60,102.51,102.51,102.81,103.04,103.04,103.12,103.12,103.12,103.12,103.23,103.12,103.12,103.04,103.07,103.07,103.07,103.07,103.07,103.07,104.00,104.00,104.76,104.76,104.76,104.76,104.76,104.76,104.76,104.76,104.76,104.76,104.76,104.76,106.55,106.55,106.55,106.55,106.15,105.68,105.41,105.41,106.23,106.93,106.93,107.43,106.94,106.94,109.75,109.93,110.02,110.90,111.76,112.95,112.87,112.87,112.87,113.04,114.25,114.47,114.47,114.47,114.47,114.47,114.47,114.58,114.58,114.58,114.58,114.58,114.58,114.79,116.15,117.78,117.78,117.78,117.82,118.10,118.37,118.37,118.37,122.02,122.73,122.73,122.73,122.73,122.73,122.73,122.73,122.73,122.73,122.73,122.73,120.29,121.35,121.35,121.35,120.77,121.38
Clase,0.049857457,0312,Prendas de vestir (SD),97.84,97.72,98.04,98.01,98.14,98.14,97.00,97.12,96.38,96.18,95.92,96.01,96.07,96.23,96.44,96.34,95.74,96.46,96.01,95.04,96.30,96.40,96.30,94.94,94.45,94.77,95.03,95.02,94.14,93.21,93.10,91.61,91.53,90.97,90.92,90.17,89.89,89.39,89.08,88.90,88.88,88.53,88.47,88.55,88.72,88.53,87.45,87.84,87.35,87.49,87.49,87.25,87.34,87.15,87.37,86.96,86.64,86.68,87.07,87.60,87.72,87.55,87.54,87.55,87.54,87.54,87.54,87.20,87.20,86.93,86.92,86.00,86.70,86.42,86.51,86.40,85.30,86.24,85.55,86.37,86.58,87.27,86.18,86.54,86.02,86.39,84.87,85.57,84.53,85.38,84.96,84.20,85.05,84.80,84.51,84.49,84.69,84.77,84.85,84.96,84.84,84.73,84.73,84.66,84.74,85.00,83.70,85.00,84.87,84.48,84.55,85.07,84.50,83.39,84.08,83.90,84.26,84.04,83.80,83.65,83.68,83.71,83.34,82.84,83.41,83.05,82.34,82.63,82.56,82.60,82.59,82.60,82.78,82.76,82.52,81.86,82.20,81.92
Subclase,0.017546651,03121,Prendas de vestir de hombres de 13 años y más,97.71,97.97,98.21,98.21,98.21,96.96,95.56,97.19,95.46,94.75,94.75,94.75,94.95,95.39,95.89,95.89,95.54,97.00,94.81,92.97,94.76,95.01,95.09,92.60,93.01,93.02,93.02,92.61,92.22,91.45,91.83,90.81,90.29,89.94,90.04,88.27,88.31,87.16,87.47,87.74,87.66,87.76,87.79,87.79,87.74,87.74,86.23,86.76,86.79,86.70,86.62,85.79,85.96,85.97,85.97,85.53,85.16,85.26,85.58,85.77,85.86,85.86,85.86,85.86,85.86,85.86,85.86,85.43,85.43,85.09,84.11,83.38,84.14,83.74,83.86,83.70,82.71,83.86,83.87,84.43,84.19,86.00,85.20,85.57,83.03,83.59,81.77,83.30,82.28,83.78,83.00,82.10,83.17,82.73,83.31,83.06,83.06,83.13,83.75,83.75,83.75,83.92,83.08,82.70,82.31,82.89,82.12,83.02,83.12,82.10,82.50,83.54,82.77,81.84,82.87,82.91,83.04,82.90,82.78,83.08,83.33,83.32,83.29,82.62,83.39,83.07,82.05,81.65,81.89,81.92,81.86,81.93,81.63,81.72,81.62,81.24,81.10,80.69
Producto,0.000998623,03121121,TERNO PARA HOMBRE ,102.87,102.87,102.87,102.87,102.87,102.87,101.70,101.70,101.70,101.70,101.70,101.70,103.36,103.36,103.36,103.36,103.36,107.73,107.73,107.73,107.73,107.73,106.76,106.02,106.76,106.76,106.76,104.90,104.90,104.29,104.66,105.03,105.03,105.03,105.03,105.03,105.03,102.84,101.05,102.84,102.84,101.05,101.05,101.05,101.05,101.05,99.08,101.05,101.05,101.66,101.05,101.05,101.05,101.05,101.05,101.05,101.05,101.05,101.05,101.05,101.05,101.05,101.05,101.05,101.05,101.05,101.05,98.82,98.82,98.82,98.82,96.90,99.08,99.08,100.09,100.09,100.09,100.10,100.10,100.10,100.20,100.20,100.20,100.20,101.16,101.16,102.78,103.50,103.50,106.88,106.99,106.99,106.99,101.90,106.99,106.99,106.99,106.99,106.99,106.99,106.99,106.99,106.99,106.99,106.99,107.91,107.91,107.91,107.91,103.50,105.33,108.39,108.88,108.88,109.77,109.77,109.77,109.77,110.79,110.79,110.79,110.79,110.79,110.79,110.79,110.79,110.79,110.79,110.79,110.79,110.79,110.79,110.79,112.99,112.99,112.99,112.99,112.99
Producto,0.001704297,03121122,CHOMPA PARA HOMBRE,91.31,89.97,89.97,89.97,89.97,89.97,83.94,83.94,85.84,85.84,85.84,85.84,85.84,85.84,85.84,85.84,85.84,86.76,84.82,87.03,87.03,87.03,87.03,83.95,83.95,83.95,83.95,83.95,83.95,82.54,82.72,82.72,82.72,82.58,82.58,79.00,79.00,79.00,79.00,79.00,79.00,78.05,78.19,78.19,77.94,77.94,71.58,75.02,75.13,75.13,75.13,75.13,75.13,75.21,75.21,73.01,73.01,73.51,73.51,73.51,73.51,73.51,73.51,73.51,73.51,73.51,73.51,71.36,71.36,72.63,67.79,67.79,67.79,67.79,67.79,67.79,67.79,67.79,67.79,70.60,70.60,70.60,69.65,69.65,66.18,66.18,66.18,69.06,69.06,69.33,63.79,63.79,64.61,66.08,65.50,66.08,66.08,66.43,66.22,66.22,66.22,66.22,66.22,64.12,63.27,63.27,63.27,63.27,64.14,64.14,64.14,64.92,63.02,62.76,62.76,62.81,62.81,62.82,62.82,62.82,62.82,62.82,63.01,62.66,62.66,62.66,63.11,63.11,62.95,63.11,63.11,63.11,59.27,59.27,59.27,59.27,59.27,59.51
Producto,0.006026933,03121123,PANTALÓN PARA HOMBRE,95.44,92.89,93.48,93.48,93.48,89.36,89.19,92.76,92.76,90.43,90.43,90.43,90.43,90.43,90.43,90.43,90.43,91.62,89.22,82.56,88.49,88.49,88.49,88.49,88.49,88.49,88.50,87.86,87.86,87.16,87.44,87.91,86.48,86.48,86.82,84.07,84.07,83.34,83.34,83.34,83.06,83.95,83.95,83.95,83.95,83.95,83.95,83.64,83.66,83.10,83.10,81.72,82.27,82.27,82.27,82.27,81.03,81.03,82.27,82.22,82.53,82.53,82.53,82.53,82.53,82.53,82.53,83.38,83.38,81.40,81.39,79.70,81.39,81.39,81.39,81.39,78.68,82.49,82.49,82.49,81.67,84.04,82.49,82.74,80.29,82.74,83.41,84.21,82.90,83.49,84.04,81.53,80.62,80.62,80.62,80.62,80.62,80.62,81.96,81.96,81.96,81.96,81.96,81.96,81.96,81.96,82.14,82.38,82.38,80.70,81.34,82.82,81.90,78.63,81.69,81.69,81.69,80.97,80.01,80.57,81.39,81.36,81.14,79.16,81.70,80.64,76.47,75.48,75.48,75.48,75.48,75.48,76.22,76.22,75.64,73.49,73.03,72.23
Producto,0.002695596,03121124,CAMISA PARA HOMBRE,92.44,103.04,103.04,103.04,103.04,103.04,103.04,103.04,90.91,90.91,90.91,90.91,90.91,94.49,94.49,94.49,91.62,92.60,88.55,92.27,92.27,94.32,94.34,85.55,82.43,80.62,80.62,80.62,79.05,78.36,80.42,80.18,80.18,80.18,80.18,83.55,83.55,83.55,83.55,83.55,83.55,85.43,85.43,85.43,85.43,85.43,85.43,85.43,85.43,85.43,85.43,85.43,85.43,85.43,85.43,85.43,85.43,85.43,85.43,85.43,85.43,85.43,85.43,85.43,85.43,85.43,85.43,85.43,85.43,85.43,85.43,85.43,85.43,83.38,83.38,83.38,81.99,81.99,82.01,82.01,82.01,81.84,81.84,81.84,81.84,81.84,80.79,74.20,74.20,74.20,75.17,75.17,76.44,76.44,76.44,76.44,76.44,76.44,77.09,77.09,77.09,77.09,73.99,74.90,74.90,76.21,76.21,76.21,76.21,76.21,76.21,76.89,78.80,78.80,78.80,78.98,78.98,78.98,78.98,80.03,80.03,80.03,80.03,80.03,80.03,80.03,80.03,80.03,80.03,80.03,79.53,80.11,82.14,80.82,80.82,83.01,83.01,83.01
Producto,0.00326054,03121125,CAMISETA PARA HOMBRE,104.46,104.46,104.46,104.46,104.46,104.46,104.46,108.64,103.17,103.17,103.17,103.17,103.17,103.17,107.02,107.02,107.02,107.78,103.45,107.78,107.78,107.78,107.78,102.46,106.93,106.95,106.95,106.95,106.95,107.21,106.89,97.83,97.18,97.18,97.18,92.35,91.11,86.01,90.02,90.02,90.02,90.02,90.02,90.02,90.02,90.02,90.02,87.81,87.81,87.81,87.81,84.66,84.66,84.66,84.66,84.66,84.66,84.66,84.66,84.66,84.66,84.66,84.66,84.66,84.66,84.66,84.66,84.66,84.66,84.66,84.66,84.66,84.66,83.58,83.58,83.58,83.58,83.58,83.58,83.58,83.58,89.91,89.91,89.91,81.97,79.08,70.46,79.36,74.78,80.31,81.35,81.35,81.35,81.35,82.80,78.38,78.38,78.38,79.71,79.71,79.71,79.71,76.28,75.75,74.08,75.55,75.55,75.55,74.91,74.91,74.91,76.59,76.59,76.59,76.59,76.63,77.56,77.61,78.02,78.02,78.02,78.02,78.02,78.02,78.02,78.02,78.02,78.02,78.02,78.02,78.02,78.02,78.02,78.02,78.02,78.02,78.02,78.02
Producto,0.000942582,03121126,MEDIAS PARA HOMBRE,101.50,101.50,102.61,102.61,102.61,102.61,102.61,102.61,104.59,104.59,104.59,104.59,104.59,104.59,104.59,104.59,104.59,106.43,106.43,101.85,101.85,101.85,105.33,105.33,107.56,111.96,111.96,111.96,108.24,106.99,106.99,106.91,106.91,100.89,100.89,100.89,100.89,100.89,100.89,102.05,102.08,102.08,102.08,102.08,102.08,102.08,102.08,102.08,102.11,102.11,102.11,102.11,102.11,102.11,102.11,102.11,102.11,102.11,100.55,102.11,102.11,102.11,102.11,102.11,102.11,102.11,102.11,102.11,102.11,102.11,102.11,102.11,102.08,102.08,102.08,102.08,102.08,102.08,102.11,102.11,102.11,102.11,99.74,101.54,101.50,102.09,104.42,104.86,104.42,107.23,105.32,105.32,106.83,106.60,105.00,106.60,106.60,106.60,106.60,106.60,106.60,109.89,109.89,109.89,109.89,109.89,109.89,109.89,109.99,109.99,109.99,112.03,112.00,114.04,114.04,114.22,114.22,114.22,114.22,114.22,114.22,114.22,114.22,114.22,114.22,114.22,114.22,114.22,114.22,114.22,114.22,114.22,114.22,114.22,114.22,114.22,114.22,110.04
Producto,0.001918079,03121127,ROPA INTERIOR PARA HOMBRE,110.64,110.64,110.64,110.64,110.64,110.64,110.64,110.64,110.64,110.64,110.64,110.64,110.64,110.64,110.64,110.64,110.64,111.82,111.82,97.01,97.01,97.01,97.03,97.03,97.03,97.03,97.03,97.03,97.03,95.83,95.83,96.12,96.12,96.12,96.12,96.12,98.94,98.94,98.85,98.85,98.85,98.85,98.85,98.85,98.85,98.85,98.85,98.85,98.85,98.85,98.85,98.85,98.85,98.85,98.85,98.85,98.85,98.85,99.24,101.00,101.00,101.00,101.00,101.00,101.00,101.00,101.00,101.00,101.00,101.00,101.00,101.00,101.00,101.00,101.00,98.78,98.78,98.78,98.78,98.78,98.78,102.52,102.38,105.19,102.88,105.19,90.31,93.73,93.73,93.73,93.73,91.78,104.83,103.00,103.00,104.83,104.83,104.83,104.83,104.83,104.83,104.83,104.83,104.83,104.83,106.51,94.91,106.51,106.51,106.51,106.51,101.81,96.26,96.26,96.26,96.26,96.26,97.24,97.24,97.24,97.24,97.24,97.24,97.24,97.24,97.24,99.43,98.00,101.72,101.72,101.72,101.72,101.72,101.72,102.70,102.70,102.75,102.75
Subclase,0.018955861,03122,Prendas de vestir de mujeres de 13 años y más,97.80,97.15,97.69,97.42,97.79,98.59,97.25,96.06,96.12,96.27,96.17,96.56,96.59,96.56,96.62,96.48,95.18,95.47,96.51,96.00,97.42,97.42,97.25,95.98,94.19,95.09,95.76,96.15,94.92,93.66,93.10,90.39,91.12,90.57,90.68,90.43,89.57,89.62,88.21,88.05,87.67,86.60,86.38,86.32,86.62,86.15,84.93,85.19,85.23,84.58,84.60,84.91,84.99,84.56,85.01,84.52,83.90,83.90,84.83,85.56,85.81,85.77,85.76,85.76,85.76,85.76,85.73,85.24,85.24,84.89,85.77,83.96,85.01,84.67,84.79,84.68,82.73,84.15,82.96,84.33,85.07,85.38,83.76,84.05,84.54,85.05,82.90,83.28,82.28,83.15,83.39,82.47,82.78,82.72,82.56,82.76,82.81,82.79,82.53,82.95,82.83,82.35,83.29,83.39,83.50,83.67,82.14,83.47,83.27,83.24,83.05,83.69,83.70,81.60,82.52,82.07,82.57,82.09,81.54,81.06,81.05,81.09,80.10,79.41,80.18,79.42,78.45,79.74,79.75,79.88,79.85,79.66,80.41,80.33,79.81,78.41,79.57,79.18
Producto,0.001951006,03122128,TERNO Y VESTIDO PARA MUJER ,99.12,94.06,93.39,90.76,90.76,91.75,91.09,91.09,91.09,92.79,92.79,93.62,93.62,93.62,93.62,93.62,93.62,91.80,91.80,89.52,95.62,95.62,95.62,95.62,95.62,95.62,95.62,95.62,94.50,92.36,92.36,92.36,92.36,92.36,92.36,90.18,89.56,89.63,89.63,89.63,89.62,89.62,89.62,89.62,89.62,87.38,87.38,87.38,87.38,87.17,87.17,87.17,87.17,87.17,87.17,88.20,86.13,86.12,86.12,87.85,87.85,87.85,87.85,87.85,87.85,87.85,87.85,87.85,87.85,85.59,87.85,87.85,87.23,87.23,87.23,86.46,86.46,86.46,86.46,86.46,86.46,87.62,87.62,87.62,82.56,82.56,82.56,82.56,82.56,81.65,80.02,77.09,75.62,75.62,76.60,75.76,75.76,75.76,75.76,75.76,75.76,73.11,73.11,73.11,73.11,73.11,73.11,73.11,71.60,71.60,72.60,72.60,72.60,72.60,75.32,75.32,75.75,75.75,76.32,76.32,76.32,76.32,76.32,76.32,76.32,76.32,77.10,77.10,77.10,77.01,77.01,75.72,75.72,75.72,75.72,75.72,75.72,74.70
Producto,0.000731584,03122129,CHOMPA PARA MUJER,80.78,85.52,84.10,83.24,84.73,81.06,81.90,81.06,81.90,81.90,80.51,79.16,79.47,80.44,81.27,80.94,80.94,80.90,78.71,77.57,80.79,80.79,78.90,78.09,78.09,78.16,78.16,78.63,76.23,75.98,77.30,75.39,76.07,76.07,76.12,75.60,74.88,76.54,76.54,74.46,76.88,76.75,73.97,72.23,71.36,69.37,68.88,69.37,67.81,66.45,66.70,65.14,65.14,65.14,64.52,64.52,64.14,64.14,63.81,62.75,61.36,61.85,61.85,61.85,61.85,61.85,61.55,61.61,61.61,61.17,61.17,63.23,63.23,63.23,61.99,61.99,61.99,61.99,60.18,60.77,60.77,60.77,58.17,58.65,59.05,58.59,58.59,57.54,56.66,56.66,56.32,56.64,56.08,56.08,54.96,54.86,54.86,54.55,54.56,54.56,52.99,53.90,52.55,53.81,53.81,54.13,50.68,53.70,53.87,52.70,52.85,53.47,51.52,51.52,51.58,51.56,51.56,51.89,51.89,51.89,51.89,51.89,52.26,52.26,52.26,52.20,52.20,52.20,52.20,52.20,52.20,52.45,52.33,52.47,52.47,52.47,52.47,51.69
Producto,0.000322062,03122130,FALDA PARA MUJER,98.06,87.37,82.45,82.45,82.45,82.45,82.45,82.45,82.45,82.45,82.45,82.45,82.45,82.45,82.45,82.45,75.82,75.82,75.61,75.61,75.61,75.61,73.98,73.98,73.98,73.98,73.98,72.00,66.25,63.56,60.39,60.39,61.89,61.89,61.89,61.82,55.07,55.07,55.07,55.07,55.07,55.07,55.07,56.33,56.33,56.33,56.33,56.33,56.33,56.33,56.33,56.46,56.46,56.46,55.20,57.29,57.29,57.41,57.41,57.41,57.41,57.41,57.41,57.41,57.41,57.41,57.41,57.41,57.41,58.51,58.51,58.51,58.51,58.51,53.03,53.03,48.91,48.91,48.91,48.91,48.91,50.03,48.91,48.06,41.45,43.91,43.91,43.91,43.91,43.91,43.91,43.91,43.91,43.91,43.91,43.91,43.91,43.91,43.91,43.91,43.91,43.91,43.91,43.91,43.91,43.91,43.91,43.91,43.91,43.91,43.91,43.91,43.91,43.91,43.91,43.91,43.91,43.91,43.91,43.91,43.91,43.91,43.91,43.91,43.91,43.91,43.91,43.91,43.91,43.91,43.91,43.91,43.91,43.91,43.91,43.91,43.91,43.91
Producto,0.005355119,03122131,PANTALÓN Y LICRA PARA MUJER,96.41,95.73,96.74,96.74,96.74,99.16,94.55,90.85,90.85,90.85,90.85,90.85,90.85,90.85,90.85,90.85,86.75,87.82,91.14,91.14,91.29,91.29,91.29,90.57,88.01,88.01,88.01,88.26,85.97,85.04,82.98,75.42,75.75,74.34,74.34,74.34,73.87,73.39,73.20,73.20,72.88,69.37,69.04,69.26,69.26,69.26,66.24,65.42,68.01,68.01,68.01,67.61,67.93,68.33,68.55,68.55,67.85,67.85,68.96,68.93,69.15,69.15,69.11,69.11,69.11,69.11,69.11,68.93,68.93,68.93,68.93,65.21,66.13,64.99,65.37,65.37,63.92,65.09,65.13,65.51,65.94,66.66,64.69,65.56,65.06,65.79,63.91,64.57,64.21,64.81,65.53,65.34,65.69,65.69,65.60,66.04,66.12,66.12,66.19,66.58,66.59,66.59,67.09,67.09,67.09,67.09,67.22,67.22,67.23,67.23,67.23,67.91,68.07,66.09,67.83,66.38,67.83,67.43,66.99,65.44,65.44,65.44,64.60,63.76,64.86,63.77,62.81,63.81,63.69,64.28,64.13,64.13,64.75,63.98,63.56,62.06,63.06,62.59
Producto,0.005380973,03122132,BLUSA PARA MUJER,101.01,101.01,101.01,101.01,101.01,101.01,101.01,101.01,101.01,101.01,101.01,101.01,101.01,100.43,100.43,100.43,100.43,100.43,100.88,100.88,102.03,102.03,102.03,98.80,93.91,97.98,99.99,99.99,99.99,99.69,99.69,99.34,102.42,102.42,102.42,102.42,99.56,99.56,94.25,94.25,94.25,94.25,94.25,94.25,94.25,94.25,92.62,94.66,94.66,92.32,92.32,92.32,92.32,92.32,92.32,92.32,92.32,92.32,95.16,97.18,97.18,97.18,97.18,97.18,97.18,97.18,97.18,95.14,95.14,95.14,95.14,91.25,95.15,95.15,95.84,95.84,89.15,93.53,93.48,93.48,96.26,97.18,94.39,94.39,99.98,99.98,99.98,99.98,97.78,101.76,104.80,102.30,103.37,103.37,103.37,103.37,103.37,103.37,102.11,103.11,103.11,103.11,107.82,107.82,107.82,107.82,107.82,107.82,107.82,107.82,107.82,107.82,107.82,100.53,100.53,100.53,100.53,98.78,96.40,96.40,96.40,96.40,92.92,90.94,92.92,90.84,87.27,91.65,91.65,91.65,91.65,91.65,94.39,94.39,92.55,88.22,92.55,92.55
Producto,0.000453074,03122133,ROPA PARA DORMIR PARA MUJER,98.06,98.06,98.06,98.06,98.06,98.06,98.06,98.06,98.06,98.06,98.06,98.06,98.06,98.06,98.06,98.06,98.06,99.15,99.15,99.15,99.15,99.15,99.15,99.15,101.80,101.80,101.80,101.80,101.80,101.09,101.09,101.09,101.09,101.09,101.09,101.09,101.09,101.09,101.09,101.09,101.09,101.09,101.09,101.09,101.09,101.09,101.09,101.09,95.26,95.26,95.26,95.26,94.68,94.68,94.68,94.65,94.66,94.66,89.92,90.34,90.34,87.35,87.35,87.35,87.35,87.35,87.35,87.35,87.35,87.35,87.35,88.19,88.19,88.19,88.19,88.19,88.19,88.19,83.09,88.19,88.21,78.32,72.01,72.01,72.01,72.01,72.01,72.95,66.72,66.72,62.39,62.39,62.39,62.39,61.09,62.39,62.39,62.39,62.21,61.76,61.76,62.43,62.43,62.43,62.43,62.43,51.20,51.20,51.20,51.20,51.20,52.55,52.55,52.55,52.55,52.55,52.55,52.55,53.58,53.38,53.40,53.40,53.40,53.40,53.46,53.46,53.46,53.46,53.46,53.46,53.46,53.46,53.46,53.46,53.46,53.46,53.46,53.46
Producto,0.004181919,03122134,ROPA INTERIOR PARA MUJER,102.48,102.48,105.21,105.70,106.96,108.10,108.60,108.54,108.54,108.04,108.04,110.16,110.16,110.16,110.16,109.51,109.51,110.50,110.50,110.69,110.69,110.69,110.07,108.50,108.50,108.50,109.79,111.49,110.64,107.83,107.83,106.67,106.99,106.15,106.15,106.15,106.15,106.15,106.15,106.15,103.55,103.55,102.98,102.98,104.57,104.57,105.14,105.24,102.54,102.54,102.54,105.62,105.62,102.54,105.64,101.93,101.46,101.46,102.72,102.72,104.32,104.32,104.32,104.32,104.32,104.32,104.32,104.32,104.32,104.32,107.47,107.47,107.47,107.47,107.47,107.47,107.47,108.03,102.75,108.87,108.87,109.25,107.78,107.78,109.22,110.56,101.90,103.21,102.18,102.50,100.89,102.23,103.50,103.50,102.60,103.50,103.50,103.50,103.50,103.50,103.50,102.44,102.44,102.44,103.35,104.17,98.31,104.52,104.52,104.63,102.74,104.15,104.68,105.29,105.29,105.29,105.29,105.29,105.29,105.29,105.29,105.29,105.29,105.29,105.30,105.30,105.30,105.30,105.30,105.38,105.43,105.43,105.43,106.05,106.05,106.07,105.55,105.55
Producto,0.000580124,03122135,MEDIAS PARA MUJER,96.96,97.47,97.47,99.42,99.96,99.96,99.96,99.96,99.90,99.90,99.90,99.90,99.90,100.46,100.46,100.46,100.46,100.99,103.33,100.53,100.53,100.53,102.47,102.47,102.47,102.47,102.47,102.47,102.50,101.40,101.35,101.51,97.90,98.49,100.66,102.88,105.37,106.54,102.59,102.59,102.59,102.59,106.54,106.54,108.31,108.31,108.02,108.31,108.05,108.05,108.05,108.05,108.05,108.05,105.65,105.65,105.65,105.65,103.28,105.65,105.65,105.65,105.65,105.65,105.65,105.65,105.65,105.65,105.65,105.65,105.65,105.65,105.65,105.65,105.65,105.65,105.65,105.65,105.65,105.65,105.69,103.21,107.54,107.54,105.74,107.02,106.16,106.18,106.12,103.73,103.74,100.60,100.60,99.31,99.31,99.31,99.95,99.99,99.99,101.83,101.83,101.83,98.85,98.81,97.84,97.84,97.88,97.88,97.88,98.72,98.53,100.69,100.92,100.92,100.92,100.67,100.67,100.67,100.67,100.67,100.26,101.25,101.25,101.21,101.21,101.84,101.84,102.31,103.20,102.31,102.31,101.84,101.08,101.91,102.13,102.13,102.09,101.28
Subclase,0.010946625,03123,Prendas de vestir de niños y niñas de 3 a 12 años,98.12,98.17,98.33,98.56,98.58,99.40,99.02,99.12,98.70,98.70,97.63,97.34,97.34,97.34,97.34,97.10,97.10,97.20,97.22,96.88,97.14,97.18,96.86,96.90,96.90,96.86,96.90,96.90,95.67,94.90,94.66,94.00,93.26,92.32,91.73,91.73,91.49,91.41,91.76,91.21,91.60,91.59,91.65,91.69,92.07,91.99,91.62,92.05,90.81,92.05,92.05,91.88,91.88,91.66,91.72,91.71,92.20,92.16,91.94,92.40,92.40,92.21,92.21,92.21,92.21,92.19,92.24,92.24,92.24,92.19,92.36,92.36,92.54,92.54,92.54,92.47,92.47,92.47,91.65,91.65,91.93,91.47,90.76,91.37,91.88,91.83,91.41,91.34,91.13,90.88,90.61,90.12,91.95,91.83,90.40,90.35,90.67,91.02,90.84,90.67,90.27,90.36,90.13,90.34,91.28,91.15,89.96,91.18,91.01,91.01,90.96,90.30,89.47,89.46,89.34,89.11,89.74,89.77,89.76,89.35,89.07,89.03,89.03,89.03,89.04,89.15,89.23,89.27,88.69,88.69,88.78,88.88,89.24,88.93,88.84,88.76,88.72,88.80
Producto,0.000827203,03123136,CHOMPAS DE NIÑAS Y NIÑOS,91.53,91.13,91.13,91.13,91.30,92.03,87.72,88.11,87.66,87.66,87.66,86.52,86.52,86.52,86.52,86.52,86.52,84.23,84.26,79.93,79.45,79.77,79.77,80.08,80.08,80.08,80.08,80.08,78.68,78.16,77.90,77.90,78.91,77.76,77.76,77.76,74.56,76.28,76.28,76.28,76.28,76.28,76.28,76.28,76.28,76.28,75.08,76.50,76.50,76.50,76.50,76.50,76.50,76.50,76.50,76.50,76.50,76.49,75.92,76.28,76.28,74.49,74.49,74.49,74.49,74.34,74.34,74.34,74.34,73.90,75.38,75.38,76.85,76.85,76.85,76.85,76.85,76.85,76.77,76.77,76.90,76.90,75.53,76.35,77.66,78.20,78.20,77.47,76.55,74.46,72.15,65.53,65.68,65.09,60.33,59.78,61.73,61.73,60.17,60.17,59.25,59.60,57.34,57.76,57.40,56.27,55.10,55.68,55.68,55.68,55.68,54.18,53.32,53.08,53.53,53.53,53.53,53.53,53.43,51.42,51.42,51.42,51.42,51.42,51.42,51.07,51.71,51.71,51.71,51.71,51.71,52.43,52.01,50.74,50.74,50.74,50.42,50.36
Producto,0.000466213,03123137,CONJUNTO PARA NIÑAS Y NIÑOS,96.43,96.43,96.43,96.43,96.43,104.76,104.76,106.09,97.95,97.95,97.95,97.95,97.95,97.95,97.95,92.47,92.47,93.30,93.30,96.61,96.61,96.61,96.61,96.61,96.61,96.61,96.61,96.61,94.93,95.32,90.61,90.61,97.00,95.32,95.32,95.32,95.32,95.32,95.32,95.32,95.32,95.32,95.32,95.32,95.32,95.32,91.84,96.03,96.03,96.03,96.03,96.03,96.03,96.03,96.03,96.03,96.03,96.03,96.03,96.03,96.03,96.03,96.03,96.03,96.03,96.03,96.03,96.03,96.03,96.03,96.03,96.03,96.03,96.03,96.03,96.77,96.77,96.77,96.77,96.77,96.77,96.77,96.77,96.03,96.03,96.03,96.03,96.03,96.03,96.03,96.03,100.72,99.91,99.91,99.91,99.91,99.91,99.91,99.91,99.91,99.91,99.91,100.72,100.72,100.72,100.72,100.72,100.72,100.72,100.72,99.83,100.36,100.36,100.36,100.36,100.39,100.39,100.39,100.39,100.39,99.15,99.15,99.15,99.15,99.15,99.15,99.15,99.15,99.15,99.15,101.29,101.61,110.53,110.53,106.49,106.49,106.49,106.49
Producto,0.000971309,03123138,CAMISETA PARA NIÑAS Y NIÑOS,98.79,98.79,96.72,99.44,99.44,99.44,99.44,99.44,101.56,101.56,101.56,101.56,101.56,101.56,101.56,101.56,101.56,102.98,102.98,102.98,102.98,102.98,102.99,102.99,102.99,102.99,102.99,102.99,91.45,89.83,89.83,90.15,90.15,90.15,84.95,84.95,91.23,86.39,86.39,80.44,87.59,87.59,87.59,87.59,87.59,87.59,86.48,87.59,87.59,87.59,87.59,87.59,87.59,84.52,84.52,84.52,84.52,84.52,85.25,86.76,86.76,86.76,86.76,86.76,86.76,86.76,86.76,86.76,86.76,86.76,86.76,86.76,86.76,86.76,86.76,86.76,86.76,86.76,78.05,78.05,78.05,71.39,71.39,71.39,73.95,73.95,73.95,73.95,73.95,73.95,73.95,73.95,73.95,73.95,72.66,68.24,65.89,65.89,65.89,63.48,62.08,62.80,62.80,63.83,61.05,61.05,61.05,61.05,61.05,61.05,61.05,57.38,54.26,54.26,53.52,53.52,53.52,53.54,53.54,51.20,51.58,51.22,51.22,51.21,51.21,51.21,51.21,51.21,51.21,51.21,51.21,51.27,51.27,49.03,49.03,47.54,47.54,48.83
Producto,0.000817812,03123139,BLUSA PARA NIÑAS ,85.36,85.36,85.36,86.35,86.35,86.35,86.35,86.35,86.35,86.35,86.35,82.48,82.48,82.48,82.48,82.48,82.48,83.05,83.43,83.43,83.43,83.43,83.43,83.43,83.43,83.43,83.43,83.43,81.97,81.26,80.98,80.98,82.70,81.26,81.26,81.26,81.26,81.26,81.26,81.26,81.26,81.26,82.47,82.47,82.47,82.47,82.47,82.47,82.47,82.47,82.47,82.47,82.47,82.47,82.47,82.47,82.47,82.47,82.47,80.75,80.75,80.75,80.75,80.75,80.75,80.75,80.75,80.75,80.75,80.75,80.75,80.75,80.75,80.75,80.75,80.75,80.75,80.75,80.75,80.75,80.75,80.75,80.75,80.75,76.33,76.33,76.33,76.33,76.33,72.06,72.06,72.06,72.06,72.06,72.06,72.06,70.18,71.33,71.33,71.33,71.33,71.33,71.33,71.33,71.33,71.33,71.33,71.33,67.38,67.38,67.38,68.35,68.35,68.97,65.96,59.58,59.58,59.58,59.58,59.58,59.58,59.58,59.58,59.58,59.58,59.58,59.58,59.58,59.58,59.58,59.58,59.58,59.58,59.58,59.58,59.58,59.58,59.58
Producto,0.001546831,03123140,PANTALONES PARA NIÑAS Y NIÑOS,105.33,105.33,108.00,108.00,108.00,110.74,111.89,111.89,111.89,111.89,111.89,111.89,111.89,111.89,111.89,111.89,111.89,112.68,112.68,112.68,112.68,112.68,109.92,109.92,109.92,109.59,109.92,109.92,109.53,105.68,105.68,99.86,99.86,102.05,100.13,100.13,96.47,96.95,99.98,99.98,97.72,97.72,97.72,97.72,97.72,97.05,97.05,97.05,86.46,97.05,97.05,95.63,95.63,95.63,95.63,95.63,95.63,95.63,94.60,96.62,96.62,96.62,96.62,96.62,96.62,96.62,97.03,97.03,97.03,97.03,97.03,97.03,97.03,97.03,97.03,97.03,97.03,97.03,95.34,95.34,96.37,96.37,93.80,96.37,100.47,98.34,98.34,98.34,98.34,98.34,98.34,98.34,98.34,98.34,96.63,98.34,97.33,97.33,97.33,97.33,97.33,97.33,97.33,97.33,97.33,97.33,97.33,98.17,98.17,98.17,98.17,96.83,96.83,96.83,96.83,96.83,96.53,96.53,96.53,96.53,96.53,96.53,96.53,96.53,96.53,97.41,97.41,97.41,97.41,97.41,97.41,97.41,97.41,97.41,97.41,97.41,97.41,97.41
Producto,0.000830961,03123141,ROPA INTERIOR PARA NIÑAS Y NIÑOS,103.50,103.50,103.50,103.50,103.50,104.62,104.62,104.62,104.62,104.62,104.62,104.62,104.62,104.62,104.62,104.62,104.62,105.71,105.71,105.71,103.39,103.39,103.42,103.42,103.42,103.42,103.42,103.42,101.86,100.32,100.32,100.32,100.25,100.36,100.36,100.36,102.81,102.81,102.81,100.24,103.24,103.09,103.09,104.07,104.07,104.07,104.07,104.07,104.07,104.07,104.07,104.07,104.07,104.07,105.00,105.00,105.18,105.12,104.84,106.57,106.57,106.91,106.91,106.91,106.91,106.91,106.91,106.91,106.91,106.91,106.91,106.91,106.91,106.91,106.91,104.97,104.97,104.97,104.99,104.99,104.99,104.99,102.37,104.99,104.99,107.49,99.13,99.38,99.38,103.03,103.03,102.03,103.94,103.03,100.60,103.03,103.03,109.15,109.15,109.23,109.23,109.23,109.23,110.98,110.98,110.98,98.54,110.97,110.97,110.97,110.97,106.53,100.06,100.06,100.06,100.20,100.69,101.24,101.24,101.24,100.59,100.59,100.59,100.59,100.82,101.16,101.16,102.02,101.28,101.28,101.28,101.28,101.28,101.28,102.28,101.42,101.42,101.42
Producto,0.00052745,03123142,MEDIAS PARA NIÑAS Y NIÑOS,98.06,100.21,100.21,100.21,100.21,100.21,100.21,100.21,100.21,100.21,100.21,100.21,100.21,100.21,100.21,100.21,100.21,101.71,101.71,102.63,102.63,102.63,102.63,102.63,102.63,102.63,102.63,102.63,102.63,101.39,101.39,101.39,101.39,101.39,101.39,101.39,101.39,101.39,101.39,101.39,101.39,101.39,101.39,101.39,101.39,101.39,101.39,101.39,101.39,101.39,101.39,101.39,101.39,101.39,101.66,101.39,101.39,101.39,99.62,101.39,101.39,101.39,101.39,101.39,101.39,101.39,101.39,101.39,101.39,101.39,101.39,101.39,101.39,101.39,101.39,101.39,101.39,101.31,101.31,101.31,102.59,102.59,99.87,102.59,99.89,99.89,99.89,99.89,97.56,97.56,97.56,101.19,101.19,101.19,90.10,90.10,101.19,101.19,101.19,101.19,96.44,96.44,96.44,96.44,96.44,96.44,85.87,96.44,96.44,96.44,96.21,98.35,93.73,93.73,93.73,94.46,94.46,94.46,94.46,94.46,88.99,88.72,88.72,88.64,88.64,89.36,89.44,89.44,89.44,89.44,89.44,89.36,90.16,90.16,90.96,92.53,92.45,92.45
Producto,0.004958846,03123143,UNIFORME ESCOLAR,98.59,98.59,98.59,98.59,98.59,98.59,98.59,98.59,98.26,98.26,96.21,96.21,96.21,96.21,96.21,96.21,96.21,96.21,96.21,96.21,97.05,97.05,97.05,97.05,97.05,97.05,97.05,97.05,97.05,97.05,97.05,97.05,94.72,92.93,92.93,92.93,92.93,92.93,92.93,92.93,92.93,92.93,92.93,92.93,93.65,93.65,93.65,93.65,93.65,93.65,93.65,93.65,93.65,93.65,93.65,93.65,94.57,94.50,94.50,94.50,94.50,94.50,94.50,94.50,94.50,94.50,94.50,94.50,94.50,94.50,94.50,94.50,94.50,94.50,94.50,94.50,94.50,94.50,94.50,94.50,94.68,94.68,94.68,94.68,94.68,94.68,94.68,94.68,94.68,94.68,94.68,94.68,98.05,98.05,98.05,98.05,98.05,98.05,98.05,98.05,98.05,98.05,98.05,98.05,100.33,100.33,100.33,100.33,100.33,100.33,100.33,100.33,100.33,100.33,100.33,100.33,101.57,101.57,101.57,101.57,101.57,101.57,101.57,101.57,101.57,101.57,101.57,101.57,100.51,100.51,100.51,100.51,100.51,100.51,100.51,100.51,100.51,100.51
Subclase,0.002408319,03124,Prendas de vestir y complementos para niños y niñas de 0 a 2 años,98.02,98.02,98.02,98.32,98.32,98.34,97.43,95.60,95.19,95.47,95.47,95.75,95.47,95.47,95.47,95.47,95.47,96.30,96.30,95.89,96.18,96.18,96.31,96.68,96.68,96.68,96.87,96.87,96.42,95.91,95.94,96.01,96.35,95.79,95.79,95.79,97.04,95.79,95.85,93.73,94.87,94.87,94.87,96.69,96.69,96.69,96.69,96.69,91.84,94.72,95.07,95.07,95.07,95.07,95.92,94.67,93.51,93.81,93.29,95.23,95.23,92.87,92.87,92.92,92.87,92.87,92.87,92.87,92.87,92.87,92.87,92.87,92.87,92.87,92.87,92.97,92.23,92.23,90.58,92.87,92.27,92.27,91.08,90.80,93.77,93.61,94.11,94.28,89.09,89.75,86.58,86.94,85.83,85.10,82.12,82.53,84.82,84.40,84.06,84.06,84.06,83.75,84.13,84.13,83.88,83.88,79.96,84.29,83.23,83.23,83.23,84.07,81.89,81.89,81.89,82.00,82.00,82.00,82.00,81.98,81.98,82.48,82.48,82.48,82.48,82.67,82.67,82.21,81.43,81.10,81.10,81.78,80.76,81.49,81.49,81.68,81.31,81.31
Producto,0.000342909,03124144,CAMISETA PARA BEBÉ,99.66,99.66,99.66,99.66,99.66,99.66,92.80,80.77,80.77,80.77,80.77,80.77,80.77,80.77,80.77,80.77,80.77,81.05,81.05,81.05,81.05,81.05,79.71,79.71,79.71,79.71,81.13,81.13,81.13,80.77,80.77,80.77,80.77,80.77,80.77,80.77,80.77,78.31,78.31,78.31,82.95,82.95,82.95,82.95,82.95,82.95,82.95,82.95,78.17,78.17,78.17,78.17,78.17,78.17,78.17,78.17,78.17,79.56,80.72,80.72,80.72,80.72,80.72,80.72,80.72,80.72,80.72,80.72,80.72,80.72,80.72,80.72,80.72,80.72,80.72,80.72,75.16,75.16,79.94,79.94,78.27,78.27,78.27,78.27,79.66,80.73,81.73,81.73,77.01,78.66,78.66,78.66,78.66,79.75,79.75,79.75,78.36,78.36,78.36,78.36,78.36,78.36,78.36,78.36,78.35,78.35,78.35,78.35,78.35,78.35,78.35,78.64,79.05,79.05,79.05,79.83,79.83,79.83,79.83,79.83,79.83,79.83,79.83,79.83,79.83,81.24,81.24,81.24,81.24,81.24,81.24,81.24,81.24,77.17,77.17,78.33,78.33,78.33
Producto,0.001789506,03124145,ROPA EXTERIOR PARA BEBÉ,95.88,95.88,95.88,96.35,96.35,96.38,96.38,96.03,95.41,95.83,95.83,96.26,95.83,95.83,95.83,95.83,95.83,96.68,96.68,96.05,96.05,96.05,97.38,97.95,97.95,97.95,97.95,97.95,97.27,96.85,96.90,97.01,97.86,97.01,97.01,97.01,98.92,98.52,98.52,96.34,95.95,95.95,95.95,98.76,98.76,98.76,98.76,98.76,92.27,96.70,97.25,97.25,97.25,97.25,98.56,96.62,94.83,95.02,93.39,96.38,96.38,92.74,92.74,92.74,92.74,92.74,92.74,92.74,92.74,92.74,92.74,92.74,92.74,92.74,92.74,93.54,93.54,93.54,90.00,93.54,93.54,93.54,91.70,90.75,94.15,93.69,94.25,94.52,89.83,89.83,84.94,85.49,84.39,83.05,77.84,78.47,82.85,82.20,81.69,81.69,81.69,81.21,81.79,81.79,81.41,81.41,75.37,82.04,80.42,80.42,80.42,81.29,77.82,77.82,77.82,77.82,77.82,77.82,77.82,77.80,77.80,77.80,77.80,77.80,77.80,77.80,77.80,77.80,77.80,77.80,77.80,78.83,77.27,79.23,79.23,79.28,78.72,78.72
Producto,0.000275904,03124146,ROPA INTERIOR PARA BEBÉ,103.37,103.37,103.37,103.37,103.37,103.37,103.37,103.37,103.37,103.37,103.37,103.37,103.37,103.37,103.37,103.37,103.37,104.48,104.48,104.48,105.84,105.84,103.26,103.26,103.26,103.26,103.26,103.26,103.26,102.34,102.34,102.34,101.37,101.37,101.37,101.37,101.37,98.34,98.63,95.39,98.93,98.93,98.93,98.93,98.93,98.93,98.93,98.93,98.93,98.93,98.93,98.93,98.93,98.93,98.93,98.93,98.93,98.93,100.68,100.68,100.68,100.68,100.68,100.91,100.68,100.68,100.68,100.68,100.68,100.68,100.68,100.68,100.68,100.68,100.68,98.78,98.78,98.78,98.78,98.78,97.05,97.05,97.05,98.61,101.26,101.26,101.26,101.26,94.28,96.29,96.29,96.29,94.48,94.48,96.29,96.29,94.62,94.62,94.62,94.62,94.62,94.61,94.61,94.61,94.61,94.61,94.61,94.61,94.61,94.61,94.61,95.70,95.77,95.77,95.77,95.77,95.77,95.77,95.77,95.77,95.77,98.04,98.04,98.04,98.04,98.04,98.04,95.94,92.38,90.87,90.87,90.87,90.87,90.87,90.87,90.87,90.87,90.87
Clase,0.000852245,0313,Otros artículos y accesorios de vestir (SD),105.62,105.62,105.62,105.62,105.62,106.88,106.88,109.81,109.81,110.21,112.18,112.18,112.18,112.18,109.83,109.83,109.83,107.82,108.00,108.00,108.49,108.49,109.23,104.42,104.42,103.80,103.80,103.80,103.80,106.92,107.15,109.59,109.59,107.34,106.64,105.79,105.79,105.23,104.16,104.16,105.95,104.45,104.45,104.45,104.45,104.45,104.45,104.45,105.01,105.01,105.01,105.01,104.42,104.42,104.42,104.42,104.42,104.42,104.42,104.42,104.42,105.69,105.69,105.69,105.69,105.69,105.69,105.69,105.69,102.58,102.58,102.58,102.58,99.32,97.82,97.82,97.33,96.16,93.81,93.81,94.26,93.70,94.96,95.71,97.08,97.56,97.56,98.50,97.01,101.55,101.86,105.45,101.24,101.17,102.09,102.44,102.62,102.62,102.62,102.92,102.33,103.37,103.90,103.77,103.77,102.63,102.63,102.63,102.63,100.60,100.25,101.86,102.91,102.91,102.91,102.91,102.91,102.91,98.71,98.71,97.50,97.50,97.50,97.50,97.50,97.06,97.50,98.13,100.78,100.78,100.78,100.78,100.78,102.26,103.88,103.88,103.89,104.69
Subclase,0.000852245,03131,Accesorios de vestir,105.62,105.62,105.62,105.62,105.62,106.88,106.88,109.81,109.81,110.21,112.18,112.18,112.18,112.18,109.83,109.83,109.83,107.82,108.00,108.00,108.49,108.49,109.23,104.42,104.42,103.80,103.80,103.80,103.80,106.92,107.15,109.59,109.59,107.34,106.64,105.79,105.79,105.23,104.16,104.16,105.95,104.45,104.45,104.45,104.45,104.45,104.45,104.45,105.01,105.01,105.01,105.01,104.42,104.42,104.42,104.42,104.42,104.42,104.42,104.42,104.42,105.69,105.69,105.69,105.69,105.69,105.69,105.69,105.69,102.58,102.58,102.58,102.58,99.32,97.82,97.82,97.33,96.16,93.81,93.81,94.26,93.70,94.96,95.71,97.08,97.56,97.56,98.50,97.01,101.55,101.86,105.45,101.24,101.17,102.09,102.44,102.62,102.62,102.62,102.92,102.33,103.37,103.90,103.77,103.77,102.63,102.63,102.63,102.63,100.60,100.25,101.86,102.91,102.91,102.91,102.91,102.91,102.91,98.71,98.71,97.50,97.50,97.50,97.50,97.50,97.06,97.50,98.13,100.78,100.78,100.78,100.78,100.78,102.26,103.88,103.88,103.89,104.69
Producto,0.000337243,03131147,CORREA,106.47,106.47,106.47,106.47,106.47,110.49,110.49,110.49,110.49,110.49,110.49,110.49,110.49,110.49,112.84,112.84,112.84,116.04,116.04,116.04,116.04,116.04,116.04,116.04,116.04,114.06,114.06,114.06,114.06,114.06,114.06,114.06,114.06,114.06,114.06,114.06,114.06,112.27,112.27,112.27,112.27,112.27,112.27,112.27,112.27,112.27,112.27,112.27,114.06,114.06,114.06,114.06,114.06,114.06,114.06,114.06,114.06,114.06,114.06,114.06,114.06,114.06,114.06,114.06,114.06,114.06,114.06,114.06,114.06,114.06,114.06,114.06,114.06,114.06,109.26,109.26,107.69,107.69,107.69,107.69,107.69,107.69,107.69,107.69,109.96,109.96,109.96,109.96,107.69,111.01,111.01,115.89,115.89,115.89,119.83,119.83,119.83,119.83,119.83,119.83,117.94,120.72,120.72,120.72,120.72,120.72,120.72,120.72,120.72,117.94,115.89,117.58,117.58,117.58,117.58,117.58,117.58,117.58,117.58,117.58,113.71,113.71,113.71,113.71,113.71,113.71,113.71,115.73,124.20,124.20,124.20,124.20,124.20,128.90,134.08,134.08,134.08,136.64
Producto,0.000370466,03131148,GORRA,109.12,109.12,109.12,109.12,109.12,109.12,109.12,116.82,116.82,117.87,123.05,123.05,123.05,123.05,114.93,114.93,114.93,107.02,107.49,107.49,108.78,108.78,110.73,98.09,98.09,98.09,98.09,98.09,98.09,106.85,107.22,113.40,113.40,107.47,105.65,105.65,105.65,105.65,102.83,102.83,107.54,103.60,103.60,103.60,103.60,103.60,103.60,103.60,103.60,103.60,103.60,103.60,102.04,102.04,102.04,102.04,102.04,102.04,102.04,102.04,102.04,105.38,105.38,105.38,105.38,105.38,105.38,105.38,105.38,97.19,97.19,97.19,97.19,97.19,97.19,97.19,97.19,97.19,91.01,91.01,92.19,93.39,96.69,96.69,98.41,99.68,99.68,99.68,99.68,108.88,105.06,110.46,99.39,99.23,98.39,99.31,99.77,99.77,99.77,100.56,100.57,101.03,102.41,102.06,102.06,99.09,99.09,99.09,99.09,99.61,99.61,100.93,101.30,101.30,101.30,101.30,101.30,101.30,90.25,90.25,90.25,90.25,90.25,90.25,90.25,89.10,90.25,90.25,90.25,90.25,90.25,90.25,90.25,90.25,90.25,90.25,90.25,90.25
Producto,0.000144536,03131149,CORBATA,100.40,100.40,100.40,100.40,100.40,100.40,100.40,100.40,100.40,100.40,100.40,100.40,100.40,100.40,100.40,100.40,100.40,100.40,100.40,100.40,100.40,100.40,100.40,100.40,100.40,100.40,100.40,100.40,100.40,99.69,99.98,100.28,100.28,100.28,100.28,97.50,97.50,97.50,97.50,97.50,97.50,97.50,97.50,97.50,97.50,97.50,97.50,97.50,97.50,97.50,97.50,97.50,97.50,97.50,97.50,97.50,97.50,97.50,97.50,97.50,97.50,97.50,97.50,97.50,97.50,97.50,97.50,97.50,97.50,97.50,97.50,97.50,97.50,86.86,86.86,86.86,86.86,83.06,83.06,83.06,83.06,79.76,79.76,82.22,82.22,82.22,82.22,85.28,82.72,82.72,88.51,88.51,88.51,88.51,88.51,88.51,88.51,88.51,88.51,88.51,88.51,88.51,88.51,88.51,88.51,88.51,88.51,88.51,88.51,84.06,85.03,86.91,89.89,89.89,89.89,89.89,89.89,89.89,89.89,89.89,89.89,89.89,89.89,89.89,89.89,89.89,89.89,89.89,89.89,89.89,89.89,89.89,89.89,89.89,89.89,89.89,89.89,89.89
Clase,0.001886198,0314,"Limpieza, reparación y alquiler de prendas de vestir (S)",101.14,102.47,103.03,102.47,101.67,101.67,102.05,102.21,102.51,102.51,102.51,103.17,103.17,103.61,105.34,105.34,105.34,107.44,106.98,106.98,106.98,110.36,110.08,108.52,108.52,108.52,108.82,110.17,110.36,110.67,112.29,113.18,112.45,112.45,112.45,112.65,113.00,113.00,113.00,113.00,112.26,112.96,112.96,112.96,112.96,112.96,111.92,109.35,109.88,108.14,108.13,108.13,108.13,107.32,107.71,110.72,110.72,110.72,110.98,110.98,111.23,111.23,111.23,111.23,110.97,110.97,110.97,110.46,110.46,110.46,110.06,108.21,108.21,107.10,107.10,107.10,107.10,107.10,107.10,107.57,107.10,107.10,107.35,107.54,107.66,107.66,108.77,110.44,110.44,110.56,111.17,111.17,111.47,112.31,112.31,111.47,111.71,112.58,113.78,113.78,114.40,114.90,114.90,115.41,116.75,116.75,116.75,116.75,116.79,118.70,118.70,121.27,121.27,122.34,122.34,122.36,122.64,122.74,123.54,123.54,123.54,123.87,123.87,123.75,124.38,124.38,124.38,125.33,125.33,125.33,125.33,125.33,125.49,125.96,127.07,127.76,127.76,128.76
Subclase,0.001886198,03141,"Limpieza, reparación y alquiler de prendas de vestir",101.14,102.47,103.03,102.47,101.67,101.67,102.05,102.21,102.51,102.51,102.51,103.17,103.17,103.61,105.34,105.34,105.34,107.44,106.98,106.98,106.98,110.36,110.08,108.52,108.52,108.52,108.82,110.17,110.36,110.67,112.29,113.18,112.45,112.45,112.45,112.65,113.00,113.00,113.00,113.00,112.26,112.96,112.96,112.96,112.96,112.96,111.92,109.35,109.88,108.14,108.13,108.13,108.13,107.32,107.71,110.72,110.72,110.72,110.98,110.98,111.23,111.23,111.23,111.23,110.97,110.97,110.97,110.46,110.46,110.46,110.06,108.21,108.21,107.10,107.10,107.10,107.10,107.10,107.10,107.57,107.10,107.10,107.35,107.54,107.66,107.66,108.77,110.44,110.44,110.56,111.17,111.17,111.47,112.31,112.31,111.47,111.71,112.58,113.78,113.78,114.40,114.90,114.90,115.41,116.75,116.75,116.75,116.75,116.79,118.70,118.70,121.27,121.27,122.34,122.34,122.36,122.64,122.74,123.54,123.54,123.54,123.87,123.87,123.75,124.38,124.38,124.38,125.33,125.33,125.33,125.33,125.33,125.49,125.96,127.07,127.76,127.76,128.76
Producto,0.001067272,03141150,CONFECCIÓN Y REPARACIÓN DE PRENDAS DE VESTIR,101.87,103.39,104.46,103.39,101.87,101.87,102.58,102.89,103.46,103.46,103.46,104.73,104.73,105.55,108.84,108.84,108.84,111.02,110.16,110.16,110.16,111.60,111.06,111.06,111.06,111.06,111.63,111.63,111.99,113.38,116.45,118.16,116.75,116.75,116.75,117.15,117.15,117.15,117.15,117.15,114.56,115.89,115.89,115.89,115.89,115.89,113.92,111.44,111.98,113.12,113.12,113.12,113.12,111.58,111.58,111.58,111.58,111.58,111.58,111.58,111.58,111.58,111.58,111.58,111.08,111.08,111.08,110.12,110.12,110.12,109.35,105.84,105.84,103.72,103.72,103.72,103.72,103.72,103.72,104.62,103.72,103.72,103.72,103.12,102.87,102.87,104.97,107.17,107.17,107.40,106.56,106.56,107.14,108.74,108.74,107.14,107.14,107.97,109.40,109.40,110.57,111.52,111.52,112.48,115.05,115.05,115.05,115.05,114.49,115.89,115.89,115.89,115.89,115.89,115.89,115.89,116.42,116.61,118.12,118.12,118.12,118.76,118.76,118.53,119.73,119.73,119.73,121.53,121.53,121.53,121.53,121.53,121.83,122.73,122.97,124.28,124.28,124.28
Producto,0.000818926,03141151,LIMPIEZA Y LAVADO DE PRENDAS DE VESTIR,100.33,101.45,101.45,101.45,101.45,101.45,101.45,101.45,101.45,101.45,101.45,101.45,101.45,101.45,101.45,101.45,101.45,103.46,103.46,103.46,103.46,108.99,108.99,105.70,105.70,105.70,105.70,108.55,108.55,107.67,107.67,107.67,107.67,107.67,107.67,107.67,108.39,108.39,108.39,108.39,109.71,109.71,109.71,109.71,109.71,109.71,109.71,107.03,107.54,102.61,102.59,102.59,102.59,102.59,103.41,109.76,109.76,109.76,110.30,110.30,110.84,110.84,110.84,110.84,110.84,110.84,110.84,110.84,110.84,110.84,110.84,110.84,110.84,110.84,110.84,110.84,110.84,110.84,110.84,110.84,110.84,110.84,111.37,112.44,112.99,112.99,112.99,114.07,114.07,114.07,116.28,116.28,116.28,116.28,116.28,116.28,116.78,117.71,118.65,118.65,118.65,118.65,118.65,118.65,118.65,118.65,118.65,118.65,119.34,121.83,121.83,127.23,127.23,129.49,129.49,129.55,129.55,129.55,129.55,129.55,129.55,129.55,129.55,129.55,129.55,129.55,129.55,129.55,129.55,129.55,129.55,129.55,129.55,129.55,131.63,131.63,131.63,133.73
Grupo,0.02353517,032,Calzado,98.58,98.75,98.17,94.67,95.28,95.49,95.82,96.18,96.05,95.90,95.80,95.78,96.03,96.06,95.87,95.94,96.02,95.34,93.45,93.37,93.37,93.39,92.77,91.66,91.80,91.88,92.18,92.78,92.96,90.12,89.02,89.24,88.83,87.83,87.92,87.24,87.21,86.46,86.41,86.37,86.89,85.69,86.14,85.06,83.82,83.96,82.73,85.09,84.90,85.08,83.45,83.27,83.24,82.75,82.89,82.42,82.00,81.32,81.29,80.02,79.89,79.69,79.71,79.71,79.71,79.71,79.10,78.25,78.25,78.31,76.61,76.72,76.37,76.84,76.63,76.21,76.46,76.01,74.95,74.96,75.14,74.93,75.10,75.03,75.39,73.18,72.25,71.91,72.50,72.48,72.49,72.62,72.29,71.79,71.92,71.59,71.14,70.99,69.54,70.75,68.22,68.91,69.22,70.16,70.21,70.09,69.43,69.76,70.04,69.83,70.20,71.39,70.83,71.34,71.48,71.57,71.58,71.80,70.83,71.00,70.89,69.92,70.50,69.53,69.63,69.28,68.21,68.46,68.34,68.23,68.25,68.47,68.51,68.54,68.65,68.82,68.59,69.02
Clase,0.023028098,0321,Zapatos y otros calzados (SD),98.44,98.61,98.02,94.41,95.02,95.24,95.58,95.95,95.71,95.54,95.44,95.42,95.67,95.67,95.42,95.41,95.49,94.79,92.85,92.78,92.78,92.80,92.16,91.03,91.17,91.25,91.55,92.19,92.37,89.46,88.34,88.57,88.14,87.12,87.21,86.51,86.49,85.71,85.66,85.62,86.16,84.93,85.37,84.26,82.99,83.13,81.88,84.29,84.10,84.28,82.61,82.52,82.49,81.99,82.14,81.65,81.22,80.53,80.50,79.19,79.06,78.86,78.88,78.88,78.88,78.88,78.25,77.39,77.39,77.45,75.71,75.83,75.47,75.95,75.73,75.31,75.56,75.10,74.02,74.01,74.20,73.99,74.16,74.08,74.45,72.13,71.17,70.80,71.34,71.32,71.32,71.44,71.09,70.58,70.72,70.37,69.91,69.82,68.33,69.57,66.98,67.69,68.01,68.97,69.02,68.95,68.28,68.53,68.79,68.58,68.96,69.89,69.29,69.81,69.96,70.04,70.05,70.28,69.28,69.46,69.35,68.35,68.94,67.96,68.05,67.69,66.60,66.86,66.74,66.62,66.64,66.86,66.51,66.54,66.66,66.88,66.65,67.09
Subclase,0.009831308,03211,Zapatos de hombres de 13 años y más,96.77,97.09,97.09,94.60,95.10,95.61,95.61,95.61,95.61,96.82,96.87,96.82,97.11,97.11,96.97,96.94,96.94,97.14,94.52,94.67,94.67,94.67,93.67,93.64,93.71,93.68,93.44,94.25,94.23,91.33,89.07,88.99,88.85,87.24,87.17,87.12,87.06,87.01,87.01,87.01,88.32,85.61,86.94,84.28,82.25,82.61,80.18,85.18,85.19,85.19,81.29,81.29,81.31,81.31,81.32,80.71,80.71,80.69,80.69,80.69,80.69,80.68,80.68,80.68,80.68,80.68,80.68,79.27,79.27,79.27,77.26,77.98,77.98,77.98,77.97,77.26,77.56,77.57,77.32,77.31,77.31,77.09,77.10,77.10,77.09,74.30,74.32,73.35,73.34,73.40,74.09,74.15,73.84,72.73,72.76,72.76,72.76,73.33,71.63,72.73,70.77,71.26,70.48,72.50,72.50,72.79,72.48,72.48,72.92,72.89,72.89,73.56,73.16,73.52,73.75,73.85,73.85,74.31,72.22,72.22,72.27,70.50,72.46,72.43,72.43,72.43,72.43,72.14,72.16,72.16,72.16,72.20,72.20,72.20,72.06,72.06,72.06,72.42
Producto,0.003482311,03211152,CALZADO PARA HOMBRE,85.89,86.65,86.65,86.65,87.85,89.07,89.07,89.07,89.07,91.99,91.99,91.99,91.80,91.80,91.80,91.80,91.80,91.80,85.48,85.84,85.84,85.84,83.42,83.42,83.42,83.42,82.80,85.12,85.12,84.46,84.46,84.46,84.46,84.46,84.28,84.28,84.28,84.28,84.28,84.28,87.49,87.49,84.28,84.28,84.28,84.28,84.28,84.28,84.28,84.28,84.28,84.28,84.28,84.28,84.28,82.81,82.81,82.81,82.81,82.81,82.81,82.81,82.81,82.81,82.81,82.81,82.81,82.81,82.81,82.81,82.81,82.81,82.81,82.81,82.81,81.10,81.10,81.10,79.99,79.99,79.99,79.99,79.99,79.99,79.99,79.99,79.99,82.25,82.25,82.25,83.95,83.95,83.20,83.63,83.63,83.63,83.63,83.63,79.16,81.73,77.01,78.75,81.73,81.73,81.73,81.73,82.16,82.16,83.21,83.21,83.21,83.21,83.21,84.20,84.63,84.63,84.63,85.40,85.40,85.40,85.40,85.40,85.40,85.40,85.40,85.40,85.40,85.40,85.40,85.40,85.40,85.40,85.40,85.40,85.40,85.40,85.40,86.32
Producto,0.000496622,03211153,SANDALIAS PARA HOMBRE,103.11,103.96,103.41,103.96,103.96,103.96,103.96,103.96,103.96,103.96,103.96,103.96,103.96,103.96,104.98,101.29,101.29,102.03,102.03,102.03,102.78,102.78,102.78,102.78,109.94,107.05,107.05,107.05,104.14,100.42,100.81,101.44,99.71,99.71,99.71,100.41,100.01,100.01,100.01,100.01,100.01,100.01,100.01,100.01,100.01,100.01,100.01,100.01,100.01,100.01,100.01,100.01,101.62,101.62,101.62,101.62,101.62,99.61,99.61,99.61,99.61,99.61,99.61,99.61,99.61,99.61,99.61,99.61,99.61,99.61,99.61,99.61,99.61,99.61,99.61,99.61,99.61,100.98,100.98,99.79,99.61,99.61,102.72,102.72,91.85,95.63,95.79,97.42,97.42,98.29,95.75,97.63,97.63,97.63,97.60,97.60,97.60,97.60,97.60,97.60,97.60,97.60,97.60,97.60,97.60,97.60,97.60,97.60,95.38,95.38,95.38,96.39,96.90,91.47,96.90,96.90,96.90,96.90,96.90,96.90,96.90,96.90,96.90,96.90,96.90,96.90,96.90,96.90,96.90,96.90,96.90,98.07,98.07,98.07,98.07,98.07,98.07,92.57
Producto,0.005585265,03211154,ZAPATOS DEPORTIVOS PARA HOMBRE,105.36,105.36,105.36,100.76,100.76,100.76,100.76,100.76,100.76,100.76,100.76,100.76,101.36,101.36,101.15,101.15,101.15,101.51,101.51,101.51,101.51,101.51,101.51,101.51,101.51,101.51,101.51,101.51,101.51,96.83,92.65,92.39,92.38,89.49,89.49,89.49,89.49,89.49,89.49,89.49,89.49,84.63,89.49,84.63,80.93,81.59,77.16,86.27,86.27,86.27,79.17,79.17,79.17,79.17,79.17,79.17,79.17,79.17,79.17,79.17,79.17,79.17,79.17,79.17,79.17,79.17,79.17,76.64,76.64,76.64,72.97,74.32,74.32,74.32,74.32,74.32,74.91,74.91,75.29,75.29,75.29,74.90,74.90,74.90,74.90,69.75,69.75,66.16,66.16,66.16,66.16,66.16,66.16,63.75,63.75,63.75,63.75,64.83,65.19,65.19,65.19,64.75,61.05,64.75,64.75,65.28,64.38,64.38,64.38,64.38,64.38,65.52,64.78,64.78,64.78,64.98,64.98,65.22,61.46,61.46,61.46,58.24,61.81,61.81,61.81,61.81,61.81,61.22,61.22,61.22,61.22,61.22,61.22,61.22,60.98,60.98,60.98,60.98
Producto,0.000267109,03211155,BOTAS PARA HOMBRE,87.18,87.18,87.18,88.32,88.32,88.32,88.32,88.32,88.32,88.32,90.02,88.14,90.02,90.02,88.82,88.82,88.82,88.82,88.82,88.82,88.82,88.82,89.02,87.81,87.81,87.81,88.29,82.72,82.72,81.83,82.98,85.17,80.76,79.97,79.97,77.91,75.71,73.93,73.93,73.93,73.01,71.14,71.14,71.14,71.14,71.14,71.14,71.14,71.59,71.59,71.59,71.59,71.59,71.59,72.15,72.15,72.15,72.15,72.15,72.15,72.15,71.68,71.68,71.68,71.68,71.68,71.68,70.71,70.71,70.71,70.71,69.91,69.91,69.91,69.59,69.59,68.65,68.65,68.65,68.65,68.65,68.65,67.80,67.80,71.34,71.34,72.23,73.50,73.29,75.14,75.48,77.16,77.16,78.22,79.52,79.52,79.52,78.46,77.40,78.37,78.37,78.90,78.90,78.90,78.90,78.90,78.90,78.90,79.81,78.90,78.90,79.96,79.96,79.96,79.96,79.96,79.96,79.96,79.05,79.05,80.81,80.81,80.81,79.89,79.89,79.89,79.89,80.89,81.82,81.82,81.82,82.72,82.72,82.72,82.72,82.72,82.72,83.60
Subclase,0.008371024,03212,Zapatos de mujeres de 13 años y más,101.76,101.82,100.17,95.29,95.95,95.79,96.91,97.13,97.13,95.38,95.35,95.35,95.49,95.49,95.37,95.37,95.58,93.30,91.52,91.33,91.33,91.38,90.46,87.93,88.36,88.36,88.73,89.35,87.37,84.86,84.88,85.07,84.13,83.54,83.98,82.15,82.15,81.27,81.14,81.04,80.98,80.77,80.77,80.76,79.73,79.73,79.10,79.55,79.06,79.06,79.06,78.88,78.87,78.31,78.31,77.95,76.84,75.08,75.01,73.09,72.75,72.26,72.26,72.26,72.26,72.26,71.90,71.68,71.68,71.87,71.87,71.76,71.76,72.00,71.62,71.28,71.36,70.15,67.66,67.66,68.50,68.07,68.07,67.89,68.35,65.32,63.21,63.59,64.36,64.38,63.24,63.47,63.52,63.52,63.79,63.62,62.51,62.44,60.68,62.32,59.03,60.15,61.40,60.73,60.73,60.24,59.40,59.55,60.24,60.17,60.17,61.47,61.64,61.78,61.75,61.87,61.93,61.93,61.93,61.93,61.67,61.05,60.42,57.91,58.16,57.62,56.27,57.10,57.11,56.72,56.78,56.78,56.40,56.33,56.78,57.45,57.02,57.63
Producto,0.005289198,03212156,CALZADO PARA MUJER,102.81,103.21,99.60,94.19,94.19,93.85,94.47,94.96,94.96,94.96,93.54,93.54,93.33,93.33,93.33,93.33,93.33,87.75,87.90,89.61,89.61,89.75,87.81,83.34,83.50,83.50,84.33,85.81,85.81,85.13,85.65,86.06,85.10,83.89,84.83,82.35,82.35,82.35,82.35,82.63,82.63,82.63,82.63,82.63,81.44,81.44,81.44,81.44,81.44,81.44,81.44,81.44,81.56,81.56,81.56,80.77,78.35,78.35,78.35,78.35,78.35,78.35,78.35,78.35,78.35,78.35,77.87,77.87,77.87,77.87,77.87,77.87,77.87,77.87,77.87,76.88,76.88,76.88,76.35,76.35,76.35,76.35,76.35,76.35,76.35,68.84,65.18,66.01,66.21,66.21,63.89,64.00,64.00,64.00,64.00,64.22,64.31,64.31,61.39,63.71,58.49,59.81,60.59,60.59,60.59,60.59,60.59,60.59,60.59,60.17,60.17,61.36,61.66,62.04,62.48,62.59,62.59,62.59,62.59,62.59,62.15,61.01,61.01,58.47,58.25,57.62,57.33,57.83,59.11,58.28,58.28,58.28,58.28,58.28,59.26,60.74,59.26,60.40
Producto,0.002033175,03212157,ZAPATOS DEPORTIVOS PARA MUJER,105.01,105.01,105.01,97.48,99.31,99.31,100.43,100.43,100.43,94.98,94.98,94.98,94.98,94.98,94.98,94.98,94.98,95.40,95.40,95.40,95.40,95.40,95.40,95.40,95.40,95.40,95.40,95.40,88.51,82.07,82.42,82.42,82.42,82.42,82.42,82.42,82.42,82.42,82.42,82.42,82.42,82.42,82.42,82.42,82.42,82.42,80.98,82.71,79.10,79.10,79.10,79.10,79.10,79.10,79.10,79.10,79.10,73.61,73.39,67.43,67.43,65.91,65.91,65.91,65.91,65.91,65.91,65.91,65.91,66.49,66.49,66.49,66.49,66.49,66.49,66.49,66.93,63.06,56.07,56.07,58.69,57.35,57.35,56.78,58.72,58.72,58.72,58.72,58.72,58.72,58.72,58.72,58.72,58.72,58.72,58.72,54.68,54.68,54.68,54.52,54.52,55.84,57.02,54.94,54.94,53.59,52.09,51.25,51.82,52.82,52.82,53.78,54.07,54.07,54.07,54.27,54.46,54.46,54.46,54.46,54.46,54.16,52.43,52.43,52.43,52.43,49.58,51.46,48.76,48.76,48.76,48.76,47.21,47.21,47.21,47.21,47.21,47.21
Producto,0.001048651,03212158,BOTAS PARA MUJER,94.90,94.37,94.37,94.37,94.69,94.69,96.83,96.83,96.83,96.83,99.59,99.59,100.65,100.65,100.10,100.10,101.08,101.63,93.32,88.98,88.98,88.92,88.76,86.53,88.12,88.12,88.12,87.87,88.92,88.34,86.86,86.86,84.63,84.47,84.47,81.35,81.35,77.41,76.83,75.80,75.51,74.59,74.59,74.51,72.33,72.33,71.58,71.14,74.13,74.13,74.13,73.32,73.05,70.49,70.49,70.49,70.49,70.49,70.49,70.49,68.95,68.95,68.95,68.95,68.95,68.95,68.32,67.37,67.37,67.37,67.37,66.86,66.86,67.96,66.24,66.75,66.47,66.62,66.62,66.62,66.62,66.62,66.62,66.62,65.91,67.65,65.67,65.67,68.70,68.82,68.44,69.23,69.49,69.49,70.67,69.47,70.15,69.85,67.90,70.74,66.65,67.06,69.42,69.42,69.42,69.15,67.56,69.42,71.71,70.80,70.80,72.83,72.54,72.41,71.39,71.39,71.39,71.39,71.39,71.39,71.10,71.10,70.79,64.70,66.27,65.13,63.77,63.77,65.10,65.01,65.29,65.29,65.84,65.51,65.51,65.51,66.61,67.02
Subclase,0.004151385,03213,Zapatos de niños y niñas de 3 a 12 años,94.43,94.62,94.62,90.58,91.40,91.80,91.99,92.95,92.32,92.32,91.66,91.66,92.12,92.12,91.20,91.20,91.20,91.75,90.93,90.47,90.47,90.47,91.08,90.23,89.86,89.86,91.48,91.72,97.74,93.56,93.56,93.69,93.69,93.69,93.36,93.36,93.36,90.78,90.78,90.78,90.78,90.69,89.87,89.87,89.87,89.80,89.95,90.59,90.59,91.71,91.64,91.55,91.28,89.58,90.42,89.87,89.87,89.87,89.87,86.33,86.33,86.28,86.40,86.40,86.40,86.40,83.37,82.26,82.26,82.20,76.74,75.81,73.44,75.84,75.46,75.51,76.10,76.10,76.10,76.10,75.25,75.25,76.06,76.06,77.26,77.54,76.65,76.19,77.67,77.67,78.41,78.41,76.94,76.73,76.98,76.68,76.49,74.59,74.32,75.16,72.21,72.63,74.11,75.95,76.13,76.13,74.82,76.13,74.72,73.65,75.91,76.61,73.54,75.46,75.85,75.78,75.68,75.80,75.80,76.90,76.92,76.92,76.92,76.92,76.92,75.98,72.45,73.04,72.19,72.19,72.19,73.25,71.99,72.32,72.32,72.32,71.93,72.22
Producto,0.002074336,03213159,CALZADO PARA NIÑAS Y NIÑOS,91.77,92.20,92.20,92.74,92.74,93.65,94.07,96.23,94.73,94.73,93.11,93.11,94.10,94.10,92.02,92.02,92.02,92.88,89.90,88.86,88.86,88.86,90.23,88.33,87.50,87.50,91.23,91.77,91.94,93.69,93.69,93.97,93.97,93.97,93.23,93.23,93.23,93.78,93.78,93.78,93.78,93.78,93.78,93.78,93.78,93.63,93.96,95.40,95.40,97.93,97.78,97.56,97.73,98.29,98.44,97.20,97.20,97.20,97.20,97.20,97.20,97.20,97.20,97.20,97.20,97.20,90.55,90.55,90.55,90.55,92.63,90.55,90.59,95.97,95.97,95.97,96.55,96.55,96.55,96.55,97.12,97.12,98.00,98.00,98.91,99.52,97.24,97.62,100.34,100.34,101.81,101.81,102.15,101.47,101.82,101.82,102.48,102.48,101.74,103.62,97.64,98.36,103.00,102.99,103.40,103.40,100.46,103.40,100.94,98.55,103.40,104.11,97.63,101.87,101.87,101.71,101.71,101.71,101.71,104.19,104.19,104.19,104.19,104.19,104.19,104.19,96.26,97.57,97.57,97.57,97.57,99.95,97.10,99.95,99.95,99.95,99.95,100.59
Producto,0.001957433,03213160,ZAPATOS DEPORTIVOS PARA NIÑAS Y NIÑOS,97.56,97.56,97.56,89.24,90.84,90.84,90.84,90.84,90.84,90.84,90.84,90.84,90.84,90.84,90.84,90.84,90.84,91.16,92.14,92.14,92.14,92.14,92.14,92.14,92.14,92.14,92.14,92.14,103.59,94.18,94.18,94.18,94.18,94.18,94.18,94.18,94.18,88.75,88.75,88.75,88.75,88.75,87.16,87.16,87.16,87.16,87.16,87.16,87.16,87.16,87.16,87.16,86.51,82.74,84.23,84.23,84.23,84.23,84.23,77.41,77.41,77.41,77.64,77.64,77.64,77.64,77.64,75.51,75.51,75.51,63.14,63.14,58.54,58.54,57.91,57.91,58.66,58.66,58.66,58.66,56.41,56.41,57.35,57.35,58.89,58.89,58.89,57.67,57.67,57.67,57.67,57.67,54.54,54.54,54.54,53.96,53.02,49.37,49.47,49.47,49.47,49.47,48.06,51.61,51.61,51.61,51.61,51.61,50.99,50.99,51.37,52.09,51.71,51.79,52.53,52.53,52.34,52.58,52.58,52.58,52.58,52.58,52.58,52.58,52.58,50.84,50.84,50.84,49.22,49.22,49.22,49.22,49.22,47.42,47.42,47.42,47.42,47.42
Producto,0.000119615,03213161,BOTAS PARA NIÑAS Y NIÑOS,82.54,82.54,82.54,83.35,82.88,82.88,82.88,82.88,84.03,84.03,85.57,85.57,86.30,86.30,86.30,86.30,86.30,86.30,86.30,86.30,86.30,86.30,86.30,86.30,86.30,86.30,85.20,85.20,85.20,83.21,83.21,83.21,83.21,83.21,83.21,83.21,83.21,83.21,83.21,83.21,83.21,80.69,80.69,80.69,80.69,80.69,80.69,80.69,80.69,80.69,80.69,80.69,80.69,80.69,80.69,80.69,80.69,80.69,80.69,80.69,80.69,79.31,79.31,79.31,79.31,79.31,77.22,77.22,77.22,75.49,76.23,76.23,76.23,76.23,74.65,76.23,74.64,74.64,74.64,74.64,76.35,76.35,74.64,74.64,74.64,74.64,78.04,78.04,85.31,85.31,87.86,87.86,87.86,90.28,93.07,93.07,93.07,93.07,93.07,93.07,85.13,88.02,92.04,92.04,92.04,92.04,92.04,92.04,92.04,92.04,89.40,89.88,89.88,89.88,89.88,89.88,89.88,89.88,89.88,89.88,90.36,90.36,90.36,90.36,90.36,89.26,89.26,89.26,89.26,89.26,89.26,89.26,89.26,89.26,89.26,89.26,78.79,78.79
Subclase,0.000674382,03214,Zapatos de niños y niñas de 0 a 2 años,100.98,100.29,102.24,102.24,102.83,102.83,97.41,102.80,96.96,96.96,96.96,96.96,96.96,96.96,96.96,96.96,96.96,97.56,97.78,97.97,97.97,97.97,100.03,100.03,100.46,104.28,104.28,104.59,104.59,103.58,96.64,103.58,103.58,99.20,99.20,100.76,100.76,100.76,100.76,100.76,100.76,101.92,102.05,103.23,103.23,103.23,103.23,103.23,103.23,103.23,103.23,103.23,103.23,103.23,103.45,103.45,103.45,103.45,103.45,103.80,103.80,103.80,103.80,103.80,103.80,103.80,103.80,103.80,103.80,103.80,103.80,103.80,104.63,104.63,104.63,104.63,104.63,104.63,104.63,104.63,104.63,106.35,107.80,107.80,107.80,107.80,107.80,106.67,106.67,104.46,105.84,105.84,105.84,105.84,104.92,95.26,95.38,95.38,93.68,93.68,93.68,93.68,90.40,93.13,93.87,93.87,93.87,93.05,94.50,94.41,95.07,96.31,96.31,96.31,96.31,96.31,96.31,97.06,92.63,92.63,91.27,91.27,91.27,91.27,91.27,91.27,91.27,89.83,89.83,91.27,91.27,92.92,92.92,92.92,92.92,91.28,91.28,91.28
Producto,0.000674382,03214162,CALZADO PARA BEBÉ,100.98,100.29,102.24,102.24,102.83,102.83,97.41,102.80,96.96,96.96,96.96,96.96,96.96,96.96,96.96,96.96,96.96,97.56,97.78,97.97,97.97,97.97,100.03,100.03,100.46,104.28,104.28,104.59,104.59,103.58,96.64,103.58,103.58,99.20,99.20,100.76,100.76,100.76,100.76,100.76,100.76,101.92,102.05,103.23,103.23,103.23,103.23,103.23,103.23,103.23,103.23,103.23,103.23,103.23,103.45,103.45,103.45,103.45,103.45,103.80,103.80,103.80,103.80,103.80,103.80,103.80,103.80,103.80,103.80,103.80,103.80,103.80,104.63,104.63,104.63,104.63,104.63,104.63,104.63,104.63,104.63,106.35,107.80,107.80,107.80,107.80,107.80,106.67,106.67,104.46,105.84,105.84,105.84,105.84,104.92,95.26,95.38,95.38,93.68,93.68,93.68,93.68,90.40,93.13,93.87,93.87,93.87,93.05,94.50,94.41,95.07,96.31,96.31,96.31,96.31,96.31,96.31,97.06,92.63,92.63,91.27,91.27,91.27,91.27,91.27,91.27,91.27,89.83,89.83,91.27,91.27,92.92,92.92,92.92,92.92,91.28,91.28,91.28
Clase,0.000507072,0322,Reparación y alquiler de calzado (S),104.68,104.68,104.68,106.00,106.00,106.00,106.00,106.00,110.39,111.02,111.02,111.02,111.02,112.45,114.85,118.35,118.35,118.35,118.35,118.35,118.35,118.35,118.35,118.35,118.35,118.35,118.35,117.71,117.71,117.71,117.71,117.71,117.71,117.71,117.71,117.71,117.71,117.71,117.71,117.71,117.71,117.71,118.65,118.65,118.65,118.65,118.65,118.65,118.65,118.65,118.65,114.71,114.71,114.71,114.71,114.71,114.71,114.71,114.71,114.71,114.71,114.71,114.71,114.71,114.71,114.71,114.71,114.71,114.71,114.71,114.25,114.25,114.25,114.25,114.25,114.25,114.25,114.67,114.18,114.67,114.67,114.67,114.67,114.67,114.67,117.66,117.66,118.62,121.47,121.47,121.47,122.26,122.63,122.63,122.63,122.63,122.63,120.19,120.19,120.19,120.19,120.19,120.19,120.19,120.19,117.97,117.97,121.80,122.50,122.50,122.50,134.50,135.48,135.48,135.48,135.94,135.94,135.94,135.94,135.94,135.94,135.94,135.94,135.94,135.94,135.94,135.94,135.94,135.94,135.94,135.94,135.94,152.58,152.58,152.58,150.28,150.28,150.28
Subclase,0.000507072,03221,Reparación y alquiler de calzado,104.68,104.68,104.68,106.00,106.00,106.00,106.00,106.00,110.39,111.02,111.02,111.02,111.02,112.45,114.85,118.35,118.35,118.35,118.35,118.35,118.35,118.35,118.35,118.35,118.35,118.35,118.35,117.71,117.71,117.71,117.71,117.71,117.71,117.71,117.71,117.71,117.71,117.71,117.71,117.71,117.71,117.71,118.65,118.65,118.65,118.65,118.65,118.65,118.65,118.65,118.65,114.71,114.71,114.71,114.71,114.71,114.71,114.71,114.71,114.71,114.71,114.71,114.71,114.71,114.71,114.71,114.71,114.71,114.71,114.71,114.25,114.25,114.25,114.25,114.25,114.25,114.25,114.67,114.18,114.67,114.67,114.67,114.67,114.67,114.67,117.66,117.66,118.62,121.47,121.47,121.47,122.26,122.63,122.63,122.63,122.63,122.63,120.19,120.19,120.19,120.19,120.19,120.19,120.19,120.19,117.97,117.97,121.80,122.50,122.50,122.50,134.50,135.48,135.48,135.48,135.94,135.94,135.94,135.94,135.94,135.94,135.94,135.94,135.94,135.94,135.94,135.94,135.94,135.94,135.94,135.94,135.94,152.58,152.58,152.58,150.28,150.28,150.28
Producto,0.000507072,03221163,LIMPIEZA Y REPARACIÓN DE CALZADO,104.68,104.68,104.68,106.00,106.00,106.00,106.00,106.00,110.39,111.02,111.02,111.02,111.02,112.45,114.85,118.35,118.35,118.35,118.35,118.35,118.35,118.35,118.35,118.35,118.35,118.35,118.35,117.71,117.71,117.71,117.71,117.71,117.71,117.71,117.71,117.71,117.71,117.71,117.71,117.71,117.71,117.71,118.65,118.65,118.65,118.65,118.65,118.65,118.65,118.65,118.65,114.71,114.71,114.71,114.71,114.71,114.71,114.71,114.71,114.71,114.71,114.71,114.71,114.71,114.71,114.71,114.71,114.71,114.71,114.71,114.25,114.25,114.25,114.25,114.25,114.25,114.25,114.67,114.18,114.67,114.67,114.67,114.67,114.67,114.67,117.66,117.66,118.62,121.47,121.47,121.47,122.26,122.63,122.63,122.63,122.63,122.63,120.19,120.19,120.19,120.19,120.19,120.19,120.19,120.19,117.97,117.97,121.80,122.50,122.50,122.50,134.50,135.48,135.48,135.48,135.94,135.94,135.94,135.94,135.94,135.94,135.94,135.94,135.94,135.94,135.94,135.94,135.94,135.94,135.94,135.94,135.94,152.58,152.58,152.58,150.28,150.28,150.28
División,0.082995127,04,"Alojamiento, agua, electricidad, gas y otros combustibles",100.69,101.01,101.03,101.37,101.51,101.62,107.93,107.44,107.61,107.71,107.83,112.81,112.83,113.28,113.56,113.78,113.96,114.12,114.51,115.30,115.37,115.58,115.70,115.77,116.04,116.23,116.30,116.19,116.44,116.43,116.43,116.54,116.59,116.49,116.48,116.51,116.62,116.80,117.14,117.23,117.09,117.22,117.24,117.37,117.70,117.83,117.93,118.20,118.33,118.40,118.49,118.64,118.53,118.74,118.88,119.18,119.28,119.25,119.25,119.23,119.42,119.41,119.39,119.45,119.26,119.19,119.25,119.04,118.85,118.80,118.17,118.07,118.20,119.63,119.75,120.00,120.01,120.21,120.36,120.52,120.65,120.66,120.87,120.77,121.01,121.43,121.56,121.65,122.10,122.31,122.48,122.58,125.94,126.03,126.12,125.94,126.05,127.10,127.50,127.66,127.65,127.58,127.62,127.66,127.74,127.85,127.90,127.95,128.13,128.79,128.87,132.48,132.73,125.77,133.09,133.22,133.31,133.49,133.60,117.95,118.22,118.45,118.53,118.65,135.18,135.66,135.75,135.87,136.00,136.19,129.00,128.97,129.55,129.91,138.98,139.30,139.78,139.68
Grupo,0.038323871,041,Alquileres efectivos del alojamiento,99.06,99.15,99.24,99.77,99.90,100.02,100.18,100.21,100.52,100.72,100.95,101.13,101.13,101.55,102.11,102.60,103.08,103.43,103.94,104.14,104.25,104.64,104.90,105.05,105.30,105.37,105.57,105.40,105.41,105.60,105.72,105.91,105.98,106.03,106.09,106.09,106.20,106.41,106.81,106.89,106.74,107.00,107.05,107.28,107.89,108.16,108.31,108.70,108.87,108.94,109.12,109.18,109.34,109.52,109.87,110.47,110.64,110.56,110.61,110.62,110.65,110.75,110.77,110.87,110.57,110.46,110.31,110.00,109.66,109.56,108.64,108.47,108.67,108.72,108.93,109.29,109.28,109.43,109.54,109.91,109.88,109.90,110.16,110.00,110.15,110.16,110.32,110.42,111.16,111.44,111.67,111.83,111.75,111.80,111.88,111.52,111.48,111.46,111.66,111.68,111.73,111.76,111.88,111.96,112.16,112.30,112.38,112.45,112.65,112.95,113.10,113.44,113.84,114.06,114.49,114.73,114.85,115.18,115.38,116.48,116.88,117.14,117.33,117.50,118.04,118.66,118.80,119.01,119.16,119.47,120.06,120.06,120.70,121.44,121.89,122.41,123.14,122.83
Clase,0.038323871,0411,Alquileres efectivos pagados por los inquilinos (S),99.06,99.15,99.24,99.77,99.90,100.02,100.18,100.21,100.52,100.72,100.95,101.13,101.13,101.55,102.11,102.60,103.08,103.43,103.94,104.14,104.25,104.64,104.90,105.05,105.30,105.37,105.57,105.40,105.41,105.60,105.72,105.91,105.98,106.03,106.09,106.09,106.20,106.41,106.81,106.89,106.74,107.00,107.05,107.28,107.89,108.16,108.31,108.70,108.87,108.94,109.12,109.18,109.34,109.52,109.87,110.47,110.64,110.56,110.61,110.62,110.65,110.75,110.77,110.87,110.57,110.46,110.31,110.00,109.66,109.56,108.64,108.47,108.67,108.72,108.93,109.29,109.28,109.43,109.54,109.91,109.88,109.90,110.16,110.00,110.15,110.16,110.32,110.42,111.16,111.44,111.67,111.83,111.75,111.80,111.88,111.52,111.48,111.46,111.66,111.68,111.73,111.76,111.88,111.96,112.16,112.30,112.38,112.45,112.65,112.95,113.10,113.44,113.84,114.06,114.49,114.73,114.85,115.18,115.38,116.48,116.88,117.14,117.33,117.50,118.04,118.66,118.80,119.01,119.16,119.47,120.06,120.06,120.70,121.44,121.89,122.41,123.14,122.83
Subclase,0.038323871,04111,Alquileres efectivos de la vivienda,99.06,99.15,99.24,99.77,99.90,100.02,100.18,100.21,100.52,100.72,100.95,101.13,101.13,101.55,102.11,102.60,103.08,103.43,103.94,104.14,104.25,104.64,104.90,105.05,105.30,105.37,105.57,105.40,105.41,105.60,105.72,105.91,105.98,106.03,106.09,106.09,106.20,106.41,106.81,106.89,106.74,107.00,107.05,107.28,107.89,108.16,108.31,108.70,108.87,108.94,109.12,109.18,109.34,109.52,109.87,110.47,110.64,110.56,110.61,110.62,110.65,110.75,110.77,110.87,110.57,110.46,110.31,110.00,109.66,109.56,108.64,108.47,108.67,108.72,108.93,109.29,109.28,109.43,109.54,109.91,109.88,109.90,110.16,110.00,110.15,110.16,110.32,110.42,111.16,111.44,111.67,111.83,111.75,111.80,111.88,111.52,111.48,111.46,111.66,111.68,111.73,111.76,111.88,111.96,112.16,112.30,112.38,112.45,112.65,112.95,113.10,113.44,113.84,114.06,114.49,114.73,114.85,115.18,115.38,116.48,116.88,117.14,117.33,117.50,118.04,118.66,118.80,119.01,119.16,119.47,120.06,120.06,120.70,121.44,121.89,122.41,123.14,122.83
Producto,0.018519433,04111164,ALQUILER DE CASA,98.89,99.04,99.04,99.77,99.86,100.02,100.14,100.14,100.69,100.92,101.16,101.58,101.58,101.76,102.05,102.10,102.69,103.01,103.29,103.29,103.55,104.21,104.59,104.86,105.05,104.85,105.09,105.13,105.12,105.20,105.31,105.69,105.86,106.61,106.61,106.66,106.88,107.15,107.86,107.82,107.53,107.72,107.79,108.06,108.06,108.06,108.42,108.92,109.09,109.22,109.40,109.43,109.70,109.97,110.64,111.53,111.46,111.28,111.42,111.42,111.52,111.57,111.54,111.54,111.34,111.24,111.02,110.57,110.07,110.15,109.50,109.39,109.56,109.54,109.88,109.88,110.01,110.23,110.35,110.89,110.86,110.86,111.10,110.74,111.00,110.93,111.19,111.24,111.13,111.92,112.18,112.53,112.57,112.65,112.71,111.85,111.80,111.80,112.14,112.13,112.17,112.48,112.48,112.48,112.81,112.94,113.00,113.00,113.28,113.65,113.89,114.43,114.93,114.94,115.35,115.57,115.73,115.89,116.19,117.73,118.41,118.39,118.48,118.57,119.06,119.11,119.29,119.37,119.54,119.84,120.44,120.47,121.10,121.96,122.63,122.97,123.59,123.67
Producto,0.013111185,04111165,ALQUILER DE DEPARTAMENTO,99.64,99.65,99.90,99.97,100.03,100.15,100.22,100.33,100.36,100.47,100.82,100.67,100.67,101.16,101.38,102.36,102.62,102.88,104.05,104.68,104.60,104.66,104.85,104.85,105.13,105.37,105.56,105.32,105.38,105.84,105.93,105.89,106.09,106.08,106.29,106.20,106.05,106.25,106.28,106.44,106.46,106.87,106.91,106.89,107.11,107.27,107.11,107.18,107.44,107.43,107.68,107.84,107.88,107.99,107.92,107.96,108.08,108.12,108.05,108.06,108.00,108.21,108.33,108.59,108.00,107.80,107.69,107.69,107.46,107.41,107.09,106.74,107.06,107.29,107.37,107.43,107.15,107.23,107.41,107.64,107.59,107.65,108.08,108.21,108.24,108.39,108.45,109.12,109.90,109.89,110.04,110.07,109.98,110.01,109.93,110.21,110.17,110.01,110.06,109.98,110.07,110.48,110.84,110.98,111.07,111.30,111.45,111.52,111.68,112.02,112.08,112.23,112.30,112.44,112.70,113.11,113.06,113.35,113.80,114.17,114.25,114.60,115.04,115.45,115.92,116.31,116.46,116.62,116.82,116.98,117.44,117.39,117.79,118.25,118.26,118.79,119.63,119.53
Producto,0.006693254,04111166,ALQUILER DE PIEZA,98.49,98.49,98.62,99.37,99.78,99.78,100.24,100.24,100.24,100.45,100.45,100.45,100.46,101.56,103.86,104.93,105.51,106.15,106.15,106.15,106.15,106.15,106.15,106.17,106.54,107.34,107.34,106.54,106.54,106.54,106.80,106.80,106.16,103.73,103.73,103.73,104.03,104.03,104.03,104.40,104.40,104.60,104.60,105.24,108.91,110.39,110.39,111.07,111.07,111.07,111.07,111.07,111.07,111.07,111.07,111.80,112.99,112.99,112.99,112.99,112.99,112.99,112.99,113.14,113.14,113.14,113.14,112.70,112.70,111.86,108.70,108.70,108.70,108.70,108.70,111.02,111.02,111.02,111.02,111.02,111.02,111.02,111.02,111.02,111.02,111.02,111.02,110.11,113.92,112.92,113.18,112.88,112.38,112.38,112.86,113.06,113.06,113.24,113.24,113.55,113.55,111.78,111.78,112.04,112.04,112.04,112.04,112.32,112.32,112.32,112.32,112.32,113.00,114.18,115.03,115.03,115.30,116.36,115.69,116.71,116.71,117.83,117.83,117.83,118.71,121.91,121.91,122.66,122.66,123.32,124.11,124.11,125.30,126.20,126.76,127.88,128.82,126.64
Grupo,0.004485941,043,Conservación y reparación de la vivienda,101.43,102.69,102.12,102.06,102.06,102.06,102.15,102.12,102.12,101.96,101.96,101.96,102.01,102.70,101.97,100.02,97.99,96.09,95.99,96.05,96.21,96.07,95.74,95.57,94.22,93.28,92.57,92.24,92.24,91.83,91.86,91.84,92.73,92.40,90.96,91.94,92.81,93.73,95.31,96.31,96.57,96.58,96.58,96.60,96.60,96.18,96.34,97.71,97.91,97.91,97.79,98.09,98.10,98.09,97.59,96.91,96.91,97.00,96.82,96.16,96.16,96.16,95.39,95.62,94.79,94.28,94.57,94.50,94.50,94.50,94.50,94.41,94.58,94.41,95.37,94.89,95.26,97.32,99.63,98.04,98.71,99.31,101.00,101.33,101.15,101.04,101.70,102.10,102.54,102.63,104.84,105.25,104.58,104.89,105.98,105.47,105.31,105.60,105.51,105.43,105.41,105.46,104.73,104.17,104.27,105.09,105.22,105.36,106.40,106.44,106.44,108.27,108.67,107.90,108.42,108.37,108.30,108.10,108.13,107.57,106.94,106.93,106.95,107.30,107.11,110.97,110.63,110.72,110.76,110.95,110.82,110.87,114.32,114.11,114.91,115.38,115.37,116.39
Clase,0.002530953,0431,Materiales para la conservación y la reparación de la vivienda (ND),99.95,101.38,100.22,100.00,100.00,100.00,100.26,100.17,100.17,99.74,99.74,99.74,99.89,100.18,100.34,100.18,97.92,94.78,94.52,94.68,95.11,94.73,93.84,94.12,93.77,93.19,92.88,91.99,92.00,90.89,90.96,90.91,91.35,90.45,86.54,89.20,91.56,92.44,92.44,92.63,93.33,93.35,93.35,93.41,93.41,92.26,92.25,92.77,93.30,93.30,94.11,94.93,94.95,94.91,95.04,94.62,94.64,94.87,94.37,94.30,94.30,94.30,93.17,94.43,94.22,94.22,95.63,95.43,95.43,95.43,95.43,95.18,95.66,95.18,95.78,94.48,94.76,95.91,99.04,96.84,98.67,100.30,102.40,103.28,103.56,103.26,103.58,104.65,105.84,106.10,108.65,109.74,107.93,104.89,106.59,105.22,104.78,105.56,104.51,104.28,104.23,104.37,102.40,100.88,101.14,103.37,103.72,104.09,106.17,106.29,106.28,108.31,109.40,107.31,108.71,108.57,108.38,107.85,107.93,106.41,104.69,104.68,104.71,105.68,105.15,104.11,103.17,103.44,103.54,104.05,103.70,103.83,105.15,104.58,104.69,105.95,105.93,108.71
Subclase,0.002530953,04311,Materiales para la conservación y la reparación de la vivienda,99.95,101.38,100.22,100.00,100.00,100.00,100.26,100.17,100.17,99.74,99.74,99.74,99.89,100.18,100.34,100.18,97.92,94.78,94.52,94.68,95.11,94.73,93.84,94.12,93.77,93.19,92.88,91.99,92.00,90.89,90.96,90.91,91.35,90.45,86.54,89.20,91.56,92.44,92.44,92.63,93.33,93.35,93.35,93.41,93.41,92.26,92.25,92.77,93.30,93.30,94.11,94.93,94.95,94.91,95.04,94.62,94.64,94.87,94.37,94.30,94.30,94.30,93.17,94.43,94.22,94.22,95.63,95.43,95.43,95.43,95.43,95.18,95.66,95.18,95.78,94.48,94.76,95.91,99.04,96.84,98.67,100.30,102.40,103.28,103.56,103.26,103.58,104.65,105.84,106.10,108.65,109.74,107.93,104.89,106.59,105.22,104.78,105.56,104.51,104.28,104.23,104.37,102.40,100.88,101.14,103.37,103.72,104.09,106.17,106.29,106.28,108.31,109.40,107.31,108.71,108.57,108.38,107.85,107.93,106.41,104.69,104.68,104.71,105.68,105.15,104.11,103.17,103.44,103.54,104.05,103.70,103.83,105.15,104.58,104.69,105.95,105.93,108.71
Producto,0.000635136,04311167,CEMENTO,100.87,100.87,100.87,100.87,100.87,100.87,100.87,100.87,100.87,100.87,100.87,100.87,102.25,103.75,104.82,103.75,103.75,104.48,104.48,105.56,105.34,106.16,105.85,105.85,105.85,105.52,105.63,105.63,105.72,104.40,104.48,104.17,105.05,104.26,104.33,104.24,104.24,104.24,104.24,104.24,104.24,104.24,104.24,104.68,104.68,104.13,104.13,104.13,104.13,104.13,104.13,104.13,104.13,103.89,103.89,103.89,103.89,103.89,103.89,103.42,103.89,103.89,103.89,104.36,104.29,104.29,104.29,104.29,104.29,104.29,104.29,103.89,103.89,103.89,104.35,104.11,104.11,104.11,103.96,103.96,103.96,103.96,103.96,103.96,104.63,107.73,107.84,107.82,107.94,107.94,107.94,107.94,107.51,103.53,107.38,107.56,108.21,109.41,109.01,109.04,108.71,108.00,108.00,107.96,107.96,107.96,107.96,108.18,108.18,108.28,109.45,106.09,104.56,103.87,102.98,102.98,102.96,102.96,102.96,102.25,101.02,100.79,100.79,98.46,98.34,98.96,98.53,98.62,97.81,99.30,96.94,97.74,97.74,98.07,97.92,99.31,101.01,100.68
Producto,0.001220167,04311168,PINTURA,101.11,103.45,101.76,101.34,101.34,101.34,101.63,101.63,101.63,101.63,101.63,101.63,101.55,101.55,101.55,101.55,98.27,93.37,93.37,93.37,93.37,93.37,92.11,92.11,92.11,91.34,91.34,91.34,91.34,90.28,90.28,90.28,90.64,89.18,83.49,87.36,90.76,91.58,91.58,91.58,92.04,92.04,92.04,92.04,92.04,90.17,90.44,91.52,91.52,91.52,92.36,93.80,93.81,93.81,93.81,93.81,93.81,93.81,93.81,93.81,93.81,93.81,92.17,93.89,93.60,93.60,95.88,95.59,95.59,95.59,95.59,95.59,95.59,94.90,95.67,93.98,94.38,95.61,99.97,96.78,99.43,101.58,103.94,104.61,104.87,103.63,104.07,105.60,105.97,106.39,110.12,111.71,108.80,106.90,108.80,106.55,106.55,107.43,105.94,105.94,105.94,105.83,102.70,100.79,100.79,104.28,104.79,104.34,107.36,106.70,106.70,110.62,112.76,110.18,112.36,112.20,112.20,111.42,111.42,109.74,107.49,107.49,107.54,109.44,108.73,106.73,105.82,106.17,106.49,106.49,106.20,106.21,108.36,107.76,107.76,109.31,108.91,113.14
Producto,0.00067565,04311169,MATERIALES PARA REPARACIÓN DE LA VIVIENDA,94.21,93.12,93.12,93.56,93.58,93.58,93.94,93.38,93.38,90.74,90.74,90.74,90.74,91.17,91.17,91.17,91.17,91.95,90.32,90.32,93.20,90.10,90.26,91.96,89.82,89.82,87.83,82.33,82.33,81.19,81.57,81.57,81.94,83.28,83.28,83.33,83.47,85.35,85.35,86.52,88.91,88.99,88.99,88.99,88.97,90.33,89.11,87.77,91.03,91.03,92.43,91.41,91.45,91.45,92.24,89.69,89.81,91.18,88.15,88.15,87.69,87.69,87.69,87.69,87.69,87.69,86.72,86.72,86.72,86.72,86.72,85.54,88.48,88.48,88.48,87.87,87.87,89.75,90.64,90.64,90.64,91.59,94.49,97.06,97.06,97.64,97.64,97.80,103.40,103.22,103.09,103.09,104.67,97.65,96.57,97.48,94.19,94.19,94.41,92.99,92.99,94.91,96.10,94.84,96.42,95.35,95.35,99.33,99.33,102.75,101.64,100.61,99.65,98.30,98.52,98.30,97.19,97.19,97.72,96.19,96.19,96.36,96.36,96.36,96.21,97.71,96.24,96.28,96.28,98.03,99.30,99.30,98.36,97.11,97.85,97.83,97.83,97.29
Clase,0.001954988,0432,Servicios para la conservación y la reparación de la vivienda (S),102.30,103.46,103.23,103.26,103.26,103.26,103.26,103.26,103.26,103.26,103.26,103.26,103.26,104.18,102.92,99.93,98.04,96.85,96.85,96.85,96.85,96.85,96.85,96.42,94.49,93.32,92.38,92.38,92.38,92.38,92.38,92.38,93.54,93.54,93.54,93.54,93.54,94.49,96.99,98.46,98.46,98.46,98.46,98.46,98.46,98.46,98.73,100.59,100.59,100.59,99.94,99.94,99.94,99.94,99.09,98.24,98.24,98.24,98.24,97.25,97.25,97.25,96.68,96.31,95.13,94.32,93.96,93.96,93.96,93.96,93.96,93.96,93.96,93.96,95.13,95.13,95.55,98.15,99.97,98.74,98.74,98.74,100.19,100.19,99.75,99.75,100.60,100.60,100.60,100.60,102.62,102.62,102.62,104.89,105.62,105.62,105.62,105.62,106.10,106.10,106.10,106.10,106.10,106.10,106.10,106.10,106.10,106.10,106.53,106.53,106.53,108.25,108.25,108.25,108.25,108.25,108.25,108.25,108.25,108.25,108.25,108.25,108.25,108.25,108.25,114.98,114.98,114.98,114.98,114.98,114.98,114.98,119.67,119.67,120.89,120.89,120.89,120.89
Subclase,0.001954988,04321,Servicios para la conservación y la reparación de la vivienda,102.30,103.46,103.23,103.26,103.26,103.26,103.26,103.26,103.26,103.26,103.26,103.26,103.26,104.18,102.92,99.93,98.04,96.85,96.85,96.85,96.85,96.85,96.85,96.42,94.49,93.32,92.38,92.38,92.38,92.38,92.38,92.38,93.54,93.54,93.54,93.54,93.54,94.49,96.99,98.46,98.46,98.46,98.46,98.46,98.46,98.46,98.73,100.59,100.59,100.59,99.94,99.94,99.94,99.94,99.09,98.24,98.24,98.24,98.24,97.25,97.25,97.25,96.68,96.31,95.13,94.32,93.96,93.96,93.96,93.96,93.96,93.96,93.96,93.96,95.13,95.13,95.55,98.15,99.97,98.74,98.74,98.74,100.19,100.19,99.75,99.75,100.60,100.60,100.60,100.60,102.62,102.62,102.62,104.89,105.62,105.62,105.62,105.62,106.10,106.10,106.10,106.10,106.10,106.10,106.10,106.10,106.10,106.10,106.53,106.53,106.53,108.25,108.25,108.25,108.25,108.25,108.25,108.25,108.25,108.25,108.25,108.25,108.25,108.25,108.25,114.98,114.98,114.98,114.98,114.98,114.98,114.98,119.67,119.67,120.89,120.89,120.89,120.89
Producto,0.001954988,04321170,SERVICIOS DE REPARACIÓN DE LA VIVIENDA,102.30,103.46,103.23,103.26,103.26,103.26,103.26,103.26,103.26,103.26,103.26,103.26,103.26,104.18,102.92,99.93,98.04,96.85,96.85,96.85,96.85,96.85,96.85,96.42,94.49,93.32,92.38,92.38,92.38,92.38,92.38,92.38,93.54,93.54,93.54,93.54,93.54,94.49,96.99,98.46,98.46,98.46,98.46,98.46,98.46,98.46,98.73,100.59,100.59,100.59,99.94,99.94,99.94,99.94,99.09,98.24,98.24,98.24,98.24,97.25,97.25,97.25,96.68,96.31,95.13,94.32,93.96,93.96,93.96,93.96,93.96,93.96,93.96,93.96,95.13,95.13,95.55,98.15,99.97,98.74,98.74,98.74,100.19,100.19,99.75,99.75,100.60,100.60,100.60,100.60,102.62,102.62,102.62,104.89,105.62,105.62,105.62,105.62,106.10,106.10,106.10,106.10,106.10,106.10,106.10,106.10,106.10,106.10,106.53,106.53,106.53,108.25,108.25,108.25,108.25,108.25,108.25,108.25,108.25,108.25,108.25,108.25,108.25,108.25,108.25,114.98,114.98,114.98,114.98,114.98,114.98,114.98,119.67,119.67,120.89,120.89,120.89,120.89
Grupo,0.01578502,044,Suministro de agua y servicios diversos relacionados con la vivienda,98.63,98.63,98.57,98.95,98.95,98.95,140.67,140.83,140.83,140.83,140.83,173.48,173.60,173.72,173.72,173.98,173.98,174.04,174.79,179.32,179.32,179.32,179.32,179.32,180.64,180.80,180.80,180.80,182.85,182.53,182.27,182.27,182.27,182.00,182.00,182.00,182.09,182.05,181.63,181.63,181.63,181.63,181.63,181.63,181.63,181.63,181.63,181.63,181.82,181.83,181.83,181.83,181.83,181.83,181.62,181.62,181.62,181.62,181.62,181.62,181.80,181.80,181.80,181.80,181.80,181.80,181.80,181.54,181.54,181.54,181.54,181.54,181.64,181.64,181.44,181.44,181.44,181.44,181.44,181.44,181.44,181.44,181.47,181.47,181.47,182.41,182.41,182.41,182.21,182.38,182.21,182.37,205.64,205.64,205.65,205.65,205.88,212.90,213.62,214.55,214.55,214.55,214.61,214.61,214.61,214.61,214.61,214.61,214.63,217.35,217.35,239.10,239.10,239.10,239.10,239.10,239.10,239.10,239.11,239.11,239.20,239.20,239.20,239.20,239.20,239.08,239.08,239.08,239.08,239.08,239.08,239.08,239.16,239.16,298.05,298.23,298.66,298.84
Clase,0.012677546,0441,Suministro de agua (ND),98.13,98.13,98.06,98.06,98.06,98.06,147.88,147.88,147.88,147.88,147.88,186.88,186.88,186.88,186.88,186.88,186.88,186.88,186.88,192.29,192.29,192.29,192.29,192.29,192.29,192.29,192.29,192.29,194.75,194.75,194.75,194.75,194.75,194.75,194.75,194.75,194.75,194.75,194.75,194.75,194.75,194.75,194.75,194.75,194.75,194.75,194.75,194.75,194.75,194.75,194.75,194.75,194.75,194.75,194.75,194.75,194.75,194.75,194.75,194.75,194.75,194.75,194.75,194.75,194.75,194.75,194.75,194.75,194.75,194.75,194.75,194.75,194.75,194.75,194.75,194.75,194.75,194.75,194.75,194.75,194.75,194.75,194.75,194.75,194.75,194.75,194.75,194.75,194.75,194.75,194.75,194.75,222.84,222.84,222.84,222.84,222.84,231.21,231.21,231.21,231.21,231.21,231.21,231.21,231.21,231.21,231.21,231.21,231.21,234.39,234.39,259.66,259.66,259.66,259.66,259.66,259.66,259.66,259.66,259.66,259.66,259.66,259.66,259.66,259.66,259.66,259.66,259.66,259.66,259.66,259.66,259.66,259.66,259.66,329.99,330.21,330.72,330.93
Subclase,0.012677546,04411,Suministro de agua,98.13,98.13,98.06,98.06,98.06,98.06,147.88,147.88,147.88,147.88,147.88,186.88,186.88,186.88,186.88,186.88,186.88,186.88,186.88,192.29,192.29,192.29,192.29,192.29,192.29,192.29,192.29,192.29,194.75,194.75,194.75,194.75,194.75,194.75,194.75,194.75,194.75,194.75,194.75,194.75,194.75,194.75,194.75,194.75,194.75,194.75,194.75,194.75,194.75,194.75,194.75,194.75,194.75,194.75,194.75,194.75,194.75,194.75,194.75,194.75,194.75,194.75,194.75,194.75,194.75,194.75,194.75,194.75,194.75,194.75,194.75,194.75,194.75,194.75,194.75,194.75,194.75,194.75,194.75,194.75,194.75,194.75,194.75,194.75,194.75,194.75,194.75,194.75,194.75,194.75,194.75,194.75,222.84,222.84,222.84,222.84,222.84,231.21,231.21,231.21,231.21,231.21,231.21,231.21,231.21,231.21,231.21,231.21,231.21,234.39,234.39,259.66,259.66,259.66,259.66,259.66,259.66,259.66,259.66,259.66,259.66,259.66,259.66,259.66,259.66,259.66,259.66,259.66,259.66,259.66,259.66,259.66,259.66,259.66,329.99,330.21,330.72,330.93
Producto,0.012677546,04411171,SUMINISTRO DE AGUA,98.13,98.13,98.06,98.06,98.06,98.06,147.88,147.88,147.88,147.88,147.88,186.88,186.88,186.88,186.88,186.88,186.88,186.88,186.88,192.29,192.29,192.29,192.29,192.29,192.29,192.29,192.29,192.29,194.75,194.75,194.75,194.75,194.75,194.75,194.75,194.75,194.75,194.75,194.75,194.75,194.75,194.75,194.75,194.75,194.75,194.75,194.75,194.75,194.75,194.75,194.75,194.75,194.75,194.75,194.75,194.75,194.75,194.75,194.75,194.75,194.75,194.75,194.75,194.75,194.75,194.75,194.75,194.75,194.75,194.75,194.75,194.75,194.75,194.75,194.75,194.75,194.75,194.75,194.75,194.75,194.75,194.75,194.75,194.75,194.75,194.75,194.75,194.75,194.75,194.75,194.75,194.75,222.84,222.84,222.84,222.84,222.84,231.21,231.21,231.21,231.21,231.21,231.21,231.21,231.21,231.21,231.21,231.21,231.21,234.39,234.39,259.66,259.66,259.66,259.66,259.66,259.66,259.66,259.66,259.66,259.66,259.66,259.66,259.66,259.66,259.66,259.66,259.66,259.66,259.66,259.66,259.66,259.66,259.66,329.99,330.21,330.72,330.93
Clase,0.003107474,0444,Otros servicios relacionados con la vivienda n.e.p. (S),101.22,101.22,101.22,103.54,103.54,103.54,103.54,104.51,104.51,104.51,104.51,104.51,105.30,106.00,106.00,107.59,107.59,107.97,112.58,112.58,112.58,112.58,112.58,112.58,120.65,121.64,121.64,121.64,121.64,119.65,118.07,118.07,118.07,116.39,116.39,116.39,116.95,116.72,114.15,114.15,114.15,114.15,114.15,114.15,114.15,114.15,114.15,114.15,115.27,115.33,115.33,115.33,115.33,115.33,114.04,114.04,114.04,114.04,114.04,114.04,115.15,115.15,115.15,115.15,115.15,115.15,115.15,113.56,113.56,113.56,113.56,113.56,114.20,114.20,112.94,112.94,112.94,112.94,112.94,112.94,112.94,112.94,113.14,113.14,113.14,118.91,118.91,118.91,117.70,118.71,117.70,118.68,117.15,117.15,117.18,117.18,118.63,118.63,123.08,128.77,128.77,128.77,129.16,129.16,129.16,129.16,129.16,129.16,129.29,129.67,129.67,133.30,133.30,133.30,133.30,133.30,133.30,133.30,133.34,133.34,133.86,133.86,133.86,133.86,133.86,133.15,133.15,133.15,133.15,133.15,133.15,133.15,133.66,133.66,133.66,133.66,133.66,133.66
Subclase,0.003107474,04441,Servicios relacionados con la vivienda,101.22,101.22,101.22,103.54,103.54,103.54,103.54,104.51,104.51,104.51,104.51,104.51,105.30,106.00,106.00,107.59,107.59,107.97,112.58,112.58,112.58,112.58,112.58,112.58,120.65,121.64,121.64,121.64,121.64,119.65,118.07,118.07,118.07,116.39,116.39,116.39,116.95,116.72,114.15,114.15,114.15,114.15,114.15,114.15,114.15,114.15,114.15,114.15,115.27,115.33,115.33,115.33,115.33,115.33,114.04,114.04,114.04,114.04,114.04,114.04,115.15,115.15,115.15,115.15,115.15,115.15,115.15,113.56,113.56,113.56,113.56,113.56,114.20,114.20,112.94,112.94,112.94,112.94,112.94,112.94,112.94,112.94,113.14,113.14,113.14,118.91,118.91,118.91,117.70,118.71,117.70,118.68,117.15,117.15,117.18,117.18,118.63,118.63,123.08,128.77,128.77,128.77,129.16,129.16,129.16,129.16,129.16,129.16,129.29,129.67,129.67,133.30,133.30,133.30,133.30,133.30,133.30,133.30,133.34,133.34,133.86,133.86,133.86,133.86,133.86,133.15,133.15,133.15,133.15,133.15,133.15,133.15,133.66,133.66,133.66,133.66,133.66,133.66
Producto,0.003107474,04441172,SERVICIO DE SEGURIDAD DE LA VIVIENDA,101.22,101.22,101.22,103.54,103.54,103.54,103.54,104.51,104.51,104.51,104.51,104.51,105.30,106.00,106.00,107.59,107.59,107.97,112.58,112.58,112.58,112.58,112.58,112.58,120.65,121.64,121.64,121.64,121.64,119.65,118.07,118.07,118.07,116.39,116.39,116.39,116.95,116.72,114.15,114.15,114.15,114.15,114.15,114.15,114.15,114.15,114.15,114.15,115.27,115.33,115.33,115.33,115.33,115.33,114.04,114.04,114.04,114.04,114.04,114.04,115.15,115.15,115.15,115.15,115.15,115.15,115.15,113.56,113.56,113.56,113.56,113.56,114.20,114.20,112.94,112.94,112.94,112.94,112.94,112.94,112.94,112.94,113.14,113.14,113.14,118.91,118.91,118.91,117.70,118.71,117.70,118.68,117.15,117.15,117.18,117.18,118.63,118.63,123.08,128.77,128.77,128.77,129.16,129.16,129.16,129.16,129.16,129.16,129.29,129.67,129.67,133.30,133.30,133.30,133.30,133.30,133.30,133.30,133.34,133.34,133.86,133.86,133.86,133.86,133.86,133.15,133.15,133.15,133.15,133.15,133.15,133.15,133.66,133.66,133.66,133.66,133.66,133.66
Grupo,0.024400295,045,"Electricidad, gas y otros combustibles",105.05,105.88,105.88,105.88,106.13,106.28,106.28,104.28,104.28,104.28,104.28,104.28,104.28,104.96,104.96,104.94,104.94,105.07,105.07,105.07,105.07,105.10,105.07,105.07,105.04,105.61,105.58,105.58,105.36,105.17,105.06,105.06,105.00,104.73,104.76,104.73,104.73,104.87,105.33,105.36,105.12,105.06,105.06,105.06,105.06,105.06,105.09,105.11,105.11,105.22,105.22,105.62,104.88,105.31,105.31,105.31,105.31,105.37,105.31,105.31,105.82,105.59,105.59,105.59,105.59,105.64,106.13,106.13,106.13,106.13,105.64,105.64,105.64,110.86,110.86,111.17,111.17,111.31,111.31,111.39,111.82,111.76,111.74,111.64,112.25,113.28,113.37,113.42,113.66,113.75,113.72,113.63,113.44,113.63,113.66,113.78,114.17,114.17,114.85,114.94,114.79,114.44,114.44,114.50,114.38,114.38,114.38,114.41,114.51,114.85,114.85,115.23,115.32,88.99,115.37,115.37,115.49,115.52,115.49,54.85,55.11,55.44,55.37,55.40,116.08,116.11,116.24,116.24,116.41,116.47,88.45,88.33,88.62,88.49,88.49,88.49,88.54,88.54
Clase,0.02088336,0451,Electricidad (ND),106.33,107.31,107.31,107.31,107.62,107.78,107.78,105.42,105.42,105.42,105.42,105.42,105.42,106.23,106.23,106.20,106.20,106.20,106.20,106.20,106.20,106.23,106.20,106.20,106.16,106.84,106.81,106.81,106.81,106.70,106.57,106.57,106.50,106.47,106.50,106.47,106.47,106.64,107.18,107.21,107.21,107.14,107.14,107.14,107.14,107.14,107.18,107.18,107.18,107.31,107.31,107.78,106.91,107.41,107.41,107.41,107.41,107.48,107.41,107.41,108.02,107.75,107.75,107.75,107.75,107.82,108.39,108.39,108.39,108.39,107.82,107.82,107.82,114.00,114.00,114.35,114.46,114.50,114.50,114.68,114.82,114.75,114.85,115.00,115.46,116.68,116.78,116.89,116.96,117.07,117.03,117.07,117.14,117.21,117.25,117.39,117.85,117.85,118.82,118.92,118.96,118.92,118.92,119.00,119.03,119.03,119.03,119.07,119.42,119.89,119.89,119.82,119.89,88.72,119.96,119.96,120.10,120.14,120.10,48.34,48.59,48.98,48.98,49.02,120.85,121.10,121.21,121.21,121.50,121.57,88.40,88.40,88.61,88.61,88.61,88.61,88.61,88.61
Subclase,0.02088336,04511,Electricidad,106.33,107.31,107.31,107.31,107.62,107.78,107.78,105.42,105.42,105.42,105.42,105.42,105.42,106.23,106.23,106.20,106.20,106.20,106.20,106.20,106.20,106.23,106.20,106.20,106.16,106.84,106.81,106.81,106.81,106.70,106.57,106.57,106.50,106.47,106.50,106.47,106.47,106.64,107.18,107.21,107.21,107.14,107.14,107.14,107.14,107.14,107.18,107.18,107.18,107.31,107.31,107.78,106.91,107.41,107.41,107.41,107.41,107.48,107.41,107.41,108.02,107.75,107.75,107.75,107.75,107.82,108.39,108.39,108.39,108.39,107.82,107.82,107.82,114.00,114.00,114.35,114.46,114.50,114.50,114.68,114.82,114.75,114.85,115.00,115.46,116.68,116.78,116.89,116.96,117.07,117.03,117.07,117.14,117.21,117.25,117.39,117.85,117.85,118.82,118.92,118.96,118.92,118.92,119.00,119.03,119.03,119.03,119.07,119.42,119.89,119.89,119.82,119.89,88.72,119.96,119.96,120.10,120.14,120.10,48.34,48.59,48.98,48.98,49.02,120.85,121.10,121.21,121.21,121.50,121.57,88.40,88.40,88.61,88.61,88.61,88.61,88.61,88.61
Producto,0.02088336,04511173,SERVICIO DE CONSUMO ELÉCTRICO,106.33,107.31,107.31,107.31,107.62,107.78,107.78,105.42,105.42,105.42,105.42,105.42,105.42,106.23,106.23,106.20,106.20,106.20,106.20,106.20,106.20,106.23,106.20,106.20,106.16,106.84,106.81,106.81,106.81,106.70,106.57,106.57,106.50,106.47,106.50,106.47,106.47,106.64,107.18,107.21,107.21,107.14,107.14,107.14,107.14,107.14,107.18,107.18,107.18,107.31,107.31,107.78,106.91,107.41,107.41,107.41,107.41,107.48,107.41,107.41,108.02,107.75,107.75,107.75,107.75,107.82,108.39,108.39,108.39,108.39,107.82,107.82,107.82,114.00,114.00,114.35,114.46,114.50,114.50,114.68,114.82,114.75,114.85,115.00,115.46,116.68,116.78,116.89,116.96,117.07,117.03,117.07,117.14,117.21,117.25,117.39,117.85,117.85,118.82,118.92,118.96,118.92,118.92,119.00,119.03,119.03,119.03,119.07,119.42,119.89,119.89,119.82,119.89,88.72,119.96,119.96,120.10,120.14,120.10,48.34,48.59,48.98,48.98,49.02,120.85,121.10,121.21,121.21,121.50,121.57,88.40,88.40,88.61,88.61,88.61,88.61,88.61,88.61
Clase,0.003516934,0452,Gas (ND),98.06,98.06,98.06,98.06,98.06,98.06,98.06,98.06,98.06,98.06,98.06,98.06,98.06,98.06,98.06,98.06,98.06,98.93,98.93,98.93,98.93,98.93,98.93,98.93,98.93,98.93,98.93,98.93,97.48,96.83,96.83,96.83,96.83,95.27,95.27,95.27,95.27,95.27,95.27,95.27,93.71,93.71,93.71,93.71,93.71,93.71,93.71,93.84,93.84,93.84,93.84,93.84,93.84,93.84,93.84,93.84,93.84,93.84,93.84,93.84,93.84,93.84,93.79,93.79,93.79,93.79,93.79,93.79,93.79,93.79,93.79,93.79,93.79,93.79,93.79,93.79,93.21,93.93,93.93,93.50,95.48,95.48,94.78,93.35,94.78,94.78,94.78,94.48,95.68,95.68,95.65,94.89,93.28,94.10,94.10,94.10,94.10,94.10,93.25,93.25,92.08,89.97,89.97,89.97,89.05,89.05,89.05,89.05,87.70,87.41,87.41,90.24,90.44,90.44,90.35,90.35,90.35,90.35,90.35,90.35,90.65,90.65,90.15,90.15,90.06,88.91,89.17,89.17,88.70,88.70,88.70,87.95,88.66,87.80,87.80,87.80,88.15,88.15
Subclase,0.003516934,04521,Gas,98.06,98.06,98.06,98.06,98.06,98.06,98.06,98.06,98.06,98.06,98.06,98.06,98.06,98.06,98.06,98.06,98.06,98.93,98.93,98.93,98.93,98.93,98.93,98.93,98.93,98.93,98.93,98.93,97.48,96.83,96.83,96.83,96.83,95.27,95.27,95.27,95.27,95.27,95.27,95.27,93.71,93.71,93.71,93.71,93.71,93.71,93.71,93.84,93.84,93.84,93.84,93.84,93.84,93.84,93.84,93.84,93.84,93.84,93.84,93.84,93.84,93.84,93.79,93.79,93.79,93.79,93.79,93.79,93.79,93.79,93.79,93.79,93.79,93.79,93.79,93.79,93.21,93.93,93.93,93.50,95.48,95.48,94.78,93.35,94.78,94.78,94.78,94.48,95.68,95.68,95.65,94.89,93.28,94.10,94.10,94.10,94.10,94.10,93.25,93.25,92.08,89.97,89.97,89.97,89.05,89.05,89.05,89.05,87.70,87.41,87.41,90.24,90.44,90.44,90.35,90.35,90.35,90.35,90.35,90.35,90.65,90.65,90.15,90.15,90.06,88.91,89.17,89.17,88.70,88.70,88.70,87.95,88.66,87.80,87.80,87.80,88.15,88.15
Producto,0.003516934,04521174,GAS DOMÉSTICO,98.06,98.06,98.06,98.06,98.06,98.06,98.06,98.06,98.06,98.06,98.06,98.06,98.06,98.06,98.06,98.06,98.06,98.93,98.93,98.93,98.93,98.93,98.93,98.93,98.93,98.93,98.93,98.93,97.48,96.83,96.83,96.83,96.83,95.27,95.27,95.27,95.27,95.27,95.27,95.27,93.71,93.71,93.71,93.71,93.71,93.71,93.71,93.84,93.84,93.84,93.84,93.84,93.84,93.84,93.84,93.84,93.84,93.84,93.84,93.84,93.84,93.84,93.79,93.79,93.79,93.79,93.79,93.79,93.79,93.79,93.79,93.79,93.79,93.79,93.79,93.79,93.21,93.93,93.93,93.50,95.48,95.48,94.78,93.35,94.78,94.78,94.78,94.48,95.68,95.68,95.65,94.89,93.28,94.10,94.10,94.10,94.10,94.10,93.25,93.25,92.08,89.97,89.97,89.97,89.05,89.05,89.05,89.05,87.70,87.41,87.41,90.24,90.44,90.44,90.35,90.35,90.35,90.35,90.35,90.35,90.65,90.65,90.15,90.15,90.06,88.91,89.17,89.17,88.70,88.70,88.70,87.95,88.66,87.80,87.80,87.80,88.15,88.15
División,0.058586881,05,"Muebles, artículos para el hogar y para la conservación ordinaria del hogar",103.48,104.36,104.99,105.26,105.51,105.95,106.23,106.11,106.05,106.38,105.86,105.90,106.62,106.65,106.96,106.71,106.43,107.65,107.43,107.06,106.98,106.58,106.67,106.68,107.85,107.71,107.82,107.56,107.43,106.68,106.35,106.20,105.47,105.09,104.98,105.10,106.03,106.43,106.70,106.19,105.39,106.27,106.09,105.82,105.27,105.24,105.01,105.01,105.38,105.20,105.16,105.02,104.94,104.96,104.62,105.02,104.89,104.57,104.21,104.18,104.88,104.70,104.50,104.69,104.36,104.48,104.67,104.81,104.28,104.47,104.48,104.35,104.90,104.70,104.78,105.05,104.86,104.72,104.95,105.46,105.78,105.93,106.16,105.76,109.03,109.52,110.25,110.16,110.79,111.11,110.84,110.58,110.51,111.26,111.04,111.09,113.38,113.23,113.92,113.53,113.38,112.34,112.64,112.76,112.38,112.44,111.97,112.24,113.45,113.15,113.21,114.19,114.38,114.60,113.79,114.09,114.69,114.98,114.90,115.00,115.54,115.17,114.93,114.63,114.39,114.81,114.76,114.16,114.47,113.91,114.69,113.94,115.06,115.43,115.00,114.70,115.32,115.89
Grupo,0.00838989,051,"Muebles y accesorios, alfombras y otros materiales para pisos",100.14,100.29,100.47,100.89,101.14,102.39,102.35,101.64,101.48,101.49,101.07,101.08,101.95,101.73,101.55,100.68,100.11,101.26,101.17,101.24,101.18,99.10,99.70,100.84,100.83,101.07,101.26,101.31,102.28,101.78,100.82,100.82,101.25,100.63,100.79,100.77,100.94,101.53,102.60,101.78,100.32,102.15,102.60,101.09,101.21,101.31,102.52,102.52,101.65,102.08,101.60,102.25,102.21,102.56,102.36,102.89,102.89,102.05,101.38,102.18,102.18,101.32,101.14,101.14,100.99,100.93,100.89,100.70,100.70,100.49,100.49,100.56,102.19,100.66,101.39,101.69,100.11,99.61,99.64,99.85,99.85,100.45,100.72,100.47,102.11,104.86,106.88,104.90,107.18,107.32,105.62,105.20,104.74,104.50,104.20,103.80,101.96,104.26,106.72,106.26,105.96,105.71,104.03,103.47,103.08,103.64,103.67,104.52,104.00,103.85,104.66,105.81,105.65,105.74,103.51,104.15,105.98,105.75,105.12,104.95,103.89,103.21,103.44,103.41,103.39,103.68,103.34,103.33,104.18,103.89,104.27,104.21,103.92,104.28,104.66,104.93,105.57,107.75
Clase,0.007840083,0511,Muebles y accesorios (D),100.44,100.44,100.54,100.88,101.15,102.49,102.45,101.68,101.24,101.26,100.67,100.68,101.61,101.38,101.19,100.25,99.65,100.83,101.20,101.28,100.64,98.78,99.41,100.64,100.62,100.89,101.08,101.14,102.20,101.71,100.68,100.68,101.15,100.49,100.65,100.64,100.81,101.03,102.18,101.30,99.74,101.57,102.05,100.43,100.56,100.67,102.11,102.11,101.19,101.65,101.13,101.83,101.80,102.18,102.18,102.75,102.75,101.85,101.13,101.99,101.99,101.07,100.88,100.88,100.72,100.92,100.88,100.67,100.67,100.67,100.67,100.74,102.28,100.64,101.43,101.69,100.00,99.46,99.49,99.72,99.72,100.36,100.65,100.39,102.14,105.59,107.66,105.18,107.74,107.93,105.84,105.38,104.89,104.49,103.96,103.73,101.68,104.14,106.77,106.28,105.96,105.69,103.98,103.37,102.95,103.68,103.60,104.51,103.92,103.73,104.59,105.74,105.56,105.64,103.25,103.68,105.65,105.69,105.01,104.83,103.92,103.28,103.52,103.47,103.19,103.44,103.07,102.83,103.73,103.42,103.84,103.77,103.46,103.84,104.25,104.50,105.20,107.52
Subclase,0.003688721,05111,Muebles de sala y comedor,105.31,105.31,105.51,105.18,105.47,107.05,107.05,105.64,105.29,105.61,104.67,104.95,106.22,105.79,105.79,104.27,103.85,105.72,106.21,106.61,105.18,102.68,102.83,105.06,105.06,105.06,105.15,104.89,106.88,106.64,105.17,105.17,106.10,105.80,106.10,106.07,106.72,107.06,108.33,105.85,104.32,106.66,107.55,105.67,105.67,105.84,107.41,107.41,106.51,107.16,107.03,107.89,107.89,107.86,107.86,108.56,108.56,107.47,106.61,107.08,107.08,105.90,105.90,105.90,105.63,106.00,105.92,105.92,105.92,105.92,105.60,105.60,105.86,102.85,103.06,103.20,100.80,101.60,101.60,101.60,101.60,100.32,99.85,99.16,101.11,105.58,106.98,104.62,105.34,105.98,103.84,104.98,100.97,101.49,100.55,99.31,96.65,98.84,102.41,102.05,101.26,100.98,98.97,98.19,97.81,98.74,98.74,99.92,98.95,98.20,98.69,99.48,99.46,100.05,99.00,99.02,99.82,100.08,99.66,99.66,99.26,98.46,98.43,98.43,97.83,98.36,97.67,98.15,99.19,98.58,99.04,99.26,98.95,99.12,99.40,99.62,99.90,102.90
Producto,0.00228138,05111175,JUEGO DE SALA,105.20,105.20,105.20,105.20,105.53,105.60,105.60,103.54,103.85,104.32,103.33,103.60,105.66,105.66,105.66,104.39,104.39,107.41,107.60,107.41,105.32,103.56,103.29,105.30,105.30,105.30,105.16,104.77,108.22,108.22,105.52,105.52,106.94,106.94,106.94,106.94,106.94,106.95,108.27,105.15,103.63,105.96,107.26,105.43,105.43,105.68,107.52,107.52,106.67,106.62,106.62,107.43,107.43,107.43,107.43,108.46,108.46,107.33,107.33,107.33,107.33,106.46,106.46,106.46,106.46,106.46,106.46,106.46,106.46,106.46,106.46,106.46,106.83,101.95,102.08,102.29,100.47,101.23,101.23,101.23,101.23,100.67,100.26,100.72,103.26,108.32,109.77,106.83,106.21,106.78,102.81,104.22,100.54,99.87,98.60,97.91,95.89,96.82,100.59,99.34,98.55,99.58,98.12,96.78,96.78,98.61,98.61,99.15,97.59,96.81,97.55,98.19,98.19,98.82,97.97,98.54,98.54,99.40,98.74,98.74,98.87,97.91,97.55,97.55,96.67,97.29,97.47,97.97,98.39,98.14,98.81,99.24,99.24,99.24,99.65,99.72,99.90,103.48
Producto,0.001407341,05111176,JUEGO DE COMEDOR,105.56,105.56,106.17,105.13,105.34,110.16,110.16,110.16,108.38,108.38,107.57,107.85,107.41,106.07,106.07,104.02,102.69,102.09,103.24,104.90,104.90,100.81,101.83,104.56,104.56,104.56,105.14,105.14,103.99,103.23,104.43,104.43,104.30,103.33,104.29,104.21,106.23,107.31,108.46,107.36,105.81,108.17,108.17,106.18,106.18,106.18,107.17,107.17,106.18,108.32,107.92,108.87,108.87,108.78,108.78,108.78,108.78,107.75,105.06,106.54,106.54,104.69,104.69,104.69,103.87,105.03,104.78,104.78,104.78,104.78,103.76,103.76,103.76,104.80,105.16,105.16,101.51,102.41,102.41,102.41,102.41,99.55,98.97,95.81,96.50,99.71,100.98,99.87,103.47,104.28,106.03,106.59,101.89,104.97,104.75,102.32,98.27,103.18,106.30,107.88,107.10,103.97,100.81,101.22,100.02,99.03,99.03,101.56,101.88,101.18,101.11,102.24,102.19,102.69,101.21,100.05,102.56,101.53,101.63,101.63,100.10,99.65,100.33,100.33,100.33,100.66,98.10,98.55,100.91,99.52,99.53,99.29,98.33,98.86,98.86,99.39,99.90,101.66
Subclase,0.004151362,05112,Muebles de dormitorio,94.67,94.67,94.67,95.80,96.03,97.10,97.00,97.00,96.45,96.10,95.93,95.63,96.16,96.16,95.73,95.49,94.67,95.04,95.27,94.96,95.26,94.15,95.36,95.40,95.36,95.94,96.27,96.71,96.66,95.88,95.37,95.37,95.29,94.20,94.20,94.20,93.82,93.88,94.89,95.91,94.31,95.54,95.54,94.23,94.51,94.53,95.84,95.84,94.88,95.11,94.14,94.66,94.60,95.45,95.45,95.88,95.88,95.19,94.64,95.95,95.95,95.36,94.93,94.93,94.90,94.90,94.90,94.46,94.46,94.46,94.83,94.99,98.05,98.02,99.50,99.91,99.04,96.93,96.99,97.50,97.50,100.42,101.61,101.84,103.36,105.59,108.47,105.83,110.57,110.24,108.21,105.87,109.54,108.04,108.00,108.97,107.64,110.43,111.94,111.28,111.52,111.27,109.90,109.50,109.04,109.52,109.35,109.94,109.81,110.28,111.59,113.15,112.78,112.26,108.28,109.21,112.55,112.33,111.34,110.96,109.43,109.00,109.54,109.44,109.54,109.46,109.46,108.37,109.12,109.16,109.52,109.13,108.81,109.44,110.00,110.29,111.47,113.00
Producto,0.002387969,05112177,JUEGO DE DORMITORIO,97.62,97.62,97.62,99.19,99.51,100.98,100.85,100.85,100.09,100.09,99.85,99.43,100.16,100.16,100.16,99.82,99.03,100.09,100.32,99.89,99.84,98.11,99.79,99.84,99.47,99.47,99.47,100.08,100.11,99.24,99.24,99.24,99.21,97.70,97.70,97.70,97.04,96.63,98.03,99.46,97.82,98.82,98.82,97.01,97.01,97.01,98.82,98.82,97.61,97.94,96.59,97.27,97.27,98.46,98.46,99.04,99.04,98.09,97.33,99.15,99.15,98.33,98.33,98.33,98.29,98.29,98.29,98.29,98.29,98.29,98.29,98.29,100.92,100.90,102.95,103.52,101.51,98.58,98.58,98.58,98.58,102.09,103.73,104.21,105.18,107.51,110.12,108.50,111.44,110.49,107.65,105.23,110.55,108.63,108.58,109.93,108.09,112.33,113.73,113.73,113.59,113.25,111.35,110.46,109.28,109.94,110.29,110.36,110.18,110.62,112.10,113.80,112.98,112.88,107.38,108.66,113.29,113.29,111.92,111.39,110.28,109.98,110.74,110.60,110.74,110.93,110.93,109.42,110.46,110.52,111.02,111.21,110.77,111.40,112.09,111.79,112.76,114.58
Producto,0.001763393,05112178,COLCHÓN,87.01,87.01,87.01,87.01,87.01,87.01,87.01,87.01,87.01,85.77,85.77,85.77,85.77,85.77,84.25,84.25,83.35,81.93,82.17,82.17,83.36,83.86,83.86,83.86,84.70,86.77,87.95,87.95,87.73,87.16,85.32,85.32,85.10,85.10,85.10,85.10,85.48,86.75,86.75,86.72,85.21,87.01,87.01,87.01,88.03,88.11,88.11,88.11,87.78,87.78,87.78,87.90,87.66,87.66,87.66,87.66,87.66,87.66,87.66,87.66,87.66,87.66,86.11,86.11,86.11,86.11,86.11,84.50,84.50,84.50,85.84,86.41,90.62,90.53,90.53,90.53,92.63,92.63,92.86,94.67,94.67,96.10,96.10,95.68,98.62,100.62,104.17,98.93,108.32,109.58,109.65,107.52,106.91,106.49,106.49,106.49,106.49,105.49,107.32,104.92,106.14,106.14,106.14,106.99,108.41,108.41,106.91,108.86,108.86,109.40,110.27,111.46,112.27,110.64,110.64,110.64,110.64,109.84,109.84,109.84,107.22,106.44,106.44,106.44,106.44,105.64,105.64,105.64,105.64,105.64,105.64,103.71,103.71,104.33,104.60,106.40,108.11,108.91
Clase,0.000147908,0512,Alfombras y otros materiales para pisos (D),92.28,92.28,92.28,96.49,96.49,96.49,96.49,96.49,106.33,106.33,111.40,111.40,111.40,111.40,111.40,111.40,111.40,112.40,94.98,94.98,106.26,106.26,106.26,106.26,106.26,106.26,106.26,106.26,105.48,103.59,103.59,103.59,103.59,103.59,103.59,103.59,103.59,103.59,103.59,103.59,103.59,103.59,103.63,103.63,103.63,103.63,97.81,97.81,97.81,97.81,97.81,97.81,97.06,97.06,97.06,97.06,97.06,97.06,97.06,97.06,97.06,97.06,97.06,97.06,97.06,97.06,97.06,97.06,97.06,97.06,97.06,97.06,97.06,97.06,97.08,97.06,97.06,97.06,97.06,97.06,97.06,97.06,97.06,97.06,97.06,97.06,100.35,113.71,109.56,107.76,117.97,117.97,117.97,115.94,115.94,108.35,108.35,108.35,108.35,108.35,108.35,108.35,105.52,105.52,105.52,107.06,107.09,107.09,108.17,109.29,109.29,110.76,111.01,111.62,111.62,112.46,112.46,108.32,108.32,108.32,108.32,104.82,104.82,105.39,106.96,108.01,108.64,108.64,108.64,108.64,108.64,108.64,108.64,108.64,108.64,109.93,109.93,109.93
Subclase,0.000147908,05121,Alfombras y materiales para pisos,92.28,92.28,92.28,96.49,96.49,96.49,96.49,96.49,106.33,106.33,111.40,111.40,111.40,111.40,111.40,111.40,111.40,112.40,94.98,94.98,106.26,106.26,106.26,106.26,106.26,106.26,106.26,106.26,105.48,103.59,103.59,103.59,103.59,103.59,103.59,103.59,103.59,103.59,103.59,103.59,103.59,103.59,103.63,103.63,103.63,103.63,97.81,97.81,97.81,97.81,97.81,97.81,97.06,97.06,97.06,97.06,97.06,97.06,97.06,97.06,97.06,97.06,97.06,97.06,97.06,97.06,97.06,97.06,97.06,97.06,97.06,97.06,97.06,97.06,97.08,97.06,97.06,97.06,97.06,97.06,97.06,97.06,97.06,97.06,97.06,97.06,100.35,113.71,109.56,107.76,117.97,117.97,117.97,115.94,115.94,108.35,108.35,108.35,108.35,108.35,108.35,108.35,105.52,105.52,105.52,107.06,107.09,107.09,108.17,109.29,109.29,110.76,111.01,111.62,111.62,112.46,112.46,108.32,108.32,108.32,108.32,104.82,104.82,105.39,106.96,108.01,108.64,108.64,108.64,108.64,108.64,108.64,108.64,108.64,108.64,109.93,109.93,109.93
Producto,0.000147908,05121179,ALFOMBRA SUELTA,92.28,92.28,92.28,96.49,96.49,96.49,96.49,96.49,106.33,106.33,111.40,111.40,111.40,111.40,111.40,111.40,111.40,112.40,94.98,94.98,106.26,106.26,106.26,106.26,106.26,106.26,106.26,106.26,105.48,103.59,103.59,103.59,103.59,103.59,103.59,103.59,103.59,103.59,103.59,103.59,103.59,103.59,103.63,103.63,103.63,103.63,97.81,97.81,97.81,97.81,97.81,97.81,97.06,97.06,97.06,97.06,97.06,97.06,97.06,97.06,97.06,97.06,97.06,97.06,97.06,97.06,97.06,97.06,97.06,97.06,97.06,97.06,97.06,97.06,97.08,97.06,97.06,97.06,97.06,97.06,97.06,97.06,97.06,97.06,97.06,97.06,100.35,113.71,109.56,107.76,117.97,117.97,117.97,115.94,115.94,108.35,108.35,108.35,108.35,108.35,108.35,108.35,105.52,105.52,105.52,107.06,107.09,107.09,108.17,109.29,109.29,110.76,111.01,111.62,111.62,112.46,112.46,108.32,108.32,108.32,108.32,104.82,104.82,105.39,106.96,108.01,108.64,108.64,108.64,108.64,108.64,108.64,108.64,108.64,108.64,109.93,109.93,109.93
Clase,0.000401898,0513,"Reparación de muebles, accesorios y materiales para pisos (S)",98.06,101.84,103.80,103.80,103.80,103.80,103.80,103.80,103.80,103.80,103.80,103.80,103.80,103.80,103.80,103.80,103.80,104.17,104.17,104.17,110.34,102.20,102.20,102.20,102.20,102.20,102.20,102.20,102.20,102.20,102.20,102.20,102.20,102.20,102.20,102.20,102.20,111.65,111.65,111.65,111.65,114.67,114.67,114.67,114.67,114.67,114.67,114.67,114.67,114.67,114.67,114.67,114.67,114.67,109.66,109.66,109.66,109.66,109.66,109.66,109.66,109.66,109.66,109.66,109.66,103.53,103.53,103.53,103.53,98.46,98.46,98.46,103.29,103.29,103.29,104.49,104.49,104.49,104.49,104.49,104.49,104.49,104.49,104.49,104.49,93.09,93.09,93.09,93.09,93.09,93.09,93.09,93.09,97.66,102.46,102.46,104.49,104.49,104.49,104.49,104.49,104.49,104.49,104.49,104.49,100.67,103.29,103.29,103.29,103.29,103.29,104.49,104.49,104.49,104.49,109.62,109.62,105.62,105.62,105.62,100.67,100.67,100.67,100.67,105.62,106.34,106.34,111.56,111.56,111.56,111.56,111.56,111.56,111.56,111.56,111.56,111.56,111.56
Subclase,0.000401898,05131,"Reparación de muebles, accesorios y materiales para pisos",98.06,101.84,103.80,103.80,103.80,103.80,103.80,103.80,103.80,103.80,103.80,103.80,103.80,103.80,103.80,103.80,103.80,104.17,104.17,104.17,110.34,102.20,102.20,102.20,102.20,102.20,102.20,102.20,102.20,102.20,102.20,102.20,102.20,102.20,102.20,102.20,102.20,111.65,111.65,111.65,111.65,114.67,114.67,114.67,114.67,114.67,114.67,114.67,114.67,114.67,114.67,114.67,114.67,114.67,109.66,109.66,109.66,109.66,109.66,109.66,109.66,109.66,109.66,109.66,109.66,103.53,103.53,103.53,103.53,98.46,98.46,98.46,103.29,103.29,103.29,104.49,104.49,104.49,104.49,104.49,104.49,104.49,104.49,104.49,104.49,93.09,93.09,93.09,93.09,93.09,93.09,93.09,93.09,97.66,102.46,102.46,104.49,104.49,104.49,104.49,104.49,104.49,104.49,104.49,104.49,100.67,103.29,103.29,103.29,103.29,103.29,104.49,104.49,104.49,104.49,109.62,109.62,105.62,105.62,105.62,100.67,100.67,100.67,100.67,105.62,106.34,106.34,111.56,111.56,111.56,111.56,111.56,111.56,111.56,111.56,111.56,111.56,111.56
Producto,0.000401898,05131180,REPARACIÓN DE MUEBLES,98.06,101.84,103.80,103.80,103.80,103.80,103.80,103.80,103.80,103.80,103.80,103.80,103.80,103.80,103.80,103.80,103.80,104.17,104.17,104.17,110.34,102.20,102.20,102.20,102.20,102.20,102.20,102.20,102.20,102.20,102.20,102.20,102.20,102.20,102.20,102.20,102.20,111.65,111.65,111.65,111.65,114.67,114.67,114.67,114.67,114.67,114.67,114.67,114.67,114.67,114.67,114.67,114.67,114.67,109.66,109.66,109.66,109.66,109.66,109.66,109.66,109.66,109.66,109.66,109.66,103.53,103.53,103.53,103.53,98.46,98.46,98.46,103.29,103.29,103.29,104.49,104.49,104.49,104.49,104.49,104.49,104.49,104.49,104.49,104.49,93.09,93.09,93.09,93.09,93.09,93.09,93.09,93.09,97.66,102.46,102.46,104.49,104.49,104.49,104.49,104.49,104.49,104.49,104.49,104.49,100.67,103.29,103.29,103.29,103.29,103.29,104.49,104.49,104.49,104.49,109.62,109.62,105.62,105.62,105.62,100.67,100.67,100.67,100.67,105.62,106.34,106.34,111.56,111.56,111.56,111.56,111.56,111.56,111.56,111.56,111.56,111.56,111.56
Grupo,0.003438527,052,Productos textiles para el hogar,97.94,98.34,100.81,101.31,101.31,101.31,100.56,100.06,100.30,100.06,99.76,100.06,99.60,99.93,100.02,100.02,100.86,100.34,100.05,99.62,99.62,100.49,100.68,100.68,100.61,100.42,100.09,99.64,99.87,95.94,97.23,96.75,96.18,96.18,96.26,96.96,97.37,97.21,98.05,97.67,97.91,97.91,97.71,97.72,96.92,98.10,97.90,98.12,98.12,98.12,98.03,97.03,97.28,98.20,98.11,98.00,97.88,97.71,97.83,97.62,97.63,97.95,97.83,97.83,97.83,97.83,98.02,97.38,97.38,97.62,97.62,97.62,97.62,97.45,97.59,97.59,97.59,96.73,95.87,96.61,96.61,95.39,97.05,97.05,97.51,98.04,96.32,97.84,98.11,98.48,96.93,97.02,95.81,95.24,96.03,96.69,94.46,93.53,93.95,91.79,91.90,91.90,91.79,92.78,93.00,92.04,92.80,92.79,93.50,94.16,90.87,93.27,93.11,93.26,92.45,91.89,95.06,95.46,93.12,95.00,94.72,94.02,94.11,95.46,95.40,94.30,92.50,94.15,94.13,94.17,94.48,94.48,94.82,92.85,92.73,91.28,92.48,93.16
Clase,0.003438527,0520,Productos textiles para el hogar (SD),97.94,98.34,100.81,101.31,101.31,101.31,100.56,100.06,100.30,100.06,99.76,100.06,99.60,99.93,100.02,100.02,100.86,100.34,100.05,99.62,99.62,100.49,100.68,100.68,100.61,100.42,100.09,99.64,99.87,95.94,97.23,96.75,96.18,96.18,96.26,96.96,97.37,97.21,98.05,97.67,97.91,97.91,97.71,97.72,96.92,98.10,97.90,98.12,98.12,98.12,98.03,97.03,97.28,98.20,98.11,98.00,97.88,97.71,97.83,97.62,97.63,97.95,97.83,97.83,97.83,97.83,98.02,97.38,97.38,97.62,97.62,97.62,97.62,97.45,97.59,97.59,97.59,96.73,95.87,96.61,96.61,95.39,97.05,97.05,97.51,98.04,96.32,97.84,98.11,98.48,96.93,97.02,95.81,95.24,96.03,96.69,94.46,93.53,93.95,91.79,91.90,91.90,91.79,92.78,93.00,92.04,92.80,92.79,93.50,94.16,90.87,93.27,93.11,93.26,92.45,91.89,95.06,95.46,93.12,95.00,94.72,94.02,94.11,95.46,95.40,94.30,92.50,94.15,94.13,94.17,94.48,94.48,94.82,92.85,92.73,91.28,92.48,93.16
Subclase,0.003438527,05201,Productos textiles para el hogar ,97.94,98.34,100.81,101.31,101.31,101.31,100.56,100.06,100.30,100.06,99.76,100.06,99.60,99.93,100.02,100.02,100.86,100.34,100.05,99.62,99.62,100.49,100.68,100.68,100.61,100.42,100.09,99.64,99.87,95.94,97.23,96.75,96.18,96.18,96.26,96.96,97.37,97.21,98.05,97.67,97.91,97.91,97.71,97.72,96.92,98.10,97.90,98.12,98.12,98.12,98.03,97.03,97.28,98.20,98.11,98.00,97.88,97.71,97.83,97.62,97.63,97.95,97.83,97.83,97.83,97.83,98.02,97.38,97.38,97.62,97.62,97.62,97.62,97.45,97.59,97.59,97.59,96.73,95.87,96.61,96.61,95.39,97.05,97.05,97.51,98.04,96.32,97.84,98.11,98.48,96.93,97.02,95.81,95.24,96.03,96.69,94.46,93.53,93.95,91.79,91.90,91.90,91.79,92.78,93.00,92.04,92.80,92.79,93.50,94.16,90.87,93.27,93.11,93.26,92.45,91.89,95.06,95.46,93.12,95.00,94.72,94.02,94.11,95.46,95.40,94.30,92.50,94.15,94.13,94.17,94.48,94.48,94.82,92.85,92.73,91.28,92.48,93.16
Producto,0.002394716,05201181,ROPA DE CAMA,98.69,98.69,102.67,103.39,103.39,103.39,102.31,101.96,102.31,101.96,101.52,101.96,101.52,102.00,102.13,102.13,103.35,103.17,103.52,102.67,102.67,102.67,102.94,102.94,102.84,102.56,102.09,101.44,101.77,99.89,101.14,101.14,100.14,100.14,100.14,99.55,100.14,99.44,99.44,98.89,99.25,99.25,98.95,98.95,97.80,99.78,99.78,100.09,100.09,100.09,100.09,98.64,99.00,99.00,99.00,98.83,98.66,98.32,98.49,98.18,98.19,98.66,98.27,98.27,98.27,98.27,98.54,97.61,97.61,97.61,97.61,97.61,97.61,97.36,97.57,97.57,97.57,96.31,97.18,97.18,97.18,96.17,97.46,97.46,97.30,98.18,95.95,97.55,97.82,98.18,97.53,97.66,95.90,95.07,95.62,96.96,95.53,94.80,95.47,91.76,91.92,91.92,91.76,92.50,92.42,92.42,93.51,93.49,93.64,94.37,90.04,95.03,94.72,94.93,93.76,92.95,92.35,93.39,90.44,93.04,92.98,92.84,92.98,92.98,92.98,92.98,91.61,93.27,93.52,93.52,93.52,93.52,93.52,91.31,90.67,90.54,90.76,91.29
Producto,0.000414042,05201182,CORTINA DE TELA,95.04,97.50,97.50,97.50,97.50,97.50,97.50,95.93,95.93,95.93,95.93,95.93,94.95,94.95,94.95,94.95,94.95,91.56,88.39,89.34,89.34,94.63,94.63,94.63,94.63,94.63,94.63,94.63,94.63,80.11,80.11,80.11,80.40,80.11,80.11,86.86,86.86,88.82,93.93,93.93,93.93,93.93,93.95,93.95,93.95,92.79,91.63,91.63,91.63,91.63,91.07,91.07,91.07,96.67,96.67,96.75,96.75,96.75,96.75,96.75,96.75,96.75,96.75,96.75,96.75,96.75,96.75,96.75,96.75,96.75,96.75,96.75,96.75,96.75,96.75,96.75,96.75,96.75,87.90,87.90,87.90,87.90,87.90,87.90,91.39,89.59,88.56,88.56,88.54,89.24,88.11,88.11,88.11,88.11,88.11,88.11,80.59,80.59,80.59,80.59,80.59,80.59,80.59,80.59,80.59,74.78,74.78,74.78,74.78,75.08,73.52,76.28,76.28,76.28,76.28,76.28,76.28,76.28,76.28,75.49,71.03,69.55,69.55,75.57,77.13,68.48,68.48,68.48,68.48,73.54,73.54,73.54,73.54,73.54,73.54,65.26,73.54,73.54
Producto,0.00062977,05201183,ROPA DE BAÑO,97.64,97.64,95.65,95.65,95.65,95.65,95.65,95.65,95.65,95.65,95.65,95.65,95.65,95.65,95.65,95.65,95.65,96.72,96.72,96.72,96.72,96.72,96.72,96.72,96.72,96.72,96.72,96.72,96.72,95.01,97.94,94.67,95.21,95.50,96.06,96.06,96.06,96.06,96.06,96.06,96.03,96.03,96.03,96.06,96.06,96.06,96.06,96.06,96.06,96.06,96.06,96.06,96.06,96.06,95.44,95.44,95.44,95.90,95.90,95.90,95.90,95.90,96.96,96.96,96.96,96.96,96.96,96.96,96.96,98.68,98.68,98.68,98.68,98.68,98.68,98.68,98.68,98.68,98.68,103.85,103.85,100.22,105.55,105.55,105.55,106.99,106.99,109.87,110.46,110.46,104.13,104.13,104.21,104.21,107.06,105.20,105.20,102.21,101.94,104.74,104.74,104.74,104.74,108.07,109.99,109.99,109.99,109.99,114.24,114.94,114.75,104.21,104.62,104.62,104.62,104.62,129.60,127.34,125.31,126.76,130.17,127.68,127.68,130.17,127.92,130.17,124.30,127.73,126.40,120.88,123.01,123.01,125.42,122.35,124.60,124.60,122.43,124.60
Grupo,0.00941145,053,Artefactos para el hogar,107.46,112.13,114.47,115.38,116.56,117.67,119.86,119.54,119.09,121.85,118.45,118.14,117.33,116.68,117.49,117.06,116.95,122.20,121.02,118.86,118.21,117.66,117.29,116.49,117.96,116.75,116.59,115.81,113.86,113.34,112.38,111.13,107.06,106.69,105.81,106.47,106.20,106.81,106.30,105.62,102.92,102.79,101.83,102.29,97.90,96.05,94.18,93.56,93.39,91.25,92.09,91.58,89.24,89.31,88.90,89.37,89.07,87.65,86.11,85.75,86.01,86.58,86.44,86.44,84.05,83.71,85.35,85.08,84.79,85.24,85.60,85.88,86.34,85.94,85.73,85.55,84.76,84.18,85.57,86.61,86.57,86.69,86.72,83.36,88.82,89.24,89.98,89.94,89.45,90.11,87.00,86.66,87.16,89.97,88.82,90.06,91.81,88.10,88.13,88.15,86.41,87.24,87.26,88.58,88.93,87.26,85.08,84.27,85.11,84.83,84.84,85.96,86.20,84.95,83.85,84.82,85.35,84.43,83.46,83.81,85.03,84.44,84.15,84.06,83.23,83.94,83.49,82.47,82.83,82.94,81.50,81.54,82.27,84.44,84.28,83.65,83.10,83.13
Clase,0.008054761,0531,"Artefactos para el hogar grandes, eléctricos o no (D)",108.57,113.87,116.05,116.07,117.56,118.88,121.55,120.99,120.65,123.14,119.56,119.12,118.17,118.23,118.40,117.90,117.45,122.64,121.45,119.58,118.92,118.27,117.93,117.39,119.13,117.81,117.56,116.50,114.84,114.25,113.59,112.65,108.48,108.08,107.28,107.77,107.66,108.33,107.75,106.93,103.84,103.70,103.15,103.40,98.23,96.16,94.00,93.29,93.15,90.81,91.67,91.25,88.64,88.70,88.19,88.73,88.38,86.92,85.17,85.06,85.25,85.89,85.71,85.71,83.03,82.62,84.49,84.16,83.83,84.34,84.77,84.79,85.51,84.89,85.04,84.70,83.66,82.99,84.61,85.54,85.72,85.67,85.40,81.53,87.81,88.33,88.94,88.84,88.28,89.45,85.81,85.61,85.99,89.20,87.78,89.22,91.21,86.87,86.62,86.67,84.81,85.68,85.69,87.11,87.38,85.26,82.72,81.66,82.62,82.29,82.17,83.14,83.35,82.00,80.68,81.71,82.31,81.24,80.04,80.21,81.89,81.13,80.81,80.73,79.80,80.48,79.91,78.97,79.38,79.39,77.86,77.93,78.46,80.88,80.54,79.21,78.87,78.37
Subclase,0.008054761,05311,Artefactos grandes para el hogar,108.57,113.87,116.05,116.07,117.56,118.88,121.55,120.99,120.65,123.14,119.56,119.12,118.17,118.23,118.40,117.90,117.45,122.64,121.45,119.58,118.92,118.27,117.93,117.39,119.13,117.81,117.56,116.50,114.84,114.25,113.59,112.65,108.48,108.08,107.28,107.77,107.66,108.33,107.75,106.93,103.84,103.70,103.15,103.40,98.23,96.16,94.00,93.29,93.15,90.81,91.67,91.25,88.64,88.70,88.19,88.73,88.38,86.92,85.17,85.06,85.25,85.89,85.71,85.71,83.03,82.62,84.49,84.16,83.83,84.34,84.77,84.79,85.51,84.89,85.04,84.70,83.66,82.99,84.61,85.54,85.72,85.67,85.40,81.53,87.81,88.33,88.94,88.84,88.28,89.45,85.81,85.61,85.99,89.20,87.78,89.22,91.21,86.87,86.62,86.67,84.81,85.68,85.69,87.11,87.38,85.26,82.72,81.66,82.62,82.29,82.17,83.14,83.35,82.00,80.68,81.71,82.31,81.24,80.04,80.21,81.89,81.13,80.81,80.73,79.80,80.48,79.91,78.97,79.38,79.39,77.86,77.93,78.46,80.88,80.54,79.21,78.87,78.37
Producto,0.002187405,05311184,COCINA,122.07,139.31,136.87,136.87,136.87,140.73,140.39,139.51,139.51,143.89,143.89,143.89,143.89,143.22,143.89,143.89,143.89,143.89,143.89,143.89,142.67,142.67,142.67,142.67,149.36,149.36,152.32,152.32,150.18,149.76,149.07,148.56,142.29,142.75,141.51,142.28,142.55,144.07,144.48,142.57,142.10,142.08,141.50,142.22,122.11,114.81,108.45,107.80,107.98,102.90,102.28,102.10,97.20,97.53,96.32,96.48,95.43,95.10,90.50,95.39,96.17,96.17,95.92,95.92,94.60,93.49,94.68,96.22,95.83,95.64,95.07,94.58,95.14,95.54,95.58,95.12,95.16,94.35,94.23,95.28,96.09,97.55,96.76,93.06,98.21,97.64,98.05,98.00,97.97,97.89,82.14,82.30,83.60,97.66,96.47,97.96,100.22,91.57,91.75,91.26,87.86,89.88,89.39,95.12,94.53,90.30,88.91,88.20,89.46,87.68,88.17,87.59,88.41,86.86,87.19,87.19,88.02,87.58,86.24,87.78,88.42,88.00,88.30,88.72,88.19,88.86,88.54,88.39,88.44,88.16,87.54,87.37,87.74,89.81,89.57,87.79,88.00,86.13
Producto,0.000324392,05311185,HORNO,107.76,107.76,107.76,107.76,107.76,113.21,112.28,112.28,112.28,112.28,105.82,106.52,106.52,106.52,106.52,99.29,99.29,97.86,97.86,96.25,94.92,95.82,99.14,96.80,92.68,92.68,92.68,92.68,91.00,90.39,88.22,90.12,81.48,80.71,80.71,80.71,81.19,80.71,80.71,76.58,75.00,75.26,75.26,75.23,74.54,74.54,74.54,73.79,73.82,73.74,73.74,73.74,73.74,73.74,69.51,71.26,73.36,70.56,68.10,68.10,69.41,70.81,70.81,70.81,70.81,69.99,69.49,69.88,69.88,69.88,70.02,70.83,70.24,70.68,70.68,70.68,70.77,72.61,74.97,77.40,76.74,74.39,77.57,75.79,77.18,76.15,77.50,75.30,72.36,73.25,73.98,72.63,73.07,72.70,70.78,71.27,73.90,73.90,74.58,69.55,67.89,65.94,66.50,67.77,66.95,63.59,59.18,55.27,60.08,59.05,59.88,60.27,62.56,63.90,63.80,65.56,65.76,64.24,64.24,65.84,68.57,66.70,66.49,67.91,67.21,65.55,65.16,65.43,63.29,63.22,60.44,62.63,61.53,64.13,61.06,59.03,55.09,56.25
Producto,0.002853107,05311186,REFRIGERADORA,102.80,103.65,104.61,104.59,106.23,105.99,112.04,112.04,111.60,113.18,110.05,110.05,107.79,108.29,108.29,107.13,106.60,114.01,114.01,111.59,111.59,109.40,109.40,109.65,109.51,105.45,103.59,103.80,102.40,102.30,101.44,100.29,95.78,94.69,95.48,95.56,96.50,98.70,97.14,97.22,90.65,90.40,89.74,89.74,91.22,91.22,90.27,89.54,89.54,88.03,89.62,88.97,85.67,85.61,85.77,86.58,85.55,82.84,81.46,80.06,80.30,80.77,80.09,80.09,76.08,76.84,79.80,78.20,77.69,78.78,79.93,80.12,80.06,80.52,80.94,80.17,78.76,78.23,80.99,82.00,81.82,80.84,81.01,75.47,84.21,85.60,86.24,84.70,83.04,86.17,87.51,87.64,87.61,88.26,86.87,88.07,90.61,86.32,85.12,85.73,84.87,86.24,85.49,86.34,86.99,86.01,82.64,81.72,82.06,82.05,82.13,82.98,83.32,81.68,79.33,81.18,81.64,80.28,78.88,78.02,80.85,79.42,78.81,78.88,77.89,78.53,76.97,74.82,75.50,74.96,72.67,73.54,74.25,76.19,76.66,75.83,75.77,75.30
Producto,0.002110074,05311187,LAVADORA Y SECADORA DE ROPA,104.17,105.26,115.57,115.69,118.96,119.42,119.87,118.51,117.89,120.48,112.50,110.49,110.74,110.78,110.73,112.36,111.42,119.79,114.71,111.70,110.58,111.75,109.62,107.33,108.17,110.28,109.32,104.39,102.79,101.09,101.17,99.52,99.35,99.35,95.87,96.94,94.26,91.27,91.27,90.71,90.91,90.75,90.32,90.56,89.01,88.62,88.52,87.82,87.02,85.77,87.14,86.75,87.58,87.58,87.36,87.57,88.84,88.70,89.68,86.27,85.42,86.98,87.80,87.80,85.50,83.75,84.85,84.63,84.63,84.97,85.21,85.37,88.02,83.94,83.74,84.26,82.45,81.16,82.42,82.76,83.08,83.56,82.32,80.99,84.90,85.37,85.99,89.04,90.44,89.41,89.31,88.30,88.40,84.72,83.07,85.11,85.63,85.22,86.10,86.77,84.77,83.95,85.85,83.46,84.18,82.61,80.73,79.60,80.55,81.46,80.06,83.15,81.98,80.83,79.34,79.83,80.50,79.38,78.41,78.68,79.16,79.53,79.02,77.74,76.39,77.71,78.67,78.90,79.72,81.15,80.28,78.65,79.36,83.06,81.65,80.03,79.25,79.97
Producto,0.000579783,05311188,ACONDICIONADOR DE AIRE,95.60,94.67,94.67,98.27,98.27,97.54,96.48,96.63,96.63,96.63,96.63,96.63,96.63,96.63,96.63,96.63,96.63,98.13,100.25,100.25,100.25,98.13,98.13,96.09,96.09,96.09,96.09,96.09,96.09,91.61,91.94,91.94,91.94,91.94,91.94,91.94,91.94,99.62,89.80,89.80,89.86,81.72,78.94,83.14,83.14,83.14,81.42,81.42,89.40,89.40,76.07,89.40,89.40,89.40,89.40,87.59,87.59,88.19,89.10,85.97,85.82,89.86,89.86,88.72,88.72,88.95,88.95,88.95,88.95,88.95,88.95,88.95,93.46,93.46,93.46,80.34,80.34,80.34,80.57,80.57,80.34,80.34,80.34,80.34,84.49,84.49,86.51,88.10,91.25,85.60,88.88,89.59,93.86,91.42,88.28,93.06,93.06,93.06,93.06,88.81,85.75,85.75,85.75,85.75,85.75,85.75,85.07,84.50,83.44,83.94,80.93,80.54,82.84,82.84,81.66,80.62,82.13,78.19,81.10,82.42,80.28,80.28,77.21,74.88,74.88,80.34,78.40,80.65,80.67,79.85,80.67,79.85,77.78,77.78,77.78,75.52,75.52,79.09
Clase,0.000967805,0532,Artefactos eléctricos para el hogar pequeños (SD),96.75,97.69,102.07,110.51,109.54,108.00,106.89,108.47,106.97,112.69,109.83,110.44,110.59,103.97,109.43,109.40,112.10,121.34,121.55,116.28,115.56,115.72,114.94,112.52,113.19,112.52,113.49,113.49,110.12,109.89,106.22,102.03,97.65,97.37,95.56,97.80,96.12,96.46,96.46,96.63,96.28,96.28,90.90,93.22,93.90,93.26,93.23,93.21,92.63,91.51,92.45,91.13,90.23,90.36,90.71,90.79,90.78,90.11,89.77,87.25,88.16,88.30,88.41,88.41,87.75,87.85,88.14,88.25,88.25,88.26,88.26,89.14,87.64,88.13,88.36,89.51,90.48,90.50,90.50,90.71,88.79,90.33,92.91,92.68,93.10,93.74,95.71,96.18,96.18,92.73,92.58,93.16,94.76,95.16,95.01,95.01,95.27,95.68,97.94,97.72,96.45,97.21,97.37,98.18,99.38,100.87,100.93,101.96,102.09,102.09,103.17,105.90,106.41,105.64,104.62,105.39,105.47,105.47,106.21,107.32,105.05,105.67,105.58,105.36,105.15,106.27,106.73,106.13,106.28,107.19,106.03,105.89,105.78,106.56,107.81,111.78,108.53,112.07
Subclase,0.000967805,05321,Artefactos eléctricos para el hogar pequeños,96.75,97.69,102.07,110.51,109.54,108.00,106.89,108.47,106.97,112.69,109.83,110.44,110.59,103.97,109.43,109.40,112.10,121.34,121.55,116.28,115.56,115.72,114.94,112.52,113.19,112.52,113.49,113.49,110.12,109.89,106.22,102.03,97.65,97.37,95.56,97.80,96.12,96.46,96.46,96.63,96.28,96.28,90.90,93.22,93.90,93.26,93.23,93.21,92.63,91.51,92.45,91.13,90.23,90.36,90.71,90.79,90.78,90.11,89.77,87.25,88.16,88.30,88.41,88.41,87.75,87.85,88.14,88.25,88.25,88.26,88.26,89.14,87.64,88.13,88.36,89.51,90.48,90.50,90.50,90.71,88.79,90.33,92.91,92.68,93.10,93.74,95.71,96.18,96.18,92.73,92.58,93.16,94.76,95.16,95.01,95.01,95.27,95.68,97.94,97.72,96.45,97.21,97.37,98.18,99.38,100.87,100.93,101.96,102.09,102.09,103.17,105.90,106.41,105.64,104.62,105.39,105.47,105.47,106.21,107.32,105.05,105.67,105.58,105.36,105.15,106.27,106.73,106.13,106.28,107.19,106.03,105.89,105.78,106.56,107.81,111.78,108.53,112.07
Producto,0.000659751,05321189,LICUADORA,96.32,97.46,103.25,111.68,110.46,108.27,106.87,108.84,108.84,116.03,112.03,113.29,113.29,104.88,111.36,111.36,114.46,124.95,125.27,119.81,118.99,118.99,117.28,114.23,115.47,115.47,116.05,116.05,111.65,112.06,107.35,102.02,97.91,97.91,95.61,98.45,96.58,97.54,97.54,97.54,97.54,97.54,91.27,93.75,94.30,93.38,93.38,93.38,93.38,91.91,93.57,91.97,90.84,91.01,91.09,91.28,91.28,90.43,90.43,87.24,88.05,88.21,88.21,88.21,87.80,87.86,87.86,88.01,88.01,88.02,88.02,89.21,87.30,87.91,88.23,89.68,90.91,90.91,90.91,91.17,88.74,90.80,94.06,93.74,93.89,94.71,97.26,97.88,97.88,93.99,93.55,94.35,95.91,96.50,96.50,96.80,96.80,96.80,99.14,98.84,97.36,98.31,98.20,99.22,100.05,101.34,101.79,103.38,103.49,103.49,103.80,106.79,107.49,107.44,106.51,107.29,107.44,107.44,108.72,110.60,107.94,108.43,108.43,108.10,108.10,108.77,109.32,108.77,108.93,109.83,108.57,108.73,108.73,109.11,111.17,116.11,112.11,116.33
Producto,0.000111584,05321190,VENTILADOR,96.48,96.48,96.48,96.48,97.15,106.43,108.15,112.31,112.94,112.94,112.94,110.28,110.28,110.28,113.18,109.15,110.22,110.95,108.24,106.60,106.60,110.41,110.41,109.01,108.53,107.14,106.80,106.80,106.80,103.53,103.53,103.53,103.84,103.84,103.84,103.84,103.84,101.99,101.99,99.77,99.77,99.77,89.47,88.93,74.21,76.03,76.03,76.03,70.77,70.77,70.77,70.77,70.77,70.77,60.27,58.92,58.44,57.94,57.94,57.94,57.94,59.81,59.81,59.81,59.81,59.65,59.65,59.65,59.65,59.65,59.65,58.41,58.11,58.37,56.25,56.41,57.26,55.61,55.73,55.73,55.73,55.73,57.82,59.13,58.30,55.78,55.78,53.31,53.43,53.43,53.43,53.43,58.51,58.92,58.92,58.51,58.51,58.51,58.51,58.51,58.51,58.51,58.51,58.51,58.51,59.27,59.27,59.27,59.27,59.27,59.35,60.10,58.92,55.05,55.16,55.16,55.16,55.16,55.16,55.51,55.51,55.51,55.51,55.51,55.51,55.08,56.15,56.52,57.01,55.38,55.38,57.68,56.45,56.37,57.21,60.04,57.97,56.76
Producto,0.000109309,05321191,PLANCHA ELÉCTRICA DE ROPA,98.14,98.83,97.70,109.44,109.44,109.44,109.44,109.44,99.62,100.05,101.86,99.56,99.56,99.56,101.73,101.73,103.40,109.94,109.94,103.60,103.18,103.60,107.09,107.09,105.11,99.77,103.16,103.16,103.97,100.66,99.97,99.97,92.30,90.49,90.49,90.49,90.49,87.89,87.89,89.35,87.11,87.11,84.69,87.11,89.35,89.35,89.35,89.35,85.83,86.05,83.68,83.68,83.68,83.68,86.05,86.05,86.05,86.05,83.87,83.87,85.60,85.60,86.33,86.33,84.13,84.49,86.33,86.33,86.33,86.33,86.33,86.33,86.33,86.33,86.33,86.33,86.33,86.33,86.33,86.33,86.33,84.97,84.97,84.97,85.49,85.49,84.43,84.43,84.43,81.89,81.89,81.89,82.49,82.98,82.43,80.95,81.35,83.99,85.55,85.55,84.01,85.71,85.71,85.71,88.98,92.01,90.92,89.76,89.76,89.76,92.66,94.49,94.49,89.92,88.05,89.19,89.19,89.19,89.19,86.75,86.98,88.01,87.44,87.44,86.07,87.44,89.07,87.94,88.51,89.07,87.94,86.29,86.29,88.63,85.71,85.71,85.17,86.62
Producto,8.71601E-05,05321192,DUCHA ELÉCTRICA,99.15,98.01,98.01,98.01,97.58,99.95,99.57,99.57,99.57,99.57,99.57,99.57,102.35,102.35,102.35,102.35,102.35,101.89,101.53,101.53,101.53,102.78,103.23,103.23,103.23,106.20,106.20,106.20,105.60,105.25,107.98,107.98,108.56,108.61,108.61,108.66,104.61,104.61,104.61,103.82,103.82,103.82,103.82,103.82,103.82,105.22,104.74,104.33,104.33,104.33,104.33,103.13,102.93,102.93,102.95,101.67,101.51,101.51,101.43,101.43,101.43,101.43,101.43,101.43,101.43,101.43,101.43,101.43,101.43,101.43,101.43,100.59,100.59,100.80,100.80,100.80,100.80,101.37,101.37,101.37,101.37,103.81,103.81,103.81,108.30,108.48,110.98,110.98,110.98,110.98,114.71,113.71,118.42,115.73,114.41,114.41,118.19,118.23,121.63,121.97,124.56,119.68,124.56,124.56,125.40,125.64,123.16,122.20,123.16,123.16,130.61,132.33,131.50,131.50,131.50,131.14,130.40,130.40,125.33,125.33,121.31,122.80,122.80,123.56,123.56,130.93,126.57,126.57,125.27,127.74,127.74,127.24,125.19,127.75,129.09,130.19,130.19,130.31
Clase,0.000388884,0533,Reparación de artefactos para el hogar (S),112.64,112.64,112.64,112.64,112.64,116.82,116.82,116.82,116.82,116.82,116.82,116.82,116.82,116.82,119.45,119.45,119.45,113.18,107.63,107.63,107.63,107.63,107.63,104.90,101.76,101.76,100.60,104.59,99.69,99.69,99.69,99.69,99.69,99.69,99.69,99.69,99.69,99.69,99.69,99.69,99.69,99.69,102.29,102.29,102.29,102.29,102.29,102.29,102.29,102.29,102.29,102.29,102.29,102.29,102.29,102.29,102.29,99.69,99.69,99.69,99.69,99.69,99.69,99.69,99.69,99.69,99.69,99.69,99.69,99.69,99.69,104.59,104.59,107.31,95.60,95.60,95.60,95.60,95.60,102.29,102.29,102.29,102.29,102.29,102.29,99.22,99.22,99.22,99.22,99.22,100.98,93.81,93.81,93.81,96.71,96.71,96.71,96.71,96.71,96.71,96.71,96.71,96.71,96.71,96.71,96.71,96.71,96.71,96.71,96.71,96.71,96.71,96.71,96.71,101.46,101.46,101.46,101.46,101.46,104.10,104.10,104.10,104.10,104.10,104.10,104.10,104.10,99.22,99.22,99.22,99.22,99.22,108.04,108.04,108.04,111.38,114.27,116.85
Subclase,0.000388884,05331,Reparación de artefactos para el hogar,112.64,112.64,112.64,112.64,112.64,116.82,116.82,116.82,116.82,116.82,116.82,116.82,116.82,116.82,119.45,119.45,119.45,113.18,107.63,107.63,107.63,107.63,107.63,104.90,101.76,101.76,100.60,104.59,99.69,99.69,99.69,99.69,99.69,99.69,99.69,99.69,99.69,99.69,99.69,99.69,99.69,99.69,102.29,102.29,102.29,102.29,102.29,102.29,102.29,102.29,102.29,102.29,102.29,102.29,102.29,102.29,102.29,99.69,99.69,99.69,99.69,99.69,99.69,99.69,99.69,99.69,99.69,99.69,99.69,99.69,99.69,104.59,104.59,107.31,95.60,95.60,95.60,95.60,95.60,102.29,102.29,102.29,102.29,102.29,102.29,99.22,99.22,99.22,99.22,99.22,100.98,93.81,93.81,93.81,96.71,96.71,96.71,96.71,96.71,96.71,96.71,96.71,96.71,96.71,96.71,96.71,96.71,96.71,96.71,96.71,96.71,96.71,96.71,96.71,101.46,101.46,101.46,101.46,101.46,104.10,104.10,104.10,104.10,104.10,104.10,104.10,104.10,99.22,99.22,99.22,99.22,99.22,108.04,108.04,108.04,111.38,114.27,116.85
Producto,0.000388884,05331193,REPARACIÓN DE ARTEFACTOS PARA EL HOGAR,112.64,112.64,112.64,112.64,112.64,116.82,116.82,116.82,116.82,116.82,116.82,116.82,116.82,116.82,119.45,119.45,119.45,113.18,107.63,107.63,107.63,107.63,107.63,104.90,101.76,101.76,100.60,104.59,99.69,99.69,99.69,99.69,99.69,99.69,99.69,99.69,99.69,99.69,99.69,99.69,99.69,99.69,102.29,102.29,102.29,102.29,102.29,102.29,102.29,102.29,102.29,102.29,102.29,102.29,102.29,102.29,102.29,99.69,99.69,99.69,99.69,99.69,99.69,99.69,99.69,99.69,99.69,99.69,99.69,99.69,99.69,104.59,104.59,107.31,95.60,95.60,95.60,95.60,95.60,102.29,102.29,102.29,102.29,102.29,102.29,99.22,99.22,99.22,99.22,99.22,100.98,93.81,93.81,93.81,96.71,96.71,96.71,96.71,96.71,96.71,96.71,96.71,96.71,96.71,96.71,96.71,96.71,96.71,96.71,96.71,96.71,96.71,96.71,96.71,101.46,101.46,101.46,101.46,101.46,104.10,104.10,104.10,104.10,104.10,104.10,104.10,104.10,99.22,99.22,99.22,99.22,99.22,108.04,108.04,108.04,111.38,114.27,116.85
Grupo,0.001546614,054,"Artículos de vidrio y cristal, vajilla y utensilios para el hogar",102.87,103.76,103.76,104.88,105.64,105.48,106.11,106.69,106.67,100.55,98.34,98.71,99.03,100.46,99.52,99.52,99.52,99.29,97.01,96.41,96.88,96.88,97.42,98.49,98.79,99.59,98.75,98.21,97.91,96.79,97.32,96.08,97.62,97.42,97.21,98.35,98.35,98.56,98.92,100.23,99.27,98.82,99.47,99.34,99.34,99.34,100.21,100.44,99.44,99.74,99.59,99.61,99.55,99.64,99.87,100.02,99.26,98.32,97.18,97.83,98.18,98.15,98.98,99.11,99.09,98.64,98.00,97.91,98.38,98.38,99.71,100.65,101.05,100.88,100.81,101.60,101.67,104.27,108.26,108.34,108.55,110.02,109.86,111.06,112.99,113.73,114.66,114.73,114.46,116.00,118.72,116.61,118.60,118.87,118.12,119.32,119.44,119.23,119.83,118.55,118.26,119.32,120.95,120.50,119.76,119.54,119.21,119.14,119.85,119.80,120.30,122.15,122.23,123.70,123.03,123.44,123.44,122.65,124.31,122.93,121.71,122.54,123.60,123.59,121.83,125.82,125.30,125.05,123.21,120.13,121.84,123.09,122.88,124.66,123.82,123.88,123.88,123.88
Clase,0.001546614,0540,"Artículos de vidrio y cristal, vajilla y utensilios para el hogar (SD)",102.87,103.76,103.76,104.88,105.64,105.48,106.11,106.69,106.67,100.55,98.34,98.71,99.03,100.46,99.52,99.52,99.52,99.29,97.01,96.41,96.88,96.88,97.42,98.49,98.79,99.59,98.75,98.21,97.91,96.79,97.32,96.08,97.62,97.42,97.21,98.35,98.35,98.56,98.92,100.23,99.27,98.82,99.47,99.34,99.34,99.34,100.21,100.44,99.44,99.74,99.59,99.61,99.55,99.64,99.87,100.02,99.26,98.32,97.18,97.83,98.18,98.15,98.98,99.11,99.09,98.64,98.00,97.91,98.38,98.38,99.71,100.65,101.05,100.88,100.81,101.60,101.67,104.27,108.26,108.34,108.55,110.02,109.86,111.06,112.99,113.73,114.66,114.73,114.46,116.00,118.72,116.61,118.60,118.87,118.12,119.32,119.44,119.23,119.83,118.55,118.26,119.32,120.95,120.50,119.76,119.54,119.21,119.14,119.85,119.80,120.30,122.15,122.23,123.70,123.03,123.44,123.44,122.65,124.31,122.93,121.71,122.54,123.60,123.59,121.83,125.82,125.30,125.05,123.21,120.13,121.84,123.09,122.88,124.66,123.82,123.88,123.88,123.88
Subclase,0.001546614,05401,"Artículos de vidrio y cristal, vajilla y utensilios para el hogar",102.87,103.76,103.76,104.88,105.64,105.48,106.11,106.69,106.67,100.55,98.34,98.71,99.03,100.46,99.52,99.52,99.52,99.29,97.01,96.41,96.88,96.88,97.42,98.49,98.79,99.59,98.75,98.21,97.91,96.79,97.32,96.08,97.62,97.42,97.21,98.35,98.35,98.56,98.92,100.23,99.27,98.82,99.47,99.34,99.34,99.34,100.21,100.44,99.44,99.74,99.59,99.61,99.55,99.64,99.87,100.02,99.26,98.32,97.18,97.83,98.18,98.15,98.98,99.11,99.09,98.64,98.00,97.91,98.38,98.38,99.71,100.65,101.05,100.88,100.81,101.60,101.67,104.27,108.26,108.34,108.55,110.02,109.86,111.06,112.99,113.73,114.66,114.73,114.46,116.00,118.72,116.61,118.60,118.87,118.12,119.32,119.44,119.23,119.83,118.55,118.26,119.32,120.95,120.50,119.76,119.54,119.21,119.14,119.85,119.80,120.30,122.15,122.23,123.70,123.03,123.44,123.44,122.65,124.31,122.93,121.71,122.54,123.60,123.59,121.83,125.82,125.30,125.05,123.21,120.13,121.84,123.09,122.88,124.66,123.82,123.88,123.88,123.88
Producto,0.001546614,05401194,OLLAS,102.87,103.76,103.76,104.88,105.64,105.48,106.11,106.69,106.67,100.55,98.34,98.71,99.03,100.46,99.52,99.52,99.52,99.29,97.01,96.41,96.88,96.88,97.42,98.49,98.79,99.59,98.75,98.21,97.91,96.79,97.32,96.08,97.62,97.42,97.21,98.35,98.35,98.56,98.92,100.23,99.27,98.82,99.47,99.34,99.34,99.34,100.21,100.44,99.44,99.74,99.59,99.61,99.55,99.64,99.87,100.02,99.26,98.32,97.18,97.83,98.18,98.15,98.98,99.11,99.09,98.64,98.00,97.91,98.38,98.38,99.71,100.65,101.05,100.88,100.81,101.60,101.67,104.27,108.26,108.34,108.55,110.02,109.86,111.06,112.99,113.73,114.66,114.73,114.46,116.00,118.72,116.61,118.60,118.87,118.12,119.32,119.44,119.23,119.83,118.55,118.26,119.32,120.95,120.50,119.76,119.54,119.21,119.14,119.85,119.80,120.30,122.15,122.23,123.70,123.03,123.44,123.44,122.65,124.31,122.93,121.71,122.54,123.60,123.59,121.83,125.82,125.30,125.05,123.21,120.13,121.84,123.09,122.88,124.66,123.82,123.88,123.88,123.88
Grupo,0.001381501,055,Herramientas y equipo para el hogar y el jardín,103.11,106.36,106.33,107.17,106.35,108.36,111.44,113.58,114.15,113.98,113.81,109.85,108.32,108.80,109.13,108.59,108.59,110.18,110.21,109.97,110.05,110.39,111.72,110.87,111.50,111.29,111.29,107.73,107.06,106.24,100.56,105.88,100.63,98.60,98.69,98.03,95.08,94.79,94.67,92.80,94.03,93.41,93.44,89.63,91.64,92.95,91.76,91.68,91.81,92.07,92.41,91.92,92.16,91.96,91.86,91.92,91.92,91.61,91.61,86.56,86.30,86.95,86.39,87.04,87.04,87.65,87.71,87.71,89.14,89.34,87.69,88.86,88.70,88.62,89.08,95.20,95.20,89.12,89.35,89.26,89.84,88.57,88.63,88.63,89.10,88.07,89.08,89.28,86.44,84.31,85.17,86.00,86.64,90.11,86.08,87.13,90.20,90.24,92.02,91.95,91.78,92.31,89.89,90.41,87.21,86.45,86.56,85.61,85.41,85.66,84.66,85.67,86.04,86.46,84.84,84.69,84.96,85.12,85.04,80.38,80.02,80.02,80.02,78.92,81.39,80.97,79.90,74.41,74.43,74.65,74.33,73.80,75.43,76.16,75.98,75.36,76.07,75.82
Clase,0.00022067,0551,Herramientas y equipo grandes (D),103.65,103.65,103.31,103.31,103.31,103.31,103.31,103.31,102.35,100.40,98.49,98.49,98.49,98.49,98.49,98.49,98.49,102.80,103.07,106.76,107.65,111.50,111.50,110.54,110.70,110.70,110.70,101.06,95.15,92.82,93.89,93.89,93.61,93.41,93.41,93.32,93.89,94.04,94.04,94.04,94.04,91.93,91.93,93.67,98.83,103.48,102.42,101.25,102.21,102.21,103.45,103.45,104.05,104.05,103.19,103.19,103.19,99.71,99.71,98.04,98.04,98.04,98.95,98.95,98.95,98.95,99.66,99.66,99.66,99.42,98.54,98.74,98.74,98.74,98.84,98.84,98.84,98.84,99.24,97.51,99.97,103.36,102.90,102.90,103.25,103.25,103.25,101.09,102.88,105.53,102.90,102.90,102.90,102.90,106.79,104.93,102.07,100.78,100.78,100.78,99.63,99.63,96.44,96.44,96.44,96.55,96.55,96.55,96.55,96.55,96.30,98.10,97.73,95.87,95.87,95.87,95.70,97.54,97.54,97.54,97.54,97.54,97.54,97.54,97.54,92.25,98.97,98.71,98.98,98.97,95.38,97.01,97.01,97.01,97.01,93.46,97.00,95.13
Subclase,0.00022067,05511,Herramientas y equipos grandes,103.65,103.65,103.31,103.31,103.31,103.31,103.31,103.31,102.35,100.40,98.49,98.49,98.49,98.49,98.49,98.49,98.49,102.80,103.07,106.76,107.65,111.50,111.50,110.54,110.70,110.70,110.70,101.06,95.15,92.82,93.89,93.89,93.61,93.41,93.41,93.32,93.89,94.04,94.04,94.04,94.04,91.93,91.93,93.67,98.83,103.48,102.42,101.25,102.21,102.21,103.45,103.45,104.05,104.05,103.19,103.19,103.19,99.71,99.71,98.04,98.04,98.04,98.95,98.95,98.95,98.95,99.66,99.66,99.66,99.42,98.54,98.74,98.74,98.74,98.84,98.84,98.84,98.84,99.24,97.51,99.97,103.36,102.90,102.90,103.25,103.25,103.25,101.09,102.88,105.53,102.90,102.90,102.90,102.90,106.79,104.93,102.07,100.78,100.78,100.78,99.63,99.63,96.44,96.44,96.44,96.55,96.55,96.55,96.55,96.55,96.30,98.10,97.73,95.87,95.87,95.87,95.70,97.54,97.54,97.54,97.54,97.54,97.54,97.54,97.54,92.25,98.97,98.71,98.98,98.97,95.38,97.01,97.01,97.01,97.01,93.46,97.00,95.13
Producto,0.00022067,05511195,BOMBA DE AGUA,103.65,103.65,103.31,103.31,103.31,103.31,103.31,103.31,102.35,100.40,98.49,98.49,98.49,98.49,98.49,98.49,98.49,102.80,103.07,106.76,107.65,111.50,111.50,110.54,110.70,110.70,110.70,101.06,95.15,92.82,93.89,93.89,93.61,93.41,93.41,93.32,93.89,94.04,94.04,94.04,94.04,91.93,91.93,93.67,98.83,103.48,102.42,101.25,102.21,102.21,103.45,103.45,104.05,104.05,103.19,103.19,103.19,99.71,99.71,98.04,98.04,98.04,98.95,98.95,98.95,98.95,99.66,99.66,99.66,99.42,98.54,98.74,98.74,98.74,98.84,98.84,98.84,98.84,99.24,97.51,99.97,103.36,102.90,102.90,103.25,103.25,103.25,101.09,102.88,105.53,102.90,102.90,102.90,102.90,106.79,104.93,102.07,100.78,100.78,100.78,99.63,99.63,96.44,96.44,96.44,96.55,96.55,96.55,96.55,96.55,96.30,98.10,97.73,95.87,95.87,95.87,95.70,97.54,97.54,97.54,97.54,97.54,97.54,97.54,97.54,92.25,98.97,98.71,98.98,98.97,95.38,97.01,97.01,97.01,97.01,93.46,97.00,95.13
Clase,0.001160832,0552,Herramientas pequeñas y accesorios diversos (SD),103.05,106.62,106.62,107.54,106.64,108.84,112.23,114.58,115.29,115.29,115.29,110.95,109.27,109.79,110.16,109.57,109.57,110.90,110.90,110.28,110.28,110.28,111.74,110.90,111.58,111.34,111.34,108.38,108.21,107.53,101.20,107.04,101.31,99.10,99.20,98.48,95.20,94.86,94.73,92.69,94.02,93.55,93.59,89.24,90.95,91.93,90.73,90.75,90.80,91.09,91.35,90.81,91.02,90.79,90.77,90.84,90.84,90.83,90.83,85.46,85.16,85.88,85.18,85.89,85.89,86.56,86.56,86.56,88.12,88.36,86.64,87.91,87.73,87.65,88.14,94.85,94.85,88.18,88.39,88.47,88.86,87.14,87.25,87.25,87.74,86.60,87.71,88.14,84.86,82.26,83.45,84.37,85.07,88.87,84.08,85.41,89.05,89.23,91.17,91.10,91.02,91.60,89.26,89.83,86.31,85.48,85.59,84.56,84.33,84.61,83.54,84.47,84.91,85.55,83.77,83.61,83.92,83.92,83.83,78.73,78.33,78.33,78.33,77.13,79.83,79.89,78.06,72.06,72.06,72.30,72.30,71.56,73.34,74.15,73.95,73.62,74.05,73.96
Subclase,0.001160832,05521,"Lámparas incandescentes, fluorescentes y pilas",103.05,106.62,106.62,107.54,106.64,108.84,112.23,114.58,115.29,115.29,115.29,110.95,109.27,109.79,110.16,109.57,109.57,110.90,110.90,110.28,110.28,110.28,111.74,110.90,111.58,111.34,111.34,108.38,108.21,107.53,101.20,107.04,101.31,99.10,99.20,98.48,95.20,94.86,94.73,92.69,94.02,93.55,93.59,89.24,90.95,91.93,90.73,90.75,90.80,91.09,91.35,90.81,91.02,90.79,90.77,90.84,90.84,90.83,90.83,85.46,85.16,85.88,85.18,85.89,85.89,86.56,86.56,86.56,88.12,88.36,86.64,87.91,87.73,87.65,88.14,94.85,94.85,88.18,88.39,88.47,88.86,87.14,87.25,87.25,87.74,86.60,87.71,88.14,84.86,82.26,83.45,84.37,85.07,88.87,84.08,85.41,89.05,89.23,91.17,91.10,91.02,91.60,89.26,89.83,86.31,85.48,85.59,84.56,84.33,84.61,83.54,84.47,84.91,85.55,83.77,83.61,83.92,83.92,83.83,78.73,78.33,78.33,78.33,77.13,79.83,79.89,78.06,72.06,72.06,72.30,72.30,71.56,73.34,74.15,73.95,73.62,74.05,73.96
Producto,0.000822167,05521196,FOCO DE LUZ,104.47,110.68,110.68,110.68,110.68,112.70,112.70,114.63,114.63,114.63,114.63,108.20,105.60,105.60,105.60,105.60,105.60,105.60,105.60,104.15,104.15,104.15,104.15,102.88,103.09,103.09,103.09,98.48,98.16,98.16,88.10,97.18,88.10,84.66,86.46,86.62,84.53,84.53,84.53,80.32,82.95,82.98,82.98,79.93,83.22,85.19,83.33,83.33,83.33,83.33,83.85,83.01,83.01,83.01,83.01,83.01,83.01,83.01,83.01,74.85,74.40,74.40,74.40,74.40,74.40,76.54,76.54,76.54,78.93,78.93,76.54,76.54,76.54,76.41,76.41,87.86,87.86,76.41,76.41,76.41,76.41,73.71,73.71,73.71,75.02,73.13,74.24,74.90,70.90,66.12,65.79,68.41,68.41,74.11,66.99,69.33,75.11,73.91,77.84,77.03,77.03,77.03,73.47,73.56,68.37,67.62,67.62,66.62,66.62,66.62,66.62,66.46,67.48,67.48,63.54,63.54,63.54,63.54,63.54,56.48,56.48,56.48,56.48,53.84,57.87,58.39,56.25,47.42,47.42,47.50,46.91,45.67,49.23,49.23,48.40,47.88,48.39,48.39
Producto,0.000170854,05521197,PILAS,101.58,99.21,99.21,99.21,94.12,99.21,116.12,120.33,120.33,120.33,120.33,120.33,120.33,120.33,121.85,118.40,118.40,123.14,123.14,123.33,123.33,123.33,123.33,121.75,121.75,120.40,120.40,120.40,120.75,118.95,118.95,118.95,118.95,118.95,118.95,118.95,118.95,117.05,115.74,113.96,113.96,111.08,111.08,107.73,107.81,107.81,107.81,107.81,107.29,108.49,108.49,108.49,111.21,108.61,108.49,108.49,108.49,108.49,108.49,107.73,107.73,111.81,107.81,111.88,111.88,107.81,107.81,107.81,107.02,108.41,108.41,108.41,108.41,108.41,108.49,104.77,104.77,108.73,108.73,106.74,106.74,106.86,107.49,107.49,105.44,105.90,108.20,107.96,103.42,103.42,110.40,106.02,110.02,110.81,110.33,109.92,109.92,109.92,108.74,111.30,110.87,110.87,111.05,113.94,112.93,110.89,110.89,109.23,107.05,108.19,106.64,109.46,109.46,109.99,111.33,110.43,111.33,111.33,110.43,108.00,106.17,106.17,106.17,109.00,109.00,109.00,106.45,106.45,106.45,106.45,106.45,106.45,107.84,107.84,108.82,108.82,108.82,108.63
Producto,0.000167811,05521198,CANDADO,99.47,99.47,99.47,104.51,104.51,104.51,106.76,108.81,112.76,112.76,112.76,111.58,111.58,114.44,114.99,115.07,115.07,117.80,117.80,119.35,119.35,119.35,127.37,128.77,131.76,131.76,131.76,131.76,131.65,129.63,130.38,130.38,130.97,130.97,125.14,120.61,109.91,109.91,110.48,115.82,113.91,113.99,114.19,104.24,101.95,100.39,100.39,100.49,101.27,101.69,101.27,101.27,99.79,101.06,101.06,101.42,101.42,101.40,101.40,101.40,101.40,101.40,101.40,101.40,101.40,101.40,101.40,101.40,102.33,102.33,101.30,108.26,107.28,107.28,109.93,109.93,109.93,109.93,111.07,113.41,115.56,115.56,115.57,115.56,115.56,115.56,115.56,115.76,116.24,118.87,119.86,119.86,119.86,119.85,119.13,118.57,118.17,123.37,121.35,121.28,121.28,124.46,124.03,124.03,124.03,124.03,124.67,124.14,124.99,125.43,121.01,123.97,122.79,125.80,128.67,128.67,129.50,129.50,129.85,129.08,128.64,128.64,128.64,128.64,129.26,127.73,127.73,125.93,125.93,126.94,129.03,129.38,125.24,129.69,130.56,130.56,131.17,130.82
Grupo,0.034418899,056,Bienes y servicios para conservación ordinaria del hogar,104.23,104.38,104.58,104.57,104.64,104.70,104.60,104.59,104.59,104.87,105.03,105.31,106.60,106.74,107.16,107.12,106.72,107.28,107.35,107.27,107.28,107.20,107.17,107.03,108.69,108.64,108.90,108.85,108.82,108.33,108.35,108.25,108.04,107.76,107.72,107.68,109.40,109.79,109.96,109.53,109.17,110.24,110.01,110.06,110.10,110.26,109.98,110.10,111.08,111.11,111.00,110.82,111.21,111.01,110.58,111.01,110.90,111.01,111.01,111.02,112.17,111.90,111.64,111.93,111.97,112.28,112.25,112.67,111.74,111.99,111.93,111.52,111.87,112.09,112.03,112.15,112.47,112.76,112.70,113.19,113.74,113.92,114.03,114.15,117.91,117.79,118.40,118.65,119.29,119.63,120.41,120.22,120.12,120.74,120.84,120.57,124.82,124.87,125.17,124.94,125.19,123.17,124.22,124.18,123.70,124.20,123.80,124.26,126.22,125.72,125.99,126.67,127.00,127.53,127.24,127.40,127.40,128.18,128.64,128.84,129.93,129.67,129.19,128.59,128.36,128.77,129.17,128.45,128.74,127.97,129.45,128.10,129.88,130.01,129.24,128.98,129.83,130.10
Clase,0.019168533,0561,Bienes para el hogar no duraderos (ND),100.37,100.66,101.05,101.03,101.17,101.29,101.08,101.08,101.08,101.61,101.94,102.48,101.50,101.78,102.30,102.22,101.44,102.53,102.66,102.52,102.54,102.38,102.32,102.04,102.65,102.57,103.08,102.98,102.91,101.96,102.00,101.81,101.39,100.85,100.77,100.68,100.83,101.60,101.93,101.09,100.38,102.48,102.03,102.13,102.20,102.51,101.96,102.20,101.78,101.84,101.62,101.26,102.03,101.64,100.80,101.63,101.43,101.64,101.63,101.65,102.15,101.62,101.12,101.69,101.75,102.37,102.30,103.14,101.31,101.79,101.69,100.88,101.57,102.00,101.89,102.12,102.74,103.31,103.19,104.15,105.21,105.56,105.78,106.01,106.05,105.82,107.01,107.50,108.75,109.42,110.94,110.56,110.37,111.59,111.78,111.25,112.24,112.34,112.92,112.48,112.96,109.02,111.08,111.00,110.06,111.04,110.25,111.16,112.06,111.08,111.60,112.94,113.58,114.61,114.04,114.36,114.37,115.87,116.78,117.18,116.38,115.86,114.94,113.76,113.31,114.12,114.90,113.50,114.05,112.55,115.43,112.81,112.78,113.04,111.52,111.01,112.68,113.21
Subclase,0.015945987,05611,Productos de limpieza y mantenimiento,99.59,99.91,100.23,100.21,100.35,100.50,100.10,100.11,100.05,100.74,100.79,101.50,100.35,100.72,101.43,101.37,100.36,101.24,101.38,101.38,101.41,101.53,101.30,101.14,101.68,101.65,102.02,101.69,101.76,100.43,100.57,100.62,100.27,99.87,99.87,99.54,99.93,100.79,100.99,100.11,99.00,99.56,99.60,99.74,99.63,99.99,99.38,99.42,98.93,98.93,98.91,98.53,99.27,98.78,97.81,98.85,98.72,99.06,99.15,99.03,99.63,99.13,98.44,99.04,99.20,100.11,100.06,100.52,98.26,98.78,98.70,98.13,98.79,98.95,99.05,98.66,98.62,99.48,99.37,100.38,101.91,102.37,102.55,102.96,103.14,102.72,104.10,104.60,105.84,106.48,108.77,108.83,108.18,109.77,109.92,109.56,110.41,110.43,110.39,109.48,110.26,105.46,108.34,108.02,106.87,107.89,106.63,107.81,109.02,108.12,108.64,110.07,110.77,111.66,111.16,111.55,112.64,112.47,113.95,114.21,113.19,112.58,111.42,110.80,109.72,110.76,111.10,109.32,110.40,108.36,111.82,110.13,110.24,110.24,108.76,108.50,109.85,111.07
Producto,0.005798781,05611199,DETERGENTE PARA ROPA,98.03,98.03,98.03,98.03,98.03,98.03,98.03,98.03,98.03,98.03,98.03,98.03,97.55,97.55,98.03,98.03,98.03,98.98,98.91,98.71,98.97,98.97,98.97,98.69,98.69,99.11,99.70,99.70,100.01,98.38,98.10,97.57,97.64,97.64,97.64,97.51,97.51,98.18,98.05,97.10,98.47,98.47,98.47,98.33,98.33,98.33,98.33,98.14,97.72,97.72,97.72,97.72,97.86,97.86,96.46,96.46,96.33,96.98,97.14,96.95,98.37,98.37,98.37,98.37,97.77,98.37,98.37,98.37,92.26,93.37,93.37,93.69,93.55,93.97,94.14,93.90,93.90,94.25,92.84,95.68,98.90,97.98,98.15,98.15,96.51,94.68,95.55,98.51,103.57,101.74,104.27,105.76,100.18,106.97,104.80,104.80,104.80,104.97,105.57,103.95,107.29,97.23,101.44,102.42,101.40,102.23,99.84,102.96,104.65,104.65,104.60,103.59,104.34,104.34,104.25,104.57,104.57,104.55,107.81,108.80,105.48,106.68,103.42,100.54,97.15,100.09,99.17,98.85,99.37,97.40,104.90,99.69,100.11,98.69,95.79,94.55,98.30,100.89
Producto,0.00258686,05611200,JABÓN PARA ROPA,102.33,103.20,103.20,103.20,103.20,103.74,103.74,103.74,103.74,103.74,103.74,103.74,99.11,100.96,104.39,104.93,98.12,94.73,94.73,95.60,94.73,94.73,94.73,94.73,94.73,94.73,94.73,94.73,95.16,93.95,93.91,96.03,93.92,93.92,93.92,93.92,94.27,94.27,94.27,94.27,84.45,88.86,88.86,88.09,88.35,88.96,85.04,85.04,85.04,85.04,85.04,85.04,85.04,83.68,83.68,85.34,85.34,85.34,85.34,86.73,86.73,86.73,86.73,86.73,87.19,87.19,87.19,86.64,86.75,86.73,86.73,86.73,86.73,86.73,86.73,86.73,90.69,90.83,93.43,95.77,95.32,95.69,99.40,99.49,99.12,100.57,99.37,100.03,103.90,103.90,109.27,105.46,106.91,106.91,106.62,106.62,106.62,109.71,108.87,108.87,105.39,106.75,109.21,109.21,109.21,109.21,109.21,109.21,109.21,103.64,105.84,106.13,105.16,107.95,107.95,107.95,108.55,109.95,109.95,111.83,112.72,112.57,112.57,115.12,115.12,117.21,117.21,114.97,114.97,114.97,114.97,115.34,115.34,113.41,113.41,113.41,112.74,114.39
Producto,0.001806114,05611201,JABÓN PARA VAJILLA,99.80,99.80,100.09,99.80,101.44,100.46,99.84,99.34,100.09,100.09,97.06,101.44,99.34,99.34,99.34,99.34,99.34,102.99,100.44,98.99,99.37,99.61,98.99,99.76,102.15,101.51,101.12,100.39,101.41,100.30,100.25,99.58,100.25,99.58,99.82,101.55,100.35,102.90,102.90,99.38,99.38,98.79,99.71,100.24,99.21,99.72,100.17,105.12,103.31,103.89,104.44,102.72,107.16,105.77,100.51,106.02,105.55,107.08,107.08,107.08,107.08,105.99,104.37,103.17,105.12,107.31,106.27,105.80,106.69,108.13,107.64,106.66,108.48,108.38,108.64,106.55,105.48,106.63,105.83,104.91,106.90,110.65,111.59,114.06,113.10,114.61,117.92,112.88,112.46,115.92,115.43,116.29,123.29,119.39,120.09,121.43,121.94,119.19,117.38,119.54,118.72,118.72,114.72,116.04,115.45,117.33,117.03,116.73,119.31,117.52,117.12,118.48,117.66,122.08,124.42,120.59,128.00,125.25,129.14,130.83,129.86,127.85,126.06,125.14,125.14,122.64,123.51,119.02,122.74,119.35,124.11,124.97,125.55,125.66,123.30,122.61,125.18,124.06
Producto,0.003399103,05611202,CLORO Y DESINFECTANTE,104.25,105.15,105.83,106.31,105.19,106.58,106.30,106.58,104.20,107.48,109.00,109.36,109.36,109.88,108.81,108.35,108.81,112.55,113.90,114.13,114.32,114.32,114.55,112.93,114.62,114.62,114.62,114.62,114.68,113.43,113.65,113.08,113.08,113.08,112.26,111.63,112.64,112.64,112.64,111.88,111.59,111.80,111.80,111.80,111.80,111.80,111.80,111.58,110.87,111.02,109.98,110.03,109.02,110.04,110.52,110.52,110.08,110.05,109.43,106.85,107.76,108.28,105.27,107.68,108.70,110.40,110.40,113.79,113.22,113.14,113.37,111.17,113.07,113.07,113.30,112.40,110.49,113.53,112.76,111.51,112.32,112.26,109.91,109.91,113.10,113.03,114.67,114.39,108.40,113.40,115.11,114.11,114.18,111.40,115.52,112.15,115.28,114.27,114.51,111.59,112.75,104.21,114.01,110.44,104.86,108.71,107.22,108.69,109.01,110.02,109.79,114.29,115.86,113.28,113.28,113.28,113.22,113.09,113.09,110.43,110.08,106.90,108.23,108.22,109.34,109.34,109.34,109.02,111.22,106.81,106.81,106.08,106.03,109.01,108.49,107.87,107.87,106.93
Producto,0.000282729,05611203,BETÚN ,99.64,101.56,102.71,102.71,103.77,105.27,107.78,105.73,106.96,104.19,109.02,109.02,111.08,113.61,113.61,111.08,111.08,111.79,109.57,109.29,109.29,108.44,109.82,109.82,109.82,107.28,107.28,107.28,101.30,102.88,106.11,107.01,104.51,106.59,100.67,100.16,100.16,100.16,101.90,101.90,101.49,103.42,106.70,107.62,104.98,105.83,105.83,99.83,103.05,102.45,103.85,104.88,106.34,107.84,106.68,106.68,107.04,107.34,107.34,111.46,111.46,109.64,110.24,110.24,113.53,112.87,112.43,112.43,112.43,107.27,106.94,100.87,103.32,104.06,100.08,100.08,100.08,99.41,99.41,100.78,100.78,108.94,110.71,110.71,110.71,110.71,116.44,114.47,113.75,114.21,114.21,119.96,126.83,128.04,128.04,131.30,131.30,128.29,133.14,130.03,130.03,130.03,130.29,133.33,133.33,133.33,133.33,132.55,132.55,135.39,136.35,139.23,139.23,139.23,139.23,139.23,136.61,137.51,140.05,136.61,136.61,140.05,141.17,141.17,141.17,141.17,142.54,143.52,142.20,142.20,144.30,150.38,150.38,152.31,154.51,153.64,153.64,153.64
Producto,0.000260745,05611204,CERA PARA PISOS,98.06,98.06,98.06,98.06,98.06,98.06,98.06,98.06,98.06,97.62,97.62,97.62,97.62,97.62,97.62,97.62,97.62,99.23,99.23,99.23,99.23,100.10,100.10,100.10,100.16,100.16,100.16,100.16,99.31,96.55,99.04,99.04,94.85,98.33,98.39,94.37,98.53,98.53,98.53,98.53,100.95,100.95,100.95,100.95,100.95,100.95,100.95,97.55,100.95,100.95,100.95,102.40,102.40,103.72,103.72,103.83,103.83,103.83,103.83,103.83,103.83,99.39,103.08,103.08,103.08,103.08,103.08,103.08,103.08,103.08,103.08,103.08,102.28,103.08,103.08,103.08,101.73,103.26,104.03,102.46,104.03,104.03,104.03,104.03,107.09,106.24,109.75,112.80,112.80,112.80,112.80,114.31,114.31,114.31,114.42,114.42,114.42,114.42,114.42,114.42,114.42,117.42,110.75,110.75,110.75,110.75,111.08,104.89,110.75,110.75,111.08,122.18,128.15,129.39,127.69,131.86,129.25,135.32,135.32,133.20,133.20,133.02,131.06,131.06,131.06,131.06,131.06,132.77,132.34,134.91,134.91,134.91,135.14,135.14,135.14,135.79,135.79,135.73
Producto,0.000395387,05611205,DESODORANTE AMBIENTAL,98.50,98.50,98.50,98.50,98.50,98.93,98.71,98.71,98.71,98.71,98.71,98.71,98.71,98.71,98.71,98.71,98.71,101.19,100.55,100.76,100.76,103.36,101.54,103.36,100.83,101.54,103.36,101.54,101.54,99.73,100.29,101.55,101.20,89.01,100.63,92.42,97.29,105.07,105.07,105.07,105.07,95.95,90.21,99.14,99.14,105.45,105.45,104.14,97.27,105.07,101.90,89.43,99.89,94.10,101.83,101.28,101.83,101.56,101.56,104.72,101.56,103.48,97.42,100.36,94.22,100.18,98.42,99.85,98.42,102.78,103.95,104.14,104.14,104.14,105.06,105.06,103.89,101.32,105.06,102.60,102.22,103.51,97.59,103.51,105.46,101.58,109.75,108.67,108.27,103.44,103.91,103.98,103.63,111.04,115.96,114.85,126.42,126.23,127.94,128.97,128.97,133.16,138.12,128.58,139.66,130.65,129.95,133.23,127.82,128.11,131.49,134.90,131.53,129.48,131.54,130.69,137.62,129.71,123.95,125.17,121.77,126.16,115.65,125.27,124.46,128.24,130.15,121.78,119.21,119.48,127.69,112.31,112.70,118.88,114.99,121.69,121.69,125.79
Producto,0.001007496,05611206,SUAVIZANTE DE ROPA,87.69,86.75,89.08,89.87,89.87,87.57,81.66,82.99,87.57,91.01,91.01,91.01,91.01,89.03,91.07,91.07,91.07,86.86,92.36,93.58,93.58,93.58,90.16,93.58,93.58,91.07,94.72,91.07,90.62,89.22,88.75,89.40,92.80,87.94,87.72,88.56,88.53,91.97,94.49,93.93,93.93,93.93,94.40,94.79,94.67,95.16,95.16,94.44,93.70,93.34,92.10,92.52,93.90,89.13,89.13,90.49,92.21,90.84,92.04,92.04,92.73,90.74,88.89,93.29,91.36,91.41,93.79,92.98,91.07,91.39,89.83,89.83,92.94,91.39,93.04,94.62,91.45,91.45,92.54,93.63,94.62,94.04,94.01,93.83,95.01,95.58,96.74,94.56,94.56,94.98,99.29,99.29,99.29,99.50,99.50,99.50,99.50,99.50,98.62,98.62,99.92,96.24,94.40,93.81,94.13,94.13,91.91,94.16,94.92,95.66,96.66,95.93,98.12,104.10,91.06,100.42,103.39,99.16,97.90,99.16,103.98,98.87,103.69,99.93,97.95,95.85,104.28,92.80,96.83,90.90,91.33,95.93,93.66,95.07,94.81,98.04,94.91,100.34
Producto,0.000408772,05611207,INSECTICIDA,98.06,98.06,98.06,90.84,98.06,98.06,97.97,97.97,97.97,97.97,97.97,104.69,104.69,104.69,108.17,108.17,110.95,114.35,114.35,114.35,114.35,114.35,114.35,109.24,108.19,114.04,112.09,112.05,112.48,114.10,114.10,112.18,114.10,112.12,114.10,114.10,111.14,107.62,111.14,114.10,114.10,114.10,110.72,110.72,114.02,114.02,113.39,111.74,107.10,91.99,105.04,103.07,101.77,101.77,97.32,98.46,94.79,94.79,99.69,100.16,98.15,92.53,97.09,97.09,98.38,98.38,98.18,98.18,97.42,97.42,97.42,97.66,94.10,97.66,95.48,96.64,100.10,100.50,100.40,101.27,98.61,101.30,95.16,93.52,97.26,91.32,89.45,92.84,93.12,93.97,93.97,94.73,94.73,94.73,94.67,96.49,93.37,96.30,92.97,92.47,93.13,91.94,95.43,95.43,96.70,96.70,97.05,99.16,99.16,95.56,100.28,100.73,102.48,102.29,103.23,103.83,103.83,103.83,103.64,103.64,102.79,97.82,97.82,101.63,103.25,103.25,103.80,104.65,100.46,103.44,103.44,104.57,104.57,104.23,100.94,103.10,103.61,101.18
Subclase,0.003222546,05612,Productos no duraderos para el hogar,103.45,103.62,104.28,104.28,104.42,104.40,104.95,104.90,105.11,105.04,106.48,106.37,106.04,105.94,105.70,105.55,105.70,107.60,107.73,106.99,106.98,105.77,106.34,105.60,106.49,106.20,107.25,108.06,107.43,108.01,107.61,106.51,105.80,104.71,104.31,105.19,104.35,104.78,105.65,104.99,105.83,113.99,111.61,111.53,112.34,112.46,112.15,113.16,113.00,113.30,112.31,112.04,112.92,112.92,112.60,112.60,112.10,111.84,111.44,111.98,112.08,111.44,111.68,112.10,111.79,111.26,111.13,113.45,113.31,113.65,113.47,111.73,112.54,114.02,113.04,115.77,118.96,118.39,118.23,118.99,118.22,118.14,118.53,118.02,117.53,118.08,118.47,118.91,120.24,120.99,119.48,117.40,118.99,118.75,119.08,117.92,119.45,119.86,122.91,124.28,123.60,123.05,121.86,122.71,122.67,123.46,124.52,124.36,124.02,122.77,123.28,124.25,124.63,126.24,125.40,125.46,121.16,129.29,127.96,128.88,128.95,128.82,128.82,125.41,127.46,127.36,129.84,129.95,128.43,129.07,129.67,123.33,122.78,124.04,122.41,120.91,123.86,121.67
Producto,0.000681452,05612208,ESCOBA,103.75,103.75,103.75,103.75,104.63,104.63,104.63,104.63,105.42,105.03,105.03,105.03,105.03,105.03,105.03,105.03,105.03,112.14,112.14,107.60,108.18,108.18,106.79,107.59,108.34,106.57,106.57,107.75,107.95,105.35,105.98,105.98,105.98,101.47,97.00,99.95,99.95,99.69,101.61,103.84,103.84,106.92,105.06,105.06,105.06,105.06,103.84,103.84,103.84,105.68,105.68,105.68,107.05,107.05,105.81,105.81,105.81,105.49,105.49,106.03,105.49,105.49,102.36,104.96,104.96,104.96,104.96,104.96,104.96,104.96,104.88,101.09,101.09,107.60,107.60,108.78,108.78,108.78,111.89,108.95,108.87,107.24,108.13,108.13,102.39,102.39,100.33,103.10,109.27,112.50,111.29,113.59,113.13,113.22,113.22,113.22,114.29,114.29,114.29,113.98,115.17,116.06,116.06,116.06,116.06,116.06,116.26,116.26,116.26,113.83,113.83,116.05,116.23,116.23,116.23,119.09,115.25,119.09,119.09,119.09,119.09,119.16,119.16,119.86,119.86,117.33,124.98,124.98,121.61,124.98,121.86,121.86,121.86,118.58,120.54,119.89,113.58,113.58
Producto,0.000211092,05612209,ESPONJA LAVA VAJILLA,103.24,105.88,105.88,105.88,105.88,111.47,111.47,115.60,115.60,115.60,115.60,115.60,115.60,115.60,115.60,115.60,115.60,118.45,118.45,118.45,116.88,99.68,116.88,108.77,120.56,120.56,120.56,120.56,113.55,118.89,118.89,118.89,112.06,105.75,106.20,106.20,106.20,110.27,110.76,101.64,108.03,110.91,110.91,104.16,116.10,116.10,105.09,104.56,110.91,110.91,102.66,102.66,111.89,111.89,116.96,116.96,116.96,116.96,110.87,110.87,113.68,110.73,119.17,119.17,118.16,118.54,118.54,118.54,112.99,118.16,112.54,118.16,112.95,118.55,112.45,112.95,111.99,113.93,113.03,113.03,113.81,113.81,117.98,108.95,106.42,106.42,109.95,110.18,119.31,125.17,120.60,118.20,122.49,122.21,130.40,110.08,129.97,129.97,129.97,130.57,130.57,122.76,122.76,125.38,125.38,125.38,125.88,125.38,125.38,125.38,125.38,131.72,131.72,131.72,129.29,124.77,124.77,130.48,130.48,130.48,130.48,127.94,127.94,119.07,118.20,122.80,128.03,129.72,125.45,132.63,136.38,133.24,133.24,133.24,135.89,127.56,138.33,132.08
Producto,0.000862233,05612210,FUNDAS PARA BASURA,102.37,102.37,102.91,102.91,102.91,103.33,103.33,102.50,102.71,102.71,102.71,102.71,101.85,101.85,101.23,101.23,101.23,102.33,102.96,102.96,102.96,102.96,102.08,101.20,101.20,101.20,101.04,102.66,102.66,104.65,104.66,104.66,104.66,104.66,104.66,105.71,105.71,105.71,107.08,107.08,107.08,126.46,121.08,121.08,121.08,121.08,121.08,121.08,121.08,121.08,121.08,121.08,121.08,121.08,118.76,118.76,118.83,117.44,117.44,117.44,117.44,117.44,117.44,117.44,117.44,117.44,117.44,122.26,122.26,122.26,122.26,122.26,122.26,122.26,121.97,126.98,135.29,132.76,133.56,133.56,133.56,133.56,133.56,133.56,133.89,131.84,133.89,133.89,133.53,133.53,133.53,124.23,125.73,125.73,125.73,125.73,125.73,125.73,137.52,137.52,135.27,135.27,135.27,137.24,137.24,137.24,137.37,137.37,137.22,134.19,134.19,135.42,138.64,140.10,140.10,138.57,132.73,147.04,145.97,145.97,145.97,145.97,145.97,145.97,145.97,145.97,145.97,145.97,145.97,144.91,144.91,131.02,130.36,131.66,127.29,126.99,132.74,131.04
Producto,0.000503555,05612211,SERVILLETAS ,109.18,109.18,109.18,109.18,109.18,105.92,109.18,109.18,109.18,109.18,109.18,108.49,109.18,109.18,109.18,108.32,109.18,109.16,108.49,108.49,108.49,108.49,108.49,108.49,108.49,108.49,108.49,108.49,107.60,107.20,104.21,104.22,102.55,102.55,104.22,104.22,99.18,100.09,100.09,97.55,100.09,100.09,100.09,96.44,96.59,97.35,100.94,107.22,103.79,103.79,101.11,99.49,98.69,98.69,101.30,101.30,99.30,101.30,101.30,103.98,103.98,101.30,101.30,101.30,101.30,97.98,97.21,99.93,101.30,101.30,101.86,92.90,99.81,99.81,97.00,100.40,100.40,101.45,96.94,103.34,96.94,97.34,97.87,98.44,97.00,103.96,103.96,103.89,102.87,101.22,96.19,102.12,106.91,106.60,104.53,104.53,104.53,107.43,99.07,106.74,106.74,105.95,98.81,98.81,99.27,103.97,109.52,109.52,106.07,107.75,110.82,111.38,105.85,112.13,108.06,111.01,102.42,112.13,106.60,112.13,112.13,112.13,112.13,94.55,106.83,106.83,112.31,112.31,108.09,108.34,113.45,108.86,108.86,117.20,114.58,110.15,116.37,109.01
Producto,0.000655699,05612212,FÓSFOROS,101.13,101.13,103.87,103.87,103.87,103.87,103.87,103.87,103.87,103.87,112.64,112.64,112.64,112.64,112.64,112.64,112.64,112.64,112.64,112.64,112.64,112.64,112.64,112.64,112.64,112.64,119.36,119.36,119.36,119.36,119.36,112.64,112.64,112.64,112.64,112.64,112.64,112.64,112.64,112.64,112.64,112.64,112.64,118.53,118.53,118.53,118.53,118.53,118.53,118.53,118.53,118.53,118.53,118.53,118.53,118.53,118.53,118.53,118.53,118.53,118.53,118.53,118.53,118.53,118.53,118.53,118.53,118.53,118.53,118.53,118.53,118.53,118.53,118.53,118.53,118.53,118.53,118.53,118.53,118.53,118.53,118.53,118.53,118.53,122.37,122.37,120.54,120.54,120.54,120.54,120.54,120.54,120.54,120.54,120.54,120.54,120.54,120.54,120.54,120.54,120.54,120.54,120.54,120.54,120.54,120.54,120.54,120.54,122.37,122.37,122.37,122.37,122.37,122.37,122.37,122.37,122.37,122.37,122.37,122.37,122.37,122.37,122.37,122.37,122.37,122.37,122.37,122.37,122.37,122.37,122.37,122.37,120.54,120.54,120.54,120.54,120.54,120.54
Producto,0.000308515,05612213,VELAS,100.02,100.02,100.02,100.02,100.02,100.02,100.02,100.02,100.02,100.02,100.02,100.02,98.08,96.22,96.22,96.22,96.22,98.90,98.90,98.65,98.65,97.30,97.30,97.30,97.30,97.30,97.30,97.30,96.47,95.38,95.38,95.38,95.68,96.53,96.53,96.53,96.53,97.51,97.51,97.51,97.51,97.51,97.51,97.51,97.51,97.51,97.51,97.51,97.51,97.51,97.51,97.51,100.88,100.88,100.88,100.88,97.51,97.51,97.51,97.51,97.51,97.51,100.88,100.88,96.67,96.67,96.67,96.67,96.67,96.67,98.50,98.50,98.50,99.71,99.71,99.71,100.61,102.49,99.74,102.49,107.13,109.15,107.13,106.88,108.14,111.26,111.26,111.26,112.11,114.30,111.26,116.60,116.60,113.50,115.95,118.84,119.87,118.48,116.69,118.46,118.46,117.58,117.58,116.04,114.12,114.12,114.49,112.26,112.26,112.70,112.70,106.18,106.65,106.65,106.65,106.65,106.65,106.65,106.65,106.65,107.86,108.19,108.19,108.19,109.20,109.20,109.20,109.20,109.20,109.20,109.20,109.20,109.20,107.42,107.42,107.42,107.42,109.28
Clase,0.015250366,0562,Servicios domésticos y para el hogar (S),108.28,108.28,108.28,108.28,108.28,108.28,108.28,108.28,108.28,108.28,108.28,108.28,111.95,111.95,112.26,112.26,112.26,112.26,112.26,112.26,112.26,112.26,112.26,112.26,115.02,115.02,115.02,115.02,115.02,115.02,115.02,115.02,115.02,115.02,115.02,115.02,118.40,118.40,118.40,118.40,118.40,118.40,118.40,118.40,118.40,118.40,118.40,118.40,120.85,120.85,120.85,120.85,120.85,120.85,120.85,120.85,120.85,120.85,120.85,120.85,122.69,122.69,122.69,122.69,122.69,122.69,122.69,122.69,122.69,122.69,122.69,122.69,122.69,122.69,122.69,122.69,122.69,122.69,122.69,122.69,122.69,122.69,122.69,122.69,130.36,130.36,130.36,130.36,130.36,130.36,130.36,130.36,130.36,130.36,130.36,130.36,138.03,138.03,138.03,138.03,138.03,138.03,138.03,138.03,138.03,138.03,138.03,138.03,141.10,141.10,141.10,141.10,141.10,141.10,141.10,141.10,141.10,141.10,141.10,141.10,144.16,144.16,144.16,144.16,144.16,144.16,144.16,144.16,144.16,144.16,144.16,144.16,147.84,147.84,147.84,147.84,147.84,147.84
Subclase,0.015250366,05621,Servicios domésticos y  para el hogar,108.28,108.28,108.28,108.28,108.28,108.28,108.28,108.28,108.28,108.28,108.28,108.28,111.95,111.95,112.26,112.26,112.26,112.26,112.26,112.26,112.26,112.26,112.26,112.26,115.02,115.02,115.02,115.02,115.02,115.02,115.02,115.02,115.02,115.02,115.02,115.02,118.40,118.40,118.40,118.40,118.40,118.40,118.40,118.40,118.40,118.40,118.40,118.40,120.85,120.85,120.85,120.85,120.85,120.85,120.85,120.85,120.85,120.85,120.85,120.85,122.69,122.69,122.69,122.69,122.69,122.69,122.69,122.69,122.69,122.69,122.69,122.69,122.69,122.69,122.69,122.69,122.69,122.69,122.69,122.69,122.69,122.69,122.69,122.69,130.36,130.36,130.36,130.36,130.36,130.36,130.36,130.36,130.36,130.36,130.36,130.36,138.03,138.03,138.03,138.03,138.03,138.03,138.03,138.03,138.03,138.03,138.03,138.03,141.10,141.10,141.10,141.10,141.10,141.10,141.10,141.10,141.10,141.10,141.10,141.10,144.16,144.16,144.16,144.16,144.16,144.16,144.16,144.16,144.16,144.16,144.16,144.16,147.84,147.84,147.84,147.84,147.84,147.84
Producto,0.015250366,05621214,SERVICIOS DOMÉSTICOS,108.28,108.28,108.28,108.28,108.28,108.28,108.28,108.28,108.28,108.28,108.28,108.28,111.95,111.95,112.26,112.26,112.26,112.26,112.26,112.26,112.26,112.26,112.26,112.26,115.02,115.02,115.02,115.02,115.02,115.02,115.02,115.02,115.02,115.02,115.02,115.02,118.40,118.40,118.40,118.40,118.40,118.40,118.40,118.40,118.40,118.40,118.40,118.40,120.85,120.85,120.85,120.85,120.85,120.85,120.85,120.85,120.85,120.85,120.85,120.85,122.69,122.69,122.69,122.69,122.69,122.69,122.69,122.69,122.69,122.69,122.69,122.69,122.69,122.69,122.69,122.69,122.69,122.69,122.69,122.69,122.69,122.69,122.69,122.69,130.36,130.36,130.36,130.36,130.36,130.36,130.36,130.36,130.36,130.36,130.36,130.36,138.03,138.03,138.03,138.03,138.03,138.03,138.03,138.03,138.03,138.03,138.03,138.03,141.10,141.10,141.10,141.10,141.10,141.10,141.10,141.10,141.10,141.10,141.10,141.10,144.16,144.16,144.16,144.16,144.16,144.16,144.16,144.16,144.16,144.16,144.16,144.16,147.84,147.84,147.84,147.84,147.84,147.84
División,0.07339304,06,Salud,99.39,99.63,99.86,100.03,100.47,100.52,100.78,100.79,100.41,100.87,100.62,101.00,101.67,101.78,101.81,102.49,102.12,102.29,102.20,102.54,102.50,102.88,102.25,102.48,103.24,103.23,103.19,103.12,103.45,103.88,103.72,104.25,104.52,104.38,104.51,104.78,104.52,104.37,104.60,105.80,106.16,106.56,106.45,107.26,107.56,108.31,108.49,108.83,108.69,108.63,108.37,108.79,108.74,109.01,109.10,108.96,108.94,108.92,109.23,109.51,109.53,109.86,109.91,111.01,111.11,110.87,110.83,111.23,111.41,111.95,112.12,112.59,112.94,112.72,112.84,112.83,112.88,113.28,113.85,113.51,113.71,114.38,114.85,114.75,116.12,116.96,116.95,116.83,118.12,117.96,117.67,117.97,118.93,119.29,119.51,119.62,118.78,119.32,119.44,119.52,118.86,119.56,119.79,120.68,120.33,119.71,119.80,119.99,119.99,120.30,120.54,121.95,120.86,122.18,122.18,122.02,122.27,122.09,122.50,123.23,123.05,123.84,123.06,123.87,124.98,125.12,125.81,125.64,126.02,125.87,125.38,126.61,127.52,127.57,127.24,129.10,128.92,129.71
Grupo,0.042033363,061,"Productos, artefactos y equipo médicos",97.15,97.62,97.89,98.26,98.03,98.15,98.68,98.64,98.32,99.29,98.77,99.58,100.39,100.63,100.03,100.77,99.95,99.89,99.48,100.21,100.13,100.80,100.60,101.26,101.30,101.30,101.19,102.02,102.62,103.53,103.80,103.99,103.99,103.70,103.98,104.55,104.01,103.68,104.18,104.04,104.80,105.18,104.96,105.87,105.53,105.75,106.12,106.27,105.96,105.83,105.29,106.18,106.11,106.52,106.71,106.59,106.45,105.59,105.75,106.14,106.17,106.19,106.24,108.33,108.55,108.03,107.96,108.79,109.18,110.33,110.71,110.73,111.37,110.91,110.99,110.98,110.73,111.24,112.17,110.57,111.03,110.45,111.70,111.42,112.55,111.84,111.80,111.47,114.10,113.22,112.62,113.25,114.51,114.45,115.00,115.23,113.24,114.39,113.49,113.47,112.18,113.66,114.15,115.81,114.05,113.58,114.76,115.15,116.22,116.89,116.96,118.63,116.35,119.03,119.00,118.70,118.82,117.98,118.85,120.40,119.55,120.30,118.55,120.28,120.39,120.68,122.05,121.44,122.19,121.89,121.56,124.38,124.96,125.06,124.36,127.22,126.62,127.59
Clase,0.038023734,0611,Productos farmacéuticos (ND),96.14,96.27,96.58,96.92,96.66,96.79,97.36,97.32,96.65,97.73,97.14,98.07,99.04,99.25,98.54,98.78,97.90,97.64,97.18,97.94,97.77,98.53,98.26,98.93,98.98,99.06,98.88,99.69,100.28,101.42,101.65,101.88,101.80,101.51,101.50,102.23,101.60,101.23,101.79,101.56,102.41,102.76,102.50,103.52,103.11,103.37,103.81,103.98,103.63,103.56,102.94,103.89,103.81,104.33,104.49,104.37,104.24,103.22,103.23,103.66,103.70,103.72,103.74,106.12,106.38,105.78,105.61,106.59,107.00,107.85,108.32,108.36,109.12,108.59,108.75,108.73,108.46,109.01,110.12,108.23,108.60,107.99,109.38,108.94,110.33,109.56,109.37,108.97,111.78,110.76,110.12,110.80,112.17,111.90,112.59,112.96,110.73,111.92,110.77,110.79,109.61,111.25,111.66,113.24,111.20,110.69,112.03,112.29,113.61,114.35,114.47,116.09,113.59,116.69,116.64,116.27,116.44,115.54,116.46,118.35,117.37,118.29,116.25,118.12,118.24,118.56,120.18,119.42,120.23,119.95,119.54,122.80,123.57,123.68,122.88,126.16,125.53,126.65
Subclase,0.038023734,06111,Productos farmacéuticos,96.14,96.27,96.58,96.92,96.66,96.79,97.36,97.32,96.65,97.73,97.14,98.07,99.04,99.25,98.54,98.78,97.90,97.64,97.18,97.94,97.77,98.53,98.26,98.93,98.98,99.06,98.88,99.69,100.28,101.42,101.65,101.88,101.80,101.51,101.50,102.23,101.60,101.23,101.79,101.56,102.41,102.76,102.50,103.52,103.11,103.37,103.81,103.98,103.63,103.56,102.94,103.89,103.81,104.33,104.49,104.37,104.24,103.22,103.23,103.66,103.70,103.72,103.74,106.12,106.38,105.78,105.61,106.59,107.00,107.85,108.32,108.36,109.12,108.59,108.75,108.73,108.46,109.01,110.12,108.23,108.60,107.99,109.38,108.94,110.33,109.56,109.37,108.97,111.78,110.76,110.12,110.80,112.17,111.90,112.59,112.96,110.73,111.92,110.77,110.79,109.61,111.25,111.66,113.24,111.20,110.69,112.03,112.29,113.61,114.35,114.47,116.09,113.59,116.69,116.64,116.27,116.44,115.54,116.46,118.35,117.37,118.29,116.25,118.12,118.24,118.56,120.18,119.42,120.23,119.95,119.54,122.80,123.57,123.68,122.88,126.16,125.53,126.65
Producto,0.00529398,06111215,ANALGÉSICOS Y ANTIPIRÉTICOS (N02B),91.49,91.83,91.83,92.98,92.98,92.98,93.59,93.59,91.49,91.81,91.91,91.98,92.62,92.62,92.62,93.67,93.32,92.63,91.21,91.67,91.18,91.67,93.39,96.19,99.02,99.38,98.55,98.95,99.84,102.11,101.82,102.11,102.08,102.63,103.69,101.92,102.95,102.60,102.13,102.96,103.86,104.52,106.06,107.93,107.87,109.17,110.88,110.41,109.92,110.08,109.23,112.53,110.75,114.67,111.05,111.05,111.01,112.92,112.92,112.72,109.01,108.01,109.18,109.01,109.01,110.05,110.05,113.27,112.26,112.64,114.50,113.38,116.52,118.30,117.93,117.05,116.01,115.45,117.03,116.24,112.31,113.30,113.61,115.61,114.92,115.97,115.64,114.67,118.25,116.82,119.01,120.38,120.16,120.97,121.60,120.85,121.90,120.25,120.34,121.81,119.65,119.03,118.15,120.09,118.31,118.26,119.50,120.01,123.06,124.76,127.33,130.54,126.74,133.04,131.39,132.49,132.02,129.39,132.54,134.32,134.87,133.42,131.47,133.35,133.93,133.77,132.64,132.64,131.47,134.65,132.68,137.29,137.00,136.72,133.71,139.40,137.71,135.23
Producto,0.003566299,06111216,COMBINACIONES DE SUPRESORES DE LA TOS Y EXPECTORANTES (R05F),91.52,91.62,92.37,92.87,92.57,92.98,92.48,93.84,93.17,100.36,97.98,99.01,99.01,99.09,98.77,98.77,92.42,83.07,82.95,83.51,82.63,82.66,82.91,83.31,79.18,80.52,77.55,84.17,91.57,93.38,93.30,93.70,95.29,94.83,94.31,93.66,94.36,93.27,95.08,95.34,95.15,94.02,94.68,96.37,96.54,93.35,93.94,94.56,94.62,94.83,92.17,94.45,95.28,98.79,98.45,98.11,96.37,92.67,93.13,91.83,95.81,95.81,93.38,96.53,97.47,97.89,98.11,97.89,95.25,95.25,93.67,93.98,95.16,94.48,91.95,90.13,90.04,89.09,89.96,89.96,89.96,89.75,92.62,93.07,91.61,91.61,94.25,94.17,92.67,94.69,94.86,94.31,93.71,93.71,96.18,96.10,96.40,96.60,95.50,96.09,96.59,98.62,102.12,102.20,99.04,99.13,99.04,99.67,100.98,101.80,101.83,101.26,99.08,103.22,102.55,102.73,101.76,99.66,101.60,107.72,105.56,107.02,107.52,109.41,110.12,109.44,111.49,108.85,110.57,109.51,110.21,114.63,113.37,113.49,110.20,114.52,114.52,115.02
Producto,0.000229905,06111217,"PREPARADOS DERMATOLÓGICOS 
(D11A)",102.22,102.22,102.22,104.45,104.45,104.45,113.26,119.97,119.22,121.63,121.63,118.20,122.83,122.83,122.83,124.72,126.45,119.97,116.10,121.27,119.67,119.67,119.67,119.67,119.67,121.05,121.05,119.67,120.02,120.68,120.68,122.07,122.07,121.41,120.48,120.48,120.75,119.65,120.75,120.75,122.37,122.37,121.26,121.26,121.87,120.22,120.81,119.62,122.94,123.23,124.03,122.80,119.47,120.45,120.75,120.75,117.64,121.08,117.52,117.52,119.09,115.82,115.82,119.40,119.40,119.40,121.39,121.39,120.33,119.94,115.75,115.75,115.75,118.46,115.75,115.75,118.21,118.21,121.13,125.15,125.54,126.81,127.50,127.50,130.10,123.71,126.43,122.70,130.42,129.18,128.47,129.09,129.70,129.09,129.09,126.10,124.91,128.22,127.60,132.45,132.41,132.41,128.56,128.56,125.06,125.06,129.05,127.90,131.48,131.48,133.38,134.88,132.42,134.69,135.53,137.53,137.88,137.14,142.34,144.86,145.64,141.60,135.43,141.22,135.07,138.56,138.56,132.87,141.67,138.88,139.81,147.11,145.79,146.42,142.36,148.92,148.06,142.93
Producto,0.003772273,06111218,ANTIBIÓTICO,92.23,92.23,92.23,92.23,92.23,92.23,92.23,92.23,91.57,92.23,92.23,92.53,92.53,92.53,91.74,91.74,91.74,91.89,91.42,92.14,91.34,91.90,91.42,92.02,92.02,92.08,92.08,91.82,92.32,92.70,92.16,92.70,92.70,91.63,91.13,91.63,91.63,91.02,91.02,91.02,91.02,91.90,92.50,92.50,92.50,92.50,92.38,92.50,93.00,92.56,92.56,92.43,92.43,92.43,92.43,93.05,92.80,92.80,92.19,92.80,92.19,92.10,93.01,92.71,92.71,92.71,92.71,92.71,92.10,92.02,92.31,92.76,92.76,92.92,92.76,92.76,92.76,92.92,92.80,92.33,93.28,92.66,94.08,93.28,93.46,92.50,93.46,94.47,93.45,93.45,101.34,78.91,88.73,92.22,91.89,86.15,85.85,85.75,82.61,73.61,72.85,73.24,71.86,69.94,70.00,70.61,73.81,73.81,76.01,73.89,76.34,76.34,74.12,76.34,76.34,76.34,75.28,75.28,75.28,73.54,66.99,71.23,66.99,71.23,72.33,70.05,72.79,70.98,73.02,75.39,72.58,74.94,74.94,74.94,71.79,74.13,76.55,76.55
Producto,0.001220047,06111219,ANTIHISTAMÍNICO PARA USO SISTÉMICO (R06A),93.61,94.03,94.03,94.03,90.66,90.66,90.66,93.92,93.28,96.23,93.49,93.49,95.94,89.34,79.68,78.51,79.68,63.26,62.52,67.55,66.72,69.94,66.94,67.77,65.75,65.75,67.61,67.61,71.98,68.07,67.07,67.07,68.11,63.72,72.71,70.05,70.24,68.58,68.58,63.72,63.72,64.65,64.65,63.81,62.98,62.98,65.45,65.45,64.65,63.37,64.16,64.53,64.53,65.05,67.56,69.75,69.75,69.75,69.75,69.16,68.99,67.85,68.75,68.60,68.60,68.60,71.65,71.65,71.65,68.60,68.60,70.09,68.60,68.60,74.37,74.37,74.37,74.37,70.98,70.98,69.41,71.02,71.02,70.25,70.83,71.28,69.85,69.22,69.85,69.85,71.28,69.85,72.57,69.85,69.22,69.22,69.85,69.85,69.85,69.85,69.26,70.23,70.23,70.23,69.89,69.89,69.89,69.89,69.89,69.01,66.12,65.23,64.51,64.76,64.76,66.34,67.19,67.67,69.89,69.89,67.19,69.89,69.89,69.05,69.89,69.89,69.89,69.89,69.89,69.89,69.89,69.89,69.89,70.65,69.80,67.01,69.53,69.53
Producto,0.001828421,06111220,ANTIINFLAMATORIO Y ANTIRREUMÁTICOS NO ESTEROIDEOS (M01A),97.06,97.06,97.06,97.06,97.06,97.06,97.06,97.06,96.16,97.15,97.15,97.15,97.15,97.15,99.78,96.21,99.78,103.32,110.31,110.31,110.31,110.31,110.31,110.31,110.31,110.31,110.31,110.31,110.22,114.21,115.74,115.74,115.74,116.50,118.91,124.72,118.67,117.78,117.78,117.78,118.52,118.52,117.75,125.29,124.75,123.52,126.96,126.96,126.14,123.13,121.87,121.87,130.39,121.87,121.87,121.87,123.90,125.09,122.34,124.21,123.20,123.20,125.64,125.64,128.85,127.14,127.87,127.87,134.75,134.10,138.51,136.24,136.24,131.90,131.12,134.79,135.15,135.15,136.35,135.60,136.28,132.37,134.20,138.34,141.94,141.94,129.20,141.94,143.08,137.46,135.92,136.56,138.49,140.65,142.97,145.01,146.02,137.44,133.87,138.74,135.29,137.02,140.08,141.61,140.54,149.05,151.10,154.56,150.43,145.75,150.88,151.81,147.69,151.87,156.94,152.35,158.98,150.15,148.24,153.68,153.21,152.81,146.93,148.90,159.56,149.83,155.01,156.61,152.75,151.25,152.70,157.27,161.93,149.11,153.42,157.37,167.59,157.25
Producto,0.002203625,06111221,TRACTO ALIMENTARIO Y METABOLISMO (A),97.35,97.53,98.56,98.01,98.50,98.88,97.46,97.12,96.82,97.34,98.09,99.14,99.33,99.44,101.03,100.62,101.56,103.47,104.46,105.88,107.62,108.60,107.46,108.69,108.25,109.76,113.72,120.08,118.81,118.88,123.97,124.41,124.17,127.69,129.39,129.89,127.93,126.58,131.94,132.33,133.27,133.69,134.03,133.70,135.30,137.68,137.60,138.65,137.84,138.26,138.26,140.43,142.63,143.87,143.96,142.52,141.88,141.27,140.69,142.49,142.15,141.45,141.22,143.17,143.10,142.72,140.39,141.26,139.94,140.96,139.95,140.56,140.52,141.15,139.61,141.12,138.64,135.42,134.52,134.22,136.56,135.41,136.56,137.40,139.43,136.17,136.02,133.51,137.05,135.66,134.18,134.46,133.64,131.73,138.49,140.75,134.00,139.47,140.92,140.36,138.99,140.17,140.75,141.06,139.89,140.54,142.39,144.09,145.05,145.73,144.33,143.86,143.36,145.00,146.20,144.56,145.60,147.43,146.30,149.39,150.39,156.95,156.08,159.61,157.41,159.78,156.12,157.73,159.87,157.44,154.15,158.53,156.10,158.42,155.00,157.09,154.80,164.01
Producto,0.000603782,06111222,ANTIHELMÍNTICOS (ANTIPARASITARIO) (P02),96.63,96.63,96.63,91.96,92.66,96.63,96.63,96.63,96.63,96.63,96.63,98.93,98.93,100.48,96.63,96.95,93.04,92.01,93.03,94.07,94.07,94.07,94.07,94.07,94.07,94.80,94.80,94.80,94.39,94.39,94.39,94.39,94.39,94.39,83.07,100.43,95.37,95.37,95.37,94.91,95.73,95.73,94.91,97.26,96.51,96.51,96.51,96.51,96.51,97.26,97.26,98.90,98.90,98.90,98.13,98.13,98.97,107.14,103.52,108.37,111.96,111.96,111.96,118.41,118.41,112.63,111.59,111.59,112.67,113.55,114.48,114.35,114.30,114.30,114.30,115.42,109.67,111.43,108.83,108.83,108.83,112.73,112.73,112.73,115.74,115.74,115.74,115.74,117.51,117.51,115.18,115.18,121.43,113.67,113.67,113.74,109.80,114.54,114.54,114.54,116.68,120.44,138.25,144.24,139.23,138.32,153.51,155.17,160.56,166.77,165.94,162.98,162.98,159.51,160.69,161.84,165.96,168.10,168.10,168.10,168.10,168.10,163.07,168.10,158.70,168.06,161.80,162.53,168.57,162.33,162.33,149.07,167.33,166.60,168.61,170.78,162.66,168.96
Producto,0.007486884,06111223,SISTEMA CARDIOVASCULAR (C),97.57,97.88,98.14,98.81,98.76,98.93,99.39,99.12,98.65,98.68,97.87,100.33,101.82,104.15,101.58,101.29,102.21,99.15,96.91,96.35,96.99,97.09,98.23,98.60,97.51,96.81,95.64,95.42,95.29,95.93,96.09,95.81,96.24,96.36,96.34,96.37,95.06,95.55,96.12,95.66,96.21,97.10,96.44,96.44,95.41,95.51,95.49,95.60,94.82,94.69,94.23,93.63,93.96,95.05,95.40,95.16,95.39,95.27,95.00,96.13,96.98,96.76,97.09,99.74,100.18,99.74,99.29,99.82,99.21,98.75,96.50,96.69,97.67,96.20,95.60,96.72,97.14,98.24,99.06,98.65,99.63,100.10,99.14,97.56,100.54,98.41,99.88,100.18,100.11,99.05,94.82,98.24,100.32,99.58,99.98,102.46,100.67,102.11,101.87,101.20,100.94,102.91,102.82,104.21,101.06,101.22,101.84,101.94,102.98,105.78,105.78,105.40,105.53,105.23,105.46,104.08,105.34,106.01,105.30,106.52,106.95,107.71,106.56,107.04,108.76,108.18,107.59,107.93,106.82,105.73,105.10,105.19,105.50,107.44,107.72,110.04,108.42,109.50
Producto,0.002018273,06111224,MEDICAMENTOS USADOS EN DIABETES (A10),100.22,100.21,100.21,99.73,100.21,100.79,101.26,101.03,101.03,101.03,102.41,102.41,101.57,101.57,100.79,101.84,101.73,101.73,101.95,101.96,101.96,101.96,101.96,101.96,102.42,104.84,105.32,105.70,106.52,106.54,106.54,106.54,105.85,104.70,102.32,104.46,103.60,102.51,103.49,102.70,103.04,102.71,102.18,102.06,103.35,102.97,102.65,103.46,103.63,103.63,101.99,102.83,102.81,103.54,103.39,101.69,102.98,102.66,103.24,103.24,102.94,102.77,102.69,104.85,104.85,104.38,103.95,104.21,103.66,104.83,105.32,102.83,101.38,101.72,102.89,102.64,104.19,103.57,102.95,104.00,102.77,103.74,101.88,103.52,102.52,102.65,103.94,100.77,105.28,104.71,101.98,106.01,103.30,105.85,105.76,104.62,101.23,103.10,102.92,102.61,101.09,102.35,102.15,102.87,101.91,100.54,98.23,98.23,101.09,103.21,99.03,97.55,97.43,96.98,96.62,94.84,97.45,97.04,94.44,96.42,96.91,96.09,95.40,96.55,94.79,96.37,94.59,95.82,96.68,94.47,95.50,97.29,96.16,95.64,94.22,96.39,96.10,97.60
Producto,0.000476909,06111225,ANTICONCEPTIVOS HORMONALES PARA USO SISTÉMICO (G03A),105.08,105.08,105.08,106.31,106.31,108.83,111.52,112.72,112.00,111.41,109.72,110.22,112.88,112.28,109.91,111.17,109.99,108.83,109.29,111.63,111.63,111.63,111.57,111.57,111.57,111.57,111.57,111.57,112.38,112.38,112.38,112.38,113.37,112.13,110.99,111.54,112.38,111.79,113.66,112.70,112.88,112.29,112.29,112.29,112.36,112.36,111.87,112.96,112.96,112.96,112.96,111.08,110.87,111.88,111.00,109.61,109.59,110.19,110.19,110.19,110.19,110.26,110.26,112.98,112.98,112.98,112.98,112.98,112.38,113.34,103.90,107.25,107.25,106.53,107.66,108.23,107.12,106.55,102.72,107.01,108.26,108.41,108.02,106.03,108.29,110.22,110.22,106.94,110.22,107.08,108.01,107.34,106.16,106.16,106.94,106.16,105.67,106.67,106.05,108.53,108.03,108.03,104.55,104.04,100.86,101.26,101.26,100.99,106.15,110.20,107.05,103.67,100.33,103.96,102.95,102.59,102.41,102.48,105.24,105.93,105.93,109.19,101.63,104.92,101.87,105.05,104.52,101.16,104.08,101.03,100.54,105.32,104.84,106.89,106.89,107.68,104.21,107.68
Producto,0.000432242,06111226,ANTIFÚNGICOS PARA USO DERMATOLÓGICO (D01),93.22,93.22,93.22,93.22,93.22,93.22,93.22,93.22,92.58,93.22,93.22,103.68,103.68,103.68,103.68,108.05,115.39,115.39,114.64,115.98,114.54,110.69,114.70,114.93,114.93,117.07,121.41,121.41,124.47,123.76,123.76,123.76,123.11,128.85,128.78,128.85,128.85,128.85,128.61,129.02,129.26,130.59,131.67,131.67,134.63,134.63,134.63,134.63,133.74,132.37,132.37,133.76,133.76,133.76,134.91,135.80,135.42,134.00,134.53,132.26,132.26,132.26,135.42,135.42,135.42,135.42,136.48,135.42,136.95,134.53,134.53,135.42,132.99,135.03,132.99,132.99,134.10,134.10,134.10,137.96,144.68,160.49,161.34,166.06,165.19,166.06,165.19,161.83,162.26,160.12,165.23,165.76,162.09,162.09,162.09,166.29,166.29,165.50,162.95,165.50,165.88,167.79,166.91,165.88,164.78,164.78,165.13,165.13,164.55,159.37,159.87,164.17,163.86,168.09,167.00,168.32,165.88,170.60,172.64,176.82,176.82,170.36,172.52,179.05,179.05,174.03,179.85,178.32,182.55,189.39,185.83,199.97,205.27,205.42,200.06,210.23,210.23,211.65
Producto,0.000622886,06111227,OFTALMOLÓGICOS (S01),100.97,100.97,100.97,100.97,100.97,100.97,101.47,101.47,100.74,101.47,98.78,100.47,104.49,104.49,106.24,106.44,106.44,109.81,110.02,110.02,110.02,109.36,107.84,107.84,109.51,111.15,111.15,111.35,110.75,108.81,108.13,108.13,108.01,101.12,99.87,101.12,101.12,100.82,101.80,102.22,102.51,101.52,101.52,101.52,103.28,103.10,103.10,100.75,105.14,98.71,101.57,100.65,103.70,92.89,101.96,106.96,101.04,102.63,101.27,101.27,98.86,101.80,104.51,105.25,105.25,105.25,105.25,105.25,104.24,104.88,100.42,99.08,100.42,100.42,102.93,103.93,102.18,101.70,101.73,102.08,103.09,103.71,110.65,117.32,118.29,118.29,117.12,119.92,120.29,120.29,117.02,117.09,118.84,118.84,123.19,123.19,118.84,116.03,118.50,120.15,121.71,121.64,133.23,134.34,134.64,130.43,136.19,138.04,136.42,136.10,136.10,134.61,135.80,133.16,133.16,133.58,132.34,137.18,147.04,148.55,157.56,163.62,175.60,183.37,178.81,182.26,183.34,180.99,176.51,189.01,189.52,206.93,205.91,202.73,205.98,207.23,202.14,201.33
Producto,0.001191601,06111228,MEDICAMENTOS PARA EL SISTEMA NERVIOSO (N),98.10,98.10,98.10,98.10,98.10,98.10,98.10,97.69,97.69,97.69,97.69,97.69,97.69,97.69,97.69,97.69,97.69,97.69,97.69,97.69,97.69,98.19,97.35,97.35,97.35,97.35,97.35,97.35,96.88,97.33,96.13,96.52,96.52,95.50,96.37,96.37,96.37,96.37,95.55,95.55,95.55,95.75,95.15,94.78,93.34,97.37,97.37,96.14,95.59,95.59,95.59,95.26,95.26,95.65,95.65,96.57,96.57,94.05,92.84,91.96,93.52,92.84,92.84,95.58,95.58,95.58,94.77,94.77,96.10,96.10,96.83,96.83,98.62,98.92,98.92,98.92,98.92,98.92,98.11,98.11,98.11,98.11,98.92,98.92,98.92,99.83,99.83,96.19,100.56,100.56,100.56,100.56,100.56,100.56,97.46,97.46,97.46,99.90,98.88,99.90,99.90,99.90,99.90,99.90,96.10,95.78,95.91,95.84,100.53,97.01,100.53,100.53,96.33,100.53,100.53,100.53,96.14,92.78,96.30,101.90,101.88,96.77,95.31,98.91,98.75,98.91,103.36,96.11,99.75,99.55,96.07,103.33,103.21,103.60,99.47,103.60,103.60,103.77
Producto,0.007076605,06111229,"SUPLEMENTOS MINERALES, VITAMINAS Y PREPARADOS ANTIANÉMICOS (A12) (A11) (B03)",100.29,100.16,100.85,101.28,100.26,99.92,102.76,101.61,101.27,101.90,100.89,101.17,103.67,102.69,103.67,105.77,101.20,111.64,111.30,113.79,112.68,115.42,112.22,112.34,114.88,113.93,114.62,113.25,111.38,114.02,114.00,114.68,112.62,111.28,108.82,111.82,111.63,111.37,110.97,110.46,113.55,113.65,111.44,113.52,112.23,112.41,112.18,113.03,112.62,113.77,113.14,115.11,111.51,110.22,112.65,111.91,111.82,106.59,108.93,109.39,109.20,111.20,109.66,116.18,115.69,112.63,112.65,115.23,119.61,125.47,130.56,131.47,131.45,129.93,133.11,131.24,130.85,134.99,140.51,129.88,132.26,127.74,133.57,129.61,132.92,132.04,130.55,127.50,138.91,136.57,133.45,145.65,144.67,141.85,141.36,143.02,134.62,139.78,136.37,139.96,136.60,141.23,140.82,147.21,145.44,139.64,141.67,140.53,140.47,142.33,138.72,147.92,141.11,148.70,147.80,148.45,147.88,146.96,148.97,149.31,147.18,148.01,143.59,144.37,140.26,145.67,153.46,152.78,156.19,154.11,157.67,162.61,166.75,167.31,170.51,174.77,171.62,176.90
Clase,0.000820938,0612,Otros productos médicos (ND),105.21,105.21,105.21,107.22,107.22,107.73,109.50,108.84,108.84,110.18,110.18,110.18,111.64,115.00,117.24,118.36,115.12,120.09,119.61,115.13,119.63,120.58,120.87,121.35,121.35,115.15,119.19,127.23,128.40,127.48,126.92,126.92,127.39,124.89,124.75,124.53,125.06,124.88,125.76,129.41,131.12,130.79,131.31,131.00,131.47,131.47,130.62,130.62,130.62,125.87,125.78,130.01,129.90,130.38,130.38,130.38,128.13,130.51,129.83,130.89,130.89,130.62,133.57,133.57,133.57,133.36,133.55,132.10,134.18,132.88,128.44,130.61,128.36,128.18,123.97,124.63,122.61,122.32,119.19,122.76,122.27,121.93,121.53,121.82,122.38,119.76,122.72,123.71,129.75,130.59,126.85,129.41,133.19,132.28,131.69,133.50,126.24,129.19,130.43,127.57,129.08,132.43,134.48,134.40,135.92,138.48,139.03,141.34,144.72,139.32,143.07,145.75,144.93,144.88,146.21,147.92,146.00,143.93,148.41,141.22,151.04,145.69,147.90,154.47,154.54,154.09,151.19,154.91,157.40,153.44,156.04,155.32,158.17,158.36,158.40,156.13,152.28,152.24
Subclase,0.000820938,06121,Antisépticos y preservativos,105.21,105.21,105.21,107.22,107.22,107.73,109.50,108.84,108.84,110.18,110.18,110.18,111.64,115.00,117.24,118.36,115.12,120.09,119.61,115.13,119.63,120.58,120.87,121.35,121.35,115.15,119.19,127.23,128.40,127.48,126.92,126.92,127.39,124.89,124.75,124.53,125.06,124.88,125.76,129.41,131.12,130.79,131.31,131.00,131.47,131.47,130.62,130.62,130.62,125.87,125.78,130.01,129.90,130.38,130.38,130.38,128.13,130.51,129.83,130.89,130.89,130.62,133.57,133.57,133.57,133.36,133.55,132.10,134.18,132.88,128.44,130.61,128.36,128.18,123.97,124.63,122.61,122.32,119.19,122.76,122.27,121.93,121.53,121.82,122.38,119.76,122.72,123.71,129.75,130.59,126.85,129.41,133.19,132.28,131.69,133.50,126.24,129.19,130.43,127.57,129.08,132.43,134.48,134.40,135.92,138.48,139.03,141.34,144.72,139.32,143.07,145.75,144.93,144.88,146.21,147.92,146.00,143.93,148.41,141.22,151.04,145.69,147.90,154.47,154.54,154.09,151.19,154.91,157.40,153.44,156.04,155.32,158.17,158.36,158.40,156.13,152.28,152.24
Producto,0.000433814,06121230,ALCOHOL ANTISÉPTICO,95.94,95.94,95.94,95.94,95.94,95.94,97.22,97.22,97.22,97.22,97.22,97.22,98.15,98.15,100.18,100.18,98.15,102.56,102.56,102.23,102.23,107.23,107.23,107.23,107.23,111.35,116.58,116.58,118.46,119.70,119.45,119.45,119.45,119.45,119.45,119.45,120.01,122.92,122.92,131.44,136.23,135.68,136.23,136.23,136.23,136.23,136.23,136.23,136.23,136.23,136.23,136.23,136.23,136.23,136.23,136.23,136.23,136.23,136.23,136.78,136.78,136.67,144.32,144.32,144.32,144.32,144.95,144.95,144.95,144.95,144.95,151.82,151.82,152.55,151.64,151.64,151.64,151.64,145.15,145.15,145.15,145.15,144.10,144.87,144.87,145.06,145.06,144.90,144.90,144.90,145.47,145.47,145.47,145.47,145.47,142.94,142.94,151.73,151.73,151.73,151.73,151.73,168.33,168.33,168.33,174.30,174.30,179.54,179.54,179.54,178.11,179.92,182.14,182.14,182.14,182.14,182.14,182.14,182.14,182.14,182.14,180.67,182.14,182.14,182.14,180.99,182.89,180.83,180.83,183.45,182.98,182.66,188.99,188.99,188.99,183.10,174.23,174.23
Producto,0.000387124,06121231,PRESERVATIVO,111.04,111.04,111.04,114.32,114.32,115.14,117.23,116.14,116.14,118.34,118.34,118.34,120.13,125.59,127.98,129.79,125.80,131.11,130.33,123.24,130.58,128.97,129.46,130.24,130.24,117.54,120.83,133.93,134.65,132.38,131.63,131.63,132.38,128.31,128.09,127.73,128.23,126.11,127.55,128.13,127.91,127.71,128.22,127.71,128.47,128.47,127.09,127.09,127.09,119.36,119.20,126.09,125.92,126.69,126.69,126.69,123.04,126.91,125.81,127.18,127.18,126.81,126.81,126.81,126.81,126.47,126.38,124.01,127.40,125.30,118.05,117.26,113.60,112.84,106.56,107.64,104.35,103.88,102.85,108.67,107.88,107.32,107.32,107.32,108.23,103.85,108.66,110.38,120.22,121.59,115.13,119.31,125.45,123.99,123.01,127.56,115.74,115.01,117.04,112.37,114.83,120.29,113.19,113.06,115.54,115.95,116.84,117.31,122.81,114.01,121.02,124.26,121.52,121.44,123.60,126.39,123.27,119.89,127.19,115.48,131.48,123.68,126.36,137.05,137.17,137.17,131.24,138.60,142.65,134.57,139.10,138.13,138.79,139.09,139.15,139.15,138.47,138.41
Clase,0.003188691,0613,Artefactos y equipo terapéuticos (D),103.99,107.15,107.14,107.50,107.50,107.50,107.62,107.62,109.95,109.95,109.95,109.95,109.46,109.46,109.46,113.91,113.91,114.74,114.74,115.95,115.95,115.95,116.22,116.75,116.75,116.87,116.87,116.88,117.52,116.84,117.50,117.40,118.01,118.01,120.60,120.09,119.98,119.98,119.98,119.98,119.98,120.67,120.67,120.94,120.94,120.94,120.94,120.94,120.94,120.94,120.94,120.94,120.94,120.44,120.94,120.78,120.78,120.78,122.20,122.20,122.20,122.20,122.20,122.20,122.20,122.20,122.89,122.89,122.89,126.65,127.01,126.56,126.74,126.74,126.74,126.74,126.88,127.18,127.18,127.18,128.43,128.04,128.43,129.34,128.55,128.55,129.30,129.30,130.09,130.16,130.16,130.16,130.23,131.99,131.62,130.45,131.10,131.65,132.44,132.44,130.01,130.01,130.84,133.36,133.36,132.84,132.84,133.94,132.84,133.68,132.95,134.87,134.12,133.90,133.84,133.84,133.84,133.60,133.60,133.60,132.38,132.66,132.66,132.66,132.66,132.85,132.85,132.85,132.85,132.87,132.87,132.70,131.46,131.50,131.50,131.76,131.76,131.76
Subclase,0.003188691,06131,Artefactos y equipos terapéuticos,103.99,107.15,107.14,107.50,107.50,107.50,107.62,107.62,109.95,109.95,109.95,109.95,109.46,109.46,109.46,113.91,113.91,114.74,114.74,115.95,115.95,115.95,116.22,116.75,116.75,116.87,116.87,116.88,117.52,116.84,117.50,117.40,118.01,118.01,120.60,120.09,119.98,119.98,119.98,119.98,119.98,120.67,120.67,120.94,120.94,120.94,120.94,120.94,120.94,120.94,120.94,120.94,120.94,120.44,120.94,120.78,120.78,120.78,122.20,122.20,122.20,122.20,122.20,122.20,122.20,122.20,122.89,122.89,122.89,126.65,127.01,126.56,126.74,126.74,126.74,126.74,126.88,127.18,127.18,127.18,128.43,128.04,128.43,129.34,128.55,128.55,129.30,129.30,130.09,130.16,130.16,130.16,130.23,131.99,131.62,130.45,131.10,131.65,132.44,132.44,130.01,130.01,130.84,133.36,133.36,132.84,132.84,133.94,132.84,133.68,132.95,134.87,134.12,133.90,133.84,133.84,133.84,133.60,133.60,133.60,132.38,132.66,132.66,132.66,132.66,132.85,132.85,132.85,132.85,132.87,132.87,132.70,131.46,131.50,131.50,131.76,131.76,131.76
Producto,0.002866244,06131232,LENTES ÓPTICOS DE CORRECCIÓN,103.60,107.18,107.18,107.58,107.58,107.58,107.58,107.58,110.21,110.21,110.21,110.21,110.21,110.21,110.21,115.22,115.22,116.03,116.03,117.39,117.39,117.39,117.69,118.29,118.29,118.43,118.43,118.43,119.03,118.71,119.45,119.29,119.98,119.98,122.89,122.32,122.19,122.19,122.19,122.19,122.19,122.97,122.97,122.97,122.97,122.97,122.97,122.97,122.97,122.97,122.97,122.97,122.97,122.97,122.97,122.97,122.97,122.97,124.55,124.55,124.55,124.55,124.55,124.55,124.55,124.55,125.34,125.34,125.34,129.56,130.06,129.56,129.56,129.56,129.56,129.56,129.71,130.05,130.05,130.05,131.46,131.02,131.46,132.48,132.21,132.22,133.06,133.06,133.95,133.95,133.95,133.95,134.03,135.91,135.35,134.05,134.77,135.28,136.24,136.24,133.51,133.51,134.44,137.29,137.29,137.29,137.29,138.53,137.29,138.24,137.42,139.42,138.58,138.33,137.74,137.74,137.74,137.74,137.74,137.74,136.70,137.01,137.01,137.01,137.01,137.23,137.23,137.23,137.23,137.23,137.23,137.23,135.83,135.83,135.83,136.12,136.12,136.12
Producto,0.000322447,06131233,AUDÍFONOS DE CORRECCIÓN,107.13,106.95,106.81,106.81,106.81,106.81,107.91,107.91,107.91,107.91,107.91,107.91,103.37,103.37,103.37,103.37,103.37,104.32,104.32,104.32,104.32,104.32,104.32,104.32,104.32,104.32,104.32,104.39,105.25,101.73,101.73,102.09,102.09,102.09,102.09,102.09,102.09,102.09,102.09,102.09,102.09,102.09,102.09,104.59,104.59,104.59,104.59,104.59,104.59,104.59,104.59,104.59,104.59,100.02,104.59,103.14,103.14,103.14,103.14,103.14,103.14,103.14,103.14,103.14,103.14,103.14,103.14,103.14,103.14,103.14,102.31,102.31,103.93,103.93,103.93,103.93,103.93,103.93,103.93,103.93,103.93,103.93,103.93,103.93,98.94,98.94,98.94,98.94,98.94,99.52,99.52,99.52,99.52,100.31,101.40,101.40,101.40,102.27,101.73,101.73,101.73,101.73,101.73,101.61,101.61,96.82,96.82,96.82,96.82,96.82,96.82,98.04,98.04,98.04,102.33,102.33,102.33,100.14,100.14,100.14,97.47,97.47,97.47,97.47,97.47,97.47,97.47,97.47,97.47,97.68,97.68,96.14,96.14,96.46,96.46,96.46,96.46,96.46
Grupo,0.021391177,062,Servicios para pacientes externos,101.36,101.42,101.75,101.75,103.43,103.43,103.43,103.55,103.67,103.67,103.67,103.67,104.56,104.56,104.59,105.64,105.66,105.82,105.88,105.88,105.88,105.91,105.91,106.10,108.39,108.39,108.41,108.15,108.31,108.31,107.41,108.63,109.45,109.45,109.45,109.45,109.45,109.45,109.45,109.53,109.53,109.53,109.53,109.53,110.97,111.81,111.81,112.66,112.66,112.66,112.66,112.66,112.60,112.83,112.83,112.57,112.74,113.91,114.04,114.34,114.34,115.38,115.44,115.79,115.79,115.79,115.79,115.79,115.79,115.79,115.77,117.20,116.10,116.10,116.33,116.33,116.45,116.11,116.53,117.80,117.75,120.68,120.32,120.40,120.70,120.97,121.02,121.11,121.26,121.26,121.26,121.26,122.42,122.47,122.36,122.36,122.67,122.67,124.32,124.32,124.16,124.16,124.16,124.16,125.62,124.39,122.93,122.93,121.36,121.47,121.47,123.16,123.11,123.27,123.27,123.22,123.27,121.77,121.77,121.77,122.47,123.82,123.94,123.94,127.22,127.22,127.22,127.58,127.64,127.64,127.64,127.28,129.32,129.32,129.31,130.91,131.22,132.27
Clase,0.009042585,0621,Servicios médicos (S),100.71,100.71,100.71,100.71,103.31,103.31,103.31,103.31,103.31,103.31,103.31,103.31,105.62,105.62,105.62,108.37,108.37,108.37,108.37,108.37,108.37,108.37,108.37,108.37,112.82,112.82,112.82,112.82,112.82,112.82,112.82,113.69,115.83,115.83,115.83,115.83,115.83,115.83,115.83,115.83,115.83,115.83,115.83,115.83,115.83,118.01,118.01,120.25,120.25,120.25,120.25,120.25,120.25,120.25,120.25,119.57,119.57,119.57,119.57,120.45,120.45,122.46,122.46,123.39,123.39,123.39,123.39,123.39,123.39,123.39,123.39,123.39,120.45,120.45,120.45,120.45,120.45,119.03,119.03,119.03,119.03,119.88,119.88,119.88,119.88,120.58,120.58,120.58,120.58,120.58,120.58,120.58,120.58,120.58,120.58,120.58,122.59,122.59,122.59,122.59,122.02,122.02,122.02,122.02,122.02,122.02,122.02,122.02,122.02,122.02,122.02,125.95,125.95,125.95,125.95,125.95,125.95,122.02,122.02,122.02,123.86,127.29,127.29,127.29,127.29,127.29,127.29,128.26,128.26,128.26,128.26,127.29,131.31,131.31,131.31,135.49,135.49,137.75
Subclase,0.009042585,06211,Servicios médicos,100.71,100.71,100.71,100.71,103.31,103.31,103.31,103.31,103.31,103.31,103.31,103.31,105.62,105.62,105.62,108.37,108.37,108.37,108.37,108.37,108.37,108.37,108.37,108.37,112.82,112.82,112.82,112.82,112.82,112.82,112.82,113.69,115.83,115.83,115.83,115.83,115.83,115.83,115.83,115.83,115.83,115.83,115.83,115.83,115.83,118.01,118.01,120.25,120.25,120.25,120.25,120.25,120.25,120.25,120.25,119.57,119.57,119.57,119.57,120.45,120.45,122.46,122.46,123.39,123.39,123.39,123.39,123.39,123.39,123.39,123.39,123.39,120.45,120.45,120.45,120.45,120.45,119.03,119.03,119.03,119.03,119.88,119.88,119.88,119.88,120.58,120.58,120.58,120.58,120.58,120.58,120.58,120.58,120.58,120.58,120.58,122.59,122.59,122.59,122.59,122.02,122.02,122.02,122.02,122.02,122.02,122.02,122.02,122.02,122.02,122.02,125.95,125.95,125.95,125.95,125.95,125.95,122.02,122.02,122.02,123.86,127.29,127.29,127.29,127.29,127.29,127.29,128.26,128.26,128.26,128.26,127.29,131.31,131.31,131.31,135.49,135.49,137.75
Producto,0.00194928,06211234,CONSULTA MÉDICO GENERAL,103.69,103.69,103.69,103.69,103.69,103.69,103.69,103.69,103.69,103.69,103.69,103.69,103.69,103.69,103.69,103.69,103.69,103.69,103.69,103.69,103.69,103.69,103.69,103.69,103.69,103.69,103.69,103.69,103.69,103.69,103.69,108.78,108.78,108.78,108.78,108.78,108.78,108.78,108.78,108.78,108.78,108.78,108.78,108.78,108.78,108.78,108.78,108.78,108.78,108.78,108.78,108.78,108.78,108.78,108.78,104.81,104.81,104.81,104.81,109.95,109.95,109.95,109.95,115.35,115.35,115.35,115.35,115.35,115.35,115.35,115.35,115.35,109.95,109.95,109.95,109.95,109.95,101.67,101.67,101.67,101.67,106.66,106.66,106.66,106.66,110.71,110.71,110.71,110.71,110.71,110.71,110.71,110.71,110.71,110.71,110.71,110.71,110.71,110.71,110.71,107.39,107.39,107.39,107.39,107.39,107.39,107.39,107.39,107.39,107.39,107.39,107.39,107.39,107.39,107.39,107.39,107.39,107.39,107.39,107.39,107.39,113.59,113.59,113.59,113.59,113.59,113.59,119.16,119.16,119.16,119.16,113.59,122.84,122.84,122.84,122.84,122.84,122.84
Producto,0.007093305,06211235,CONSULTA MÉDICO ESPECIALISTA,100.10,100.10,100.10,100.10,103.23,103.23,103.23,103.23,103.23,103.23,103.23,103.23,106.02,106.02,106.02,109.34,109.34,109.34,109.34,109.34,109.34,109.34,109.34,109.34,114.71,114.71,114.71,114.71,114.71,114.71,114.71,114.71,117.30,117.30,117.30,117.30,117.30,117.30,117.30,117.30,117.30,117.30,117.30,117.30,117.30,119.94,119.94,122.63,122.63,122.63,122.63,122.63,122.63,122.63,122.63,122.63,122.63,122.63,122.63,122.63,122.63,125.07,125.07,125.07,125.07,125.07,125.07,125.07,125.07,125.07,125.07,125.07,122.63,122.63,122.63,122.63,122.63,122.63,122.63,122.63,122.63,122.63,122.63,122.63,122.63,122.63,122.63,122.63,122.63,122.63,122.63,122.63,122.63,122.63,122.63,122.63,125.07,125.07,125.07,125.07,125.07,125.07,125.07,125.07,125.07,125.07,125.07,125.07,125.07,125.07,125.07,129.80,129.80,129.80,129.80,129.80,129.80,125.07,125.07,125.07,127.28,130.15,130.15,130.15,130.15,130.15,130.15,130.15,130.15,130.15,130.15,130.15,133.07,133.07,133.07,138.12,138.12,140.86
Clase,0.005804755,0622,Servicios dentales (S),102.54,102.54,102.54,102.54,104.98,104.98,104.98,104.98,104.98,104.98,104.98,104.98,104.98,104.98,104.98,104.98,104.98,104.98,104.98,104.98,104.98,104.98,104.98,104.98,104.98,104.98,104.98,104.98,104.98,104.98,101.15,104.27,104.27,104.27,104.27,104.27,104.27,104.27,104.27,104.27,104.27,104.27,104.27,104.27,109.39,109.39,109.39,109.39,109.39,109.39,109.39,109.39,109.39,109.39,109.39,109.39,109.39,113.53,113.53,113.53,113.53,113.53,113.53,113.53,113.53,113.53,113.53,113.53,113.53,113.53,113.53,118.61,118.61,118.61,118.61,118.61,118.61,118.61,120.71,120.71,120.71,129.15,132.27,132.27,132.27,132.27,132.27,132.27,132.27,132.27,132.27,132.27,136.35,136.35,136.35,136.35,129.96,129.96,136.35,136.35,136.35,136.35,136.35,136.35,141.51,141.51,136.35,136.35,129.96,129.96,129.96,129.96,129.96,129.96,129.96,129.96,129.96,129.96,129.96,129.96,129.96,129.96,129.96,129.96,141.51,141.51,141.51,141.51,141.51,141.51,141.51,141.51,141.51,141.51,141.51,141.51,141.51,141.51
Subclase,0.005804755,06221,Servicios dentales,102.54,102.54,102.54,102.54,104.98,104.98,104.98,104.98,104.98,104.98,104.98,104.98,104.98,104.98,104.98,104.98,104.98,104.98,104.98,104.98,104.98,104.98,104.98,104.98,104.98,104.98,104.98,104.98,104.98,104.98,101.15,104.27,104.27,104.27,104.27,104.27,104.27,104.27,104.27,104.27,104.27,104.27,104.27,104.27,109.39,109.39,109.39,109.39,109.39,109.39,109.39,109.39,109.39,109.39,109.39,109.39,109.39,113.53,113.53,113.53,113.53,113.53,113.53,113.53,113.53,113.53,113.53,113.53,113.53,113.53,113.53,118.61,118.61,118.61,118.61,118.61,118.61,118.61,120.71,120.71,120.71,129.15,132.27,132.27,132.27,132.27,132.27,132.27,132.27,132.27,132.27,132.27,136.35,136.35,136.35,136.35,129.96,129.96,136.35,136.35,136.35,136.35,136.35,136.35,141.51,141.51,136.35,136.35,129.96,129.96,129.96,129.96,129.96,129.96,129.96,129.96,129.96,129.96,129.96,129.96,129.96,129.96,129.96,129.96,141.51,141.51,141.51,141.51,141.51,141.51,141.51,141.51,141.51,141.51,141.51,141.51,141.51,141.51
Producto,0.005804755,06221236,SERVICIOS ODONTOLÓGICOS,102.54,102.54,102.54,102.54,104.98,104.98,104.98,104.98,104.98,104.98,104.98,104.98,104.98,104.98,104.98,104.98,104.98,104.98,104.98,104.98,104.98,104.98,104.98,104.98,104.98,104.98,104.98,104.98,104.98,104.98,101.15,104.27,104.27,104.27,104.27,104.27,104.27,104.27,104.27,104.27,104.27,104.27,104.27,104.27,109.39,109.39,109.39,109.39,109.39,109.39,109.39,109.39,109.39,109.39,109.39,109.39,109.39,113.53,113.53,113.53,113.53,113.53,113.53,113.53,113.53,113.53,113.53,113.53,113.53,113.53,113.53,118.61,118.61,118.61,118.61,118.61,118.61,118.61,120.71,120.71,120.71,129.15,132.27,132.27,132.27,132.27,132.27,132.27,132.27,132.27,132.27,132.27,136.35,136.35,136.35,136.35,129.96,129.96,136.35,136.35,136.35,136.35,136.35,136.35,141.51,141.51,136.35,136.35,129.96,129.96,129.96,129.96,129.96,129.96,129.96,129.96,129.96,129.96,129.96,129.96,129.96,129.96,129.96,129.96,141.51,141.51,141.51,141.51,141.51,141.51,141.51,141.51,141.51,141.51,141.51,141.51,141.51,141.51
Clase,0.006543838,0623,Servicios paramédicos (S),101.11,101.29,102.27,102.27,102.27,102.27,102.27,102.62,102.99,102.99,102.99,102.99,102.99,102.99,103.08,103.08,103.15,103.61,103.81,103.81,103.81,103.90,103.90,104.47,106.21,106.21,106.29,105.51,105.98,105.98,106.54,106.54,106.54,106.54,106.54,106.54,106.54,106.54,106.54,106.77,106.77,106.77,106.77,106.77,106.77,106.77,106.77,106.77,106.77,106.77,106.77,106.77,106.59,107.27,107.27,107.27,107.78,107.78,108.16,108.06,108.06,108.84,109.03,109.03,109.03,109.03,109.03,109.03,109.03,109.03,108.95,108.95,109.01,109.01,109.71,109.71,110.05,110.66,110.16,113.95,113.79,114.44,110.74,110.97,111.87,111.87,112.02,112.30,112.75,112.75,112.75,112.75,112.75,112.91,112.59,112.59,116.59,116.59,116.13,116.13,116.30,116.30,116.30,116.30,116.30,112.62,112.62,112.62,113.34,113.66,113.66,114.24,114.07,114.57,114.57,114.42,114.56,114.56,114.56,114.56,114.56,114.67,115.03,115.03,115.06,115.06,115.06,115.06,115.24,115.24,115.24,115.24,116.74,116.74,116.73,116.73,117.65,118.22
Subclase,0.006543838,06231,Servicios paramédicos,101.11,101.29,102.27,102.27,102.27,102.27,102.27,102.62,102.99,102.99,102.99,102.99,102.99,102.99,103.08,103.08,103.15,103.61,103.81,103.81,103.81,103.90,103.90,104.47,106.21,106.21,106.29,105.51,105.98,105.98,106.54,106.54,106.54,106.54,106.54,106.54,106.54,106.54,106.54,106.77,106.77,106.77,106.77,106.77,106.77,106.77,106.77,106.77,106.77,106.77,106.77,106.77,106.59,107.27,107.27,107.27,107.78,107.78,108.16,108.06,108.06,108.84,109.03,109.03,109.03,109.03,109.03,109.03,109.03,109.03,108.95,108.95,109.01,109.01,109.71,109.71,110.05,110.66,110.16,113.95,113.79,114.44,110.74,110.97,111.87,111.87,112.02,112.30,112.75,112.75,112.75,112.75,112.75,112.91,112.59,112.59,116.59,116.59,116.13,116.13,116.30,116.30,116.30,116.30,116.30,112.62,112.62,112.62,113.34,113.66,113.66,114.24,114.07,114.57,114.57,114.42,114.56,114.56,114.56,114.56,114.56,114.67,115.03,115.03,115.06,115.06,115.06,115.06,115.24,115.24,115.24,115.24,116.74,116.74,116.73,116.73,117.65,118.22
Producto,0.000707696,06231237,EXÁMENES MÉDICOS DE SONIDO,107.89,107.89,107.89,107.89,107.89,107.89,107.89,107.89,111.03,111.03,111.03,111.03,111.03,111.03,111.03,111.03,111.65,111.65,113.39,113.39,113.39,112.82,112.82,112.82,114.08,114.08,114.08,108.88,108.88,108.88,109.28,109.28,109.28,109.28,109.28,109.28,109.28,109.28,109.28,111.34,111.34,111.34,111.34,111.34,111.34,111.34,111.34,111.34,111.34,111.34,111.34,111.34,111.34,111.34,111.34,111.34,111.34,111.34,111.34,111.34,111.34,111.34,111.34,111.34,111.34,111.34,111.34,111.34,111.34,111.34,111.34,111.34,111.90,111.90,113.36,113.36,113.36,113.36,113.61,113.61,113.61,114.73,114.73,114.73,117.98,117.98,117.98,120.43,121.58,121.58,121.58,125.76,125.76,127.16,127.16,127.16,127.16,127.16,125.95,125.95,125.95,125.95,125.95,125.95,125.95,125.95,125.95,125.95,128.07,129.30,129.30,129.30,129.30,129.30,129.30,129.30,130.54,130.54,130.54,130.54,130.54,131.49,131.49,131.49,131.69,131.69,131.69,131.69,131.69,131.69,131.69,131.69,131.69,131.69,131.63,131.63,134.01,134.01
Producto,0.00455277,06231238,EXAMEN DE LABORATORIO,99.64,99.64,99.64,99.64,99.64,99.64,99.64,100.24,100.24,100.24,100.24,100.24,100.24,100.24,100.24,100.24,100.24,100.24,100.24,100.24,100.24,100.24,100.24,100.24,102.67,102.67,102.67,102.67,103.49,103.49,103.49,103.49,103.49,103.49,103.49,103.49,103.49,103.49,103.49,103.49,103.49,103.49,103.49,103.49,103.49,103.49,103.49,103.49,103.49,103.49,103.49,103.49,103.49,104.65,104.65,104.65,104.65,104.65,104.65,104.65,104.65,106.00,106.00,106.00,106.00,106.00,106.00,106.00,106.00,106.00,106.00,106.00,106.00,106.00,106.00,106.00,106.00,107.19,107.19,113.56,113.56,113.56,107.19,107.59,108.65,108.65,107.19,107.19,107.19,107.19,107.19,106.34,106.34,106.34,106.34,106.34,112.66,112.66,112.66,112.66,112.66,112.66,112.66,112.66,112.66,106.34,106.34,106.34,106.34,106.34,106.34,106.34,106.34,106.34,106.34,106.34,106.34,106.34,106.34,106.34,106.34,106.34,106.34,106.34,106.34,106.34,106.34,106.34,106.34,106.34,106.34,106.34,108.65,108.65,108.65,108.65,108.65,108.65
Producto,0.001283372,06231239,EXÁMENES MÉDICOS DE IMÁGENES,101.33,101.95,105.20,105.20,105.20,105.20,105.20,105.20,105.20,105.20,105.20,105.20,105.20,105.20,105.50,105.50,105.50,107.02,107.02,107.02,107.02,107.53,107.53,109.41,110.00,110.00,110.26,109.67,109.67,109.67,111.35,111.35,111.35,111.35,111.35,111.35,111.35,111.35,111.35,111.35,111.35,111.35,111.35,111.35,111.35,111.35,111.35,111.35,111.35,111.35,111.35,111.35,110.75,110.75,110.75,110.75,112.44,112.44,113.70,113.36,113.36,113.36,113.97,113.97,113.97,113.97,113.97,113.97,113.97,113.97,113.71,113.71,113.71,113.71,115.45,115.45,116.59,116.32,114.57,114.83,114.29,116.04,116.04,116.04,115.75,115.75,119.04,119.04,120.09,120.09,120.09,120.09,120.09,120.09,119.04,119.04,120.09,120.09,119.04,119.04,119.61,119.61,119.61,119.61,119.61,119.61,119.61,119.61,121.15,121.76,121.76,123.69,123.13,124.78,124.78,124.27,124.27,124.27,124.27,124.27,124.27,124.27,125.46,125.46,125.46,125.46,125.46,125.46,126.06,126.06,126.06,126.06,126.57,126.57,126.57,126.57,128.71,130.59
Grupo,0.009968499,063,Servicios de hospital (S),101.39,101.39,101.39,101.39,101.39,101.39,101.39,101.39,100.09,100.09,100.09,100.09,100.09,100.09,101.53,101.53,101.53,102.27,102.64,102.64,102.64,102.87,100.30,99.61,99.61,99.61,99.61,97.76,97.76,97.76,97.76,98.02,98.02,98.02,98.02,98.02,98.02,98.02,98.02,104.00,104.00,105.07,105.07,106.89,106.89,108.71,108.71,108.71,108.71,108.71,108.71,108.71,108.71,108.71,108.71,108.71,108.71,108.71,109.65,109.65,109.65,109.65,109.65,109.65,109.65,109.65,109.65,109.65,109.65,109.65,109.65,109.65,111.58,111.58,111.58,111.58,112.22,113.51,113.51,113.51,113.51,113.51,113.51,113.51,117.10,122.36,122.36,122.36,122.36,123.59,123.59,123.59,123.59,125.35,125.35,125.35,125.35,125.35,125.41,125.82,125.82,125.82,125.82,126.38,126.38,126.38,126.44,126.44,126.44,126.27,127.23,127.64,127.64,127.64,127.73,127.73,128.59,131.96,131.96,131.96,131.96,131.96,131.96,131.96,131.96,131.96,132.20,132.20,132.20,132.20,130.54,130.67,130.54,130.56,130.56,130.56,130.56,130.56
Clase,0.009968499,0630,Servicios de hospital (S),101.39,101.39,101.39,101.39,101.39,101.39,101.39,101.39,100.09,100.09,100.09,100.09,100.09,100.09,101.53,101.53,101.53,102.27,102.64,102.64,102.64,102.87,100.30,99.61,99.61,99.61,99.61,97.76,97.76,97.76,97.76,98.02,98.02,98.02,98.02,98.02,98.02,98.02,98.02,104.00,104.00,105.07,105.07,106.89,106.89,108.71,108.71,108.71,108.71,108.71,108.71,108.71,108.71,108.71,108.71,108.71,108.71,108.71,109.65,109.65,109.65,109.65,109.65,109.65,109.65,109.65,109.65,109.65,109.65,109.65,109.65,109.65,111.58,111.58,111.58,111.58,112.22,113.51,113.51,113.51,113.51,113.51,113.51,113.51,117.10,122.36,122.36,122.36,122.36,123.59,123.59,123.59,123.59,125.35,125.35,125.35,125.35,125.35,125.41,125.82,125.82,125.82,125.82,126.38,126.38,126.38,126.44,126.44,126.44,126.27,127.23,127.64,127.64,127.64,127.73,127.73,128.59,131.96,131.96,131.96,131.96,131.96,131.96,131.96,131.96,131.96,132.20,132.20,132.20,132.20,130.54,130.67,130.54,130.56,130.56,130.56,130.56,130.56
Subclase,0.009968499,06301,Servicios de hospital,101.39,101.39,101.39,101.39,101.39,101.39,101.39,101.39,100.09,100.09,100.09,100.09,100.09,100.09,101.53,101.53,101.53,102.27,102.64,102.64,102.64,102.87,100.30,99.61,99.61,99.61,99.61,97.76,97.76,97.76,97.76,98.02,98.02,98.02,98.02,98.02,98.02,98.02,98.02,104.00,104.00,105.07,105.07,106.89,106.89,108.71,108.71,108.71,108.71,108.71,108.71,108.71,108.71,108.71,108.71,108.71,108.71,108.71,109.65,109.65,109.65,109.65,109.65,109.65,109.65,109.65,109.65,109.65,109.65,109.65,109.65,109.65,111.58,111.58,111.58,111.58,112.22,113.51,113.51,113.51,113.51,113.51,113.51,113.51,117.10,122.36,122.36,122.36,122.36,123.59,123.59,123.59,123.59,125.35,125.35,125.35,125.35,125.35,125.41,125.82,125.82,125.82,125.82,126.38,126.38,126.38,126.44,126.44,126.44,126.27,127.23,127.64,127.64,127.64,127.73,127.73,128.59,131.96,131.96,131.96,131.96,131.96,131.96,131.96,131.96,131.96,132.20,132.20,132.20,132.20,130.54,130.67,130.54,130.56,130.56,130.56,130.56,130.56
Producto,0.009968499,06301240,GASTOS EN HOSPITALIZACIÓN,101.39,101.39,101.39,101.39,101.39,101.39,101.39,101.39,100.09,100.09,100.09,100.09,100.09,100.09,101.53,101.53,101.53,102.27,102.64,102.64,102.64,102.87,100.30,99.61,99.61,99.61,99.61,97.76,97.76,97.76,97.76,98.02,98.02,98.02,98.02,98.02,98.02,98.02,98.02,104.00,104.00,105.07,105.07,106.89,106.89,108.71,108.71,108.71,108.71,108.71,108.71,108.71,108.71,108.71,108.71,108.71,108.71,108.71,109.65,109.65,109.65,109.65,109.65,109.65,109.65,109.65,109.65,109.65,109.65,109.65,109.65,109.65,111.58,111.58,111.58,111.58,112.22,113.51,113.51,113.51,113.51,113.51,113.51,113.51,117.10,122.36,122.36,122.36,122.36,123.59,123.59,123.59,123.59,125.35,125.35,125.35,125.35,125.35,125.41,125.82,125.82,125.82,125.82,126.38,126.38,126.38,126.44,126.44,126.44,126.27,127.23,127.64,127.64,127.64,127.73,127.73,128.59,131.96,131.96,131.96,131.96,131.96,131.96,131.96,131.96,131.96,132.20,132.20,132.20,132.20,130.54,130.67,130.54,130.56,130.56,130.56,130.56,130.56
División,0.147383503,07,Transporte,104.80,106.21,106.30,107.19,107.50,107.03,105.89,106.83,106.47,106.38,106.73,107.47,107.28,106.83,107.29,106.34,108.59,106.89,106.42,106.46,106.98,107.02,106.56,107.03,107.71,108.39,107.50,108.74,109.61,108.50,108.35,107.89,108.17,107.92,108.59,107.62,107.44,108.21,107.78,106.96,107.39,106.01,107.14,109.70,108.88,109.57,108.81,110.57,112.59,111.80,111.28,111.22,111.40,111.59,111.19,110.99,111.07,112.55,110.35,111.00,109.78,110.46,109.60,110.25,109.98,113.41,107.66,106.99,107.10,107.79,107.66,107.61,107.62,107.77,108.78,109.86,110.95,111.52,112.58,113.67,114.34,116.57,117.35,117.13,117.29,118.53,118.33,119.53,119.40,119.75,119.53,119.12,118.98,118.82,118.89,119.35,118.69,118.80,119.05,119.40,119.80,119.63,119.55,119.23,118.91,119.29,118.95,118.99,117.76,118.30,118.94,121.65,122.07,122.18,124.11,123.74,123.08,122.80,121.96,124.32,122.47,123.30,123.23,121.99,121.17,121.30,121.84,123.10,124.11,125.22,124.58,125.13,123.04,122.65,123.69,126.20,127.78,130.28
Grupo,0.058542016,071,Adquisición de vehículos,108.82,110.81,111.18,112.14,112.89,111.82,109.90,110.60,110.46,110.55,110.90,110.95,111.03,111.12,111.12,111.01,112.19,109.28,108.72,108.68,109.51,109.45,108.90,109.73,110.15,108.84,107.94,109.17,109.99,108.80,109.64,109.63,109.22,108.29,108.75,107.60,108.04,108.58,108.75,108.48,107.89,107.55,107.05,107.01,107.14,106.68,105.53,106.84,106.69,106.71,106.12,106.22,105.97,106.03,105.36,105.36,105.38,104.29,104.34,104.30,103.79,103.83,103.74,103.49,103.21,103.36,102.79,101.71,101.49,102.28,102.34,102.17,102.11,102.88,102.98,102.48,102.49,102.53,101.91,102.39,102.37,102.60,102.84,103.35,103.57,103.93,103.68,103.71,103.86,103.97,104.42,103.99,104.07,104.12,104.24,104.44,104.41,104.45,104.39,104.40,104.36,104.78,104.76,104.55,104.45,104.18,104.15,104.45,104.73,104.78,104.73,107.61,107.74,107.38,107.30,107.26,107.26,107.21,107.32,107.34,107.32,106.92,106.88,106.80,106.83,106.95,105.93,106.19,106.19,106.45,106.37,106.77,106.32,106.29,106.28,106.15,106.28,106.28
Clase,0.055916632,0711,Vehículos a motor (D),108.93,110.98,110.98,111.73,112.50,111.40,109.19,109.92,109.78,109.78,110.37,110.37,110.37,110.37,110.37,110.37,110.96,108.42,107.84,107.68,108.55,108.44,107.95,108.85,109.29,107.85,106.89,108.21,108.95,108.32,109.16,109.20,108.78,107.83,108.32,107.13,107.46,107.93,108.10,107.82,107.21,107.06,106.58,106.53,106.68,106.22,105.04,106.39,106.30,106.30,105.70,105.80,105.55,105.66,105.05,105.05,105.05,103.87,103.87,103.87,103.35,103.35,103.26,103.01,103.01,103.01,102.39,101.30,101.09,101.92,101.98,101.83,101.65,102.44,102.49,101.97,101.97,101.99,101.39,101.81,101.81,102.05,102.25,102.77,102.97,103.22,103.18,103.17,103.29,103.41,103.88,103.46,103.53,103.66,103.80,103.92,103.92,103.92,103.92,103.92,103.92,104.37,104.37,104.27,104.12,103.84,103.84,104.20,104.42,104.47,104.47,107.43,107.59,107.18,107.18,107.08,107.07,107.07,107.12,107.12,107.12,106.73,106.73,106.73,106.74,106.85,105.92,106.12,106.12,106.37,106.39,106.80,106.31,106.31,106.31,106.13,106.25,106.25
Subclase,0.055916632,07111,Vehículos a motor,108.93,110.98,110.98,111.73,112.50,111.40,109.19,109.92,109.78,109.78,110.37,110.37,110.37,110.37,110.37,110.37,110.96,108.42,107.84,107.68,108.55,108.44,107.95,108.85,109.29,107.85,106.89,108.21,108.95,108.32,109.16,109.20,108.78,107.83,108.32,107.13,107.46,107.93,108.10,107.82,107.21,107.06,106.58,106.53,106.68,106.22,105.04,106.39,106.30,106.30,105.70,105.80,105.55,105.66,105.05,105.05,105.05,103.87,103.87,103.87,103.35,103.35,103.26,103.01,103.01,103.01,102.39,101.30,101.09,101.92,101.98,101.83,101.65,102.44,102.49,101.97,101.97,101.99,101.39,101.81,101.81,102.05,102.25,102.77,102.97,103.22,103.18,103.17,103.29,103.41,103.88,103.46,103.53,103.66,103.80,103.92,103.92,103.92,103.92,103.92,103.92,104.37,104.37,104.27,104.12,103.84,103.84,104.20,104.42,104.47,104.47,107.43,107.59,107.18,107.18,107.08,107.07,107.07,107.12,107.12,107.12,106.73,106.73,106.73,106.74,106.85,105.92,106.12,106.12,106.37,106.39,106.80,106.31,106.31,106.31,106.13,106.25,106.25
Producto,0.055916632,07111241,AUTOMÓVIL,108.93,110.98,110.98,111.73,112.50,111.40,109.19,109.92,109.78,109.78,110.37,110.37,110.37,110.37,110.37,110.37,110.96,108.42,107.84,107.68,108.55,108.44,107.95,108.85,109.29,107.85,106.89,108.21,108.95,108.32,109.16,109.20,108.78,107.83,108.32,107.13,107.46,107.93,108.10,107.82,107.21,107.06,106.58,106.53,106.68,106.22,105.04,106.39,106.30,106.30,105.70,105.80,105.55,105.66,105.05,105.05,105.05,103.87,103.87,103.87,103.35,103.35,103.26,103.01,103.01,103.01,102.39,101.30,101.09,101.92,101.98,101.83,101.65,102.44,102.49,101.97,101.97,101.99,101.39,101.81,101.81,102.05,102.25,102.77,102.97,103.22,103.18,103.17,103.29,103.41,103.88,103.46,103.53,103.66,103.80,103.92,103.92,103.92,103.92,103.92,103.92,104.37,104.37,104.27,104.12,103.84,103.84,104.20,104.42,104.47,104.47,107.43,107.59,107.18,107.18,107.08,107.07,107.07,107.12,107.12,107.12,106.73,106.73,106.73,106.74,106.85,105.92,106.12,106.12,106.37,106.39,106.80,106.31,106.31,106.31,106.13,106.25,106.25
Clase,0.00208169,0712,Motocicletas (D),104.91,104.91,122.91,134.58,134.58,134.58,146.73,146.00,146.00,148.60,137.09,140.05,144.41,148.88,148.88,143.31,174.83,151.54,151.54,157.26,157.26,160.54,157.62,155.21,155.21,159.47,161.24,158.61,164.34,134.56,135.83,134.56,134.56,134.51,134.51,134.51,140.30,143.29,143.29,143.29,143.29,133.58,132.26,132.26,131.65,130.92,130.92,130.92,130.12,130.11,130.11,130.11,130.11,127.76,123.21,123.21,124.43,127.69,130.04,127.79,127.79,130.06,130.06,129.45,115.00,122.82,124.62,123.72,122.82,122.07,122.07,122.07,127.30,127.30,129.57,129.57,130.09,131.11,128.53,132.71,132.69,132.15,134.41,134.71,136.80,143.09,133.92,135.60,137.25,137.06,136.92,135.63,136.76,133.13,133.18,137.36,136.79,138.95,135.67,135.23,134.17,132.28,131.47,125.55,128.89,128.63,127.04,124.78,128.06,128.06,125.83,125.23,125.29,127.41,123.59,125.90,126.20,123.78,126.47,127.88,126.75,125.83,123.60,119.52,123.36,123.59,118.35,121.74,121.74,122.39,117.52,117.52,119.00,117.36,117.06,120.00,120.00,120.00
Subclase,0.00208169,07121,Motocicletas nuevas,104.91,104.91,122.91,134.58,134.58,134.58,146.73,146.00,146.00,148.60,137.09,140.05,144.41,148.88,148.88,143.31,174.83,151.54,151.54,157.26,157.26,160.54,157.62,155.21,155.21,159.47,161.24,158.61,164.34,134.56,135.83,134.56,134.56,134.51,134.51,134.51,140.30,143.29,143.29,143.29,143.29,133.58,132.26,132.26,131.65,130.92,130.92,130.92,130.12,130.11,130.11,130.11,130.11,127.76,123.21,123.21,124.43,127.69,130.04,127.79,127.79,130.06,130.06,129.45,115.00,122.82,124.62,123.72,122.82,122.07,122.07,122.07,127.30,127.30,129.57,129.57,130.09,131.11,128.53,132.71,132.69,132.15,134.41,134.71,136.80,143.09,133.92,135.60,137.25,137.06,136.92,135.63,136.76,133.13,133.18,137.36,136.79,138.95,135.67,135.23,134.17,132.28,131.47,125.55,128.89,128.63,127.04,124.78,128.06,128.06,125.83,125.23,125.29,127.41,123.59,125.90,126.20,123.78,126.47,127.88,126.75,125.83,123.60,119.52,123.36,123.59,118.35,121.74,121.74,122.39,117.52,117.52,119.00,117.36,117.06,120.00,120.00,120.00
Producto,0.00208169,07121242,MOTOCICLETA,104.91,104.91,122.91,134.58,134.58,134.58,146.73,146.00,146.00,148.60,137.09,140.05,144.41,148.88,148.88,143.31,174.83,151.54,151.54,157.26,157.26,160.54,157.62,155.21,155.21,159.47,161.24,158.61,164.34,134.56,135.83,134.56,134.56,134.51,134.51,134.51,140.30,143.29,143.29,143.29,143.29,133.58,132.26,132.26,131.65,130.92,130.92,130.92,130.12,130.11,130.11,130.11,130.11,127.76,123.21,123.21,124.43,127.69,130.04,127.79,127.79,130.06,130.06,129.45,115.00,122.82,124.62,123.72,122.82,122.07,122.07,122.07,127.30,127.30,129.57,129.57,130.09,131.11,128.53,132.71,132.69,132.15,134.41,134.71,136.80,143.09,133.92,135.60,137.25,137.06,136.92,135.63,136.76,133.13,133.18,137.36,136.79,138.95,135.67,135.23,134.17,132.28,131.47,125.55,128.89,128.63,127.04,124.78,128.06,128.06,125.83,125.23,125.29,127.41,123.59,125.90,126.20,123.78,126.47,127.88,126.75,125.83,123.60,119.52,123.36,123.59,118.35,121.74,121.74,122.39,117.52,117.52,119.00,117.36,117.06,120.00,120.00,120.00
Clase,0.000543695,0713,Bicicletas (D),105.07,105.07,107.31,107.31,107.31,107.31,107.31,107.31,107.31,111.86,111.86,110.77,110.77,110.77,110.77,110.77,110.77,111.56,112.65,112.65,111.21,107.94,105.55,105.55,105.42,105.42,105.42,105.09,105.09,104.63,104.63,101.10,101.10,101.10,99.38,99.38,99.38,103.48,103.75,103.75,103.75,103.75,103.75,103.75,103.75,103.75,103.75,103.75,96.33,99.01,99.01,98.56,98.56,98.56,98.56,98.56,98.56,98.56,98.56,98.56,98.56,98.56,98.56,98.56,98.56,98.56,98.56,98.56,98.56,98.56,98.56,95.55,96.34,96.34,98.81,98.81,98.81,98.81,100.59,99.48,97.55,97.55,97.55,97.86,95.60,94.82,91.10,91.84,92.59,91.84,91.85,91.85,89.67,89.01,86.62,87.32,85.52,84.97,84.97,87.31,84.97,87.31,87.31,87.31,84.97,84.97,84.97,84.97,85.96,84.97,84.97,85.88,82.96,82.96,82.29,83.92,83.92,83.92,83.92,83.92,83.92,83.92,83.92,83.92,78.03,78.03,76.31,76.31,76.31,76.31,76.31,76.31,76.31,76.31,76.31,73.83,76.32,76.32
Subclase,0.000543695,07131,Bicicleta,105.07,105.07,107.31,107.31,107.31,107.31,107.31,107.31,107.31,111.86,111.86,110.77,110.77,110.77,110.77,110.77,110.77,111.56,112.65,112.65,111.21,107.94,105.55,105.55,105.42,105.42,105.42,105.09,105.09,104.63,104.63,101.10,101.10,101.10,99.38,99.38,99.38,103.48,103.75,103.75,103.75,103.75,103.75,103.75,103.75,103.75,103.75,103.75,96.33,99.01,99.01,98.56,98.56,98.56,98.56,98.56,98.56,98.56,98.56,98.56,98.56,98.56,98.56,98.56,98.56,98.56,98.56,98.56,98.56,98.56,98.56,95.55,96.34,96.34,98.81,98.81,98.81,98.81,100.59,99.48,97.55,97.55,97.55,97.86,95.60,94.82,91.10,91.84,92.59,91.84,91.85,91.85,89.67,89.01,86.62,87.32,85.52,84.97,84.97,87.31,84.97,87.31,87.31,87.31,84.97,84.97,84.97,84.97,85.96,84.97,84.97,85.88,82.96,82.96,82.29,83.92,83.92,83.92,83.92,83.92,83.92,83.92,83.92,83.92,78.03,78.03,76.31,76.31,76.31,76.31,76.31,76.31,76.31,76.31,76.31,73.83,76.32,76.32
Producto,0.000543695,07131243,BICICLETA,105.07,105.07,107.31,107.31,107.31,107.31,107.31,107.31,107.31,111.86,111.86,110.77,110.77,110.77,110.77,110.77,110.77,111.56,112.65,112.65,111.21,107.94,105.55,105.55,105.42,105.42,105.42,105.09,105.09,104.63,104.63,101.10,101.10,101.10,99.38,99.38,99.38,103.48,103.75,103.75,103.75,103.75,103.75,103.75,103.75,103.75,103.75,103.75,96.33,99.01,99.01,98.56,98.56,98.56,98.56,98.56,98.56,98.56,98.56,98.56,98.56,98.56,98.56,98.56,98.56,98.56,98.56,98.56,98.56,98.56,98.56,95.55,96.34,96.34,98.81,98.81,98.81,98.81,100.59,99.48,97.55,97.55,97.55,97.86,95.60,94.82,91.10,91.84,92.59,91.84,91.85,91.85,89.67,89.01,86.62,87.32,85.52,84.97,84.97,87.31,84.97,87.31,87.31,87.31,84.97,84.97,84.97,84.97,85.96,84.97,84.97,85.88,82.96,82.96,82.29,83.92,83.92,83.92,83.92,83.92,83.92,83.92,83.92,83.92,78.03,78.03,76.31,76.31,76.31,76.31,76.31,76.31,76.31,76.31,76.31,73.83,76.32,76.32
Grupo,0.037375808,072,Funcionamiento de equipo de transporte personal,96.43,96.41,96.57,96.61,96.94,96.86,96.89,96.77,96.66,96.52,96.83,96.96,98.05,98.53,98.57,98.60,98.79,99.32,99.54,99.88,100.01,100.29,99.61,100.21,101.33,101.54,101.68,101.58,101.95,100.68,100.23,99.89,99.79,99.91,100.54,100.57,100.19,100.94,100.58,100.37,99.85,99.99,99.86,100.46,103.07,103.01,102.55,104.98,114.05,113.50,113.88,113.19,113.44,114.06,113.89,113.11,113.51,120.86,112.37,112.50,112.36,112.33,112.20,112.13,111.66,109.12,107.78,107.32,107.74,107.68,108.07,108.23,108.80,109.35,111.74,116.18,118.36,120.71,124.83,128.37,130.64,134.79,137.26,137.78,138.98,138.97,140.22,143.45,143.86,143.85,141.63,142.38,141.46,139.42,139.50,139.69,139.51,139.27,139.66,140.34,140.30,140.23,139.30,139.68,141.00,141.16,141.09,138.85,138.22,139.18,140.06,144.33,144.63,145.18,151.24,151.32,148.90,145.82,146.45,147.04,148.23,150.08,149.19,145.07,143.06,142.62,146.06,149.15,153.11,155.60,154.65,152.06,149.94,150.40,152.79,159.24,166.30,173.70
Clase,0.005121567,0721,Piezas de repuesto y accesorios para equipo de transporte personal (SD),80.30,80.14,80.12,79.92,80.45,80.45,79.98,79.79,80.35,78.33,77.11,76.53,77.63,80.65,81.04,81.28,80.99,78.87,79.69,79.79,80.13,80.70,80.59,80.15,84.27,83.34,83.34,82.44,85.69,83.35,81.20,79.69,79.25,79.25,79.25,79.25,79.92,78.93,78.43,78.87,77.72,80.39,79.12,80.05,80.35,80.50,80.55,78.85,82.99,80.74,79.45,75.72,77.01,76.08,76.58,76.31,75.69,75.72,75.94,76.70,73.96,73.02,72.91,72.91,72.11,71.87,71.96,71.96,73.07,72.78,72.78,72.59,71.61,71.18,71.75,72.09,72.20,72.57,73.31,73.74,73.73,74.62,76.58,76.42,77.39,77.88,76.81,77.56,79.86,80.82,83.77,84.54,85.10,83.23,83.70,83.61,83.13,84.00,83.34,85.19,84.66,85.52,85.14,84.38,84.20,83.62,83.64,82.90,82.57,82.49,83.45,85.54,85.54,84.76,85.27,85.19,85.17,85.17,85.55,85.02,87.08,86.43,85.22,84.29,86.46,88.33,87.39,85.12,87.09,85.15,85.39,85.93,86.05,87.37,85.56,85.67,86.31,87.48
Subclase,0.005121567,07211,Piezas de repuesto y accesorios para equipo de transporte personal,80.30,80.14,80.12,79.92,80.45,80.45,79.98,79.79,80.35,78.33,77.11,76.53,77.63,80.65,81.04,81.28,80.99,78.87,79.69,79.79,80.13,80.70,80.59,80.15,84.27,83.34,83.34,82.44,85.69,83.35,81.20,79.69,79.25,79.25,79.25,79.25,79.92,78.93,78.43,78.87,77.72,80.39,79.12,80.05,80.35,80.50,80.55,78.85,82.99,80.74,79.45,75.72,77.01,76.08,76.58,76.31,75.69,75.72,75.94,76.70,73.96,73.02,72.91,72.91,72.11,71.87,71.96,71.96,73.07,72.78,72.78,72.59,71.61,71.18,71.75,72.09,72.20,72.57,73.31,73.74,73.73,74.62,76.58,76.42,77.39,77.88,76.81,77.56,79.86,80.82,83.77,84.54,85.10,83.23,83.70,83.61,83.13,84.00,83.34,85.19,84.66,85.52,85.14,84.38,84.20,83.62,83.64,82.90,82.57,82.49,83.45,85.54,85.54,84.76,85.27,85.19,85.17,85.17,85.55,85.02,87.08,86.43,85.22,84.29,86.46,88.33,87.39,85.12,87.09,85.15,85.39,85.93,86.05,87.37,85.56,85.67,86.31,87.48
Producto,0.001032623,07211244,BATERÍA,110.35,110.35,110.35,110.35,110.35,110.35,110.35,110.35,112.72,112.72,112.72,112.72,112.72,112.72,112.72,112.72,112.72,110.93,111.88,111.41,110.74,112.37,115.85,116.31,120.16,120.34,120.34,120.57,120.57,116.56,116.56,114.29,113.67,113.67,113.67,113.67,114.53,114.84,118.49,118.49,117.39,120.20,120.20,119.55,120.44,120.21,120.21,115.85,118.65,113.83,110.50,110.46,110.91,111.42,111.42,110.74,110.84,111.05,111.65,109.40,108.18,108.34,108.34,108.34,108.34,108.34,108.89,108.89,110.65,109.10,109.10,108.16,107.21,106.84,107.64,109.94,109.68,109.77,106.90,111.37,109.49,111.55,112.46,112.79,111.05,105.19,105.97,107.14,106.95,106.81,109.66,110.14,108.63,107.86,108.82,108.26,108.46,111.32,111.38,112.15,112.15,114.93,115.81,114.21,114.15,114.53,113.40,113.13,111.20,111.48,113.21,116.98,116.98,118.16,118.22,117.70,117.70,117.70,117.70,117.90,117.96,119.27,120.18,120.23,120.00,119.37,119.94,119.99,119.94,120.00,120.00,121.85,122.28,123.48,124.21,124.18,123.62,123.62
Producto,0.003619105,07211245,NEUMÁTICO,71.57,71.16,70.89,70.62,70.62,70.62,69.99,69.73,69.99,67.14,65.49,64.51,65.93,69.65,69.86,70.18,69.79,67.05,68.01,68.07,68.67,68.67,67.80,66.90,72.09,70.59,70.59,69.32,73.73,71.96,69.04,67.46,67.27,67.27,67.27,67.27,68.00,66.58,65.14,66.01,64.19,67.52,65.80,67.19,67.19,67.66,67.74,66.35,71.38,69.32,68.28,63.22,64.88,63.51,64.18,63.96,63.10,63.10,63.28,64.43,60.96,59.66,59.52,59.52,58.43,58.32,58.32,58.32,59.46,59.20,59.20,59.55,58.60,58.10,58.52,58.76,58.96,59.43,60.79,60.44,60.81,61.11,62.60,62.31,65.89,66.67,65.06,65.51,68.38,70.15,73.55,74.50,75.56,73.80,74.20,74.20,73.51,74.09,73.47,75.82,75.11,75.63,74.92,74.23,74.00,73.14,73.40,72.44,72.41,72.24,72.86,74.31,74.31,73.56,74.17,74.17,74.16,74.16,74.69,73.91,76.70,75.55,73.71,72.51,75.40,78.10,76.63,73.61,76.29,73.46,73.79,74.14,73.97,75.51,72.38,72.54,73.52,75.10
Producto,0.000469839,07211246,AMORTIGUADORES,96.99,98.31,99.87,99.87,104.79,104.79,104.79,104.79,104.79,105.50,105.50,106.79,107.29,109.89,111.99,111.99,111.99,113.66,113.33,114.56,114.56,117.46,117.46,118.83,116.04,117.46,117.46,117.46,117.46,113.61,113.61,113.61,111.79,111.79,111.79,111.79,111.79,111.79,111.79,110.00,113.29,111.35,111.35,111.35,112.79,111.30,111.30,111.30,111.30,111.30,111.30,111.30,111.30,111.30,111.30,111.30,111.30,111.30,111.30,113.64,113.64,113.64,113.64,113.64,113.64,112.19,112.19,112.19,112.19,113.51,113.51,110.68,109.46,109.46,110.68,108.96,108.96,108.96,110.68,110.68,110.68,114.03,120.61,120.61,107.79,115.23,115.23,117.45,119.36,116.44,116.44,116.44,116.44,112.27,112.54,112.54,112.54,112.54,110.60,110.60,110.50,111.00,111.00,111.00,111.00,111.00,111.00,111.00,111.00,111.00,113.16,117.24,117.24,113.41,113.91,113.91,113.77,113.77,113.77,113.77,113.77,113.77,113.77,113.28,113.96,113.77,114.26,113.81,113.81,115.09,115.09,115.09,116.70,116.70,120.26,120.26,120.26,120.26
Clase,0.022539435,0722,Combustibles y lubricantes para equipo de transporte personal (ND),98.15,98.15,98.30,98.41,98.41,98.41,98.41,98.47,98.47,98.47,98.47,98.47,98.63,98.63,98.63,98.63,98.63,98.66,98.87,98.87,98.87,99.03,98.92,98.94,98.94,98.89,99.06,99.06,99.06,98.81,98.76,98.67,98.14,98.14,98.05,98.10,98.00,98.00,98.00,98.04,98.28,98.42,98.42,99.21,103.26,103.13,103.13,106.37,120.00,119.90,120.43,120.34,120.36,121.53,121.57,120.07,120.81,132.74,119.12,119.13,119.13,119.24,119.20,119.08,118.30,114.25,112.15,111.44,111.91,111.74,112.12,112.10,113.25,114.10,117.57,124.66,128.28,131.93,138.04,143.65,147.27,153.79,157.77,158.38,158.80,158.94,160.91,165.99,166.28,167.00,163.16,163.47,162.23,158.93,158.71,159.32,158.82,158.21,158.97,158.72,158.55,158.33,157.57,158.18,160.34,160.70,160.54,157.08,155.53,156.57,157.53,162.15,162.97,164.66,174.19,174.52,170.60,165.47,166.25,167.28,168.78,172.24,171.40,164.94,160.54,160.57,164.74,170.02,176.15,180.60,179.08,174.78,171.06,171.71,176.46,186.67,197.83,208.97
Subclase,0.022539435,07221,Combustibles y lubricantes para equipo de transporte personal,98.15,98.15,98.30,98.41,98.41,98.41,98.41,98.47,98.47,98.47,98.47,98.47,98.63,98.63,98.63,98.63,98.63,98.66,98.87,98.87,98.87,99.03,98.92,98.94,98.94,98.89,99.06,99.06,99.06,98.81,98.76,98.67,98.14,98.14,98.05,98.10,98.00,98.00,98.00,98.04,98.28,98.42,98.42,99.21,103.26,103.13,103.13,106.37,120.00,119.90,120.43,120.34,120.36,121.53,121.57,120.07,120.81,132.74,119.12,119.13,119.13,119.24,119.20,119.08,118.30,114.25,112.15,111.44,111.91,111.74,112.12,112.10,113.25,114.10,117.57,124.66,128.28,131.93,138.04,143.65,147.27,153.79,157.77,158.38,158.80,158.94,160.91,165.99,166.28,167.00,163.16,163.47,162.23,158.93,158.71,159.32,158.82,158.21,158.97,158.72,158.55,158.33,157.57,158.18,160.34,160.70,160.54,157.08,155.53,156.57,157.53,162.15,162.97,164.66,174.19,174.52,170.60,165.47,166.25,167.28,168.78,172.24,171.40,164.94,160.54,160.57,164.74,170.02,176.15,180.60,179.08,174.78,171.06,171.71,176.46,186.67,197.83,208.97
Producto,0.000495883,07221247,DIÉSEL,98.06,98.06,98.06,98.06,98.06,98.06,98.06,98.06,98.06,98.06,98.06,98.06,98.06,98.06,98.06,98.06,98.06,98.06,98.06,98.06,98.06,98.06,98.06,98.06,98.06,98.06,98.06,98.06,98.06,98.06,98.06,98.06,98.06,98.06,98.06,98.06,98.06,98.06,98.06,98.06,98.06,98.06,98.06,98.06,98.06,98.06,98.06,98.06,98.06,98.06,98.06,98.06,98.06,98.06,98.06,98.06,98.06,145.83,98.06,98.06,98.06,98.06,98.06,98.06,97.42,94.29,96.16,101.66,106.52,111.40,116.90,120.98,125.71,128.23,131.68,136.39,139.07,142.05,147.24,151.17,154.31,162.48,179.15,179.15,179.15,179.15,179.15,179.15,179.15,179.15,165.00,165.00,165.00,165.00,165.00,165.00,165.00,165.00,165.00,165.00,165.00,165.00,165.00,165.00,165.00,165.00,165.00,165.00,165.00,165.00,165.00,169.72,169.72,169.72,169.72,169.72,169.72,169.72,169.72,169.72,169.72,169.72,169.72,169.72,169.72,169.72,169.72,169.72,211.68,264.01,264.01,262.59,258.33,255.05,260.63,272.90,285.62,299.28
Producto,0.000680429,07221248,GASOLINA ECOLÓGICA,98.06,98.06,98.06,98.06,98.06,98.06,98.06,98.06,98.06,98.06,98.06,98.06,98.06,98.06,98.06,98.06,98.06,98.06,98.06,98.06,98.06,98.06,98.06,98.06,98.06,98.06,98.06,98.06,98.06,98.06,98.06,98.06,98.06,98.06,98.06,98.06,98.06,98.06,98.06,98.06,98.06,98.06,98.06,98.06,98.06,98.06,98.06,102.80,122.57,122.57,122.57,122.57,122.57,122.57,122.57,122.57,122.57,139.32,122.57,122.57,122.57,122.57,122.57,122.57,121.44,115.95,115.95,115.95,116.50,116.06,116.50,116.61,116.61,116.61,119.68,125.65,131.50,136.46,143.98,150.60,156.11,164.95,168.95,168.95,168.95,168.95,168.95,168.95,168.95,168.95,159.02,159.02,159.02,159.02,159.02,159.02,159.02,159.02,159.02,159.02,159.02,159.02,159.02,159.02,159.02,159.02,159.02,159.02,159.02,159.02,159.02,163.65,163.65,166.30,181.21,182.87,177.47,170.61,173.55,176.24,177.22,181.53,180.19,171.18,164.64,165.30,170.57,178.19,186.46,191.81,190.14,184.16,178.88,179.86,187.13,195.74,204.68,214.28
Producto,0.009937574,07221249,GASOLINA BAJO OCTANAJE,98.06,98.06,98.06,98.06,98.06,98.06,98.06,98.06,98.06,98.06,98.06,98.06,98.06,98.06,98.06,98.06,98.06,98.06,98.06,98.06,98.06,98.06,98.06,98.06,98.06,98.06,98.06,98.06,98.06,98.06,98.06,98.06,98.06,98.06,98.06,98.06,98.06,98.06,98.06,98.06,98.06,98.06,98.06,98.06,98.06,98.06,98.06,102.80,122.57,122.57,122.57,122.57,122.57,122.57,122.57,122.57,122.57,139.14,122.57,122.57,122.57,122.57,122.57,122.57,121.44,115.95,115.95,115.95,116.50,116.06,116.50,116.61,116.61,116.61,119.68,125.65,131.50,136.46,143.98,150.60,156.11,164.95,168.95,168.95,168.95,168.95,168.95,168.95,168.95,168.95,159.02,159.02,159.02,159.02,159.02,159.02,159.02,159.02,159.02,159.02,159.02,159.02,159.02,159.02,159.02,159.02,159.02,159.02,159.02,159.02,159.02,163.65,163.65,166.30,181.21,182.87,177.47,170.61,173.55,176.24,177.22,181.53,180.19,171.18,164.64,165.30,170.57,178.19,186.46,191.81,190.14,184.16,178.88,179.86,187.13,195.74,204.68,214.28
Producto,0.008524539,07221250,GASOLINA ALTO OCTANAJE,97.70,97.70,98.59,99.28,99.28,99.28,99.28,99.62,99.62,99.62,99.62,99.62,100.60,100.60,100.60,100.60,100.60,100.60,100.60,100.60,100.60,100.60,100.60,100.60,100.60,100.60,100.60,100.60,100.60,100.60,100.60,100.60,100.60,100.60,100.60,100.60,100.60,100.60,100.60,100.60,100.60,100.60,100.60,105.30,129.70,129.70,129.70,129.70,129.70,128.28,128.28,129.70,129.99,139.27,140.72,131.80,136.22,136.00,126.12,126.12,126.12,126.79,126.57,125.85,125.85,124.29,111.64,107.05,107.23,107.16,107.23,105.67,112.89,117.59,125.41,141.52,139.06,139.82,143.61,147.44,145.91,145.69,150.95,153.35,155.42,158.67,166.76,196.70,198.33,201.95,222.33,223.61,210.32,190.37,189.11,188.13,185.21,183.72,185.94,183.39,182.19,180.14,176.20,180.47,193.32,195.43,193.34,172.94,163.73,169.89,175.60,183.25,188.14,187.39,183.49,178.70,178.56,175.89,168.17,163.40,167.39,167.92,169.12,166.52,166.22,165.16,165.95,168.22,167.77,168.18,165.96,164.76,165.65,162.07,161.38,188.02,215.42,238.79
Producto,0.00290101,07221251,ACEITE LUBRICANTE,99.15,99.15,99.15,99.15,99.15,99.15,99.15,99.15,99.15,99.15,99.15,99.15,99.15,99.15,99.15,99.15,99.15,99.32,100.90,100.90,100.90,102.07,101.26,101.39,101.39,101.08,102.29,102.29,102.29,100.48,100.09,99.45,95.46,95.46,94.80,95.17,94.45,94.45,94.45,94.77,96.55,97.53,97.53,97.53,97.20,96.21,96.21,96.21,97.06,98.10,101.98,99.56,99.38,96.47,94.95,94.95,94.95,94.95,94.95,95.04,95.04,95.04,95.04,95.04,95.04,95.13,95.13,95.04,95.04,95.58,95.58,96.34,95.42,95.61,95.71,97.46,97.48,98.18,100.16,102.99,103.48,106.47,107.50,108.98,109.53,106.52,111.03,111.42,111.56,112.37,110.30,111.00,118.30,118.70,118.70,124.37,124.37,121.64,124.57,125.85,126.11,127.03,126.28,125.53,125.53,125.53,126.99,126.76,126.76,126.76,126.76,127.50,127.50,127.50,127.50,127.50,125.99,126.06,126.51,126.51,127.63,130.81,129.88,130.91,131.72,129.95,133.22,130.93,130.82,131.01,130.99,131.03,129.54,134.19,132.92,130.52,132.51,135.94
Clase,0.008263892,0723,Conservación y reparación de equipo de transporte personal (S),99.38,99.38,99.68,99.68,100.80,100.46,100.54,99.99,99.25,99.62,101.49,102.31,105.96,106.53,106.52,106.52,107.46,110.63,110.63,111.99,112.40,112.87,110.37,113.03,115.77,117.23,117.42,117.42,117.42,113.85,113.12,112.43,113.63,114.11,116.99,116.99,115.14,118.78,117.49,116.29,114.02,112.97,113.05,113.05,113.05,113.05,111.11,113.68,114.19,113.19,114.03,113.25,113.68,113.66,112.61,113.31,113.34,113.03,112.84,113.00,113.75,113.75,113.37,113.37,113.84,113.84,113.84,113.76,113.76,114.13,114.77,115.60,115.43,115.76,116.43,116.43,116.06,116.22,117.22,117.22,117.30,117.30,116.34,117.02,120.71,120.08,120.67,120.59,120.28,118.07,117.36,119.35,118.47,119.41,120.10,119.38,119.83,120.03,119.99,122.63,123.22,123.11,121.11,121.47,121.47,121.47,121.56,121.56,123.12,124.47,125.20,129.70,128.71,127.18,127.49,126.99,127.09,127.53,127.98,128.00,128.13,127.17,126.19,126.19,128.22,125.39,129.39,129.75,129.45,129.00,128.65,128.73,129.49,129.16,127.66,128.03,128.28,129.68
Subclase,0.008263892,07231,Conservación y reparación de equipo de transporte personal,99.38,99.38,99.68,99.68,100.80,100.46,100.54,99.99,99.25,99.62,101.49,102.31,105.96,106.53,106.52,106.52,107.46,110.63,110.63,111.99,112.40,112.87,110.37,113.03,115.77,117.23,117.42,117.42,117.42,113.85,113.12,112.43,113.63,114.11,116.99,116.99,115.14,118.78,117.49,116.29,114.02,112.97,113.05,113.05,113.05,113.05,111.11,113.68,114.19,113.19,114.03,113.25,113.68,113.66,112.61,113.31,113.34,113.03,112.84,113.00,113.75,113.75,113.37,113.37,113.84,113.84,113.84,113.76,113.76,114.13,114.77,115.60,115.43,115.76,116.43,116.43,116.06,116.22,117.22,117.22,117.30,117.30,116.34,117.02,120.71,120.08,120.67,120.59,120.28,118.07,117.36,119.35,118.47,119.41,120.10,119.38,119.83,120.03,119.99,122.63,123.22,123.11,121.11,121.47,121.47,121.47,121.56,121.56,123.12,124.47,125.20,129.70,128.71,127.18,127.49,126.99,127.09,127.53,127.98,128.00,128.13,127.17,126.19,126.19,128.22,125.39,129.39,129.75,129.45,129.00,128.65,128.73,129.49,129.16,127.66,128.03,128.28,129.68
Producto,0.001172386,07231252,AFINAMIENTO (ABC),82.62,82.63,85.21,85.21,85.21,85.21,85.21,85.21,85.21,85.21,85.21,89.10,94.38,94.38,102.35,102.35,102.35,102.85,102.85,105.20,108.75,112.87,112.87,113.92,113.92,109.33,113.92,113.92,113.92,120.08,120.08,120.08,120.47,122.44,126.40,126.40,122.44,129.74,129.74,126.40,129.74,126.52,126.52,126.52,126.52,126.52,121.23,122.80,124.28,118.28,122.60,122.61,124.29,124.29,117.30,122.87,122.87,122.87,122.87,122.87,122.87,122.87,122.87,122.87,122.87,122.87,122.87,122.87,122.87,122.87,125.27,125.27,125.27,125.27,125.27,125.27,125.27,126.03,126.03,126.03,126.03,126.03,125.27,125.27,127.58,125.27,125.27,123.25,123.25,123.25,123.25,125.27,123.25,123.25,123.25,123.25,123.25,123.25,123.25,123.25,123.25,120.71,120.71,123.25,123.25,123.25,123.25,123.25,123.25,123.25,123.25,126.90,126.90,129.17,129.17,129.17,131.14,132.24,132.24,132.24,132.24,132.24,132.24,132.24,132.24,132.24,132.24,132.24,132.24,132.24,132.24,132.24,132.24,134.31,134.31,134.31,134.31,134.31
Producto,0.000596172,07231253,"LAVADO, ENGRASADO Y PULVERIZADO",100.40,100.40,100.40,100.40,102.54,102.54,102.54,102.54,102.54,106.34,106.34,106.34,106.34,106.34,106.34,106.34,111.20,111.20,111.20,111.20,111.20,111.20,111.20,111.20,111.20,111.20,111.20,111.20,111.20,111.20,111.20,111.20,111.20,107.14,111.20,111.20,111.20,111.20,111.20,111.20,111.20,111.20,111.20,111.20,111.20,111.20,111.20,111.20,111.20,111.20,111.20,107.87,107.87,107.87,107.87,107.87,107.87,107.87,107.87,107.87,107.87,107.87,103.93,103.93,103.93,103.93,103.93,103.93,103.93,103.93,103.93,103.93,103.93,103.93,103.93,103.93,103.93,103.93,103.93,103.93,103.93,103.93,103.93,103.93,114.63,114.63,114.63,116.17,114.63,114.63,118.16,118.16,118.16,118.16,118.16,121.81,121.81,121.81,123.45,123.45,123.45,123.45,118.16,121.81,121.81,121.81,121.81,121.81,121.81,121.81,121.81,121.81,121.81,121.81,121.81,121.81,121.81,121.81,121.81,121.81,121.81,123.45,123.45,123.45,123.45,123.45,123.45,123.45,123.45,123.45,123.45,123.45,123.45,123.45,123.45,123.45,123.45,123.45
Producto,0.006266801,07231254,"CAMBIO, ALINEACIÓN Y BALANCEO DE NEUMÁTICOS",101.62,101.62,101.62,101.62,102.51,102.07,102.33,101.61,100.62,100.62,103.09,103.59,107.62,108.36,107.14,107.14,107.76,111.51,111.51,112.94,112.94,112.94,109.63,112.99,116.61,119.24,118.80,118.80,118.80,113.25,112.17,111.53,112.85,113.72,116.40,116.40,114.56,118.26,116.55,115.47,112.17,111.27,111.38,111.38,111.38,111.38,109.62,112.77,113.23,112.81,113.27,112.67,112.76,112.74,112.63,112.70,112.75,112.33,112.33,112.29,113.28,113.28,113.28,113.28,113.91,113.91,113.91,113.81,113.81,114.29,114.77,115.87,115.65,116.08,116.97,116.97,116.48,116.48,117.79,117.79,117.89,117.89,116.75,117.65,120.52,120.03,120.81,120.81,120.60,117.69,116.29,118.48,117.62,118.87,119.78,118.36,118.95,119.22,118.95,122.44,123.23,123.46,121.51,121.11,121.11,121.11,121.24,121.24,123.30,124.90,125.87,131.24,129.92,127.74,128.15,127.49,127.33,127.74,128.33,128.37,128.54,127.06,125.76,125.76,128.44,124.70,129.99,130.47,130.07,129.48,129.01,129.11,130.11,129.30,127.32,127.80,128.13,129.22
Producto,0.000228533,07231255,INSPECCIÓN TÉCNICA,103.53,103.53,103.53,103.53,111.25,111.25,107.27,107.27,107.27,107.27,107.27,107.27,107.27,107.27,107.27,107.27,107.27,116.33,116.33,116.33,116.33,116.33,116.33,116.33,116.33,116.33,116.33,116.33,116.33,113.91,116.33,109.83,114.84,114.84,114.84,114.84,114.84,114.84,114.84,114.84,109.83,109.83,109.83,109.83,109.83,109.83,109.83,109.83,109.83,109.83,109.83,109.83,114.84,114.84,109.83,109.83,109.83,109.83,103.69,109.83,109.83,109.83,109.83,109.83,109.83,109.83,109.83,109.83,109.83,109.83,109.83,109.83,109.83,109.83,109.83,109.83,109.83,112.44,112.44,112.44,112.44,112.44,112.44,112.44,119.10,119.10,119.10,119.10,119.10,119.10,119.10,122.33,122.33,122.33,122.33,122.33,122.33,122.33,122.33,122.33,122.33,122.33,122.33,122.33,122.33,122.33,122.33,122.33,122.33,126.87,126.87,127.54,127.54,122.98,122.98,122.98,122.98,122.98,122.98,122.98,122.98,122.98,122.98,122.98,122.98,122.98,122.98,122.98,122.98,122.98,122.98,122.98,122.98,124.72,124.72,124.72,124.72,143.26
Clase,0.001450915,0724,Servicios de estacionamiento y peaje (S),98.69,98.69,98.69,98.45,98.45,98.45,100.76,100.76,101.00,101.00,101.00,101.00,101.00,101.00,101.00,101.00,101.00,101.00,101.00,101.00,101.00,101.00,101.00,101.00,101.00,101.00,100.59,100.59,100.59,100.59,100.59,102.60,102.60,102.60,102.60,102.60,104.30,104.30,104.30,104.30,104.30,104.30,104.30,104.30,106.45,106.45,106.45,106.45,106.45,106.45,106.45,105.71,105.28,105.28,105.28,106.00,106.00,106.00,106.00,106.00,106.00,106.00,106.00,106.00,106.00,106.00,104.30,104.30,104.30,104.30,104.30,104.30,104.30,104.30,104.30,104.30,104.30,104.30,104.30,104.30,104.30,104.30,104.30,104.30,102.54,102.54,102.54,102.54,104.30,102.54,102.54,102.54,102.54,102.54,102.54,102.54,105.06,105.06,105.06,105.06,104.30,104.30,106.53,106.53,106.53,106.53,106.53,106.53,106.53,106.53,106.53,110.12,110.88,109.19,109.19,109.19,109.19,109.19,109.19,109.19,109.19,109.19,109.19,109.19,109.19,109.19,109.19,108.50,108.50,110.28,112.45,112.45,112.35,111.53,111.53,111.53,111.53,111.53
Subclase,0.001450915,07241,Servicios de estacionamiento y peaje,98.69,98.69,98.69,98.45,98.45,98.45,100.76,100.76,101.00,101.00,101.00,101.00,101.00,101.00,101.00,101.00,101.00,101.00,101.00,101.00,101.00,101.00,101.00,101.00,101.00,101.00,100.59,100.59,100.59,100.59,100.59,102.60,102.60,102.60,102.60,102.60,104.30,104.30,104.30,104.30,104.30,104.30,104.30,104.30,106.45,106.45,106.45,106.45,106.45,106.45,106.45,105.71,105.28,105.28,105.28,106.00,106.00,106.00,106.00,106.00,106.00,106.00,106.00,106.00,106.00,106.00,104.30,104.30,104.30,104.30,104.30,104.30,104.30,104.30,104.30,104.30,104.30,104.30,104.30,104.30,104.30,104.30,104.30,104.30,102.54,102.54,102.54,102.54,104.30,102.54,102.54,102.54,102.54,102.54,102.54,102.54,105.06,105.06,105.06,105.06,104.30,104.30,106.53,106.53,106.53,106.53,106.53,106.53,106.53,106.53,106.53,110.12,110.88,109.19,109.19,109.19,109.19,109.19,109.19,109.19,109.19,109.19,109.19,109.19,109.19,109.19,109.19,108.50,108.50,110.28,112.45,112.45,112.35,111.53,111.53,111.53,111.53,111.53
Producto,0.000601777,07241256,ESTACIONAMIENTO,98.06,98.06,98.06,98.06,98.06,98.06,102.54,102.54,102.54,102.54,102.54,102.54,102.54,102.54,102.54,102.54,102.54,102.54,102.54,102.54,102.54,102.54,102.54,102.54,102.54,102.54,102.54,102.54,102.54,102.54,102.54,106.42,106.42,106.42,106.42,106.42,109.70,109.70,109.70,109.70,109.70,109.70,109.70,109.70,113.86,113.86,113.86,113.86,113.86,113.86,113.86,113.86,113.86,113.86,113.86,113.86,113.86,113.86,113.86,113.86,113.86,113.86,113.86,113.86,113.86,113.86,113.86,113.86,113.86,113.86,113.86,113.86,113.86,113.86,113.86,113.86,113.86,113.86,113.86,113.86,113.86,113.86,113.86,113.86,110.45,110.45,110.45,110.45,113.86,110.45,110.45,110.45,110.45,110.45,110.45,110.45,113.86,113.86,113.86,113.86,113.86,113.86,118.17,118.17,118.17,118.17,118.17,118.17,118.17,118.17,118.17,121.82,121.82,121.82,121.82,121.82,121.82,121.82,121.82,121.82,121.82,121.82,121.82,121.82,121.82,121.82,121.82,121.82,121.82,121.82,121.82,121.82,121.82,121.82,121.82,121.82,121.82,121.82
Producto,0.000499734,07241257,PEAJE,98.06,98.06,98.06,98.06,98.06,98.06,98.06,98.06,98.06,98.06,98.06,98.06,98.06,98.06,98.06,98.06,98.06,98.06,98.06,98.06,98.06,98.06,98.06,98.06,98.06,98.06,98.06,98.06,98.06,98.06,98.06,98.06,98.06,98.06,98.06,98.06,98.06,98.06,98.06,98.06,98.06,98.06,98.06,98.06,98.06,98.06,98.06,98.06,98.06,98.06,98.06,98.06,98.06,98.06,98.06,98.06,98.06,98.06,98.06,98.06,98.06,98.06,98.06,98.06,98.06,98.06,92.58,92.58,92.58,92.58,92.58,92.58,92.58,92.58,92.58,92.58,92.58,92.58,92.58,92.58,92.58,92.58,92.58,92.58,92.58,92.58,92.58,92.58,92.58,92.58,92.58,92.58,92.58,92.58,92.58,92.58,92.58,92.58,92.58,92.58,92.58,92.58,92.58,92.58,92.58,92.58,92.58,92.58,92.58,92.58,92.58,98.06,98.06,98.06,98.06,98.06,98.06,98.06,98.06,98.06,98.06,98.06,98.06,98.06,98.06,98.06,98.06,98.06,98.06,98.06,98.06,98.06,98.06,98.06,98.06,98.06,98.06,98.06
Producto,0.000349403,07241258,SERVICIO DE WINCHA,101.70,101.70,101.70,100.31,100.31,100.31,100.31,100.31,101.70,101.70,101.70,101.70,101.70,101.70,101.70,101.70,101.70,101.70,101.70,101.70,101.70,101.70,101.70,101.70,101.70,101.70,99.33,99.33,99.33,99.33,99.33,99.33,99.33,99.33,99.33,99.33,99.33,99.33,99.33,99.33,99.33,99.33,99.33,99.33,99.33,99.33,99.33,99.33,99.33,99.33,99.33,95.00,92.49,92.49,92.49,96.72,96.72,96.72,96.72,96.72,96.72,96.72,96.72,96.72,96.72,96.72,96.72,96.72,96.72,96.72,96.72,96.72,96.72,96.72,96.72,96.72,96.72,96.72,96.72,96.72,96.72,96.72,96.72,96.72,96.72,96.72,96.72,96.72,96.72,96.72,96.72,96.72,96.72,96.72,96.72,96.72,101.13,101.13,101.13,101.13,96.72,96.72,96.72,96.72,96.72,96.72,96.72,96.72,96.72,96.72,96.72,96.72,101.13,91.31,91.31,91.31,91.31,91.31,91.31,91.31,91.31,91.31,91.31,91.31,91.31,91.31,91.31,87.32,87.32,97.66,110.25,110.25,109.67,104.89,104.89,104.89,104.89,104.89
Grupo,0.051465679,073,Servicios de transporte,105.71,107.50,106.88,108.62,107.92,108.34,107.60,110.41,109.19,108.78,109.19,112.30,109.84,107.02,109.06,104.95,112.24,110.59,109.52,109.39,109.64,109.64,109.64,109.11,109.85,115.77,113.66,116.58,118.18,117.44,115.35,113.68,116.03,116.90,118.14,116.37,114.98,116.30,114.41,111.54,115.51,109.81,116.30,127.42,120.11,124.45,124.19,126.20,124.60,121.65,120.18,120.53,121.62,121.55,121.52,121.56,121.39,121.64,121.96,124.87,120.65,123.72,120.13,123.78,123.78,142.25,118.94,118.96,119.45,120.85,119.62,119.58,119.08,117.29,118.70,119.34,121.64,121.24,122.46,121.99,122.30,126.86,126.83,123.97,122.73,127.54,125.69,127.10,125.67,127.02,127.72,125.92,126.22,127.91,127.84,129.24,126.48,127.19,128.00,128.75,130.71,129.06,129.86,128.45,125.55,127.77,126.37,128.60,123.07,124.25,126.21,126.60,127.83,128.50,130.05,128.38,128.32,130.97,126.12,136.09,126.21,128.66,129.56,129.12,127.79,128.65,129.30,130.61,130.37,131.78,130.21,134.95,129.05,126.81,128.64,132.45,130.70,133.00
Clase,0.046919028,0732,Transporte de pasajeros por carretera (S),107.41,107.41,107.41,109.20,109.17,109.17,109.17,109.06,109.59,110.09,110.09,110.09,110.09,110.09,110.09,110.09,110.09,110.09,110.09,110.09,110.51,110.51,110.51,110.51,110.51,110.51,110.51,110.51,110.51,110.51,110.51,110.51,110.62,110.62,110.62,110.62,110.62,110.62,110.62,110.62,110.62,110.62,110.62,120.85,120.77,121.02,121.16,121.16,121.16,121.16,121.16,121.16,121.16,121.16,121.16,121.16,121.35,121.60,121.60,121.60,121.60,121.90,121.90,121.90,121.90,121.90,121.90,121.90,121.90,121.90,121.90,121.90,121.90,121.90,121.90,121.90,124.37,124.44,124.56,124.55,126.18,126.78,126.78,126.78,126.78,126.78,126.78,126.78,126.78,126.78,126.78,126.78,127.49,127.49,127.49,127.49,127.49,127.49,127.49,127.49,127.49,127.49,127.49,127.49,128.15,128.15,128.15,128.15,128.15,128.13,128.13,128.13,128.13,128.13,128.13,128.13,128.44,128.44,128.44,128.44,128.44,128.44,128.44,128.44,128.44,128.44,128.44,128.99,129.28,129.35,129.35,129.35,129.35,129.35,129.35,129.35,129.35,129.35
Subclase,0.046919028,07321,Transporte de pasajeros por carretera,107.41,107.41,107.41,109.20,109.17,109.17,109.17,109.06,109.59,110.09,110.09,110.09,110.09,110.09,110.09,110.09,110.09,110.09,110.09,110.09,110.51,110.51,110.51,110.51,110.51,110.51,110.51,110.51,110.51,110.51,110.51,110.51,110.62,110.62,110.62,110.62,110.62,110.62,110.62,110.62,110.62,110.62,110.62,120.85,120.77,121.02,121.16,121.16,121.16,121.16,121.16,121.16,121.16,121.16,121.16,121.16,121.35,121.60,121.60,121.60,121.60,121.90,121.90,121.90,121.90,121.90,121.90,121.90,121.90,121.90,121.90,121.90,121.90,121.90,121.90,121.90,124.37,124.44,124.56,124.55,126.18,126.78,126.78,126.78,126.78,126.78,126.78,126.78,126.78,126.78,126.78,126.78,127.49,127.49,127.49,127.49,127.49,127.49,127.49,127.49,127.49,127.49,127.49,127.49,128.15,128.15,128.15,128.15,128.15,128.13,128.13,128.13,128.13,128.13,128.13,128.13,128.44,128.44,128.44,128.44,128.44,128.44,128.44,128.44,128.44,128.44,128.44,128.99,129.28,129.35,129.35,129.35,129.35,129.35,129.35,129.35,129.35,129.35
Producto,0.022020175,07321259,TRANSPORTE URBANO,104.72,104.72,104.72,104.72,104.72,104.72,104.72,104.72,104.72,104.72,104.72,104.72,104.72,104.72,104.72,104.72,104.72,104.72,104.72,104.72,104.72,104.72,104.72,104.72,104.72,104.72,104.72,104.72,104.72,104.72,104.72,104.72,104.72,104.72,104.72,104.72,104.72,104.72,104.72,104.72,104.72,104.72,104.72,125.66,125.66,125.66,125.66,125.66,125.66,125.66,125.66,125.66,125.66,125.66,125.66,125.66,125.66,125.66,125.66,125.66,125.66,125.66,125.66,125.66,125.66,125.66,125.66,125.66,125.66,125.66,125.66,125.66,125.66,125.66,125.66,125.66,125.66,125.66,125.66,125.66,125.66,125.66,125.66,125.66,125.66,125.66,125.66,125.66,125.66,125.66,125.66,125.66,125.66,125.66,125.66,125.66,125.66,125.66,125.66,125.66,125.66,125.66,125.66,125.66,125.66,125.66,125.66,125.66,125.66,125.66,125.66,125.66,125.66,125.66,125.66,125.66,125.66,125.66,125.66,125.66,125.66,125.66,125.66,125.66,125.66,125.66,125.66,125.66,125.66,125.66,125.66,125.66,125.66,125.66,125.66,125.66,125.66,125.66
Producto,0.012209546,07321260,TAXI URBANO,119.56,119.56,119.56,119.56,119.56,119.56,119.56,119.56,119.56,119.56,119.56,119.56,119.56,119.56,119.56,119.56,119.56,119.56,119.56,119.56,119.56,119.56,119.56,119.56,119.56,119.56,119.56,119.56,119.56,119.56,119.56,119.56,119.56,119.56,119.56,119.56,119.56,119.56,119.56,119.56,119.56,119.56,119.56,119.56,119.56,119.56,119.56,119.56,119.56,119.56,119.56,119.56,119.56,119.56,119.56,119.56,119.56,119.56,119.56,119.56,119.56,119.56,119.56,119.56,119.56,119.56,119.56,119.56,119.56,119.56,119.56,119.56,119.56,119.56,119.56,119.56,119.56,119.56,119.56,119.56,119.56,119.56,119.56,119.56,119.56,119.56,119.56,119.56,119.56,119.56,119.56,119.56,119.56,119.56,119.56,119.56,119.56,119.56,119.56,119.56,119.56,119.56,119.56,119.56,119.56,119.56,119.56,119.56,119.56,119.56,119.56,119.56,119.56,119.56,119.56,119.56,119.56,119.56,119.56,119.56,119.56,119.56,119.56,119.56,119.56,119.56,119.56,119.56,119.56,119.56,119.56,119.56,119.56,119.56,119.56,119.56,119.56,119.56
Producto,0.007498239,07321261,TRANSPORTE INTERURBANO,100.40,100.40,100.40,112.97,112.74,112.74,112.74,111.98,111.95,113.58,113.58,113.58,113.58,113.58,113.58,113.58,113.58,113.58,113.58,113.58,113.58,113.58,113.58,113.58,113.58,113.58,113.58,113.58,113.58,113.58,113.58,113.58,113.58,113.58,113.58,113.58,113.58,113.58,113.58,113.58,113.58,113.58,113.58,113.58,112.57,114.32,115.33,115.33,115.33,115.33,115.33,115.33,115.33,115.33,115.33,115.33,115.33,117.10,117.10,117.10,117.10,119.25,119.25,119.25,119.25,119.25,119.25,119.25,119.25,119.25,119.25,119.25,119.25,119.25,119.25,119.25,136.61,137.10,137.96,137.94,137.94,137.94,137.94,137.94,137.94,137.94,137.94,137.94,137.94,137.94,137.94,137.94,138.54,138.54,138.54,138.54,138.54,138.54,138.54,138.54,138.54,138.54,138.54,138.54,138.54,138.54,138.54,138.54,138.54,138.42,138.42,138.42,138.42,138.42,138.42,138.42,138.42,138.42,138.42,138.42,138.42,138.42,138.42,138.42,138.42,138.42,138.42,142.32,142.32,142.77,142.77,142.77,142.77,142.77,142.77,142.77,142.77,142.77
Producto,0.005191068,07321262,TRANSPORTE ESCOLAR,104.25,104.25,104.25,104.25,104.25,104.25,104.25,104.25,107.99,109.89,109.89,109.89,109.89,109.89,109.89,109.89,109.89,109.89,109.89,109.89,112.85,112.85,112.85,112.85,112.85,112.85,112.85,112.85,112.85,112.85,112.85,112.85,113.62,113.62,113.62,113.62,113.62,113.62,113.62,113.62,113.62,113.62,113.62,113.62,114.08,114.08,114.08,114.08,114.08,114.08,114.08,114.08,114.08,114.08,114.08,114.08,115.38,115.38,115.38,115.38,115.38,115.38,115.38,115.38,115.38,115.38,115.38,115.38,115.38,115.38,115.38,115.38,115.38,115.38,115.38,115.38,115.38,115.38,115.38,115.38,126.77,131.01,131.01,131.01,131.01,131.01,131.01,131.01,131.01,131.01,131.01,131.01,135.41,135.41,135.41,135.41,135.41,135.41,135.41,135.41,135.41,135.41,135.41,135.41,140.04,140.04,140.04,140.04,140.04,140.04,140.04,140.04,140.04,140.04,140.04,140.04,142.16,142.16,142.16,142.16,142.16,142.16,142.16,142.16,142.16,142.16,142.16,142.16,144.23,144.23,144.23,144.23,144.23,144.23,144.23,144.23,144.23,144.23
Clase,0.004546651,0733,Transporte de pasajeros por aire (S),94.70,108.03,103.41,104.84,99.83,102.98,97.43,119.15,106.63,100.31,103.35,126.58,108.25,87.14,102.39,71.69,126.18,113.87,105.83,104.84,104.02,104.02,104.02,100.07,105.58,149.78,134.03,155.82,167.79,162.31,146.70,134.21,151.03,157.52,166.83,153.60,143.23,153.05,138.93,117.50,147.12,104.56,153.05,169.95,115.84,146.69,143.83,158.80,146.84,124.85,113.86,116.42,124.63,124.11,123.88,124.15,121.65,121.93,124.35,146.06,114.51,135.47,108.68,135.95,135.95,273.96,99.75,99.90,103.56,114.01,104.87,104.56,100.83,87.41,97.97,102.75,104.00,100.58,108.88,105.37,97.20,127.39,127.16,105.76,96.53,132.45,118.65,129.21,118.46,128.57,133.80,120.34,118.01,130.64,130.13,140.52,119.96,125.27,131.32,136.89,151.50,139.19,145.22,134.64,108.73,125.32,114.83,131.52,90.17,99.14,113.72,116.69,125.84,130.85,142.42,130.01,127.58,147.35,111.11,185.62,111.81,130.14,136.83,133.58,123.59,130.03,134.86,141.08,137.36,147.50,135.79,171.17,127.14,110.39,124.07,152.53,139.43,156.60
Subclase,0.004546651,07331,Transporte de pasajeros por aire,94.70,108.03,103.41,104.84,99.83,102.98,97.43,119.15,106.63,100.31,103.35,126.58,108.25,87.14,102.39,71.69,126.18,113.87,105.83,104.84,104.02,104.02,104.02,100.07,105.58,149.78,134.03,155.82,167.79,162.31,146.70,134.21,151.03,157.52,166.83,153.60,143.23,153.05,138.93,117.50,147.12,104.56,153.05,169.95,115.84,146.69,143.83,158.80,146.84,124.85,113.86,116.42,124.63,124.11,123.88,124.15,121.65,121.93,124.35,146.06,114.51,135.47,108.68,135.95,135.95,273.96,99.75,99.90,103.56,114.01,104.87,104.56,100.83,87.41,97.97,102.75,104.00,100.58,108.88,105.37,97.20,127.39,127.16,105.76,96.53,132.45,118.65,129.21,118.46,128.57,133.80,120.34,118.01,130.64,130.13,140.52,119.96,125.27,131.32,136.89,151.50,139.19,145.22,134.64,108.73,125.32,114.83,131.52,90.17,99.14,113.72,116.69,125.84,130.85,142.42,130.01,127.58,147.35,111.11,185.62,111.81,130.14,136.83,133.58,123.59,130.03,134.86,141.08,137.36,147.50,135.79,171.17,127.14,110.39,124.07,152.53,139.43,156.60
Producto,0.004546651,07331263,VIAJE EN AVIÓN,94.70,108.03,103.41,104.84,99.83,102.98,97.43,119.15,106.63,100.31,103.35,126.58,108.25,87.14,102.39,71.69,126.18,113.87,105.83,104.84,104.02,104.02,104.02,100.07,105.58,149.78,134.03,155.82,167.79,162.31,146.70,134.21,151.03,157.52,166.83,153.60,143.23,153.05,138.93,117.50,147.12,104.56,153.05,169.95,115.84,146.69,143.83,158.80,146.84,124.85,113.86,116.42,124.63,124.11,123.88,124.15,121.65,121.93,124.35,146.06,114.51,135.47,108.68,135.95,135.95,273.96,99.75,99.90,103.56,114.01,104.87,104.56,100.83,87.41,97.97,102.75,104.00,100.58,108.88,105.37,97.20,127.39,127.16,105.76,96.53,132.45,118.65,129.21,118.46,128.57,133.80,120.34,118.01,130.64,130.13,140.52,119.96,125.27,131.32,136.89,151.50,139.19,145.22,134.64,108.73,125.32,114.83,131.52,90.17,99.14,113.72,116.69,125.84,130.85,142.42,130.01,127.58,147.35,111.11,185.62,111.81,130.14,136.83,133.58,123.59,130.03,134.86,141.08,137.36,147.50,135.79,171.17,127.14,110.39,124.07,152.53,139.43,156.60
División,0.047417885,08,Comunicaciones,97.07,96.59,96.49,94.60,94.60,94.33,94.29,94.74,94.49,94.43,94.38,94.14,94.14,93.82,93.84,93.59,93.50,95.11,94.98,94.86,94.88,94.88,94.83,94.92,94.76,94.84,95.13,94.91,94.99,94.25,93.51,93.58,92.38,93.31,93.36,93.32,93.82,93.94,93.92,93.84,93.82,93.84,93.57,93.47,93.47,93.31,93.15,93.15,92.77,92.78,92.72,92.68,92.95,92.95,92.95,92.94,92.41,92.25,92.27,92.36,93.01,93.14,93.09,93.09,93.67,93.67,93.67,93.67,93.67,93.59,93.59,93.56,93.63,93.69,94.05,93.82,93.76,93.76,93.97,93.81,93.81,94.35,92.01,89.48,89.42,90.09,90.30,90.21,90.22,90.01,89.99,90.09,89.96,90.45,90.47,89.59,89.54,89.18,88.51,88.80,89.25,89.21,89.26,88.36,88.37,88.37,88.35,88.30,88.19,88.24,88.31,89.39,89.99,90.02,90.74,90.80,91.11,90.86,90.86,90.27,90.38,90.48,90.48,90.48,90.49,90.59,90.90,91.69,91.56,91.56,91.58,91.70,91.65,91.84,91.79,92.07,92.18,92.10
Grupo,0.000194447,081,Servicios postales,101.78,101.78,101.78,104.53,104.53,104.53,104.53,104.53,104.53,104.53,104.53,104.53,104.53,104.53,104.53,104.53,104.53,98.54,98.54,98.54,98.54,98.54,98.54,98.54,98.54,99.12,98.86,98.86,98.86,98.53,98.53,98.53,98.53,98.53,98.53,98.53,98.53,102.61,102.61,102.61,102.61,102.61,102.61,102.61,102.61,102.90,102.90,102.90,102.90,103.69,103.69,103.69,103.69,103.69,103.69,103.69,103.69,103.69,103.69,103.69,104.61,104.61,104.61,104.61,104.61,104.61,104.61,104.61,104.61,104.61,104.61,104.61,105.90,105.90,105.90,105.90,105.90,105.90,105.90,105.90,105.90,105.90,105.90,105.90,107.02,107.02,107.02,107.02,107.02,107.02,107.02,107.02,107.02,107.02,107.02,107.02,107.02,107.32,101.32,101.32,101.32,101.32,101.32,101.32,101.32,101.32,101.32,101.32,101.32,101.32,101.32,101.85,101.85,101.85,101.85,101.85,101.85,101.85,101.85,101.85,102.20,102.20,102.20,102.20,102.20,106.00,106.00,106.00,106.00,106.00,106.00,107.00,107.00,107.05,107.05,107.05,107.05,105.29
Clase,0.000194447,0810,Servicios postales (S),101.78,101.78,101.78,104.53,104.53,104.53,104.53,104.53,104.53,104.53,104.53,104.53,104.53,104.53,104.53,104.53,104.53,98.54,98.54,98.54,98.54,98.54,98.54,98.54,98.54,99.12,98.86,98.86,98.86,98.53,98.53,98.53,98.53,98.53,98.53,98.53,98.53,102.61,102.61,102.61,102.61,102.61,102.61,102.61,102.61,102.90,102.90,102.90,102.90,103.69,103.69,103.69,103.69,103.69,103.69,103.69,103.69,103.69,103.69,103.69,104.61,104.61,104.61,104.61,104.61,104.61,104.61,104.61,104.61,104.61,104.61,104.61,105.90,105.90,105.90,105.90,105.90,105.90,105.90,105.90,105.90,105.90,105.90,105.90,107.02,107.02,107.02,107.02,107.02,107.02,107.02,107.02,107.02,107.02,107.02,107.02,107.02,107.32,101.32,101.32,101.32,101.32,101.32,101.32,101.32,101.32,101.32,101.32,101.32,101.32,101.32,101.85,101.85,101.85,101.85,101.85,101.85,101.85,101.85,101.85,102.20,102.20,102.20,102.20,102.20,106.00,106.00,106.00,106.00,106.00,106.00,107.00,107.00,107.05,107.05,107.05,107.05,105.29
Subclase,0.000194447,08101,Servicios postales,101.78,101.78,101.78,104.53,104.53,104.53,104.53,104.53,104.53,104.53,104.53,104.53,104.53,104.53,104.53,104.53,104.53,98.54,98.54,98.54,98.54,98.54,98.54,98.54,98.54,99.12,98.86,98.86,98.86,98.53,98.53,98.53,98.53,98.53,98.53,98.53,98.53,102.61,102.61,102.61,102.61,102.61,102.61,102.61,102.61,102.90,102.90,102.90,102.90,103.69,103.69,103.69,103.69,103.69,103.69,103.69,103.69,103.69,103.69,103.69,104.61,104.61,104.61,104.61,104.61,104.61,104.61,104.61,104.61,104.61,104.61,104.61,105.90,105.90,105.90,105.90,105.90,105.90,105.90,105.90,105.90,105.90,105.90,105.90,107.02,107.02,107.02,107.02,107.02,107.02,107.02,107.02,107.02,107.02,107.02,107.02,107.02,107.32,101.32,101.32,101.32,101.32,101.32,101.32,101.32,101.32,101.32,101.32,101.32,101.32,101.32,101.85,101.85,101.85,101.85,101.85,101.85,101.85,101.85,101.85,102.20,102.20,102.20,102.20,102.20,106.00,106.00,106.00,106.00,106.00,106.00,107.00,107.00,107.05,107.05,107.05,107.05,105.29
Producto,0.000194447,08101264,ENVÍO DE PAQUETE,101.78,101.78,101.78,104.53,104.53,104.53,104.53,104.53,104.53,104.53,104.53,104.53,104.53,104.53,104.53,104.53,104.53,98.54,98.54,98.54,98.54,98.54,98.54,98.54,98.54,99.12,98.86,98.86,98.86,98.53,98.53,98.53,98.53,98.53,98.53,98.53,98.53,102.61,102.61,102.61,102.61,102.61,102.61,102.61,102.61,102.90,102.90,102.90,102.90,103.69,103.69,103.69,103.69,103.69,103.69,103.69,103.69,103.69,103.69,103.69,104.61,104.61,104.61,104.61,104.61,104.61,104.61,104.61,104.61,104.61,104.61,104.61,105.90,105.90,105.90,105.90,105.90,105.90,105.90,105.90,105.90,105.90,105.90,105.90,107.02,107.02,107.02,107.02,107.02,107.02,107.02,107.02,107.02,107.02,107.02,107.02,107.02,107.32,101.32,101.32,101.32,101.32,101.32,101.32,101.32,101.32,101.32,101.32,101.32,101.32,101.32,101.85,101.85,101.85,101.85,101.85,101.85,101.85,101.85,101.85,102.20,102.20,102.20,102.20,102.20,106.00,106.00,106.00,106.00,106.00,106.00,107.00,107.00,107.05,107.05,107.05,107.05,105.29
Grupo,0.003895254,082,Equipo telefónico y de facsímile,105.96,100.73,100.46,77.71,77.71,74.76,71.25,76.52,73.77,73.23,72.68,70.06,70.06,66.62,66.62,63.85,62.86,63.97,62.49,61.05,60.95,60.95,61.12,62.11,60.30,60.51,59.98,57.61,58.45,57.71,54.27,54.96,40.80,51.07,51.51,51.14,53.07,52.53,52.41,51.53,51.25,51.44,48.52,47.43,47.43,45.67,43.97,43.97,39.76,39.76,39.13,38.65,38.26,38.26,38.26,38.13,36.95,34.51,34.77,34.40,36.90,37.53,37.00,37.00,37.00,37.00,37.76,37.76,37.76,36.67,36.67,36.35,36.98,36.98,36.96,36.57,35.89,35.89,35.59,36.00,36.00,36.80,35.77,34.06,37.24,37.28,37.75,36.73,36.73,34.49,34.84,35.89,35.89,34.81,35.04,34.70,34.15,34.97,35.00,34.27,33.95,33.53,34.00,33.28,33.42,33.43,33.25,32.62,31.49,30.68,30.96,31.59,31.60,31.85,31.85,32.53,32.53,30.16,30.16,29.80,30.95,30.68,30.68,30.68,30.85,31.44,29.79,30.55,29.06,29.06,28.04,27.83,27.38,28.76,28.17,31.27,31.77,31.83
Clase,0.003895254,0820,Equipo telefónico y de facsímile (D),105.96,100.73,100.46,77.71,77.71,74.76,71.25,76.52,73.77,73.23,72.68,70.06,70.06,66.62,66.62,63.85,62.86,63.97,62.49,61.05,60.95,60.95,61.12,62.11,60.30,60.51,59.98,57.61,58.45,57.71,54.27,54.96,40.80,51.07,51.51,51.14,53.07,52.53,52.41,51.53,51.25,51.44,48.52,47.43,47.43,45.67,43.97,43.97,39.76,39.76,39.13,38.65,38.26,38.26,38.26,38.13,36.95,34.51,34.77,34.40,36.90,37.53,37.00,37.00,37.00,37.00,37.76,37.76,37.76,36.67,36.67,36.35,36.98,36.98,36.96,36.57,35.89,35.89,35.59,36.00,36.00,36.80,35.77,34.06,37.24,37.28,37.75,36.73,36.73,34.49,34.84,35.89,35.89,34.81,35.04,34.70,34.15,34.97,35.00,34.27,33.95,33.53,34.00,33.28,33.42,33.43,33.25,32.62,31.49,30.68,30.96,31.59,31.60,31.85,31.85,32.53,32.53,30.16,30.16,29.80,30.95,30.68,30.68,30.68,30.85,31.44,29.79,30.55,29.06,29.06,28.04,27.83,27.38,28.76,28.17,31.27,31.77,31.83
Subclase,0.003895254,08201,Equipo telefónico y de facsímile,105.96,100.73,100.46,77.71,77.71,74.76,71.25,76.52,73.77,73.23,72.68,70.06,70.06,66.62,66.62,63.85,62.86,63.97,62.49,61.05,60.95,60.95,61.12,62.11,60.30,60.51,59.98,57.61,58.45,57.71,54.27,54.96,40.80,51.07,51.51,51.14,53.07,52.53,52.41,51.53,51.25,51.44,48.52,47.43,47.43,45.67,43.97,43.97,39.76,39.76,39.13,38.65,38.26,38.26,38.26,38.13,36.95,34.51,34.77,34.40,36.90,37.53,37.00,37.00,37.00,37.00,37.76,37.76,37.76,36.67,36.67,36.35,36.98,36.98,36.96,36.57,35.89,35.89,35.59,36.00,36.00,36.80,35.77,34.06,37.24,37.28,37.75,36.73,36.73,34.49,34.84,35.89,35.89,34.81,35.04,34.70,34.15,34.97,35.00,34.27,33.95,33.53,34.00,33.28,33.42,33.43,33.25,32.62,31.49,30.68,30.96,31.59,31.60,31.85,31.85,32.53,32.53,30.16,30.16,29.80,30.95,30.68,30.68,30.68,30.85,31.44,29.79,30.55,29.06,29.06,28.04,27.83,27.38,28.76,28.17,31.27,31.77,31.83
Producto,0.003895254,08201265,TELÉFONO CELULAR,105.96,100.73,100.46,77.71,77.71,74.76,71.25,76.52,73.77,73.23,72.68,70.06,70.06,66.62,66.62,63.85,62.86,63.97,62.49,61.05,60.95,60.95,61.12,62.11,60.30,60.51,59.98,57.61,58.45,57.71,54.27,54.96,40.80,51.07,51.51,51.14,53.07,52.53,52.41,51.53,51.25,51.44,48.52,47.43,47.43,45.67,43.97,43.97,39.76,39.76,39.13,38.65,38.26,38.26,38.26,38.13,36.95,34.51,34.77,34.40,36.90,37.53,37.00,37.00,37.00,37.00,37.76,37.76,37.76,36.67,36.67,36.35,36.98,36.98,36.96,36.57,35.89,35.89,35.59,36.00,36.00,36.80,35.77,34.06,37.24,37.28,37.75,36.73,36.73,34.49,34.84,35.89,35.89,34.81,35.04,34.70,34.15,34.97,35.00,34.27,33.95,33.53,34.00,33.28,33.42,33.43,33.25,32.62,31.49,30.68,30.96,31.59,31.60,31.85,31.85,32.53,32.53,30.16,30.16,29.80,30.95,30.68,30.68,30.68,30.85,31.44,29.79,30.55,29.06,29.06,28.04,27.83,27.38,28.76,28.17,31.27,31.77,31.83
Grupo,0.043328184,083,Servicios telefónicos y de facsímile,96.11,96.11,96.02,96.20,96.20,96.20,96.51,96.47,96.47,96.46,96.46,96.46,96.46,96.46,96.48,96.48,96.48,98.25,98.25,98.26,98.29,98.29,98.23,98.23,98.23,98.29,98.66,98.66,98.66,97.92,97.45,97.45,97.56,97.56,97.56,97.56,97.91,98.05,98.05,98.05,98.05,98.05,98.05,98.05,98.05,98.05,98.05,98.05,98.05,98.05,98.05,98.05,98.40,98.40,98.40,98.40,97.93,98.00,98.00,98.13,98.59,98.66,98.66,98.66,99.31,99.31,99.23,99.23,99.23,99.26,99.26,99.26,99.26,99.32,99.72,99.51,99.51,99.51,99.77,99.56,99.56,100.08,97.57,94.93,94.52,95.27,95.45,95.45,95.46,95.46,95.41,95.41,95.26,95.91,95.91,94.97,94.97,94.48,93.81,94.21,94.74,94.74,94.74,93.81,93.81,93.81,93.81,93.81,93.81,93.95,94.00,95.13,95.80,95.80,96.61,96.61,96.95,96.91,96.91,96.30,96.30,96.43,96.43,96.43,96.43,96.43,96.94,97.75,97.75,97.75,97.88,98.02,98.02,98.08,98.08,98.08,98.15,98.08
Clase,0.043328184,0830,Servicios telefónicos y de facsímile (S),96.11,96.11,96.02,96.20,96.20,96.20,96.51,96.47,96.47,96.46,96.46,96.46,96.46,96.46,96.48,96.48,96.48,98.25,98.25,98.26,98.29,98.29,98.23,98.23,98.23,98.29,98.66,98.66,98.66,97.92,97.45,97.45,97.56,97.56,97.56,97.56,97.91,98.05,98.05,98.05,98.05,98.05,98.05,98.05,98.05,98.05,98.05,98.05,98.05,98.05,98.05,98.05,98.40,98.40,98.40,98.40,97.93,98.00,98.00,98.13,98.59,98.66,98.66,98.66,99.31,99.31,99.23,99.23,99.23,99.26,99.26,99.26,99.26,99.32,99.72,99.51,99.51,99.51,99.77,99.56,99.56,100.08,97.57,94.93,94.52,95.27,95.45,95.45,95.46,95.46,95.41,95.41,95.26,95.91,95.91,94.97,94.97,94.48,93.81,94.21,94.74,94.74,94.74,93.81,93.81,93.81,93.81,93.81,93.81,93.95,94.00,95.13,95.80,95.80,96.61,96.61,96.95,96.91,96.91,96.30,96.30,96.43,96.43,96.43,96.43,96.43,96.94,97.75,97.75,97.75,97.88,98.02,98.02,98.08,98.08,98.08,98.15,98.08
Subclase,0.028372936,08301,Servicios telefónicos,96.05,96.05,96.05,96.05,96.05,96.05,96.05,96.05,96.05,96.05,96.05,96.05,96.05,96.05,96.05,96.05,96.05,98.60,98.60,98.60,98.60,98.60,98.49,98.49,98.49,98.60,99.20,99.20,99.20,98.41,97.65,97.65,97.65,97.65,97.65,97.65,97.65,97.87,97.87,97.87,97.87,97.87,97.87,97.87,97.87,97.87,97.87,97.87,97.87,97.87,97.87,97.87,97.87,97.87,97.87,97.87,97.87,97.98,97.98,98.20,98.93,99.06,99.06,99.06,100.11,100.11,99.98,99.98,99.98,99.26,99.26,99.26,99.26,99.37,99.37,99.37,99.37,99.37,99.44,99.44,99.44,99.55,99.55,96.59,95.65,96.74,97.05,97.05,97.05,97.05,97.05,97.05,96.00,96.00,96.00,96.00,96.00,96.44,96.44,97.08,97.08,97.08,97.08,97.08,97.08,97.08,97.08,97.08,97.08,97.30,97.38,98.51,99.60,99.60,99.60,99.60,100.16,100.16,100.16,100.16,100.16,100.38,100.38,100.38,100.38,100.38,100.38,100.38,100.38,100.38,100.59,100.81,100.81,100.92,100.92,100.92,101.03,100.92
Producto,0.014233903,08301266,SERVICIO DE TELEFONÍA CELULAR,98.06,98.06,98.06,98.06,98.06,98.06,98.06,98.06,98.06,98.06,98.06,98.06,98.06,98.06,98.06,98.06,98.06,99.37,99.37,99.37,99.37,99.37,99.37,99.37,99.37,99.37,101.46,101.46,101.46,99.68,99.68,99.68,99.68,99.68,99.68,99.68,99.68,99.68,99.68,99.68,99.68,99.68,99.68,99.68,99.68,99.68,99.68,99.68,99.68,99.68,99.68,99.68,99.68,99.68,99.68,99.68,99.68,99.68,99.68,99.68,101.84,101.88,101.88,101.88,104.25,104.25,103.95,103.95,103.95,102.33,102.33,102.33,102.33,102.33,102.33,102.33,102.33,102.33,102.50,102.50,102.50,102.50,102.50,95.57,93.47,94.94,95.63,95.63,95.63,95.63,95.63,95.63,93.26,93.26,93.26,93.26,93.26,93.28,93.28,94.48,94.48,94.48,94.48,94.48,94.48,94.48,94.48,94.48,94.48,94.48,94.67,97.21,97.21,97.22,97.22,97.22,98.47,98.47,98.47,98.47,98.47,98.47,98.47,98.47,98.47,98.47,98.47,98.47,98.47,98.47,98.47,98.47,98.47,98.47,98.47,98.47,98.47,98.47
Producto,0.014139033,08301267,SERVICIO DE TELEFONÍA RESIDENCIAL,94.44,94.44,94.44,94.44,94.44,94.44,94.44,94.44,94.44,94.44,94.44,94.44,94.44,94.44,94.44,94.44,94.44,97.98,97.98,97.98,97.98,97.98,97.79,97.79,97.79,97.98,97.40,97.40,97.40,97.40,96.03,96.03,96.03,96.03,96.03,96.03,96.03,96.42,96.42,96.42,96.42,96.42,96.42,96.42,96.42,96.42,96.42,96.42,96.42,96.42,96.42,96.42,96.42,96.42,96.42,96.42,96.42,96.62,96.62,97.01,96.62,96.81,96.81,96.81,96.81,96.81,96.81,96.81,96.81,96.81,96.81,96.81,96.81,97.01,97.01,97.01,97.01,97.01,97.01,97.01,97.01,97.20,97.20,97.40,97.40,98.18,98.18,98.18,98.18,98.18,98.18,98.18,98.18,98.18,98.18,98.18,98.18,98.96,98.96,99.16,99.16,99.16,99.16,99.16,99.16,99.16,99.16,99.16,99.16,99.55,99.55,99.55,101.50,101.50,101.50,101.50,101.50,101.50,101.50,101.50,101.50,101.90,101.90,101.90,101.90,101.90,101.90,101.90,101.90,101.90,102.29,102.68,102.68,102.87,102.87,102.87,103.07,102.87
Subclase,0.014955248,08302,Servicios de alquiler de teléfono e internet,96.20,96.20,95.97,96.45,96.45,96.45,97.25,97.16,97.16,97.13,97.13,97.13,97.13,97.13,97.18,97.18,97.18,97.68,97.68,97.71,97.80,97.80,97.80,97.80,97.80,97.80,97.80,97.80,97.80,97.13,97.13,97.13,97.41,97.41,97.41,97.41,98.34,98.34,98.34,98.34,98.34,98.34,98.34,98.34,98.34,98.34,98.34,98.34,98.34,98.34,98.34,98.34,99.25,99.25,99.25,99.25,98.02,98.02,98.02,98.02,98.02,98.02,98.02,98.02,98.02,98.02,98.02,98.02,98.02,99.25,99.25,99.25,99.25,99.25,100.30,99.74,99.74,99.74,100.30,99.74,99.74,100.92,94.38,92.25,92.70,92.89,92.89,92.89,92.91,92.91,92.76,92.76,94.06,95.77,95.77,93.32,93.32,91.32,89.58,89.58,90.97,90.97,90.97,88.54,88.54,88.54,88.54,88.54,88.54,88.54,88.54,89.67,89.68,89.68,91.79,91.79,91.78,91.68,91.68,90.07,90.07,90.07,90.07,90.07,90.07,90.07,91.41,93.52,93.52,93.52,93.52,93.52,93.52,93.52,93.52,93.52,93.52,93.52
Producto,0.001101015,08302268,SERVICIO DE ALQUILER DE TELÉFONO,97.26,97.26,97.26,97.26,97.26,97.26,104.03,100.87,100.87,100.02,100.02,100.02,100.02,100.02,100.02,100.02,100.02,100.02,100.02,100.87,104.03,104.03,104.03,104.03,104.03,104.03,104.03,104.03,104.03,104.03,104.03,104.03,104.03,104.03,104.03,104.03,104.03,104.03,104.03,104.03,104.03,104.03,104.03,104.03,104.03,104.03,104.03,104.03,104.03,104.03,104.03,104.03,104.03,104.03,104.03,104.03,104.03,104.03,104.03,104.03,104.03,104.03,104.03,104.03,104.03,104.03,104.03,104.03,104.03,104.03,104.03,104.03,104.03,104.03,100.23,100.23,100.23,100.23,100.23,100.23,100.23,97.69,97.69,94.13,91.61,98.36,98.36,98.36,99.00,99.00,93.94,93.94,98.23,98.23,98.23,98.23,98.23,98.23,98.36,98.36,98.36,98.36,98.36,98.36,98.36,98.36,98.36,98.36,98.36,98.36,98.36,98.36,98.36,98.36,98.36,98.36,98.36,94.77,94.77,94.77,94.77,94.77,94.77,94.77,94.77,94.77,94.77,99.42,99.42,99.42,99.42,99.42,99.42,99.42,99.42,99.42,99.42,99.42
Producto,0.013854233,08302269,SERVICIO DE INTERNET,96.17,96.17,95.93,96.42,96.42,96.42,97.05,97.05,97.05,97.05,97.05,97.05,97.05,97.05,97.09,97.09,97.09,97.61,97.61,97.61,97.61,97.61,97.61,97.61,97.61,97.61,97.61,97.61,97.61,96.92,96.92,96.92,97.21,97.21,97.21,97.21,98.17,98.17,98.17,98.17,98.17,98.17,98.17,98.17,98.17,98.17,98.17,98.17,98.17,98.17,98.17,98.17,99.11,99.11,99.11,99.11,97.84,97.84,97.84,97.84,97.84,97.84,97.84,97.84,97.84,97.84,97.84,97.84,97.84,99.11,99.11,99.11,99.11,99.11,100.30,99.72,99.72,99.72,100.30,99.73,99.73,101.02,94.28,92.20,92.73,92.73,92.73,92.73,92.73,92.73,92.73,92.73,93.94,95.70,95.70,93.17,93.17,91.12,89.32,89.32,90.75,90.75,90.75,88.25,88.25,88.25,88.25,88.25,88.25,88.25,88.25,89.42,89.42,89.42,91.59,91.59,91.59,91.59,91.59,89.93,89.93,89.93,89.93,89.93,89.93,89.93,91.31,93.34,93.34,93.34,93.34,93.34,93.34,93.34,93.34,93.34,93.34,93.34
División,0.053029494,09,Recreación y cultura,98.01,98.45,98.30,100.09,100.41,100.97,101.04,101.81,100.60,101.30,100.92,100.67,100.29,99.84,99.53,100.15,98.63,100.04,99.84,98.63,99.81,98.95,99.55,98.91,100.79,98.22,98.38,98.22,99.17,96.71,97.98,97.06,96.32,95.46,94.73,95.26,94.88,95.16,95.34,94.75,96.02,95.39,95.30,95.46,94.75,94.24,93.83,94.06,93.78,93.69,93.36,93.31,94.06,94.14,93.70,93.62,92.56,93.12,92.20,93.02,92.97,92.71,91.93,92.06,91.97,93.10,92.90,92.62,91.96,92.62,92.40,92.56,93.66,93.28,92.90,92.70,92.97,92.77,93.14,93.51,94.33,93.80,94.14,92.52,92.60,92.16,91.74,92.32,91.33,91.51,91.34,91.64,91.45,92.35,91.75,91.59,91.70,94.52,91.02,90.08,90.41,91.10,92.07,92.24,91.95,91.94,91.81,91.73,91.43,92.22,94.18,91.23,91.12,92.99,93.68,91.61,93.92,92.26,92.54,92.94,92.72,92.45,92.80,91.72,92.85,91.92,91.40,92.08,93.52,91.32,90.60,90.64,91.64,91.71,93.87,92.76,93.53,94.61
Grupo,0.015074607,091,"Equipo audiovisual, fotográfico y de procesamiento de información",97.13,97.22,98.68,102.87,103.55,104.24,104.64,106.67,103.01,103.64,103.55,102.99,103.62,101.67,102.01,100.97,99.50,102.87,102.72,102.21,101.45,101.68,100.00,98.00,97.55,96.92,96.83,96.68,95.77,93.66,93.05,92.65,89.68,89.61,87.59,87.51,87.43,88.63,88.48,87.15,87.53,87.32,88.04,87.02,88.04,87.64,86.61,85.46,85.06,84.56,84.63,83.39,84.25,83.13,82.85,82.44,82.62,82.05,79.65,79.45,79.40,79.42,79.30,79.18,78.71,82.45,82.95,83.04,82.43,82.87,82.13,81.88,84.27,84.06,83.67,83.47,84.30,84.45,84.17,83.87,84.87,84.30,83.61,84.39,85.22,84.11,84.10,83.90,82.74,82.81,82.19,83.07,81.61,80.40,78.84,78.71,79.29,78.74,76.70,76.43,76.79,75.41,74.60,75.31,75.57,73.91,73.07,72.46,72.62,72.68,72.64,73.33,73.36,72.74,72.51,71.89,72.18,71.94,71.86,71.86,71.73,71.73,71.43,71.30,71.17,71.72,71.71,71.81,72.00,71.78,71.59,70.34,71.94,71.89,72.85,74.56,76.25,77.54
Clase,0.006460407,0911,"Equipo para la recepción, grabación y reproducción de sonidos e imágenes (D)",93.07,93.00,95.10,99.00,98.92,101.09,102.23,104.30,102.59,103.07,102.39,100.06,99.99,98.14,100.93,100.69,100.42,105.76,105.17,103.45,104.15,104.73,100.59,96.14,96.51,96.44,95.86,95.67,93.41,91.66,92.32,90.70,82.81,83.07,79.74,79.50,79.84,81.35,81.71,80.66,81.43,80.08,78.72,76.45,79.50,79.43,77.95,75.68,75.01,73.84,74.19,71.86,73.01,71.31,71.00,70.66,70.95,69.37,68.70,68.04,68.66,68.61,67.79,67.58,66.34,65.90,67.24,67.67,68.02,67.84,68.04,67.69,68.66,69.10,67.74,67.77,68.93,68.45,67.84,67.66,68.06,66.56,66.10,67.06,68.70,66.82,67.99,67.22,68.11,67.61,66.18,66.53,63.45,61.87,62.08,64.05,63.66,62.85,61.88,62.34,61.35,61.01,60.93,60.85,60.61,59.01,58.63,58.38,57.84,58.12,57.82,58.96,58.73,57.99,57.38,57.46,57.65,56.84,55.73,55.47,56.37,56.24,56.07,55.85,55.25,53.98,54.42,54.34,54.08,53.88,53.56,53.25,54.49,54.17,53.68,53.15,53.81,54.11
Subclase,0.006460407,09111,"Equipo para la recepción, grabación y reproducción de sonidos e imágenes",93.07,93.00,95.10,99.00,98.92,101.09,102.23,104.30,102.59,103.07,102.39,100.06,99.99,98.14,100.93,100.69,100.42,105.76,105.17,103.45,104.15,104.73,100.59,96.14,96.51,96.44,95.86,95.67,93.41,91.66,92.32,90.70,82.81,83.07,79.74,79.50,79.84,81.35,81.71,80.66,81.43,80.08,78.72,76.45,79.50,79.43,77.95,75.68,75.01,73.84,74.19,71.86,73.01,71.31,71.00,70.66,70.95,69.37,68.70,68.04,68.66,68.61,67.79,67.58,66.34,65.90,67.24,67.67,68.02,67.84,68.04,67.69,68.66,69.10,67.74,67.77,68.93,68.45,67.84,67.66,68.06,66.56,66.10,67.06,68.70,66.82,67.99,67.22,68.11,67.61,66.18,66.53,63.45,61.87,62.08,64.05,63.66,62.85,61.88,62.34,61.35,61.01,60.93,60.85,60.61,59.01,58.63,58.38,57.84,58.12,57.82,58.96,58.73,57.99,57.38,57.46,57.65,56.84,55.73,55.47,56.37,56.24,56.07,55.85,55.25,53.98,54.42,54.34,54.08,53.88,53.56,53.25,54.49,54.17,53.68,53.15,53.81,54.11
Producto,0.001768946,09111270,REPRODUCTOR DE SONIDO,84.18,85.38,87.94,85.37,87.00,90.67,90.67,90.22,90.22,96.07,94.68,96.64,96.35,89.43,90.42,91.28,91.27,98.13,96.72,91.24,92.18,92.18,92.18,86.14,93.15,93.15,95.91,94.85,92.15,89.93,89.70,90.75,83.65,84.75,84.28,84.28,84.62,83.39,85.49,86.63,85.94,85.94,83.41,84.77,85.39,85.36,85.36,81.81,79.71,80.74,81.02,78.52,81.60,80.09,80.80,80.80,84.02,81.53,78.74,76.54,78.21,78.50,76.33,75.55,72.26,73.83,77.72,78.98,80.17,81.41,81.41,81.41,81.51,82.38,81.82,82.09,82.16,79.94,78.63,78.06,79.34,75.59,78.52,78.61,82.50,80.51,80.51,83.90,81.77,79.76,79.01,79.76,78.22,78.22,78.22,88.22,84.13,84.26,83.47,84.13,83.30,82.52,82.52,81.85,81.06,80.00,78.77,79.33,78.82,78.82,78.82,81.03,81.46,78.53,77.21,77.21,77.21,77.21,77.21,76.31,77.52,77.52,77.52,77.52,74.49,74.33,76.34,76.34,76.34,76.34,75.63,74.83,75.83,75.31,73.68,73.68,75.74,75.74
Producto,0.000986934,09111271,REPRODUCTOR DE VIDEO,93.13,93.13,93.51,96.45,96.45,104.61,102.51,102.51,102.51,102.51,102.51,102.51,102.51,102.51,114.84,111.62,112.80,112.21,111.68,120.90,122.15,124.03,124.03,112.97,116.70,116.70,111.15,117.85,117.84,115.29,119.60,116.09,96.10,105.11,95.93,103.10,103.77,102.84,103.91,95.24,102.04,102.04,102.04,96.28,101.98,101.98,102.04,101.17,103.32,98.16,100.01,100.01,102.66,102.66,97.83,97.83,94.49,88.24,86.51,91.31,93.84,93.84,93.57,93.57,93.57,93.57,93.57,93.84,93.84,92.20,92.20,89.97,92.11,94.07,86.78,86.78,92.23,92.23,92.23,92.23,92.08,92.22,85.47,92.22,92.22,84.16,92.22,79.22,92.22,92.22,92.22,92.22,79.29,75.84,75.84,79.22,79.22,79.22,79.22,79.22,79.22,79.22,79.22,79.22,79.22,79.22,79.22,79.22,79.22,79.22,79.22,79.22,79.22,79.22,79.22,79.22,79.22,79.22,79.22,79.22,79.22,79.22,79.22,79.22,79.22,71.90,71.90,71.90,71.90,71.90,71.90,71.90,71.90,71.90,71.90,71.90,71.90,71.90
Producto,0.003704527,09111272,TELEVISOR,97.11,96.45,98.77,105.84,104.96,104.96,107.44,111.16,108.25,106.39,105.88,101.02,101.02,101.02,102.26,102.26,101.52,107.63,107.40,104.68,105.12,105.64,98.58,96.51,93.02,92.90,92.03,90.52,87.90,86.57,86.71,84.35,79.12,76.82,73.64,71.44,71.70,75.06,74.46,74.31,74.24,71.93,70.78,67.72,71.22,71.11,68.57,66.54,65.81,64.64,64.64,61.81,61.72,59.51,59.84,59.26,59.12,59.12,59.68,58.38,58.04,57.81,57.48,57.48,56.85,55.40,55.90,55.99,56.05,55.58,55.92,55.89,56.95,56.83,56.58,56.50,57.10,57.29,56.85,56.80,56.93,56.05,55.61,55.52,56.55,56.25,56.24,56.62,55.87,55.93,53.84,54.10,52.76,50.93,51.29,49.24,50.45,49.01,47.72,48.20,46.89,46.67,46.53,46.71,46.65,44.41,44.31,43.63,42.94,43.42,42.91,43.86,43.27,43.34,42.90,43.03,43.36,41.98,40.09,40.05,41.04,40.81,40.53,40.14,40.50,40.23,40.07,39.93,39.49,39.16,38.92,38.77,40.42,40.12,40.02,39.12,39.30,39.81
Clase,0.000849568,0912,Equipo fotográfico y cinematográfico e instrumentos ópticos (D),79.63,79.63,80.60,84.01,84.88,86.87,86.03,86.31,86.68,86.68,86.68,86.77,86.77,83.33,80.96,83.33,83.33,84.59,84.59,84.59,84.92,84.92,84.92,84.92,84.92,84.92,84.92,84.92,84.92,80.55,80.55,80.55,83.44,83.44,83.44,83.44,83.43,83.43,83.43,83.43,83.43,83.43,83.43,83.43,83.43,83.43,82.02,83.43,83.43,83.43,83.43,82.02,82.02,82.02,82.02,82.02,82.02,82.02,82.02,80.82,80.82,80.82,80.82,80.82,80.82,80.82,80.82,80.82,80.82,80.82,80.12,80.12,80.12,80.12,80.12,80.12,80.12,80.12,80.12,80.12,80.12,80.12,80.12,80.12,80.12,80.12,80.12,80.12,80.12,80.12,80.12,80.12,80.12,80.12,80.12,80.12,80.12,80.12,56.38,56.38,56.38,56.38,56.38,56.38,56.38,56.38,56.38,56.38,56.38,56.38,56.38,56.38,56.38,56.38,56.38,56.38,56.38,56.38,56.38,56.38,53.98,53.98,53.98,53.98,53.98,53.98,53.98,53.98,53.98,53.98,53.98,53.98,53.98,53.98,53.98,53.98,53.98,53.98
Subclase,0.000849568,09121,Equipos fotográficos ,79.63,79.63,80.60,84.01,84.88,86.87,86.03,86.31,86.68,86.68,86.68,86.77,86.77,83.33,80.96,83.33,83.33,84.59,84.59,84.59,84.92,84.92,84.92,84.92,84.92,84.92,84.92,84.92,84.92,80.55,80.55,80.55,83.44,83.44,83.44,83.44,83.43,83.43,83.43,83.43,83.43,83.43,83.43,83.43,83.43,83.43,82.02,83.43,83.43,83.43,83.43,82.02,82.02,82.02,82.02,82.02,82.02,82.02,82.02,80.82,80.82,80.82,80.82,80.82,80.82,80.82,80.82,80.82,80.82,80.82,80.12,80.12,80.12,80.12,80.12,80.12,80.12,80.12,80.12,80.12,80.12,80.12,80.12,80.12,80.12,80.12,80.12,80.12,80.12,80.12,80.12,80.12,80.12,80.12,80.12,80.12,80.12,80.12,56.38,56.38,56.38,56.38,56.38,56.38,56.38,56.38,56.38,56.38,56.38,56.38,56.38,56.38,56.38,56.38,56.38,56.38,56.38,56.38,56.38,56.38,53.98,53.98,53.98,53.98,53.98,53.98,53.98,53.98,53.98,53.98,53.98,53.98,53.98,53.98,53.98,53.98,53.98,53.98
Producto,0.000849568,09121273,CÁMARA FOTOGRÁFICA,79.63,79.63,80.60,84.01,84.88,86.87,86.03,86.31,86.68,86.68,86.68,86.77,86.77,83.33,80.96,83.33,83.33,84.59,84.59,84.59,84.92,84.92,84.92,84.92,84.92,84.92,84.92,84.92,84.92,80.55,80.55,80.55,83.44,83.44,83.44,83.44,83.43,83.43,83.43,83.43,83.43,83.43,83.43,83.43,83.43,83.43,82.02,83.43,83.43,83.43,83.43,82.02,82.02,82.02,82.02,82.02,82.02,82.02,82.02,80.82,80.82,80.82,80.82,80.82,80.82,80.82,80.82,80.82,80.82,80.82,80.12,80.12,80.12,80.12,80.12,80.12,80.12,80.12,80.12,80.12,80.12,80.12,80.12,80.12,80.12,80.12,80.12,80.12,80.12,80.12,80.12,80.12,80.12,80.12,80.12,80.12,80.12,80.12,56.38,56.38,56.38,56.38,56.38,56.38,56.38,56.38,56.38,56.38,56.38,56.38,56.38,56.38,56.38,56.38,56.38,56.38,56.38,56.38,56.38,56.38,53.98,53.98,53.98,53.98,53.98,53.98,53.98,53.98,53.98,53.98,53.98,53.98,53.98,53.98,53.98,53.98,53.98,53.98
Clase,0.005236871,0913,Equipo de procesamiento e información (D),101.39,101.70,102.97,107.11,108.48,108.41,108.77,111.67,103.46,104.63,105.18,105.83,105.99,103.31,101.66,97.59,97.72,101.11,101.14,101.40,98.79,98.71,98.32,97.45,96.12,93.25,93.60,93.37,92.30,89.25,87.02,87.27,86.69,86.44,85.45,85.67,85.13,85.97,85.02,85.18,85.39,86.31,89.45,89.11,88.82,87.88,86.98,86.67,86.17,86.15,86.00,86.13,87.14,86.20,85.87,85.13,85.51,85.56,80.00,80.31,79.60,79.63,80.12,80.02,80.01,90.08,90.08,89.91,89.53,90.84,88.83,88.53,94.01,93.08,93.38,92.89,94.25,95.19,95.02,94.43,94.14,94.96,93.36,93.81,94.09,92.99,91.98,90.86,87.53,86.63,86.68,88.20,87.32,85.64,81.65,79.50,81.38,80.74,80.53,79.48,80.20,76.98,75.15,77.09,77.99,75.22,73.43,72.13,72.18,72.13,72.34,72.69,72.98,72.23,72.24,70.63,71.19,71.41,71.33,71.67,70.94,71.09,70.46,70.34,70.66,73.33,73.34,73.66,74.00,73.74,73.56,70.67,72.89,73.02,75.98,80.93,84.61,87.63
Subclase,0.005236871,09131,Equipo de procesamiento de la información,101.39,101.70,102.97,107.11,108.48,108.41,108.77,111.67,103.46,104.63,105.18,105.83,105.99,103.31,101.66,97.59,97.72,101.11,101.14,101.40,98.79,98.71,98.32,97.45,96.12,93.25,93.60,93.37,92.30,89.25,87.02,87.27,86.69,86.44,85.45,85.67,85.13,85.97,85.02,85.18,85.39,86.31,89.45,89.11,88.82,87.88,86.98,86.67,86.17,86.15,86.00,86.13,87.14,86.20,85.87,85.13,85.51,85.56,80.00,80.31,79.60,79.63,80.12,80.02,80.01,90.08,90.08,89.91,89.53,90.84,88.83,88.53,94.01,93.08,93.38,92.89,94.25,95.19,95.02,94.43,94.14,94.96,93.36,93.81,94.09,92.99,91.98,90.86,87.53,86.63,86.68,88.20,87.32,85.64,81.65,79.50,81.38,80.74,80.53,79.48,80.20,76.98,75.15,77.09,77.99,75.22,73.43,72.13,72.18,72.13,72.34,72.69,72.98,72.23,72.24,70.63,71.19,71.41,71.33,71.67,70.94,71.09,70.46,70.34,70.66,73.33,73.34,73.66,74.00,73.74,73.56,70.67,72.89,73.02,75.98,80.93,84.61,87.63
Producto,0.002023796,09131274,COMPUTADORA ESCRITORIO,113.25,114.24,114.24,115.29,111.76,111.76,111.76,112.66,110.67,115.59,115.82,115.82,115.82,115.82,109.12,109.68,110.08,105.75,105.75,105.75,99.66,99.47,99.47,99.74,98.64,95.45,96.89,96.89,92.55,91.99,88.25,89.19,89.19,88.10,89.33,90.32,88.01,90.13,91.29,88.60,89.24,92.29,90.93,93.87,93.87,93.87,92.60,91.28,89.93,89.93,89.47,89.90,89.90,89.90,89.95,89.49,89.24,89.42,88.24,90.55,88.87,89.01,91.04,90.63,90.63,94.07,94.07,93.40,93.40,96.27,96.27,96.27,93.39,92.08,91.54,91.54,92.77,92.77,92.22,93.75,92.49,94.01,91.46,91.79,90.33,89.92,90.11,87.24,87.27,87.63,89.48,89.48,87.01,86.79,85.57,79.79,80.09,80.09,79.12,75.82,78.85,71.61,72.54,75.83,74.83,72.78,70.64,70.64,70.64,70.64,71.59,71.59,71.69,71.69,71.69,72.74,73.46,74.31,74.16,75.28,74.16,73.98,73.35,73.20,73.20,74.67,74.67,75.73,75.73,74.65,74.65,74.65,74.65,75.97,80.19,85.30,96.69,94.99
Producto,0.003009268,09131275,COMPUTADORA PORTÁTIL,97.76,97.76,99.47,104.16,106.23,106.23,106.70,110.40,100.01,100.01,100.69,101.57,101.57,97.97,97.96,92.61,92.61,98.62,98.62,98.98,97.39,97.39,96.91,95.63,94.21,91.38,91.38,91.38,91.38,87.69,85.89,85.89,85.39,85.39,83.59,83.59,83.59,84.10,82.43,83.59,83.59,83.91,88.77,87.32,87.07,85.68,84.97,84.97,84.73,84.73,84.73,84.71,86.09,84.88,84.54,83.64,84.25,84.25,77.04,76.72,76.40,76.40,76.40,76.40,76.40,88.96,88.96,88.96,88.43,89.06,85.99,85.70,94.11,93.24,93.85,93.23,94.76,95.94,95.94,94.58,94.58,95.07,93.56,94.05,95.32,93.94,92.49,91.89,87.31,86.11,85.56,87.69,87.25,85.02,79.95,79.03,81.49,80.75,80.75,80.57,80.57,78.62,75.92,77.47,79.06,76.04,74.30,72.52,72.52,72.52,72.52,73.00,73.36,72.27,72.27,69.76,70.41,70.36,70.36,70.36,69.75,70.02,69.39,69.39,69.86,73.02,73.02,73.02,73.53,73.53,73.29,69.42,72.44,72.16,74.88,79.94,81.28,85.95
Producto,0.000203807,09131276,IMPRESORA,95.47,97.65,98.11,112.64,134.52,132.36,132.79,132.79,127.42,127.30,127.30,127.30,132.25,130.52,129.19,119.76,121.06,122.48,123.51,123.51,123.51,122.67,121.33,121.07,120.04,118.73,118.67,111.74,110.98,103.90,103.27,103.99,97.21,97.61,98.24,97.74,98.08,96.93,96.62,95.59,97.27,95.78,93.57,94.09,90.67,93.04,90.33,90.57,90.67,89.88,88.89,90.11,90.40,88.46,85.45,86.31,86.31,86.31,85.46,85.08,82.77,82.77,82.77,82.77,82.39,85.71,85.71,85.71,85.71,90.60,97.45,94.59,96.07,97.00,96.49,95.38,93.70,96.19,95.29,96.02,96.31,99.59,102.71,103.36,94.32,94.32,94.32,94.32,94.32,90.94,90.94,90.37,91.06,91.16,90.69,88.00,88.52,85.17,85.98,82.21,81.91,79.74,76.89,77.90,77.18,74.96,74.54,74.30,75.93,74.31,73.64,73.86,73.94,75.50,75.62,74.60,71.98,73.45,72.00,74.20,73.72,73.74,72.91,70.39,69.76,70.41,70.68,72.76,71.85,71.85,71.60,69.51,70.06,70.49,69.61,71.01,70.05,70.94
Clase,0.002106327,0914,Medios para grabación (SD),102.01,102.01,102.43,108.54,109.29,107.85,107.12,107.27,107.27,107.27,106.92,107.21,111.19,111.19,111.92,115.00,106.84,106.61,106.95,107.12,106.55,106.84,106.84,106.72,106.27,110.50,110.50,110.50,112.80,113.10,113.10,113.82,113.67,113.20,110.49,110.04,110.04,112.15,112.14,105.43,106.08,105.68,105.68,105.36,105.36,105.36,105.12,103.15,103.45,103.06,103.06,100.84,101.09,100.30,100.05,100.05,99.53,99.53,99.53,99.53,99.53,99.70,99.70,99.64,99.64,99.64,99.64,99.64,95.70,95.70,95.29,95.29,95.13,95.03,94.98,94.88,94.40,94.17,94.17,94.17,100.59,98.42,99.07,100.74,101.01,101.14,100.78,104.13,103.81,107.37,107.19,107.06,107.21,107.36,106.71,106.52,106.52,106.52,106.65,106.37,109.40,109.33,108.84,108.80,108.80,108.77,108.76,108.65,110.94,110.82,110.72,111.02,111.07,111.15,111.12,110.93,110.93,110.77,113.17,112.99,112.84,112.80,112.80,112.80,112.80,112.69,112.88,112.88,112.96,112.96,112.96,112.84,112.76,112.86,112.86,112.77,112.90,112.97
Subclase,0.002106327,09141,Medios para grabación,102.01,102.01,102.43,108.54,109.29,107.85,107.12,107.27,107.27,107.27,106.92,107.21,111.19,111.19,111.92,115.00,106.84,106.61,106.95,107.12,106.55,106.84,106.84,106.72,106.27,110.50,110.50,110.50,112.80,113.10,113.10,113.82,113.67,113.20,110.49,110.04,110.04,112.15,112.14,105.43,106.08,105.68,105.68,105.36,105.36,105.36,105.12,103.15,103.45,103.06,103.06,100.84,101.09,100.30,100.05,100.05,99.53,99.53,99.53,99.53,99.53,99.70,99.70,99.64,99.64,99.64,99.64,99.64,95.70,95.70,95.29,95.29,95.13,95.03,94.98,94.88,94.40,94.17,94.17,94.17,100.59,98.42,99.07,100.74,101.01,101.14,100.78,104.13,103.81,107.37,107.19,107.06,107.21,107.36,106.71,106.52,106.52,106.52,106.65,106.37,109.40,109.33,108.84,108.80,108.80,108.77,108.76,108.65,110.94,110.82,110.72,111.02,111.07,111.15,111.12,110.93,110.93,110.77,113.17,112.99,112.84,112.80,112.80,112.80,112.80,112.69,112.88,112.88,112.96,112.96,112.96,112.84,112.76,112.86,112.86,112.77,112.90,112.97
Producto,0.000167303,09141277,MEMORY FLASH,85.44,85.44,85.86,85.44,90.44,90.44,85.59,86.54,86.54,86.54,84.20,86.16,81.58,81.58,81.58,86.32,84.88,83.40,83.40,83.40,79.56,81.51,81.51,80.73,77.66,77.66,77.66,77.66,77.66,79.19,79.19,79.19,79.19,77.70,74.67,71.62,71.62,74.00,73.91,72.01,69.43,66.70,66.70,64.60,64.60,64.60,62.94,60.97,62.94,60.34,60.34,60.34,60.09,54.84,53.17,53.17,49.68,49.68,49.68,49.68,49.68,50.80,50.80,50.37,50.43,50.43,50.43,50.43,50.43,50.43,47.66,47.66,46.62,45.92,45.60,44.92,41.71,40.19,40.19,40.19,41.88,41.68,40.36,40.58,42.42,43.30,43.77,42.31,40.19,39.17,38.00,37.12,38.14,39.14,34.78,33.51,33.51,33.51,34.38,32.53,31.82,31.32,28.04,27.81,27.81,27.58,27.52,26.80,27.19,26.40,25.73,24.81,25.14,25.64,25.47,24.20,24.15,26.05,26.01,24.81,23.84,23.55,23.55,23.55,23.55,22.83,24.07,24.07,24.61,24.61,24.61,23.82,23.30,23.98,23.98,23.35,24.23,24.72
Producto,0.001939024,09141278,DISPOSITIVOS DE ALMACENAMIENTO DE DATOS,104.92,104.92,105.34,112.60,112.60,110.90,110.90,110.90,110.90,110.90,110.90,110.90,116.38,116.38,117.25,120.04,110.69,110.69,111.09,111.29,111.29,111.29,111.29,111.29,111.29,116.26,116.26,116.26,118.97,119.05,119.05,119.90,119.73,119.43,116.78,116.78,116.78,118.85,118.85,111.30,112.52,112.52,112.52,112.52,112.52,112.52,112.52,110.56,110.56,110.56,110.56,107.96,108.29,108.29,108.29,108.29,108.29,108.29,108.29,108.29,108.29,108.29,108.29,108.29,108.29,108.29,108.29,108.29,103.65,103.65,103.65,103.65,103.65,103.65,103.65,103.65,103.65,103.65,103.65,103.65,110.90,108.38,109.38,111.30,111.30,111.30,110.79,114.99,114.99,119.34,119.34,119.34,119.34,119.34,119.34,119.34,119.34,119.34,119.34,119.34,123.02,123.02,123.02,123.02,123.02,123.02,123.02,123.02,125.64,125.64,125.64,126.16,126.16,126.16,126.16,126.16,126.16,125.64,128.47,128.47,128.47,128.47,128.47,128.47,128.47,128.47,128.47,128.47,128.47,128.47,128.47,128.47,128.47,128.47,128.47,128.47,128.47,128.47
Clase,0.000421434,0915,"Reparación de equipo audiovisual, fotográfico y de procesamiento de información (S)",109.67,109.67,112.19,112.19,112.19,112.19,112.19,116.35,121.66,121.66,121.66,121.66,121.66,121.66,121.66,121.66,113.75,114.96,114.96,114.96,117.60,117.60,117.60,117.60,117.60,112.14,112.14,112.14,112.14,111.15,111.15,111.15,111.15,111.15,111.15,111.15,111.15,111.15,114.58,114.58,111.15,111.15,111.15,111.15,111.15,111.15,111.15,111.15,111.15,111.15,111.15,111.15,111.15,111.15,111.15,111.15,111.15,111.15,111.15,111.15,111.15,111.15,111.15,111.15,111.15,111.15,111.15,111.15,111.15,111.15,113.93,113.93,111.15,111.15,111.15,111.15,109.07,109.07,109.07,109.07,109.07,109.07,109.07,109.07,111.80,111.80,111.80,112.43,106.30,109.07,105.95,113.20,113.20,113.20,113.20,113.20,113.20,113.20,113.20,113.20,113.20,113.20,113.20,113.20,113.20,113.20,113.20,113.20,113.20,113.20,113.20,116.69,116.69,113.70,113.70,113.70,113.70,113.70,113.70,113.70,113.70,113.70,113.70,113.70,112.73,112.73,104.42,104.42,110.35,108.38,108.38,108.38,120.40,120.40,120.40,120.40,120.40,120.40
Subclase,0.000421434,09151,Reparación de equipos audiovisuales ,109.67,109.67,112.19,112.19,112.19,112.19,112.19,116.35,121.66,121.66,121.66,121.66,121.66,121.66,121.66,121.66,113.75,114.96,114.96,114.96,117.60,117.60,117.60,117.60,117.60,112.14,112.14,112.14,112.14,111.15,111.15,111.15,111.15,111.15,111.15,111.15,111.15,111.15,114.58,114.58,111.15,111.15,111.15,111.15,111.15,111.15,111.15,111.15,111.15,111.15,111.15,111.15,111.15,111.15,111.15,111.15,111.15,111.15,111.15,111.15,111.15,111.15,111.15,111.15,111.15,111.15,111.15,111.15,111.15,111.15,113.93,113.93,111.15,111.15,111.15,111.15,109.07,109.07,109.07,109.07,109.07,109.07,109.07,109.07,111.80,111.80,111.80,112.43,106.30,109.07,105.95,113.20,113.20,113.20,113.20,113.20,113.20,113.20,113.20,113.20,113.20,113.20,113.20,113.20,113.20,113.20,113.20,113.20,113.20,113.20,113.20,116.69,116.69,113.70,113.70,113.70,113.70,113.70,113.70,113.70,113.70,113.70,113.70,113.70,112.73,112.73,104.42,104.42,110.35,108.38,108.38,108.38,120.40,120.40,120.40,120.40,120.40,120.40
Producto,0.000421434,09151279,REPARACIÓN DE EQUIPOS ELECTRÓNICOS,109.67,109.67,112.19,112.19,112.19,112.19,112.19,116.35,121.66,121.66,121.66,121.66,121.66,121.66,121.66,121.66,113.75,114.96,114.96,114.96,117.60,117.60,117.60,117.60,117.60,112.14,112.14,112.14,112.14,111.15,111.15,111.15,111.15,111.15,111.15,111.15,111.15,111.15,114.58,114.58,111.15,111.15,111.15,111.15,111.15,111.15,111.15,111.15,111.15,111.15,111.15,111.15,111.15,111.15,111.15,111.15,111.15,111.15,111.15,111.15,111.15,111.15,111.15,111.15,111.15,111.15,111.15,111.15,111.15,111.15,113.93,113.93,111.15,111.15,111.15,111.15,109.07,109.07,109.07,109.07,109.07,109.07,109.07,109.07,111.80,111.80,111.80,112.43,106.30,109.07,105.95,113.20,113.20,113.20,113.20,113.20,113.20,113.20,113.20,113.20,113.20,113.20,113.20,113.20,113.20,113.20,113.20,113.20,113.20,113.20,113.20,116.69,116.69,113.70,113.70,113.70,113.70,113.70,113.70,113.70,113.70,113.70,113.70,113.70,112.73,112.73,104.42,104.42,110.35,108.38,108.38,108.38,120.40,120.40,120.40,120.40,120.40,120.40
Grupo,0.000328915,092,Otros productos duraderos importantes para recreación y cultura,94.78,94.78,95.63,108.49,105.78,106.07,108.98,108.39,112.51,112.51,112.51,118.39,121.00,121.00,121.00,121.00,121.00,118.75,121.58,122.70,124.73,124.73,124.73,123.66,122.64,122.64,122.64,127.09,124.92,124.04,119.66,119.13,114.36,114.36,114.36,115.07,118.56,119.38,119.38,119.38,119.38,119.38,119.38,119.38,119.38,119.38,119.38,119.38,120.67,121.00,121.00,121.00,123.55,123.55,123.55,123.55,123.55,120.49,120.49,118.40,118.40,118.40,118.40,118.40,118.40,118.40,118.40,118.40,118.40,120.49,123.96,121.85,121.85,121.56,121.56,121.56,121.56,121.56,121.56,124.53,124.53,124.53,128.14,128.14,128.14,128.14,128.14,128.14,128.14,131.93,137.16,137.16,137.16,137.16,137.16,138.36,138.36,138.36,138.36,138.36,138.36,136.79,136.79,136.79,136.79,136.79,136.79,136.79,136.79,138.67,138.67,140.23,140.23,141.50,141.50,140.23,140.23,140.23,140.23,140.23,133.36,133.36,133.36,133.36,133.36,133.36,133.36,133.36,133.36,133.36,133.36,133.36,133.36,133.36,133.36,125.90,125.90,125.90
Clase,0.000328915,0922,Instrumentos musicales y equipos duraderos importantes para recreación en interiores (d),94.78,94.78,95.63,108.49,105.78,106.07,108.98,108.39,112.51,112.51,112.51,118.39,121.00,121.00,121.00,121.00,121.00,118.75,121.58,122.70,124.73,124.73,124.73,123.66,122.64,122.64,122.64,127.09,124.92,124.04,119.66,119.13,114.36,114.36,114.36,115.07,118.56,119.38,119.38,119.38,119.38,119.38,119.38,119.38,119.38,119.38,119.38,119.38,120.67,121.00,121.00,121.00,123.55,123.55,123.55,123.55,123.55,120.49,120.49,118.40,118.40,118.40,118.40,118.40,118.40,118.40,118.40,118.40,118.40,120.49,123.96,121.85,121.85,121.56,121.56,121.56,121.56,121.56,121.56,124.53,124.53,124.53,128.14,128.14,128.14,128.14,128.14,128.14,128.14,131.93,137.16,137.16,137.16,137.16,137.16,138.36,138.36,138.36,138.36,138.36,138.36,136.79,136.79,136.79,136.79,136.79,136.79,136.79,136.79,138.67,138.67,140.23,140.23,141.50,141.50,140.23,140.23,140.23,140.23,140.23,133.36,133.36,133.36,133.36,133.36,133.36,133.36,133.36,133.36,133.36,133.36,133.36,133.36,133.36,133.36,125.90,125.90,125.90
Subclase,0.000328915,09221,Instrumentos musicales y equipos duraderos importantes para recreación en interiores,94.78,94.78,95.63,108.49,105.78,106.07,108.98,108.39,112.51,112.51,112.51,118.39,121.00,121.00,121.00,121.00,121.00,118.75,121.58,122.70,124.73,124.73,124.73,123.66,122.64,122.64,122.64,127.09,124.92,124.04,119.66,119.13,114.36,114.36,114.36,115.07,118.56,119.38,119.38,119.38,119.38,119.38,119.38,119.38,119.38,119.38,119.38,119.38,120.67,121.00,121.00,121.00,123.55,123.55,123.55,123.55,123.55,120.49,120.49,118.40,118.40,118.40,118.40,118.40,118.40,118.40,118.40,118.40,118.40,120.49,123.96,121.85,121.85,121.56,121.56,121.56,121.56,121.56,121.56,124.53,124.53,124.53,128.14,128.14,128.14,128.14,128.14,128.14,128.14,131.93,137.16,137.16,137.16,137.16,137.16,138.36,138.36,138.36,138.36,138.36,138.36,136.79,136.79,136.79,136.79,136.79,136.79,136.79,136.79,138.67,138.67,140.23,140.23,141.50,141.50,140.23,140.23,140.23,140.23,140.23,133.36,133.36,133.36,133.36,133.36,133.36,133.36,133.36,133.36,133.36,133.36,133.36,133.36,133.36,133.36,125.90,125.90,125.90
Producto,0.000328915,09221280,GUITARRA,94.78,94.78,95.63,108.49,105.78,106.07,108.98,108.39,112.51,112.51,112.51,118.39,121.00,121.00,121.00,121.00,121.00,118.75,121.58,122.70,124.73,124.73,124.73,123.66,122.64,122.64,122.64,127.09,124.92,124.04,119.66,119.13,114.36,114.36,114.36,115.07,118.56,119.38,119.38,119.38,119.38,119.38,119.38,119.38,119.38,119.38,119.38,119.38,120.67,121.00,121.00,121.00,123.55,123.55,123.55,123.55,123.55,120.49,120.49,118.40,118.40,118.40,118.40,118.40,118.40,118.40,118.40,118.40,118.40,120.49,123.96,121.85,121.85,121.56,121.56,121.56,121.56,121.56,121.56,124.53,124.53,124.53,128.14,128.14,128.14,128.14,128.14,128.14,128.14,131.93,137.16,137.16,137.16,137.16,137.16,138.36,138.36,138.36,138.36,138.36,138.36,136.79,136.79,136.79,136.79,136.79,136.79,136.79,136.79,138.67,138.67,140.23,140.23,141.50,141.50,140.23,140.23,140.23,140.23,140.23,133.36,133.36,133.36,133.36,133.36,133.36,133.36,133.36,133.36,133.36,133.36,133.36,133.36,133.36,133.36,125.90,125.90,125.90
Grupo,0.006626741,093,"Otros artículos y equipo para recreación, jardines y animales domésticos",94.56,95.44,91.29,94.81,95.67,95.88,93.17,94.30,95.57,95.93,95.42,95.74,95.60,96.09,94.71,94.62,94.55,95.35,95.08,95.43,95.44,95.37,94.90,94.83,93.65,94.00,93.96,94.20,94.78,93.37,93.39,92.74,92.52,92.53,89.78,89.40,91.94,92.11,91.93,92.15,90.70,90.02,89.83,88.54,89.78,89.40,89.19,86.30,86.93,86.80,86.87,88.09,87.52,88.34,88.22,87.79,87.08,86.38,84.12,86.47,89.29,88.43,86.54,87.92,88.35,88.49,87.81,87.27,87.38,87.52,87.64,85.94,86.70,85.66,86.26,86.20,87.02,84.52,82.53,84.49,83.63,84.89,85.82,86.21,87.07,88.61,89.68,88.02,88.95,90.75,91.01,89.92,90.36,93.92,94.95,93.90,94.28,95.67,94.41,96.47,95.04,96.52,94.03,94.48,95.12,95.23,97.29,96.09,95.83,94.37,96.43,96.35,97.64,96.66,97.06,94.84,96.78,97.18,97.88,96.93,98.19,95.96,95.43,92.56,96.19,93.89,91.22,91.95,92.66,93.30,92.39,91.35,91.16,91.10,92.77,92.06,92.01,94.28
Clase,0.0022653,0931,Conservación y reparación de otros bienes duraderos importantes para recreación y cultura (S),96.45,96.45,91.57,91.57,91.57,91.57,91.35,92.52,95.73,96.62,95.81,96.40,96.40,96.20,95.69,95.32,95.25,95.21,95.03,94.47,94.47,94.27,93.02,92.84,92.97,92.84,92.70,92.07,91.77,91.10,90.95,90.51,89.31,89.31,86.35,87.50,87.41,87.27,87.17,87.27,84.36,83.75,83.75,83.27,84.27,83.95,84.64,78.67,78.88,78.57,78.16,78.16,77.32,77.23,76.92,76.92,76.85,77.87,74.21,74.38,74.15,74.15,74.15,74.15,74.15,74.15,73.93,73.51,73.16,73.67,73.86,73.91,73.83,73.91,73.83,73.83,73.24,72.88,72.37,72.27,71.74,72.21,72.05,72.05,72.05,72.05,71.76,71.76,71.75,70.82,70.41,70.08,70.41,71.35,71.20,71.88,71.88,71.64,71.66,71.57,71.18,71.31,71.30,71.11,71.11,71.76,71.87,71.79,71.79,71.20,71.20,70.78,71.16,70.68,70.71,70.46,70.46,72.12,72.10,71.09,70.84,70.77,70.47,70.14,71.33,71.42,71.28,71.20,71.20,72.74,70.41,68.88,68.48,68.28,68.21,68.05,68.11,70.36
Subclase,0.0022653,09311,"Juegos, juguetes y aficiones",96.45,96.45,91.57,91.57,91.57,91.57,91.35,92.52,95.73,96.62,95.81,96.40,96.40,96.20,95.69,95.32,95.25,95.21,95.03,94.47,94.47,94.27,93.02,92.84,92.97,92.84,92.70,92.07,91.77,91.10,90.95,90.51,89.31,89.31,86.35,87.50,87.41,87.27,87.17,87.27,84.36,83.75,83.75,83.27,84.27,83.95,84.64,78.67,78.88,78.57,78.16,78.16,77.32,77.23,76.92,76.92,76.85,77.87,74.21,74.38,74.15,74.15,74.15,74.15,74.15,74.15,73.93,73.51,73.16,73.67,73.86,73.91,73.83,73.91,73.83,73.83,73.24,72.88,72.37,72.27,71.74,72.21,72.05,72.05,72.05,72.05,71.76,71.76,71.75,70.82,70.41,70.08,70.41,71.35,71.20,71.88,71.88,71.64,71.66,71.57,71.18,71.31,71.30,71.11,71.11,71.76,71.87,71.79,71.79,71.20,71.20,70.78,71.16,70.68,70.71,70.46,70.46,72.12,72.10,71.09,70.84,70.77,70.47,70.14,71.33,71.42,71.28,71.20,71.20,72.74,70.41,68.88,68.48,68.28,68.21,68.05,68.11,70.36
Producto,0.000705567,09311281,JUGUETE,101.52,101.52,101.52,101.52,101.52,101.52,101.52,101.52,99.88,102.62,102.62,101.93,101.93,101.93,101.93,101.93,102.89,103.49,103.49,103.49,103.49,103.49,106.05,106.05,106.05,106.05,106.05,106.05,105.70,105.81,105.81,105.81,105.81,105.81,101.02,101.76,101.76,101.76,101.76,101.76,100.96,100.96,100.96,100.96,100.96,100.96,100.96,100.96,100.96,100.96,100.96,100.96,99.26,99.26,99.26,99.26,99.26,99.26,100.59,101.47,101.47,101.47,101.47,101.47,101.47,101.47,101.47,101.47,101.47,101.47,101.47,101.47,101.47,101.47,101.47,101.47,100.29,100.29,100.29,100.29,100.29,100.29,100.29,100.29,100.29,100.29,100.29,100.29,100.86,99.91,99.91,99.91,99.91,99.91,100.01,100.84,100.84,100.84,100.84,100.84,98.78,99.22,99.22,99.22,99.22,99.22,99.22,99.22,99.22,99.22,99.22,99.22,99.52,100.42,100.42,100.42,100.42,100.42,101.04,99.68,99.68,99.68,99.68,99.68,103.09,103.32,103.32,103.32,103.32,103.32,100.62,96.12,96.12,96.12,96.12,96.12,97.10,103.11
Producto,0.000513148,09311282,JUEGO ELECTRÓNICO,77.76,77.76,77.76,77.76,77.76,77.76,76.59,82.77,82.77,82.96,82.96,82.96,82.96,81.89,79.25,77.29,75.38,69.59,68.63,65.72,65.72,64.67,64.67,63.71,64.39,63.71,62.98,59.70,58.67,58.67,57.88,55.58,49.26,49.26,50.80,50.80,50.29,49.60,49.07,49.60,50.10,46.93,46.93,44.38,49.63,47.98,47.98,47.98,49.07,47.43,45.29,45.29,44.07,43.60,41.98,41.98,41.64,46.96,46.96,46.42,45.22,45.22,45.22,45.22,45.22,45.22,44.07,41.86,40.04,42.72,45.46,45.70,45.31,45.70,45.31,45.31,44.14,42.27,39.55,39.03,36.28,38.75,37.88,37.88,37.91,37.91,36.36,36.36,35.41,33.83,31.70,29.98,31.70,36.63,35.61,36.09,36.12,34.86,34.94,34.48,34.48,34.48,34.40,33.41,33.41,36.83,37.87,37.46,37.46,34.35,34.35,32.16,31.73,31.56,31.70,30.42,30.42,39.11,38.00,36.65,35.31,34.94,33.38,31.64,31.64,30.77,30.04,29.64,29.64,37.72,37.03,36.30,34.18,33.16,32.78,31.95,30.63,30.63
Producto,0.001046586,09311283,MUÑECA,100.45,100.45,90.70,90.70,90.70,90.70,90.70,90.70,98.12,98.12,96.50,98.12,98.12,98.12,98.12,98.12,98.12,99.86,99.86,99.86,99.86,99.86,95.79,95.79,95.79,95.79,95.79,95.79,95.79,94.39,94.39,94.39,94.39,94.39,90.85,92.69,92.69,92.69,92.69,92.69,87.17,87.17,87.17,87.17,87.17,87.17,88.54,76.64,76.64,76.64,76.64,76.64,76.46,76.46,76.46,76.46,76.46,76.46,68.33,68.33,68.33,68.33,68.33,68.33,68.33,68.33,68.33,68.33,68.33,68.33,67.67,67.67,67.67,67.67,67.67,67.67,67.66,67.66,67.66,67.66,67.66,67.66,67.66,67.66,67.66,67.66,67.66,67.66,67.66,66.98,66.98,66.98,66.98,66.98,67.00,67.66,67.66,67.66,67.66,67.66,68.15,68.15,68.15,68.15,68.15,68.15,67.97,67.97,67.97,67.97,67.97,67.97,68.70,67.26,67.26,67.26,67.26,67.26,67.26,66.60,66.60,66.60,66.60,66.60,66.88,67.24,67.24,67.24,67.24,67.24,64.52,64.52,64.52,64.52,64.52,64.52,64.52,65.33
Clase,0.00052484,0932,"Equipo de deportes, campamentos y recreación al aire libre (SD)",99.80,100.14,99.80,101.20,104.13,104.13,108.17,108.15,108.83,109.19,106.01,107.47,106.76,107.36,108.09,108.93,108.20,114.94,114.16,114.42,114.47,114.47,114.66,114.66,114.66,112.54,114.66,114.66,114.66,106.61,112.83,112.72,112.73,112.73,112.30,111.15,113.72,113.30,113.49,113.49,112.82,113.59,111.80,112.09,112.09,111.25,104.44,106.85,112.35,111.02,111.02,111.02,111.35,108.09,108.09,108.33,110.18,110.04,110.04,111.05,111.05,111.05,111.05,111.05,111.05,111.05,110.87,107.49,108.78,108.78,108.78,108.78,108.78,108.78,108.78,108.78,110.94,110.94,110.94,110.94,110.94,110.94,109.83,111.50,107.53,113.02,112.27,112.27,106.67,106.19,106.19,111.08,108.19,109.87,111.85,110.10,111.58,113.58,114.20,113.91,113.45,111.39,111.39,112.56,113.00,113.00,114.42,113.09,112.83,112.83,111.57,103.81,104.74,104.74,104.93,106.38,107.10,107.10,107.51,108.35,107.87,107.87,106.64,106.64,106.64,104.55,102.88,102.88,102.88,96.84,101.40,100.26,94.89,99.17,100.34,100.34,100.34,101.56
Subclase,0.00052484,09321,"Equipo de deportes, campamentos y recreación al aire libre",99.80,100.14,99.80,101.20,104.13,104.13,108.17,108.15,108.83,109.19,106.01,107.47,106.76,107.36,108.09,108.93,108.20,114.94,114.16,114.42,114.47,114.47,114.66,114.66,114.66,112.54,114.66,114.66,114.66,106.61,112.83,112.72,112.73,112.73,112.30,111.15,113.72,113.30,113.49,113.49,112.82,113.59,111.80,112.09,112.09,111.25,104.44,106.85,112.35,111.02,111.02,111.02,111.35,108.09,108.09,108.33,110.18,110.04,110.04,111.05,111.05,111.05,111.05,111.05,111.05,111.05,110.87,107.49,108.78,108.78,108.78,108.78,108.78,108.78,108.78,108.78,110.94,110.94,110.94,110.94,110.94,110.94,109.83,111.50,107.53,113.02,112.27,112.27,106.67,106.19,106.19,111.08,108.19,109.87,111.85,110.10,111.58,113.58,114.20,113.91,113.45,111.39,111.39,112.56,113.00,113.00,114.42,113.09,112.83,112.83,111.57,103.81,104.74,104.74,104.93,106.38,107.10,107.10,107.51,108.35,107.87,107.87,106.64,106.64,106.64,104.55,102.88,102.88,102.88,96.84,101.40,100.26,94.89,99.17,100.34,100.34,100.34,101.56
Producto,0.000249881,09321284,BALÓN DEPORTIVO,100.84,101.39,100.84,101.39,104.70,104.70,111.17,111.15,112.24,112.80,110.42,112.77,111.62,111.62,112.79,114.13,112.97,123.55,122.28,122.71,122.78,122.78,123.08,123.08,123.08,123.08,123.08,123.08,123.08,119.26,121.27,121.27,121.27,121.27,120.59,120.59,122.09,121.42,121.72,121.72,120.66,123.24,120.36,120.84,120.84,119.49,116.42,118.48,119.16,119.16,119.16,119.16,119.68,119.30,119.30,119.68,117.80,117.59,117.59,118.65,118.65,118.65,118.65,118.65,118.65,118.65,118.36,112.94,115.01,115.01,115.01,115.01,115.01,115.01,115.01,115.01,118.47,118.47,118.47,118.47,118.47,118.47,118.47,121.15,114.78,122.38,122.38,122.38,118.66,117.88,117.88,121.68,119.87,121.86,124.21,121.39,122.85,122.85,123.85,123.38,122.65,122.65,122.65,122.44,123.40,123.40,124.19,124.19,124.19,124.19,124.19,111.13,112.05,112.05,112.05,112.05,112.06,112.06,112.06,113.62,113.62,113.62,111.64,111.64,111.64,108.30,108.30,108.30,108.30,105.94,105.94,105.94,105.94,105.94,107.81,107.81,107.81,109.76
Producto,0.000274959,09321285,MÁQUINA DE EJERCICIO,98.06,98.06,98.06,100.87,103.17,103.17,103.17,103.17,103.17,103.17,98.67,98.67,98.67,100.28,100.28,100.28,100.28,100.64,100.64,100.64,100.64,100.64,100.64,100.64,100.64,95.01,100.64,100.64,100.64,85.56,98.80,98.51,98.51,98.51,98.51,95.43,99.79,99.79,99.79,99.79,99.79,97.55,97.55,97.55,97.55,97.55,84.50,87.51,101.02,97.48,97.48,97.48,97.49,89.44,89.44,89.44,97.50,97.50,97.50,98.41,98.41,98.41,98.41,98.41,98.41,98.41,98.41,98.41,98.41,98.41,98.41,98.41,98.41,98.41,98.41,98.41,98.41,98.41,98.41,98.41,98.41,98.41,95.46,95.46,95.46,97.46,95.46,95.46,86.73,86.73,86.73,93.43,88.78,89.94,91.31,91.31,92.83,98.16,98.16,98.16,98.16,92.66,92.66,96.11,95.71,95.71,98.16,94.62,93.94,93.94,90.56,91.62,92.59,92.59,93.08,96.94,98.85,98.85,99.93,99.59,98.31,98.31,98.31,98.31,98.31,98.31,93.87,93.87,93.87,81.72,93.87,90.81,76.51,87.91,87.91,87.91,87.91,87.91
Clase,0.00034131,0933,"Jardines, plantas y flores (ND)",79.22,79.22,71.53,74.79,76.23,76.23,72.10,72.10,72.10,72.10,72.10,72.10,71.05,76.94,71.05,71.05,71.05,71.60,71.60,71.87,71.98,71.98,71.98,71.98,71.89,77.43,72.51,74.22,85.03,76.94,76.85,72.66,75.36,75.40,76.29,76.94,72.14,74.90,73.15,75.23,80.75,75.23,74.45,71.41,71.55,69.27,68.94,70.28,69.13,71.60,71.50,69.79,70.99,66.72,66.72,66.14,69.26,70.00,68.00,68.00,69.95,70.20,64.73,69.30,68.09,63.59,69.52,67.75,67.91,69.84,68.35,67.91,68.07,64.80,62.73,62.04,62.64,66.91,63.31,62.78,62.11,58.43,58.17,61.20,61.20,61.20,61.20,61.86,66.53,65.56,61.91,62.67,62.25,59.06,56.18,58.49,60.58,61.30,68.81,61.30,67.90,61.30,56.08,56.08,57.17,58.30,59.33,59.33,59.33,60.42,61.42,59.58,68.35,59.48,59.48,60.04,61.90,60.04,58.39,58.39,58.39,63.48,79.44,58.70,78.66,59.38,59.45,59.38,58.30,63.24,60.93,57.72,61.22,64.72,66.56,66.56,68.29,68.29
Subclase,0.00034131,09331,"Jardines, plantas y flores",79.22,79.22,71.53,74.79,76.23,76.23,72.10,72.10,72.10,72.10,72.10,72.10,71.05,76.94,71.05,71.05,71.05,71.60,71.60,71.87,71.98,71.98,71.98,71.98,71.89,77.43,72.51,74.22,85.03,76.94,76.85,72.66,75.36,75.40,76.29,76.94,72.14,74.90,73.15,75.23,80.75,75.23,74.45,71.41,71.55,69.27,68.94,70.28,69.13,71.60,71.50,69.79,70.99,66.72,66.72,66.14,69.26,70.00,68.00,68.00,69.95,70.20,64.73,69.30,68.09,63.59,69.52,67.75,67.91,69.84,68.35,67.91,68.07,64.80,62.73,62.04,62.64,66.91,63.31,62.78,62.11,58.43,58.17,61.20,61.20,61.20,61.20,61.86,66.53,65.56,61.91,62.67,62.25,59.06,56.18,58.49,60.58,61.30,68.81,61.30,67.90,61.30,56.08,56.08,57.17,58.30,59.33,59.33,59.33,60.42,61.42,59.58,68.35,59.48,59.48,60.04,61.90,60.04,58.39,58.39,58.39,63.48,79.44,58.70,78.66,59.38,59.45,59.38,58.30,63.24,60.93,57.72,61.22,64.72,66.56,66.56,68.29,68.29
Producto,0.00034131,09331286,FLORES,79.22,79.22,71.53,74.79,76.23,76.23,72.10,72.10,72.10,72.10,72.10,72.10,71.05,76.94,71.05,71.05,71.05,71.60,71.60,71.87,71.98,71.98,71.98,71.98,71.89,77.43,72.51,74.22,85.03,76.94,76.85,72.66,75.36,75.40,76.29,76.94,72.14,74.90,73.15,75.23,80.75,75.23,74.45,71.41,71.55,69.27,68.94,70.28,69.13,71.60,71.50,69.79,70.99,66.72,66.72,66.14,69.26,70.00,68.00,68.00,69.95,70.20,64.73,69.30,68.09,63.59,69.52,67.75,67.91,69.84,68.35,67.91,68.07,64.80,62.73,62.04,62.64,66.91,63.31,62.78,62.11,58.43,58.17,61.20,61.20,61.20,61.20,61.86,66.53,65.56,61.91,62.67,62.25,59.06,56.18,58.49,60.58,61.30,68.81,61.30,67.90,61.30,56.08,56.08,57.17,58.30,59.33,59.33,59.33,60.42,61.42,59.58,68.35,59.48,59.48,60.04,61.90,60.04,58.39,58.39,58.39,63.48,79.44,58.70,78.66,59.38,59.45,59.38,58.30,63.24,60.93,57.72,61.22,64.72,66.56,66.56,68.29,68.29
Clase,0.00272417,0934,Animales domésticos y productos conexos (ND),93.47,95.97,91.41,98.46,100.02,101.48,94.13,96.14,96.14,96.14,96.14,96.14,96.14,96.14,96.14,96.14,96.14,97.10,96.68,98.19,98.19,98.19,98.19,98.19,94.62,94.73,95.67,96.60,95.77,96.06,95.13,94.84,94.84,94.84,89.97,87.61,94.84,94.84,94.84,94.84,94.84,94.84,94.84,92.35,94.84,94.84,94.84,92.22,93.10,92.65,91.70,92.12,91.01,95.24,95.24,95.24,92.07,88.73,85.57,92.06,98.58,96.00,91.91,94.75,96.32,97.92,94.65,94.65,95.06,94.41,94.92,90.02,92.27,90.02,92.42,92.42,94.92,86.86,85.20,91.20,89.45,93.57,94.13,94.13,94.13,97.58,101.19,96.17,98.72,101.19,103.37,99.43,101.01,109.07,112.63,113.92,111.11,114.89,109.06,117.24,111.84,117.24,109.54,110.84,112.34,113.46,116.99,113.84,114.95,111.06,117.05,118.90,119.76,119.76,122.11,115.46,120.50,120.31,120.31,120.31,122.00,114.24,109.02,106.49,110.51,109.18,104.17,106.40,108.75,108.75,108.43,108.17,108.17,106.47,108.37,106.48,105.82,109.69
Subclase,0.00272417,09341,Animales domésticos y productos para mascotas,93.47,95.97,91.41,98.46,100.02,101.48,94.13,96.14,96.14,96.14,96.14,96.14,96.14,96.14,96.14,96.14,96.14,97.10,96.68,98.19,98.19,98.19,98.19,98.19,94.62,94.73,95.67,96.60,95.77,96.06,95.13,94.84,94.84,94.84,89.97,87.61,94.84,94.84,94.84,94.84,94.84,94.84,94.84,92.35,94.84,94.84,94.84,92.22,93.10,92.65,91.70,92.12,91.01,95.24,95.24,95.24,92.07,88.73,85.57,92.06,98.58,96.00,91.91,94.75,96.32,97.92,94.65,94.65,95.06,94.41,94.92,90.02,92.27,90.02,92.42,92.42,94.92,86.86,85.20,91.20,89.45,93.57,94.13,94.13,94.13,97.58,101.19,96.17,98.72,101.19,103.37,99.43,101.01,109.07,112.63,113.92,111.11,114.89,109.06,117.24,111.84,117.24,109.54,110.84,112.34,113.46,116.99,113.84,114.95,111.06,117.05,118.90,119.76,119.76,122.11,115.46,120.50,120.31,120.31,120.31,122.00,114.24,109.02,106.49,110.51,109.18,104.17,106.40,108.75,108.75,108.43,108.17,108.17,106.47,108.37,106.48,105.82,109.69
Producto,0.00272417,09341287,ALIMENTO PREPARADO PARA MASCOTAS,93.47,95.97,91.41,98.46,100.02,101.48,94.13,96.14,96.14,96.14,96.14,96.14,96.14,96.14,96.14,96.14,96.14,97.10,96.68,98.19,98.19,98.19,98.19,98.19,94.62,94.73,95.67,96.60,95.77,96.06,95.13,94.84,94.84,94.84,89.97,87.61,94.84,94.84,94.84,94.84,94.84,94.84,94.84,92.35,94.84,94.84,94.84,92.22,93.10,92.65,91.70,92.12,91.01,95.24,95.24,95.24,92.07,88.73,85.57,92.06,98.58,96.00,91.91,94.75,96.32,97.92,94.65,94.65,95.06,94.41,94.92,90.02,92.27,90.02,92.42,92.42,94.92,86.86,85.20,91.20,89.45,93.57,94.13,94.13,94.13,97.58,101.19,96.17,98.72,101.19,103.37,99.43,101.01,109.07,112.63,113.92,111.11,114.89,109.06,117.24,111.84,117.24,109.54,110.84,112.34,113.46,116.99,113.84,114.95,111.06,117.05,118.90,119.76,119.76,122.11,115.46,120.50,120.31,120.31,120.31,122.00,114.24,109.02,106.49,110.51,109.18,104.17,106.40,108.75,108.75,108.43,108.17,108.17,106.47,108.37,106.48,105.82,109.69
Clase,0.000771121,0935,Servicios de veterinaria y de otro tipo para animales domésticos (S),100.31,100.31,100.31,106.25,106.25,103.87,103.87,103.87,103.87,103.87,103.87,103.87,103.87,103.87,98.06,98.06,98.06,98.06,98.06,98.06,98.06,98.06,98.06,98.06,98.06,98.06,98.06,98.06,98.06,98.06,98.06,98.06,98.06,98.06,98.06,98.06,101.09,101.09,101.09,101.09,94.48,94.48,94.48,94.48,94.48,94.48,94.48,94.48,94.48,94.48,99.12,109.32,109.32,109.32,109.32,106.05,106.05,106.05,109.32,109.32,113.46,113.46,113.46,113.46,113.46,113.46,113.46,113.46,113.46,113.46,113.46,113.46,113.46,113.46,113.46,113.46,113.46,113.46,106.05,106.05,106.05,106.05,113.46,113.46,122.71,122.71,122.71,122.71,122.71,134.49,134.49,134.49,134.49,139.59,139.59,124.36,133.05,133.05,133.05,133.05,133.05,135.59,140.73,140.73,140.73,135.59,140.73,140.73,135.59,135.59,135.59,136.51,136.51,136.51,133.05,133.05,133.05,133.05,139.95,134.84,141.46,141.46,141.46,141.46,141.46,141.46,134.84,134.84,134.84,134.84,134.84,134.84,134.84,134.84,141.46,141.46,141.46,141.46
Subclase,0.000771121,09351,Servicios de veterinario,100.31,100.31,100.31,106.25,106.25,103.87,103.87,103.87,103.87,103.87,103.87,103.87,103.87,103.87,98.06,98.06,98.06,98.06,98.06,98.06,98.06,98.06,98.06,98.06,98.06,98.06,98.06,98.06,98.06,98.06,98.06,98.06,98.06,98.06,98.06,98.06,101.09,101.09,101.09,101.09,94.48,94.48,94.48,94.48,94.48,94.48,94.48,94.48,94.48,94.48,99.12,109.32,109.32,109.32,109.32,106.05,106.05,106.05,109.32,109.32,113.46,113.46,113.46,113.46,113.46,113.46,113.46,113.46,113.46,113.46,113.46,113.46,113.46,113.46,113.46,113.46,113.46,113.46,106.05,106.05,106.05,106.05,113.46,113.46,122.71,122.71,122.71,122.71,122.71,134.49,134.49,134.49,134.49,139.59,139.59,124.36,133.05,133.05,133.05,133.05,133.05,135.59,140.73,140.73,140.73,135.59,140.73,140.73,135.59,135.59,135.59,136.51,136.51,136.51,133.05,133.05,133.05,133.05,139.95,134.84,141.46,141.46,141.46,141.46,141.46,141.46,134.84,134.84,134.84,134.84,134.84,134.84,134.84,134.84,141.46,141.46,141.46,141.46
Producto,0.000771121,09351288,GASTO EN MÉDICO VETERINARIO,100.31,100.31,100.31,106.25,106.25,103.87,103.87,103.87,103.87,103.87,103.87,103.87,103.87,103.87,98.06,98.06,98.06,98.06,98.06,98.06,98.06,98.06,98.06,98.06,98.06,98.06,98.06,98.06,98.06,98.06,98.06,98.06,98.06,98.06,98.06,98.06,101.09,101.09,101.09,101.09,94.48,94.48,94.48,94.48,94.48,94.48,94.48,94.48,94.48,94.48,99.12,109.32,109.32,109.32,109.32,106.05,106.05,106.05,109.32,109.32,113.46,113.46,113.46,113.46,113.46,113.46,113.46,113.46,113.46,113.46,113.46,113.46,113.46,113.46,113.46,113.46,113.46,113.46,106.05,106.05,106.05,106.05,113.46,113.46,122.71,122.71,122.71,122.71,122.71,134.49,134.49,134.49,134.49,139.59,139.59,124.36,133.05,133.05,133.05,133.05,133.05,135.59,140.73,140.73,140.73,135.59,140.73,140.73,135.59,135.59,135.59,136.51,136.51,136.51,133.05,133.05,133.05,133.05,139.95,134.84,141.46,141.46,141.46,141.46,141.46,141.46,134.84,134.84,134.84,134.84,134.84,134.84,134.84,134.84,141.46,141.46,141.46,141.46
Grupo,0.01443332,094,Servicios de recreación y culturales,101.77,102.06,101.94,101.94,102.10,103.82,104.75,104.75,106.18,106.39,106.39,104.34,104.34,104.34,104.75,108.19,103.85,104.77,105.73,102.29,106.30,102.87,106.33,102.89,113.90,104.06,106.28,106.28,109.74,103.69,109.33,106.32,109.39,105.48,106.38,106.38,106.79,105.07,104.61,103.96,108.16,107.30,105.30,109.48,106.57,107.05,107.08,107.05,107.89,108.30,106.76,106.76,108.49,108.49,108.33,108.33,105.41,110.58,110.58,110.29,110.37,108.64,108.75,108.75,108.75,108.75,107.71,106.77,107.71,110.11,109.21,109.74,109.68,109.68,109.62,109.33,109.38,109.38,109.51,109.77,109.77,108.03,108.85,101.53,102.14,100.57,100.57,102.01,100.57,99.31,98.05,97.57,98.02,101.28,101.50,101.09,101.35,112.47,101.86,98.24,98.92,102.17,105.68,105.68,105.83,105.83,105.83,105.83,105.47,107.03,114.16,103.22,101.52,110.58,112.95,107.05,113.54,107.25,107.55,107.55,107.73,107.73,110.47,108.03,110.87,107.38,105.94,107.38,114.03,106.05,104.17,104.37,104.70,104.77,110.89,105.00,107.51,107.61
Clase,0.003092437,0941,Servicios de recreación y deportivos (S),127.97,129.18,129.18,129.18,129.18,136.38,137.05,137.05,143.73,143.73,143.73,135.20,135.20,135.20,136.89,151.29,133.13,133.92,137.93,123.54,140.29,124.74,139.21,124.81,170.85,127.57,139.31,139.31,152.52,128.95,152.52,139.95,152.79,136.46,140.22,140.22,139.81,132.61,132.61,122.40,136.20,132.61,124.27,141.73,129.58,131.58,131.68,131.58,131.96,131.85,125.39,125.39,132.63,132.63,131.97,131.97,119.77,141.37,141.37,140.17,140.48,133.28,133.73,133.73,133.73,133.73,133.73,133.73,133.73,139.43,135.63,137.86,137.61,137.61,137.37,136.13,136.37,136.37,136.89,137.97,137.97,137.97,141.41,141.41,140.32,133.75,133.75,139.77,133.75,134.36,133.55,134.28,136.16,149.77,149.77,148.07,149.14,195.61,149.71,134.60,137.42,151.04,151.04,151.04,151.68,151.68,151.68,151.68,150.17,152.54,199.01,136.79,140.13,167.56,174.26,149.20,176.31,150.02,150.02,150.02,150.77,150.77,162.24,152.06,163.91,149.33,143.31,149.33,177.10,143.78,135.91,136.74,138.14,138.41,164.01,139.39,150.28,150.28
Subclase,0.003092437,09411,Servicio de recreación y deportivos,127.97,129.18,129.18,129.18,129.18,136.38,137.05,137.05,143.73,143.73,143.73,135.20,135.20,135.20,136.89,151.29,133.13,133.92,137.93,123.54,140.29,124.74,139.21,124.81,170.85,127.57,139.31,139.31,152.52,128.95,152.52,139.95,152.79,136.46,140.22,140.22,139.81,132.61,132.61,122.40,136.20,132.61,124.27,141.73,129.58,131.58,131.68,131.58,131.96,131.85,125.39,125.39,132.63,132.63,131.97,131.97,119.77,141.37,141.37,140.17,140.48,133.28,133.73,133.73,133.73,133.73,133.73,133.73,133.73,139.43,135.63,137.86,137.61,137.61,137.37,136.13,136.37,136.37,136.89,137.97,137.97,137.97,141.41,141.41,140.32,133.75,133.75,139.77,133.75,134.36,133.55,134.28,136.16,149.77,149.77,148.07,149.14,195.61,149.71,134.60,137.42,151.04,151.04,151.04,151.68,151.68,151.68,151.68,150.17,152.54,199.01,136.79,140.13,167.56,174.26,149.20,176.31,150.02,150.02,150.02,150.77,150.77,162.24,152.06,163.91,149.33,143.31,149.33,177.10,143.78,135.91,136.74,138.14,138.41,164.01,139.39,150.28,150.28
Producto,0.000644939,09411289,ENTRADA A ESTADIOS DEPORTIVOS,360.29,360.29,360.29,360.29,360.29,432.35,432.35,432.35,499.24,499.24,499.24,432.35,432.35,432.35,432.35,576.47,394.68,394.68,432.35,288.24,455.74,288.24,432.35,288.24,720.59,288.24,432.35,432.35,558.17,322.26,558.17,432.35,558.17,394.68,432.35,432.35,432.35,360.29,360.29,288.24,426.31,360.29,360.29,509.53,360.29,360.29,360.29,360.29,360.29,426.31,360.29,360.29,360.29,360.29,360.29,360.29,216.18,432.35,432.35,432.35,432.35,360.29,360.29,360.29,360.29,360.29,360.29,360.29,360.29,360.29,360.29,360.29,360.29,360.29,360.29,360.29,360.29,360.29,360.29,360.29,360.29,360.29,394.68,394.68,394.68,328.90,328.90,389.16,328.90,328.90,328.90,328.90,328.90,465.14,465.14,465.14,465.14,930.28,465.14,294.18,328.90,465.14,465.14,465.14,465.14,465.14,465.14,465.14,465.14,465.14,930.28,294.18,394.68,657.81,657.81,394.68,657.81,394.68,394.68,394.68,394.68,394.68,509.53,407.63,526.24,389.16,328.90,389.16,667.14,333.57,254.77,263.12,263.12,263.12,509.53,263.12,372.11,372.11
Producto,0.000931613,09411290,GIMNASIO,104.98,104.98,104.98,104.98,104.98,104.98,104.98,104.98,104.98,104.98,104.98,99.11,99.11,99.11,101.02,101.02,101.02,101.02,101.02,101.02,101.02,104.77,104.77,104.77,110.14,110.14,110.14,110.14,110.14,110.14,110.14,110.14,110.14,110.14,110.14,110.14,110.14,110.14,110.14,110.14,110.14,110.14,110.14,110.14,110.14,106.85,106.85,106.85,106.85,106.85,106.85,106.85,106.85,106.85,104.77,104.77,104.77,104.77,104.77,108.00,108.00,108.00,109.45,109.45,109.45,109.45,109.45,109.45,109.45,110.81,111.57,111.57,111.57,111.57,111.57,111.57,111.57,111.57,111.57,115.01,115.01,115.01,115.01,115.01,111.57,111.57,111.57,111.57,111.57,111.57,107.50,109.81,115.80,115.80,115.80,110.37,113.78,113.78,115.60,117.65,115.60,115.60,115.60,115.60,117.65,117.65,117.65,117.65,117.65,117.65,117.65,117.65,117.65,121.28,121.28,121.28,123.89,123.89,123.89,123.89,126.25,126.25,126.25,126.25,126.25,122.47,122.47,122.47,122.47,122.47,122.47,122.47,125.11,125.11,125.11,125.11,125.11,125.11
Producto,0.001023095,09411291,PISCINA Y SITIOS DE RECREACIÓN,100.02,103.49,103.49,103.49,103.49,103.49,105.39,105.39,105.39,105.39,105.39,105.39,105.39,105.39,105.39,105.39,105.39,107.65,107.83,107.83,107.83,107.83,108.04,108.04,110.21,109.95,102.39,102.39,104.19,104.19,104.19,104.19,104.19,104.19,104.19,104.19,104.19,104.19,104.19,95.61,95.61,104.19,80.40,87.67,95.55,104.19,104.50,104.19,104.19,83.85,85.15,85.15,105.81,105.81,105.81,105.81,111.82,111.82,111.82,105.52,105.52,105.52,105.52,105.52,105.52,105.52,105.52,105.52,105.52,105.52,105.52,111.90,111.90,111.90,111.90,111.90,111.90,111.90,111.90,111.90,111.90,111.90,111.90,111.90,111.90,111.90,111.90,111.90,111.90,113.64,113.64,113.64,113.64,113.64,113.64,113.64,113.64,113.64,113.64,115.41,115.41,115.41,115.41,115.41,115.41,115.41,115.41,115.41,115.41,116.96,116.96,120.13,101.01,101.01,120.13,123.63,123.63,123.63,123.63,123.63,123.63,123.63,123.63,123.63,123.63,123.63,123.63,123.63,123.63,123.63,123.63,123.63,123.63,124.38,127.19,127.19,127.19,127.19
Producto,0.00049279,09411292,CLASES DE DEPORTE,101.66,101.66,101.66,101.66,101.66,101.66,101.66,101.66,101.66,101.66,101.66,101.66,101.66,101.66,106.29,106.29,106.29,106.29,107.09,107.09,107.19,107.19,107.19,107.19,108.87,108.87,108.87,108.87,108.87,108.87,108.87,108.87,110.02,110.02,110.02,110.02,108.29,108.29,108.29,108.29,108.29,108.29,108.29,108.29,108.29,108.29,108.29,108.29,109.94,111.75,110.35,110.35,110.35,110.35,110.35,110.35,110.73,110.73,110.73,110.73,112.01,112.01,112.01,112.01,112.01,112.01,112.01,112.01,112.01,134.41,117.23,117.23,116.17,116.17,115.11,109.85,110.88,110.88,113.08,113.08,113.08,113.08,113.08,113.08,113.08,113.08,113.08,113.08,113.08,113.08,115.08,115.08,115.08,115.08,115.08,115.08,115.08,115.08,115.08,118.08,118.08,118.08,118.08,118.08,118.08,118.08,118.08,118.08,111.64,119.44,119.44,120.36,120.36,120.36,120.36,120.36,120.36,120.36,120.36,120.36,120.36,120.36,120.36,120.36,120.36,121.67,121.67,121.67,121.67,121.67,121.67,121.67,124.10,124.10,124.10,124.10,124.10,124.10
Clase,0.009513549,0942,Servicios culturales (S),92.93,92.93,92.75,92.75,92.99,92.99,94.13,94.13,93.89,94.18,94.18,94.18,94.18,94.18,94.18,94.18,94.18,95.28,95.28,95.28,95.28,95.71,95.71,95.71,95.71,96.48,95.60,95.60,96.05,95.44,95.44,95.44,95.44,95.44,95.44,95.44,96.18,96.18,95.51,98.17,99.51,99.51,99.51,99.51,99.51,99.51,99.51,99.51,100.62,101.27,101.27,101.27,101.27,101.27,101.27,101.27,101.27,101.27,101.27,101.27,101.27,101.27,101.27,101.27,101.27,101.27,99.73,98.31,99.73,101.27,101.27,101.27,101.27,101.27,101.27,101.27,101.27,101.27,101.27,101.27,101.27,98.69,98.69,87.78,89.07,89.07,89.07,89.07,89.08,86.98,85.40,84.43,84.43,84.43,84.76,84.76,84.76,84.76,85.31,85.31,85.31,85.31,90.53,90.53,90.53,90.53,90.53,90.53,90.53,92.01,86.06,91.94,88.23,91.94,93.08,93.23,93.23,93.23,93.67,93.67,93.67,93.67,93.67,93.67,93.67,93.67,93.67,93.67,93.67,93.67,93.67,93.67,93.67,93.67,93.67,93.67,93.53,93.67
Subclase,0.009513549,09421,Servicio culturales,92.93,92.93,92.75,92.75,92.99,92.99,94.13,94.13,93.89,94.18,94.18,94.18,94.18,94.18,94.18,94.18,94.18,95.28,95.28,95.28,95.28,95.71,95.71,95.71,95.71,96.48,95.60,95.60,96.05,95.44,95.44,95.44,95.44,95.44,95.44,95.44,96.18,96.18,95.51,98.17,99.51,99.51,99.51,99.51,99.51,99.51,99.51,99.51,100.62,101.27,101.27,101.27,101.27,101.27,101.27,101.27,101.27,101.27,101.27,101.27,101.27,101.27,101.27,101.27,101.27,101.27,99.73,98.31,99.73,101.27,101.27,101.27,101.27,101.27,101.27,101.27,101.27,101.27,101.27,101.27,101.27,98.69,98.69,87.78,89.07,89.07,89.07,89.07,89.08,86.98,85.40,84.43,84.43,84.43,84.76,84.76,84.76,84.76,85.31,85.31,85.31,85.31,90.53,90.53,90.53,90.53,90.53,90.53,90.53,92.01,86.06,91.94,88.23,91.94,93.08,93.23,93.23,93.23,93.67,93.67,93.67,93.67,93.67,93.67,93.67,93.67,93.67,93.67,93.67,93.67,93.67,93.67,93.67,93.67,93.67,93.67,93.53,93.67
Producto,0.001898629,09421293,ENTRADA A CINE,110.84,110.84,110.84,110.84,110.84,110.84,112.84,112.84,112.84,114.87,114.87,114.87,114.87,114.87,114.87,114.87,114.87,114.87,114.87,114.87,114.87,117.86,117.86,117.86,117.86,117.86,117.86,117.86,120.92,120.92,120.92,120.92,120.92,120.92,120.92,120.92,120.92,120.92,120.92,120.92,120.92,120.92,120.92,120.92,120.92,120.92,120.92,120.92,120.92,120.92,120.92,120.92,120.92,120.92,120.92,120.92,120.92,120.92,120.92,120.92,120.92,120.92,120.92,120.92,120.92,120.92,110.38,100.77,110.38,120.92,120.92,120.92,120.92,120.92,120.92,120.92,120.92,120.92,120.92,120.92,120.92,120.92,120.92,120.92,120.92,120.92,120.92,120.92,120.92,120.92,120.92,120.92,120.92,120.92,120.92,120.92,120.92,120.92,120.92,120.92,120.92,120.92,135.03,135.03,135.03,135.03,135.03,135.03,135.03,145.10,145.10,149.13,149.13,149.13,149.13,150.14,150.14,150.14,153.16,153.16,153.16,153.16,153.16,153.16,153.16,153.16,153.16,153.16,153.16,153.16,153.16,153.16,153.16,153.16,153.16,153.16,152.15,153.16
Producto,0.001687345,09421294,ENTRADA A DISCOTECA,81.64,81.64,81.64,81.64,81.64,81.64,81.64,81.64,81.64,81.64,81.64,81.64,81.64,81.64,81.64,81.64,81.64,81.64,81.64,81.64,81.64,81.64,81.64,81.64,81.64,81.64,70.56,70.56,70.56,70.56,70.56,70.56,70.56,70.56,70.56,70.56,74.02,74.02,74.02,80.60,80.60,80.60,80.60,80.60,80.60,80.60,80.60,80.60,80.60,83.65,83.65,83.65,83.65,83.65,83.65,83.65,83.65,83.65,83.65,83.65,83.65,83.65,83.65,83.65,83.65,83.65,83.65,83.65,83.65,83.65,83.65,83.65,83.65,83.65,83.65,83.65,83.65,83.65,83.65,83.65,83.65,83.65,83.65,83.65,83.65,83.65,83.65,83.65,83.65,90.99,83.65,79.11,79.11,79.11,79.11,79.11,79.11,79.11,79.11,79.11,79.11,79.11,79.11,79.11,79.11,79.11,79.11,79.11,79.11,79.11,79.11,79.11,79.11,79.11,79.11,79.11,79.11,79.11,79.11,79.11,79.11,79.11,79.11,79.11,79.11,79.11,79.11,79.11,79.11,79.11,79.11,79.11,79.11,79.11,79.11,79.11,79.11,79.11
Producto,0.005927575,09421295,GASTO EN TARIFA DE TELEVISIÓN PAGADA,92.62,92.62,92.33,92.33,92.71,92.71,94.03,94.03,93.66,93.66,93.66,93.66,93.66,93.66,93.66,93.66,93.66,95.37,95.37,95.37,95.37,95.37,95.37,95.37,95.37,96.56,98.93,98.93,98.93,97.96,97.96,97.96,97.96,97.96,97.96,97.96,97.96,97.96,96.91,98.86,100.96,100.96,100.96,100.96,100.96,100.96,100.96,100.96,102.69,102.69,102.69,102.69,102.69,102.69,102.69,102.69,102.69,102.69,102.69,102.69,102.69,102.69,102.69,102.69,102.69,102.69,102.69,102.69,102.69,102.69,102.69,102.69,102.69,102.69,102.69,102.69,102.69,102.69,102.69,102.69,102.69,98.64,98.64,81.56,83.58,83.58,83.58,83.58,83.59,77.82,77.82,77.82,77.82,77.82,78.35,78.35,78.35,78.35,79.21,79.21,79.21,79.21,84.15,84.15,84.15,84.15,84.15,84.15,84.15,84.15,74.83,83.11,77.29,83.11,84.90,84.90,84.90,84.90,84.90,84.90,84.90,84.90,84.90,84.90,84.90,84.90,84.90,84.90,84.90,84.90,84.90,84.90,84.90,84.90,84.90,84.90,84.90,84.90
Clase,0.001827335,0943,Juegos de azar (S),98.06,98.06,98.06,98.06,98.06,98.06,98.06,98.06,98.06,98.06,98.06,98.06,98.06,98.06,98.06,98.06,98.06,98.06,98.06,98.06,98.06,98.06,98.06,98.06,98.06,98.06,98.06,98.06,98.06,98.06,98.06,98.06,98.06,98.06,98.06,98.06,98.06,98.06,98.06,98.06,98.06,98.06,98.06,98.06,98.06,98.06,98.06,98.06,98.06,98.06,98.06,98.06,98.06,98.06,98.06,98.06,98.06,98.06,98.06,98.06,98.06,98.06,98.06,98.06,98.06,98.06,98.06,98.06,98.06,98.06,98.06,98.06,98.06,98.06,98.06,98.06,98.06,98.06,98.06,98.06,98.06,98.06,98.06,98.06,98.06,98.06,98.06,98.06,98.06,98.06,98.06,98.06,98.06,98.06,98.06,98.06,98.06,98.06,98.06,98.06,98.06,98.06,98.06,98.06,98.06,98.06,98.06,98.06,98.06,98.06,98.06,98.06,98.06,98.06,98.06,98.06,98.06,98.06,98.06,98.06,98.06,98.06,98.06,98.06,98.06,98.06,98.06,98.06,98.06,98.06,98.06,98.06,98.06,98.06,98.06,98.06,98.06,98.06
Subclase,0.001827335,09431,Juegos de azar,98.06,98.06,98.06,98.06,98.06,98.06,98.06,98.06,98.06,98.06,98.06,98.06,98.06,98.06,98.06,98.06,98.06,98.06,98.06,98.06,98.06,98.06,98.06,98.06,98.06,98.06,98.06,98.06,98.06,98.06,98.06,98.06,98.06,98.06,98.06,98.06,98.06,98.06,98.06,98.06,98.06,98.06,98.06,98.06,98.06,98.06,98.06,98.06,98.06,98.06,98.06,98.06,98.06,98.06,98.06,98.06,98.06,98.06,98.06,98.06,98.06,98.06,98.06,98.06,98.06,98.06,98.06,98.06,98.06,98.06,98.06,98.06,98.06,98.06,98.06,98.06,98.06,98.06,98.06,98.06,98.06,98.06,98.06,98.06,98.06,98.06,98.06,98.06,98.06,98.06,98.06,98.06,98.06,98.06,98.06,98.06,98.06,98.06,98.06,98.06,98.06,98.06,98.06,98.06,98.06,98.06,98.06,98.06,98.06,98.06,98.06,98.06,98.06,98.06,98.06,98.06,98.06,98.06,98.06,98.06,98.06,98.06,98.06,98.06,98.06,98.06,98.06,98.06,98.06,98.06,98.06,98.06,98.06,98.06,98.06,98.06,98.06,98.06
Producto,0.001827335,09431296,BILLETE DE  LOTERÍA,98.06,98.06,98.06,98.06,98.06,98.06,98.06,98.06,98.06,98.06,98.06,98.06,98.06,98.06,98.06,98.06,98.06,98.06,98.06,98.06,98.06,98.06,98.06,98.06,98.06,98.06,98.06,98.06,98.06,98.06,98.06,98.06,98.06,98.06,98.06,98.06,98.06,98.06,98.06,98.06,98.06,98.06,98.06,98.06,98.06,98.06,98.06,98.06,98.06,98.06,98.06,98.06,98.06,98.06,98.06,98.06,98.06,98.06,98.06,98.06,98.06,98.06,98.06,98.06,98.06,98.06,98.06,98.06,98.06,98.06,98.06,98.06,98.06,98.06,98.06,98.06,98.06,98.06,98.06,98.06,98.06,98.06,98.06,98.06,98.06,98.06,98.06,98.06,98.06,98.06,98.06,98.06,98.06,98.06,98.06,98.06,98.06,98.06,98.06,98.06,98.06,98.06,98.06,98.06,98.06,98.06,98.06,98.06,98.06,98.06,98.06,98.06,98.06,98.06,98.06,98.06,98.06,98.06,98.06,98.06,98.06,98.06,98.06,98.06,98.06,98.06,98.06,98.06,98.06,98.06,98.06,98.06,98.06,98.06,98.06,98.06,98.06,98.06
Grupo,0.014440807,095,"Periódicos, libros y papeles y útiles de oficina",98.15,98.21,98.21,98.27,97.94,97.94,97.97,97.97,97.47,98.08,98.12,98.12,98.11,98.11,98.05,98.40,98.40,98.41,98.71,98.73,99.47,99.47,99.48,99.78,99.75,99.75,99.87,99.75,99.75,99.59,99.49,99.49,97.68,97.11,97.11,97.05,97.31,97.76,98.55,98.41,98.55,98.55,98.55,98.55,96.32,96.32,96.32,96.32,96.32,96.14,96.84,96.73,96.73,96.66,96.66,96.66,96.21,96.21,96.26,96.26,96.26,96.26,96.26,96.26,96.26,96.26,96.26,96.26,96.26,95.83,95.98,96.16,96.16,96.16,95.26,95.38,95.43,95.43,95.43,95.46,94.65,94.48,94.62,94.57,94.48,94.48,94.48,94.68,94.77,94.77,94.77,96.76,98.45,98.70,98.82,98.86,98.86,98.86,98.86,98.86,98.86,99.01,98.98,99.09,98.59,98.49,98.49,98.70,98.84,98.84,98.84,99.25,99.25,99.25,99.29,99.29,99.69,99.85,99.85,99.85,99.99,99.99,99.99,99.99,99.99,100.09,100.09,100.06,99.60,99.59,99.47,99.43,99.69,99.69,99.69,99.88,99.64,101.80
Clase,0.008312593,0951,Libros (SD),97.50,97.59,97.59,97.69,97.12,97.12,97.17,97.17,94.86,95.56,95.64,95.64,95.62,95.62,95.52,96.14,96.14,96.14,96.45,96.49,97.74,97.74,97.69,98.23,98.16,98.16,98.38,98.17,98.17,98.17,97.99,97.99,95.71,94.50,94.50,94.38,94.85,94.98,94.98,94.73,94.98,94.98,94.98,94.98,91.85,91.85,91.85,91.85,91.85,91.54,91.54,91.35,91.35,91.22,91.22,91.22,90.92,90.92,90.92,90.92,90.92,90.92,90.92,90.92,90.92,90.92,90.92,90.92,90.92,90.28,90.57,90.88,90.88,90.88,89.26,89.49,89.57,89.57,89.57,89.63,87.88,87.88,88.13,88.05,88.05,88.05,88.05,88.41,88.57,88.57,88.57,87.87,89.05,89.06,88.92,88.99,88.99,88.99,88.99,88.99,88.99,89.25,89.20,89.39,89.12,89.38,89.38,89.75,89.75,89.75,89.75,89.75,89.75,89.75,89.82,89.82,89.73,89.82,89.82,89.82,89.82,89.82,89.82,89.82,89.82,89.82,89.82,89.76,89.23,89.32,89.10,89.04,89.28,89.28,89.28,89.63,89.20,89.20
Subclase,0.008312593,09511,Libros,97.50,97.59,97.59,97.69,97.12,97.12,97.17,97.17,94.86,95.56,95.64,95.64,95.62,95.62,95.52,96.14,96.14,96.14,96.45,96.49,97.74,97.74,97.69,98.23,98.16,98.16,98.38,98.17,98.17,98.17,97.99,97.99,95.71,94.50,94.50,94.38,94.85,94.98,94.98,94.73,94.98,94.98,94.98,94.98,91.85,91.85,91.85,91.85,91.85,91.54,91.54,91.35,91.35,91.22,91.22,91.22,90.92,90.92,90.92,90.92,90.92,90.92,90.92,90.92,90.92,90.92,90.92,90.92,90.92,90.28,90.57,90.88,90.88,90.88,89.26,89.49,89.57,89.57,89.57,89.63,87.88,87.88,88.13,88.05,88.05,88.05,88.05,88.41,88.57,88.57,88.57,87.87,89.05,89.06,88.92,88.99,88.99,88.99,88.99,88.99,88.99,89.25,89.20,89.39,89.12,89.38,89.38,89.75,89.75,89.75,89.75,89.75,89.75,89.75,89.82,89.82,89.73,89.82,89.82,89.82,89.82,89.82,89.82,89.82,89.82,89.82,89.82,89.76,89.23,89.32,89.10,89.04,89.28,89.28,89.28,89.63,89.20,89.20
Producto,0.001081267,09511297,LIBROS Y ENCICLOPEDIAS,99.24,99.70,99.70,100.19,97.44,97.44,97.70,97.70,97.70,97.70,98.02,98.02,97.94,97.94,97.46,100.43,100.43,100.43,101.91,102.11,107.04,107.04,103.48,106.04,105.73,105.73,106.77,105.75,105.75,105.75,104.91,104.91,106.98,105.47,105.47,104.91,107.13,107.77,107.77,106.57,107.77,107.77,107.77,107.77,107.54,107.54,107.54,107.54,107.54,106.02,106.02,105.11,105.11,104.52,104.52,104.52,104.52,104.52,104.52,104.52,104.52,104.52,104.52,104.52,104.52,104.52,104.52,104.52,104.52,102.44,102.44,103.96,103.96,103.96,96.20,97.26,97.65,97.65,97.65,97.94,95.70,95.70,95.70,95.32,95.32,95.32,95.32,97.07,97.84,97.84,97.84,94.46,96.18,95.34,95.34,95.68,95.68,95.68,95.68,95.68,95.68,96.93,96.66,97.60,97.60,97.60,97.60,99.36,99.36,99.36,99.36,99.36,99.36,99.36,99.70,99.70,99.70,100.15,100.15,100.15,100.15,100.15,100.15,100.15,100.15,100.15,100.15,99.87,99.87,100.30,100.64,100.35,101.52,101.52,101.52,103.17,101.10,101.10
Producto,0.007231326,09511298,TEXTOS DE ENSEÑANZA DE TODO NIVEL EDUCATIVO,97.04,97.04,97.04,97.04,97.04,97.04,97.04,97.04,94.11,95.00,95.01,95.01,95.01,95.01,95.01,95.01,95.01,95.01,95.01,95.01,95.29,95.29,96.17,96.17,96.17,96.17,96.17,96.17,96.17,96.17,96.17,96.17,92.73,91.61,91.61,91.61,91.61,91.61,91.61,91.61,91.61,91.61,91.61,91.61,87.72,87.72,87.72,87.72,87.72,87.72,87.72,87.72,87.72,87.72,87.72,87.72,87.33,87.33,87.33,87.33,87.33,87.33,87.33,87.33,87.33,87.33,87.33,87.33,87.33,87.08,87.44,87.44,87.44,87.44,87.44,87.44,87.44,87.44,87.44,87.44,85.82,85.82,86.13,86.13,86.13,86.13,86.13,86.13,86.13,86.13,86.13,86.13,87.18,87.41,87.23,87.23,87.23,87.23,87.23,87.23,87.23,87.23,87.23,87.23,86.89,87.21,87.21,87.21,87.21,87.21,87.21,87.21,87.21,87.21,87.21,87.21,87.10,87.10,87.10,87.10,87.10,87.10,87.10,87.10,87.10,87.10,87.10,87.10,86.42,86.42,86.06,86.06,86.06,86.06,86.06,86.06,86.06,86.06
Clase,0.00347219,0952,Diarios y periódicos (ND),100.99,100.99,100.99,100.99,100.99,100.99,100.99,100.99,100.99,100.99,100.99,100.99,100.99,100.99,100.99,100.99,100.99,101.05,101.52,101.52,101.52,101.52,101.52,101.52,101.52,101.52,101.52,101.52,101.52,100.90,100.90,100.90,100.90,100.90,100.90,100.90,100.90,102.44,105.60,105.60,105.60,105.60,105.60,105.60,105.60,105.60,105.60,105.60,105.60,105.60,108.42,108.42,108.42,108.42,108.42,108.42,108.42,108.42,108.42,108.42,108.42,108.42,108.42,108.42,108.42,108.42,108.42,108.42,108.42,108.42,108.42,108.42,108.42,108.42,108.42,108.42,108.42,108.42,108.42,108.42,108.42,108.42,108.42,108.42,108.04,108.04,108.04,108.04,108.04,108.04,108.04,117.64,117.64,117.64,117.64,117.64,117.64,117.64,117.64,117.64,117.64,117.64,117.64,117.64,117.64,117.05,117.05,117.05,117.64,117.64,117.64,119.28,119.28,119.28,119.28,119.28,119.28,119.28,119.28,119.28,119.86,119.86,119.86,119.86,119.86,120.26,120.26,120.26,120.26,120.26,120.26,120.26,120.76,120.76,120.76,120.76,120.76,129.42
Subclase,0.00347219,09521,Diarios y periódicos,100.99,100.99,100.99,100.99,100.99,100.99,100.99,100.99,100.99,100.99,100.99,100.99,100.99,100.99,100.99,100.99,100.99,101.05,101.52,101.52,101.52,101.52,101.52,101.52,101.52,101.52,101.52,101.52,101.52,100.90,100.90,100.90,100.90,100.90,100.90,100.90,100.90,102.44,105.60,105.60,105.60,105.60,105.60,105.60,105.60,105.60,105.60,105.60,105.60,105.60,108.42,108.42,108.42,108.42,108.42,108.42,108.42,108.42,108.42,108.42,108.42,108.42,108.42,108.42,108.42,108.42,108.42,108.42,108.42,108.42,108.42,108.42,108.42,108.42,108.42,108.42,108.42,108.42,108.42,108.42,108.42,108.42,108.42,108.42,108.04,108.04,108.04,108.04,108.04,108.04,108.04,117.64,117.64,117.64,117.64,117.64,117.64,117.64,117.64,117.64,117.64,117.64,117.64,117.64,117.64,117.05,117.05,117.05,117.64,117.64,117.64,119.28,119.28,119.28,119.28,119.28,119.28,119.28,119.28,119.28,119.86,119.86,119.86,119.86,119.86,120.26,120.26,120.26,120.26,120.26,120.26,120.26,120.76,120.76,120.76,120.76,120.76,129.42
Producto,0.00347219,09521299,PERIÓDICOS Y REVISTAS,100.99,100.99,100.99,100.99,100.99,100.99,100.99,100.99,100.99,100.99,100.99,100.99,100.99,100.99,100.99,100.99,100.99,101.05,101.52,101.52,101.52,101.52,101.52,101.52,101.52,101.52,101.52,101.52,101.52,100.90,100.90,100.90,100.90,100.90,100.90,100.90,100.90,102.44,105.60,105.60,105.60,105.60,105.60,105.60,105.60,105.60,105.60,105.60,105.60,105.60,108.42,108.42,108.42,108.42,108.42,108.42,108.42,108.42,108.42,108.42,108.42,108.42,108.42,108.42,108.42,108.42,108.42,108.42,108.42,108.42,108.42,108.42,108.42,108.42,108.42,108.42,108.42,108.42,108.42,108.42,108.42,108.42,108.42,108.42,108.04,108.04,108.04,108.04,108.04,108.04,108.04,117.64,117.64,117.64,117.64,117.64,117.64,117.64,117.64,117.64,117.64,117.64,117.64,117.64,117.64,117.05,117.05,117.05,117.64,117.64,117.64,119.28,119.28,119.28,119.28,119.28,119.28,119.28,119.28,119.28,119.86,119.86,119.86,119.86,119.86,120.26,120.26,120.26,120.26,120.26,120.26,120.26,120.76,120.76,120.76,120.76,120.76,129.42
Clase,0.002656024,0954,Papel y útiles de oficina y materiales de dibujo (ND),96.41,96.41,96.41,96.41,96.41,96.41,96.41,96.41,100.51,101.62,101.62,101.62,101.62,101.62,101.62,101.62,101.62,101.62,101.62,101.62,101.83,101.83,102.05,102.05,102.05,102.05,102.05,102.05,102.05,102.05,102.05,102.05,99.29,99.81,99.81,99.81,99.81,99.81,99.81,99.81,99.81,99.81,99.81,99.81,97.29,97.29,97.29,97.29,97.29,97.29,97.29,97.29,97.29,97.29,97.29,97.29,95.82,95.82,96.07,96.07,96.07,96.07,96.07,96.07,96.07,96.07,96.07,96.07,96.07,95.67,95.67,95.67,95.67,95.67,95.67,95.67,95.67,95.67,95.67,95.67,96.54,95.65,95.65,95.65,95.65,95.65,95.65,95.65,95.65,95.65,95.65,95.65,100.94,102.22,103.29,103.29,103.29,103.29,103.29,103.29,103.29,103.29,103.29,103.29,101.52,100.99,100.99,100.99,100.99,100.99,100.99,100.99,100.99,100.99,100.99,100.99,103.33,103.87,103.87,103.87,103.87,103.87,103.87,103.87,103.87,103.87,103.87,103.87,103.06,102.73,102.73,102.73,102.73,102.73,102.73,102.73,102.73,102.73
Subclase,0.002656024,09541,Papel y útiles de oficina y materiales de dibujo,96.41,96.41,96.41,96.41,96.41,96.41,96.41,96.41,100.51,101.62,101.62,101.62,101.62,101.62,101.62,101.62,101.62,101.62,101.62,101.62,101.83,101.83,102.05,102.05,102.05,102.05,102.05,102.05,102.05,102.05,102.05,102.05,99.29,99.81,99.81,99.81,99.81,99.81,99.81,99.81,99.81,99.81,99.81,99.81,97.29,97.29,97.29,97.29,97.29,97.29,97.29,97.29,97.29,97.29,97.29,97.29,95.82,95.82,96.07,96.07,96.07,96.07,96.07,96.07,96.07,96.07,96.07,96.07,96.07,95.67,95.67,95.67,95.67,95.67,95.67,95.67,95.67,95.67,95.67,95.67,96.54,95.65,95.65,95.65,95.65,95.65,95.65,95.65,95.65,95.65,95.65,95.65,100.94,102.22,103.29,103.29,103.29,103.29,103.29,103.29,103.29,103.29,103.29,103.29,101.52,100.99,100.99,100.99,100.99,100.99,100.99,100.99,100.99,100.99,100.99,100.99,103.33,103.87,103.87,103.87,103.87,103.87,103.87,103.87,103.87,103.87,103.87,103.87,103.06,102.73,102.73,102.73,102.73,102.73,102.73,102.73,102.73,102.73
Producto,0.001028735,09541300,CUADERNOS,95.48,95.48,95.48,95.48,95.48,95.48,95.48,95.48,96.91,96.91,96.91,96.91,96.91,96.91,96.91,96.91,96.91,96.91,96.91,96.91,92.42,92.42,92.42,92.42,92.42,92.42,92.42,92.42,92.42,92.42,92.42,92.42,90.41,90.41,90.41,90.41,90.41,90.41,90.41,90.41,90.41,90.41,90.41,90.41,82.50,82.50,82.50,82.50,82.50,82.50,82.50,82.50,82.50,82.50,82.50,82.50,82.50,82.50,83.24,83.24,83.24,83.24,83.24,83.24,83.24,83.24,83.24,83.24,83.24,83.24,83.24,83.24,83.24,83.24,83.24,83.24,83.24,83.24,83.24,83.24,83.57,83.57,83.57,83.57,83.57,83.57,83.57,83.57,83.57,83.57,83.57,83.57,87.24,89.12,89.12,89.12,89.12,89.12,89.12,89.12,89.12,89.12,89.12,89.12,83.65,83.65,83.65,83.65,83.65,83.65,83.65,83.65,83.65,83.65,83.65,83.65,82.06,82.06,82.06,82.06,82.06,82.06,82.06,82.06,82.06,82.06,82.06,82.06,79.82,79.32,79.32,79.32,79.32,79.32,79.32,79.32,79.32,79.32
Producto,0.000636456,09541301,BOLÍGRAFOS,98.86,98.86,98.86,98.86,98.86,98.86,98.86,98.86,109.22,109.22,109.22,109.22,109.22,109.22,109.22,109.22,109.22,109.22,109.22,109.22,113.28,113.28,113.28,113.28,113.28,113.28,113.28,113.28,113.28,113.28,113.28,113.28,112.93,112.93,112.93,112.93,112.93,112.93,112.93,112.93,112.93,112.93,112.93,112.93,113.46,113.46,113.46,113.46,113.46,113.46,113.46,113.46,113.46,113.46,113.46,113.46,110.06,110.06,110.06,110.06,110.06,110.06,110.06,110.06,110.06,110.06,110.06,110.06,110.06,110.06,110.06,110.06,110.06,110.06,110.06,110.06,110.06,110.06,110.06,110.06,110.06,110.06,110.06,110.06,110.06,110.06,110.06,110.06,110.06,110.06,110.06,110.06,115.47,115.47,115.47,115.47,115.47,115.47,115.47,115.47,115.47,115.47,115.47,115.47,117.51,117.51,117.51,117.51,117.51,117.51,117.51,117.51,117.51,117.51,117.51,117.51,123.71,123.71,123.71,123.71,123.71,123.71,123.71,123.71,123.71,123.71,123.71,123.71,126.49,126.49,126.49,126.49,126.49,126.49,126.49,126.49,126.49,126.49
Producto,0.000990832,09541302,ÚTILES ESCOLARES,95.54,95.54,95.54,95.54,95.54,95.54,95.54,95.54,97.66,100.39,100.39,100.39,100.39,100.39,100.39,100.39,100.39,100.39,100.39,100.39,101.85,101.85,102.39,102.39,102.39,102.39,102.39,102.39,102.39,102.39,102.39,102.39,97.43,98.71,98.71,98.71,98.71,98.71,98.71,98.71,98.71,98.71,98.71,98.71,98.52,98.52,98.52,98.52,98.52,98.52,98.52,98.52,98.52,98.52,98.52,98.52,97.14,97.14,97.14,97.14,97.14,97.14,97.14,97.14,97.14,97.14,97.14,97.14,97.14,96.16,96.16,96.16,96.16,96.16,96.16,96.16,96.16,96.16,96.16,96.16,98.04,95.85,95.85,95.85,95.85,95.85,95.85,95.85,95.85,95.85,95.85,95.85,102.37,104.02,106.63,106.63,106.63,106.63,106.63,106.63,106.63,106.63,106.63,106.63,105.32,104.02,104.02,104.02,104.02,104.02,104.02,104.02,104.02,104.02,104.02,104.02,106.97,108.31,108.31,108.31,108.31,108.31,108.31,108.31,108.31,108.31,108.31,108.31,106.27,105.87,105.87,105.87,105.87,105.87,105.87,105.87,105.87,105.87
Grupo,0.002125104,096,Paquetes turísticos,94.18,96.88,96.11,96.11,97.06,95.65,95.63,96.08,89.26,92.59,88.83,93.18,86.25,87.19,83.05,82.65,83.23,84.39,78.68,75.94,78.15,77.76,80.82,90.51,82.13,83.73,78.69,76.86,80.09,79.46,80.04,80.84,78.76,82.53,82.13,89.52,79.13,82.02,84.10,83.93,86.50,83.18,86.14,80.47,81.85,76.15,75.13,86.35,80.71,80.77,79.19,81.66,82.73,86.82,83.17,84.25,82.26,76.15,76.78,85.22,80.42,83.88,77.25,77.25,77.25,77.25,77.25,77.25,68.35,68.04,69.86,73.18,77.04,74.67,73.35,72.37,71.18,71.78,79.77,81.31,91.18,91.03,92.94,93.00,88.18,89.51,82.93,87.98,82.98,86.00,89.13,87.07,83.18,82.31,78.13,79.29,77.08,76.29,76.36,74.40,77.03,77.81,85.16,83.63,79.23,85.17,83.72,86.03,82.89,89.24,87.92,82.76,84.77,82.55,83.62,82.56,85.18,84.68,86.52,92.68,88.44,88.38,85.86,85.02,85.01,85.75,87.84,90.30,86.35,84.70,84.16,90.12,95.00,95.98,97.08,97.20,93.29,92.06
Clase,0.002125104,0960,Paquetes turísticos (S),94.18,96.88,96.11,96.11,97.06,95.65,95.63,96.08,89.26,92.59,88.83,93.18,86.25,87.19,83.05,82.65,83.23,84.39,78.68,75.94,78.15,77.76,80.82,90.51,82.13,83.73,78.69,76.86,80.09,79.46,80.04,80.84,78.76,82.53,82.13,89.52,79.13,82.02,84.10,83.93,86.50,83.18,86.14,80.47,81.85,76.15,75.13,86.35,80.71,80.77,79.19,81.66,82.73,86.82,83.17,84.25,82.26,76.15,76.78,85.22,80.42,83.88,77.25,77.25,77.25,77.25,77.25,77.25,68.35,68.04,69.86,73.18,77.04,74.67,73.35,72.37,71.18,71.78,79.77,81.31,91.18,91.03,92.94,93.00,88.18,89.51,82.93,87.98,82.98,86.00,89.13,87.07,83.18,82.31,78.13,79.29,77.08,76.29,76.36,74.40,77.03,77.81,85.16,83.63,79.23,85.17,83.72,86.03,82.89,89.24,87.92,82.76,84.77,82.55,83.62,82.56,85.18,84.68,86.52,92.68,88.44,88.38,85.86,85.02,85.01,85.75,87.84,90.30,86.35,84.70,84.16,90.12,95.00,95.98,97.08,97.20,93.29,92.06
Subclase,0.002125104,09601,Paquetes turísticos,94.18,96.88,96.11,96.11,97.06,95.65,95.63,96.08,89.26,92.59,88.83,93.18,86.25,87.19,83.05,82.65,83.23,84.39,78.68,75.94,78.15,77.76,80.82,90.51,82.13,83.73,78.69,76.86,80.09,79.46,80.04,80.84,78.76,82.53,82.13,89.52,79.13,82.02,84.10,83.93,86.50,83.18,86.14,80.47,81.85,76.15,75.13,86.35,80.71,80.77,79.19,81.66,82.73,86.82,83.17,84.25,82.26,76.15,76.78,85.22,80.42,83.88,77.25,77.25,77.25,77.25,77.25,77.25,68.35,68.04,69.86,73.18,77.04,74.67,73.35,72.37,71.18,71.78,79.77,81.31,91.18,91.03,92.94,93.00,88.18,89.51,82.93,87.98,82.98,86.00,89.13,87.07,83.18,82.31,78.13,79.29,77.08,76.29,76.36,74.40,77.03,77.81,85.16,83.63,79.23,85.17,83.72,86.03,82.89,89.24,87.92,82.76,84.77,82.55,83.62,82.56,85.18,84.68,86.52,92.68,88.44,88.38,85.86,85.02,85.01,85.75,87.84,90.30,86.35,84.70,84.16,90.12,95.00,95.98,97.08,97.20,93.29,92.06
Producto,0.002125104,09601303,PAQUETE DE VACACIONES,94.18,96.88,96.11,96.11,97.06,95.65,95.63,96.08,89.26,92.59,88.83,93.18,86.25,87.19,83.05,82.65,83.23,84.39,78.68,75.94,78.15,77.76,80.82,90.51,82.13,83.73,78.69,76.86,80.09,79.46,80.04,80.84,78.76,82.53,82.13,89.52,79.13,82.02,84.10,83.93,86.50,83.18,86.14,80.47,81.85,76.15,75.13,86.35,80.71,80.77,79.19,81.66,82.73,86.82,83.17,84.25,82.26,76.15,76.78,85.22,80.42,83.88,77.25,77.25,77.25,77.25,77.25,77.25,68.35,68.04,69.86,73.18,77.04,74.67,73.35,72.37,71.18,71.78,79.77,81.31,91.18,91.03,92.94,93.00,88.18,89.51,82.93,87.98,82.98,86.00,89.13,87.07,83.18,82.31,78.13,79.29,77.08,76.29,76.36,74.40,77.03,77.81,85.16,83.63,79.23,85.17,83.72,86.03,82.89,89.24,87.92,82.76,84.77,82.55,83.62,82.56,85.18,84.68,86.52,92.68,88.44,88.38,85.86,85.02,85.01,85.75,87.84,90.30,86.35,84.70,84.16,90.12,95.00,95.98,97.08,97.20,93.29,92.06
División,0.050917213,10,Educación,101.92,101.92,101.92,102.13,102.33,102.33,102.33,102.33,102.18,104.80,104.80,104.80,104.78,104.78,104.92,104.92,104.92,104.98,104.98,105.42,117.75,117.75,117.75,117.75,117.75,118.06,118.06,118.06,118.17,118.06,118.06,118.06,124.12,124.12,124.12,124.96,124.96,124.96,124.96,124.96,124.96,124.96,124.96,124.96,123.88,123.81,123.81,124.48,124.48,124.48,124.48,124.58,125.15,125.15,125.15,125.04,128.77,128.66,128.66,128.66,129.75,129.86,129.90,129.44,129.44,129.44,129.44,129.44,127.35,125.40,125.63,125.63,126.10,126.10,125.37,125.37,125.55,125.55,125.55,125.28,132.00,132.00,132.00,132.00,131.64,131.64,131.38,132.26,132.14,132.26,132.63,133.09,138.35,138.35,138.35,138.35,138.58,138.41,138.23,138.16,138.16,138.25,138.25,138.58,140.36,140.36,140.02,140.02,139.86,140.07,140.51,140.62,141.17,140.91,140.79,141.08,145.01,145.01,145.01,144.80,144.93,144.93,144.93,144.93,144.93,144.93,145.21,144.87,146.77,147.12,147.12,147.12,147.12,147.12,147.12,147.12,146.87,146.83
Grupo,0.01460889,101,Enseñanza preescolar y enseñanza primaria,104.98,104.98,104.98,104.98,104.98,104.98,104.98,104.98,106.34,111.86,111.86,111.86,111.86,111.86,111.86,111.86,111.86,111.86,111.86,111.86,115.61,115.61,115.61,115.61,115.61,115.61,115.61,115.61,115.61,115.61,115.61,115.61,124.38,124.38,124.38,124.38,124.38,124.38,124.38,124.38,124.38,124.38,124.38,124.38,126.39,126.39,126.39,126.39,126.39,126.39,126.39,126.39,126.39,126.39,126.39,126.39,134.01,134.01,134.01,134.01,134.01,134.01,134.01,134.01,134.01,134.01,134.01,134.01,129.47,129.95,130.40,130.40,130.40,130.40,130.40,130.40,130.40,130.40,130.40,130.40,138.90,138.90,138.90,138.90,138.90,138.90,138.90,138.90,138.90,138.90,138.90,138.90,148.95,148.95,148.95,148.95,148.95,148.95,148.95,148.95,148.95,148.95,148.95,148.95,154.09,154.09,154.09,154.09,154.09,154.09,154.09,154.09,154.09,154.09,154.09,154.09,163.58,163.58,163.58,163.58,163.58,163.58,163.58,163.58,163.58,163.58,163.58,163.58,167.37,167.37,167.37,167.37,167.37,167.37,167.37,167.37,167.37,167.37
Clase,0.01460889,1010,Enseñanza preescolar y enseñanza primaria (S),104.98,104.98,104.98,104.98,104.98,104.98,104.98,104.98,106.34,111.86,111.86,111.86,111.86,111.86,111.86,111.86,111.86,111.86,111.86,111.86,115.61,115.61,115.61,115.61,115.61,115.61,115.61,115.61,115.61,115.61,115.61,115.61,124.38,124.38,124.38,124.38,124.38,124.38,124.38,124.38,124.38,124.38,124.38,124.38,126.39,126.39,126.39,126.39,126.39,126.39,126.39,126.39,126.39,126.39,126.39,126.39,134.01,134.01,134.01,134.01,134.01,134.01,134.01,134.01,134.01,134.01,134.01,134.01,129.47,129.95,130.40,130.40,130.40,130.40,130.40,130.40,130.40,130.40,130.40,130.40,138.90,138.90,138.90,138.90,138.90,138.90,138.90,138.90,138.90,138.90,138.90,138.90,148.95,148.95,148.95,148.95,148.95,148.95,148.95,148.95,148.95,148.95,148.95,148.95,154.09,154.09,154.09,154.09,154.09,154.09,154.09,154.09,154.09,154.09,154.09,154.09,163.58,163.58,163.58,163.58,163.58,163.58,163.58,163.58,163.58,163.58,163.58,163.58,167.37,167.37,167.37,167.37,167.37,167.37,167.37,167.37,167.37,167.37
Subclase,0.01460889,10101,Enseñanza preescolar y enseñanza primaria,104.98,104.98,104.98,104.98,104.98,104.98,104.98,104.98,106.34,111.86,111.86,111.86,111.86,111.86,111.86,111.86,111.86,111.86,111.86,111.86,115.61,115.61,115.61,115.61,115.61,115.61,115.61,115.61,115.61,115.61,115.61,115.61,124.38,124.38,124.38,124.38,124.38,124.38,124.38,124.38,124.38,124.38,124.38,124.38,126.39,126.39,126.39,126.39,126.39,126.39,126.39,126.39,126.39,126.39,126.39,126.39,134.01,134.01,134.01,134.01,134.01,134.01,134.01,134.01,134.01,134.01,134.01,134.01,129.47,129.95,130.40,130.40,130.40,130.40,130.40,130.40,130.40,130.40,130.40,130.40,138.90,138.90,138.90,138.90,138.90,138.90,138.90,138.90,138.90,138.90,138.90,138.90,148.95,148.95,148.95,148.95,148.95,148.95,148.95,148.95,148.95,148.95,148.95,148.95,154.09,154.09,154.09,154.09,154.09,154.09,154.09,154.09,154.09,154.09,154.09,154.09,163.58,163.58,163.58,163.58,163.58,163.58,163.58,163.58,163.58,163.58,163.58,163.58,167.37,167.37,167.37,167.37,167.37,167.37,167.37,167.37,167.37,167.37
Producto,0.003623628,10101304,EDUCACIÓN INICIAL,107.89,107.89,107.89,107.89,107.89,107.89,107.89,107.89,108.79,114.44,114.44,114.44,114.44,114.44,114.44,114.44,114.44,114.44,114.44,114.44,118.05,118.05,118.05,118.05,118.05,118.05,118.05,118.05,118.05,118.05,118.05,118.05,127.26,127.26,127.26,127.26,127.26,127.26,127.26,127.26,127.26,127.26,127.26,127.26,129.30,129.30,129.30,129.30,129.30,129.30,129.30,129.30,129.30,129.30,129.30,129.30,136.33,136.33,136.33,136.33,136.33,136.33,136.33,136.33,136.33,136.33,136.33,136.33,131.36,132.02,132.65,132.65,132.65,132.65,132.65,132.65,132.65,132.65,132.65,132.65,151.65,151.65,151.65,151.65,151.65,151.65,151.65,151.65,151.65,151.65,151.65,151.65,161.86,161.86,161.86,161.86,161.86,161.86,161.86,161.86,161.86,161.86,161.86,161.86,169.51,169.51,169.51,169.51,169.51,169.51,169.51,169.51,169.51,169.51,169.51,169.51,178.14,178.14,178.14,178.14,178.14,178.14,178.14,178.14,178.14,178.14,178.14,178.14,183.77,183.77,183.77,183.77,183.77,183.77,183.77,183.77,183.77,183.77
Producto,0.010985262,10101305,EDUCACIÓN GENERAL BÁSICA,104.31,104.31,104.31,104.31,104.31,104.31,104.31,104.31,105.77,111.26,111.26,111.26,111.26,111.26,111.26,111.26,111.26,111.26,111.26,111.26,115.05,115.05,115.05,115.05,115.05,115.05,115.05,115.05,115.05,115.05,115.05,115.05,123.72,123.72,123.72,123.72,123.72,123.72,123.72,123.72,123.72,123.72,123.72,123.72,125.71,125.71,125.71,125.71,125.71,125.71,125.71,125.71,125.71,125.71,125.71,125.71,133.47,133.47,133.47,133.47,133.47,133.47,133.47,133.47,133.47,133.47,133.47,133.47,129.03,129.47,129.88,129.88,129.88,129.88,129.88,129.88,129.88,129.88,129.88,129.88,135.94,135.94,135.94,135.94,135.94,135.94,135.94,135.94,135.94,135.94,135.94,135.94,145.96,145.96,145.96,145.96,145.96,145.96,145.96,145.96,145.96,145.96,145.96,145.96,150.52,150.52,150.52,150.52,150.52,150.52,150.52,150.52,150.52,150.52,150.52,150.52,160.20,160.20,160.20,160.20,160.20,160.20,160.20,160.20,160.20,160.20,160.20,160.20,163.57,163.57,163.57,163.57,163.57,163.57,163.57,163.57,163.57,163.57
Grupo,0.012392353,102,Enseñanza secundaria,103.35,103.35,103.35,103.35,103.35,103.35,103.35,103.35,105.04,110.36,110.36,110.36,110.36,110.36,110.36,110.36,110.36,110.36,110.36,110.36,114.32,114.32,114.32,114.32,114.32,114.32,114.32,114.32,114.32,114.32,114.32,114.32,122.59,122.59,122.59,122.59,122.59,122.59,122.59,122.59,122.59,122.59,122.59,122.59,124.65,124.65,124.65,124.65,124.65,124.65,124.65,124.65,124.65,124.65,124.65,124.65,132.18,132.18,132.18,132.18,132.18,132.18,132.18,132.18,132.18,132.18,132.18,132.18,127.88,128.30,128.70,128.70,128.70,128.70,128.70,128.70,128.70,128.70,128.70,128.70,134.58,134.58,134.58,134.58,134.58,134.58,134.58,134.58,134.58,134.58,134.58,134.58,144.42,144.42,144.42,144.42,144.42,144.42,144.42,144.42,144.42,144.42,144.42,144.42,148.91,148.91,148.91,148.91,148.91,148.91,148.91,148.91,148.91,148.91,148.91,148.91,157.99,157.99,157.99,157.99,157.99,157.99,157.99,157.99,157.99,157.99,157.99,157.99,161.64,161.64,161.64,161.64,161.64,161.64,161.64,161.64,161.64,161.64
Clase,0.012392353,1020,Enseñanza secundaria (S),103.35,103.35,103.35,103.35,103.35,103.35,103.35,103.35,105.04,110.36,110.36,110.36,110.36,110.36,110.36,110.36,110.36,110.36,110.36,110.36,114.32,114.32,114.32,114.32,114.32,114.32,114.32,114.32,114.32,114.32,114.32,114.32,122.59,122.59,122.59,122.59,122.59,122.59,122.59,122.59,122.59,122.59,122.59,122.59,124.65,124.65,124.65,124.65,124.65,124.65,124.65,124.65,124.65,124.65,124.65,124.65,132.18,132.18,132.18,132.18,132.18,132.18,132.18,132.18,132.18,132.18,132.18,132.18,127.88,128.30,128.70,128.70,128.70,128.70,128.70,128.70,128.70,128.70,128.70,128.70,134.58,134.58,134.58,134.58,134.58,134.58,134.58,134.58,134.58,134.58,134.58,134.58,144.42,144.42,144.42,144.42,144.42,144.42,144.42,144.42,144.42,144.42,144.42,144.42,148.91,148.91,148.91,148.91,148.91,148.91,148.91,148.91,148.91,148.91,148.91,148.91,157.99,157.99,157.99,157.99,157.99,157.99,157.99,157.99,157.99,157.99,157.99,157.99,161.64,161.64,161.64,161.64,161.64,161.64,161.64,161.64,161.64,161.64
Subclase,0.012392353,10201,Enseñanza secundaria,103.35,103.35,103.35,103.35,103.35,103.35,103.35,103.35,105.04,110.36,110.36,110.36,110.36,110.36,110.36,110.36,110.36,110.36,110.36,110.36,114.32,114.32,114.32,114.32,114.32,114.32,114.32,114.32,114.32,114.32,114.32,114.32,122.59,122.59,122.59,122.59,122.59,122.59,122.59,122.59,122.59,122.59,122.59,122.59,124.65,124.65,124.65,124.65,124.65,124.65,124.65,124.65,124.65,124.65,124.65,124.65,132.18,132.18,132.18,132.18,132.18,132.18,132.18,132.18,132.18,132.18,132.18,132.18,127.88,128.30,128.70,128.70,128.70,128.70,128.70,128.70,128.70,128.70,128.70,128.70,134.58,134.58,134.58,134.58,134.58,134.58,134.58,134.58,134.58,134.58,134.58,134.58,144.42,144.42,144.42,144.42,144.42,144.42,144.42,144.42,144.42,144.42,144.42,144.42,148.91,148.91,148.91,148.91,148.91,148.91,148.91,148.91,148.91,148.91,148.91,148.91,157.99,157.99,157.99,157.99,157.99,157.99,157.99,157.99,157.99,157.99,157.99,157.99,161.64,161.64,161.64,161.64,161.64,161.64,161.64,161.64,161.64,161.64
Producto,0.005629964,10201306,EDUCACIÓN BÁSICA SUPERIOR,103.59,103.59,103.59,103.59,103.59,103.59,103.59,103.59,104.95,110.40,110.40,110.40,110.40,110.40,110.40,110.40,110.40,110.40,110.40,110.40,114.58,114.58,114.58,114.58,114.58,114.58,114.58,114.58,114.58,114.58,114.58,114.58,122.75,122.75,122.75,122.75,122.75,122.75,122.75,122.75,122.75,122.75,122.75,122.75,124.74,124.74,124.74,124.74,124.74,124.74,124.74,124.74,124.74,124.74,124.74,124.74,132.43,132.43,132.43,132.43,132.43,132.43,132.43,132.43,132.43,132.43,132.43,132.43,128.03,128.46,128.87,128.87,128.87,128.87,128.87,128.87,128.87,128.87,128.87,128.87,134.88,134.88,134.88,134.88,134.88,134.88,134.88,134.88,134.88,134.88,134.88,134.88,144.82,144.82,144.82,144.82,144.82,144.82,144.82,144.82,144.82,144.82,144.82,144.82,149.35,149.35,149.35,149.35,149.35,149.35,149.35,149.35,149.35,149.35,149.35,149.35,158.57,158.57,158.57,158.57,158.57,158.57,158.57,158.57,158.57,158.57,158.57,158.57,161.90,161.90,161.90,161.90,161.90,161.90,161.90,161.90,161.90,161.90
Producto,0.006444506,10201307,EDUCACIÓN BACHILLERATO,103.02,103.02,103.02,103.02,103.02,103.02,103.02,103.02,104.94,110.40,110.40,110.40,110.40,110.40,110.40,110.40,110.40,110.40,110.40,110.40,114.15,114.15,114.15,114.15,114.15,114.15,114.15,114.15,114.15,114.15,114.15,114.15,122.75,122.75,122.75,122.75,122.75,122.75,122.75,122.75,122.75,122.75,122.75,122.75,124.73,124.73,124.73,124.73,124.73,124.73,124.73,124.73,124.73,124.73,124.73,124.73,132.43,132.43,132.43,132.43,132.43,132.43,132.43,132.43,132.43,132.43,132.43,132.43,128.02,128.46,128.86,128.86,128.86,128.86,128.86,128.86,128.86,128.86,128.86,128.86,134.91,134.91,134.91,134.91,134.91,134.91,134.91,134.91,134.91,134.91,134.91,134.91,144.85,144.85,144.85,144.85,144.85,144.85,144.85,144.85,144.85,144.85,144.85,144.85,149.38,149.38,149.38,149.38,149.38,149.38,149.38,149.38,149.38,149.38,149.38,149.38,159.02,159.02,159.02,159.02,159.02,159.02,159.02,159.02,159.02,159.02,159.02,159.02,162.35,162.35,162.35,162.35,162.35,162.35,162.35,162.35,162.35,162.35
Producto,0.000317883,10201308,EDUCACIÓN BACHILLERATO A DISTANCIA,104.72,104.72,104.72,104.72,104.72,104.72,104.72,104.72,108.75,108.75,108.75,108.75,108.75,108.75,108.75,108.75,108.75,108.75,108.75,108.75,112.26,112.26,112.26,112.26,112.26,112.26,112.26,112.26,112.26,112.26,112.26,112.26,115.80,115.80,115.80,115.80,115.80,115.80,115.80,115.80,115.80,115.80,115.80,115.80,121.45,121.45,121.45,121.45,121.45,121.45,121.45,121.45,121.45,121.45,121.45,121.45,121.93,121.93,121.93,121.93,121.93,121.93,121.93,121.93,121.93,121.93,121.93,121.93,121.96,121.96,121.96,121.96,121.96,121.96,121.96,121.96,121.96,121.96,121.96,121.96,121.96,121.96,121.96,121.96,121.96,121.96,121.96,121.96,121.96,121.96,121.96,121.96,127.47,127.47,127.47,127.47,127.47,127.47,127.47,127.47,127.47,127.47,127.47,127.47,130.44,130.44,130.44,130.44,130.44,130.44,130.44,130.44,130.44,130.44,130.44,130.44,125.34,125.34,125.34,125.34,125.34,125.34,125.34,125.34,125.34,125.34,125.34,125.34,141.99,141.99,141.99,141.99,141.99,141.99,141.99,141.99,141.99,141.99
Grupo,0.017828756,104,Enseñanza terciaria,99.60,99.60,99.60,99.60,99.60,99.60,99.60,99.60,97.13,96.47,96.47,96.47,96.47,96.47,96.47,96.47,96.47,96.47,96.47,96.47,124.24,124.24,124.24,124.24,124.24,124.24,124.24,124.24,124.24,124.24,124.24,124.24,124.66,124.66,124.66,124.66,124.66,124.66,124.66,124.66,124.66,124.66,124.66,124.66,118.83,118.65,118.65,118.65,118.65,118.65,118.65,118.65,118.65,118.65,118.65,118.65,118.51,118.63,118.63,118.63,118.63,118.63,118.63,118.63,118.63,118.63,118.63,118.63,119.29,115.40,115.40,115.40,115.40,115.40,115.40,115.40,115.40,115.40,115.40,115.40,123.34,123.34,123.34,123.34,123.34,123.34,123.34,123.34,123.34,123.34,123.34,123.34,123.04,123.04,123.04,123.04,123.04,123.04,123.04,123.04,123.04,123.04,123.04,123.04,120.99,120.99,120.99,120.99,120.99,120.99,120.99,120.99,120.99,120.99,120.99,120.99,118.37,118.37,118.37,118.37,118.37,118.37,118.37,118.37,118.37,118.37,118.37,118.37,117.32,117.32,117.32,117.32,117.32,117.32,117.32,117.32,117.32,117.32
Clase,0.017828756,1040,Enseñanza terciaria (S),99.60,99.60,99.60,99.60,99.60,99.60,99.60,99.60,97.13,96.47,96.47,96.47,96.47,96.47,96.47,96.47,96.47,96.47,96.47,96.47,124.24,124.24,124.24,124.24,124.24,124.24,124.24,124.24,124.24,124.24,124.24,124.24,124.66,124.66,124.66,124.66,124.66,124.66,124.66,124.66,124.66,124.66,124.66,124.66,118.83,118.65,118.65,118.65,118.65,118.65,118.65,118.65,118.65,118.65,118.65,118.65,118.51,118.63,118.63,118.63,118.63,118.63,118.63,118.63,118.63,118.63,118.63,118.63,119.29,115.40,115.40,115.40,115.40,115.40,115.40,115.40,115.40,115.40,115.40,115.40,123.34,123.34,123.34,123.34,123.34,123.34,123.34,123.34,123.34,123.34,123.34,123.34,123.04,123.04,123.04,123.04,123.04,123.04,123.04,123.04,123.04,123.04,123.04,123.04,120.99,120.99,120.99,120.99,120.99,120.99,120.99,120.99,120.99,120.99,120.99,120.99,118.37,118.37,118.37,118.37,118.37,118.37,118.37,118.37,118.37,118.37,118.37,118.37,117.32,117.32,117.32,117.32,117.32,117.32,117.32,117.32,117.32,117.32
Subclase,0.017828756,10401,Enseñanza universitaria,99.60,99.60,99.60,99.60,99.60,99.60,99.60,99.60,97.13,96.47,96.47,96.47,96.47,96.47,96.47,96.47,96.47,96.47,96.47,96.47,124.24,124.24,124.24,124.24,124.24,124.24,124.24,124.24,124.24,124.24,124.24,124.24,124.66,124.66,124.66,124.66,124.66,124.66,124.66,124.66,124.66,124.66,124.66,124.66,118.83,118.65,118.65,118.65,118.65,118.65,118.65,118.65,118.65,118.65,118.65,118.65,118.51,118.63,118.63,118.63,118.63,118.63,118.63,118.63,118.63,118.63,118.63,118.63,119.29,115.40,115.40,115.40,115.40,115.40,115.40,115.40,115.40,115.40,115.40,115.40,123.34,123.34,123.34,123.34,123.34,123.34,123.34,123.34,123.34,123.34,123.34,123.34,123.04,123.04,123.04,123.04,123.04,123.04,123.04,123.04,123.04,123.04,123.04,123.04,120.99,120.99,120.99,120.99,120.99,120.99,120.99,120.99,120.99,120.99,120.99,120.99,118.37,118.37,118.37,118.37,118.37,118.37,118.37,118.37,118.37,118.37,118.37,118.37,117.32,117.32,117.32,117.32,117.32,117.32,117.32,117.32,117.32,117.32
Producto,0.012800604,10401309,EDUCACIÓN UNIVERSITARIA PREGRADO,100.07,100.07,100.07,100.07,100.07,100.07,100.07,100.07,96.63,96.63,96.63,96.63,96.63,96.63,96.63,96.63,96.63,96.63,96.63,96.63,131.91,131.91,131.91,131.91,131.91,131.91,131.91,131.91,131.91,131.91,131.91,131.91,132.39,132.39,132.39,132.39,132.39,132.39,132.39,132.39,132.39,132.39,132.39,132.39,124.69,124.69,124.69,124.69,124.69,124.69,124.69,124.69,124.69,124.69,124.69,124.69,124.69,124.69,124.69,124.69,124.69,124.69,124.69,124.69,124.69,124.69,124.69,124.69,124.32,119.16,119.16,119.16,119.16,119.16,119.16,119.16,119.16,119.16,119.16,119.16,129.70,129.70,129.70,129.70,129.70,129.70,129.70,129.70,129.70,129.70,129.70,129.70,129.29,129.29,129.29,129.29,129.29,129.29,129.29,129.29,129.29,129.29,129.29,129.29,130.32,130.32,130.32,130.32,130.32,130.32,130.32,130.32,130.32,130.32,130.32,130.32,127.33,127.33,127.33,127.33,127.33,127.33,127.33,127.33,127.33,127.33,127.33,127.33,127.54,127.54,127.54,127.54,127.54,127.54,127.54,127.54,127.54,127.54
Producto,0.005028152,10401310,EDUCACIÓN UNIVERSITARIA POSTGRADO,98.15,98.15,98.15,98.15,98.15,98.15,98.15,98.15,98.65,95.97,95.97,95.97,95.97,95.97,95.97,95.97,95.97,95.97,95.97,95.97,100.79,100.79,100.79,100.79,100.79,100.79,100.79,100.79,100.79,100.79,100.79,100.79,101.01,101.01,101.01,101.01,101.01,101.01,101.01,101.01,101.01,101.01,101.01,101.01,100.90,100.19,100.19,100.19,100.19,100.19,100.19,100.19,100.19,100.19,100.19,100.19,99.59,100.11,100.11,100.11,100.11,100.11,100.11,100.11,100.11,100.11,100.11,100.11,103.92,103.92,103.92,103.92,103.92,103.92,103.92,103.92,103.92,103.92,103.92,103.92,103.92,103.92,103.92,103.92,103.92,103.92,103.92,103.92,103.92,103.92,103.92,103.92,103.92,103.92,103.92,103.92,103.92,103.92,103.92,103.92,103.92,103.92,103.92,103.92,92.45,92.45,92.45,92.45,92.45,92.45,92.45,92.45,92.45,92.45,92.45,92.45,90.95,90.95,90.95,90.95,90.95,90.95,90.95,90.95,90.95,90.95,90.95,90.95,86.08,86.08,86.08,86.08,86.08,86.08,86.08,86.08,86.08,86.08
Grupo,0.006087215,105,Enseñanza no atribuible a ningún nivel,98.86,98.86,98.86,100.96,102.95,102.95,102.95,102.95,102.55,102.55,102.55,102.55,102.38,102.38,103.73,103.73,103.73,104.29,104.29,108.65,108.65,108.65,108.65,108.65,108.65,111.69,111.69,111.69,112.73,111.71,111.71,111.71,125.65,125.65,125.65,133.95,133.95,133.95,133.95,133.95,133.95,133.95,133.95,133.95,133.95,133.95,133.95,140.50,140.50,140.50,140.50,141.50,147.18,147.18,147.18,146.01,143.97,142.44,142.44,142.44,153.17,154.21,154.59,150.06,150.06,150.06,150.06,150.06,150.06,142.72,142.72,142.72,147.42,147.42,140.18,140.18,141.96,141.96,141.96,139.35,139.35,139.35,139.35,139.35,135.83,135.83,133.22,141.94,140.76,141.94,145.56,150.11,151.39,151.39,151.39,151.39,153.65,151.97,150.20,149.53,149.53,150.36,150.36,153.67,153.67,153.67,150.36,150.36,148.72,150.77,155.13,156.28,161.65,159.12,157.94,160.82,160.82,160.82,160.82,158.77,160.06,160.06,160.06,160.06,160.06,160.06,162.78,159.47,162.62,166.05,166.05,166.05,166.05,166.05,166.05,166.05,163.64,163.26
Clase,0.006087215,1050,Enseñanza no atribuible a ningún nivel (S),98.86,98.86,98.86,100.96,102.95,102.95,102.95,102.95,102.55,102.55,102.55,102.55,102.38,102.38,103.73,103.73,103.73,104.29,104.29,108.65,108.65,108.65,108.65,108.65,108.65,111.69,111.69,111.69,112.73,111.71,111.71,111.71,125.65,125.65,125.65,133.95,133.95,133.95,133.95,133.95,133.95,133.95,133.95,133.95,133.95,133.95,133.95,140.50,140.50,140.50,140.50,141.50,147.18,147.18,147.18,146.01,143.97,142.44,142.44,142.44,153.17,154.21,154.59,150.06,150.06,150.06,150.06,150.06,150.06,142.72,142.72,142.72,147.42,147.42,140.18,140.18,141.96,141.96,141.96,139.35,139.35,139.35,139.35,139.35,135.83,135.83,133.22,141.94,140.76,141.94,145.56,150.11,151.39,151.39,151.39,151.39,153.65,151.97,150.20,149.53,149.53,150.36,150.36,153.67,153.67,153.67,150.36,150.36,148.72,150.77,155.13,156.28,161.65,159.12,157.94,160.82,160.82,160.82,160.82,158.77,160.06,160.06,160.06,160.06,160.06,160.06,162.78,159.47,162.62,166.05,166.05,166.05,166.05,166.05,166.05,166.05,163.64,163.26
Subclase,0.006087215,10501,Enseñanza no atribuible a ningún nivel,98.86,98.86,98.86,100.96,102.95,102.95,102.95,102.95,102.55,102.55,102.55,102.55,102.38,102.38,103.73,103.73,103.73,104.29,104.29,108.65,108.65,108.65,108.65,108.65,108.65,111.69,111.69,111.69,112.73,111.71,111.71,111.71,125.65,125.65,125.65,133.95,133.95,133.95,133.95,133.95,133.95,133.95,133.95,133.95,133.95,133.95,133.95,140.50,140.50,140.50,140.50,141.50,147.18,147.18,147.18,146.01,143.97,142.44,142.44,142.44,153.17,154.21,154.59,150.06,150.06,150.06,150.06,150.06,150.06,142.72,142.72,142.72,147.42,147.42,140.18,140.18,141.96,141.96,141.96,139.35,139.35,139.35,139.35,139.35,135.83,135.83,133.22,141.94,140.76,141.94,145.56,150.11,151.39,151.39,151.39,151.39,153.65,151.97,150.20,149.53,149.53,150.36,150.36,153.67,153.67,153.67,150.36,150.36,148.72,150.77,155.13,156.28,161.65,159.12,157.94,160.82,160.82,160.82,160.82,158.77,160.06,160.06,160.06,160.06,160.06,160.06,162.78,159.47,162.62,166.05,166.05,166.05,166.05,166.05,166.05,166.05,163.64,163.26
Producto,0.001448665,10501311,CURSO DE COMPUTACIÓN,98.06,98.06,98.06,98.06,98.06,98.06,98.06,98.06,94.45,94.45,94.45,94.45,92.93,92.93,92.93,92.93,92.93,92.93,92.93,97.26,97.26,97.26,97.26,97.26,97.26,97.26,97.26,97.26,97.26,95.89,95.89,95.89,95.89,95.89,95.89,95.89,95.89,95.89,95.89,95.89,95.89,95.89,95.89,95.89,95.89,95.89,95.89,95.89,95.89,95.89,95.89,95.89,95.89,95.89,95.89,95.89,96.17,95.89,95.89,95.89,95.89,95.89,95.89,95.89,95.89,95.89,95.89,95.89,95.89,95.89,95.89,95.89,95.89,95.89,95.89,95.89,95.89,95.89,95.89,95.89,95.89,95.89,95.89,95.89,95.89,95.89,95.89,103.80,103.80,103.80,103.01,103.01,103.80,103.80,103.80,103.80,103.80,103.80,103.80,97.67,97.67,105.21,105.21,105.21,105.21,105.21,105.21,105.21,105.21,105.21,105.21,105.21,105.21,105.21,105.21,105.21,105.21,105.21,105.21,105.21,105.21,105.21,105.21,105.21,105.21,105.21,105.21,105.21,105.21,105.21,105.21,105.21,105.21,105.21,105.21,105.21,108.61,105.21
Producto,0.00463855,10501312,CURSO DE IDIOMAS,98.96,98.96,98.96,101.31,103.55,103.55,103.55,103.55,103.55,103.55,103.55,103.55,103.55,103.55,105.07,105.07,105.07,105.70,105.70,110.07,110.07,110.07,110.07,110.07,110.07,113.48,113.48,113.48,114.65,113.68,113.68,113.68,129.34,129.34,129.34,138.67,138.67,138.67,138.67,138.67,138.67,138.67,138.67,138.67,138.67,138.67,138.67,146.03,146.03,146.03,146.03,147.16,153.54,153.54,153.54,152.22,149.90,148.22,148.22,148.22,160.28,161.44,161.87,156.78,156.78,156.78,156.78,156.78,156.78,148.52,148.52,148.52,153.81,153.81,145.68,145.68,147.67,147.67,147.67,144.74,144.74,144.74,144.74,144.74,140.79,140.79,137.85,146.68,145.34,146.68,150.83,155.96,157.29,157.29,157.29,157.29,159.83,157.94,155.96,155.96,155.96,155.96,155.96,159.68,159.68,159.68,155.96,155.96,154.12,156.42,161.32,162.61,168.65,165.80,164.48,167.72,167.72,167.72,167.72,165.42,166.86,166.86,166.86,166.86,166.86,166.86,169.93,166.20,169.74,173.60,173.60,173.60,173.60,173.60,173.60,173.60,170.46,170.46
División,0.079639262,11,Restaurantes y hoteles,103.32,103.72,103.87,103.94,105.74,105.28,105.56,105.50,105.52,105.58,105.72,105.65,106.00,105.94,105.78,105.74,105.73,106.32,106.39,106.44,106.72,106.63,106.51,106.39,106.76,106.75,107.61,107.28,107.48,107.48,107.69,107.65,107.79,106.96,106.95,106.84,107.02,107.17,108.19,108.11,106.55,106.52,106.52,106.72,106.76,107.56,107.44,107.24,107.38,107.49,107.46,108.27,108.21,108.15,108.26,108.13,108.23,108.27,108.37,108.15,108.08,108.25,108.20,108.18,108.56,108.36,107.31,105.79,106.48,106.56,106.56,106.51,106.65,106.83,106.89,106.86,107.98,108.11,108.17,109.74,110.07,110.02,111.12,111.53,111.46,111.43,111.34,111.63,111.85,112.44,114.58,114.85,114.03,114.28,114.18,114.09,114.22,114.27,114.82,114.83,114.82,114.99,114.23,114.33,115.41,116.38,116.37,116.36,116.77,116.95,117.06,120.60,120.64,120.62,120.67,121.48,121.60,121.66,121.66,121.67,121.71,122.88,122.95,122.87,122.94,123.16,123.22,123.51,123.73,124.40,124.48,124.43,126.79,127.70,127.57,126.93,127.11,127.07
Grupo,0.07762909,111,Servicios de suministro de comidas por contrato,103.94,104.38,104.49,104.58,106.39,105.85,106.11,106.14,106.15,106.27,106.43,106.56,106.64,106.63,106.58,106.56,106.51,107.10,107.23,107.31,107.44,107.31,107.28,107.32,107.47,107.53,108.42,108.24,108.36,108.35,108.57,108.60,108.70,107.86,107.87,107.85,107.98,108.07,109.17,109.11,107.47,107.45,107.45,107.64,107.70,108.57,108.48,108.34,108.45,108.49,108.48,109.26,109.20,109.22,109.32,109.22,109.30,109.31,109.49,109.47,109.17,109.35,109.35,109.35,109.83,109.80,108.92,107.43,108.06,108.15,108.17,108.13,108.35,108.56,108.63,108.60,109.79,109.84,109.86,111.45,111.77,111.69,112.75,113.18,113.14,113.12,112.97,113.21,113.45,114.00,116.32,116.43,115.57,115.62,115.68,115.69,115.83,115.85,116.40,116.43,116.43,116.56,115.78,115.91,117.03,117.96,117.96,118.01,118.48,118.72,118.83,122.39,122.47,122.45,122.46,123.32,123.38,123.46,123.53,123.53,123.57,124.79,124.85,124.81,124.91,125.04,125.06,125.17,125.54,126.23,126.34,126.32,128.80,129.77,129.63,128.89,129.06,128.96
Clase,0.07762909,1111,"Restaurantes, cafés y establecimientos similares (S)",103.94,104.38,104.49,104.58,106.39,105.85,106.11,106.14,106.15,106.27,106.43,106.56,106.64,106.63,106.58,106.56,106.51,107.10,107.23,107.31,107.44,107.31,107.28,107.32,107.47,107.53,108.42,108.24,108.36,108.35,108.57,108.60,108.70,107.86,107.87,107.85,107.98,108.07,109.17,109.11,107.47,107.45,107.45,107.64,107.70,108.57,108.48,108.34,108.45,108.49,108.48,109.26,109.20,109.22,109.32,109.22,109.30,109.31,109.49,109.47,109.17,109.35,109.35,109.35,109.83,109.80,108.92,107.43,108.06,108.15,108.17,108.13,108.35,108.56,108.63,108.60,109.79,109.84,109.86,111.45,111.77,111.69,112.75,113.18,113.14,113.12,112.97,113.21,113.45,114.00,116.32,116.43,115.57,115.62,115.68,115.69,115.83,115.85,116.40,116.43,116.43,116.56,115.78,115.91,117.03,117.96,117.96,118.01,118.48,118.72,118.83,122.39,122.47,122.45,122.46,123.32,123.38,123.46,123.53,123.53,123.57,124.79,124.85,124.81,124.91,125.04,125.06,125.17,125.54,126.23,126.34,126.32,128.80,129.77,129.63,128.89,129.06,128.96
Subclase,0.07762909,11111,"Restaurantes, cafés y establecimientos similares",103.94,104.38,104.49,104.58,106.39,105.85,106.11,106.14,106.15,106.27,106.43,106.56,106.64,106.63,106.58,106.56,106.51,107.10,107.23,107.31,107.44,107.31,107.28,107.32,107.47,107.53,108.42,108.24,108.36,108.35,108.57,108.60,108.70,107.86,107.87,107.85,107.98,108.07,109.17,109.11,107.47,107.45,107.45,107.64,107.70,108.57,108.48,108.34,108.45,108.49,108.48,109.26,109.20,109.22,109.32,109.22,109.30,109.31,109.49,109.47,109.17,109.35,109.35,109.35,109.83,109.80,108.92,107.43,108.06,108.15,108.17,108.13,108.35,108.56,108.63,108.60,109.79,109.84,109.86,111.45,111.77,111.69,112.75,113.18,113.14,113.12,112.97,113.21,113.45,114.00,116.32,116.43,115.57,115.62,115.68,115.69,115.83,115.85,116.40,116.43,116.43,116.56,115.78,115.91,117.03,117.96,117.96,118.01,118.48,118.72,118.83,122.39,122.47,122.45,122.46,123.32,123.38,123.46,123.53,123.53,123.57,124.79,124.85,124.81,124.91,125.04,125.06,125.17,125.54,126.23,126.34,126.32,128.80,129.77,129.63,128.89,129.06,128.96
Producto,0.00054352,11111313,DESAYUNO,100.40,100.40,100.40,100.40,100.40,100.40,100.40,104.98,104.98,104.98,104.98,104.98,104.98,104.98,104.98,104.98,104.98,104.98,104.98,104.98,104.98,106.57,106.57,106.57,108.94,108.94,108.94,106.57,106.57,106.57,106.57,106.57,106.57,106.57,106.57,106.57,106.57,106.57,110.02,110.02,110.02,110.02,110.02,110.02,110.02,110.02,110.02,110.02,110.02,110.02,110.02,110.02,110.02,110.02,110.02,110.02,110.02,110.02,110.02,110.02,110.02,110.02,110.02,110.02,110.02,110.02,110.02,110.02,110.02,110.02,110.02,110.02,110.02,110.02,110.02,110.02,110.02,107.19,103.83,107.19,110.67,114.25,114.25,117.27,117.27,117.27,117.27,117.27,117.27,117.27,118.87,118.87,120.36,120.36,120.36,120.36,120.36,123.04,123.04,123.04,123.04,126.05,126.05,126.05,126.05,126.05,126.05,126.05,127.96,127.96,127.96,127.96,128.86,128.86,128.86,128.86,128.86,127.96,135.59,135.59,135.59,135.59,136.82,138.06,138.06,138.06,138.06,138.06,138.06,138.06,138.06,138.06,138.06,138.06,138.82,138.82,138.82,138.82
Producto,0.048204076,11111314,ALMUERZO POPULAR,103.34,103.34,103.34,103.34,106.14,106.14,106.14,106.14,106.14,106.14,106.14,106.14,106.14,106.14,106.14,106.14,106.14,106.14,106.14,106.14,106.14,106.14,106.14,106.14,106.14,106.14,107.41,107.41,107.41,107.41,107.41,107.41,107.41,106.14,106.14,106.14,106.14,106.14,107.71,107.71,105.28,105.28,105.28,105.28,105.28,106.68,106.68,106.68,106.68,106.68,106.68,107.85,107.85,107.85,107.85,107.85,107.85,107.85,107.85,107.85,107.85,107.85,107.85,107.85,107.85,107.85,107.85,106.44,106.98,106.98,106.98,106.98,106.98,106.98,106.98,106.98,108.40,108.40,108.40,110.90,110.90,110.90,112.54,112.54,112.54,112.54,112.54,112.54,112.54,112.54,115.58,115.58,114.21,114.21,114.21,114.21,114.21,114.21,114.21,114.21,114.21,114.21,112.98,112.98,114.47,115.72,115.72,115.72,115.72,115.72,115.72,120.26,120.54,120.54,120.54,121.85,121.85,121.85,121.85,121.85,121.85,123.31,123.31,123.31,123.31,123.31,123.31,123.31,123.31,123.31,123.31,123.31,126.16,127.67,127.67,126.29,126.29,126.29
Producto,0.01436788,11111315,ALMUERZO EJECUTIVO ,102.65,105.87,105.87,105.87,105.87,102.65,105.10,105.10,105.10,105.10,105.10,105.10,105.10,105.10,105.10,105.10,105.10,107.60,107.60,107.60,107.60,107.60,107.60,107.60,107.60,107.60,107.60,107.60,107.60,109.11,110.89,110.89,110.89,110.89,110.89,110.89,111.91,111.91,111.91,111.91,111.91,111.91,111.91,111.91,111.91,111.91,111.91,111.91,111.91,111.91,111.91,111.91,111.91,111.91,111.91,111.91,111.91,111.91,111.91,111.91,109.48,109.48,109.48,109.48,113.19,112.25,105.88,103.09,104.71,105.38,105.38,105.38,105.38,107.10,107.10,107.10,109.16,109.16,109.16,109.16,111.01,111.01,111.01,113.15,113.15,113.15,111.33,111.33,111.33,114.27,114.27,114.27,114.27,114.27,114.27,114.27,114.27,114.27,117.47,117.47,117.47,117.47,117.47,117.47,117.47,117.47,117.47,117.47,120.74,120.74,120.74,120.74,120.74,120.74,120.74,120.74,120.74,120.74,120.74,120.74,120.74,120.74,120.74,120.74,120.74,120.74,120.74,120.74,123.43,127.43,127.43,127.43,132.30,132.30,130.79,130.79,130.79,130.79
Producto,0.005920828,11111316,COMIDA TRADICIONAL PREPARADA ,105.18,105.96,105.96,106.41,106.41,105.21,103.27,103.81,103.81,104.43,104.43,104.43,104.43,104.43,104.43,104.99,105.19,106.40,106.60,106.83,106.83,106.83,106.83,106.54,107.41,107.77,108.63,109.19,109.19,109.19,109.19,109.19,110.21,110.21,110.21,110.21,110.69,110.99,111.83,110.80,109.93,109.93,109.93,109.32,109.32,108.29,108.84,108.29,108.94,108.94,108.94,109.24,109.24,109.26,109.26,109.26,109.26,110.14,110.70,110.70,110.70,112.59,112.59,112.59,112.69,112.93,111.99,110.69,112.17,112.17,112.17,112.17,113.23,113.23,113.23,113.23,113.23,113.23,113.23,113.23,113.97,113.97,114.90,114.90,113.78,113.46,114.20,115.95,116.10,116.96,119.08,118.48,118.48,118.48,119.25,119.25,120.63,120.63,121.33,121.33,121.33,121.71,121.71,122.16,122.16,124.04,124.04,124.54,124.54,125.97,125.97,126.71,125.60,125.95,125.95,125.95,126.91,126.91,127.20,127.20,128.41,128.88,129.72,129.68,129.68,130.05,130.12,130.12,130.12,131.09,131.47,131.47,131.47,130.32,130.67,130.99,131.69,131.69
Producto,0.004269664,11111317,PLATOS PREPARADOS,102.74,101.93,103.39,103.64,102.71,102.05,102.38,102.10,101.85,101.30,101.53,102.31,103.30,103.18,102.56,103.56,102.70,103.02,104.29,104.37,104.53,104.63,104.18,104.97,106.11,106.53,107.10,105.02,105.85,105.19,104.69,103.73,104.28,104.05,104.07,104.16,103.85,104.81,105.34,105.32,105.25,104.88,105.26,105.98,106.06,106.46,104.95,103.46,103.74,104.34,104.97,105.38,104.58,104.84,105.28,104.00,105.12,105.51,107.47,107.14,106.90,106.20,106.15,106.15,105.59,106.73,106.86,105.00,104.67,104.67,104.67,103.94,106.01,105.57,106.36,106.36,106.36,106.73,106.73,106.52,106.52,105.85,104.25,104.97,105.32,105.32,106.17,106.27,107.33,107.43,108.04,108.60,108.59,108.50,108.55,108.95,108.95,109.56,110.29,110.69,110.69,110.73,110.87,112.17,112.05,112.36,112.36,112.55,112.55,112.72,112.72,116.12,115.54,115.50,115.41,115.41,116.19,116.84,116.96,116.96,116.96,116.97,116.78,115.88,115.95,116.13,116.13,116.13,116.13,118.12,119.37,119.11,118.34,118.34,118.59,119.12,120.36,120.36
Producto,0.001566352,11111318,COMIDA RÁPIDA,120.25,120.25,120.25,120.25,122.92,123.58,123.58,123.58,124.20,127.81,129.61,130.21,130.21,130.21,130.21,126.58,126.58,129.63,129.40,130.45,131.00,129.77,129.77,129.77,129.77,129.77,129.68,128.84,128.84,124.38,124.55,124.55,124.55,124.17,124.17,124.17,123.73,123.73,123.73,123.73,123.73,123.73,123.73,127.06,127.06,127.06,127.06,127.06,127.76,127.76,126.75,126.75,126.75,126.75,127.71,127.71,127.71,125.83,125.83,125.83,127.47,131.22,131.22,131.22,131.22,131.22,131.22,131.22,131.22,131.22,131.22,131.22,131.22,131.22,131.55,131.55,131.55,132.56,132.56,132.56,132.56,131.03,132.56,132.19,132.18,132.18,132.18,133.88,135.67,136.69,139.53,142.43,142.43,142.43,142.43,142.06,142.06,140.90,140.90,140.90,140.90,140.90,140.90,140.90,144.33,144.33,144.33,144.33,144.32,144.83,147.90,152.23,152.23,150.29,150.29,150.29,148.81,147.74,147.74,147.74,147.74,147.74,147.74,147.74,150.40,152.67,152.67,152.69,152.69,152.69,152.69,152.69,153.92,153.92,153.93,153.93,153.93,153.93
Producto,0.00239455,11111319,HAMBURGUESA Y SÁNDUCHE,102.18,102.18,102.18,103.26,103.59,103.59,103.59,103.57,103.57,103.57,105.23,106.60,106.60,106.60,106.60,106.74,106.74,106.87,107.06,107.05,109.49,107.05,107.05,107.05,107.05,107.05,107.11,106.73,108.24,108.13,108.13,109.48,109.48,109.48,109.53,108.83,108.83,108.83,108.83,108.83,108.83,108.83,108.83,109.35,110.07,110.07,110.07,110.07,110.32,110.32,109.69,109.69,109.69,109.69,110.24,110.24,110.24,110.24,110.24,110.24,110.24,109.99,109.99,109.99,109.99,109.99,111.36,111.36,111.36,111.36,111.95,111.95,111.95,111.95,111.95,111.95,111.95,111.95,113.09,113.09,113.09,113.09,113.77,113.62,113.62,113.62,113.62,115.15,116.77,117.81,120.22,120.07,120.07,121.57,121.81,121.81,123.30,123.30,123.47,123.47,123.47,125.01,125.01,125.01,126.23,126.23,126.23,126.23,126.23,127.54,127.54,132.32,132.32,133.18,133.18,133.89,133.89,135.04,135.04,135.04,135.04,141.47,142.05,142.60,142.60,142.77,142.78,145.57,145.36,143.49,143.49,143.48,143.65,146.36,146.36,148.34,149.16,146.79
Producto,0.000123941,11111320,BEBIDAS CALIENTES,117.25,117.92,117.92,117.92,117.92,117.92,117.92,117.92,117.92,117.92,117.92,117.92,117.92,117.92,117.92,117.92,117.92,122.14,126.77,129.62,129.62,129.62,129.62,129.62,129.62,129.62,129.62,129.62,129.62,129.62,129.62,137.10,137.10,137.10,137.10,137.10,137.10,137.10,137.10,137.10,130.68,130.68,126.77,130.07,134.08,135.63,135.63,135.63,135.63,135.63,135.63,135.63,135.63,135.63,135.63,135.63,135.63,135.63,135.63,135.63,135.63,135.63,135.63,135.63,135.63,135.63,135.63,135.63,135.63,135.63,135.63,138.04,138.04,138.04,138.04,133.91,133.91,133.91,133.91,133.91,133.91,133.91,133.91,144.82,144.82,144.82,144.82,144.82,144.82,144.82,146.38,146.38,146.38,146.38,146.38,146.38,146.38,146.38,146.38,146.38,146.38,149.68,149.68,149.68,149.68,149.68,149.68,149.68,149.68,160.14,160.14,163.04,163.04,163.04,163.04,163.04,163.04,166.57,166.57,166.57,163.04,163.04,163.04,163.04,163.04,163.04,165.29,165.29,165.29,165.29,165.29,165.29,165.29,160.49,160.49,160.49,160.49,160.49
Producto,0.000238278,11111321,POSTRES PREPARADOS,98.90,98.90,98.90,98.90,98.90,98.90,98.90,98.90,98.90,98.90,98.90,98.90,98.90,98.90,98.90,98.90,98.90,98.90,98.90,98.90,98.90,98.90,99.57,99.57,99.57,99.57,99.57,99.57,99.57,99.57,99.57,99.57,99.57,99.57,99.57,99.57,99.57,99.57,99.57,99.57,99.57,99.57,99.57,99.57,99.57,99.57,99.57,99.57,103.35,103.35,103.35,103.35,103.35,103.35,103.35,103.35,103.35,103.35,103.35,103.35,103.35,103.35,103.35,103.35,103.35,103.35,103.35,103.35,103.35,103.35,103.35,103.35,103.35,103.35,103.35,103.35,103.35,103.35,103.35,103.35,103.35,103.35,103.35,105.00,105.00,105.00,105.00,105.69,113.08,113.08,113.08,113.08,113.08,113.08,113.08,113.08,113.08,113.08,113.08,113.08,113.08,113.08,113.08,113.08,113.08,117.36,117.36,120.20,120.20,120.20,120.20,120.85,123.77,123.77,127.59,127.59,127.59,127.59,127.59,127.59,127.59,127.59,127.59,126.90,126.90,126.90,126.90,126.90,126.90,126.90,126.90,126.90,126.90,126.90,133.81,133.81,133.81,133.81
Grupo,0.002010173,112,Servicios de alojamiento,85.55,84.81,86.16,85.82,87.04,88.95,89.82,87.09,87.59,85.73,85.47,79.40,87.59,86.16,82.78,82.38,83.42,84.02,82.36,81.54,85.89,87.13,84.51,79.73,86.25,84.41,84.24,79.72,82.10,82.41,82.39,80.38,81.68,81.05,80.73,78.12,79.48,81.48,80.01,79.24,80.06,80.09,80.04,80.49,79.90,78.78,77.54,75.70,76.72,78.87,78.27,79.65,79.66,77.45,77.94,77.00,77.48,78.41,76.30,70.41,76.68,76.66,75.17,74.62,72.24,67.20,61.05,59.06,61.26,61.10,60.23,60.03,57.94,57.26,57.21,57.00,56.16,58.69,59.52,60.72,61.16,62.10,64.46,64.28,63.36,63.05,64.60,66.47,65.97,67.79,64.68,69.59,70.06,75.89,71.34,68.02,67.90,68.91,69.48,69.00,68.61,69.94,69.76,69.05,68.99,71.03,70.80,69.09,67.72,66.36,66.16,69.42,68.18,68.07,69.51,68.75,70.48,70.15,68.09,68.59,68.23,68.06,68.46,67.11,66.41,69.24,70.60,75.77,71.88,72.07,71.26,70.18,69.27,68.32,68.49,70.81,71.29,72.83
Clase,0.002010173,1121,Servicios de alojamiento (S),85.55,84.81,86.16,85.82,87.04,88.95,89.82,87.09,87.59,85.73,85.47,79.40,87.59,86.16,82.78,82.38,83.42,84.02,82.36,81.54,85.89,87.13,84.51,79.73,86.25,84.41,84.24,79.72,82.10,82.41,82.39,80.38,81.68,81.05,80.73,78.12,79.48,81.48,80.01,79.24,80.06,80.09,80.04,80.49,79.90,78.78,77.54,75.70,76.72,78.87,78.27,79.65,79.66,77.45,77.94,77.00,77.48,78.41,76.30,70.41,76.68,76.66,75.17,74.62,72.24,67.20,61.05,59.06,61.26,61.10,60.23,60.03,57.94,57.26,57.21,57.00,56.16,58.69,59.52,60.72,61.16,62.10,64.46,64.28,63.36,63.05,64.60,66.47,65.97,67.79,64.68,69.59,70.06,75.89,71.34,68.02,67.90,68.91,69.48,69.00,68.61,69.94,69.76,69.05,68.99,71.03,70.80,69.09,67.72,66.36,66.16,69.42,68.18,68.07,69.51,68.75,70.48,70.15,68.09,68.59,68.23,68.06,68.46,67.11,66.41,69.24,70.60,75.77,71.88,72.07,71.26,70.18,69.27,68.32,68.49,70.81,71.29,72.83
Subclase,0.002010173,11211,Servicios de alojamiento,85.55,84.81,86.16,85.82,87.04,88.95,89.82,87.09,87.59,85.73,85.47,79.40,87.59,86.16,82.78,82.38,83.42,84.02,82.36,81.54,85.89,87.13,84.51,79.73,86.25,84.41,84.24,79.72,82.10,82.41,82.39,80.38,81.68,81.05,80.73,78.12,79.48,81.48,80.01,79.24,80.06,80.09,80.04,80.49,79.90,78.78,77.54,75.70,76.72,78.87,78.27,79.65,79.66,77.45,77.94,77.00,77.48,78.41,76.30,70.41,76.68,76.66,75.17,74.62,72.24,67.20,61.05,59.06,61.26,61.10,60.23,60.03,57.94,57.26,57.21,57.00,56.16,58.69,59.52,60.72,61.16,62.10,64.46,64.28,63.36,63.05,64.60,66.47,65.97,67.79,64.68,69.59,70.06,75.89,71.34,68.02,67.90,68.91,69.48,69.00,68.61,69.94,69.76,69.05,68.99,71.03,70.80,69.09,67.72,66.36,66.16,69.42,68.18,68.07,69.51,68.75,70.48,70.15,68.09,68.59,68.23,68.06,68.46,67.11,66.41,69.24,70.60,75.77,71.88,72.07,71.26,70.18,69.27,68.32,68.49,70.81,71.29,72.83
Producto,0.001486692,11211322,ALOJAMIENTO EN HOTELES,84.68,83.86,85.21,84.85,86.11,88.22,89.14,86.19,86.71,84.76,84.48,78.10,86.72,85.21,81.57,81.13,82.24,82.90,81.21,80.35,85.00,86.21,83.43,78.31,85.23,83.27,83.13,78.32,80.78,81.11,81.13,79.01,80.41,79.78,79.39,76.67,78.13,80.23,78.67,77.94,78.79,78.82,78.72,79.27,78.65,77.48,76.14,74.19,75.34,77.65,76.97,78.41,78.39,76.06,76.59,75.60,76.12,77.13,74.93,68.72,75.31,75.25,73.68,73.12,70.70,65.47,59.06,56.96,59.31,59.12,58.21,57.99,55.82,55.10,55.07,54.85,53.97,56.64,57.49,58.75,59.14,60.09,62.58,62.46,61.47,61.18,62.80,64.75,64.20,66.18,62.96,68.08,68.62,74.73,69.88,66.40,66.29,67.37,67.94,67.43,67.04,68.46,68.25,67.51,67.44,69.57,69.35,67.55,66.11,64.65,64.43,67.79,66.54,66.40,67.91,67.11,68.93,68.59,66.45,67.00,66.62,66.42,66.82,65.46,64.70,67.65,69.04,74.50,70.40,70.58,69.73,68.60,67.62,66.61,66.77,69.22,69.68,71.31
Producto,0.00052348,11211323,ALOJAMIENTO EN HOSTALES,102.45,102.95,104.41,104.41,104.95,102.95,102.95,104.41,104.41,104.41,104.57,104.57,104.36,104.40,106.15,106.32,106.15,105.73,104.51,104.51,103.06,104.83,105.35,107.14,105.88,106.29,105.62,106.64,107.50,107.34,106.53,106.78,106.14,105.65,106.41,106.05,105.57,105.53,105.87,104.38,104.50,104.50,105.43,103.93,103.93,103.93,104.39,104.70,103.29,102.47,103.38,103.61,104.12,104.12,103.88,103.88,103.48,103.24,102.76,103.00,103.00,103.87,103.87,103.47,102.04,100.63,99.36,99.53,98.69,99.23,98.96,99.30,98.84,98.84,98.56,98.53,98.28,98.28,98.65,98.65,99.99,100.78,100.58,99.45,99.83,99.11,99.19,99.57,100.07,98.92,97.71,98.57,97.74,98.20,99.43,99.21,98.93,98.66,98.97,99.19,98.95,98.27,98.86,98.86,98.86,99.15,98.83,98.72,98.76,99.31,99.53,100.74,99.78,100.22,100.16,100.42,100.42,100.18,99.77,99.19,99.26,99.72,100.16,99.01,99.40,100.03,100.66,100.19,100.25,100.64,100.71,100.47,101.06,101.22,101.71,101.43,102.18,102.18
División,0.098640264,12,Bienes y servicios diversos,101.98,103.76,104.25,104.86,104.83,104.78,104.77,105.09,105.74,105.91,106.75,106.41,107.34,107.01,107.08,106.79,107.30,108.10,108.85,108.83,109.22,109.42,108.68,109.24,108.82,108.26,108.36,108.18,107.76,106.29,106.93,107.10,105.95,106.28,105.96,106.39,109.82,109.55,109.79,109.01,108.80,108.70,109.04,108.53,107.82,107.84,107.93,108.38,108.22,108.23,108.28,108.32,108.11,108.51,108.47,108.24,107.57,107.82,107.68,107.30,107.79,107.44,107.65,108.38,108.62,108.47,107.70,107.40,107.17,107.55,107.36,107.34,107.39,107.30,107.62,107.57,107.89,108.12,108.66,107.51,108.27,107.94,107.77,108.12,107.97,108.08,108.46,109.82,109.72,109.39,110.02,110.46,110.36,111.27,112.02,112.85,112.25,112.42,111.86,111.89,112.24,112.68,112.89,112.91,113.49,113.77,113.79,113.12,113.69,112.72,113.17,115.35,114.76,115.01,115.84,116.70,116.53,116.38,116.70,116.99,116.96,116.31,116.57,116.85,117.59,117.75,118.22,118.27,118.33,118.49,119.12,118.63,119.38,120.23,121.01,120.53,120.75,120.99
Grupo,0.058370117,121,Cuidado personal,102.03,102.99,103.84,104.88,104.83,104.67,104.68,105.21,105.83,106.52,108.00,108.47,109.32,108.72,108.88,108.32,109.24,110.68,111.91,111.74,111.89,112.26,111.04,112.18,112.31,111.24,111.34,111.01,110.34,107.72,108.84,109.09,106.94,107.65,107.07,107.80,107.68,107.15,107.58,106.22,105.90,105.73,106.35,105.66,104.44,104.43,104.53,104.84,104.51,104.53,104.60,104.69,104.32,105.05,104.88,104.53,103.43,103.79,103.51,103.36,104.21,103.61,103.96,104.97,105.70,105.35,104.00,103.41,102.99,103.32,103.04,103.06,103.02,102.86,103.45,103.35,103.93,103.82,104.21,103.06,104.08,103.58,103.33,103.84,103.78,104.30,104.55,107.07,107.10,106.49,107.63,108.35,108.17,109.78,109.79,111.29,110.12,110.18,109.47,109.24,109.87,110.62,110.99,111.14,112.13,112.63,112.61,111.91,112.62,110.92,111.01,114.74,114.33,114.64,114.88,116.36,115.97,115.46,116.15,116.67,116.14,114.78,115.13,115.37,116.56,115.95,116.38,116.47,116.05,116.15,116.95,115.81,116.69,117.90,118.99,118.26,118.64,119.37
Clase,0.009194461,1211,Salones de peluquería y establecimientos de cuidados personales (S),99.87,99.87,99.87,99.87,99.87,99.87,99.87,99.87,99.87,100.75,100.75,100.75,100.75,100.75,100.75,100.75,100.75,101.15,101.15,101.15,101.68,101.68,101.68,101.68,101.68,100.88,101.72,102.15,102.15,101.70,101.86,101.86,101.86,101.24,101.24,101.24,101.96,101.96,101.96,101.51,101.51,101.51,101.08,101.08,101.08,101.08,101.08,101.08,101.08,101.08,101.36,101.36,102.73,102.73,103.19,103.19,104.28,101.82,101.82,101.82,101.82,102.88,102.88,102.88,102.88,102.88,101.24,101.24,102.98,102.61,102.61,102.61,104.31,104.31,105.18,105.18,105.18,105.18,106.09,105.51,105.51,106.95,106.95,106.95,108.73,108.73,109.73,109.73,110.48,110.48,110.48,109.62,109.62,109.62,111.05,111.05,111.05,111.05,111.05,111.05,111.05,111.05,112.25,112.25,112.25,112.25,112.25,112.25,113.47,113.47,113.47,114.77,114.82,116.63,116.63,119.30,119.30,119.01,119.01,119.01,117.06,117.06,117.06,117.06,120.62,120.62,120.62,120.57,120.01,120.01,120.01,120.01,122.28,126.01,126.01,126.01,126.01,127.43
Subclase,0.009194461,12111,Salones de peluquería y establecimientos de cuidados personales,99.87,99.87,99.87,99.87,99.87,99.87,99.87,99.87,99.87,100.75,100.75,100.75,100.75,100.75,100.75,100.75,100.75,101.15,101.15,101.15,101.68,101.68,101.68,101.68,101.68,100.88,101.72,102.15,102.15,101.70,101.86,101.86,101.86,101.24,101.24,101.24,101.96,101.96,101.96,101.51,101.51,101.51,101.08,101.08,101.08,101.08,101.08,101.08,101.08,101.08,101.36,101.36,102.73,102.73,103.19,103.19,104.28,101.82,101.82,101.82,101.82,102.88,102.88,102.88,102.88,102.88,101.24,101.24,102.98,102.61,102.61,102.61,104.31,104.31,105.18,105.18,105.18,105.18,106.09,105.51,105.51,106.95,106.95,106.95,108.73,108.73,109.73,109.73,110.48,110.48,110.48,109.62,109.62,109.62,111.05,111.05,111.05,111.05,111.05,111.05,111.05,111.05,112.25,112.25,112.25,112.25,112.25,112.25,113.47,113.47,113.47,114.77,114.82,116.63,116.63,119.30,119.30,119.01,119.01,119.01,117.06,117.06,117.06,117.06,120.62,120.62,120.62,120.57,120.01,120.01,120.01,120.01,122.28,126.01,126.01,126.01,126.01,127.43
Producto,0.000950944,12111324,LAVADO Y CEPILLADO DE CABELLO PARA MUJER,101.70,101.70,101.70,101.70,101.70,101.70,101.70,101.70,101.70,101.70,101.70,101.70,101.70,101.70,101.70,101.70,101.70,101.70,101.70,101.70,105.48,105.48,105.48,105.48,105.48,99.73,99.73,102.80,102.80,102.80,102.80,102.80,102.80,102.80,102.80,102.80,102.80,102.80,102.80,102.80,102.80,102.80,99.73,99.73,99.73,99.73,99.73,99.73,99.73,99.73,99.73,99.73,99.73,99.73,99.73,99.73,99.73,99.73,99.73,99.73,99.73,99.73,99.73,99.73,99.73,99.73,99.73,99.73,99.73,99.73,99.73,99.73,103.50,103.50,103.50,103.50,103.50,103.50,103.50,105.83,105.83,105.83,105.83,105.83,111.94,111.94,111.94,111.94,111.94,111.94,111.94,105.83,105.83,105.83,105.83,105.83,105.83,105.83,105.83,105.83,105.83,105.83,105.83,105.83,105.83,105.83,105.83,105.83,105.83,105.83,105.83,105.83,105.83,109.10,109.10,109.10,109.10,109.10,109.10,109.10,109.10,109.10,109.10,109.10,115.00,115.00,115.00,115.00,115.00,115.00,115.00,115.00,115.00,115.00,115.00,115.00,115.00,115.00
Producto,0.004825923,12111325,CORTE DE CABELLO,102.12,102.12,102.12,102.12,102.12,102.12,102.12,102.12,102.12,102.12,102.12,102.12,102.12,102.12,102.12,102.12,102.12,102.12,102.12,102.12,102.12,102.12,102.12,102.12,102.12,102.12,103.68,103.68,103.68,103.68,103.68,103.68,103.68,103.68,103.68,103.68,105.02,105.02,105.02,105.02,105.02,105.02,105.02,105.02,105.02,105.02,105.02,105.02,105.02,105.02,105.02,105.02,107.57,107.57,107.57,107.57,109.59,105.02,105.02,105.02,105.02,106.99,106.99,106.99,106.99,106.99,105.38,105.38,108.63,108.63,108.63,108.63,110.29,110.29,110.29,110.29,110.29,110.29,111.98,110.29,110.29,112.97,112.97,112.97,114.70,114.70,116.18,116.18,116.18,116.18,116.18,116.18,116.18,116.18,118.84,118.84,118.84,118.84,118.84,118.84,118.84,118.84,121.08,121.08,121.08,121.08,121.08,121.08,123.35,123.35,123.35,125.24,125.24,127.75,127.75,130.85,130.85,130.85,130.85,130.85,127.24,127.24,127.24,127.24,132.32,132.32,132.32,132.32,132.32,132.32,132.32,132.32,135.53,141.42,141.42,141.42,141.42,144.08
Producto,0.001438249,12111326,MANICURE,98.06,98.06,98.06,98.06,98.06,98.06,98.06,98.06,98.06,98.06,98.06,98.06,98.06,98.06,98.06,98.06,98.06,98.06,98.06,98.06,98.06,98.06,98.06,98.06,98.06,98.06,98.06,98.06,98.06,95.90,98.06,98.06,98.06,98.06,98.06,98.06,98.06,98.06,98.06,98.06,98.06,98.06,98.06,98.06,98.06,98.06,98.06,98.06,98.06,98.06,101.78,101.78,101.78,101.78,101.78,101.78,101.78,101.78,101.78,101.78,101.78,101.78,101.78,101.78,101.78,101.78,98.06,98.06,98.06,98.06,98.06,98.06,101.78,101.78,101.78,101.78,101.78,101.78,101.78,101.78,101.78,101.78,101.78,101.78,101.78,101.78,101.78,101.78,101.78,101.78,101.78,101.78,101.78,101.78,101.78,101.78,101.78,101.78,101.78,101.78,101.78,101.78,101.78,101.78,101.78,101.78,101.78,101.78,101.78,101.78,101.78,105.63,105.63,105.63,105.63,108.89,108.89,104.92,104.92,104.92,104.92,104.92,104.92,104.92,104.92,104.92,104.92,104.92,104.92,104.92,104.92,104.92,112.25,112.25,112.25,112.25,112.25,112.25
Producto,0.001979346,12111327,TRATAMIENTOS PARA EL CABELLO,94.55,94.55,94.55,94.55,94.55,94.55,94.55,94.55,94.55,98.06,98.06,98.06,98.06,98.06,98.06,98.06,98.06,99.69,99.69,99.69,99.69,99.69,99.69,99.69,99.69,99.69,99.69,99.69,99.69,98.55,98.55,98.55,98.55,96.05,96.05,96.05,96.05,96.05,96.05,94.25,94.25,94.25,94.25,94.25,94.25,94.25,94.25,94.25,94.25,94.25,94.25,94.25,94.25,94.25,96.12,96.12,96.12,96.12,96.12,96.12,96.12,96.12,96.12,96.12,96.12,96.12,94.09,94.09,94.09,92.61,92.61,92.61,92.61,92.61,96.12,96.12,96.12,96.12,96.12,96.12,96.12,96.12,96.12,96.12,96.12,96.12,96.94,96.94,99.93,99.93,99.93,99.93,99.93,99.93,99.93,99.93,99.93,99.93,99.93,99.93,99.93,99.93,99.93,99.93,99.93,99.93,99.93,99.93,99.93,99.93,99.93,99.93,100.12,100.12,100.12,103.21,103.21,103.21,103.21,103.21,103.21,103.21,103.21,103.21,103.21,103.21,103.21,103.02,100.75,100.75,100.75,100.75,100.75,103.02,103.02,103.02,103.02,103.02
Clase,0.000173319,1212,Aparatos eléctricos para el cuidado personal (D),100.95,100.95,100.95,100.95,115.06,115.06,112.09,112.09,112.09,110.99,110.99,110.99,113.34,113.79,113.79,113.79,115.64,114.27,114.27,101.76,101.76,101.76,101.76,101.76,101.76,101.76,101.76,101.76,101.76,101.76,101.77,109.99,109.99,109.99,117.22,117.22,119.23,119.26,119.26,115.53,115.53,114.58,114.58,114.58,115.55,115.55,116.54,117.58,117.58,116.58,115.58,115.58,101.62,101.62,104.83,104.83,106.62,106.62,106.62,106.62,110.73,110.73,109.75,109.75,109.75,109.75,109.75,109.75,109.75,110.00,110.00,107.41,107.41,107.41,107.41,107.41,107.63,108.85,109.79,109.79,109.79,109.79,109.79,109.79,108.97,111.70,106.83,100.98,103.71,103.71,103.71,102.62,102.62,102.62,102.62,103.99,102.66,102.59,104.01,103.70,107.07,107.34,102.98,105.64,101.58,108.43,105.57,97.74,97.82,97.23,97.23,100.55,100.05,100.05,100.05,100.05,96.85,96.85,96.90,96.90,97.80,98.35,97.80,100.49,97.28,97.28,97.28,97.28,97.28,100.91,100.91,100.91,97.68,97.68,96.03,96.03,96.03,96.03
Subclase,0.000173319,12121,Aparatos eléctricos para el cuidado personal,100.95,100.95,100.95,100.95,115.06,115.06,112.09,112.09,112.09,110.99,110.99,110.99,113.34,113.79,113.79,113.79,115.64,114.27,114.27,101.76,101.76,101.76,101.76,101.76,101.76,101.76,101.76,101.76,101.76,101.76,101.77,109.99,109.99,109.99,117.22,117.22,119.23,119.26,119.26,115.53,115.53,114.58,114.58,114.58,115.55,115.55,116.54,117.58,117.58,116.58,115.58,115.58,101.62,101.62,104.83,104.83,106.62,106.62,106.62,106.62,110.73,110.73,109.75,109.75,109.75,109.75,109.75,109.75,109.75,110.00,110.00,107.41,107.41,107.41,107.41,107.41,107.63,108.85,109.79,109.79,109.79,109.79,109.79,109.79,108.97,111.70,106.83,100.98,103.71,103.71,103.71,102.62,102.62,102.62,102.62,103.99,102.66,102.59,104.01,103.70,107.07,107.34,102.98,105.64,101.58,108.43,105.57,97.74,97.82,97.23,97.23,100.55,100.05,100.05,100.05,100.05,96.85,96.85,96.90,96.90,97.80,98.35,97.80,100.49,97.28,97.28,97.28,97.28,97.28,100.91,100.91,100.91,97.68,97.68,96.03,96.03,96.03,96.03
Producto,0.000173319,12121328,PLANCHA PARA EL CABELLO,100.95,100.95,100.95,100.95,115.06,115.06,112.09,112.09,112.09,110.99,110.99,110.99,113.34,113.79,113.79,113.79,115.64,114.27,114.27,101.76,101.76,101.76,101.76,101.76,101.76,101.76,101.76,101.76,101.76,101.76,101.77,109.99,109.99,109.99,117.22,117.22,119.23,119.26,119.26,115.53,115.53,114.58,114.58,114.58,115.55,115.55,116.54,117.58,117.58,116.58,115.58,115.58,101.62,101.62,104.83,104.83,106.62,106.62,106.62,106.62,110.73,110.73,109.75,109.75,109.75,109.75,109.75,109.75,109.75,110.00,110.00,107.41,107.41,107.41,107.41,107.41,107.63,108.85,109.79,109.79,109.79,109.79,109.79,109.79,108.97,111.70,106.83,100.98,103.71,103.71,103.71,102.62,102.62,102.62,102.62,103.99,102.66,102.59,104.01,103.70,107.07,107.34,102.98,105.64,101.58,108.43,105.57,97.74,97.82,97.23,97.23,100.55,100.05,100.05,100.05,100.05,96.85,96.85,96.90,96.90,97.80,98.35,97.80,100.49,97.28,97.28,97.28,97.28,97.28,100.91,100.91,100.91,97.68,97.68,96.03,96.03,96.03,96.03
Clase,0.049002337,1213,"Otros aparatos, artículos y productos para la atención personal (ND)",102.52,103.69,104.75,106.02,105.87,105.67,105.71,106.35,107.11,107.78,109.60,110.18,111.20,110.47,110.66,109.97,111.09,112.78,114.30,114.17,114.23,114.69,113.19,114.59,114.75,113.61,113.56,113.05,112.22,109.10,110.44,110.69,108.05,109.06,108.31,109.20,108.88,108.24,108.76,107.20,106.81,106.62,107.47,106.62,105.11,105.11,105.22,105.59,105.19,105.22,105.25,105.36,104.69,105.59,105.26,104.82,103.22,104.21,103.86,103.69,104.70,103.72,104.17,105.40,106.30,105.87,104.58,103.86,102.94,103.43,103.09,103.13,102.71,102.51,103.03,102.91,103.62,103.48,103.76,102.47,103.73,102.79,102.48,103.11,102.64,103.27,103.38,106.52,106.37,105.61,107.02,108.10,107.88,109.86,109.55,111.39,109.97,110.03,109.15,108.87,109.62,110.55,110.76,110.93,112.18,112.75,112.73,111.93,112.53,110.44,110.55,114.83,114.31,114.29,114.58,115.81,115.34,114.79,115.63,116.28,116.05,114.38,114.81,115.09,115.78,115.03,115.56,115.68,115.28,115.38,116.37,114.97,115.57,116.22,117.57,116.68,117.14,117.72
Subclase,0.049002337,12131,Aparatos no eléctricos y artículos para la atención personal,102.52,103.69,104.75,106.02,105.87,105.67,105.71,106.35,107.11,107.78,109.60,110.18,111.20,110.47,110.66,109.97,111.09,112.78,114.30,114.17,114.23,114.69,113.19,114.59,114.75,113.61,113.56,113.05,112.22,109.10,110.44,110.69,108.05,109.06,108.31,109.20,108.88,108.24,108.76,107.20,106.81,106.62,107.47,106.62,105.11,105.11,105.22,105.59,105.19,105.22,105.25,105.36,104.69,105.59,105.26,104.82,103.22,104.21,103.86,103.69,104.70,103.72,104.17,105.40,106.30,105.87,104.58,103.86,102.94,103.43,103.09,103.13,102.71,102.51,103.03,102.91,103.62,103.48,103.76,102.47,103.73,102.79,102.48,103.11,102.64,103.27,103.38,106.52,106.37,105.61,107.02,108.10,107.88,109.86,109.55,111.39,109.97,110.03,109.15,108.87,109.62,110.55,110.76,110.93,112.18,112.75,112.73,111.93,112.53,110.44,110.55,114.83,114.31,114.29,114.58,115.81,115.34,114.79,115.63,116.28,116.05,114.38,114.81,115.09,115.78,115.03,115.56,115.68,115.28,115.38,116.37,114.97,115.57,116.22,117.57,116.68,117.14,117.72
Producto,0.000243942,12131329,ACEITE PARA BEBÉ,104.54,105.78,104.31,104.31,100.64,100.64,102.18,103.44,103.44,98.91,103.04,103.04,103.04,103.04,103.42,103.79,103.79,106.90,106.90,106.87,106.87,106.87,106.87,106.87,106.87,106.87,110.93,110.93,109.47,100.86,98.52,108.22,102.74,102.74,108.15,109.02,96.77,108.75,106.90,106.90,106.90,106.90,107.77,108.28,109.16,109.16,106.88,104.07,104.07,104.07,104.07,105.12,105.12,106.30,106.30,106.30,106.30,106.30,101.37,101.37,106.30,104.93,100.07,104.93,104.93,103.54,103.77,105.33,98.74,104.53,108.38,108.38,110.25,110.25,110.29,105.35,110.67,110.67,112.34,112.34,110.74,112.34,112.00,112.97,111.60,114.27,114.27,104.86,114.27,112.26,112.26,114.10,109.66,115.95,113.06,117.35,119.76,119.76,119.76,113.10,121.82,118.51,121.82,117.37,116.87,115.78,122.63,122.96,126.00,126.43,129.94,132.21,131.85,132.36,131.46,132.55,132.55,132.38,129.67,130.47,132.09,132.38,132.08,133.63,131.41,128.72,130.24,130.24,133.00,120.68,129.16,128.04,130.41,132.26,132.26,132.95,132.95,135.04
Producto,0.001233413,12131330,ACONDICIONADOR PARA EL CABELLO,100.34,100.34,100.34,105.51,107.42,107.93,107.59,107.59,108.16,108.16,108.16,108.29,108.29,108.29,108.74,108.74,108.29,114.75,114.75,115.42,115.42,115.42,115.42,113.32,117.20,117.20,115.42,115.42,101.39,100.35,96.31,96.31,96.31,83.85,83.85,88.79,88.79,88.79,88.79,88.79,85.57,80.79,85.73,85.73,83.83,88.96,83.70,83.85,84.79,84.79,84.06,90.11,86.22,89.45,89.45,85.99,89.45,88.50,88.50,88.50,88.50,88.50,88.50,86.86,88.50,88.53,86.46,86.80,86.80,87.30,87.30,87.30,87.30,87.30,84.09,84.09,83.27,84.36,83.46,83.46,84.54,88.65,84.54,89.04,93.06,93.06,93.82,101.32,98.63,91.33,97.74,98.75,99.30,96.11,95.21,102.12,99.80,99.80,95.92,96.68,101.72,99.06,99.06,100.31,100.31,97.62,100.75,100.75,97.07,100.75,98.32,102.83,103.28,103.73,104.76,102.35,104.76,104.76,104.76,103.13,104.38,104.46,104.07,102.33,96.85,102.22,95.27,101.73,99.96,97.80,101.27,93.30,93.13,100.94,101.34,101.34,100.52,101.34
Producto,0.001603144,12131331,COSMÉTICOS,103.27,103.85,103.85,103.85,103.85,103.85,103.85,103.85,103.85,104.20,104.20,104.20,104.88,104.88,104.99,106.76,106.77,110.09,109.89,110.93,110.14,110.64,109.02,111.06,111.31,111.45,111.00,110.63,112.61,110.82,106.22,103.03,106.57,111.66,108.93,101.79,107.89,106.97,107.73,107.73,107.73,103.48,103.48,100.66,101.78,103.10,101.96,101.96,103.33,104.00,99.92,103.76,104.56,106.14,105.75,105.75,105.75,106.06,105.26,105.53,105.65,105.65,106.13,106.13,106.13,106.13,106.13,106.13,106.13,105.95,105.38,105.38,105.38,106.80,106.21,106.21,106.65,107.32,108.28,107.75,108.99,106.83,108.56,110.01,108.68,109.03,109.04,108.05,110.03,108.06,109.56,110.38,109.44,108.59,108.60,108.05,108.84,108.83,108.59,107.37,110.49,110.07,111.07,111.86,110.61,112.01,112.22,112.14,113.50,112.35,113.75,114.30,114.04,116.69,115.25,115.83,114.53,115.30,115.26,115.26,115.42,116.54,114.95,116.25,114.60,116.21,116.28,118.46,118.48,118.88,115.56,117.32,118.78,119.11,118.82,119.15,120.43,118.38
Producto,0.001720025,12131332,PROTECTOR SOLAR,104.81,106.85,106.85,107.47,107.47,107.47,107.47,114.79,115.44,110.42,115.46,115.46,116.81,117.28,117.28,117.28,117.75,119.95,120.13,120.13,120.13,120.13,120.13,120.14,121.17,122.36,123.46,120.00,119.36,110.76,110.10,116.86,108.81,110.31,102.72,110.31,103.86,110.22,116.96,116.96,116.96,116.96,116.96,109.25,92.85,93.06,93.99,91.77,91.76,94.61,94.61,92.22,92.22,92.22,90.09,88.36,81.62,90.26,90.26,90.26,90.26,80.73,88.93,88.93,92.32,91.21,91.94,89.47,89.47,87.17,87.17,86.89,85.88,89.25,87.19,87.19,87.19,90.20,87.09,84.46,82.10,82.10,79.93,79.05,74.74,76.60,78.19,82.09,83.32,82.80,83.09,84.64,84.64,86.00,87.36,88.79,79.47,79.60,79.60,90.44,90.72,94.17,90.74,91.31,98.99,100.32,100.85,100.91,101.88,90.17,84.96,105.08,105.08,107.39,107.03,106.24,106.60,107.47,107.46,107.46,107.11,104.53,106.80,106.80,106.80,108.15,101.47,103.82,106.02,106.02,115.01,115.03,110.88,115.08,110.77,116.31,116.31,117.68
Producto,0.002499479,12131333,CEPILLO DE DIENTES,100.79,100.79,103.10,103.10,103.10,103.10,103.10,103.10,104.43,111.38,115.05,115.05,115.05,114.33,114.33,115.05,115.05,116.70,116.70,117.08,117.08,117.08,117.08,117.08,117.08,115.56,115.56,115.56,117.14,115.85,117.71,117.32,117.32,116.86,117.64,117.64,114.93,114.93,114.93,114.93,114.93,114.93,114.93,114.93,114.93,114.93,114.93,114.93,115.94,115.94,115.94,115.94,115.94,119.11,119.11,120.63,114.99,120.24,120.24,114.99,120.24,120.24,120.90,120.90,120.90,118.48,119.03,119.03,119.40,122.71,122.40,122.40,119.69,112.50,120.30,120.19,120.19,121.14,124.72,125.04,125.04,125.04,125.04,125.04,125.99,125.99,125.99,132.25,127.42,127.42,133.30,138.67,139.99,138.41,138.41,140.37,140.37,141.69,142.39,136.34,142.45,145.02,145.02,141.14,141.14,145.02,145.02,139.74,144.55,138.89,143.92,155.40,155.40,155.40,148.35,155.40,156.82,150.95,150.95,155.85,155.85,150.95,147.63,153.80,158.83,151.15,162.29,147.24,149.38,159.83,154.78,149.52,159.83,160.82,155.73,162.43,157.78,157.44
Producto,0.002354339,12131334,CREMAS PARA LA PIEL,113.09,114.85,116.86,119.01,119.01,120.02,120.02,120.02,117.09,120.16,120.16,123.32,123.32,123.64,123.74,122.69,123.74,129.97,128.98,129.97,128.30,129.17,130.47,130.87,128.21,128.17,128.38,126.55,127.75,126.76,130.61,131.47,128.33,133.52,134.40,132.77,125.05,134.75,134.75,134.75,132.56,132.56,133.49,133.49,134.32,133.56,133.63,133.63,132.98,132.98,134.01,132.54,129.98,134.89,134.89,135.83,129.38,128.33,129.95,129.99,136.30,136.30,137.21,137.30,137.30,134.70,123.09,120.23,134.01,127.26,128.22,138.18,136.70,138.89,139.81,138.18,138.53,138.18,139.47,133.67,133.67,132.82,135.10,132.42,144.78,131.84,138.18,143.73,143.73,145.65,147.13,151.67,146.37,157.54,160.08,153.05,147.80,148.54,147.33,164.46,149.56,154.57,159.34,159.34,160.47,152.01,161.93,162.65,162.65,162.85,156.27,169.85,160.91,177.28,177.28,177.28,177.28,176.92,180.79,185.01,175.53,169.94,168.26,179.36,164.15,172.33,184.56,181.57,176.89,177.16,182.21,178.14,178.14,178.24,183.16,191.30,192.19,193.67
Producto,0.001011995,12131335,GEL Y FIJADOR DE CABELLO,98.06,97.64,98.83,101.75,101.75,101.75,101.99,101.99,101.99,99.74,101.99,101.99,102.66,103.16,102.93,102.57,102.73,103.66,104.00,104.42,104.76,105.00,104.76,104.53,104.38,102.18,103.17,104.38,105.51,104.94,105.42,105.86,106.14,105.05,106.19,106.19,104.42,104.53,105.06,106.34,105.41,107.20,107.20,107.37,107.18,106.19,106.12,108.07,108.11,108.59,108.59,105.52,109.46,107.85,107.60,107.60,109.63,109.50,109.50,109.69,109.52,109.20,110.08,110.46,110.77,108.99,109.18,109.32,112.50,112.77,112.50,110.01,113.94,114.15,114.15,113.94,115.42,118.03,117.57,118.58,116.24,116.61,118.14,117.40,110.63,116.30,116.12,111.45,119.93,119.16,121.67,119.78,120.25,120.71,123.44,120.08,121.91,117.08,116.34,118.26,121.50,117.79,114.47,114.99,116.42,122.69,116.43,121.63,121.52,118.09,113.69,125.99,124.27,117.91,120.38,120.86,125.86,122.48,120.65,117.66,120.17,122.74,124.02,128.35,129.49,125.83,133.33,133.28,133.12,126.71,126.09,132.95,135.17,135.17,131.57,136.03,132.18,133.34
Producto,0.004292512,12131336,DESODORANTE ,96.06,97.05,97.46,97.85,96.85,97.85,99.23,95.85,105.68,105.68,105.68,105.68,106.72,101.24,106.72,101.24,106.72,102.46,116.04,116.04,119.09,119.09,113.49,113.49,117.62,117.62,117.62,117.62,117.62,111.03,115.74,111.60,104.44,109.14,105.93,105.93,104.07,104.36,103.47,103.47,103.47,102.53,103.65,105.34,106.36,106.36,106.82,110.99,105.53,107.74,108.07,107.13,107.46,108.26,106.62,105.72,105.72,107.34,105.72,108.94,106.91,107.99,102.96,110.89,110.80,112.50,112.06,112.37,106.43,109.39,110.01,110.71,102.69,103.20,103.58,108.69,114.03,108.99,106.75,110.16,111.64,114.44,107.82,113.46,108.60,118.07,112.32,121.74,119.21,114.10,121.67,114.10,115.14,119.93,117.29,137.80,134.74,135.50,117.40,114.87,114.87,121.45,124.82,120.92,121.50,121.50,124.24,126.06,123.61,119.17,120.36,123.48,131.64,125.11,121.97,123.94,126.41,122.06,133.53,127.59,129.40,121.61,122.46,120.94,118.05,117.77,121.70,125.96,126.30,116.39,125.82,117.54,118.42,110.31,131.45,124.46,128.33,128.37
Producto,0.002994925,12131337,JABÓN PARA TOCADOR,98.18,98.18,98.18,102.87,101.91,101.91,106.39,106.39,106.83,106.83,113.93,115.93,117.57,117.57,117.57,117.57,117.57,118.49,118.49,111.82,111.82,111.82,106.13,108.80,109.18,103.95,105.64,102.73,105.20,102.96,107.11,105.70,107.12,106.32,108.75,108.75,108.75,108.75,108.75,108.75,105.12,105.04,105.04,104.35,104.35,99.80,97.12,97.12,97.12,97.12,97.12,99.35,99.35,99.35,99.35,96.16,96.16,99.35,99.35,99.35,99.35,99.35,99.35,99.35,100.94,100.94,100.94,100.94,100.94,100.94,97.70,97.70,97.70,100.94,100.25,100.25,100.25,99.67,99.67,100.25,107.73,107.73,107.73,109.45,106.47,106.47,106.47,104.80,108.03,110.11,114.20,114.20,110.36,112.87,112.87,111.52,111.52,111.52,111.52,116.23,116.23,115.94,111.70,129.99,130.36,133.81,137.55,135.05,134.47,135.95,133.95,136.07,124.87,122.89,120.73,120.73,120.93,118.62,118.62,118.62,117.57,120.91,123.50,123.50,123.50,123.50,123.50,122.14,122.14,122.14,122.14,122.14,122.14,123.50,120.97,122.72,121.56,120.74
Producto,0.004570035,12131338,PAÑALES DESECHABLES,102.69,100.66,100.66,100.66,101.97,103.62,101.26,101.77,104.64,105.16,105.16,105.16,105.16,105.16,105.16,102.94,104.09,104.40,102.21,106.80,105.30,107.14,105.24,107.11,107.11,107.01,103.61,103.61,92.66,87.00,86.90,86.90,86.90,86.90,89.88,91.97,91.18,89.51,89.51,88.96,88.96,88.96,90.87,90.87,88.89,90.17,90.58,90.05,88.09,88.09,88.09,88.45,89.26,89.33,89.33,90.91,89.33,88.86,87.95,87.95,87.95,88.32,87.35,89.91,89.91,89.91,83.61,77.65,75.17,73.55,73.55,73.55,73.65,69.25,70.40,71.65,71.65,71.47,71.47,70.02,72.44,71.17,73.52,73.52,70.64,70.89,70.62,72.48,73.65,72.45,70.15,70.16,70.16,71.78,72.00,73.92,73.92,73.86,74.97,68.32,68.13,68.13,68.13,68.32,68.32,68.61,68.44,69.34,72.12,67.07,71.74,74.41,72.98,74.41,74.41,74.87,70.68,72.72,70.70,70.70,70.19,69.99,69.99,69.99,71.13,71.13,67.03,71.96,71.05,69.65,68.56,67.47,69.35,69.95,69.95,70.00,70.00,70.00
Producto,0.005079289,12131339,PAPEL HIGIÉNICO,103.46,105.24,106.66,106.79,107.71,102.65,102.65,102.65,102.65,104.90,102.65,104.17,104.90,104.90,104.90,104.17,101.58,104.17,107.43,107.43,107.43,107.43,101.52,104.69,104.51,101.35,100.81,103.21,103.21,99.34,105.12,105.12,92.06,97.49,93.72,99.57,103.82,91.41,91.41,82.57,82.81,82.81,84.15,84.15,81.84,84.15,84.15,84.15,84.15,84.15,83.20,84.15,84.15,82.76,82.76,84.02,84.02,81.79,81.79,85.10,82.43,83.00,81.54,82.27,82.27,81.46,82.05,82.05,79.04,83.39,78.33,78.33,77.66,82.64,82.64,82.64,84.87,82.53,84.87,79.90,82.64,80.33,80.33,80.23,78.12,78.72,78.72,84.10,81.38,82.33,82.98,87.39,88.30,90.52,91.38,91.38,91.38,91.38,91.38,91.38,91.38,92.25,92.25,92.25,92.25,92.25,92.94,92.54,92.17,92.24,92.24,94.25,94.66,90.14,92.16,94.66,90.23,90.23,95.57,95.57,95.57,95.57,95.57,95.57,95.57,95.57,97.63,93.26,94.24,97.63,97.63,97.63,97.63,97.63,97.63,91.29,96.54,96.44
Producto,0.003593665,12131340,PASTA DENTAL,102.64,108.22,111.96,114.48,114.48,114.48,113.72,113.72,113.72,119.00,127.53,129.32,135.12,129.64,124.80,126.96,133.48,136.40,142.83,137.60,139.05,139.05,143.15,151.18,151.18,144.94,143.15,141.22,143.15,140.29,140.84,142.34,142.34,142.34,140.58,142.64,141.53,140.86,141.53,141.53,143.30,141.53,141.53,141.53,142.05,142.05,142.05,145.81,144.24,142.58,142.58,143.66,145.38,142.57,147.35,142.21,138.83,139.57,138.15,132.47,143.33,140.42,137.74,141.88,145.75,143.37,144.77,141.60,138.03,138.03,142.75,141.90,140.35,137.60,141.66,140.80,140.33,140.33,140.78,140.78,144.27,144.27,142.25,143.76,150.40,151.85,151.85,153.25,152.39,151.46,153.30,150.43,153.99,158.41,156.68,157.19,157.19,153.58,157.88,149.39,156.16,157.88,159.36,159.36,157.13,157.13,153.59,149.11,154.36,152.52,157.09,148.41,149.90,146.88,151.04,152.94,151.66,149.00,139.83,144.17,144.91,139.30,145.12,137.28,157.58,149.70,146.17,152.84,144.18,141.46,142.74,138.64,136.81,143.53,144.60,145.06,145.06,145.06
Producto,0.006820282,12131341,PERFUMES,108.50,108.50,107.36,107.36,107.36,107.36,107.36,107.36,107.34,107.34,107.34,107.34,108.56,108.56,109.41,109.41,112.62,114.03,112.47,112.47,112.84,114.05,115.09,115.09,117.14,112.87,116.53,116.72,116.79,115.11,117.39,117.39,117.20,118.23,120.13,116.73,117.67,118.83,118.83,116.12,108.92,114.17,115.51,114.10,115.19,114.19,113.73,113.47,115.60,114.69,114.69,114.84,114.86,114.86,114.86,112.55,112.55,112.35,112.35,110.16,110.35,110.16,110.15,110.15,112.11,111.78,112.20,112.20,112.98,115.04,116.66,116.66,116.60,116.60,116.66,116.66,116.66,115.97,116.26,115.97,115.97,104.90,104.93,104.93,106.25,106.42,104.87,104.87,105.52,102.57,102.62,103.77,105.03,105.03,105.80,107.02,107.02,106.20,107.12,105.35,105.74,106.89,107.32,105.59,105.59,106.93,107.10,99.93,97.08,98.96,97.95,100.35,100.21,101.21,103.36,104.09,104.09,104.09,102.17,102.17,104.09,104.84,104.84,104.84,104.45,104.45,103.98,103.98,103.28,104.11,104.10,105.26,105.80,105.80,105.80,105.82,104.83,104.97
Producto,0.00297812,12131342,TOALLAS SANITARIAS,102.02,104.43,110.47,114.77,111.63,113.38,114.38,115.54,114.38,115.45,115.45,115.45,115.45,115.45,115.52,113.30,114.99,116.58,115.77,115.71,114.99,116.68,114.77,114.56,116.12,114.68,114.68,112.51,114.50,113.57,112.77,112.77,113.67,111.48,112.14,114.85,111.37,112.30,110.20,111.39,112.03,110.57,112.76,112.76,113.25,110.88,113.62,113.50,112.79,109.55,113.26,110.53,107.83,113.11,113.66,113.50,113.29,113.24,113.24,112.78,113.33,110.90,115.55,114.86,115.81,116.43,109.21,112.97,111.08,113.44,113.44,113.96,114.08,110.17,110.17,109.33,109.33,109.98,109.98,106.48,106.60,106.64,108.35,105.92,105.27,105.95,105.05,109.81,109.77,105.44,103.32,109.75,107.21,108.79,107.91,108.61,108.16,103.12,105.98,103.29,106.75,103.75,105.86,107.26,102.57,105.07,101.97,105.05,104.48,103.30,103.69,105.34,104.97,104.03,105.71,107.31,106.84,104.81,105.01,105.79,105.84,104.17,104.17,103.61,103.26,98.02,99.61,100.97,100.97,100.97,99.73,102.74,103.15,100.68,103.26,101.33,99.10,104.66
Producto,0.001590334,12131343,RASURADORA,98.69,101.19,102.41,102.41,102.41,102.41,98.16,102.64,102.64,109.71,110.56,110.56,111.40,111.40,112.40,111.52,111.75,114.22,114.99,114.99,114.99,114.99,114.99,114.99,114.99,114.99,114.99,114.99,114.99,113.15,112.82,112.82,113.15,113.15,113.15,107.88,113.15,113.15,113.48,113.48,113.48,113.48,113.48,113.48,113.48,113.48,113.48,113.48,113.48,113.48,113.48,113.48,99.64,105.71,99.83,104.71,99.83,104.85,104.85,104.85,106.02,106.02,106.02,106.07,106.07,106.07,109.07,109.07,108.74,105.03,105.14,105.14,105.14,101.09,101.09,101.09,96.49,100.89,98.68,102.44,98.68,99.52,103.03,102.32,99.22,97.30,93.73,100.68,102.73,104.78,102.83,107.94,109.60,109.42,111.33,111.33,106.10,106.10,106.10,112.67,112.40,115.11,115.11,115.11,117.83,117.83,118.21,118.67,120.68,120.68,116.35,121.65,122.34,122.34,122.34,126.09,125.50,128.95,128.95,128.95,128.95,128.95,128.47,129.88,130.47,130.95,130.64,129.54,122.91,127.53,127.53,131.83,130.07,130.16,131.09,131.09,131.09,131.09
Producto,0.005288909,12131344,SHAMPOO,101.36,102.79,102.79,104.22,103.51,103.51,104.01,104.01,102.15,97.65,101.13,101.13,101.90,102.28,102.28,102.06,102.06,103.47,103.47,103.85,103.85,103.85,103.85,103.85,99.38,103.47,103.55,103.55,103.45,102.58,102.58,102.58,102.58,101.91,101.91,100.43,102.37,100.94,102.42,98.97,102.42,102.11,102.11,102.11,102.11,102.11,102.67,102.67,102.48,102.48,102.84,102.46,102.46,102.46,101.66,101.66,101.66,99.61,99.75,99.75,99.75,99.75,102.46,102.46,102.46,103.23,103.23,104.30,102.79,102.79,102.79,98.93,104.14,104.14,103.17,98.92,101.33,101.33,102.35,100.67,101.58,101.84,101.39,103.58,103.19,104.12,107.51,107.42,107.94,110.23,111.42,111.31,109.15,111.65,106.85,106.91,106.91,113.15,113.10,110.07,110.07,106.56,106.21,102.38,110.89,111.05,107.26,106.50,106.50,106.50,107.38,109.00,108.38,110.73,112.17,113.14,113.89,115.67,118.15,120.48,119.91,118.20,119.09,118.71,118.71,118.71,117.89,117.89,121.92,121.92,120.53,117.32,117.88,120.26,120.26,112.76,113.47,114.39
Producto,0.000498704,12131345,TALCO PARA PIES,97.12,97.12,97.12,98.08,98.08,98.08,98.08,98.08,98.08,98.08,98.84,98.84,98.84,98.84,98.84,98.84,98.84,101.33,106.37,106.37,106.37,106.37,106.37,106.37,108.71,108.71,108.71,108.12,108.68,106.50,102.22,109.75,109.75,109.75,109.75,109.75,110.80,112.87,106.40,112.87,112.87,112.87,112.94,103.22,104.71,97.70,108.61,105.25,112.24,111.00,113.49,114.24,107.69,115.60,107.69,101.50,107.34,114.24,104.92,114.24,114.24,114.24,103.71,113.59,114.24,114.24,114.24,114.24,104.96,104.96,97.71,100.10,109.48,107.43,108.25,106.61,104.04,103.63,113.97,106.11,106.11,110.19,113.97,113.97,113.97,113.97,113.97,120.62,120.62,113.58,123.10,105.12,106.40,113.54,110.04,114.00,118.90,111.55,102.29,105.69,108.81,109.12,109.62,115.62,113.38,112.55,113.12,113.36,113.36,109.68,108.66,110.77,118.78,110.44,117.27,108.23,118.98,119.47,116.74,116.74,118.79,120.32,106.07,114.45,114.92,111.88,118.41,120.39,122.50,119.99,118.47,123.00,123.00,112.14,123.00,114.08,114.27,114.27
Producto,0.000629224,12131346,TINTE PARA EL CABELLO,99.36,99.36,98.31,99.36,99.36,99.95,99.95,99.90,101.25,101.25,101.25,101.25,101.25,101.25,101.25,101.25,102.25,104.76,106.14,107.11,107.11,108.01,99.81,106.80,106.80,106.80,106.80,106.80,102.49,105.22,106.20,106.21,106.04,100.79,106.04,100.79,103.62,109.12,108.19,108.28,108.28,108.28,108.93,108.93,109.08,108.96,108.96,114.87,117.61,118.32,114.76,116.93,116.91,117.62,116.56,117.71,118.31,117.57,117.57,117.57,117.57,117.57,117.57,117.57,117.57,117.57,117.57,117.57,117.57,117.57,117.57,117.57,113.27,113.10,113.10,119.86,116.79,119.41,115.47,115.47,125.22,129.81,123.79,123.79,123.79,123.79,129.81,129.81,126.18,130.42,123.96,129.48,129.48,117.31,127.53,127.53,125.41,125.41,125.41,119.29,119.38,127.68,128.72,121.50,122.59,126.77,109.19,118.53,124.35,124.07,123.50,130.67,127.23,127.94,133.33,127.94,133.33,133.33,127.59,133.33,132.41,134.03,134.96,128.25,128.55,128.96,125.36,125.36,122.55,128.19,121.82,119.18,123.64,126.14,128.75,125.32,125.94,129.50
Grupo,0.005113601,123,Efectos personales n.e.p.,100.87,99.72,99.90,100.51,100.42,101.12,100.91,101.40,105.09,102.48,102.76,102.18,102.16,104.12,104.24,104.64,104.55,105.08,106.18,107.76,112.53,112.53,111.18,109.84,109.58,109.67,110.57,110.73,109.91,110.31,110.59,111.18,110.91,109.55,109.55,110.03,109.42,109.90,109.82,109.62,108.99,108.84,108.62,106.12,105.69,106.23,106.04,106.52,106.96,107.16,107.22,107.16,106.96,108.09,109.20,108.60,107.55,107.92,108.32,108.32,108.54,108.15,108.50,111.69,108.50,109.27,109.11,109.68,109.68,109.74,109.17,108.55,109.91,109.91,109.81,109.81,109.81,110.40,111.00,111.35,108.53,109.57,109.02,109.54,108.68,107.40,111.40,110.19,109.77,109.56,109.33,110.17,109.61,109.61,110.60,110.18,111.39,111.38,111.61,114.68,114.56,114.99,115.00,113.82,113.69,113.69,114.44,114.80,115.78,115.48,116.46,117.49,117.51,118.88,120.14,120.57,121.62,122.96,121.64,121.64,120.62,124.79,125.91,128.91,130.40,134.97,133.99,133.99,137.50,139.22,142.75,145.84,152.33,155.81,157.79,156.22,156.38,153.03
Clase,0.00186482,1231,"Joyería, relojes de pared y relojes de pulsera (D)",104.85,101.51,101.51,99.83,99.57,101.83,101.13,102.72,102.72,104.39,104.39,102.51,101.21,107.52,109.38,110.66,110.38,111.75,114.80,119.42,122.78,122.78,118.45,114.91,113.26,114.85,116.23,116.75,115.01,116.56,117.27,119.24,122.87,118.38,118.38,119.92,119.35,121.95,122.31,122.31,120.27,119.79,118.22,113.07,113.52,115.39,115.39,116.92,118.47,119.00,118.83,118.63,120.47,122.76,126.32,124.40,124.40,125.57,126.89,126.89,126.89,126.13,127.00,137.30,127.00,129.48,128.98,130.80,130.80,130.99,129.17,129.17,133.56,132.87,131.84,131.84,131.84,133.75,134.44,135.56,134.74,135.86,136.27,137.81,138.55,138.84,146.54,143.59,142.21,140.78,141.23,139.37,137.55,137.56,140.25,139.53,143.42,143.74,144.46,154.37,153.98,153.98,153.95,151.93,150.18,150.18,152.61,153.77,155.54,155.54,159.45,162.30,162.30,168.34,173.05,174.43,176.62,181.39,184.04,184.04,181.12,194.60,198.19,208.72,213.13,227.88,228.76,228.76,241.20,246.73,258.13,267.83,286.27,295.46,299.02,293.51,293.51,282.72
Subclase,0.00186482,12311,"Joyería, relojes de pared y relojes de pulsera",104.85,101.51,101.51,99.83,99.57,101.83,101.13,102.72,102.72,104.39,104.39,102.51,101.21,107.52,109.38,110.66,110.38,111.75,114.80,119.42,122.78,122.78,118.45,114.91,113.26,114.85,116.23,116.75,115.01,116.56,117.27,119.24,122.87,118.38,118.38,119.92,119.35,121.95,122.31,122.31,120.27,119.79,118.22,113.07,113.52,115.39,115.39,116.92,118.47,119.00,118.83,118.63,120.47,122.76,126.32,124.40,124.40,125.57,126.89,126.89,126.89,126.13,127.00,137.30,127.00,129.48,128.98,130.80,130.80,130.99,129.17,129.17,133.56,132.87,131.84,131.84,131.84,133.75,134.44,135.56,134.74,135.86,136.27,137.81,138.55,138.84,146.54,143.59,142.21,140.78,141.23,139.37,137.55,137.56,140.25,139.53,143.42,143.74,144.46,154.37,153.98,153.98,153.95,151.93,150.18,150.18,152.61,153.77,155.54,155.54,159.45,162.30,162.30,168.34,173.05,174.43,176.62,181.39,184.04,184.04,181.12,194.60,198.19,208.72,213.13,227.88,228.76,228.76,241.20,246.73,258.13,267.83,286.27,295.46,299.02,293.51,293.51,282.72
Producto,0.000795115,12311347,RELOJ DE MANO,117.08,117.08,117.08,117.08,117.08,120.31,130.67,133.98,133.98,133.98,133.98,132.08,132.08,132.08,132.08,132.08,132.08,137.74,138.52,141.44,144.45,144.45,144.45,144.45,144.45,144.45,144.45,141.44,141.44,144.45,143.94,143.94,143.94,140.94,140.94,143.12,143.12,143.12,143.12,143.12,143.12,145.68,145.68,145.68,145.68,145.68,145.68,145.68,145.68,145.68,145.68,142.08,142.08,142.08,142.08,142.08,142.08,142.08,142.08,142.08,142.08,142.08,142.08,142.08,142.08,142.08,142.08,142.08,142.08,142.08,142.08,142.08,142.08,142.08,142.08,142.08,142.08,142.08,146.33,146.33,146.33,146.33,146.33,146.33,146.33,136.30,137.21,137.21,139.00,139.00,139.00,139.00,139.00,139.07,142.55,142.55,144.13,145.44,145.44,145.44,145.44,145.44,145.44,145.44,141.38,141.38,141.38,141.38,141.38,141.38,141.38,142.13,142.13,142.13,144.61,144.61,144.61,144.61,144.61,144.61,144.61,144.61,144.61,146.86,146.86,146.86,146.86,146.86,146.86,147.75,147.75,149.94,149.94,149.94,157.40,157.40,157.40,157.40
Producto,0.001069704,12311348,ANILLO,100.95,96.54,96.54,94.33,93.98,95.93,91.71,92.74,92.74,94.95,94.95,93.07,91.37,99.68,102.13,103.83,103.46,103.46,107.23,112.40,115.86,115.86,110.15,105.48,103.31,105.40,107.23,108.87,106.58,107.65,108.76,111.36,116.14,111.18,111.18,112.52,111.76,115.20,115.68,115.68,112.98,111.53,109.46,102.66,103.26,105.72,105.72,107.74,109.79,110.49,110.26,111.14,113.58,116.59,121.29,118.76,118.76,120.30,122.04,122.04,122.04,121.04,122.19,135.77,122.19,125.46,124.80,127.20,127.20,127.45,125.05,125.05,130.84,129.94,128.57,128.57,128.57,131.09,130.65,132.12,131.05,132.53,133.06,135.09,136.06,139.65,149.52,145.62,143.24,141.35,141.94,139.50,137.09,137.08,139.51,138.57,143.19,143.19,144.15,157.22,156.70,156.70,156.67,154.00,152.99,152.99,156.20,157.73,160.06,160.06,165.22,168.73,168.73,176.71,182.12,183.95,186.84,193.13,196.62,196.62,192.77,210.55,215.29,228.46,234.27,253.73,254.90,254.90,271.30,278.31,293.35,305.45,329.77,341.89,344.21,336.94,336.94,322.71
Clase,0.003248781,1232,Otros efectos personales (SD),99.09,98.91,99.18,100.81,100.81,100.81,100.81,100.81,106.16,101.62,102.03,102.03,102.59,102.59,101.94,101.94,101.94,102.08,102.30,102.52,107.92,107.92,107.92,107.56,107.92,107.34,108.03,108.03,107.62,107.50,107.59,107.56,105.54,105.58,105.58,105.58,104.95,104.49,104.21,103.92,103.92,103.92,104.31,102.99,102.18,102.12,101.84,101.84,101.79,101.84,102.00,102.00,100.88,101.50,101.50,101.50,99.98,99.98,99.98,99.98,100.30,100.08,100.19,100.19,100.19,100.19,100.19,100.19,100.19,100.19,100.19,99.29,99.29,99.59,99.91,99.91,99.91,99.91,100.47,100.47,96.76,97.75,96.77,96.85,95.26,93.27,95.61,95.19,95.19,95.54,95.00,97.06,97.06,97.06,97.29,97.00,97.00,96.85,96.85,96.85,96.85,97.48,97.50,96.69,97.30,97.30,97.30,97.30,97.92,97.48,97.15,97.37,97.39,96.66,96.36,96.36,96.90,96.70,93.61,93.60,93.43,93.43,93.43,93.06,93.23,93.23,91.42,91.42,90.92,90.92,90.92,91.04,92.16,93.07,94.33,94.53,94.77,94.77
Subclase,0.003248781,12321,Artículos personales varios,99.09,98.91,99.18,100.81,100.81,100.81,100.81,100.81,106.16,101.62,102.03,102.03,102.59,102.59,101.94,101.94,101.94,102.08,102.30,102.52,107.92,107.92,107.92,107.56,107.92,107.34,108.03,108.03,107.62,107.50,107.59,107.56,105.54,105.58,105.58,105.58,104.95,104.49,104.21,103.92,103.92,103.92,104.31,102.99,102.18,102.12,101.84,101.84,101.79,101.84,102.00,102.00,100.88,101.50,101.50,101.50,99.98,99.98,99.98,99.98,100.30,100.08,100.19,100.19,100.19,100.19,100.19,100.19,100.19,100.19,100.19,99.29,99.29,99.59,99.91,99.91,99.91,99.91,100.47,100.47,96.76,97.75,96.77,96.85,95.26,93.27,95.61,95.19,95.19,95.54,95.00,97.06,97.06,97.06,97.29,97.00,97.00,96.85,96.85,96.85,96.85,97.48,97.50,96.69,97.30,97.30,97.30,97.30,97.92,97.48,97.15,97.37,97.39,96.66,96.36,96.36,96.90,96.70,93.61,93.60,93.43,93.43,93.43,93.06,93.23,93.23,91.42,91.42,90.92,90.92,90.92,91.04,92.16,93.07,94.33,94.53,94.77,94.77
Producto,0.001199458,12321349,BOLSOS Y CARTERAS,103.06,103.73,104.56,109.49,109.49,109.49,109.49,109.49,111.03,111.03,112.30,112.30,112.30,112.30,110.31,110.31,110.31,110.52,110.75,110.75,110.75,110.75,110.75,109.66,110.75,111.28,113.37,113.37,111.92,111.76,111.76,113.37,108.20,108.20,108.20,108.20,108.20,106.78,105.94,105.07,105.07,105.07,105.07,105.07,106.08,105.91,105.07,105.07,104.92,105.07,105.55,105.55,106.40,106.40,106.40,106.40,106.40,106.40,106.40,106.40,106.40,106.40,106.40,106.40,106.40,106.40,106.40,106.40,106.40,106.40,106.40,104.34,104.34,105.26,105.26,105.26,105.26,105.26,106.25,106.25,107.10,110.12,107.15,107.15,104.34,103.63,104.97,104.97,104.97,106.03,104.32,110.56,110.56,110.56,110.56,109.68,109.68,109.68,109.68,109.68,109.68,111.22,111.22,111.22,110.23,110.23,110.23,110.23,111.06,108.90,108.90,109.14,109.33,107.12,107.12,107.12,107.12,107.12,107.12,107.08,106.57,106.57,106.56,105.44,105.96,105.96,100.45,100.45,98.93,98.93,98.93,99.31,102.71,105.47,109.05,109.66,109.66,109.66
Producto,0.000405411,12321350,GAFAS PARA SOL,95.13,93.24,93.24,93.24,93.24,93.24,93.24,93.24,93.24,93.24,93.24,93.24,95.89,95.89,95.89,95.89,95.89,96.22,96.95,97.95,97.95,97.95,97.95,97.95,97.95,94.36,94.36,94.36,94.71,94.38,94.79,92.16,91.59,91.80,91.80,91.80,88.83,88.83,88.83,88.83,88.83,88.83,90.66,84.43,85.92,85.92,85.92,85.92,85.92,85.92,85.92,85.92,79.29,82.24,82.24,82.24,84.79,84.79,84.79,84.79,86.29,85.22,85.76,85.76,85.76,85.76,85.76,85.76,85.76,85.76,85.76,84.73,84.73,84.73,86.23,86.23,86.23,86.23,87.32,87.32,85.01,85.01,85.01,85.35,82.23,73.92,82.90,80.90,80.90,80.90,81.02,81.02,81.02,81.02,82.11,82.11,82.11,81.40,81.40,81.40,81.40,81.99,82.10,78.26,78.26,78.26,78.26,78.26,79.93,81.21,79.63,80.28,80.09,80.09,78.70,78.70,78.70,78.70,78.70,78.70,78.70,78.70,78.70,78.70,78.70,78.70,78.70,78.70,78.70,78.70,78.70,78.70,78.70,78.70,79.09,79.09,80.22,80.22
Producto,0.001643913,12321351,MOCHILA ESCOLAR,98.06,98.06,98.06,98.06,98.06,98.06,98.06,98.06,108.60,98.72,98.72,98.72,98.72,98.72,98.72,98.72,98.72,98.72,98.72,98.72,110.47,110.47,110.47,110.47,110.47,110.47,110.47,110.47,110.47,110.47,110.47,110.47,110.03,110.03,110.03,110.03,110.03,110.03,110.03,110.03,110.03,110.03,110.03,110.03,106.84,106.84,106.84,106.84,106.84,106.84,106.84,106.84,106.84,106.84,106.84,106.84,102.36,102.36,102.36,102.36,102.36,102.36,102.36,102.36,102.36,102.36,102.36,102.36,102.36,102.36,102.36,102.36,102.36,102.36,102.36,102.36,102.36,102.36,102.36,102.36,94.74,94.74,94.74,94.74,94.74,94.74,94.74,94.74,94.74,94.74,94.74,94.74,94.74,94.74,94.74,94.74,94.74,94.74,94.74,94.74,94.74,94.74,94.74,94.74,96.77,96.77,96.77,96.77,96.77,96.77,96.77,96.77,96.77,96.77,96.77,96.77,97.94,97.51,90.78,90.78,90.78,90.78,90.78,90.78,90.78,90.78,90.78,90.78,90.78,90.78,90.78,90.78,90.78,90.78,90.78,90.78,90.78,90.78
Grupo,0.001631014,124,Protección social,118.70,118.70,118.70,118.70,118.70,118.70,118.70,118.70,122.70,122.70,122.70,122.70,122.70,119.11,119.11,119.11,119.11,119.24,119.24,119.24,121.50,121.50,121.50,121.50,121.50,122.77,122.77,122.77,122.77,122.77,122.77,122.77,125.21,125.21,125.21,125.21,125.21,125.21,125.21,125.21,125.21,125.21,125.21,125.21,125.21,125.21,126.80,126.80,126.80,126.80,126.80,126.80,126.80,126.80,126.80,126.80,126.80,127.76,127.76,127.76,128.23,128.23,128.23,128.23,128.23,128.23,128.23,128.23,128.23,128.23,128.23,128.23,128.23,128.23,128.23,128.23,128.23,128.23,128.23,109.85,121.24,125.60,125.60,126.72,118.09,120.02,120.53,120.53,122.42,122.42,122.42,122.42,122.42,122.42,122.63,122.63,122.63,122.63,122.63,122.63,122.63,122.63,122.63,122.63,123.54,123.54,123.54,123.54,123.54,123.54,123.85,123.98,123.98,123.98,123.98,123.98,123.98,126.48,126.48,126.48,126.48,126.48,126.48,126.48,126.48,126.48,126.48,126.48,130.68,131.15,131.15,131.15,131.15,131.15,131.15,131.15,131.15,131.15
Clase,0.001631014,1240,Protección social (S),118.70,118.70,118.70,118.70,118.70,118.70,118.70,118.70,122.70,122.70,122.70,122.70,122.70,119.11,119.11,119.11,119.11,119.24,119.24,119.24,121.50,121.50,121.50,121.50,121.50,122.77,122.77,122.77,122.77,122.77,122.77,122.77,125.21,125.21,125.21,125.21,125.21,125.21,125.21,125.21,125.21,125.21,125.21,125.21,125.21,125.21,126.80,126.80,126.80,126.80,126.80,126.80,126.80,126.80,126.80,126.80,126.80,127.76,127.76,127.76,128.23,128.23,128.23,128.23,128.23,128.23,128.23,128.23,128.23,128.23,128.23,128.23,128.23,128.23,128.23,128.23,128.23,128.23,128.23,109.85,121.24,125.60,125.60,126.72,118.09,120.02,120.53,120.53,122.42,122.42,122.42,122.42,122.42,122.42,122.63,122.63,122.63,122.63,122.63,122.63,122.63,122.63,122.63,122.63,123.54,123.54,123.54,123.54,123.54,123.54,123.85,123.98,123.98,123.98,123.98,123.98,123.98,126.48,126.48,126.48,126.48,126.48,126.48,126.48,126.48,126.48,126.48,126.48,130.68,131.15,131.15,131.15,131.15,131.15,131.15,131.15,131.15,131.15
Subclase,0.001631014,12401,Guarderías y casas cunas,118.70,118.70,118.70,118.70,118.70,118.70,118.70,118.70,122.70,122.70,122.70,122.70,122.70,119.11,119.11,119.11,119.11,119.24,119.24,119.24,121.50,121.50,121.50,121.50,121.50,122.77,122.77,122.77,122.77,122.77,122.77,122.77,125.21,125.21,125.21,125.21,125.21,125.21,125.21,125.21,125.21,125.21,125.21,125.21,125.21,125.21,126.80,126.80,126.80,126.80,126.80,126.80,126.80,126.80,126.80,126.80,126.80,127.76,127.76,127.76,128.23,128.23,128.23,128.23,128.23,128.23,128.23,128.23,128.23,128.23,128.23,128.23,128.23,128.23,128.23,128.23,128.23,128.23,128.23,109.85,121.24,125.60,125.60,126.72,118.09,120.02,120.53,120.53,122.42,122.42,122.42,122.42,122.42,122.42,122.63,122.63,122.63,122.63,122.63,122.63,122.63,122.63,122.63,122.63,123.54,123.54,123.54,123.54,123.54,123.54,123.85,123.98,123.98,123.98,123.98,123.98,123.98,126.48,126.48,126.48,126.48,126.48,126.48,126.48,126.48,126.48,126.48,126.48,130.68,131.15,131.15,131.15,131.15,131.15,131.15,131.15,131.15,131.15
Producto,0.001631014,12401352,SERVICIO DE GUARDERÍAS INFANTILES,118.70,118.70,118.70,118.70,118.70,118.70,118.70,118.70,122.70,122.70,122.70,122.70,122.70,119.11,119.11,119.11,119.11,119.24,119.24,119.24,121.50,121.50,121.50,121.50,121.50,122.77,122.77,122.77,122.77,122.77,122.77,122.77,125.21,125.21,125.21,125.21,125.21,125.21,125.21,125.21,125.21,125.21,125.21,125.21,125.21,125.21,126.80,126.80,126.80,126.80,126.80,126.80,126.80,126.80,126.80,126.80,126.80,127.76,127.76,127.76,128.23,128.23,128.23,128.23,128.23,128.23,128.23,128.23,128.23,128.23,128.23,128.23,128.23,128.23,128.23,128.23,128.23,128.23,128.23,109.85,121.24,125.60,125.60,126.72,118.09,120.02,120.53,120.53,122.42,122.42,122.42,122.42,122.42,122.42,122.63,122.63,122.63,122.63,122.63,122.63,122.63,122.63,122.63,122.63,123.54,123.54,123.54,123.54,123.54,123.54,123.85,123.98,123.98,123.98,123.98,123.98,123.98,126.48,126.48,126.48,126.48,126.48,126.48,126.48,126.48,126.48,126.48,126.48,130.68,131.15,131.15,131.15,131.15,131.15,131.15,131.15,131.15,131.15
Grupo,0.012280717,125,Seguros,100.20,100.20,100.20,100.20,100.20,100.20,100.20,100.20,100.20,99.57,99.57,99.57,99.70,99.70,99.70,99.70,99.70,99.70,99.70,99.70,99.70,99.70,99.70,99.70,100.07,100.07,100.07,100.07,100.07,100.07,100.07,100.07,100.07,100.07,100.07,100.07,100.44,100.44,100.44,100.44,100.44,100.44,100.44,100.44,100.44,100.44,100.44,100.44,100.44,100.44,100.44,100.44,100.44,100.44,100.44,100.44,100.44,100.44,100.44,100.44,100.44,100.44,100.44,100.44,100.44,100.44,100.44,100.44,100.44,100.44,100.44,100.44,100.44,100.44,100.44,100.44,100.44,100.44,100.44,100.44,100.44,100.44,100.44,100.44,100.44,100.44,100.44,100.44,100.44,100.44,100.44,100.44,100.44,100.44,100.44,100.44,100.44,100.44,100.44,100.44,100.44,100.44,100.44,100.44,100.44,100.44,100.44,100.44,100.44,100.44,100.44,100.44,100.44,100.44,100.44,100.44,100.44,100.44,100.44,100.44,100.44,100.44,100.44,100.44,100.44,100.44,100.44,100.44,100.44,100.44,100.44,100.44,100.44,100.44,100.44,100.44,100.44,100.44
Clase,0.000275555,1252,Seguro relacionado con la vivienda (S),97.90,97.90,97.90,97.90,97.90,97.90,97.90,97.90,97.90,97.90,97.90,97.90,97.90,97.90,97.90,97.90,97.90,97.90,97.90,97.90,97.90,97.90,97.90,97.90,98.17,98.17,98.17,98.17,98.17,98.17,98.17,98.17,98.17,98.17,98.17,98.17,96.69,96.69,96.69,96.69,96.69,96.69,96.69,96.69,96.69,96.69,96.69,96.69,96.69,96.69,96.69,96.69,96.69,96.69,96.69,96.69,96.69,96.69,96.69,96.69,96.69,96.69,96.69,96.69,96.69,96.69,96.69,96.69,96.69,96.69,96.69,96.69,96.69,96.69,96.69,96.69,96.69,96.69,96.69,96.69,96.69,96.69,96.69,96.69,96.69,96.69,96.69,96.69,96.69,96.69,96.69,96.69,96.69,96.69,96.69,96.69,96.69,96.69,96.69,96.69,96.69,96.69,96.69,96.69,96.69,96.69,96.69,96.69,96.69,96.69,96.69,96.69,96.69,96.69,96.69,96.69,96.69,96.69,96.69,96.69,96.69,96.69,96.69,96.69,96.69,96.69,96.69,96.69,96.69,96.69,96.69,96.69,96.69,96.69,96.69,96.69,96.69,96.69
Subclase,0.000275555,12521,Seguro relacionado con la vivienda,97.90,97.90,97.90,97.90,97.90,97.90,97.90,97.90,97.90,97.90,97.90,97.90,97.90,97.90,97.90,97.90,97.90,97.90,97.90,97.90,97.90,97.90,97.90,97.90,98.17,98.17,98.17,98.17,98.17,98.17,98.17,98.17,98.17,98.17,98.17,98.17,96.69,96.69,96.69,96.69,96.69,96.69,96.69,96.69,96.69,96.69,96.69,96.69,96.69,96.69,96.69,96.69,96.69,96.69,96.69,96.69,96.69,96.69,96.69,96.69,96.69,96.69,96.69,96.69,96.69,96.69,96.69,96.69,96.69,96.69,96.69,96.69,96.69,96.69,96.69,96.69,96.69,96.69,96.69,96.69,96.69,96.69,96.69,96.69,96.69,96.69,96.69,96.69,96.69,96.69,96.69,96.69,96.69,96.69,96.69,96.69,96.69,96.69,96.69,96.69,96.69,96.69,96.69,96.69,96.69,96.69,96.69,96.69,96.69,96.69,96.69,96.69,96.69,96.69,96.69,96.69,96.69,96.69,96.69,96.69,96.69,96.69,96.69,96.69,96.69,96.69,96.69,96.69,96.69,96.69,96.69,96.69,96.69,96.69,96.69,96.69,96.69,96.69
Producto,0.000275555,12521353,SEGURO PARA LA VIVIENDA,97.90,97.90,97.90,97.90,97.90,97.90,97.90,97.90,97.90,97.90,97.90,97.90,97.90,97.90,97.90,97.90,97.90,97.90,97.90,97.90,97.90,97.90,97.90,97.90,98.17,98.17,98.17,98.17,98.17,98.17,98.17,98.17,98.17,98.17,98.17,98.17,96.69,96.69,96.69,96.69,96.69,96.69,96.69,96.69,96.69,96.69,96.69,96.69,96.69,96.69,96.69,96.69,96.69,96.69,96.69,96.69,96.69,96.69,96.69,96.69,96.69,96.69,96.69,96.69,96.69,96.69,96.69,96.69,96.69,96.69,96.69,96.69,96.69,96.69,96.69,96.69,96.69,96.69,96.69,96.69,96.69,96.69,96.69,96.69,96.69,96.69,96.69,96.69,96.69,96.69,96.69,96.69,96.69,96.69,96.69,96.69,96.69,96.69,96.69,96.69,96.69,96.69,96.69,96.69,96.69,96.69,96.69,96.69,96.69,96.69,96.69,96.69,96.69,96.69,96.69,96.69,96.69,96.69,96.69,96.69,96.69,96.69,96.69,96.69,96.69,96.69,96.69,96.69,96.69,96.69,96.69,96.69,96.69,96.69,96.69,96.69,96.69,96.69
Clase,0.005689856,1253,Seguro relacionado con la salud (S),99.25,99.25,99.25,99.25,99.25,99.25,99.25,99.25,99.25,97.13,97.13,97.13,97.56,97.56,97.56,97.56,97.56,97.56,97.56,97.56,97.56,97.56,97.56,97.56,98.79,98.79,98.79,98.79,98.79,98.79,98.79,98.79,98.79,98.79,98.79,98.79,100.11,100.11,100.11,100.11,100.11,100.11,100.11,100.11,100.11,100.11,100.11,100.11,100.11,100.11,100.11,100.11,100.11,100.11,100.11,100.11,100.11,100.11,100.11,100.11,100.11,100.11,100.11,100.11,100.11,100.11,100.11,100.11,100.11,100.11,100.11,100.11,100.11,100.11,100.11,100.11,100.11,100.11,100.11,100.11,100.11,100.11,100.11,100.11,100.11,100.11,100.11,100.11,100.11,100.11,100.11,100.11,100.11,100.11,100.11,100.11,100.11,100.11,100.11,100.11,100.11,100.11,100.11,100.11,100.11,100.11,100.11,100.11,100.11,100.11,100.11,100.11,100.11,100.11,100.11,100.11,100.11,100.11,100.11,100.11,100.11,100.11,100.11,100.11,100.11,100.11,100.11,100.11,100.11,100.11,100.11,100.11,100.11,100.11,100.11,100.11,100.11,100.11
Subclase,0.005689856,12531,Seguro relacionado con la salud,99.25,99.25,99.25,99.25,99.25,99.25,99.25,99.25,99.25,97.13,97.13,97.13,97.56,97.56,97.56,97.56,97.56,97.56,97.56,97.56,97.56,97.56,97.56,97.56,98.79,98.79,98.79,98.79,98.79,98.79,98.79,98.79,98.79,98.79,98.79,98.79,100.11,100.11,100.11,100.11,100.11,100.11,100.11,100.11,100.11,100.11,100.11,100.11,100.11,100.11,100.11,100.11,100.11,100.11,100.11,100.11,100.11,100.11,100.11,100.11,100.11,100.11,100.11,100.11,100.11,100.11,100.11,100.11,100.11,100.11,100.11,100.11,100.11,100.11,100.11,100.11,100.11,100.11,100.11,100.11,100.11,100.11,100.11,100.11,100.11,100.11,100.11,100.11,100.11,100.11,100.11,100.11,100.11,100.11,100.11,100.11,100.11,100.11,100.11,100.11,100.11,100.11,100.11,100.11,100.11,100.11,100.11,100.11,100.11,100.11,100.11,100.11,100.11,100.11,100.11,100.11,100.11,100.11,100.11,100.11,100.11,100.11,100.11,100.11,100.11,100.11,100.11,100.11,100.11,100.11,100.11,100.11,100.11,100.11,100.11,100.11,100.11,100.11
Producto,0.005689856,12531354,SEGURO DE SALUD,99.25,99.25,99.25,99.25,99.25,99.25,99.25,99.25,99.25,97.13,97.13,97.13,97.56,97.56,97.56,97.56,97.56,97.56,97.56,97.56,97.56,97.56,97.56,97.56,98.79,98.79,98.79,98.79,98.79,98.79,98.79,98.79,98.79,98.79,98.79,98.79,100.11,100.11,100.11,100.11,100.11,100.11,100.11,100.11,100.11,100.11,100.11,100.11,100.11,100.11,100.11,100.11,100.11,100.11,100.11,100.11,100.11,100.11,100.11,100.11,100.11,100.11,100.11,100.11,100.11,100.11,100.11,100.11,100.11,100.11,100.11,100.11,100.11,100.11,100.11,100.11,100.11,100.11,100.11,100.11,100.11,100.11,100.11,100.11,100.11,100.11,100.11,100.11,100.11,100.11,100.11,100.11,100.11,100.11,100.11,100.11,100.11,100.11,100.11,100.11,100.11,100.11,100.11,100.11,100.11,100.11,100.11,100.11,100.11,100.11,100.11,100.11,100.11,100.11,100.11,100.11,100.11,100.11,100.11,100.11,100.11,100.11,100.11,100.11,100.11,100.11,100.11,100.11,100.11,100.11,100.11,100.11,100.11,100.11,100.11,100.11,100.11,100.11
Clase,0.006315305,1254,Seguro relacionado con el transporte (S),100.67,100.67,100.67,100.67,100.67,100.67,100.67,100.67,100.67,100.67,100.67,100.67,100.67,100.67,100.67,100.67,100.67,100.67,100.67,100.67,100.67,100.67,100.67,100.67,100.67,100.67,100.67,100.67,100.67,100.67,100.67,100.67,100.67,100.67,100.67,100.67,100.67,100.67,100.67,100.67,100.67,100.67,100.67,100.67,100.67,100.67,100.67,100.67,100.67,100.67,100.67,100.67,100.67,100.67,100.67,100.67,100.67,100.67,100.67,100.67,100.67,100.67,100.67,100.67,100.67,100.67,100.67,100.67,100.67,100.67,100.67,100.67,100.67,100.67,100.67,100.67,100.67,100.67,100.67,100.67,100.67,100.67,100.67,100.67,100.67,100.67,100.67,100.67,100.67,100.67,100.67,100.67,100.67,100.67,100.67,100.67,100.67,100.67,100.67,100.67,100.67,100.67,100.67,100.67,100.67,100.67,100.67,100.67,100.67,100.67,100.67,100.67,100.67,100.67,100.67,100.67,100.67,100.67,100.67,100.67,100.67,100.67,100.67,100.67,100.67,100.67,100.67,100.67,100.67,100.67,100.67,100.67,100.67,100.67,100.67,100.67,100.67,100.67
Subclase,0.006315305,12541,Seguro relacionado con el transporte,100.67,100.67,100.67,100.67,100.67,100.67,100.67,100.67,100.67,100.67,100.67,100.67,100.67,100.67,100.67,100.67,100.67,100.67,100.67,100.67,100.67,100.67,100.67,100.67,100.67,100.67,100.67,100.67,100.67,100.67,100.67,100.67,100.67,100.67,100.67,100.67,100.67,100.67,100.67,100.67,100.67,100.67,100.67,100.67,100.67,100.67,100.67,100.67,100.67,100.67,100.67,100.67,100.67,100.67,100.67,100.67,100.67,100.67,100.67,100.67,100.67,100.67,100.67,100.67,100.67,100.67,100.67,100.67,100.67,100.67,100.67,100.67,100.67,100.67,100.67,100.67,100.67,100.67,100.67,100.67,100.67,100.67,100.67,100.67,100.67,100.67,100.67,100.67,100.67,100.67,100.67,100.67,100.67,100.67,100.67,100.67,100.67,100.67,100.67,100.67,100.67,100.67,100.67,100.67,100.67,100.67,100.67,100.67,100.67,100.67,100.67,100.67,100.67,100.67,100.67,100.67,100.67,100.67,100.67,100.67,100.67,100.67,100.67,100.67,100.67,100.67,100.67,100.67,100.67,100.67,100.67,100.67,100.67,100.67,100.67,100.67,100.67,100.67
Producto,0.006315305,12541355,SEGURO DE VEHÍCULO,100.67,100.67,100.67,100.67,100.67,100.67,100.67,100.67,100.67,100.67,100.67,100.67,100.67,100.67,100.67,100.67,100.67,100.67,100.67,100.67,100.67,100.67,100.67,100.67,100.67,100.67,100.67,100.67,100.67,100.67,100.67,100.67,100.67,100.67,100.67,100.67,100.67,100.67,100.67,100.67,100.67,100.67,100.67,100.67,100.67,100.67,100.67,100.67,100.67,100.67,100.67,100.67,100.67,100.67,100.67,100.67,100.67,100.67,100.67,100.67,100.67,100.67,100.67,100.67,100.67,100.67,100.67,100.67,100.67,100.67,100.67,100.67,100.67,100.67,100.67,100.67,100.67,100.67,100.67,100.67,100.67,100.67,100.67,100.67,100.67,100.67,100.67,100.67,100.67,100.67,100.67,100.67,100.67,100.67,100.67,100.67,100.67,100.67,100.67,100.67,100.67,100.67,100.67,100.67,100.67,100.67,100.67,100.67,100.67,100.67,100.67,100.67,100.67,100.67,100.67,100.67,100.67,100.67,100.67,100.67,100.67,100.67,100.67,100.67,100.67,100.67,100.67,100.67,100.67,100.67,100.67,100.67,100.67,100.67,100.67,100.67,100.67,100.67
Grupo,0.001417168,126,Servicios financieros n.e.p.,98.06,98.06,98.06,98.06,98.06,98.06,98.06,98.06,98.06,98.06,98.06,98.06,98.06,98.06,96.92,96.92,96.92,94.55,94.55,94.55,94.55,94.55,94.55,94.55,94.55,94.55,94.55,94.55,94.55,92.80,92.80,92.80,92.80,92.80,92.80,92.80,92.80,92.80,92.80,92.80,92.80,92.80,92.80,92.80,92.80,92.80,92.80,92.80,92.80,92.80,92.80,92.80,92.80,88.24,88.24,88.24,88.24,88.24,88.24,88.24,88.24,88.24,88.24,88.24,88.24,88.24,88.24,88.24,88.24,88.24,88.24,88.24,88.24,88.24,88.24,88.24,88.24,88.24,88.24,88.24,88.24,88.24,88.24,88.24,88.24,88.24,88.24,88.24,88.24,88.24,88.24,88.24,88.24,88.24,88.24,88.24,88.24,88.24,88.24,88.24,88.24,88.24,88.24,88.24,88.24,88.24,88.24,88.24,88.24,88.24,88.24,90.70,90.70,90.70,90.70,90.70,90.70,90.70,90.70,90.70,90.70,90.70,90.70,90.70,90.70,90.70,90.70,90.70,90.70,90.70,90.70,90.70,90.70,90.70,90.70,90.70,90.70,90.70
Clase,0.001417168,1262,Otros servicios financieros n.e.p. (S),98.06,98.06,98.06,98.06,98.06,98.06,98.06,98.06,98.06,98.06,98.06,98.06,98.06,98.06,96.92,96.92,96.92,94.55,94.55,94.55,94.55,94.55,94.55,94.55,94.55,94.55,94.55,94.55,94.55,92.80,92.80,92.80,92.80,92.80,92.80,92.80,92.80,92.80,92.80,92.80,92.80,92.80,92.80,92.80,92.80,92.80,92.80,92.80,92.80,92.80,92.80,92.80,92.80,88.24,88.24,88.24,88.24,88.24,88.24,88.24,88.24,88.24,88.24,88.24,88.24,88.24,88.24,88.24,88.24,88.24,88.24,88.24,88.24,88.24,88.24,88.24,88.24,88.24,88.24,88.24,88.24,88.24,88.24,88.24,88.24,88.24,88.24,88.24,88.24,88.24,88.24,88.24,88.24,88.24,88.24,88.24,88.24,88.24,88.24,88.24,88.24,88.24,88.24,88.24,88.24,88.24,88.24,88.24,88.24,88.24,88.24,90.70,90.70,90.70,90.70,90.70,90.70,90.70,90.70,90.70,90.70,90.70,90.70,90.70,90.70,90.70,90.70,90.70,90.70,90.70,90.70,90.70,90.70,90.70,90.70,90.70,90.70,90.70
Subclase,0.001417168,12621,Servicios financieros,98.06,98.06,98.06,98.06,98.06,98.06,98.06,98.06,98.06,98.06,98.06,98.06,98.06,98.06,96.92,96.92,96.92,94.55,94.55,94.55,94.55,94.55,94.55,94.55,94.55,94.55,94.55,94.55,94.55,92.80,92.80,92.80,92.80,92.80,92.80,92.80,92.80,92.80,92.80,92.80,92.80,92.80,92.80,92.80,92.80,92.80,92.80,92.80,92.80,92.80,92.80,92.80,92.80,88.24,88.24,88.24,88.24,88.24,88.24,88.24,88.24,88.24,88.24,88.24,88.24,88.24,88.24,88.24,88.24,88.24,88.24,88.24,88.24,88.24,88.24,88.24,88.24,88.24,88.24,88.24,88.24,88.24,88.24,88.24,88.24,88.24,88.24,88.24,88.24,88.24,88.24,88.24,88.24,88.24,88.24,88.24,88.24,88.24,88.24,88.24,88.24,88.24,88.24,88.24,88.24,88.24,88.24,88.24,88.24,88.24,88.24,90.70,90.70,90.70,90.70,90.70,90.70,90.70,90.70,90.70,90.70,90.70,90.70,90.70,90.70,90.70,90.70,90.70,90.70,90.70,90.70,90.70,90.70,90.70,90.70,90.70,90.70,90.70
Producto,0.001417168,12621356,SERVICIOS BANCARIOS,98.06,98.06,98.06,98.06,98.06,98.06,98.06,98.06,98.06,98.06,98.06,98.06,98.06,98.06,96.92,96.92,96.92,94.55,94.55,94.55,94.55,94.55,94.55,94.55,94.55,94.55,94.55,94.55,94.55,92.80,92.80,92.80,92.80,92.80,92.80,92.80,92.80,92.80,92.80,92.80,92.80,92.80,92.80,92.80,92.80,92.80,92.80,92.80,92.80,92.80,92.80,92.80,92.80,88.24,88.24,88.24,88.24,88.24,88.24,88.24,88.24,88.24,88.24,88.24,88.24,88.24,88.24,88.24,88.24,88.24,88.24,88.24,88.24,88.24,88.24,88.24,88.24,88.24,88.24,88.24,88.24,88.24,88.24,88.24,88.24,88.24,88.24,88.24,88.24,88.24,88.24,88.24,88.24,88.24,88.24,88.24,88.24,88.24,88.24,88.24,88.24,88.24,88.24,88.24,88.24,88.24,88.24,88.24,88.24,88.24,88.24,90.70,90.70,90.70,90.70,90.70,90.70,90.70,90.70,90.70,90.70,90.70,90.70,90.70,90.70,90.70,90.70,90.70,90.70,90.70,90.70,90.70,90.70,90.70,90.70,90.70,90.70,90.70
Grupo,0.019827646,127,Otros servicios n.e.p.,101.23,107.36,107.36,107.36,107.36,107.36,107.36,107.36,107.36,107.36,107.36,104.68,106.73,106.73,106.73,106.73,106.73,106.73,106.73,106.73,106.73,106.73,106.73,106.73,104.20,104.20,104.20,104.20,104.20,104.20,104.20,104.20,104.20,104.20,104.20,104.20,120.46,120.46,120.46,120.46,120.46,120.46,120.46,120.46,120.46,120.46,120.46,121.61,121.61,121.61,121.61,121.61,121.61,121.61,121.61,121.61,121.61,121.61,121.61,120.17,120.17,120.17,120.17,120.17,120.17,120.17,120.17,120.17,120.17,121.07,121.07,121.07,121.07,121.07,121.07,121.07,121.07,122.30,123.64,123.64,123.64,122.62,122.62,122.62,123.42,122.61,122.77,122.77,122.07,122.21,122.21,122.21,122.35,122.35,125.61,125.61,125.61,126.26,125.46,125.46,125.46,125.46,125.46,125.46,125.46,125.46,125.46,124.08,124.62,124.62,126.21,126.21,124.57,124.57,127.56,127.56,127.56,127.56,127.56,127.56,129.05,128.59,128.59,128.59,128.59,129.85,131.17,131.17,131.17,131.17,131.17,131.17,130.83,130.83,131.17,131.17,131.17,131.17
Clase,0.019827646,1270,Otros servicios n.e.p. (S),101.23,107.36,107.36,107.36,107.36,107.36,107.36,107.36,107.36,107.36,107.36,104.68,106.73,106.73,106.73,106.73,106.73,106.73,106.73,106.73,106.73,106.73,106.73,106.73,104.20,104.20,104.20,104.20,104.20,104.20,104.20,104.20,104.20,104.20,104.20,104.20,120.46,120.46,120.46,120.46,120.46,120.46,120.46,120.46,120.46,120.46,120.46,121.61,121.61,121.61,121.61,121.61,121.61,121.61,121.61,121.61,121.61,121.61,121.61,120.17,120.17,120.17,120.17,120.17,120.17,120.17,120.17,120.17,120.17,121.07,121.07,121.07,121.07,121.07,121.07,121.07,121.07,122.30,123.64,123.64,123.64,122.62,122.62,122.62,123.42,122.61,122.77,122.77,122.07,122.21,122.21,122.21,122.35,122.35,125.61,125.61,125.61,126.26,125.46,125.46,125.46,125.46,125.46,125.46,125.46,125.46,125.46,124.08,124.62,124.62,126.21,126.21,124.57,124.57,127.56,127.56,127.56,127.56,127.56,127.56,129.05,128.59,128.59,128.59,128.59,129.85,131.17,131.17,131.17,131.17,131.17,131.17,130.83,130.83,131.17,131.17,131.17,131.17
Subclase,0.019827646,12701,"Servicios judiciales, sociales y fotocopias",101.23,107.36,107.36,107.36,107.36,107.36,107.36,107.36,107.36,107.36,107.36,104.68,106.73,106.73,106.73,106.73,106.73,106.73,106.73,106.73,106.73,106.73,106.73,106.73,104.20,104.20,104.20,104.20,104.20,104.20,104.20,104.20,104.20,104.20,104.20,104.20,120.46,120.46,120.46,120.46,120.46,120.46,120.46,120.46,120.46,120.46,120.46,121.61,121.61,121.61,121.61,121.61,121.61,121.61,121.61,121.61,121.61,121.61,121.61,120.17,120.17,120.17,120.17,120.17,120.17,120.17,120.17,120.17,120.17,121.07,121.07,121.07,121.07,121.07,121.07,121.07,121.07,122.30,123.64,123.64,123.64,122.62,122.62,122.62,123.42,122.61,122.77,122.77,122.07,122.21,122.21,122.21,122.35,122.35,125.61,125.61,125.61,126.26,125.46,125.46,125.46,125.46,125.46,125.46,125.46,125.46,125.46,124.08,124.62,124.62,126.21,126.21,124.57,124.57,127.56,127.56,127.56,127.56,127.56,127.56,129.05,128.59,128.59,128.59,128.59,129.85,131.17,131.17,131.17,131.17,131.17,131.17,130.83,130.83,131.17,131.17,131.17,131.17
Producto,0.007328097,12701357,GASTOS COMPROMISOS SOCIALES,101.25,101.25,101.25,101.25,101.25,101.25,101.25,101.25,101.25,101.25,101.25,101.25,101.25,101.25,101.25,101.25,101.25,101.25,101.25,101.25,101.25,101.25,101.25,101.25,101.25,101.25,101.25,101.25,101.25,101.25,101.25,101.25,101.25,101.25,101.25,101.25,101.25,101.25,101.25,101.25,101.25,101.25,101.25,101.25,101.25,101.25,101.25,101.25,101.25,101.25,101.25,101.25,101.25,101.25,101.25,101.25,101.25,101.25,101.25,100.30,100.30,100.30,100.30,100.30,100.30,100.30,100.30,100.30,100.30,100.30,100.30,100.30,100.30,100.30,100.30,100.30,100.30,100.30,100.30,100.30,100.30,97.03,97.03,97.03,97.03,94.40,94.92,94.92,92.69,93.13,93.13,93.13,93.59,93.59,104.06,104.06,104.06,104.06,101.49,101.49,101.49,101.49,101.49,101.49,101.49,101.49,101.49,97.06,98.80,98.80,98.80,98.80,93.54,93.54,92.86,92.86,92.86,92.86,92.86,92.86,90.30,88.82,88.82,88.82,88.82,92.87,97.11,97.11,97.11,97.11,97.11,97.11,96.01,96.01,97.11,97.11,97.11,97.11
Producto,0.007345759,12701358,SERVICIOS JUDICIALES,102.10,113.44,113.44,113.44,113.44,113.44,113.44,113.44,113.44,113.44,113.44,113.44,117.24,117.24,117.24,117.24,117.24,117.24,117.24,117.24,117.24,117.24,117.24,117.24,112.57,112.57,112.57,112.57,112.57,112.57,112.57,112.57,112.57,112.57,112.57,112.57,140.71,140.71,140.71,140.71,140.71,140.71,140.71,140.71,140.71,140.71,140.71,140.71,140.71,140.71,140.71,140.71,140.71,140.71,140.71,140.71,140.71,140.71,140.71,140.71,140.71,140.71,140.71,140.71,140.71,140.71,140.71,140.71,140.71,140.71,140.71,140.71,140.71,140.71,140.71,140.71,140.71,140.71,140.71,140.71,140.71,140.71,140.71,140.71,140.71,140.71,140.71,140.71,140.71,140.71,140.71,140.71,140.71,140.71,140.71,140.71,140.71,140.71,140.71,140.71,140.71,140.71,140.71,140.71,140.71,140.71,140.71,140.71,140.71,140.71,140.71,140.71,140.71,140.71,140.71,140.71,140.71,140.71,140.71,140.71,144.93,144.93,144.93,144.93,144.93,144.93,144.93,144.93,144.93,144.93,144.93,144.93,144.93,144.93,144.93,144.93,144.93,144.93
Producto,0.005153791,12701359,FOTOCOPIAS,98.06,98.06,98.06,98.06,98.06,98.06,98.06,98.06,98.06,98.06,98.06,79.94,79.94,79.94,79.94,79.94,79.94,79.94,79.94,79.94,79.94,79.94,79.94,79.94,79.94,79.94,79.94,79.94,79.94,79.94,79.94,79.94,79.94,79.94,79.94,79.94,87.04,87.04,87.04,87.04,87.04,87.04,87.04,87.04,87.04,87.04,87.04,94.78,94.78,94.78,94.78,94.78,94.78,94.78,94.78,94.78,94.78,94.78,94.78,87.04,87.04,87.04,87.04,87.04,87.04,87.04,87.04,87.04,87.04,93.13,93.13,93.13,93.13,93.13,93.13,93.13,93.13,101.40,110.41,110.41,110.41,110.41,110.41,110.41,115.84,115.84,115.84,115.84,115.84,115.84,115.84,115.84,115.84,115.84,115.84,115.84,115.84,120.23,120.23,120.23,120.23,120.23,120.23,120.23,120.23,120.23,120.23,120.23,120.23,120.23,130.91,130.91,130.91,130.91,152.51,152.51,152.51,152.51,152.51,152.51,152.51,152.51,152.51,152.51,152.51,152.51,152.51,152.51,152.51,152.51,152.51,152.51,152.51,152.51,152.51,152.51,152.51,152.51
,,,,,,,,,,,,,,,,,,,,,,,,,,,,,,,,,,,,,,,,,,,,,,,,,,,,,,,,,,,,,,,,,,,,,,,,,,,,,,,,,,,,,,,,,,,,,,,,,,,,,,,,,,,,,,,,,,,,,,,,,,,,,,,,,,,,,,,,,,,,,
Nota:,,,,,,,,,,,,,,,,,,,,,,,,,,,,,,,,,,,,,,,,,,,,,,,,,,,,,,,,,,,,,,,,,,,,,,,,,,,,,,,,,,,,,,,,,,,,,,,,,,,,,,,,,,,,,,,,,,,,,,,,,,,,,,,,,,,,,,,,,,,,,
CCIF corresponde a las siglas de la Clasificación del Consumo Individual por Finalidades,,,,,,,,,,,,,,,,,,,,,,,,,,,,,,,,,,,,,,,,,,,,,,,,,,,,,,,,,,,,,,,,,,,,,,,,,,,,,,,,,,,,,,,,,,,,,,,,,,,,,,,,,,,,,,,,,,,,,,,,,,,,,,,,,,,,,,,,,,,,,
,,,,,,,,,,,,,,,,,,,,,,,,,,,,,,,,,,,,,,,,,,,,,,,,,,,,,,,,,,,,,,,,,,,,,,,,,,,,,,,,,,,,,,,,,,,,,,,,,,,,,,,,,,,,,,,,,,,,,,,,,,,,,,,,,,,,,,,,,,,,,
Fuente: Índice de Precios al Consumidor,,,,,,,,,,,,,,,,,,,,,,,,,,,,,,,,,,,,,,,,,,,,,,,,,,,,,,,,,,,,,,,,,,,,,,,,,,,,,,,,,,,,,,,,,,,,,,,,,,,,,,,,,,,,,,,,,,,,,,,,,,,,,,,,,,,,,,,,,,,,,
