,,,,,,,,,,,,,,,,,,,,,,,,,,,,,,,,,,,,,,,,,,,,,,,,,,,,,,,,,,,,,,,,,,,,,,,,,,,,,,,,,,,,,,,,,,,,,,,,,,,,,,,,,,,,,,,,,,,,,,,,,,,,,,,,,,,,,,,,,,,,,
,,,,,,,,,,,,,,,,,,,,,,,,,,,,,,,,,,,,,,,,,,,,,,,,,,,,,,,,,,,,,,,,,,,,,,,,,,,,,,,,,,,,,,,,,,,,,,,,,,,,,,,,,,,,,,,,,,,,,,,,,,,,,,,,,,,,,,,,,,,,,
ÍNDICE DE PRECIOS AL CONSUMIDOR - IPC -,,,,,,,,,,,,,,,,,,,,,,,,,,,,,,,,,,,,,,,,,,,,,,,,,,,,,,,,,,,,,,,,,,,,,,,,,,,,,,,,,,,,,,,,,,,,,,,,,,,,,,,,,,,,,,,,,,,,,,,,,,,,,,,,,,,,,,,,,,,,,
ÍNDICE GENERAL AMBATO,,,,,,,,,,,,,,,,,,,,,,,,,,,,,,,,,,,,,,,,,,,,,,,,,,,,,,,,,,,,,,,,,,,,,,,,,,,,,,,,,,,,,,,,,,,,,,,,,,,,,,,,,,,,,,,,,,,,,,,,,,,,,,,,,,,,,,,,,,,,,
Nivel,Ponderación,Cód. CCIF,Descripción CCIF,ene-15,feb-15,mar-15,abr-15,may-15,jun-15,jul-15,ago-15,sep-15,oct-15,nov-15,dic-15,ene-16,feb-16,mar-16,abr-16,may-16,jun-16,jul-16,ago-16,sep-16,oct-16,nov-16,dic-16,ene-17,feb-17,mar-17,abr-17,may-17,jun-17,jul-17,ago-17,sep-17,oct-17,nov-17,dic-17,ene-18,feb-18,mar-18,abr-18,may-18,jun-18,jul-18,ago-18,sep-18,oct-18,nov-18,dic-18,ene-19,feb-19,mar-19,abr-19,may-19,jun-19,jul-19,ago-19,sep-19,oct-19,nov-19,dic-19,ene-20,feb-20,mar-20,abr-20,may-20,jun-20,jul-20,ago-20,sep-20,oct-20,nov-20,dic-20,ene-21,feb-21,mar-21,abr-21,may-21,jun-21,jul-21,ago-21,sep-21,oct-21,nov-21,dic-21,ene-22,feb-22,mar-22,abr-22,may-22,jun-22,jul-22,ago-22,sep-22,oct-22,nov-22,dic-22,ene-23,feb-23,mar-23,abr-23,may-23,jun-23,jul-23,ago-23,sep-23,oct-23,nov-23,dic-23,ene-24,feb-24,mar-24,abr-24,may-24,jun-24,jul-24,ago-24,sep-24,oct-24,nov-24,dic-24,ene-25,feb-25,mar-25,abr-25,may-25,jun-25,jul-25,ago-25,sep-25,oct-25,nov-25,dic-25,ene-26,feb-26,mar-26,abr-26,may-26,jun-26
General,"1,000000",0,GENERAL,101.03,101.56,101.68,102.33,102.73,103.84,103.35,103.56,103.93,103.94,103.93,104.29,104.75,105.22,105.02,104.69,105.23,105.10,105.04,104.72,104.99,104.78,104.83,105.45,105.77,105.87,106.11,106.05,106.19,105.75,105.76,105.54,105.71,105.44,105.12,105.36,105.21,105.76,105.83,105.16,104.70,104.43,104.66,104.68,105.34,105.16,105.20,104.97,105.51,105.26,104.98,105.00,105.09,105.08,105.18,105.04,105.39,105.82,105.42,105.69,106.01,105.18,105.82,106.31,105.77,105.76,105.29,104.94,104.68,104.48,104.26,104.09,104.26,104.20,104.55,104.98,104.86,104.62,105.00,105.15,105.20,105.22,105.17,105.46,106.17,106.33,106.47,106.90,108.02,108.57,108.67,108.63,108.94,109.29,109.18,109.39,109.07,109.22,109.01,109.46,109.15,109.91,110.26,110.94,110.39,110.12,109.90,109.78,109.61,109.88,110.27,110.92,110.80,110.24,111.07,111.34,111.58,112.12,110.88,109.60,109.77,109.69,110.20,111.21,111.27,111.05,111.15,111.23,111.88,112.23,111.07,110.88,111.13,112.38,112.88,113.13,113.29,113.86
División,0.224503124,01,Alimentos y bebidas no alcohólicas,101.67,101.51,101.07,102.80,103.29,104.14,103.20,103.27,105.07,104.51,104.04,107.51,107.92,109.56,108.45,106.12,107.95,106.66,106.19,104.93,106.02,105.76,104.71,104.11,104.68,104.63,106.19,106.86,106.99,106.27,105.59,106.04,105.44,105.22,103.99,104.65,104.08,106.26,107.34,104.95,102.80,100.74,102.58,103.32,104.24,104.42,104.53,102.83,104.61,104.06,103.91,104.05,104.21,103.74,104.87,104.76,105.40,106.82,105.36,104.67,106.86,105.46,109.51,110.99,108.46,109.03,108.06,106.40,106.97,107.61,106.87,106.27,106.16,106.61,108.52,109.10,107.61,106.20,107.66,108.27,107.83,106.78,106.85,107.58,109.70,109.81,108.90,109.51,113.32,115.80,115.46,115.09,117.12,118.10,118.08,118.06,117.26,117.73,117.23,117.60,116.58,120.76,122.84,124.72,123.75,122.57,121.79,121.64,121.60,122.25,122.30,121.08,120.22,120.67,121.13,120.82,122.13,121.98,121.01,120.39,121.92,123.02,123.89,122.94,123.08,122.29,123.52,124.04,124.94,122.19,120.61,119.85,121.28,122.00,125.50,123.62,122.35,121.08
Grupo,0.199535008,011,Alimentos,101.63,101.47,100.95,102.72,103.21,104.05,103.03,103.10,105.09,104.40,103.81,107.58,107.98,109.71,108.48,105.89,107.42,105.54,104.91,103.48,104.67,104.39,103.21,102.81,103.57,103.18,104.94,105.77,106.16,105.81,104.98,105.48,104.81,104.55,102.54,103.29,102.56,104.98,106.20,103.58,101.18,98.90,100.96,101.77,102.76,102.95,103.04,101.20,103.13,102.54,102.32,102.52,102.66,102.19,103.41,103.26,104.09,105.57,104.03,103.21,105.58,104.12,108.64,110.26,107.49,108.02,107.12,105.26,105.91,106.58,106.04,105.43,105.40,105.82,107.92,108.61,107.05,105.54,106.90,107.40,106.93,105.65,105.59,106.49,108.62,108.83,107.68,108.43,112.67,115.47,115.00,114.71,116.80,117.78,117.73,117.64,116.66,117.32,116.62,117.20,115.83,120.37,122.71,124.90,123.76,122.45,121.61,121.36,121.38,122.09,122.02,120.25,119.26,119.84,120.40,119.91,121.25,121.11,120.09,119.50,120.91,122.21,123.10,121.93,121.82,120.84,122.37,122.98,124.14,121.14,119.43,118.62,120.23,120.85,124.81,122.67,121.19,119.81
Clase,0.039444215,0111,Pan y cereales (ND),95.08,97.49,97.34,96.02,96.39,98.78,98.89,98.77,103.51,103.67,100.83,103.96,101.75,104.24,101.81,101.48,103.22,102.06,101.11,101.63,101.42,101.23,101.21,100.74,100.53,99.94,99.98,100.57,99.92,100.19,101.84,100.23,99.12,99.36,97.55,100.60,96.33,96.65,97.16,96.55,96.60,94.51,95.58,95.45,95.17,98.03,97.28,95.18,95.84,95.16,93.65,94.71,93.29,93.15,92.67,89.71,91.88,92.88,94.33,90.32,92.68,92.84,93.98,92.54,93.42,94.08,94.08,94.24,94.32,93.94,93.85,93.77,93.71,94.89,96.81,96.46,96.70,96.68,96.94,96.93,97.39,96.34,96.91,97.04,97.03,97.74,97.18,98.17,102.25,103.68,104.37,103.35,104.96,104.42,104.59,105.25,105.13,104.93,105.62,105.54,105.50,106.80,109.08,110.70,109.87,110.13,110.96,112.20,111.45,111.45,110.60,109.67,109.60,109.24,109.88,111.28,111.96,110.83,110.18,109.51,109.02,107.53,108.47,107.60,108.06,107.59,107.72,106.84,106.88,106.48,107.64,107.27,108.14,107.84,106.46,106.85,106.13,107.25
Subclase,0.015467425,01111,Arroz,102.26,104.66,106.53,108.59,107.21,107.16,106.49,107.06,109.05,113.26,111.55,122.25,118.09,115.81,114.18,115.97,116.08,114.26,113.53,113.24,113.59,113.82,113.61,115.21,113.81,113.30,112.51,111.15,108.58,109.72,108.06,105.69,104.87,103.40,101.95,105.57,104.44,104.94,103.71,103.85,102.03,98.88,98.67,98.73,101.73,101.22,100.51,102.57,101.70,103.00,102.69,106.33,106.06,103.42,106.03,104.55,104.62,107.22,107.74,100.58,105.59,106.04,107.28,102.28,106.78,106.78,105.69,106.43,107.05,105.68,104.49,105.73,105.01,107.57,110.39,108.81,109.20,110.56,110.56,107.21,108.53,102.16,105.62,106.53,105.62,105.24,103.36,108.74,111.08,111.50,108.81,100.89,111.63,105.69,105.11,105.15,103.43,103.39,105.49,109.16,109.35,112.80,127.56,133.63,130.84,134.33,140.05,142.99,143.59,142.72,137.35,136.57,132.51,130.57,131.81,138.81,141.91,135.95,135.95,130.67,127.36,123.15,124.89,118.18,120.47,118.16,118.84,113.40,115.54,113.84,118.96,119.76,120.09,120.15,113.52,116.42,111.43,113.89
Producto,0.015467425,01111001,ARROZ,102.26,104.66,106.53,108.59,107.21,107.16,106.49,107.06,109.05,113.26,111.55,122.25,118.09,115.81,114.18,115.97,116.08,114.26,113.53,113.24,113.59,113.82,113.61,115.21,113.81,113.30,112.51,111.15,108.58,109.72,108.06,105.69,104.87,103.40,101.95,105.57,104.44,104.94,103.71,103.85,102.03,98.88,98.67,98.73,101.73,101.22,100.51,102.57,101.70,103.00,102.69,106.33,106.06,103.42,106.03,104.55,104.62,107.22,107.74,100.58,105.59,106.04,107.28,102.28,106.78,106.78,105.69,106.43,107.05,105.68,104.49,105.73,105.01,107.57,110.39,108.81,109.20,110.56,110.56,107.21,108.53,102.16,105.62,106.53,105.62,105.24,103.36,108.74,111.08,111.50,108.81,100.89,111.63,105.69,105.11,105.15,103.43,103.39,105.49,109.16,109.35,112.80,127.56,133.63,130.84,134.33,140.05,142.99,143.59,142.72,137.35,136.57,132.51,130.57,131.81,138.81,141.91,135.95,135.95,130.67,127.36,123.15,124.89,118.18,120.47,118.16,118.84,113.40,115.54,113.84,118.96,119.76,120.09,120.15,113.52,116.42,111.43,113.89
Subclase,0.001652284,01112,Cereales enteros y harinas,97.07,96.06,96.11,95.87,95.74,95.72,95.53,95.09,94.76,95.42,94.14,93.75,91.80,93.21,96.69,98.00,97.92,99.63,100.93,106.14,106.91,105.84,104.44,105.54,106.59,105.93,106.29,104.37,104.04,106.61,106.30,106.55,103.76,101.53,100.61,100.22,102.08,103.31,103.22,102.69,101.79,101.90,103.58,102.48,102.49,101.78,102.51,102.81,102.72,101.67,102.05,101.94,100.86,102.18,102.81,101.68,101.95,102.19,102.19,101.49,101.49,100.99,104.28,104.57,105.41,109.84,109.43,106.85,104.28,104.18,104.41,104.46,103.22,102.69,104.08,104.38,103.75,102.50,104.54,104.17,104.97,105.51,104.71,106.77,106.66,106.44,105.69,106.20,107.78,107.48,108.03,107.31,108.93,110.66,114.42,116.82,119.48,120.82,121.01,117.52,118.09,117.51,117.46,117.38,118.64,116.74,118.47,119.55,117.36,119.60,120.88,120.47,119.71,120.61,118.29,119.76,118.77,120.70,118.58,119.49,119.53,116.84,118.22,119.30,118.75,115.77,117.34,116.14,116.17,114.16,116.22,114.43,115.85,115.38,114.95,115.39,117.56,117.55
Producto,0.000491913,01112002,CEREALES ENTEROS,97.60,96.65,97.60,96.30,96.30,96.30,95.34,94.40,95.34,95.95,91.17,91.17,91.39,96.34,101.57,106.09,106.09,111.72,111.72,112.91,112.91,108.91,108.91,109.97,110.42,111.14,111.14,107.50,104.37,114.62,114.62,114.62,105.28,103.91,106.34,104.14,107.66,107.20,107.11,107.11,106.53,104.94,107.11,108.32,106.08,107.74,108.09,108.09,107.21,106.27,107.77,105.76,104.82,107.45,106.11,106.01,106.29,106.29,106.87,106.87,107.61,104.21,107.94,107.78,111.00,112.52,112.82,109.87,109.24,107.78,107.18,107.12,107.59,105.87,105.87,106.06,106.06,106.04,105.39,103.55,109.58,108.31,108.12,109.30,112.62,111.58,111.74,113.31,113.08,113.08,114.02,113.84,113.97,116.25,113.48,115.54,116.47,119.45,125.81,124.91,125.78,129.18,131.44,130.76,130.26,134.04,134.04,133.10,133.90,137.02,137.02,136.77,134.55,136.77,136.77,135.65,135.80,135.50,131.79,131.79,132.58,128.19,133.83,132.77,130.03,128.78,127.53,119.64,124.12,124.06,124.34,119.83,123.44,123.44,117.94,121.79,119.84,119.41
Producto,0.000721598,01112003,HARINA DE TRIGO,95.44,93.97,93.38,94.09,93.46,92.86,93.32,92.55,89.65,91.93,93.18,95.41,85.28,84.95,92.86,91.09,91.25,89.57,96.99,95.23,91.89,94.52,86.91,88.21,92.55,92.18,93.48,90.39,91.87,89.47,89.25,87.79,87.79,85.20,77.35,77.69,86.91,85.53,85.22,84.80,85.53,86.30,88.40,86.53,87.96,83.60,85.95,85.68,87.34,87.02,87.02,82.02,84.11,84.56,88.74,83.77,84.25,85.79,84.95,82.57,80.53,81.61,87.52,87.77,89.14,91.84,91.16,83.98,77.79,77.45,78.57,76.14,74.32,74.24,75.84,80.19,77.09,74.57,77.93,76.93,76.17,76.84,73.97,83.15,81.84,76.64,78.48,78.69,79.74,77.50,84.92,82.10,88.10,83.63,89.54,87.27,86.46,85.27,87.11,83.75,86.29,80.60,88.50,83.40,85.62,81.51,83.87,88.42,79.05,83.96,85.11,84.61,84.15,85.77,78.22,82.79,82.62,89.62,91.28,91.28,90.13,92.51,86.94,91.20,93.41,89.75,92.79,93.11,88.83,88.31,89.97,88.42,90.86,87.08,94.70,83.93,83.12,86.91
Producto,0.000438773,01112004,HARINA DE OTROS CEREALES,97.45,96.60,96.37,96.37,96.37,96.60,96.60,96.60,96.60,96.60,96.38,94.62,94.84,94.84,95.36,96.01,95.78,96.56,96.02,106.67,109.69,108.81,109.22,110.27,110.27,108.65,108.81,108.45,109.06,109.06,108.53,109.67,109.67,107.08,107.08,107.48,105.17,108.55,108.55,107.65,105.86,106.73,107.94,105.75,106.53,105.93,106.19,106.93,106.57,105.13,105.00,108.15,105.62,106.52,106.82,106.72,106.88,106.72,106.72,106.31,106.72,107.33,109.23,109.81,108.97,115.91,115.19,114.81,112.60,113.44,113.79,114.98,112.95,112.95,115.09,113.72,113.77,112.31,115.42,116.22,114.49,116.08,115.80,115.36,113.65,116.07,113.65,113.65,116.56,116.92,114.27,114.13,114.77,118.84,125.67,130.27,135.49,136.89,132.62,127.47,127.03,126.19,121.33,123.75,125.68,121.27,123.78,124.62,123.68,124.22,126.35,125.87,125.87,125.66,124.16,125.90,123.85,124.97,122.20,124.07,124.15,120.33,122.08,123.10,122.72,118.97,121.64,123.87,123.02,119.19,122.50,122.28,121.91,122.58,121.80,124.98,130.92,129.56
Subclase,0.001737414,01113,Gramíneas y derivados,100.69,100.96,100.96,100.63,101.56,101.58,100.52,100.73,100.73,100.73,100.73,101.56,99.56,101.80,99.73,98.97,100.56,100.02,99.71,100.08,100.18,101.32,101.31,100.51,100.51,100.32,96.56,100.33,101.70,99.22,100.52,101.38,101.10,100.64,99.85,98.36,99.02,92.46,95.31,97.37,93.97,97.69,94.41,95.57,97.06,93.98,95.65,96.40,94.96,94.99,95.26,99.22,98.51,98.51,98.51,98.82,99.20,99.04,99.04,98.88,96.79,98.58,98.58,98.51,98.94,102.26,105.41,109.23,111.33,110.86,110.26,110.11,110.41,108.85,106.02,107.19,108.07,107.92,107.59,108.05,108.52,107.50,108.96,110.03,109.03,107.12,105.39,104.17,104.78,106.56,104.32,109.20,108.93,111.32,110.17,114.50,114.83,112.53,113.40,112.96,109.24,117.34,113.23,117.00,115.15,116.65,114.68,117.22,117.96,113.76,112.68,113.11,109.36,115.81,119.32,121.75,121.91,121.22,120.87,120.85,120.71,120.08,113.56,117.52,116.11,120.01,117.29,120.87,116.83,120.23,120.40,119.11,120.41,120.86,120.08,115.84,121.91,120.89
Producto,0.000784285,01113005,AVENA,98.02,98.52,98.52,99.07,100.82,99.73,98.88,98.13,98.13,98.13,98.13,99.96,99.96,100.15,97.94,96.52,97.70,95.78,95.78,94.96,94.24,96.49,96.48,94.96,94.96,94.60,94.62,94.62,95.66,95.66,96.68,96.68,96.15,95.28,95.28,94.97,92.93,92.48,90.88,93.94,94.54,94.54,94.54,94.54,94.69,94.69,94.69,94.98,94.10,94.83,94.65,96.17,94.83,94.83,94.83,95.43,96.13,95.83,95.83,95.53,91.58,94.98,94.98,94.83,95.65,103.73,111.18,116.90,120.87,120.72,119.60,119.32,119.14,116.19,117.97,116.71,117.39,117.39,116.50,117.37,117.08,119.31,119.31,121.07,121.07,121.07,119.05,119.05,117.78,117.96,118.87,118.87,120.88,123.23,123.23,129.81,129.14,129.14,128.31,130.88,133.26,132.10,133.26,132.40,132.40,132.40,132.14,134.63,132.03,128.71,130.61,133.68,133.68,133.41,132.70,132.70,133.26,132.59,132.31,132.31,132.04,130.85,130.85,131.71,131.99,129.79,130.58,131.74,130.18,128.90,129.11,130.26,132.86,129.22,128.78,131.43,131.71,129.79
Producto,0.000953129,01113006,CEREALES PREPARADOS,103.69,103.69,103.69,102.39,102.39,103.66,102.35,103.66,103.66,103.66,103.66,103.35,99.12,103.66,101.73,101.73,103.78,104.77,104.13,105.83,106.85,106.74,106.74,106.74,106.74,106.74,98.73,106.74,108.48,103.22,104.83,106.66,106.66,106.66,104.98,102.16,105.86,92.45,100.28,101.23,93.33,101.23,94.27,96.73,99.71,93.19,96.72,98.00,95.94,95.16,95.94,102.64,102.64,102.64,102.64,102.64,102.64,102.64,102.64,102.64,102.64,102.64,102.64,102.64,102.64,100.61,98.93,100.61,100.61,99.78,99.78,99.78,100.61,100.61,92.60,96.50,97.59,97.28,97.59,97.59,98.90,94.24,97.33,97.64,95.50,91.46,90.06,87.47,90.18,93.77,87.98,98.33,95.51,97.95,95.50,97.30,98.76,93.88,96.64,92.84,82.27,100.76,90.74,99.72,95.77,98.96,95.08,97.67,102.15,96.97,92.55,90.02,82.05,96.05,104.29,109.45,109.16,108.45,108.01,107.98,107.98,107.98,94.14,101.57,98.27,109.03,102.37,108.67,101.83,110.49,110.61,106.58,106.42,111.47,110.31,98.33,110.91,110.91
Subclase,0.016494689,01114,Pan,92.41,95.11,93.91,91.40,92.04,95.50,95.70,95.85,102.90,102.04,98.06,100.72,98.60,103.02,99.06,97.86,100.32,98.98,97.47,97.83,97.24,97.06,97.27,96.37,95.94,95.46,95.69,97.17,97.10,97.34,100.48,97.73,97.72,98.64,95.77,100.15,93.79,94.81,96.09,94.97,95.98,93.22,94.98,94.75,93.32,98.39,97.13,93.25,94.68,93.43,91.34,91.31,89.71,89.81,88.09,84.03,87.54,88.26,90.38,85.50,88.18,87.32,88.58,87.56,87.56,87.56,87.56,87.56,87.56,87.56,87.55,87.55,87.58,88.51,90.91,90.92,90.92,90.91,90.91,91.70,91.70,91.70,91.70,91.70,91.70,93.10,93.10,93.12,98.25,100.09,101.94,101.96,101.97,101.97,101.99,101.99,102.00,102.00,102.00,101.98,101.97,101.98,102.00,102.00,102.00,101.98,101.97,101.97,101.99,101.43,101.43,101.43,101.43,101.41,101.42,101.40,101.41,101.39,101.42,101.40,101.44,101.43,102.31,102.33,102.30,102.34,102.34,102.32,102.32,102.32,102.33,102.32,102.34,102.32,102.32,102.33,102.34,102.91
Producto,0.015779653,01114007,PAN CORRIENTE,92.29,95.03,93.82,91.23,91.85,95.36,95.57,95.71,102.85,101.98,97.95,100.64,98.48,102.97,98.98,97.74,100.23,98.89,97.34,97.68,97.08,96.90,97.10,96.20,95.76,95.27,95.50,97.00,96.92,97.17,100.34,97.55,97.54,98.46,95.55,100.00,93.57,94.58,95.88,94.75,95.77,92.99,94.76,94.52,93.07,98.21,96.94,92.99,94.44,93.16,91.05,91.05,89.41,89.49,87.78,83.66,87.21,87.94,90.09,85.14,87.85,86.99,88.26,87.22,87.22,87.22,87.22,87.22,87.22,87.22,87.22,87.22,87.22,88.17,90.60,90.60,90.60,90.60,90.60,91.40,91.40,91.40,91.40,91.40,91.40,92.80,92.80,92.80,97.96,99.80,101.67,101.67,101.67,101.67,101.67,101.67,101.67,101.67,101.67,101.67,101.67,101.67,101.67,101.67,101.67,101.67,101.67,101.67,101.67,101.09,101.09,101.09,101.09,101.09,101.09,101.09,101.09,101.09,101.09,101.09,101.09,101.09,101.98,101.98,101.98,101.98,101.98,101.98,101.98,101.98,101.98,101.98,101.98,101.98,101.98,101.98,101.98,102.57
Producto,0.000178133,01114008,PAN ESPECIAL,101.13,101.13,101.13,107.12,107.12,107.12,107.12,107.12,107.12,107.12,107.12,107.12,107.12,107.12,107.12,107.12,107.12,107.12,107.12,107.12,107.12,107.12,107.12,107.12,107.12,107.12,107.12,107.12,107.12,107.12,107.12,107.12,107.12,107.12,107.12,107.12,107.12,107.12,107.12,107.12,107.12,107.12,107.12,107.12,107.12,107.12,107.12,107.12,107.12,107.12,107.12,107.12,107.12,107.12,107.12,107.12,107.12,107.12,107.12,107.12,107.12,107.12,107.12,107.12,107.12,107.12,107.12,107.12,107.12,107.12,107.12,107.12,109.02,109.02,109.02,109.02,109.02,109.02,109.02,109.02,109.02,109.02,109.02,109.02,109.02,109.95,109.95,109.95,111.72,116.61,116.61,116.61,116.61,116.61,116.61,116.61,116.61,116.61,116.61,116.61,116.61,116.61,116.61,116.61,116.61,116.61,116.61,116.61,116.61,118.68,118.68,118.68,118.68,118.68,118.68,118.68,118.68,118.68,118.68,118.68,118.68,118.68,121.03,121.03,121.03,121.03,121.03,121.03,121.03,121.03,121.03,121.03,121.03,121.03,121.03,121.03,121.03,121.03
Producto,0.000536903,01114009,PAN ENVASADO,101.98,101.41,100.24,100.80,105.96,104.73,104.26,105.78,105.78,106.39,106.09,108.05,108.51,106.28,102.54,107.01,108.48,102.95,108.97,114.45,114.45,114.45,116.86,116.86,116.55,118.99,119.31,119.31,119.31,119.31,120.09,122.25,122.25,123.04,123.81,123.30,119.69,123.04,123.04,123.04,123.30,121.42,123.19,124.89,124.22,123.96,124.22,127.24,128.43,130.05,130.05,121.67,127.72,130.05,124.54,127.27,127.01,127.01,125.55,129.32,129.32,127.01,127.01,128.67,129.58,129.58,129.58,129.18,129.32,129.58,127.27,127.27,129.05,129.05,128.52,129.58,129.58,128.78,128.78,129.05,127.62,127.62,128.14,128.14,128.14,130.70,131.99,135.66,141.21,137.79,137.79,141.07,143.53,144.81,148.49,149.75,151.08,150.54,150.54,147.88,144.53,147.59,150.54,151.34,151.34,147.20,144.82,145.41,149.06,147.92,147.92,147.92,148.78,143.96,147.20,141.46,144.74,140.13,147.03,141.61,151.08,149.61,142.63,148.21,140.73,151.08,151.08,147.03,147.03,145.50,148.63,146.12,151.60,147.18,146.95,149.22,150.54,148.05
Subclase,0.00178756,01115,Productos de panadería,100.19,100.19,100.06,100.06,100.06,101.07,101.68,102.69,102.48,102.48,102.15,102.15,102.15,102.15,102.15,102.86,102.86,104.30,103.78,102.61,102.61,102.61,101.78,102.23,103.07,102.06,102.06,105.46,99.60,93.87,100.49,100.69,100.69,101.34,101.34,101.34,101.34,97.96,97.45,97.54,101.28,101.85,101.77,102.21,101.87,101.87,101.53,100.75,101.53,101.53,96.07,100.85,94.11,100.28,100.28,100.28,100.28,100.28,96.22,100.28,95.55,100.28,100.28,101.10,100.98,100.98,100.98,100.98,100.98,99.61,100.03,91.86,95.09,99.90,100.60,99.90,100.71,100.71,100.17,100.87,98.41,100.87,102.28,102.28,102.28,102.28,103.35,100.35,106.45,106.45,109.02,105.36,106.03,106.03,102.38,107.65,109.52,103.34,107.16,110.43,108.77,110.91,102.59,110.58,107.08,110.57,105.95,113.86,111.72,108.52,114.54,108.34,123.06,113.31,133.93,130.39,138.84,134.26,129.73,138.69,127.11,120.07,127.68,130.37,137.11,131.72,135.17,139.65,132.60,131.43,133.80,124.31,141.25,134.04,130.37,133.28,134.90,142.78
Producto,0.00178756,01115010,GALLETAS,100.19,100.19,100.06,100.06,100.06,101.07,101.68,102.69,102.48,102.48,102.15,102.15,102.15,102.15,102.15,102.86,102.86,104.30,103.78,102.61,102.61,102.61,101.78,102.23,103.07,102.06,102.06,105.46,99.60,93.87,100.49,100.69,100.69,101.34,101.34,101.34,101.34,97.96,97.45,97.54,101.28,101.85,101.77,102.21,101.87,101.87,101.53,100.75,101.53,101.53,96.07,100.85,94.11,100.28,100.28,100.28,100.28,100.28,96.22,100.28,95.55,100.28,100.28,101.10,100.98,100.98,100.98,100.98,100.98,99.61,100.03,91.86,95.09,99.90,100.60,99.90,100.71,100.71,100.17,100.87,98.41,100.87,102.28,102.28,102.28,102.28,103.35,100.35,106.45,106.45,109.02,105.36,106.03,106.03,102.38,107.65,109.52,103.34,107.16,110.43,108.77,110.91,102.59,110.58,107.08,110.57,105.95,113.86,111.72,108.52,114.54,108.34,123.06,113.31,133.93,130.39,138.84,134.26,129.73,138.69,127.11,120.07,127.68,130.37,137.11,131.72,135.17,139.65,132.60,131.43,133.80,124.31,141.25,134.04,130.37,133.28,134.90,142.78
Subclase,0.002304843,01116,Pastas alimenticias,92.21,99.20,104.49,103.23,106.35,110.27,113.03,106.92,107.65,106.64,106.98,100.73,101.71,99.76,103.25,104.30,106.23,103.36,104.65,104.90,105.71,103.60,103.86,99.52,103.21,101.02,104.95,99.46,98.72,100.45,94.78,102.84,88.54,89.80,95.98,92.45,87.31,87.31,83.32,82.92,80.08,78.64,80.25,80.25,80.84,81.01,81.36,80.09,79.68,78.81,78.50,80.35,79.56,78.53,80.49,78.29,77.07,78.94,82.48,85.15,87.54,94.97,93.61,93.52,94.35,97.66,98.32,98.25,98.80,97.59,99.73,99.60,99.75,102.03,102.03,99.23,101.70,98.91,101.96,102.57,107.22,106.29,104.70,100.54,104.47,104.96,102.24,106.28,109.04,111.38,111.39,115.11,109.18,112.99,116.58,117.97,116.34,117.37,120.12,109.98,112.92,117.26,123.08,125.45,121.20,113.85,114.33,119.28,106.48,119.39,116.18,105.09,112.05,109.92,104.16,106.59,105.21,104.14,97.41,94.99,103.14,97.03,99.32,96.53,96.26,97.29,96.34,92.09,94.80,92.41,93.56,93.84,94.98,93.99,92.73,92.93,84.90,87.59
Producto,0.002304843,01116011,TALLARINES Y FIDEOS,92.21,99.20,104.49,103.23,106.35,110.27,113.03,106.92,107.65,106.64,106.98,100.73,101.71,99.76,103.25,104.30,106.23,103.36,104.65,104.90,105.71,103.60,103.86,99.52,103.21,101.02,104.95,99.46,98.72,100.45,94.78,102.84,88.54,89.80,95.98,92.45,87.31,87.31,83.32,82.92,80.08,78.64,80.25,80.25,80.84,81.01,81.36,80.09,79.68,78.81,78.50,80.35,79.56,78.53,80.49,78.29,77.07,78.94,82.48,85.15,87.54,94.97,93.61,93.52,94.35,97.66,98.32,98.25,98.80,97.59,99.73,99.60,99.75,102.03,102.03,99.23,101.70,98.91,101.96,102.57,107.22,106.29,104.70,100.54,104.47,104.96,102.24,106.28,109.04,111.38,111.39,115.11,109.18,112.99,116.58,117.97,116.34,117.37,120.12,109.98,112.92,117.26,123.08,125.45,121.20,113.85,114.33,119.28,106.48,119.39,116.18,105.09,112.05,109.92,104.16,106.59,105.21,104.14,97.41,94.99,103.14,97.03,99.32,96.53,96.26,97.29,96.34,92.09,94.80,92.41,93.56,93.84,94.98,93.99,92.73,92.93,84.90,87.59
Clase,0.044705202,0112,Carne (ND),106.20,106.25,103.36,105.54,109.72,112.63,113.26,113.01,109.81,106.71,106.76,114.37,120.51,120.58,119.47,113.17,111.97,110.02,111.10,108.37,110.92,108.00,106.72,104.22,105.74,105.68,106.69,106.60,106.96,109.28,110.31,108.79,108.85,108.64,103.57,105.57,106.52,107.38,109.83,109.30,102.95,103.96,109.92,113.61,115.32,107.61,106.74,104.24,107.67,106.90,106.36,108.28,107.61,105.46,107.00,109.12,104.89,106.05,105.93,109.02,112.56,110.35,113.46,112.75,110.32,113.31,113.22,111.04,111.75,112.35,113.53,112.04,112.19,112.95,113.30,113.24,111.25,109.01,109.53,109.38,110.20,111.04,111.75,112.42,112.01,110.88,104.49,105.32,106.71,111.23,111.94,112.74,112.80,112.51,112.78,110.93,110.72,112.25,111.88,115.14,113.47,117.31,121.26,121.47,120.45,117.20,117.11,119.09,120.61,120.63,123.85,118.02,117.83,118.09,118.00,116.89,115.82,116.13,114.91,115.06,117.80,117.92,117.28,116.17,116.93,118.76,119.22,118.30,118.89,117.84,119.16,119.64,123.35,125.05,125.19,125.81,125.80,125.36
Subclase,0.01531218,01121,"Carne de bovino fresca, refrigerada o congelada",118.71,117.67,117.74,119.51,120.23,119.94,119.56,120.46,120.21,119.37,122.25,123.39,124.84,122.82,123.71,121.68,123.72,123.59,124.68,121.57,121.00,119.51,117.61,119.73,118.27,117.76,119.34,120.92,118.61,120.78,121.88,119.51,119.13,122.18,115.08,123.34,119.80,124.17,124.70,122.31,118.69,122.06,122.39,122.59,123.44,122.62,127.31,126.19,128.61,125.45,126.29,127.09,128.43,126.47,126.05,127.59,125.86,127.81,125.89,127.37,129.85,128.21,134.04,140.23,139.64,138.38,138.14,133.00,134.52,135.03,137.54,139.80,139.80,135.57,132.36,133.92,133.86,132.95,126.73,128.23,127.21,130.20,129.21,131.17,130.55,130.68,129.44,128.33,134.29,132.24,132.59,129.55,129.85,130.98,130.05,130.46,131.03,135.87,132.50,131.94,134.74,138.02,135.13,135.98,136.99,136.99,138.10,138.33,139.72,140.39,142.26,143.03,142.24,141.62,141.62,141.77,140.27,138.71,137.98,138.25,136.89,143.46,142.35,145.17,146.01,147.97,148.90,147.96,148.10,149.16,152.04,153.04,151.97,157.70,158.29,162.40,162.90,160.95
Producto,0.010277691,01121012,CARNE  DE RES SIN HUESO,125.48,119.71,119.89,122.76,122.81,121.58,120.91,121.87,122.52,124.58,122.98,124.18,125.09,123.27,124.11,122.45,124.23,125.24,127.57,124.25,120.09,119.62,117.49,120.25,117.68,119.06,119.34,119.17,116.86,117.95,122.10,121.16,121.28,122.51,120.17,123.31,121.63,124.92,122.70,121.68,119.97,124.33,123.81,123.54,122.82,123.75,129.76,129.18,134.01,130.93,130.93,131.34,130.15,126.95,130.05,132.24,131.21,134.27,130.95,133.20,131.69,133.67,131.09,139.51,140.40,136.66,136.96,135.07,133.96,135.84,135.00,135.00,135.00,134.50,134.39,134.39,134.24,133.53,132.61,132.12,135.15,135.39,132.89,136.33,133.22,137.72,132.81,134.12,140.04,138.49,139.36,138.50,140.74,142.12,139.36,140.16,141.40,142.84,138.94,141.17,145.76,152.72,147.11,149.38,150.41,150.41,152.80,154.99,154.84,154.62,155.75,163.01,160.92,159.35,159.34,159.66,159.25,156.14,154.30,154.76,154.73,158.18,158.18,163.82,165.05,165.05,165.55,163.17,165.55,167.97,170.23,171.40,173.15,173.15,175.31,178.67,178.80,181.78
Producto,0.004313297,01121013,CARNE DE RES CON HUESO,114.09,115.81,115.98,117.56,118.36,118.66,118.55,119.15,118.30,116.33,121.78,123.00,124.94,121.84,122.59,119.77,123.14,121.49,121.84,119.51,121.37,120.19,118.16,119.50,119.57,117.12,120.05,122.37,119.77,122.26,122.15,117.97,117.34,122.04,110.60,122.66,118.49,123.72,126.21,123.02,117.67,120.22,121.34,122.43,124.47,121.99,126.82,124.00,125.59,122.30,123.90,124.71,128.02,127.22,123.86,124.66,122.98,124.31,122.65,123.97,129.22,124.96,138.07,142.50,140.61,141.01,140.34,132.20,135.83,135.40,140.67,144.87,144.87,137.58,131.63,134.52,134.52,133.34,122.48,125.61,121.50,126.87,126.87,127.99,129.12,126.06,127.36,124.34,131.06,128.40,128.40,123.39,122.31,123.39,123.39,123.85,124.01,131.93,128.53,125.87,127.11,127.49,127.44,127.34,128.46,128.46,128.76,127.59,130.28,130.48,133.74,130.42,130.50,130.50,130.50,130.56,128.06,127.45,127.45,127.60,125.11,133.62,131.90,132.67,133.65,136.30,137.65,137.65,136.17,136.64,140.06,141.33,138.85,147.27,146.78,151.95,153.16,147.04
Producto,0.000721192,01121014,CARNE DE RES MOLIDA,115.85,120.64,119.22,115.97,119.99,120.66,119.78,122.77,121.95,112.92,121.77,121.87,122.55,128.06,130.45,132.69,125.36,130.87,130.45,122.36,123.47,113.25,113.87,118.41,111.15,115.18,113.49,119.56,119.57,125.65,118.41,122.21,120.95,121.26,121.11,129.08,119.52,123.34,124.32,120.34,119.32,123.43,122.44,118.23,118.74,121.02,116.70,126.06,120.99,118.30,117.99,121.00,121.44,117.48,119.98,123.63,117.35,117.68,122.09,120.18,123.99,122.04,118.76,126.05,127.22,127.22,127.22,127.22,127.22,127.22,127.22,127.22,127.22,125.61,126.25,126.25,126.25,126.25,126.25,126.25,126.25,126.25,126.25,126.25,126.25,126.25,126.25,126.25,126.25,126.25,126.25,126.25,126.25,126.25,128.75,126.25,126.25,126.25,126.25,126.25,131.03,136.00,126.25,126.25,126.25,126.25,126.25,126.25,126.25,136.00,131.03,126.25,126.25,126.25,126.25,126.25,126.25,126.25,126.25,126.25,126.25,135.54,132.91,135.54,132.91,140.97,140.97,140.97,140.97,138.75,140.97,138.73,132.27,150.30,150.30,150.30,147.10,149.71
Subclase,0.003246225,01122,"Carne de porcino fresca, refrigerada o congelada",104.40,105.98,107.46,100.61,105.82,104.59,103.99,107.41,108.47,99.19,101.73,110.79,110.62,113.04,111.86,105.88,97.85,101.03,94.57,97.52,97.83,101.59,91.50,98.42,99.89,98.44,98.09,101.13,102.85,100.49,101.84,102.58,101.14,107.00,107.63,103.64,99.48,105.10,107.98,103.99,104.51,105.85,98.20,104.23,105.30,104.20,110.64,106.50,106.42,104.89,103.25,104.07,103.97,99.18,100.61,106.20,103.46,102.14,104.60,104.32,105.47,103.37,98.95,97.62,93.11,93.16,94.01,92.26,95.72,94.88,95.35,98.08,99.79,99.75,97.22,97.32,98.48,96.80,93.84,93.54,93.57,93.59,94.95,95.87,95.79,96.10,96.24,96.29,95.92,94.83,94.83,94.73,95.16,95.63,97.98,98.57,97.15,97.76,97.90,97.11,97.11,99.16,94.02,94.40,95.11,95.78,95.79,96.08,96.61,97.95,97.95,96.00,96.47,96.48,95.62,95.65,95.66,94.88,94.11,94.13,94.08,95.54,95.31,96.57,96.49,97.29,97.29,96.49,96.06,95.69,95.69,95.71,95.71,96.57,96.90,96.97,97.24,96.93
Producto,0.001195818,01122015,CHULETA DE CERDO,100.84,105.89,105.25,96.61,101.30,98.38,99.82,104.73,102.43,95.27,95.36,106.42,109.54,107.30,117.41,111.93,100.00,100.74,92.59,93.75,93.39,98.69,87.13,92.30,96.22,94.68,98.08,102.62,99.97,97.50,98.91,100.55,97.60,106.13,107.41,101.19,96.15,100.92,104.23,98.98,98.72,98.55,92.98,97.46,100.36,99.34,110.11,102.47,102.60,100.58,97.11,101.02,97.28,93.60,96.51,103.88,98.50,95.62,101.00,99.76,100.36,103.59,97.39,95.24,88.80,88.80,92.16,88.80,95.65,92.35,95.22,98.76,98.76,99.97,97.92,97.92,97.92,97.92,97.28,96.65,96.65,96.65,96.65,96.65,96.65,96.65,96.65,96.65,96.65,96.65,96.65,96.65,96.65,96.65,99.63,99.63,96.65,97.92,98.20,96.65,96.65,102.70,96.65,96.65,97.28,97.92,97.92,97.92,97.92,97.28,97.92,97.28,96.65,96.65,96.65,96.65,96.65,96.65,96.65,96.65,96.65,96.65,96.65,96.65,96.65,96.65,96.65,96.65,96.65,96.65,96.65,96.65,96.65,96.65,96.65,96.65,96.65,96.65
Producto,0.000405217,01122016,CARNE DE CERDO SIN HUESO,106.55,107.12,105.94,106.87,107.08,107.26,106.84,106.84,106.84,103.69,106.56,108.43,110.87,107.82,108.42,103.55,101.26,101.57,94.88,100.02,97.19,99.38,104.09,101.14,100.11,99.93,100.29,109.79,106.31,106.31,109.35,105.77,110.58,106.58,103.14,104.89,108.50,107.34,104.99,108.10,108.86,106.91,109.10,107.60,107.60,106.69,106.60,106.60,106.60,106.60,102.35,103.84,103.42,101.93,102.72,102.32,104.24,104.24,104.24,104.24,103.05,103.25,104.74,107.28,103.25,102.16,102.16,101.00,99.89,99.10,94.85,97.98,98.70,99.90,102.05,100.66,98.54,97.88,96.32,97.06,97.84,98.62,99.59,102.01,99.37,99.01,103.70,105.33,104.56,104.56,104.56,100.10,108.49,106.26,108.52,107.66,111.14,109.69,109.77,109.77,109.77,110.40,107.42,107.72,109.53,109.91,110.35,113.75,113.86,115.00,115.88,115.74,115.74,116.03,113.99,115.14,115.33,115.53,115.68,116.49,114.73,114.73,114.73,114.73,114.73,115.65,115.65,114.73,113.27,113.27,113.27,114.17,114.17,114.56,112.61,113.43,113.43,112.33
Producto,0.00164519,01122017,CARNE DE CERDO CON HUESO,108.22,106.01,110.02,104.66,110.76,111.34,108.45,110.42,115.31,103.25,108.50,115.81,111.81,119.78,105.92,99.28,95.24,101.32,96.75,101.56,102.82,104.97,95.53,105.05,103.95,102.53,97.95,98.88,105.83,103.45,104.60,104.62,104.45,108.00,108.18,106.30,102.60,109.60,112.36,109.30,110.67,113.91,103.28,111.56,110.64,109.45,111.50,110.99,110.67,109.57,110.16,107.47,111.46,105.22,105.03,109.03,108.94,109.25,108.63,109.40,111.33,103.14,100.30,99.64,97.24,97.42,95.53,95.53,95.53,97.42,95.53,97.32,101.01,99.49,96.12,96.42,99.10,95.48,89.85,89.85,89.85,89.85,92.75,94.59,94.59,95.29,95.29,95.29,94.54,92.16,92.16,92.23,92.63,93.79,95.45,96.79,96.79,96.79,96.79,96.79,96.79,94.46,90.21,91.01,91.73,92.46,92.46,92.86,94.00,97.56,96.79,93.25,95.00,95.00,93.25,93.25,93.25,91.54,89.85,89.85,89.85,93.03,92.53,95.28,95.10,96.79,96.79,95.10,94.27,93.45,93.45,93.45,93.45,95.30,96.14,96.24,96.83,96.23
Subclase,0.00012318,01123,Carne de ovino,97.47,97.56,98.18,98.52,99.39,99.27,99.27,102.10,102.10,99.30,99.30,99.30,99.30,99.30,99.30,99.30,99.30,98.98,100.77,99.48,99.48,99.48,101.39,101.39,101.39,99.04,99.04,98.63,93.93,99.51,101.36,100.06,100.06,101.36,101.36,101.36,101.97,102.81,103.65,103.65,104.46,101.96,104.13,102.88,103.44,103.44,103.44,103.71,103.71,103.51,103.51,104.13,105.35,105.19,102.15,103.71,103.71,103.71,103.39,103.22,103.52,103.52,103.52,99.58,100.36,100.36,103.52,103.99,103.99,103.99,103.99,104.91,104.91,103.03,103.03,103.49,103.49,103.49,103.49,103.49,103.49,103.49,103.49,103.49,104.51,101.48,103.37,104.59,104.59,104.59,104.59,104.59,104.77,104.77,104.77,104.77,104.43,106.12,106.30,107.02,108.39,105.51,110.52,109.81,109.52,109.52,108.97,108.97,107.48,108.97,110.56,111.46,111.46,109.24,108.11,109.24,109.60,112.75,113.56,113.07,113.65,112.10,113.65,113.65,114.14,114.14,114.63,114.63,116.53,116.62,117.46,117.57,117.54,118.04,118.04,115.19,110.60,113.29
Producto,0.00012318,01123018,CARNE DE OVINO,97.47,97.56,98.18,98.52,99.39,99.27,99.27,102.10,102.10,99.30,99.30,99.30,99.30,99.30,99.30,99.30,99.30,98.98,100.77,99.48,99.48,99.48,101.39,101.39,101.39,99.04,99.04,98.63,93.93,99.51,101.36,100.06,100.06,101.36,101.36,101.36,101.97,102.81,103.65,103.65,104.46,101.96,104.13,102.88,103.44,103.44,103.44,103.71,103.71,103.51,103.51,104.13,105.35,105.19,102.15,103.71,103.71,103.71,103.39,103.22,103.52,103.52,103.52,99.58,100.36,100.36,103.52,103.99,103.99,103.99,103.99,104.91,104.91,103.03,103.03,103.49,103.49,103.49,103.49,103.49,103.49,103.49,103.49,103.49,104.51,101.48,103.37,104.59,104.59,104.59,104.59,104.59,104.77,104.77,104.77,104.77,104.43,106.12,106.30,107.02,108.39,105.51,110.52,109.81,109.52,109.52,108.97,108.97,107.48,108.97,110.56,111.46,111.46,109.24,108.11,109.24,109.60,112.75,113.56,113.07,113.65,112.10,113.65,113.65,114.14,114.14,114.63,114.63,116.53,116.62,117.46,117.57,117.54,118.04,118.04,115.19,110.60,113.29
Subclase,0.021700216,01124,"Carne de aves  fresca, refrigerada o congelada",98.69,99.20,93.03,96.83,103.90,109.90,111.75,109.91,103.53,98.93,97.01,110.39,121.32,122.64,119.83,109.49,106.38,102.40,104.70,100.94,106.24,101.08,100.78,93.85,98.29,98.00,98.96,97.74,99.41,102.93,104.05,102.33,102.98,100.18,94.62,93.34,97.96,96.11,100.42,101.59,91.28,90.79,103.01,109.53,112.25,97.75,92.33,88.44,93.75,94.37,93.08,96.78,94.00,91.66,94.77,97.53,90.30,91.41,92.35,97.47,102.62,99.41,102.43,96.85,92.92,99.74,99.36,98.66,98.72,100.04,100.71,95.68,95.87,100.01,103.47,102.35,98.53,94.57,100.03,99.64,101.65,101.15,103.02,102.57,102.12,100.02,88.36,91.07,89.94,100.12,101.12,104.64,104.42,103.10,104.12,99.98,99.44,99.06,100.68,107.39,102.21,107.74,117.66,117.62,114.78,107.97,106.74,110.41,112.52,112.00,117.07,105.00,105.17,106.16,106.19,103.78,102.69,104.36,102.28,102.40,108.73,104.43,103.86,99.63,100.61,102.80,103.13,101.85,102.81,100.06,100.69,100.94,108.96,108.43,108.43,106.87,106.58,107.00
Producto,0.011267686,01124019,POLLO ENTERO,99.19,100.09,92.19,96.89,105.46,112.68,115.09,112.59,105.03,95.53,93.65,109.85,122.30,123.04,120.12,107.66,104.24,99.83,102.68,98.76,104.99,98.73,98.42,91.54,96.61,96.23,97.50,94.99,96.95,101.36,102.74,100.87,101.36,98.11,91.80,90.09,95.83,93.08,98.75,100.10,87.26,86.82,100.30,108.51,111.99,94.72,88.11,84.03,90.13,91.36,89.44,94.50,91.05,88.65,92.09,96.07,86.80,88.29,89.38,96.07,102.08,99.76,100.82,96.54,92.55,98.29,97.70,95.39,96.78,97.32,97.32,93.78,94.95,100.68,104.57,103.33,99.31,93.97,100.52,99.81,101.90,101.20,103.56,102.86,101.15,99.07,84.75,88.91,86.34,99.07,99.41,103.24,103.05,101.68,102.35,96.79,96.79,96.79,98.09,105.64,100.06,105.64,117.74,117.74,114.22,106.25,104.95,108.90,112.26,111.53,117.74,102.83,102.83,104.21,104.21,101.25,99.91,101.96,99.28,99.36,107.04,101.84,101.23,96.03,97.32,100.01,100.61,99.23,100.69,97.31,97.96,98.17,107.91,107.26,107.26,104.54,104.54,105.23
Producto,0.009593699,01124020,PRESAS DE POLLO,94.37,92.97,94.47,94.45,94.97,95.58,94.87,96.03,94.74,110.29,107.91,109.01,113.05,118.28,114.79,113.68,112.19,109.83,109.74,106.27,107.87,107.54,107.26,99.18,101.11,101.15,100.70,105.72,105.87,105.45,105.40,104.23,105.75,104.82,102.26,102.95,102.63,104.09,102.23,103.55,105.87,105.07,111.77,110.11,109.40,106.78,106.76,103.99,106.06,104.71,106.33,104.40,104.68,102.28,103.47,100.74,102.72,102.04,102.36,100.50,103.05,94.89,107.24,95.65,91.84,104.94,105.49,112.48,105.96,110.23,114.45,101.41,96.82,93.62,95.73,94.65,92.80,94.83,95.64,96.77,98.88,97.91,97.44,98.36,103.50,101.02,101.26,97.10,102.67,101.67,106.00,108.17,105.81,105.14,107.45,109.85,106.55,104.24,107.41,108.84,105.45,109.94,110.27,110.01,110.48,108.55,107.63,110.23,106.43,106.91,106.91,106.91,107.93,107.63,107.86,107.86,107.86,107.86,108.48,108.85,109.23,108.85,108.48,108.48,108.04,108.04,107.07,106.10,104.72,104.72,105.36,105.84,106.32,106.32,106.32,110.32,108.52,107.68
Producto,0.000838832,01124021,MENUDENCIAS DE POLLO,113.87,113.87,115.01,113.87,113.87,114.73,114.73,114.73,114.73,143.63,143.63,143.63,149.58,141.98,149.17,149.17,145.43,145.43,145.43,145.43,143.43,143.43,143.43,143.43,143.43,143.43,143.43,143.43,145.96,145.96,145.96,145.96,145.96,145.96,145.96,145.96,145.96,153.12,153.12,145.96,134.47,134.47,141.06,146.30,146.30,146.30,144.71,139.53,139.53,131.73,131.73,126.26,126.26,126.26,132.02,130.55,130.55,130.55,130.55,129.53,120.91,122.08,128.05,119.59,116.45,115.78,116.47,117.89,117.89,126.57,125.48,125.48,125.48,125.48,122.01,125.48,113.91,116.40,116.40,116.40,114.11,125.57,127.11,125.57,130.14,130.14,128.83,128.83,131.38,130.00,130.27,132.66,148.35,143.62,148.35,148.35,148.35,148.35,150.04,166.45,162.33,174.74,174.74,174.74,172.77,172.77,171.74,172.77,172.77,172.77,172.77,177.22,177.22,172.77,172.77,172.77,172.77,172.77,172.77,172.77,172.77,172.77,172.77,172.77,172.77,172.77,172.77,172.77,172.77,172.77,172.77,172.77,172.77,172.77,172.77,172.77,172.77,172.77
Subclase,0.000601926,01125,Vísceras frescas,105.49,105.66,103.71,103.71,103.71,105.47,104.43,106.31,106.31,105.27,105.27,105.37,106.21,106.83,104.82,108.58,108.51,107.62,106.61,106.61,107.56,107.56,107.56,107.56,80.00,105.56,104.51,102.69,105.92,105.56,108.51,107.56,107.56,103.26,97.98,98.91,98.85,101.95,99.35,90.46,93.29,97.91,97.08,97.08,97.04,97.94,91.93,96.11,94.56,93.65,97.01,90.19,103.11,101.21,95.84,93.18,105.10,105.23,105.23,105.23,105.23,105.23,104.94,104.45,110.45,103.51,105.11,99.99,99.10,99.10,91.74,97.15,92.11,97.54,96.41,97.54,96.41,96.60,97.24,94.52,93.24,100.28,99.35,99.35,96.34,100.12,99.35,96.34,102.12,99.43,100.36,100.36,100.36,100.36,103.08,103.08,100.36,103.08,101.12,106.19,104.30,112.38,112.38,112.38,112.38,112.38,112.38,112.38,112.38,113.43,112.38,109.17,107.76,108.79,107.76,107.76,107.76,107.76,107.76,107.76,107.76,107.76,107.76,111.14,111.14,111.14,111.14,111.14,112.19,115.23,115.23,116.57,120.60,120.60,120.60,120.60,122.40,122.40
Producto,0.000601926,01125022,VÍSCERAS DE RES,105.49,105.66,103.71,103.71,103.71,105.47,104.43,106.31,106.31,105.27,105.27,105.37,106.21,106.83,104.82,108.58,108.51,107.62,106.61,106.61,107.56,107.56,107.56,107.56,80.00,105.56,104.51,102.69,105.92,105.56,108.51,107.56,107.56,103.26,97.98,98.91,98.85,101.95,99.35,90.46,93.29,97.91,97.08,97.08,97.04,97.94,91.93,96.11,94.56,93.65,97.01,90.19,103.11,101.21,95.84,93.18,105.10,105.23,105.23,105.23,105.23,105.23,104.94,104.45,110.45,103.51,105.11,99.99,99.10,99.10,91.74,97.15,92.11,97.54,96.41,97.54,96.41,96.60,97.24,94.52,93.24,100.28,99.35,99.35,96.34,100.12,99.35,96.34,102.12,99.43,100.36,100.36,100.36,100.36,103.08,103.08,100.36,103.08,101.12,106.19,104.30,112.38,112.38,112.38,112.38,112.38,112.38,112.38,112.38,113.43,112.38,109.17,107.76,108.79,107.76,107.76,107.76,107.76,107.76,107.76,107.76,107.76,107.76,111.14,111.14,111.14,111.14,111.14,112.19,115.23,115.23,116.57,120.60,120.60,120.60,120.60,122.40,122.40
Subclase,0.003721475,01126,Carnes preparadas y procesadas,103.00,103.78,105.56,105.50,106.38,106.63,104.86,106.84,107.59,107.99,106.95,106.55,107.84,107.44,108.50,107.43,108.60,108.12,106.40,107.58,108.09,108.21,108.40,107.54,106.17,108.39,108.60,106.67,109.77,107.87,107.63,109.36,108.58,107.11,109.33,109.69,109.88,109.81,109.07,108.53,109.31,109.68,110.07,110.25,110.02,109.62,109.60,109.98,108.97,110.02,108.74,105.96,108.10,107.67,109.05,107.80,108.91,108.90,108.00,108.17,108.40,109.52,107.27,108.68,108.09,108.17,109.35,109.94,109.81,107.37,107.40,108.69,108.70,109.79,107.74,107.16,106.20,108.17,108.44,103.12,105.10,105.36,105.78,108.00,108.62,107.20,106.20,104.21,102.98,104.63,105.65,106.32,106.93,106.58,105.73,106.64,106.15,106.26,105.77,106.25,106.38,103.63,105.13,104.33,104.72,106.73,108.76,109.18,108.68,108.18,108.21,109.85,109.57,109.54,108.95,109.56,109.43,109.37,110.77,110.85,110.74,110.76,110.91,110.75,110.50,110.61,110.21,111.33,111.87,111.68,111.77,111.71,111.58,111.05,110.13,110.60,110.55,110.55
Producto,0.000873533,01126023,CHORIZO,100.17,100.17,100.17,100.17,98.96,102.27,102.27,104.35,104.35,104.35,102.20,102.20,102.20,104.35,104.35,103.72,104.35,104.35,102.88,106.60,106.60,107.26,108.79,108.79,103.40,103.40,103.40,103.40,103.40,87.50,95.65,100.00,97.51,100.00,99.54,102.74,100.00,97.51,90.21,93.97,97.11,97.11,99.77,97.53,95.65,97.68,98.44,98.44,98.44,98.44,95.08,95.08,97.68,89.35,97.68,96.95,94.53,93.86,94.93,91.06,94.24,92.36,95.89,95.89,94.72,94.72,101.26,99.08,101.26,98.56,101.26,101.26,97.83,98.56,97.93,90.91,98.78,96.20,99.04,91.09,89.87,100.81,96.37,97.02,101.62,95.56,106.99,106.99,97.90,110.57,105.71,105.71,111.57,106.35,104.43,108.86,107.78,105.97,103.92,102.58,108.09,108.09,108.09,111.06,110.27,111.06,111.61,112.44,110.04,110.04,109.81,105.50,115.69,115.69,114.30,114.30,116.19,116.32,116.32,116.32,113.89,116.32,116.32,116.32,112.01,112.01,112.01,116.48,116.48,111.04,113.00,113.00,113.00,112.84,115.26,115.26,115.26,115.26
Producto,0.000594218,01126024,JAMÓN,102.36,103.37,104.07,100.27,103.67,104.02,104.02,103.19,104.29,106.23,106.79,106.79,105.86,106.79,108.48,106.79,105.94,106.98,106.69,104.80,106.69,106.98,106.98,104.25,104.25,108.13,107.93,104.09,108.45,108.45,108.45,108.45,107.08,107.57,108.63,108.45,108.45,108.65,105.40,107.33,108.33,107.17,107.37,106.38,106.38,106.72,109.00,109.00,106.38,109.00,109.00,103.86,108.19,108.33,108.33,101.26,106.13,106.55,101.23,105.34,103.51,107.22,109.52,111.28,111.83,110.16,109.20,109.87,112.82,106.64,108.81,109.14,106.93,108.56,112.74,112.74,105.69,109.12,111.25,106.26,107.72,107.28,106.72,103.64,102.75,104.65,106.48,101.54,101.86,102.60,103.83,104.55,108.76,106.58,106.58,107.98,107.98,105.81,108.18,104.05,106.03,107.90,108.74,101.23,99.04,101.04,99.97,100.31,99.41,99.19,100.20,99.53,100.51,99.32,100.44,97.59,100.18,100.32,100.32,99.68,99.68,100.75,100.75,100.75,97.39,101.17,101.17,101.56,100.51,100.60,100.60,100.60,100.60,100.60,100.60,100.66,100.85,100.85
Producto,0.001248423,01126025,MORTADELA,102.52,103.09,105.13,105.90,105.84,105.45,104.63,105.74,106.13,106.45,106.09,104.31,106.09,104.88,106.09,106.09,108.72,104.73,102.81,103.68,103.97,103.97,103.97,102.66,100.47,103.32,104.17,98.62,105.69,105.69,102.83,105.66,105.66,104.22,105.68,105.68,107.06,107.06,107.89,103.81,107.88,109.42,109.54,108.05,108.05,105.95,104.53,105.68,104.65,105.80,103.15,101.66,101.66,103.32,102.45,103.16,105.13,105.13,104.51,104.51,104.61,105.51,97.34,100.61,99.01,100.04,101.69,103.97,104.44,98.38,97.78,101.98,103.35,104.09,104.09,103.68,103.55,104.99,101.14,98.58,101.96,101.69,99.52,104.05,104.67,104.54,105.24,105.24,103.36,99.53,99.97,103.64,103.64,105.55,101.74,103.64,101.34,103.67,101.68,102.98,102.76,96.32,99.87,100.17,99.91,99.86,102.51,101.81,101.59,102.35,102.39,103.11,102.35,102.35,101.42,101.86,101.40,101.93,103.26,104.19,105.14,103.44,102.92,101.90,104.36,104.36,103.16,103.16,105.10,105.10,105.10,105.10,105.10,105.10,103.21,104.00,105.27,105.27
Producto,0.001005302,01126026,SALCHICHA,104.50,105.60,108.13,108.83,110.14,109.95,106.17,109.95,111.07,111.07,109.15,109.64,111.77,110.76,111.77,109.90,110.83,112.51,110.34,112.20,112.51,112.51,112.51,112.51,112.51,114.22,114.12,115.35,115.62,115.62,114.94,115.62,114.94,111.49,115.62,115.62,115.76,116.29,117.19,117.34,114.58,114.69,114.69,117.43,117.43,117.43,117.43,117.43,116.76,117.43,117.43,113.66,116.57,116.57,118.26,117.50,117.50,117.50,117.50,117.50,117.75,118.94,118.09,118.23,118.23,118.23,118.23,118.23,115.69,117.80,116.72,116.35,117.14,118.41,111.79,112.80,110.84,114.06,116.26,109.30,111.30,109.03,113.48,116.32,116.32,113.93,106.65,103.55,104.65,107.85,111.06,109.43,107.54,107.50,109.11,107.94,108.94,108.69,108.79,110.95,109.02,106.69,107.20,106.96,109.25,113.35,116.51,117.78,117.78,115.98,115.70,120.81,117.28,117.67,116.92,119.21,117.67,117.00,119.42,119.10,118.76,119.07,119.89,120.33,120.27,119.06,119.06,120.37,120.54,121.69,121.30,121.17,120.84,119.54,118.06,118.57,117.30,117.30
Clase,0.012598001,0113,Pescado (ND),104.22,104.05,104.73,106.03,105.91,105.20,102.78,103.83,104.27,104.22,105.19,104.05,104.96,104.16,103.98,103.33,105.59,104.40,104.86,103.73,104.44,105.02,103.74,104.19,103.99,104.32,104.67,110.24,106.39,103.84,104.11,106.54,106.62,106.39,106.35,107.40,108.00,110.04,108.47,106.24,104.12,105.87,108.28,107.03,107.34,107.41,108.52,108.62,109.81,107.48,109.14,108.38,109.86,109.87,110.72,110.58,108.01,107.51,107.94,106.70,107.50,110.87,106.73,113.73,113.86,110.47,109.99,109.59,108.32,105.91,107.58,106.98,107.71,107.20,106.97,105.84,106.45,106.88,108.69,108.52,106.84,107.74,107.83,105.08,108.37,111.16,112.97,111.25,113.73,110.44,112.08,112.84,114.60,113.30,113.76,113.22,114.40,113.77,111.08,114.18,113.46,116.32,117.78,118.15,117.25,116.34,116.53,116.14,114.57,115.63,113.77,113.95,115.56,114.09,112.86,113.82,115.35,112.48,113.69,115.05,114.66,115.17,115.36,115.60,113.86,114.73,113.29,115.84,115.43,114.72,115.14,114.19,116.68,118.20,118.01,117.10,116.51,113.92
Subclase,0.007089964,01131,"Pescados  frescos, refrigerados y congeladas",105.08,106.51,107.78,111.80,112.08,111.79,106.94,111.54,111.82,110.90,111.83,112.73,112.65,107.08,109.03,108.13,110.34,108.59,108.13,106.22,106.30,106.67,106.37,108.15,107.24,106.35,109.81,115.61,109.44,105.09,107.60,109.74,110.08,107.46,106.69,107.71,109.71,111.36,110.73,106.45,104.40,106.81,110.64,109.38,109.43,111.02,111.08,112.11,112.74,110.87,114.77,112.66,115.99,113.54,114.86,113.28,107.78,107.77,109.05,106.85,110.89,114.45,111.01,119.13,120.36,116.09,114.43,115.76,110.61,109.86,109.52,108.64,107.90,107.77,110.65,108.87,110.87,111.04,113.22,113.10,111.76,112.95,113.17,110.72,113.10,117.84,120.56,116.87,117.99,114.50,116.04,114.00,115.87,116.15,116.02,115.71,115.74,118.97,116.88,119.04,119.00,125.31,123.52,124.70,125.22,123.22,121.72,123.14,119.86,121.40,118.20,118.00,119.56,117.94,114.85,116.05,118.43,115.84,120.79,120.46,118.79,120.72,120.31,121.92,117.98,119.46,118.57,122.66,122.82,123.10,122.60,122.60,123.58,128.03,126.69,128.79,128.42,121.63
Producto,0.001195122,01131027,PESCADO FRESCO ENTERO,98.16,99.57,98.93,103.69,104.30,102.71,100.44,104.30,102.71,102.71,106.47,104.23,104.23,101.76,103.03,103.03,103.03,99.58,99.91,99.91,97.16,99.58,99.58,104.39,96.56,98.78,104.76,110.77,104.76,92.06,94.66,96.84,99.58,99.58,99.58,97.34,103.53,100.78,105.30,96.84,96.84,96.84,102.40,102.40,102.40,105.30,107.35,107.35,113.98,109.82,107.35,103.43,108.88,108.88,111.39,104.39,98.78,99.58,98.58,98.58,105.08,107.78,108.34,113.97,110.83,110.83,110.27,110.83,99.19,105.19,102.82,101.47,99.19,103.45,102.83,103.45,103.45,106.37,106.37,103.45,96.95,101.47,101.47,96.95,100.66,105.46,101.99,108.44,107.89,101.99,101.99,99.19,101.99,106.37,105.74,108.17,105.59,106.75,106.27,109.21,109.21,109.21,109.21,111.33,113.50,107.89,107.89,111.33,106.37,106.37,104.70,107.03,104.08,104.08,98.14,104.08,104.08,104.08,108.55,108.55,108.06,108.06,108.38,109.82,103.03,104.39,100.70,100.70,106.80,106.80,106.80,106.80,109.82,109.82,109.82,111.96,111.96,93.15
Producto,0.005894841,01131028,PESCADO FRESCO FILETEADO,108.44,109.87,112.06,115.74,115.85,116.19,110.09,115.05,116.23,114.87,114.43,116.84,116.72,109.65,111.94,110.60,113.88,112.96,112.11,109.28,110.73,110.10,109.66,109.98,112.41,110.02,112.26,117.95,111.71,111.41,113.87,115.99,115.17,111.28,110.13,112.74,112.71,116.49,113.37,111.10,108.07,111.64,114.64,112.76,112.84,113.79,112.89,114.42,112.14,111.38,118.36,117.14,119.44,115.80,116.54,117.59,112.14,111.74,114.12,110.86,113.70,117.69,112.31,121.63,124.97,118.64,116.44,118.15,116.14,112.12,112.76,112.12,112.12,109.86,114.44,111.50,114.47,113.30,116.53,117.79,118.94,118.51,118.84,117.39,119.13,123.84,129.56,120.95,122.89,120.57,122.85,121.18,122.59,120.88,121.00,119.37,120.66,124.89,122.02,123.80,123.75,133.11,130.45,131.17,130.90,130.64,128.42,128.87,126.40,128.68,124.74,123.32,127.07,124.65,122.95,121.86,125.38,121.54,126.72,126.23,123.99,126.85,126.09,127.78,125.23,126.76,127.22,133.31,130.58,131.00,130.25,130.25,130.25,136.86,134.87,136.95,136.41,135.44
Subclase,0.001536919,01132,"Mariscos frescos, refrigerados, congelados",114.84,102.21,105.12,102.38,105.16,109.81,105.53,108.14,107.51,107.79,112.16,104.78,112.45,117.73,106.86,108.20,113.52,108.03,108.41,108.63,112.47,114.76,113.17,113.70,110.91,111.53,111.51,114.13,114.90,111.36,116.08,117.92,107.77,115.04,110.48,117.62,115.58,115.73,112.82,113.68,107.52,106.02,112.62,106.77,111.14,104.81,111.03,108.47,114.05,104.17,114.12,113.96,113.08,112.08,110.83,119.60,113.22,117.77,114.43,113.42,118.44,115.49,110.60,117.04,117.60,118.46,114.14,109.97,108.06,98.56,106.18,110.20,114.37,111.94,105.72,107.59,107.59,107.59,107.59,107.59,101.86,115.27,110.91,109.32,105.72,103.88,105.72,107.59,107.59,107.59,107.59,107.59,107.59,107.59,107.59,107.59,107.59,107.59,107.59,110.91,107.59,109.50,111.44,111.44,111.44,111.44,111.44,111.44,111.44,111.44,111.44,111.44,111.44,111.44,111.44,111.44,111.44,103.45,103.67,111.44,111.44,111.44,111.44,111.44,111.44,111.44,111.44,111.44,111.44,111.44,111.44,111.44,111.44,111.44,111.44,93.68,93.72,87.76
Producto,0.001536919,01132029,CAMARÓN,114.84,102.21,105.12,102.38,105.16,109.81,105.53,108.14,107.51,107.79,112.16,104.78,112.45,117.73,106.86,108.20,113.52,108.03,108.41,108.63,112.47,114.76,113.17,113.70,110.91,111.53,111.51,114.13,114.90,111.36,116.08,117.92,107.77,115.04,110.48,117.62,115.58,115.73,112.82,113.68,107.52,106.02,112.62,106.77,111.14,104.81,111.03,108.47,114.05,104.17,114.12,113.96,113.08,112.08,110.83,119.60,113.22,117.77,114.43,113.42,118.44,115.49,110.60,117.04,117.60,118.46,114.14,109.97,108.06,98.56,106.18,110.20,114.37,111.94,105.72,107.59,107.59,107.59,107.59,107.59,101.86,115.27,110.91,109.32,105.72,103.88,105.72,107.59,107.59,107.59,107.59,107.59,107.59,107.59,107.59,107.59,107.59,107.59,107.59,110.91,107.59,109.50,111.44,111.44,111.44,111.44,111.44,111.44,111.44,111.44,111.44,111.44,111.44,111.44,111.44,111.44,111.44,103.45,103.67,111.44,111.44,111.44,111.44,111.44,111.44,111.44,111.44,111.44,111.44,111.44,111.44,111.44,111.44,111.44,111.44,93.68,93.72,87.76
Subclase,0.003971119,01133,Pescados  y mariscos procesados y preparados,100.64,102.25,101.80,101.61,100.38,97.86,98.19,95.53,96.40,97.08,97.18,95.79,95.85,97.90,98.54,97.59,99.09,99.56,100.89,100.12,100.60,100.95,98.82,98.01,99.15,100.53,98.08,104.24,101.33,100.70,97.73,100.60,103.09,103.12,104.95,104.43,104.42,107.32,105.23,104.11,102.97,104.96,104.95,104.90,104.39,104.73,105.49,105.41,105.97,105.19,102.61,102.93,103.30,105.89,106.84,105.71,106.86,104.59,105.21,104.80,101.50,106.32,101.74,107.85,106.83,103.14,104.78,103.74,106.27,104.15,106.15,104.58,105.79,105.43,103.88,102.56,102.03,102.82,104.75,104.49,103.56,100.92,102.06,98.73,104.67,106.86,107.81,106.97,111.37,107.40,109.56,113.13,115.26,112.14,113.27,112.38,114.94,110.55,106.60,110.52,109.83,109.75,114.11,113.81,111.36,111.22,113.04,110.86,110.47,111.36,110.25,110.83,112.91,111.20,111.38,112.37,113.50,111.72,109.72,110.96,111.65,110.99,111.78,110.81,110.66,111.19,108.87,110.65,109.61,107.77,109.18,107.09,111.64,110.81,111.66,112.37,111.39,113.60
Producto,0.003509297,01133030,ATÚN EN CONSERVA,100.37,102.20,101.48,101.37,100.30,97.39,97.45,94.06,95.10,96.00,96.12,94.44,94.27,96.64,97.26,96.30,97.89,98.50,99.89,99.05,99.82,100.20,97.84,96.96,98.22,99.86,97.01,103.99,100.65,99.95,96.70,99.70,102.54,102.61,104.63,104.14,103.89,106.90,104.56,103.40,102.05,104.21,104.21,104.21,103.64,104.08,104.71,104.59,105.25,104.38,101.51,102.04,102.33,105.37,105.98,104.76,106.04,103.62,104.35,103.75,100.10,105.46,100.32,107.07,105.92,101.91,103.74,102.91,105.73,103.50,105.55,103.70,105.04,104.82,102.99,101.39,100.80,101.56,103.76,103.73,103.25,99.69,101.01,97.30,103.93,106.09,106.85,105.94,110.77,106.49,108.66,112.18,113.83,110.30,111.21,110.21,112.83,108.47,103.92,108.28,107.57,107.20,112.02,111.41,109.08,108.41,110.75,108.17,107.82,108.81,107.82,108.10,110.57,108.69,108.94,109.67,110.94,108.74,106.51,108.25,108.91,108.13,108.97,107.74,107.53,108.32,105.51,107.47,106.36,103.97,105.64,103.67,108.47,107.73,108.27,109.16,107.99,110.10
Producto,0.000461822,01133031,SARDINAS EN CONSERVA,103.02,102.73,104.65,103.77,101.02,102.09,104.69,108.45,107.90,106.61,106.61,107.79,109.78,108.98,109.78,109.05,109.78,108.99,109.72,109.55,107.51,107.51,107.51,107.24,107.42,106.49,107.56,106.43,107.37,107.37,106.86,108.53,107.95,107.56,107.78,106.98,109.13,111.05,111.16,110.40,111.12,111.52,111.47,111.02,111.10,110.57,112.37,112.69,112.29,112.35,112.33,110.82,111.93,110.47,114.49,114.19,114.11,113.17,112.80,114.11,113.81,114.00,114.37,114.71,114.93,114.05,114.00,111.08,111.03,109.90,111.48,112.44,112.44,110.79,111.70,112.95,112.96,113.96,113.56,111.16,106.27,111.86,111.33,111.35,111.27,113.71,116.32,116.14,116.64,115.51,117.51,121.53,127.92,128.49,131.56,131.57,133.64,128.92,130.31,130.35,129.84,132.33,132.61,135.00,131.50,136.15,133.34,134.73,133.95,133.97,131.80,135.00,133.60,133.41,133.04,136.27,136.15,138.08,138.08,134.87,135.94,136.22,136.56,137.98,138.39,136.54,138.61,138.78,138.35,141.39,140.55,137.34,139.62,138.09,141.65,140.76,141.48,144.56
Clase,0.034965826,0114,"Leche, queso y huevos (ND)",97.99,96.11,96.86,97.60,95.64,95.34,96.19,97.10,96.85,96.76,97.02,99.00,98.49,98.77,99.45,97.54,98.15,97.42,97.17,97.60,98.31,99.08,100.63,98.11,96.49,95.82,95.82,96.77,96.77,96.24,93.14,97.96,97.62,97.40,96.51,96.29,94.51,97.88,96.93,96.97,97.52,93.63,97.37,96.85,97.38,96.95,96.66,94.83,95.64,95.30,96.28,95.83,95.56,95.09,95.94,94.30,96.88,96.58,97.80,95.22,97.71,96.37,97.44,94.77,97.64,98.49,98.49,95.87,96.18,94.35,94.25,93.98,94.77,95.39,95.09,94.43,95.76,97.50,98.77,97.90,94.44,92.30,94.33,94.79,97.36,96.88,98.09,98.44,100.55,103.31,103.99,105.68,108.17,107.01,107.24,106.43,106.05,108.79,112.45,112.41,110.43,111.25,111.84,112.80,113.72,114.15,113.54,114.50,113.05,110.68,110.70,110.12,112.80,113.09,112.93,113.16,111.33,111.95,111.08,110.49,111.79,111.68,112.55,114.34,113.47,113.71,113.06,113.46,112.67,113.08,112.90,111.70,110.20,110.11,112.70,113.80,114.20,114.61
Subclase,0.01381159,01141,Leche líquida,92.38,92.38,92.38,92.38,92.51,92.68,92.51,92.85,93.23,93.38,93.26,93.17,93.75,93.10,93.42,93.45,93.04,93.06,93.11,93.11,93.54,93.75,93.10,92.90,92.81,93.02,92.73,92.67,92.73,92.26,91.85,92.21,92.45,92.36,92.40,92.05,92.42,92.40,92.14,92.83,92.94,88.32,92.92,92.90,92.63,92.58,92.65,93.61,93.87,93.61,93.98,94.21,94.00,93.87,94.25,93.89,94.66,95.31,94.67,93.02,93.42,93.71,93.41,92.93,94.05,93.88,93.66,93.51,93.38,92.28,92.00,90.99,92.74,91.95,90.90,90.12,90.08,90.71,92.03,92.73,92.82,90.09,93.17,93.55,94.16,94.36,94.54,93.67,95.68,100.55,102.80,103.85,109.19,106.84,108.29,106.50,106.48,106.33,107.53,107.48,107.58,107.60,107.85,108.85,107.96,107.33,106.24,108.58,108.94,108.81,108.88,107.78,107.87,107.40,108.10,108.01,106.66,108.39,108.91,108.69,108.31,109.47,109.75,109.67,110.18,111.23,111.15,111.72,110.78,109.07,110.18,110.62,109.97,109.76,112.08,110.92,111.43,111.24
Producto,7.34334E-05,01141032,LECHE LÍQUIDA VEGETAL,99.21,99.21,99.21,99.21,100.22,100.22,100.22,100.22,100.22,100.22,100.22,100.22,100.22,100.22,100.22,100.22,100.22,102.22,102.22,102.22,102.22,102.22,102.22,102.22,102.22,102.22,102.22,102.22,102.22,100.73,100.59,100.59,100.59,100.59,100.59,100.59,100.59,100.92,100.92,100.92,100.92,100.92,100.92,100.92,100.92,100.92,100.92,100.92,100.92,100.92,100.92,100.92,100.26,100.26,100.94,95.45,100.94,100.94,100.94,99.77,101.46,102.19,102.19,102.19,101.09,99.52,102.80,96.76,98.62,98.14,99.39,99.39,100.07,102.27,100.28,102.27,99.37,97.55,100.07,100.58,101.49,101.49,102.64,102.64,102.64,109.21,109.21,109.21,109.40,102.15,109.29,109.59,105.28,119.75,112.30,115.85,115.85,113.19,113.19,113.19,112.20,110.42,110.42,114.30,114.61,108.86,112.45,112.81,105.88,105.37,112.00,109.68,117.16,110.61,103.26,106.66,113.22,108.73,113.63,107.29,107.29,102.54,106.84,103.19,107.29,103.69,108.72,100.08,106.16,104.38,113.33,109.76,102.59,99.46,107.33,111.26,115.01,111.26
Producto,0.01107155,01141033,LECHE LÍQUIDA PASTEURIZADA,91.76,91.76,91.76,91.76,91.76,91.47,91.57,91.57,91.95,91.95,91.95,91.95,92.24,91.56,91.91,92.00,92.00,92.10,92.10,92.10,92.58,92.86,92.86,92.58,92.29,92.29,91.91,91.91,92.00,91.71,91.42,91.61,91.61,91.61,91.61,92.00,92.20,92.20,92.08,92.08,92.08,86.72,92.08,92.08,92.08,92.08,92.27,93.23,93.23,93.23,93.23,93.63,93.63,93.63,93.63,93.63,94.40,94.83,94.18,92.31,92.79,93.26,92.94,92.24,93.21,93.21,93.21,92.92,92.63,91.17,90.97,89.81,91.76,90.91,89.89,89.13,89.13,89.80,91.21,92.06,92.02,89.31,92.23,92.57,93.36,93.77,93.77,93.01,94.92,100.45,102.66,103.87,109.45,106.57,108.30,106.36,106.63,106.29,107.55,107.55,107.55,107.55,107.87,108.73,107.66,107.25,105.85,108.47,108.87,108.81,108.73,107.52,107.77,107.23,107.86,107.62,106.51,108.17,108.67,108.52,108.05,109.08,109.34,109.14,109.80,111.24,110.90,111.52,110.66,108.97,110.08,110.58,109.90,109.58,111.86,110.61,111.23,110.72
Producto,0.002666606,01141034,LECHE LÍQUIDA LARGA VIDA,98.00,98.00,98.00,98.00,99.36,103.82,101.17,104.73,105.04,106.58,105.32,104.42,107.72,107.33,107.40,106.80,102.54,101.84,102.39,102.39,102.39,101.83,95.08,95.74,97.42,99.57,100.25,99.63,99.30,97.19,95.70,97.57,100.06,99.16,99.62,92.31,94.29,94.07,92.51,99.69,100.83,102.99,100.68,100.44,97.60,97.08,95.98,97.01,99.67,96.97,100.77,99.42,97.29,95.95,99.87,96.25,97.02,99.65,99.19,99.57,99.13,97.72,97.63,99.13,101.80,100.09,97.66,99.00,100.29,102.47,101.41,101.80,101.75,101.42,100.11,99.10,98.83,99.02,99.55,98.85,100.11,97.11,101.74,102.47,101.41,99.54,101.40,99.49,102.45,101.46,103.97,103.57,106.85,109.06,108.06,107.63,104.87,106.51,107.30,106.70,107.84,108.00,107.59,109.80,110.58,108.03,109.68,109.53,109.68,108.88,110.25,110.17,108.66,108.92,110.40,111.65,107.83,110.45,111.03,110.38,110.82,113.30,113.63,114.72,113.81,111.26,113.52,113.87,112.03,110.16,111.00,111.00,110.77,111.63,114.27,113.86,113.19,116.19
Subclase,0.002403201,01142,Leche conservada,119.33,122.59,122.57,122.62,122.58,122.58,122.58,122.69,122.78,122.78,122.85,122.85,117.78,122.85,122.85,122.85,122.62,122.62,122.62,123.27,123.61,123.61,123.61,123.56,123.65,123.57,123.63,123.31,124.85,123.53,123.39,121.74,123.40,122.92,123.37,123.03,123.35,122.95,122.82,122.87,122.90,122.90,124.10,126.31,126.71,126.85,126.82,128.28,128.28,129.15,131.07,127.52,128.20,128.28,128.28,128.30,128.33,129.55,129.53,129.92,128.15,136.06,140.80,139.39,139.63,139.58,140.07,141.69,143.22,144.73,144.80,141.32,140.42,141.83,142.85,138.54,143.02,142.79,145.49,149.44,145.30,150.30,149.45,153.25,156.07,153.34,157.12,152.72,151.30,151.06,151.46,152.58,153.59,153.65,153.80,155.67,154.60,156.31,157.38,160.64,160.23,159.77,164.97,168.30,176.82,176.90,178.96,180.76,180.56,181.03,178.35,181.71,182.97,185.16,182.68,183.64,185.89,186.23,187.04,186.05,182.72,182.50,184.13,187.55,187.50,184.46,185.70,183.62,184.61,188.06,183.84,187.23,187.08,188.67,188.02,188.55,193.31,193.22
Producto,0.000559971,01142035,LECHE EN POLVO,103.13,104.25,104.02,104.75,104.13,104.13,104.13,106.01,107.34,107.34,108.52,108.52,108.52,108.52,108.52,108.52,104.83,104.83,104.83,108.52,108.52,108.52,108.52,107.68,109.17,108.33,109.42,109.42,109.42,109.42,107.62,107.80,107.80,105.53,108.19,102.66,108.01,100.97,106.21,106.61,107.51,107.51,108.90,108.90,106.78,109.12,109.12,109.86,109.86,109.86,109.86,109.64,108.44,108.44,108.44,108.90,109.36,109.85,111.79,110.32,111.47,111.47,111.47,111.47,110.76,110.02,112.96,112.96,112.20,111.08,112.11,111.08,111.79,111.71,110.69,111.73,108.05,108.05,111.50,109.64,111.89,110.34,110.76,110.76,112.24,113.76,113.76,111.47,111.47,112.35,110.39,113.53,110.01,111.07,113.53,113.53,112.89,113.85,108.85,107.63,108.73,106.91,110.83,110.83,111.36,107.85,112.19,112.19,109.08,110.38,106.40,108.68,106.49,112.14,109.24,109.01,108.76,112.80,112.59,112.59,112.37,112.88,111.14,108.41,107.52,110.05,109.64,109.85,105.70,106.17,110.77,110.77,112.47,113.79,112.13,111.93,112.16,113.13
Producto,0.00184323,01142036,LECHE MATERNIZADA EN POLVO,120.39,123.78,123.78,123.78,123.78,123.78,123.78,123.78,123.78,123.78,123.78,123.78,118.38,123.78,123.78,123.78,123.78,123.78,123.78,124.23,124.59,124.59,124.59,124.59,124.59,124.56,124.56,124.21,125.86,124.46,124.42,122.65,124.42,124.05,124.36,124.36,124.36,124.39,123.90,123.93,123.90,123.90,125.09,127.45,128.01,128.01,127.98,129.48,129.48,130.41,132.45,128.68,129.49,129.58,129.58,129.56,129.56,130.83,130.69,131.20,129.24,137.66,142.71,141.21,141.51,141.51,141.84,143.57,145.24,146.93,146.93,143.30,142.29,143.80,144.95,140.29,145.30,145.06,147.71,152.04,147.48,152.91,151.97,156.02,158.93,155.93,159.95,155.41,153.90,153.58,154.14,155.13,156.43,156.43,156.43,158.42,157.33,159.08,160.55,164.10,163.59,163.22,168.50,172.06,181.09,181.41,183.31,185.24,185.22,185.64,183.04,186.48,187.97,189.93,187.47,188.52,190.92,191.02,191.90,190.84,187.31,187.04,188.90,192.72,192.72,189.32,190.66,188.43,189.76,193.41,188.61,192.22,191.95,193.56,192.97,193.55,198.60,198.45
Subclase,0.00379509,01143,Yogures y productos en base leche,95.82,98.00,96.43,98.00,98.00,98.00,98.00,98.00,98.18,98.18,98.18,98.18,98.18,98.18,98.18,98.18,97.86,97.25,97.95,98.54,98.36,99.72,99.72,100.32,97.30,101.72,101.52,101.52,100.81,100.65,100.40,101.08,99.90,100.59,100.84,96.92,99.32,100.14,100.32,99.57,98.34,98.53,98.53,97.18,96.37,98.33,100.28,100.99,99.98,98.63,99.32,98.81,100.66,100.38,101.74,99.65,103.98,103.79,104.20,100.16,103.87,98.55,101.83,101.96,102.82,103.26,104.28,102.91,101.76,102.60,102.75,102.88,101.42,101.76,103.12,103.00,103.92,101.95,104.88,105.35,101.66,104.75,100.50,101.82,105.18,104.76,106.44,104.75,104.51,101.18,105.53,106.16,106.16,106.44,105.08,107.80,108.46,109.44,111.19,110.69,108.20,108.54,110.53,109.48,108.29,110.36,109.86,112.99,110.83,115.81,113.12,115.97,121.26,121.57,121.35,118.64,118.50,120.01,120.60,118.95,119.20,121.99,125.18,127.79,124.28,124.19,125.20,126.59,127.73,126.27,126.76,128.42,126.22,128.24,128.01,128.30,127.77,125.19
Producto,0.00379509,01143037,YOGURT,95.82,98.00,96.43,98.00,98.00,98.00,98.00,98.00,98.18,98.18,98.18,98.18,98.18,98.18,98.18,98.18,97.86,97.25,97.95,98.54,98.36,99.72,99.72,100.32,97.30,101.72,101.52,101.52,100.81,100.65,100.40,101.08,99.90,100.59,100.84,96.92,99.32,100.14,100.32,99.57,98.34,98.53,98.53,97.18,96.37,98.33,100.28,100.99,99.98,98.63,99.32,98.81,100.66,100.38,101.74,99.65,103.98,103.79,104.20,100.16,103.87,98.55,101.83,101.96,102.82,103.26,104.28,102.91,101.76,102.60,102.75,102.88,101.42,101.76,103.12,103.00,103.92,101.95,104.88,105.35,101.66,104.75,100.50,101.82,105.18,104.76,106.44,104.75,104.51,101.18,105.53,106.16,106.16,106.44,105.08,107.80,108.46,109.44,111.19,110.69,108.20,108.54,110.53,109.48,108.29,110.36,109.86,112.99,110.83,115.81,113.12,115.97,121.26,121.57,121.35,118.64,118.50,120.01,120.60,118.95,119.20,121.99,125.18,127.79,124.28,124.19,125.20,126.59,127.73,126.27,126.76,128.42,126.22,128.24,128.01,128.30,127.77,125.19
Subclase,0.008888748,01144,Quesos,104.14,106.25,105.42,105.90,106.80,106.71,105.31,107.27,108.48,107.43,107.41,108.63,108.76,110.14,109.48,109.33,112.10,111.68,111.99,111.35,111.60,114.23,115.01,112.66,109.42,103.51,98.97,105.61,97.20,107.83,89.88,112.02,113.28,112.24,107.15,107.67,96.19,110.20,104.50,105.98,112.49,105.62,110.09,108.55,110.82,103.44,101.67,94.80,99.21,96.27,98.19,99.63,96.92,97.47,96.80,98.04,97.05,100.93,101.24,98.90,107.21,102.40,100.64,102.60,103.86,103.43,107.26,98.21,101.07,95.21,95.31,97.27,98.26,99.36,98.45,97.74,100.40,99.56,100.57,92.69,89.94,95.40,95.15,90.35,96.32,97.87,99.78,97.94,95.23,101.76,98.69,105.21,104.33,104.02,102.08,99.96,97.44,108.52,108.46,105.28,104.46,109.31,109.58,109.10,107.84,110.74,110.22,107.53,108.10,105.18,108.66,103.16,110.37,110.47,113.73,117.32,115.13,116.90,113.59,112.11,121.76,115.44,117.20,115.06,120.46,121.61,118.22,118.26,113.83,121.86,120.56,121.99,121.78,119.96,121.89,122.63,122.87,122.63
Producto,0.002132804,01144038,QUESO FRESCO,96.64,102.98,100.49,100.73,100.96,99.48,95.28,99.57,100.54,96.61,96.54,100.22,99.38,103.51,101.52,105.34,105.17,103.92,104.85,102.93,103.66,101.31,106.25,99.19,99.60,101.48,103.98,102.17,96.47,98.91,93.24,102.94,104.22,106.30,105.01,105.62,100.11,106.57,104.92,105.61,101.07,98.75,100.13,97.35,98.88,98.73,103.82,100.57,105.34,96.50,102.16,106.49,102.45,104.12,102.10,101.85,105.29,98.80,99.75,103.61,102.90,106.17,106.29,103.39,102.22,107.83,104.67,102.11,96.72,95.55,95.84,99.88,97.09,100.40,99.43,95.87,97.39,94.87,97.90,94.99,94.23,98.10,90.40,95.96,97.68,93.66,99.39,97.31,96.27,102.62,106.24,106.13,104.39,101.77,97.64,100.43,104.34,113.10,112.74,112.74,110.28,113.13,111.60,111.60,113.32,113.32,112.71,108.81,110.85,111.96,111.04,109.23,115.20,111.10,113.36,112.84,110.63,110.82,110.43,109.49,116.97,111.50,109.27,107.68,104.88,108.33,105.47,105.61,106.06,104.94,105.85,105.34,110.71,105.24,111.05,113.27,113.99,108.51
Producto,0.006755944,01144039,QUESO DE MESA,107.88,107.88,107.88,108.48,109.71,110.31,110.31,111.11,112.45,112.83,112.83,112.83,113.44,113.44,113.44,111.32,115.56,115.56,115.56,115.56,115.56,120.67,119.37,119.37,114.31,104.52,96.47,107.33,97.57,112.28,88.20,116.54,117.80,115.20,108.21,108.69,94.24,112.01,104.29,106.17,118.18,109.05,115.05,114.14,116.78,105.78,100.59,91.92,96.15,96.15,96.22,96.22,94.15,94.15,94.15,96.13,92.94,101.99,101.99,96.55,109.36,100.51,97.83,102.21,104.68,101.23,108.55,96.27,103.24,95.05,95.05,95.97,98.84,98.84,97.95,98.67,101.90,101.90,101.90,91.55,87.80,94.05,97.52,87.54,95.64,99.97,99.97,98.25,94.71,101.32,94.92,104.75,104.29,105.14,104.29,99.73,94.00,106.24,106.32,101.56,101.56,107.40,108.57,107.85,105.11,109.45,108.98,106.89,106.72,101.79,107.48,100.13,107.96,110.15,113.92,119.56,117.38,119.93,115.17,113.41,124.15,117.40,121.16,118.74,128.23,128.23,124.58,124.58,117.72,130.30,127.90,130.30,127.30,127.30,127.30,127.30,127.30,129.68
Subclase,0.006067198,01145,Huevos,104.76,91.13,96.78,99.20,87.86,85.94,92.01,94.20,90.80,90.80,92.51,102.00,98.69,99.70,103.04,93.08,95.22,92.10,89.93,92.24,94.72,95.09,104.16,93.12,89.62,87.69,92.41,91.92,99.11,88.89,89.14,94.46,91.52,91.10,90.39,92.32,90.19,95.51,95.94,93.61,91.48,88.66,92.43,91.61,93.58,96.41,94.95,88.07,88.55,90.67,92.42,89.23,89.30,86.89,90.04,82.70,92.19,85.62,93.08,88.38,91.20,89.66,94.52,80.28,90.73,95.69,92.29,87.26,87.26,84.64,84.64,84.64,84.64,88.48,89.27,89.27,92.65,102.19,102.19,101.52,88.71,76.97,82.92,86.84,90.96,87.41,89.88,97.33,105.96,104.66,102.19,102.19,102.19,102.19,102.19,102.19,102.19,106.51,121.28,123.68,115.46,115.46,115.46,118.46,125.89,125.89,125.89,124.87,117.33,104.40,103.59,105.57,109.56,111.58,106.81,106.81,102.24,98.51,94.92,94.92,94.92,94.92,94.92,103.96,95.84,94.03,92.87,92.87,94.03,94.03,91.81,81.54,76.97,76.97,83.24,91.01,91.14,95.67
Producto,0.006067198,01145040,HUEVOS DE GALLINA,104.76,91.13,96.78,99.20,87.86,85.94,92.01,94.20,90.80,90.80,92.51,102.00,98.69,99.70,103.04,93.08,95.22,92.10,89.93,92.24,94.72,95.09,104.16,93.12,89.62,87.69,92.41,91.92,99.11,88.89,89.14,94.46,91.52,91.10,90.39,92.32,90.19,95.51,95.94,93.61,91.48,88.66,92.43,91.61,93.58,96.41,94.95,88.07,88.55,90.67,92.42,89.23,89.30,86.89,90.04,82.70,92.19,85.62,93.08,88.38,91.20,89.66,94.52,80.28,90.73,95.69,92.29,87.26,87.26,84.64,84.64,84.64,84.64,88.48,89.27,89.27,92.65,102.19,102.19,101.52,88.71,76.97,82.92,86.84,90.96,87.41,89.88,97.33,105.96,104.66,102.19,102.19,102.19,102.19,102.19,102.19,102.19,106.51,121.28,123.68,115.46,115.46,115.46,118.46,125.89,125.89,125.89,124.87,117.33,104.40,103.59,105.57,109.56,111.58,106.81,106.81,102.24,98.51,94.92,94.92,94.92,94.92,94.92,103.96,95.84,94.03,92.87,92.87,94.03,94.03,91.81,81.54,76.97,76.97,83.24,91.01,91.14,95.67
Clase,0.00647383,0115,Aceites y grasas (ND),98.10,97.61,98.20,96.37,97.98,99.25,99.23,98.55,97.13,98.03,97.87,98.40,97.80,98.87,99.39,99.45,99.16,98.56,98.43,97.25,98.41,96.61,99.99,99.22,98.09,92.92,94.03,96.38,96.86,96.37,96.90,97.12,97.58,97.64,96.68,96.70,97.37,95.69,97.08,98.15,95.25,98.46,95.14,97.85,97.84,97.77,96.61,97.27,96.80,97.63,93.50,93.52,94.20,95.33,95.71,92.37,95.65,95.14,94.93,94.86,94.43,92.93,92.14,93.19,93.89,94.32,94.42,92.54,92.92,92.31,92.97,93.24,92.03,92.74,92.45,104.28,107.39,109.53,113.54,118.91,117.91,116.29,115.38,118.54,119.34,118.08,119.10,124.43,150.58,152.62,152.19,152.26,154.91,151.80,139.23,137.49,135.62,134.15,136.55,134.08,131.80,127.25,130.91,126.09,125.19,122.61,124.18,123.57,116.60,126.45,122.49,122.31,121.43,119.43,117.94,119.07,118.52,117.04,116.45,116.97,120.03,119.91,119.72,118.96,119.01,117.65,116.24,118.21,118.16,117.41,118.83,118.23,119.30,118.13,116.48,116.37,120.38,120.59
Subclase,0.005188211,01151,Aceites puros y mezclados,96.25,95.58,96.60,94.50,96.85,98.27,98.31,97.68,95.98,96.94,97.07,97.29,97.16,98.22,98.48,98.38,98.12,96.67,96.87,95.33,96.85,94.68,98.62,97.94,96.49,90.26,91.43,94.30,94.95,95.24,95.26,95.61,95.96,96.05,94.88,95.08,95.53,93.80,95.49,96.26,92.14,96.18,92.40,96.44,96.38,96.14,94.36,95.54,94.84,95.55,90.42,90.60,91.54,92.94,93.37,89.21,93.80,92.76,92.47,92.50,91.84,90.30,89.38,90.88,91.51,92.03,91.71,89.49,90.56,90.13,90.91,90.86,89.47,90.33,90.00,104.57,107.71,110.60,115.39,121.71,120.62,118.68,117.16,120.98,121.93,120.48,121.84,126.29,158.99,159.06,158.00,158.19,162.37,158.77,142.34,138.72,136.54,134.43,138.56,134.79,132.51,127.19,132.51,126.93,126.09,123.49,125.16,124.43,116.30,127.75,122.30,121.45,121.46,119.72,117.77,118.74,118.52,116.50,115.41,115.89,119.68,118.76,118.60,117.16,117.59,116.12,114.79,116.59,116.94,116.11,117.97,116.87,118.20,117.17,115.70,115.24,119.89,119.77
Producto,0.004704066,01151041,ACEITE VEGETAL ,96.30,95.79,96.99,94.23,96.95,98.84,99.01,98.00,96.08,97.17,97.39,97.62,97.54,98.57,98.80,98.84,98.77,97.20,97.48,95.89,97.04,94.59,99.24,98.30,96.76,89.32,90.56,93.62,94.05,94.57,94.76,95.22,95.30,95.29,94.64,94.93,95.21,93.25,95.15,96.10,91.19,96.06,91.83,96.73,96.51,96.17,94.36,95.39,94.48,95.17,89.33,89.56,90.70,92.71,93.02,87.94,94.40,92.06,91.79,91.89,91.17,90.08,88.61,89.95,90.38,90.99,90.67,88.50,90.02,89.26,89.53,89.84,88.70,89.79,89.02,104.84,106.57,109.49,114.96,121.84,120.77,118.66,118.20,122.76,123.26,120.77,122.34,127.27,161.11,159.93,158.20,157.90,164.39,162.25,143.05,138.97,137.98,136.21,142.81,137.90,135.29,130.00,135.73,130.10,130.38,127.05,127.77,127.94,117.29,131.82,126.04,124.86,125.31,123.57,121.93,122.61,122.13,119.49,118.61,118.64,123.18,123.66,123.02,120.90,121.37,120.45,119.06,121.14,121.84,121.77,123.56,122.02,123.12,121.87,120.40,119.63,124.90,124.79
Producto,0.000484145,01151042,ACEITE PURO,96.05,94.59,94.77,95.78,96.38,95.60,95.00,96.17,95.55,95.84,95.59,95.77,95.36,96.61,97.00,96.23,95.10,94.17,93.97,92.72,95.96,95.11,95.74,96.27,95.20,94.72,95.49,97.48,99.22,98.40,97.62,97.46,99.05,99.59,96.00,95.78,97.05,96.37,97.08,97.00,96.59,96.76,95.07,95.03,95.78,96.01,94.36,96.21,96.53,97.33,95.56,95.48,95.47,94.06,94.98,95.15,90.95,96.05,95.67,95.37,94.95,91.35,92.98,95.22,96.84,96.94,96.59,94.19,93.13,94.20,97.40,95.62,93.09,92.87,94.58,103.35,113.09,115.83,117.42,121.06,119.91,118.79,112.24,112.60,115.72,119.15,119.50,121.68,149.04,154.97,157.04,159.52,152.87,142.38,139.03,137.53,129.75,126.03,118.61,120.17,119.43,113.99,117.34,112.02,105.97,106.76,112.88,107.92,111.62,108.59,104.69,105.41,103.37,101.64,98.18,100.55,101.55,102.43,100.36,102.98,103.25,95.73,97.83,99.61,99.83,95.78,94.75,95.21,93.94,89.51,91.69,92.65,95.08,95.07,93.56,94.58,96.31,96.17
Subclase,0.001285619,01152,Grasas para la cocina,105.24,105.52,104.42,103.60,102.39,103.08,102.79,101.90,101.56,102.25,100.98,102.69,100.29,101.38,102.89,103.58,103.17,105.87,104.50,104.68,104.45,104.06,105.28,104.17,104.28,103.21,104.10,104.47,104.24,100.76,103.28,102.96,103.89,103.81,103.68,102.99,104.52,103.02,103.27,105.50,107.32,107.27,105.75,103.34,103.49,104.06,105.31,103.98,104.39,105.66,105.47,104.84,104.52,104.57,104.78,104.64,102.83,104.36,104.49,104.02,104.51,103.13,102.85,102.17,103.12,103.21,104.97,104.33,102.07,100.80,100.93,102.46,101.95,102.09,101.98,103.13,106.11,105.39,106.37,108.09,107.41,106.99,108.47,109.07,109.29,108.77,108.47,117.24,117.97,127.62,129.67,129.26,125.97,124.78,127.17,132.72,132.04,133.09,128.75,131.35,129.09,127.48,124.73,122.86,121.68,119.18,120.36,120.27,117.77,121.44,123.26,125.68,121.34,118.31,118.60,120.37,118.53,119.15,120.50,121.13,121.38,124.36,124.07,125.94,124.50,123.57,121.86,124.48,122.89,122.45,122.16,123.52,123.56,121.86,119.53,120.77,122.27,123.80
Producto,0.000713209,01152043,MARGARINA,90.48,89.52,90.79,90.79,86.37,91.70,95.14,94.16,92.11,93.59,93.59,94.97,92.11,92.11,90.41,94.57,94.01,92.51,96.68,96.38,96.38,92.51,94.23,94.23,93.46,92.06,94.24,95.07,95.36,95.66,94.63,92.68,94.68,92.29,86.72,88.03,89.22,89.22,92.37,97.08,97.62,95.55,96.07,90.76,91.70,92.62,93.74,90.63,88.14,95.91,94.76,91.89,95.01,95.36,96.62,95.74,93.78,94.06,94.84,96.57,97.62,91.09,88.92,90.15,94.53,95.06,101.24,98.25,91.97,92.51,88.79,92.30,93.92,91.93,91.26,86.51,93.14,94.24,97.27,100.51,99.04,93.56,97.52,99.08,99.08,97.57,94.10,100.45,99.60,99.60,101.22,101.22,97.92,104.31,108.46,105.93,108.78,111.08,111.28,109.23,97.98,101.85,96.92,96.92,96.49,104.35,105.90,97.63,97.74,96.37,97.58,103.91,93.72,99.87,99.31,97.68,100.59,105.51,103.45,106.04,109.58,106.47,106.09,107.92,105.94,102.13,104.21,105.77,106.27,102.76,103.71,109.71,103.76,106.14,89.13,91.22,90.96,94.49
Producto,0.000199658,01152044,MANTEQUILLA,108.50,108.50,108.50,108.50,108.50,108.50,108.50,108.50,108.50,108.50,103.62,109.29,109.29,109.29,109.29,109.29,108.60,119.47,111.62,112.51,111.62,109.84,113.42,113.42,114.32,111.11,114.17,114.71,116.56,103.90,114.39,114.39,114.39,114.39,114.39,114.39,115.21,115.70,115.70,115.28,115.28,115.28,115.28,111.69,111.69,115.28,115.52,115.52,115.52,115.52,115.52,115.52,115.79,115.79,115.79,115.79,113.12,115.79,115.79,115.79,115.79,115.79,115.79,112.08,115.79,115.79,115.79,115.79,115.79,111.34,111.34,115.79,115.79,115.79,115.79,113.12,115.79,110.42,110.42,107.48,107.48,109.49,109.49,108.94,108.94,107.90,110.02,116.67,121.42,121.42,120.43,121.42,120.73,121.21,126.69,134.16,134.84,134.16,134.16,134.74,134.16,130.41,129.44,128.65,125.19,126.34,122.74,128.25,128.25,133.10,133.10,137.38,137.92,135.38,135.38,135.38,128.29,130.92,136.91,136.91,138.20,148.19,153.42,152.66,152.23,152.23,152.23,152.23,153.42,149.50,151.22,151.22,152.90,150.22,149.12,150.65,153.52,154.79
Producto,0.000372752,01152045,MANTECA,107.96,108.71,106.44,105.02,104.16,103.85,102.37,101.10,101.10,101.88,101.88,101.88,98.53,100.42,103.54,103.54,103.30,103.48,103.48,103.48,103.48,104.72,104.72,102.79,102.79,102.79,102.33,102.48,101.17,100.78,100.68,100.68,101.73,102.28,103.63,102.05,104.00,101.18,100.72,103.44,106.45,106.96,104.17,103.12,103.12,102.22,103.95,102.54,103.95,103.95,103.95,103.66,102.09,102.09,102.09,102.09,100.72,102.09,102.09,100.79,101.33,100.79,100.92,101.09,99.80,99.80,101.11,100.84,98.70,98.37,99.66,99.29,97.94,98.75,98.75,103.31,105.40,106.27,107.11,110.52,109.76,109.68,111.13,111.98,112.36,112.36,111.86,122.27,121.62,138.41,141.97,140.80,136.32,132.23,132.70,139.69,137.38,138.87,131.26,136.10,135.63,133.44,130.50,127.62,127.26,120.14,123.39,123.08,118.70,123.28,126.09,126.55,121.66,115.79,116.46,119.99,119.20,117.68,117.88,118.24,117.09,118.60,115.84,118.91,117.17,116.63,113.08,117.18,113.74,115.75,114.19,114.84,115.84,113.43,114.71,115.58,116.96,118.04
Clase,0.021386803,0116,Frutas (ND),106.88,101.75,102.10,106.32,105.51,103.22,97.21,98.62,102.50,106.82,105.72,109.44,110.41,109.59,108.01,105.88,109.25,102.87,102.27,102.78,108.26,111.56,109.18,111.84,111.05,108.10,109.14,106.84,105.59,102.73,100.48,105.77,106.38,108.61,107.59,106.36,109.62,114.79,116.57,111.84,107.36,98.46,96.18,100.83,101.43,105.99,108.32,102.86,103.91,108.49,109.84,105.71,105.55,105.59,108.06,109.83,111.39,120.46,117.28,113.32,115.60,111.89,117.18,113.35,100.06,100.78,100.76,102.13,107.76,113.50,109.76,110.87,109.63,109.11,114.80,111.16,105.33,104.18,103.30,111.55,115.45,112.73,111.72,112.44,112.10,114.79,113.80,110.47,110.94,111.04,112.92,112.85,117.18,129.44,130.90,134.30,130.26,126.87,125.34,122.43,116.69,119.80,128.71,133.05,137.05,140.47,130.98,125.37,121.40,127.19,123.51,120.39,120.00,121.71,124.60,123.48,121.76,124.62,120.78,117.96,116.37,121.58,121.44,116.90,117.56,114.65,120.24,127.30,136.77,134.96,131.16,128.90,125.32,128.13,136.53,132.03,128.71,120.91
Subclase,0.020930294,01161,Frutas frescas refrigeradas y congeladas,106.96,101.76,102.13,106.37,105.55,103.17,97.09,98.49,102.42,106.80,105.70,109.46,110.44,109.60,108.03,105.84,109.21,102.79,102.17,102.68,108.22,111.57,109.17,111.84,111.07,108.08,109.12,106.80,105.52,102.58,100.28,105.67,106.29,108.54,107.51,106.28,109.59,114.82,116.63,111.84,107.29,98.29,95.98,100.69,101.30,105.91,108.26,102.74,103.81,108.41,109.75,105.56,105.41,105.45,107.94,109.74,111.32,120.50,117.29,113.36,115.61,111.84,117.21,113.33,99.88,100.61,100.59,101.99,107.71,113.52,109.74,110.85,109.60,109.07,114.81,111.13,105.23,104.07,103.18,111.51,115.46,112.71,111.68,112.43,112.07,114.79,113.82,110.52,110.91,111.03,112.95,112.87,117.23,129.63,131.11,134.55,130.45,127.01,125.47,122.52,116.66,119.82,128.82,133.20,137.20,140.66,131.04,125.36,121.35,127.21,123.46,120.30,119.91,121.64,124.57,123.43,121.69,124.58,120.69,117.87,116.26,121.55,121.41,116.79,117.47,114.54,120.29,127.32,136.91,135.07,131.23,128.95,125.33,128.17,136.68,132.13,128.79,120.90
Producto,0.000637296,01161046,AGUACATE,126.61,100.03,90.43,85.27,83.56,88.85,107.31,113.09,118.67,120.57,125.99,124.34,127.17,107.97,99.09,96.13,107.33,100.21,101.79,103.99,110.59,106.40,118.27,123.10,123.50,116.26,89.91,103.61,93.77,95.91,86.33,92.69,98.11,105.07,120.59,140.73,125.90,102.13,109.76,111.82,112.89,112.39,127.87,158.31,142.00,160.25,151.06,135.63,120.86,109.92,102.52,87.67,100.14,100.57,134.67,152.92,145.64,164.57,140.03,129.99,133.12,138.16,133.12,138.39,122.49,126.27,115.97,115.97,124.08,146.11,180.17,180.17,157.39,148.14,139.33,134.44,125.03,118.64,107.67,152.72,133.63,146.20,157.00,125.77,137.45,112.49,120.33,124.53,122.06,119.34,132.03,127.34,138.40,154.96,175.12,196.00,171.23,179.07,115.01,127.25,137.21,131.01,150.79,158.28,206.25,239.26,174.44,124.42,106.80,110.95,128.17,111.47,123.56,123.29,122.64,151.14,107.57,151.18,152.56,146.99,128.41,118.91,135.61,102.87,113.01,110.11,126.75,162.62,188.25,182.41,217.11,180.78,168.97,121.54,143.95,165.68,165.29,175.33
Producto,0.001143947,01161047,BANANA,92.08,92.04,83.26,81.74,79.37,88.02,82.38,102.01,119.22,120.46,121.04,119.81,101.69,92.35,100.03,103.20,103.29,92.42,103.06,131.01,120.07,111.75,123.66,125.23,120.03,124.58,134.01,120.86,122.98,119.93,141.46,153.54,174.04,162.53,155.63,151.13,157.28,168.13,163.22,149.19,138.00,123.15,125.23,152.68,156.68,150.11,143.54,132.91,124.28,126.25,126.60,125.79,131.85,146.21,146.13,159.79,172.38,188.38,171.94,157.99,135.29,132.19,155.80,159.80,101.33,108.19,118.05,123.84,132.50,132.50,123.84,123.84,123.84,131.81,136.31,133.89,133.48,144.77,153.63,163.07,188.55,150.18,134.07,138.90,132.20,133.10,122.41,129.23,156.54,161.72,161.13,156.66,142.46,159.23,159.71,166.23,155.37,145.95,142.89,146.51,136.40,134.35,151.08,176.14,193.11,188.16,174.22,164.81,164.81,202.79,168.75,151.78,169.92,183.29,186.77,187.43,184.91,178.22,163.08,163.08,163.08,146.25,145.70,156.71,158.06,143.75,145.82,208.61,211.09,210.51,203.31,193.79,193.79,176.61,213.23,184.66,177.83,178.69
Producto,0.001448227,01161048,LIMÓN,102.56,60.39,53.34,57.27,52.37,51.44,65.74,72.98,72.98,79.55,79.09,73.44,69.61,63.05,60.23,59.61,58.09,58.76,68.80,66.59,70.89,72.54,62.21,61.23,60.06,57.64,60.55,49.39,55.22,58.00,62.81,85.91,130.42,152.92,134.87,80.47,67.81,63.67,76.32,65.36,59.32,54.14,59.93,60.07,60.84,70.50,78.20,59.26,57.68,54.08,59.57,55.33,57.56,59.82,69.38,88.46,85.18,92.39,77.50,71.93,60.83,55.81,58.82,60.22,48.68,56.75,63.75,66.42,71.55,71.55,71.55,56.79,56.79,54.95,51.10,52.52,48.61,55.15,61.67,68.07,72.27,69.60,59.66,60.26,58.45,63.62,57.26,58.53,63.02,71.11,103.68,107.54,106.00,130.52,113.44,79.06,79.06,82.64,78.49,71.91,63.33,58.55,106.24,88.17,121.70,118.95,82.54,59.83,59.83,59.18,58.89,72.03,73.51,81.39,70.42,55.65,58.08,57.97,51.63,51.63,51.63,67.05,74.56,74.55,61.53,82.15,72.31,102.79,112.38,122.32,103.93,92.59,92.59,71.97,78.42,69.86,74.46,59.86
Producto,0.000819602,01161049,MANDARINA,108.05,93.70,107.49,96.11,105.39,92.56,86.30,83.15,87.32,108.17,103.05,107.97,107.09,104.04,104.17,102.83,95.70,89.22,83.13,89.86,106.60,109.57,96.21,89.13,84.52,85.61,87.96,86.92,83.09,69.67,54.88,55.46,47.05,61.36,54.45,74.54,67.77,81.14,84.74,95.75,105.71,76.21,53.08,49.65,56.45,71.99,79.98,66.10,59.94,70.07,73.94,66.22,74.70,65.85,60.90,62.35,63.80,52.66,78.34,76.66,70.35,75.24,104.63,77.91,72.99,81.93,61.99,61.99,61.99,66.32,98.40,98.40,103.23,93.21,91.23,84.36,76.71,75.97,41.92,47.52,47.44,46.72,78.67,71.74,70.21,70.84,91.31,86.47,75.71,61.57,56.45,49.91,56.36,74.89,62.81,65.57,65.57,61.49,67.06,76.38,66.90,65.34,55.13,67.12,63.00,71.05,58.90,50.00,56.12,53.69,68.04,68.82,65.83,61.33,51.19,65.05,81.39,83.10,76.36,69.38,61.81,88.11,83.38,79.12,78.29,47.98,44.96,41.10,40.31,40.92,49.79,49.79,41.46,57.28,66.54,70.43,63.44,54.09
Producto,0.002104734,01161050,NARANJA,136.32,115.09,118.41,105.10,82.37,76.00,50.93,49.10,49.35,55.91,73.02,102.81,132.90,124.70,111.86,95.32,91.44,61.34,54.71,58.31,85.71,97.09,95.87,105.29,109.09,99.75,105.92,85.57,79.26,75.80,55.62,50.63,53.12,52.26,52.53,57.21,104.10,106.72,109.15,96.64,83.56,54.85,49.45,49.48,50.02,62.30,81.19,88.99,108.89,98.45,93.57,81.86,63.89,56.87,65.32,62.98,60.29,87.40,93.30,89.68,129.38,107.46,105.28,72.03,45.18,50.72,59.72,63.46,71.72,90.36,94.80,94.80,94.80,94.94,96.21,82.24,63.54,55.03,51.76,52.47,61.03,77.50,80.25,91.30,103.07,104.59,90.66,78.89,62.32,65.74,70.52,62.57,77.56,101.58,101.77,107.17,107.17,111.12,109.77,69.76,64.32,63.79,67.91,64.76,62.15,71.82,73.23,75.07,97.29,110.12,100.64,99.05,97.08,89.02,85.52,88.28,92.90,107.28,116.63,116.63,116.63,115.00,98.08,74.02,70.44,52.76,45.93,48.74,50.87,50.43,54.23,60.87,73.10,127.13,107.72,79.57,61.05,58.41
Producto,0.000672314,01161051,NARANJILLA,123.77,137.65,137.99,135.43,142.70,136.80,130.26,126.54,114.11,117.19,114.07,127.24,125.18,137.39,130.31,135.19,142.82,160.65,143.60,141.38,118.56,121.98,121.25,120.95,119.68,135.50,124.74,122.64,129.16,126.94,152.60,160.26,130.74,145.89,174.49,143.36,137.07,136.02,144.72,149.57,144.20,136.70,123.45,126.13,128.54,125.10,137.76,125.43,143.26,163.80,139.87,149.80,150.82,163.17,166.95,140.62,152.79,165.49,140.96,136.52,135.73,147.12,148.70,176.92,160.64,203.78,183.51,163.49,183.51,205.98,163.49,163.49,187.15,160.88,168.51,174.94,149.81,158.78,148.71,152.37,144.46,167.10,174.55,167.14,174.42,199.87,177.74,168.92,172.63,172.48,178.63,162.41,183.80,199.83,248.28,259.95,247.78,223.11,212.35,170.79,204.50,225.84,238.78,250.18,237.00,224.65,219.80,216.38,202.24,196.83,211.39,208.33,186.14,223.89,229.12,179.90,187.34,186.76,185.62,173.49,178.48,236.09,224.50,225.30,209.00,207.50,214.23,180.76,211.01,209.77,221.77,221.77,201.49,198.27,199.86,190.50,193.33,188.48
Producto,0.001169565,01161052,PAPAYA,92.64,94.41,96.59,106.83,110.74,114.56,98.76,96.97,93.93,95.69,95.75,95.47,90.23,99.03,112.50,121.29,123.11,118.21,117.81,111.18,118.70,121.42,108.59,122.05,121.91,128.11,128.40,122.70,120.46,122.17,110.55,117.93,107.01,97.49,100.34,96.31,105.56,112.71,120.55,116.02,113.99,107.21,107.82,99.60,106.03,110.31,109.95,110.46,111.44,119.19,124.24,131.10,128.70,119.09,120.71,118.68,113.42,121.11,122.23,126.17,125.13,117.29,120.09,137.90,111.07,116.00,113.28,111.39,107.70,106.07,108.57,107.53,104.39,109.50,119.95,121.39,113.23,115.42,118.92,113.89,110.75,108.07,108.59,107.28,110.57,112.58,110.88,107.91,106.51,109.44,108.48,109.16,115.74,117.42,120.08,119.39,115.95,120.21,118.34,116.69,116.33,119.45,116.98,115.89,109.83,118.74,112.29,113.48,111.28,117.52,128.29,118.74,120.17,114.76,123.16,126.12,119.35,115.93,112.43,103.98,99.01,107.59,113.20,111.98,112.36,102.99,104.36,95.74,104.07,96.74,96.11,102.03,107.19,112.18,118.79,121.80,119.81,109.99
Producto,0.000773831,01161053,PIÑA,87.71,95.39,95.73,98.09,102.80,101.90,94.15,80.70,86.10,85.11,88.24,95.16,93.85,92.63,92.65,93.61,97.38,95.01,99.18,92.09,93.64,109.93,94.52,90.66,94.42,90.08,82.23,90.61,93.40,99.53,99.97,90.57,86.26,88.92,87.12,89.87,83.79,88.10,91.19,91.61,84.73,79.80,83.70,80.34,79.91,85.82,83.05,75.46,74.43,79.23,78.64,82.43,82.23,77.56,81.31,86.93,82.53,85.28,78.93,76.83,78.14,83.25,81.84,94.05,75.00,73.18,71.16,73.33,70.45,77.63,79.52,75.79,77.71,81.83,89.09,88.63,91.97,94.45,91.12,88.52,90.43,91.48,93.15,88.24,87.64,92.09,81.59,83.23,85.39,95.79,87.93,87.61,89.98,92.24,93.19,96.02,96.02,94.33,86.78,98.96,90.15,104.23,106.17,104.34,103.03,101.52,101.61,100.12,95.95,98.34,98.53,96.20,96.08,100.71,103.63,98.84,95.10,98.46,101.81,99.50,100.75,101.84,105.89,101.23,102.13,105.53,109.05,106.21,109.22,105.07,103.47,103.43,103.04,101.10,107.03,112.17,119.53,113.56
Producto,0.000842768,01161054,PLÁTANO MADURO,70.80,74.08,73.06,73.80,73.40,71.14,73.27,83.18,98.35,103.43,88.53,79.98,75.94,73.50,68.65,75.54,80.47,78.35,89.74,90.09,97.12,101.94,88.48,94.06,92.54,72.15,74.54,70.29,74.33,72.15,78.61,87.20,87.20,106.70,115.63,105.90,110.64,105.43,101.54,91.73,76.09,80.12,71.57,79.58,89.01,91.97,86.62,81.59,73.44,72.87,70.98,65.75,68.43,77.63,85.59,78.99,99.88,123.27,99.38,88.79,82.76,76.75,84.52,85.81,57.03,60.53,70.03,75.74,91.58,97.98,97.98,91.58,85.60,78.74,85.25,78.44,82.13,83.18,90.28,123.14,129.12,122.49,113.78,111.57,101.96,97.58,90.40,76.52,74.28,80.51,93.96,123.64,136.22,126.83,124.63,121.68,121.68,106.07,96.68,84.68,85.23,102.60,127.76,127.19,135.12,140.29,131.09,123.55,115.47,113.02,97.64,91.79,106.93,115.39,125.41,131.26,114.01,110.35,114.09,114.09,114.09,100.24,85.01,93.44,103.06,130.14,159.17,203.08,236.31,183.38,170.16,178.52,132.43,101.50,113.25,100.89,105.60,100.37
Producto,0.002895466,01161055,PLÁTANO VERDE,98.16,89.63,92.22,85.34,89.92,87.62,95.29,103.26,132.99,124.63,104.79,105.26,86.50,86.41,82.91,86.37,89.00,93.52,103.70,98.58,115.64,107.90,102.89,109.46,118.65,92.08,84.73,95.57,93.45,92.49,94.76,99.90,100.80,112.72,119.45,121.06,122.83,140.68,117.43,102.73,90.19,93.06,78.77,82.21,97.96,112.84,91.97,88.51,88.61,77.32,87.61,74.65,83.05,90.50,97.52,103.59,101.29,138.42,119.07,92.16,96.09,88.53,102.06,97.21,66.77,69.30,77.79,87.31,104.86,120.03,112.19,104.86,98.00,91.44,108.01,88.61,98.49,104.34,117.90,140.41,156.78,133.73,132.54,134.76,105.84,118.44,111.00,103.41,105.18,106.96,99.87,116.33,112.45,145.72,136.12,130.09,130.09,119.72,113.64,99.60,101.35,118.40,128.48,123.41,142.35,149.98,162.70,149.44,139.68,116.82,108.81,107.73,109.22,116.92,127.12,134.78,128.00,131.38,117.80,117.80,117.80,107.43,97.75,104.25,108.43,125.40,151.87,189.77,187.21,217.66,183.94,192.98,143.16,127.74,122.41,101.93,94.68,97.86
Producto,0.00111776,01161056,UVAS,91.14,92.29,99.66,98.00,99.78,102.82,104.09,107.44,108.17,111.79,114.39,110.29,108.73,115.75,114.59,108.64,109.73,109.42,110.05,108.17,108.39,109.30,114.59,114.41,109.05,110.91,109.81,113.99,118.97,123.74,116.79,127.85,125.96,122.98,116.34,120.23,117.04,126.72,118.66,116.45,117.77,112.68,112.69,121.01,115.99,117.34,118.04,119.03,117.69,116.33,119.61,118.18,117.31,113.54,115.65,114.52,113.21,116.99,114.47,108.76,111.16,115.02,121.42,115.15,112.67,107.53,109.51,110.49,107.44,108.30,110.33,114.89,114.12,105.20,103.46,103.46,107.74,105.51,105.51,105.51,101.02,100.04,98.28,98.65,98.91,98.91,98.00,100.81,100.06,99.46,99.12,100.07,104.93,104.93,103.57,101.20,101.20,101.20,98.95,104.29,101.82,101.33,103.49,107.42,103.67,120.33,120.66,109.80,96.20,108.35,105.29,102.06,96.33,95.69,95.69,97.03,98.54,98.97,104.39,102.66,92.36,93.92,93.58,93.04,90.07,88.27,90.41,92.61,102.75,96.44,96.42,96.42,91.91,93.64,92.94,102.72,98.44,97.29
Producto,0.000568107,01161057,MELÓN,115.35,106.38,111.47,126.40,108.80,115.73,113.61,115.33,124.94,121.96,109.95,101.72,117.35,101.69,116.05,112.14,116.69,110.02,105.64,94.32,94.47,110.44,111.14,102.99,94.30,106.82,100.18,121.25,154.68,114.91,106.44,118.87,114.01,94.52,104.23,99.66,114.18,119.01,122.16,121.56,111.37,101.59,104.44,119.48,121.63,112.77,105.57,93.82,101.31,116.49,123.91,131.25,119.41,112.62,114.53,123.22,118.10,133.58,116.15,101.82,105.15,101.52,116.44,118.47,72.96,92.61,85.97,78.11,80.52,83.00,83.00,83.00,83.00,88.81,109.35,120.13,105.16,98.48,114.98,115.32,114.48,114.59,100.79,93.42,111.52,107.01,124.82,112.31,100.28,109.64,119.28,96.42,102.61,112.50,134.58,127.75,118.59,116.28,141.04,155.36,117.93,125.81,126.14,134.23,120.93,121.73,105.49,105.12,105.12,113.28,116.70,118.26,103.17,94.95,94.15,97.15,116.55,103.77,91.12,89.35,86.68,94.04,95.79,104.62,119.02,96.19,105.60,108.25,107.41,98.39,99.58,95.94,89.06,88.19,108.37,114.71,122.57,99.67
Producto,0.00067395,01161058,MORA,119.75,120.14,140.73,209.91,206.12,189.82,159.82,138.98,132.97,142.53,136.39,118.19,116.41,158.10,152.24,170.37,219.21,199.53,142.86,122.87,127.96,126.54,134.40,142.23,133.38,152.64,172.02,196.97,168.47,132.57,103.51,117.77,99.89,99.26,103.82,97.33,100.26,137.93,162.39,160.67,150.84,135.24,123.25,114.01,108.16,103.44,104.29,102.23,107.64,145.66,167.12,157.21,128.87,128.54,130.24,122.88,116.05,120.49,111.71,126.41,123.32,125.33,158.80,114.33,122.10,129.21,120.77,112.87,112.87,112.87,98.60,112.87,105.50,111.49,151.73,123.88,115.79,101.15,101.15,101.15,101.15,101.15,101.15,101.15,101.15,101.15,141.81,141.81,151.73,132.55,108.22,101.15,101.15,115.79,101.15,96.42,91.90,101.15,123.88,192.83,123.88,101.15,101.15,101.15,101.15,101.15,101.15,101.15,101.15,123.88,141.81,132.55,151.73,108.22,108.22,101.15,101.15,97.46,86.83,90.12,108.22,139.06,171.79,132.55,108.22,101.15,101.15,101.15,101.15,101.15,101.15,101.15,101.15,108.22,132.55,167.00,202.23,135.01
Producto,0.002042318,01161059,MANZANA,106.51,113.39,111.28,118.82,121.83,115.20,111.59,120.04,124.31,130.55,128.45,128.74,136.18,148.21,139.94,116.82,115.04,110.23,119.77,121.35,122.41,135.07,141.69,141.95,140.83,129.77,133.86,120.25,113.55,117.01,125.61,134.13,127.52,128.55,130.37,131.41,119.60,132.08,133.73,124.93,124.29,118.51,117.11,125.91,122.06,116.60,133.61,129.84,120.85,137.90,132.15,111.79,122.92,122.62,118.93,129.44,135.07,133.01,148.11,146.62,145.07,140.43,127.12,131.72,118.97,107.13,105.99,118.97,124.81,124.81,108.09,108.09,108.09,113.41,123.43,127.30,114.97,107.99,111.58,112.08,120.94,110.06,107.66,110.30,121.68,128.18,118.31,120.18,117.86,116.69,118.23,123.79,120.89,129.90,131.67,145.63,160.29,157.34,133.18,113.01,119.11,128.61,127.69,133.17,130.65,131.04,142.39,138.37,125.72,149.25,137.94,140.64,128.93,134.00,132.20,135.39,135.56,144.34,135.43,135.43,135.43,146.59,133.70,135.15,136.70,133.91,140.70,130.97,131.74,141.48,133.24,133.24,133.24,145.91,136.21,129.83,128.18,127.04
Producto,0.000371037,01161060,MARACUYÁ,109.33,103.93,101.06,96.75,99.30,91.36,90.08,90.90,90.83,90.67,104.27,99.73,101.25,100.55,101.21,92.09,98.29,94.76,94.60,102.21,101.63,93.31,87.16,90.40,89.13,89.41,90.58,94.76,108.40,110.25,78.85,89.79,94.69,93.09,99.84,102.17,94.78,87.77,90.21,102.41,104.56,100.43,100.86,89.72,84.44,108.94,118.26,86.25,103.45,110.81,100.82,107.71,108.21,114.76,131.99,117.48,107.31,90.70,110.44,103.40,112.32,100.21,79.59,96.06,88.20,92.53,82.44,82.44,82.44,82.44,82.44,82.44,82.44,85.20,112.90,93.27,93.47,94.43,82.86,89.22,86.24,83.16,87.31,97.56,84.10,94.23,89.25,94.57,102.81,96.85,115.62,109.30,111.60,113.73,125.82,136.90,127.96,111.62,121.71,115.74,120.42,112.18,113.70,113.40,115.08,120.18,112.16,100.40,100.40,107.85,104.26,124.96,119.54,107.13,119.17,108.59,116.43,110.40,105.60,105.60,103.55,113.87,114.58,120.41,133.69,136.99,108.79,108.05,118.16,108.76,104.35,102.32,104.35,109.55,132.79,126.57,134.90,136.65
Producto,0.000634117,01161061,SANDÍA,107.84,107.00,110.23,105.35,122.04,109.17,109.51,103.36,114.12,111.95,114.69,106.87,107.53,102.03,111.66,109.27,108.38,103.36,99.74,101.53,110.85,144.39,138.09,132.56,127.99,110.54,116.14,102.99,105.10,114.41,107.49,102.80,103.45,87.70,86.31,102.69,108.66,99.73,121.76,124.04,116.60,108.84,105.47,102.66,114.40,113.56,106.40,89.33,92.35,108.56,101.92,100.26,121.30,116.59,118.39,100.88,101.67,102.27,94.12,117.15,125.99,118.80,139.74,145.79,130.34,133.44,137.55,133.44,138.49,143.74,116.57,116.57,112.31,125.68,105.21,96.02,88.65,90.69,88.45,88.03,76.03,80.51,86.91,83.24,87.53,100.12,103.74,99.89,104.49,99.94,97.72,86.29,92.24,106.82,104.72,100.76,97.08,99.79,101.11,120.22,120.10,119.09,109.15,127.18,125.00,113.90,109.43,105.06,105.06,115.20,115.78,111.96,116.89,106.55,96.46,90.97,95.02,101.60,105.42,98.53,101.78,92.08,94.42,102.69,92.21,98.67,102.06,86.62,85.74,89.51,89.34,94.94,97.87,110.70,126.36,134.47,123.18,108.18
Producto,0.000436747,01161062,FRUTILLA,100.11,93.60,89.73,89.73,101.09,103.83,97.07,97.07,97.07,106.64,99.39,99.39,89.51,92.84,97.07,97.07,101.50,97.87,97.87,105.27,105.27,96.44,96.44,93.72,103.19,96.44,105.37,105.37,107.51,106.80,101.75,112.61,106.31,113.94,104.51,99.95,98.57,98.57,101.12,91.30,104.29,109.17,113.23,113.23,111.75,111.75,106.52,110.86,124.51,134.19,127.43,127.43,126.27,123.39,125.57,122.41,122.77,119.97,117.31,122.93,119.35,120.89,111.47,125.48,125.07,118.46,119.62,112.15,108.20,108.20,108.20,108.20,108.96,109.26,109.26,108.20,108.20,109.78,110.67,110.67,110.67,110.67,110.67,95.98,95.98,99.13,112.81,116.54,113.85,107.87,113.67,111.23,117.80,114.66,93.57,104.98,112.81,94.66,83.47,83.47,99.27,95.89,72.48,96.44,98.40,99.07,98.63,97.46,98.12,97.42,97.60,98.29,97.95,98.69,99.02,97.71,97.54,97.60,97.24,97.04,108.92,108.92,97.10,100.72,103.82,104.15,105.17,104.09,103.85,97.97,96.94,86.31,98.60,112.07,111.55,92.70,92.25,92.31
Producto,0.001887979,01161063,TOMATE DE ÁRBOL,127.06,125.40,121.22,133.18,133.41,126.07,113.84,110.33,100.48,108.67,101.66,129.80,135.11,116.08,112.69,110.19,114.09,110.36,112.10,107.06,115.80,115.07,105.70,101.87,105.45,106.73,108.20,104.88,105.05,109.07,115.00,109.69,116.75,123.96,102.08,107.97,101.71,100.60,104.74,104.15,104.83,101.24,104.39,106.22,97.25,110.09,113.03,104.17,113.18,116.60,125.13,129.92,130.92,139.83,117.46,114.66,120.66,121.90,131.47,122.70,138.16,134.86,132.48,116.27,183.36,149.72,149.72,149.72,171.38,179.80,145.54,171.38,171.38,170.37,168.94,176.56,166.58,160.18,147.62,177.74,186.09,195.36,181.24,203.64,185.75,194.31,198.94,183.81,185.21,183.89,184.57,187.39,206.13,229.12,250.53,277.93,242.79,228.81,275.93,265.29,254.06,269.46,313.95,323.29,321.68,315.88,270.03,284.24,255.96,225.49,211.04,206.72,185.33,212.32,243.47,219.35,214.24,213.61,205.32,191.90,179.36,192.14,211.80,199.48,217.79,221.65,248.02,214.93,265.63,264.68,243.23,227.33,243.23,256.46,294.87,293.09,257.78,244.44
Producto,0.000690528,01161064,FRUTAS DE TEMPORADA,112.23,114.84,104.86,113.29,114.41,117.83,114.79,112.58,113.14,115.20,120.05,127.22,130.91,121.70,116.44,120.35,117.07,119.08,119.43,119.60,117.67,115.92,111.24,126.36,121.22,115.95,111.78,113.38,106.01,104.70,108.20,106.86,103.31,103.46,102.28,107.81,120.24,115.32,101.79,102.17,101.09,95.48,95.82,101.58,103.49,105.32,110.57,116.23,113.77,109.25,116.00,118.49,114.92,105.03,111.65,105.96,110.94,113.67,110.49,121.05,119.27,117.65,116.61,119.72,113.08,112.33,113.73,109.58,103.41,105.40,105.46,103.42,105.41,101.08,98.26,100.35,101.84,101.45,102.41,104.94,102.26,101.89,105.56,106.22,108.75,111.37,106.05,103.46,103.53,103.06,102.21,104.21,101.23,101.23,100.07,97.42,100.13,102.05,102.65,103.53,105.29,100.37,100.35,99.73,97.56,97.23,97.52,96.56,96.74,96.82,94.89,94.85,96.96,97.20,96.95,95.82,95.61,96.33,94.50,94.25,95.40,99.48,100.19,100.15,101.95,101.03,104.29,102.04,102.41,99.71,102.86,104.97,106.81,107.20,105.97,105.83,108.70,107.98
Subclase,0.000456509,01162,Frutas secas y en conserva (procesadas),100.94,100.94,99.92,101.95,102.28,106.93,107.43,108.89,108.89,108.47,107.43,107.43,107.43,108.72,106.68,109.38,112.29,109.33,110.17,111.06,111.06,110.17,110.17,111.28,109.66,109.76,110.65,110.10,111.44,115.19,117.22,113.85,114.72,114.72,114.72,112.72,111.97,111.97,111.97,111.97,112.72,112.72,112.72,112.72,112.72,112.78,112.94,112.94,112.94,114.76,117.26,118.23,117.28,117.29,118.08,117.80,117.80,117.02,117.02,110.00,114.89,115.75,114.80,114.39,115.50,114.44,114.55,114.04,111.63,112.02,111.97,111.97,112.41,112.72,113.68,113.68,113.68,113.68,112.61,114.75,114.60,114.60,114.60,113.38,114.92,114.60,112.46,106.20,113.86,112.16,110.12,111.60,112.58,113.14,113.46,113.46,114.29,114.59,114.59,114.95,118.54,118.54,120.07,120.74,124.58,124.58,126.15,126.15,126.15,125.88,127.71,127.39,127.35,127.35,127.35,127.35,127.35,127.35,127.61,125.25,125.49,124.39,124.39,126.60,125.63,123.97,116.09,125.07,125.07,125.07,125.07,125.07,124.66,125.07,123.58,123.58,121.92,121.92
Producto,0.000456509,01162065,MANÍ,100.94,100.94,99.92,101.95,102.28,106.93,107.43,108.89,108.89,108.47,107.43,107.43,107.43,108.72,106.68,109.38,112.29,109.33,110.17,111.06,111.06,110.17,110.17,111.28,109.66,109.76,110.65,110.10,111.44,115.19,117.22,113.85,114.72,114.72,114.72,112.72,111.97,111.97,111.97,111.97,112.72,112.72,112.72,112.72,112.72,112.78,112.94,112.94,112.94,114.76,117.26,118.23,117.28,117.29,118.08,117.80,117.80,117.02,117.02,110.00,114.89,115.75,114.80,114.39,115.50,114.44,114.55,114.04,111.63,112.02,111.97,111.97,112.41,112.72,113.68,113.68,113.68,113.68,112.61,114.75,114.60,114.60,114.60,113.38,114.92,114.60,112.46,106.20,113.86,112.16,110.12,111.60,112.58,113.14,113.46,113.46,114.29,114.59,114.59,114.95,118.54,118.54,120.07,120.74,124.58,124.58,126.15,126.15,126.15,125.88,127.71,127.39,127.35,127.35,127.35,127.35,127.35,127.35,127.61,125.25,125.49,124.39,124.39,126.60,125.63,123.97,116.09,125.07,125.07,125.07,125.07,125.07,124.66,125.07,123.58,123.58,121.92,121.92
Clase,0.026813094,0117,Legumbres-Hortalizas (ND),104.45,107.55,106.99,112.88,112.55,112.85,109.52,108.31,116.46,111.95,113.31,117.68,114.23,122.40,120.27,116.22,121.69,119.69,116.05,108.78,106.43,105.39,100.62,102.62,108.60,111.23,120.39,124.31,129.28,127.66,123.76,120.77,116.40,113.43,112.40,111.69,110.64,114.97,118.88,107.48,105.04,102.62,103.90,101.01,104.58,109.52,110.09,110.07,114.89,110.58,110.18,110.91,115.96,116.23,118.67,118.77,124.21,122.24,112.05,114.20,115.09,113.63,133.04,151.01,143.28,141.07,133.75,127.18,126.23,127.91,126.04,124.62,124.71,124.40,130.09,137.70,134.44,125.14,130.75,128.89,124.47,122.21,118.23,122.12,129.42,132.65,133.14,136.91,149.54,156.04,148.44,143.78,148.60,147.89,145.78,144.79,143.30,143.18,136.90,136.71,137.32,156.21,152.60,161.18,152.78,146.08,146.61,145.10,152.22,151.84,150.75,151.05,141.64,146.09,145.62,142.01,156.00,154.09,155.86,154.43,159.72,166.50,168.37,165.88,164.01,159.21,165.35,164.31,165.45,147.55,136.89,135.38,143.95,142.73,161.65,148.32,141.45,137.03
Subclase,0.018767268,01171,Productos de huerta frescos,102.22,105.38,108.65,117.30,117.93,119.26,114.68,112.53,121.47,115.55,116.90,120.11,113.90,123.89,121.35,116.56,125.34,123.59,118.89,108.96,105.84,104.74,96.56,98.06,104.05,107.99,121.50,130.39,139.26,136.59,130.81,127.42,121.14,115.64,114.50,113.23,112.35,117.84,123.12,109.29,107.07,104.64,105.70,102.83,106.12,113.05,112.01,110.63,118.32,115.08,113.72,115.67,120.86,121.16,124.50,123.93,125.43,121.78,110.81,115.57,116.99,116.79,141.52,161.33,151.22,144.26,135.68,129.38,127.88,130.40,127.96,124.09,123.60,125.37,130.91,137.59,133.10,125.17,132.40,130.56,121.55,116.62,110.46,112.03,121.61,126.73,126.02,131.58,149.45,157.64,146.07,141.07,148.51,147.30,145.70,143.80,142.02,142.11,140.60,143.45,144.62,167.68,162.85,173.54,161.06,147.20,141.08,137.70,148.61,147.59,145.73,148.03,136.12,142.89,142.73,136.08,154.50,150.32,151.88,150.13,155.05,165.42,167.66,169.44,168.92,168.24,174.60,173.95,172.66,148.19,135.31,132.61,141.36,138.23,163.81,149.87,143.87,139.29
Producto,0.000837943,01171066,AJO,107.67,117.58,136.28,133.92,139.81,113.05,98.09,90.77,96.93,100.96,93.42,98.23,103.66,132.19,140.58,106.11,108.80,112.20,111.27,105.03,112.09,104.84,109.23,102.23,96.42,106.26,150.55,152.04,153.85,118.62,105.88,103.68,92.21,82.51,84.61,99.56,118.79,126.70,100.62,84.75,80.31,74.02,70.87,66.88,82.88,71.69,74.09,73.28,72.98,90.64,111.53,118.72,123.54,99.48,97.46,110.68,121.27,112.05,87.05,87.84,96.81,126.18,197.19,195.11,190.45,159.56,142.15,129.99,128.15,161.35,184.07,164.42,162.82,165.06,159.13,194.66,189.44,151.33,126.95,133.01,112.72,99.04,112.19,107.58,113.98,118.78,161.71,170.16,143.28,145.19,133.79,115.33,122.71,124.32,119.78,110.19,136.47,128.76,146.55,149.14,146.45,135.51,124.74,130.47,130.47,144.97,130.78,122.65,125.33,136.88,140.20,158.45,159.57,130.40,135.60,155.69,175.17,165.38,174.81,163.17,212.78,219.20,245.01,229.43,214.33,211.43,197.51,185.08,158.01,148.04,151.17,139.82,151.79,161.15,149.55,185.60,172.00,168.60
Producto,0.000187254,01171067,ACELGA,111.86,111.86,107.57,107.57,107.57,107.57,112.33,112.33,112.33,112.04,114.01,114.01,114.31,114.31,114.31,106.14,106.14,106.14,114.31,116.01,116.01,116.01,114.59,116.01,116.01,116.17,116.17,116.17,115.41,112.35,108.78,115.39,116.37,116.37,116.85,111.54,123.55,123.55,130.63,130.63,121.86,121.86,121.86,108.93,125.03,126.98,122.92,113.93,113.93,114.59,114.59,114.59,114.59,114.59,120.18,116.52,121.92,110.94,110.94,110.94,110.94,108.38,112.92,122.15,111.29,111.29,115.42,120.30,116.70,116.70,119.57,119.05,122.21,125.75,122.21,126.67,126.67,126.67,126.67,126.67,126.67,126.67,122.21,130.65,127.27,136.25,141.56,151.11,141.50,141.50,140.88,140.88,141.32,141.32,141.32,141.32,141.32,141.32,141.32,141.32,141.32,141.32,141.32,141.32,141.32,141.72,139.68,140.92,140.92,142.50,142.88,151.00,150.00,151.00,151.96,149.43,149.81,152.05,152.05,156.30,155.86,171.14,170.19,191.03,171.61,190.79,219.07,219.65,174.34,170.44,161.90,145.24,145.73,154.28,193.75,179.91,184.54,184.54
Producto,0.00066207,01171068,BRÓCOLI,88.68,98.48,94.93,102.02,92.88,100.59,100.53,93.43,114.63,102.09,105.00,102.62,83.80,124.44,101.82,74.51,96.56,106.45,94.99,80.14,93.77,79.68,83.71,92.92,86.23,86.76,80.14,86.18,83.12,117.06,91.79,97.35,91.21,84.01,91.53,94.97,89.92,83.83,92.13,93.61,70.77,71.09,103.11,82.94,88.35,99.61,79.26,86.24,82.39,83.26,84.37,83.60,88.48,85.77,94.83,94.15,95.14,85.47,82.59,84.21,99.28,86.57,106.69,87.98,104.00,97.20,104.00,84.91,84.91,84.91,97.20,90.85,90.85,107.86,116.68,129.07,110.04,95.30,124.78,99.62,99.65,89.96,102.80,101.25,126.76,162.86,126.87,123.56,128.86,162.79,144.37,117.99,135.29,150.45,129.81,127.04,123.24,128.42,135.62,166.44,127.82,157.25,153.13,148.01,106.01,101.38,125.86,104.55,111.86,141.28,146.80,148.93,106.99,119.15,104.72,117.71,152.73,138.47,148.60,130.97,98.21,139.03,132.19,151.36,173.52,140.88,126.20,130.87,148.45,82.93,94.64,88.46,111.45,131.50,114.48,130.92,120.05,102.40
Producto,0.000891916,01171069,CEBOLLA BLANCA,104.02,109.70,97.25,81.56,82.54,83.39,89.45,98.33,125.12,114.81,115.87,121.98,119.56,124.21,132.00,127.06,108.20,100.31,111.75,112.76,118.88,115.06,108.29,105.14,108.22,102.51,107.49,99.23,101.14,104.48,96.84,94.74,98.78,91.89,90.16,90.90,84.93,85.14,80.78,75.41,71.59,73.70,75.47,79.23,80.72,94.67,91.74,90.62,98.11,102.49,98.41,100.22,98.30,100.98,111.23,128.10,152.01,137.83,110.04,120.48,121.32,131.13,158.26,179.23,167.34,210.43,232.09,227.58,231.61,244.65,223.16,200.96,184.18,145.99,119.93,111.94,107.95,94.46,97.02,103.76,103.80,111.32,91.83,86.25,102.52,88.32,79.57,93.15,104.79,114.92,105.94,101.66,114.29,114.73,122.90,115.53,100.32,106.22,102.67,111.08,124.35,131.69,136.23,133.84,145.72,142.67,133.38,138.10,148.46,129.77,127.54,132.45,135.50,142.74,118.72,118.90,124.75,128.23,124.22,128.23,147.00,156.19,138.83,119.43,123.92,123.86,135.10,145.75,170.03,154.74,134.97,108.51,135.61,135.38,150.68,132.30,118.60,120.86
Producto,0.002916222,01171070,CEBOLLA PAITEÑA,136.42,145.95,150.00,188.98,204.38,225.15,212.10,212.13,218.05,188.97,185.23,198.40,184.56,192.15,186.51,197.42,232.61,223.29,212.43,182.14,153.05,131.49,108.62,99.91,125.42,136.23,204.67,224.35,242.55,217.51,209.80,216.59,177.31,168.77,169.50,151.90,159.90,165.79,160.88,147.23,130.58,130.97,134.84,130.82,141.34,162.67,180.93,198.00,231.83,199.31,167.61,177.41,192.60,193.51,198.10,182.27,164.31,151.67,135.03,134.52,144.85,141.90,167.66,241.30,265.55,238.72,184.89,169.83,161.68,158.95,154.89,152.64,144.40,145.58,166.61,169.76,168.47,162.86,162.30,160.07,156.39,145.38,142.04,137.29,161.79,163.96,169.44,165.01,217.22,232.41,230.14,193.60,187.42,195.15,199.98,201.33,184.74,180.69,187.85,180.07,164.55,208.86,274.39,313.97,287.22,208.28,174.98,168.94,190.56,201.08,181.04,197.34,192.80,226.44,195.48,188.69,169.23,170.51,164.50,163.16,177.68,184.90,181.81,193.56,170.41,151.47,175.04,188.95,211.06,199.85,166.58,164.92,203.79,155.11,177.68,181.76,180.00,176.89
Producto,0.001735408,01171071,CHOCLO,83.00,81.23,73.64,80.39,82.98,79.63,76.84,78.26,80.46,67.77,81.95,92.24,80.67,76.63,83.94,85.86,77.84,72.04,68.84,67.60,67.15,72.95,79.34,75.10,85.95,86.15,81.61,72.41,63.28,71.42,71.15,65.92,60.93,75.44,85.36,97.83,79.00,64.64,66.63,55.45,59.30,71.80,62.68,58.87,64.59,73.17,70.10,65.91,66.07,73.76,73.58,62.50,61.62,58.17,63.57,56.19,64.35,78.94,101.27,99.99,93.11,77.71,80.81,79.31,84.36,81.53,77.48,72.60,71.26,68.14,67.18,66.32,68.60,72.40,93.08,107.64,95.73,71.24,69.89,65.90,61.36,61.03,61.61,70.47,89.15,80.41,75.69,84.89,101.14,102.29,72.09,87.88,87.53,89.23,87.18,90.74,82.33,86.95,75.85,76.34,72.62,92.17,85.35,79.22,78.47,90.38,99.77,95.82,96.07,71.21,83.61,76.67,70.22,75.12,69.88,63.77,74.51,80.80,76.55,70.04,88.13,98.58,93.85,85.89,92.19,86.20,72.94,71.09,75.89,71.98,70.86,76.17,79.82,83.45,86.03,73.08,78.21,71.42
Producto,0.000405014,01171072,COL,98.56,86.35,97.16,102.71,86.87,85.39,87.28,91.21,124.67,107.32,120.64,95.65,94.87,110.20,99.48,105.86,105.00,96.83,101.77,96.39,93.31,91.37,90.52,92.47,99.00,107.34,82.83,83.62,90.62,93.61,99.16,103.31,102.28,92.58,100.16,102.25,101.88,91.53,88.34,111.05,103.86,94.08,93.43,107.88,102.47,108.91,92.66,90.86,85.05,89.50,85.43,100.29,101.55,83.32,83.91,100.07,123.87,113.38,84.94,92.61,99.88,109.12,120.79,104.18,108.90,106.78,91.66,98.06,106.78,101.78,97.02,82.38,97.02,97.24,117.32,156.43,148.25,130.18,108.90,135.71,112.45,112.26,97.80,92.26,100.79,108.75,114.93,106.58,116.33,123.97,102.11,114.17,116.60,112.11,115.61,119.67,108.72,114.95,97.09,112.89,110.93,108.42,136.32,134.18,140.90,141.94,120.54,117.21,106.50,124.06,140.40,151.76,138.97,132.84,119.20,118.99,120.42,127.74,134.44,127.28,128.15,122.33,103.46,100.60,117.49,112.97,115.83,125.96,111.23,98.82,85.79,89.04,96.96,94.20,157.24,146.40,114.62,103.48
Producto,0.000380735,01171073,COLIFLOR,99.30,92.47,77.85,92.54,77.11,82.52,98.86,87.90,103.14,105.69,99.77,80.23,87.52,110.69,111.96,75.22,73.27,80.94,84.84,74.02,76.88,76.26,72.21,91.06,95.73,89.12,72.00,70.35,72.18,127.61,105.81,102.28,84.08,75.49,75.00,75.12,76.18,115.21,93.89,95.09,61.76,63.94,97.19,88.47,95.17,75.69,71.80,83.61,73.36,78.98,77.82,68.63,76.04,79.28,95.32,95.71,91.76,86.26,65.24,69.19,109.40,82.32,104.81,91.06,91.41,87.13,87.13,81.44,71.14,76.11,64.06,61.73,71.14,98.21,109.13,120.46,100.82,99.36,92.29,101.31,96.13,88.69,84.62,95.69,114.72,137.85,107.93,105.57,107.67,109.82,110.11,105.23,132.90,142.52,115.06,114.12,114.12,128.84,104.55,147.05,137.86,136.28,150.98,136.25,118.21,110.15,122.79,106.39,99.44,138.56,153.68,170.10,106.98,116.30,104.45,86.65,133.73,125.07,125.54,141.77,106.39,122.59,107.35,127.90,140.35,107.53,112.41,118.37,121.97,113.10,100.74,105.69,126.93,122.46,97.75,117.00,118.37,104.62
Producto,0.00048619,01171074,LECHUGA,112.56,103.45,90.99,79.36,80.23,83.18,103.12,98.00,165.42,148.29,121.97,97.43,74.65,99.58,91.20,74.25,86.88,103.67,114.78,89.92,99.14,78.94,70.50,95.57,109.01,87.81,112.04,122.98,135.24,145.40,109.08,100.20,93.26,78.51,83.45,102.64,108.60,132.95,143.90,117.77,93.86,86.99,108.50,119.46,107.59,91.77,83.67,115.45,109.08,103.35,99.36,86.89,79.77,84.72,101.62,131.50,130.91,116.58,108.74,107.43,135.03,129.55,144.88,144.27,160.32,149.84,149.84,149.84,144.37,144.37,149.84,144.37,149.84,154.00,146.74,158.48,122.83,111.11,137.05,139.02,120.77,107.86,113.69,113.71,127.60,128.97,107.27,128.67,117.26,127.20,128.38,143.86,189.83,159.66,136.88,130.02,130.02,131.57,123.16,122.25,141.28,131.22,143.79,175.60,132.84,119.62,129.59,117.74,117.74,153.78,179.80,140.87,130.15,164.51,149.83,122.44,127.19,116.16,128.38,128.38,128.38,141.36,219.63,192.06,158.94,163.82,155.04,170.09,158.94,121.74,115.75,123.84,148.73,163.70,119.46,164.09,121.91,117.42
Producto,0.000503054,01171075,PEPINILLO ,96.55,114.40,108.85,102.70,110.77,113.97,107.72,95.92,95.92,100.46,100.30,80.71,92.72,92.72,94.27,100.67,100.67,100.67,96.49,95.83,95.83,95.83,96.71,90.47,90.47,99.80,93.66,90.87,89.86,93.48,100.79,91.54,98.02,98.02,94.05,95.92,93.39,97.65,112.18,112.18,109.79,104.15,102.93,112.24,114.30,108.91,108.91,101.64,110.20,108.72,104.65,88.77,92.17,92.17,98.97,112.54,129.99,98.11,96.70,97.43,94.42,103.14,103.14,114.80,105.73,105.73,105.73,106.60,103.03,99.15,99.80,104.70,104.70,104.70,107.78,110.47,109.07,109.07,98.27,100.82,89.82,91.84,91.84,91.84,91.84,107.75,102.71,123.35,129.41,129.41,123.82,110.62,107.86,107.86,100.45,97.86,97.86,106.06,104.30,105.10,104.30,104.30,94.49,123.12,109.69,109.69,111.29,103.64,103.24,96.09,94.33,113.28,97.20,96.98,99.25,99.25,100.92,110.34,89.81,89.81,98.75,97.20,97.20,100.58,99.81,101.50,99.22,106.15,105.37,106.66,96.63,96.63,90.68,114.02,108.86,102.25,102.25,89.96
Producto,0.001366505,01171076,PIMIENTO,118.11,109.75,96.91,116.09,111.48,113.17,115.79,117.72,126.40,125.92,121.64,120.02,125.35,124.83,120.31,106.93,100.01,103.01,97.43,95.51,104.26,96.51,100.22,96.00,86.08,89.24,90.58,89.59,142.03,109.95,95.36,90.02,98.70,84.70,97.85,88.84,99.24,99.43,111.39,91.62,118.24,110.52,88.04,101.03,96.71,93.32,94.92,82.14,89.41,78.38,101.19,112.84,120.52,107.91,126.78,115.34,116.60,125.17,132.39,116.44,115.84,112.21,161.54,127.02,143.96,114.26,143.96,128.25,143.96,143.96,114.26,114.26,114.26,104.52,106.07,165.82,148.27,132.71,117.10,131.21,113.75,105.93,113.10,111.71,113.72,116.35,110.23,108.06,116.60,131.66,127.93,118.66,154.56,128.73,133.64,143.22,143.22,129.48,115.25,106.58,180.97,182.25,147.92,165.07,140.62,132.28,145.59,111.55,99.38,116.46,109.24,103.46,87.79,102.77,88.53,87.05,98.90,131.15,100.95,89.94,100.95,110.64,129.80,163.30,157.47,134.38,142.98,119.35,120.42,128.07,121.87,121.87,136.79,118.13,145.88,140.56,138.82,141.37
Producto,0.000291872,01171077,REMOLACHA,94.71,102.27,107.87,107.00,106.74,105.18,110.20,109.37,122.85,136.66,123.53,125.64,136.63,140.18,116.91,97.34,100.54,102.87,99.12,105.09,99.99,107.32,94.75,91.86,104.01,138.72,122.24,118.65,127.80,135.00,175.63,175.38,137.48,130.19,131.71,124.69,135.19,138.88,142.42,133.35,136.04,115.28,123.10,119.70,131.96,128.34,134.41,102.74,106.17,106.52,121.42,131.65,130.03,127.48,172.47,168.41,173.60,138.01,129.63,129.77,126.48,130.77,178.11,173.92,174.61,174.61,155.56,155.56,174.61,174.61,155.56,138.59,138.59,139.74,133.71,133.71,133.71,133.71,133.71,133.71,133.71,133.71,133.71,133.71,133.71,133.71,133.71,133.71,168.46,168.46,168.46,212.25,212.25,212.25,189.09,189.09,212.25,212.25,212.25,168.46,168.46,168.46,168.46,168.46,168.46,168.46,168.46,168.46,189.09,168.46,212.25,189.09,168.46,168.46,168.46,168.46,291.78,238.24,189.09,192.84,192.84,216.45,267.41,267.41,238.24,212.25,238.24,267.41,212.25,212.25,212.25,189.09,212.25,212.25,212.25,168.46,151.83,147.12
Producto,0.003278769,01171078,TOMATE RIÑÓN,90.93,89.27,100.68,117.22,123.47,129.29,115.47,96.83,97.42,102.90,98.23,104.35,94.40,108.38,104.54,92.52,115.46,122.94,123.43,107.68,105.87,118.94,91.09,91.47,89.74,92.78,109.94,137.84,161.12,147.90,134.96,133.80,133.97,131.42,122.43,124.85,112.72,122.65,156.35,116.09,134.83,109.22,113.35,110.34,113.83,133.17,120.04,104.10,110.02,108.93,114.49,114.63,131.46,141.53,131.90,126.50,120.17,119.38,104.46,116.69,116.09,110.39,143.05,197.24,158.77,148.39,117.78,117.78,117.78,117.78,117.78,117.78,117.78,120.07,130.11,121.60,121.60,130.11,163.92,153.21,136.50,136.50,121.60,121.60,121.60,121.60,121.60,121.60,146.04,153.21,153.21,153.21,153.21,153.21,153.21,153.21,153.21,153.21,153.21,136.50,121.60,171.97,153.21,196.86,175.38,163.92,121.60,121.60,153.21,121.60,136.50,153.21,121.60,121.60,146.04,136.50,220.97,193.03,216.67,206.53,184.00,206.53,206.53,171.97,216.67,216.67,260.21,231.82,206.53,121.60,121.60,130.11,108.34,108.34,193.03,136.50,136.07,128.37
Producto,0.001306729,01171079,ZANAHORIA AMARILLA,84.68,95.97,103.84,102.20,104.37,96.86,91.82,101.40,100.78,115.41,120.98,117.03,125.51,108.11,99.07,96.20,101.66,104.61,100.30,94.50,94.50,98.17,101.10,100.06,95.22,94.98,103.45,147.02,157.10,146.13,157.70,147.03,161.31,165.38,160.26,134.38,127.75,157.26,167.52,161.19,123.93,120.98,121.68,115.32,110.10,114.86,116.51,107.57,108.55,111.05,114.72,126.69,126.13,123.76,127.45,122.19,126.52,152.38,127.69,143.25,116.51,121.74,148.96,179.45,113.75,101.34,143.31,101.34,113.75,113.75,101.34,101.34,101.34,101.56,102.17,102.17,124.02,102.17,114.68,128.72,128.72,128.72,128.72,128.72,128.72,128.72,128.72,128.72,204.33,229.36,204.33,187.66,229.36,204.33,182.04,162.18,162.18,162.18,162.18,204.33,257.44,324.36,229.36,204.33,182.04,162.18,229.36,204.33,257.44,229.36,204.33,182.04,139.21,128.72,182.04,162.18,162.18,182.04,182.04,189.69,182.04,182.04,189.69,288.97,204.33,257.44,229.36,301.11,324.36,324.36,204.33,182.04,204.33,204.33,204.33,162.18,187.30,185.49
Producto,0.000924896,01171080,ARVEJA TIERNA,97.47,105.39,120.88,139.58,121.36,115.33,111.53,121.04,124.26,100.69,124.36,136.39,107.85,119.17,125.90,149.40,154.97,135.48,99.87,103.81,98.83,106.64,104.41,120.65,123.82,143.34,139.76,141.24,130.19,178.07,197.60,180.48,167.10,125.97,102.96,108.08,118.10,122.58,117.40,115.70,124.63,147.62,131.80,123.20,118.83,119.12,120.62,124.94,153.04,139.01,123.83,128.12,127.13,143.60,143.57,146.77,136.74,134.49,119.77,131.29,127.92,134.14,149.31,129.46,132.57,129.21,119.47,123.16,102.55,104.59,123.16,135.56,135.56,143.79,163.22,163.22,175.82,163.22,189.40,169.40,148.29,132.12,93.42,112.19,122.16,161.47,167.59,189.40,204.02,204.02,146.71,148.29,148.29,148.29,169.40,169.40,169.40,163.22,163.22,163.22,175.82,204.02,188.12,175.82,167.59,138.60,142.32,179.31,172.76,208.89,155.58,148.29,175.82,193.15,189.40,167.59,141.35,122.16,122.16,146.71,159.75,179.31,175.82,182.48,188.12,216.81,189.40,169.40,169.40,141.35,146.71,148.29,148.29,155.58,216.81,188.12,166.01,164.92
Producto,0.001157899,01171081,FRÉJOL TIERNO,91.08,99.43,105.04,103.71,104.49,108.46,98.64,91.77,96.88,95.49,115.31,115.97,122.36,123.62,112.31,111.66,118.74,115.72,103.29,101.56,100.41,107.43,96.79,100.15,109.40,103.64,110.10,100.54,105.74,110.74,109.15,103.58,103.46,107.48,103.25,105.78,103.91,102.86,108.39,99.88,102.71,101.09,98.17,81.96,99.99,99.74,106.16,106.59,104.92,104.70,101.98,111.66,111.60,106.21,99.70,97.45,103.45,109.54,106.06,124.44,114.80,113.55,121.18,100.95,120.42,105.91,102.74,106.64,98.99,102.74,106.64,106.64,109.18,115.52,122.53,122.53,122.53,145.86,132.52,122.53,122.53,122.53,122.53,143.32,122.53,122.53,121.70,140.27,140.27,136.61,130.21,122.53,132.52,143.32,143.32,150.36,157.74,157.74,145.86,163.72,157.74,183.04,141.78,130.21,126.31,148.75,151.70,146.16,122.53,113.75,121.70,113.75,136.61,136.61,136.61,108.43,121.70,136.61,136.61,130.21,130.21,140.27,136.61,136.61,136.61,143.32,143.32,143.32,133.95,133.95,143.32,148.75,148.75,157.74,161.97,176.36,163.72,157.74
Producto,0.00080172,01171082,HABA TIERNA,103.68,100.36,113.19,113.78,103.10,106.13,93.00,92.34,94.60,95.55,97.42,107.05,114.76,151.46,142.64,144.47,161.26,151.42,135.38,114.58,94.68,92.04,88.59,88.84,125.27,133.88,135.54,140.59,142.96,121.84,102.29,85.28,92.95,108.44,117.53,107.17,104.85,110.20,109.44,104.65,98.57,104.30,108.07,100.04,105.56,106.63,109.57,112.62,111.66,105.05,109.55,108.88,110.49,113.87,108.09,106.56,110.53,103.11,103.86,103.91,107.43,104.44,114.27,178.49,109.52,120.54,120.54,125.11,120.54,120.54,102.36,95.67,109.52,147.31,135.50,135.50,107.54,107.54,107.54,107.54,95.81,85.36,85.36,85.36,107.54,107.54,95.81,107.54,118.37,118.37,118.37,132.86,118.37,126.64,126.64,118.37,118.37,118.37,126.64,149.13,118.37,118.37,135.50,126.64,126.64,118.37,118.37,118.37,118.37,135.50,135.50,126.64,118.37,118.37,118.37,118.37,118.37,118.37,105.45,107.54,152.09,132.86,118.37,142.15,144.97,118.37,112.82,105.45,118.37,118.37,118.37,118.37,118.37,118.37,149.13,132.86,118.37,118.37
Producto,0.000633071,01171083,OTROS PRODUCTOS DE HUERTA FRESCOS,109.57,118.52,118.47,110.58,111.89,106.72,113.26,120.63,120.63,124.84,122.17,127.81,122.63,120.47,119.01,113.99,110.12,105.26,109.94,103.94,104.40,104.40,103.63,118.66,123.66,124.50,125.70,121.42,118.56,123.00,125.07,128.27,121.55,120.92,123.51,119.73,121.02,120.85,122.31,110.96,109.60,122.82,125.39,125.30,118.61,123.59,130.59,125.73,129.32,139.54,144.54,135.26,133.63,129.08,141.10,138.58,149.91,137.34,129.72,127.39,125.39,129.35,141.55,145.64,136.94,133.51,132.22,134.66,133.14,131.93,130.86,126.31,127.08,127.48,129.35,129.76,125.15,129.28,129.02,128.27,140.06,134.23,136.16,133.57,140.28,153.90,156.88,158.60,150.44,154.20,157.29,158.13,158.28,159.96,152.72,153.65,159.12,168.68,158.14,161.64,160.12,155.41,150.31,153.61,160.61,162.61,161.13,160.48,167.51,173.40,175.63,176.35,165.20,175.34,183.44,182.71,183.90,186.05,194.35,188.35,184.22,176.20,177.52,168.93,163.49,178.13,188.01,183.12,179.88,179.27,181.17,176.48,181.54,182.78,180.40,180.88,182.78,175.71
Subclase,0.006186635,01172,Papas y tubérculos,112.58,116.18,101.10,97.29,93.55,89.76,90.87,93.28,98.81,98.56,99.48,107.93,111.92,113.83,113.55,111.88,106.70,103.48,103.21,104.01,102.83,103.23,110.01,112.68,118.31,118.93,115.64,100.39,93.70,95.38,98.15,95.88,99.19,104.80,104.38,105.36,103.65,104.76,104.00,99.59,96.08,94.22,96.94,93.24,97.98,98.05,103.98,108.79,104.28,98.36,100.65,94.95,100.94,101.04,101.49,103.39,123.89,128.30,118.96,111.44,110.96,104.72,107.79,124.30,122.67,135.76,132.34,124.40,124.74,123.50,122.97,130.70,133.86,126.08,133.05,144.73,145.22,128.94,129.46,126.23,137.23,140.69,143.89,157.15,158.99,155.15,159.39,157.25,153.67,155.10,159.98,157.23,153.25,154.24,149.79,152.00,151.28,150.21,125.10,113.55,112.14,119.19,119.34,121.70,126.36,144.44,169.93,175.37,168.37,169.37,169.09,163.20,161.29,157.99,156.32,163.40,163.84,169.87,172.96,172.96,181.01,175.15,176.03,159.00,152.76,131.87,138.31,135.64,145.99,148.88,144.42,147.77,157.27,163.22,161.43,148.87,137.47,132.42
Producto,0.004636972,01172084,PAPA ,100.60,93.77,79.63,76.82,74.93,74.45,76.52,80.28,86.98,86.48,88.31,91.20,91.21,89.91,92.14,86.55,89.74,86.43,90.51,96.46,98.07,99.85,96.42,99.01,98.97,97.44,93.61,84.14,81.56,83.29,86.26,81.88,85.74,93.31,90.68,86.04,87.58,86.34,87.21,83.79,81.77,82.55,86.50,83.54,89.72,89.45,98.93,106.65,100.22,94.44,95.61,85.72,93.65,93.06,93.14,96.16,125.04,128.39,120.88,108.34,106.32,97.30,101.59,113.59,114.33,129.38,128.25,119.22,122.90,118.82,125.89,133.37,141.78,121.98,139.64,153.55,153.55,136.80,136.80,131.80,139.64,139.64,145.81,162.68,165.73,156.43,161.81,161.81,152.72,152.72,156.43,153.55,153.55,153.55,153.55,153.55,153.55,153.55,115.38,97.02,102.79,108.90,108.90,115.38,115.38,145.37,178.81,183.15,179.42,181.00,184.40,174.05,174.05,170.85,164.28,174.05,174.05,181.00,186.40,186.40,186.40,169.18,177.25,150.72,145.22,128.24,130.65,129.95,141.02,148.60,139.03,131.94,133.96,133.96,140.54,138.42,128.07,127.37
Producto,0.001253859,01172085,YUCA Y CAMOTE,113.07,122.50,121.87,137.08,137.52,128.75,131.52,131.47,132.84,136.02,130.56,129.13,125.69,131.28,125.35,129.92,130.86,129.02,126.02,122.75,121.87,112.24,105.13,104.56,121.88,121.56,118.40,119.37,117.05,126.34,130.81,135.68,137.70,136.89,136.32,144.09,157.50,151.76,154.39,145.45,134.88,126.10,122.34,120.24,119.18,122.79,117.68,112.22,111.14,106.66,118.78,114.90,115.85,118.61,129.36,124.08,132.27,142.76,129.25,126.42,128.95,126.66,116.37,130.26,138.46,148.79,139.38,131.50,131.50,127.99,120.80,135.69,121.04,120.21,114.57,114.82,117.57,113.11,116.08,117.11,126.14,145.81,140.04,149.96,148.55,162.82,178.24,153.90,155.07,147.87,161.22,156.78,149.52,155.15,129.88,142.43,152.00,145.96,137.68,127.87,126.56,142.88,143.77,132.06,158.53,144.89,146.28,145.00,148.72,148.28,133.52,140.17,152.43,146.12,162.08,164.40,166.88,174.19,174.04,174.04,184.39,180.71,171.59,177.81,163.70,162.97,159.32,154.72,166.35,157.57,169.37,169.60,170.69,175.10,182.07,167.96,160.37,165.68
Producto,0.000295803,01172086,MELLOCO,169.91,216.74,179.05,146.67,128.83,115.18,109.63,108.56,113.57,110.27,114.81,162.43,194.89,207.80,202.39,211.92,158.66,154.10,136.23,117.14,102.10,108.35,181.79,188.88,207.36,219.57,218.73,155.31,123.32,115.26,114.95,113.94,116.23,120.38,130.85,150.53,114.27,135.23,122.40,118.85,116.91,110.95,115.81,106.50,111.48,108.83,111.30,114.88,115.37,106.97,102.41,114.75,117.63,117.75,107.11,112.58,107.86,109.82,96.85,107.79,110.97,113.26,127.08,168.66,143.34,150.38,143.34,140.55,125.22,140.55,111.55,111.55,111.55,153.21,124.18,139.39,139.39,110.64,110.64,110.64,139.39,139.39,139.39,139.39,139.39,139.39,124.18,139.39,156.46,175.62,175.62,175.62,156.46,156.46,156.46,156.46,139.39,139.39,156.46,175.62,139.39,139.39,139.39,139.39,139.39,139.39,156.46,175.62,139.39,139.39,139.39,139.39,110.64,110.64,110.64,110.64,110.64,110.64,106.60,106.60,150.75,197.13,175.62,175.62,175.62,110.64,149.14,139.39,144.67,139.39,139.39,197.13,253.29,289.95,236.74,175.62,154.39,115.41
Subclase,0.001859192,01173,Leguminosas secos y vegetales en conserva,104.91,104.24,105.58,109.02,107.99,109.65,107.25,105.46,111.98,112.41,116.43,121.78,133.02,138.81,134.85,132.44,129.64,129.09,128.61,130.60,137.24,129.70,130.37,138.89,146.30,133.93,123.92,132.04,122.43,123.82,121.43,122.60,114.97,115.90,113.70,115.02,114.09,112.90,114.72,113.96,112.74,107.62,105.42,106.47,109.50,101.12,104.88,105.71,103.85,87.14,91.31,102.29,99.39,100.07,95.51,99.25,101.71,98.83,99.70,101.99,99.76,98.95,100.59,90.29,96.99,106.53,103.24,98.61,101.61,102.44,104.58,102.52,97.75,96.40,98.21,102.23,103.43,104.21,105.26,110.23,114.07,133.83,134.29,134.15,125.64,129.18,133.45,133.31,129.31,129.46,133.61,125.40,125.47,125.65,125.91,125.97,126.02,126.92,127.10,127.57,127.72,127.67,127.96,128.12,130.60,132.74,131.36,129.52,137.20,142.13,151.69,145.81,145.60,145.47,145.47,144.66,143.77,144.05,142.99,140.37,138.40,141.55,141.54,132.47,127.27,127.09,127.34,127.24,127.24,127.81,127.85,123.83,123.84,122.15,120.20,114.89,115.19,117.13
Producto,0.00052416,01173087,FRÉJOL SECO,73.23,67.16,65.45,66.65,65.31,70.86,82.20,81.27,82.64,91.70,97.42,96.11,100.35,130.02,122.17,134.01,136.27,152.44,154.74,154.28,133.54,127.70,116.71,109.71,109.54,105.24,100.04,99.40,100.51,102.22,98.71,96.33,96.30,95.80,93.73,97.14,92.39,91.17,94.33,91.81,89.16,88.61,82.15,83.61,83.67,85.12,84.43,82.17,80.25,85.57,89.40,93.22,87.69,89.87,87.22,83.79,83.70,83.46,83.41,85.76,92.21,91.15,89.99,90.45,90.36,108.38,89.93,100.54,99.74,90.43,92.78,91.72,83.90,79.98,81.02,81.02,81.02,81.02,82.32,81.02,82.32,83.64,83.64,82.32,80.47,75.22,75.22,75.22,75.22,79.93,79.93,79.93,79.93,81.02,81.02,81.02,82.57,86.10,86.10,90.64,90.64,90.64,95.42,96.32,103.05,107.46,110.26,110.26,110.26,115.51,114.96,112.55,110.20,109.20,109.20,109.20,109.20,102.76,93.36,93.97,93.97,88.43,88.43,91.16,88.43,85.78,88.43,87.23,87.23,93.97,93.97,93.97,93.97,93.97,93.97,93.97,96.87,99.86
Producto,0.001077902,01173088,LENTEJA,109.20,109.16,111.14,115.06,113.82,115.16,110.75,108.65,116.55,115.91,120.52,126.85,140.21,143.64,139.87,135.04,131.12,128.50,127.83,130.34,141.25,132.67,134.93,146.38,155.62,140.89,129.32,139.65,127.74,128.94,126.36,128.35,120.06,121.29,117.52,118.71,118.18,116.86,118.70,118.09,116.90,110.37,109.04,110.50,113.42,103.04,108.94,110.25,107.06,85.81,90.78,103.43,100.99,101.41,96.08,100.89,103.96,100.39,101.91,104.38,100.67,99.77,101.94,89.02,97.50,106.58,104.92,97.81,101.94,104.23,106.58,104.16,99.28,98.12,100.22,105.14,106.36,107.59,108.75,114.93,119.29,143.67,143.67,143.67,133.37,138.42,143.67,143.67,138.42,138.42,143.67,133.37,133.37,133.37,133.37,133.37,133.37,133.37,133.37,133.37,133.37,133.37,133.37,133.37,135.50,137.67,135.50,133.37,142.89,148.30,160.12,153.09,153.09,153.09,153.09,152.05,151.02,152.05,152.05,148.64,146.30,151.02,151.02,139.88,133.37,133.37,133.37,133.37,133.37,133.37,133.37,128.77,128.77,126.52,124.32,117.45,117.45,119.54
Producto,0.000113007,01173089,ARVEJA SECA,101.80,101.80,99.80,103.14,105.80,105.80,105.80,105.80,105.80,105.80,99.09,107.55,107.55,105.80,103.63,106.35,106.35,100.92,100.92,100.92,100.92,100.92,100.92,100.92,100.92,100.92,98.84,98.84,98.84,99.87,100.92,96.80,76.87,76.87,100.92,100.92,100.92,100.92,100.92,100.92,103.75,108.45,98.39,89.39,103.30,103.30,82.32,82.32,103.30,103.30,97.73,103.30,97.77,97.99,98.56,103.30,103.30,103.30,97.52,97.52,97.52,97.52,97.52,99.39,97.50,103.30,103.01,103.01,97.25,97.52,97.52,97.52,97.52,97.52,97.52,98.58,98.58,98.58,96.71,99.50,104.34,102.26,112.63,112.63,112.63,112.63,113.51,110.33,115.70,105.28,105.28,105.28,106.58,106.58,109.72,111.01,111.01,119.27,119.27,119.27,119.27,119.27,114.63,116.14,116.14,114.47,116.48,113.76,113.76,113.76,114.21,114.21,114.21,114.21,114.21,114.21,114.21,114.21,114.21,114.21,114.21,114.21,114.03,115.94,115.94,115.94,115.48,115.70,115.70,112.68,113.22,110.43,113.22,112.90,111.87,113.88,113.88,111.82
Producto,0.000144122,01173090,MOTE,104.64,104.64,104.64,104.64,104.64,104.64,103.99,103.99,103.99,103.99,103.99,103.99,103.99,103.99,103.99,106.89,109.81,112.67,108.60,108.60,108.60,108.60,108.60,108.60,107.99,107.38,106.66,103.09,100.66,105.17,105.43,105.43,104.19,103.88,103.88,103.88,103.88,103.88,103.88,103.88,101.42,101.42,101.42,104.12,105.19,101.71,101.71,101.71,101.71,99.07,99.07,101.75,99.51,101.75,101.75,101.75,101.75,102.35,100.10,101.26,103.38,104.11,104.11,104.36,102.94,104.36,104.36,104.36,104.36,102.94,102.94,103.09,102.94,102.94,102.94,102.94,107.86,102.94,104.18,104.18,103.41,104.18,104.18,104.18,104.18,104.18,104.18,104.18,104.18,106.82,104.88,107.42,107.72,109.21,111.89,111.89,109.41,113.10,117.23,117.23,120.64,119.43,119.43,119.43,120.55,120.55,120.37,120.37,120.37,120.37,121.65,122.87,123.70,123.18,123.00,123.70,122.38,125.18,123.37,125.18,123.37,121.36,121.36,111.15,119.07,121.21,121.21,121.36,121.36,121.36,121.87,117.71,115.13,118.06,115.27,118.64,118.64,119.34
Clase,0.008889887,0118,"Azúcar, mermelada, miel, chocolate y dulces de azúcar (ND)",98.42,99.09,99.13,99.68,99.36,99.64,99.76,98.86,99.80,99.76,97.38,97.28,96.73,96.72,94.60,97.41,98.09,98.10,98.07,97.89,100.01,100.04,99.06,99.18,99.23,98.19,97.94,98.76,99.25,96.72,98.36,97.07,99.61,98.34,96.68,96.47,94.72,98.22,97.89,97.59,97.27,97.51,97.30,95.96,95.86,97.13,97.81,98.44,98.99,99.33,97.28,100.23,97.06,97.21,99.55,100.26,98.95,101.00,98.25,97.06,98.21,99.34,99.55,100.18,100.48,99.05,104.00,101.90,99.00,100.13,100.45,97.92,97.27,97.75,98.68,99.56,99.53,99.32,98.21,97.11,99.96,97.47,97.47,96.51,98.12,96.52,100.07,101.04,102.56,103.15,102.54,103.92,102.80,100.12,103.97,106.89,105.52,107.42,106.11,106.91,108.08,110.44,109.77,112.21,111.06,111.32,112.54,113.90,112.13,113.61,112.69,115.04,115.65,111.74,116.63,113.86,113.68,114.41,112.27,115.06,115.29,115.90,116.06,115.60,112.53,111.48,111.78,111.96,112.03,113.12,112.58,110.99,110.47,109.77,109.59,111.01,111.14,114.61
Subclase,0.004630781,01181,Azúcar y sucedáneos del azúcar,98.93,99.05,98.55,98.71,98.47,98.36,98.29,98.43,98.38,98.06,91.87,92.49,94.32,92.84,91.92,92.11,91.52,90.81,90.77,91.34,91.45,91.07,88.98,89.28,89.37,88.03,88.60,87.93,89.21,88.34,91.16,90.72,91.05,92.61,91.83,91.74,91.27,89.42,89.50,88.54,89.64,88.27,86.56,87.68,87.26,88.34,90.29,88.25,89.55,90.07,90.52,92.46,89.53,90.72,90.75,92.41,92.40,93.77,92.01,91.31,94.11,91.55,91.99,93.76,93.84,94.16,94.46,94.17,94.17,93.98,94.50,94.53,94.02,92.10,92.11,92.16,92.06,92.06,92.06,92.04,92.12,92.11,92.11,92.11,92.95,92.11,92.44,92.44,92.44,93.95,95.81,97.28,97.28,97.19,97.24,97.31,97.30,97.30,97.53,100.75,99.26,104.68,110.40,111.37,111.42,111.73,111.73,108.82,108.81,107.58,108.27,108.32,109.37,109.32,107.88,106.47,105.08,105.17,105.06,105.17,105.17,103.20,104.82,102.61,103.30,101.09,98.76,98.80,97.85,99.18,98.96,96.59,97.05,94.69,97.86,97.78,96.00,98.07
Producto,0.004297457,01181091,AZÚCAR,98.35,98.48,97.92,98.11,97.83,97.71,97.63,97.79,97.73,97.70,90.34,90.86,92.93,91.22,90.25,90.40,89.64,88.84,88.79,89.45,89.56,89.13,86.76,87.11,87.63,86.14,86.78,86.03,87.37,86.40,89.15,88.36,88.72,90.49,89.61,89.60,88.97,87.17,87.26,86.10,87.10,85.58,83.66,85.13,84.73,85.78,88.01,85.99,87.17,88.12,88.63,90.73,87.51,88.85,88.88,90.67,90.93,92.48,89.57,88.78,91.98,89.39,89.96,91.65,91.64,92.04,92.04,91.60,91.60,91.77,92.34,92.34,91.77,89.60,89.67,89.67,89.67,89.67,89.67,89.67,89.77,89.75,89.75,89.75,90.70,89.75,89.94,89.94,89.94,91.44,93.40,95.17,95.17,94.78,94.78,94.78,94.78,94.78,94.78,98.67,96.99,103.64,109.38,110.54,110.54,110.54,110.54,107.23,107.23,105.79,106.58,106.58,107.70,107.70,106.08,104.48,102.89,102.89,102.89,102.89,102.89,100.66,102.51,100.03,100.75,98.27,95.53,95.53,94.28,95.78,95.53,93.09,93.44,90.78,94.35,94.26,92.17,94.33
Producto,0.000333324,01181092,SUSTITUTO DEL AZÚCAR,103.45,103.45,103.45,103.45,103.45,103.45,103.45,103.45,103.45,100.85,103.79,105.22,105.22,105.46,104.93,105.46,106.23,106.23,106.23,106.01,106.23,106.23,106.23,106.23,102.97,102.77,102.77,102.77,103.49,103.49,106.82,109.17,109.17,109.17,109.17,108.42,109.17,106.96,106.96,107.55,109.43,109.23,109.23,107.61,106.96,108.28,108.09,105.90,108.09,105.26,105.26,105.92,105.26,105.26,105.26,105.99,103.84,103.84,111.06,111.06,110.74,108.45,107.87,110.23,111.01,110.73,113.40,114.18,114.23,111.24,111.31,111.60,111.60,111.60,111.13,111.56,110.75,110.75,110.68,110.51,110.51,110.51,110.51,110.51,110.51,110.51,111.98,111.98,111.98,113.51,114.63,113.72,113.72,116.00,116.41,117.04,116.95,116.95,119.00,116.95,116.95,112.79,118.35,117.86,118.28,121.07,121.07,121.26,121.16,121.51,121.51,121.89,122.40,121.95,121.95,122.00,122.18,122.99,122.01,122.99,122.99,122.99,122.76,122.76,123.13,123.13,123.98,124.32,125.71,125.71,125.71,123.97,125.20,125.20,125.20,125.20,125.88,127.31
Subclase,0.004259106,01182,"Chocolates, dulces de azúcar y helados",98.10,99.11,99.49,100.28,99.91,100.44,100.67,99.12,100.68,100.82,100.82,100.28,98.23,99.14,96.27,100.72,102.18,102.65,102.63,101.99,105.35,105.64,105.36,105.36,105.39,104.53,103.78,105.52,105.53,101.95,102.85,101.03,104.96,101.92,99.71,99.42,96.88,103.72,103.13,103.24,102.03,103.29,104.00,101.13,101.24,102.62,102.51,104.80,104.89,105.11,101.51,105.08,101.76,101.27,105.04,105.17,103.05,105.51,102.15,100.65,100.77,104.21,104.27,104.18,104.63,102.10,109.96,106.74,102.01,103.98,104.16,100.03,99.30,101.28,102.79,104.19,104.19,103.85,102.06,100.28,104.85,100.82,100.82,99.25,101.36,99.28,104.83,106.41,108.88,108.90,106.75,108.07,106.25,101.95,108.17,112.86,110.65,113.74,111.47,110.75,113.59,114.04,109.37,112.73,110.84,111.07,113.05,117.07,114.20,117.38,115.44,119.25,119.57,113.25,122.09,118.47,119.06,120.18,116.77,121.24,121.61,123.84,123.08,123.71,118.29,117.97,119.91,120.17,120.89,121.83,121.09,119.98,118.85,119.18,116.91,119.27,120.59,124.94
Producto,0.000477936,01182093,CARAMELOS,107.16,107.16,107.16,109.68,108.11,113.86,113.86,115.35,113.24,114.77,114.77,108.86,106.32,106.32,104.92,104.92,104.92,106.98,107.94,106.08,107.94,107.94,104.93,104.93,104.93,104.93,104.93,104.81,104.91,99.13,105.87,105.87,98.94,110.59,110.59,110.59,101.61,110.59,110.59,95.86,99.34,95.34,92.45,99.64,101.40,102.97,103.16,103.16,103.16,104.69,104.69,106.34,103.76,103.76,103.76,105.11,101.25,101.25,101.25,101.79,101.79,101.79,99.04,99.32,100.28,100.54,101.19,102.28,102.28,99.72,99.72,98.73,98.01,100.01,100.01,100.01,100.01,100.28,101.61,102.37,100.87,100.87,100.87,100.16,100.78,98.74,102.28,100.75,102.80,101.36,99.78,101.97,98.38,98.30,104.78,104.44,104.44,100.27,105.04,103.21,103.21,91.97,93.36,93.94,93.94,93.15,93.94,94.19,94.19,93.18,93.18,94.85,92.32,90.07,90.94,93.08,94.90,93.20,93.61,93.67,92.54,92.79,92.05,92.05,92.05,86.59,92.84,90.95,90.08,90.14,93.06,94.44,93.20,90.21,92.13,91.21,93.58,97.71
Producto,0.000942338,01182094,CHOCOLATES,97.72,102.04,103.66,106.07,105.07,105.07,106.07,106.07,106.07,106.07,106.07,106.07,98.27,102.19,105.76,108.24,114.50,114.41,115.13,113.10,117.15,115.38,115.38,115.38,115.38,111.80,116.31,116.31,116.31,114.97,114.97,115.70,115.70,115.70,113.45,113.45,106.32,114.07,111.53,117.83,113.79,119.69,123.90,124.30,124.11,121.89,121.35,124.16,124.53,124.85,124.94,124.29,110.85,124.94,124.94,124.94,124.94,124.94,124.94,124.94,124.23,123.58,124.94,124.45,124.45,124.83,124.83,124.38,124.38,121.60,122.39,122.39,122.39,117.44,122.39,122.39,122.39,120.85,122.01,122.01,124.90,124.90,124.90,124.90,124.90,112.49,121.43,121.43,120.74,121.43,124.05,120.33,123.78,119.84,123.87,134.03,132.53,137.88,133.38,134.67,135.22,139.17,127.39,132.75,131.29,135.13,132.95,134.27,135.63,135.29,132.20,132.64,135.04,130.53,146.31,145.50,147.54,145.20,147.26,156.94,160.79,157.21,155.42,158.14,151.79,151.25,159.92,159.92,160.53,157.55,160.21,157.72,160.05,150.07,148.36,149.71,148.55,167.66
Producto,0.000770055,01182095,CHICLE,98.46,98.46,98.46,98.46,98.46,98.46,98.46,97.14,97.14,97.14,97.14,97.14,97.14,97.14,97.14,97.14,97.14,97.14,97.14,97.14,97.14,97.14,97.14,97.14,97.14,97.14,97.14,97.14,97.14,97.14,97.14,97.14,97.14,97.14,97.14,97.42,97.42,97.42,97.42,97.42,97.42,97.42,97.42,97.42,97.42,97.42,97.42,97.42,97.42,97.42,97.42,97.42,97.42,97.42,97.42,97.42,97.42,97.42,97.42,97.42,97.42,97.42,97.42,97.42,97.42,97.42,97.42,97.42,97.42,97.42,97.42,97.42,97.42,97.42,97.42,97.42,97.42,97.42,97.42,97.42,97.42,97.42,97.42,97.42,97.42,97.42,97.42,97.42,97.42,97.42,97.42,97.42,97.42,97.42,97.42,97.42,97.42,105.34,100.00,100.00,100.00,102.63,102.63,102.63,100.00,102.63,102.63,104.04,104.04,104.04,104.04,106.55,106.55,106.55,106.55,106.55,106.55,106.55,106.55,109.37,109.37,109.37,108.12,108.12,108.12,106.55,106.55,108.12,108.12,108.12,108.12,108.12,108.12,108.12,108.12,108.12,108.12,108.12
Producto,0.002068777,01182096,HELADOS,96.30,96.30,96.30,96.30,96.30,96.30,96.30,93.24,97.08,97.08,97.08,97.08,97.08,97.08,89.25,97.75,97.75,98.39,97.80,97.80,102.74,104.27,104.27,104.27,104.32,104.27,100.32,104.16,104.16,98.18,98.78,94.42,104.44,95.40,91.72,90.94,90.84,100.06,100.06,100.06,98.78,99.33,99.33,91.38,91.35,95.19,95.19,98.78,98.78,98.78,90.84,98.68,98.78,90.50,98.78,98.78,94.92,100.31,92.95,89.55,90.17,98.05,98.05,98.05,98.83,93.04,110.14,103.09,92.72,98.97,98.97,90.13,88.67,95.12,95.91,98.97,98.97,98.97,94.17,90.13,98.97,90.13,90.13,86.83,91.32,93.53,100.42,104.20,109.53,109.53,103.78,108.14,103.11,95.71,105.98,111.15,107.06,108.16,107.06,105.21,111.15,111.15,106.65,111.15,109.02,106.45,111.74,119.16,112.17,119.53,116.85,123.42,123.42,112.33,123.48,115.51,115.39,119.39,110.79,114.27,113.34,120.01,120.01,120.01,111.36,112.81,111.36,111.57,113.00,116.57,113.00,111.57,108.15,114.58,110.08,114.74,117.75,116.68
Clase,0.00425815,0119,Productos alimenticios n.e.p. (ND),106.20,101.07,100.93,100.87,101.70,102.58,102.47,102.39,104.08,105.97,104.63,106.17,106.59,110.32,110.70,106.71,106.51,110.98,109.67,110.52,111.40,110.68,102.31,105.61,107.36,108.45,111.07,113.57,111.84,112.33,109.06,109.14,109.80,109.22,109.50,108.36,111.17,112.91,112.90,109.69,106.08,108.22,107.54,107.65,106.60,104.97,107.53,115.01,115.91,107.34,109.57,107.37,108.59,110.39,110.26,115.09,109.93,114.93,114.27,120.21,128.14,118.48,120.67,131.64,125.00,124.10,120.84,119.97,120.23,119.33,115.44,114.42,113.74,113.18,117.33,118.78,105.15,110.51,120.10,112.09,108.95,107.82,108.30,110.79,138.47,118.45,114.83,119.13,127.43,131.98,129.60,130.79,129.49,134.58,132.95,128.84,127.94,141.66,130.20,141.82,143.62,145.73,155.00,144.18,137.69,130.05,139.41,129.23,123.60,130.25,141.48,143.37,139.47,137.35,136.28,145.06,142.88,137.16,130.65,131.03,134.12,128.62,149.47,144.71,154.04,144.45,141.84,142.91,131.46,133.32,124.28,125.29,129.31,137.19,134.26,129.94,127.93,125.62
Subclase,0.001213178,01191,Condimentos naturales,129.00,110.49,106.68,105.02,106.53,102.12,103.55,101.76,107.05,115.42,109.50,111.12,109.79,120.46,116.99,97.37,97.70,103.25,103.80,102.38,111.93,112.61,94.54,100.23,96.59,104.62,110.85,119.40,110.76,127.82,112.09,110.94,113.14,114.91,111.12,107.52,126.64,131.89,131.74,127.64,106.99,110.98,106.13,102.75,98.12,91.92,107.06,140.60,144.40,105.65,123.52,116.07,112.64,121.73,115.58,135.59,112.80,116.47,118.04,146.40,181.69,140.79,145.62,192.17,164.97,155.84,141.58,141.48,141.14,140.74,128.03,116.90,116.57,112.67,136.12,149.22,91.97,109.94,157.20,116.68,97.98,100.46,97.54,102.77,229.69,140.43,117.95,133.88,174.89,190.38,166.59,169.68,163.85,180.51,169.17,151.51,151.42,207.17,152.26,203.38,210.96,212.02,259.48,204.69,169.56,150.98,180.11,139.78,121.36,150.05,197.30,188.08,184.04,180.63,162.91,197.01,181.69,159.35,135.69,135.69,136.59,131.86,218.91,209.73,236.34,198.21,198.23,183.42,141.85,140.51,106.46,106.46,117.56,151.47,150.60,137.30,127.49,125.46
Producto,0.000331647,01191097,SAL,101.61,102.19,105.01,103.12,103.12,104.40,104.40,104.40,105.01,105.01,105.01,107.89,105.01,105.82,107.56,108.78,108.78,109.08,110.54,109.93,111.72,109.93,110.21,103.18,103.18,104.58,108.28,108.74,107.71,110.44,109.02,110.44,110.44,111.35,108.05,105.57,111.63,112.06,111.59,110.87,110.87,112.76,112.76,112.76,112.76,110.98,113.18,112.41,113.55,111.55,114.81,115.71,114.76,114.76,115.71,115.71,111.90,110.78,112.05,112.53,112.53,113.46,113.72,114.84,116.78,116.78,116.78,116.31,114.75,112.86,112.86,113.72,112.20,112.81,115.76,115.76,113.74,116.94,118.37,116.31,115.37,115.37,116.94,115.37,115.83,117.40,116.80,115.24,115.66,115.66,113.69,116.23,115.21,114.76,117.25,117.61,117.15,113.77,113.36,114.29,117.36,117.36,113.36,117.36,119.27,118.33,112.80,116.06,119.69,120.16,118.73,119.88,119.38,117.68,122.44,118.26,118.26,118.26,118.26,118.26,122.44,122.44,122.44,122.44,122.44,121.21,117.82,117.32,117.32,117.32,117.32,117.32,122.68,122.20,122.20,123.39,120.44,120.44
Producto,0.000881531,01191098,CULANTRO,136.52,112.76,107.14,105.54,107.47,101.50,103.32,101.04,107.61,118.28,110.73,112.01,111.10,124.48,119.58,94.24,94.66,101.65,101.94,100.31,111.99,113.35,90.23,99.43,94.78,104.63,111.56,122.32,111.60,132.60,112.94,111.08,113.88,115.89,111.96,108.05,130.76,137.33,137.27,132.25,105.92,110.49,104.31,100.01,94.11,86.69,105.38,148.33,152.87,104.03,125.91,116.17,112.05,123.65,115.55,141.05,113.05,118.04,119.68,155.70,200.68,148.30,154.38,213.40,178.21,166.56,148.39,148.39,148.39,148.39,132.20,117.78,117.78,112.63,141.70,158.41,85.99,108.02,167.86,116.78,93.21,96.37,92.21,99.31,260.96,146.75,118.27,139.00,191.16,210.89,181.11,184.35,177.20,198.57,183.43,160.82,160.82,232.81,162.94,227.84,236.66,238.01,299.60,228.66,183.37,159.94,198.59,146.29,121.82,158.25,218.87,206.81,201.80,197.91,174.02,218.63,199.11,170.64,140.48,140.48,140.48,134.45,245.40,233.70,267.61,219.35,220.30,201.57,148.58,146.88,103.48,103.48,116.16,159.51,158.40,141.12,129.43,126.84
Subclase,0.001554416,01192,Condimentos y aderezos procesados,99.10,96.91,97.41,97.70,99.32,102.85,102.28,103.47,104.48,104.43,104.96,103.03,100.63,105.46,103.56,105.83,104.83,109.03,108.07,107.54,108.12,105.25,96.83,97.82,106.96,107.41,107.00,108.33,110.15,105.74,105.36,106.63,108.81,107.38,108.42,107.45,104.52,106.47,103.35,108.87,108.07,107.55,104.26,106.89,106.35,106.12,106.67,106.53,106.28,104.84,104.75,101.22,104.60,105.09,104.18,104.78,107.71,109.08,108.10,106.73,105.07,106.04,107.13,105.71,105.71,108.04,106.30,106.97,108.46,107.13,108.32,108.46,109.14,107.17,106.50,105.51,104.75,106.22,103.40,103.79,106.08,106.04,104.11,108.29,107.93,108.60,109.71,110.60,109.20,111.47,114.45,114.48,114.48,116.49,118.22,116.79,116.68,119.03,119.10,115.59,113.77,117.53,114.78,118.65,119.26,114.43,118.61,114.52,113.92,113.08,117.22,120.62,116.48,115.62,113.97,119.34,120.38,118.50,123.78,121.13,123.54,119.35,124.17,122.93,122.41,119.80,123.23,124.18,124.16,122.05,122.16,120.83,122.93,123.12,121.92,115.37,116.87,111.27
Producto,0.000246778,01192099,MAYONESA,98.06,94.89,98.87,98.87,94.54,100.32,101.73,104.22,104.22,104.22,104.22,103.01,95.29,95.29,91.50,95.29,94.52,96.56,96.56,96.56,96.34,95.49,95.49,95.49,95.49,95.49,96.78,96.78,96.78,95.13,95.13,95.13,95.13,95.13,95.13,95.13,95.13,95.13,82.88,92.54,92.54,89.61,89.61,92.54,92.54,92.54,92.54,92.54,92.54,92.99,92.99,91.88,91.99,91.21,91.82,92.15,93.44,93.44,93.10,92.61,92.61,92.61,92.61,92.61,92.61,92.61,87.29,90.61,91.25,84.91,89.79,89.79,90.01,86.70,84.70,83.14,81.68,85.98,86.14,84.07,89.08,91.08,78.19,91.39,92.50,89.96,92.50,88.20,89.49,89.41,91.60,95.14,94.01,99.30,101.79,101.79,103.83,102.32,103.26,100.53,96.03,106.36,104.32,105.85,106.04,106.05,106.05,104.08,102.81,103.18,104.91,111.13,106.56,106.34,104.59,110.24,109.58,108.42,111.72,108.38,112.51,106.82,99.28,102.59,101.03,110.70,110.32,110.71,108.20,109.62,103.05,103.85,104.98,103.69,109.10,94.57,99.39,90.19
Producto,0.000326666,01192100,SALSA DE TOMATE,100.86,97.27,93.81,95.38,96.99,104.19,105.42,105.42,105.42,105.42,105.42,101.46,99.18,102.78,102.78,105.32,104.24,106.46,104.04,102.78,105.55,105.03,104.77,104.55,104.55,105.41,104.99,104.97,104.52,104.95,104.12,103.99,104.87,104.87,105.29,104.66,103.93,102.59,103.67,104.20,104.58,103.92,104.13,103.69,102.49,102.59,104.35,103.65,103.71,102.59,104.24,103.05,101.25,103.38,103.27,104.96,107.91,108.80,105.90,105.61,108.80,108.38,108.38,108.80,108.80,108.80,106.90,106.90,107.50,106.28,107.62,107.62,107.62,107.01,105.43,107.62,104.52,104.52,97.53,101.42,105.80,105.00,105.43,107.40,107.40,110.07,110.66,110.62,109.87,106.54,110.66,107.31,110.55,117.56,116.19,114.70,109.61,118.99,121.79,116.92,120.67,116.54,113.47,113.27,112.30,108.82,106.07,104.79,105.62,100.85,113.64,113.90,111.65,107.29,106.77,106.26,109.62,105.69,122.37,120.21,113.93,115.21,122.69,117.07,120.50,114.32,117.03,128.29,129.04,113.04,120.38,118.71,122.15,122.22,120.96,112.08,115.19,116.17
Producto,0.000100739,01192101,MOSTAZA,104.52,104.52,104.52,104.52,105.55,105.55,108.51,110.81,110.81,110.81,111.41,107.00,106.56,107.66,104.21,107.66,107.66,109.85,111.85,111.00,111.00,111.00,111.00,111.00,103.43,109.44,99.14,109.44,109.44,107.83,107.83,107.83,107.83,107.83,107.83,107.83,107.83,107.83,107.83,107.83,93.31,103.12,103.89,102.40,102.00,100.59,100.59,103.34,103.34,103.34,103.34,101.48,101.48,101.48,102.25,102.25,102.25,106.63,106.63,107.13,106.51,106.51,106.63,106.63,106.72,106.72,101.57,96.77,96.77,100.86,101.14,99.84,99.07,99.47,94.75,86.60,90.71,94.90,94.90,85.98,86.71,86.71,86.24,86.24,86.24,85.24,86.44,85.54,83.07,86.77,83.81,83.52,90.90,94.47,97.46,89.77,95.58,98.18,98.87,100.58,101.22,100.92,94.19,98.87,100.95,103.80,97.22,99.15,99.39,102.23,99.74,98.66,97.26,95.07,87.31,95.45,96.68,97.49,99.15,100.33,96.07,93.49,96.92,98.50,94.83,94.11,95.73,97.66,95.67,90.80,100.04,83.96,99.72,96.65,101.24,92.80,85.80,97.80
Producto,0.000427693,01192102,ALIÑOS PREPARADOS,96.70,96.70,97.46,96.70,104.49,104.49,98.21,98.21,98.21,98.21,97.37,97.00,105.70,109.16,109.16,109.16,109.16,110.52,109.81,109.47,109.47,102.55,76.53,80.61,109.48,108.03,108.03,111.01,119.15,109.47,109.47,109.17,115.49,111.01,112.42,110.73,110.73,111.97,111.97,115.95,111.97,110.65,110.65,110.65,110.65,110.65,110.65,110.36,110.65,110.95,110.50,110.50,110.50,110.50,110.50,110.50,110.50,110.50,110.50,110.50,102.11,102.11,102.65,102.65,102.65,111.67,111.67,111.67,111.67,112.28,112.74,112.28,112.28,112.28,112.28,112.28,112.28,112.28,112.28,112.28,112.28,112.28,112.28,112.28,112.28,112.28,111.69,110.47,110.47,111.09,111.69,111.69,111.69,106.98,107.53,107.81,108.56,107.95,108.56,107.95,108.62,109.96,109.96,116.26,116.71,113.88,117.75,118.18,118.18,117.25,115.75,117.69,112.68,118.25,118.25,118.25,118.84,118.84,118.84,115.74,117.53,120.37,122.11,122.11,118.41,118.41,118.13,118.13,118.13,118.13,113.97,119.50,118.69,118.69,118.69,114.48,113.26,113.30
Producto,0.00045254,01192103,CONDIMENTOS PROCESADOS,99.16,96.72,99.89,99.92,100.11,100.11,101.33,104.62,111.33,110.98,115.71,115.12,100.73,118.94,113.30,116.23,112.97,130.05,129.08,129.08,127.55,122.75,112.06,112.06,125.98,127.42,127.42,127.42,126.45,116.02,115.18,124.36,126.15,124.36,128.00,125.72,107.88,121.42,116.79,131.01,137.07,138.01,115.53,130.01,129.03,127.85,127.85,127.85,125.61,117.18,114.00,95.44,121.33,121.33,114.39,114.39,125.76,131.39,131.39,123.44,120.51,127.82,134.00,123.78,123.78,123.78,125.94,127.19,134.86,135.45,132.42,134.64,139.09,132.05,135.56,129.91,131.90,133.65,129.04,130.04,128.50,126.89,132.66,136.53,132.51,135.64,138.55,153.34,144.65,164.12,172.19,174.08,166.44,164.23,172.67,168.68,171.86,170.53,162.60,153.88,139.49,155.19,148.79,160.05,164.20,143.21,172.27,149.33,145.48,149.64,151.81,161.57,154.65,149.55,145.14,170.21,169.75,166.80,162.06,158.83,179.97,154.21,177.78,175.57,175.10,156.34,173.96,155.90,158.71,177.18,176.33,166.21,167.00,171.17,156.11,162.88,163.91,134.10
Subclase,0.001490556,01193,Preparados alimenticios,99.74,99.11,100.27,100.77,100.83,102.63,102.07,102.07,102.49,102.49,102.20,105.68,108.50,108.42,111.88,111.51,111.53,115.64,113.28,115.96,113.02,112.88,109.01,112.53,112.55,110.81,113.49,113.87,113.30,108.94,109.77,109.74,108.82,107.65,109.37,109.27,107.84,107.84,109.66,101.88,104.53,107.33,110.06,110.34,110.66,110.33,108.24,108.06,108.26,109.53,105.88,106.86,108.99,108.19,111.27,111.51,109.87,117.54,116.05,115.82,116.60,115.28,116.89,118.51,117.56,118.61,119.57,117.47,117.30,116.42,113.68,116.66,115.06,116.83,114.84,112.32,111.45,113.22,112.51,114.70,115.63,112.22,115.64,115.91,113.84,113.93,116.30,117.19,115.95,116.75,121.18,122.15,122.20,123.71,124.65,125.26,123.54,124.37,126.37,128.39,129.59,131.25,129.77,130.84,133.50,129.31,132.49,132.75,130.14,130.91,129.57,135.72,132.02,129.78,136.72,135.78,137.80,137.56,132.24,134.52,139.01,132.41,131.88,127.16,134.14,133.73,126.47,134.92,130.84,136.42,133.69,136.51,138.35,138.62,133.76,134.84,134.42,133.87
Producto,0.000445471,01193104,GELATINA EN POLVO,98.06,98.06,98.06,98.06,98.06,98.96,97.11,97.11,98.06,98.06,98.06,104.02,104.38,103.07,103.90,102.83,104.05,106.97,108.05,113.46,112.86,110.55,100.99,107.35,107.35,104.50,107.41,111.28,111.94,104.42,109.27,109.69,104.31,105.47,110.53,106.27,108.79,108.79,111.80,100.15,109.21,111.91,111.70,112.54,112.54,113.22,112.26,107.00,112.89,111.42,106.17,109.04,108.69,107.23,112.99,107.23,102.55,111.46,107.06,107.33,109.63,111.36,110.17,114.18,114.13,117.85,119.38,118.52,116.68,113.79,104.89,108.18,105.01,106.60,107.70,103.65,101.68,106.39,103.99,111.49,114.18,107.50,113.23,114.21,109.76,108.53,115.40,116.85,114.39,109.50,113.36,116.04,117.04,118.62,120.36,120.06,117.72,116.72,123.30,123.91,127.76,128.86,122.63,124.48,130.28,120.47,130.71,131.32,123.72,125.90,121.32,131.49,120.75,120.49,130.41,126.44,133.35,133.28,134.09,134.09,139.10,120.96,125.21,114.37,125.18,130.00,120.26,134.57,127.39,131.90,127.17,131.32,131.89,136.15,126.82,127.21,129.11,127.49
Producto,7.86191E-05,01193105,ALIMENTOS PREPARADOS PARA BEBÉ,123.35,123.35,123.35,125.59,125.03,147.77,148.90,148.90,150.39,150.39,150.39,148.90,144.95,150.39,150.39,150.39,150.39,152.38,151.31,150.94,150.94,150.94,150.94,150.94,151.32,151.32,151.32,151.32,151.32,148.79,133.32,124.40,124.40,124.40,124.40,124.40,124.40,124.40,124.40,120.47,116.45,116.45,116.45,116.45,115.00,113.43,112.99,113.43,113.43,110.64,116.45,116.45,116.45,111.81,111.09,116.45,115.68,116.15,116.15,111.28,111.28,116.15,116.15,116.29,111.10,111.10,117.75,110.61,110.68,102.11,103.31,111.10,107.10,113.72,108.42,112.58,109.50,112.10,113.72,108.20,108.44,115.40,115.69,114.72,106.20,114.03,114.52,111.86,108.98,110.77,108.04,108.98,104.54,106.25,111.49,107.98,106.51,111.80,108.08,106.95,105.38,108.48,110.25,111.61,109.89,108.87,104.30,105.11,104.67,105.18,108.44,107.67,106.93,106.93,105.78,112.11,110.06,106.72,108.47,110.00,110.00,107.94,108.60,109.51,107.58,108.33,108.10,108.10,106.49,107.83,107.83,109.80,107.73,107.73,107.73,106.20,109.14,109.14
Producto,0.000966466,01193106,SNACKS,98.08,97.03,98.99,99.57,99.73,99.73,99.73,99.73,99.73,99.73,99.24,101.85,106.83,106.83,112.18,112.18,111.52,116.54,112.06,113.53,108.91,110.00,108.96,111.24,111.24,109.94,112.78,111.22,109.88,107.13,107.44,108.15,109.68,107.04,107.04,109.31,105.45,105.45,106.80,100.81,100.54,103.70,108.41,108.41,109.10,108.33,105.42,108.08,105.04,108.33,104.55,104.55,108.33,108.33,110.30,113.41,113.41,121.18,121.18,121.18,121.18,117.43,120.82,121.23,120.24,119.88,119.88,117.63,118.40,119.51,119.86,122.13,121.69,123.03,119.64,117.26,117.26,117.26,117.26,117.26,117.26,114.57,117.02,117.02,117.02,117.02,117.02,117.97,117.61,121.56,127.11,127.11,127.11,128.56,128.56,130.14,128.76,130.14,130.14,133.32,133.32,135.14,136.02,136.62,137.96,136.63,136.63,136.63,136.63,136.63,136.63,141.24,141.24,137.62,143.75,143.75,143.42,143.42,133.81,137.48,142.17,141.67,138.28,136.43,142.20,138.67,132.05,138.09,135.51,142.17,140.29,142.44,145.44,143.44,140.62,142.38,140.26,140.26
Grupo,0.024968117,012,Bebidas no alcohólicas,102.08,101.87,102.10,103.55,104.00,104.88,104.71,104.81,104.84,105.45,106.09,106.85,107.34,108.21,108.13,108.25,112.81,116.87,117.86,118.27,118.38,118.28,118.41,115.97,114.90,117.95,117.63,116.86,114.53,110.42,111.20,111.16,111.22,111.35,117.27,117.18,118.04,117.97,117.77,117.57,117.71,117.67,117.51,117.50,117.83,117.88,118.19,117.77,118.13,117.92,118.50,118.10,118.46,117.93,118.27,118.44,117.46,118.24,117.54,118.04,118.58,117.70,117.51,117.66,117.36,118.29,116.66,116.88,116.64,116.99,114.52,114.03,113.15,113.84,114.07,113.58,112.74,112.28,114.66,116.17,116.17,117.14,118.46,117.65,119.62,118.78,120.12,119.40,119.22,118.79,119.64,118.58,120.06,120.96,121.32,121.89,122.72,121.55,122.75,121.27,123.41,124.31,124.01,123.12,123.72,123.68,123.47,124.19,123.58,123.68,124.93,128.66,129.01,128.25,127.79,129.20,130.20,129.94,129.39,128.56,131.19,130.47,131.14,132.23,134.63,135.53,134.02,133.81,132.22,131.76,131.47,131.17,130.94,132.52,131.86,132.32,132.91,132.70
Clase,0.002292017,0121,"Café, té y cacao (ND)",97.38,96.54,95.78,97.63,95.22,102.62,101.11,105.07,106.27,106.70,107.19,103.69,106.91,110.02,111.06,109.84,110.16,113.98,113.09,113.27,113.84,114.05,112.51,106.76,108.77,110.90,113.13,111.44,113.67,112.91,114.04,112.83,112.83,112.96,111.39,109.94,113.03,112.39,112.43,112.71,112.75,113.03,110.94,111.79,111.59,111.73,108.63,109.01,106.47,106.78,108.72,111.50,103.34,104.40,105.79,106.44,102.10,107.68,105.66,107.28,107.11,104.83,104.52,108.18,108.41,108.66,108.44,106.05,106.04,102.56,103.76,101.99,99.58,102.60,103.10,101.03,104.72,104.40,102.50,102.42,102.02,100.69,102.20,101.57,101.57,103.96,106.43,104.83,106.14,105.95,109.59,111.41,110.70,114.51,115.27,118.62,119.75,117.06,117.38,116.83,117.11,119.63,116.09,115.98,114.50,113.16,117.00,117.39,114.47,114.26,112.20,117.25,112.04,115.34,112.42,115.95,118.23,117.96,117.40,115.89,113.29,117.53,121.33,120.12,126.57,132.29,132.60,132.53,129.07,132.88,134.73,135.00,134.29,143.63,143.33,140.06,138.45,138.04
Subclase,0.002292017,01211,"Café, té y cacao",97.38,96.54,95.78,97.63,95.22,102.62,101.11,105.07,106.27,106.70,107.19,103.69,106.91,110.02,111.06,109.84,110.16,113.98,113.09,113.27,113.84,114.05,112.51,106.76,108.77,110.90,113.13,111.44,113.67,112.91,114.04,112.83,112.83,112.96,111.39,109.94,113.03,112.39,112.43,112.71,112.75,113.03,110.94,111.79,111.59,111.73,108.63,109.01,106.47,106.78,108.72,111.50,103.34,104.40,105.79,106.44,102.10,107.68,105.66,107.28,107.11,104.83,104.52,108.18,108.41,108.66,108.44,106.05,106.04,102.56,103.76,101.99,99.58,102.60,103.10,101.03,104.72,104.40,102.50,102.42,102.02,100.69,102.20,101.57,101.57,103.96,106.43,104.83,106.14,105.95,109.59,111.41,110.70,114.51,115.27,118.62,119.75,117.06,117.38,116.83,117.11,119.63,116.09,115.98,114.50,113.16,117.00,117.39,114.47,114.26,112.20,117.25,112.04,115.34,112.42,115.95,118.23,117.96,117.40,115.89,113.29,117.53,121.33,120.12,126.57,132.29,132.60,132.53,129.07,132.88,134.73,135.00,134.29,143.63,143.33,140.06,138.45,138.04
Producto,0.001295452,01211107,CAFÉ SOLUBLE,90.62,92.69,94.43,92.81,91.69,88.65,92.99,103.05,102.51,102.72,101.18,97.09,107.04,109.20,111.41,109.93,110.23,111.64,109.74,112.81,113.02,115.28,114.98,103.70,108.12,113.88,116.18,113.19,116.25,115.20,115.29,110.77,110.75,114.17,108.32,105.22,110.63,109.24,110.50,109.93,111.71,112.09,108.50,110.91,110.75,110.75,104.70,104.02,100.24,100.62,104.90,110.67,107.78,106.61,106.58,111.07,103.31,111.20,106.82,107.68,108.31,103.88,105.47,111.50,111.50,111.00,111.00,111.03,111.03,101.76,102.62,101.16,94.94,100.87,103.25,98.99,103.25,102.78,101.74,101.74,101.74,101.74,101.74,98.12,98.39,102.64,104.03,102.29,103.39,103.90,112.02,118.45,116.20,122.36,122.36,128.25,129.57,127.87,128.48,129.47,129.47,129.80,122.83,123.07,119.09,119.12,124.86,124.86,117.77,118.74,118.09,123.91,119.77,123.97,118.85,126.31,126.46,126.46,121.98,120.80,117.09,118.28,121.44,119.09,129.31,131.59,132.40,131.25,133.72,137.02,140.59,137.03,148.00,140.65,140.14,140.09,140.09,138.70
Producto,0.000278109,01211108,CAFÉ MOLIDO,102.81,102.81,102.81,102.81,102.81,102.81,102.81,102.81,102.81,102.81,102.81,102.81,102.81,102.81,102.81,105.13,105.39,106.71,106.60,106.82,106.82,106.82,99.46,99.71,100.32,100.32,107.84,107.46,107.69,106.55,106.94,106.94,106.94,106.72,106.38,106.44,106.44,107.00,107.00,107.00,106.14,106.14,106.14,106.24,106.24,106.52,106.52,106.52,106.52,106.52,106.52,109.21,109.37,109.37,109.37,109.37,108.96,108.96,110.09,110.09,110.09,109.77,109.77,109.77,109.75,109.75,105.38,109.39,106.45,105.20,105.60,107.20,103.18,110.15,110.06,113.79,111.34,109.96,111.95,113.30,113.01,110.99,110.23,108.89,109.71,116.21,135.22,134.25,135.16,134.00,135.16,134.94,134.34,135.25,134.39,133.12,134.70,133.77,134.67,131.87,128.35,123.55,128.50,129.16,135.41,135.11,135.63,137.39,139.00,139.86,134.74,148.88,141.40,143.67,134.89,138.60,140.66,142.81,142.06,149.97,150.93,154.58,153.45,165.06,171.26,164.90,165.20,160.09,164.21,167.17,176.54,166.89,162.34,182.28,195.27,187.70,193.04,193.04
Producto,0.000539868,01211109,COCOA,103.74,99.77,96.05,102.23,97.37,118.45,109.55,107.76,111.15,111.93,114.80,111.05,107.64,112.61,112.61,110.26,109.82,117.38,118.05,115.94,116.15,114.16,111.40,110.29,110.29,108.12,110.29,110.29,112.26,111.09,113.61,115.78,115.78,111.47,115.13,115.13,116.43,116.43,115.13,116.43,114.84,114.84,113.88,113.21,112.90,113.21,112.59,114.23,112.42,112.74,112.57,112.57,96.84,100.68,103.98,100.68,98.91,103.37,103.37,106.23,106.23,104.69,102.41,104.69,104.69,106.20,106.20,100.39,100.39,102.70,104.54,102.35,102.68,103.07,101.25,100.79,104.98,104.98,101.25,100.95,100.03,97.03,100.68,102.13,101.27,101.74,105.28,102.91,105.43,104.51,103.92,101.10,100.88,103.01,104.63,106.17,107.04,102.63,102.63,100.74,101.83,107.87,107.58,107.15,107.58,103.79,102.84,103.64,106.54,106.38,101.32,104.97,98.08,101.76,101.43,101.18,104.84,104.84,108.54,105.40,103.63,112.00,117.58,116.71,120.57,132.16,131.85,133.33,122.09,127.52,127.23,132.31,118.76,147.48,146.35,139.25,135.04,135.57
Producto,0.000178588,01211110,HIERBA AROMÁTICA,101.36,99.59,99.59,99.59,101.80,100.74,103.54,103.54,103.78,103.78,103.78,103.78,103.78,103.78,103.78,109.00,113.70,112.60,109.00,104.03,109.00,109.00,109.00,109.00,107.93,112.45,112.45,108.85,108.12,111.69,111.69,111.69,111.69,116.47,111.69,111.69,111.69,111.69,111.69,111.69,110.34,111.69,111.69,111.69,111.69,111.69,111.69,111.69,111.69,111.69,111.69,111.69,109.43,109.43,109.43,108.68,109.43,109.43,109.43,109.43,103.39,109.43,108.15,106.50,109.43,107.48,106.50,105.39,106.50,105.62,105.62,102.94,109.43,107.48,109.43,109.43,109.43,108.77,110.05,110.05,110.05,110.05,110.05,116.55,119.22,119.22,115.40,118.57,114.64,114.64,115.29,115.29,121.24,121.24,122.62,122.31,123.55,123.55,123.55,121.90,121.07,120.66,116.54,115.78,115.78,119.14,139.23,139.23,127.77,119.53,126.68,130.97,129.42,125.54,124.26,124.47,132.31,127.84,127.84,129.44,127.52,127.84,127.84,126.33,124.10,123.57,124.27,124.27,124.27,122.58,122.58,123.92,124.27,124.27,124.27,124.27,124.27,124.49
Clase,0.0226761,0122,"Aguas minerales, refrescos, jugos de frutas y de legumbres (ND)",102.43,102.27,102.57,103.99,104.65,105.04,104.97,104.79,104.74,105.35,106.01,107.08,107.37,108.07,107.92,108.13,113.01,117.09,118.22,118.64,118.71,118.59,118.85,116.65,115.36,118.47,117.96,117.26,114.60,110.23,110.99,111.03,111.10,111.23,117.71,117.72,118.41,118.38,118.17,117.93,118.08,118.01,117.99,117.93,118.29,118.34,118.89,118.41,118.99,118.75,119.22,118.59,119.57,118.92,119.20,119.33,118.60,119.02,118.41,118.84,119.42,118.65,118.47,118.36,118.02,119.00,117.27,117.68,117.42,118.06,115.31,114.92,114.15,114.67,114.88,114.50,113.33,112.86,115.55,117.18,117.21,118.35,119.66,118.84,120.95,119.88,121.13,120.47,120.19,119.74,120.38,119.11,120.75,121.44,121.76,122.13,122.94,121.88,123.14,121.60,123.88,124.66,124.59,123.65,124.40,124.45,123.94,124.70,124.25,124.38,125.87,129.50,130.26,129.20,128.92,130.18,131.08,130.82,130.27,129.49,132.51,131.43,131.86,133.13,135.22,135.77,134.13,133.90,132.46,131.68,131.23,130.88,130.69,131.70,131.01,131.75,132.50,132.31
Subclase,0.0226761,01221,"Aguas minerales, gaseosas, jugos de frutas ",102.43,102.27,102.57,103.99,104.65,105.04,104.97,104.79,104.74,105.35,106.01,107.08,107.37,108.07,107.92,108.13,113.01,117.09,118.22,118.64,118.71,118.59,118.85,116.65,115.36,118.47,117.96,117.26,114.60,110.23,110.99,111.03,111.10,111.23,117.71,117.72,118.41,118.38,118.17,117.93,118.08,118.01,117.99,117.93,118.29,118.34,118.89,118.41,118.99,118.75,119.22,118.59,119.57,118.92,119.20,119.33,118.60,119.02,118.41,118.84,119.42,118.65,118.47,118.36,118.02,119.00,117.27,117.68,117.42,118.06,115.31,114.92,114.15,114.67,114.88,114.50,113.33,112.86,115.55,117.18,117.21,118.35,119.66,118.84,120.95,119.88,121.13,120.47,120.19,119.74,120.38,119.11,120.75,121.44,121.76,122.13,122.94,121.88,123.14,121.60,123.88,124.66,124.59,123.65,124.40,124.45,123.94,124.70,124.25,124.38,125.87,129.50,130.26,129.20,128.92,130.18,131.08,130.82,130.27,129.49,132.51,131.43,131.86,133.13,135.22,135.77,134.13,133.90,132.46,131.68,131.23,130.88,130.69,131.70,131.01,131.75,132.50,132.31
Producto,0.008506284,01221111,AGUA EMBOTELLADA PURIFICADA,103.31,102.99,104.23,105.02,105.20,106.05,106.38,106.21,106.30,107.37,106.55,107.47,107.58,108.20,108.13,107.91,109.53,109.65,110.53,110.39,110.18,110.22,110.39,110.39,107.29,110.39,110.39,111.97,110.39,109.18,109.07,109.07,109.21,109.44,109.50,110.20,110.20,110.20,109.92,109.92,110.04,110.04,109.86,109.86,110.48,110.48,111.66,111.04,111.66,111.85,112.02,111.20,112.46,112.46,112.46,112.20,111.69,112.04,111.07,111.87,112.73,112.25,112.04,111.96,111.96,113.14,111.87,111.54,110.80,111.65,107.99,103.82,102.79,103.68,104.55,103.79,101.16,100.08,105.49,109.67,109.77,113.85,114.96,114.97,117.83,118.66,120.99,119.15,119.99,118.93,121.43,118.89,121.58,121.84,122.82,123.63,126.26,125.39,127.51,127.08,127.41,129.23,128.89,128.28,128.86,129.29,129.27,129.96,129.81,130.71,132.01,135.50,139.42,136.42,137.48,137.96,139.29,138.09,138.76,136.99,139.33,137.68,144.22,145.80,147.91,147.40,145.83,144.71,144.75,142.43,142.89,141.70,139.12,142.56,142.31,142.80,142.58,143.21
Producto,0.008539279,01221112,GASEOSA,103.34,103.34,102.53,105.96,107.26,107.26,106.92,106.92,106.92,106.85,108.52,110.49,111.13,111.78,111.78,112.41,124.77,132.02,133.41,133.98,134.55,134.55,134.55,134.55,134.55,134.55,133.72,128.79,123.05,113.56,115.17,115.17,115.17,115.17,133.99,133.14,134.72,134.72,134.72,134.72,134.72,134.72,134.72,134.72,134.72,134.72,134.72,134.48,134.63,134.63,134.63,134.63,134.72,134.72,134.72,134.72,134.32,134.72,134.12,134.22,134.32,132.93,132.72,133.12,133.17,133.17,131.49,133.42,133.57,134.99,134.74,135.34,134.99,134.99,134.38,134.75,134.55,134.75,134.94,134.79,134.79,132.72,135.01,132.78,134.92,130.46,130.71,131.37,129.47,129.47,127.96,127.78,127.22,130.47,129.96,129.96,128.46,126.93,127.70,123.70,130.27,129.32,129.50,127.53,128.92,128.30,126.57,127.88,126.62,125.70,128.27,131.00,127.19,127.47,125.43,128.03,129.31,130.20,129.34,129.43,135.40,134.21,127.47,129.02,130.82,132.66,131.69,132.88,130.70,129.90,128.07,128.78,131.23,129.51,127.80,129.88,132.49,130.92
Producto,0.001842295,01221113,BEBIDAS ENERGIZANTES E HIDRATANTES,98.10,98.01,98.01,96.41,98.10,98.10,96.86,95.63,93.58,95.16,97.04,96.68,96.86,97.26,97.26,98.51,97.03,98.99,99.39,99.07,98.81,96.98,99.28,91.90,93.75,93.53,95.14,98.61,99.06,94.67,97.85,98.43,98.43,98.70,98.61,98.36,97.75,97.31,96.30,98.71,99.62,98.45,99.26,95.96,97.03,99.84,99.84,99.58,99.15,94.87,99.23,96.01,100.72,100.00,100.00,99.13,94.92,96.53,96.17,96.46,98.41,98.41,98.41,95.52,94.68,95.52,89.23,88.22,88.62,90.05,87.03,88.73,87.36,88.64,88.94,88.29,88.29,87.81,89.25,85.85,85.61,84.98,85.14,84.31,84.86,85.72,86.87,86.51,86.46,87.05,86.68,86.42,85.99,86.70,87.36,87.25,88.48,86.78,86.98,88.16,85.69,88.66,89.76,88.90,87.25,87.58,88.41,88.25,87.95,88.25,88.30,89.74,88.74,88.73,87.83,89.65,87.76,85.67,88.89,88.98,87.47,88.65,87.41,87.50,89.41,88.96,88.92,87.13,86.19,86.38,85.97,85.43,87.66,87.62,87.79,87.46,86.91,87.60
Producto,0.003437513,01221114,JUGO DE FRUTAS,99.14,99.14,99.14,99.14,99.14,99.14,99.14,98.56,98.56,98.56,101.60,101.60,101.60,102.78,101.60,101.60,101.60,114.63,116.66,119.69,119.69,119.69,119.69,104.20,104.20,120.39,116.96,116.96,116.96,115.19,115.19,115.19,115.19,115.19,115.19,115.19,117.09,117.09,117.09,113.29,113.53,113.53,113.53,115.40,115.40,113.78,113.82,112.98,116.05,116.05,116.05,116.05,116.05,110.36,112.98,116.05,116.05,116.05,116.55,116.55,116.55,116.14,116.20,116.20,113.21,116.20,116.20,116.20,116.20,112.78,105.94,117.20,116.55,116.55,116.55,116.55,116.55,116.55,116.55,116.55,116.55,116.55,116.55,116.55,116.55,116.55,116.55,116.55,116.55,116.55,116.55,116.55,122.37,116.55,116.55,116.55,116.55,116.55,116.55,116.55,116.55,116.55,115.85,116.45,117.47,117.47,117.47,117.47,117.97,117.97,117.97,126.99,130.05,132.54,132.54,132.54,132.54,133.95,126.20,126.20,126.20,126.20,124.25,124.25,127.52,129.39,124.25,124.25,117.94,123.32,123.32,123.32,123.32,123.32,123.32,121.43,121.43,121.43
Producto,0.000350728,01221115,REFRESCOS,98.06,97.40,97.40,97.40,97.40,97.40,96.66,101.95,108.05,110.28,110.28,110.28,110.28,113.84,113.84,113.84,113.84,116.62,116.62,116.62,116.62,116.62,116.62,116.05,116.05,116.05,117.20,115.83,116.10,113.99,114.85,114.85,114.85,114.85,114.85,114.38,114.38,114.85,114.85,111.81,111.81,114.38,114.38,113.79,112.59,113.06,113.06,113.06,107.44,107.88,113.52,113.52,113.52,113.52,113.52,113.52,110.35,110.35,112.83,112.47,112.47,110.00,107.41,110.00,111.19,116.99,109.47,107.06,107.06,107.06,106.51,110.21,110.21,110.21,110.21,100.25,111.96,111.96,111.96,111.96,111.96,111.96,111.96,111.96,112.54,112.54,112.05,112.05,110.37,109.85,112.33,112.05,112.61,112.61,112.61,112.61,112.61,112.61,112.61,105.77,112.61,115.58,117.15,119.59,122.15,125.92,129.16,128.61,131.31,131.31,131.31,133.38,133.38,131.38,131.38,131.38,130.87,130.87,130.87,130.87,130.87,130.87,130.87,130.87,130.87,130.20,126.68,129.53,130.70,130.70,130.70,130.70,130.70,130.70,130.70,132.42,132.42,132.42
División,0.006556866,02,"Bebidas alcohólicas, tabaco y estupefacientes",101.21,103.83,104.92,104.94,106.05,106.57,109.18,109.43,109.43,109.43,109.13,111.97,112.99,114.83,115.25,114.81,123.02,129.53,130.60,130.12,130.54,130.54,128.98,128.42,129.97,130.53,125.49,125.01,124.46,125.28,125.33,125.35,125.29,125.11,125.15,125.34,124.93,124.93,124.93,124.53,124.17,123.90,124.33,124.33,125.51,125.62,125.27,125.06,125.10,125.38,126.52,126.47,126.34,125.93,126.43,126.43,126.08,126.15,125.59,125.60,126.02,126.20,125.94,125.93,125.93,125.93,126.20,126.31,127.18,127.89,127.45,127.43,127.64,127.88,127.84,127.68,127.99,128.01,128.49,127.65,127.92,128.00,127.86,127.83,131.82,132.24,132.45,134.36,134.43,134.43,135.09,134.60,134.91,135.33,134.91,134.82,137.25,139.36,140.32,140.32,140.32,140.50,141.35,141.32,141.44,139.00,140.11,139.81,140.13,143.32,145.60,148.56,148.64,148.99,149.80,150.35,150.45,150.76,149.07,148.80,148.94,149.15,150.15,150.89,152.01,151.91,152.77,153.15,154.05,153.99,153.67,153.54,154.65,155.97,155.79,155.75,156.15,155.53
Grupo,0.004615301,021,Bebidas alcohólicas,94.25,94.16,95.56,95.59,97.36,97.36,97.36,97.76,97.76,97.76,97.28,101.83,102.77,103.44,104.11,103.26,113.68,114.18,116.48,116.48,116.57,116.58,114.08,113.18,113.15,113.49,106.53,105.19,104.03,103.95,104.03,104.06,103.95,103.95,103.74,103.46,103.97,103.97,103.97,103.32,102.74,102.31,102.44,102.44,104.33,104.51,104.50,104.16,104.23,104.69,106.51,106.43,106.22,105.57,106.37,106.37,105.80,105.92,105.01,105.03,105.71,105.99,105.87,105.85,105.86,105.85,106.29,106.47,107.58,108.71,107.99,107.96,108.30,108.69,108.63,108.37,108.87,108.90,109.68,108.33,108.75,108.88,108.66,108.62,115.01,115.68,116.02,118.38,118.50,118.50,119.56,118.77,119.26,119.94,119.27,119.12,119.57,120.32,121.87,121.86,121.86,122.15,123.51,123.47,123.80,119.75,119.46,118.98,118.76,123.87,127.53,127.42,126.16,128.10,129.39,130.29,130.44,130.94,128.23,127.80,128.01,128.36,129.96,131.14,132.95,133.45,134.83,135.44,135.52,135.41,134.91,134.69,136.47,138.60,138.31,138.24,138.89,137.89
Clase,0.000845236,0211,Bebidas destiladas (ND),102.87,102.53,107.67,107.80,114.31,114.31,114.31,115.76,115.76,115.76,114.02,114.31,115.20,115.08,115.08,117.03,121.09,122.92,123.67,123.67,124.01,124.04,114.84,111.54,111.44,112.68,87.09,82.16,77.91,77.60,77.90,78.01,77.63,77.63,76.84,75.80,77.67,77.67,77.67,75.30,73.18,71.58,72.05,72.05,72.96,73.62,73.61,72.36,72.60,72.25,71.41,71.11,70.34,67.95,70.90,70.90,70.90,71.32,68.00,68.04,70.54,71.58,71.14,71.08,71.09,71.07,70.61,71.27,71.27,71.27,68.62,68.51,69.76,71.18,70.96,72.07,71.85,71.94,71.69,72.42,71.84,72.31,71.49,69.27,70.45,72.90,74.13,75.31,75.77,75.77,75.77,72.86,74.66,77.15,74.69,74.15,75.80,78.55,77.05,77.00,77.00,78.06,76.52,76.35,77.59,76.45,75.39,73.62,72.83,75.34,76.89,76.46,76.24,76.50,76.73,75.60,76.17,78.02,75.06,73.49,74.27,75.53,74.39,74.55,73.98,75.84,73.56,75.81,76.08,75.70,73.86,73.05,70.44,78.25,77.20,76.92,76.49,75.63
Subclase,0.000845236,02111,Bebidas destiladas,102.87,102.53,107.67,107.80,114.31,114.31,114.31,115.76,115.76,115.76,114.02,114.31,115.20,115.08,115.08,117.03,121.09,122.92,123.67,123.67,124.01,124.04,114.84,111.54,111.44,112.68,87.09,82.16,77.91,77.60,77.90,78.01,77.63,77.63,76.84,75.80,77.67,77.67,77.67,75.30,73.18,71.58,72.05,72.05,72.96,73.62,73.61,72.36,72.60,72.25,71.41,71.11,70.34,67.95,70.90,70.90,70.90,71.32,68.00,68.04,70.54,71.58,71.14,71.08,71.09,71.07,70.61,71.27,71.27,71.27,68.62,68.51,69.76,71.18,70.96,72.07,71.85,71.94,71.69,72.42,71.84,72.31,71.49,69.27,70.45,72.90,74.13,75.31,75.77,75.77,75.77,72.86,74.66,77.15,74.69,74.15,75.80,78.55,77.05,77.00,77.00,78.06,76.52,76.35,77.59,76.45,75.39,73.62,72.83,75.34,76.89,76.46,76.24,76.50,76.73,75.60,76.17,78.02,75.06,73.49,74.27,75.53,74.39,74.55,73.98,75.84,73.56,75.81,76.08,75.70,73.86,73.05,70.44,78.25,77.20,76.92,76.49,75.63
Producto,0.000432603,02111116,AGUARDIENTE DE CAÑA,108.35,107.49,108.45,107.92,111.06,111.06,111.06,110.07,110.07,110.07,110.51,111.22,113.49,113.18,113.18,118.12,118.12,119.36,121.26,121.26,122.12,122.20,122.20,118.86,118.86,122.12,121.48,121.48,121.48,121.71,122.47,122.81,121.84,121.84,121.84,121.84,123.18,123.18,123.18,123.18,120.66,120.66,121.66,121.66,121.66,121.66,122.64,122.64,121.73,119.74,119.74,119.80,117.84,116.87,119.80,119.80,119.80,120.87,114.70,114.70,119.91,120.87,119.91,119.91,119.91,119.91,119.91,120.87,120.87,120.87,114.32,114.32,116.72,119.13,119.13,119.13,118.83,117.88,117.72,117.90,115.59,120.42,116.55,114.94,113.13,118.78,118.78,121.76,122.36,122.36,122.36,115.42,116.78,118.90,114.46,114.46,115.37,121.22,118.78,117.29,117.29,121.84,116.36,116.36,119.21,115.90,115.64,114.62,117.40,117.05,119.03,117.93,117.77,118.44,117.84,116.33,116.99,121.68,117.04,115.15,116.38,118.78,117.93,118.03,119.20,119.20,119.20,119.20,119.21,119.20,116.57,111.62,110.58,121.37,120.04,120.04,120.04,117.87
Producto,0.000412633,02111117,WHISKY,99.29,99.29,107.16,107.73,116.43,116.43,116.43,119.46,119.46,119.46,116.31,116.31,116.31,116.31,116.31,116.31,123.03,125.24,125.24,125.24,125.24,125.24,110.05,106.76,106.60,106.52,64.67,56.54,49.52,48.86,48.86,48.82,48.82,48.82,47.51,45.80,48.02,48.02,48.02,44.10,42.24,39.60,39.72,39.72,41.23,42.32,41.66,39.60,40.58,41.30,39.91,39.39,39.39,36.07,39.03,39.03,39.03,39.03,37.57,37.64,38.37,39.47,39.36,39.27,39.28,39.25,38.49,38.95,38.95,38.95,38.84,38.65,39.15,39.94,39.58,41.40,41.25,42.01,41.70,42.78,43.33,40.96,42.13,39.52,42.64,43.01,45.04,45.04,45.41,45.41,45.41,45.13,47.22,49.94,48.77,47.89,50.02,50.75,49.86,50.75,50.75,49.54,50.56,50.28,50.46,50.75,49.15,46.90,43.79,48.16,49.43,49.45,49.17,49.17,49.93,49.06,49.57,49.57,47.71,46.34,46.83,47.34,46.02,46.22,44.51,47.58,43.82,47.54,47.98,47.36,46.04,47.92,44.28,50.15,49.28,48.83,48.10,48.10
Clase,0.003770064,0213,Cerveza (ND),91.03,91.03,91.03,91.03,91.03,91.03,91.03,91.03,91.03,91.03,91.03,97.17,98.12,99.09,100.01,98.12,110.92,110.92,113.79,113.79,113.79,113.79,113.79,113.79,113.79,113.79,113.79,113.79,113.79,113.79,113.79,113.79,113.79,113.79,113.79,113.79,113.79,113.79,113.79,113.79,113.79,113.79,113.79,113.79,116.04,116.04,116.04,116.04,116.04,116.80,119.62,119.62,119.62,119.62,119.62,119.62,118.84,118.84,118.84,118.84,118.84,118.84,118.84,118.84,118.84,118.84,119.62,119.62,121.14,122.70,122.70,122.70,122.70,122.70,122.70,121.93,122.70,122.70,123.86,121.74,122.54,122.54,122.54,123.31,131.66,131.66,131.66,134.47,134.47,134.47,135.92,135.92,135.92,135.92,135.92,135.92,135.92,135.92,138.61,138.61,138.61,138.61,141.07,141.07,141.07,135.92,135.92,135.92,135.92,142.00,146.45,146.45,144.81,147.38,149.07,150.72,150.72,150.72,148.09,148.09,148.09,148.09,150.72,152.28,154.98,154.98,157.72,157.72,157.72,157.72,157.72,157.72,161.14,161.14,161.14,161.14,162.20,161.14
Subclase,0.003770064,02131,Cerveza,91.03,91.03,91.03,91.03,91.03,91.03,91.03,91.03,91.03,91.03,91.03,97.17,98.12,99.09,100.01,98.12,110.92,110.92,113.79,113.79,113.79,113.79,113.79,113.79,113.79,113.79,113.79,113.79,113.79,113.79,113.79,113.79,113.79,113.79,113.79,113.79,113.79,113.79,113.79,113.79,113.79,113.79,113.79,113.79,116.04,116.04,116.04,116.04,116.04,116.80,119.62,119.62,119.62,119.62,119.62,119.62,118.84,118.84,118.84,118.84,118.84,118.84,118.84,118.84,118.84,118.84,119.62,119.62,121.14,122.70,122.70,122.70,122.70,122.70,122.70,121.93,122.70,122.70,123.86,121.74,122.54,122.54,122.54,123.31,131.66,131.66,131.66,134.47,134.47,134.47,135.92,135.92,135.92,135.92,135.92,135.92,135.92,135.92,138.61,138.61,138.61,138.61,141.07,141.07,141.07,135.92,135.92,135.92,135.92,142.00,146.45,146.45,144.81,147.38,149.07,150.72,150.72,150.72,148.09,148.09,148.09,148.09,150.72,152.28,154.98,154.98,157.72,157.72,157.72,157.72,157.72,157.72,161.14,161.14,161.14,161.14,162.20,161.14
Producto,0.003770064,02131118,CERVEZA ENVASADA,91.03,91.03,91.03,91.03,91.03,91.03,91.03,91.03,91.03,91.03,91.03,97.17,98.12,99.09,100.01,98.12,110.92,110.92,113.79,113.79,113.79,113.79,113.79,113.79,113.79,113.79,113.79,113.79,113.79,113.79,113.79,113.79,113.79,113.79,113.79,113.79,113.79,113.79,113.79,113.79,113.79,113.79,113.79,113.79,116.04,116.04,116.04,116.04,116.04,116.80,119.62,119.62,119.62,119.62,119.62,119.62,118.84,118.84,118.84,118.84,118.84,118.84,118.84,118.84,118.84,118.84,119.62,119.62,121.14,122.70,122.70,122.70,122.70,122.70,122.70,121.93,122.70,122.70,123.86,121.74,122.54,122.54,122.54,123.31,131.66,131.66,131.66,134.47,134.47,134.47,135.92,135.92,135.92,135.92,135.92,135.92,135.92,135.92,138.61,138.61,138.61,138.61,141.07,141.07,141.07,135.92,135.92,135.92,135.92,142.00,146.45,146.45,144.81,147.38,149.07,150.72,150.72,150.72,148.09,148.09,148.09,148.09,150.72,152.28,154.98,154.98,157.72,157.72,157.72,157.72,157.72,157.72,161.14,161.14,161.14,161.14,162.20,161.14
Grupo,0.001941565,022,Tabaco,112.73,119.85,120.42,120.42,120.42,121.80,128.74,128.74,128.74,128.74,128.74,128.74,129.90,133.70,133.70,133.93,138.48,154.94,153.99,152.71,153.66,153.66,153.66,153.66,157.80,158.75,156.87,157.80,158.28,160.59,160.59,160.59,160.59,160.11,160.59,161.55,159.64,159.64,159.64,159.64,159.64,159.64,160.57,160.57,160.57,160.57,159.64,159.64,159.64,159.64,159.64,159.64,159.64,159.64,159.64,159.64,159.64,159.64,159.64,159.64,159.64,159.64,159.15,159.15,159.15,159.15,159.15,159.15,159.64,159.64,159.64,159.64,159.64,159.64,159.64,159.64,159.64,159.64,159.64,159.64,159.64,159.64,159.64,159.64,159.64,159.64,159.64,160.80,160.80,160.80,160.80,160.80,160.80,160.80,160.80,160.80,166.51,170.86,170.86,170.86,170.86,170.86,170.86,170.86,170.63,170.86,174.29,174.29,175.50,175.50,175.50,183.56,185.84,183.56,183.56,183.56,183.56,183.56,183.56,183.56,183.56,183.56,183.56,183.56,183.56,182.45,182.45,182.45,184.72,184.72,184.72,184.72,184.72,184.72,184.72,184.72,184.72,184.72
Clase,0.001941565,0221,Tabaco (ND),112.73,119.85,120.42,120.42,120.42,121.80,128.74,128.74,128.74,128.74,128.74,128.74,129.90,133.70,133.70,133.93,138.48,154.94,153.99,152.71,153.66,153.66,153.66,153.66,157.80,158.75,156.87,157.80,158.28,160.59,160.59,160.59,160.59,160.11,160.59,161.55,159.64,159.64,159.64,159.64,159.64,159.64,160.57,160.57,160.57,160.57,159.64,159.64,159.64,159.64,159.64,159.64,159.64,159.64,159.64,159.64,159.64,159.64,159.64,159.64,159.64,159.64,159.15,159.15,159.15,159.15,159.15,159.15,159.64,159.64,159.64,159.64,159.64,159.64,159.64,159.64,159.64,159.64,159.64,159.64,159.64,159.64,159.64,159.64,159.64,159.64,159.64,160.80,160.80,160.80,160.80,160.80,160.80,160.80,160.80,160.80,166.51,170.86,170.86,170.86,170.86,170.86,170.86,170.86,170.63,170.86,174.29,174.29,175.50,175.50,175.50,183.56,185.84,183.56,183.56,183.56,183.56,183.56,183.56,183.56,183.56,183.56,183.56,183.56,183.56,182.45,182.45,182.45,184.72,184.72,184.72,184.72,184.72,184.72,184.72,184.72,184.72,184.72
Subclase,0.001941565,02211,Tabaco,112.73,119.85,120.42,120.42,120.42,121.80,128.74,128.74,128.74,128.74,128.74,128.74,129.90,133.70,133.70,133.93,138.48,154.94,153.99,152.71,153.66,153.66,153.66,153.66,157.80,158.75,156.87,157.80,158.28,160.59,160.59,160.59,160.59,160.11,160.59,161.55,159.64,159.64,159.64,159.64,159.64,159.64,160.57,160.57,160.57,160.57,159.64,159.64,159.64,159.64,159.64,159.64,159.64,159.64,159.64,159.64,159.64,159.64,159.64,159.64,159.64,159.64,159.15,159.15,159.15,159.15,159.15,159.15,159.64,159.64,159.64,159.64,159.64,159.64,159.64,159.64,159.64,159.64,159.64,159.64,159.64,159.64,159.64,159.64,159.64,159.64,159.64,160.80,160.80,160.80,160.80,160.80,160.80,160.80,160.80,160.80,166.51,170.86,170.86,170.86,170.86,170.86,170.86,170.86,170.63,170.86,174.29,174.29,175.50,175.50,175.50,183.56,185.84,183.56,183.56,183.56,183.56,183.56,183.56,183.56,183.56,183.56,183.56,183.56,183.56,182.45,182.45,182.45,184.72,184.72,184.72,184.72,184.72,184.72,184.72,184.72,184.72,184.72
Producto,0.001941565,02211119,CIGARRILLOS,112.73,119.85,120.42,120.42,120.42,121.80,128.74,128.74,128.74,128.74,128.74,128.74,129.90,133.70,133.70,133.93,138.48,154.94,153.99,152.71,153.66,153.66,153.66,153.66,157.80,158.75,156.87,157.80,158.28,160.59,160.59,160.59,160.59,160.11,160.59,161.55,159.64,159.64,159.64,159.64,159.64,159.64,160.57,160.57,160.57,160.57,159.64,159.64,159.64,159.64,159.64,159.64,159.64,159.64,159.64,159.64,159.64,159.64,159.64,159.64,159.64,159.64,159.15,159.15,159.15,159.15,159.15,159.15,159.64,159.64,159.64,159.64,159.64,159.64,159.64,159.64,159.64,159.64,159.64,159.64,159.64,159.64,159.64,159.64,159.64,159.64,159.64,160.80,160.80,160.80,160.80,160.80,160.80,160.80,160.80,160.80,166.51,170.86,170.86,170.86,170.86,170.86,170.86,170.86,170.63,170.86,174.29,174.29,175.50,175.50,175.50,183.56,185.84,183.56,183.56,183.56,183.56,183.56,183.56,183.56,183.56,183.56,183.56,183.56,183.56,182.45,182.45,182.45,184.72,184.72,184.72,184.72,184.72,184.72,184.72,184.72,184.72,184.72
División,0.076937341,03,Prendas de vestir y calzado,98.00,97.99,98.24,98.29,99.29,99.28,99.40,99.75,100.17,100.31,99.87,98.94,99.65,99.74,98.86,98.36,98.40,98.98,98.68,98.84,97.52,97.09,98.07,97.82,97.57,96.89,96.97,95.62,95.60,94.57,94.63,93.74,94.18,93.55,93.02,92.77,91.93,91.79,91.69,90.94,90.60,90.39,90.10,90.01,89.03,88.29,88.31,88.12,87.86,87.72,87.95,88.00,87.59,87.09,86.38,86.09,85.97,85.77,85.62,85.28,84.57,84.04,84.29,84.36,83.64,84.07,84.22,84.16,81.88,81.88,81.30,81.02,81.38,81.29,80.20,79.46,78.20,77.97,76.94,76.95,76.58,76.42,75.49,75.71,75.51,75.20,75.34,75.55,74.88,75.00,75.07,75.23,75.95,75.93,75.05,74.88,73.81,73.46,73.37,72.76,72.35,71.72,70.77,69.30,68.89,67.95,67.73,67.45,66.63,66.32,66.21,66.17,66.38,66.46,65.60,65.44,65.35,65.11,65.23,64.82,64.38,64.04,63.42,62.87,62.27,61.45,59.73,59.50,59.64,59.41,58.44,58.17,57.46,57.08,57.15,56.99,56.67,56.50
Grupo,0.053402171,031,Prendas de vestir,98.84,98.89,98.97,98.91,99.32,99.32,99.42,99.58,100.02,100.38,99.84,99.84,99.56,99.66,99.50,99.30,99.31,99.74,98.71,98.87,96.76,96.92,98.39,98.40,98.31,98.05,97.81,96.15,96.10,95.53,95.06,94.80,95.40,94.33,94.17,94.14,93.17,93.04,92.83,92.82,92.43,91.75,91.53,91.47,89.97,89.49,89.00,88.80,88.44,88.45,88.45,88.28,88.28,87.79,86.70,86.48,86.35,86.28,86.03,85.92,84.85,84.18,84.77,84.68,83.85,84.68,84.94,84.89,81.67,81.67,80.86,81.01,81.86,81.81,80.98,80.04,78.47,78.30,78.31,78.23,78.03,78.00,76.10,76.36,76.20,75.82,75.58,75.48,75.40,75.61,75.81,75.50,76.54,76.69,75.48,75.25,73.91,74.14,74.16,73.49,73.21,72.80,71.93,69.98,70.10,69.45,68.26,68.16,67.37,66.97,66.87,66.54,66.83,66.71,66.14,66.07,65.86,65.62,65.55,65.51,64.61,64.33,64.32,63.76,63.56,62.77,60.73,60.25,60.45,60.17,59.30,59.04,58.04,57.56,57.62,57.61,57.13,56.94
Clase,0.000806271,0311,Materiales para prendas de vestir (SD),97.89,97.89,97.89,98.09,98.90,98.90,98.90,98.90,99.43,99.43,99.43,99.43,99.43,98.39,99.93,99.93,99.93,99.93,99.72,99.72,97.21,97.99,96.99,96.99,95.93,97.63,97.63,98.96,98.78,99.74,99.74,99.74,99.74,99.22,99.22,99.22,99.22,100.24,100.24,100.24,100.77,100.77,100.77,100.77,100.77,100.77,100.77,100.77,99.79,100.63,100.63,100.63,100.63,100.63,99.79,100.69,100.22,100.22,100.53,100.53,100.53,100.53,100.82,100.82,100.01,100.01,100.01,100.01,99.12,99.12,99.44,100.34,100.60,99.36,99.46,99.91,99.91,99.91,100.71,102.30,101.63,102.34,104.57,104.86,105.94,107.05,108.02,109.06,112.44,113.35,112.93,112.58,111.51,110.36,109.60,109.09,109.09,110.37,110.37,110.37,110.37,111.53,115.71,117.64,115.73,115.73,115.77,115.74,118.14,116.35,116.35,116.72,118.06,118.75,118.02,117.85,116.91,116.91,115.26,114.71,113.38,112.53,113.94,112.75,114.06,113.67,114.30,114.30,113.79,113.79,113.79,113.33,113.88,114.48,114.48,114.48,114.95,114.95
Subclase,0.000806271,03111,"Materiales para prendas de vestir (telas, tejidos)",97.89,97.89,97.89,98.09,98.90,98.90,98.90,98.90,99.43,99.43,99.43,99.43,99.43,98.39,99.93,99.93,99.93,99.93,99.72,99.72,97.21,97.99,96.99,96.99,95.93,97.63,97.63,98.96,98.78,99.74,99.74,99.74,99.74,99.22,99.22,99.22,99.22,100.24,100.24,100.24,100.77,100.77,100.77,100.77,100.77,100.77,100.77,100.77,99.79,100.63,100.63,100.63,100.63,100.63,99.79,100.69,100.22,100.22,100.53,100.53,100.53,100.53,100.82,100.82,100.01,100.01,100.01,100.01,99.12,99.12,99.44,100.34,100.60,99.36,99.46,99.91,99.91,99.91,100.71,102.30,101.63,102.34,104.57,104.86,105.94,107.05,108.02,109.06,112.44,113.35,112.93,112.58,111.51,110.36,109.60,109.09,109.09,110.37,110.37,110.37,110.37,111.53,115.71,117.64,115.73,115.73,115.77,115.74,118.14,116.35,116.35,116.72,118.06,118.75,118.02,117.85,116.91,116.91,115.26,114.71,113.38,112.53,113.94,112.75,114.06,113.67,114.30,114.30,113.79,113.79,113.79,113.33,113.88,114.48,114.48,114.48,114.95,114.95
Producto,0.000806271,03111120,TELAS PARA CONFECCIÓN,97.89,97.89,97.89,98.09,98.90,98.90,98.90,98.90,99.43,99.43,99.43,99.43,99.43,98.39,99.93,99.93,99.93,99.93,99.72,99.72,97.21,97.99,96.99,96.99,95.93,97.63,97.63,98.96,98.78,99.74,99.74,99.74,99.74,99.22,99.22,99.22,99.22,100.24,100.24,100.24,100.77,100.77,100.77,100.77,100.77,100.77,100.77,100.77,99.79,100.63,100.63,100.63,100.63,100.63,99.79,100.69,100.22,100.22,100.53,100.53,100.53,100.53,100.82,100.82,100.01,100.01,100.01,100.01,99.12,99.12,99.44,100.34,100.60,99.36,99.46,99.91,99.91,99.91,100.71,102.30,101.63,102.34,104.57,104.86,105.94,107.05,108.02,109.06,112.44,113.35,112.93,112.58,111.51,110.36,109.60,109.09,109.09,110.37,110.37,110.37,110.37,111.53,115.71,117.64,115.73,115.73,115.77,115.74,118.14,116.35,116.35,116.72,118.06,118.75,118.02,117.85,116.91,116.91,115.26,114.71,113.38,112.53,113.94,112.75,114.06,113.67,114.30,114.30,113.79,113.79,113.79,113.33,113.88,114.48,114.48,114.48,114.95,114.95
Clase,0.049857457,0312,Prendas de vestir (SD),98.84,98.82,98.96,98.86,99.15,99.12,99.23,99.38,99.88,100.26,99.67,99.75,99.42,99.54,99.32,99.31,99.25,99.73,98.67,98.81,96.55,96.73,98.51,98.52,98.46,98.10,97.85,95.97,95.94,95.34,94.78,94.51,95.17,94.00,93.84,93.81,92.74,92.62,92.37,92.39,91.89,91.21,91.04,91.02,89.39,88.86,88.32,88.07,87.69,87.68,87.71,87.54,87.55,86.96,85.78,85.52,85.38,85.34,85.05,84.94,83.73,82.99,83.65,83.55,82.65,83.59,83.94,83.90,80.64,80.53,79.70,79.76,80.71,80.66,79.93,78.86,77.18,77.05,76.99,76.92,76.72,76.69,74.56,74.86,74.63,74.18,73.83,73.64,73.47,73.71,73.86,73.55,74.68,74.90,73.59,73.36,71.89,72.02,72.06,71.32,71.01,70.54,69.62,67.44,67.61,66.87,65.57,65.49,64.59,64.16,64.09,63.63,63.96,63.79,63.19,63.13,62.91,62.66,62.62,62.55,61.76,61.44,61.34,60.76,60.57,59.66,57.41,56.88,57.05,56.77,55.82,55.56,54.48,53.94,53.94,53.86,53.32,53.12
Subclase,0.017546651,03121,Prendas de vestir de hombres de 13 años y más,103.61,103.60,103.60,103.14,103.92,104.16,104.47,104.86,105.38,105.91,105.06,105.62,105.42,105.59,105.25,105.45,105.31,106.36,105.30,105.08,103.80,104.37,106.35,106.37,106.26,105.77,106.09,103.40,103.39,100.73,99.85,99.98,100.22,99.93,99.61,99.61,98.69,98.51,97.34,97.29,97.29,95.99,95.72,95.64,94.17,93.80,93.54,93.48,93.01,93.00,93.33,92.92,92.92,92.02,90.66,90.66,89.89,89.89,90.02,89.65,87.12,86.40,87.93,87.21,85.55,87.21,86.24,86.24,80.80,81.73,79.64,80.16,81.74,81.57,80.50,79.48,76.95,76.65,76.65,75.96,76.39,76.12,71.93,73.36,73.36,72.53,72.71,72.62,71.53,71.53,72.07,71.69,72.63,73.12,71.32,71.02,67.27,67.91,67.40,66.41,66.04,65.75,64.69,61.94,61.58,60.33,58.77,58.42,57.80,57.12,56.91,56.03,55.58,55.51,54.78,54.78,54.86,54.69,54.58,53.98,52.41,52.36,51.97,51.12,50.98,50.90,48.60,48.37,48.21,47.23,45.18,45.04,44.46,43.48,43.54,43.55,42.64,42.14
Producto,0.000998623,03121121,TERNO PARA HOMBRE ,89.10,89.10,89.10,90.00,90.03,90.03,90.03,90.03,90.03,90.03,90.03,90.03,90.03,90.03,90.03,90.03,90.03,91.75,91.75,91.75,91.98,91.98,91.98,92.21,91.94,91.94,91.94,91.94,91.94,80.45,80.45,80.45,80.45,80.45,80.45,80.45,80.45,80.45,80.45,79.62,79.62,79.62,79.62,79.62,73.40,73.40,66.47,66.47,72.10,66.47,66.47,66.47,66.47,66.47,66.47,66.47,66.47,66.47,66.47,66.47,66.47,66.47,66.47,66.47,66.47,66.47,65.48,65.48,59.31,59.31,55.36,58.23,58.23,53.68,56.92,54.16,54.16,54.16,54.16,54.16,53.02,50.03,50.59,50.59,50.59,50.57,50.57,48.72,50.30,50.30,50.30,50.30,50.30,50.30,50.30,50.30,50.30,50.30,50.30,51.19,51.19,51.19,51.19,51.19,51.19,51.19,51.19,51.19,47.16,47.16,47.16,44.47,44.67,44.67,43.50,43.50,43.73,43.73,43.93,43.93,38.48,38.48,36.80,36.80,36.80,36.80,34.97,33.66,33.66,33.66,31.99,30.49,30.49,30.62,30.62,30.62,30.62,30.62
Producto,0.001704297,03121122,CHOMPA PARA HOMBRE,101.11,101.11,101.11,101.14,101.14,101.14,101.14,101.14,101.14,100.16,99.70,99.70,100.45,100.45,98.91,98.91,98.91,99.23,98.07,98.07,98.47,98.00,98.00,98.00,98.66,96.20,97.69,96.97,96.97,96.83,96.82,95.86,96.82,95.49,94.02,94.02,94.02,94.02,94.02,92.85,92.85,89.78,89.78,89.78,87.78,85.80,86.12,83.60,77.90,77.90,77.90,77.90,77.90,77.90,74.78,74.78,74.78,74.78,74.78,72.59,75.23,67.02,67.02,67.02,67.02,67.02,65.68,65.68,63.81,63.81,62.85,62.25,61.56,61.34,57.90,57.90,55.98,55.98,55.98,55.54,55.54,53.16,48.29,48.29,48.29,48.29,48.29,48.29,48.29,48.29,48.29,48.29,48.29,48.29,46.59,45.23,43.64,43.64,44.15,44.15,41.43,39.03,36.34,33.55,33.55,33.55,31.60,30.67,29.60,29.60,29.24,27.33,27.42,27.42,26.74,26.74,27.02,26.97,26.36,26.36,26.36,25.59,23.36,23.36,23.36,22.39,21.20,21.56,19.89,19.23,18.24,18.24,17.09,17.09,17.09,17.09,16.06,14.95
Producto,0.006026933,03121123,PANTALÓN PARA HOMBRE,103.88,103.88,103.88,102.55,104.15,103.92,103.92,105.30,106.57,106.78,104.09,106.78,105.98,106.78,106.78,106.78,106.78,107.92,107.92,107.93,107.93,106.74,106.75,106.75,106.75,106.89,106.89,96.69,96.69,91.86,91.98,91.98,91.98,91.98,91.98,91.98,87.87,87.87,83.70,84.78,84.78,84.78,85.22,84.90,83.33,83.33,83.96,85.71,87.08,87.08,88.22,88.22,88.22,88.22,88.18,88.18,86.11,86.11,87.82,88.18,80.66,78.63,78.63,78.63,72.24,76.76,76.76,76.76,67.90,66.78,64.44,65.78,67.26,67.28,64.96,64.96,64.96,65.84,65.84,62.26,62.26,63.40,59.08,59.08,59.08,56.23,56.89,56.89,56.89,56.89,56.89,56.89,57.95,58.00,56.31,56.30,49.99,51.33,51.33,47.50,47.50,45.48,45.79,43.22,43.22,43.22,39.16,41.15,41.15,41.92,41.41,42.21,42.21,42.51,42.43,42.43,42.43,41.89,41.89,39.80,36.55,36.98,36.98,36.98,36.98,36.98,34.68,33.92,34.86,34.86,31.16,31.16,29.99,29.99,29.68,29.76,28.85,27.90
Producto,0.002695596,03121124,CAMISA PARA HOMBRE,115.23,115.22,115.22,115.22,116.72,116.72,118.12,118.12,120.15,120.15,120.15,119.23,119.23,119.23,119.23,120.79,120.38,123.14,123.14,123.14,123.14,123.14,123.14,123.14,123.14,123.14,123.14,123.45,123.45,123.01,123.01,117.75,117.75,117.75,117.75,117.75,117.75,117.75,117.75,118.04,118.04,117.75,116.15,116.15,116.15,116.15,117.31,117.31,116.15,116.15,116.15,116.15,116.15,116.15,116.15,116.15,116.15,116.15,113.66,113.66,106.65,106.70,118.83,118.83,118.83,119.71,119.71,119.71,104.21,114.05,106.61,106.60,116.97,116.97,116.97,111.19,105.98,105.98,105.96,108.01,108.01,110.86,108.01,119.26,119.26,119.06,119.06,119.06,113.31,113.30,117.60,117.60,117.60,121.41,121.41,121.41,118.88,120.98,120.98,120.98,120.98,120.99,120.99,108.27,108.27,102.03,102.03,96.46,96.46,96.46,96.46,96.83,92.02,92.02,89.96,89.96,89.96,89.96,89.96,89.96,89.96,89.96,91.96,91.96,90.59,90.59,86.35,86.35,86.35,86.35,86.35,86.35,86.35,82.95,82.95,82.95,79.61,79.61
Producto,0.00326054,03121125,CAMISETA PARA HOMBRE,103.67,103.67,103.67,103.67,103.67,103.67,103.67,103.67,103.67,103.67,103.67,103.11,102.51,102.11,102.13,102.13,100.50,100.48,94.09,92.41,82.02,89.52,104.28,104.28,102.62,102.62,102.63,104.57,104.57,103.84,97.03,104.56,104.56,104.57,104.57,104.56,104.58,104.56,104.56,104.56,104.56,100.12,98.69,98.69,98.69,98.69,98.69,98.69,98.69,98.69,98.69,98.69,98.69,93.00,87.93,87.93,87.93,87.93,87.67,87.67,87.67,99.83,99.83,99.83,99.83,97.97,97.97,97.97,97.97,97.97,97.97,97.97,97.97,100.21,100.21,100.21,89.31,89.31,89.31,90.28,90.28,89.12,83.98,83.98,84.00,83.99,83.99,83.99,84.35,84.35,84.35,84.35,85.27,85.27,85.27,85.27,82.73,82.73,78.10,78.10,78.10,78.10,73.86,74.61,71.87,68.50,68.50,68.50,68.50,68.50,68.50,69.11,69.51,69.51,69.94,69.94,69.87,69.87,69.87,68.65,68.65,68.65,68.65,62.24,62.24,62.24,57.15,57.36,57.15,50.92,50.92,50.92,50.92,46.76,46.76,46.76,46.76,46.76
Producto,0.000942582,03121126,MEDIAS PARA HOMBRE,114.20,114.20,114.20,114.20,116.40,119.17,121.29,121.29,119.72,122.27,122.27,122.27,122.27,122.27,122.27,122.27,124.39,124.39,124.73,124.73,124.73,124.73,124.73,124.73,124.73,124.73,124.73,124.73,124.52,124.52,124.52,124.52,124.52,124.52,124.52,124.52,124.52,124.52,124.52,124.52,124.52,124.52,124.52,124.52,124.52,125.45,125.45,125.45,125.45,134.03,134.03,127.46,127.46,125.24,125.24,125.24,122.32,122.32,122.32,122.32,122.32,122.32,122.32,110.49,112.76,122.32,112.76,112.76,112.76,112.76,112.76,112.76,112.76,112.76,112.76,112.76,112.76,103.94,103.94,103.94,112.76,112.76,113.87,113.87,113.87,113.87,113.87,115.19,115.19,115.19,115.19,115.19,115.19,115.19,99.52,99.52,83.69,83.69,83.69,83.69,83.69,96.78,96.78,96.78,96.78,96.78,96.78,96.78,96.78,91.17,91.17,86.65,87.29,83.74,81.09,81.09,81.09,81.09,81.09,83.54,81.16,81.16,81.16,81.16,81.86,83.91,83.91,83.91,83.91,83.91,83.91,83.91,83.91,83.91,86.32,86.06,86.06,86.06
Producto,0.001918079,03121127,ROPA INTERIOR PARA HOMBRE,100.10,100.10,100.10,97.97,97.97,99.58,99.58,99.58,99.58,105.87,105.87,105.87,105.12,105.12,105.12,105.12,105.12,106.85,107.21,107.25,107.25,107.25,107.25,107.25,107.25,107.25,107.25,107.58,107.58,107.26,107.26,107.26,107.58,107.58,107.58,107.58,110.33,108.25,108.25,107.58,107.58,107.58,107.58,107.69,107.58,107.58,107.58,107.58,107.58,107.58,107.58,107.58,107.58,107.58,107.58,107.58,107.58,107.58,107.58,107.58,106.38,106.38,106.38,106.38,106.38,105.68,105.68,105.68,105.68,105.68,106.84,106.84,106.84,106.84,107.14,106.89,106.89,106.89,106.89,107.14,107.14,107.14,95.48,95.48,95.48,95.48,95.48,95.48,88.93,88.93,88.93,84.39,90.48,90.48,90.48,90.48,90.48,90.48,90.48,90.48,93.04,93.04,93.04,94.19,94.19,94.19,94.19,94.19,94.19,87.70,87.70,84.40,84.77,85.52,84.61,84.61,84.61,84.61,84.61,84.61,84.61,84.61,84.61,84.61,84.61,84.61,84.61,84.61,84.17,84.17,76.66,76.66,76.66,76.66,76.66,76.66,76.66,76.66
Subclase,0.018955861,03122,Prendas de vestir de mujeres de 13 años y más,92.50,92.74,93.02,93.18,92.98,92.67,92.65,92.64,92.64,92.64,92.62,92.10,91.70,92.24,92.18,92.21,92.21,92.29,91.54,92.10,90.87,90.75,92.20,92.21,92.23,92.11,90.85,89.42,89.44,90.74,90.51,90.07,90.20,88.32,88.32,88.32,87.13,87.44,88.12,88.23,87.48,87.09,87.09,87.29,84.65,84.11,83.60,83.56,83.56,83.43,83.38,83.31,83.31,82.43,81.05,80.86,81.57,81.23,80.64,80.72,80.37,79.49,79.49,79.87,79.67,80.20,82.14,82.06,78.76,78.77,78.78,78.77,79.92,80.03,79.81,77.93,77.03,77.14,77.08,77.75,76.90,77.33,76.08,75.69,75.78,75.34,74.40,74.16,74.45,75.37,74.95,74.58,75.28,75.70,74.31,73.95,74.40,74.46,74.94,73.95,73.60,72.73,71.83,68.76,68.27,67.88,66.30,66.33,64.92,64.83,65.03,64.48,66.08,65.69,64.82,64.60,64.44,64.05,64.05,64.43,64.18,63.58,63.93,63.52,63.26,60.98,57.81,56.52,56.31,56.63,56.34,56.15,53.90,53.51,53.51,53.26,52.95,52.93
Producto,0.001951006,03122128,TERNO Y VESTIDO PARA MUJER ,96.20,96.20,97.42,98.46,97.81,97.81,97.81,97.81,97.81,97.81,97.81,95.72,97.10,97.10,97.10,98.08,98.08,98.08,98.08,98.08,98.37,98.08,98.08,98.08,98.08,98.08,98.08,98.08,98.08,98.08,98.08,98.08,98.08,98.08,98.08,98.08,98.08,98.08,98.08,98.08,98.08,98.08,98.08,98.08,95.28,95.28,95.28,95.28,95.28,95.28,95.28,95.28,95.28,95.28,95.28,95.37,95.37,95.37,95.37,95.37,88.92,88.92,88.92,88.92,88.92,88.92,92.66,92.66,90.47,90.47,90.47,90.47,92.17,92.00,90.31,90.31,88.53,88.83,88.83,88.28,84.60,84.60,81.78,81.78,81.78,81.78,83.33,83.78,84.85,84.85,84.85,84.85,84.85,87.42,87.42,87.42,86.95,87.42,87.42,87.42,87.42,87.42,87.72,86.75,86.75,86.75,82.36,82.36,82.36,82.36,82.36,83.16,82.15,83.64,78.98,78.98,78.98,78.72,78.72,78.72,78.72,78.72,79.61,76.95,75.67,76.34,73.08,73.88,69.66,70.89,69.99,69.99,65.56,65.56,65.56,65.56,62.96,62.96
Producto,0.000731584,03122129,CHOMPA PARA MUJER,81.57,83.15,83.15,83.15,83.78,80.97,80.97,80.97,80.97,80.97,80.97,80.97,76.91,80.05,79.46,79.46,79.46,77.69,78.45,78.45,78.81,78.60,78.60,78.69,79.13,78.70,79.52,79.13,79.13,79.03,77.16,73.23,73.24,72.53,72.53,72.53,68.46,68.46,70.01,70.01,68.64,65.48,65.48,65.48,63.79,62.18,60.20,60.20,60.20,60.20,60.20,59.43,59.43,59.43,58.69,56.47,56.84,56.84,56.14,56.14,58.38,58.38,58.38,58.38,58.38,58.38,57.63,56.92,53.05,52.39,52.39,51.36,51.38,50.04,50.04,50.04,48.17,48.96,48.00,47.78,43.90,46.84,45.13,45.13,44.79,42.77,41.57,44.45,43.89,43.89,43.03,43.03,43.03,43.03,43.03,43.03,42.08,42.08,42.08,39.93,39.93,38.11,37.21,35.61,35.61,33.88,32.79,33.09,31.22,31.22,31.53,31.97,30.17,30.09,29.89,29.58,29.96,29.96,29.96,28.42,28.42,27.62,27.62,27.62,26.47,26.60,25.50,24.85,25.04,25.04,23.17,23.17,21.76,20.57,20.57,20.57,20.42,20.45
Producto,0.000322062,03122130,FALDA PARA MUJER,98.06,98.06,94.27,94.27,94.27,94.27,94.27,94.27,94.27,94.27,94.27,94.27,94.27,94.27,94.27,94.27,94.27,94.27,90.83,90.83,90.83,90.83,90.83,90.83,90.83,90.83,90.83,90.83,90.83,90.83,90.83,90.84,90.84,90.84,90.84,90.84,90.84,90.84,90.84,90.84,90.84,85.60,85.59,85.60,80.86,80.86,80.86,76.30,76.18,76.18,72.03,74.96,74.96,74.96,74.96,74.96,74.96,74.96,74.96,84.13,89.05,89.05,89.05,89.05,89.05,90.22,87.46,87.46,74.27,75.17,76.29,76.29,79.18,79.18,79.18,79.18,79.18,79.18,79.18,76.97,76.97,76.97,76.97,76.97,62.98,62.98,62.98,62.98,62.98,62.98,56.11,56.11,60.95,60.95,54.30,54.30,54.30,54.30,54.30,51.17,51.17,45.09,41.69,41.69,41.69,41.69,38.39,38.39,31.92,29.32,29.32,29.80,29.92,29.92,29.66,29.66,29.66,27.21,27.21,28.17,28.17,28.17,30.18,28.89,28.89,28.01,25.14,24.44,25.70,25.70,25.70,25.70,25.05,25.05,25.05,25.05,25.05,24.41
Producto,0.005355119,03122131,PANTALÓN Y LICRA PARA MUJER,97.30,97.30,97.30,97.30,97.30,97.30,96.96,96.96,96.96,96.96,96.96,96.04,95.56,96.23,96.23,96.04,96.04,96.04,96.04,96.04,90.90,90.76,95.14,95.14,95.05,95.12,90.40,85.37,85.37,90.16,89.58,89.57,89.70,83.25,83.25,83.25,80.55,80.55,82.38,82.38,80.21,80.21,80.21,80.90,78.32,77.07,75.96,75.96,75.96,75.22,75.22,75.22,75.22,73.45,71.82,71.95,72.54,72.54,72.54,72.54,72.54,70.17,70.17,71.53,67.82,70.30,72.63,72.63,66.85,67.12,67.12,67.12,67.96,67.96,67.12,67.16,65.32,65.32,65.32,63.99,64.28,64.28,61.38,61.40,61.40,60.39,60.39,60.39,60.39,60.39,59.43,58.10,57.84,58.34,56.44,56.23,56.23,56.23,56.44,53.85,52.79,50.26,50.26,49.83,49.83,49.83,48.37,48.37,45.87,45.62,44.95,45.30,45.05,44.94,44.83,43.81,42.96,42.96,42.96,43.31,42.10,41.09,41.09,40.67,40.67,40.68,38.79,38.50,38.35,39.01,39.01,38.35,37.74,36.83,36.83,36.83,36.83,36.26
Producto,0.005380973,03122132,BLUSA PARA MUJER,88.84,88.84,88.84,88.84,88.84,88.84,88.84,88.84,88.84,88.84,88.84,88.84,88.84,88.84,88.84,88.84,88.84,88.84,87.53,87.53,88.10,87.79,87.79,87.79,87.79,87.79,87.79,87.79,87.79,87.79,87.80,87.80,87.95,87.95,87.95,87.95,87.95,87.95,87.95,87.95,87.95,87.95,87.94,87.94,81.89,81.89,81.88,81.88,81.88,81.88,81.88,81.88,81.88,80.80,80.80,80.80,80.80,80.80,80.80,80.80,80.80,80.80,80.80,80.80,80.80,80.80,85.09,85.09,81.10,81.10,81.10,81.10,84.18,85.09,85.09,78.00,78.00,78.00,78.00,83.89,83.89,83.89,82.56,82.56,82.56,82.56,82.56,82.56,82.56,82.56,82.56,82.56,85.76,85.76,85.76,85.76,85.76,85.76,85.76,85.76,85.76,85.76,85.15,71.93,71.93,71.93,69.56,69.56,69.56,69.56,70.89,64.46,72.69,72.31,71.90,71.90,71.90,71.90,71.90,71.90,72.30,71.28,72.30,72.30,72.30,64.42,58.63,56.22,57.49,57.49,57.49,57.49,51.00,51.00,51.00,51.00,51.00,51.00
Producto,0.000453074,03122133,ROPA PARA DORMIR PARA MUJER,106.54,106.54,107.04,107.04,107.04,107.04,108.45,108.10,108.10,108.10,108.10,105.49,105.49,106.01,106.01,106.01,106.01,106.01,100.59,106.01,106.01,106.01,106.01,106.01,106.01,106.01,107.22,107.21,107.21,107.21,106.47,106.47,107.21,107.22,107.22,107.22,107.21,107.21,107.21,107.21,107.21,107.21,107.21,107.21,107.21,107.21,107.67,107.67,107.73,107.73,107.73,107.27,107.27,107.27,107.27,107.27,107.27,107.27,107.27,107.27,106.52,106.52,106.52,106.52,106.52,106.52,106.52,106.52,106.52,106.52,106.52,106.52,106.52,106.52,106.52,106.52,106.52,106.52,106.46,106.46,106.46,106.46,106.46,107.16,106.53,106.33,107.16,107.82,107.82,106.65,106.81,106.81,106.81,106.81,106.81,106.79,107.42,107.42,107.42,109.20,107.68,107.68,109.06,109.06,109.06,109.06,109.06,109.06,109.06,109.06,109.06,111.44,110.51,110.51,109.68,109.68,109.68,109.68,109.68,109.68,109.68,109.68,109.68,110.10,110.10,110.10,110.10,110.45,110.45,110.45,110.45,110.45,110.45,110.45,110.45,110.45,110.45,110.45
Producto,0.004181919,03122134,ROPA INTERIOR PARA MUJER,87.03,87.03,87.77,87.77,86.45,86.45,86.45,86.45,86.45,86.45,86.36,86.36,86.36,86.36,86.36,86.36,86.36,86.36,84.40,87.21,87.35,87.35,87.35,87.35,87.35,86.80,86.80,86.80,86.95,86.80,86.80,85.82,85.82,85.82,85.82,85.82,85.82,87.41,87.41,87.44,87.44,87.44,87.44,87.44,87.44,87.34,87.34,87.34,87.34,87.51,87.43,87.43,87.43,87.43,83.94,83.94,86.84,84.29,81.28,81.28,81.82,81.48,81.48,81.48,86.34,86.34,86.34,86.34,86.34,86.34,86.34,86.34,86.34,86.34,87.47,86.34,86.34,86.34,86.58,86.58,86.58,86.58,86.90,84.49,84.49,85.24,79.44,75.89,76.71,82.25,82.25,82.25,82.25,82.25,79.50,79.05,80.00,80.00,82.47,82.47,82.47,82.47,80.44,80.37,79.34,78.15,78.15,78.15,75.54,75.56,75.56,78.94,79.46,77.01,75.95,76.51,76.11,74.12,74.12,76.67,76.67,76.67,76.67,76.67,76.66,73.46,70.54,66.56,66.56,66.56,66.56,66.56,66.71,66.71,66.71,65.24,65.76,66.58
Producto,0.000580124,03122135,MEDIAS PARA MUJER,103.91,105.03,105.64,106.53,106.96,106.77,107.35,107.35,107.35,107.35,107.35,107.99,108.29,108.29,108.29,107.99,107.99,112.34,112.44,110.83,110.83,111.44,115.07,115.07,115.07,115.07,114.20,114.62,114.62,114.38,116.82,119.17,119.79,119.97,119.97,119.97,119.97,120.50,120.50,122.30,122.30,122.30,122.30,122.30,122.30,122.30,122.30,122.30,122.30,123.12,123.12,123.12,123.12,120.92,117.17,117.17,117.17,118.80,118.80,118.80,118.80,116.38,116.38,116.38,116.38,113.45,113.45,113.45,113.45,113.45,113.45,115.01,115.01,116.02,116.02,114.86,115.01,115.01,115.01,111.74,109.86,111.79,116.71,116.71,121.21,120.07,120.07,120.07,121.51,121.51,121.51,121.51,121.51,121.51,116.32,112.69,119.56,119.56,119.56,118.58,118.58,119.94,114.15,119.94,114.85,114.85,114.85,114.85,114.85,114.85,115.67,116.20,116.61,116.61,116.61,116.61,118.36,118.36,118.36,118.36,118.36,118.36,118.36,118.36,118.36,118.36,113.31,113.31,112.95,112.95,112.95,112.95,113.13,113.13,113.13,113.13,111.52,111.52
Subclase,0.010946625,03123,Prendas de vestir de niños y niñas de 3 a 12 años,100.29,100.05,100.05,100.20,100.48,100.38,100.38,100.51,101.93,102.55,101.34,101.55,101.29,101.29,101.18,100.72,100.67,100.80,99.69,99.77,94.76,94.78,97.13,97.11,96.99,96.99,97.27,96.02,95.89,95.96,95.82,95.37,97.97,96.48,96.53,96.26,95.13,94.42,94.26,94.24,93.30,93.42,93.37,92.95,92.97,92.02,90.80,90.27,89.89,89.89,89.73,90.02,90.07,89.97,89.31,88.92,88.53,88.82,88.68,88.68,88.66,88.09,88.32,88.44,87.60,87.97,88.55,88.39,88.27,86.79,86.64,86.04,85.83,85.83,85.20,85.11,84.22,84.22,83.82,83.86,83.64,83.33,83.29,83.47,82.26,82.08,81.75,81.48,82.43,82.52,82.64,82.64,85.06,84.95,84.52,84.52,84.24,83.61,84.18,83.91,83.72,83.63,82.80,82.52,84.74,84.25,83.59,83.64,83.13,82.57,82.38,82.62,82.45,82.55,82.39,82.55,81.66,81.63,81.63,81.62,81.40,80.93,80.76,80.35,80.27,80.03,79.02,79.36,80.74,80.73,80.49,79.70,79.33,79.16,79.11,79.13,78.79,78.73
Producto,0.000827203,03123136,CHOMPAS DE NIÑAS Y NIÑOS,101.58,101.14,101.14,101.14,101.52,101.48,101.48,101.48,101.48,101.00,99.08,99.76,99.76,99.76,99.19,99.19,99.19,99.88,97.78,97.16,91.75,91.36,95.95,95.68,95.00,95.09,96.53,91.84,91.82,92.31,92.42,90.30,90.30,82.94,83.75,82.21,78.50,74.45,74.45,74.14,69.25,69.93,69.35,69.35,65.40,63.56,61.82,58.95,57.86,57.86,56.24,55.93,56.24,56.24,54.01,53.48,52.82,52.82,52.82,52.82,53.98,53.98,53.71,53.71,52.20,51.97,50.55,49.62,48.43,48.43,48.43,48.43,47.29,47.29,47.05,47.05,42.31,42.31,42.31,42.31,40.11,40.11,40.25,41.06,40.25,39.80,39.80,38.96,39.90,39.90,39.90,39.90,40.12,40.12,38.31,38.31,38.31,38.31,38.31,40.15,39.37,37.88,37.04,37.04,37.04,35.46,35.12,35.12,33.07,31.11,31.59,30.82,30.88,30.88,29.59,29.77,29.77,29.77,29.77,30.13,28.35,28.39,27.44,27.97,27.97,26.20,25.62,25.25,25.81,25.84,24.73,24.27,22.16,21.14,20.89,20.89,20.48,20.48
Producto,0.000466213,03123137,CONJUNTO PARA NIÑAS Y NIÑOS,98.06,98.06,98.06,98.06,97.37,96.49,96.49,99.32,105.11,105.11,103.63,105.64,105.64,105.64,105.64,105.64,105.64,105.64,105.64,105.64,104.69,104.69,104.69,104.69,104.69,104.69,104.69,104.69,104.69,104.69,101.71,101.71,104.69,104.69,104.69,104.69,102.77,102.77,102.77,102.77,102.77,102.77,102.77,102.77,95.76,95.76,95.76,95.76,95.76,95.76,95.76,94.90,94.90,94.90,95.51,95.51,95.51,95.51,95.51,95.51,95.51,95.51,95.51,95.51,95.51,95.51,95.51,95.51,95.51,95.51,95.51,95.51,95.51,95.51,92.84,93.28,93.28,93.28,93.28,93.28,93.28,93.28,93.28,93.28,87.90,87.90,82.18,82.18,92.24,92.24,92.24,92.24,92.24,92.24,92.24,92.24,92.24,92.24,92.24,92.24,92.24,92.24,86.92,82.17,93.31,93.31,88.02,88.02,84.71,87.40,81.56,82.28,82.28,82.28,82.28,82.28,82.28,82.73,82.64,82.64,82.64,82.64,82.64,76.94,76.94,76.94,76.94,76.94,75.71,75.71,74.39,71.46,71.46,71.46,71.46,71.46,71.46,71.46
Producto,0.000971309,03123138,CAMISETA PARA NIÑAS Y NIÑOS,98.46,98.46,98.46,98.46,98.46,98.46,98.46,98.46,98.46,98.46,98.46,98.46,98.46,98.46,98.44,98.44,98.44,98.44,92.13,97.08,84.52,84.52,97.11,97.46,97.46,97.11,97.46,97.46,97.46,97.11,96.76,96.76,97.11,97.11,97.09,97.09,97.09,97.09,97.09,97.09,97.09,97.09,97.09,97.09,97.09,97.09,97.09,97.09,97.09,97.09,97.09,100.88,100.88,100.88,100.88,100.88,100.88,100.88,99.21,99.21,95.58,95.58,97.50,97.50,97.50,97.50,97.50,97.50,101.19,92.93,92.93,92.93,92.93,92.93,87.56,87.56,87.56,87.56,82.77,82.77,82.77,79.16,79.16,79.16,69.10,69.64,69.64,70.98,70.98,70.98,71.52,71.52,68.86,68.86,68.86,68.86,68.86,68.86,68.86,68.86,68.86,68.86,68.86,68.86,68.86,64.89,61.35,61.35,61.35,61.35,61.35,62.44,62.44,62.44,62.11,62.95,62.95,62.54,62.54,62.54,62.54,57.43,57.43,57.43,57.43,57.43,52.74,52.74,52.74,52.74,52.74,52.74,52.74,52.74,52.74,52.74,52.74,51.82
Producto,0.000817812,03123139,BLUSA PARA NIÑAS ,98.26,98.26,98.26,98.26,98.26,98.26,98.26,98.26,100.47,100.87,84.82,84.82,78.97,78.97,78.97,78.97,78.97,79.25,79.25,79.25,69.23,68.98,68.98,68.98,68.98,69.23,69.23,58.21,58.21,58.21,58.46,63.50,62.03,62.03,62.03,62.03,52.16,52.16,47.90,47.90,47.90,47.90,46.80,48.13,48.13,48.13,48.13,48.13,42.87,42.87,42.87,42.87,42.87,42.87,40.40,40.40,40.40,40.40,40.40,40.40,40.40,40.40,40.40,40.40,38.07,38.07,38.07,38.07,38.07,38.07,38.07,35.90,31.13,31.13,30.41,28.99,27.41,27.41,27.41,27.41,26.46,26.46,24.64,24.06,24.06,24.98,25.67,25.67,25.67,25.67,25.67,25.67,25.67,22.87,19.91,19.91,19.91,19.91,19.91,20.98,20.98,20.98,20.49,18.89,18.89,19.76,18.13,19.24,19.24,19.24,18.87,19.80,18.44,17.59,16.96,16.96,16.17,15.58,15.58,15.74,15.74,16.05,16.05,16.05,15.67,15.67,14.94,12.82,14.05,13.56,12.45,12.45,12.45,12.45,12.45,12.45,12.45,12.45
Producto,0.001546831,03123140,PANTALONES PARA NIÑAS Y NIÑOS,100.85,100.85,100.85,100.85,102.67,102.21,102.21,102.21,102.21,102.21,102.21,102.21,102.21,102.21,102.21,102.21,102.21,102.21,102.21,102.21,88.97,88.97,88.97,88.97,88.97,88.97,88.97,88.97,87.71,87.71,87.71,87.57,87.57,87.57,87.56,87.57,87.57,87.57,87.57,87.57,86.66,86.66,86.66,80.59,79.85,75.23,66.57,65.33,65.33,65.33,65.33,65.33,65.33,65.33,65.33,65.33,65.33,65.33,65.33,65.33,65.33,60.53,61.30,61.30,56.30,61.30,69.40,69.40,69.40,61.83,61.83,56.78,56.78,56.78,56.78,56.78,56.78,56.78,56.78,56.78,56.78,56.78,56.78,56.78,56.78,56.78,56.78,53.50,56.78,56.78,56.78,56.78,56.78,56.78,56.78,56.78,56.78,50.36,55.90,49.80,49.80,49.80,45.76,45.76,45.76,45.76,45.76,45.76,45.76,45.76,45.76,46.69,46.69,46.68,46.68,46.68,46.68,46.69,46.69,46.69,46.69,46.69,46.67,43.45,43.45,43.45,38.71,43.46,43.43,43.43,43.43,37.81,37.81,37.81,37.81,37.81,35.34,35.34
Producto,0.000830961,03123141,ROPA INTERIOR PARA NIÑAS Y NIÑOS,98.89,98.89,98.89,98.89,98.89,98.89,98.89,98.89,98.89,98.89,98.89,98.89,98.38,98.38,98.38,98.38,97.57,97.57,98.01,98.01,98.01,98.01,98.01,98.01,98.01,98.01,98.03,98.03,98.03,98.60,98.60,94.05,91.15,86.76,85.57,85.57,85.57,85.44,85.44,85.44,85.44,85.44,87.17,87.54,90.42,90.42,90.04,90.04,90.04,90.04,92.08,93.19,93.19,91.46,87.89,82.84,82.84,87.80,87.80,87.80,89.22,87.95,88.54,90.69,91.15,89.28,89.28,89.31,89.31,89.31,86.75,86.75,89.75,89.75,90.09,89.13,89.13,89.13,89.13,89.75,89.75,89.75,89.75,90.49,91.31,91.31,86.64,88.31,88.31,88.31,88.31,88.31,86.67,86.67,86.67,86.67,81.78,82.31,82.31,82.31,82.34,82.31,82.31,82.31,82.31,83.83,83.83,83.83,83.83,78.03,78.03,79.62,77.51,75.38,77.50,77.03,77.04,78.54,78.73,78.57,78.89,79.07,79.07,79.07,79.07,79.07,79.05,79.05,78.62,78.62,79.69,79.69,79.69,79.69,79.69,79.99,79.75,79.99
Producto,0.00052745,03123142,MEDIAS PARA NIÑAS Y NIÑOS,102.44,99.33,99.33,102.15,103.15,103.15,103.15,103.15,103.15,103.15,103.15,103.15,103.15,103.15,103.15,94.24,94.24,94.24,89.77,85.38,86.17,86.56,95.86,95.89,95.89,95.89,95.89,95.89,95.89,95.54,95.54,95.54,95.58,95.89,95.89,95.89,95.80,95.83,95.83,96.67,96.67,96.67,96.67,99.12,97.85,96.02,96.02,97.85,98.18,98.18,98.18,98.18,98.18,98.18,98.18,98.18,98.18,98.18,98.18,98.18,98.18,98.18,98.18,98.18,98.18,98.18,98.18,98.18,98.18,98.18,98.18,98.18,98.18,98.18,98.18,98.18,98.18,98.18,98.18,98.18,101.96,101.96,101.96,102.43,101.78,98.44,101.69,101.69,101.69,103.37,104.84,104.84,104.84,104.84,104.84,104.84,104.84,104.84,104.84,104.84,103.70,106.90,106.90,106.90,106.90,106.90,106.90,106.90,106.90,106.90,106.90,107.39,107.39,112.22,112.22,113.73,113.73,113.73,113.73,112.41,113.73,112.41,112.41,113.99,112.67,114.07,114.07,114.07,112.67,112.67,112.67,112.67,112.67,112.67,112.67,112.67,112.67,112.67
Producto,0.004958846,03123143,UNIFORME ESCOLAR,100.34,100.34,100.34,100.34,100.34,100.34,100.34,100.34,102.76,104.31,103.90,103.90,103.90,103.90,103.90,103.90,103.90,103.90,103.90,103.90,101.08,101.25,101.25,101.25,101.25,101.25,101.25,101.25,101.25,101.25,101.25,101.25,107.25,107.31,107.27,107.27,107.27,107.27,107.27,107.27,107.27,107.27,107.27,107.27,109.52,109.41,109.41,109.41,109.41,109.41,109.41,109.41,109.41,109.41,109.41,109.41,108.79,108.79,108.79,108.79,108.79,108.79,108.79,108.79,108.79,108.79,108.79,108.79,108.27,108.27,108.27,108.27,108.27,108.27,108.27,108.27,108.27,108.27,108.27,108.27,108.28,108.28,108.28,108.28,108.28,108.28,108.28,108.28,108.28,108.28,108.28,108.28,114.37,114.37,114.37,114.37,114.37,114.37,114.37,114.37,114.37,114.37,114.37,114.37,118.22,118.22,118.22,118.22,118.22,118.22,118.22,118.22,118.22,118.22,118.22,118.22,116.29,116.10,116.10,116.10,116.10,116.10,116.10,116.10,116.10,116.10,116.10,116.10,119.26,119.26,119.26,119.26,119.26,119.26,119.26,119.26,119.26,119.26
Subclase,0.002408319,03124,Prendas de vestir y complementos para niños y niñas de 0 a 2 años,99.57,98.69,99.34,99.23,99.23,99.23,99.23,98.82,98.67,99.48,99.48,99.48,98.42,96.21,95.37,95.37,95.37,95.81,92.96,93.30,88.44,88.44,88.72,88.72,88.72,86.40,86.38,84.98,84.91,84.18,82.11,80.93,80.18,78.66,77.71,78.29,77.21,77.17,77.22,77.22,76.55,75.27,74.23,74.89,72.07,72.07,72.07,70.15,68.03,68.79,67.96,67.09,67.09,68.48,67.80,65.82,65.64,65.91,64.14,64.14,62.35,61.64,61.82,62.22,62.04,62.82,61.54,61.90,61.90,59.11,59.11,59.11,58.95,58.51,56.53,56.38,52.78,51.85,52.70,51.93,51.42,51.32,49.99,47.19,47.19,48.23,47.75,47.45,46.46,44.72,45.73,45.14,45.29,43.66,42.92,43.11,41.03,40.87,39.97,40.65,40.65,39.99,39.50,39.47,39.47,39.06,38.85,39.46,38.25,37.90,37.70,38.03,37.74,37.20,37.42,37.05,37.09,36.21,36.25,36.92,35.91,36.00,35.44,34.99,34.50,33.81,32.79,31.46,31.63,31.53,31.26,31.78,31.72,31.90,31.60,31.60,31.46,31.69
Producto,0.000342909,03124144,CAMISETA PARA BEBÉ,93.32,93.32,93.32,93.32,93.32,93.32,93.32,93.32,93.32,93.87,93.87,93.87,93.87,93.87,93.87,93.87,93.87,93.87,93.87,93.87,82.01,82.01,83.96,83.96,83.96,83.96,83.96,83.94,83.40,83.10,77.38,72.34,72.37,72.62,71.36,66.84,62.25,62.23,58.86,58.86,58.86,58.86,58.86,58.86,58.86,58.86,58.86,55.46,49.00,50.82,50.82,46.86,46.86,46.86,44.15,44.15,48.00,48.00,48.00,48.00,45.98,45.98,45.98,48.00,46.98,45.88,45.88,45.88,45.88,45.88,45.88,45.88,45.88,45.88,45.97,45.97,42.80,42.80,43.72,43.72,41.13,39.71,39.71,37.56,37.56,37.56,37.56,35.40,33.10,31.91,32.90,32.75,32.75,32.75,32.75,32.75,28.51,28.07,27.49,26.85,26.85,25.89,25.89,25.56,25.56,26.81,25.62,26.11,24.61,23.27,22.91,24.01,24.44,23.80,23.80,23.80,23.80,23.44,23.44,24.22,23.59,24.22,24.22,24.22,23.80,21.49,19.22,18.89,19.28,19.16,18.86,18.86,18.10,17.36,16.77,16.77,17.13,17.13
Producto,0.001789506,03124145,ROPA EXTERIOR PARA BEBÉ,101.01,99.67,99.67,99.67,99.67,99.67,99.67,99.30,99.30,100.42,100.42,100.42,99.54,96.17,94.88,94.88,94.88,95.56,91.21,91.72,86.81,86.81,86.81,86.81,86.82,82.96,82.96,81.33,81.33,80.43,79.99,78.11,76.97,74.76,73.59,74.41,74.28,74.28,75.10,75.10,74.07,73.60,71.84,71.87,69.13,69.13,69.13,69.05,69.05,68.26,67.00,67.00,67.00,69.02,68.61,66.00,64.89,64.89,62.19,62.19,59.90,59.60,59.60,59.60,59.60,60.33,58.38,58.93,58.93,54.96,54.96,54.96,54.72,54.04,54.04,53.96,50.76,49.34,49.77,48.60,48.39,48.54,46.45,45.16,45.16,45.78,45.78,45.78,44.78,43.56,44.21,44.40,44.63,42.14,41.02,41.31,39.87,39.71,38.62,39.11,39.11,39.16,38.17,38.17,38.17,37.42,37.49,38.32,38.32,38.08,37.86,37.66,37.43,37.10,37.28,37.28,37.28,36.03,36.09,36.93,35.54,35.54,34.68,34.00,33.33,32.96,31.89,31.89,31.92,31.92,31.57,31.57,31.24,31.63,31.29,31.29,31.31,31.31
Producto,0.000275904,03124146,ROPA INTERIOR PARA BEBÉ,99.28,99.28,102.54,101.99,101.99,101.99,101.99,101.12,100.37,100.37,100.37,100.37,98.01,98.01,98.01,98.01,98.01,98.01,98.01,98.01,98.25,98.25,98.25,98.25,98.25,99.28,99.16,97.57,97.57,97.14,92.31,96.13,96.13,95.56,95.56,98.97,97.24,97.07,97.07,97.07,97.07,92.24,92.83,95.98,90.94,90.94,90.94,84.06,78.14,83.17,83.17,81.64,81.64,81.99,81.85,80.52,80.52,81.85,81.85,81.85,81.85,79.28,80.21,80.75,80.55,82.84,82.84,82.84,82.84,81.90,81.90,81.90,81.90,81.90,72.04,71.58,66.37,66.37,68.53,68.53,68.53,68.53,68.74,60.57,60.57,63.71,61.36,61.36,61.36,57.55,59.74,56.27,56.27,56.27,56.27,56.27,53.64,53.64,53.15,55.38,55.38,52.65,53.43,53.52,53.52,53.03,52.59,52.59,47.63,47.63,47.63,49.09,48.10,46.98,47.44,45.62,45.81,45.81,45.81,45.81,45.81,45.81,45.81,45.81,45.81,45.26,45.26,38.94,39.41,39.00,39.00,41.57,42.89,43.06,43.06,43.06,42.05,43.20
Clase,0.000852245,0313,Otros artículos y accesorios de vestir (SD),98.28,98.28,98.28,99.70,100.50,100.50,100.50,100.50,98.85,98.85,98.85,98.39,98.39,98.39,98.39,89.93,89.93,89.93,87.99,87.99,87.78,86.80,86.80,86.85,89.18,90.31,88.48,88.27,88.27,85.40,87.17,85.97,86.44,86.44,86.44,86.44,85.94,86.34,86.34,84.95,84.95,84.63,80.34,80.34,79.62,79.62,79.62,81.29,81.29,81.29,80.19,80.19,80.19,80.40,80.40,79.81,79.91,78.58,78.58,78.58,80.60,80.60,80.60,80.60,80.60,82.28,81.77,81.77,73.84,79.25,75.54,79.32,80.08,80.79,74.15,75.13,73.32,73.61,75.99,73.44,74.04,73.06,72.52,72.68,72.68,72.68,72.68,72.68,72.68,72.68,72.68,71.77,73.33,71.26,71.26,71.60,70.91,70.91,71.65,71.65,71.48,71.48,65.91,65.17,65.82,64.35,64.35,64.35,62.65,62.24,61.57,61.76,61.89,61.89,61.66,61.27,61.33,61.21,61.21,61.21,56.18,57.24,57.24,57.24,57.24,57.24,57.24,57.09,57.79,57.87,57.17,57.17,57.17,57.17,57.17,57.17,57.17,55.87
Subclase,0.000852245,03131,Accesorios de vestir,98.28,98.28,98.28,99.70,100.50,100.50,100.50,100.50,98.85,98.85,98.85,98.39,98.39,98.39,98.39,89.93,89.93,89.93,87.99,87.99,87.78,86.80,86.80,86.85,89.18,90.31,88.48,88.27,88.27,85.40,87.17,85.97,86.44,86.44,86.44,86.44,85.94,86.34,86.34,84.95,84.95,84.63,80.34,80.34,79.62,79.62,79.62,81.29,81.29,81.29,80.19,80.19,80.19,80.40,80.40,79.81,79.91,78.58,78.58,78.58,80.60,80.60,80.60,80.60,80.60,82.28,81.77,81.77,73.84,79.25,75.54,79.32,80.08,80.79,74.15,75.13,73.32,73.61,75.99,73.44,74.04,73.06,72.52,72.68,72.68,72.68,72.68,72.68,72.68,72.68,72.68,71.77,73.33,71.26,71.26,71.60,70.91,70.91,71.65,71.65,71.48,71.48,65.91,65.17,65.82,64.35,64.35,64.35,62.65,62.24,61.57,61.76,61.89,61.89,61.66,61.27,61.33,61.21,61.21,61.21,56.18,57.24,57.24,57.24,57.24,57.24,57.24,57.09,57.79,57.87,57.17,57.17,57.17,57.17,57.17,57.17,57.17,55.87
Producto,0.000337243,03131147,CORREA,97.51,97.51,97.51,101.76,101.76,101.76,101.76,101.76,101.76,101.76,101.76,100.38,100.38,100.38,100.38,100.38,100.38,100.38,100.38,100.38,99.52,99.52,99.52,99.52,100.83,100.83,95.36,94.75,94.75,86.54,91.84,91.84,91.75,91.75,91.75,91.75,91.75,91.75,91.75,91.75,91.75,91.75,91.75,91.75,91.75,91.75,91.75,91.75,91.75,91.75,91.75,91.75,91.75,92.36,92.36,92.42,92.42,92.42,92.42,92.42,92.42,92.42,92.42,92.42,92.42,98.95,98.95,98.95,88.16,98.95,93.25,98.95,102.01,102.01,90.88,90.88,90.88,91.76,91.76,85.76,87.57,90.89,90.89,90.89,90.89,90.89,90.89,90.89,90.89,90.89,90.89,88.17,88.17,88.17,88.17,88.17,88.17,88.17,88.17,88.17,88.17,88.17,88.17,88.17,88.17,88.17,88.17,88.17,88.17,88.17,88.17,90.39,90.39,90.39,89.99,89.99,89.99,89.99,89.99,89.99,84.11,84.11,84.11,84.11,84.11,84.11,84.11,83.66,83.66,83.66,83.66,83.66,83.66,83.66,83.66,83.66,83.66,83.66
Producto,0.000370466,03131148,GORRA,97.91,97.91,97.91,97.91,99.62,99.62,99.62,99.62,96.06,96.06,96.06,96.06,96.06,96.06,96.06,77.72,77.72,77.72,73.50,73.50,73.50,71.54,71.54,71.54,75.65,78.21,78.21,78.21,78.21,77.94,77.94,75.33,76.41,76.41,76.41,76.41,75.33,76.19,76.19,73.19,73.19,72.50,66.81,66.81,65.25,65.25,65.25,65.25,65.25,65.25,62.87,62.87,62.87,62.87,62.87,61.53,61.75,58.86,58.86,58.86,63.25,63.25,63.25,63.25,63.25,63.25,63.25,63.25,58.48,58.48,58.48,58.48,61.84,59.43,57.07,55.25,55.25,55.25,60.40,60.40,60.40,57.12,58.85,59.18,59.18,59.18,59.18,59.18,59.18,59.18,59.18,59.18,62.57,58.09,58.09,58.81,58.93,58.93,58.93,58.93,58.55,58.55,46.47,44.88,46.28,43.09,43.09,43.09,39.42,40.13,40.13,40.69,40.87,40.87,40.87,40.01,40.15,39.89,39.89,39.89,37.59,39.89,39.89,39.89,39.89,39.89,39.89,39.89,41.40,41.57,40.06,40.06,40.06,40.06,40.06,40.06,40.06,37.25
Producto,0.000144536,03131149,CORBATA,100.40,100.40,100.40,100.40,100.40,100.40,100.40,100.40,100.40,100.40,100.40,100.40,100.40,100.40,100.40,100.40,100.40,100.40,100.40,100.40,100.75,100.40,100.40,100.65,100.65,100.40,100.40,100.40,100.40,100.40,100.39,100.40,100.40,100.40,100.40,100.40,100.40,100.40,100.40,100.40,100.40,100.40,92.19,92.19,92.19,92.19,92.19,100.40,100.40,100.40,100.40,100.40,100.40,100.40,100.40,100.46,100.46,100.46,100.46,100.46,100.46,100.46,100.46,100.46,100.46,97.91,95.43,95.43,85.02,93.87,85.02,94.20,85.32,94.21,85.32,94.20,85.32,85.32,85.35,82.67,82.67,79.80,73.28,73.28,73.28,73.28,73.28,73.28,73.28,73.28,73.28,73.28,73.28,73.28,73.28,73.28,69.64,69.64,73.28,73.28,73.28,73.28,73.28,73.28,73.28,73.28,73.28,73.28,73.28,69.64,66.37,62.39,62.62,62.62,62.15,62.15,62.15,62.15,62.15,62.15,52.33,52.33,52.33,52.33,52.33,52.33,52.33,52.33,52.33,52.33,52.33,52.33,52.33,52.33,52.33,52.33,52.33,52.33
Clase,0.001886198,0314,"Limpieza, reparación y alquiler de prendas de vestir (S)",99.46,100.67,99.89,99.65,102.14,102.55,102.69,103.09,103.23,103.51,103.51,102.23,102.61,102.84,102.84,102.71,104.00,103.91,103.38,104.13,104.13,104.13,101.51,101.51,100.39,100.48,100.93,101.56,101.16,101.41,101.41,101.55,101.55,101.55,101.24,101.24,101.48,100.48,100.69,100.69,101.75,100.59,101.12,100.28,100.28,100.28,100.28,100.28,100.28,100.28,100.28,100.04,99.77,100.63,100.63,100.84,100.84,100.84,100.84,100.84,100.32,100.32,100.32,100.32,100.32,99.03,98.14,97.90,96.48,96.12,96.41,96.41,95.74,95.88,95.23,95.23,95.21,93.96,93.96,94.14,93.81,93.82,93.82,93.46,93.96,93.96,95.27,96.39,96.39,95.85,97.35,97.35,97.35,97.55,97.55,97.20,97.24,99.04,98.43,98.43,98.43,98.43,98.44,98.44,98.44,99.43,99.22,98.56,98.85,99.72,99.19,100.52,99.90,100.39,100.27,100.27,100.27,100.07,100.07,100.69,99.70,99.82,100.84,100.84,99.69,100.37,100.22,100.54,101.33,100.70,100.94,100.62,100.01,100.01,101.15,102.37,102.37,102.80
Subclase,0.001886198,03141,"Limpieza, reparación y alquiler de prendas de vestir",99.46,100.67,99.89,99.65,102.14,102.55,102.69,103.09,103.23,103.51,103.51,102.23,102.61,102.84,102.84,102.71,104.00,103.91,103.38,104.13,104.13,104.13,101.51,101.51,100.39,100.48,100.93,101.56,101.16,101.41,101.41,101.55,101.55,101.55,101.24,101.24,101.48,100.48,100.69,100.69,101.75,100.59,101.12,100.28,100.28,100.28,100.28,100.28,100.28,100.28,100.28,100.04,99.77,100.63,100.63,100.84,100.84,100.84,100.84,100.84,100.32,100.32,100.32,100.32,100.32,99.03,98.14,97.90,96.48,96.12,96.41,96.41,95.74,95.88,95.23,95.23,95.21,93.96,93.96,94.14,93.81,93.82,93.82,93.46,93.96,93.96,95.27,96.39,96.39,95.85,97.35,97.35,97.35,97.55,97.55,97.20,97.24,99.04,98.43,98.43,98.43,98.43,98.44,98.44,98.44,99.43,99.22,98.56,98.85,99.72,99.19,100.52,99.90,100.39,100.27,100.27,100.27,100.07,100.07,100.69,99.70,99.82,100.84,100.84,99.69,100.37,100.22,100.54,101.33,100.70,100.94,100.62,100.01,100.01,101.15,102.37,102.37,102.80
Producto,0.001067272,03141150,CONFECCIÓN Y REPARACIÓN DE PRENDAS DE VESTIR,99.25,100.69,99.13,99.13,98.90,98.61,98.90,99.69,99.96,100.53,100.53,100.79,100.61,101.05,101.05,100.79,101.05,99.56,99.56,100.00,100.00,100.00,98.73,98.73,96.49,96.68,97.18,98.43,97.64,98.49,98.49,98.78,98.78,98.78,98.15,98.15,98.15,98.42,98.85,98.85,99.79,97.47,99.01,96.85,96.85,96.85,96.85,96.85,96.85,96.85,96.85,96.37,95.84,95.42,95.42,95.84,95.84,95.84,95.84,95.84,95.84,95.84,95.84,95.84,95.84,93.26,91.49,91.49,88.66,87.95,88.53,88.53,87.20,86.27,85.62,85.62,84.37,84.11,84.11,84.46,83.80,83.82,83.82,83.10,84.10,84.10,85.68,87.93,87.93,87.87,88.14,88.14,88.14,87.32,87.32,87.83,87.91,90.28,90.28,90.28,90.28,90.28,90.31,90.31,90.31,90.31,89.88,89.62,90.20,90.89,90.89,91.88,91.88,91.88,91.64,91.64,91.64,91.24,91.24,91.24,89.25,89.49,91.52,91.52,89.22,90.58,90.29,90.93,91.42,91.42,91.91,91.25,90.04,90.04,92.31,92.31,92.31,93.17
Producto,0.000818926,03141151,LIMPIEZA Y LAVADO DE PRENDAS DE VESTIR,99.67,100.65,100.65,100.17,105.40,106.51,106.51,106.51,106.51,106.51,106.51,103.67,104.63,104.63,104.63,104.63,106.96,108.29,107.23,108.29,108.29,108.29,104.31,104.31,104.31,104.31,104.70,104.70,104.70,104.34,104.34,104.34,104.34,104.34,104.34,104.34,104.83,102.55,102.55,102.55,103.73,103.73,103.24,103.73,103.73,103.73,103.73,103.73,103.73,103.73,103.73,103.73,103.73,105.87,105.87,105.87,105.87,105.87,105.87,105.87,104.83,104.83,104.83,104.83,104.83,104.83,104.83,104.34,104.34,104.34,104.34,104.34,104.34,105.54,104.91,104.91,106.11,103.88,103.88,103.88,103.88,103.88,103.88,103.88,103.88,103.88,104.91,104.91,104.91,103.88,106.62,106.62,106.62,107.84,107.84,106.62,106.62,107.84,106.62,106.62,106.62,106.62,106.62,106.62,106.62,108.61,108.61,107.55,107.55,108.61,107.55,109.20,107.96,108.96,108.96,108.96,108.96,108.96,108.96,110.21,110.21,110.21,110.21,110.21,110.21,110.21,110.21,110.21,111.30,110.04,110.04,110.04,110.04,110.04,110.04,112.49,112.49,112.49
Grupo,0.02353517,032,Calzado,96.10,95.99,96.62,96.90,99.20,99.19,99.36,100.11,100.53,100.17,99.95,96.92,99.86,99.93,97.43,96.25,96.36,97.26,98.62,98.77,99.21,97.45,97.37,96.54,95.92,94.29,95.10,94.41,94.49,92.43,93.66,91.37,91.45,91.82,90.46,89.69,89.16,88.99,89.13,86.75,86.51,87.35,86.90,86.75,86.93,85.61,86.76,86.59,86.57,86.10,86.84,87.36,86.04,85.51,85.64,85.20,85.14,84.62,84.70,83.85,83.93,83.73,83.19,83.63,83.16,82.71,82.60,82.54,82.35,82.34,82.28,81.03,80.29,80.12,78.47,78.18,77.60,77.24,73.87,74.08,73.34,72.88,74.13,74.24,73.95,73.83,74.81,75.71,73.72,73.63,73.42,74.62,74.62,74.25,74.08,74.03,73.60,71.94,71.60,71.13,70.45,69.29,68.17,67.77,66.19,64.59,66.53,65.88,64.98,64.84,64.75,65.36,65.36,65.91,64.40,64.01,64.20,63.98,64.53,63.28,63.89,63.42,61.42,60.86,59.39,58.50,57.50,57.81,57.83,57.70,56.51,56.22,56.18,56.00,56.09,55.59,55.65,55.51
Clase,0.023028098,0321,Zapatos y otros calzados (SD),96.11,96.00,96.54,96.83,99.21,99.13,99.31,99.99,100.31,99.94,99.79,96.66,99.70,99.77,97.19,95.90,96.00,96.99,98.43,98.58,99.04,97.22,97.13,96.28,95.64,94.02,94.85,94.15,94.22,92.10,93.37,91.00,91.08,91.46,90.11,89.32,88.76,88.59,88.73,86.28,86.03,86.90,86.43,86.24,86.43,85.08,86.26,86.01,85.99,85.46,86.23,86.77,85.41,84.85,85.04,84.58,84.51,83.97,84.06,83.18,83.26,83.05,82.50,82.95,82.46,82.01,81.89,81.82,81.63,81.62,81.56,80.27,79.51,79.32,77.62,77.32,76.72,76.35,72.87,73.16,72.47,72.00,73.29,73.40,73.11,72.98,73.99,74.82,72.69,72.59,72.37,73.61,73.68,73.30,73.12,73.07,72.62,70.90,70.55,70.07,69.24,68.05,66.89,66.47,64.84,63.27,65.27,64.60,63.67,63.53,63.55,64.12,64.04,64.61,63.05,62.65,62.84,62.61,63.18,61.89,62.44,61.95,59.89,59.32,57.79,56.88,55.80,56.12,56.14,56.01,54.78,54.48,54.41,54.23,54.24,53.81,53.87,53.72
Subclase,0.009831308,03211,Zapatos de hombres de 13 años y más,99.29,99.19,100.18,101.00,106.89,106.56,107.18,107.30,108.55,107.89,107.89,102.32,107.66,107.83,103.45,103.32,103.27,104.66,107.29,107.37,108.26,104.19,103.54,102.77,102.77,98.11,98.21,97.90,97.90,93.54,96.83,93.22,93.25,94.15,92.15,91.15,88.97,89.78,89.78,86.28,85.90,87.57,86.48,87.51,87.56,84.91,86.40,87.58,87.44,86.46,87.92,88.89,86.71,86.69,87.22,86.88,86.88,86.49,86.34,86.34,85.28,85.27,85.30,85.30,85.30,85.20,85.20,85.20,85.13,85.14,85.14,81.90,81.85,81.85,80.95,80.62,80.58,79.51,71.86,71.85,70.69,69.45,71.01,71.09,71.06,71.16,71.42,72.33,72.33,72.33,72.33,72.33,71.88,72.18,72.96,72.91,72.42,69.23,69.23,67.94,67.94,67.98,66.45,65.92,62.44,59.78,66.55,65.72,65.69,65.48,65.48,66.78,66.91,66.94,64.21,64.21,64.49,64.26,64.86,64.20,63.50,63.48,60.16,60.16,57.07,57.07,57.07,57.20,57.16,56.85,54.78,54.78,54.78,54.78,54.78,53.91,53.87,53.50
Producto,0.003482311,03211152,CALZADO PARA HOMBRE,102.81,103.32,104.62,106.67,106.67,106.67,106.67,107.17,108.89,108.89,108.89,101.22,110.22,110.22,99.33,99.53,99.43,102.81,108.94,110.85,110.85,110.85,109.35,109.35,109.35,109.92,109.92,109.92,109.92,99.81,107.80,99.51,98.28,100.33,98.28,95.75,90.46,92.20,92.20,89.83,89.00,93.27,93.90,93.90,94.72,88.39,92.12,95.08,94.66,92.13,94.59,97.01,91.72,91.72,93.06,91.72,91.72,91.72,91.72,91.72,89.48,89.48,89.48,89.48,89.48,89.24,89.24,89.24,89.24,89.24,89.24,88.05,88.05,88.05,85.79,84.96,84.96,82.30,72.20,72.20,70.11,67.05,69.59,69.92,69.92,69.92,70.67,70.67,70.67,70.67,70.67,70.67,69.48,70.28,70.28,70.28,71.73,72.22,72.22,72.22,72.22,72.22,72.96,72.96,72.96,66.09,73.52,71.88,71.88,72.77,72.77,73.40,73.67,72.56,68.68,68.68,68.99,68.52,70.09,68.56,66.80,66.80,66.80,66.80,64.70,64.70,64.70,66.42,66.42,66.42,64.33,64.33,64.33,64.33,64.33,62.31,62.37,61.19
Producto,0.000496622,03211153,SANDALIAS PARA HOMBRE,103.01,103.01,103.01,103.01,103.01,103.01,103.01,103.01,102.31,102.31,102.31,102.31,102.31,102.31,102.31,102.31,102.31,103.08,103.08,101.53,102.65,105.72,105.72,104.27,104.27,95.15,94.49,94.49,94.49,95.15,95.15,95.15,95.15,99.76,99.76,99.76,99.76,99.76,99.76,99.76,99.76,99.76,99.76,99.73,99.73,99.73,99.73,99.73,100.09,101.95,101.95,100.16,100.16,99.50,99.13,99.13,99.13,99.13,99.13,99.13,97.26,97.26,99.13,99.13,98.81,98.81,98.81,98.81,98.81,98.81,98.81,97.09,97.09,97.09,97.09,97.09,97.09,97.09,99.16,99.07,99.07,99.07,99.07,99.07,99.35,100.60,100.35,100.35,100.35,100.35,100.35,100.35,100.35,100.35,100.35,100.35,90.67,91.34,91.34,98.33,98.33,100.03,93.23,96.14,96.14,100.26,100.26,91.59,91.59,91.61,91.61,92.33,92.33,92.33,91.06,91.06,91.06,88.66,87.27,87.27,87.65,87.65,87.65,87.65,87.65,87.65,87.65,87.65,86.41,87.00,87.00,87.00,87.00,87.00,87.00,86.41,83.25,88.04
Producto,0.005585265,03211154,ZAPATOS DEPORTIVOS PARA HOMBRE,96.51,95.97,96.81,96.81,107.28,106.69,107.79,107.79,108.85,107.68,107.68,103.58,106.27,106.55,106.55,106.55,106.55,106.55,106.55,105.22,106.78,99.42,99.42,98.20,98.20,89.82,89.82,89.47,89.47,89.11,89.11,89.40,90.49,90.49,88.38,88.38,88.38,88.38,88.38,83.84,83.84,83.84,81.41,83.24,83.24,83.24,83.24,83.24,83.24,83.24,84.03,84.03,84.03,84.03,84.03,84.37,84.37,83.68,83.41,83.41,83.41,83.41,83.41,83.41,83.41,83.41,83.41,83.41,83.41,83.41,83.41,78.59,78.59,78.59,78.59,78.59,78.59,78.59,72.18,72.18,71.59,71.59,72.57,72.57,72.57,72.57,72.57,74.21,74.21,74.21,74.21,74.21,74.21,74.21,75.66,75.66,74.08,68.04,68.04,65.52,65.52,65.52,62.53,61.49,55.31,55.31,62.08,62.08,62.08,61.04,61.04,62.88,62.91,63.76,61.69,61.69,61.97,61.97,61.97,61.97,61.97,61.97,56.06,56.06,52.06,52.06,52.06,51.08,51.08,50.51,48.30,48.30,48.30,48.30,48.30,48.21,48.21,48.21
Producto,0.000267109,03211155,BOTAS PARA HOMBRE,103.89,103.89,103.89,103.89,103.89,103.89,103.89,99.92,99.30,99.30,99.30,89.04,100.98,101.13,99.61,88.87,88.87,90.23,99.31,103.76,103.76,103.76,101.20,98.34,98.34,98.34,103.76,98.34,98.34,91.25,96.28,73.38,68.62,68.62,68.62,69.19,65.65,71.29,71.29,71.29,69.15,67.61,68.67,68.39,54.76,48.40,48.59,48.59,49.45,49.45,51.30,52.89,49.30,49.30,49.30,49.30,49.30,49.30,49.30,49.30,42.91,42.27,42.27,42.27,42.27,42.27,42.27,42.27,38.86,39.52,39.52,37.70,35.32,35.32,35.32,35.32,33.28,33.28,30.57,30.12,30.12,29.13,29.13,26.41,24.69,28.36,26.51,26.51,26.51,26.51,26.51,26.51,27.33,26.51,24.98,22.26,22.26,22.26,22.26,21.74,21.74,22.17,21.53,21.53,21.53,21.53,21.53,20.75,19.62,20.13,20.13,20.62,20.62,20.62,20.26,20.62,20.62,20.62,20.62,18.15,18.15,16.90,16.90,16.90,16.90,16.90,16.90,16.90,15.74,15.74,15.74,15.74,15.74,15.74,15.74,15.74,15.74,16.04
Subclase,0.008371024,03212,Zapatos de mujeres de 13 años y más,94.84,94.71,94.86,94.39,94.17,94.17,94.17,95.07,94.84,94.10,93.72,91.96,94.66,94.66,92.69,90.25,90.58,91.54,92.05,92.30,92.34,92.30,92.77,92.90,91.65,92.41,94.01,92.70,93.20,92.78,92.78,91.55,91.61,91.61,90.05,89.39,90.68,89.38,89.65,87.38,87.28,87.70,87.65,86.82,87.25,86.93,88.49,87.43,87.54,87.12,87.32,87.70,87.05,85.51,85.88,85.15,85.27,84.69,84.78,82.49,84.93,84.88,83.17,83.85,83.08,82.23,81.93,81.93,81.38,81.38,81.22,81.37,79.90,79.48,76.33,75.58,74.08,74.25,73.39,74.65,74.05,74.17,75.50,76.64,76.90,76.63,78.99,79.46,73.97,73.97,73.31,74.02,73.88,73.25,72.48,72.48,72.09,70.78,70.10,69.88,67.81,64.67,64.23,64.08,63.73,62.44,60.62,59.94,57.55,57.67,57.67,57.15,56.64,58.51,58.29,57.34,57.55,57.27,58.51,55.88,58.05,56.86,55.26,53.79,53.33,50.91,48.13,48.13,48.30,48.30,47.34,47.34,47.34,46.86,46.86,46.86,47.02,47.02
Producto,0.005289198,03212156,CALZADO PARA MUJER,98.31,98.31,98.67,97.52,96.80,96.80,96.80,97.97,97.97,97.97,97.04,94.08,100.28,100.28,95.29,89.72,90.98,93.31,96.03,96.76,96.76,96.76,97.92,97.92,94.85,93.97,96.62,94.31,95.69,95.50,95.50,92.48,92.48,92.48,90.55,88.92,91.54,90.31,91.74,87.22,87.32,88.07,88.00,88.00,88.45,87.67,90.14,88.51,88.78,87.55,86.78,87.90,86.30,85.20,86.10,84.98,85.27,85.27,85.27,81.03,80.39,81.42,77.23,78.90,78.67,77.56,77.56,77.56,77.56,77.56,77.56,77.92,74.33,73.29,68.20,66.45,64.74,65.16,64.37,65.48,65.21,65.21,66.75,66.88,66.88,67.90,72.00,73.26,71.48,71.48,69.86,69.86,69.52,69.52,69.52,69.52,68.56,65.96,64.94,64.94,64.94,63.00,62.37,62.02,62.19,60.82,62.00,61.76,61.76,61.28,61.28,60.42,60.33,65.37,64.91,62.71,63.36,63.37,65.35,59.41,64.15,64.15,64.15,60.55,60.55,58.68,55.57,55.57,55.57,55.57,56.79,56.79,56.79,55.61,55.61,55.61,55.99,55.99
Producto,0.002033175,03212157,ZAPATOS DEPORTIVOS PARA MUJER,90.72,90.72,90.72,90.72,90.72,90.72,90.72,91.57,90.79,88.65,89.00,88.05,88.05,88.05,88.05,88.05,88.05,88.05,88.05,88.05,88.05,88.05,88.05,88.43,88.43,89.23,90.74,90.55,90.37,89.49,89.49,89.49,89.67,89.67,89.64,89.64,89.64,88.61,87.71,87.71,87.71,87.71,87.71,88.93,88.93,88.93,88.93,87.77,87.77,87.77,89.25,89.37,89.37,86.25,86.25,85.46,85.46,83.80,85.80,85.80,92.55,92.55,92.55,92.55,91.15,90.41,90.41,90.41,90.41,90.41,90.41,90.41,90.41,90.41,90.41,90.41,90.41,90.41,90.41,92.73,92.73,92.73,94.75,97.88,98.64,97.37,97.37,97.37,85.86,85.86,85.86,87.88,87.88,85.86,85.86,85.86,85.86,85.86,86.37,86.29,80.34,75.12,74.59,74.59,73.35,73.35,65.36,64.62,58.77,58.77,58.77,59.54,59.68,59.68,60.64,60.64,60.48,59.75,59.75,59.75,59.75,56.30,53.05,53.05,51.71,48.22,44.46,44.46,44.46,44.46,41.56,41.56,41.56,41.56,41.56,41.56,41.56,41.56
Producto,0.001048651,03212158,BOTAS PARA MUJER,94.91,94.37,94.37,94.37,94.70,94.70,94.70,95.21,95.38,95.38,94.87,94.01,94.70,94.70,94.98,94.27,93.50,93.57,91.12,90.88,91.04,90.88,90.88,90.88,90.88,94.32,94.32,93.05,93.05,92.91,92.91,92.91,92.91,92.92,89.79,89.84,90.72,88.91,88.91,87.17,86.61,87.08,86.99,81.86,82.86,82.86,85.13,85.13,85.13,85.48,85.48,84.99,84.99,84.99,84.99,84.99,84.99,84.99,82.50,80.22,81.68,79.74,79.74,79.74,78.96,78.39,77.17,77.17,74.91,74.91,74.25,74.25,74.25,74.25,69.88,69.71,66.45,66.45,64.24,64.24,62.21,62.71,62.71,62.71,62.71,61.67,64.50,64.31,61.22,61.22,61.22,61.22,61.22,61.53,58.37,58.37,58.37,57.34,55.57,54.78,54.78,52.58,52.58,52.58,52.58,49.63,51.57,50.26,48.79,50.06,50.06,48.29,46.15,45.38,43.87,43.66,43.66,43.51,45.29,44.48,45.43,45.44,43.55,43.55,43.55,41.76,40.93,40.93,41.60,41.60,39.78,39.78,39.78,39.78,39.78,39.78,39.82,39.82
Subclase,0.004151385,03213,Zapatos de niños y niñas de 3 a 12 años,90.73,90.73,90.86,91.62,91.62,91.97,92.34,93.16,92.76,93.42,93.42,92.74,91.46,91.46,91.46,90.02,90.02,90.19,91.03,91.41,91.80,91.16,91.16,87.83,86.94,86.94,87.69,87.61,87.29,86.26,85.71,83.48,83.77,83.77,84.49,83.22,82.61,83.05,83.29,82.57,82.22,82.67,82.73,80.76,80.76,80.43,80.18,78.60,78.60,78.79,79.26,79.25,78.04,78.31,77.17,76.98,76.30,75.46,76.21,76.21,74.17,73.10,74.10,75.19,74.01,73.44,73.44,73.03,73.29,73.22,73.22,73.22,72.19,72.07,71.45,72.48,72.48,72.48,72.68,71.53,71.76,71.88,72.51,70.42,68.13,67.96,68.01,69.59,69.52,69.52,69.73,74.90,76.72,75.19,74.20,74.20,73.95,74.62,74.44,74.77,74.62,74.62,72.79,72.38,72.28,72.44,71.49,71.38,71.38,70.83,70.93,72.16,72.45,71.65,69.75,69.78,69.75,69.70,68.75,68.75,68.75,68.67,68.71,68.65,68.65,68.73,68.73,70.28,70.14,70.14,70.14,68.37,68.16,68.16,68.32,68.03,68.10,68.11
Producto,0.002074336,03213159,CALZADO PARA NIÑAS Y NIÑOS,82.70,82.70,82.99,83.48,83.48,84.30,84.30,86.23,85.28,85.28,85.28,85.28,85.28,85.28,85.28,81.89,81.89,82.24,85.64,86.55,86.58,86.58,86.58,86.58,86.58,86.58,86.58,86.58,85.82,85.41,85.41,81.16,81.16,81.16,81.16,78.18,78.32,79.35,79.65,79.17,78.36,79.04,79.17,78.88,78.88,78.66,78.08,78.08,78.08,78.53,80.05,80.03,77.19,77.81,77.81,77.81,77.47,77.47,77.47,77.47,73.69,73.08,72.82,75.37,74.37,73.25,73.25,72.29,72.91,72.91,72.91,72.91,70.48,70.20,71.25,71.23,71.23,71.23,71.71,71.86,73.08,73.36,73.36,68.45,68.45,68.23,68.02,73.40,73.40,73.40,73.39,73.38,77.74,77.74,75.40,75.40,75.24,75.95,75.80,76.31,76.90,76.90,76.55,77.09,76.82,77.20,72.34,72.34,72.34,71.17,71.41,73.46,73.64,71.89,67.50,67.50,67.44,67.33,66.52,66.52,66.52,66.46,66.46,66.32,66.32,66.52,66.52,70.15,70.15,70.15,70.15,70.58,70.09,70.09,70.70,70.06,70.23,70.26
Producto,0.001957433,03213160,ZAPATOS DEPORTIVOS PARA NIÑAS Y NIÑOS,96.51,96.51,96.51,97.59,97.59,97.59,98.31,98.31,98.31,99.60,99.60,98.29,98.29,98.29,98.29,98.29,98.29,98.29,98.29,98.29,98.99,97.76,97.76,91.28,89.55,89.55,90.86,90.70,90.70,89.27,88.22,87.70,87.70,87.70,89.11,89.11,89.11,89.11,89.11,88.10,88.10,88.10,88.10,85.20,85.20,85.20,85.20,82.53,82.53,82.53,82.53,82.53,82.53,82.53,80.32,80.32,78.90,77.65,79.11,79.11,78.27,77.04,79.21,79.21,78.48,78.58,78.58,78.58,78.58,78.58,78.58,78.58,78.58,78.58,76.56,78.58,78.58,78.58,78.58,76.23,76.23,76.23,77.45,77.45,72.98,72.98,73.44,72.24,71.63,71.63,72.05,82.12,82.12,79.15,79.15,79.15,79.15,79.87,79.63,79.87,79.08,79.08,75.79,74.59,74.59,74.59,76.76,76.76,76.76,76.53,76.53,77.50,77.92,77.81,77.81,77.81,77.81,77.81,76.63,76.63,76.63,76.63,76.63,76.63,76.63,76.63,76.63,76.63,76.63,76.63,76.63,72.84,72.84,72.84,72.84,72.84,72.84,72.84
Producto,0.000119615,03213161,BOTAS PARA NIÑAS Y NIÑOS,98.06,98.06,98.06,98.06,98.06,98.06,98.06,98.06,98.06,98.06,98.06,98.06,77.08,77.08,77.08,77.08,77.08,77.53,67.49,67.51,67.75,67.51,67.51,67.51,67.51,67.51,68.80,68.80,68.80,66.81,66.81,64.07,68.80,68.80,68.80,68.80,57.85,57.85,59.74,59.74,59.74,62.43,62.43,56.59,56.59,52.69,52.69,49.26,49.26,49.26,46.33,46.33,46.33,46.33,46.33,43.14,46.33,43.14,43.14,43.14,43.14,40.17,40.17,40.17,33.90,31.54,31.54,31.54,31.54,30.41,30.41,30.41,30.41,30.41,29.81,29.81,29.81,29.81,29.81,29.81,25.07,25.07,25.07,25.07,25.07,23.97,22.32,20.87,24.82,24.82,24.82,24.82,24.30,24.30,24.30,24.30,21.36,21.36,21.36,21.36,21.36,21.36,21.36,21.21,21.36,21.36,21.36,19.46,19.46,20.58,20.58,18.20,18.20,18.20,17.72,18.10,18.10,18.10,18.10,18.10,18.10,17.12,17.79,17.79,17.79,17.79,17.79,17.79,15.49,15.49,15.49,15.49,15.49,15.57,13.87,13.55,13.55,13.55
Subclase,0.000674382,03214,Zapatos de niños y niñas de 0 a 2 años,99.36,98.68,100.60,100.60,101.18,101.18,95.85,101.16,99.85,102.50,102.50,101.65,101.65,101.65,101.65,99.78,99.78,100.15,100.15,98.90,98.90,98.90,98.90,98.25,98.25,99.09,100.58,98.55,96.36,97.22,97.22,96.71,96.71,96.71,95.22,98.70,97.20,94.13,94.13,94.13,94.13,91.76,91.65,93.38,93.38,90.64,90.64,88.49,88.49,88.69,88.69,88.69,88.69,88.69,89.22,89.36,89.36,88.96,88.62,88.62,86.02,86.06,83.21,83.21,83.68,84.09,84.09,84.09,84.24,84.24,84.24,84.24,84.24,84.24,84.24,82.23,82.23,82.23,82.23,82.23,81.86,81.00,81.63,81.63,81.89,80.60,79.83,79.83,79.83,76.15,76.15,79.26,79.26,79.26,77.74,76.88,74.89,74.89,72.68,75.69,75.69,75.69,74.30,71.66,70.46,70.46,72.60,71.21,71.21,71.21,71.21,72.01,72.43,71.24,70.71,69.45,69.45,68.90,68.90,68.90,68.90,68.90,66.20,66.20,63.95,63.95,63.95,63.95,63.95,63.95,63.95,63.95,62.77,62.77,62.18,61.50,61.53,61.53
Producto,0.000674382,03214162,CALZADO PARA BEBÉ,99.36,98.68,100.60,100.60,101.18,101.18,95.85,101.16,99.85,102.50,102.50,101.65,101.65,101.65,101.65,99.78,99.78,100.15,100.15,98.90,98.90,98.90,98.90,98.25,98.25,99.09,100.58,98.55,96.36,97.22,97.22,96.71,96.71,96.71,95.22,98.70,97.20,94.13,94.13,94.13,94.13,91.76,91.65,93.38,93.38,90.64,90.64,88.49,88.49,88.69,88.69,88.69,88.69,88.69,89.22,89.36,89.36,88.96,88.62,88.62,86.02,86.06,83.21,83.21,83.68,84.09,84.09,84.09,84.24,84.24,84.24,84.24,84.24,84.24,84.24,82.23,82.23,82.23,82.23,82.23,81.86,81.00,81.63,81.63,81.89,80.60,79.83,79.83,79.83,76.15,76.15,79.26,79.26,79.26,77.74,76.88,74.89,74.89,72.68,75.69,75.69,75.69,74.30,71.66,70.46,70.46,72.60,71.21,71.21,71.21,71.21,72.01,72.43,71.24,70.71,69.45,69.45,68.90,68.90,68.90,68.90,68.90,66.20,66.20,63.95,63.95,63.95,63.95,63.95,63.95,63.95,63.95,62.77,62.77,62.18,61.50,61.53,61.53
Clase,0.000507072,0322,Reparación y alquiler de calzado (S),95.85,95.85,99.13,99.13,99.13,100.95,100.95,103.90,106.98,106.98,104.62,104.62,104.62,104.62,104.62,106.98,106.98,105.05,104.33,104.33,104.33,104.33,104.33,104.33,104.33,102.44,102.44,102.44,102.44,102.44,102.44,102.44,102.44,102.44,100.87,100.87,100.87,100.87,100.87,100.87,100.87,100.87,100.87,101.89,101.68,101.68,101.68,103.82,103.82,105.00,105.00,105.00,105.00,105.00,103.82,103.82,103.82,103.82,103.82,103.82,103.82,103.82,103.82,103.82,103.82,103.82,103.82,103.82,103.82,103.82,103.82,103.82,103.82,103.82,103.82,103.82,103.82,103.82,103.82,101.53,99.29,99.29,99.29,99.29,99.29,99.29,99.29,102.39,104.70,104.70,104.70,104.70,102.81,102.81,102.81,102.81,102.81,102.81,102.81,102.81,106.34,106.34,106.34,106.34,106.34,103.99,103.99,103.99,103.99,103.99,100.54,102.39,104.70,104.70,104.70,104.70,104.70,104.70,104.70,104.70,107.06,107.06,107.06,107.06,107.06,107.06,108.19,108.19,108.19,108.19,108.19,108.19,108.89,108.89,111.35,108.89,108.89,108.89
Subclase,0.000507072,03221,Reparación y alquiler de calzado,95.85,95.85,99.13,99.13,99.13,100.95,100.95,103.90,106.98,106.98,104.62,104.62,104.62,104.62,104.62,106.98,106.98,105.05,104.33,104.33,104.33,104.33,104.33,104.33,104.33,102.44,102.44,102.44,102.44,102.44,102.44,102.44,102.44,102.44,100.87,100.87,100.87,100.87,100.87,100.87,100.87,100.87,100.87,101.89,101.68,101.68,101.68,103.82,103.82,105.00,105.00,105.00,105.00,105.00,103.82,103.82,103.82,103.82,103.82,103.82,103.82,103.82,103.82,103.82,103.82,103.82,103.82,103.82,103.82,103.82,103.82,103.82,103.82,103.82,103.82,103.82,103.82,103.82,103.82,101.53,99.29,99.29,99.29,99.29,99.29,99.29,99.29,102.39,104.70,104.70,104.70,104.70,102.81,102.81,102.81,102.81,102.81,102.81,102.81,102.81,106.34,106.34,106.34,106.34,106.34,103.99,103.99,103.99,103.99,103.99,100.54,102.39,104.70,104.70,104.70,104.70,104.70,104.70,104.70,104.70,107.06,107.06,107.06,107.06,107.06,107.06,108.19,108.19,108.19,108.19,108.19,108.19,108.89,108.89,111.35,108.89,108.89,108.89
Producto,0.000507072,03221163,LIMPIEZA Y REPARACIÓN DE CALZADO,95.85,95.85,99.13,99.13,99.13,100.95,100.95,103.90,106.98,106.98,104.62,104.62,104.62,104.62,104.62,106.98,106.98,105.05,104.33,104.33,104.33,104.33,104.33,104.33,104.33,102.44,102.44,102.44,102.44,102.44,102.44,102.44,102.44,102.44,100.87,100.87,100.87,100.87,100.87,100.87,100.87,100.87,100.87,101.89,101.68,101.68,101.68,103.82,103.82,105.00,105.00,105.00,105.00,105.00,103.82,103.82,103.82,103.82,103.82,103.82,103.82,103.82,103.82,103.82,103.82,103.82,103.82,103.82,103.82,103.82,103.82,103.82,103.82,103.82,103.82,103.82,103.82,103.82,103.82,101.53,99.29,99.29,99.29,99.29,99.29,99.29,99.29,102.39,104.70,104.70,104.70,104.70,102.81,102.81,102.81,102.81,102.81,102.81,102.81,102.81,106.34,106.34,106.34,106.34,106.34,103.99,103.99,103.99,103.99,103.99,100.54,102.39,104.70,104.70,104.70,104.70,104.70,104.70,104.70,104.70,107.06,107.06,107.06,107.06,107.06,107.06,108.19,108.19,108.19,108.19,108.19,108.19,108.89,108.89,111.35,108.89,108.89,108.89
División,0.082995127,04,"Alojamiento, agua, electricidad, gas y otros combustibles",109.95,110.54,110.76,111.12,111.36,111.53,111.67,111.85,112.03,112.09,112.07,112.20,112.25,112.93,113.29,113.51,113.68,114.07,114.84,115.46,115.92,116.47,116.49,117.13,117.27,117.97,118.11,118.33,118.64,118.91,119.07,119.31,119.49,119.43,119.92,120.26,120.56,120.65,120.92,121.20,121.40,121.65,121.42,121.19,121.45,121.48,121.60,121.62,121.93,120.96,120.94,121.10,121.55,121.73,121.92,121.99,121.78,121.66,121.67,121.56,121.62,122.28,122.08,122.24,122.29,122.15,121.90,121.95,121.83,120.94,119.74,119.40,119.13,119.03,119.54,119.84,119.73,119.52,119.24,119.67,119.85,119.89,119.95,119.73,119.67,119.91,119.87,119.94,119.93,119.77,119.57,119.48,119.53,119.31,119.37,119.32,119.45,119.45,119.60,119.77,119.79,119.86,119.67,119.61,119.53,119.44,119.55,119.88,119.98,119.89,119.98,120.17,120.15,111.07,119.44,119.35,119.31,119.52,119.53,101.24,101.40,101.66,101.91,120.00,119.92,120.21,120.09,120.29,120.53,120.71,118.19,118.11,118.25,128.70,128.92,129.49,129.53,130.13
Grupo,0.038323871,041,Alquileres efectivos del alojamiento,117.89,118.94,119.50,120.06,120.54,120.90,121.16,121.50,121.86,122.12,122.07,122.34,122.35,122.95,123.48,123.92,124.25,124.98,126.53,127.85,128.86,129.91,129.95,131.22,131.49,132.85,133.27,133.66,134.24,134.83,135.22,135.62,135.97,135.94,136.86,137.53,138.10,138.26,138.80,139.25,139.66,140.14,139.65,139.25,139.74,139.79,140.11,140.28,140.83,140.41,140.37,140.72,140.59,140.87,141.30,141.47,141.10,140.85,140.88,140.69,140.79,141.94,141.55,141.86,141.98,141.67,141.18,141.27,141.03,139.20,137.99,137.30,136.78,136.55,137.59,138.14,137.92,137.68,137.18,137.93,138.20,138.09,138.32,138.00,137.90,137.90,137.91,137.88,137.94,137.61,137.26,136.91,136.90,136.41,136.50,136.34,136.42,136.40,136.78,137.20,137.29,137.46,137.17,137.29,137.30,137.22,137.30,137.96,138.21,138.10,138.41,138.62,138.50,138.37,138.41,138.35,138.34,138.85,138.87,138.85,139.04,139.65,140.04,139.69,139.59,140.22,140.06,140.40,140.56,140.78,140.58,140.60,140.82,140.82,141.07,142.13,142.09,142.83
Clase,0.038323871,0411,Alquileres efectivos pagados por los inquilinos (S),117.89,118.94,119.50,120.06,120.54,120.90,121.16,121.50,121.86,122.12,122.07,122.34,122.35,122.95,123.48,123.92,124.25,124.98,126.53,127.85,128.86,129.91,129.95,131.22,131.49,132.85,133.27,133.66,134.24,134.83,135.22,135.62,135.97,135.94,136.86,137.53,138.10,138.26,138.80,139.25,139.66,140.14,139.65,139.25,139.74,139.79,140.11,140.28,140.83,140.41,140.37,140.72,140.59,140.87,141.30,141.47,141.10,140.85,140.88,140.69,140.79,141.94,141.55,141.86,141.98,141.67,141.18,141.27,141.03,139.20,137.99,137.30,136.78,136.55,137.59,138.14,137.92,137.68,137.18,137.93,138.20,138.09,138.32,138.00,137.90,137.90,137.91,137.88,137.94,137.61,137.26,136.91,136.90,136.41,136.50,136.34,136.42,136.40,136.78,137.20,137.29,137.46,137.17,137.29,137.30,137.22,137.30,137.96,138.21,138.10,138.41,138.62,138.50,138.37,138.41,138.35,138.34,138.85,138.87,138.85,139.04,139.65,140.04,139.69,139.59,140.22,140.06,140.40,140.56,140.78,140.58,140.60,140.82,140.82,141.07,142.13,142.09,142.83
Subclase,0.038323871,04111,Alquileres efectivos de la vivienda,117.89,118.94,119.50,120.06,120.54,120.90,121.16,121.50,121.86,122.12,122.07,122.34,122.35,122.95,123.48,123.92,124.25,124.98,126.53,127.85,128.86,129.91,129.95,131.22,131.49,132.85,133.27,133.66,134.24,134.83,135.22,135.62,135.97,135.94,136.86,137.53,138.10,138.26,138.80,139.25,139.66,140.14,139.65,139.25,139.74,139.79,140.11,140.28,140.83,140.41,140.37,140.72,140.59,140.87,141.30,141.47,141.10,140.85,140.88,140.69,140.79,141.94,141.55,141.86,141.98,141.67,141.18,141.27,141.03,139.20,137.99,137.30,136.78,136.55,137.59,138.14,137.92,137.68,137.18,137.93,138.20,138.09,138.32,138.00,137.90,137.90,137.91,137.88,137.94,137.61,137.26,136.91,136.90,136.41,136.50,136.34,136.42,136.40,136.78,137.20,137.29,137.46,137.17,137.29,137.30,137.22,137.30,137.96,138.21,138.10,138.41,138.62,138.50,138.37,138.41,138.35,138.34,138.85,138.87,138.85,139.04,139.65,140.04,139.69,139.59,140.22,140.06,140.40,140.56,140.78,140.58,140.60,140.82,140.82,141.07,142.13,142.09,142.83
Producto,0.018519433,04111164,ALQUILER DE CASA,105.92,107.83,108.35,108.35,108.64,108.94,109.29,109.35,109.70,110.03,110.03,110.35,110.36,110.74,111.64,111.94,111.80,112.13,114.06,115.44,115.92,116.52,116.61,117.45,117.84,119.49,119.66,119.55,119.96,120.42,120.57,120.57,120.60,120.53,121.35,121.82,121.82,121.83,122.52,122.90,123.96,124.64,124.61,123.72,124.43,124.56,124.56,124.56,125.09,124.95,124.79,125.00,125.26,125.47,126.50,127.28,125.90,125.74,125.91,125.91,126.08,126.08,125.14,125.14,125.14,124.90,123.66,123.07,123.15,122.08,120.00,119.76,119.44,119.07,119.74,118.76,118.76,118.51,118.52,119.72,120.41,120.16,120.57,119.88,119.88,119.88,119.83,121.46,121.61,121.56,120.82,120.73,120.73,120.60,120.60,120.60,120.70,121.06,121.71,122.59,122.59,122.59,121.85,121.85,121.85,121.73,121.73,122.01,122.01,121.52,122.22,122.56,122.56,122.23,122.23,122.23,122.11,122.70,122.81,122.81,122.81,123.53,123.85,123.79,123.69,124.09,124.01,124.34,124.88,125.04,125.04,125.04,125.31,125.80,125.80,126.77,126.77,126.95
Producto,0.013111185,04111165,ALQUILER DE DEPARTAMENTO,137.81,138.28,139.69,140.67,141.59,141.57,141.85,142.21,142.77,143.47,143.51,143.86,143.87,144.18,144.47,144.88,145.26,146.00,146.74,147.34,147.45,148.35,148.46,148.56,148.80,149.78,149.84,150.52,150.61,151.06,151.92,152.72,153.05,152.93,153.79,153.85,154.14,154.55,155.16,155.63,155.77,155.75,156.05,156.05,156.52,156.49,157.54,157.83,157.79,157.20,157.31,157.46,157.70,158.21,158.09,158.23,158.79,159.07,159.49,159.17,159.21,159.82,159.92,159.99,160.13,159.58,159.43,158.18,157.57,156.25,155.57,154.27,154.06,154.31,154.99,154.82,154.23,153.60,154.04,154.60,154.77,155.43,155.37,155.35,155.07,155.08,155.16,154.63,154.79,155.08,155.06,155.01,155.12,154.80,155.11,154.69,154.77,154.93,155.17,155.20,155.45,155.91,156.06,156.37,156.39,156.32,156.53,156.80,157.49,157.51,157.46,157.01,156.67,156.74,156.84,156.68,156.81,157.44,157.37,157.32,157.81,158.08,158.50,158.87,158.72,158.59,158.23,157.70,157.74,158.14,157.60,157.64,157.92,157.90,158.58,159.33,159.64,160.62
Producto,0.006693254,04111166,ALQUILER DE PIEZA,106.48,106.48,105.29,106.45,106.45,107.80,107.80,108.84,108.84,107.94,107.50,107.50,107.50,109.34,109.34,110.26,111.76,113.53,115.82,118.53,122.93,125.52,125.29,130.25,130.25,131.72,133.56,134.68,136.81,138.01,138.01,138.63,139.86,140.12,141.47,144.01,146.72,146.72,146.72,147.30,146.54,147.61,144.14,144.14,144.14,144.14,143.72,144.11,145.96,145.17,145.17,146.26,144.29,144.29,144.29,142.92,143.20,141.59,140.35,139.98,139.98,145.42,145.42,147.08,147.51,147.51,148.27,153.11,152.80,147.83,147.83,147.25,145.51,144.63,147.43,153.67,153.67,154.27,150.34,150.34,149.68,148.25,148.68,148.68,148.68,148.68,148.68,145.28,144.90,142.45,142.45,140.77,140.48,138.60,138.47,138.47,138.47,137.02,137.02,137.02,137.02,137.02,137.02,137.02,137.02,137.02,137.02,139.55,139.55,140.17,140.17,141.52,141.52,141.52,141.52,141.52,141.52,141.52,141.52,141.52,141.52,142.58,143.14,140.42,140.42,143.37,143.37,145.64,145.07,145.07,145.07,145.07,145.07,143.78,143.78,145.73,144.85,146.58
Grupo,0.004485941,043,Conservación y reparación de la vivienda,100.92,102.03,101.48,101.45,101.45,101.45,101.57,101.50,101.50,100.45,100.53,100.56,100.81,107.12,106.71,106.86,106.90,107.36,107.26,107.36,106.70,107.09,107.12,107.14,107.26,107.50,106.85,107.05,107.31,106.20,106.03,106.69,106.85,106.07,106.65,106.65,106.80,106.90,106.90,107.82,107.85,108.07,108.19,108.21,108.52,108.58,107.97,107.59,107.61,107.42,107.49,107.73,106.30,106.30,106.34,106.08,105.77,105.95,105.95,105.91,106.09,107.06,107.06,107.06,107.06,107.30,107.24,107.26,107.30,107.52,97.53,97.64,97.63,97.64,97.64,98.01,98.10,96.48,96.73,97.26,99.87,100.48,99.57,100.00,100.12,100.74,99.52,100.38,100.24,100.23,100.93,101.15,101.97,102.39,102.65,102.59,104.15,104.19,103.57,103.76,103.61,103.85,103.87,102.15,102.13,101.25,102.36,102.53,102.65,101.74,101.20,100.48,101.07,101.00,99.90,98.79,98.26,97.68,97.77,98.15,98.49,97.52,98.29,98.09,97.69,97.23,96.97,97.70,101.24,101.72,102.07,101.37,100.31,101.11,102.00,101.41,102.35,106.30
Clase,0.002530953,0431,Materiales para la conservación y la reparación de la vivienda (ND),99.09,100.13,99.15,99.04,99.04,99.04,99.32,99.16,99.16,96.70,96.89,96.95,97.54,98.15,97.19,97.55,97.62,98.70,98.47,98.71,97.17,98.08,98.14,98.18,98.46,99.03,97.52,97.98,98.60,96.00,95.59,97.14,97.50,95.68,97.05,97.04,97.39,97.63,97.63,99.78,99.85,100.37,100.65,100.70,101.41,101.55,100.12,99.24,99.28,98.83,99.01,99.56,96.22,96.22,96.33,95.71,94.98,95.40,95.40,95.31,95.73,98.01,98.01,98.01,98.00,98.57,98.43,98.46,98.57,99.09,98.99,99.26,99.22,99.25,99.25,100.11,100.32,96.54,97.12,98.37,98.97,100.40,98.26,99.27,99.34,100.79,97.94,99.95,99.62,99.59,101.22,101.74,103.66,104.65,105.25,105.11,108.75,108.84,107.38,107.84,107.50,108.05,108.09,104.08,104.03,101.98,104.57,104.97,105.24,103.12,101.87,104.19,105.58,105.41,102.84,100.25,103.78,102.43,102.63,103.52,104.31,102.06,103.86,103.39,102.45,101.38,100.77,102.47,101.94,103.08,103.90,102.25,99.78,101.64,103.74,102.36,104.55,104.36
Subclase,0.002530953,04311,Materiales para la conservación y la reparación de la vivienda,99.09,100.13,99.15,99.04,99.04,99.04,99.32,99.16,99.16,96.70,96.89,96.95,97.54,98.15,97.19,97.55,97.62,98.70,98.47,98.71,97.17,98.08,98.14,98.18,98.46,99.03,97.52,97.98,98.60,96.00,95.59,97.14,97.50,95.68,97.05,97.04,97.39,97.63,97.63,99.78,99.85,100.37,100.65,100.70,101.41,101.55,100.12,99.24,99.28,98.83,99.01,99.56,96.22,96.22,96.33,95.71,94.98,95.40,95.40,95.31,95.73,98.01,98.01,98.01,98.00,98.57,98.43,98.46,98.57,99.09,98.99,99.26,99.22,99.25,99.25,100.11,100.32,96.54,97.12,98.37,98.97,100.40,98.26,99.27,99.34,100.79,97.94,99.95,99.62,99.59,101.22,101.74,103.66,104.65,105.25,105.11,108.75,108.84,107.38,107.84,107.50,108.05,108.09,104.08,104.03,101.98,104.57,104.97,105.24,103.12,101.87,104.19,105.58,105.41,102.84,100.25,103.78,102.43,102.63,103.52,104.31,102.06,103.86,103.39,102.45,101.38,100.77,102.47,101.94,103.08,103.90,102.25,99.78,101.64,103.74,102.36,104.55,104.36
Producto,0.000635136,04311167,CEMENTO,100.87,100.87,100.87,100.87,100.87,100.87,100.87,100.87,100.87,100.87,100.87,101.31,102.56,102.52,102.52,102.52,102.52,104.06,104.06,104.37,104.35,104.35,104.35,104.35,104.35,105.18,106.60,106.62,106.62,104.74,104.50,104.81,104.79,104.76,104.79,104.76,104.76,104.74,104.74,104.77,104.77,104.79,104.79,104.79,104.77,104.30,103.21,103.21,103.21,103.21,103.24,103.24,103.24,103.24,103.24,103.24,103.17,102.74,102.74,102.74,102.74,102.74,102.74,102.74,102.51,102.51,102.12,102.36,102.43,101.75,101.75,101.75,101.86,102.11,102.11,102.87,103.02,103.02,103.02,103.02,102.82,102.78,102.78,102.75,105.17,106.01,105.98,105.98,105.98,105.44,105.47,105.47,105.47,105.47,105.47,105.47,107.11,107.79,107.34,106.90,106.46,105.01,104.85,104.67,104.29,103.74,102.66,102.66,102.66,102.43,101.35,100.20,99.54,99.54,99.54,99.54,98.90,99.22,99.22,99.22,99.24,99.97,100.15,100.15,99.15,99.15,99.13,99.18,99.20,101.72,102.00,102.00,102.20,101.35,100.42,101.14,103.03,103.68
Producto,0.001220167,04311168,PINTURA,101.11,103.45,101.76,101.34,101.34,101.34,101.63,101.63,101.63,98.93,99.23,99.23,99.94,99.94,98.41,98.41,98.41,99.49,99.10,99.43,97.38,98.89,98.91,98.91,99.46,100.25,101.04,101.84,102.91,99.30,99.35,101.25,102.81,101.08,103.02,103.02,103.62,104.04,104.04,107.77,107.89,108.79,108.94,110.02,110.92,111.78,109.92,108.56,108.54,107.21,107.21,106.12,100.30,100.30,100.30,99.18,97.94,98.77,98.77,99.66,100.39,104.21,104.21,104.21,104.25,104.77,104.77,104.77,104.77,104.97,104.97,105.44,105.70,105.70,105.70,107.10,107.78,101.22,102.23,104.09,105.06,106.48,102.74,104.54,103.25,105.57,99.36,102.70,103.07,102.36,105.19,105.86,109.98,109.98,109.98,109.61,115.69,115.68,113.27,113.68,113.68,115.69,115.69,108.78,108.78,105.35,110.10,110.93,111.41,107.77,107.77,111.17,113.60,113.43,108.86,104.36,110.63,108.77,108.71,110.08,110.74,106.65,110.04,110.04,108.95,107.06,106.01,108.95,108.06,108.02,109.39,105.70,101.46,104.89,108.31,106.02,109.32,108.77
Producto,0.00067565,04311169,MATERIALES PARA REPARACIÓN DE LA VIVIENDA,94.21,93.12,93.12,93.56,93.58,93.58,93.94,93.38,93.38,90.25,90.34,90.34,90.34,92.49,92.22,93.44,93.71,94.55,94.56,94.56,93.32,93.49,93.65,93.81,93.65,93.65,86.16,86.17,86.16,85.25,83.85,85.26,83.43,80.56,81.42,81.42,81.42,81.42,81.42,81.42,81.42,81.42,82.08,80.08,80.79,79.75,79.05,78.69,78.87,80.00,80.61,84.70,84.70,84.70,85.08,85.18,85.18,85.18,85.18,83.08,83.08,83.35,83.35,83.35,83.35,84.29,83.97,83.97,84.33,86.04,85.70,85.70,84.99,84.99,84.99,84.81,84.09,84.09,84.09,84.70,84.94,87.08,87.16,87.08,88.75,88.75,91.29,91.58,89.68,91.26,91.26,91.72,90.16,93.58,95.68,95.92,95.62,95.62,95.62,96.59,95.62,94.21,94.41,94.41,94.41,94.41,94.41,94.13,94.13,94.13,90.29,92.13,92.37,92.13,92.37,92.36,92.36,91.26,92.07,92.41,93.86,93.86,93.25,91.63,90.98,91.07,91.07,91.07,91.01,93.82,93.82,95.48,95.27,95.27,96.16,95.60,95.74,95.85
Clase,0.001954988,0432,Servicios para la conservación y la reparación de la vivienda (S),102.30,103.46,103.23,103.26,103.26,103.26,103.26,103.26,103.26,103.26,103.26,103.26,103.26,113.84,113.84,113.84,113.84,113.84,113.84,113.84,113.84,113.84,113.84,113.84,113.84,113.84,113.84,113.84,113.84,113.84,113.84,113.84,113.84,113.84,113.84,113.84,113.84,113.84,113.84,113.84,113.84,113.84,113.84,113.84,113.84,113.84,113.84,113.84,113.84,113.84,113.84,113.84,113.84,113.84,113.84,113.84,113.84,113.84,113.84,113.84,113.84,113.84,113.84,113.84,113.84,113.84,113.84,113.84,113.84,113.84,96.43,96.43,96.43,96.43,96.43,96.43,96.43,96.43,96.43,96.43,100.54,100.54,100.54,100.54,100.71,100.71,100.71,100.71,100.71,100.71,100.71,100.71,100.71,100.71,100.71,100.71,100.71,100.71,100.71,100.71,100.71,100.71,100.71,100.71,100.71,100.71,100.71,100.71,100.71,100.71,100.71,97.69,97.69,97.69,97.69,97.69,94.13,94.13,94.13,94.13,94.13,94.13,94.13,94.13,94.13,94.13,94.13,94.13,100.71,100.71,100.71,100.71,100.71,100.71,100.71,100.71,100.71,107.75
Subclase,0.001954988,04321,Servicios para la conservación y la reparación de la vivienda,102.30,103.46,103.23,103.26,103.26,103.26,103.26,103.26,103.26,103.26,103.26,103.26,103.26,113.84,113.84,113.84,113.84,113.84,113.84,113.84,113.84,113.84,113.84,113.84,113.84,113.84,113.84,113.84,113.84,113.84,113.84,113.84,113.84,113.84,113.84,113.84,113.84,113.84,113.84,113.84,113.84,113.84,113.84,113.84,113.84,113.84,113.84,113.84,113.84,113.84,113.84,113.84,113.84,113.84,113.84,113.84,113.84,113.84,113.84,113.84,113.84,113.84,113.84,113.84,113.84,113.84,113.84,113.84,113.84,113.84,96.43,96.43,96.43,96.43,96.43,96.43,96.43,96.43,96.43,96.43,100.54,100.54,100.54,100.54,100.71,100.71,100.71,100.71,100.71,100.71,100.71,100.71,100.71,100.71,100.71,100.71,100.71,100.71,100.71,100.71,100.71,100.71,100.71,100.71,100.71,100.71,100.71,100.71,100.71,100.71,100.71,97.69,97.69,97.69,97.69,97.69,94.13,94.13,94.13,94.13,94.13,94.13,94.13,94.13,94.13,94.13,94.13,94.13,100.71,100.71,100.71,100.71,100.71,100.71,100.71,100.71,100.71,107.75
Producto,0.001954988,04321170,SERVICIOS DE REPARACIÓN DE LA VIVIENDA,102.30,103.46,103.23,103.26,103.26,103.26,103.26,103.26,103.26,103.26,103.26,103.26,103.26,113.84,113.84,113.84,113.84,113.84,113.84,113.84,113.84,113.84,113.84,113.84,113.84,113.84,113.84,113.84,113.84,113.84,113.84,113.84,113.84,113.84,113.84,113.84,113.84,113.84,113.84,113.84,113.84,113.84,113.84,113.84,113.84,113.84,113.84,113.84,113.84,113.84,113.84,113.84,113.84,113.84,113.84,113.84,113.84,113.84,113.84,113.84,113.84,113.84,113.84,113.84,113.84,113.84,113.84,113.84,113.84,113.84,96.43,96.43,96.43,96.43,96.43,96.43,96.43,96.43,96.43,96.43,100.54,100.54,100.54,100.54,100.71,100.71,100.71,100.71,100.71,100.71,100.71,100.71,100.71,100.71,100.71,100.71,100.71,100.71,100.71,100.71,100.71,100.71,100.71,100.71,100.71,100.71,100.71,100.71,100.71,100.71,100.71,97.69,97.69,97.69,97.69,97.69,94.13,94.13,94.13,94.13,94.13,94.13,94.13,94.13,94.13,94.13,94.13,94.13,100.71,100.71,100.71,100.71,100.71,100.71,100.71,100.71,100.71,107.75
Grupo,0.01578502,044,Suministro de agua y servicios diversos relacionados con la vivienda,98.26,98.26,98.26,98.46,98.46,98.46,98.46,98.54,98.54,98.54,98.54,98.54,98.71,98.75,99.29,99.22,99.22,99.36,99.36,99.17,99.17,99.17,99.17,99.21,99.21,99.13,98.90,99.04,99.04,99.17,99.17,99.17,99.17,99.17,99.17,99.17,99.17,99.17,99.17,99.17,99.17,99.17,99.17,99.17,99.17,99.17,99.17,99.17,99.17,99.17,99.08,99.08,99.21,99.21,99.21,99.21,99.17,99.10,99.10,99.14,99.14,99.14,99.14,99.14,99.10,99.10,99.10,99.10,99.10,99.10,99.10,99.10,99.10,99.14,99.14,99.14,99.14,99.14,98.91,99.01,98.64,99.01,99.05,98.76,98.92,99.46,99.46,99.46,99.46,99.46,99.46,99.46,99.46,99.46,99.46,99.46,99.46,99.54,99.54,99.61,99.61,99.61,99.61,99.61,99.61,99.61,99.61,99.61,99.61,99.61,99.62,99.78,99.84,99.84,99.84,99.84,99.84,99.84,99.84,99.84,99.84,99.84,99.84,99.84,99.84,99.84,99.84,99.84,99.84,99.84,99.84,99.84,100.12,166.42,166.72,167.07,167.07,167.07
Clase,0.012677546,0441,Suministro de agua (ND),97.98,97.98,97.98,97.98,97.98,97.98,97.98,97.98,97.98,97.98,97.98,97.98,97.98,97.98,97.98,97.98,97.98,97.98,97.98,97.98,97.98,97.98,97.98,97.98,97.98,97.98,97.98,97.98,97.98,97.98,97.98,97.98,97.98,97.98,97.98,97.98,97.98,97.98,97.98,97.98,97.98,97.98,97.98,97.98,97.98,97.98,97.98,97.98,97.98,97.98,97.98,97.98,97.98,97.98,97.98,97.98,97.98,97.98,97.98,97.98,97.98,97.98,97.98,97.98,97.98,97.98,97.98,97.98,97.98,97.98,97.98,97.98,97.98,97.98,97.98,97.98,97.98,97.98,97.98,97.98,97.98,97.98,97.98,97.98,97.98,97.98,97.98,97.98,97.98,97.98,97.98,97.98,97.98,97.98,97.98,97.98,97.98,97.98,97.98,97.98,97.98,97.98,97.98,97.98,97.98,97.98,97.98,97.98,97.98,97.98,97.98,97.98,97.98,97.98,97.98,97.98,97.98,97.98,97.98,97.98,97.98,97.98,97.98,97.98,97.98,97.98,97.98,97.98,97.98,97.98,97.98,97.98,97.98,170.48,170.48,170.48,170.48,170.48
Subclase,0.012677546,04411,Suministro de agua,97.98,97.98,97.98,97.98,97.98,97.98,97.98,97.98,97.98,97.98,97.98,97.98,97.98,97.98,97.98,97.98,97.98,97.98,97.98,97.98,97.98,97.98,97.98,97.98,97.98,97.98,97.98,97.98,97.98,97.98,97.98,97.98,97.98,97.98,97.98,97.98,97.98,97.98,97.98,97.98,97.98,97.98,97.98,97.98,97.98,97.98,97.98,97.98,97.98,97.98,97.98,97.98,97.98,97.98,97.98,97.98,97.98,97.98,97.98,97.98,97.98,97.98,97.98,97.98,97.98,97.98,97.98,97.98,97.98,97.98,97.98,97.98,97.98,97.98,97.98,97.98,97.98,97.98,97.98,97.98,97.98,97.98,97.98,97.98,97.98,97.98,97.98,97.98,97.98,97.98,97.98,97.98,97.98,97.98,97.98,97.98,97.98,97.98,97.98,97.98,97.98,97.98,97.98,97.98,97.98,97.98,97.98,97.98,97.98,97.98,97.98,97.98,97.98,97.98,97.98,97.98,97.98,97.98,97.98,97.98,97.98,97.98,97.98,97.98,97.98,97.98,97.98,97.98,97.98,97.98,97.98,97.98,97.98,170.48,170.48,170.48,170.48,170.48
Producto,0.012677546,04411171,SUMINISTRO DE AGUA,97.98,97.98,97.98,97.98,97.98,97.98,97.98,97.98,97.98,97.98,97.98,97.98,97.98,97.98,97.98,97.98,97.98,97.98,97.98,97.98,97.98,97.98,97.98,97.98,97.98,97.98,97.98,97.98,97.98,97.98,97.98,97.98,97.98,97.98,97.98,97.98,97.98,97.98,97.98,97.98,97.98,97.98,97.98,97.98,97.98,97.98,97.98,97.98,97.98,97.98,97.98,97.98,97.98,97.98,97.98,97.98,97.98,97.98,97.98,97.98,97.98,97.98,97.98,97.98,97.98,97.98,97.98,97.98,97.98,97.98,97.98,97.98,97.98,97.98,97.98,97.98,97.98,97.98,97.98,97.98,97.98,97.98,97.98,97.98,97.98,97.98,97.98,97.98,97.98,97.98,97.98,97.98,97.98,97.98,97.98,97.98,97.98,97.98,97.98,97.98,97.98,97.98,97.98,97.98,97.98,97.98,97.98,97.98,97.98,97.98,97.98,97.98,97.98,97.98,97.98,97.98,97.98,97.98,97.98,97.98,97.98,97.98,97.98,97.98,97.98,97.98,97.98,97.98,97.98,97.98,97.98,97.98,97.98,170.48,170.48,170.48,170.48,170.48
Clase,0.003107474,0444,Otros servicios relacionados con la vivienda n.e.p. (S),101.22,101.22,101.22,103.54,103.54,103.54,103.54,104.51,104.51,104.51,104.51,104.51,106.52,106.91,113.30,112.44,112.44,114.08,114.08,111.83,111.83,111.83,111.83,112.31,112.31,111.34,108.75,110.33,110.33,111.83,111.83,111.83,111.83,111.83,111.83,111.83,111.83,111.83,111.83,111.83,111.83,111.83,111.83,111.83,111.83,111.83,111.83,111.83,111.83,111.83,110.84,110.84,112.31,112.31,112.31,112.31,111.83,110.99,110.99,111.47,111.47,111.47,111.47,111.47,110.99,110.99,110.99,110.99,110.99,110.99,110.99,110.99,110.99,111.47,111.47,111.47,111.47,111.47,108.77,109.93,105.64,109.97,110.45,107.10,108.90,115.29,115.29,115.29,115.29,115.29,115.29,115.29,115.29,115.29,115.29,115.29,115.29,116.23,116.23,116.94,116.94,116.94,116.94,116.94,116.94,116.94,116.94,116.94,116.94,116.94,117.17,119.04,119.67,119.67,119.67,119.67,119.67,119.67,119.67,119.67,119.67,119.67,119.67,119.67,119.67,119.67,119.67,119.67,119.67,119.67,119.67,119.67,122.97,122.97,126.46,130.56,130.56,130.56
Subclase,0.003107474,04441,Servicios relacionados con la vivienda,101.22,101.22,101.22,103.54,103.54,103.54,103.54,104.51,104.51,104.51,104.51,104.51,106.52,106.91,113.30,112.44,112.44,114.08,114.08,111.83,111.83,111.83,111.83,112.31,112.31,111.34,108.75,110.33,110.33,111.83,111.83,111.83,111.83,111.83,111.83,111.83,111.83,111.83,111.83,111.83,111.83,111.83,111.83,111.83,111.83,111.83,111.83,111.83,111.83,111.83,110.84,110.84,112.31,112.31,112.31,112.31,111.83,110.99,110.99,111.47,111.47,111.47,111.47,111.47,110.99,110.99,110.99,110.99,110.99,110.99,110.99,110.99,110.99,111.47,111.47,111.47,111.47,111.47,108.77,109.93,105.64,109.97,110.45,107.10,108.90,115.29,115.29,115.29,115.29,115.29,115.29,115.29,115.29,115.29,115.29,115.29,115.29,116.23,116.23,116.94,116.94,116.94,116.94,116.94,116.94,116.94,116.94,116.94,116.94,116.94,117.17,119.04,119.67,119.67,119.67,119.67,119.67,119.67,119.67,119.67,119.67,119.67,119.67,119.67,119.67,119.67,119.67,119.67,119.67,119.67,119.67,119.67,122.97,122.97,126.46,130.56,130.56,130.56
Producto,0.003107474,04441172,SERVICIO DE SEGURIDAD DE LA VIVIENDA,101.22,101.22,101.22,103.54,103.54,103.54,103.54,104.51,104.51,104.51,104.51,104.51,106.52,106.91,113.30,112.44,112.44,114.08,114.08,111.83,111.83,111.83,111.83,112.31,112.31,111.34,108.75,110.33,110.33,111.83,111.83,111.83,111.83,111.83,111.83,111.83,111.83,111.83,111.83,111.83,111.83,111.83,111.83,111.83,111.83,111.83,111.83,111.83,111.83,111.83,110.84,110.84,112.31,112.31,112.31,112.31,111.83,110.99,110.99,111.47,111.47,111.47,111.47,111.47,110.99,110.99,110.99,110.99,110.99,110.99,110.99,110.99,110.99,111.47,111.47,111.47,111.47,111.47,108.77,109.93,105.64,109.97,110.45,107.10,108.90,115.29,115.29,115.29,115.29,115.29,115.29,115.29,115.29,115.29,115.29,115.29,115.29,116.23,116.23,116.94,116.94,116.94,116.94,116.94,116.94,116.94,116.94,116.94,116.94,116.94,117.17,119.04,119.67,119.67,119.67,119.67,119.67,119.67,119.67,119.67,119.67,119.67,119.67,119.67,119.67,119.67,119.67,119.67,119.67,119.67,119.67,119.67,122.97,122.97,126.46,130.56,130.56,130.56
Grupo,0.024400295,045,"Electricidad, gas y otros combustibles",104.56,104.56,104.51,104.69,104.69,104.69,104.69,104.69,104.69,104.69,104.69,104.66,104.66,104.66,104.80,104.80,104.80,104.73,104.76,104.76,104.76,104.76,104.76,104.76,104.76,104.86,104.86,104.86,104.86,104.96,104.90,104.90,104.90,104.90,104.90,104.90,104.96,104.97,104.97,104.97,104.97,104.97,104.97,104.86,104.86,104.86,104.86,104.72,104.85,102.25,102.25,102.19,104.22,104.32,104.27,104.27,104.27,104.24,104.24,104.18,104.18,104.27,104.27,104.27,104.27,104.27,104.27,104.27,104.27,104.27,104.27,104.27,104.24,104.24,104.23,104.23,104.23,104.23,104.23,104.23,104.08,104.08,104.04,103.88,103.73,104.15,104.25,104.37,104.28,104.28,104.03,104.27,104.27,104.30,104.30,104.38,104.38,104.38,104.36,104.15,104.10,104.01,103.84,103.78,103.51,103.51,103.51,103.51,103.39,103.45,103.33,103.68,103.68,72.39,101.62,101.62,101.62,101.59,101.59,38.00,38.16,38.22,38.26,101.72,101.73,101.73,101.64,101.62,101.44,101.58,93.08,92.92,93.11,93.12,93.09,93.18,93.18,93.18
Clase,0.02088336,0451,Electricidad (ND),105.81,105.81,105.81,106.07,106.07,106.07,106.07,106.07,106.07,106.07,106.07,106.07,106.07,106.07,106.30,106.30,106.30,106.30,106.30,106.30,106.30,106.30,106.30,106.30,106.30,106.49,106.49,106.49,106.49,106.49,106.49,106.49,106.49,106.49,106.49,106.49,106.49,106.68,106.68,106.68,106.68,106.68,106.68,106.68,106.68,106.68,106.68,106.68,106.84,103.71,103.71,103.71,106.68,106.84,106.84,106.84,106.84,106.84,106.84,106.84,106.84,106.95,106.95,106.95,106.95,106.95,106.95,106.95,106.95,106.95,106.95,106.95,106.95,106.95,106.95,106.95,106.95,106.95,106.95,106.95,106.95,106.95,106.95,106.95,106.95,107.45,107.45,107.45,107.45,107.45,107.45,107.45,107.45,107.45,107.45,107.45,107.45,107.45,107.45,107.45,107.45,107.45,107.45,107.45,107.45,107.45,107.45,107.45,107.45,107.45,107.45,107.45,107.45,69.67,104.97,104.97,104.97,104.97,104.97,28.27,28.46,28.46,28.46,105.16,105.16,105.16,105.16,105.16,105.16,105.16,95.08,95.08,95.31,95.31,95.31,95.31,95.31,95.31
Subclase,0.02088336,04511,Electricidad,105.81,105.81,105.81,106.07,106.07,106.07,106.07,106.07,106.07,106.07,106.07,106.07,106.07,106.07,106.30,106.30,106.30,106.30,106.30,106.30,106.30,106.30,106.30,106.30,106.30,106.49,106.49,106.49,106.49,106.49,106.49,106.49,106.49,106.49,106.49,106.49,106.49,106.68,106.68,106.68,106.68,106.68,106.68,106.68,106.68,106.68,106.68,106.68,106.84,103.71,103.71,103.71,106.68,106.84,106.84,106.84,106.84,106.84,106.84,106.84,106.84,106.95,106.95,106.95,106.95,106.95,106.95,106.95,106.95,106.95,106.95,106.95,106.95,106.95,106.95,106.95,106.95,106.95,106.95,106.95,106.95,106.95,106.95,106.95,106.95,107.45,107.45,107.45,107.45,107.45,107.45,107.45,107.45,107.45,107.45,107.45,107.45,107.45,107.45,107.45,107.45,107.45,107.45,107.45,107.45,107.45,107.45,107.45,107.45,107.45,107.45,107.45,107.45,69.67,104.97,104.97,104.97,104.97,104.97,28.27,28.46,28.46,28.46,105.16,105.16,105.16,105.16,105.16,105.16,105.16,95.08,95.08,95.31,95.31,95.31,95.31,95.31,95.31
Producto,0.02088336,04511173,SERVICIO DE CONSUMO ELÉCTRICO,105.81,105.81,105.81,106.07,106.07,106.07,106.07,106.07,106.07,106.07,106.07,106.07,106.07,106.07,106.30,106.30,106.30,106.30,106.30,106.30,106.30,106.30,106.30,106.30,106.30,106.49,106.49,106.49,106.49,106.49,106.49,106.49,106.49,106.49,106.49,106.49,106.49,106.68,106.68,106.68,106.68,106.68,106.68,106.68,106.68,106.68,106.68,106.68,106.84,103.71,103.71,103.71,106.68,106.84,106.84,106.84,106.84,106.84,106.84,106.84,106.84,106.95,106.95,106.95,106.95,106.95,106.95,106.95,106.95,106.95,106.95,106.95,106.95,106.95,106.95,106.95,106.95,106.95,106.95,106.95,106.95,106.95,106.95,106.95,106.95,107.45,107.45,107.45,107.45,107.45,107.45,107.45,107.45,107.45,107.45,107.45,107.45,107.45,107.45,107.45,107.45,107.45,107.45,107.45,107.45,107.45,107.45,107.45,107.45,107.45,107.45,107.45,107.45,69.67,104.97,104.97,104.97,104.97,104.97,28.27,28.46,28.46,28.46,105.16,105.16,105.16,105.16,105.16,105.16,105.16,95.08,95.08,95.31,95.31,95.31,95.31,95.31,95.31
Clase,0.003516934,0452,Gas (ND),98.56,98.56,98.25,98.00,98.00,98.00,98.00,98.00,98.00,98.00,98.00,97.84,97.84,97.84,97.55,97.55,97.55,97.15,97.32,97.32,97.32,97.32,97.32,97.32,97.32,97.01,97.01,97.01,97.01,97.59,97.23,97.23,97.23,97.23,97.23,97.23,97.59,96.69,96.69,96.69,96.69,96.69,96.69,96.07,96.07,96.07,96.07,95.24,95.24,95.24,95.24,94.86,92.31,92.21,91.87,91.87,91.87,91.72,91.72,91.35,91.35,91.35,91.35,91.35,91.35,91.35,91.35,91.35,91.35,91.35,91.35,91.35,91.13,91.17,91.11,91.11,91.11,91.11,91.11,91.11,90.23,90.23,90.02,89.08,88.21,88.27,88.81,89.52,88.98,89.01,87.53,88.95,88.95,89.09,89.09,89.61,89.61,89.61,89.44,88.24,87.95,87.45,86.41,86.08,84.53,84.53,84.53,84.53,83.83,84.15,83.44,85.49,85.49,85.49,85.49,85.49,85.49,85.31,85.31,84.96,84.96,85.33,85.51,85.13,85.22,85.22,84.67,84.58,83.49,84.31,83.42,82.45,82.45,82.54,82.36,82.91,82.91,82.91
Subclase,0.003516934,04521,Gas,98.56,98.56,98.25,98.00,98.00,98.00,98.00,98.00,98.00,98.00,98.00,97.84,97.84,97.84,97.55,97.55,97.55,97.15,97.32,97.32,97.32,97.32,97.32,97.32,97.32,97.01,97.01,97.01,97.01,97.59,97.23,97.23,97.23,97.23,97.23,97.23,97.59,96.69,96.69,96.69,96.69,96.69,96.69,96.07,96.07,96.07,96.07,95.24,95.24,95.24,95.24,94.86,92.31,92.21,91.87,91.87,91.87,91.72,91.72,91.35,91.35,91.35,91.35,91.35,91.35,91.35,91.35,91.35,91.35,91.35,91.35,91.35,91.13,91.17,91.11,91.11,91.11,91.11,91.11,91.11,90.23,90.23,90.02,89.08,88.21,88.27,88.81,89.52,88.98,89.01,87.53,88.95,88.95,89.09,89.09,89.61,89.61,89.61,89.44,88.24,87.95,87.45,86.41,86.08,84.53,84.53,84.53,84.53,83.83,84.15,83.44,85.49,85.49,85.49,85.49,85.49,85.49,85.31,85.31,84.96,84.96,85.33,85.51,85.13,85.22,85.22,84.67,84.58,83.49,84.31,83.42,82.45,82.45,82.54,82.36,82.91,82.91,82.91
Producto,0.003516934,04521174,GAS DOMÉSTICO,98.56,98.56,98.25,98.00,98.00,98.00,98.00,98.00,98.00,98.00,98.00,97.84,97.84,97.84,97.55,97.55,97.55,97.15,97.32,97.32,97.32,97.32,97.32,97.32,97.32,97.01,97.01,97.01,97.01,97.59,97.23,97.23,97.23,97.23,97.23,97.23,97.59,96.69,96.69,96.69,96.69,96.69,96.69,96.07,96.07,96.07,96.07,95.24,95.24,95.24,95.24,94.86,92.31,92.21,91.87,91.87,91.87,91.72,91.72,91.35,91.35,91.35,91.35,91.35,91.35,91.35,91.35,91.35,91.35,91.35,91.35,91.35,91.13,91.17,91.11,91.11,91.11,91.11,91.11,91.11,90.23,90.23,90.02,89.08,88.21,88.27,88.81,89.52,88.98,89.01,87.53,88.95,88.95,89.09,89.09,89.61,89.61,89.61,89.44,88.24,87.95,87.45,86.41,86.08,84.53,84.53,84.53,84.53,83.83,84.15,83.44,85.49,85.49,85.49,85.49,85.49,85.49,85.31,85.31,84.96,84.96,85.33,85.51,85.13,85.22,85.22,84.67,84.58,83.49,84.31,83.42,82.45,82.45,82.54,82.36,82.91,82.91,82.91
División,0.058586881,05,"Muebles, artículos para el hogar y para la conservación ordinaria del hogar",104.02,104.50,104.73,105.31,105.62,105.95,105.92,106.04,106.26,106.11,105.64,105.61,106.21,105.79,106.03,106.33,106.74,107.27,106.83,106.52,106.27,105.80,105.96,105.91,107.04,107.02,106.70,106.69,106.26,105.73,105.67,105.61,105.42,105.46,105.27,105.37,106.44,106.33,106.25,106.18,106.14,105.89,105.57,105.22,105.01,104.88,104.58,104.66,105.19,105.24,105.28,105.05,104.87,104.88,104.75,104.63,104.44,104.73,104.57,104.64,105.51,105.28,105.16,105.37,105.18,105.19,105.22,104.96,105.25,104.78,104.68,104.56,104.99,104.97,105.19,105.22,105.25,105.05,105.53,105.98,106.19,106.39,106.12,106.44,109.59,110.13,110.87,111.42,112.61,112.77,112.80,113.01,113.02,113.47,112.82,112.30,114.44,114.83,114.35,113.75,114.17,114.25,114.00,114.21,113.92,113.12,112.83,112.95,114.27,113.92,114.88,115.83,114.86,114.10,114.39,114.91,114.42,114.33,114.00,114.37,115.09,114.59,114.05,114.19,114.51,115.14,114.90,114.38,114.37,114.17,114.57,114.23,115.79,116.02,115.42,115.49,115.65,116.58
Grupo,0.00838989,051,"Muebles y accesorios, alfombras y otros materiales para pisos",104.90,105.61,105.92,105.83,105.55,105.95,105.83,105.99,106.39,106.24,105.86,106.50,107.54,107.29,106.96,107.97,107.89,109.12,109.64,110.30,109.09,108.58,109.54,109.33,109.97,110.08,109.02,109.24,108.93,108.42,107.56,108.35,108.32,108.40,108.93,109.08,110.73,110.93,110.79,110.71,111.15,110.00,109.96,108.57,108.59,108.43,108.06,107.48,108.27,109.54,109.71,108.80,107.73,107.44,106.79,106.33,106.56,106.46,106.07,105.89,105.83,106.41,106.41,105.00,105.77,104.21,104.59,103.20,104.21,104.02,103.47,103.64,105.10,104.82,104.28,104.32,105.14,103.87,104.04,103.96,105.61,104.73,103.71,104.78,105.61,108.36,110.28,111.07,113.38,114.00,113.21,112.99,112.98,113.83,111.15,112.13,111.23,111.21,110.93,110.29,111.58,114.15,112.83,113.44,113.36,111.20,111.32,111.81,112.24,111.72,117.71,118.49,111.95,109.66,112.93,112.71,112.23,111.66,111.35,111.29,111.68,110.57,108.43,110.35,111.31,112.20,113.59,112.98,112.18,112.65,112.41,111.58,111.78,111.58,113.28,111.56,114.20,116.44
Clase,0.007840083,0511,Muebles y accesorios (D),105.68,106.22,106.45,106.23,105.92,106.35,106.22,106.40,106.54,106.38,105.97,106.67,107.79,107.53,107.16,108.26,108.18,109.46,110.03,110.75,109.06,108.99,110.04,109.87,110.57,110.68,109.54,109.77,109.44,109.47,108.26,109.12,109.08,109.17,109.74,109.91,111.71,111.36,111.21,111.12,111.60,110.17,110.12,108.61,108.63,108.46,108.06,107.43,108.28,109.67,109.85,108.87,108.29,107.98,107.56,107.06,107.31,107.20,106.78,106.79,106.73,107.35,107.35,105.82,106.66,105.32,105.74,104.22,105.33,105.42,104.82,105.01,106.31,106.01,105.41,105.39,106.31,105.00,105.11,105.03,106.80,105.84,104.72,105.89,106.80,110.44,112.53,113.38,115.90,116.57,115.89,115.64,115.64,116.29,113.09,114.16,113.06,113.18,112.84,112.14,113.56,116.35,115.10,115.75,115.66,113.53,113.51,114.08,114.55,114.07,120.59,121.31,114.18,111.69,115.26,114.65,114.15,113.77,113.65,113.59,114.31,113.10,110.77,112.86,113.57,114.50,116.01,115.04,114.16,114.68,114.42,113.51,113.73,113.51,115.37,113.49,116.17,118.61
Subclase,0.003688721,05111,Muebles de sala y comedor,101.76,101.76,101.95,101.47,100.83,100.97,101.41,101.41,101.69,101.35,101.30,101.30,101.64,101.64,101.44,103.55,104.15,102.75,103.31,103.13,103.08,102.76,102.96,103.33,102.86,103.07,101.43,101.85,101.85,101.36,100.80,101.12,101.04,100.42,100.42,100.42,100.39,100.84,99.75,99.56,99.99,98.87,98.52,96.01,96.07,96.26,96.26,96.19,97.47,97.85,97.52,97.15,96.78,96.09,96.20,95.74,96.53,96.53,95.69,96.05,96.03,96.30,96.29,96.29,96.29,94.37,94.48,93.46,95.44,96.07,94.81,94.81,94.81,94.34,93.41,93.77,94.32,93.12,92.82,92.78,96.44,97.35,94.97,96.54,96.96,99.22,100.23,102.25,106.42,106.92,105.62,104.64,106.06,105.84,100.57,101.42,102.39,102.65,102.26,101.23,102.61,102.65,103.42,102.74,102.74,98.96,98.60,100.70,100.71,100.61,107.83,108.84,98.02,97.61,100.26,99.41,99.41,98.74,98.53,98.52,99.46,98.77,97.95,98.39,99.52,101.69,102.30,101.86,102.37,102.37,101.63,101.28,99.26,98.73,99.04,99.04,101.02,103.63
Producto,0.00228138,05111175,JUEGO DE SALA,102.42,102.42,102.42,102.16,101.36,101.08,101.82,101.82,101.82,101.50,101.92,101.92,101.92,101.92,101.92,103.35,103.35,100.96,101.57,101.57,101.57,100.96,100.89,101.08,100.48,100.79,98.98,98.79,98.79,98.07,98.15,99.02,98.50,98.13,98.13,98.13,98.13,98.13,96.53,96.26,97.00,95.87,95.87,93.58,93.33,93.33,93.33,93.25,94.15,94.34,95.13,94.73,94.38,93.34,93.64,93.64,94.41,94.41,93.17,93.71,93.05,93.15,93.13,93.13,93.13,90.56,90.80,90.71,93.39,94.13,92.29,92.29,92.01,91.45,90.10,90.10,90.43,89.32,89.32,89.32,94.17,93.67,92.91,94.75,94.75,97.26,98.64,101.55,106.71,106.42,104.50,103.78,105.86,104.91,102.59,102.82,103.23,103.65,103.17,103.17,103.37,103.37,104.51,101.07,101.07,96.74,96.38,97.48,98.01,97.86,102.54,103.43,97.21,96.87,96.34,97.19,97.19,96.20,95.81,94.83,96.19,95.30,94.72,95.36,95.24,98.40,98.40,97.76,98.92,98.92,97.90,97.66,94.77,94.00,94.21,94.21,97.22,98.98
Producto,0.001407341,05111176,JUEGO DE COMEDOR,100.34,100.34,100.92,99.98,99.66,100.73,100.50,100.50,101.40,101.01,99.96,99.96,101.03,101.03,100.37,103.99,105.90,106.66,107.08,106.52,106.37,106.68,107.46,108.22,108.02,108.02,106.74,108.52,108.52,108.52,106.56,105.68,106.56,105.39,105.39,105.39,105.31,106.74,106.74,106.74,106.50,105.40,104.29,101.30,102.03,102.63,102.63,102.58,104.67,105.50,102.71,102.43,101.99,102.06,101.75,100.31,101.16,101.16,101.16,101.16,102.49,103.16,103.16,103.16,103.16,102.67,102.48,99.45,99.88,100.29,100.29,100.29,100.91,100.62,100.62,101.76,102.77,101.39,100.45,100.32,101.39,105.35,99.46,100.43,101.76,103.49,103.67,103.77,105.78,108.01,108.05,106.49,106.49,107.88,96.19,98.40,100.57,100.47,100.28,97.01,100.96,101.06,101.06,106.37,106.37,103.80,103.43,107.71,106.58,106.58,119.32,120.59,99.78,99.22,108.79,104.25,104.25,104.25,104.46,106.55,106.55,106.32,104.97,104.97,108.82,108.82,110.79,110.79,109.86,109.86,109.72,109.15,109.02,109.02,109.55,109.55,109.29,113.72
Subclase,0.004151362,05112,Muebles de dormitorio,109.17,110.20,110.47,110.48,110.48,111.17,110.53,110.87,110.89,110.89,110.15,111.47,113.30,112.79,112.28,112.48,111.78,115.46,116.04,117.57,114.41,114.57,116.37,115.72,117.47,117.50,116.80,116.85,116.23,116.71,114.93,116.28,116.27,117.00,118.09,118.40,121.83,120.76,121.47,121.47,121.98,120.28,120.50,119.89,119.87,119.37,118.62,117.48,117.96,120.24,120.88,119.35,118.58,118.61,117.73,117.18,116.96,116.75,116.71,116.39,116.30,117.24,117.25,114.34,115.93,115.12,115.81,113.85,114.17,113.78,113.78,114.14,116.60,116.45,116.15,115.79,117.03,115.62,116.10,115.98,116.06,113.43,113.45,114.26,115.59,120.48,123.53,123.33,124.39,125.20,125.08,125.49,124.21,125.64,124.29,125.55,122.59,122.60,122.31,121.91,123.34,128.61,125.55,127.39,127.22,126.57,126.84,126.04,126.93,126.11,132.00,132.47,128.65,124.29,128.67,128.29,127.33,127.21,127.17,127.07,127.60,125.92,122.24,125.81,126.14,125.96,128.27,126.82,124.71,125.70,125.86,124.44,126.67,126.73,129.97,126.42,129.72,132.02
Producto,0.002387969,05112177,JUEGO DE DORMITORIO,104.31,104.88,105.30,106.63,106.63,108.29,107.90,108.43,108.67,108.67,107.53,109.58,110.22,110.22,110.22,110.53,109.44,115.16,115.57,117.96,113.05,113.62,112.74,111.74,112.57,112.02,112.02,111.64,110.66,110.83,110.83,110.56,109.58,111.67,111.67,112.15,114.59,112.97,112.97,112.97,113.77,111.09,111.42,111.26,111.23,109.86,108.69,108.69,109.71,110.55,111.35,110.29,109.54,108.19,107.51,106.67,107.50,106.67,106.61,106.11,106.20,107.66,107.68,107.68,107.47,105.66,105.31,102.26,102.19,102.19,102.19,101.78,102.86,102.63,102.17,102.30,104.23,102.27,103.02,102.83,101.59,103.73,103.25,104.50,105.56,112.18,115.31,115.25,117.21,118.52,118.78,117.69,116.71,118.93,114.23,114.34,113.48,113.49,113.03,112.42,116.35,117.39,117.61,120.47,118.34,117.34,117.71,117.56,118.94,117.73,125.91,126.22,120.28,113.53,120.32,119.73,118.79,116.80,116.83,116.95,118.65,117.64,113.01,117.17,119.83,120.13,122.10,120.30,118.93,118.54,119.45,118.52,120.62,120.72,123.24,123.30,123.62,125.31
Producto,0.001763393,05112178,COLCHÓN,117.98,119.85,119.85,117.45,117.45,116.39,115.28,115.28,114.90,114.90,114.90,114.90,118.86,117.43,116.02,116.02,116.02,116.02,116.87,116.87,116.87,116.28,122.94,122.94,126.34,127.42,125.45,126.30,126.30,127.38,122.37,126.64,128.41,126.67,129.72,129.72,134.95,134.88,136.85,136.86,136.86,136.94,136.94,135.52,135.52,136.61,136.61,133.41,132.91,137.80,138.16,135.76,134.98,137.50,136.23,136.23,134.10,135.01,135.01,135.01,134.60,134.60,134.60,126.43,131.27,132.26,134.84,134.84,135.89,134.79,134.79,136.52,141.49,141.49,141.49,140.24,140.24,139.81,139.81,139.81,142.27,131.01,131.94,131.94,133.78,135.51,138.43,137.98,137.39,137.31,136.50,139.63,137.80,137.80,142.52,145.87,139.11,139.11,139.11,139.11,136.01,148.94,139.93,139.93,143.30,143.30,143.39,141.41,141.41,141.29,143.04,143.80,143.80,143.80,143.80,143.80,142.81,146.08,145.91,145.41,143.82,140.92,138.98,141.47,137.57,136.52,139.44,138.66,135.18,138.66,137.48,135.18,137.63,137.63,142.16,132.07,140.78,144.18
Clase,0.000147908,0512,Alfombras y otros materiales para pisos (D),92.28,92.28,92.28,96.49,96.49,96.49,96.49,96.49,106.33,106.33,106.33,106.33,106.33,106.33,106.33,106.33,106.33,107.36,107.36,107.36,107.36,107.36,107.36,105.31,105.31,105.31,105.31,105.31,105.31,85.05,94.64,94.64,94.64,94.64,94.64,94.64,94.64,94.64,94.64,94.64,94.64,94.64,94.64,94.64,94.64,94.64,94.64,94.64,94.64,94.64,94.64,94.64,74.45,74.45,74.45,74.45,74.45,74.45,74.45,67.27,67.27,67.27,67.27,67.27,67.27,67.27,67.27,67.27,67.27,67.27,67.27,67.27,67.27,67.27,67.27,67.27,66.38,63.83,66.38,66.38,67.20,67.20,67.20,67.20,67.20,68.34,68.34,68.34,68.34,68.34,62.51,62.51,62.51,62.51,62.35,62.35,62.35,57.33,58.30,58.30,58.30,58.30,51.90,52.61,52.61,52.61,52.61,51.29,51.29,48.41,48.41,50.38,50.38,50.38,50.38,52.16,51.80,51.80,44.04,44.04,44.04,44.04,44.04,44.04,45.35,45.35,45.35,45.35,45.35,45.35,45.35,45.35,45.35,45.35,45.35,45.35,51.93,51.93
Subclase,0.000147908,05121,Alfombras y materiales para pisos,92.28,92.28,92.28,96.49,96.49,96.49,96.49,96.49,106.33,106.33,106.33,106.33,106.33,106.33,106.33,106.33,106.33,107.36,107.36,107.36,107.36,107.36,107.36,105.31,105.31,105.31,105.31,105.31,105.31,85.05,94.64,94.64,94.64,94.64,94.64,94.64,94.64,94.64,94.64,94.64,94.64,94.64,94.64,94.64,94.64,94.64,94.64,94.64,94.64,94.64,94.64,94.64,74.45,74.45,74.45,74.45,74.45,74.45,74.45,67.27,67.27,67.27,67.27,67.27,67.27,67.27,67.27,67.27,67.27,67.27,67.27,67.27,67.27,67.27,67.27,67.27,66.38,63.83,66.38,66.38,67.20,67.20,67.20,67.20,67.20,68.34,68.34,68.34,68.34,68.34,62.51,62.51,62.51,62.51,62.35,62.35,62.35,57.33,58.30,58.30,58.30,58.30,51.90,52.61,52.61,52.61,52.61,51.29,51.29,48.41,48.41,50.38,50.38,50.38,50.38,52.16,51.80,51.80,44.04,44.04,44.04,44.04,44.04,44.04,45.35,45.35,45.35,45.35,45.35,45.35,45.35,45.35,45.35,45.35,45.35,45.35,51.93,51.93
Producto,0.000147908,05121179,ALFOMBRA SUELTA,92.28,92.28,92.28,96.49,96.49,96.49,96.49,96.49,106.33,106.33,106.33,106.33,106.33,106.33,106.33,106.33,106.33,107.36,107.36,107.36,107.36,107.36,107.36,105.31,105.31,105.31,105.31,105.31,105.31,85.05,94.64,94.64,94.64,94.64,94.64,94.64,94.64,94.64,94.64,94.64,94.64,94.64,94.64,94.64,94.64,94.64,94.64,94.64,94.64,94.64,94.64,94.64,74.45,74.45,74.45,74.45,74.45,74.45,74.45,67.27,67.27,67.27,67.27,67.27,67.27,67.27,67.27,67.27,67.27,67.27,67.27,67.27,67.27,67.27,67.27,67.27,66.38,63.83,66.38,66.38,67.20,67.20,67.20,67.20,67.20,68.34,68.34,68.34,68.34,68.34,62.51,62.51,62.51,62.51,62.35,62.35,62.35,57.33,58.30,58.30,58.30,58.30,51.90,52.61,52.61,52.61,52.61,51.29,51.29,48.41,48.41,50.38,50.38,50.38,50.38,52.16,51.80,51.80,44.04,44.04,44.04,44.04,44.04,44.04,45.35,45.35,45.35,45.35,45.35,45.35,45.35,45.35,45.35,45.35,45.35,45.35,51.93,51.93
Clase,0.000401898,0513,"Reparación de muebles, accesorios y materiales para pisos (S)",98.06,101.84,103.80,103.80,103.80,103.80,103.80,103.80,103.80,103.80,103.80,103.80,103.80,103.80,103.80,103.80,103.80,104.17,104.17,104.17,110.34,102.20,102.20,102.20,102.20,102.20,102.20,102.20,102.20,102.20,102.20,102.20,102.20,102.20,102.20,102.20,102.20,111.65,111.65,111.65,111.65,114.67,114.67,114.67,114.67,114.67,114.67,114.67,114.67,114.67,114.67,114.67,114.67,114.67,109.66,109.66,109.66,109.66,109.66,109.66,109.66,109.66,109.66,109.66,109.66,103.53,103.53,103.53,103.53,98.46,98.46,98.46,103.29,103.29,103.29,104.49,104.49,104.49,104.49,104.49,104.49,104.49,104.49,104.49,104.49,93.09,93.09,93.09,93.09,93.09,93.09,93.09,93.09,97.66,102.46,102.46,104.49,104.49,104.49,104.49,104.49,104.49,104.49,104.49,104.49,100.67,103.29,103.29,103.29,103.29,103.29,104.49,104.49,104.49,104.49,109.62,109.62,105.62,105.62,105.62,100.67,100.67,100.67,100.67,105.62,106.34,106.34,111.56,111.56,111.56,111.56,111.56,111.56,111.56,111.56,111.56,111.56,111.56
Subclase,0.000401898,05131,"Reparación de muebles, accesorios y materiales para pisos",98.06,101.84,103.80,103.80,103.80,103.80,103.80,103.80,103.80,103.80,103.80,103.80,103.80,103.80,103.80,103.80,103.80,104.17,104.17,104.17,110.34,102.20,102.20,102.20,102.20,102.20,102.20,102.20,102.20,102.20,102.20,102.20,102.20,102.20,102.20,102.20,102.20,111.65,111.65,111.65,111.65,114.67,114.67,114.67,114.67,114.67,114.67,114.67,114.67,114.67,114.67,114.67,114.67,114.67,109.66,109.66,109.66,109.66,109.66,109.66,109.66,109.66,109.66,109.66,109.66,103.53,103.53,103.53,103.53,98.46,98.46,98.46,103.29,103.29,103.29,104.49,104.49,104.49,104.49,104.49,104.49,104.49,104.49,104.49,104.49,93.09,93.09,93.09,93.09,93.09,93.09,93.09,93.09,97.66,102.46,102.46,104.49,104.49,104.49,104.49,104.49,104.49,104.49,104.49,104.49,100.67,103.29,103.29,103.29,103.29,103.29,104.49,104.49,104.49,104.49,109.62,109.62,105.62,105.62,105.62,100.67,100.67,100.67,100.67,105.62,106.34,106.34,111.56,111.56,111.56,111.56,111.56,111.56,111.56,111.56,111.56,111.56,111.56
Producto,0.000401898,05131180,REPARACIÓN DE MUEBLES,98.06,101.84,103.80,103.80,103.80,103.80,103.80,103.80,103.80,103.80,103.80,103.80,103.80,103.80,103.80,103.80,103.80,104.17,104.17,104.17,110.34,102.20,102.20,102.20,102.20,102.20,102.20,102.20,102.20,102.20,102.20,102.20,102.20,102.20,102.20,102.20,102.20,111.65,111.65,111.65,111.65,114.67,114.67,114.67,114.67,114.67,114.67,114.67,114.67,114.67,114.67,114.67,114.67,114.67,109.66,109.66,109.66,109.66,109.66,109.66,109.66,109.66,109.66,109.66,109.66,103.53,103.53,103.53,103.53,98.46,98.46,98.46,103.29,103.29,103.29,104.49,104.49,104.49,104.49,104.49,104.49,104.49,104.49,104.49,104.49,93.09,93.09,93.09,93.09,93.09,93.09,93.09,93.09,97.66,102.46,102.46,104.49,104.49,104.49,104.49,104.49,104.49,104.49,104.49,104.49,100.67,103.29,103.29,103.29,103.29,103.29,104.49,104.49,104.49,104.49,109.62,109.62,105.62,105.62,105.62,100.67,100.67,100.67,100.67,105.62,106.34,106.34,111.56,111.56,111.56,111.56,111.56,111.56,111.56,111.56,111.56,111.56,111.56
Grupo,0.003438527,052,Productos textiles para el hogar,98.03,98.03,97.85,97.85,97.45,97.85,98.27,98.27,98.27,98.27,98.27,97.77,97.77,97.77,97.77,97.77,98.31,97.92,97.17,92.80,92.91,93.98,93.84,93.84,94.33,93.92,94.00,94.17,92.91,92.53,92.53,92.53,91.63,91.68,91.34,90.73,91.08,91.08,91.08,90.31,89.86,90.69,90.69,90.69,90.69,90.69,90.69,90.69,88.70,88.70,87.87,88.64,88.97,88.97,88.97,89.63,89.63,89.63,89.89,88.04,91.41,91.48,92.04,90.89,91.80,91.11,91.81,92.17,92.20,91.85,91.84,91.58,91.71,91.71,90.69,90.69,90.88,90.50,90.30,91.07,89.16,87.82,89.13,88.02,91.67,90.00,89.31,90.81,90.38,89.75,87.73,87.73,88.70,87.95,87.95,87.81,89.07,88.35,88.35,88.05,87.50,86.10,84.66,85.74,85.01,85.65,84.34,82.92,82.92,82.63,82.18,83.73,84.10,80.91,82.11,80.90,82.03,82.73,82.29,82.93,83.07,83.07,83.15,83.82,84.14,84.44,84.44,84.44,84.25,84.25,83.68,83.53,83.19,83.79,83.96,82.59,82.39,84.20
Clase,0.003438527,0520,Productos textiles para el hogar (SD),98.03,98.03,97.85,97.85,97.45,97.85,98.27,98.27,98.27,98.27,98.27,97.77,97.77,97.77,97.77,97.77,98.31,97.92,97.17,92.80,92.91,93.98,93.84,93.84,94.33,93.92,94.00,94.17,92.91,92.53,92.53,92.53,91.63,91.68,91.34,90.73,91.08,91.08,91.08,90.31,89.86,90.69,90.69,90.69,90.69,90.69,90.69,90.69,88.70,88.70,87.87,88.64,88.97,88.97,88.97,89.63,89.63,89.63,89.89,88.04,91.41,91.48,92.04,90.89,91.80,91.11,91.81,92.17,92.20,91.85,91.84,91.58,91.71,91.71,90.69,90.69,90.88,90.50,90.30,91.07,89.16,87.82,89.13,88.02,91.67,90.00,89.31,90.81,90.38,89.75,87.73,87.73,88.70,87.95,87.95,87.81,89.07,88.35,88.35,88.05,87.50,86.10,84.66,85.74,85.01,85.65,84.34,82.92,82.92,82.63,82.18,83.73,84.10,80.91,82.11,80.90,82.03,82.73,82.29,82.93,83.07,83.07,83.15,83.82,84.14,84.44,84.44,84.44,84.25,84.25,83.68,83.53,83.19,83.79,83.96,82.59,82.39,84.20
Subclase,0.003438527,05201,Productos textiles para el hogar ,98.03,98.03,97.85,97.85,97.45,97.85,98.27,98.27,98.27,98.27,98.27,97.77,97.77,97.77,97.77,97.77,98.31,97.92,97.17,92.80,92.91,93.98,93.84,93.84,94.33,93.92,94.00,94.17,92.91,92.53,92.53,92.53,91.63,91.68,91.34,90.73,91.08,91.08,91.08,90.31,89.86,90.69,90.69,90.69,90.69,90.69,90.69,90.69,88.70,88.70,87.87,88.64,88.97,88.97,88.97,89.63,89.63,89.63,89.89,88.04,91.41,91.48,92.04,90.89,91.80,91.11,91.81,92.17,92.20,91.85,91.84,91.58,91.71,91.71,90.69,90.69,90.88,90.50,90.30,91.07,89.16,87.82,89.13,88.02,91.67,90.00,89.31,90.81,90.38,89.75,87.73,87.73,88.70,87.95,87.95,87.81,89.07,88.35,88.35,88.05,87.50,86.10,84.66,85.74,85.01,85.65,84.34,82.92,82.92,82.63,82.18,83.73,84.10,80.91,82.11,80.90,82.03,82.73,82.29,82.93,83.07,83.07,83.15,83.82,84.14,84.44,84.44,84.44,84.25,84.25,83.68,83.53,83.19,83.79,83.96,82.59,82.39,84.20
Producto,0.002394716,05201181,ROPA DE CAMA,97.22,97.22,97.22,97.22,97.22,97.22,97.87,97.87,97.87,97.87,97.87,97.10,97.10,97.10,97.10,97.10,97.93,98.28,98.28,93.00,93.00,94.64,94.43,94.43,95.21,94.58,94.70,94.98,95.58,95.43,95.43,95.43,94.12,94.13,94.13,93.20,93.20,93.20,93.20,93.31,92.61,92.61,92.61,92.61,92.61,92.61,92.61,92.61,92.61,92.61,91.94,91.94,92.43,92.43,92.43,93.45,93.45,93.45,93.85,93.75,93.75,93.85,94.71,94.71,94.70,94.70,94.72,94.72,94.72,94.19,94.17,93.77,93.21,93.21,92.91,92.91,93.21,93.21,92.91,94.08,94.48,94.15,94.93,93.72,94.36,91.74,91.48,93.45,92.59,92.03,92.03,91.50,92.08,92.08,92.08,91.87,92.38,91.27,91.27,91.27,90.89,88.74,88.19,88.19,88.19,89.17,86.05,84.99,84.99,85.71,85.47,86.85,87.93,84.92,84.89,84.47,84.46,84.58,84.58,85.75,85.95,85.95,85.86,85.28,85.28,85.28,85.28,85.28,85.00,85.00,85.00,84.63,84.10,84.10,84.37,83.63,83.78,84.47
Producto,0.000414042,05201182,CORTINA DE TELA,107.24,107.24,107.24,107.24,105.06,107.24,107.24,107.24,107.24,107.24,107.24,107.24,107.24,107.24,107.24,107.24,107.24,103.85,103.85,94.40,94.98,94.98,94.98,94.98,94.85,94.85,94.85,94.85,85.75,84.84,84.84,84.84,84.54,84.54,82.64,82.64,84.54,84.54,84.54,79.95,79.95,84.54,84.54,84.54,84.54,84.54,84.54,84.54,73.59,73.59,71.46,75.31,75.31,75.31,75.31,75.31,75.31,75.31,75.31,65.56,75.31,75.31,75.31,69.00,74.00,70.22,74.00,76.15,76.15,76.15,76.15,76.15,78.86,78.86,74.31,74.31,74.31,72.21,72.21,72.21,58.43,52.26,56.69,54.93,59.87,60.09,57.28,58.45,61.32,59.86,59.86,60.03,63.25,59.13,59.13,59.13,64.23,64.23,64.23,62.57,60.93,60.93,55.05,60.93,56.95,56.95,60.93,56.95,56.95,56.18,56.18,57.32,57.32,57.32,57.32,52.18,58.41,58.41,58.41,58.41,58.41,58.41,58.41,64.18,64.18,64.18,64.18,64.18,64.18,64.18,63.52,64.07,64.07,64.07,64.07,59.23,59.23,64.07
Producto,0.00062977,05201183,ROPA DE BAÑO,91.02,91.02,89.90,89.90,89.90,89.90,89.90,89.90,89.90,89.90,89.90,89.90,89.90,89.90,89.90,89.90,89.90,89.90,85.31,90.24,90.24,90.24,90.24,90.24,90.24,90.24,90.24,90.24,90.24,89.56,89.56,89.56,89.56,89.90,89.90,89.90,89.90,89.90,89.90,89.90,89.90,89.90,89.90,89.90,89.90,89.90,89.90,89.90,89.90,89.90,89.90,90.33,90.33,90.33,90.33,90.33,90.33,90.33,90.33,90.33,100.02,100.02,100.02,100.02,100.02,100.02,100.02,99.83,100.02,100.02,100.02,100.02,100.02,100.02,100.02,100.02,100.02,100.02,100.02,100.02,102.13,102.13,102.13,102.13,116.28,116.28,116.28,116.28,113.88,113.88,101.60,103.55,103.55,103.55,103.55,103.55,103.55,103.55,103.55,103.55,103.55,103.55,103.55,103.55,103.55,103.55,103.55,103.55,103.55,99.77,98.02,100.66,98.61,91.17,98.61,98.61,98.61,102.35,99.67,99.00,99.00,99.00,99.83,99.83,101.80,103.59,103.59,103.59,103.59,103.59,100.81,100.81,100.81,104.45,104.45,104.45,102.63,105.50
Grupo,0.00941145,053,Artefactos para el hogar,105.94,106.47,109.25,111.39,112.61,114.10,114.30,114.89,116.65,115.07,112.51,111.86,110.26,109.75,109.85,110.21,109.06,110.45,110.47,109.21,109.44,108.03,107.52,106.50,108.18,107.30,106.32,104.67,104.23,103.13,103.19,102.17,101.30,101.64,100.69,99.81,98.84,98.87,99.17,98.54,98.53,98.28,96.59,97.06,94.60,92.07,90.88,90.00,89.72,88.68,87.61,87.18,87.27,86.86,87.17,86.76,86.16,88.77,87.76,87.72,87.48,89.05,89.00,87.89,87.60,87.40,87.26,87.83,86.75,86.69,86.25,86.33,87.13,87.54,87.91,86.74,86.67,87.19,88.18,90.33,89.71,89.58,87.84,86.96,88.79,89.61,90.61,91.70,92.42,93.52,93.85,93.73,93.72,92.66,91.22,91.15,92.51,91.80,92.21,90.10,89.48,89.47,88.98,89.32,89.31,89.00,86.05,87.01,87.99,86.73,86.93,89.16,88.21,88.82,89.76,89.06,89.46,88.31,87.01,86.60,86.78,87.33,86.92,85.88,85.68,85.90,86.33,86.17,85.50,85.77,85.30,84.92,85.82,85.46,85.29,85.42,84.30,84.22
Clase,0.008054761,0531,"Artefactos para el hogar grandes, eléctricos o no (D)",105.04,105.55,108.32,110.91,112.41,113.95,114.33,114.92,116.78,114.97,111.34,111.22,110.14,109.71,109.71,109.61,107.82,108.92,108.94,107.80,108.03,106.54,105.99,104.61,107.13,106.08,104.84,103.04,102.23,101.68,101.41,100.57,99.72,100.60,99.66,99.08,98.02,98.19,98.48,97.78,98.00,97.47,95.17,95.72,92.80,89.88,88.64,87.57,87.40,86.29,85.15,85.03,85.00,84.55,84.44,84.10,83.54,86.45,85.48,85.36,84.73,86.60,86.66,85.34,84.92,84.62,84.46,85.14,84.83,85.01,85.03,84.91,85.85,86.15,86.52,85.09,84.96,85.67,86.94,89.37,88.46,88.22,86.22,85.21,87.21,88.12,88.24,89.10,90.31,91.71,91.90,91.59,91.70,90.22,89.41,89.40,90.91,90.43,90.90,88.49,87.64,87.46,87.45,87.84,87.62,86.80,83.60,84.58,85.60,84.15,84.58,86.12,85.21,85.76,86.66,85.90,86.32,84.91,83.66,83.18,83.42,83.91,83.70,82.30,82.16,82.28,82.85,82.65,81.85,82.15,81.33,80.74,81.88,81.28,81.14,81.26,79.94,79.84
Subclase,0.008054761,05311,Artefactos grandes para el hogar,105.04,105.55,108.32,110.91,112.41,113.95,114.33,114.92,116.78,114.97,111.34,111.22,110.14,109.71,109.71,109.61,107.82,108.92,108.94,107.80,108.03,106.54,105.99,104.61,107.13,106.08,104.84,103.04,102.23,101.68,101.41,100.57,99.72,100.60,99.66,99.08,98.02,98.19,98.48,97.78,98.00,97.47,95.17,95.72,92.80,89.88,88.64,87.57,87.40,86.29,85.15,85.03,85.00,84.55,84.44,84.10,83.54,86.45,85.48,85.36,84.73,86.60,86.66,85.34,84.92,84.62,84.46,85.14,84.83,85.01,85.03,84.91,85.85,86.15,86.52,85.09,84.96,85.67,86.94,89.37,88.46,88.22,86.22,85.21,87.21,88.12,88.24,89.10,90.31,91.71,91.90,91.59,91.70,90.22,89.41,89.40,90.91,90.43,90.90,88.49,87.64,87.46,87.45,87.84,87.62,86.80,83.60,84.58,85.60,84.15,84.58,86.12,85.21,85.76,86.66,85.90,86.32,84.91,83.66,83.18,83.42,83.91,83.70,82.30,82.16,82.28,82.85,82.65,81.85,82.15,81.33,80.74,81.88,81.28,81.14,81.26,79.94,79.84
Producto,0.002187405,05311184,COCINA,103.21,101.40,100.88,100.88,100.51,100.51,100.51,97.73,97.73,98.71,98.71,98.71,98.71,98.71,99.95,99.95,99.80,99.80,97.90,98.71,98.71,97.17,97.17,97.17,97.28,97.28,95.95,95.95,95.95,95.95,95.53,95.70,94.62,94.20,96.95,96.58,97.64,96.64,96.78,96.48,96.48,96.39,95.28,95.06,81.51,73.69,73.06,69.96,69.74,69.60,68.83,68.44,68.18,68.25,69.25,68.85,68.16,67.88,67.76,68.06,67.91,68.31,68.53,68.53,68.63,68.20,68.21,69.60,68.59,68.45,68.38,67.57,68.48,68.10,68.68,68.37,68.96,69.05,69.09,69.01,67.81,68.44,65.85,66.97,66.66,67.32,68.00,67.58,68.83,66.97,66.90,67.26,66.58,66.79,66.53,66.73,66.81,65.64,66.64,64.85,63.96,64.41,64.52,65.57,65.34,65.36,64.71,65.11,63.50,63.71,63.98,65.06,65.71,65.49,66.00,66.19,65.50,65.04,64.36,64.52,64.79,65.07,64.46,64.27,64.56,64.20,64.59,64.29,64.15,64.19,63.22,63.34,63.72,63.62,63.00,63.70,62.02,61.81
Producto,0.000324392,05311185,HORNO,106.90,106.93,107.54,111.99,111.38,110.40,118.85,126.52,126.52,126.52,126.40,126.52,118.12,118.91,118.07,118.78,118.78,118.92,120.57,120.57,120.99,123.24,123.24,123.69,124.12,124.12,124.12,124.12,122.62,121.54,121.72,114.82,107.09,107.09,104.15,103.14,103.14,103.14,101.45,101.94,104.45,104.45,104.45,112.94,111.74,106.91,106.91,106.57,106.01,105.61,109.88,108.41,107.17,95.34,95.15,94.74,99.50,99.68,97.89,96.36,97.10,97.27,99.59,99.12,96.93,97.57,96.02,94.55,94.88,98.82,95.88,95.88,99.48,101.07,103.93,102.12,101.20,102.81,106.10,112.32,111.63,113.07,115.24,113.68,112.66,114.04,113.08,112.55,113.02,113.76,111.35,113.26,112.91,116.27,113.74,111.32,117.59,120.09,120.31,120.31,114.04,114.04,117.23,115.16,115.57,116.61,113.46,110.11,112.93,108.93,108.93,108.28,108.13,109.23,109.56,109.73,109.21,109.82,108.23,108.17,109.62,109.62,109.68,110.73,110.27,109.24,109.24,109.24,110.34,110.98,107.82,107.39,109.59,107.31,108.00,109.31,109.31,105.18
Producto,0.002853107,05311186,REFRIGERADORA,105.62,106.87,108.56,110.97,113.66,114.98,113.33,118.27,118.27,113.06,112.18,111.65,109.49,109.71,109.74,108.97,109.67,112.55,113.38,109.87,110.69,107.14,105.36,101.73,107.89,105.54,103.10,101.45,101.39,103.01,103.30,102.39,103.90,106.87,103.52,103.53,103.21,102.82,103.25,101.96,101.08,100.59,95.87,96.15,99.79,98.40,96.64,96.67,97.37,94.43,91.65,91.79,89.78,90.20,89.76,89.08,88.30,94.89,92.36,91.94,90.53,94.68,94.68,91.01,89.63,88.67,88.67,88.52,88.73,88.51,88.84,88.92,90.19,91.07,90.92,87.69,87.78,88.77,88.77,93.61,92.05,91.85,89.64,87.44,90.12,92.63,92.13,93.21,93.31,95.09,95.81,94.92,95.53,93.61,91.47,91.78,94.14,95.25,94.80,92.61,91.55,92.88,91.94,93.92,93.99,91.84,89.03,91.26,93.90,91.50,91.89,90.96,91.21,91.37,92.75,91.34,91.45,90.56,90.25,88.58,89.31,88.71,88.48,85.07,85.04,85.00,85.48,84.45,83.30,83.46,83.68,82.82,84.37,83.46,83.39,83.00,82.24,82.77
Producto,0.002110074,05311187,LAVADORA Y SECADORA DE ROPA,105.72,107.58,114.94,119.76,121.98,125.57,127.24,124.76,130.71,129.92,119.31,119.47,119.88,118.12,117.11,117.52,111.12,111.38,111.95,111.53,111.27,111.53,111.79,111.40,112.33,111.62,111.61,107.71,105.43,102.00,101.18,100.51,98.37,98.20,97.00,95.63,91.61,93.50,94.10,93.53,94.81,93.74,92.70,92.91,91.93,92.05,90.60,90.02,88.95,88.95,88.39,88.46,91.09,91.11,90.39,90.50,89.38,91.49,91.64,91.74,91.33,92.23,91.84,91.84,92.31,92.74,92.46,93.82,93.43,93.73,93.99,94.22,94.37,94.42,94.77,94.41,93.53,94.32,97.82,99.14,99.19,97.84,95.90,94.40,98.24,97.50,97.97,100.00,102.54,106.58,106.83,106.22,106.56,103.24,103.71,103.55,104.59,102.44,103.52,99.87,100.23,97.73,98.13,96.51,95.89,95.50,89.51,90.33,91.60,90.17,90.87,95.98,92.21,93.81,94.60,93.56,95.52,92.29,89.53,89.76,89.21,91.22,91.34,90.69,90.09,91.04,91.97,92.76,91.43,92.08,90.60,89.64,90.85,90.41,90.49,90.48,88.62,88.61
Producto,0.000579783,05311188,ACONDICIONADOR DE AIRE,95.60,94.67,94.67,98.27,98.27,97.54,96.48,96.63,96.63,96.63,101.24,102.30,109.43,109.43,109.43,109.43,109.43,109.43,109.43,109.43,109.43,109.43,109.43,109.43,109.43,109.43,109.43,109.43,109.43,109.43,109.43,109.43,109.43,109.43,109.43,109.43,109.43,109.43,109.43,109.43,109.43,109.43,109.43,109.43,109.43,109.43,109.43,109.43,109.43,109.43,109.43,109.43,109.43,109.43,109.43,109.43,109.43,109.43,109.43,109.43,109.43,109.43,109.43,109.43,109.43,109.43,109.43,109.43,109.43,109.43,109.43,109.43,109.43,109.43,109.43,109.43,109.43,109.43,109.43,109.43,109.43,109.43,109.43,109.43,109.43,109.43,109.43,109.43,109.43,109.43,109.43,109.43,109.43,109.43,109.43,109.43,109.43,109.43,109.43,109.43,109.43,109.43,109.43,109.43,109.43,109.43,109.43,109.43,109.43,109.43,109.43,109.43,109.43,109.43,109.43,109.43,109.43,109.43,109.43,109.43,109.43,109.43,109.43,109.43,109.43,109.43,109.43,109.43,109.43,109.43,109.43,109.43,109.43,109.43,109.43,109.43,109.43,109.43
Clase,0.000967805,0532,Artefactos eléctricos para el hogar pequeños (SD),110.11,111.02,115.11,114.61,114.17,114.12,112.95,113.77,115.54,115.15,119.81,114.74,108.41,107.02,107.91,112.12,115.47,119.76,119.76,119.84,120.19,118.76,118.29,119.72,115.48,115.58,116.23,114.99,117.35,111.41,114.10,111.28,109.80,106.07,104.62,101.01,100.37,99.31,99.80,99.41,97.58,99.46,101.85,101.95,101.94,101.38,100.17,100.29,99.15,98.14,97.22,94.16,95.23,94.90,96.33,95.20,94.09,94.10,92.41,94.21,95.05,94.91,93.94,93.99,94.72,95.18,95.18,95.11,94.84,94.92,95.26,95.20,95.19,96.61,97.16,97.50,97.87,97.13,96.34,97.29,98.67,99.32,98.90,98.61,99.90,100.33,100.75,100.79,101.36,100.55,102.17,103.37,102.44,102.99,101.30,100.70,101.56,98.67,98.76,98.19,99.02,100.33,100.60,100.79,102.35,101.18,100.12,101.24,102.37,102.01,100.49,106.13,104.47,104.69,106.38,105.87,106.20,106.66,105.54,105.44,105.30,106.54,104.33,105.75,105.04,106.02,105.60,105.69,105.70,105.88,107.96,109.07,108.47,108.62,108.22,108.38,108.39,108.46
Subclase,0.000967805,05321,Artefactos eléctricos para el hogar pequeños,110.11,111.02,115.11,114.61,114.17,114.12,112.95,113.77,115.54,115.15,119.81,114.74,108.41,107.02,107.91,112.12,115.47,119.76,119.76,119.84,120.19,118.76,118.29,119.72,115.48,115.58,116.23,114.99,117.35,111.41,114.10,111.28,109.80,106.07,104.62,101.01,100.37,99.31,99.80,99.41,97.58,99.46,101.85,101.95,101.94,101.38,100.17,100.29,99.15,98.14,97.22,94.16,95.23,94.90,96.33,95.20,94.09,94.10,92.41,94.21,95.05,94.91,93.94,93.99,94.72,95.18,95.18,95.11,94.84,94.92,95.26,95.20,95.19,96.61,97.16,97.50,97.87,97.13,96.34,97.29,98.67,99.32,98.90,98.61,99.90,100.33,100.75,100.79,101.36,100.55,102.17,103.37,102.44,102.99,101.30,100.70,101.56,98.67,98.76,98.19,99.02,100.33,100.60,100.79,102.35,101.18,100.12,101.24,102.37,102.01,100.49,106.13,104.47,104.69,106.38,105.87,106.20,106.66,105.54,105.44,105.30,106.54,104.33,105.75,105.04,106.02,105.60,105.69,105.70,105.88,107.96,109.07,108.47,108.62,108.22,108.38,108.39,108.46
Producto,0.000659751,05321189,LICUADORA,112.19,113.74,119.74,117.83,116.63,116.07,114.41,115.59,116.85,116.29,123.29,116.65,108.68,106.38,108.02,114.30,115.94,121.96,122.02,122.02,123.21,121.31,120.84,121.62,117.54,117.74,118.04,116.49,118.12,112.64,111.41,108.41,107.71,103.18,101.86,96.57,95.56,94.13,94.81,94.25,92.43,94.97,98.47,98.47,100.20,99.37,98.88,98.66,98.18,96.81,96.44,96.44,98.01,97.41,99.65,97.71,95.88,96.02,93.58,95.65,96.88,96.72,95.79,95.79,96.92,98.32,98.32,97.66,97.66,97.91,98.41,98.41,98.41,100.54,101.34,101.52,102.04,100.59,99.77,101.85,103.40,103.40,102.75,101.46,102.88,103.81,103.86,102.64,103.48,102.51,104.89,106.19,105.74,105.74,103.09,102.99,101.18,97.98,97.98,97.47,98.92,100.44,100.58,100.20,101.09,100.90,99.16,100.61,101.35,100.82,100.20,104.61,103.81,104.23,107.77,107.02,107.02,107.02,105.42,105.04,105.72,107.89,104.62,105.70,105.70,107.45,106.48,107.05,107.05,107.05,107.79,109.86,108.63,108.81,108.81,108.81,108.81,108.81
Producto,0.000111584,05321190,VENTILADOR,96.48,96.48,96.48,96.48,97.15,106.43,108.15,112.31,112.31,112.31,112.31,109.45,109.45,109.45,109.45,118.52,118.52,118.52,120.63,120.63,120.63,120.63,120.63,120.63,120.63,112.23,112.23,112.23,112.23,110.27,110.27,110.27,110.27,110.27,110.27,110.27,110.27,101.69,110.27,111.29,111.29,111.29,111.29,111.29,111.29,111.29,111.29,111.29,111.29,111.29,111.29,111.29,111.29,111.29,111.29,111.29,111.29,111.29,111.28,111.28,112.43,105.60,105.60,119.70,112.43,112.43,112.43,112.43,112.43,112.42,112.42,112.42,112.42,112.42,112.42,112.42,112.42,112.42,112.42,112.42,112.42,104.47,103.01,102.75,110.69,98.26,98.26,106.86,105.35,105.35,98.61,98.61,102.29,102.30,102.29,94.98,94.98,94.98,102.01,85.35,85.35,96.12,96.12,96.12,96.12,89.10,89.10,89.10,89.10,89.25,89.25,91.63,91.63,96.89,88.00,88.00,94.58,94.58,94.58,95.33,90.44,92.85,95.33,88.70,87.25,95.33,95.33,95.33,95.33,95.44,91.28,92.30,88.83,95.44,95.44,95.44,95.44,95.44
Producto,0.000109309,05321191,PLANCHA ELÉCTRICA DE ROPA,110.15,110.15,110.15,114.40,116.68,116.68,116.68,116.68,121.55,121.47,120.88,120.88,120.88,120.88,120.88,120.32,132.73,134.35,134.35,134.35,134.35,131.30,130.72,135.47,127.72,127.72,130.22,131.41,138.13,129.17,146.97,142.30,138.35,135.00,131.85,131.85,131.85,131.85,131.85,131.85,129.95,130.74,130.74,130.74,123.61,123.61,120.47,121.05,116.27,116.27,112.76,97.03,97.03,97.46,96.92,98.34,98.34,98.34,98.17,99.66,99.66,99.66,97.83,97.83,97.83,93.68,93.68,95.43,95.43,95.87,95.87,95.87,95.87,96.42,96.42,97.59,97.59,96.76,96.76,94.45,95.02,98.57,98.57,98.57,98.57,98.45,98.66,103.13,103.15,102.41,104.04,105.49,103.70,103.70,103.70,100.91,111.56,107.80,107.80,107.80,107.80,107.80,108.53,111.65,116.74,111.39,112.05,112.76,116.03,116.03,112.48,125.40,119.76,118.52,114.81,114.81,116.47,119.66,121.26,119.97,116.70,114.86,114.86,118.41,114.86,113.58,114.85,114.85,113.59,114.86,121.49,119.88,121.22,121.22,118.76,120.09,120.09,118.77
Producto,8.71601E-05,05321192,DUCHA ELÉCTRICA,99.15,98.01,98.01,98.01,97.58,99.95,99.57,99.57,99.57,99.57,99.57,95.33,88.18,89.60,87.80,87.81,86.90,85.97,85.55,86.22,82.60,86.08,85.78,85.78,85.78,85.78,85.56,82.30,82.11,78.10,79.43,80.30,78.26,78.18,78.49,78.49,78.88,78.49,78.49,78.35,76.52,76.52,76.52,77.29,78.62,78.62,76.34,77.64,78.36,77.73,77.75,77.00,77.00,77.00,77.00,76.42,77.50,76.88,76.88,77.71,77.71,77.71,77.71,77.71,77.64,79.94,79.94,80.34,78.19,76.79,76.79,76.30,76.23,75.18,75.18,75.18,75.32,78.54,76.67,76.44,78.15,78.15,78.38,83.10,85.44,84.38,87.12,87.12,87.05,87.05,84.68,85.02,82.64,87.02,87.96,88.16,88.78,88.84,89.33,88.04,86.74,88.61,88.96,87.79,87.79,87.74,87.75,87.75,87.75,87.75,84.43,85.88,85.50,86.71,86.71,86.71,86.71,85.60,82.91,86.11,86.31,87.16,87.27,87.53,87.22,87.22,87.22,84.89,86.88,86.38,89.01,89.01,89.01,89.01,89.56,88.80,88.92,91.41
Clase,0.000388884,0533,Reparación de artefactos para el hogar (S),112.64,112.64,112.64,112.64,112.64,116.82,116.82,116.82,116.82,116.82,116.82,116.82,116.82,116.82,116.82,116.82,116.82,116.82,116.82,110.29,110.29,110.29,110.29,110.29,110.29,110.29,110.29,110.29,110.29,110.29,110.29,110.29,110.29,110.29,110.29,110.29,110.29,110.29,110.29,110.29,110.29,110.29,110.29,110.29,110.29,110.29,110.29,110.29,110.29,110.29,110.29,110.29,110.29,110.29,115.71,115.71,115.71,118.72,118.72,115.71,120.09,120.09,120.09,120.09,120.09,120.09,120.09,120.09,103.09,98.26,87.54,91.84,91.84,91.84,91.84,91.84,91.84,91.84,91.84,91.84,91.84,91.84,91.84,91.84,91.84,91.84,110.29,118.00,110.29,110.29,110.29,110.29,110.29,113.16,100.82,100.82,100.82,100.82,100.82,100.82,100.82,100.82,89.82,89.82,89.82,100.82,98.26,98.26,98.26,98.26,98.26,105.13,105.13,107.86,107.86,107.86,107.86,107.86,105.13,105.13,105.13,105.13,105.13,105.13,105.13,105.13,105.13,105.13,105.13,105.13,105.13,105.13,105.13,107.86,107.86,107.86,107.86,107.86
Subclase,0.000388884,05331,Reparación de artefactos para el hogar,112.64,112.64,112.64,112.64,112.64,116.82,116.82,116.82,116.82,116.82,116.82,116.82,116.82,116.82,116.82,116.82,116.82,116.82,116.82,110.29,110.29,110.29,110.29,110.29,110.29,110.29,110.29,110.29,110.29,110.29,110.29,110.29,110.29,110.29,110.29,110.29,110.29,110.29,110.29,110.29,110.29,110.29,110.29,110.29,110.29,110.29,110.29,110.29,110.29,110.29,110.29,110.29,110.29,110.29,115.71,115.71,115.71,118.72,118.72,115.71,120.09,120.09,120.09,120.09,120.09,120.09,120.09,120.09,103.09,98.26,87.54,91.84,91.84,91.84,91.84,91.84,91.84,91.84,91.84,91.84,91.84,91.84,91.84,91.84,91.84,91.84,110.29,118.00,110.29,110.29,110.29,110.29,110.29,113.16,100.82,100.82,100.82,100.82,100.82,100.82,100.82,100.82,89.82,89.82,89.82,100.82,98.26,98.26,98.26,98.26,98.26,105.13,105.13,107.86,107.86,107.86,107.86,107.86,105.13,105.13,105.13,105.13,105.13,105.13,105.13,105.13,105.13,105.13,105.13,105.13,105.13,105.13,105.13,107.86,107.86,107.86,107.86,107.86
Producto,0.000388884,05331193,REPARACIÓN DE ARTEFACTOS PARA EL HOGAR,112.64,112.64,112.64,112.64,112.64,116.82,116.82,116.82,116.82,116.82,116.82,116.82,116.82,116.82,116.82,116.82,116.82,116.82,116.82,110.29,110.29,110.29,110.29,110.29,110.29,110.29,110.29,110.29,110.29,110.29,110.29,110.29,110.29,110.29,110.29,110.29,110.29,110.29,110.29,110.29,110.29,110.29,110.29,110.29,110.29,110.29,110.29,110.29,110.29,110.29,110.29,110.29,110.29,110.29,115.71,115.71,115.71,118.72,118.72,115.71,120.09,120.09,120.09,120.09,120.09,120.09,120.09,120.09,103.09,98.26,87.54,91.84,91.84,91.84,91.84,91.84,91.84,91.84,91.84,91.84,91.84,91.84,91.84,91.84,91.84,91.84,110.29,118.00,110.29,110.29,110.29,110.29,110.29,113.16,100.82,100.82,100.82,100.82,100.82,100.82,100.82,100.82,89.82,89.82,89.82,100.82,98.26,98.26,98.26,98.26,98.26,105.13,105.13,107.86,107.86,107.86,107.86,107.86,105.13,105.13,105.13,105.13,105.13,105.13,105.13,105.13,105.13,105.13,105.13,105.13,105.13,105.13,105.13,107.86,107.86,107.86,107.86,107.86
Grupo,0.001546614,054,"Artículos de vidrio y cristal, vajilla y utensilios para el hogar",96.59,99.04,99.20,101.49,102.36,101.88,101.88,102.44,102.44,102.44,102.72,102.09,102.09,103.01,101.29,101.09,100.62,100.70,100.78,100.87,100.87,100.21,100.15,99.08,96.24,97.12,99.45,100.17,99.24,97.93,98.22,98.04,98.04,97.99,97.62,97.05,98.72,99.02,99.83,100.09,101.21,101.25,100.94,99.39,100.73,100.73,100.75,99.70,100.11,99.09,99.03,100.65,100.51,100.51,99.44,99.43,98.91,99.55,99.57,98.54,99.26,99.33,99.97,100.21,100.08,100.08,98.40,98.80,98.79,99.85,98.81,98.83,97.66,99.44,101.64,100.27,99.49,101.89,102.65,103.29,103.00,105.11,104.11,112.77,115.19,116.76,118.64,117.95,117.87,120.17,119.40,119.31,119.26,118.64,118.98,118.38,117.88,120.28,119.77,117.40,115.99,116.14,117.13,117.13,117.13,119.00,117.67,119.87,120.04,119.95,120.05,121.10,121.22,121.21,121.70,121.40,120.72,122.64,122.03,121.54,119.39,122.82,122.58,121.58,122.08,122.79,122.12,122.99,124.06,124.57,123.77,123.36,125.64,125.37,125.82,126.80,127.13,127.76
Clase,0.001546614,0540,"Artículos de vidrio y cristal, vajilla y utensilios para el hogar (SD)",96.59,99.04,99.20,101.49,102.36,101.88,101.88,102.44,102.44,102.44,102.72,102.09,102.09,103.01,101.29,101.09,100.62,100.70,100.78,100.87,100.87,100.21,100.15,99.08,96.24,97.12,99.45,100.17,99.24,97.93,98.22,98.04,98.04,97.99,97.62,97.05,98.72,99.02,99.83,100.09,101.21,101.25,100.94,99.39,100.73,100.73,100.75,99.70,100.11,99.09,99.03,100.65,100.51,100.51,99.44,99.43,98.91,99.55,99.57,98.54,99.26,99.33,99.97,100.21,100.08,100.08,98.40,98.80,98.79,99.85,98.81,98.83,97.66,99.44,101.64,100.27,99.49,101.89,102.65,103.29,103.00,105.11,104.11,112.77,115.19,116.76,118.64,117.95,117.87,120.17,119.40,119.31,119.26,118.64,118.98,118.38,117.88,120.28,119.77,117.40,115.99,116.14,117.13,117.13,117.13,119.00,117.67,119.87,120.04,119.95,120.05,121.10,121.22,121.21,121.70,121.40,120.72,122.64,122.03,121.54,119.39,122.82,122.58,121.58,122.08,122.79,122.12,122.99,124.06,124.57,123.77,123.36,125.64,125.37,125.82,126.80,127.13,127.76
Subclase,0.001546614,05401,"Artículos de vidrio y cristal, vajilla y utensilios para el hogar",96.59,99.04,99.20,101.49,102.36,101.88,101.88,102.44,102.44,102.44,102.72,102.09,102.09,103.01,101.29,101.09,100.62,100.70,100.78,100.87,100.87,100.21,100.15,99.08,96.24,97.12,99.45,100.17,99.24,97.93,98.22,98.04,98.04,97.99,97.62,97.05,98.72,99.02,99.83,100.09,101.21,101.25,100.94,99.39,100.73,100.73,100.75,99.70,100.11,99.09,99.03,100.65,100.51,100.51,99.44,99.43,98.91,99.55,99.57,98.54,99.26,99.33,99.97,100.21,100.08,100.08,98.40,98.80,98.79,99.85,98.81,98.83,97.66,99.44,101.64,100.27,99.49,101.89,102.65,103.29,103.00,105.11,104.11,112.77,115.19,116.76,118.64,117.95,117.87,120.17,119.40,119.31,119.26,118.64,118.98,118.38,117.88,120.28,119.77,117.40,115.99,116.14,117.13,117.13,117.13,119.00,117.67,119.87,120.04,119.95,120.05,121.10,121.22,121.21,121.70,121.40,120.72,122.64,122.03,121.54,119.39,122.82,122.58,121.58,122.08,122.79,122.12,122.99,124.06,124.57,123.77,123.36,125.64,125.37,125.82,126.80,127.13,127.76
Producto,0.001546614,05401194,OLLAS,96.59,99.04,99.20,101.49,102.36,101.88,101.88,102.44,102.44,102.44,102.72,102.09,102.09,103.01,101.29,101.09,100.62,100.70,100.78,100.87,100.87,100.21,100.15,99.08,96.24,97.12,99.45,100.17,99.24,97.93,98.22,98.04,98.04,97.99,97.62,97.05,98.72,99.02,99.83,100.09,101.21,101.25,100.94,99.39,100.73,100.73,100.75,99.70,100.11,99.09,99.03,100.65,100.51,100.51,99.44,99.43,98.91,99.55,99.57,98.54,99.26,99.33,99.97,100.21,100.08,100.08,98.40,98.80,98.79,99.85,98.81,98.83,97.66,99.44,101.64,100.27,99.49,101.89,102.65,103.29,103.00,105.11,104.11,112.77,115.19,116.76,118.64,117.95,117.87,120.17,119.40,119.31,119.26,118.64,118.98,118.38,117.88,120.28,119.77,117.40,115.99,116.14,117.13,117.13,117.13,119.00,117.67,119.87,120.04,119.95,120.05,121.10,121.22,121.21,121.70,121.40,120.72,122.64,122.03,121.54,119.39,122.82,122.58,121.58,122.08,122.79,122.12,122.99,124.06,124.57,123.77,123.36,125.64,125.37,125.82,126.80,127.13,127.76
Grupo,0.001381501,055,Herramientas y equipo para el hogar y el jardín,88.83,88.83,89.79,95.05,95.89,95.42,95.31,95.60,95.52,97.06,97.06,94.03,93.74,94.43,94.62,94.62,94.62,95.71,95.71,94.39,92.70,96.37,93.20,93.12,96.80,97.10,96.31,96.31,94.83,92.71,92.52,92.71,93.31,88.32,89.33,88.51,86.59,86.59,85.26,86.91,86.91,86.91,86.85,84.90,86.10,86.73,86.54,89.70,90.52,91.00,89.87,90.63,90.52,90.72,90.72,90.64,89.54,90.01,90.36,89.58,89.63,88.00,87.98,88.05,84.66,85.58,82.92,83.57,84.06,83.36,83.36,83.36,82.53,84.23,84.52,86.10,85.62,85.08,85.48,79.91,81.23,84.26,84.68,87.73,88.01,87.63,89.17,88.34,89.44,87.37,89.28,89.15,89.32,88.72,87.51,87.65,86.14,86.67,87.53,86.64,84.49,84.09,84.21,84.65,82.59,82.31,82.43,83.50,83.38,83.67,83.67,84.13,83.14,83.19,83.45,83.42,86.80,85.75,81.93,82.05,82.29,80.45,79.92,78.26,80.21,79.53,79.53,77.02,76.68,77.36,77.47,77.39,79.42,79.11,78.89,79.26,79.26,77.59
Clase,0.00022067,0551,Herramientas y equipo grandes (D),103.65,103.65,103.31,103.31,103.31,103.31,103.31,103.31,102.35,102.35,102.35,102.35,99.11,101.38,103.57,103.57,103.57,106.77,106.50,106.50,104.85,106.91,108.31,108.31,108.31,108.31,108.31,108.31,108.31,105.16,105.16,101.91,101.91,104.03,104.03,104.03,104.03,104.03,105.63,105.63,105.63,105.63,104.84,100.47,102.31,102.31,100.14,100.14,100.14,100.14,98.21,98.21,96.95,96.95,96.95,97.27,97.27,97.27,101.23,96.97,96.65,96.65,96.65,96.65,96.65,96.99,99.84,98.10,96.70,98.56,98.56,98.56,98.56,98.56,98.56,100.88,102.42,101.11,101.11,101.11,99.21,100.54,105.36,104.56,106.16,107.50,106.57,108.85,106.58,106.58,106.58,105.11,107.01,107.01,107.01,108.57,107.69,111.11,111.85,110.08,110.08,108.68,110.08,109.67,109.67,109.67,107.82,107.82,107.76,107.76,107.76,109.48,109.48,108.90,108.90,108.90,108.90,108.90,106.09,107.46,107.46,107.46,107.46,107.46,107.46,107.46,107.46,107.46,105.47,108.05,104.61,104.61,104.61,104.61,107.17,107.17,107.17,107.17
Subclase,0.00022067,05511,Herramientas y equipos grandes,103.65,103.65,103.31,103.31,103.31,103.31,103.31,103.31,102.35,102.35,102.35,102.35,99.11,101.38,103.57,103.57,103.57,106.77,106.50,106.50,104.85,106.91,108.31,108.31,108.31,108.31,108.31,108.31,108.31,105.16,105.16,101.91,101.91,104.03,104.03,104.03,104.03,104.03,105.63,105.63,105.63,105.63,104.84,100.47,102.31,102.31,100.14,100.14,100.14,100.14,98.21,98.21,96.95,96.95,96.95,97.27,97.27,97.27,101.23,96.97,96.65,96.65,96.65,96.65,96.65,96.99,99.84,98.10,96.70,98.56,98.56,98.56,98.56,98.56,98.56,100.88,102.42,101.11,101.11,101.11,99.21,100.54,105.36,104.56,106.16,107.50,106.57,108.85,106.58,106.58,106.58,105.11,107.01,107.01,107.01,108.57,107.69,111.11,111.85,110.08,110.08,108.68,110.08,109.67,109.67,109.67,107.82,107.82,107.76,107.76,107.76,109.48,109.48,108.90,108.90,108.90,108.90,108.90,106.09,107.46,107.46,107.46,107.46,107.46,107.46,107.46,107.46,107.46,105.47,108.05,104.61,104.61,104.61,104.61,107.17,107.17,107.17,107.17
Producto,0.00022067,05511195,BOMBA DE AGUA,103.65,103.65,103.31,103.31,103.31,103.31,103.31,103.31,102.35,102.35,102.35,102.35,99.11,101.38,103.57,103.57,103.57,106.77,106.50,106.50,104.85,106.91,108.31,108.31,108.31,108.31,108.31,108.31,108.31,105.16,105.16,101.91,101.91,104.03,104.03,104.03,104.03,104.03,105.63,105.63,105.63,105.63,104.84,100.47,102.31,102.31,100.14,100.14,100.14,100.14,98.21,98.21,96.95,96.95,96.95,97.27,97.27,97.27,101.23,96.97,96.65,96.65,96.65,96.65,96.65,96.99,99.84,98.10,96.70,98.56,98.56,98.56,98.56,98.56,98.56,100.88,102.42,101.11,101.11,101.11,99.21,100.54,105.36,104.56,106.16,107.50,106.57,108.85,106.58,106.58,106.58,105.11,107.01,107.01,107.01,108.57,107.69,111.11,111.85,110.08,110.08,108.68,110.08,109.67,109.67,109.67,107.82,107.82,107.76,107.76,107.76,109.48,109.48,108.90,108.90,108.90,108.90,108.90,106.09,107.46,107.46,107.46,107.46,107.46,107.46,107.46,107.46,107.46,105.47,108.05,104.61,104.61,104.61,104.61,107.17,107.17,107.17,107.17
Clase,0.001160832,0552,Herramientas pequeñas y accesorios diversos (SD),87.41,87.41,88.49,94.25,95.18,94.67,94.54,94.86,94.86,96.55,96.55,93.23,93.23,93.76,93.76,93.76,93.76,94.64,94.68,93.23,91.54,95.36,91.75,91.66,95.69,96.02,95.16,95.16,93.53,91.52,91.31,91.82,92.48,86.81,87.92,87.02,84.92,84.92,83.30,85.12,85.12,85.12,85.12,83.41,84.55,85.23,85.23,88.70,89.60,90.13,89.07,89.90,89.90,90.13,90.13,90.01,88.80,89.31,89.31,88.88,88.96,87.17,87.15,87.22,83.52,84.49,81.30,82.18,82.85,81.91,81.91,81.91,80.99,82.86,83.18,84.69,84.01,83.55,83.98,77.88,79.51,82.70,82.70,86.12,86.27,85.73,87.50,86.37,87.80,85.53,87.62,87.62,87.62,86.96,85.65,85.65,84.08,84.33,85.19,84.39,82.04,81.73,81.73,82.25,80.00,79.69,80.00,81.17,81.04,81.36,81.36,81.70,80.61,80.72,81.01,80.98,84.68,83.54,79.62,79.62,79.88,77.86,77.28,75.46,77.60,76.86,76.86,74.11,73.92,74.42,74.86,74.78,77.01,76.66,76.18,76.58,76.58,74.76
Subclase,0.001160832,05521,"Lámparas incandescentes, fluorescentes y pilas",87.41,87.41,88.49,94.25,95.18,94.67,94.54,94.86,94.86,96.55,96.55,93.23,93.23,93.76,93.76,93.76,93.76,94.64,94.68,93.23,91.54,95.36,91.75,91.66,95.69,96.02,95.16,95.16,93.53,91.52,91.31,91.82,92.48,86.81,87.92,87.02,84.92,84.92,83.30,85.12,85.12,85.12,85.12,83.41,84.55,85.23,85.23,88.70,89.60,90.13,89.07,89.90,89.90,90.13,90.13,90.01,88.80,89.31,89.31,88.88,88.96,87.17,87.15,87.22,83.52,84.49,81.30,82.18,82.85,81.91,81.91,81.91,80.99,82.86,83.18,84.69,84.01,83.55,83.98,77.88,79.51,82.70,82.70,86.12,86.27,85.73,87.50,86.37,87.80,85.53,87.62,87.62,87.62,86.96,85.65,85.65,84.08,84.33,85.19,84.39,82.04,81.73,81.73,82.25,80.00,79.69,80.00,81.17,81.04,81.36,81.36,81.70,80.61,80.72,81.01,80.98,84.68,83.54,79.62,79.62,79.88,77.86,77.28,75.46,77.60,76.86,76.86,74.11,73.92,74.42,74.86,74.78,77.01,76.66,76.18,76.58,76.58,74.76
Producto,0.000822167,05521196,FOCO DE LUZ,82.40,82.40,84.00,91.89,91.89,90.26,88.34,88.34,88.34,88.34,88.34,83.38,83.38,83.38,83.38,83.38,83.38,83.38,83.38,81.06,81.06,81.06,75.68,75.68,76.99,76.72,75.32,75.32,73.22,71.15,71.15,71.15,71.15,63.94,65.58,65.58,65.58,65.58,63.18,65.58,65.58,65.58,65.58,63.18,64.87,65.89,65.89,71.05,72.39,72.39,70.82,72.05,72.05,72.39,72.39,72.39,72.39,72.39,72.39,72.39,72.39,70.36,70.36,70.36,64.84,66.28,61.54,62.85,62.85,62.85,62.85,62.85,62.85,65.42,65.26,67.12,66.08,66.08,66.08,55.72,57.96,61.10,61.10,66.20,66.20,67.60,67.97,67.97,67.97,64.82,67.52,67.52,67.52,66.54,68.44,68.44,66.29,66.29,68.03,66.83,63.33,60.02,60.02,60.76,57.34,56.88,57.34,59.09,59.09,59.09,59.09,59.19,57.57,57.57,57.99,57.99,62.40,62.40,56.43,56.43,56.62,53.84,52.48,49.01,52.19,50.89,50.89,46.69,46.69,47.44,47.44,47.31,50.31,49.80,49.80,49.80,49.80,47.09
Producto,0.000170854,05521197,PILAS,95.97,95.97,95.97,94.05,99.49,102.90,107.64,107.64,107.64,110.45,110.45,110.45,110.45,110.45,110.45,110.45,110.45,112.15,112.34,112.34,112.82,112.82,112.82,112.33,112.33,112.33,112.82,112.82,112.82,111.60,111.60,111.60,111.60,112.16,112.16,106.91,105.69,105.69,105.69,106.49,106.49,106.49,106.49,106.49,106.49,106.49,106.49,106.49,106.49,109.59,109.59,109.59,109.59,109.59,109.59,107.46,107.46,110.49,110.49,107.91,108.42,105.90,105.80,106.23,106.23,106.23,106.23,106.23,108.76,103.72,103.72,103.72,103.72,103.72,106.23,106.23,106.23,106.23,103.89,103.97,104.75,104.75,104.75,104.75,104.75,104.75,104.75,107.04,110.99,110.99,110.99,110.99,110.99,110.99,107.81,107.81,107.81,107.81,107.81,107.81,107.81,107.81,107.81,107.81,108.20,108.20,108.20,108.20,108.20,110.06,110.06,110.58,110.58,110.58,110.58,110.58,114.92,108.21,108.21,108.21,109.19,109.19,109.80,109.80,109.80,109.80,109.80,109.80,107.78,107.78,110.39,110.39,110.89,110.89,108.07,110.41,110.41,110.41
Producto,0.000167811,05521198,CANDADO,99.47,99.47,99.47,104.51,104.51,104.51,106.76,108.81,108.81,116.46,116.46,116.46,116.46,119.82,119.82,119.82,119.82,123.60,123.61,124.30,113.08,137.26,137.26,137.26,157.20,160.40,160.40,160.40,158.99,156.39,155.06,158.31,162.47,156.60,156.62,156.62,144.63,144.63,144.63,145.06,145.06,145.06,145.06,144.46,144.46,144.44,144.46,144.46,144.46,144.46,144.46,144.46,144.46,144.46,144.46,146.02,138.35,138.35,138.35,138.35,138.35,138.35,138.35,138.35,138.35,138.35,138.35,138.35,139.82,139.31,139.31,139.31,133.55,134.38,134.38,136.08,136.22,133.26,138.51,143.82,143.82,150.63,150.64,150.64,151.58,142.23,151.84,142.23,147.03,146.05,147.78,147.78,147.78,147.78,134.82,134.82,134.01,135.62,133.70,133.70,133.70,145.80,145.80,145.93,145.80,145.80,145.80,145.80,144.96,144.96,144.96,146.16,146.16,146.86,146.86,146.68,146.68,146.68,147.26,147.26,147.05,146.09,147.57,150.78,150.78,151.59,151.59,152.06,153.04,153.04,153.04,153.04,153.83,153.83,153.83,153.83,153.83,153.83
Grupo,0.034418899,056,Bienes y servicios para conservación ordinaria del hogar,104.99,105.37,105.00,105.20,105.49,105.62,105.50,105.48,105.35,105.45,105.32,105.45,106.56,105.95,106.52,106.68,107.63,107.87,107.07,107.17,107.06,106.50,106.78,107.05,108.37,108.49,108.35,108.59,108.29,107.97,108.08,108.00,107.95,108.11,107.89,108.34,109.88,109.63,109.47,109.52,109.32,109.17,109.03,108.87,108.94,109.32,109.19,109.61,110.53,110.55,110.95,110.71,110.65,110.82,110.78,110.71,110.54,110.41,110.42,110.90,112.04,111.18,110.90,112.00,111.58,112.10,112.19,111.91,112.36,111.64,111.76,111.53,111.76,111.55,111.96,112.29,112.17,111.99,112.49,112.90,113.11,113.64,113.75,113.75,117.91,118.02,118.44,118.81,120.07,119.94,120.32,120.77,120.69,121.59,121.57,120.49,124.01,124.77,123.94,123.76,124.49,124.08,124.23,124.22,123.91,123.04,123.40,123.25,125.15,125.01,125.01,125.67,126.00,125.54,124.75,126.00,124.99,125.11,125.18,125.86,127.04,126.24,126.02,126.02,126.20,126.96,126.10,125.47,125.79,125.21,126.16,125.94,128.18,128.67,127.18,127.83,127.65,128.47
Clase,0.019168533,0561,Bienes para el hogar no duraderos (ND),101.90,102.64,101.92,102.31,102.87,103.12,102.90,102.86,102.60,102.79,102.54,102.79,101.50,100.32,101.13,101.44,103.27,103.75,102.19,102.39,102.18,101.09,101.64,102.15,102.13,102.36,102.08,102.55,101.97,101.36,101.57,101.41,101.32,101.63,101.20,102.07,101.89,101.40,101.09,101.18,100.80,100.51,100.24,99.93,100.07,100.80,100.55,101.37,100.85,100.89,101.66,101.20,101.08,101.41,101.33,101.19,100.86,100.60,100.64,101.57,102.05,100.38,99.83,101.97,101.14,102.16,102.34,101.78,102.67,101.26,101.50,101.05,101.51,101.09,101.90,102.53,102.29,101.94,102.92,103.71,104.12,105.15,105.36,105.35,106.23,106.45,107.26,107.97,110.41,110.16,110.89,111.77,111.62,113.37,113.32,111.22,110.85,112.32,110.72,110.37,111.79,111.00,111.28,111.26,110.66,108.98,109.67,109.37,110.18,109.91,109.92,111.19,111.84,110.94,109.41,111.84,109.88,110.11,110.24,111.56,110.96,109.42,109.00,108.99,109.35,110.81,109.14,107.93,108.55,107.43,109.27,108.83,109.73,110.67,107.78,109.05,108.69,110.28
Subclase,0.015945987,05611,Productos de limpieza y mantenimiento,100.24,100.74,99.82,100.01,100.70,100.85,100.51,100.41,100.09,100.22,99.97,100.12,98.52,97.16,98.18,98.79,101.17,101.55,99.65,99.98,99.71,98.36,98.95,99.54,99.51,99.95,99.51,99.90,99.12,98.74,99.25,98.76,98.75,99.12,98.18,99.65,99.49,99.26,98.92,98.82,98.93,98.58,98.34,98.25,98.40,99.14,98.86,99.45,98.89,98.96,99.67,99.16,98.98,99.44,99.23,99.10,98.82,98.69,98.75,99.97,99.83,98.26,96.75,99.47,99.05,99.91,100.06,99.29,100.31,98.66,98.93,98.58,99.67,98.85,99.82,100.58,100.40,99.95,101.18,101.97,102.22,103.50,103.92,103.98,104.97,105.11,105.36,106.51,108.67,108.28,109.07,109.53,109.20,111.08,111.13,108.59,108.05,109.73,107.77,107.50,109.25,108.33,108.79,108.32,107.38,105.48,106.41,105.86,107.09,106.60,107.12,108.21,108.59,107.44,105.39,108.42,106.27,106.84,106.75,108.37,107.44,105.45,105.18,105.41,105.76,107.50,105.38,103.86,104.78,103.76,105.92,105.58,106.38,107.57,103.85,105.54,105.02,107.02
Producto,0.005798781,05611199,DETERGENTE PARA ROPA,100.90,100.90,100.90,101.68,101.04,101.04,101.04,101.04,101.04,101.04,100.69,100.69,100.95,100.69,100.69,100.69,100.98,101.17,98.83,98.83,99.71,100.32,100.32,101.57,101.71,102.29,102.29,102.44,101.56,101.48,102.09,102.09,102.09,102.09,102.09,102.43,102.43,102.20,101.60,101.60,101.60,101.60,101.63,101.63,101.63,101.63,101.77,101.77,101.77,101.77,102.65,102.59,102.98,102.98,102.39,102.39,100.96,100.59,100.81,102.24,102.24,99.62,96.57,101.38,101.38,103.12,102.89,99.64,100.85,96.93,99.29,98.12,101.84,100.26,100.26,100.65,100.65,100.78,101.80,100.79,101.80,102.70,105.70,105.07,105.55,106.18,106.18,107.36,111.27,112.25,112.25,113.12,108.98,113.50,113.50,108.18,105.27,108.37,106.67,102.88,105.24,101.28,104.77,104.39,102.45,102.45,105.45,101.88,106.05,106.80,110.74,108.55,112.08,108.21,101.68,107.48,104.48,104.48,106.01,109.34,105.62,102.68,99.17,99.43,99.29,105.74,98.49,93.64,94.85,91.97,95.73,95.32,96.36,100.04,91.15,92.97,90.05,97.11
Producto,0.00258686,05611200,JABÓN PARA ROPA,101.21,101.21,94.05,94.05,97.49,97.49,95.84,95.84,95.84,95.84,90.43,90.43,86.00,81.89,80.97,80.97,82.40,87.17,83.07,83.07,83.07,79.00,79.00,79.00,79.00,79.00,79.00,81.42,81.42,80.92,80.92,80.92,80.92,80.92,80.92,80.92,83.13,83.13,83.13,83.13,83.13,83.13,81.36,81.36,81.36,81.36,81.36,81.36,81.36,81.36,81.36,81.36,80.01,80.56,80.56,80.23,80.23,80.23,80.23,80.23,81.36,81.36,81.36,81.36,81.36,81.36,81.36,81.36,79.74,79.74,79.04,79.04,79.04,76.55,79.55,81.66,81.66,82.02,83.64,85.42,88.36,92.42,91.60,91.60,91.99,91.89,91.93,91.93,94.37,94.37,94.05,94.05,97.06,97.06,96.27,95.56,95.56,95.56,91.39,95.56,95.56,94.19,94.93,94.93,93.28,94.61,91.16,93.31,94.93,92.99,89.61,91.92,92.01,92.01,92.01,92.26,90.61,90.94,89.51,90.65,90.65,91.78,91.78,94.59,94.59,94.90,94.90,94.90,93.28,93.28,96.25,93.44,97.04,97.04,94.14,96.12,96.12,96.12
Producto,0.001806114,05611201,JABÓN PARA VAJILLA,92.80,92.49,95.24,95.83,96.00,97.19,96.29,97.84,98.13,99.57,99.57,99.34,99.27,99.34,99.57,102.38,102.38,100.03,103.33,106.51,100.86,92.97,98.68,99.17,99.50,101.69,101.93,101.70,99.30,97.98,98.14,97.18,96.22,96.22,90.52,97.39,95.73,95.73,96.81,96.52,95.89,93.90,94.78,94.78,94.78,98.42,98.38,100.29,98.06,100.87,102.20,102.64,100.93,103.54,103.54,103.54,103.94,103.94,103.94,101.58,104.48,105.54,107.06,107.48,108.23,107.72,107.38,107.81,107.58,107.58,107.78,108.30,106.70,109.55,111.21,111.21,109.72,108.68,111.44,110.67,109.65,111.47,111.41,111.97,113.48,113.25,115.68,118.02,118.02,112.45,119.66,119.79,119.36,120.77,118.13,119.95,120.79,120.16,117.64,119.22,118.73,124.57,124.95,123.41,128.05,125.20,125.23,124.82,125.72,124.79,124.77,127.69,127.34,131.44,131.17,134.28,133.24,135.10,134.96,136.26,136.20,135.94,136.26,136.26,136.26,136.39,136.52,137.09,135.34,134.09,134.09,135.58,134.73,134.73,134.09,132.94,130.91,133.22
Producto,0.003399103,05611202,CLORO Y DESINFECTANTE,105.86,107.91,108.03,108.14,108.14,108.14,108.94,109.38,105.65,106.01,109.68,110.06,106.13,103.83,109.62,110.31,120.39,116.86,113.66,113.11,113.29,113.66,113.75,114.11,114.66,115.03,112.91,112.91,112.91,111.92,111.90,111.61,111.91,114.83,110.49,113.60,111.65,111.65,111.25,109.92,109.63,109.18,109.78,109.92,109.78,110.67,110.14,111.61,109.16,109.16,110.87,111.33,111.47,111.47,111.47,111.71,111.86,111.86,111.17,114.92,112.75,109.13,105.28,108.98,108.36,109.23,109.35,110.42,115.70,113.69,114.14,114.14,113.69,113.47,115.22,116.24,116.24,115.00,114.47,115.11,114.29,113.29,110.74,113.39,113.39,112.37,111.77,113.60,115.15,113.03,113.03,113.19,114.71,116.13,117.30,112.25,114.61,117.04,114.13,114.13,117.71,120.32,116.57,115.97,114.74,102.13,107.41,108.47,105.52,104.53,103.18,105.53,100.35,100.24,100.42,104.10,101.29,100.76,101.02,100.63,101.52,98.71,98.98,99.32,99.90,100.06,100.60,103.82,103.62,105.85,105.70,106.27,107.56,104.03,104.80,105.83,108.65,110.75
Producto,0.000282729,05611203,BETÚN ,101.46,103.43,103.96,99.40,105.43,106.49,106.49,97.22,104.98,107.01,107.94,107.94,110.09,110.09,110.09,110.09,109.63,110.89,110.89,110.20,110.44,110.44,110.44,110.44,110.96,104.60,104.11,103.13,98.26,101.70,101.61,97.03,97.03,97.03,100.72,101.20,101.20,101.20,101.20,101.28,101.28,101.28,101.28,97.57,97.57,97.57,96.97,100.66,100.66,101.46,101.46,101.64,102.56,102.56,104.44,100.13,104.44,104.44,104.44,105.12,105.47,105.47,105.47,105.47,105.47,106.88,107.97,107.97,107.97,106.54,98.39,98.39,94.79,94.79,87.60,87.60,87.60,87.60,87.60,103.66,95.07,98.91,101.34,101.89,107.84,109.10,107.57,104.28,106.43,112.27,113.18,113.18,115.41,118.99,116.66,124.55,124.03,128.83,128.83,128.83,128.83,128.83,132.68,132.96,130.91,129.94,130.91,130.73,132.24,131.51,133.02,131.91,135.50,134.71,133.23,134.17,133.71,132.06,134.50,127.27,134.50,134.50,133.85,134.18,134.76,134.26,135.06,132.24,134.58,133.77,133.77,136.70,134.02,133.64,137.55,137.55,137.55,137.55
Producto,0.000260745,05611204,CERA PARA PISOS,91.23,91.23,91.23,88.62,88.62,88.62,88.82,88.82,88.82,85.24,88.62,88.82,88.82,88.82,88.82,88.82,88.34,91.06,91.06,91.26,90.25,90.25,90.25,90.25,90.76,90.76,87.50,87.50,87.26,85.87,85.87,85.87,85.87,85.87,85.87,85.87,85.87,85.87,85.87,85.87,87.98,86.92,89.05,89.05,89.05,89.22,89.22,89.22,89.22,89.90,87.58,87.58,87.58,87.58,87.58,87.58,87.58,87.58,87.58,87.58,85.60,85.60,85.60,88.78,88.78,88.78,88.78,88.78,88.78,88.07,88.07,87.33,88.07,88.07,88.07,88.07,88.07,88.07,88.12,88.12,86.88,86.88,86.88,87.39,88.94,92.70,93.55,93.98,95.25,95.25,95.25,97.85,95.48,95.82,95.73,95.73,95.73,95.73,95.73,95.73,95.73,95.73,95.73,95.73,95.73,95.73,95.73,93.19,94.74,94.08,95.73,96.67,107.35,103.58,110.55,112.60,112.60,114.20,114.20,111.81,113.30,113.64,117.53,116.87,116.87,115.72,117.06,117.06,113.58,117.06,117.06,118.49,118.49,117.10,117.10,117.20,117.20,117.20
Producto,0.000395387,05611205,DESODORANTE AMBIENTAL,99.37,99.80,100.83,100.83,100.83,100.83,101.88,100.83,99.73,99.73,99.73,99.73,99.73,99.93,99.93,100.34,101.01,103.11,103.53,103.12,103.12,103.12,102.77,102.77,97.22,99.55,102.32,99.76,98.55,97.47,104.95,104.95,104.95,98.71,103.69,103.69,103.69,103.69,98.79,99.82,100.20,99.46,93.49,96.67,99.69,103.82,104.58,104.58,104.89,110.86,106.78,95.62,98.47,100.43,101.35,93.14,101.79,104.54,104.90,108.16,104.18,108.16,103.40,108.66,102.86,103.23,103.26,108.02,104.54,107.62,104.55,105.48,106.04,106.04,105.66,102.46,102.46,98.81,107.78,109.91,108.95,109.91,109.91,105.99,106.88,110.02,111.99,114.61,113.91,109.57,113.31,113.72,113.72,118.87,126.17,124.40,129.28,129.28,131.03,131.03,131.43,131.43,128.80,130.99,130.99,121.94,116.68,118.22,116.63,122.20,121.20,128.00,123.46,123.66,119.78,116.02,124.32,124.58,117.43,118.59,120.57,116.83,122.60,116.42,124.91,124.48,118.82,125.38,131.04,125.38,125.38,125.38,125.38,137.54,126.97,137.72,136.01,124.53
Producto,0.001007496,05611206,SUAVIZANTE DE ROPA,96.63,97.69,99.70,101.46,102.23,102.23,99.45,98.99,102.23,102.23,102.41,102.41,98.88,97.98,97.96,101.29,102.41,104.31,104.31,106.95,106.95,106.95,107.27,107.21,107.21,107.21,107.21,107.21,107.21,108.58,108.58,105.84,105.84,105.84,109.13,110.26,109.87,107.00,107.00,109.62,112.11,112.11,112.11,111.68,111.68,111.68,107.49,107.49,109.87,105.51,105.51,102.08,101.55,101.83,101.83,106.81,101.70,101.15,103.21,105.36,105.36,102.91,105.00,107.32,102.34,104.36,106.49,105.98,106.08,106.60,103.94,103.94,106.49,106.49,109.09,111.37,110.44,108.60,110.48,112.74,112.74,112.74,112.74,112.74,115.47,116.20,116.20,116.20,117.04,120.58,120.28,120.28,125.15,120.55,120.55,120.55,120.55,120.55,120.55,120.55,126.56,119.86,113.26,110.89,108.46,124.68,120.62,123.02,124.04,116.54,117.67,126.59,121.72,121.71,120.49,120.69,112.80,120.17,117.34,126.46,125.43,114.77,124.91,117.74,118.75,110.25,116.06,103.66,122.32,116.52,122.32,122.32,115.12,119.77,121.55,123.54,126.04,113.41
Producto,0.000408772,05611207,INSECTICIDA,88.88,88.88,88.88,88.88,88.88,88.88,89.80,89.80,89.80,89.80,91.05,95.44,99.13,99.13,101.80,101.80,101.80,101.80,99.35,99.35,99.35,96.28,96.43,99.21,94.96,99.02,99.02,99.50,97.34,95.87,98.81,96.32,97.97,97.97,98.79,98.20,97.11,97.43,97.43,97.43,97.43,97.43,97.43,92.92,97.26,100.44,100.44,100.44,100.44,89.10,98.08,93.63,93.63,94.51,89.36,89.93,89.93,86.59,86.59,86.59,85.19,80.40,88.51,84.36,88.51,88.06,92.56,89.92,91.65,91.65,91.58,90.98,91.32,88.71,87.78,87.78,88.89,88.89,89.28,92.25,89.31,92.25,92.25,81.18,90.92,82.24,85.60,94.14,90.46,91.30,91.51,91.51,91.51,85.83,89.88,90.87,77.60,82.12,91.28,93.59,92.23,89.57,97.84,96.62,96.62,98.09,93.67,93.24,87.40,97.29,95.69,92.00,96.73,93.24,98.83,98.90,99.29,99.29,96.26,96.26,89.21,91.50,89.42,96.95,93.82,93.23,93.03,92.21,87.62,88.99,90.65,87.16,90.58,93.46,87.00,95.04,97.34,99.06
Subclase,0.003222546,05612,Productos no duraderos para el hogar,108.87,110.63,110.80,111.99,111.99,112.66,112.96,113.19,113.19,113.58,113.36,114.05,114.07,113.66,113.58,112.64,112.13,113.04,112.91,112.55,112.60,112.60,112.97,113.15,113.18,112.53,112.93,113.74,113.99,112.40,111.35,112.57,112.14,112.21,113.93,112.28,112.04,110.42,110.21,111.15,108.69,108.69,108.25,107.01,107.12,107.80,107.68,109.48,109.11,109.02,110.04,109.79,109.95,109.72,110.16,110.01,109.46,108.68,108.57,108.30,111.40,109.34,112.85,112.50,109.98,111.65,111.97,112.31,112.61,112.26,112.33,111.46,109.26,110.57,110.64,110.74,110.24,110.31,110.26,111.02,112.16,112.12,111.45,111.15,111.54,112.07,115.27,114.17,117.77,118.08,118.54,121.21,121.80,123.02,122.60,122.31,122.64,123.23,123.15,122.48,122.48,122.23,121.79,123.67,124.50,123.70,123.38,124.19,123.21,123.87,121.72,123.76,125.53,125.68,126.38,126.26,125.11,123.89,124.92,124.99,125.83,126.17,125.09,124.09,124.46,124.77,125.01,125.09,124.44,122.92,123.38,122.54,123.85,123.74,124.37,123.85,124.15,124.05
Producto,0.000681452,05612208,ESCOBA,101.79,101.79,101.79,104.05,104.05,106.87,107.62,108.14,108.14,109.86,108.90,108.90,108.90,108.90,108.90,105.32,102.99,107.78,107.78,106.80,106.80,106.80,106.80,106.80,106.80,106.80,107.15,107.15,107.15,105.98,105.89,105.70,104.28,104.28,112.05,111.03,110.00,103.70,103.70,103.87,106.92,106.92,103.70,99.24,101.31,101.31,101.31,101.31,104.43,104.43,111.42,114.38,114.38,112.74,112.74,112.74,112.74,112.74,110.61,110.61,119.56,111.23,124.51,121.41,109.31,117.82,119.01,123.44,122.69,120.55,120.55,120.55,114.34,114.34,114.34,113.49,113.49,113.49,114.02,115.27,115.27,111.04,111.04,111.04,113.08,113.08,116.40,112.44,112.44,112.44,112.44,119.63,122.32,126.96,125.31,125.31,135.18,135.18,135.18,135.18,135.18,135.18,135.18,140.72,141.82,141.82,140.72,140.72,141.23,141.53,137.38,140.50,144.04,145.02,145.02,145.02,143.84,143.84,148.19,148.19,148.19,148.19,145.02,145.02,145.02,144.24,144.24,144.24,144.24,144.24,144.24,144.24,144.24,143.42,143.42,143.61,144.43,144.43
Producto,0.000211092,05612209,ESPONJA LAVA VAJILLA,113.82,112.73,112.73,118.01,118.01,120.58,120.58,122.23,122.23,122.23,122.23,122.23,121.04,123.93,123.93,123.50,123.93,116.78,116.39,116.39,116.39,116.39,117.81,117.81,118.21,112.92,112.55,112.93,118.21,117.03,117.03,117.03,117.03,117.03,118.79,114.48,111.13,111.13,111.13,111.13,114.48,114.48,114.48,121.32,121.32,121.32,121.32,113.58,121.32,121.32,119.61,119.16,119.16,119.16,119.16,119.16,119.16,111.75,117.89,113.59,113.59,111.75,116.11,122.34,124.76,124.76,124.76,119.55,113.68,118.19,118.19,118.19,118.19,118.19,118.19,115.89,115.89,115.89,115.89,115.89,115.89,118.19,107.42,105.25,109.15,109.15,99.91,111.09,125.03,122.17,127.59,127.59,127.59,124.18,124.18,127.59,131.14,131.14,131.14,125.00,131.14,131.14,131.14,130.76,130.76,130.76,126.19,127.98,127.98,120.48,117.06,119.53,123.33,128.54,128.54,132.79,118.07,118.07,127.95,113.76,120.35,123.54,118.96,103.69,104.54,116.27,115.05,111.98,118.25,110.33,117.68,110.25,116.75,117.70,119.26,117.31,117.31,115.18
Producto,0.000862233,05612210,FUNDAS PARA BASURA,99.24,99.19,99.69,100.93,100.93,100.93,100.93,100.93,100.93,100.93,100.93,102.47,102.47,102.16,102.16,102.16,101.90,103.26,102.45,102.45,102.65,102.65,104.34,104.34,104.34,104.34,106.84,109.71,108.38,107.46,107.46,107.68,107.68,107.68,107.68,107.90,107.90,107.90,107.90,107.90,96.01,96.01,96.01,96.01,96.01,96.01,95.22,101.00,95.22,94.87,95.12,93.69,93.69,93.20,94.24,93.69,93.69,93.69,93.69,93.69,94.69,94.69,94.69,94.69,94.69,94.69,94.69,93.92,96.26,96.26,96.26,95.69,90.92,96.92,96.43,96.43,96.43,96.43,96.43,96.75,100.50,100.50,100.50,100.50,99.31,101.25,113.82,107.55,107.55,107.55,107.55,108.34,108.34,108.34,108.34,108.34,99.99,99.99,99.99,99.99,99.99,99.99,99.99,99.99,99.99,99.99,99.99,99.99,99.99,99.99,99.99,101.23,101.27,101.97,101.97,101.97,101.97,103.39,100.96,100.96,100.96,100.96,100.96,103.46,103.46,100.61,102.87,102.87,100.47,100.47,100.47,98.94,100.04,100.04,100.47,100.47,100.47,101.95
Producto,0.000503555,05612211,SERVILLETAS ,88.00,97.68,97.68,97.68,97.68,97.68,97.68,97.68,97.68,97.68,97.68,99.10,100.19,98.09,97.68,97.24,97.68,96.82,97.42,96.59,96.59,96.59,96.59,96.59,96.59,96.59,94.83,94.83,96.33,91.22,85.89,92.27,92.07,92.07,91.02,89.31,90.39,89.61,88.49,89.28,89.28,89.28,90.95,87.67,85.67,89.27,89.79,93.48,93.48,93.48,90.50,87.74,88.58,90.07,90.07,90.07,87.19,86.50,86.50,86.50,90.39,90.39,91.16,91.06,91.06,89.41,89.41,89.41,90.46,89.79,90.12,86.06,88.94,87.19,88.28,90.12,87.53,87.53,87.53,88.58,88.58,92.21,92.21,91.32,91.32,91.32,91.32,92.33,94.56,96.92,96.48,100.57,100.04,102.19,102.90,101.04,101.54,104.63,104.22,102.93,100.96,100.12,97.80,102.06,105.10,100.94,100.71,104.40,98.59,104.93,100.63,104.53,108.45,104.41,108.09,106.08,106.43,98.70,98.70,103.94,103.94,104.96,104.96,101.11,102.79,105.61,104.03,105.45,103.46,98.94,98.94,98.94,101.84,101.96,104.44,102.08,103.81,101.82
Producto,0.000655699,05612212,FÓSFOROS,157.73,157.73,157.73,157.73,157.73,157.73,157.73,157.73,157.73,157.73,157.73,157.73,157.73,157.73,157.73,157.73,157.73,157.73,157.73,157.73,157.73,157.73,157.73,157.73,157.73,157.73,157.73,157.73,157.73,157.73,157.73,157.73,157.73,157.73,157.73,157.73,157.73,157.73,157.73,157.73,157.73,157.73,157.73,157.73,157.73,157.73,157.73,157.73,157.73,157.73,157.73,157.73,157.73,157.73,157.73,157.73,157.73,157.73,157.73,157.73,157.73,157.73,157.73,157.73,157.73,157.73,157.73,157.73,157.73,157.73,157.73,157.73,157.73,157.73,157.73,157.73,157.73,157.73,157.73,157.73,157.73,157.73,157.73,157.73,157.73,157.73,157.73,157.73,171.05,171.05,171.05,171.05,171.05,171.05,171.05,171.05,171.05,171.05,171.05,171.05,171.05,171.05,171.05,171.05,171.05,171.05,171.05,171.05,171.05,171.05,171.05,171.05,171.05,171.05,171.05,171.05,171.05,171.05,171.05,171.05,171.05,171.05,171.05,171.05,171.05,171.05,171.05,171.05,171.05,171.05,171.05,171.05,171.05,171.05,171.05,171.05,171.05,171.05
Producto,0.000308515,05612213,VELAS,98.06,98.06,98.58,98.58,98.58,96.34,98.25,98.25,98.25,98.25,98.25,98.25,96.53,94.83,94.83,94.83,94.83,95.27,95.27,95.60,95.60,95.60,92.81,95.60,95.60,90.67,90.67,90.67,90.67,90.34,89.97,89.97,89.10,90.08,90.08,76.58,76.58,76.58,76.58,88.06,86.04,86.04,86.04,86.04,86.04,86.04,86.04,86.04,86.04,86.04,86.04,86.04,86.04,86.04,88.44,88.44,88.44,85.56,85.56,85.56,85.56,85.56,85.56,85.56,87.95,87.95,88.56,86.15,86.15,86.15,86.15,87.09,87.09,87.09,87.09,88.45,88.45,89.44,86.71,89.64,91.36,93.06,93.06,93.06,93.06,93.06,86.29,96.40,95.68,96.41,99.62,99.62,100.55,99.73,96.99,94.70,94.70,94.70,94.70,93.97,93.97,92.57,92.57,89.46,89.46,89.30,93.42,93.42,93.42,91.07,88.71,89.97,89.30,91.94,91.94,91.94,91.53,89.37,90.41,89.73,96.42,95.56,94.65,94.65,94.65,94.65,94.65,94.65,94.65,91.94,91.94,92.67,93.51,93.51,92.67,92.67,89.35,89.35
Clase,0.015250366,0562,Servicios domésticos y para el hogar (S),108.28,108.28,108.28,108.28,108.28,108.28,108.28,108.28,108.28,108.28,108.28,108.28,111.95,111.95,112.26,112.26,112.26,112.26,112.26,112.26,112.26,112.26,112.26,112.26,115.02,115.02,115.02,115.02,115.02,115.02,115.02,115.02,115.02,115.02,115.02,115.02,118.40,118.40,118.40,118.40,118.40,118.40,118.40,118.40,118.40,118.40,118.40,118.40,120.85,120.85,120.85,120.85,120.85,120.85,120.85,120.85,120.85,120.85,120.85,120.85,122.69,122.69,122.69,122.69,122.69,122.69,122.69,122.69,122.69,122.69,122.69,122.69,122.69,122.69,122.69,122.69,122.69,122.69,122.69,122.69,122.69,122.69,122.69,122.69,130.36,130.36,130.36,130.36,130.36,130.36,130.36,130.36,130.36,130.36,130.36,130.36,138.03,138.03,138.03,138.03,138.03,138.03,138.03,138.03,138.03,138.03,138.03,138.03,141.10,141.10,141.10,141.10,141.10,141.10,141.10,141.10,141.10,141.10,141.10,141.10,144.16,144.16,144.16,144.16,144.16,144.16,144.16,144.16,144.16,144.16,144.16,144.16,147.84,147.84,147.84,147.84,147.84,147.84
Subclase,0.015250366,05621,Servicios domésticos y  para el hogar,108.28,108.28,108.28,108.28,108.28,108.28,108.28,108.28,108.28,108.28,108.28,108.28,111.95,111.95,112.26,112.26,112.26,112.26,112.26,112.26,112.26,112.26,112.26,112.26,115.02,115.02,115.02,115.02,115.02,115.02,115.02,115.02,115.02,115.02,115.02,115.02,118.40,118.40,118.40,118.40,118.40,118.40,118.40,118.40,118.40,118.40,118.40,118.40,120.85,120.85,120.85,120.85,120.85,120.85,120.85,120.85,120.85,120.85,120.85,120.85,122.69,122.69,122.69,122.69,122.69,122.69,122.69,122.69,122.69,122.69,122.69,122.69,122.69,122.69,122.69,122.69,122.69,122.69,122.69,122.69,122.69,122.69,122.69,122.69,130.36,130.36,130.36,130.36,130.36,130.36,130.36,130.36,130.36,130.36,130.36,130.36,138.03,138.03,138.03,138.03,138.03,138.03,138.03,138.03,138.03,138.03,138.03,138.03,141.10,141.10,141.10,141.10,141.10,141.10,141.10,141.10,141.10,141.10,141.10,141.10,144.16,144.16,144.16,144.16,144.16,144.16,144.16,144.16,144.16,144.16,144.16,144.16,147.84,147.84,147.84,147.84,147.84,147.84
Producto,0.015250366,05621214,SERVICIOS DOMÉSTICOS,108.28,108.28,108.28,108.28,108.28,108.28,108.28,108.28,108.28,108.28,108.28,108.28,111.95,111.95,112.26,112.26,112.26,112.26,112.26,112.26,112.26,112.26,112.26,112.26,115.02,115.02,115.02,115.02,115.02,115.02,115.02,115.02,115.02,115.02,115.02,115.02,118.40,118.40,118.40,118.40,118.40,118.40,118.40,118.40,118.40,118.40,118.40,118.40,120.85,120.85,120.85,120.85,120.85,120.85,120.85,120.85,120.85,120.85,120.85,120.85,122.69,122.69,122.69,122.69,122.69,122.69,122.69,122.69,122.69,122.69,122.69,122.69,122.69,122.69,122.69,122.69,122.69,122.69,122.69,122.69,122.69,122.69,122.69,122.69,130.36,130.36,130.36,130.36,130.36,130.36,130.36,130.36,130.36,130.36,130.36,130.36,138.03,138.03,138.03,138.03,138.03,138.03,138.03,138.03,138.03,138.03,138.03,138.03,141.10,141.10,141.10,141.10,141.10,141.10,141.10,141.10,141.10,141.10,141.10,141.10,144.16,144.16,144.16,144.16,144.16,144.16,144.16,144.16,144.16,144.16,144.16,144.16,147.84,147.84,147.84,147.84,147.84,147.84
División,0.07339304,06,Salud,101.38,101.29,102.35,102.95,102.90,104.08,104.16,104.11,104.23,104.49,104.85,105.16,107.35,107.52,107.36,108.76,109.48,108.99,108.74,108.82,108.68,108.33,110.03,110.47,111.55,111.97,111.63,111.26,111.82,112.12,112.01,111.59,112.58,112.22,112.56,112.18,112.35,112.67,112.66,112.74,113.25,113.58,113.55,113.21,114.19,114.14,114.53,114.69,114.79,114.92,115.25,115.19,115.28,115.59,115.72,115.83,116.11,116.03,116.11,116.41,116.36,116.44,116.13,116.89,117.09,117.47,117.43,117.87,117.95,117.71,117.47,117.23,118.12,117.63,116.99,117.92,118.16,119.20,119.46,118.77,118.76,119.10,119.36,119.60,120.19,120.45,121.27,121.44,122.23,122.46,123.03,122.16,121.74,123.05,122.67,123.12,122.73,122.61,123.08,124.51,124.08,124.67,124.40,125.18,125.32,125.46,125.42,125.13,125.79,126.88,127.12,127.77,127.54,127.64,127.90,128.49,129.16,128.50,129.04,128.94,128.34,128.79,128.62,128.74,128.47,129.23,128.93,128.24,129.40,129.82,129.44,128.82,130.04,130.95,131.75,131.13,132.62,132.29
Grupo,0.042033363,061,"Productos, artefactos y equipo médicos",98.04,97.85,98.36,98.38,98.28,98.56,98.72,99.53,98.91,99.38,99.76,100.54,101.47,101.76,101.41,102.77,102.31,102.12,102.05,102.22,103.21,102.55,102.70,103.62,104.73,104.85,104.16,102.88,104.10,104.63,104.39,103.51,105.53,104.78,104.45,103.64,103.41,104.08,103.63,103.81,104.88,105.57,105.52,105.31,106.03,105.88,106.67,106.86,107.04,106.61,107.32,107.14,107.31,107.96,107.29,107.54,106.69,106.52,107.41,108.05,107.88,107.93,106.73,108.32,109.12,109.01,108.94,109.81,109.99,110.00,109.56,109.05,109.75,108.73,107.39,109.25,109.76,111.87,112.41,110.96,110.06,110.04,110.60,111.04,111.25,112.24,113.22,113.57,115.10,115.55,116.72,114.90,116.80,119.57,118.76,119.21,118.39,118.14,118.13,120.10,119.19,119.13,118.57,120.26,120.55,120.85,121.11,120.49,121.45,121.72,122.18,123.53,123.04,123.29,123.84,125.07,126.48,125.10,126.23,126.02,124.77,125.71,124.80,125.07,124.49,126.10,126.01,124.56,127.00,127.88,127.08,125.77,128.28,130.18,131.87,130.56,133.72,133.03
Clase,0.038023734,0611,Productos farmacéuticos (ND),97.81,97.52,98.08,98.10,97.99,98.29,97.93,98.97,98.47,98.69,99.13,99.94,101.02,100.68,100.58,102.07,101.34,100.93,100.77,101.29,102.48,101.73,101.90,102.92,104.15,104.48,103.71,102.36,103.28,104.08,104.02,102.90,105.30,104.45,104.12,103.17,102.95,103.74,103.24,103.39,104.58,105.31,105.31,105.18,105.97,105.70,106.48,106.70,106.99,106.58,107.23,107.04,107.27,108.01,107.30,107.56,106.71,106.40,107.39,108.12,107.93,108.01,106.65,108.40,109.31,109.21,109.16,110.15,110.29,110.32,109.98,109.27,109.99,108.92,107.46,109.49,110.02,112.40,113.00,111.40,110.49,110.42,111.28,111.56,111.80,112.93,113.91,114.31,116.00,116.54,117.77,115.72,117.84,120.93,119.99,120.56,119.65,119.34,119.37,121.52,120.44,120.35,119.87,121.72,121.96,122.30,122.55,121.89,122.93,123.25,123.72,125.17,124.55,124.79,125.31,126.69,128.20,126.78,128.01,127.93,126.59,127.67,126.99,127.24,126.62,128.02,128.06,126.48,129.16,130.13,129.12,127.72,130.42,132.50,134.38,132.83,136.25,135.64
Subclase,0.038023734,06111,Productos farmacéuticos,97.81,97.52,98.08,98.10,97.99,98.29,97.93,98.97,98.47,98.69,99.13,99.94,101.02,100.68,100.58,102.07,101.34,100.93,100.77,101.29,102.48,101.73,101.90,102.92,104.15,104.48,103.71,102.36,103.28,104.08,104.02,102.90,105.30,104.45,104.12,103.17,102.95,103.74,103.24,103.39,104.58,105.31,105.31,105.18,105.97,105.70,106.48,106.70,106.99,106.58,107.23,107.04,107.27,108.01,107.30,107.56,106.71,106.40,107.39,108.12,107.93,108.01,106.65,108.40,109.31,109.21,109.16,110.15,110.29,110.32,109.98,109.27,109.99,108.92,107.46,109.49,110.02,112.40,113.00,111.40,110.49,110.42,111.28,111.56,111.80,112.93,113.91,114.31,116.00,116.54,117.77,115.72,117.84,120.93,119.99,120.56,119.65,119.34,119.37,121.52,120.44,120.35,119.87,121.72,121.96,122.30,122.55,121.89,122.93,123.25,123.72,125.17,124.55,124.79,125.31,126.69,128.20,126.78,128.01,127.93,126.59,127.67,126.99,127.24,126.62,128.02,128.06,126.48,129.16,130.13,129.12,127.72,130.42,132.50,134.38,132.83,136.25,135.64
Producto,0.00529398,06111215,ANALGÉSICOS Y ANTIPIRÉTICOS (N02B),97.07,95.79,97.07,97.07,97.07,97.07,96.58,96.77,97.67,97.70,98.10,96.67,99.09,96.90,96.90,99.09,99.09,97.23,99.07,99.07,99.07,99.07,98.40,104.26,106.50,108.60,106.88,107.41,106.19,106.74,104.84,105.56,104.76,104.80,104.77,104.43,104.43,104.84,104.13,102.10,105.36,106.69,106.38,104.38,106.45,104.84,104.62,105.93,107.89,107.87,107.97,110.32,110.82,112.45,110.79,110.31,110.46,108.91,110.38,112.89,114.49,116.90,110.68,114.09,114.00,112.91,113.11,118.52,116.30,111.66,114.47,110.25,113.39,109.49,106.69,108.48,111.48,115.44,116.50,116.74,114.51,112.94,110.96,117.59,116.26,119.72,121.39,118.11,116.55,115.49,117.55,116.49,117.57,118.94,120.07,120.28,119.66,116.94,118.18,119.93,119.84,121.08,123.47,121.74,120.05,119.22,120.59,119.62,120.56,123.75,125.86,127.20,125.78,125.26,127.09,126.64,129.18,128.20,128.21,127.71,127.28,130.46,128.01,130.47,128.95,124.01,125.64,125.09,123.76,131.30,126.41,127.86,130.78,134.39,133.74,132.99,134.20,130.78
Producto,0.003566299,06111216,COMBINACIONES DE SUPRESORES DE LA TOS Y EXPECTORANTES (R05F),92.88,92.84,93.16,93.16,93.16,93.56,93.93,95.97,97.24,98.60,99.33,99.90,99.49,99.77,96.58,97.81,97.90,93.89,93.55,95.92,98.48,96.70,97.07,97.02,94.73,94.14,93.64,90.07,93.86,95.79,95.16,93.20,102.08,97.08,96.82,96.95,96.03,97.13,96.32,97.11,97.50,98.15,97.86,98.82,97.94,98.11,97.82,96.51,96.51,94.32,96.47,95.80,95.58,94.60,92.45,94.21,95.25,93.23,96.01,95.47,93.26,92.72,91.65,94.06,95.42,96.23,95.98,94.03,93.20,96.13,97.45,92.53,93.97,89.90,93.05,92.92,94.38,94.91,93.36,91.61,93.06,94.64,95.24,93.28,94.30,92.41,103.49,102.19,101.24,102.62,103.74,106.72,116.04,132.67,132.74,132.84,131.58,132.72,131.12,133.85,132.53,131.95,133.79,133.63,134.26,134.46,135.67,135.07,136.18,137.68,137.68,137.68,137.68,138.83,139.45,147.59,148.87,146.19,150.40,151.84,146.01,149.91,150.14,149.88,151.47,151.88,149.08,150.72,158.13,155.02,155.08,152.47,156.46,158.06,159.25,155.81,161.32,162.13
Producto,0.000229905,06111217,"PREPARADOS DERMATOLÓGICOS 
(D11A)",99.77,98.41,98.41,98.41,98.41,100.06,103.40,104.95,103.40,106.40,106.40,106.40,108.39,110.01,110.01,111.53,111.53,110.32,110.32,111.53,111.53,110.01,110.01,110.01,99.95,102.85,102.85,101.13,99.52,102.85,102.85,109.33,112.16,115.92,113.19,112.78,116.10,115.19,115.19,112.31,112.29,114.28,112.29,114.28,115.48,115.48,115.48,114.43,116.10,119.02,117.46,116.27,116.56,115.08,113.77,115.00,111.66,116.02,117.82,117.53,117.82,116.06,114.86,114.86,114.24,114.24,114.55,113.55,114.25,114.25,114.25,114.25,114.25,114.25,114.25,113.62,114.25,116.58,124.57,124.57,122.12,122.12,122.12,125.07,118.25,125.07,123.73,122.32,123.73,123.73,123.73,123.73,123.73,123.73,123.73,123.73,123.88,125.07,123.88,125.36,125.95,124.76,125.95,128.45,126.93,126.93,124.47,128.45,125.95,128.45,128.15,127.23,128.45,128.45,128.21,130.96,136.81,141.08,142.35,141.82,142.88,142.88,142.88,135.47,135.18,133.02,126.39,129.40,134.31,129.06,135.76,129.40,133.10,138.14,133.55,136.30,140.60,131.02
Producto,0.003772273,06111218,ANTIBIÓTICO,100.50,100.50,100.50,101.51,100.32,100.32,100.76,100.76,99.51,100.32,100.32,99.30,99.61,101.56,100.84,101.93,101.29,102.16,102.16,101.73,102.16,101.29,101.29,101.16,103.29,101.67,103.04,99.23,100.80,102.08,102.61,102.80,103.93,103.86,102.19,99.53,99.12,98.45,98.45,99.76,103.17,102.12,101.16,102.50,102.61,100.85,101.11,101.11,101.11,100.42,102.59,102.59,102.59,102.59,102.59,102.59,100.08,102.89,101.37,102.37,101.56,102.05,102.36,103.14,103.14,103.21,103.61,103.21,103.07,103.07,102.64,99.24,97.46,97.04,99.15,100.83,101.36,106.35,103.85,103.85,98.78,108.60,108.36,112.64,114.00,114.00,114.35,125.15,125.15,125.15,130.45,121.61,127.45,127.47,127.00,113.93,114.34,115.21,115.01,120.45,113.13,113.13,106.51,111.77,110.80,111.85,112.56,112.56,105.26,112.85,114.01,114.01,114.01,114.01,114.39,114.22,114.22,111.28,111.99,108.41,108.41,109.20,105.39,105.39,103.65,104.55,104.55,103.88,107.18,104.76,104.84,106.99,105.53,103.13,105.43,105.78,108.45,112.72
Producto,0.001220047,06111219,ANTIHISTAMÍNICO PARA USO SISTÉMICO (R06A),101.23,100.88,100.88,101.23,101.23,101.23,101.23,101.23,101.23,100.93,101.65,114.12,119.55,102.26,105.51,99.53,91.14,89.69,88.04,94.83,94.83,95.06,95.06,92.21,104.35,93.48,93.30,86.03,86.84,86.84,88.31,88.31,87.92,87.92,89.41,89.93,89.93,89.41,89.41,89.54,93.44,93.70,93.70,93.70,94.34,94.34,94.34,94.34,94.34,94.34,96.85,96.85,96.85,96.85,96.85,96.25,92.63,92.63,96.14,96.01,95.25,95.38,96.14,96.14,96.14,96.14,95.99,98.87,96.14,96.14,92.63,96.14,96.14,96.14,96.14,96.14,96.14,101.68,97.00,97.00,99.59,103.58,103.58,94.77,90.72,90.13,90.72,90.72,89.61,88.33,93.54,92.40,93.00,93.00,93.00,93.00,93.00,93.00,93.00,91.04,89.61,89.61,93.61,93.61,89.61,89.61,89.61,88.42,88.42,88.42,88.42,88.42,88.42,91.53,91.15,90.03,90.03,90.03,90.03,90.03,90.15,87.31,96.69,96.00,96.00,96.00,92.78,92.78,92.78,90.11,91.32,91.17,93.00,93.00,95.40,95.40,95.40,94.38
Producto,0.001828421,06111220,ANTIINFLAMATORIO Y ANTIRREUMÁTICOS NO ESTEROIDEOS (M01A),84.05,84.05,84.05,84.05,84.05,82.29,83.99,83.99,83.09,83.09,83.09,84.96,85.84,84.96,88.84,92.15,91.22,92.82,96.62,95.63,97.57,96.66,96.66,98.53,106.69,106.69,106.69,106.05,105.37,106.52,108.50,106.65,109.99,109.99,109.99,109.22,109.22,110.85,108.90,110.82,111.50,112.15,111.52,112.20,115.24,114.45,117.55,114.90,115.63,115.63,116.38,114.62,116.01,116.01,116.62,111.32,110.07,114.64,115.07,111.88,115.07,111.82,110.92,111.42,113.49,109.97,109.97,111.14,111.49,112.62,110.94,109.16,109.41,111.65,110.45,119.36,122.91,122.91,121.57,119.93,119.93,112.31,114.19,115.75,115.90,115.90,115.36,115.80,113.35,114.05,110.97,115.21,117.79,117.79,117.79,120.44,121.52,119.71,121.77,122.46,121.89,120.65,129.57,132.23,135.47,139.28,137.00,133.71,136.11,135.61,142.76,143.44,139.19,136.31,140.58,139.66,139.11,146.55,143.26,150.10,147.41,150.65,145.92,145.92,141.65,144.33,143.57,143.57,145.48,144.44,145.69,143.28,146.35,149.56,150.43,149.29,152.55,148.00
Producto,0.002203625,06111221,TRACTO ALIMENTARIO Y METABOLISMO (A),103.55,102.20,103.93,103.70,104.47,105.28,104.88,105.05,104.52,106.57,105.69,105.99,107.25,107.50,108.58,111.32,113.57,114.04,113.37,113.93,116.59,117.10,118.69,125.55,126.89,132.15,130.59,129.51,131.10,134.71,137.67,137.28,139.34,139.08,138.25,139.74,140.41,140.73,141.14,142.34,147.65,150.04,150.00,149.64,150.85,150.48,150.48,152.87,153.70,154.70,155.24,156.26,155.65,155.45,155.43,159.55,157.72,155.82,155.63,155.42,156.08,155.80,157.81,157.93,158.57,158.45,157.32,157.70,158.15,157.07,155.86,156.73,156.68,156.65,156.61,155.40,156.45,154.40,155.81,155.26,156.13,154.00,154.97,153.89,153.49,154.69,156.53,154.35,154.77,153.07,154.30,152.11,150.07,148.58,148.23,148.41,145.55,149.70,148.44,156.84,154.59,152.66,154.35,153.25,152.12,153.40,156.49,154.90,158.69,156.96,156.72,156.79,158.08,158.27,158.77,159.50,162.22,162.86,163.49,160.58,160.80,161.96,162.01,164.93,164.72,164.26,162.21,157.92,166.30,163.49,157.28,156.29,157.92,160.45,162.96,157.76,163.51,164.84
Producto,0.000603782,06111222,ANTIHELMÍNTICOS (ANTIPARASITARIO) (P02),96.63,96.63,96.63,91.96,92.66,96.63,96.63,96.63,96.63,88.76,96.63,96.63,100.11,100.11,100.11,104.10,99.00,104.10,98.46,98.46,98.46,99.53,98.97,95.36,98.97,99.89,99.42,97.11,99.93,99.93,98.96,96.34,96.34,91.49,95.45,97.67,97.67,96.30,96.30,96.30,90.40,91.68,98.91,97.67,98.13,98.13,98.13,98.13,97.68,97.68,99.65,99.65,99.65,99.65,100.11,95.42,98.03,98.79,100.11,98.71,100.11,100.11,100.56,93.78,101.88,102.30,99.24,100.30,98.45,100.57,97.56,106.03,101.36,101.38,98.87,97.49,97.96,100.16,98.25,101.77,97.56,102.85,102.85,98.12,109.49,104.35,109.49,109.49,105.70,105.70,106.03,96.38,111.83,113.73,113.73,113.73,113.73,113.73,110.32,113.73,123.67,123.67,124.88,123.87,123.87,130.88,125.01,125.01,125.01,125.01,125.01,125.01,125.01,125.01,125.01,125.01,118.59,117.45,117.45,121.04,124.96,125.44,134.71,134.71,137.86,140.35,133.79,133.28,141.09,139.29,141.09,135.83,141.09,142.91,142.91,141.09,143.27,143.27
Producto,0.007486884,06111223,SISTEMA CARDIOVASCULAR (C),98.76,98.82,98.84,98.83,98.73,98.95,98.07,98.81,98.04,97.85,97.53,99.54,99.38,99.18,98.73,100.43,96.81,98.49,98.41,96.60,96.73,95.42,94.96,95.50,95.02,95.05,94.97,94.44,95.60,94.13,94.05,92.57,93.05,92.69,92.22,91.66,92.93,94.80,93.90,93.03,91.04,91.95,93.44,92.79,92.72,93.20,93.38,92.65,92.27,92.78,92.26,90.50,90.69,93.00,91.52,91.73,90.05,92.09,91.40,91.27,93.18,92.22,91.83,93.21,94.15,94.19,94.45,94.14,94.18,92.90,92.00,93.85,91.46,92.44,90.78,96.08,95.21,99.17,99.52,102.25,100.24,99.93,98.39,98.56,98.37,97.94,99.95,101.21,99.74,99.70,100.18,99.91,99.27,97.89,97.77,97.74,97.68,97.93,96.84,99.55,99.34,98.58,98.44,98.84,99.89,101.34,100.77,100.14,101.00,98.45,100.77,100.04,95.50,97.07,98.25,97.77,101.03,101.82,101.14,103.92,104.80,105.08,104.46,105.14,106.20,107.10,104.14,99.73,101.65,103.07,102.03,99.41,100.66,103.31,103.46,100.77,103.28,99.67
Producto,0.002018273,06111224,MEDICAMENTOS USADOS EN DIABETES (A10),98.46,98.56,98.56,98.09,98.56,99.14,99.36,99.36,99.36,99.14,99.14,99.91,99.84,100.28,100.22,100.22,100.22,101.22,98.28,101.13,100.70,101.56,101.56,101.55,100.71,100.67,100.71,100.14,100.44,100.53,100.63,100.13,99.44,99.19,98.85,99.02,99.02,98.72,99.04,98.22,98.75,99.57,99.20,99.57,97.92,99.24,98.88,99.53,99.40,99.44,98.92,99.10,99.22,98.10,97.51,97.60,95.46,97.26,99.14,97.38,99.05,98.62,100.72,104.95,104.72,104.75,104.96,106.17,101.79,99.46,98.43,99.67,98.91,99.05,100.18,102.99,104.35,101.58,100.94,99.61,99.58,101.38,98.38,100.75,99.57,100.72,101.50,102.00,101.73,99.86,101.88,101.96,100.82,102.42,99.82,102.30,101.78,100.96,99.41,101.85,101.95,101.20,100.07,100.07,102.87,100.83,100.72,100.96,101.90,102.80,102.97,102.97,102.97,102.97,102.23,101.77,101.52,103.41,100.44,97.67,101.16,104.35,101.38,101.53,102.44,103.99,99.46,99.03,99.39,103.06,102.35,99.02,99.27,100.15,101.16,99.71,102.02,99.07
Producto,0.000476909,06111225,ANTICONCEPTIVOS HORMONALES PARA USO SISTÉMICO (G03A),99.39,99.39,99.39,99.39,99.39,99.39,99.39,99.08,99.94,100.16,100.16,99.73,100.95,100.81,99.43,100.95,100.89,100.89,100.89,100.89,100.80,100.74,100.79,101.38,101.38,101.38,101.38,101.20,101.38,101.59,101.44,101.44,101.57,101.86,101.86,102.28,103.51,102.72,102.49,102.26,102.49,102.84,102.84,102.84,102.84,103.02,103.51,103.51,102.64,101.55,101.55,101.55,101.55,101.61,101.56,101.38,101.13,100.06,101.50,100.25,101.35,101.35,101.91,101.73,103.16,103.16,100.99,101.89,101.95,100.22,104.26,105.95,99.87,103.26,100.76,98.64,101.61,100.81,99.23,101.74,100.81,101.56,101.41,101.56,100.43,98.01,101.58,102.61,101.53,95.40,96.78,97.15,98.46,98.21,96.72,100.04,100.04,98.72,97.69,98.31,98.79,98.73,97.93,98.61,98.61,101.34,97.26,97.81,100.68,99.50,99.84,98.67,97.84,96.55,94.86,95.91,93.52,97.26,94.10,101.37,101.97,101.51,98.97,101.01,97.62,96.72,99.23,98.54,100.74,103.07,98.04,103.60,106.24,106.97,106.97,107.45,108.18,102.41
Producto,0.000432242,06111226,ANTIFÚNGICOS PARA USO DERMATOLÓGICO (D01),98.19,98.19,98.19,98.19,98.19,98.83,99.38,99.38,98.30,98.30,97.55,98.30,98.30,109.42,116.95,125.15,119.80,122.45,122.34,122.34,123.71,129.31,129.31,129.31,129.35,129.35,132.29,134.97,143.91,147.62,147.52,146.33,147.67,149.21,148.83,150.23,150.23,152.00,148.83,147.86,150.13,150.13,151.54,153.01,153.34,153.34,155.67,156.77,160.33,159.05,160.75,160.75,159.33,159.33,158.42,158.97,159.24,158.60,159.42,159.77,160.59,161.23,161.23,161.23,161.23,160.10,161.87,161.68,161.68,161.68,162.30,164.17,160.24,158.80,157.64,156.74,161.01,161.13,162.13,161.78,170.11,177.04,178.22,185.90,176.77,187.01,186.02,186.02,182.21,185.93,193.06,186.18,195.94,191.18,191.09,192.95,192.95,190.22,190.22,190.31,190.31,190.22,190.50,190.22,190.22,190.31,190.31,190.22,190.22,190.13,190.13,190.13,189.76,193.22,193.93,194.89,194.90,200.15,201.29,202.51,199.28,202.96,201.60,201.60,202.34,204.42,218.22,225.12,242.65,245.36,245.36,245.36,245.36,245.36,245.36,245.36,249.72,245.36
Producto,0.000622886,06111227,OFTALMOLÓGICOS (S01),98.10,97.74,97.74,97.74,98.10,97.96,97.96,98.66,98.66,98.66,98.66,98.66,98.66,98.66,98.66,98.66,98.66,98.66,97.81,95.46,98.94,98.94,98.94,98.59,98.08,98.08,98.08,97.15,97.20,97.24,96.69,96.01,98.24,97.92,96.65,96.40,96.55,97.04,93.96,95.51,97.56,97.72,96.97,97.32,97.32,97.07,98.75,96.24,96.35,95.42,95.36,95.14,96.25,95.28,93.77,94.85,93.14,95.06,95.81,93.33,93.01,95.43,95.43,89.18,98.42,97.84,96.77,97.04,98.64,96.15,92.04,96.81,96.35,97.46,96.63,96.53,96.53,97.78,95.20,96.72,97.51,97.51,100.27,104.62,105.29,104.24,105.29,106.73,105.29,107.07,107.18,104.35,106.28,106.28,108.34,109.10,108.21,106.19,110.49,110.49,113.53,113.84,116.32,115.90,120.92,120.92,120.33,122.78,122.73,119.12,122.56,122.56,121.53,126.17,126.17,126.79,128.27,128.27,131.13,134.32,139.47,142.51,147.68,145.46,145.05,147.62,145.93,148.79,155.45,158.83,159.74,161.22,164.76,164.71,165.91,165.25,164.81,164.02
Producto,0.001191601,06111228,MEDICAMENTOS PARA EL SISTEMA NERVIOSO (N),100.08,101.32,101.32,102.67,102.67,102.67,100.42,100.42,100.42,100.69,99.92,101.26,100.14,100.14,99.04,100.36,116.71,102.09,103.53,103.58,101.84,103.58,103.58,103.58,102.63,103.58,103.58,102.28,103.58,103.58,101.70,102.18,102.27,102.25,101.38,102.25,102.25,101.38,101.38,101.38,101.38,101.38,101.38,101.38,101.64,101.55,101.78,101.78,101.55,101.55,101.55,101.73,101.19,101.19,101.73,101.73,97.28,101.51,99.72,101.49,90.03,90.03,90.03,90.10,90.27,90.17,90.00,89.38,89.16,88.52,86.50,88.28,89.13,89.35,89.20,90.19,88.39,90.73,87.46,89.16,85.58,89.16,89.16,84.38,89.16,89.16,89.16,89.93,109.17,137.54,122.32,91.62,90.59,90.59,90.59,90.02,90.02,94.29,96.29,97.03,98.30,98.30,97.24,97.24,98.30,101.59,101.59,97.88,101.59,97.74,97.74,97.88,97.88,97.09,102.51,102.51,102.31,98.80,104.02,98.80,98.29,97.85,96.98,101.28,98.02,99.47,94.53,94.33,103.13,99.70,99.16,99.28,102.33,103.39,103.58,102.75,104.13,99.41
Producto,0.007076605,06111229,"SUPLEMENTOS MINERALES, VITAMINAS Y PREPARADOS ANTIANÉMICOS (A12) (A11) (B03)",100.87,100.70,101.88,101.65,101.30,102.28,100.86,103.80,101.20,100.85,102.42,102.42,104.71,106.80,107.21,109.06,108.26,109.98,108.37,109.42,111.84,110.08,111.17,109.95,111.00,112.86,110.30,110.29,109.91,111.20,111.23,108.36,111.97,112.06,111.84,107.97,106.28,107.66,107.91,108.91,109.72,110.52,110.03,109.80,111.99,112.20,115.27,117.25,117.06,116.36,116.48,115.88,116.52,118.40,119.00,119.52,119.55,115.74,117.79,121.26,119.77,120.08,117.71,121.12,121.74,122.46,122.45,124.31,128.52,131.84,130.38,131.48,135.43,134.48,127.33,128.96,127.19,129.87,136.23,126.67,125.88,121.38,127.78,124.93,126.38,130.97,123.00,122.64,133.66,132.95,134.75,132.04,131.30,135.04,129.85,137.33,134.64,132.72,133.78,133.65,132.63,133.38,126.89,135.10,135.79,134.26,134.04,134.03,138.06,136.33,132.29,139.47,142.14,140.91,138.76,140.59,142.36,135.87,139.51,136.92,133.38,131.19,130.46,128.41,126.38,134.51,141.14,136.72,135.92,138.80,139.37,135.74,141.24,144.88,151.44,151.09,156.86,159.68
Clase,0.000820938,0612,Otros productos médicos (ND),104.80,104.89,105.50,106.13,106.13,106.13,105.94,105.94,105.91,105.91,105.31,107.81,105.94,108.90,109.72,110.70,111.27,113.14,119.22,124.06,119.82,120.45,120.42,120.42,120.39,110.78,110.29,106.81,119.95,119.05,111.85,118.99,119.97,120.35,118.25,121.04,120.38,118.46,118.50,120.89,120.89,120.91,119.93,114.55,114.98,114.98,118.66,118.37,113.21,110.24,116.87,116.53,114.96,114.53,111.79,113.26,108.11,114.04,114.04,113.48,113.63,112.59,113.42,114.96,113.43,112.63,111.13,109.86,113.33,112.18,104.29,111.65,114.34,111.35,109.83,112.01,113.25,111.62,109.55,111.31,108.84,111.05,110.74,109.42,109.85,108.96,114.27,113.70,114.11,112.50,115.86,117.34,117.10,116.53,118.11,115.19,114.80,113.15,111.66,113.44,117.22,118.39,110.96,112.55,116.81,117.21,118.71,117.24,118.73,113.54,115.60,114.85,116.48,115.14,118.81,118.61,121.92,115.93,117.14,109.33,110.86,109.32,109.14,111.63,110.13,112.03,104.98,102.93,105.05,105.31,104.32,101.62,106.25,108.66,107.99,112.16,111.53,103.42
Subclase,0.000820938,06121,Antisépticos y preservativos,104.80,104.89,105.50,106.13,106.13,106.13,105.94,105.94,105.91,105.91,105.31,107.81,105.94,108.90,109.72,110.70,111.27,113.14,119.22,124.06,119.82,120.45,120.42,120.42,120.39,110.78,110.29,106.81,119.95,119.05,111.85,118.99,119.97,120.35,118.25,121.04,120.38,118.46,118.50,120.89,120.89,120.91,119.93,114.55,114.98,114.98,118.66,118.37,113.21,110.24,116.87,116.53,114.96,114.53,111.79,113.26,108.11,114.04,114.04,113.48,113.63,112.59,113.42,114.96,113.43,112.63,111.13,109.86,113.33,112.18,104.29,111.65,114.34,111.35,109.83,112.01,113.25,111.62,109.55,111.31,108.84,111.05,110.74,109.42,109.85,108.96,114.27,113.70,114.11,112.50,115.86,117.34,117.10,116.53,118.11,115.19,114.80,113.15,111.66,113.44,117.22,118.39,110.96,112.55,116.81,117.21,118.71,117.24,118.73,113.54,115.60,114.85,116.48,115.14,118.81,118.61,121.92,115.93,117.14,109.33,110.86,109.32,109.14,111.63,110.13,112.03,104.98,102.93,105.05,105.31,104.32,101.62,106.25,108.66,107.99,112.16,111.53,103.42
Producto,0.000433814,06121230,ALCOHOL ANTISÉPTICO,107.04,107.04,107.04,107.04,107.04,107.04,106.70,106.70,106.70,106.70,106.70,110.88,107.37,111.22,111.22,111.22,112.20,116.23,127.13,136.51,131.36,131.36,131.36,131.36,131.36,132.12,131.48,112.88,132.01,131.48,119.80,133.27,133.27,133.91,130.99,136.01,135.08,131.61,131.88,136.00,136.00,136.00,136.00,125.13,125.13,125.13,131.54,131.40,131.40,126.04,132.50,131.93,129.85,128.81,125.91,126.78,122.15,126.78,126.78,126.78,126.78,125.00,126.38,128.72,127.51,126.14,125.69,121.76,127.32,129.50,117.02,129.50,135.25,129.03,129.03,134.24,136.29,129.03,130.63,130.05,129.58,128.87,128.87,128.87,127.40,128.87,132.55,132.39,131.64,131.64,132.39,131.64,132.39,131.64,131.64,131.64,130.97,131.22,127.24,133.74,134.62,134.39,130.32,130.32,133.70,134.39,134.39,134.39,134.39,134.39,134.39,130.81,134.90,134.90,134.90,136.01,141.63,134.81,134.26,124.04,125.04,126.13,126.13,122.74,120.25,119.90,111.02,111.02,112.65,113.32,113.32,109.51,113.44,114.37,114.37,119.58,120.56,112.35
Producto,0.000387124,06121231,PRESERVATIVO,101.64,101.86,103.32,104.86,104.86,104.86,104.86,104.86,104.78,104.78,103.34,103.48,103.93,105.62,107.61,109.95,109.95,108.78,108.05,106.47,103.52,105.05,104.97,104.97,104.90,80.62,80.36,98.22,102.93,101.48,100.62,98.82,101.19,101.19,100.25,99.90,99.61,99.90,99.61,99.54,99.54,99.61,97.23,99.61,100.64,100.64,100.47,99.96,87.52,87.92,94.78,94.78,93.93,94.35,91.86,94.17,88.28,96.04,96.04,94.70,95.05,95.05,95.11,95.52,93.53,93.53,90.55,93.05,93.58,87.72,86.32,86.45,84.80,86.38,82.71,80.60,80.71,87.02,79.78,84.84,79.56,85.88,85.13,81.95,85.07,80.85,88.45,87.29,89.35,85.46,92.52,97.13,95.49,95.17,98.99,91.96,91.96,87.63,89.64,84.75,92.64,95.79,83.62,87.44,92.96,92.96,96.56,93.02,96.61,84.09,89.06,92.31,90.47,87.24,96.09,94.03,94.08,89.26,92.94,88.55,90.83,85.58,85.14,95.93,95.84,100.92,96.45,91.50,94.32,93.99,91.61,90.47,96.10,100.58,98.98,101.68,98.77,90.81
Clase,0.003188691,0613,Artefactos y equipo terapéuticos (D),99.17,99.84,99.83,99.83,99.83,99.83,105.62,104.17,102.10,105.42,105.42,105.42,105.31,111.82,108.53,108.53,110.79,112.58,112.21,107.60,107.60,107.60,107.60,107.60,107.60,107.60,107.60,107.61,109.63,107.54,106.81,106.82,105.06,105.06,105.06,105.06,104.76,104.76,104.76,104.76,104.76,105.22,104.76,104.82,104.82,105.89,106.20,106.20,106.20,106.20,106.20,106.20,106.20,106.09,106.20,106.16,106.16,106.16,106.16,106.16,106.16,106.16,106.16,106.16,106.16,106.16,106.16,106.16,106.16,106.16,106.14,106.14,106.18,106.18,106.18,106.18,106.18,106.18,106.62,106.19,105.73,105.73,103.28,105.73,105.61,105.61,105.61,105.61,105.61,105.63,105.63,105.63,105.63,105.65,105.67,105.67,105.67,106.30,106.29,106.29,106.29,106.29,106.29,106.28,106.28,106.17,106.17,106.17,106.17,107.01,107.01,107.80,108.32,109.02,109.12,109.12,109.12,109.06,109.06,109.06,108.20,108.20,104.68,104.68,104.68,108.47,108.47,108.47,108.47,108.48,109.97,109.93,109.93,109.94,109.94,110.21,111.28,111.28
Subclase,0.003188691,06131,Artefactos y equipos terapéuticos,99.17,99.84,99.83,99.83,99.83,99.83,105.62,104.17,102.10,105.42,105.42,105.42,105.31,111.82,108.53,108.53,110.79,112.58,112.21,107.60,107.60,107.60,107.60,107.60,107.60,107.60,107.60,107.61,109.63,107.54,106.81,106.82,105.06,105.06,105.06,105.06,104.76,104.76,104.76,104.76,104.76,105.22,104.76,104.82,104.82,105.89,106.20,106.20,106.20,106.20,106.20,106.20,106.20,106.09,106.20,106.16,106.16,106.16,106.16,106.16,106.16,106.16,106.16,106.16,106.16,106.16,106.16,106.16,106.16,106.16,106.14,106.14,106.18,106.18,106.18,106.18,106.18,106.18,106.62,106.19,105.73,105.73,103.28,105.73,105.61,105.61,105.61,105.61,105.61,105.63,105.63,105.63,105.63,105.65,105.67,105.67,105.67,106.30,106.29,106.29,106.29,106.29,106.29,106.28,106.28,106.17,106.17,106.17,106.17,107.01,107.01,107.80,108.32,109.02,109.12,109.12,109.12,109.06,109.06,109.06,108.20,108.20,104.68,104.68,104.68,108.47,108.47,108.47,108.47,108.48,109.97,109.93,109.93,109.94,109.94,110.21,111.28,111.28
Producto,0.002866244,06131232,LENTES ÓPTICOS DE CORRECCIÓN,98.98,99.67,99.67,99.67,99.67,99.67,105.56,104.08,101.96,105.36,105.36,105.36,105.36,112.03,108.66,108.66,110.96,112.78,112.40,107.68,107.68,107.68,107.68,107.68,107.68,107.68,107.68,107.68,109.73,107.68,106.93,106.93,105.13,105.13,105.13,105.13,104.83,104.83,104.83,104.83,104.83,105.29,104.83,104.83,104.83,105.92,106.23,106.23,106.23,106.23,106.23,106.23,106.23,106.23,106.23,106.23,106.23,106.23,106.23,106.23,106.23,106.23,106.23,106.23,106.23,106.23,106.23,106.23,106.23,106.23,106.23,106.23,106.23,106.23,106.23,106.23,106.23,106.23,106.68,106.25,105.77,105.77,103.27,105.77,105.77,105.77,105.77,105.77,105.77,105.77,105.77,105.77,105.77,105.77,105.77,105.77,105.77,106.39,106.39,106.39,106.39,106.39,106.39,106.39,106.39,106.39,106.39,106.39,106.39,107.26,107.26,108.03,108.56,109.28,109.28,109.28,109.28,109.28,109.28,109.28,108.45,108.45,104.85,104.85,104.85,108.73,108.73,108.73,108.73,108.73,110.26,110.26,110.26,110.26,110.26,110.54,111.63,111.63
Producto,0.000322447,06131233,AUDÍFONOS DE CORRECCIÓN,107.13,106.95,106.81,106.81,106.81,106.81,107.91,107.91,107.91,107.91,107.91,107.91,103.37,103.37,103.37,103.37,103.37,104.32,104.32,104.32,104.32,104.32,104.32,104.32,104.32,104.32,104.32,104.39,105.25,101.73,101.73,102.09,102.09,102.09,102.09,102.09,102.09,102.09,102.09,102.09,102.09,102.09,102.09,104.59,104.59,104.59,104.59,104.59,104.59,104.59,104.59,104.59,104.59,100.02,104.59,103.14,103.14,103.14,103.14,103.14,103.14,103.14,103.14,103.14,103.14,103.14,103.14,103.14,103.14,103.14,102.31,102.31,103.93,103.93,103.93,103.93,103.93,103.93,103.93,103.93,103.93,103.93,103.93,103.93,98.94,98.94,98.94,98.94,98.94,99.52,99.52,99.52,99.52,100.31,101.40,101.40,101.40,102.27,101.73,101.73,101.73,101.73,101.73,101.61,101.61,96.82,96.82,96.82,96.82,96.82,96.82,98.04,98.04,98.04,102.33,102.33,102.33,100.14,100.14,100.14,97.47,97.47,97.47,97.47,97.47,97.47,97.47,97.47,97.47,97.68,97.68,96.14,96.14,96.46,96.46,96.46,96.46,96.46
Grupo,0.021391177,062,Servicios para pacientes externos,106.63,106.63,109.34,111.29,111.29,114.78,114.78,113.33,115.68,115.79,116.39,116.16,119.82,119.94,119.94,121.84,121.64,124.05,123.32,123.32,121.31,121.18,126.58,126.58,128.41,129.50,129.46,130.25,130.18,130.35,130.35,130.35,130.43,130.43,132.10,132.10,133.03,133.03,132.99,132.99,132.99,132.97,132.97,132.16,134.28,134.35,134.42,134.64,134.70,135.11,135.11,135.18,135.18,135.18,135.18,135.13,135.99,135.99,134.84,134.84,134.92,134.92,135.81,135.81,135.22,136.63,136.63,136.70,136.70,135.88,135.78,135.78,137.64,137.60,137.60,137.76,137.76,137.86,137.86,137.86,139.25,140.42,141.60,141.70,143.33,142.61,142.61,142.61,142.82,142.87,142.90,142.90,142.90,142.90,142.90,143.68,143.68,143.68,145.25,145.78,145.78,147.82,147.82,147.75,147.75,147.75,147.75,147.75,148.44,151.62,151.70,151.70,151.70,151.65,151.65,151.65,151.65,151.65,151.65,151.65,151.65,151.65,152.51,152.51,152.51,152.51,151.65,151.65,151.65,151.65,151.65,151.65,151.75,151.75,151.75,151.75,151.70,151.70
Clase,0.009042585,0621,Servicios médicos (S),104.22,104.22,104.22,104.22,104.22,104.22,104.22,104.22,104.22,104.22,104.22,104.22,104.22,104.22,104.22,104.22,104.22,110.40,110.40,110.40,110.40,109.40,109.40,109.40,113.79,116.06,116.06,118.08,118.08,118.08,118.08,118.08,118.08,118.08,118.08,118.08,120.47,120.47,120.47,120.47,120.47,120.47,120.47,118.40,118.40,118.40,118.40,118.40,118.40,118.40,118.40,118.40,118.40,118.40,118.40,118.40,120.47,120.47,117.60,117.60,117.60,117.60,119.72,119.72,118.19,121.81,121.81,121.81,121.81,119.72,119.72,119.72,119.72,119.73,119.73,119.73,119.73,119.73,119.73,119.72,121.90,124.11,124.11,124.11,125.00,125.00,125.00,125.00,125.00,125.00,125.00,125.00,125.00,125.00,125.00,127.00,127.00,127.00,130.89,130.89,130.89,136.12,136.12,136.12,136.12,136.12,136.12,136.12,136.12,136.12,136.12,136.12,136.12,136.12,136.12,136.12,136.12,136.12,136.12,136.12,136.12,136.12,138.34,138.34,138.34,138.34,136.12,136.12,136.12,136.12,136.12,136.12,136.12,136.12,136.12,136.12,136.12,136.12
Subclase,0.009042585,06211,Servicios médicos,104.22,104.22,104.22,104.22,104.22,104.22,104.22,104.22,104.22,104.22,104.22,104.22,104.22,104.22,104.22,104.22,104.22,110.40,110.40,110.40,110.40,109.40,109.40,109.40,113.79,116.06,116.06,118.08,118.08,118.08,118.08,118.08,118.08,118.08,118.08,118.08,120.47,120.47,120.47,120.47,120.47,120.47,120.47,118.40,118.40,118.40,118.40,118.40,118.40,118.40,118.40,118.40,118.40,118.40,118.40,118.40,120.47,120.47,117.60,117.60,117.60,117.60,119.72,119.72,118.19,121.81,121.81,121.81,121.81,119.72,119.72,119.72,119.72,119.73,119.73,119.73,119.73,119.73,119.73,119.72,121.90,124.11,124.11,124.11,125.00,125.00,125.00,125.00,125.00,125.00,125.00,125.00,125.00,125.00,125.00,127.00,127.00,127.00,130.89,130.89,130.89,136.12,136.12,136.12,136.12,136.12,136.12,136.12,136.12,136.12,136.12,136.12,136.12,136.12,136.12,136.12,136.12,136.12,136.12,136.12,136.12,136.12,138.34,138.34,138.34,138.34,136.12,136.12,136.12,136.12,136.12,136.12,136.12,136.12,136.12,136.12,136.12,136.12
Producto,0.00194928,06211234,CONSULTA MÉDICO GENERAL,114.95,114.95,114.95,114.95,114.95,114.95,114.95,114.95,114.95,114.95,114.95,114.95,114.95,114.95,114.95,114.95,114.95,120.59,120.59,120.59,120.59,116.19,116.19,116.19,116.19,116.19,116.19,116.19,116.19,116.19,116.19,116.19,116.19,116.19,116.19,116.19,116.19,116.19,116.19,116.19,116.19,116.19,116.19,116.19,116.19,116.19,116.19,116.19,116.19,116.19,116.19,116.19,116.19,116.19,116.19,116.19,116.19,116.19,103.50,103.50,103.50,103.50,103.50,103.50,96.73,112.71,112.71,112.71,112.71,103.50,103.50,103.50,103.50,103.51,103.51,103.51,103.51,103.51,103.51,103.50,103.51,103.50,103.50,103.51,107.44,107.44,107.44,107.44,107.44,107.44,107.44,107.44,107.44,107.44,107.44,107.44,107.44,107.44,107.44,107.44,107.44,107.44,107.44,107.44,107.44,107.44,107.44,107.44,107.44,107.44,107.44,107.44,107.44,107.44,107.44,107.44,107.44,107.44,107.44,107.44,107.44,107.44,107.44,107.44,107.44,107.44,107.44,107.44,107.44,107.44,107.44,107.44,107.44,107.44,107.44,107.44,107.44,107.44
Producto,0.007093305,06211235,CONSULTA MÉDICO ESPECIALISTA,101.09,101.09,101.09,101.09,101.09,101.09,101.09,101.09,101.09,101.09,101.09,101.09,101.09,101.09,101.09,101.09,101.09,107.42,107.42,107.42,107.42,107.42,107.42,107.42,113.08,116.03,116.03,118.64,118.64,118.64,118.64,118.64,118.64,118.64,118.64,118.64,121.72,121.72,121.72,121.72,121.72,121.72,121.72,119.05,119.05,119.05,119.05,119.05,119.05,119.05,119.05,119.05,119.05,119.05,119.05,119.05,121.72,121.72,121.72,121.72,121.72,121.72,124.46,124.46,124.46,124.46,124.46,124.46,124.46,124.46,124.46,124.46,124.46,124.46,124.46,124.46,124.46,124.46,124.46,124.46,127.26,130.13,130.13,130.13,130.13,130.13,130.13,130.13,130.13,130.13,130.13,130.13,130.13,130.13,130.13,132.71,132.71,132.71,137.74,137.74,137.74,144.50,144.50,144.50,144.50,144.50,144.50,144.50,144.50,144.50,144.50,144.50,144.50,144.50,144.50,144.50,144.50,144.50,144.50,144.50,144.50,144.50,147.37,147.37,147.37,147.37,144.50,144.50,144.50,144.50,144.50,144.50,144.50,144.50,144.50,144.50,144.50,144.50
Clase,0.005804755,0622,Servicios dentales (S),112.36,112.36,120.22,126.12,126.12,136.70,136.70,132.32,138.81,138.81,140.63,140.63,151.42,151.42,151.42,157.16,157.16,157.16,155.48,155.48,147.51,147.51,164.45,164.45,164.45,164.45,164.45,164.45,164.45,164.45,164.45,164.45,164.45,164.45,169.52,169.52,169.52,169.52,169.52,169.52,169.52,169.52,169.52,169.52,175.94,175.94,175.94,175.94,175.94,175.94,175.94,175.94,175.94,175.94,175.94,175.94,175.94,175.94,175.94,175.94,175.94,175.94,175.94,175.94,175.94,175.94,175.94,175.94,175.94,175.94,175.94,175.94,181.37,181.37,181.37,181.37,181.37,181.37,181.37,181.37,181.37,181.37,184.97,184.97,184.97,184.97,184.97,184.97,184.97,184.97,184.97,184.97,184.97,184.97,184.97,184.97,184.97,184.97,184.97,184.97,184.97,184.97,184.97,184.97,184.97,184.97,184.97,184.97,184.97,194.05,194.05,194.05,194.05,194.05,194.05,194.05,194.05,194.05,194.05,194.05,194.05,194.05,194.05,194.05,194.05,194.05,194.05,194.05,194.05,194.05,194.05,194.05,194.05,194.05,194.05,194.05,194.05,194.05
Subclase,0.005804755,06221,Servicios dentales,112.36,112.36,120.22,126.12,126.12,136.70,136.70,132.32,138.81,138.81,140.63,140.63,151.42,151.42,151.42,157.16,157.16,157.16,155.48,155.48,147.51,147.51,164.45,164.45,164.45,164.45,164.45,164.45,164.45,164.45,164.45,164.45,164.45,164.45,169.52,169.52,169.52,169.52,169.52,169.52,169.52,169.52,169.52,169.52,175.94,175.94,175.94,175.94,175.94,175.94,175.94,175.94,175.94,175.94,175.94,175.94,175.94,175.94,175.94,175.94,175.94,175.94,175.94,175.94,175.94,175.94,175.94,175.94,175.94,175.94,175.94,175.94,181.37,181.37,181.37,181.37,181.37,181.37,181.37,181.37,181.37,181.37,184.97,184.97,184.97,184.97,184.97,184.97,184.97,184.97,184.97,184.97,184.97,184.97,184.97,184.97,184.97,184.97,184.97,184.97,184.97,184.97,184.97,184.97,184.97,184.97,184.97,184.97,184.97,194.05,194.05,194.05,194.05,194.05,194.05,194.05,194.05,194.05,194.05,194.05,194.05,194.05,194.05,194.05,194.05,194.05,194.05,194.05,194.05,194.05,194.05,194.05,194.05,194.05,194.05,194.05,194.05,194.05
Producto,0.005804755,06221236,SERVICIOS ODONTOLÓGICOS,112.36,112.36,120.22,126.12,126.12,136.70,136.70,132.32,138.81,138.81,140.63,140.63,151.42,151.42,151.42,157.16,157.16,157.16,155.48,155.48,147.51,147.51,164.45,164.45,164.45,164.45,164.45,164.45,164.45,164.45,164.45,164.45,164.45,164.45,169.52,169.52,169.52,169.52,169.52,169.52,169.52,169.52,169.52,169.52,175.94,175.94,175.94,175.94,175.94,175.94,175.94,175.94,175.94,175.94,175.94,175.94,175.94,175.94,175.94,175.94,175.94,175.94,175.94,175.94,175.94,175.94,175.94,175.94,175.94,175.94,175.94,175.94,181.37,181.37,181.37,181.37,181.37,181.37,181.37,181.37,181.37,181.37,184.97,184.97,184.97,184.97,184.97,184.97,184.97,184.97,184.97,184.97,184.97,184.97,184.97,184.97,184.97,184.97,184.97,184.97,184.97,184.97,184.97,184.97,184.97,184.97,184.97,184.97,184.97,194.05,194.05,194.05,194.05,194.05,194.05,194.05,194.05,194.05,194.05,194.05,194.05,194.05,194.05,194.05,194.05,194.05,194.05,194.05,194.05,194.05,194.05,194.05,194.05,194.05,194.05,194.05,194.05,194.05
Clase,0.006543838,0623,Servicios paramédicos (S),103.24,103.24,103.66,103.66,103.66,103.66,103.66,103.66,104.39,104.78,104.78,103.97,104.33,104.76,104.76,104.76,104.06,104.06,103.43,103.43,105.65,106.57,105.91,105.91,106.32,107.06,106.91,106.91,106.68,107.27,107.27,107.27,107.56,107.56,107.56,107.56,107.56,107.56,107.39,107.39,107.39,107.33,107.33,107.33,107.33,107.56,107.84,108.60,108.81,110.28,110.28,110.53,110.53,110.53,110.53,110.37,110.53,110.53,110.44,110.44,110.72,110.72,110.96,110.96,110.96,110.96,110.96,111.21,111.21,111.21,110.84,110.84,111.08,110.94,110.94,111.50,111.50,111.88,111.88,111.88,113.81,114.90,114.90,115.22,119.80,117.26,117.26,117.26,117.99,118.18,118.30,118.30,118.30,118.30,118.30,118.30,118.30,118.30,118.48,120.38,120.38,120.38,120.38,120.11,120.11,120.11,120.11,120.11,122.59,123.22,123.53,123.53,123.53,123.35,123.35,123.35,123.35,123.35,123.35,123.35,123.34,123.34,123.34,123.34,123.34,123.34,123.34,123.34,123.34,123.34,123.34,123.34,123.69,123.69,123.69,123.69,123.52,123.52
Subclase,0.006543838,06231,Servicios paramédicos,103.24,103.24,103.66,103.66,103.66,103.66,103.66,103.66,104.39,104.78,104.78,103.97,104.33,104.76,104.76,104.76,104.06,104.06,103.43,103.43,105.65,106.57,105.91,105.91,106.32,107.06,106.91,106.91,106.68,107.27,107.27,107.27,107.56,107.56,107.56,107.56,107.56,107.56,107.39,107.39,107.39,107.33,107.33,107.33,107.33,107.56,107.84,108.60,108.81,110.28,110.28,110.53,110.53,110.53,110.53,110.37,110.53,110.53,110.44,110.44,110.72,110.72,110.96,110.96,110.96,110.96,110.96,111.21,111.21,111.21,110.84,110.84,111.08,110.94,110.94,111.50,111.50,111.88,111.88,111.88,113.81,114.90,114.90,115.22,119.80,117.26,117.26,117.26,117.99,118.18,118.30,118.30,118.30,118.30,118.30,118.30,118.30,118.30,118.48,120.38,120.38,120.38,120.38,120.11,120.11,120.11,120.11,120.11,122.59,123.22,123.53,123.53,123.53,123.35,123.35,123.35,123.35,123.35,123.35,123.35,123.34,123.34,123.34,123.34,123.34,123.34,123.34,123.34,123.34,123.34,123.34,123.34,123.69,123.69,123.69,123.69,123.52,123.52
Producto,0.000707696,06231237,EXÁMENES MÉDICOS DE SONIDO,107.92,107.92,107.92,107.92,107.92,107.92,107.92,107.92,113.16,113.16,113.16,113.16,113.16,114.89,114.89,114.89,113.16,113.16,108.61,108.61,108.61,111.01,107.32,107.32,108.96,111.96,110.87,110.87,109.19,109.19,109.19,109.19,109.19,109.19,109.19,109.19,109.19,109.19,107.99,107.99,107.99,107.55,107.55,107.55,107.55,109.19,109.19,109.19,109.19,109.19,109.19,109.19,109.19,109.19,109.19,107.99,109.19,109.19,109.19,109.19,111.24,111.24,112.95,112.95,112.95,112.95,112.95,112.95,112.95,112.95,112.95,112.95,114.68,116.43,116.43,120.43,120.43,120.43,120.43,120.43,123.86,123.86,123.86,126.18,126.18,126.18,126.18,126.18,126.18,127.53,126.18,126.18,126.18,126.18,126.18,126.18,126.18,126.18,127.53,128.11,128.11,128.11,128.11,126.18,126.18,126.18,126.18,126.18,128.11,130.07,130.07,130.07,130.07,130.07,130.07,130.07,130.07,130.07,130.07,130.07,130.07,130.07,130.07,130.07,130.07,130.07,130.07,130.07,130.07,130.07,130.07,130.07,130.07,130.07,130.07,130.07,130.07,130.07
Producto,0.00455277,06231238,EXAMEN DE LABORATORIO,101.37,101.37,102.05,102.05,102.05,102.05,102.05,102.05,102.05,102.68,102.68,102.68,102.68,102.68,102.68,102.68,102.68,102.68,102.68,102.68,106.21,107.15,106.21,106.21,106.21,106.21,106.21,106.21,106.21,107.15,107.15,107.15,107.60,107.60,107.60,107.60,107.60,107.60,107.60,107.60,107.60,107.60,107.60,107.60,107.60,107.60,107.60,109.25,109.25,111.30,111.30,111.30,111.30,111.30,111.30,111.30,111.30,111.30,111.30,111.30,111.30,111.30,111.30,111.30,111.30,111.30,111.30,111.30,111.30,111.30,111.30,111.30,111.30,111.30,111.30,111.30,111.30,111.30,111.30,111.30,112.55,114.27,114.27,114.27,121.56,117.52,117.52,117.52,118.68,118.68,118.68,118.68,118.68,118.68,118.68,118.68,118.68,118.68,118.68,121.56,121.56,121.56,121.56,121.56,121.56,121.56,121.56,121.56,121.56,121.56,121.56,121.56,121.56,121.56,121.56,121.56,121.56,121.56,121.56,121.56,120.50,120.50,120.50,120.50,120.50,120.50,120.50,120.50,120.50,120.50,120.50,120.50,120.50,120.50,120.50,120.50,120.50,120.50
Producto,0.001283372,06231239,EXÁMENES MÉDICOS DE IMÁGENES,105.49,105.49,105.49,105.49,105.49,105.49,105.49,105.49,105.49,105.49,105.49,101.98,103.55,104.37,104.37,104.37,102.40,102.40,102.40,102.40,102.40,102.40,104.28,104.28,105.06,106.47,106.47,106.47,106.47,106.47,106.47,106.47,106.47,106.47,106.47,106.47,106.47,106.47,106.47,106.47,106.47,106.47,106.47,106.47,106.47,106.47,107.66,106.47,107.41,108.15,108.15,109.26,109.26,109.26,109.26,109.26,109.26,109.26,108.84,108.84,108.84,108.84,108.84,108.84,108.84,108.84,108.84,109.92,109.92,109.92,108.35,108.35,108.35,106.72,106.72,106.72,106.72,108.35,108.35,108.35,111.27,111.27,111.27,111.27,111.27,111.27,111.27,111.27,111.27,111.27,112.59,112.59,112.59,112.59,112.59,112.59,112.59,112.59,112.59,112.59,112.59,112.59,112.59,112.59,112.59,112.59,112.59,112.59,122.10,123.64,124.95,124.95,124.95,124.20,124.20,124.20,124.20,124.20,124.20,124.20,127.00,127.00,127.00,127.00,127.00,127.00,127.00,127.00,127.00,127.00,127.00,127.00,128.50,128.50,128.50,128.50,127.77,127.77
Grupo,0.009968499,063,Servicios de hospital (S),101.39,101.39,101.39,101.39,101.39,101.39,101.39,101.39,100.09,100.09,100.09,100.09,103.00,103.00,103.00,103.83,108.31,103.26,103.26,103.26,103.26,103.26,103.26,103.26,103.26,103.42,103.42,103.42,103.42,103.42,103.42,103.42,103.42,103.42,103.42,103.42,103.42,103.42,104.38,104.38,104.38,104.38,104.38,104.38,104.38,104.38,104.38,104.38,104.38,105.31,105.31,105.31,105.31,105.31,107.38,107.38,109.30,109.30,109.30,109.30,109.30,109.56,109.56,109.56,109.56,109.56,109.56,109.56,109.56,109.56,109.56,109.56,109.56,109.56,109.56,109.56,109.56,109.56,109.56,109.56,109.56,109.56,107.95,107.95,107.95,107.95,109.55,109.55,109.55,109.55,109.55,109.55,103.58,103.58,103.58,103.58,103.58,103.58,103.58,105.09,105.09,105.09,105.09,105.09,105.09,105.09,104.35,104.35,104.35,104.35,104.35,104.35,104.35,104.35,104.35,104.35,104.35,104.35,104.35,104.35,104.35,104.35,104.35,104.35,104.35,104.35,104.35,104.35,104.35,104.35,104.35,104.35,104.35,104.35,104.35,104.35,104.35,104.35
Clase,0.009968499,0630,Servicios de hospital (S),101.39,101.39,101.39,101.39,101.39,101.39,101.39,101.39,100.09,100.09,100.09,100.09,103.00,103.00,103.00,103.83,108.31,103.26,103.26,103.26,103.26,103.26,103.26,103.26,103.26,103.42,103.42,103.42,103.42,103.42,103.42,103.42,103.42,103.42,103.42,103.42,103.42,103.42,104.38,104.38,104.38,104.38,104.38,104.38,104.38,104.38,104.38,104.38,104.38,105.31,105.31,105.31,105.31,105.31,107.38,107.38,109.30,109.30,109.30,109.30,109.30,109.56,109.56,109.56,109.56,109.56,109.56,109.56,109.56,109.56,109.56,109.56,109.56,109.56,109.56,109.56,109.56,109.56,109.56,109.56,109.56,109.56,107.95,107.95,107.95,107.95,109.55,109.55,109.55,109.55,109.55,109.55,103.58,103.58,103.58,103.58,103.58,103.58,103.58,105.09,105.09,105.09,105.09,105.09,105.09,105.09,104.35,104.35,104.35,104.35,104.35,104.35,104.35,104.35,104.35,104.35,104.35,104.35,104.35,104.35,104.35,104.35,104.35,104.35,104.35,104.35,104.35,104.35,104.35,104.35,104.35,104.35,104.35,104.35,104.35,104.35,104.35,104.35
Subclase,0.009968499,06301,Servicios de hospital,101.39,101.39,101.39,101.39,101.39,101.39,101.39,101.39,100.09,100.09,100.09,100.09,103.00,103.00,103.00,103.83,108.31,103.26,103.26,103.26,103.26,103.26,103.26,103.26,103.26,103.42,103.42,103.42,103.42,103.42,103.42,103.42,103.42,103.42,103.42,103.42,103.42,103.42,104.38,104.38,104.38,104.38,104.38,104.38,104.38,104.38,104.38,104.38,104.38,105.31,105.31,105.31,105.31,105.31,107.38,107.38,109.30,109.30,109.30,109.30,109.30,109.56,109.56,109.56,109.56,109.56,109.56,109.56,109.56,109.56,109.56,109.56,109.56,109.56,109.56,109.56,109.56,109.56,109.56,109.56,109.56,109.56,107.95,107.95,107.95,107.95,109.55,109.55,109.55,109.55,109.55,109.55,103.58,103.58,103.58,103.58,103.58,103.58,103.58,105.09,105.09,105.09,105.09,105.09,105.09,105.09,104.35,104.35,104.35,104.35,104.35,104.35,104.35,104.35,104.35,104.35,104.35,104.35,104.35,104.35,104.35,104.35,104.35,104.35,104.35,104.35,104.35,104.35,104.35,104.35,104.35,104.35,104.35,104.35,104.35,104.35,104.35,104.35
Producto,0.009968499,06301240,GASTOS EN HOSPITALIZACIÓN,101.39,101.39,101.39,101.39,101.39,101.39,101.39,101.39,100.09,100.09,100.09,100.09,103.00,103.00,103.00,103.83,108.31,103.26,103.26,103.26,103.26,103.26,103.26,103.26,103.26,103.42,103.42,103.42,103.42,103.42,103.42,103.42,103.42,103.42,103.42,103.42,103.42,103.42,104.38,104.38,104.38,104.38,104.38,104.38,104.38,104.38,104.38,104.38,104.38,105.31,105.31,105.31,105.31,105.31,107.38,107.38,109.30,109.30,109.30,109.30,109.30,109.56,109.56,109.56,109.56,109.56,109.56,109.56,109.56,109.56,109.56,109.56,109.56,109.56,109.56,109.56,109.56,109.56,109.56,109.56,109.56,109.56,107.95,107.95,107.95,107.95,109.55,109.55,109.55,109.55,109.55,109.55,103.58,103.58,103.58,103.58,103.58,103.58,103.58,105.09,105.09,105.09,105.09,105.09,105.09,105.09,104.35,104.35,104.35,104.35,104.35,104.35,104.35,104.35,104.35,104.35,104.35,104.35,104.35,104.35,104.35,104.35,104.35,104.35,104.35,104.35,104.35,104.35,104.35,104.35,104.35,104.35,104.35,104.35,104.35,104.35,104.35,104.35
División,0.147383503,07,Transporte,98.67,100.09,100.08,100.54,100.95,103.94,103.09,102.96,102.96,103.23,103.66,102.62,102.79,102.80,102.63,103.05,103.09,101.99,101.78,100.58,100.53,100.38,100.25,100.58,101.40,101.52,101.42,101.41,102.00,101.80,101.45,101.50,101.62,100.74,101.85,101.54,101.01,101.14,100.90,100.48,100.41,100.42,100.26,100.26,101.46,101.51,101.33,101.28,102.67,102.12,101.00,101.06,101.25,101.76,101.68,101.13,100.93,101.65,100.99,100.61,100.52,100.41,100.20,100.64,100.59,100.36,99.61,99.40,99.23,99.03,98.83,98.81,98.89,98.86,99.59,100.66,101.88,101.98,102.60,103.45,103.79,104.56,105.20,105.42,106.23,106.61,106.99,108.07,108.83,109.09,109.34,109.51,109.15,108.44,108.34,108.85,108.38,108.72,108.73,108.54,108.58,108.28,108.16,108.39,108.80,109.19,108.89,108.48,107.59,107.78,108.87,111.19,111.61,111.73,112.65,112.64,112.06,111.03,110.76,111.45,110.53,110.05,110.20,109.56,108.97,108.80,109.32,109.54,110.06,110.34,110.37,110.52,109.51,108.91,109.13,111.00,113.23,115.24
Grupo,0.058542016,071,Adquisición de vehículos,100.09,102.65,102.65,102.66,102.06,102.14,100.51,100.25,100.21,100.21,100.69,98.94,99.34,99.35,99.36,100.17,100.17,97.83,97.36,95.38,95.37,95.36,95.36,95.76,97.48,97.70,97.56,97.51,98.33,98.26,97.49,97.52,97.86,96.28,97.94,97.49,96.85,96.90,96.51,95.75,95.73,95.72,95.18,94.44,94.87,94.87,94.87,94.01,94.27,94.06,92.71,92.30,92.32,92.55,92.38,91.73,91.20,91.45,91.93,91.26,91.36,91.11,91.11,91.11,91.11,91.05,91.05,91.09,90.60,90.19,89.69,89.99,89.75,89.60,89.62,89.62,90.13,89.66,89.82,89.96,90.00,90.07,89.80,90.08,91.26,91.30,91.30,91.30,91.51,91.34,91.54,91.83,91.80,91.89,91.92,92.54,92.51,92.55,92.55,92.55,92.72,92.59,92.64,92.43,92.66,92.73,92.63,92.62,92.66,92.67,93.55,96.25,96.24,96.47,96.48,96.49,96.49,96.01,96.06,96.06,96.06,94.48,94.49,94.19,94.20,93.97,93.97,92.90,92.88,92.88,92.92,92.92,93.09,92.79,91.90,91.27,91.88,91.89
Clase,0.055916632,0711,Vehículos a motor (D),100.03,102.63,102.63,102.63,102.00,102.00,100.34,100.08,100.00,100.00,100.49,98.73,99.15,99.15,99.15,100.00,100.00,97.57,97.14,95.16,95.16,95.16,95.16,95.59,97.31,97.53,97.38,97.37,98.18,98.19,97.46,97.46,97.78,96.19,97.87,97.42,96.75,96.80,96.41,95.64,95.64,95.64,95.09,94.35,94.78,94.78,94.78,93.91,94.17,93.96,92.58,92.20,92.20,92.44,92.26,91.60,91.06,91.29,91.81,91.13,91.21,90.97,90.97,90.97,90.97,90.97,90.97,90.97,90.47,90.05,89.54,89.84,89.59,89.44,89.46,89.46,89.97,89.50,89.66,89.79,89.82,89.89,89.62,89.89,91.09,91.14,91.14,91.14,91.33,91.16,91.36,91.65,91.64,91.76,91.76,92.38,92.38,92.38,92.38,92.38,92.56,92.42,92.49,92.28,92.50,92.57,92.49,92.49,92.54,92.54,93.42,96.15,96.15,96.40,96.40,96.40,96.40,95.91,95.96,95.96,95.96,94.37,94.37,94.07,94.07,93.84,93.84,92.75,92.73,92.73,92.78,92.78,92.97,92.68,91.79,91.16,91.77,91.77
Subclase,0.055916632,07111,Vehículos a motor,100.03,102.63,102.63,102.63,102.00,102.00,100.34,100.08,100.00,100.00,100.49,98.73,99.15,99.15,99.15,100.00,100.00,97.57,97.14,95.16,95.16,95.16,95.16,95.59,97.31,97.53,97.38,97.37,98.18,98.19,97.46,97.46,97.78,96.19,97.87,97.42,96.75,96.80,96.41,95.64,95.64,95.64,95.09,94.35,94.78,94.78,94.78,93.91,94.17,93.96,92.58,92.20,92.20,92.44,92.26,91.60,91.06,91.29,91.81,91.13,91.21,90.97,90.97,90.97,90.97,90.97,90.97,90.97,90.47,90.05,89.54,89.84,89.59,89.44,89.46,89.46,89.97,89.50,89.66,89.79,89.82,89.89,89.62,89.89,91.09,91.14,91.14,91.14,91.33,91.16,91.36,91.65,91.64,91.76,91.76,92.38,92.38,92.38,92.38,92.38,92.56,92.42,92.49,92.28,92.50,92.57,92.49,92.49,92.54,92.54,93.42,96.15,96.15,96.40,96.40,96.40,96.40,95.91,95.96,95.96,95.96,94.37,94.37,94.07,94.07,93.84,93.84,92.75,92.73,92.73,92.78,92.78,92.97,92.68,91.79,91.16,91.77,91.77
Producto,0.055916632,07111241,AUTOMÓVIL,100.03,102.63,102.63,102.63,102.00,102.00,100.34,100.08,100.00,100.00,100.49,98.73,99.15,99.15,99.15,100.00,100.00,97.57,97.14,95.16,95.16,95.16,95.16,95.59,97.31,97.53,97.38,97.37,98.18,98.19,97.46,97.46,97.78,96.19,97.87,97.42,96.75,96.80,96.41,95.64,95.64,95.64,95.09,94.35,94.78,94.78,94.78,93.91,94.17,93.96,92.58,92.20,92.20,92.44,92.26,91.60,91.06,91.29,91.81,91.13,91.21,90.97,90.97,90.97,90.97,90.97,90.97,90.97,90.47,90.05,89.54,89.84,89.59,89.44,89.46,89.46,89.97,89.50,89.66,89.79,89.82,89.89,89.62,89.89,91.09,91.14,91.14,91.14,91.33,91.16,91.36,91.65,91.64,91.76,91.76,92.38,92.38,92.38,92.38,92.38,92.56,92.42,92.49,92.28,92.50,92.57,92.49,92.49,92.54,92.54,93.42,96.15,96.15,96.40,96.40,96.40,96.40,95.91,95.96,95.96,95.96,94.37,94.37,94.07,94.07,93.84,93.84,92.75,92.73,92.73,92.78,92.78,92.97,92.68,91.79,91.16,91.77,91.77
Clase,0.00208169,0712,Motocicletas (D),103.61,102.02,102.02,102.02,105.81,115.67,115.67,119.40,124.65,124.75,122.76,122.61,120.16,121.83,122.70,118.65,118.65,127.36,121.19,118.82,116.96,115.45,115.21,114.88,117.57,116.46,117.41,112.67,114.62,104.41,96.68,100.38,103.15,103.15,103.65,104.94,108.69,108.69,108.69,108.69,106.45,104.23,105.31,105.05,105.05,105.25,105.05,105.59,105.59,105.05,107.23,103.97,106.06,105.88,105.88,105.88,106.15,110.56,105.42,106.06,108.42,108.42,108.42,108.42,107.95,99.73,99.28,103.06,103.21,104.93,105.11,105.14,105.75,106.81,107.97,107.97,107.97,106.51,105.91,109.35,109.35,109.35,109.46,110.04,111.33,110.02,110.86,110.86,113.35,112.67,113.43,114.32,110.53,108.00,111.95,112.57,108.11,113.76,113.76,114.38,113.55,113.71,111.28,110.56,112.91,113.43,110.42,109.20,108.41,109.62,108.48,108.05,106.88,106.89,106.89,108.61,108.61,108.61,108.61,108.23,108.15,108.15,109.21,109.21,109.21,109.21,109.76,110.35,109.85,109.85,109.85,109.85,108.34,105.60,105.60,105.60,105.60,105.60
Subclase,0.00208169,07121,Motocicletas nuevas,103.61,102.02,102.02,102.02,105.81,115.67,115.67,119.40,124.65,124.75,122.76,122.61,120.16,121.83,122.70,118.65,118.65,127.36,121.19,118.82,116.96,115.45,115.21,114.88,117.57,116.46,117.41,112.67,114.62,104.41,96.68,100.38,103.15,103.15,103.65,104.94,108.69,108.69,108.69,108.69,106.45,104.23,105.31,105.05,105.05,105.25,105.05,105.59,105.59,105.05,107.23,103.97,106.06,105.88,105.88,105.88,106.15,110.56,105.42,106.06,108.42,108.42,108.42,108.42,107.95,99.73,99.28,103.06,103.21,104.93,105.11,105.14,105.75,106.81,107.97,107.97,107.97,106.51,105.91,109.35,109.35,109.35,109.46,110.04,111.33,110.02,110.86,110.86,113.35,112.67,113.43,114.32,110.53,108.00,111.95,112.57,108.11,113.76,113.76,114.38,113.55,113.71,111.28,110.56,112.91,113.43,110.42,109.20,108.41,109.62,108.48,108.05,106.88,106.89,106.89,108.61,108.61,108.61,108.61,108.23,108.15,108.15,109.21,109.21,109.21,109.21,109.76,110.35,109.85,109.85,109.85,109.85,108.34,105.60,105.60,105.60,105.60,105.60
Producto,0.00208169,07121242,MOTOCICLETA,103.61,102.02,102.02,102.02,105.81,115.67,115.67,119.40,124.65,124.75,122.76,122.61,120.16,121.83,122.70,118.65,118.65,127.36,121.19,118.82,116.96,115.45,115.21,114.88,117.57,116.46,117.41,112.67,114.62,104.41,96.68,100.38,103.15,103.15,103.65,104.94,108.69,108.69,108.69,108.69,106.45,104.23,105.31,105.05,105.05,105.25,105.05,105.59,105.59,105.05,107.23,103.97,106.06,105.88,105.88,105.88,106.15,110.56,105.42,106.06,108.42,108.42,108.42,108.42,107.95,99.73,99.28,103.06,103.21,104.93,105.11,105.14,105.75,106.81,107.97,107.97,107.97,106.51,105.91,109.35,109.35,109.35,109.46,110.04,111.33,110.02,110.86,110.86,113.35,112.67,113.43,114.32,110.53,108.00,111.95,112.57,108.11,113.76,113.76,114.38,113.55,113.71,111.28,110.56,112.91,113.43,110.42,109.20,108.41,109.62,108.48,108.05,106.88,106.89,106.89,108.61,108.61,108.61,108.61,108.23,108.15,108.15,109.21,109.21,109.21,109.21,109.76,110.35,109.85,109.85,109.85,109.85,108.34,105.60,105.60,105.60,105.60,105.60
Clase,0.000543695,0713,Bicicletas (D),111.10,111.10,111.10,113.29,113.29,113.29,119.36,108.93,108.93,109.62,111.43,109.10,109.10,109.10,109.10,109.10,109.10,109.54,109.54,109.54,109.50,111.18,111.18,105.76,105.76,106.61,106.61,106.61,106.61,105.19,108.66,109.35,109.35,109.35,109.16,100.65,100.65,99.66,99.83,99.83,99.83,99.83,98.81,98.81,98.81,98.81,98.81,98.81,99.54,99.54,98.47,97.12,97.13,97.13,97.12,97.12,97.13,96.94,96.94,96.94,96.94,96.94,96.94,96.94,96.94,96.94,96.94,102.05,102.05,99.67,99.67,99.67,99.67,99.67,98.61,98.61,100.19,100.19,100.19,99.63,100.71,100.71,100.71,100.71,96.60,96.60,95.05,93.96,95.95,95.22,95.64,96.11,94.86,94.86,94.86,94.86,95.89,95.38,95.80,95.80,95.80,95.80,94.94,94.94,94.94,94.94,94.94,93.64,95.36,95.36,98.56,99.60,99.60,96.13,96.13,96.13,96.13,96.13,96.13,96.13,96.13,98.60,96.53,96.53,99.02,99.02,99.02,96.58,96.58,96.58,96.58,96.58,96.58,96.58,93.50,93.50,93.50,95.30
Subclase,0.000543695,07131,Bicicleta,111.10,111.10,111.10,113.29,113.29,113.29,119.36,108.93,108.93,109.62,111.43,109.10,109.10,109.10,109.10,109.10,109.10,109.54,109.54,109.54,109.50,111.18,111.18,105.76,105.76,106.61,106.61,106.61,106.61,105.19,108.66,109.35,109.35,109.35,109.16,100.65,100.65,99.66,99.83,99.83,99.83,99.83,98.81,98.81,98.81,98.81,98.81,98.81,99.54,99.54,98.47,97.12,97.13,97.13,97.12,97.12,97.13,96.94,96.94,96.94,96.94,96.94,96.94,96.94,96.94,96.94,96.94,102.05,102.05,99.67,99.67,99.67,99.67,99.67,98.61,98.61,100.19,100.19,100.19,99.63,100.71,100.71,100.71,100.71,96.60,96.60,95.05,93.96,95.95,95.22,95.64,96.11,94.86,94.86,94.86,94.86,95.89,95.38,95.80,95.80,95.80,95.80,94.94,94.94,94.94,94.94,94.94,93.64,95.36,95.36,98.56,99.60,99.60,96.13,96.13,96.13,96.13,96.13,96.13,96.13,96.13,98.60,96.53,96.53,99.02,99.02,99.02,96.58,96.58,96.58,96.58,96.58,96.58,96.58,93.50,93.50,93.50,95.30
Producto,0.000543695,07131243,BICICLETA,111.10,111.10,111.10,113.29,113.29,113.29,119.36,108.93,108.93,109.62,111.43,109.10,109.10,109.10,109.10,109.10,109.10,109.54,109.54,109.54,109.50,111.18,111.18,105.76,105.76,106.61,106.61,106.61,106.61,105.19,108.66,109.35,109.35,109.35,109.16,100.65,100.65,99.66,99.83,99.83,99.83,99.83,98.81,98.81,98.81,98.81,98.81,98.81,99.54,99.54,98.47,97.12,97.13,97.13,97.12,97.12,97.13,96.94,96.94,96.94,96.94,96.94,96.94,96.94,96.94,96.94,96.94,102.05,102.05,99.67,99.67,99.67,99.67,99.67,98.61,98.61,100.19,100.19,100.19,99.63,100.71,100.71,100.71,100.71,96.60,96.60,95.05,93.96,95.95,95.22,95.64,96.11,94.86,94.86,94.86,94.86,95.89,95.38,95.80,95.80,95.80,95.80,94.94,94.94,94.94,94.94,94.94,93.64,95.36,95.36,98.56,99.60,99.60,96.13,96.13,96.13,96.13,96.13,96.13,96.13,96.13,98.60,96.53,96.53,99.02,99.02,99.02,96.58,96.58,96.58,96.58,96.58,96.58,96.58,93.50,93.50,93.50,95.30
Grupo,0.037375808,072,Funcionamiento de equipo de transporte personal,97.30,96.99,97.01,97.50,97.67,97.62,98.26,98.17,97.95,99.17,99.37,98.70,98.75,99.02,98.50,98.09,98.01,98.53,98.54,98.62,98.48,98.31,98.00,98.03,97.42,97.64,97.88,97.70,98.02,97.74,97.46,97.61,97.57,97.68,97.96,97.75,97.74,98.12,97.98,98.25,98.21,98.08,98.05,99.64,105.72,105.56,104.75,105.99,111.69,110.60,109.62,109.90,110.72,112.29,112.24,111.21,111.72,114.91,110.15,109.85,109.45,109.52,109.52,109.52,109.31,107.09,105.50,104.35,104.21,104.34,103.53,103.87,104.42,105.71,108.86,112.91,115.10,116.99,119.47,122.89,125.73,128.56,132.00,132.30,133.38,134.44,136.89,141.30,143.34,144.93,145.32,146.00,143.51,139.52,139.53,139.64,138.51,139.04,139.66,139.44,139.05,138.77,137.17,139.78,141.31,142.10,141.60,137.44,135.17,135.94,137.43,141.53,143.17,143.55,145.92,146.50,144.14,140.68,139.63,139.14,139.21,140.61,139.88,137.45,135.03,134.90,137.11,139.97,142.62,144.68,144.01,142.29,140.61,138.79,141.89,150.02,159.94,168.11
Clase,0.005121567,0721,Piezas de repuesto y accesorios para equipo de transporte personal (SD),86.92,83.04,83.19,83.19,83.58,83.58,82.56,82.63,80.82,81.93,81.70,81.35,82.01,81.41,80.42,79.34,79.34,78.85,80.53,81.81,80.86,80.85,81.67,82.02,78.83,80.84,80.99,81.53,81.66,80.97,79.81,80.10,80.19,79.12,80.29,78.85,79.04,80.88,80.92,82.55,81.67,81.21,81.37,79.74,81.27,81.12,81.12,81.32,81.16,81.23,78.04,77.90,77.96,77.77,76.23,76.80,76.54,76.29,76.67,75.92,74.79,74.52,73.64,73.64,73.64,73.31,73.31,73.33,72.90,72.70,73.37,73.40,74.26,73.66,74.69,75.16,74.60,76.06,76.37,78.84,79.82,79.76,80.44,79.31,81.47,80.51,81.93,82.00,82.38,80.74,81.33,82.62,83.94,83.86,84.87,85.08,81.96,85.92,86.25,86.07,86.85,86.34,85.50,86.02,86.05,83.61,83.64,84.13,84.14,83.04,84.40,85.87,88.63,88.45,88.01,87.81,84.57,84.48,84.87,82.92,83.31,83.38,81.05,82.75,82.72,82.07,84.56,84.60,84.10,84.24,83.20,84.23,84.39,82.37,81.50,80.95,84.51,84.43
Subclase,0.005121567,07211,Piezas de repuesto y accesorios para equipo de transporte personal,86.92,83.04,83.19,83.19,83.58,83.58,82.56,82.63,80.82,81.93,81.70,81.35,82.01,81.41,80.42,79.34,79.34,78.85,80.53,81.81,80.86,80.85,81.67,82.02,78.83,80.84,80.99,81.53,81.66,80.97,79.81,80.10,80.19,79.12,80.29,78.85,79.04,80.88,80.92,82.55,81.67,81.21,81.37,79.74,81.27,81.12,81.12,81.32,81.16,81.23,78.04,77.90,77.96,77.77,76.23,76.80,76.54,76.29,76.67,75.92,74.79,74.52,73.64,73.64,73.64,73.31,73.31,73.33,72.90,72.70,73.37,73.40,74.26,73.66,74.69,75.16,74.60,76.06,76.37,78.84,79.82,79.76,80.44,79.31,81.47,80.51,81.93,82.00,82.38,80.74,81.33,82.62,83.94,83.86,84.87,85.08,81.96,85.92,86.25,86.07,86.85,86.34,85.50,86.02,86.05,83.61,83.64,84.13,84.14,83.04,84.40,85.87,88.63,88.45,88.01,87.81,84.57,84.48,84.87,82.92,83.31,83.38,81.05,82.75,82.72,82.07,84.56,84.60,84.10,84.24,83.20,84.23,84.39,82.37,81.50,80.95,84.51,84.43
Producto,0.001032623,07211244,BATERÍA,103.34,102.65,102.39,102.39,102.39,102.39,102.39,102.92,101.99,102.44,104.13,103.07,103.07,102.62,102.77,102.77,102.77,103.55,100.57,103.35,103.09,102.14,102.45,104.62,105.71,106.47,109.36,109.98,109.98,108.48,108.48,110.32,109.51,109.50,109.51,109.51,110.99,113.23,113.99,113.99,113.99,112.29,112.29,112.29,112.29,113.04,113.04,113.04,113.04,110.39,112.64,105.73,105.03,103.70,104.70,103.72,103.72,102.56,102.56,100.10,100.88,100.88,100.88,100.88,100.88,100.88,100.88,100.88,100.88,100.88,100.88,99.51,99.51,99.51,99.51,100.28,97.78,99.51,100.18,103.54,102.91,104.32,101.08,101.08,101.14,101.08,102.11,106.34,109.80,111.44,111.44,111.44,111.44,111.44,111.44,111.44,111.51,116.52,117.69,118.56,119.09,119.09,121.88,120.18,120.18,119.09,118.72,119.13,119.13,120.63,122.06,123.38,127.99,126.28,125.51,125.55,125.58,126.04,126.04,125.60,126.80,126.88,127.05,130.82,130.82,130.87,130.83,130.82,130.82,129.63,129.67,128.81,130.96,130.75,131.43,132.68,131.40,132.61
Producto,0.003619105,07211245,NEUMÁTICO,83.35,78.44,78.53,78.53,78.53,78.53,77.24,77.24,75.12,76.37,75.82,75.54,76.35,75.13,74.46,72.47,72.47,71.70,74.24,74.91,74.58,74.58,74.58,74.58,70.64,73.11,73.27,73.63,73.63,73.18,71.40,71.68,72.01,70.76,72.05,70.04,70.04,71.86,71.81,73.77,72.62,72.62,72.82,70.68,72.74,72.29,72.29,72.29,72.29,73.05,68.75,69.69,69.69,69.69,67.28,68.24,67.90,67.90,68.24,67.69,66.20,65.67,64.52,64.52,64.52,64.52,64.52,64.52,63.61,63.81,63.81,64.23,65.49,64.73,66.12,66.69,65.95,67.52,68.36,70.27,70.27,70.22,71.62,70.28,73.04,72.22,73.74,73.11,73.43,70.71,71.56,73.27,74.94,74.94,76.28,76.28,72.58,76.34,76.34,75.98,76.61,75.83,75.12,76.04,76.04,73.53,73.53,74.37,74.37,72.75,74.24,75.70,78.44,78.49,78.49,78.24,74.41,74.41,74.41,72.64,72.90,72.69,69.67,70.93,71.00,70.41,73.55,73.60,74.12,74.36,73.21,74.48,73.76,72.09,71.06,70.01,74.75,74.36
Producto,0.000469839,07211246,AMORTIGUADORES,96.99,98.31,99.87,99.87,104.79,104.79,104.79,104.79,104.79,105.50,105.50,105.50,105.73,111.17,105.10,111.47,111.47,111.88,112.33,117.23,108.94,110.34,120.26,121.17,118.86,118.23,113.95,116.17,117.85,115.99,119.22,117.21,116.18,115.22,117.08,119.14,119.14,120.58,120.36,121.31,121.78,118.69,118.69,119.59,118.23,119.59,119.59,122.14,120.03,117.53,116.83,116.59,118.44,118.12,121.36,120.42,120.59,119.37,120.59,120.59,120.14,122.02,122.46,122.46,122.46,118.26,118.26,118.54,122.31,117.83,126.22,124.62,122.72,122.83,121.80,120.81,125.03,125.03,119.49,126.12,139.61,137.13,136.78,135.87,135.31,131.55,132.47,133.08,129.11,133.23,132.11,131.22,131.22,130.14,129.35,132.10,129.67,134.08,136.37,136.42,139.05,140.39,132.56,132.56,132.89,129.04,130.02,127.07,127.25,127.28,127.23,128.98,129.01,128.98,124.62,124.49,122.06,120.21,125.07,119.07,119.46,122.37,122.95,125.71,124.78,122.37,122.37,122.37,110.73,111.96,110.31,111.94,117.83,109.42,107.78,109.39,108.59,109.71
Clase,0.022539435,0722,Combustibles y lubricantes para equipo de transporte personal (ND),98.65,98.80,98.80,98.80,98.80,98.80,100.09,100.09,100.09,100.09,100.37,100.35,100.26,100.92,101.15,101.12,101.22,101.08,101.18,101.18,101.27,101.16,101.21,101.21,101.21,101.07,101.07,101.13,101.26,101.16,101.11,101.11,101.31,101.31,101.34,101.29,101.29,101.14,101.19,101.19,101.25,101.25,101.17,103.05,112.86,112.95,112.95,115.39,125.31,123.27,122.11,122.34,124.10,127.02,127.18,125.27,125.80,131.89,123.75,123.75,123.75,123.79,123.79,123.79,123.20,119.78,117.25,114.93,115.26,115.31,114.00,114.01,114.72,117.00,122.37,129.63,133.09,136.00,140.07,145.65,150.36,154.55,160.20,159.81,161.43,162.77,166.61,174.13,177.43,180.35,180.35,181.37,176.84,170.62,170.41,170.92,169.70,169.73,170.17,169.98,169.57,168.91,166.46,170.74,173.31,175.16,174.31,167.19,163.36,165.22,166.84,172.75,174.95,175.73,180.20,181.23,177.88,172.00,170.54,170.35,170.51,172.77,172.35,167.59,163.51,163.59,166.60,171.64,176.44,179.84,178.53,175.53,172.10,170.37,176.02,190.10,205.71,219.69
Subclase,0.022539435,07221,Combustibles y lubricantes para equipo de transporte personal,98.65,98.80,98.80,98.80,98.80,98.80,100.09,100.09,100.09,100.09,100.37,100.35,100.26,100.92,101.15,101.12,101.22,101.08,101.18,101.18,101.27,101.16,101.21,101.21,101.21,101.07,101.07,101.13,101.26,101.16,101.11,101.11,101.31,101.31,101.34,101.29,101.29,101.14,101.19,101.19,101.25,101.25,101.17,103.05,112.86,112.95,112.95,115.39,125.31,123.27,122.11,122.34,124.10,127.02,127.18,125.27,125.80,131.89,123.75,123.75,123.75,123.79,123.79,123.79,123.20,119.78,117.25,114.93,115.26,115.31,114.00,114.01,114.72,117.00,122.37,129.63,133.09,136.00,140.07,145.65,150.36,154.55,160.20,159.81,161.43,162.77,166.61,174.13,177.43,180.35,180.35,181.37,176.84,170.62,170.41,170.92,169.70,169.73,170.17,169.98,169.57,168.91,166.46,170.74,173.31,175.16,174.31,167.19,163.36,165.22,166.84,172.75,174.95,175.73,180.20,181.23,177.88,172.00,170.54,170.35,170.51,172.77,172.35,167.59,163.51,163.59,166.60,171.64,176.44,179.84,178.53,175.53,172.10,170.37,176.02,190.10,205.71,219.69
Producto,0.000495883,07221247,DIÉSEL,97.49,97.49,97.49,97.49,97.49,97.49,97.49,97.49,97.49,97.49,97.49,97.49,97.49,97.49,97.49,97.49,97.49,97.49,97.49,97.49,97.49,97.49,97.49,97.49,97.49,97.49,97.49,97.49,97.49,97.49,97.49,97.49,97.49,97.49,97.49,97.49,97.49,97.49,97.49,97.49,97.49,97.49,97.49,97.49,97.49,97.49,97.49,97.49,97.49,97.49,97.49,97.49,97.49,97.49,97.49,97.49,97.49,127.52,97.49,97.49,97.49,97.49,97.49,97.49,97.01,94.65,96.85,101.10,105.51,110.88,116.07,121.29,125.56,128.72,132.19,135.97,139.13,142.60,147.01,151.12,154.91,162.30,179.84,179.84,179.84,179.84,179.84,179.84,179.84,179.84,165.64,165.64,165.64,165.64,165.64,165.64,165.64,165.64,165.64,165.64,165.64,165.64,165.64,165.64,165.64,165.64,165.64,165.64,165.64,165.64,165.64,170.38,170.38,170.38,170.38,170.38,170.38,170.38,170.38,170.38,170.38,170.38,170.38,170.38,170.38,170.38,170.38,170.38,212.50,265.03,265.03,263.61,259.33,256.04,261.64,273.95,286.72,300.44
Producto,0.000680429,07221248,GASOLINA ECOLÓGICA,98.06,98.06,98.06,98.06,98.06,98.06,98.06,98.06,98.06,98.06,98.06,98.06,98.06,98.06,98.06,98.06,98.06,98.06,98.06,98.06,98.06,98.06,98.06,98.06,98.06,98.06,98.06,98.06,98.06,98.06,98.06,98.06,98.06,98.06,98.06,98.06,98.06,98.06,98.06,98.06,98.06,98.06,98.06,98.06,98.06,98.06,98.06,102.80,122.57,122.57,122.57,122.57,122.57,122.57,122.57,122.57,122.57,139.32,128.23,128.23,128.23,128.23,128.23,128.23,127.05,121.30,121.30,121.30,121.76,121.64,121.76,121.76,121.99,121.99,125.21,130.51,136.52,142.76,149.45,156.38,163.32,171.27,176.75,176.75,176.75,176.75,176.75,176.75,176.75,176.75,166.35,166.35,166.35,166.35,166.35,166.35,166.35,166.35,166.35,166.35,166.35,166.35,166.35,166.35,166.35,166.35,166.35,166.35,166.35,166.35,166.35,171.20,171.20,173.98,189.57,191.30,185.66,178.48,181.55,184.37,185.40,189.91,188.50,179.08,172.24,172.93,178.44,186.41,195.07,200.66,198.91,192.66,187.13,188.16,195.76,204.77,214.12,224.17
Producto,0.009937574,07221249,GASOLINA BAJO OCTANAJE,99.07,99.07,99.07,99.07,99.07,99.07,99.07,99.07,99.07,99.07,99.07,99.07,99.07,99.07,99.07,99.07,99.07,99.07,99.07,99.07,99.07,99.07,99.07,99.07,99.07,99.07,99.07,99.07,99.07,99.07,99.07,99.07,99.07,99.07,99.07,99.07,99.07,99.07,99.07,99.07,99.07,99.07,99.07,99.07,99.07,99.07,99.07,103.86,123.84,123.84,123.84,123.84,123.84,123.84,123.84,123.84,123.84,134.87,123.84,123.84,123.84,123.84,123.84,123.84,122.69,117.14,117.14,117.14,117.59,117.48,117.59,117.59,117.81,117.81,120.92,126.04,131.84,137.86,144.33,151.02,157.72,165.40,170.69,170.69,170.69,170.69,170.69,170.69,170.69,170.69,160.65,160.65,160.65,160.65,160.65,160.65,160.65,160.65,160.65,160.65,160.65,160.65,160.65,160.65,160.65,160.65,160.65,160.65,160.65,160.65,160.65,165.34,165.34,168.02,183.07,184.75,179.29,172.36,175.33,178.05,179.05,183.40,182.04,172.94,166.34,167.00,172.33,180.02,188.38,193.78,192.09,186.06,180.72,181.71,189.05,197.76,206.79,216.49
Producto,0.008524539,07221250,GASOLINA ALTO OCTANAJE,98.06,98.06,98.06,98.06,98.06,98.06,101.79,101.79,101.79,101.79,102.20,102.40,102.59,104.59,104.78,104.98,105.58,105.77,105.77,105.77,106.35,106.54,106.54,106.54,106.54,106.54,106.54,106.84,106.84,106.84,106.84,106.84,106.84,106.84,106.93,106.93,106.93,106.93,106.93,106.93,106.93,106.93,106.93,112.59,141.97,141.97,141.97,141.97,141.17,135.05,131.57,132.71,138.40,147.15,147.91,142.19,143.57,143.57,137.63,137.63,137.63,137.63,137.63,137.63,137.63,135.98,128.29,121.37,121.45,121.62,117.24,116.85,118.41,125.09,136.25,149.98,150.98,150.52,153.27,159.07,159.87,159.94,166.49,165.67,168.70,172.86,183.93,205.48,213.81,221.92,238.02,242.30,229.06,209.30,209.30,207.86,203.82,203.92,205.00,204.42,203.18,201.21,193.58,206.43,214.12,219.65,217.11,195.79,184.31,189.73,194.42,204.60,211.19,209.44,199.66,200.30,198.48,191.43,181.78,177.06,176.43,176.56,177.38,177.00,174.86,174.10,174.97,178.32,177.70,176.85,176.05,176.37,174.48,167.96,172.45,200.48,232.25,258.37
Producto,0.00290101,07221251,ACEITE LUBRICANTE,98.65,99.77,99.77,99.77,99.77,99.77,100.06,100.06,100.06,100.06,101.12,100.49,99.38,99.38,100.49,99.84,99.13,97.65,98.38,98.38,97.65,96.41,96.72,96.72,96.72,95.74,95.74,95.43,96.41,95.63,95.30,95.30,96.72,96.72,96.72,96.36,96.36,95.30,95.67,95.67,96.05,96.05,95.47,95.47,95.47,96.13,96.13,96.13,96.13,96.13,96.13,95.07,94.09,94.09,93.39,93.39,93.90,93.39,93.39,93.39,93.39,93.70,93.70,93.70,93.70,93.70,93.70,93.07,93.07,92.71,92.71,93.07,93.07,93.07,93.07,93.07,93.86,93.37,91.79,92.85,99.84,100.67,103.97,103.12,107.53,107.17,108.23,110.56,114.34,115.89,115.89,112.96,112.11,114.80,113.28,120.46,121.36,121.36,121.96,121.96,121.96,121.96,122.63,122.63,122.63,122.63,122.63,122.63,122.63,122.99,123.36,123.64,123.64,123.64,124.07,123.76,124.11,124.11,125.90,125.90,124.89,124.89,124.89,124.89,124.89,124.89,124.89,124.89,124.89,124.89,123.52,123.52,123.52,123.52,125.71,126.25,127.52,128.02
Clase,0.008263892,0723,Conservación y reparación de equipo de transporte personal (S),98.56,98.97,98.97,101.14,101.62,101.43,101.46,101.03,101.03,104.71,105.00,102.34,102.26,102.06,99.81,98.70,98.08,100.93,99.82,99.46,99.13,98.70,96.79,96.74,96.33,96.52,97.01,95.87,96.34,95.60,95.34,95.82,95.10,96.13,96.65,96.64,96.48,97.64,96.90,97.21,97.37,97.04,97.04,99.96,100.22,99.42,95.92,95.81,95.07,95.41,95.93,96.57,95.56,94.98,95.18,95.50,96.46,94.79,94.89,94.01,92.91,93.24,93.25,93.25,93.83,93.21,93.21,94.15,93.15,93.73,93.49,94.91,95.00,95.04,94.32,92.94,94.02,93.91,94.03,93.18,93.31,94.44,94.44,96.41,95.71,97.37,97.37,97.11,97.11,97.36,98.72,98.36,98.47,97.26,97.26,97.26,97.26,97.27,98.64,98.29,97.24,97.97,97.99,97.99,98.03,98.03,98.03,98.03,98.03,97.19,98.76,100.15,100.04,99.78,98.80,98.80,98.93,99.15,98.14,97.57,97.26,97.44,96.64,97.43,97.48,97.04,97.52,96.93,96.35,96.44,97.48,97.19,98.60,96.14,95.55,94.85,95.76,95.26
Subclase,0.008263892,07231,Conservación y reparación de equipo de transporte personal,98.56,98.97,98.97,101.14,101.62,101.43,101.46,101.03,101.03,104.71,105.00,102.34,102.26,102.06,99.81,98.70,98.08,100.93,99.82,99.46,99.13,98.70,96.79,96.74,96.33,96.52,97.01,95.87,96.34,95.60,95.34,95.82,95.10,96.13,96.65,96.64,96.48,97.64,96.90,97.21,97.37,97.04,97.04,99.96,100.22,99.42,95.92,95.81,95.07,95.41,95.93,96.57,95.56,94.98,95.18,95.50,96.46,94.79,94.89,94.01,92.91,93.24,93.25,93.25,93.83,93.21,93.21,94.15,93.15,93.73,93.49,94.91,95.00,95.04,94.32,92.94,94.02,93.91,94.03,93.18,93.31,94.44,94.44,96.41,95.71,97.37,97.37,97.11,97.11,97.36,98.72,98.36,98.47,97.26,97.26,97.26,97.26,97.27,98.64,98.29,97.24,97.97,97.99,97.99,98.03,98.03,98.03,98.03,98.03,97.19,98.76,100.15,100.04,99.78,98.80,98.80,98.93,99.15,98.14,97.57,97.26,97.44,96.64,97.43,97.48,97.04,97.52,96.93,96.35,96.44,97.48,97.19,98.60,96.14,95.55,94.85,95.76,95.26
Producto,0.001172386,07231252,AFINAMIENTO (ABC),98.06,98.06,98.06,100.60,100.60,100.60,100.60,100.60,100.60,100.60,100.60,100.60,100.60,103.75,100.60,100.60,100.60,101.00,101.00,101.00,98.76,98.76,98.76,98.76,98.76,98.76,98.76,98.76,98.76,98.41,98.41,98.41,98.41,98.41,98.41,98.41,98.41,98.41,98.41,98.41,98.41,98.41,98.41,98.41,98.41,98.41,98.41,98.41,98.41,98.41,102.91,102.91,102.91,102.91,104.77,102.91,102.91,102.91,102.91,101.59,101.59,101.59,101.59,101.59,101.59,101.59,101.59,101.59,101.59,101.59,101.59,101.59,101.59,101.59,101.59,101.59,101.59,101.59,101.59,101.59,101.59,101.59,101.59,101.59,101.59,101.59,101.59,101.59,101.59,101.59,101.59,101.59,101.59,101.59,101.59,101.59,101.59,101.59,101.59,101.59,101.59,109.10,109.10,109.10,109.10,109.10,109.10,109.10,109.10,109.10,109.10,112.51,112.51,112.51,112.51,112.51,112.51,112.51,112.51,112.51,112.51,112.51,112.51,112.51,112.51,112.51,112.51,112.51,112.51,112.51,112.51,112.51,112.51,112.51,112.51,112.51,112.51,112.51
Producto,0.000596172,07231253,"LAVADO, ENGRASADO Y PULVERIZADO",103.73,108.46,108.46,108.46,108.46,110.08,110.08,111.43,111.43,112.97,111.61,111.61,111.61,111.61,111.61,111.61,112.71,113.54,114.80,114.80,113.68,108.72,108.72,108.72,108.72,108.72,108.72,108.72,108.72,108.72,108.33,109.66,109.66,109.66,109.66,109.66,109.66,109.66,109.66,109.66,109.66,109.66,109.66,109.66,109.66,109.66,109.66,109.66,109.66,109.66,109.66,109.66,109.66,109.66,109.66,109.66,109.66,110.62,110.62,110.62,101.59,101.59,101.59,101.59,101.59,101.59,101.59,101.59,101.59,101.59,101.59,101.59,101.59,101.59,101.59,96.05,96.05,96.05,101.59,101.59,104.73,104.73,104.73,112.05,112.05,113.35,113.35,112.05,112.05,114.97,114.97,110.77,112.05,112.05,112.05,112.05,112.05,112.05,112.05,107.96,107.96,107.96,107.96,107.96,107.96,107.96,107.96,107.96,107.96,110.24,110.24,110.72,110.72,112.00,109.69,109.69,109.69,109.69,109.69,109.69,105.69,105.69,105.69,105.69,105.69,105.69,105.69,105.69,100.74,105.69,105.69,105.69,105.69,105.69,105.69,105.69,105.69,105.69
Producto,0.006266801,07231254,"CAMBIO, ALINEACIÓN Y BALANCEO DE NEUMÁTICOS",97.76,97.76,97.76,100.25,100.43,99.99,100.26,99.55,99.55,104.19,104.19,100.72,100.61,101.61,99.10,97.65,96.72,100.29,98.70,98.23,98.23,98.23,95.73,95.66,95.12,95.38,96.02,94.52,95.14,94.22,93.92,94.40,93.45,94.81,95.48,95.48,95.26,96.78,95.82,96.22,96.44,95.99,95.99,99.83,100.17,99.11,94.54,94.39,93.42,93.87,93.93,94.77,93.44,92.68,92.68,93.37,94.62,92.33,92.45,91.48,91.06,91.49,91.51,91.51,92.27,91.46,91.46,92.69,91.38,92.14,91.82,93.68,93.80,93.85,92.91,91.72,93.14,93.01,92.54,91.42,91.23,91.92,91.92,93.68,92.76,94.79,94.79,94.59,94.59,94.59,96.37,96.38,96.38,94.80,94.80,94.80,94.80,94.80,96.59,96.60,95.22,95.14,95.17,95.17,95.22,95.22,95.22,95.22,95.22,93.86,94.06,95.35,95.22,94.73,93.71,93.71,93.87,94.16,92.84,92.10,92.14,92.38,91.33,92.36,92.43,91.85,92.49,91.71,91.51,91.07,92.43,92.05,93.90,90.68,89.91,88.99,90.18,89.52
Producto,0.000228533,07231255,INSPECCIÓN TÉCNICA,103.53,103.53,103.53,103.53,111.25,111.25,107.27,107.27,107.27,107.27,116.33,116.33,116.33,87.25,87.25,87.25,87.25,87.25,87.25,87.25,87.25,87.25,87.25,87.25,87.25,87.25,87.25,87.25,87.25,87.25,87.25,87.25,87.25,87.25,87.25,87.25,87.25,87.25,87.25,87.25,87.25,87.25,87.25,87.25,87.25,87.25,87.25,87.25,87.25,87.25,87.25,87.25,87.25,87.25,87.25,87.25,87.25,87.25,87.25,87.25,87.25,87.25,87.25,87.25,87.25,87.25,87.25,87.25,87.25,87.25,87.25,87.25,87.25,87.25,87.25,87.25,87.25,87.25,87.25,87.25,87.25,100.75,100.75,100.75,100.75,100.75,100.75,100.75,100.75,100.75,100.75,100.75,100.75,100.75,100.75,100.75,100.75,100.75,100.75,100.75,100.75,100.75,100.75,100.75,100.75,100.75,100.75,100.75,100.75,100.75,132.59,132.59,132.59,132.59,132.59,132.59,132.59,132.59,132.59,132.59,132.59,132.59,132.59,132.59,132.59,132.59,132.59,132.59,132.59,132.59,132.59,132.59,132.59,132.59,132.59,132.59,132.59,132.59
Clase,0.001450915,0724,Servicios de estacionamiento y peaje (S),101.98,101.98,101.98,101.71,101.71,101.71,101.71,101.71,101.98,106.59,106.59,106.59,107.34,107.34,107.34,107.34,107.34,107.34,107.34,107.34,107.34,107.34,107.34,107.34,104.95,104.95,107.34,106.91,109.37,110.15,109.37,109.37,109.37,109.37,109.37,109.37,109.37,108.60,108.54,108.54,108.54,108.54,108.54,108.54,108.54,108.54,108.54,104.15,104.15,104.87,104.87,104.97,104.97,104.97,104.97,104.11,104.11,104.11,104.11,104.11,104.11,104.11,106.52,106.52,106.52,106.52,104.69,104.69,103.65,103.65,102.27,102.27,102.27,102.27,102.27,102.27,101.36,101.36,101.36,101.36,98.96,100.81,100.81,105.47,105.47,105.47,105.47,105.47,106.14,106.14,106.14,106.14,106.14,106.14,106.14,101.49,101.49,101.49,101.49,101.49,101.49,101.49,100.62,100.62,100.62,100.62,100.62,100.62,100.62,100.62,100.62,102.45,102.45,102.45,102.45,102.45,102.45,102.45,102.45,102.45,102.45,102.45,102.45,102.45,102.45,102.45,102.45,102.45,102.45,102.45,102.45,102.45,102.45,103.12,103.12,103.12,103.12,103.12
Subclase,0.001450915,07241,Servicios de estacionamiento y peaje,101.98,101.98,101.98,101.71,101.71,101.71,101.71,101.71,101.98,106.59,106.59,106.59,107.34,107.34,107.34,107.34,107.34,107.34,107.34,107.34,107.34,107.34,107.34,107.34,104.95,104.95,107.34,106.91,109.37,110.15,109.37,109.37,109.37,109.37,109.37,109.37,109.37,108.60,108.54,108.54,108.54,108.54,108.54,108.54,108.54,108.54,108.54,104.15,104.15,104.87,104.87,104.97,104.97,104.97,104.97,104.11,104.11,104.11,104.11,104.11,104.11,104.11,106.52,106.52,106.52,106.52,104.69,104.69,103.65,103.65,102.27,102.27,102.27,102.27,102.27,102.27,101.36,101.36,101.36,101.36,98.96,100.81,100.81,105.47,105.47,105.47,105.47,105.47,106.14,106.14,106.14,106.14,106.14,106.14,106.14,101.49,101.49,101.49,101.49,101.49,101.49,101.49,100.62,100.62,100.62,100.62,100.62,100.62,100.62,100.62,100.62,102.45,102.45,102.45,102.45,102.45,102.45,102.45,102.45,102.45,102.45,102.45,102.45,102.45,102.45,102.45,102.45,102.45,102.45,102.45,102.45,102.45,102.45,103.12,103.12,103.12,103.12,103.12
Producto,0.000601777,07241256,ESTACIONAMIENTO,104.89,104.89,104.89,104.89,104.89,104.89,104.89,104.89,104.89,114.68,114.68,114.68,116.27,116.27,116.27,116.27,116.27,116.27,116.27,116.27,116.27,116.27,116.27,116.27,111.20,111.20,116.27,114.68,119.91,121.58,119.91,119.91,119.91,119.91,119.91,119.91,119.91,118.27,119.91,119.91,119.91,119.91,119.91,119.91,119.91,119.91,119.91,110.57,110.57,112.11,112.11,112.11,112.11,112.11,112.11,112.11,112.11,112.11,112.11,112.11,112.11,112.11,117.22,117.22,117.22,117.22,117.22,117.22,117.22,117.22,117.22,117.22,117.22,117.22,117.22,117.22,117.22,117.22,117.22,117.22,112.11,117.22,117.22,127.13,127.13,127.13,127.13,127.13,127.13,127.13,127.13,127.13,127.13,127.13,127.13,117.22,117.22,117.22,117.22,117.22,117.22,117.22,117.22,117.22,117.22,117.22,117.22,117.22,117.22,117.22,117.22,117.22,117.22,117.22,117.22,117.22,117.22,117.22,117.22,117.22,117.22,117.22,117.22,117.22,117.22,117.22,117.22,117.22,117.22,117.22,117.22,117.22,117.22,117.22,117.22,117.22,117.22,117.22
Producto,0.000499734,07241257,PEAJE,98.06,98.06,98.06,98.06,98.06,98.06,98.06,98.06,98.06,98.06,98.06,98.06,98.06,98.06,98.06,98.06,98.06,98.06,98.06,98.06,98.06,98.06,98.06,98.06,98.06,98.06,98.06,98.06,98.06,98.06,98.06,98.06,98.06,98.06,98.06,98.06,98.06,98.06,98.06,98.06,98.06,98.06,98.06,98.06,98.06,98.06,98.06,98.06,98.06,98.06,98.06,98.06,98.06,98.06,98.06,98.06,98.06,98.06,98.06,98.06,98.06,98.06,98.06,98.06,98.06,98.06,92.58,92.58,92.58,92.58,92.58,92.58,92.58,92.58,92.58,92.58,92.58,92.58,92.58,92.58,92.58,92.58,92.58,92.58,92.58,92.58,92.58,92.58,92.58,92.58,92.58,92.58,92.58,92.58,92.58,92.58,92.58,92.58,92.58,92.58,92.58,92.58,92.58,92.58,92.58,92.58,92.58,92.58,92.58,92.58,92.58,98.06,98.06,98.06,98.06,98.06,98.06,98.06,98.06,98.06,98.06,98.06,98.06,98.06,98.06,98.06,98.06,98.06,98.06,98.06,98.06,98.06,98.06,98.06,98.06,98.06,98.06,98.06
Producto,0.000349403,07241258,SERVICIO DE WINCHA,101.70,101.70,101.70,100.31,100.31,100.31,100.31,100.31,101.70,101.70,101.70,101.70,101.70,101.70,101.70,101.70,101.70,101.70,101.70,101.70,101.70,101.70,101.70,101.70,101.70,101.70,101.70,103.34,103.34,103.34,103.34,103.34,103.34,103.34,103.34,103.34,103.34,103.34,99.10,99.10,99.10,99.10,99.10,99.10,99.10,99.10,99.10,99.10,99.10,99.10,99.10,99.60,99.60,99.60,99.60,95.25,95.25,95.25,95.25,95.25,95.25,95.25,95.25,95.25,95.25,95.25,95.25,95.25,89.93,89.93,82.92,82.92,82.92,82.92,82.92,82.92,78.29,78.29,78.29,78.29,78.29,75.48,75.48,75.48,75.48,75.48,75.48,75.48,78.93,78.93,78.93,78.93,78.93,78.93,78.93,78.93,78.93,78.93,78.93,78.93,78.93,78.93,74.52,74.52,74.52,74.52,74.52,74.52,74.52,74.52,74.52,74.52,74.52,74.52,74.52,74.52,74.52,74.52,74.52,74.52,74.52,74.52,74.52,74.52,74.52,74.52,74.52,74.52,74.52,74.52,74.52,74.52,74.52,77.92,77.92,77.92,77.92,77.92
Grupo,0.051465679,073,Servicios de transporte,96.37,96.54,96.50,98.07,101.27,114.51,114.18,114.33,114.65,114.71,115.21,115.64,115.35,115.08,114.81,115.03,115.30,115.81,116.01,115.54,115.49,114.99,114.74,115.14,115.05,114.88,114.54,114.77,115.05,114.62,115.21,115.24,114.96,114.91,115.40,115.39,114.61,114.73,114.74,114.53,114.30,114.51,115.20,115.56,114.05,114.44,114.38,115.15,115.30,114.42,113.73,114.78,114.83,115.00,115.13,115.30,115.27,114.81,115.18,115.45,115.18,115.25,114.29,116.25,116.25,117.49,115.64,115.69,116.30,116.31,117.43,116.27,116.74,115.75,115.94,116.89,118.98,118.81,118.88,119.02,117.76,118.36,118.62,118.62,118.27,118.83,118.21,118.86,119.82,119.87,120.14,119.49,120.35,120.71,120.20,120.79,119.85,120.78,120.21,119.55,119.68,118.96,119.82,118.88,118.71,119.52,118.90,121.05,119.12,119.20,120.45,120.12,120.44,120.03,121.90,121.28,120.93,120.81,120.46,124.02,119.85,120.33,121.69,121.88,121.50,121.47,121.69,122.66,122.52,121.84,122.50,124.76,121.45,121.23,121.52,123.75,122.79,124.01
Clase,0.046919028,0732,Transporte de pasajeros por carretera (S),98.83,98.83,98.83,100.52,104.06,118.96,118.96,118.80,119.15,119.18,119.18,119.18,119.18,119.18,119.18,119.18,119.18,119.18,119.18,119.18,119.56,119.56,119.56,119.56,119.56,119.56,119.56,119.56,119.56,119.56,119.56,119.56,119.45,119.45,119.55,119.55,119.55,119.55,119.55,119.55,119.55,119.55,119.55,119.55,119.81,119.81,119.81,119.81,119.81,119.81,119.81,119.81,119.81,119.81,119.81,119.81,120.07,120.14,120.14,120.14,120.14,120.14,120.14,120.14,120.14,120.14,120.14,120.14,120.14,120.14,120.14,120.14,120.14,120.14,120.14,120.14,123.47,123.47,123.47,123.47,123.47,123.47,123.26,123.26,123.26,123.26,123.26,123.26,123.77,123.77,123.77,123.77,124.90,124.90,124.90,124.90,124.90,124.90,124.90,124.90,124.90,124.90,124.90,124.90,125.16,125.16,125.16,125.16,125.16,125.16,125.16,125.16,125.16,125.16,125.16,125.16,125.53,125.53,125.53,125.53,125.53,125.53,125.53,125.53,125.53,125.53,125.53,125.53,125.64,125.64,125.64,125.64,125.64,125.64,125.64,125.64,125.64,125.64
Subclase,0.046919028,07321,Transporte de pasajeros por carretera,98.83,98.83,98.83,100.52,104.06,118.96,118.96,118.80,119.15,119.18,119.18,119.18,119.18,119.18,119.18,119.18,119.18,119.18,119.18,119.18,119.56,119.56,119.56,119.56,119.56,119.56,119.56,119.56,119.56,119.56,119.56,119.56,119.45,119.45,119.55,119.55,119.55,119.55,119.55,119.55,119.55,119.55,119.55,119.55,119.81,119.81,119.81,119.81,119.81,119.81,119.81,119.81,119.81,119.81,119.81,119.81,120.07,120.14,120.14,120.14,120.14,120.14,120.14,120.14,120.14,120.14,120.14,120.14,120.14,120.14,120.14,120.14,120.14,120.14,120.14,120.14,123.47,123.47,123.47,123.47,123.47,123.47,123.26,123.26,123.26,123.26,123.26,123.26,123.77,123.77,123.77,123.77,124.90,124.90,124.90,124.90,124.90,124.90,124.90,124.90,124.90,124.90,124.90,124.90,125.16,125.16,125.16,125.16,125.16,125.16,125.16,125.16,125.16,125.16,125.16,125.16,125.53,125.53,125.53,125.53,125.53,125.53,125.53,125.53,125.53,125.53,125.53,125.53,125.64,125.64,125.64,125.64,125.64,125.64,125.64,125.64,125.64,125.64
Producto,0.022020175,07321259,TRANSPORTE URBANO,98.06,98.06,98.06,98.06,98.06,117.67,117.67,117.67,117.67,117.67,117.67,117.67,117.67,117.67,117.67,117.67,117.67,117.67,117.67,117.67,117.67,117.67,117.67,117.67,117.67,117.67,117.67,117.67,117.67,117.67,117.67,117.67,117.67,117.67,117.67,117.67,117.67,117.67,117.67,117.67,117.67,117.67,117.67,117.67,117.67,117.67,117.67,117.67,117.67,117.67,117.67,117.67,117.67,117.67,117.67,117.67,117.67,117.67,117.67,117.67,117.67,117.67,117.67,117.67,117.67,117.67,117.67,117.67,117.67,117.67,117.67,117.67,117.67,117.67,117.67,117.67,117.67,117.67,117.67,117.67,117.67,117.67,117.67,117.67,117.67,117.67,117.67,117.67,117.67,117.67,117.67,117.67,117.67,117.67,117.67,117.67,117.67,117.67,117.67,117.67,117.67,117.67,117.67,117.67,117.67,117.67,117.67,117.67,117.67,117.67,117.67,117.67,117.67,117.67,117.67,117.67,117.67,117.67,117.67,117.67,117.67,117.67,117.67,117.67,117.67,117.67,117.67,117.67,117.67,117.67,117.67,117.67,117.67,117.67,117.67,117.67,117.67,117.67
Producto,0.012209546,07321260,TAXI URBANO,98.06,98.06,98.06,98.06,98.06,117.67,117.67,117.67,117.67,117.67,117.67,117.67,117.67,117.67,117.67,117.67,117.67,117.67,117.67,117.67,117.67,117.67,117.67,117.67,117.67,117.67,117.67,117.67,117.67,117.67,117.67,117.67,117.67,117.67,117.67,117.67,117.67,117.67,117.67,117.67,117.67,117.67,117.67,117.67,117.67,117.67,117.67,117.67,117.67,117.67,117.67,117.67,117.67,117.67,117.67,117.67,117.67,117.67,117.67,117.67,117.67,117.67,117.67,117.67,117.67,117.67,117.67,117.67,117.67,117.67,117.67,117.67,117.67,117.67,117.67,117.67,117.67,117.67,117.67,117.67,117.67,117.67,117.67,117.67,117.67,117.67,117.67,117.67,117.67,117.67,117.67,117.67,117.67,117.67,117.67,117.67,117.67,117.67,117.67,117.67,117.67,117.67,117.67,117.67,117.67,117.67,117.67,117.67,117.67,117.67,117.67,117.67,117.67,117.67,117.67,117.67,117.67,117.67,117.67,117.67,117.67,117.67,117.67,117.67,117.67,117.67,117.67,117.67,117.67,117.67,117.67,117.67,117.67,117.67,117.67,117.67,117.67,117.67
Producto,0.007498239,07321261,TRANSPORTE INTERURBANO,100.40,100.40,100.40,110.11,130.51,130.51,130.51,129.63,129.59,129.59,129.59,129.59,129.59,129.59,129.59,129.59,129.59,129.59,129.59,129.59,129.59,129.59,129.59,129.59,129.59,129.59,129.59,129.59,129.59,129.59,129.59,129.59,129.59,129.59,129.59,129.59,129.59,129.59,129.59,129.59,129.59,129.59,129.59,129.59,129.59,129.59,129.59,129.59,129.59,129.59,129.59,129.59,129.59,129.59,129.59,129.59,129.59,129.59,129.59,129.59,129.59,129.59,129.59,129.59,129.59,129.59,129.59,129.59,129.59,129.59,129.59,129.59,129.59,129.59,129.59,129.59,148.73,148.73,148.73,148.73,148.73,148.73,147.55,147.55,147.55,147.55,147.55,147.55,150.47,150.47,150.47,150.47,150.47,150.47,150.47,150.47,150.47,150.47,150.47,150.47,150.47,150.47,150.47,150.47,150.47,150.47,150.47,150.47,150.47,150.47,150.47,150.47,150.47,150.47,150.47,150.47,151.40,151.40,151.40,151.40,151.40,151.40,151.40,151.40,151.40,151.40,151.40,151.40,151.40,151.40,151.40,151.40,151.40,151.40,151.40,151.40,151.40,151.40
Producto,0.005191068,07321262,TRANSPORTE ESCOLAR,103.49,103.49,103.49,103.49,103.49,103.49,103.49,103.49,108.79,109.31,109.31,109.31,109.31,109.31,109.31,109.31,109.31,109.31,109.31,109.31,114.87,114.87,114.87,114.87,114.87,114.87,114.87,114.87,114.87,114.87,114.87,114.87,113.22,113.22,114.78,114.78,114.78,114.78,114.78,114.78,114.78,114.78,114.78,114.78,118.72,118.72,118.72,118.72,118.72,118.72,118.72,118.72,118.72,118.72,118.72,118.72,122.48,123.59,123.59,123.59,123.59,123.59,123.59,123.59,123.59,123.59,123.59,123.59,123.59,123.59,123.59,123.59,123.59,123.59,123.59,123.59,123.59,123.59,123.59,123.59,123.59,123.59,123.59,123.59,123.59,123.59,123.59,123.59,123.59,123.59,123.59,123.59,140.56,140.56,140.56,140.56,140.56,140.56,140.56,140.56,140.56,140.56,140.56,140.56,144.33,144.33,144.33,144.33,144.33,144.33,144.33,144.33,144.33,144.33,144.33,144.33,147.55,147.55,147.55,147.55,147.55,147.55,147.55,147.55,147.55,147.55,147.55,147.55,149.15,149.15,149.15,149.15,149.15,149.15,149.15,149.15,149.15,149.15
Clase,0.004546651,0733,Transporte de pasajeros por aire (S),77.25,78.71,78.39,79.04,79.53,79.86,76.97,79.47,79.62,79.85,84.25,88.02,85.46,83.13,80.69,82.70,85.02,89.51,91.28,87.19,83.85,79.40,77.23,80.78,79.95,78.44,75.49,77.51,79.97,76.20,81.37,81.65,80.04,79.62,83.11,82.99,76.10,77.23,77.30,75.46,73.45,75.22,81.31,84.44,69.17,72.58,72.07,78.81,80.17,72.43,66.35,75.57,76.03,77.48,78.68,80.13,77.93,73.31,76.54,78.95,76.53,77.18,68.70,85.94,85.94,96.86,80.59,81.03,86.35,86.50,96.36,86.10,90.23,81.56,83.21,91.58,84.06,82.53,83.14,84.42,73.32,78.62,82.50,82.44,79.36,84.35,78.88,84.61,89.05,89.54,91.83,86.20,84.86,88.04,83.52,88.74,80.46,88.67,83.65,77.85,79.00,72.63,80.25,71.99,68.52,75.62,70.15,89.04,72.07,72.79,83.81,80.91,83.73,80.15,96.50,91.05,85.09,83.99,80.92,112.25,75.57,79.83,91.80,93.47,90.10,89.87,91.78,100.28,98.22,92.30,98.07,117.94,88.85,86.92,89.47,109.03,100.57,111.32
Subclase,0.004546651,07331,Transporte de pasajeros por aire,77.25,78.71,78.39,79.04,79.53,79.86,76.97,79.47,79.62,79.85,84.25,88.02,85.46,83.13,80.69,82.70,85.02,89.51,91.28,87.19,83.85,79.40,77.23,80.78,79.95,78.44,75.49,77.51,79.97,76.20,81.37,81.65,80.04,79.62,83.11,82.99,76.10,77.23,77.30,75.46,73.45,75.22,81.31,84.44,69.17,72.58,72.07,78.81,80.17,72.43,66.35,75.57,76.03,77.48,78.68,80.13,77.93,73.31,76.54,78.95,76.53,77.18,68.70,85.94,85.94,96.86,80.59,81.03,86.35,86.50,96.36,86.10,90.23,81.56,83.21,91.58,84.06,82.53,83.14,84.42,73.32,78.62,82.50,82.44,79.36,84.35,78.88,84.61,89.05,89.54,91.83,86.20,84.86,88.04,83.52,88.74,80.46,88.67,83.65,77.85,79.00,72.63,80.25,71.99,68.52,75.62,70.15,89.04,72.07,72.79,83.81,80.91,83.73,80.15,96.50,91.05,85.09,83.99,80.92,112.25,75.57,79.83,91.80,93.47,90.10,89.87,91.78,100.28,98.22,92.30,98.07,117.94,88.85,86.92,89.47,109.03,100.57,111.32
Producto,0.004546651,07331263,VIAJE EN AVIÓN,77.25,78.71,78.39,79.04,79.53,79.86,76.97,79.47,79.62,79.85,84.25,88.02,85.46,83.13,80.69,82.70,85.02,89.51,91.28,87.19,83.85,79.40,77.23,80.78,79.95,78.44,75.49,77.51,79.97,76.20,81.37,81.65,80.04,79.62,83.11,82.99,76.10,77.23,77.30,75.46,73.45,75.22,81.31,84.44,69.17,72.58,72.07,78.81,80.17,72.43,66.35,75.57,76.03,77.48,78.68,80.13,77.93,73.31,76.54,78.95,76.53,77.18,68.70,85.94,85.94,96.86,80.59,81.03,86.35,86.50,96.36,86.10,90.23,81.56,83.21,91.58,84.06,82.53,83.14,84.42,73.32,78.62,82.50,82.44,79.36,84.35,78.88,84.61,89.05,89.54,91.83,86.20,84.86,88.04,83.52,88.74,80.46,88.67,83.65,77.85,79.00,72.63,80.25,71.99,68.52,75.62,70.15,89.04,72.07,72.79,83.81,80.91,83.73,80.15,96.50,91.05,85.09,83.99,80.92,112.25,75.57,79.83,91.80,93.47,90.10,89.87,91.78,100.28,98.22,92.30,98.07,117.94,88.85,86.92,89.47,109.03,100.57,111.32
División,0.047417885,08,Comunicaciones,92.27,92.21,91.83,91.85,91.85,91.69,91.27,90.94,90.88,90.97,90.47,90.39,90.51,91.13,91.14,90.84,90.80,91.77,91.21,91.09,91.10,91.00,90.96,90.87,90.84,90.58,90.48,90.48,90.58,89.27,89.28,89.15,88.55,88.51,88.50,88.37,88.58,88.65,88.50,88.43,88.39,88.50,88.73,88.80,93.42,88.80,89.02,88.91,88.71,88.68,88.67,88.38,88.27,88.33,88.22,89.33,91.87,91.81,91.56,91.47,91.25,91.92,91.81,91.86,91.86,91.42,91.42,91.24,91.24,91.07,90.96,90.93,90.91,90.87,90.80,91.42,91.45,91.42,91.08,91.35,91.36,91.36,91.25,88.93,89.12,89.15,89.49,89.49,89.75,89.00,89.74,89.58,89.60,89.58,89.62,89.72,89.55,89.70,89.70,89.91,89.91,90.03,90.47,90.66,90.66,90.67,90.69,90.64,90.50,90.63,89.76,90.35,90.82,90.82,90.40,90.40,90.94,90.94,91.05,91.05,90.97,91.02,90.99,90.97,90.32,90.29,90.33,90.33,90.87,90.84,90.85,90.83,89.47,89.42,89.66,89.75,89.84,89.85
Grupo,0.000194447,081,Servicios postales,101.78,101.78,101.78,104.53,104.53,104.53,104.53,104.53,104.53,104.53,104.53,104.53,104.53,104.53,104.40,104.40,104.40,105.80,105.80,105.80,105.80,105.80,105.80,105.80,100.63,100.63,100.63,100.63,100.63,98.87,98.87,92.40,92.40,92.40,92.40,92.40,94.06,94.06,94.06,94.06,94.06,94.06,94.06,94.06,94.06,94.06,94.06,97.72,97.72,97.72,97.72,97.72,97.72,97.72,97.72,97.72,97.72,97.72,97.72,98.33,98.33,98.33,98.33,98.33,98.33,98.33,98.33,98.33,98.33,98.74,98.74,98.74,98.74,98.74,98.74,98.74,98.74,98.74,98.74,98.74,98.74,98.74,97.93,98.74,98.74,100.63,100.63,100.63,100.63,110.46,110.46,110.46,110.46,110.46,110.46,110.46,110.46,111.23,111.23,111.23,111.23,111.23,111.23,108.41,108.41,108.41,108.41,108.41,108.41,108.41,108.41,112.20,112.20,112.20,112.20,112.20,112.20,112.20,112.20,112.20,111.75,111.75,111.75,112.18,112.18,112.18,112.18,112.18,112.18,113.95,113.95,113.95,115.00,115.00,115.00,115.00,115.00,115.00
Clase,0.000194447,0810,Servicios postales (S),101.78,101.78,101.78,104.53,104.53,104.53,104.53,104.53,104.53,104.53,104.53,104.53,104.53,104.53,104.40,104.40,104.40,105.80,105.80,105.80,105.80,105.80,105.80,105.80,100.63,100.63,100.63,100.63,100.63,98.87,98.87,92.40,92.40,92.40,92.40,92.40,94.06,94.06,94.06,94.06,94.06,94.06,94.06,94.06,94.06,94.06,94.06,97.72,97.72,97.72,97.72,97.72,97.72,97.72,97.72,97.72,97.72,97.72,97.72,98.33,98.33,98.33,98.33,98.33,98.33,98.33,98.33,98.33,98.33,98.74,98.74,98.74,98.74,98.74,98.74,98.74,98.74,98.74,98.74,98.74,98.74,98.74,97.93,98.74,98.74,100.63,100.63,100.63,100.63,110.46,110.46,110.46,110.46,110.46,110.46,110.46,110.46,111.23,111.23,111.23,111.23,111.23,111.23,108.41,108.41,108.41,108.41,108.41,108.41,108.41,108.41,112.20,112.20,112.20,112.20,112.20,112.20,112.20,112.20,112.20,111.75,111.75,111.75,112.18,112.18,112.18,112.18,112.18,112.18,113.95,113.95,113.95,115.00,115.00,115.00,115.00,115.00,115.00
Subclase,0.000194447,08101,Servicios postales,101.78,101.78,101.78,104.53,104.53,104.53,104.53,104.53,104.53,104.53,104.53,104.53,104.53,104.53,104.40,104.40,104.40,105.80,105.80,105.80,105.80,105.80,105.80,105.80,100.63,100.63,100.63,100.63,100.63,98.87,98.87,92.40,92.40,92.40,92.40,92.40,94.06,94.06,94.06,94.06,94.06,94.06,94.06,94.06,94.06,94.06,94.06,97.72,97.72,97.72,97.72,97.72,97.72,97.72,97.72,97.72,97.72,97.72,97.72,98.33,98.33,98.33,98.33,98.33,98.33,98.33,98.33,98.33,98.33,98.74,98.74,98.74,98.74,98.74,98.74,98.74,98.74,98.74,98.74,98.74,98.74,98.74,97.93,98.74,98.74,100.63,100.63,100.63,100.63,110.46,110.46,110.46,110.46,110.46,110.46,110.46,110.46,111.23,111.23,111.23,111.23,111.23,111.23,108.41,108.41,108.41,108.41,108.41,108.41,108.41,108.41,112.20,112.20,112.20,112.20,112.20,112.20,112.20,112.20,112.20,111.75,111.75,111.75,112.18,112.18,112.18,112.18,112.18,112.18,113.95,113.95,113.95,115.00,115.00,115.00,115.00,115.00,115.00
Producto,0.000194447,08101264,ENVÍO DE PAQUETE,101.78,101.78,101.78,104.53,104.53,104.53,104.53,104.53,104.53,104.53,104.53,104.53,104.53,104.53,104.40,104.40,104.40,105.80,105.80,105.80,105.80,105.80,105.80,105.80,100.63,100.63,100.63,100.63,100.63,98.87,98.87,92.40,92.40,92.40,92.40,92.40,94.06,94.06,94.06,94.06,94.06,94.06,94.06,94.06,94.06,94.06,94.06,97.72,97.72,97.72,97.72,97.72,97.72,97.72,97.72,97.72,97.72,97.72,97.72,98.33,98.33,98.33,98.33,98.33,98.33,98.33,98.33,98.33,98.33,98.74,98.74,98.74,98.74,98.74,98.74,98.74,98.74,98.74,98.74,98.74,98.74,98.74,97.93,98.74,98.74,100.63,100.63,100.63,100.63,110.46,110.46,110.46,110.46,110.46,110.46,110.46,110.46,111.23,111.23,111.23,111.23,111.23,111.23,108.41,108.41,108.41,108.41,108.41,108.41,108.41,108.41,112.20,112.20,112.20,112.20,112.20,112.20,112.20,112.20,112.20,111.75,111.75,111.75,112.18,112.18,112.18,112.18,112.18,112.18,113.95,113.95,113.95,115.00,115.00,115.00,115.00,115.00,115.00
Grupo,0.003895254,082,Equipo telefónico y de facsímile,85.82,85.16,81.04,81.04,81.04,79.36,74.78,72.35,71.73,73.23,67.82,66.91,68.24,68.67,68.83,65.56,65.16,63.35,57.71,56.00,56.12,55.02,54.55,53.60,53.60,54.70,53.52,53.52,54.60,52.85,52.37,51.93,46.56,44.52,44.37,42.96,45.09,46.76,45.15,44.43,44.00,44.00,44.00,44.72,44.72,44.76,47.12,45.69,43.55,43.22,41.47,40.81,39.53,39.53,39.53,51.52,51.33,50.65,47.99,46.94,44.61,45.26,44.10,44.61,44.66,39.88,39.88,37.91,37.91,37.39,36.22,35.24,34.97,34.58,34.18,33.57,33.80,33.52,33.60,33.60,33.38,31.30,30.19,30.34,32.47,32.00,31.81,31.86,31.81,32.05,30.70,28.94,29.13,28.95,29.38,28.07,27.67,28.23,28.14,27.77,27.77,27.73,25.01,25.00,24.93,25.12,25.29,24.75,24.27,24.07,24.07,24.09,24.63,24.52,23.40,23.40,23.78,23.78,23.78,23.78,22.89,23.44,23.13,22.86,22.86,22.56,22.97,22.97,22.97,22.57,22.60,22.41,21.57,21.01,23.57,24.62,25.59,25.64
Clase,0.003895254,0820,Equipo telefónico y de facsímile (D),85.82,85.16,81.04,81.04,81.04,79.36,74.78,72.35,71.73,73.23,67.82,66.91,68.24,68.67,68.83,65.56,65.16,63.35,57.71,56.00,56.12,55.02,54.55,53.60,53.60,54.70,53.52,53.52,54.60,52.85,52.37,51.93,46.56,44.52,44.37,42.96,45.09,46.76,45.15,44.43,44.00,44.00,44.00,44.72,44.72,44.76,47.12,45.69,43.55,43.22,41.47,40.81,39.53,39.53,39.53,51.52,51.33,50.65,47.99,46.94,44.61,45.26,44.10,44.61,44.66,39.88,39.88,37.91,37.91,37.39,36.22,35.24,34.97,34.58,34.18,33.57,33.80,33.52,33.60,33.60,33.38,31.30,30.19,30.34,32.47,32.00,31.81,31.86,31.81,32.05,30.70,28.94,29.13,28.95,29.38,28.07,27.67,28.23,28.14,27.77,27.77,27.73,25.01,25.00,24.93,25.12,25.29,24.75,24.27,24.07,24.07,24.09,24.63,24.52,23.40,23.40,23.78,23.78,23.78,23.78,22.89,23.44,23.13,22.86,22.86,22.56,22.97,22.97,22.97,22.57,22.60,22.41,21.57,21.01,23.57,24.62,25.59,25.64
Subclase,0.003895254,08201,Equipo telefónico y de facsímile,85.82,85.16,81.04,81.04,81.04,79.36,74.78,72.35,71.73,73.23,67.82,66.91,68.24,68.67,68.83,65.56,65.16,63.35,57.71,56.00,56.12,55.02,54.55,53.60,53.60,54.70,53.52,53.52,54.60,52.85,52.37,51.93,46.56,44.52,44.37,42.96,45.09,46.76,45.15,44.43,44.00,44.00,44.00,44.72,44.72,44.76,47.12,45.69,43.55,43.22,41.47,40.81,39.53,39.53,39.53,51.52,51.33,50.65,47.99,46.94,44.61,45.26,44.10,44.61,44.66,39.88,39.88,37.91,37.91,37.39,36.22,35.24,34.97,34.58,34.18,33.57,33.80,33.52,33.60,33.60,33.38,31.30,30.19,30.34,32.47,32.00,31.81,31.86,31.81,32.05,30.70,28.94,29.13,28.95,29.38,28.07,27.67,28.23,28.14,27.77,27.77,27.73,25.01,25.00,24.93,25.12,25.29,24.75,24.27,24.07,24.07,24.09,24.63,24.52,23.40,23.40,23.78,23.78,23.78,23.78,22.89,23.44,23.13,22.86,22.86,22.56,22.97,22.97,22.97,22.57,22.60,22.41,21.57,21.01,23.57,24.62,25.59,25.64
Producto,0.003895254,08201265,TELÉFONO CELULAR,85.82,85.16,81.04,81.04,81.04,79.36,74.78,72.35,71.73,73.23,67.82,66.91,68.24,68.67,68.83,65.56,65.16,63.35,57.71,56.00,56.12,55.02,54.55,53.60,53.60,54.70,53.52,53.52,54.60,52.85,52.37,51.93,46.56,44.52,44.37,42.96,45.09,46.76,45.15,44.43,44.00,44.00,44.00,44.72,44.72,44.76,47.12,45.69,43.55,43.22,41.47,40.81,39.53,39.53,39.53,51.52,51.33,50.65,47.99,46.94,44.61,45.26,44.10,44.61,44.66,39.88,39.88,37.91,37.91,37.39,36.22,35.24,34.97,34.58,34.18,33.57,33.80,33.52,33.60,33.60,33.38,31.30,30.19,30.34,32.47,32.00,31.81,31.86,31.81,32.05,30.70,28.94,29.13,28.95,29.38,28.07,27.67,28.23,28.14,27.77,27.77,27.73,25.01,25.00,24.93,25.12,25.29,24.75,24.27,24.07,24.07,24.09,24.63,24.52,23.40,23.40,23.78,23.78,23.78,23.78,22.89,23.44,23.13,22.86,22.86,22.56,22.97,22.97,22.97,22.57,22.60,22.41,21.57,21.01,23.57,24.62,25.59,25.64
Grupo,0.043328184,083,Servicios telefónicos y de facsímile,92.87,92.87,92.87,92.87,92.87,92.87,92.87,92.75,92.75,92.70,92.70,92.70,92.70,93.34,93.34,93.34,93.34,94.59,94.54,94.59,94.59,94.59,94.59,94.59,94.59,94.19,94.19,94.19,94.19,92.94,93.00,92.95,92.83,93.00,93.00,93.00,93.00,92.91,92.91,92.91,92.91,93.02,93.28,93.28,98.41,93.28,93.28,93.28,93.28,93.28,93.44,93.20,93.20,93.26,93.15,93.15,95.99,95.99,95.99,95.99,95.99,96.66,96.66,96.66,96.66,96.66,96.66,96.66,96.66,96.52,96.52,96.59,96.59,96.59,96.55,97.31,97.31,97.31,96.93,97.22,97.25,97.47,97.47,94.87,94.87,94.93,95.32,95.32,95.62,94.69,95.65,95.65,95.65,95.65,95.65,95.89,95.75,95.86,95.86,96.13,96.13,96.27,97.04,97.27,97.27,97.27,97.27,97.27,97.17,97.33,96.37,96.99,97.46,97.47,97.12,97.12,97.68,97.68,97.80,97.80,97.80,97.80,97.80,97.80,97.08,97.08,97.08,97.08,97.68,97.68,97.68,97.68,96.26,96.26,96.26,96.26,96.26,96.26
Clase,0.043328184,0830,Servicios telefónicos y de facsímile (S),92.87,92.87,92.87,92.87,92.87,92.87,92.87,92.75,92.75,92.70,92.70,92.70,92.70,93.34,93.34,93.34,93.34,94.59,94.54,94.59,94.59,94.59,94.59,94.59,94.59,94.19,94.19,94.19,94.19,92.94,93.00,92.95,92.83,93.00,93.00,93.00,93.00,92.91,92.91,92.91,92.91,93.02,93.28,93.28,98.41,93.28,93.28,93.28,93.28,93.28,93.44,93.20,93.20,93.26,93.15,93.15,95.99,95.99,95.99,95.99,95.99,96.66,96.66,96.66,96.66,96.66,96.66,96.66,96.66,96.52,96.52,96.59,96.59,96.59,96.55,97.31,97.31,97.31,96.93,97.22,97.25,97.47,97.47,94.87,94.87,94.93,95.32,95.32,95.62,94.69,95.65,95.65,95.65,95.65,95.65,95.89,95.75,95.86,95.86,96.13,96.13,96.27,97.04,97.27,97.27,97.27,97.27,97.27,97.17,97.33,96.37,96.99,97.46,97.47,97.12,97.12,97.68,97.68,97.80,97.80,97.80,97.80,97.80,97.80,97.08,97.08,97.08,97.08,97.68,97.68,97.68,97.68,96.26,96.26,96.26,96.26,96.26,96.26
Subclase,0.028372936,08301,Servicios telefónicos,96.16,96.16,96.16,96.16,96.16,96.16,96.16,95.96,95.96,95.87,95.87,95.87,95.87,96.96,96.96,96.96,96.96,98.61,98.61,98.61,98.61,98.61,98.61,98.61,98.61,98.61,98.61,98.61,98.61,96.85,96.96,96.96,97.17,97.17,97.17,97.17,97.17,97.06,97.06,97.06,97.06,97.14,97.14,97.14,105.96,97.14,97.14,97.14,97.14,97.14,97.14,97.14,97.14,97.14,96.95,96.95,101.94,101.94,101.94,101.94,101.94,103.09,103.09,103.09,103.09,103.09,103.09,103.09,103.09,102.86,102.86,102.86,102.86,102.86,102.86,102.86,102.86,102.86,102.88,102.88,102.94,103.31,103.31,98.83,98.83,99.45,100.13,100.13,100.13,100.13,100.13,100.13,100.13,100.13,100.13,100.13,100.13,100.13,100.13,100.13,100.13,100.36,100.36,100.75,100.75,100.75,100.75,100.75,100.75,100.81,100.81,102.05,102.88,103.53,103.53,103.53,103.53,103.53,103.74,103.74,103.74,103.74,103.74,103.74,103.74,103.74,103.74,103.74,103.74,103.74,103.74,103.74,104.23,104.23,104.23,104.23,104.23,104.23
Producto,0.014233903,08301266,SERVICIO DE TELEFONÍA CELULAR,99.97,99.97,99.97,99.97,99.97,99.97,99.97,99.34,99.34,99.34,99.34,99.34,99.34,102.86,102.86,102.86,102.86,104.33,104.33,104.33,104.33,104.33,104.33,104.33,104.33,104.33,104.33,104.33,104.33,102.50,102.86,102.86,103.54,103.54,103.54,103.54,103.54,103.16,103.16,103.16,103.16,103.44,103.44,103.44,103.43,103.43,103.43,103.43,103.43,103.43,103.43,103.44,103.44,103.44,102.81,102.81,103.61,103.61,103.61,103.61,103.61,107.32,107.32,107.32,107.32,107.32,107.32,107.32,107.32,106.57,106.57,106.57,106.57,106.57,106.57,106.57,106.57,106.57,106.64,106.64,106.82,108.01,108.01,93.60,93.60,95.57,97.77,97.77,97.77,97.77,97.77,97.77,97.77,97.77,97.77,97.77,97.77,97.77,97.77,97.77,97.77,98.50,98.50,99.78,99.78,99.78,99.78,99.78,99.78,99.98,99.98,101.98,102.65,102.65,102.65,102.65,102.65,102.65,103.32,103.32,103.32,103.32,103.32,103.32,103.32,103.32,103.32,103.32,103.32,103.32,103.32,103.32,104.91,104.91,104.91,104.91,104.91,104.91
Producto,0.014139033,08301267,SERVICIO DE TELEFONÍA RESIDENCIAL,94.44,94.44,94.44,94.44,94.44,94.44,94.44,94.44,94.44,94.31,94.31,94.31,94.31,94.31,94.31,94.31,94.31,96.03,96.03,96.03,96.03,96.03,96.03,96.03,96.03,96.03,96.03,96.03,96.03,94.31,94.31,94.31,94.31,94.31,94.31,94.31,94.31,94.31,94.31,94.31,94.31,94.31,94.31,94.31,107.10,94.31,94.31,94.31,94.31,94.31,94.31,94.31,94.31,94.31,94.31,94.31,101.19,101.19,101.19,101.19,101.19,101.19,101.19,101.19,101.19,101.19,101.19,101.19,101.19,101.19,101.19,101.19,101.19,101.19,101.19,101.19,101.19,101.19,101.19,101.19,101.19,101.19,101.19,101.19,101.19,101.19,101.19,101.19,101.19,101.19,101.19,101.19,101.19,101.19,101.19,101.19,101.19,101.19,101.19,101.19,101.19,101.19,101.19,101.19,101.19,101.19,101.19,101.19,101.19,101.19,101.19,102.09,102.99,103.92,103.92,103.92,103.92,103.92,103.92,103.92,103.92,103.92,103.92,103.92,103.92,103.92,103.92,103.92,103.92,103.92,103.92,103.92,103.92,103.92,103.92,103.92,103.92,103.92
Subclase,0.014955248,08302,Servicios de alquiler de teléfono e internet,88.30,88.30,88.30,88.30,88.30,88.30,88.30,88.30,88.30,88.30,88.30,88.30,88.30,88.30,88.30,88.30,88.30,89.01,88.89,89.01,89.01,89.01,89.01,89.01,89.01,88.07,88.07,88.07,88.07,87.50,87.50,87.37,86.81,87.20,87.20,87.20,87.20,87.15,87.15,87.15,87.15,87.30,87.93,87.93,87.93,87.93,87.93,87.93,87.93,87.93,88.31,87.72,87.72,87.88,87.88,87.88,87.72,87.72,87.72,87.72,87.72,87.72,87.72,87.72,87.72,87.72,87.72,87.72,87.72,87.72,87.72,87.89,87.89,87.89,87.81,89.60,89.60,89.60,88.66,89.36,89.36,89.36,89.36,89.36,89.36,88.66,88.66,88.66,89.36,87.15,89.45,89.45,89.45,89.45,89.45,90.02,89.67,89.94,89.94,90.59,90.59,90.59,92.45,92.45,92.45,92.45,92.44,92.44,92.19,92.50,90.21,89.97,89.94,89.07,88.23,88.23,89.58,89.58,89.58,89.58,89.58,89.58,89.58,89.58,87.86,87.86,87.86,87.86,89.29,89.29,89.29,89.29,85.20,85.20,85.20,85.20,85.20,85.20
Producto,0.001101015,08302268,SERVICIO DE ALQUILER DE TELÉFONO,98.06,98.06,98.06,98.06,98.06,98.06,98.06,98.06,98.06,98.06,98.06,98.06,98.06,98.06,98.06,98.06,98.06,98.06,98.06,98.06,98.06,98.06,98.06,98.06,98.06,98.06,98.06,98.06,98.06,98.06,98.06,98.06,91.31,96.02,96.02,96.02,96.02,95.36,95.36,95.36,95.36,97.18,97.18,97.18,97.18,97.18,97.18,97.18,97.18,97.18,101.73,99.83,99.83,101.73,101.73,101.73,99.83,99.83,99.83,99.83,99.83,99.83,99.83,99.83,99.83,99.83,99.83,99.83,99.83,99.83,99.83,101.84,101.84,101.84,100.85,100.85,100.85,100.85,100.85,100.85,100.85,100.85,100.85,100.85,100.85,100.85,100.85,100.85,100.85,101.84,101.84,101.84,101.84,101.84,101.84,101.84,101.84,100.85,100.85,100.85,100.85,100.85,100.85,100.85,100.85,100.85,100.85,100.85,100.85,100.85,100.85,100.85,100.85,100.85,100.85,100.85,124.65,124.65,124.65,124.65,124.65,124.65,124.65,124.65,121.16,121.16,121.16,121.16,121.16,121.16,121.16,121.16,121.16,121.16,121.16,121.16,121.16,121.16
Producto,0.013854233,08302269,SERVICIO DE INTERNET,87.42,87.42,87.42,87.42,87.42,87.42,87.42,87.42,87.42,87.42,87.42,87.42,87.42,87.42,87.42,87.42,87.42,88.19,88.06,88.19,88.19,88.19,88.19,88.19,88.19,87.16,87.16,87.16,87.16,86.54,86.54,86.41,86.41,86.41,86.41,86.41,86.41,86.41,86.41,86.41,86.41,86.41,87.09,87.09,87.09,87.09,87.09,87.09,87.09,87.09,87.09,86.63,86.63,86.63,86.63,86.63,86.63,86.63,86.63,86.63,86.63,86.63,86.62,86.62,86.62,86.62,86.62,86.62,86.62,86.62,86.62,86.62,86.62,86.62,86.62,88.58,88.58,88.58,87.56,88.32,88.32,88.32,88.32,88.32,88.32,87.56,87.56,87.56,88.32,85.82,88.32,88.32,88.32,88.32,88.32,88.95,88.57,88.95,88.95,89.66,89.66,89.66,91.68,91.68,91.68,91.68,91.68,91.68,91.40,91.74,89.24,88.99,88.95,88.00,87.09,87.09,86.40,86.40,86.40,86.40,86.40,86.40,86.40,86.40,84.84,84.84,84.84,84.84,86.40,86.40,86.40,86.40,81.94,81.94,81.94,81.94,81.94,81.94
División,0.053029494,09,Recreación y cultura,100.31,101.34,101.73,103.24,104.35,108.32,105.59,107.66,105.05,104.89,105.32,105.14,104.45,104.64,103.97,102.51,102.75,104.31,104.99,106.32,105.56,105.25,104.61,115.59,114.32,114.27,114.63,114.04,114.38,113.71,116.36,110.98,112.54,116.05,110.16,112.92,112.55,113.10,112.80,110.60,109.31,110.91,110.61,110.08,109.76,110.78,111.38,112.42,110.80,110.95,109.07,109.44,110.13,109.92,109.58,108.87,109.56,109.69,110.49,119.07,118.57,109.79,108.21,107.96,108.13,108.18,108.31,108.23,107.18,107.65,107.70,107.50,106.90,106.05,106.07,106.46,105.10,105.37,105.37,106.00,105.47,105.52,104.39,104.68,103.34,102.72,103.30,101.73,103.27,101.72,101.77,102.23,98.10,100.51,100.54,101.33,99.72,99.12,96.23,102.45,100.46,99.29,99.78,104.58,97.33,97.64,97.45,98.04,97.46,97.18,98.17,98.91,98.84,98.86,99.44,102.73,100.44,116.87,99.78,100.30,99.88,97.01,102.88,101.59,103.80,102.73,103.56,104.85,103.16,114.36,102.74,103.08,102.53,108.06,104.07,106.01,103.24,111.41
Grupo,0.015074607,091,"Equipo audiovisual, fotográfico y de procesamiento de información",99.85,100.42,103.27,106.24,107.58,107.17,107.42,110.04,108.02,107.39,106.14,105.77,105.53,106.60,105.30,103.80,104.73,107.39,106.37,107.19,107.06,106.35,105.61,104.75,105.94,105.39,103.08,100.72,100.05,98.24,96.64,97.89,97.48,96.80,96.65,95.85,95.42,94.93,93.42,91.99,91.39,91.58,91.74,91.60,91.45,91.57,91.58,91.14,91.25,90.70,88.94,87.85,86.85,86.31,85.81,85.66,85.25,85.33,83.57,81.44,80.23,80.09,80.34,79.51,80.15,80.62,81.04,80.86,81.79,82.18,82.96,82.17,82.34,82.82,81.76,80.22,79.88,79.65,80.06,81.42,81.70,82.59,82.07,82.15,83.06,83.18,81.92,81.15,81.40,80.45,80.66,80.62,80.01,79.55,78.23,77.85,77.20,77.20,76.93,73.51,72.72,72.22,72.31,70.43,69.51,68.87,68.61,68.80,68.67,68.60,68.56,70.97,71.85,71.61,71.43,72.29,71.89,71.84,71.43,71.57,71.59,70.61,69.70,70.11,70.14,71.37,71.47,70.50,70.67,70.41,69.18,69.24,69.04,70.66,69.08,70.08,69.61,70.23
Clase,0.006460407,0911,"Equipo para la recepción, grabación y reproducción de sonidos e imágenes (D)",102.65,103.67,109.17,112.88,112.34,110.35,111.06,112.64,112.64,111.06,106.35,105.25,105.27,106.57,107.14,107.77,108.00,110.80,110.65,113.04,111.61,110.86,109.75,106.33,107.35,107.11,106.82,101.24,99.22,98.28,96.57,97.33,96.33,95.00,93.70,92.71,93.59,94.74,94.11,93.03,92.93,91.98,92.14,91.89,91.63,91.77,91.18,90.22,90.15,89.84,85.72,87.55,85.85,85.65,84.38,84.58,83.87,83.14,82.83,82.87,82.91,82.47,83.35,81.15,81.87,81.50,79.71,79.57,78.60,80.21,80.17,79.89,80.08,80.70,79.71,78.82,78.96,78.35,79.03,79.56,80.41,80.84,80.82,80.53,83.21,82.41,81.60,80.83,81.31,79.28,78.84,78.84,77.58,76.51,74.63,73.93,73.12,74.11,73.76,71.61,70.08,68.01,67.92,67.64,67.91,66.51,65.97,66.49,66.37,66.36,66.59,66.96,69.01,68.91,68.42,67.34,67.80,67.88,66.63,66.67,64.45,62.51,61.43,62.45,63.03,64.13,64.29,63.43,63.56,63.41,60.70,60.30,60.06,60.64,60.19,59.44,59.44,59.50
Subclase,0.006460407,09111,"Equipo para la recepción, grabación y reproducción de sonidos e imágenes",102.65,103.67,109.17,112.88,112.34,110.35,111.06,112.64,112.64,111.06,106.35,105.25,105.27,106.57,107.14,107.77,108.00,110.80,110.65,113.04,111.61,110.86,109.75,106.33,107.35,107.11,106.82,101.24,99.22,98.28,96.57,97.33,96.33,95.00,93.70,92.71,93.59,94.74,94.11,93.03,92.93,91.98,92.14,91.89,91.63,91.77,91.18,90.22,90.15,89.84,85.72,87.55,85.85,85.65,84.38,84.58,83.87,83.14,82.83,82.87,82.91,82.47,83.35,81.15,81.87,81.50,79.71,79.57,78.60,80.21,80.17,79.89,80.08,80.70,79.71,78.82,78.96,78.35,79.03,79.56,80.41,80.84,80.82,80.53,83.21,82.41,81.60,80.83,81.31,79.28,78.84,78.84,77.58,76.51,74.63,73.93,73.12,74.11,73.76,71.61,70.08,68.01,67.92,67.64,67.91,66.51,65.97,66.49,66.37,66.36,66.59,66.96,69.01,68.91,68.42,67.34,67.80,67.88,66.63,66.67,64.45,62.51,61.43,62.45,63.03,64.13,64.29,63.43,63.56,63.41,60.70,60.30,60.06,60.64,60.19,59.44,59.44,59.50
Producto,0.001768946,09111270,REPRODUCTOR DE SONIDO,100.72,104.89,100.80,104.76,100.08,100.08,105.00,105.78,105.78,103.40,100.59,98.90,100.90,100.23,100.23,100.59,100.53,101.12,100.54,100.75,101.37,100.53,97.56,98.02,98.02,98.02,98.05,95.65,92.16,91.64,91.63,92.58,92.25,92.30,91.76,90.22,90.86,90.90,90.90,87.64,87.49,87.35,87.35,87.31,84.99,83.53,83.53,84.06,83.76,85.46,84.64,84.64,82.02,81.76,82.69,83.12,83.22,83.12,82.31,83.03,84.12,82.55,84.40,84.40,84.52,80.72,79.59,79.59,79.43,81.29,81.17,80.60,80.39,79.57,79.88,79.33,79.37,77.46,80.27,80.91,82.05,85.96,82.83,82.91,90.15,90.15,89.05,89.41,89.19,87.20,88.21,87.40,88.02,87.22,86.35,85.05,82.08,85.62,87.11,86.15,83.81,83.34,81.89,79.06,78.87,78.87,78.06,79.50,79.40,79.76,80.71,81.40,87.94,87.88,87.09,84.72,88.52,88.52,83.44,83.55,85.66,88.06,86.09,83.90,86.28,86.28,87.18,85.46,86.53,85.20,84.89,85.61,84.43,84.11,84.43,84.17,83.25,83.61
Producto,0.000986934,09111271,REPRODUCTOR DE VIDEO,97.28,97.28,99.17,100.28,100.28,99.18,98.38,103.45,103.45,101.31,101.15,101.18,98.00,98.00,97.54,100.86,100.19,99.82,99.82,98.54,99.19,100.76,100.76,99.49,98.50,97.01,96.07,98.39,92.89,96.15,95.84,96.19,96.19,92.15,92.79,92.79,92.79,95.05,93.39,94.54,94.54,91.00,91.00,91.00,90.74,90.71,91.36,91.27,91.27,91.27,91.27,91.27,91.27,91.53,82.43,83.88,83.42,82.53,82.34,82.34,82.34,82.34,82.34,82.34,82.34,82.34,82.34,82.34,82.34,82.34,82.34,82.34,82.34,82.34,79.19,79.70,79.70,78.86,78.86,81.14,82.46,80.15,80.15,80.29,80.29,80.29,75.70,75.70,80.29,80.29,79.26,79.26,79.26,79.26,79.26,79.26,77.20,82.15,80.75,82.15,80.75,80.75,80.75,82.62,82.62,82.62,82.62,82.62,82.62,82.62,82.62,84.09,84.09,84.09,84.09,84.09,84.09,84.09,84.09,84.09,66.75,50.46,50.46,59.82,59.82,65.53,65.53,65.53,65.53,65.53,54.61,54.61,54.61,58.25,58.25,58.25,58.25,58.25
Producto,0.003704527,09111272,TELEVISOR,104.92,104.93,115.34,119.66,120.67,117.62,117.02,117.98,117.98,116.88,110.13,108.97,109.06,111.52,112.60,112.60,113.20,117.78,117.77,122.05,119.21,117.86,117.21,111.60,113.60,113.60,113.35,104.31,103.85,101.58,98.78,99.58,98.04,96.89,94.75,93.71,94.92,96.23,95.63,94.82,94.72,94.14,94.42,94.01,94.59,95.44,94.27,92.46,92.46,91.24,84.64,87.73,85.93,85.62,85.61,85.37,84.25,83.31,83.18,82.95,82.57,82.47,83.19,79.49,80.66,81.60,79.05,78.81,77.23,79.17,79.17,78.92,79.33,80.71,79.78,78.37,78.60,78.58,78.58,78.58,79.18,78.94,80.18,79.62,81.17,79.83,80.17,78.72,78.36,75.77,74.89,75.22,72.85,71.36,68.57,67.91,68.33,67.20,66.38,62.77,61.54,58.23,58.68,58.85,59.39,57.03,56.45,56.74,56.58,56.41,56.41,56.35,57.12,56.98,56.48,55.63,54.85,54.98,54.95,54.99,55.13,55.35,54.34,54.39,54.39,54.68,54.58,53.83,53.61,53.91,52.47,51.50,51.57,51.68,50.79,49.64,50.02,49.96
Clase,0.000849568,0912,Equipo fotográfico y cinematográfico e instrumentos ópticos (D),79.63,79.63,80.60,84.01,84.88,86.87,86.03,86.31,86.68,86.68,86.68,86.68,90.19,88.65,88.65,88.65,88.66,89.36,89.37,89.37,86.51,87.66,87.66,90.56,89.73,88.32,88.32,88.32,89.53,78.00,65.26,65.65,65.65,65.65,65.65,65.65,65.65,65.65,62.16,54.99,54.99,54.99,54.99,54.99,53.74,53.74,53.74,53.74,53.74,53.74,53.74,49.75,44.10,44.10,44.49,44.49,44.49,44.49,44.49,44.49,44.49,44.49,44.49,44.49,44.49,46.14,46.14,46.14,48.65,45.20,45.20,45.20,45.20,45.20,45.20,45.20,45.20,45.20,45.20,45.20,45.20,45.20,45.20,45.20,45.20,45.20,45.20,45.20,43.56,43.56,43.56,43.56,43.56,43.56,43.56,43.56,43.56,43.56,43.56,43.56,40.07,40.07,40.07,40.07,40.07,40.07,40.07,40.07,40.07,40.07,40.07,40.07,40.07,40.07,40.07,40.07,40.07,40.07,40.07,40.07,40.07,40.07,40.07,40.07,36.07,40.07,40.07,40.07,40.07,40.07,40.07,40.07,40.07,40.07,40.07,40.07,40.07,40.07
Subclase,0.000849568,09121,Equipos fotográficos ,79.63,79.63,80.60,84.01,84.88,86.87,86.03,86.31,86.68,86.68,86.68,86.68,90.19,88.65,88.65,88.65,88.66,89.36,89.37,89.37,86.51,87.66,87.66,90.56,89.73,88.32,88.32,88.32,89.53,78.00,65.26,65.65,65.65,65.65,65.65,65.65,65.65,65.65,62.16,54.99,54.99,54.99,54.99,54.99,53.74,53.74,53.74,53.74,53.74,53.74,53.74,49.75,44.10,44.10,44.49,44.49,44.49,44.49,44.49,44.49,44.49,44.49,44.49,44.49,44.49,46.14,46.14,46.14,48.65,45.20,45.20,45.20,45.20,45.20,45.20,45.20,45.20,45.20,45.20,45.20,45.20,45.20,45.20,45.20,45.20,45.20,45.20,45.20,43.56,43.56,43.56,43.56,43.56,43.56,43.56,43.56,43.56,43.56,43.56,43.56,40.07,40.07,40.07,40.07,40.07,40.07,40.07,40.07,40.07,40.07,40.07,40.07,40.07,40.07,40.07,40.07,40.07,40.07,40.07,40.07,40.07,40.07,40.07,40.07,36.07,40.07,40.07,40.07,40.07,40.07,40.07,40.07,40.07,40.07,40.07,40.07,40.07,40.07
Producto,0.000849568,09121273,CÁMARA FOTOGRÁFICA,79.63,79.63,80.60,84.01,84.88,86.87,86.03,86.31,86.68,86.68,86.68,86.68,90.19,88.65,88.65,88.65,88.66,89.36,89.37,89.37,86.51,87.66,87.66,90.56,89.73,88.32,88.32,88.32,89.53,78.00,65.26,65.65,65.65,65.65,65.65,65.65,65.65,65.65,62.16,54.99,54.99,54.99,54.99,54.99,53.74,53.74,53.74,53.74,53.74,53.74,53.74,49.75,44.10,44.10,44.49,44.49,44.49,44.49,44.49,44.49,44.49,44.49,44.49,44.49,44.49,46.14,46.14,46.14,48.65,45.20,45.20,45.20,45.20,45.20,45.20,45.20,45.20,45.20,45.20,45.20,45.20,45.20,45.20,45.20,45.20,45.20,45.20,45.20,43.56,43.56,43.56,43.56,43.56,43.56,43.56,43.56,43.56,43.56,43.56,43.56,40.07,40.07,40.07,40.07,40.07,40.07,40.07,40.07,40.07,40.07,40.07,40.07,40.07,40.07,40.07,40.07,40.07,40.07,40.07,40.07,40.07,40.07,40.07,40.07,36.07,40.07,40.07,40.07,40.07,40.07,40.07,40.07,40.07,40.07,40.07,40.07,40.07,40.07
Clase,0.005236871,0913,Equipo de procesamiento e información (D),100.00,100.75,102.01,105.38,107.26,107.72,108.02,110.41,102.54,102.41,103.52,103.70,102.25,103.82,100.27,96.19,98.44,99.43,97.45,97.19,98.83,97.38,96.54,96.75,98.99,97.96,92.50,91.77,91.74,90.38,89.91,92.02,92.00,92.56,93.32,92.29,90.34,88.18,88.09,86.70,85.16,86.43,86.65,86.65,87.06,87.39,85.73,85.50,85.82,84.72,84.18,84.26,84.31,83.22,83.16,82.97,82.65,83.45,81.54,80.79,77.90,78.01,77.81,77.77,78.65,79.76,82.28,82.39,84.30,84.34,86.20,84.71,84.96,85.54,84.30,85.73,84.76,84.72,85.10,87.85,88.07,89.64,88.42,88.88,88.64,89.58,87.34,86.15,84.40,83.95,84.82,84.75,84.73,84.64,83.03,82.88,82.19,81.25,80.98,74.76,74.64,75.33,75.72,71.42,69.06,68.67,68.51,68.50,68.50,68.06,67.74,67.75,68.06,67.58,67.59,70.54,69.19,69.02,69.12,69.40,70.77,70.18,68.95,69.04,68.83,70.27,70.36,69.00,69.02,68.50,67.92,68.79,68.40,70.85,67.45,70.42,69.20,69.95
Subclase,0.005236871,09131,Equipo de procesamiento de la información,100.00,100.75,102.01,105.38,107.26,107.72,108.02,110.41,102.54,102.41,103.52,103.70,102.25,103.82,100.27,96.19,98.44,99.43,97.45,97.19,98.83,97.38,96.54,96.75,98.99,97.96,92.50,91.77,91.74,90.38,89.91,92.02,92.00,92.56,93.32,92.29,90.34,88.18,88.09,86.70,85.16,86.43,86.65,86.65,87.06,87.39,85.73,85.50,85.82,84.72,84.18,84.26,84.31,83.22,83.16,82.97,82.65,83.45,81.54,80.79,77.90,78.01,77.81,77.77,78.65,79.76,82.28,82.39,84.30,84.34,86.20,84.71,84.96,85.54,84.30,85.73,84.76,84.72,85.10,87.85,88.07,89.64,88.42,88.88,88.64,89.58,87.34,86.15,84.40,83.95,84.82,84.75,84.73,84.64,83.03,82.88,82.19,81.25,80.98,74.76,74.64,75.33,75.72,71.42,69.06,68.67,68.51,68.50,68.50,68.06,67.74,67.75,68.06,67.58,67.59,70.54,69.19,69.02,69.12,69.40,70.77,70.18,68.95,69.04,68.83,70.27,70.36,69.00,69.02,68.50,67.92,68.79,68.40,70.85,67.45,70.42,69.20,69.95
Producto,0.002023796,09131274,COMPUTADORA ESCRITORIO,106.65,108.34,108.70,108.70,108.70,108.70,108.70,108.75,105.25,104.82,104.82,104.82,101.90,102.88,101.46,101.74,101.74,103.78,102.52,101.65,101.48,100.29,97.78,98.51,99.97,100.15,102.97,100.84,100.84,100.84,94.93,94.58,94.70,96.18,95.99,98.30,97.15,97.76,97.54,97.37,97.37,98.39,98.46,98.46,99.84,101.71,101.42,101.44,102.36,99.30,97.60,97.97,98.66,99.52,99.34,98.71,97.87,100.79,100.79,98.94,96.52,97.08,96.45,96.28,96.76,99.68,96.89,97.14,101.23,101.23,104.80,104.80,104.26,104.26,104.26,108.74,107.59,107.59,111.54,115.23,115.98,120.86,117.33,118.40,119.09,113.95,111.20,110.87,104.79,103.30,103.59,103.36,103.36,105.82,102.18,101.84,99.96,98.91,98.22,97.47,97.42,94.62,96.19,84.02,80.38,79.03,78.50,78.50,78.59,78.66,77.99,77.99,78.91,78.07,78.07,79.62,79.11,78.95,79.29,79.06,83.51,81.58,80.98,81.16,81.23,80.27,80.16,80.16,80.16,79.63,80.77,82.10,81.59,87.38,87.39,91.58,96.33,96.94
Producto,0.003009268,09131275,COMPUTADORA PORTÁTIL,97.76,97.76,99.47,104.16,106.23,106.23,106.70,110.40,100.01,100.01,101.69,101.69,100.72,102.79,98.00,91.90,95.39,95.85,93.33,93.33,96.04,94.40,94.40,94.40,97.13,95.51,86.25,86.25,86.25,84.62,86.81,90.36,90.36,90.36,91.74,89.24,86.91,83.71,83.71,81.73,79.46,80.92,81.21,81.21,81.21,81.06,78.79,78.48,78.48,78.24,78.18,78.18,77.95,76.00,76.00,76.00,76.00,76.00,73.11,72.99,69.57,69.57,69.57,69.57,70.69,70.69,75.63,75.63,75.63,75.63,76.84,74.67,75.22,76.29,74.43,74.87,73.90,73.90,72.68,75.02,75.02,75.02,75.02,75.31,74.50,78.43,76.39,74.70,74.82,74.82,76.00,76.00,76.00,74.75,73.96,73.96,73.96,73.15,73.15,64.19,64.19,66.49,66.49,65.63,63.76,63.67,63.67,63.67,63.67,62.75,62.64,62.64,62.64,62.26,62.26,65.95,64.13,63.92,63.92,64.51,64.51,64.51,62.93,63.19,62.84,65.39,65.39,63.50,63.50,62.85,61.61,62.24,61.80,62.86,57.76,60.39,56.29,57.10
Producto,0.000203807,09131276,IMPRESORA,87.53,93.44,93.87,100.65,113.06,124.05,124.05,122.57,123.06,123.06,123.06,127.27,128.91,126.85,127.56,123.97,122.81,124.55,125.97,125.97,123.85,123.42,121.36,121.04,121.36,120.95,115.85,113.69,113.02,106.06,102.64,99.93,98.63,101.33,98.98,97.22,95.47,89.89,89.22,88.41,87.22,87.35,87.52,87.52,87.52,84.27,82.36,81.74,82.66,82.23,82.23,81.65,81.61,79.97,79.97,79.97,78.36,76.56,76.25,73.45,75.39,74.15,73.91,74.15,73.99,79.53,82.21,82.83,99.28,100.14,100.14,98.83,99.70,96.98,96.48,91.55,91.89,91.01,91.05,93.32,93.32,95.84,92.02,90.72,92.77,90.38,88.52,89.17,89.03,89.03,89.03,89.14,88.59,88.27,88.59,87.47,84.38,82.01,80.47,78.16,75.76,76.31,74.33,72.15,71.21,72.95,72.95,72.74,72.10,75.70,74.49,74.70,75.55,76.11,76.28,77.76,77.51,77.92,77.99,77.16,77.93,77.72,77.41,74.19,74.19,75.28,78.40,75.47,76.04,77.64,75.13,76.46,77.65,78.05,76.78,76.48,77.77,78.54
Clase,0.002106327,0914,Medios para grabación (SD),99.73,98.68,100.85,100.79,106.49,106.49,105.74,114.27,125.12,125.12,125.12,124.66,124.89,125.17,125.10,125.10,125.10,134.64,133.86,134.16,133.26,133.26,133.57,134.54,133.85,134.20,134.34,134.20,134.18,132.80,132.80,133.30,132.90,129.32,129.29,129.29,129.96,130.02,121.31,121.24,121.99,121.99,121.99,121.61,120.35,119.73,127.55,127.55,127.55,127.84,127.57,114.57,114.05,114.05,113.70,112.53,112.41,112.41,105.44,90.09,90.09,89.86,89.99,89.86,89.96,90.20,90.20,90.20,90.34,90.34,90.34,89.82,89.82,89.90,89.59,76.51,76.68,76.68,76.68,76.78,76.78,77.32,77.32,77.32,77.05,77.14,77.01,77.14,84.89,84.69,84.69,84.56,84.65,84.47,84.80,84.27,83.76,84.05,83.80,83.80,84.06,83.73,83.37,83.79,83.63,83.93,83.96,83.96,83.28,83.28,83.37,101.99,101.99,101.99,101.99,101.99,101.99,101.99,101.99,101.99,104.11,104.11,104.11,104.11,104.02,104.03,104.02,103.38,103.38,103.53,103.53,103.53,104.00,107.09,107.34,107.44,107.81,110.21
Subclase,0.002106327,09141,Medios para grabación,99.73,98.68,100.85,100.79,106.49,106.49,105.74,114.27,125.12,125.12,125.12,124.66,124.89,125.17,125.10,125.10,125.10,134.64,133.86,134.16,133.26,133.26,133.57,134.54,133.85,134.20,134.34,134.20,134.18,132.80,132.80,133.30,132.90,129.32,129.29,129.29,129.96,130.02,121.31,121.24,121.99,121.99,121.99,121.61,120.35,119.73,127.55,127.55,127.55,127.84,127.57,114.57,114.05,114.05,113.70,112.53,112.41,112.41,105.44,90.09,90.09,89.86,89.99,89.86,89.96,90.20,90.20,90.20,90.34,90.34,90.34,89.82,89.82,89.90,89.59,76.51,76.68,76.68,76.68,76.78,76.78,77.32,77.32,77.32,77.05,77.14,77.01,77.14,84.89,84.69,84.69,84.56,84.65,84.47,84.80,84.27,83.76,84.05,83.80,83.80,84.06,83.73,83.37,83.79,83.63,83.93,83.96,83.96,83.28,83.28,83.37,101.99,101.99,101.99,101.99,101.99,101.99,101.99,101.99,101.99,104.11,104.11,104.11,104.11,104.02,104.03,104.02,103.38,103.38,103.53,103.53,103.53,104.00,107.09,107.34,107.44,107.81,110.21
Producto,0.000167303,09141277,MEMORY FLASH,85.44,85.44,85.86,85.44,90.44,90.44,85.59,86.54,86.54,86.54,86.54,83.55,85.02,86.83,86.40,86.40,86.40,87.12,82.05,83.98,78.15,78.15,80.19,86.46,81.99,84.28,85.14,84.28,84.12,83.74,83.74,86.93,84.33,86.13,85.93,85.93,90.28,90.68,90.68,90.28,95.11,95.11,95.11,92.66,84.51,80.51,76.06,76.06,76.06,77.89,76.16,75.83,72.52,72.52,70.24,62.67,61.90,61.90,57.88,57.88,57.88,56.39,57.21,56.39,57.05,58.60,58.60,58.60,59.49,59.49,59.49,56.14,56.14,56.63,54.63,52.21,53.31,53.31,53.31,53.93,53.93,57.42,57.42,57.42,55.70,56.31,55.47,56.31,59.21,57.90,57.90,57.04,57.60,56.48,58.58,55.15,51.86,53.75,52.14,52.14,53.83,51.71,49.35,52.07,51.05,52.95,53.15,53.15,48.77,48.77,49.38,49.38,49.38,49.38,49.38,49.38,49.38,49.38,49.38,49.38,49.38,49.38,49.38,49.38,48.80,48.85,48.80,44.65,44.65,45.65,45.65,45.65,48.70,53.37,55.02,55.65,58.01,58.70
Producto,0.001939024,09141278,DISPOSITIVOS DE ALMACENAMIENTO DE DATOS,102.34,101.10,103.60,103.60,109.42,109.42,109.42,119.34,132.18,132.18,132.18,132.18,132.18,132.18,132.18,132.18,132.18,143.33,143.33,143.33,143.33,143.33,143.33,143.33,143.33,143.33,143.33,143.33,143.33,141.78,141.78,141.78,141.78,137.22,137.22,137.22,137.22,137.22,126.91,126.91,126.91,126.91,126.91,126.91,126.91,126.91,136.97,136.97,136.97,136.97,136.97,121.65,121.65,121.65,121.65,121.65,121.65,121.65,114.14,95.98,95.98,95.98,95.98,95.98,95.98,95.98,95.98,95.98,95.98,95.98,95.98,95.98,95.98,95.98,95.98,80.96,80.96,80.96,80.96,80.96,80.96,80.96,80.96,80.96,80.96,80.96,80.96,80.96,89.59,89.59,89.59,89.59,89.59,89.59,89.59,89.59,89.59,89.59,89.59,89.59,89.59,89.59,89.59,89.59,89.59,89.59,89.59,89.59,89.59,89.59,89.59,111.61,111.61,111.61,111.61,111.61,111.61,111.61,111.61,111.61,114.12,114.12,114.12,114.12,114.12,114.12,114.12,114.12,114.12,114.12,114.12,114.12,114.12,116.91,116.91,116.91,116.91,119.63
Clase,0.000421434,0915,"Reparación de equipo audiovisual, fotográfico y de procesamiento de información (S)",104.89,104.89,104.89,104.89,104.89,104.89,104.89,104.89,104.89,104.89,104.89,104.89,108.78,108.78,108.78,108.78,105.48,106.73,105.90,106.73,105.90,109.21,108.71,108.71,108.71,109.21,112.07,112.07,112.07,111.27,111.27,111.27,111.27,111.27,111.27,111.27,111.27,111.27,111.27,111.27,111.27,111.27,111.27,111.27,111.27,111.27,111.27,111.27,111.27,111.27,111.27,111.27,111.27,111.27,111.27,111.27,111.27,111.27,111.27,111.27,111.27,111.27,111.27,111.27,111.27,111.27,111.27,106.07,115.49,115.49,115.49,115.49,115.49,115.49,111.27,103.24,103.24,103.24,103.24,103.24,99.47,99.47,99.47,99.47,101.37,101.37,101.37,101.37,101.37,101.37,101.37,101.37,96.62,96.62,96.62,96.62,96.62,96.62,96.62,96.62,96.62,96.62,96.62,96.62,96.62,96.62,96.62,96.62,96.62,100.28,100.28,101.89,101.89,101.89,101.89,101.89,101.89,101.89,101.89,101.89,101.89,101.17,101.17,101.17,106.14,105.67,105.67,105.67,108.93,108.93,108.93,103.83,103.83,103.83,103.83,103.83,103.83,103.83
Subclase,0.000421434,09151,Reparación de equipos audiovisuales ,104.89,104.89,104.89,104.89,104.89,104.89,104.89,104.89,104.89,104.89,104.89,104.89,108.78,108.78,108.78,108.78,105.48,106.73,105.90,106.73,105.90,109.21,108.71,108.71,108.71,109.21,112.07,112.07,112.07,111.27,111.27,111.27,111.27,111.27,111.27,111.27,111.27,111.27,111.27,111.27,111.27,111.27,111.27,111.27,111.27,111.27,111.27,111.27,111.27,111.27,111.27,111.27,111.27,111.27,111.27,111.27,111.27,111.27,111.27,111.27,111.27,111.27,111.27,111.27,111.27,111.27,111.27,106.07,115.49,115.49,115.49,115.49,115.49,115.49,111.27,103.24,103.24,103.24,103.24,103.24,99.47,99.47,99.47,99.47,101.37,101.37,101.37,101.37,101.37,101.37,101.37,101.37,96.62,96.62,96.62,96.62,96.62,96.62,96.62,96.62,96.62,96.62,96.62,96.62,96.62,96.62,96.62,96.62,96.62,100.28,100.28,101.89,101.89,101.89,101.89,101.89,101.89,101.89,101.89,101.89,101.89,101.17,101.17,101.17,106.14,105.67,105.67,105.67,108.93,108.93,108.93,103.83,103.83,103.83,103.83,103.83,103.83,103.83
Producto,0.000421434,09151279,REPARACIÓN DE EQUIPOS ELECTRÓNICOS,104.89,104.89,104.89,104.89,104.89,104.89,104.89,104.89,104.89,104.89,104.89,104.89,108.78,108.78,108.78,108.78,105.48,106.73,105.90,106.73,105.90,109.21,108.71,108.71,108.71,109.21,112.07,112.07,112.07,111.27,111.27,111.27,111.27,111.27,111.27,111.27,111.27,111.27,111.27,111.27,111.27,111.27,111.27,111.27,111.27,111.27,111.27,111.27,111.27,111.27,111.27,111.27,111.27,111.27,111.27,111.27,111.27,111.27,111.27,111.27,111.27,111.27,111.27,111.27,111.27,111.27,111.27,106.07,115.49,115.49,115.49,115.49,115.49,115.49,111.27,103.24,103.24,103.24,103.24,103.24,99.47,99.47,99.47,99.47,101.37,101.37,101.37,101.37,101.37,101.37,101.37,101.37,96.62,96.62,96.62,96.62,96.62,96.62,96.62,96.62,96.62,96.62,96.62,96.62,96.62,96.62,96.62,96.62,96.62,100.28,100.28,101.89,101.89,101.89,101.89,101.89,101.89,101.89,101.89,101.89,101.89,101.17,101.17,101.17,106.14,105.67,105.67,105.67,108.93,108.93,108.93,103.83,103.83,103.83,103.83,103.83,103.83,103.83
Grupo,0.000328915,092,Otros productos duraderos importantes para recreación y cultura,94.78,94.78,95.63,108.49,105.78,106.07,108.98,108.39,112.51,112.51,112.51,118.39,121.00,121.00,121.00,121.00,121.00,118.75,121.58,122.70,124.73,124.73,124.73,123.66,122.64,122.64,122.64,127.09,124.92,124.04,119.66,119.13,114.36,114.36,114.36,115.07,118.56,119.38,119.38,119.38,119.38,119.38,119.38,119.38,119.38,119.38,119.38,119.38,120.67,121.00,121.00,121.00,123.55,123.55,123.55,123.55,123.55,120.49,120.49,118.40,118.40,118.40,118.40,118.40,118.40,118.40,118.40,118.40,118.40,120.49,123.96,121.85,121.85,121.56,121.56,121.56,121.56,121.56,121.56,124.53,124.53,124.53,128.14,128.14,128.14,128.14,128.14,128.14,128.14,131.93,137.16,137.16,137.16,137.16,137.16,138.36,138.36,138.36,138.36,138.36,138.36,136.79,136.79,136.79,136.79,136.79,136.79,136.79,136.79,138.67,138.67,140.23,140.23,141.50,141.50,140.23,140.23,140.23,140.23,140.23,133.36,133.36,133.36,133.36,133.36,133.36,133.36,133.36,133.36,133.36,133.36,133.36,133.36,133.36,133.36,125.90,125.90,125.90
Clase,0.000328915,0922,Instrumentos musicales y equipos duraderos importantes para recreación en interiores (d),94.78,94.78,95.63,108.49,105.78,106.07,108.98,108.39,112.51,112.51,112.51,118.39,121.00,121.00,121.00,121.00,121.00,118.75,121.58,122.70,124.73,124.73,124.73,123.66,122.64,122.64,122.64,127.09,124.92,124.04,119.66,119.13,114.36,114.36,114.36,115.07,118.56,119.38,119.38,119.38,119.38,119.38,119.38,119.38,119.38,119.38,119.38,119.38,120.67,121.00,121.00,121.00,123.55,123.55,123.55,123.55,123.55,120.49,120.49,118.40,118.40,118.40,118.40,118.40,118.40,118.40,118.40,118.40,118.40,120.49,123.96,121.85,121.85,121.56,121.56,121.56,121.56,121.56,121.56,124.53,124.53,124.53,128.14,128.14,128.14,128.14,128.14,128.14,128.14,131.93,137.16,137.16,137.16,137.16,137.16,138.36,138.36,138.36,138.36,138.36,138.36,136.79,136.79,136.79,136.79,136.79,136.79,136.79,136.79,138.67,138.67,140.23,140.23,141.50,141.50,140.23,140.23,140.23,140.23,140.23,133.36,133.36,133.36,133.36,133.36,133.36,133.36,133.36,133.36,133.36,133.36,133.36,133.36,133.36,133.36,125.90,125.90,125.90
Subclase,0.000328915,09221,Instrumentos musicales y equipos duraderos importantes para recreación en interiores,94.78,94.78,95.63,108.49,105.78,106.07,108.98,108.39,112.51,112.51,112.51,118.39,121.00,121.00,121.00,121.00,121.00,118.75,121.58,122.70,124.73,124.73,124.73,123.66,122.64,122.64,122.64,127.09,124.92,124.04,119.66,119.13,114.36,114.36,114.36,115.07,118.56,119.38,119.38,119.38,119.38,119.38,119.38,119.38,119.38,119.38,119.38,119.38,120.67,121.00,121.00,121.00,123.55,123.55,123.55,123.55,123.55,120.49,120.49,118.40,118.40,118.40,118.40,118.40,118.40,118.40,118.40,118.40,118.40,120.49,123.96,121.85,121.85,121.56,121.56,121.56,121.56,121.56,121.56,124.53,124.53,124.53,128.14,128.14,128.14,128.14,128.14,128.14,128.14,131.93,137.16,137.16,137.16,137.16,137.16,138.36,138.36,138.36,138.36,138.36,138.36,136.79,136.79,136.79,136.79,136.79,136.79,136.79,136.79,138.67,138.67,140.23,140.23,141.50,141.50,140.23,140.23,140.23,140.23,140.23,133.36,133.36,133.36,133.36,133.36,133.36,133.36,133.36,133.36,133.36,133.36,133.36,133.36,133.36,133.36,125.90,125.90,125.90
Producto,0.000328915,09221280,GUITARRA,94.78,94.78,95.63,108.49,105.78,106.07,108.98,108.39,112.51,112.51,112.51,118.39,121.00,121.00,121.00,121.00,121.00,118.75,121.58,122.70,124.73,124.73,124.73,123.66,122.64,122.64,122.64,127.09,124.92,124.04,119.66,119.13,114.36,114.36,114.36,115.07,118.56,119.38,119.38,119.38,119.38,119.38,119.38,119.38,119.38,119.38,119.38,119.38,120.67,121.00,121.00,121.00,123.55,123.55,123.55,123.55,123.55,120.49,120.49,118.40,118.40,118.40,118.40,118.40,118.40,118.40,118.40,118.40,118.40,120.49,123.96,121.85,121.85,121.56,121.56,121.56,121.56,121.56,121.56,124.53,124.53,124.53,128.14,128.14,128.14,128.14,128.14,128.14,128.14,131.93,137.16,137.16,137.16,137.16,137.16,138.36,138.36,138.36,138.36,138.36,138.36,136.79,136.79,136.79,136.79,136.79,136.79,136.79,136.79,138.67,138.67,140.23,140.23,141.50,141.50,140.23,140.23,140.23,140.23,140.23,133.36,133.36,133.36,133.36,133.36,133.36,133.36,133.36,133.36,133.36,133.36,133.36,133.36,133.36,133.36,125.90,125.90,125.90
Grupo,0.006626741,093,"Otros artículos y equipo para recreación, jardines y animales domésticos",92.02,93.18,90.64,94.10,95.19,96.57,93.16,95.10,95.28,95.22,95.41,93.66,93.81,94.01,93.87,93.09,92.73,93.68,94.44,94.85,95.67,95.65,95.13,95.03,96.06,96.45,96.52,96.66,97.42,95.13,94.57,91.42,93.16,93.89,93.22,91.86,93.96,94.94,95.83,93.42,94.31,92.61,92.73,92.37,92.33,93.47,91.01,89.65,90.02,90.62,91.19,90.87,91.60,90.15,91.03,90.68,90.96,90.62,90.52,89.74,89.23,91.06,90.68,90.49,90.48,89.95,90.03,89.82,89.47,89.13,89.09,88.06,88.23,87.85,90.06,89.67,88.72,87.86,86.95,88.60,88.49,90.21,90.76,90.65,89.85,91.31,91.35,85.64,91.59,88.68,89.32,91.26,91.78,92.44,93.92,95.61,95.88,95.12,96.32,95.10,95.55,93.93,94.83,94.60,94.21,95.30,95.77,95.64,95.47,95.63,97.67,95.60,96.96,96.68,96.25,96.04,96.80,95.90,96.22,95.89,96.15,94.62,96.05,94.85,94.25,93.97,93.43,93.79,93.53,91.58,91.61,91.39,91.30,91.76,91.66,91.26,91.66,91.50
Clase,0.0022653,0931,Conservación y reparación de otros bienes duraderos importantes para recreación y cultura (S),89.98,89.98,89.98,89.98,89.98,91.56,91.37,92.39,92.39,92.39,92.39,88.56,89.10,88.94,89.19,88.50,87.69,89.04,89.27,89.15,89.23,88.83,88.90,88.90,90.08,90.08,90.08,89.96,90.17,88.84,88.76,88.84,88.84,88.76,88.22,88.05,88.05,88.05,88.05,89.90,86.77,87.42,87.42,85.76,85.76,85.76,85.03,82.68,82.68,82.28,82.28,82.28,82.28,81.73,81.73,81.73,81.73,81.73,81.30,78.08,78.13,77.67,77.67,77.64,77.67,77.67,77.67,77.00,77.00,77.00,77.00,77.00,76.45,76.45,76.26,76.41,73.43,69.89,69.89,69.89,69.89,70.45,70.64,67.96,67.35,67.03,66.87,66.70,67.09,66.92,66.75,67.56,67.56,67.56,66.88,66.93,66.93,66.14,66.61,66.24,65.93,66.45,66.13,65.90,65.39,65.39,65.12,63.92,63.92,63.59,63.66,63.51,63.59,63.66,63.66,63.49,62.80,62.37,62.59,62.97,62.70,62.70,62.89,63.11,61.56,61.28,61.04,61.04,60.93,60.93,61.03,60.93,60.47,60.42,60.52,60.40,60.41,61.49
Subclase,0.0022653,09311,"Juegos, juguetes y aficiones",89.98,89.98,89.98,89.98,89.98,91.56,91.37,92.39,92.39,92.39,92.39,88.56,89.10,88.94,89.19,88.50,87.69,89.04,89.27,89.15,89.23,88.83,88.90,88.90,90.08,90.08,90.08,89.96,90.17,88.84,88.76,88.84,88.84,88.76,88.22,88.05,88.05,88.05,88.05,89.90,86.77,87.42,87.42,85.76,85.76,85.76,85.03,82.68,82.68,82.28,82.28,82.28,82.28,81.73,81.73,81.73,81.73,81.73,81.30,78.08,78.13,77.67,77.67,77.64,77.67,77.67,77.67,77.00,77.00,77.00,77.00,77.00,76.45,76.45,76.26,76.41,73.43,69.89,69.89,69.89,69.89,70.45,70.64,67.96,67.35,67.03,66.87,66.70,67.09,66.92,66.75,67.56,67.56,67.56,66.88,66.93,66.93,66.14,66.61,66.24,65.93,66.45,66.13,65.90,65.39,65.39,65.12,63.92,63.92,63.59,63.66,63.51,63.59,63.66,63.66,63.49,62.80,62.37,62.59,62.97,62.70,62.70,62.89,63.11,61.56,61.28,61.04,61.04,60.93,60.93,61.03,60.93,60.47,60.42,60.52,60.40,60.41,61.49
Producto,0.000705567,09311281,JUGUETE,99.38,99.38,99.38,99.38,99.38,99.38,99.38,99.38,99.38,99.38,99.38,93.20,93.20,93.20,93.20,93.20,92.09,95.13,95.13,95.13,95.13,95.13,95.30,95.30,95.30,95.30,95.30,95.30,95.21,94.83,94.83,94.83,94.83,94.83,94.57,96.30,96.30,96.30,96.30,96.30,94.02,95.79,95.79,95.79,95.79,95.79,95.11,92.42,92.42,92.42,92.42,92.42,92.42,92.42,92.42,92.42,92.42,92.42,91.48,91.79,91.79,91.79,91.79,91.79,91.79,91.79,91.79,91.79,91.79,91.79,91.79,91.79,91.79,91.79,91.79,91.79,91.67,89.87,89.87,89.87,89.87,89.87,90.38,90.38,90.38,90.38,90.38,90.38,90.55,90.52,90.52,90.52,90.52,90.52,89.45,89.45,89.45,89.45,89.45,89.45,89.45,91.07,91.07,91.07,91.07,91.07,89.11,87.90,87.90,87.90,87.90,87.90,88.13,88.32,88.32,88.32,88.32,88.32,88.53,88.53,88.53,88.53,88.53,88.53,86.37,86.37,86.37,86.37,86.37,86.37,86.64,86.64,86.64,86.64,86.64,86.64,86.64,89.02
Producto,0.000513148,09311282,JUEGO ELECTRÓNICO,77.76,77.76,77.76,77.76,77.76,77.76,76.59,82.77,82.77,82.77,82.77,82.77,87.30,86.29,87.80,83.63,83.63,83.63,85.04,84.34,84.80,82.38,82.38,82.38,89.55,89.55,89.55,88.82,90.30,84.94,84.47,84.94,84.94,84.47,89.31,84.47,84.47,84.47,84.47,95.71,81.83,81.83,81.83,71.75,71.75,71.75,68.81,70.84,70.84,68.39,68.39,68.39,68.39,67.43,67.43,67.43,67.43,67.43,67.43,67.43,67.73,64.93,64.93,64.71,64.93,64.93,64.93,60.87,60.87,60.87,60.87,60.87,57.52,57.52,56.36,57.29,55.41,50.97,50.97,50.97,50.97,54.37,54.37,59.11,55.41,53.46,52.46,51.45,53.46,52.46,51.45,56.36,56.36,56.36,60.79,61.10,61.10,56.28,59.16,56.88,55.04,54.51,52.57,51.18,48.07,48.07,50.89,46.30,46.30,44.31,44.74,43.81,43.81,43.81,43.81,42.74,38.54,35.94,36.28,38.56,36.92,36.92,38.11,39.42,37.77,36.08,34.62,34.62,33.94,33.94,33.94,33.38,30.57,30.27,30.87,30.16,29.49,29.49
Producto,0.001046586,09311283,MUÑECA,86.79,86.79,86.79,86.79,86.79,90.20,90.20,90.20,90.20,90.20,90.20,86.91,86.47,86.47,86.47,86.47,85.61,86.09,86.09,86.09,86.09,86.09,86.10,86.10,86.10,86.10,86.10,86.10,86.10,85.42,85.42,85.42,85.42,85.42,82.76,82.72,82.72,82.72,82.72,82.72,82.72,82.72,82.72,82.72,82.72,82.72,82.72,79.10,79.10,79.10,79.10,79.10,79.10,78.27,78.27,78.27,78.27,78.27,78.09,70.91,70.91,70.91,70.91,70.91,70.91,70.91,70.91,70.91,70.91,70.91,70.91,70.91,70.91,70.91,70.91,70.91,65.24,60.64,60.64,60.64,60.64,60.64,60.64,53.18,53.18,53.18,53.18,53.18,53.18,53.18,53.18,53.18,53.18,53.18,51.00,51.00,51.00,51.00,51.00,51.00,51.00,51.00,51.00,51.00,51.00,51.00,51.00,51.00,51.00,51.00,51.00,51.00,51.00,51.00,51.00,51.00,51.00,51.00,51.19,51.19,51.19,51.19,51.19,51.19,50.16,50.16,50.16,50.16,50.16,50.16,50.16,50.16,50.16,50.16,50.16,50.16,50.42,50.83
Clase,0.00052484,0932,"Equipo de deportes, campamentos y recreación al aire libre (SD)",97.60,97.60,97.60,97.60,102.23,105.59,110.36,110.21,110.21,109.17,109.17,109.17,106.22,107.43,107.43,107.43,107.43,108.58,105.05,104.30,107.93,109.33,109.33,109.33,108.62,108.62,108.62,108.62,108.62,108.62,107.87,107.12,107.12,107.12,107.12,104.96,104.96,104.96,104.96,102.49,101.87,101.87,101.87,102.62,101.87,101.87,101.87,102.47,102.07,101.87,105.72,104.74,104.74,104.74,104.74,99.94,104.05,99.57,99.57,95.34,100.20,108.83,107.82,103.04,103.04,97.08,97.08,97.08,95.46,95.46,96.12,96.12,98.09,96.13,96.13,95.46,95.46,95.46,95.46,96.68,96.68,93.62,96.64,97.48,93.05,94.92,94.92,94.92,96.05,98.02,96.42,96.42,96.42,94.11,93.72,95.24,96.47,97.85,97.55,98.77,98.08,98.08,98.08,97.36,97.36,97.36,96.59,96.36,97.79,100.12,100.12,99.71,100.76,100.76,99.68,101.15,101.15,101.15,101.15,101.15,101.15,101.15,101.15,101.15,93.70,96.11,96.11,96.11,96.43,96.11,96.11,95.65,96.45,96.78,96.78,95.20,95.20,95.20
Subclase,0.00052484,09321,"Equipo de deportes, campamentos y recreación al aire libre",97.60,97.60,97.60,97.60,102.23,105.59,110.36,110.21,110.21,109.17,109.17,109.17,106.22,107.43,107.43,107.43,107.43,108.58,105.05,104.30,107.93,109.33,109.33,109.33,108.62,108.62,108.62,108.62,108.62,108.62,107.87,107.12,107.12,107.12,107.12,104.96,104.96,104.96,104.96,102.49,101.87,101.87,101.87,102.62,101.87,101.87,101.87,102.47,102.07,101.87,105.72,104.74,104.74,104.74,104.74,99.94,104.05,99.57,99.57,95.34,100.20,108.83,107.82,103.04,103.04,97.08,97.08,97.08,95.46,95.46,96.12,96.12,98.09,96.13,96.13,95.46,95.46,95.46,95.46,96.68,96.68,93.62,96.64,97.48,93.05,94.92,94.92,94.92,96.05,98.02,96.42,96.42,96.42,94.11,93.72,95.24,96.47,97.85,97.55,98.77,98.08,98.08,98.08,97.36,97.36,97.36,96.59,96.36,97.79,100.12,100.12,99.71,100.76,100.76,99.68,101.15,101.15,101.15,101.15,101.15,101.15,101.15,101.15,101.15,93.70,96.11,96.11,96.11,96.43,96.11,96.11,95.65,96.45,96.78,96.78,95.20,95.20,95.20
Producto,0.000249881,09321284,BALÓN DEPORTIVO,96.72,96.72,96.72,96.72,102.63,106.92,113.02,112.82,112.82,110.77,110.77,110.77,107.01,108.55,108.55,108.55,108.55,109.76,105.26,104.30,108.93,110.72,110.72,110.72,109.82,109.82,109.82,109.82,109.82,110.39,109.44,109.44,109.44,109.44,109.44,110.33,110.33,110.33,110.33,110.33,109.53,109.53,109.53,110.49,109.53,109.53,109.53,109.53,109.53,109.53,109.53,108.28,108.28,108.28,108.28,107.23,107.40,107.40,107.40,101.20,107.40,107.40,106.11,106.11,106.11,106.11,106.11,106.11,104.05,104.05,104.90,104.90,107.40,104.90,104.90,104.05,104.05,104.05,104.05,105.61,105.61,104.37,107.79,108.02,102.36,104.75,104.75,104.75,107.12,105.78,105.78,105.78,105.78,104.65,104.65,106.10,108.63,107.60,107.22,108.78,107.90,107.90,107.90,106.98,106.98,106.98,107.34,107.53,107.53,110.49,110.49,111.28,110.85,110.85,111.34,111.34,111.34,111.34,111.34,111.34,111.34,111.34,111.34,111.34,101.83,104.91,104.91,104.91,105.32,104.91,104.91,104.32,105.34,105.77,105.77,103.75,103.75,103.75
Producto,0.000274959,09321285,MÁQUINA DE EJERCICIO,100.75,100.75,100.75,100.75,100.75,100.75,100.75,100.75,100.75,103.37,103.37,103.37,103.37,103.37,103.37,103.37,103.37,104.29,104.29,104.29,104.29,104.29,104.29,104.29,104.29,104.29,104.29,104.29,104.29,102.20,102.20,98.73,98.73,98.73,98.73,85.51,85.51,85.51,85.51,74.11,74.11,74.11,74.11,74.11,74.11,74.11,74.11,76.90,75.03,74.11,91.92,91.92,91.92,91.92,91.92,73.53,91.92,71.20,71.20,74.11,74.11,114.01,114.01,91.92,91.92,64.34,64.34,64.34,64.34,64.34,64.34,64.34,64.34,64.34,64.34,64.34,64.34,64.34,64.34,64.34,64.34,54.69,56.28,59.32,59.32,59.32,59.32,59.32,55.93,69.91,62.53,62.53,62.53,55.93,54.15,55.93,52.43,62.53,62.53,62.53,62.53,62.53,62.53,62.53,62.53,62.53,57.65,55.93,62.53,62.53,62.53,57.81,64.23,64.23,57.45,64.23,64.23,64.23,64.23,64.23,64.23,64.23,64.23,64.23,64.23,64.23,64.23,64.23,64.23,64.23,64.23,64.23,64.23,64.23,64.23,64.23,64.23,64.23
Clase,0.00034131,0933,"Jardines, plantas y flores (ND)",79.22,79.22,71.53,74.79,76.23,76.23,72.10,72.10,75.39,75.39,78.83,68.62,68.62,71.82,67.81,57.66,55.59,61.07,70.15,56.31,66.77,63.86,51.26,49.43,62.27,69.25,70.15,73.35,86.05,52.06,46.28,46.28,55.14,55.14,59.80,59.80,58.40,70.15,86.19,55.59,90.13,55.59,57.66,59.80,59.80,62.53,57.66,62.53,57.66,71.04,59.84,55.18,68.18,62.18,57.34,59.96,60.38,59.26,59.89,68.63,53.69,62.20,57.19,59.14,58.75,55.84,56.93,56.93,52.50,53.21,51.62,56.93,53.58,55.23,65.42,73.15,51.37,55.71,53.32,53.21,71.24,59.74,54.79,60.19,54.14,86.92,70.86,55.73,69.30,53.36,57.82,56.09,65.61,60.66,60.66,58.85,55.56,55.56,74.84,53.53,72.08,60.02,55.50,53.47,60.02,57.21,57.21,61.87,57.21,57.21,95.93,55.50,78.49,60.02,53.47,53.47,71.16,57.21,57.21,53.84,60.02,60.02,84.88,61.87,68.10,61.87,53.47,55.56,73.44,60.09,60.09,57.27,57.27,65.49,63.09,58.34,65.49,56.59
Subclase,0.00034131,09331,"Jardines, plantas y flores",79.22,79.22,71.53,74.79,76.23,76.23,72.10,72.10,75.39,75.39,78.83,68.62,68.62,71.82,67.81,57.66,55.59,61.07,70.15,56.31,66.77,63.86,51.26,49.43,62.27,69.25,70.15,73.35,86.05,52.06,46.28,46.28,55.14,55.14,59.80,59.80,58.40,70.15,86.19,55.59,90.13,55.59,57.66,59.80,59.80,62.53,57.66,62.53,57.66,71.04,59.84,55.18,68.18,62.18,57.34,59.96,60.38,59.26,59.89,68.63,53.69,62.20,57.19,59.14,58.75,55.84,56.93,56.93,52.50,53.21,51.62,56.93,53.58,55.23,65.42,73.15,51.37,55.71,53.32,53.21,71.24,59.74,54.79,60.19,54.14,86.92,70.86,55.73,69.30,53.36,57.82,56.09,65.61,60.66,60.66,58.85,55.56,55.56,74.84,53.53,72.08,60.02,55.50,53.47,60.02,57.21,57.21,61.87,57.21,57.21,95.93,55.50,78.49,60.02,53.47,53.47,71.16,57.21,57.21,53.84,60.02,60.02,84.88,61.87,68.10,61.87,53.47,55.56,73.44,60.09,60.09,57.27,57.27,65.49,63.09,58.34,65.49,56.59
Producto,0.00034131,09331286,FLORES,79.22,79.22,71.53,74.79,76.23,76.23,72.10,72.10,75.39,75.39,78.83,68.62,68.62,71.82,67.81,57.66,55.59,61.07,70.15,56.31,66.77,63.86,51.26,49.43,62.27,69.25,70.15,73.35,86.05,52.06,46.28,46.28,55.14,55.14,59.80,59.80,58.40,70.15,86.19,55.59,90.13,55.59,57.66,59.80,59.80,62.53,57.66,62.53,57.66,71.04,59.84,55.18,68.18,62.18,57.34,59.96,60.38,59.26,59.89,68.63,53.69,62.20,57.19,59.14,58.75,55.84,56.93,56.93,52.50,53.21,51.62,56.93,53.58,55.23,65.42,73.15,51.37,55.71,53.32,53.21,71.24,59.74,54.79,60.19,54.14,86.92,70.86,55.73,69.30,53.36,57.82,56.09,65.61,60.66,60.66,58.85,55.56,55.56,74.84,53.53,72.08,60.02,55.50,53.47,60.02,57.21,57.21,61.87,57.21,57.21,95.93,55.50,78.49,60.02,53.47,53.47,71.16,57.21,57.21,53.84,60.02,60.02,84.88,61.87,68.10,61.87,53.47,55.56,73.44,60.09,60.09,57.27,57.27,65.49,63.09,58.34,65.49,56.59
Clase,0.00272417,0934,Animales domésticos y productos conexos (ND),93.47,95.97,91.41,98.46,100.02,101.48,94.13,96.14,96.14,96.14,96.14,96.14,96.51,96.51,96.51,96.51,96.51,96.86,97.72,100.41,100.41,100.79,101.13,101.13,101.13,101.13,101.16,101.16,101.16,101.16,100.80,94.09,96.76,98.39,96.76,94.24,98.90,98.90,98.90,96.46,96.46,96.46,96.46,96.46,96.46,98.60,94.37,92.36,93.79,93.79,95.83,95.83,95.86,93.82,96.27,95.86,95.86,95.86,95.86,95.86,95.86,97.94,97.85,97.88,97.88,97.88,97.91,97.91,97.91,97.10,97.10,94.26,94.26,93.50,97.16,95.39,97.94,97.94,96.26,99.65,97.28,100.30,101.52,102.34,102.34,101.55,103.65,93.29,104.05,101.62,102.80,104.53,104.53,106.83,110.53,114.14,114.96,113.66,113.66,113.66,112.73,110.34,113.02,113.02,111.74,114.42,115.72,115.72,115.72,115.96,115.72,116.21,116.21,117.76,117.76,117.21,117.21,117.21,117.76,117.21,117.21,113.91,113.91,113.91,113.91,113.91,113.91,114.44,111.80,109.23,109.23,109.23,109.23,109.23,109.23,109.23,109.23,109.23
Subclase,0.00272417,09341,Animales domésticos y productos para mascotas,93.47,95.97,91.41,98.46,100.02,101.48,94.13,96.14,96.14,96.14,96.14,96.14,96.51,96.51,96.51,96.51,96.51,96.86,97.72,100.41,100.41,100.79,101.13,101.13,101.13,101.13,101.16,101.16,101.16,101.16,100.80,94.09,96.76,98.39,96.76,94.24,98.90,98.90,98.90,96.46,96.46,96.46,96.46,96.46,96.46,98.60,94.37,92.36,93.79,93.79,95.83,95.83,95.86,93.82,96.27,95.86,95.86,95.86,95.86,95.86,95.86,97.94,97.85,97.88,97.88,97.88,97.91,97.91,97.91,97.10,97.10,94.26,94.26,93.50,97.16,95.39,97.94,97.94,96.26,99.65,97.28,100.30,101.52,102.34,102.34,101.55,103.65,93.29,104.05,101.62,102.80,104.53,104.53,106.83,110.53,114.14,114.96,113.66,113.66,113.66,112.73,110.34,113.02,113.02,111.74,114.42,115.72,115.72,115.72,115.96,115.72,116.21,116.21,117.76,117.76,117.21,117.21,117.21,117.76,117.21,117.21,113.91,113.91,113.91,113.91,113.91,113.91,114.44,111.80,109.23,109.23,109.23,109.23,109.23,109.23,109.23,109.23,109.23
Producto,0.00272417,09341287,ALIMENTO PREPARADO PARA MASCOTAS,93.47,95.97,91.41,98.46,100.02,101.48,94.13,96.14,96.14,96.14,96.14,96.14,96.51,96.51,96.51,96.51,96.51,96.86,97.72,100.41,100.41,100.79,101.13,101.13,101.13,101.13,101.16,101.16,101.16,101.16,100.80,94.09,96.76,98.39,96.76,94.24,98.90,98.90,98.90,96.46,96.46,96.46,96.46,96.46,96.46,98.60,94.37,92.36,93.79,93.79,95.83,95.83,95.86,93.82,96.27,95.86,95.86,95.86,95.86,95.86,95.86,97.94,97.85,97.88,97.88,97.88,97.91,97.91,97.91,97.10,97.10,94.26,94.26,93.50,97.16,95.39,97.94,97.94,96.26,99.65,97.28,100.30,101.52,102.34,102.34,101.55,103.65,93.29,104.05,101.62,102.80,104.53,104.53,106.83,110.53,114.14,114.96,113.66,113.66,113.66,112.73,110.34,113.02,113.02,111.74,114.42,115.72,115.72,115.72,115.96,115.72,116.21,116.21,117.76,117.76,117.21,117.21,117.21,117.76,117.21,117.21,113.91,113.91,113.91,113.91,113.91,113.91,114.44,111.80,109.23,109.23,109.23,109.23,109.23,109.23,109.23,109.23,109.23
Clase,0.000771121,0935,Servicios de veterinaria y de otro tipo para animales domésticos (S),95.08,95.08,95.08,95.08,95.08,95.08,95.08,101.70,101.70,101.70,101.70,101.70,101.70,101.70,101.70,101.70,101.70,101.70,101.70,101.70,101.70,101.70,101.70,101.70,101.70,101.70,101.70,101.70,101.70,101.70,101.70,101.70,101.70,101.70,101.70,101.70,101.70,104.89,104.89,104.89,104.89,104.89,104.89,104.89,104.89,104.89,104.89,104.89,104.89,104.89,104.89,104.89,104.89,104.89,104.89,104.89,104.89,104.89,104.89,104.89,104.89,104.89,104.89,104.89,104.89,104.89,104.89,104.89,104.89,104.89,104.89,104.89,108.78,108.78,108.78,108.78,108.78,108.78,108.78,108.78,108.78,117.97,117.97,117.97,117.97,117.97,117.97,117.97,117.97,108.78,108.78,117.97,117.97,117.97,117.97,117.97,117.97,117.97,117.97,117.97,117.97,117.97,117.97,117.97,117.97,117.97,117.97,117.97,117.97,117.97,117.97,117.97,117.97,117.97,117.97,117.97,117.97,117.97,117.97,117.97,117.97,117.97,117.97,117.97,117.97,117.97,117.97,117.97,117.97,117.97,117.97,117.97,117.97,117.97,117.97,117.97,117.97,117.97
Subclase,0.000771121,09351,Servicios de veterinario,95.08,95.08,95.08,95.08,95.08,95.08,95.08,101.70,101.70,101.70,101.70,101.70,101.70,101.70,101.70,101.70,101.70,101.70,101.70,101.70,101.70,101.70,101.70,101.70,101.70,101.70,101.70,101.70,101.70,101.70,101.70,101.70,101.70,101.70,101.70,101.70,101.70,104.89,104.89,104.89,104.89,104.89,104.89,104.89,104.89,104.89,104.89,104.89,104.89,104.89,104.89,104.89,104.89,104.89,104.89,104.89,104.89,104.89,104.89,104.89,104.89,104.89,104.89,104.89,104.89,104.89,104.89,104.89,104.89,104.89,104.89,104.89,108.78,108.78,108.78,108.78,108.78,108.78,108.78,108.78,108.78,117.97,117.97,117.97,117.97,117.97,117.97,117.97,117.97,108.78,108.78,117.97,117.97,117.97,117.97,117.97,117.97,117.97,117.97,117.97,117.97,117.97,117.97,117.97,117.97,117.97,117.97,117.97,117.97,117.97,117.97,117.97,117.97,117.97,117.97,117.97,117.97,117.97,117.97,117.97,117.97,117.97,117.97,117.97,117.97,117.97,117.97,117.97,117.97,117.97,117.97,117.97,117.97,117.97,117.97,117.97,117.97,117.97
Producto,0.000771121,09351288,GASTO EN MÉDICO VETERINARIO,95.08,95.08,95.08,95.08,95.08,95.08,95.08,101.70,101.70,101.70,101.70,101.70,101.70,101.70,101.70,101.70,101.70,101.70,101.70,101.70,101.70,101.70,101.70,101.70,101.70,101.70,101.70,101.70,101.70,101.70,101.70,101.70,101.70,101.70,101.70,101.70,101.70,104.89,104.89,104.89,104.89,104.89,104.89,104.89,104.89,104.89,104.89,104.89,104.89,104.89,104.89,104.89,104.89,104.89,104.89,104.89,104.89,104.89,104.89,104.89,104.89,104.89,104.89,104.89,104.89,104.89,104.89,104.89,104.89,104.89,104.89,104.89,108.78,108.78,108.78,108.78,108.78,108.78,108.78,108.78,108.78,117.97,117.97,117.97,117.97,117.97,117.97,117.97,117.97,108.78,108.78,117.97,117.97,117.97,117.97,117.97,117.97,117.97,117.97,117.97,117.97,117.97,117.97,117.97,117.97,117.97,117.97,117.97,117.97,117.97,117.97,117.97,117.97,117.97,117.97,117.97,117.97,117.97,117.97,117.97,117.97,117.97,117.97,117.97,117.97,117.97,117.97,117.97,117.97,117.97,117.97,117.97,117.97,117.97,117.97,117.97,117.97,117.97
Grupo,0.01443332,094,Servicios de recreación y culturales,105.93,106.34,106.16,106.52,106.52,122.72,113.76,118.20,110.40,110.89,110.89,110.89,111.41,114.96,110.49,110.49,108.99,109.85,111.32,114.78,111.78,111.79,115.22,163.32,163.37,162.91,164.62,164.85,165.08,164.86,172.88,157.45,163.39,180.35,154.83,162.48,163.67,163.67,163.67,157.01,152.56,158.07,155.64,153.31,154.29,158.73,163.57,161.09,161.09,159.99,154.89,157.35,160.64,161.16,159.50,157.54,162.01,162.01,169.63,204.75,204.75,164.97,158.34,158.34,158.34,158.34,158.34,158.34,158.34,157.62,157.60,157.60,157.42,157.00,157.00,157.27,157.27,157.27,157.27,157.02,157.67,157.67,152.94,149.44,149.87,145.92,149.94,145.79,150.16,150.16,146.45,146.48,129.53,138.29,138.29,138.20,137.94,130.02,120.48,150.97,142.08,138.41,140.08,163.41,134.53,135.08,135.02,134.71,134.94,135.39,138.67,138.72,136.89,136.89,138.98,153.56,145.49,220.01,143.85,143.72,144.10,133.29,159.90,153.31,164.13,158.41,160.29,167.03,162.81,214.74,161.20,161.20,161.20,182.73,166.74,175.16,162.87,196.60
Clase,0.003092437,0941,Servicios de recreación y deportivos (S),116.65,117.85,117.85,117.85,117.85,163.30,137.33,150.19,127.59,127.59,127.59,127.59,127.59,137.89,124.93,124.93,120.59,121.22,126.54,136.56,126.82,126.84,136.79,276.21,276.35,275.44,272.69,273.34,273.98,273.86,297.12,252.59,273.61,323.41,273.61,273.61,274.21,274.21,274.21,251.92,239.02,255.01,246.45,239.71,242.54,255.42,269.43,262.24,262.24,258.42,243.64,250.77,260.29,260.29,255.50,249.82,262.78,262.78,284.84,386.68,386.68,267.17,247.94,247.94,247.94,247.94,247.94,247.94,247.94,245.86,245.80,245.80,245.26,244.07,244.07,244.84,244.84,244.84,244.84,244.10,245.97,245.97,232.28,232.28,232.76,221.32,232.98,228.82,241.48,241.48,230.71,230.82,181.66,207.07,207.07,206.80,206.06,183.08,155.42,243.83,218.04,207.43,207.43,275.05,191.35,192.93,192.77,191.87,192.52,193.82,203.33,202.74,196.47,196.47,202.52,244.79,221.41,437.42,216.64,216.28,217.36,186.02,263.17,244.08,275.44,258.85,264.29,283.83,271.59,422.14,266.94,266.94,266.94,329.34,282.99,307.41,271.77,369.57
Subclase,0.003092437,09411,Servicio de recreación y deportivos,116.65,117.85,117.85,117.85,117.85,163.30,137.33,150.19,127.59,127.59,127.59,127.59,127.59,137.89,124.93,124.93,120.59,121.22,126.54,136.56,126.82,126.84,136.79,276.21,276.35,275.44,272.69,273.34,273.98,273.86,297.12,252.59,273.61,323.41,273.61,273.61,274.21,274.21,274.21,251.92,239.02,255.01,246.45,239.71,242.54,255.42,269.43,262.24,262.24,258.42,243.64,250.77,260.29,260.29,255.50,249.82,262.78,262.78,284.84,386.68,386.68,267.17,247.94,247.94,247.94,247.94,247.94,247.94,247.94,245.86,245.80,245.80,245.26,244.07,244.07,244.84,244.84,244.84,244.84,244.10,245.97,245.97,232.28,232.28,232.76,221.32,232.98,228.82,241.48,241.48,230.71,230.82,181.66,207.07,207.07,206.80,206.06,183.08,155.42,243.83,218.04,207.43,207.43,275.05,191.35,192.93,192.77,191.87,192.52,193.82,203.33,202.74,196.47,196.47,202.52,244.79,221.41,437.42,216.64,216.28,217.36,186.02,263.17,244.08,275.44,258.85,264.29,283.83,271.59,422.14,266.94,266.94,266.94,329.34,282.99,307.41,271.77,369.57
Producto,0.000644939,09411289,ENTRADA A ESTADIOS DEPORTIVOS,150.94,150.94,150.94,150.94,150.94,301.89,213.47,256.16,181.13,181.13,181.13,181.13,181.13,213.47,165.35,165.35,150.94,150.94,165.35,198.42,165.35,165.35,198.42,661.40,661.40,661.40,661.40,661.40,661.40,661.40,739.46,591.57,661.40,826.75,661.40,661.40,661.40,661.40,661.40,597.64,554.80,597.64,597.64,565.21,565.21,597.64,643.79,620.29,620.29,631.93,584.81,609.38,621.46,621.46,598.77,580.85,615.25,615.25,690.91,1036.36,1036.36,639.50,575.65,575.65,575.65,575.65,575.65,575.65,575.65,575.65,575.65,575.65,575.65,575.65,575.65,575.65,575.65,575.65,575.65,575.65,575.65,575.65,530.18,530.18,530.18,492.18,533.33,517.08,560.76,560.76,519.69,519.69,358.88,440.81,440.81,440.81,440.81,367.34,275.51,569.08,483.45,445.33,445.33,669.89,391.94,391.94,391.94,391.94,391.94,391.94,421.17,419.23,413.69,413.69,413.69,553.92,478.22,1195.56,461.72,461.72,461.72,357.65,613.84,550.42,654.56,604.47,622.54,688.95,648.33,1148.25,628.92,628.92,628.92,838.56,686.81,767.88,649.55,974.32
Producto,0.000931613,09411290,GIMNASIO,104.98,104.98,104.98,104.98,104.98,104.98,104.98,104.98,104.98,104.98,104.98,104.98,104.98,104.98,104.98,104.98,104.98,104.98,104.98,104.98,106.01,106.01,106.01,106.01,106.01,102.21,104.98,104.98,104.98,104.98,102.21,102.21,102.21,102.21,102.21,102.21,104.98,104.98,104.98,104.98,104.98,104.98,104.98,104.98,104.98,104.98,104.98,104.98,104.98,104.98,102.21,102.21,95.56,95.56,104.98,104.98,104.98,104.98,104.98,104.98,104.98,104.98,104.98,104.98,104.98,104.98,104.98,104.98,104.98,96.02,97.75,97.75,94.78,94.78,94.78,94.78,94.78,94.78,94.78,91.39,94.78,94.78,94.78,94.78,94.78,94.78,91.39,94.78,87.40,87.40,94.78,94.78,91.39,94.78,94.78,94.78,91.39,87.40,87.40,87.40,87.40,91.39,91.39,91.39,91.39,96.31,95.56,91.39,91.39,93.86,93.86,93.86,93.86,93.86,91.80,89.47,86.79,86.79,88.45,86.79,91.80,91.80,91.80,91.80,91.80,84.88,84.88,82.73,82.73,82.73,82.73,82.73,82.73,82.73,79.71,79.71,79.71,79.71
Producto,0.001023095,09411291,PISCINA Y SITIOS DE RECREACIÓN,100.02,103.49,103.49,103.49,103.49,103.49,105.39,105.39,105.39,105.39,105.39,105.39,105.39,107.03,111.46,111.46,111.46,113.29,113.71,113.89,113.89,113.93,113.93,113.93,114.34,114.07,106.23,106.23,108.10,107.89,108.92,108.92,108.92,108.92,108.92,108.92,108.92,108.92,108.92,99.94,99.94,108.92,84.04,91.65,99.88,108.92,109.24,108.92,108.92,87.65,87.65,87.65,108.92,108.92,108.92,108.92,115.11,115.11,113.03,106.65,106.65,106.65,106.65,106.65,106.65,106.65,106.65,106.65,106.65,106.65,106.65,106.65,106.65,106.65,106.65,106.65,106.65,106.65,106.65,106.65,109.94,109.94,109.94,109.94,109.94,109.94,109.94,109.94,113.15,113.15,113.15,111.11,111.11,111.11,111.11,111.11,111.11,111.11,111.11,111.11,111.11,111.11,111.11,111.11,111.11,111.11,111.11,111.11,111.11,111.11,113.15,113.15,99.77,99.77,118.65,118.65,118.65,118.65,118.65,118.65,118.65,118.65,118.65,118.65,118.65,118.65,118.65,118.65,118.65,118.65,120.49,120.49,120.49,120.49,120.49,120.49,120.49,120.49
Producto,0.00049279,09411292,CLASES DE DEPORTE,101.66,101.66,101.66,101.66,101.66,101.66,101.66,101.66,101.66,101.66,101.66,101.66,101.66,101.66,101.66,101.66,101.66,101.66,107.68,107.68,107.68,107.68,107.68,107.68,107.68,107.68,102.98,107.68,107.68,107.30,107.30,107.30,107.30,107.30,107.30,107.30,107.30,107.30,107.30,107.30,107.30,107.30,107.30,110.26,110.26,110.26,110.26,110.26,110.26,110.26,110.26,108.35,108.35,108.35,108.35,106.31,109.70,109.70,109.70,109.70,109.70,109.70,109.70,109.70,109.70,109.70,109.70,109.70,109.70,108.63,105.52,105.52,106.29,97.61,97.61,103.21,103.21,103.21,103.21,103.21,103.21,103.21,103.21,103.21,106.71,106.71,106.71,106.71,106.71,106.71,106.71,112.62,112.62,112.62,112.62,110.68,110.68,110.68,110.68,110.68,110.68,110.68,110.68,110.68,110.68,114.44,114.44,114.44,119.18,124.72,124.72,124.72,124.72,124.72,124.72,128.63,128.63,128.63,127.47,127.47,127.47,127.47,127.47,127.47,127.47,127.47,127.47,127.47,127.47,127.47,131.47,131.47,131.47,126.24,126.24,126.24,126.24,126.24
Clase,0.009513549,0942,Servicios culturales (S),100.62,100.62,100.30,100.94,100.94,101.85,101.85,101.85,101.85,102.70,102.70,102.70,103.62,103.62,103.62,103.62,103.62,104.75,104.11,104.11,104.75,104.75,104.75,104.75,104.76,104.51,109.19,109.19,109.21,108.89,108.89,108.78,106.46,106.08,91.40,104.85,106.58,106.58,106.58,108.39,108.39,108.39,109.31,109.31,109.31,109.31,109.31,109.31,109.31,109.70,109.70,109.70,109.70,110.61,110.61,110.61,110.61,110.61,110.61,110.61,110.61,113.16,113.16,113.16,113.16,113.16,113.16,113.16,113.16,113.16,113.16,113.16,113.16,113.16,113.16,113.16,113.16,113.17,113.17,113.17,113.17,113.17,113.17,107.00,107.46,107.46,107.46,102.69,102.69,102.69,102.69,102.69,102.69,102.69,102.69,102.69,102.69,102.69,102.69,102.69,102.69,102.69,105.61,105.61,105.61,105.61,105.61,105.61,105.61,105.61,105.61,106.06,106.66,106.66,106.66,106.66,106.66,106.66,106.66,106.66,106.66,106.66,106.66,106.66,106.66,106.66,106.66,106.66,106.66,106.66,106.66,106.66,106.66,106.66,106.66,106.66,106.66,106.66
Subclase,0.009513549,09421,Servicio culturales,100.62,100.62,100.30,100.94,100.94,101.85,101.85,101.85,101.85,102.70,102.70,102.70,103.62,103.62,103.62,103.62,103.62,104.75,104.11,104.11,104.75,104.75,104.75,104.75,104.76,104.51,109.19,109.19,109.21,108.89,108.89,108.78,106.46,106.08,91.40,104.85,106.58,106.58,106.58,108.39,108.39,108.39,109.31,109.31,109.31,109.31,109.31,109.31,109.31,109.70,109.70,109.70,109.70,110.61,110.61,110.61,110.61,110.61,110.61,110.61,110.61,113.16,113.16,113.16,113.16,113.16,113.16,113.16,113.16,113.16,113.16,113.16,113.16,113.16,113.16,113.16,113.16,113.17,113.17,113.17,113.17,113.17,113.17,107.00,107.46,107.46,107.46,102.69,102.69,102.69,102.69,102.69,102.69,102.69,102.69,102.69,102.69,102.69,102.69,102.69,102.69,102.69,105.61,105.61,105.61,105.61,105.61,105.61,105.61,105.61,105.61,106.06,106.66,106.66,106.66,106.66,106.66,106.66,106.66,106.66,106.66,106.66,106.66,106.66,106.66,106.66,106.66,106.66,106.66,106.66,106.66,106.66,106.66,106.66,106.66,106.66,106.66,106.66
Producto,0.001898629,09421293,ENTRADA A CINE,102.96,102.96,102.96,102.96,102.96,107.87,107.87,107.87,107.87,107.87,107.87,107.87,112.77,112.77,112.77,112.77,112.77,112.77,112.77,112.77,112.77,112.77,112.77,112.77,112.77,112.77,112.77,112.77,112.77,117.67,117.67,117.67,117.67,117.67,39.03,117.67,117.67,117.67,117.67,117.67,117.67,117.67,122.57,122.57,122.57,122.57,122.57,122.57,122.57,122.57,122.57,122.57,122.57,127.48,127.48,127.48,127.48,127.48,127.48,127.48,127.48,127.48,127.48,127.48,127.48,127.48,127.48,127.48,127.48,127.48,127.48,127.48,127.48,127.48,127.48,127.48,127.48,127.48,127.48,127.48,127.48,127.48,127.48,127.48,127.48,127.48,127.48,127.48,127.48,127.48,127.48,127.48,127.48,127.48,127.48,127.48,127.48,127.48,127.48,127.48,127.48,127.48,143.17,143.17,143.17,143.17,143.17,143.17,143.17,143.17,143.17,139.24,139.24,139.24,139.24,139.24,139.24,139.24,139.24,139.24,139.24,139.24,139.24,139.24,139.24,139.24,139.24,139.24,139.24,139.24,139.24,139.24,139.24,139.24,139.24,139.24,139.24,139.24
Producto,0.001687345,09421294,ENTRADA A DISCOTECA,104.20,104.20,104.20,108.07,108.07,108.07,108.07,108.07,108.07,108.07,108.07,108.07,108.07,108.07,108.07,108.07,108.07,108.07,104.20,104.20,108.07,108.07,108.07,108.07,108.07,108.07,108.07,108.07,108.07,108.07,108.07,108.07,94.08,94.08,94.08,90.71,90.71,90.71,90.71,90.71,90.71,90.71,90.71,90.71,90.71,90.71,90.71,90.71,90.71,81.90,81.90,81.90,81.90,81.90,81.90,81.90,81.90,81.90,81.90,81.90,81.90,81.90,81.90,81.90,81.90,81.90,81.90,81.90,81.90,81.90,81.90,81.90,81.90,81.90,81.90,81.90,81.90,81.90,81.90,81.90,81.90,81.90,81.90,73.26,76.03,76.03,76.03,76.03,76.03,76.03,76.03,76.03,76.03,76.03,76.03,76.03,76.03,76.03,76.03,76.03,76.03,76.03,76.03,76.03,76.03,76.03,76.03,76.03,76.03,76.03,76.03,76.03,76.03,76.03,76.03,76.03,76.03,76.03,76.03,76.03,76.03,76.03,76.03,76.03,76.03,76.03,76.03,76.03,76.03,76.03,76.03,76.03,76.03,76.03,76.03,76.03,76.03,76.03
Producto,0.005927575,09421295,GASTO EN TARIFA DE TELEVISIÓN PAGADA,99.03,99.03,98.53,98.53,98.53,98.53,98.53,98.53,98.53,99.84,99.84,99.84,99.84,99.84,99.84,99.84,99.84,101.59,101.59,101.59,101.59,101.59,101.59,101.59,101.60,101.22,108.44,108.44,108.48,106.57,106.57,106.39,106.39,105.81,105.81,104.77,107.44,107.44,107.44,110.24,110.24,110.24,110.24,110.24,110.24,110.24,110.24,110.24,110.24,113.10,113.10,113.10,113.10,113.10,113.10,113.10,113.10,113.10,113.10,113.10,113.10,117.02,117.02,117.02,117.02,117.02,117.02,117.02,117.02,117.02,117.02,117.02,117.02,117.02,117.02,117.02,117.02,117.04,117.04,117.04,117.04,117.04,117.04,109.73,109.73,109.73,109.73,102.35,102.35,102.35,102.35,102.35,102.35,102.35,102.35,102.35,102.35,102.35,102.35,102.35,102.35,102.35,102.35,102.35,102.35,102.35,102.35,102.35,102.35,102.35,102.35,104.17,105.09,105.09,105.09,105.09,105.09,105.09,105.09,105.09,105.09,105.09,105.09,105.09,105.09,105.09,105.09,105.09,105.09,105.09,105.09,105.09,105.09,105.09,105.09,105.09,105.09,105.09
Clase,0.001827335,0943,Juegos de azar (S),98.06,98.06,98.06,98.06,98.06,98.06,98.06,98.06,98.06,98.06,98.06,98.06,98.06,98.06,98.06,98.06,98.06,98.06,98.06,98.06,98.06,98.06,98.06,98.06,98.06,98.06,98.06,98.06,98.06,98.06,98.06,98.06,98.06,98.06,98.06,98.06,98.06,98.06,98.06,98.06,98.06,98.06,98.06,98.06,98.06,98.06,98.06,98.06,98.06,98.06,98.06,98.06,98.06,98.06,98.06,98.06,98.06,98.06,98.06,98.06,98.06,98.06,98.06,98.06,98.06,98.06,98.06,98.06,98.06,98.06,98.06,98.06,98.06,98.06,98.06,98.06,98.06,98.06,98.06,98.06,98.06,98.06,98.06,98.06,98.06,98.06,98.06,98.06,98.06,98.06,98.06,98.06,98.06,98.06,98.06,98.06,98.06,98.06,98.06,98.06,98.06,98.06,98.06,98.06,98.06,98.06,98.06,98.06,98.06,98.06,98.06,98.06,98.06,98.06,98.06,98.06,98.06,98.06,98.06,98.06,98.06,98.06,98.06,98.06,98.06,98.06,98.06,98.06,98.06,98.06,98.06,98.06,98.06,98.06,98.06,98.06,98.06,98.06
Subclase,0.001827335,09431,Juegos de azar,98.06,98.06,98.06,98.06,98.06,98.06,98.06,98.06,98.06,98.06,98.06,98.06,98.06,98.06,98.06,98.06,98.06,98.06,98.06,98.06,98.06,98.06,98.06,98.06,98.06,98.06,98.06,98.06,98.06,98.06,98.06,98.06,98.06,98.06,98.06,98.06,98.06,98.06,98.06,98.06,98.06,98.06,98.06,98.06,98.06,98.06,98.06,98.06,98.06,98.06,98.06,98.06,98.06,98.06,98.06,98.06,98.06,98.06,98.06,98.06,98.06,98.06,98.06,98.06,98.06,98.06,98.06,98.06,98.06,98.06,98.06,98.06,98.06,98.06,98.06,98.06,98.06,98.06,98.06,98.06,98.06,98.06,98.06,98.06,98.06,98.06,98.06,98.06,98.06,98.06,98.06,98.06,98.06,98.06,98.06,98.06,98.06,98.06,98.06,98.06,98.06,98.06,98.06,98.06,98.06,98.06,98.06,98.06,98.06,98.06,98.06,98.06,98.06,98.06,98.06,98.06,98.06,98.06,98.06,98.06,98.06,98.06,98.06,98.06,98.06,98.06,98.06,98.06,98.06,98.06,98.06,98.06,98.06,98.06,98.06,98.06,98.06,98.06
Producto,0.001827335,09431296,BILLETE DE  LOTERÍA,98.06,98.06,98.06,98.06,98.06,98.06,98.06,98.06,98.06,98.06,98.06,98.06,98.06,98.06,98.06,98.06,98.06,98.06,98.06,98.06,98.06,98.06,98.06,98.06,98.06,98.06,98.06,98.06,98.06,98.06,98.06,98.06,98.06,98.06,98.06,98.06,98.06,98.06,98.06,98.06,98.06,98.06,98.06,98.06,98.06,98.06,98.06,98.06,98.06,98.06,98.06,98.06,98.06,98.06,98.06,98.06,98.06,98.06,98.06,98.06,98.06,98.06,98.06,98.06,98.06,98.06,98.06,98.06,98.06,98.06,98.06,98.06,98.06,98.06,98.06,98.06,98.06,98.06,98.06,98.06,98.06,98.06,98.06,98.06,98.06,98.06,98.06,98.06,98.06,98.06,98.06,98.06,98.06,98.06,98.06,98.06,98.06,98.06,98.06,98.06,98.06,98.06,98.06,98.06,98.06,98.06,98.06,98.06,98.06,98.06,98.06,98.06,98.06,98.06,98.06,98.06,98.06,98.06,98.06,98.06,98.06,98.06,98.06,98.06,98.06,98.06,98.06,98.06,98.06,98.06,98.06,98.06,98.06,98.06,98.06,98.06,98.06,98.06
Grupo,0.014440807,095,"Periódicos, libros y papeles y útiles de oficina",99.27,99.45,99.45,99.49,99.23,99.23,99.26,99.31,100.55,100.31,100.29,100.29,100.17,100.17,100.28,100.52,100.52,100.48,100.74,100.71,103.78,103.44,100.95,101.09,100.86,100.86,100.67,100.65,100.72,100.70,100.67,100.67,99.56,99.63,100.09,99.98,99.99,102.56,102.38,102.44,102.44,102.44,102.44,102.44,102.95,103.23,103.23,103.23,103.23,103.23,103.23,103.30,103.30,103.30,103.30,103.30,103.13,103.29,103.27,103.27,103.27,103.27,103.33,103.33,103.32,103.32,103.32,103.32,103.41,103.24,103.17,103.31,102.85,102.85,102.69,102.80,102.83,102.83,102.83,102.95,101.33,101.31,101.38,101.34,101.34,101.34,101.37,101.37,101.37,101.37,101.48,101.33,100.76,101.28,101.74,101.78,101.78,101.55,101.55,101.55,101.55,101.67,101.64,101.47,100.91,101.07,101.11,101.35,101.35,101.35,101.35,101.73,101.73,102.26,102.26,102.25,101.63,101.75,101.59,101.59,101.59,101.55,101.55,101.55,101.55,101.55,101.55,101.55,100.86,100.70,100.86,100.86,100.86,100.75,100.75,100.75,100.91,102.66
Clase,0.008312593,0951,Libros (SD),99.05,99.37,99.37,99.45,98.98,98.98,99.02,99.12,99.80,98.60,98.66,98.66,98.45,98.45,98.65,99.16,99.16,99.16,99.55,99.50,104.09,105.33,101.75,102.01,101.59,101.59,101.22,101.22,101.31,101.31,101.31,101.31,97.72,97.70,97.72,97.62,97.64,97.91,97.58,97.69,97.69,97.69,97.69,97.69,98.71,98.75,98.75,98.75,98.75,98.75,98.75,98.87,98.87,98.87,98.87,98.87,98.40,98.83,98.83,98.83,98.83,98.83,98.94,98.94,98.91,98.91,98.91,98.92,99.39,99.39,99.25,99.51,99.51,99.51,99.22,99.41,99.47,99.47,99.47,99.47,96.80,96.34,96.34,96.27,96.27,96.27,96.33,96.33,96.33,96.33,96.33,96.06,94.60,94.60,95.30,95.36,95.36,94.95,94.95,94.95,94.95,95.16,95.12,94.82,95.23,95.32,95.28,95.71,95.71,95.71,95.71,95.71,95.71,95.71,95.71,95.71,94.68,94.68,94.68,94.68,94.68,94.59,94.59,94.59,94.59,94.59,94.59,94.59,93.92,93.99,93.99,93.99,93.99,93.99,93.99,93.99,93.99,93.88
Subclase,0.008312593,09511,Libros,99.05,99.37,99.37,99.45,98.98,98.98,99.02,99.12,99.80,98.60,98.66,98.66,98.45,98.45,98.65,99.16,99.16,99.16,99.55,99.50,104.09,105.33,101.75,102.01,101.59,101.59,101.22,101.22,101.31,101.31,101.31,101.31,97.72,97.70,97.72,97.62,97.64,97.91,97.58,97.69,97.69,97.69,97.69,97.69,98.71,98.75,98.75,98.75,98.75,98.75,98.75,98.87,98.87,98.87,98.87,98.87,98.40,98.83,98.83,98.83,98.83,98.83,98.94,98.94,98.91,98.91,98.91,98.92,99.39,99.39,99.25,99.51,99.51,99.51,99.22,99.41,99.47,99.47,99.47,99.47,96.80,96.34,96.34,96.27,96.27,96.27,96.33,96.33,96.33,96.33,96.33,96.06,94.60,94.60,95.30,95.36,95.36,94.95,94.95,94.95,94.95,95.16,95.12,94.82,95.23,95.32,95.28,95.71,95.71,95.71,95.71,95.71,95.71,95.71,95.71,95.71,94.68,94.68,94.68,94.68,94.68,94.59,94.59,94.59,94.59,94.59,94.59,94.59,93.92,93.99,93.99,93.99,93.99,93.99,93.99,93.99,93.99,93.88
Producto,0.001081267,09511297,LIBROS Y ENCICLOPEDIAS,110.36,112.43,112.43,112.98,109.88,109.88,110.17,110.84,110.30,110.84,111.20,111.20,109.81,109.81,111.11,114.50,114.50,114.50,117.09,116.75,114.96,115.73,115.73,117.43,114.68,114.68,112.24,112.24,112.81,112.81,112.81,112.81,112.81,112.81,112.81,112.12,112.26,114.04,111.87,112.57,112.57,112.57,112.57,112.57,115.03,111.40,111.40,111.40,111.40,111.40,111.40,112.16,112.16,112.16,112.16,112.16,112.36,112.36,112.36,112.36,112.36,112.36,113.05,113.05,112.87,112.87,112.87,112.93,112.93,112.92,112.92,114.60,114.60,114.60,112.69,113.93,114.39,114.39,114.39,114.39,112.72,112.72,112.72,112.27,112.27,112.27,112.68,112.68,112.68,112.68,112.68,110.90,110.90,110.90,110.90,111.29,111.29,108.58,108.58,108.58,108.58,110.01,109.70,107.71,107.71,108.32,108.07,110.88,110.88,110.88,110.88,110.88,110.88,110.88,110.88,110.88,110.88,110.88,110.88,110.88,110.88,110.34,110.34,110.34,110.34,110.34,110.34,110.34,112.30,111.44,111.44,111.44,111.44,111.44,111.44,111.44,111.44,110.74
Producto,0.007231326,09511298,TEXTOS DE ENSEÑANZA DE TODO NIVEL EDUCATIVO,97.03,97.03,97.03,97.03,97.03,97.03,97.03,97.03,97.93,96.41,96.42,96.42,96.42,96.42,96.42,96.42,96.42,96.42,96.42,96.42,102.15,103.48,99.25,99.25,99.25,99.25,99.25,99.25,99.25,99.25,99.25,99.25,95.03,95.00,95.03,95.03,95.03,95.03,95.03,95.03,95.03,95.03,95.03,95.03,95.79,96.49,96.49,96.49,96.49,96.49,96.49,96.49,96.49,96.49,96.49,96.49,95.90,96.42,96.42,96.42,96.42,96.42,96.42,96.42,96.42,96.42,96.42,96.42,96.97,96.97,96.81,96.81,96.81,96.81,96.81,96.81,96.81,96.81,96.81,96.81,93.95,93.41,93.41,93.41,93.41,93.41,93.41,93.41,93.41,93.41,93.41,93.41,91.69,91.69,92.51,92.51,92.51,92.51,92.51,92.51,92.51,92.51,92.51,92.51,93.00,93.00,93.00,93.00,93.00,93.00,93.00,93.00,93.00,93.00,93.00,93.00,91.78,91.78,91.78,91.78,91.78,91.78,91.78,91.78,91.78,91.78,91.78,91.78,90.64,90.87,90.87,90.87,90.87,90.87,90.87,90.87,90.87,90.87
Clase,0.00347219,0952,Diarios y periódicos (ND),100.65,100.65,100.65,100.65,100.65,100.65,100.65,100.65,100.65,100.65,100.65,100.65,100.65,100.65,100.65,100.47,100.47,100.29,100.47,100.47,100.47,100.47,100.64,100.64,100.64,100.64,100.70,100.64,100.70,100.64,100.50,100.50,100.50,100.35,100.35,100.14,100.14,109.70,109.70,109.70,109.70,109.70,109.70,109.70,109.70,109.70,109.70,109.70,109.70,109.70,109.70,109.70,109.70,109.70,109.70,109.70,109.70,109.70,109.70,109.70,109.70,109.70,109.70,109.70,109.70,109.70,109.70,109.70,109.70,109.70,109.73,109.73,107.93,107.93,107.93,107.93,107.93,107.93,107.93,108.37,108.37,108.37,108.37,108.37,108.37,108.37,108.37,108.37,108.37,108.37,108.81,108.81,108.81,108.81,108.81,108.81,108.81,108.81,108.81,108.81,108.81,108.81,108.81,108.81,108.81,108.81,108.81,108.81,108.81,108.81,108.81,110.31,110.31,112.38,112.38,112.36,112.36,112.36,111.74,111.74,111.74,111.74,111.74,111.74,111.74,111.74,111.74,111.74,111.74,111.74,111.74,111.74,111.74,111.29,111.29,111.29,111.94,119.07
Subclase,0.00347219,09521,Diarios y periódicos,100.65,100.65,100.65,100.65,100.65,100.65,100.65,100.65,100.65,100.65,100.65,100.65,100.65,100.65,100.65,100.47,100.47,100.29,100.47,100.47,100.47,100.47,100.64,100.64,100.64,100.64,100.70,100.64,100.70,100.64,100.50,100.50,100.50,100.35,100.35,100.14,100.14,109.70,109.70,109.70,109.70,109.70,109.70,109.70,109.70,109.70,109.70,109.70,109.70,109.70,109.70,109.70,109.70,109.70,109.70,109.70,109.70,109.70,109.70,109.70,109.70,109.70,109.70,109.70,109.70,109.70,109.70,109.70,109.70,109.70,109.73,109.73,107.93,107.93,107.93,107.93,107.93,107.93,107.93,108.37,108.37,108.37,108.37,108.37,108.37,108.37,108.37,108.37,108.37,108.37,108.81,108.81,108.81,108.81,108.81,108.81,108.81,108.81,108.81,108.81,108.81,108.81,108.81,108.81,108.81,108.81,108.81,108.81,108.81,108.81,108.81,110.31,110.31,112.38,112.38,112.36,112.36,112.36,111.74,111.74,111.74,111.74,111.74,111.74,111.74,111.74,111.74,111.74,111.74,111.74,111.74,111.74,111.74,111.29,111.29,111.29,111.94,119.07
Producto,0.00347219,09521299,PERIÓDICOS Y REVISTAS,100.65,100.65,100.65,100.65,100.65,100.65,100.65,100.65,100.65,100.65,100.65,100.65,100.65,100.65,100.65,100.47,100.47,100.29,100.47,100.47,100.47,100.47,100.64,100.64,100.64,100.64,100.70,100.64,100.70,100.64,100.50,100.50,100.50,100.35,100.35,100.14,100.14,109.70,109.70,109.70,109.70,109.70,109.70,109.70,109.70,109.70,109.70,109.70,109.70,109.70,109.70,109.70,109.70,109.70,109.70,109.70,109.70,109.70,109.70,109.70,109.70,109.70,109.70,109.70,109.70,109.70,109.70,109.70,109.70,109.70,109.73,109.73,107.93,107.93,107.93,107.93,107.93,107.93,107.93,108.37,108.37,108.37,108.37,108.37,108.37,108.37,108.37,108.37,108.37,108.37,108.81,108.81,108.81,108.81,108.81,108.81,108.81,108.81,108.81,108.81,108.81,108.81,108.81,108.81,108.81,108.81,108.81,108.81,108.81,108.81,108.81,110.31,110.31,112.38,112.38,112.36,112.36,112.36,111.74,111.74,111.74,111.74,111.74,111.74,111.74,111.74,111.74,111.74,111.74,111.74,111.74,111.74,111.74,111.29,111.29,111.29,111.94,119.07
Clase,0.002656024,0954,Papel y útiles de oficina y materiales de dibujo (ND),98.08,98.08,98.08,98.08,98.08,98.08,98.08,98.08,102.62,104.92,104.64,104.64,104.64,104.64,104.64,104.64,104.64,104.64,104.64,104.64,107.34,101.86,98.99,98.99,98.99,98.99,98.99,98.99,98.99,98.99,98.99,98.99,103.74,104.38,106.74,106.74,106.74,106.74,106.74,106.74,106.74,106.74,106.74,106.74,106.41,107.80,107.80,107.80,107.80,107.80,107.80,107.80,107.80,107.80,107.80,107.80,108.32,107.86,107.77,107.77,107.77,107.77,107.77,107.77,107.77,107.77,107.77,107.77,106.85,105.93,105.93,105.93,105.93,105.93,105.93,105.93,105.93,105.93,105.93,105.93,105.31,106.57,106.90,106.90,106.90,106.90,106.90,106.90,106.90,106.90,106.90,106.90,108.18,110.92,111.33,111.33,111.33,111.33,111.33,111.33,111.33,111.33,111.33,111.33,107.12,107.68,108.03,108.03,108.03,108.03,108.03,108.03,108.03,108.03,108.03,108.03,107.77,108.42,108.42,108.42,108.42,108.42,108.42,108.42,108.42,108.42,108.42,108.42,106.78,105.73,106.58,106.58,106.58,106.58,106.58,106.58,106.58,106.58
Subclase,0.002656024,09541,Papel y útiles de oficina y materiales de dibujo,98.08,98.08,98.08,98.08,98.08,98.08,98.08,98.08,102.62,104.92,104.64,104.64,104.64,104.64,104.64,104.64,104.64,104.64,104.64,104.64,107.34,101.86,98.99,98.99,98.99,98.99,98.99,98.99,98.99,98.99,98.99,98.99,103.74,104.38,106.74,106.74,106.74,106.74,106.74,106.74,106.74,106.74,106.74,106.74,106.41,107.80,107.80,107.80,107.80,107.80,107.80,107.80,107.80,107.80,107.80,107.80,108.32,107.86,107.77,107.77,107.77,107.77,107.77,107.77,107.77,107.77,107.77,107.77,106.85,105.93,105.93,105.93,105.93,105.93,105.93,105.93,105.93,105.93,105.93,105.93,105.31,106.57,106.90,106.90,106.90,106.90,106.90,106.90,106.90,106.90,106.90,106.90,108.18,110.92,111.33,111.33,111.33,111.33,111.33,111.33,111.33,111.33,111.33,111.33,107.12,107.68,108.03,108.03,108.03,108.03,108.03,108.03,108.03,108.03,108.03,108.03,107.77,108.42,108.42,108.42,108.42,108.42,108.42,108.42,108.42,108.42,108.42,108.42,106.78,105.73,106.58,106.58,106.58,106.58,106.58,106.58,106.58,106.58
Producto,0.001028735,09541300,CUADERNOS,100.61,100.61,100.61,100.61,100.61,100.61,100.61,100.61,99.24,99.24,99.24,99.24,99.24,99.24,99.24,99.24,99.24,99.24,99.24,99.24,100.00,90.90,90.90,90.90,90.90,90.90,90.90,90.90,90.90,90.90,90.90,90.90,98.64,100.25,102.86,102.86,102.86,102.86,102.86,102.86,102.86,102.86,102.86,102.86,98.90,100.86,100.86,100.86,100.86,100.86,100.86,100.86,100.86,100.86,100.86,100.86,98.64,98.64,98.64,98.64,98.64,98.64,98.64,98.64,98.64,98.64,98.64,98.64,95.76,94.49,94.49,94.49,94.49,94.49,94.49,94.49,94.49,94.49,94.49,94.49,95.76,95.76,95.76,95.76,95.76,95.76,95.76,95.76,95.76,95.76,95.76,95.76,95.76,101.60,101.60,101.60,101.60,101.60,101.60,101.60,101.60,101.60,101.60,101.60,87.62,89.17,89.17,89.17,89.17,89.17,89.17,89.17,89.17,89.17,89.17,89.17,89.17,85.87,85.87,85.87,85.87,85.87,85.87,85.87,85.87,85.87,85.87,85.87,80.96,80.96,80.96,80.96,80.96,80.96,80.96,80.96,80.96,80.96
Producto,0.000636456,09541301,BOLÍGRAFOS,98.06,98.06,98.06,98.06,98.06,98.06,98.06,98.06,112.60,115.53,115.53,115.53,115.53,115.53,115.53,115.53,115.53,115.53,115.53,115.53,122.72,120.02,117.38,117.38,117.38,117.38,117.38,117.38,117.38,117.38,117.38,117.38,116.47,116.47,116.47,116.47,116.47,116.47,116.47,116.47,116.47,116.47,116.47,116.47,116.47,116.47,116.47,116.47,116.47,116.47,116.47,116.47,116.47,116.47,116.47,116.47,117.34,115.40,115.40,115.40,115.40,115.40,115.40,115.40,115.40,115.40,115.40,115.40,115.40,113.49,113.49,113.49,113.49,113.49,113.49,113.49,113.49,113.49,113.49,113.49,115.40,115.40,115.40,115.40,115.40,115.40,115.40,115.40,115.40,115.40,115.40,115.40,117.34,117.34,117.34,117.34,117.34,117.34,117.34,117.34,117.34,117.34,117.34,117.34,117.34,117.34,117.34,117.34,117.34,117.34,117.34,117.34,117.34,117.34,117.34,117.34,119.63,123.13,123.13,123.13,123.13,123.13,123.13,123.13,123.13,123.13,123.13,123.13,123.13,123.13,123.49,123.49,123.49,123.49,123.49,123.49,123.49,123.49
Producto,0.000990832,09541302,ÚTILES ESCOLARES,95.82,95.82,95.82,95.82,95.82,95.82,95.82,95.82,99.72,103.69,103.01,103.01,103.01,103.01,103.01,103.01,103.01,103.01,103.01,103.01,104.76,100.88,95.31,95.31,95.31,95.31,95.31,95.31,95.31,95.31,95.31,95.31,100.74,100.90,104.44,104.44,104.44,104.44,104.44,104.44,104.44,104.44,104.44,104.44,107.15,108.85,108.85,108.85,108.85,108.85,108.85,108.85,108.85,108.85,108.85,108.85,111.63,111.63,111.41,111.41,111.41,111.41,111.41,111.41,111.41,111.41,111.41,111.41,111.68,111.68,111.68,111.68,111.68,111.68,111.68,111.68,111.68,111.68,111.68,111.68,107.86,110.99,111.81,111.81,111.81,111.81,111.81,111.81,111.81,111.81,111.81,111.81,113.84,115.44,116.45,116.45,116.45,116.45,116.45,116.45,116.45,116.45,116.45,116.45,118.49,118.49,119.37,119.37,119.37,119.37,119.37,119.37,119.37,119.37,119.37,119.37,117.37,119.87,119.87,119.87,119.87,119.87,119.87,119.87,119.87,119.87,119.87,119.87,120.17,117.57,119.46,119.46,119.46,119.46,119.46,119.46,119.46,119.46
Grupo,0.002125104,096,Paquetes turísticos,103.92,109.98,109.98,109.98,117.28,120.20,116.45,117.30,109.86,109.57,117.58,118.72,110.69,100.91,108.08,97.43,101.34,107.12,111.64,114.58,104.11,103.83,98.79,103.79,86.09,87.60,94.53,94.02,97.87,100.06,115.14,95.67,100.36,98.12,96.13,111.85,102.98,101.59,101.95,101.95,99.21,104.99,107.03,107.77,101.17,98.67,97.25,117.32,99.22,104.03,100.42,102.04,103.16,103.42,103.88,101.93,99.84,101.35,97.17,112.64,111.54,110.26,108.87,108.87,108.87,108.87,108.87,108.87,95.31,101.64,99.89,101.38,95.95,87.16,87.58,95.87,83.74,88.56,88.63,89.02,85.69,81.12,80.49,91.86,75.22,75.55,75.63,79.43,75.95,66.20,73.14,75.66,74.57,78.29,78.97,86.00,71.02,85.11,76.11,81.67,83.21,83.13,82.90,84.84,81.07,82.80,80.89,86.88,80.82,76.57,76.49,79.05,78.11,77.75,80.09,78.53,75.15,74.27,74.27,80.12,74.98,75.33,75.25,77.77,76.35,75.42,80.18,80.25,74.19,74.19,80.60,84.37,79.20,81.94,82.14,81.21,81.21,81.66
Clase,0.002125104,0960,Paquetes turísticos (S),103.92,109.98,109.98,109.98,117.28,120.20,116.45,117.30,109.86,109.57,117.58,118.72,110.69,100.91,108.08,97.43,101.34,107.12,111.64,114.58,104.11,103.83,98.79,103.79,86.09,87.60,94.53,94.02,97.87,100.06,115.14,95.67,100.36,98.12,96.13,111.85,102.98,101.59,101.95,101.95,99.21,104.99,107.03,107.77,101.17,98.67,97.25,117.32,99.22,104.03,100.42,102.04,103.16,103.42,103.88,101.93,99.84,101.35,97.17,112.64,111.54,110.26,108.87,108.87,108.87,108.87,108.87,108.87,95.31,101.64,99.89,101.38,95.95,87.16,87.58,95.87,83.74,88.56,88.63,89.02,85.69,81.12,80.49,91.86,75.22,75.55,75.63,79.43,75.95,66.20,73.14,75.66,74.57,78.29,78.97,86.00,71.02,85.11,76.11,81.67,83.21,83.13,82.90,84.84,81.07,82.80,80.89,86.88,80.82,76.57,76.49,79.05,78.11,77.75,80.09,78.53,75.15,74.27,74.27,80.12,74.98,75.33,75.25,77.77,76.35,75.42,80.18,80.25,74.19,74.19,80.60,84.37,79.20,81.94,82.14,81.21,81.21,81.66
Subclase,0.002125104,09601,Paquetes turísticos,103.92,109.98,109.98,109.98,117.28,120.20,116.45,117.30,109.86,109.57,117.58,118.72,110.69,100.91,108.08,97.43,101.34,107.12,111.64,114.58,104.11,103.83,98.79,103.79,86.09,87.60,94.53,94.02,97.87,100.06,115.14,95.67,100.36,98.12,96.13,111.85,102.98,101.59,101.95,101.95,99.21,104.99,107.03,107.77,101.17,98.67,97.25,117.32,99.22,104.03,100.42,102.04,103.16,103.42,103.88,101.93,99.84,101.35,97.17,112.64,111.54,110.26,108.87,108.87,108.87,108.87,108.87,108.87,95.31,101.64,99.89,101.38,95.95,87.16,87.58,95.87,83.74,88.56,88.63,89.02,85.69,81.12,80.49,91.86,75.22,75.55,75.63,79.43,75.95,66.20,73.14,75.66,74.57,78.29,78.97,86.00,71.02,85.11,76.11,81.67,83.21,83.13,82.90,84.84,81.07,82.80,80.89,86.88,80.82,76.57,76.49,79.05,78.11,77.75,80.09,78.53,75.15,74.27,74.27,80.12,74.98,75.33,75.25,77.77,76.35,75.42,80.18,80.25,74.19,74.19,80.60,84.37,79.20,81.94,82.14,81.21,81.21,81.66
Producto,0.002125104,09601303,PAQUETE DE VACACIONES,103.92,109.98,109.98,109.98,117.28,120.20,116.45,117.30,109.86,109.57,117.58,118.72,110.69,100.91,108.08,97.43,101.34,107.12,111.64,114.58,104.11,103.83,98.79,103.79,86.09,87.60,94.53,94.02,97.87,100.06,115.14,95.67,100.36,98.12,96.13,111.85,102.98,101.59,101.95,101.95,99.21,104.99,107.03,107.77,101.17,98.67,97.25,117.32,99.22,104.03,100.42,102.04,103.16,103.42,103.88,101.93,99.84,101.35,97.17,112.64,111.54,110.26,108.87,108.87,108.87,108.87,108.87,108.87,95.31,101.64,99.89,101.38,95.95,87.16,87.58,95.87,83.74,88.56,88.63,89.02,85.69,81.12,80.49,91.86,75.22,75.55,75.63,79.43,75.95,66.20,73.14,75.66,74.57,78.29,78.97,86.00,71.02,85.11,76.11,81.67,83.21,83.13,82.90,84.84,81.07,82.80,80.89,86.88,80.82,76.57,76.49,79.05,78.11,77.75,80.09,78.53,75.15,74.27,74.27,80.12,74.98,75.33,75.25,77.77,76.35,75.42,80.18,80.25,74.19,74.19,80.60,84.37,79.20,81.94,82.14,81.21,81.21,81.66
División,0.050917213,10,Educación,99.68,99.68,99.68,99.96,100.23,100.23,100.23,100.23,101.92,101.60,101.60,101.27,100.95,101.11,101.11,101.11,100.68,100.68,100.68,101.11,104.65,104.65,104.65,104.65,104.65,104.65,104.65,104.65,104.65,104.65,104.65,104.65,107.74,104.01,104.01,104.01,104.01,104.01,104.01,104.01,104.01,104.01,104.01,104.01,105.89,105.80,105.80,105.80,105.80,105.80,105.80,105.80,106.30,106.30,106.30,106.30,111.30,112.00,111.78,111.78,111.78,111.78,111.78,111.78,111.78,111.78,111.78,111.78,110.44,110.44,110.44,109.13,109.13,109.55,109.55,109.55,109.55,109.55,109.55,107.41,108.35,108.35,108.35,109.38,109.38,110.39,109.37,109.90,109.90,110.39,110.39,110.39,115.49,115.49,115.49,115.49,115.49,115.49,115.49,115.49,115.00,115.00,115.43,115.43,115.40,115.40,115.40,115.40,115.40,115.91,115.91,115.91,115.91,116.38,116.38,116.38,120.63,120.30,120.30,120.30,120.30,120.74,120.74,120.30,120.74,120.74,120.74,120.74,124.38,124.23,124.23,124.23,124.23,124.23,124.23,124.23,124.23,124.23
Grupo,0.01460889,101,Enseñanza preescolar y enseñanza primaria,100.96,100.96,100.96,100.96,100.96,100.96,100.96,100.96,106.76,106.76,106.76,106.76,106.76,106.76,106.76,106.76,106.76,106.76,106.76,106.76,112.69,112.69,112.69,112.69,112.69,112.69,112.69,112.69,112.69,112.69,112.69,112.69,122.00,122.00,122.00,122.00,122.00,122.00,122.00,122.00,122.00,122.00,122.00,122.00,124.59,124.59,124.59,124.59,124.59,124.59,124.59,124.59,124.59,124.59,124.59,124.59,133.97,133.38,132.79,132.79,132.79,132.79,132.79,132.79,132.79,132.79,132.79,132.79,130.41,130.41,130.41,130.41,130.41,130.41,130.41,130.41,130.41,130.41,130.41,130.41,131.87,131.87,131.87,131.87,131.87,131.87,131.87,131.87,131.87,131.87,131.87,131.87,149.23,149.23,149.23,149.23,149.23,149.23,149.23,149.23,149.23,149.23,149.23,149.23,151.26,151.26,151.26,151.26,151.26,151.26,151.26,151.26,151.26,151.26,151.26,151.26,158.55,157.73,157.73,157.73,157.73,157.73,157.73,157.73,157.73,157.73,157.73,157.73,163.55,163.15,163.15,163.15,163.15,163.15,163.15,163.15,163.15,163.15
Clase,0.01460889,1010,Enseñanza preescolar y enseñanza primaria (S),100.96,100.96,100.96,100.96,100.96,100.96,100.96,100.96,106.76,106.76,106.76,106.76,106.76,106.76,106.76,106.76,106.76,106.76,106.76,106.76,112.69,112.69,112.69,112.69,112.69,112.69,112.69,112.69,112.69,112.69,112.69,112.69,122.00,122.00,122.00,122.00,122.00,122.00,122.00,122.00,122.00,122.00,122.00,122.00,124.59,124.59,124.59,124.59,124.59,124.59,124.59,124.59,124.59,124.59,124.59,124.59,133.97,133.38,132.79,132.79,132.79,132.79,132.79,132.79,132.79,132.79,132.79,132.79,130.41,130.41,130.41,130.41,130.41,130.41,130.41,130.41,130.41,130.41,130.41,130.41,131.87,131.87,131.87,131.87,131.87,131.87,131.87,131.87,131.87,131.87,131.87,131.87,149.23,149.23,149.23,149.23,149.23,149.23,149.23,149.23,149.23,149.23,149.23,149.23,151.26,151.26,151.26,151.26,151.26,151.26,151.26,151.26,151.26,151.26,151.26,151.26,158.55,157.73,157.73,157.73,157.73,157.73,157.73,157.73,157.73,157.73,157.73,157.73,163.55,163.15,163.15,163.15,163.15,163.15,163.15,163.15,163.15,163.15
Subclase,0.01460889,10101,Enseñanza preescolar y enseñanza primaria,100.96,100.96,100.96,100.96,100.96,100.96,100.96,100.96,106.76,106.76,106.76,106.76,106.76,106.76,106.76,106.76,106.76,106.76,106.76,106.76,112.69,112.69,112.69,112.69,112.69,112.69,112.69,112.69,112.69,112.69,112.69,112.69,122.00,122.00,122.00,122.00,122.00,122.00,122.00,122.00,122.00,122.00,122.00,122.00,124.59,124.59,124.59,124.59,124.59,124.59,124.59,124.59,124.59,124.59,124.59,124.59,133.97,133.38,132.79,132.79,132.79,132.79,132.79,132.79,132.79,132.79,132.79,132.79,130.41,130.41,130.41,130.41,130.41,130.41,130.41,130.41,130.41,130.41,130.41,130.41,131.87,131.87,131.87,131.87,131.87,131.87,131.87,131.87,131.87,131.87,131.87,131.87,149.23,149.23,149.23,149.23,149.23,149.23,149.23,149.23,149.23,149.23,149.23,149.23,151.26,151.26,151.26,151.26,151.26,151.26,151.26,151.26,151.26,151.26,151.26,151.26,158.55,157.73,157.73,157.73,157.73,157.73,157.73,157.73,157.73,157.73,157.73,157.73,163.55,163.15,163.15,163.15,163.15,163.15,163.15,163.15,163.15,163.15
Producto,0.003623628,10101304,EDUCACIÓN INICIAL,101.37,101.37,101.37,101.37,101.37,101.37,101.37,101.37,105.85,105.85,105.85,105.85,105.85,105.85,105.85,105.85,105.85,105.85,105.85,105.85,112.04,112.04,112.04,112.04,112.04,112.04,112.04,112.04,112.04,112.04,112.04,112.04,122.23,122.23,122.23,122.23,122.23,122.23,122.23,122.23,122.23,122.23,122.23,122.23,124.57,124.57,124.57,124.57,124.57,124.57,124.57,124.57,124.57,124.57,124.57,124.57,134.21,133.57,132.94,132.94,132.94,132.94,132.94,132.94,132.94,132.94,132.94,132.94,130.35,130.35,130.35,130.35,130.35,130.35,130.35,130.35,130.35,130.35,130.35,130.35,131.94,131.94,131.94,131.94,131.94,131.94,131.94,131.94,131.94,131.94,131.94,131.94,150.22,150.22,150.22,150.22,150.22,150.22,150.22,150.22,150.22,150.22,150.22,150.22,152.08,152.08,152.08,152.08,152.08,152.08,152.08,152.08,152.08,152.08,152.08,152.08,159.44,158.54,158.54,158.54,158.54,158.54,158.54,158.54,158.54,158.54,158.54,158.54,164.62,163.20,163.20,163.20,163.20,163.20,163.20,163.20,163.20,163.20
Producto,0.010985262,10101305,EDUCACIÓN GENERAL BÁSICA,100.87,100.87,100.87,100.87,100.87,100.87,100.87,100.87,106.97,106.97,106.97,106.97,106.97,106.97,106.97,106.97,106.97,106.97,106.97,106.97,112.84,112.84,112.84,112.84,112.84,112.84,112.84,112.84,112.84,112.84,112.84,112.84,121.94,121.94,121.94,121.94,121.94,121.94,121.94,121.94,121.94,121.94,121.94,121.94,124.60,124.60,124.60,124.60,124.60,124.60,124.60,124.60,124.60,124.60,124.60,124.60,133.91,133.34,132.76,132.76,132.76,132.76,132.76,132.76,132.76,132.76,132.76,132.76,130.43,130.43,130.43,130.43,130.43,130.43,130.43,130.43,130.43,130.43,130.43,130.43,131.86,131.86,131.86,131.86,131.86,131.86,131.86,131.86,131.86,131.86,131.86,131.86,149.00,149.00,149.00,149.00,149.00,149.00,149.00,149.00,149.00,149.00,149.00,149.00,151.07,151.07,151.07,151.07,151.07,151.07,151.07,151.07,151.07,151.07,151.07,151.07,158.35,157.54,157.54,157.54,157.54,157.54,157.54,157.54,157.54,157.54,157.54,157.54,163.30,163.14,163.14,163.14,163.14,163.14,163.14,163.14,163.14,163.14
Grupo,0.012392353,102,Enseñanza secundaria,100.79,100.79,100.79,100.79,100.79,100.79,100.79,100.79,107.14,107.14,107.14,107.14,107.14,107.14,107.14,107.14,107.14,107.14,107.14,107.14,113.05,113.05,113.05,113.05,113.05,113.05,113.05,113.05,113.05,113.05,113.05,113.05,122.49,122.49,122.49,122.49,122.49,122.49,122.49,122.49,122.49,122.49,122.49,122.49,125.59,125.59,125.59,125.59,125.59,125.59,125.59,125.59,125.59,125.59,125.59,125.59,134.15,133.71,133.44,133.44,133.44,133.44,133.44,133.44,133.44,133.44,133.44,133.44,131.00,131.00,131.00,131.00,131.00,131.00,131.00,131.00,131.00,131.00,131.00,131.00,131.97,131.97,131.97,131.97,131.97,131.97,131.97,131.97,131.97,131.97,131.97,131.97,149.42,149.42,149.42,149.42,149.42,149.42,149.42,149.42,149.42,149.42,149.42,149.42,151.40,151.40,151.40,151.40,151.40,151.40,151.40,151.40,151.40,151.40,151.40,151.40,157.62,157.15,157.15,157.15,157.15,157.15,157.15,157.15,157.15,157.15,157.15,157.15,163.64,163.49,163.49,163.49,163.49,163.49,163.49,163.49,163.49,163.49
Clase,0.012392353,1020,Enseñanza secundaria (S),100.79,100.79,100.79,100.79,100.79,100.79,100.79,100.79,107.14,107.14,107.14,107.14,107.14,107.14,107.14,107.14,107.14,107.14,107.14,107.14,113.05,113.05,113.05,113.05,113.05,113.05,113.05,113.05,113.05,113.05,113.05,113.05,122.49,122.49,122.49,122.49,122.49,122.49,122.49,122.49,122.49,122.49,122.49,122.49,125.59,125.59,125.59,125.59,125.59,125.59,125.59,125.59,125.59,125.59,125.59,125.59,134.15,133.71,133.44,133.44,133.44,133.44,133.44,133.44,133.44,133.44,133.44,133.44,131.00,131.00,131.00,131.00,131.00,131.00,131.00,131.00,131.00,131.00,131.00,131.00,131.97,131.97,131.97,131.97,131.97,131.97,131.97,131.97,131.97,131.97,131.97,131.97,149.42,149.42,149.42,149.42,149.42,149.42,149.42,149.42,149.42,149.42,149.42,149.42,151.40,151.40,151.40,151.40,151.40,151.40,151.40,151.40,151.40,151.40,151.40,151.40,157.62,157.15,157.15,157.15,157.15,157.15,157.15,157.15,157.15,157.15,157.15,157.15,163.64,163.49,163.49,163.49,163.49,163.49,163.49,163.49,163.49,163.49
Subclase,0.012392353,10201,Enseñanza secundaria,100.79,100.79,100.79,100.79,100.79,100.79,100.79,100.79,107.14,107.14,107.14,107.14,107.14,107.14,107.14,107.14,107.14,107.14,107.14,107.14,113.05,113.05,113.05,113.05,113.05,113.05,113.05,113.05,113.05,113.05,113.05,113.05,122.49,122.49,122.49,122.49,122.49,122.49,122.49,122.49,122.49,122.49,122.49,122.49,125.59,125.59,125.59,125.59,125.59,125.59,125.59,125.59,125.59,125.59,125.59,125.59,134.15,133.71,133.44,133.44,133.44,133.44,133.44,133.44,133.44,133.44,133.44,133.44,131.00,131.00,131.00,131.00,131.00,131.00,131.00,131.00,131.00,131.00,131.00,131.00,131.97,131.97,131.97,131.97,131.97,131.97,131.97,131.97,131.97,131.97,131.97,131.97,149.42,149.42,149.42,149.42,149.42,149.42,149.42,149.42,149.42,149.42,149.42,149.42,151.40,151.40,151.40,151.40,151.40,151.40,151.40,151.40,151.40,151.40,151.40,151.40,157.62,157.15,157.15,157.15,157.15,157.15,157.15,157.15,157.15,157.15,157.15,157.15,163.64,163.49,163.49,163.49,163.49,163.49,163.49,163.49,163.49,163.49
Producto,0.005629964,10201306,EDUCACIÓN BÁSICA SUPERIOR,100.35,100.35,100.35,100.35,100.35,100.35,100.35,100.35,106.50,106.50,106.50,106.50,106.50,106.50,106.50,106.50,106.50,106.50,106.50,106.50,112.27,112.27,112.27,112.27,112.27,112.27,112.27,112.27,112.27,112.27,112.27,112.27,121.33,121.33,121.33,121.33,121.33,121.33,121.33,121.33,121.33,121.33,121.33,121.33,123.97,123.97,123.97,123.97,123.97,123.97,123.97,123.97,123.97,123.97,123.97,123.97,133.34,132.77,132.19,132.19,132.19,132.19,132.19,132.19,132.19,132.19,132.19,132.19,129.87,129.87,129.87,129.87,129.87,129.87,129.87,129.87,129.87,129.87,129.87,129.87,130.79,130.79,130.79,130.79,130.79,130.79,130.79,130.79,130.79,130.79,130.79,130.79,148.25,148.25,148.25,148.25,148.25,148.25,148.25,148.25,148.25,148.25,148.25,148.25,150.31,150.31,150.31,150.31,150.31,150.31,150.31,150.31,150.31,150.31,150.31,150.31,157.55,156.74,156.74,156.74,156.74,156.74,156.74,156.74,156.74,156.74,156.74,156.74,162.48,162.32,162.32,162.32,162.32,162.32,162.32,162.32,162.32,162.32
Producto,0.006444506,10201307,EDUCACIÓN BACHILLERATO,100.72,100.72,100.72,100.72,100.72,100.72,100.72,100.72,107.57,107.57,107.57,107.57,107.57,107.57,107.57,107.57,107.57,107.57,107.57,107.57,113.95,113.95,113.95,113.95,113.95,113.95,113.95,113.95,113.95,113.95,113.95,113.95,124.54,124.54,124.54,124.54,124.54,124.54,124.54,124.54,124.54,124.54,124.54,124.54,127.78,127.78,127.78,127.78,127.78,127.78,127.78,127.78,127.78,127.78,127.78,127.78,136.59,136.23,136.23,136.23,136.23,136.23,136.23,136.23,136.23,136.23,136.23,136.23,133.34,133.34,133.34,133.34,133.34,133.34,133.34,133.34,133.34,133.34,133.34,133.34,134.49,134.49,134.49,134.49,134.49,134.49,134.49,134.49,134.49,134.49,134.49,134.49,153.51,153.51,153.51,153.51,153.51,153.51,153.51,153.51,153.51,153.51,153.51,153.51,155.29,155.29,155.29,155.29,155.29,155.29,155.29,155.29,155.29,155.29,155.29,155.29,161.98,161.78,161.78,161.78,161.78,161.78,161.78,161.78,161.78,161.78,161.78,161.78,167.70,167.53,167.53,167.53,167.53,167.53,167.53,167.53,167.53,167.53
Producto,0.000317883,10201308,EDUCACIÓN BACHILLERATO A DISTANCIA,104.72,104.72,104.72,104.72,104.72,104.72,104.72,104.72,108.75,108.75,108.75,108.75,108.75,108.75,108.75,108.75,108.75,108.75,108.75,108.75,112.26,112.26,112.26,112.26,112.26,112.26,112.26,112.26,112.26,112.26,112.26,112.26,115.80,115.80,115.80,115.80,115.80,115.80,115.80,115.80,115.80,115.80,115.80,115.80,121.45,121.45,121.45,121.45,121.45,121.45,121.45,121.45,121.45,121.45,121.45,121.45,121.93,121.93,121.93,121.93,121.93,121.93,121.93,121.93,121.93,121.93,121.93,121.93,121.96,121.96,121.96,121.96,121.96,121.96,121.96,121.96,121.96,121.96,121.96,121.96,121.96,121.96,121.96,121.96,121.96,121.96,121.96,121.96,121.96,121.96,121.96,121.96,127.47,127.47,127.47,127.47,127.47,127.47,127.47,127.47,127.47,127.47,127.47,127.47,130.44,130.44,130.44,130.44,130.44,130.44,130.44,130.44,130.44,130.44,130.44,130.44,125.34,125.34,125.34,125.34,125.34,125.34,125.34,125.34,125.34,125.34,125.34,125.34,141.99,141.99,141.99,141.99,141.99,141.99,141.99,141.99,141.99,141.99
Grupo,0.017828756,104,Enseñanza terciaria,98.34,98.34,98.34,98.34,98.34,98.34,98.34,98.34,94.86,93.98,93.98,93.98,93.98,93.98,93.98,93.98,93.98,93.98,93.98,93.98,95.57,95.57,95.57,95.57,95.57,95.57,95.57,95.57,95.57,95.57,95.57,95.57,91.21,80.96,80.96,80.96,80.96,80.96,80.96,80.96,80.96,80.96,80.96,80.96,82.24,82.01,82.01,82.01,82.01,82.01,82.01,82.01,82.01,82.01,82.01,82.01,83.41,83.58,83.58,83.58,83.58,83.58,83.58,83.58,83.58,83.58,83.58,83.58,83.22,83.22,83.22,83.22,83.22,83.22,83.22,83.22,83.22,83.22,83.22,83.22,84.13,84.13,84.13,84.13,84.13,84.13,84.13,84.13,84.13,84.13,84.13,84.13,74.24,74.24,74.24,74.24,74.24,74.24,74.24,74.24,74.24,74.24,74.24,74.24,71.39,71.39,71.39,71.39,71.39,71.39,71.39,71.39,71.39,71.39,71.39,71.39,73.73,73.73,73.73,73.73,73.73,73.73,73.73,73.73,73.73,73.73,73.73,73.73,75.32,75.32,75.32,75.32,75.32,75.32,75.32,75.32,75.32,75.32
Clase,0.017828756,1040,Enseñanza terciaria (S),98.34,98.34,98.34,98.34,98.34,98.34,98.34,98.34,94.86,93.98,93.98,93.98,93.98,93.98,93.98,93.98,93.98,93.98,93.98,93.98,95.57,95.57,95.57,95.57,95.57,95.57,95.57,95.57,95.57,95.57,95.57,95.57,91.21,80.96,80.96,80.96,80.96,80.96,80.96,80.96,80.96,80.96,80.96,80.96,82.24,82.01,82.01,82.01,82.01,82.01,82.01,82.01,82.01,82.01,82.01,82.01,83.41,83.58,83.58,83.58,83.58,83.58,83.58,83.58,83.58,83.58,83.58,83.58,83.22,83.22,83.22,83.22,83.22,83.22,83.22,83.22,83.22,83.22,83.22,83.22,84.13,84.13,84.13,84.13,84.13,84.13,84.13,84.13,84.13,84.13,84.13,84.13,74.24,74.24,74.24,74.24,74.24,74.24,74.24,74.24,74.24,74.24,74.24,74.24,71.39,71.39,71.39,71.39,71.39,71.39,71.39,71.39,71.39,71.39,71.39,71.39,73.73,73.73,73.73,73.73,73.73,73.73,73.73,73.73,73.73,73.73,73.73,73.73,75.32,75.32,75.32,75.32,75.32,75.32,75.32,75.32,75.32,75.32
Subclase,0.017828756,10401,Enseñanza universitaria,98.34,98.34,98.34,98.34,98.34,98.34,98.34,98.34,94.86,93.98,93.98,93.98,93.98,93.98,93.98,93.98,93.98,93.98,93.98,93.98,95.57,95.57,95.57,95.57,95.57,95.57,95.57,95.57,95.57,95.57,95.57,95.57,91.21,80.96,80.96,80.96,80.96,80.96,80.96,80.96,80.96,80.96,80.96,80.96,82.24,82.01,82.01,82.01,82.01,82.01,82.01,82.01,82.01,82.01,82.01,82.01,83.41,83.58,83.58,83.58,83.58,83.58,83.58,83.58,83.58,83.58,83.58,83.58,83.22,83.22,83.22,83.22,83.22,83.22,83.22,83.22,83.22,83.22,83.22,83.22,84.13,84.13,84.13,84.13,84.13,84.13,84.13,84.13,84.13,84.13,84.13,84.13,74.24,74.24,74.24,74.24,74.24,74.24,74.24,74.24,74.24,74.24,74.24,74.24,71.39,71.39,71.39,71.39,71.39,71.39,71.39,71.39,71.39,71.39,71.39,71.39,73.73,73.73,73.73,73.73,73.73,73.73,73.73,73.73,73.73,73.73,73.73,73.73,75.32,75.32,75.32,75.32,75.32,75.32,75.32,75.32,75.32,75.32
Producto,0.012800604,10401309,EDUCACIÓN UNIVERSITARIA PREGRADO,98.44,98.44,98.44,98.44,98.44,98.44,98.44,98.44,93.00,93.00,93.00,93.00,93.00,93.00,93.00,93.00,93.00,93.00,93.00,93.00,93.00,93.00,93.00,93.00,93.00,93.00,93.00,93.00,93.00,93.00,93.00,93.00,86.39,71.11,71.11,71.11,71.11,71.11,71.11,71.11,71.11,71.11,71.11,71.11,73.08,73.08,73.08,73.08,73.08,73.08,73.08,73.08,73.08,73.08,73.08,73.08,75.45,75.45,75.45,75.45,75.45,75.45,75.45,75.45,75.45,75.45,75.45,75.45,73.05,73.05,73.05,73.05,73.05,73.05,73.05,73.05,73.05,73.05,73.05,73.05,74.40,74.40,74.40,74.40,74.40,74.40,74.40,74.40,74.40,74.40,74.40,74.40,59.66,59.66,59.66,59.66,59.66,59.66,59.66,59.66,59.66,59.66,59.66,59.66,61.04,61.04,61.04,61.04,61.04,61.04,61.04,61.04,61.04,61.04,61.04,61.04,65.27,65.27,65.27,65.27,65.27,65.27,65.27,65.27,65.27,65.27,65.27,65.27,70.03,70.03,70.03,70.03,70.03,70.03,70.03,70.03,70.03,70.03
Producto,0.005028152,10401310,EDUCACIÓN UNIVERSITARIA POSTGRADO,98.15,98.15,98.15,98.15,98.15,98.15,98.15,98.15,98.65,95.97,95.97,95.97,95.97,95.97,95.97,95.97,95.97,95.97,95.97,95.97,100.79,100.79,100.79,100.79,100.79,100.79,100.79,100.79,100.79,100.79,100.79,100.79,101.01,101.01,101.01,101.01,101.01,101.01,101.01,101.01,101.01,101.01,101.01,101.01,100.90,100.19,100.19,100.19,100.19,100.19,100.19,100.19,100.19,100.19,100.19,100.19,99.59,100.11,100.11,100.11,100.11,100.11,100.11,100.11,100.11,100.11,100.11,100.11,103.92,103.92,103.92,103.92,103.92,103.92,103.92,103.92,103.92,103.92,103.92,103.92,103.92,103.92,103.92,103.92,103.92,103.92,103.92,103.92,103.92,103.92,103.92,103.92,103.92,103.92,103.92,103.92,103.92,103.92,103.92,103.92,103.92,103.92,103.92,103.92,92.45,92.45,92.45,92.45,92.45,92.45,92.45,92.45,92.45,92.45,92.45,92.45,90.95,90.95,90.95,90.95,90.95,90.95,90.95,90.95,90.95,90.95,90.95,90.95,86.08,86.08,86.08,86.08,86.08,86.08,86.08,86.08,86.08,86.08
Grupo,0.006087215,105,Enseñanza no atribuible a ningún nivel,98.84,98.84,98.84,100.90,102.85,102.85,102.85,102.85,102.40,102.40,102.40,100.00,97.60,98.80,98.80,98.80,95.68,95.68,95.68,98.80,98.80,98.80,98.80,98.80,98.80,98.80,98.80,98.80,98.80,98.80,98.80,98.80,98.80,98.80,98.80,98.80,98.80,98.80,98.80,98.80,98.80,98.80,98.80,98.80,98.80,98.80,98.80,98.80,98.80,98.80,98.80,98.80,102.42,102.42,102.42,102.42,102.42,108.92,108.92,108.92,108.92,108.92,108.92,108.92,108.92,108.92,108.92,108.92,108.92,108.92,108.92,99.33,99.33,102.42,102.42,102.42,102.42,102.42,102.42,86.75,86.75,86.75,86.75,94.23,94.23,101.63,94.14,98.04,98.04,101.63,101.63,101.63,101.63,101.63,101.63,101.63,101.63,101.63,101.63,101.63,98.04,98.04,101.24,101.24,101.24,101.24,101.24,101.24,101.24,104.96,104.96,104.96,104.96,108.41,108.41,108.41,108.41,108.41,108.41,108.41,108.41,111.64,111.64,108.41,111.64,111.64,111.64,111.64,111.64,111.64,111.64,111.64,111.64,111.64,111.64,111.64,111.64,111.64
Clase,0.006087215,1050,Enseñanza no atribuible a ningún nivel (S),98.84,98.84,98.84,100.90,102.85,102.85,102.85,102.85,102.40,102.40,102.40,100.00,97.60,98.80,98.80,98.80,95.68,95.68,95.68,98.80,98.80,98.80,98.80,98.80,98.80,98.80,98.80,98.80,98.80,98.80,98.80,98.80,98.80,98.80,98.80,98.80,98.80,98.80,98.80,98.80,98.80,98.80,98.80,98.80,98.80,98.80,98.80,98.80,98.80,98.80,98.80,98.80,102.42,102.42,102.42,102.42,102.42,108.92,108.92,108.92,108.92,108.92,108.92,108.92,108.92,108.92,108.92,108.92,108.92,108.92,108.92,99.33,99.33,102.42,102.42,102.42,102.42,102.42,102.42,86.75,86.75,86.75,86.75,94.23,94.23,101.63,94.14,98.04,98.04,101.63,101.63,101.63,101.63,101.63,101.63,101.63,101.63,101.63,101.63,101.63,98.04,98.04,101.24,101.24,101.24,101.24,101.24,101.24,101.24,104.96,104.96,104.96,104.96,108.41,108.41,108.41,108.41,108.41,108.41,108.41,108.41,111.64,111.64,108.41,111.64,111.64,111.64,111.64,111.64,111.64,111.64,111.64,111.64,111.64,111.64,111.64,111.64,111.64
Subclase,0.006087215,10501,Enseñanza no atribuible a ningún nivel,98.84,98.84,98.84,100.90,102.85,102.85,102.85,102.85,102.40,102.40,102.40,100.00,97.60,98.80,98.80,98.80,95.68,95.68,95.68,98.80,98.80,98.80,98.80,98.80,98.80,98.80,98.80,98.80,98.80,98.80,98.80,98.80,98.80,98.80,98.80,98.80,98.80,98.80,98.80,98.80,98.80,98.80,98.80,98.80,98.80,98.80,98.80,98.80,98.80,98.80,98.80,98.80,102.42,102.42,102.42,102.42,102.42,108.92,108.92,108.92,108.92,108.92,108.92,108.92,108.92,108.92,108.92,108.92,108.92,108.92,108.92,99.33,99.33,102.42,102.42,102.42,102.42,102.42,102.42,86.75,86.75,86.75,86.75,94.23,94.23,101.63,94.14,98.04,98.04,101.63,101.63,101.63,101.63,101.63,101.63,101.63,101.63,101.63,101.63,101.63,98.04,98.04,101.24,101.24,101.24,101.24,101.24,101.24,101.24,104.96,104.96,104.96,104.96,108.41,108.41,108.41,108.41,108.41,108.41,108.41,108.41,111.64,111.64,108.41,111.64,111.64,111.64,111.64,111.64,111.64,111.64,111.64,111.64,111.64,111.64,111.64,111.64,111.64
Producto,0.001448665,10501311,CURSO DE COMPUTACIÓN,98.06,98.06,98.06,98.06,98.06,98.06,98.06,98.06,94.45,94.45,94.45,75.56,56.67,66.12,66.12,66.12,66.12,66.12,66.12,66.12,66.12,66.12,66.12,66.12,66.12,66.12,66.12,66.12,66.12,66.12,66.12,66.12,66.12,66.12,66.12,66.12,66.12,66.12,66.12,66.12,66.12,66.12,66.12,66.12,66.12,66.12,66.12,66.12,66.12,66.12,66.12,66.12,66.12,66.12,66.12,66.12,66.12,66.12,66.12,66.12,66.12,66.12,66.12,66.12,66.12,66.12,66.12,66.12,66.12,66.12,66.12,66.12,66.12,66.12,66.12,66.12,66.12,66.12,66.12,66.12,66.12,66.12,66.12,66.12,66.12,66.12,66.12,66.12,66.12,66.12,66.12,66.12,66.12,66.12,66.12,66.12,66.12,66.12,66.12,66.12,66.12,66.12,66.12,66.12,66.12,66.12,66.12,66.12,66.12,66.12,66.12,66.12,66.12,66.12,66.12,66.12,66.12,66.12,66.12,66.12,66.12,66.12,66.12,66.12,66.12,66.12,66.12,66.12,66.12,66.12,66.12,66.12,66.12,66.12,66.12,66.12,66.12,66.12
Producto,0.00463855,10501312,CURSO DE IDIOMAS,98.96,98.96,98.96,101.31,103.55,103.55,103.55,103.55,103.55,103.55,103.55,103.55,103.55,103.55,103.55,103.55,99.98,99.98,99.98,103.55,103.55,103.55,103.55,103.55,103.55,103.55,103.55,103.55,103.55,103.55,103.55,103.55,103.55,103.55,103.55,103.55,103.55,103.55,103.55,103.55,103.55,103.55,103.55,103.55,103.55,103.55,103.55,103.55,103.55,103.55,103.55,103.55,107.70,107.70,107.70,107.70,107.70,115.15,115.15,115.15,115.15,115.15,115.15,115.15,115.15,115.15,115.15,115.15,115.15,115.15,115.15,104.16,104.16,107.70,107.70,107.70,107.70,107.70,107.70,89.75,89.75,89.75,89.75,98.31,98.31,106.79,98.21,102.68,102.68,106.79,106.79,106.79,106.79,106.79,106.79,106.79,106.79,106.79,106.79,106.79,102.68,102.68,106.35,106.35,106.35,106.35,106.35,106.35,106.35,110.61,110.61,110.61,110.61,114.56,114.56,114.56,114.56,114.56,114.56,114.56,114.56,118.26,118.26,114.56,118.26,118.26,118.26,118.26,118.26,118.26,118.26,118.26,118.26,118.26,118.26,118.26,118.26,118.26
División,0.079639262,11,Restaurantes y hoteles,102.04,102.36,102.34,102.35,102.51,102.26,102.55,103.26,103.34,103.22,103.33,103.15,103.43,104.14,105.21,105.53,105.49,105.82,105.51,105.60,105.83,105.22,105.23,105.15,105.27,106.13,106.11,106.13,106.15,105.87,105.80,105.94,106.54,106.21,106.58,106.69,105.16,105.07,104.74,104.79,105.50,105.66,105.51,105.70,105.18,105.09,105.12,105.07,105.11,105.73,105.92,105.59,105.61,105.47,105.53,105.47,105.53,105.55,105.52,105.14,105.21,104.67,104.74,104.71,104.64,103.64,102.16,102.22,102.26,103.00,102.98,102.97,104.18,103.86,103.97,103.95,104.05,104.00,104.10,103.51,103.52,103.76,103.83,103.83,104.45,104.58,105.09,105.20,106.24,107.29,106.56,106.88,106.96,107.02,107.37,107.32,107.98,108.04,108.12,108.15,108.17,109.14,109.21,109.27,109.31,109.35,109.40,109.36,108.41,109.10,109.08,109.60,109.70,109.79,109.82,109.93,109.96,110.00,109.96,109.97,110.25,110.58,110.93,111.81,111.80,111.14,111.17,110.62,111.98,111.89,112.67,112.75,112.65,113.02,113.07,113.83,113.80,112.58
Grupo,0.07762909,111,Servicios de suministro de comidas por contrato,102.38,102.72,102.66,102.68,102.82,102.53,102.81,103.59,103.66,103.56,103.68,103.62,103.74,104.50,105.66,106.00,105.94,106.27,105.99,106.10,106.25,105.59,105.65,105.67,105.66,106.58,106.57,106.67,106.64,106.34,106.29,106.46,107.06,106.73,107.11,107.28,105.69,105.55,105.24,105.31,106.03,106.19,106.04,106.23,105.70,105.63,105.68,105.67,105.69,106.29,106.49,106.12,106.15,106.05,106.10,106.06,106.12,106.12,106.13,105.86,105.80,105.25,105.36,105.33,105.32,104.40,103.01,103.12,103.13,103.88,103.88,103.87,105.16,104.84,104.96,104.94,105.05,104.95,105.04,104.42,104.42,104.65,104.66,104.67,105.32,105.46,105.95,106.02,107.11,108.15,107.46,107.69,107.77,107.70,108.16,108.16,108.84,108.88,108.96,109.00,109.02,110.00,110.06,110.14,110.18,110.18,110.24,110.24,109.29,110.03,110.01,110.47,110.60,110.69,110.69,110.81,110.81,110.86,110.86,110.86,111.16,111.50,111.85,112.78,112.78,112.05,112.05,111.38,112.85,112.75,113.58,113.67,113.60,113.99,114.04,114.76,114.73,113.44
Clase,0.07762909,1111,"Restaurantes, cafés y establecimientos similares (S)",102.38,102.72,102.66,102.68,102.82,102.53,102.81,103.59,103.66,103.56,103.68,103.62,103.74,104.50,105.66,106.00,105.94,106.27,105.99,106.10,106.25,105.59,105.65,105.67,105.66,106.58,106.57,106.67,106.64,106.34,106.29,106.46,107.06,106.73,107.11,107.28,105.69,105.55,105.24,105.31,106.03,106.19,106.04,106.23,105.70,105.63,105.68,105.67,105.69,106.29,106.49,106.12,106.15,106.05,106.10,106.06,106.12,106.12,106.13,105.86,105.80,105.25,105.36,105.33,105.32,104.40,103.01,103.12,103.13,103.88,103.88,103.87,105.16,104.84,104.96,104.94,105.05,104.95,105.04,104.42,104.42,104.65,104.66,104.67,105.32,105.46,105.95,106.02,107.11,108.15,107.46,107.69,107.77,107.70,108.16,108.16,108.84,108.88,108.96,109.00,109.02,110.00,110.06,110.14,110.18,110.18,110.24,110.24,109.29,110.03,110.01,110.47,110.60,110.69,110.69,110.81,110.81,110.86,110.86,110.86,111.16,111.50,111.85,112.78,112.78,112.05,112.05,111.38,112.85,112.75,113.58,113.67,113.60,113.99,114.04,114.76,114.73,113.44
Subclase,0.07762909,11111,"Restaurantes, cafés y establecimientos similares",102.38,102.72,102.66,102.68,102.82,102.53,102.81,103.59,103.66,103.56,103.68,103.62,103.74,104.50,105.66,106.00,105.94,106.27,105.99,106.10,106.25,105.59,105.65,105.67,105.66,106.58,106.57,106.67,106.64,106.34,106.29,106.46,107.06,106.73,107.11,107.28,105.69,105.55,105.24,105.31,106.03,106.19,106.04,106.23,105.70,105.63,105.68,105.67,105.69,106.29,106.49,106.12,106.15,106.05,106.10,106.06,106.12,106.12,106.13,105.86,105.80,105.25,105.36,105.33,105.32,104.40,103.01,103.12,103.13,103.88,103.88,103.87,105.16,104.84,104.96,104.94,105.05,104.95,105.04,104.42,104.42,104.65,104.66,104.67,105.32,105.46,105.95,106.02,107.11,108.15,107.46,107.69,107.77,107.70,108.16,108.16,108.84,108.88,108.96,109.00,109.02,110.00,110.06,110.14,110.18,110.18,110.24,110.24,109.29,110.03,110.01,110.47,110.60,110.69,110.69,110.81,110.81,110.86,110.86,110.86,111.16,111.50,111.85,112.78,112.78,112.05,112.05,111.38,112.85,112.75,113.58,113.67,113.60,113.99,114.04,114.76,114.73,113.44
Producto,0.00054352,11111313,DESAYUNO,97.90,97.90,97.90,94.82,96.65,96.65,96.65,96.65,96.65,96.65,96.65,96.65,96.65,96.65,97.79,97.79,97.79,98.01,98.01,98.01,98.01,98.01,98.01,98.37,100.97,100.97,100.97,100.93,100.93,100.93,100.93,100.93,100.93,100.93,100.93,100.93,100.93,102.64,102.64,102.64,102.64,102.64,102.64,102.64,102.64,104.38,104.38,104.38,104.38,104.38,104.38,104.38,104.38,104.38,104.38,104.38,104.38,104.38,104.38,104.38,104.38,103.61,103.61,103.61,103.61,97.31,103.61,103.61,103.61,103.61,103.61,103.61,103.61,103.61,103.61,103.61,103.61,99.44,99.44,99.44,99.44,99.44,99.44,99.44,103.61,105.18,106.39,104.62,106.20,107.00,107.00,104.43,106.01,106.01,106.01,106.01,106.01,106.01,106.01,106.01,106.01,106.01,106.01,106.01,108.37,108.37,108.37,108.37,106.01,106.01,106.01,106.01,106.01,106.01,106.01,106.01,106.01,106.01,106.01,106.01,106.01,106.01,106.01,106.01,106.01,106.01,106.01,106.01,106.01,106.01,111.23,111.23,111.23,111.23,111.23,111.23,106.01,106.01
Producto,0.048204076,11111314,ALMUERZO POPULAR,101.78,101.78,101.78,101.78,101.78,101.78,101.78,103.04,103.04,103.04,103.04,103.04,103.04,103.04,104.55,104.93,104.93,104.93,104.60,104.60,104.60,104.60,104.60,104.60,104.60,106.03,106.03,106.03,106.03,106.03,106.03,106.03,106.03,106.03,106.03,106.03,104.45,104.45,104.45,104.45,104.45,104.45,104.45,104.45,104.45,104.45,104.45,104.45,104.45,104.45,104.74,104.74,104.74,104.74,104.74,104.74,104.74,104.74,104.74,104.45,104.45,104.45,104.45,104.45,104.45,104.18,104.18,104.18,104.18,105.56,105.56,105.56,105.56,105.56,105.56,105.56,105.56,105.56,105.56,105.56,105.56,105.56,105.56,105.56,105.56,105.56,105.56,105.56,106.82,108.41,106.82,106.82,106.82,106.82,106.82,106.82,106.82,106.82,106.82,106.82,106.82,108.41,108.41,108.41,108.41,108.41,108.41,108.41,106.82,107.90,107.90,107.90,107.90,107.90,107.90,107.90,107.90,107.90,107.90,107.90,107.90,107.90,107.90,107.90,107.90,107.90,107.90,107.90,110.00,110.00,110.00,110.00,110.00,110.00,110.00,111.20,111.20,109.08
Producto,0.01436788,11111315,ALMUERZO EJECUTIVO ,100.54,103.68,103.68,103.68,103.68,100.54,102.93,102.93,102.93,102.93,102.93,102.93,102.93,107.80,107.80,107.80,107.80,108.83,108.83,108.83,108.83,104.22,104.22,104.22,104.22,104.23,104.27,104.27,104.29,103.18,103.18,103.56,109.04,109.04,109.04,109.04,105.81,103.07,100.47,100.47,105.78,105.78,104.98,105.78,101.65,101.65,101.65,101.65,101.65,106.40,106.40,106.40,106.40,106.40,106.40,106.40,106.40,106.40,106.40,106.40,106.40,103.84,103.84,103.84,103.84,99.23,88.10,88.10,88.10,88.10,88.10,87.12,95.69,93.67,93.67,93.67,93.67,93.67,93.67,90.32,90.32,90.32,90.32,90.32,94.76,94.76,97.02,97.02,97.02,97.02,97.02,98.89,98.89,98.89,101.00,101.00,105.22,105.22,105.22,105.22,105.22,105.22,105.22,105.22,105.22,105.22,105.22,105.22,105.22,105.22,105.22,105.73,105.73,106.33,106.33,106.33,106.33,106.33,106.33,106.33,108.59,110.68,112.50,117.63,117.63,112.50,112.50,107.56,107.56,107.56,112.47,112.47,112.47,114.64,114.64,114.64,114.64,114.64
Producto,0.005920828,11111316,COMIDA TRADICIONAL PREPARADA ,106.35,106.35,106.35,107.06,107.06,107.58,107.58,107.58,107.58,107.58,107.58,106.77,107.75,108.97,108.97,108.97,108.97,108.65,108.65,108.95,108.95,108.23,108.23,109.45,109.45,109.45,109.47,109.47,109.47,108.07,108.07,108.07,108.18,104.45,107.92,109.13,109.13,109.13,109.84,109.84,109.84,109.84,110.86,110.86,111.30,110.78,110.78,110.78,110.78,110.78,110.78,110.78,110.78,110.78,110.78,110.78,110.78,110.78,110.78,110.78,110.78,110.78,110.78,110.78,110.78,110.78,110.78,110.78,110.78,109.52,109.52,109.52,109.52,109.52,110.53,110.53,111.88,111.88,111.88,110.86,110.86,112.74,112.74,112.74,112.74,113.00,113.89,114.82,115.82,115.82,117.30,117.30,117.30,116.39,117.04,117.04,117.24,117.24,117.24,117.24,117.24,117.24,117.73,118.13,118.13,118.13,118.79,118.79,119.43,119.74,119.74,122.13,122.13,121.88,121.88,121.88,121.88,122.36,122.36,122.36,122.84,122.84,123.72,124.32,124.33,124.33,124.33,124.33,124.82,123.69,123.69,124.82,123.69,123.69,123.69,123.69,123.69,123.69
Producto,0.004269664,11111317,PLATOS PREPARADOS,104.37,102.96,102.28,101.08,102.30,103.72,102.93,103.07,103.93,102.73,104.21,103.98,103.88,103.19,105.56,106.10,105.77,107.05,105.68,106.16,107.80,108.66,108.98,107.66,107.03,107.59,107.38,108.61,108.43,107.68,107.23,108.75,106.19,105.57,106.51,106.79,104.48,107.28,107.33,107.95,107.27,109.29,107.74,108.61,109.05,108.30,108.85,108.74,109.04,107.93,107.90,103.11,103.11,102.21,102.65,102.17,102.32,101.87,102.47,101.34,101.73,100.09,100.20,100.11,99.87,99.87,100.63,100.90,100.90,101.24,101.24,101.31,101.31,101.08,100.89,100.89,100.89,100.41,101.39,101.78,101.78,101.78,102.00,102.00,102.00,102.00,102.34,102.34,103.04,103.04,105.69,105.58,106.12,106.05,106.47,106.55,106.92,106.92,107.06,107.06,107.06,107.06,107.36,107.36,107.36,107.36,107.36,107.36,107.36,107.64,107.64,109.28,109.57,109.87,109.87,110.00,110.00,110.07,110.07,110.07,109.00,109.00,109.06,110.67,110.68,110.68,110.68,110.68,111.96,111.96,112.18,112.18,112.18,112.18,112.18,112.18,112.18,112.18
Producto,0.001566352,11111318,COMIDA RÁPIDA,101.20,101.20,101.20,104.24,104.24,104.60,104.60,104.60,104.60,104.60,104.60,104.60,104.60,104.60,102.17,104.65,104.65,105.77,105.77,106.11,106.79,106.79,106.79,106.79,106.79,106.79,106.79,107.02,107.02,108.66,106.08,106.08,106.12,108.11,108.11,108.11,108.06,108.06,108.06,108.06,108.06,108.06,108.06,108.06,108.06,108.39,108.39,108.39,108.39,108.39,108.96,108.96,108.96,107.99,107.99,107.99,110.02,110.02,110.02,110.02,107.78,106.65,108.62,108.62,108.62,109.33,109.33,111.34,111.34,111.71,111.71,115.45,115.45,115.45,115.45,115.45,115.45,115.45,115.45,111.71,111.71,111.71,111.71,111.71,111.71,113.81,113.81,113.81,117.18,118.11,118.11,118.11,118.11,118.59,118.59,118.59,119.30,119.30,122.00,123.36,124.09,124.09,124.09,124.09,124.09,124.09,124.09,124.09,124.09,124.09,122.97,124.21,127.15,127.15,127.15,127.92,127.92,127.92,127.92,127.92,127.92,127.92,127.92,127.92,127.92,128.66,128.66,130.52,132.55,132.55,132.55,132.55,132.98,134.26,134.83,134.83,135.87,135.87
Producto,0.00239455,11111319,HAMBURGUESA Y SÁNDUCHE,106.75,106.75,106.75,108.07,108.07,108.07,108.07,108.07,108.07,108.07,108.07,108.97,108.97,108.97,110.55,110.55,109.50,112.02,112.76,113.77,113.77,113.83,114.74,115.02,115.04,115.04,115.04,115.04,114.36,114.75,116.06,115.94,115.94,115.94,115.94,117.31,118.22,118.22,118.22,118.97,118.97,118.97,118.97,118.97,118.97,119.00,119.00,119.00,119.00,119.00,119.45,119.60,120.59,120.59,120.84,120.84,120.82,122.17,122.17,122.17,120.89,120.59,122.36,121.85,122.01,122.37,123.96,125.29,125.67,125.36,125.36,126.53,128.08,128.08,129.41,128.73,128.73,129.04,129.16,129.49,129.52,131.56,131.56,131.75,129.70,129.68,130.80,131.60,132.41,134.02,132.55,132.92,133.18,133.42,135.22,135.22,135.34,136.71,136.71,136.71,137.11,137.61,137.61,138.94,138.94,138.94,138.94,138.94,138.94,138.94,139.13,139.65,140.75,140.75,140.75,142.24,142.24,142.24,142.24,142.24,142.82,142.82,142.82,142.82,142.82,142.82,142.82,142.82,142.94,142.94,142.94,142.94,143.34,144.84,146.05,146.05,146.91,146.91
Producto,0.000123941,11111320,BEBIDAS CALIENTES,117.25,117.92,117.92,117.92,117.92,117.92,117.92,117.92,117.92,117.92,117.92,117.92,117.92,117.92,117.92,117.92,117.92,117.92,117.92,128.11,128.11,128.11,143.80,143.80,143.80,143.80,143.80,143.80,143.80,143.80,143.80,143.80,143.80,143.80,147.12,147.12,147.12,147.12,147.12,147.12,147.12,143.07,143.07,143.07,143.07,143.07,143.07,143.07,143.07,143.07,143.07,143.07,131.36,131.36,131.36,131.36,131.36,131.36,131.36,131.36,131.36,131.36,131.36,131.36,131.36,131.36,131.36,131.36,123.97,123.81,123.81,123.81,123.81,123.81,123.81,123.81,123.81,123.81,123.81,123.81,123.97,130.41,130.41,130.41,130.41,130.41,130.41,130.41,132.69,132.69,130.25,130.25,130.25,130.25,130.25,130.25,130.25,130.25,130.25,142.04,137.02,137.02,137.02,137.02,137.02,137.02,137.02,137.02,137.02,137.02,142.04,142.04,142.73,142.73,142.73,158.68,158.68,153.08,153.08,153.08,153.08,153.08,153.08,153.08,153.08,153.08,153.08,158.68,158.68,158.68,161.65,161.65,161.65,161.65,161.65,161.65,161.65,161.65
Producto,0.000238278,11111321,POSTRES PREPARADOS,112.64,112.64,112.64,112.64,112.64,112.64,112.64,112.64,112.64,112.64,112.64,112.64,117.78,117.78,123.16,123.16,123.16,123.16,124.66,124.66,124.66,124.66,124.66,124.66,124.66,124.66,124.66,124.66,124.66,124.66,124.66,124.66,124.66,124.66,124.66,124.66,124.66,124.66,124.66,124.66,124.66,124.66,124.66,124.66,124.66,124.66,124.66,124.66,124.66,124.66,124.66,128.08,128.08,128.08,128.08,128.08,128.08,128.08,123.41,123.41,123.41,123.41,123.41,123.41,123.41,123.41,123.41,123.41,123.41,123.41,123.41,123.41,123.41,123.41,123.41,123.41,123.41,123.41,123.41,123.41,123.41,123.41,123.41,123.41,123.41,128.08,128.08,128.08,132.94,132.94,128.96,128.96,128.96,128.96,128.96,128.96,128.96,128.96,128.96,128.96,128.96,128.96,128.96,128.96,128.96,128.96,128.96,128.96,128.96,132.94,132.94,132.94,132.94,132.94,132.94,137.97,137.97,137.97,137.97,137.97,137.97,143.01,143.01,143.01,143.01,143.01,143.01,143.01,143.01,143.01,143.01,143.01,143.01,143.01,143.01,143.01,143.01,143.01
Grupo,0.002010173,112,Servicios de alojamiento,88.54,87.98,89.33,88.96,90.06,91.22,91.93,90.21,90.62,89.31,89.19,84.20,90.89,89.73,86.91,86.61,87.42,87.82,86.12,85.45,88.89,90.22,88.26,84.45,89.68,88.25,87.94,84.43,86.45,86.60,86.35,84.87,85.66,85.41,85.32,83.05,84.05,85.66,84.46,83.61,84.13,84.14,84.19,84.54,84.23,83.32,82.50,81.06,81.67,83.24,82.88,84.02,84.04,82.16,82.56,81.88,82.12,82.56,80.75,76.09,81.17,81.31,80.10,79.71,77.48,73.07,67.91,66.17,67.55,67.51,66.73,66.76,64.98,64.38,64.39,64.16,63.43,65.48,66.30,67.16,67.57,68.19,70.25,70.17,69.37,69.21,70.42,71.88,71.32,72.80,70.22,74.25,74.47,79.32,75.82,73.26,73.18,74.00,74.42,74.09,73.72,74.69,74.62,74.06,74.16,75.73,75.49,74.12,72.96,71.87,71.73,74.58,73.61,73.56,74.70,74.29,75.69,75.37,73.67,74.01,73.62,73.57,73.87,72.71,72.22,74.48,75.69,79.76,76.70,76.87,76.23,75.32,74.67,73.91,74.14,76.11,76.61,77.91
Clase,0.002010173,1121,Servicios de alojamiento (S),88.54,87.98,89.33,88.96,90.06,91.22,91.93,90.21,90.62,89.31,89.19,84.20,90.89,89.73,86.91,86.61,87.42,87.82,86.12,85.45,88.89,90.22,88.26,84.45,89.68,88.25,87.94,84.43,86.45,86.60,86.35,84.87,85.66,85.41,85.32,83.05,84.05,85.66,84.46,83.61,84.13,84.14,84.19,84.54,84.23,83.32,82.50,81.06,81.67,83.24,82.88,84.02,84.04,82.16,82.56,81.88,82.12,82.56,80.75,76.09,81.17,81.31,80.10,79.71,77.48,73.07,67.91,66.17,67.55,67.51,66.73,66.76,64.98,64.38,64.39,64.16,63.43,65.48,66.30,67.16,67.57,68.19,70.25,70.17,69.37,69.21,70.42,71.88,71.32,72.80,70.22,74.25,74.47,79.32,75.82,73.26,73.18,74.00,74.42,74.09,73.72,74.69,74.62,74.06,74.16,75.73,75.49,74.12,72.96,71.87,71.73,74.58,73.61,73.56,74.70,74.29,75.69,75.37,73.67,74.01,73.62,73.57,73.87,72.71,72.22,74.48,75.69,79.76,76.70,76.87,76.23,75.32,74.67,73.91,74.14,76.11,76.61,77.91
Subclase,0.002010173,11211,Servicios de alojamiento,88.54,87.98,89.33,88.96,90.06,91.22,91.93,90.21,90.62,89.31,89.19,84.20,90.89,89.73,86.91,86.61,87.42,87.82,86.12,85.45,88.89,90.22,88.26,84.45,89.68,88.25,87.94,84.43,86.45,86.60,86.35,84.87,85.66,85.41,85.32,83.05,84.05,85.66,84.46,83.61,84.13,84.14,84.19,84.54,84.23,83.32,82.50,81.06,81.67,83.24,82.88,84.02,84.04,82.16,82.56,81.88,82.12,82.56,80.75,76.09,81.17,81.31,80.10,79.71,77.48,73.07,67.91,66.17,67.55,67.51,66.73,66.76,64.98,64.38,64.39,64.16,63.43,65.48,66.30,67.16,67.57,68.19,70.25,70.17,69.37,69.21,70.42,71.88,71.32,72.80,70.22,74.25,74.47,79.32,75.82,73.26,73.18,74.00,74.42,74.09,73.72,74.69,74.62,74.06,74.16,75.73,75.49,74.12,72.96,71.87,71.73,74.58,73.61,73.56,74.70,74.29,75.69,75.37,73.67,74.01,73.62,73.57,73.87,72.71,72.22,74.48,75.69,79.76,76.70,76.87,76.23,75.32,74.67,73.91,74.14,76.11,76.61,77.91
Producto,0.001486692,11211322,ALOJAMIENTO EN HOTELES,84.46,83.59,84.90,84.43,85.69,87.78,88.69,86.04,86.57,84.88,84.67,78.22,86.93,85.42,81.77,81.33,82.44,83.07,81.40,80.54,85.40,86.61,83.93,78.74,85.70,83.73,83.59,78.75,81.23,81.52,81.42,79.44,80.64,80.21,79.83,77.09,78.52,80.62,78.97,78.04,78.89,78.90,78.69,79.24,78.85,77.67,76.33,74.38,75.58,77.86,77.22,78.62,78.51,76.07,76.66,75.78,76.21,77.21,75.01,68.80,75.37,75.30,73.73,73.34,70.88,65.63,59.33,57.03,59.05,58.85,57.92,57.85,55.69,55.02,55.10,54.83,53.95,56.60,57.45,58.57,58.96,59.81,62.48,62.35,61.11,60.82,62.36,64.13,63.38,65.46,62.36,67.38,67.91,74.04,69.16,65.92,65.78,66.79,67.23,66.75,66.33,67.80,67.53,66.75,66.89,68.83,68.61,66.87,65.40,64.00,63.76,67.09,65.82,65.63,67.12,66.51,68.32,67.98,65.90,66.51,65.98,65.78,66.04,64.71,63.96,66.88,68.25,73.65,69.67,69.78,68.93,67.82,66.82,65.78,65.94,68.40,68.82,70.51
Producto,0.00052348,11211323,ALOJAMIENTO EN HOSTALES,102.45,102.95,104.41,104.41,104.95,102.95,102.95,104.41,104.41,104.41,104.57,104.57,104.36,104.40,104.40,104.57,104.40,103.99,102.21,102.21,100.80,102.52,103.04,103.91,103.24,103.63,102.79,103.77,104.22,103.91,103.13,103.37,102.75,103.14,104.04,103.34,102.87,102.83,103.16,102.61,101.99,101.99,102.91,102.58,102.58,102.58,103.51,103.81,102.41,101.60,102.17,102.39,102.90,102.90,102.66,102.66,102.27,100.78,100.32,100.93,100.93,101.79,101.79,101.39,99.99,98.40,97.15,97.32,96.50,97.03,96.77,97.10,96.65,96.28,96.01,95.98,95.73,95.73,96.46,96.46,96.91,96.75,96.75,96.81,97.54,97.82,97.90,98.28,98.40,97.81,96.99,97.67,96.84,97.30,98.52,98.30,98.40,98.58,98.89,99.11,98.87,98.19,98.78,98.95,98.95,99.24,98.92,98.81,98.68,98.68,98.90,100.10,100.16,100.60,100.54,100.80,100.80,100.56,100.15,99.57,99.63,100.10,100.55,99.94,100.34,100.41,101.04,100.57,100.63,101.02,101.09,100.85,101.45,101.61,102.09,102.38,103.14,103.14
División,0.098640264,12,Bienes y servicios diversos,102.20,103.59,104.15,104.32,104.59,104.79,104.43,104.64,105.08,105.71,105.95,105.57,106.55,106.59,106.99,106.85,107.37,108.18,109.23,109.33,109.88,109.72,110.59,110.51,109.99,109.96,110.08,109.83,109.09,108.15,108.73,109.59,108.55,108.65,108.52,108.96,110.66,111.32,110.85,111.21,110.65,110.61,110.56,110.18,110.27,110.27,110.04,110.58,110.37,110.11,110.26,110.28,109.91,109.92,109.44,109.49,108.63,108.59,108.52,108.79,108.32,108.02,108.42,108.82,108.75,108.34,108.03,107.96,107.30,104.64,105.99,106.93,107.02,106.73,106.03,106.15,107.02,106.51,106.91,106.42,107.04,107.23,106.56,107.70,107.05,107.01,107.67,108.62,108.45,108.70,109.70,109.84,109.75,110.17,110.39,111.24,110.67,110.83,111.05,110.98,111.58,111.61,111.92,112.27,112.36,112.22,112.41,112.21,112.61,112.55,113.22,115.14,115.09,115.22,114.66,115.32,115.57,114.50,113.92,114.43,115.57,114.70,114.99,115.16,116.06,116.21,115.13,115.13,115.86,117.57,117.78,117.82,119.05,119.53,119.03,119.99,120.00,119.81
Grupo,0.058370117,121,Cuidado personal,102.55,103.28,104.32,104.64,105.14,105.41,105.50,105.81,106.11,107.45,107.95,107.62,108.55,108.62,109.03,108.71,109.67,111.58,112.89,113.07,113.05,112.83,113.16,113.42,112.95,112.88,112.92,112.41,112.00,110.39,110.51,112.07,110.89,109.97,109.70,110.50,110.01,110.79,110.62,111.22,110.25,110.18,110.11,110.00,110.14,110.08,109.73,110.74,110.29,109.81,110.12,110.30,110.20,110.35,109.39,109.78,109.37,109.76,110.21,110.51,108.99,109.23,109.86,110.58,110.41,110.44,109.71,109.58,108.37,108.78,108.89,108.76,109.01,108.52,107.20,107.46,109.18,108.25,109.00,109.13,109.36,108.67,107.66,109.27,108.13,108.74,109.80,110.55,110.07,111.17,112.11,112.48,112.35,113.15,113.33,114.92,113.91,114.21,114.72,114.60,115.74,115.87,116.23,116.86,117.02,116.67,116.98,116.80,117.59,117.48,118.73,120.84,122.12,121.52,120.35,121.42,122.18,121.56,121.04,121.97,122.57,120.94,121.43,121.64,123.15,123.42,121.39,121.11,122.46,125.23,124.89,124.38,126.42,127.18,126.25,128.02,128.04,127.92
Clase,0.009194461,1211,Salones de peluquería y establecimientos de cuidados personales (S),102.89,103.11,103.11,104.44,105.91,105.91,105.91,107.21,107.21,107.89,107.89,107.89,107.89,107.89,108.75,109.83,111.03,110.57,110.84,111.72,111.72,111.72,110.48,111.05,111.05,112.92,112.23,112.92,112.92,112.92,112.92,116.57,116.27,116.27,116.27,116.61,117.19,117.19,117.19,116.20,116.20,116.52,117.23,118.06,118.26,118.71,118.71,118.71,118.71,118.71,117.87,118.71,118.71,119.39,119.39,119.39,119.11,119.11,119.51,119.51,119.51,119.51,119.11,119.11,119.11,118.70,118.70,118.70,116.52,116.74,116.74,116.74,116.74,116.74,116.74,119.49,119.49,119.49,120.14,120.14,120.14,120.28,120.28,119.22,119.22,120.27,120.27,119.73,119.73,121.13,121.13,121.13,121.13,121.13,121.13,121.13,120.77,121.86,121.86,122.27,122.27,123.44,123.44,123.44,123.44,123.44,123.44,123.44,125.18,124.96,125.50,126.77,128.19,127.64,127.64,127.64,127.64,128.69,128.69,128.54,129.60,129.60,129.60,129.60,130.25,130.25,130.25,129.75,129.75,129.75,129.75,129.75,129.75,129.75,129.75,129.75,129.75,130.32
Subclase,0.009194461,12111,Salones de peluquería y establecimientos de cuidados personales,102.89,103.11,103.11,104.44,105.91,105.91,105.91,107.21,107.21,107.89,107.89,107.89,107.89,107.89,108.75,109.83,111.03,110.57,110.84,111.72,111.72,111.72,110.48,111.05,111.05,112.92,112.23,112.92,112.92,112.92,112.92,116.57,116.27,116.27,116.27,116.61,117.19,117.19,117.19,116.20,116.20,116.52,117.23,118.06,118.26,118.71,118.71,118.71,118.71,118.71,117.87,118.71,118.71,119.39,119.39,119.39,119.11,119.11,119.51,119.51,119.51,119.51,119.11,119.11,119.11,118.70,118.70,118.70,116.52,116.74,116.74,116.74,116.74,116.74,116.74,119.49,119.49,119.49,120.14,120.14,120.14,120.28,120.28,119.22,119.22,120.27,120.27,119.73,119.73,121.13,121.13,121.13,121.13,121.13,121.13,121.13,120.77,121.86,121.86,122.27,122.27,123.44,123.44,123.44,123.44,123.44,123.44,123.44,125.18,124.96,125.50,126.77,128.19,127.64,127.64,127.64,127.64,128.69,128.69,128.54,129.60,129.60,129.60,129.60,130.25,130.25,130.25,129.75,129.75,129.75,129.75,129.75,129.75,129.75,129.75,129.75,129.75,130.32
Producto,0.000950944,12111324,LAVADO Y CEPILLADO DE CABELLO PARA MUJER,114.79,115.96,115.96,115.96,117.21,117.21,117.21,119.41,119.41,119.41,119.41,119.41,119.41,119.41,119.41,119.41,119.41,115.66,117.89,121.71,121.71,121.71,116.81,116.81,116.81,121.71,116.00,121.71,121.71,121.71,121.71,129.72,129.72,129.72,129.72,129.72,129.72,129.72,129.72,125.65,125.65,125.65,125.65,125.65,125.65,125.65,125.65,125.65,125.65,125.65,125.65,125.65,125.65,125.65,125.65,125.65,125.65,125.65,128.97,128.97,128.97,128.97,125.65,125.65,125.65,123.77,123.77,123.77,123.77,125.65,125.65,125.65,125.65,125.65,125.65,128.97,128.97,128.97,134.38,134.38,134.38,135.54,135.54,126.74,126.74,126.74,126.74,126.74,126.74,132.06,132.06,132.06,132.06,132.06,132.06,132.06,128.66,129.61,129.61,129.61,129.61,129.61,129.61,129.61,129.61,129.61,129.61,129.61,133.03,124.39,124.39,124.39,127.67,127.67,127.67,127.67,127.67,127.67,127.67,131.04,131.04,131.04,131.04,131.04,131.04,131.04,131.04,131.04,131.04,131.04,131.04,131.04,131.04,131.04,131.04,131.04,131.04,131.04
Producto,0.004825923,12111325,CORTE DE CABELLO,100.44,100.44,100.44,102.32,103.70,103.70,103.70,105.18,105.18,105.18,105.18,105.18,105.18,105.18,107.11,109.71,111.77,111.77,111.77,111.77,111.77,111.77,110.64,110.64,110.64,112.85,112.85,112.85,112.85,112.85,112.85,115.60,115.60,115.60,115.60,115.60,116.62,116.62,116.62,115.76,115.76,115.76,115.76,117.20,117.20,117.20,117.20,117.20,117.20,117.20,115.76,117.20,117.20,117.20,117.20,117.20,116.20,116.20,116.20,116.20,116.20,116.20,116.20,116.20,116.20,116.20,116.20,116.20,114.59,114.59,114.59,114.59,114.59,114.59,114.59,118.12,118.12,118.12,118.12,118.12,118.12,118.12,118.12,118.12,118.12,119.27,119.27,119.27,119.27,119.27,119.27,119.27,119.27,119.27,119.27,119.27,119.27,120.94,120.94,120.94,120.94,122.97,122.97,122.97,122.97,122.97,122.97,122.97,125.26,127.02,127.97,129.04,130.35,129.39,129.39,129.39,129.39,131.21,131.21,131.21,131.21,131.21,131.21,131.21,132.33,132.33,132.33,132.33,132.33,132.33,132.33,132.33,132.33,132.33,132.33,132.33,132.33,133.32
Producto,0.001438249,12111326,MANICURE,92.74,92.74,92.74,95.15,97.29,97.29,97.29,99.02,99.02,101.59,101.59,101.59,101.59,101.59,99.02,99.02,99.02,99.02,99.02,99.02,99.02,99.02,99.02,99.02,99.02,99.02,99.02,99.02,99.02,99.02,99.02,106.19,103.27,103.27,103.27,103.27,103.27,103.27,103.27,103.27,103.27,103.27,101.30,101.30,103.27,103.27,103.27,103.27,103.27,103.27,103.27,103.27,103.27,103.27,103.27,103.27,106.19,106.19,106.19,106.19,106.19,106.19,106.19,106.19,106.19,106.19,106.19,106.19,102.86,102.86,102.86,102.86,102.86,102.86,102.86,105.77,105.77,105.77,105.77,105.77,105.77,105.77,105.77,105.77,105.77,109.64,109.64,109.64,109.64,111.78,111.78,111.78,111.78,111.78,111.78,111.78,110.31,110.31,110.31,114.35,114.35,114.35,114.35,114.35,114.35,114.35,114.35,114.35,114.35,114.35,114.35,114.35,116.99,116.99,116.99,116.99,116.99,116.99,116.99,116.99,116.99,116.99,116.99,116.99,116.99,116.99,116.99,116.99,116.99,116.99,116.99,116.99,116.99,116.99,116.99,116.99,116.99,116.99
Producto,0.001979346,12111327,TRATAMIENTOS PARA EL CABELLO,107.96,108.35,108.35,108.35,109.86,109.86,109.86,109.86,109.86,111.97,111.97,111.97,111.97,111.97,111.97,109.86,109.86,109.86,109.86,111.97,111.97,111.97,111.97,114.87,114.87,114.87,114.87,114.87,114.87,114.87,114.87,116.65,116.65,116.65,116.65,118.33,118.33,118.33,118.33,118.33,118.33,119.92,124.51,124.51,124.51,126.76,126.76,126.76,126.76,126.76,126.76,126.76,126.76,130.19,130.19,130.19,130.19,130.19,130.19,130.19,130.19,130.19,130.19,130.19,130.19,129.31,129.31,129.31,124.68,124.68,124.68,124.68,124.68,124.68,124.68,124.68,124.68,124.68,124.68,124.68,124.68,124.68,124.68,124.68,124.68,124.68,124.68,121.93,121.93,124.68,124.68,124.68,124.68,124.68,124.68,124.68,125.70,125.70,125.70,125.70,125.70,125.70,125.70,125.70,125.70,125.70,125.70,125.70,125.70,124.68,124.68,127.92,127.92,127.92,127.92,127.92,127.92,127.92,127.92,125.11,130.46,130.46,130.46,130.46,130.46,130.46,130.46,127.92,127.92,127.92,127.92,127.92,127.92,127.92,127.92,127.92,127.92,127.92
Clase,0.000173319,1212,Aparatos eléctricos para el cuidado personal (D),96.12,94.84,94.84,94.84,94.84,94.84,94.84,94.84,94.84,94.84,94.84,94.84,94.84,94.84,94.84,94.84,94.84,96.50,96.56,95.77,96.56,96.56,96.56,96.56,96.56,99.19,99.19,99.19,102.90,99.84,96.45,96.45,96.45,94.89,94.89,94.89,94.89,94.89,90.47,90.47,90.47,90.47,90.93,90.94,90.94,90.94,90.94,90.94,90.94,89.32,89.32,89.32,89.32,89.32,89.32,89.32,89.32,89.32,89.32,89.32,89.32,89.32,89.32,89.32,89.32,89.32,89.32,89.32,89.32,89.32,89.32,89.32,89.32,89.32,89.32,89.32,89.32,89.32,89.32,86.73,86.73,90.69,84.44,84.44,84.44,84.44,84.44,84.44,84.44,75.52,78.97,78.97,80.05,79.40,79.40,77.63,77.63,77.63,77.63,77.63,75.50,73.65,77.27,77.27,77.27,77.27,77.27,77.27,74.45,73.20,73.20,70.85,74.94,74.94,74.61,74.61,74.61,70.85,70.85,72.72,72.72,72.72,72.72,71.41,75.03,75.03,73.47,74.77,72.97,72.31,71.13,71.74,71.78,71.78,71.78,71.78,72.10,72.39
Subclase,0.000173319,12121,Aparatos eléctricos para el cuidado personal,96.12,94.84,94.84,94.84,94.84,94.84,94.84,94.84,94.84,94.84,94.84,94.84,94.84,94.84,94.84,94.84,94.84,96.50,96.56,95.77,96.56,96.56,96.56,96.56,96.56,99.19,99.19,99.19,102.90,99.84,96.45,96.45,96.45,94.89,94.89,94.89,94.89,94.89,90.47,90.47,90.47,90.47,90.93,90.94,90.94,90.94,90.94,90.94,90.94,89.32,89.32,89.32,89.32,89.32,89.32,89.32,89.32,89.32,89.32,89.32,89.32,89.32,89.32,89.32,89.32,89.32,89.32,89.32,89.32,89.32,89.32,89.32,89.32,89.32,89.32,89.32,89.32,89.32,89.32,86.73,86.73,90.69,84.44,84.44,84.44,84.44,84.44,84.44,84.44,75.52,78.97,78.97,80.05,79.40,79.40,77.63,77.63,77.63,77.63,77.63,75.50,73.65,77.27,77.27,77.27,77.27,77.27,77.27,74.45,73.20,73.20,70.85,74.94,74.94,74.61,74.61,74.61,70.85,70.85,72.72,72.72,72.72,72.72,71.41,75.03,75.03,73.47,74.77,72.97,72.31,71.13,71.74,71.78,71.78,71.78,71.78,72.10,72.39
Producto,0.000173319,12121328,PLANCHA PARA EL CABELLO,96.12,94.84,94.84,94.84,94.84,94.84,94.84,94.84,94.84,94.84,94.84,94.84,94.84,94.84,94.84,94.84,94.84,96.50,96.56,95.77,96.56,96.56,96.56,96.56,96.56,99.19,99.19,99.19,102.90,99.84,96.45,96.45,96.45,94.89,94.89,94.89,94.89,94.89,90.47,90.47,90.47,90.47,90.93,90.94,90.94,90.94,90.94,90.94,90.94,89.32,89.32,89.32,89.32,89.32,89.32,89.32,89.32,89.32,89.32,89.32,89.32,89.32,89.32,89.32,89.32,89.32,89.32,89.32,89.32,89.32,89.32,89.32,89.32,89.32,89.32,89.32,89.32,89.32,89.32,86.73,86.73,90.69,84.44,84.44,84.44,84.44,84.44,84.44,84.44,75.52,78.97,78.97,80.05,79.40,79.40,77.63,77.63,77.63,77.63,77.63,75.50,73.65,77.27,77.27,77.27,77.27,77.27,77.27,74.45,73.20,73.20,70.85,74.94,74.94,74.61,74.61,74.61,70.85,70.85,72.72,72.72,72.72,72.72,71.41,75.03,75.03,73.47,74.77,72.97,72.31,71.13,71.74,71.78,71.78,71.78,71.78,72.10,72.39
Clase,0.049002337,1213,"Otros aparatos, artículos y productos para la atención personal (ND)",102.52,103.37,104.62,104.74,105.06,105.38,105.48,105.61,105.96,107.45,108.05,107.66,108.78,108.86,109.18,108.58,109.50,111.88,113.40,113.46,113.42,113.16,113.80,114.00,113.43,112.96,113.14,112.40,111.87,109.96,110.12,111.28,109.91,108.81,108.48,109.39,108.68,109.61,109.44,110.37,109.20,109.05,108.81,108.52,108.64,108.48,108.06,109.28,108.73,108.16,108.71,108.76,108.64,108.68,107.53,107.99,107.56,108.02,108.49,108.85,107.02,107.31,108.15,109.01,108.82,108.94,108.05,107.89,106.87,107.31,107.46,107.29,107.60,107.00,105.41,105.18,107.26,106.13,106.90,107.08,107.35,106.48,105.30,107.44,106.07,106.60,107.87,108.90,108.31,109.42,110.53,110.97,110.81,111.78,112.00,113.93,112.78,112.92,113.54,113.31,114.70,114.64,115.05,115.80,116.00,115.58,115.95,115.74,116.36,116.28,117.68,119.99,121.22,120.60,119.20,120.49,121.41,120.47,119.84,120.98,121.49,119.53,120.13,120.38,122.04,122.38,119.94,119.70,121.33,124.67,124.27,123.66,126.11,127.04,125.91,128.04,128.07,127.80
Subclase,0.049002337,12131,Aparatos no eléctricos y artículos para la atención personal,102.52,103.37,104.62,104.74,105.06,105.38,105.48,105.61,105.96,107.45,108.05,107.66,108.78,108.86,109.18,108.58,109.50,111.88,113.40,113.46,113.42,113.16,113.80,114.00,113.43,112.96,113.14,112.40,111.87,109.96,110.12,111.28,109.91,108.81,108.48,109.39,108.68,109.61,109.44,110.37,109.20,109.05,108.81,108.52,108.64,108.48,108.06,109.28,108.73,108.16,108.71,108.76,108.64,108.68,107.53,107.99,107.56,108.02,108.49,108.85,107.02,107.31,108.15,109.01,108.82,108.94,108.05,107.89,106.87,107.31,107.46,107.29,107.60,107.00,105.41,105.18,107.26,106.13,106.90,107.08,107.35,106.48,105.30,107.44,106.07,106.60,107.87,108.90,108.31,109.42,110.53,110.97,110.81,111.78,112.00,113.93,112.78,112.92,113.54,113.31,114.70,114.64,115.05,115.80,116.00,115.58,115.95,115.74,116.36,116.28,117.68,119.99,121.22,120.60,119.20,120.49,121.41,120.47,119.84,120.98,121.49,119.53,120.13,120.38,122.04,122.38,119.94,119.70,121.33,124.67,124.27,123.66,126.11,127.04,125.91,128.04,128.07,127.80
Producto,0.000243942,12131329,ACEITE PARA BEBÉ,113.05,114.50,115.91,116.53,115.94,115.94,114.53,113.43,114.53,114.53,114.53,115.94,116.34,117.09,115.94,115.94,115.94,116.74,116.74,116.54,116.94,116.94,116.94,116.53,116.53,117.52,119.74,113.11,113.11,118.77,110.84,115.41,108.30,108.30,116.79,116.79,109.74,113.19,114.25,114.25,115.23,115.20,115.20,115.52,115.52,118.12,117.63,117.63,117.60,117.60,117.60,117.60,117.78,114.06,114.06,108.70,107.47,114.06,114.06,114.06,114.09,115.73,115.76,115.24,115.41,113.36,115.79,115.79,115.76,115.79,107.84,115.79,109.10,115.76,116.87,108.68,116.56,116.56,116.73,112.77,117.05,110.98,116.42,116.83,117.70,123.76,122.84,120.97,124.75,119.35,128.07,127.25,127.61,128.83,129.67,126.17,128.33,128.54,125.93,119.07,122.84,129.22,129.43,124.28,129.57,129.78,116.31,125.57,125.57,130.77,130.80,127.79,127.48,127.48,121.51,122.32,127.06,124.35,124.13,127.33,123.36,123.16,127.06,127.06,136.65,135.35,132.45,131.95,136.51,134.85,135.87,130.78,136.30,128.92,128.92,135.73,140.33,139.76
Producto,0.001233413,12131330,ACONDICIONADOR PARA EL CABELLO,109.55,111.88,111.88,111.88,114.02,114.02,115.94,115.26,116.40,116.40,116.40,116.40,116.88,116.40,118.17,118.17,121.61,125.64,125.64,126.14,126.14,117.63,117.63,117.63,117.33,117.33,116.76,117.33,111.87,108.61,108.61,109.01,109.01,96.85,103.55,103.28,101.96,101.96,102.18,103.05,99.32,99.32,99.32,99.32,99.32,99.32,97.16,97.16,95.67,95.64,95.92,103.24,101.73,101.98,102.25,102.25,102.25,97.22,104.42,104.42,98.66,98.84,98.84,98.84,102.59,102.59,98.84,98.84,98.80,101.78,101.78,101.78,102.59,102.56,102.56,103.04,103.04,103.04,103.27,103.27,98.80,98.80,102.79,102.66,103.20,103.20,104.23,104.14,110.69,99.16,101.85,106.80,103.34,103.34,107.55,107.55,109.69,114.77,110.70,110.70,114.50,112.42,114.42,114.42,112.44,112.55,115.65,116.05,113.42,118.09,118.09,120.68,120.53,115.19,117.53,121.64,126.57,119.32,119.32,117.08,121.17,119.29,122.06,117.84,117.64,110.62,107.29,107.29,114.42,110.01,120.76,116.35,120.09,120.20,120.20,116.57,118.02,118.02
Producto,0.001603144,12131331,COSMÉTICOS,104.84,105.42,105.42,105.42,105.42,105.42,105.42,105.42,105.42,105.77,106.63,106.63,107.47,107.83,107.83,107.83,107.88,109.17,108.39,109.12,111.29,110.87,108.20,109.38,109.60,109.79,107.36,109.02,109.02,108.59,108.63,105.37,105.51,105.51,108.58,107.35,107.54,108.86,108.86,108.86,107.05,109.27,109.27,109.27,109.27,109.27,109.27,108.97,108.96,108.33,108.33,108.92,108.92,108.92,108.92,108.73,107.58,107.58,108.92,108.92,108.92,111.08,111.07,109.50,111.08,110.28,110.28,110.28,110.28,111.56,111.56,111.56,111.84,111.84,111.65,109.74,110.51,110.95,111.17,110.52,110.12,110.16,112.24,114.08,114.08,113.89,115.41,113.66,109.12,116.50,117.18,120.74,120.74,121.41,122.05,123.29,122.55,124.14,125.08,125.89,125.89,125.74,130.63,129.20,128.66,128.66,128.80,128.80,123.60,121.27,121.02,125.23,129.67,131.05,129.16,128.46,128.13,128.46,128.25,128.39,128.39,128.60,128.60,129.05,130.95,130.73,128.04,129.46,130.14,130.14,130.14,128.28,128.20,128.21,127.58,129.84,133.02,134.54
Producto,0.001720025,12131332,PROTECTOR SOLAR,101.92,103.92,116.81,113.43,104.95,105.47,105.47,105.47,105.47,108.91,111.32,115.19,115.19,115.86,115.86,115.86,119.18,126.05,121.57,120.85,120.85,121.02,122.35,121.84,116.66,123.59,127.04,126.16,127.04,116.64,118.12,124.74,118.01,125.23,116.59,127.59,112.60,119.49,127.59,127.59,127.59,127.59,124.00,116.43,109.78,107.75,107.75,107.74,104.71,98.95,105.01,105.01,107.74,107.74,105.47,98.60,98.76,98.76,97.99,97.99,94.78,84.16,92.97,99.83,98.65,98.65,98.64,98.65,98.65,97.94,97.94,97.94,97.94,90.72,92.29,91.54,92.54,91.55,94.10,92.95,91.07,90.73,83.85,87.96,81.20,80.35,80.09,84.71,88.96,88.96,90.32,85.41,91.10,92.59,95.51,102.49,98.64,97.70,96.82,110.36,116.51,116.10,113.00,109.56,116.10,116.10,116.52,118.96,118.96,111.18,125.44,121.43,129.99,129.99,129.99,124.57,129.32,132.64,128.41,125.44,126.35,121.67,115.70,121.92,130.68,132.07,119.92,117.15,128.80,144.49,136.15,141.51,138.36,135.32,127.49,144.78,143.49,147.53
Producto,0.002499479,12131333,CEPILLO DE DIENTES,103.99,103.99,103.99,106.30,106.30,106.30,106.30,106.30,109.60,119.94,123.87,127.17,126.18,126.18,126.13,125.08,122.09,128.91,131.22,131.22,131.22,131.22,131.22,131.15,131.16,117.31,117.31,117.31,117.31,115.16,113.08,113.08,113.08,113.08,113.08,104.41,122.13,122.13,122.13,122.13,120.81,120.81,119.85,120.81,120.81,120.81,110.10,119.64,120.77,118.99,122.26,122.26,122.26,122.26,122.26,118.52,111.51,127.09,121.60,117.49,118.58,120.65,120.68,120.68,121.67,122.10,121.09,121.68,116.44,115.76,115.50,115.50,112.19,121.13,120.86,114.09,119.26,122.82,122.82,116.21,117.71,121.44,114.72,123.46,117.24,122.55,133.74,134.50,128.83,132.85,118.81,126.98,125.54,126.87,113.97,135.32,120.52,123.30,134.51,123.42,126.27,127.26,124.31,131.03,135.73,120.73,132.00,123.42,124.70,122.69,123.18,134.37,134.02,134.25,132.45,133.71,134.44,129.31,121.20,122.69,125.37,121.64,125.78,127.23,127.48,134.00,122.91,129.54,126.40,132.61,136.99,132.01,137.18,137.67,125.82,138.53,140.41,132.70
Producto,0.002354339,12131334,CREMAS PARA LA PIEL,104.00,105.30,108.34,108.34,108.34,109.23,109.23,109.23,109.68,109.68,113.76,109.86,115.39,116.50,117.98,117.98,118.93,125.70,125.05,125.54,123.82,123.82,126.57,125.55,126.62,116.88,123.93,123.93,114.04,108.86,115.56,125.08,120.48,116.12,125.95,126.72,110.74,117.58,116.81,125.00,123.45,123.45,125.24,117.61,125.85,127.65,126.99,128.63,121.44,121.40,122.08,122.08,122.11,122.08,126.72,126.72,126.72,120.85,120.04,119.87,120.33,124.72,123.73,123.68,123.70,123.70,129.48,128.30,123.70,120.08,120.08,130.89,128.38,121.40,114.36,106.97,115.74,115.69,116.50,122.32,129.58,123.61,119.89,128.30,129.82,126.94,124.23,118.61,123.97,126.81,132.55,131.87,129.72,138.24,144.97,138.52,138.63,136.55,136.28,131.55,138.81,145.51,151.74,143.41,142.38,154.71,136.85,151.69,150.78,150.88,143.84,146.73,144.22,139.52,149.72,149.72,149.72,142.67,145.75,153.00,154.52,145.60,153.29,134.07,130.25,139.23,146.88,146.88,146.88,146.88,138.40,145.89,148.73,148.73,148.73,148.73,150.67,152.28
Producto,0.001011995,12131335,GEL Y FIJADOR DE CABELLO,105.31,106.89,108.34,109.23,111.13,111.71,110.62,110.07,110.37,110.75,110.46,110.15,110.37,110.15,111.91,109.65,109.83,109.39,111.34,112.33,110.95,108.92,112.17,113.54,113.52,109.42,108.83,108.83,108.86,107.52,108.22,108.81,109.70,107.97,107.32,107.34,106.62,108.06,108.16,108.16,107.51,106.73,106.73,106.75,106.75,106.73,106.72,106.06,108.30,108.30,107.83,106.81,107.21,107.87,104.73,106.48,105.82,109.83,109.83,110.46,108.88,110.06,111.62,112.39,111.68,111.70,111.70,111.32,111.68,111.68,111.02,111.85,111.93,111.82,111.29,112.18,111.73,112.89,112.43,112.13,113.35,109.37,111.74,113.80,113.51,112.96,114.09,114.22,116.41,111.96,112.45,113.27,113.27,114.30,113.79,115.61,111.72,115.75,114.92,121.53,121.36,115.37,122.13,122.47,116.89,120.14,123.08,123.50,120.75,123.24,124.48,127.54,127.78,124.11,127.68,128.36,127.51,123.84,128.62,126.79,126.41,131.01,133.75,134.99,135.94,134.63,133.29,131.05,136.99,136.07,139.06,137.57,134.06,137.80,137.71,141.58,141.13,143.21
Producto,0.004292512,12131336,DESODORANTE ,103.68,104.14,104.14,104.14,113.66,113.66,113.66,113.66,114.16,114.16,114.16,114.65,114.65,114.65,114.65,114.56,114.65,115.53,115.53,117.18,117.18,117.10,115.12,115.12,116.08,114.41,116.08,116.08,116.08,115.31,115.20,113.74,112.06,113.37,112.84,114.63,113.42,113.42,109.65,115.87,108.62,108.62,108.62,108.62,108.62,108.62,111.19,112.51,112.51,112.51,109.40,107.67,112.51,110.85,110.70,110.22,110.70,110.70,110.22,110.22,108.63,111.72,111.72,112.96,112.34,112.34,110.44,112.34,108.18,110.11,110.93,110.93,113.69,113.03,107.36,119.64,120.09,120.35,121.98,120.03,105.50,114.19,109.54,126.14,109.72,116.08,116.54,121.32,116.56,121.96,130.13,119.73,112.49,116.21,121.26,125.94,134.07,131.34,133.92,131.21,133.54,133.54,132.82,142.68,142.68,142.68,142.68,137.76,137.76,141.11,149.75,151.99,151.99,147.65,144.33,146.75,156.00,153.13,157.53,157.13,157.27,146.95,157.94,160.87,169.71,171.22,163.26,163.26,162.03,171.22,172.57,156.28,156.41,170.02,171.46,171.46,171.46,171.46
Producto,0.002994925,12131337,JABÓN PARA TOCADOR,99.04,99.04,99.04,99.04,99.70,99.30,99.30,99.30,101.76,101.76,101.76,99.70,99.70,99.70,99.70,99.30,98.91,99.30,99.89,99.89,102.32,99.69,101.96,101.41,101.41,101.41,101.90,101.90,102.71,99.30,102.74,101.36,101.76,101.76,102.12,99.70,99.70,99.70,99.70,99.70,99.70,99.50,99.50,99.50,99.50,99.50,99.50,102.19,102.19,102.19,101.04,100.92,101.23,100.92,97.53,99.17,99.30,99.47,104.85,105.17,101.33,101.33,92.24,94.00,94.00,93.69,93.69,93.72,90.34,103.20,104.85,104.85,103.54,103.71,103.54,101.74,103.54,107.38,107.38,106.47,106.12,106.28,105.91,103.70,103.53,107.05,106.63,106.63,103.80,103.80,107.66,104.70,107.10,105.17,104.22,104.22,103.89,103.89,108.71,108.71,108.71,106.87,108.76,108.76,108.76,109.57,109.57,109.57,109.79,109.79,109.79,110.96,110.14,109.93,109.07,109.07,109.07,109.78,109.78,109.78,109.78,110.50,110.50,110.50,110.50,110.50,107.87,107.87,111.67,113.17,113.17,113.64,113.64,111.02,111.02,111.02,111.02,111.02
Producto,0.004570035,12131338,PAÑALES DESECHABLES,97.67,97.83,97.83,94.90,97.83,97.83,97.83,98.47,100.04,100.04,100.04,100.46,100.56,100.42,101.18,101.18,101.18,103.01,103.01,102.43,102.78,102.78,102.70,100.91,97.62,99.70,94.51,92.95,88.68,84.31,82.80,80.89,82.80,80.70,80.36,78.23,80.28,80.28,78.24,78.89,75.45,72.60,73.31,76.64,76.97,76.64,76.64,78.00,77.16,76.59,77.54,78.52,78.52,78.94,76.39,77.63,78.30,78.64,78.64,78.64,78.61,77.67,77.67,77.19,77.17,77.57,72.40,67.66,67.66,63.00,63.39,63.14,63.17,64.29,59.86,60.18,60.18,60.55,58.58,58.58,61.29,62.54,51.14,55.45,61.33,61.33,53.44,59.27,60.60,60.60,60.60,63.98,60.84,62.86,63.93,62.35,62.35,60.07,59.82,58.97,58.31,58.38,59.31,57.76,58.57,62.24,62.24,62.24,66.90,66.90,66.74,65.13,67.85,68.38,61.90,68.99,68.73,64.91,65.42,66.65,66.34,63.58,68.68,69.89,70.70,64.80,68.04,64.76,68.65,72.01,72.01,72.01,72.01,72.01,69.79,70.95,70.95,70.95
Producto,0.005079289,12131339,PAPEL HIGIÉNICO,97.63,99.88,100.50,100.96,99.84,99.22,99.40,99.40,97.15,99.30,98.25,92.18,93.86,92.70,92.89,92.36,94.23,94.50,95.52,97.01,97.01,96.02,96.02,96.18,96.18,96.18,95.52,92.01,92.67,92.41,92.41,92.41,88.79,90.13,86.58,86.58,90.28,86.58,86.58,86.58,86.58,86.58,85.14,85.14,85.14,84.70,84.70,84.70,84.70,85.51,85.51,85.21,85.21,82.87,85.21,85.95,85.95,83.97,85.95,85.95,84.14,84.14,84.14,85.36,85.36,85.36,84.44,82.78,81.34,81.34,79.10,76.74,76.41,75.19,75.19,77.54,77.54,76.05,77.54,74.96,74.28,69.21,71.80,71.80,72.48,71.65,73.72,76.89,71.67,74.93,79.63,85.71,87.52,85.48,85.99,84.97,83.36,83.36,81.81,81.81,81.81,77.97,77.97,86.38,86.38,81.86,81.45,81.45,82.63,80.81,82.35,80.80,80.37,80.70,81.71,81.71,81.32,81.32,82.89,82.89,82.89,82.38,80.38,80.38,80.38,80.38,81.49,82.31,79.51,82.18,81.66,84.25,87.46,86.72,83.62,86.72,86.72,84.86
Producto,0.003593665,12131340,PASTA DENTAL,107.91,109.41,110.08,115.12,112.30,116.19,118.41,118.41,119.47,125.19,128.51,129.46,131.59,134.31,134.31,129.07,134.46,131.39,152.73,152.46,152.46,152.46,159.61,166.24,165.78,169.89,170.44,171.95,172.56,173.55,173.55,179.11,172.92,162.96,162.96,171.87,168.46,173.38,174.41,174.41,174.41,174.61,174.61,174.61,175.31,175.31,175.31,177.62,175.31,174.91,175.31,175.31,175.66,175.66,175.66,175.66,175.66,174.02,174.93,185.55,175.35,176.99,187.69,184.83,184.83,185.01,186.03,185.86,185.68,187.52,188.13,188.13,187.52,189.47,189.05,188.87,190.01,187.97,187.97,189.00,190.01,181.23,190.93,190.93,193.68,197.32,198.72,198.72,196.66,196.66,196.66,194.79,194.79,196.66,196.66,196.66,193.88,194.79,193.88,188.54,194.79,193.88,194.79,194.79,195.74,189.52,196.66,195.56,193.68,196.88,199.53,202.39,201.42,201.41,201.41,201.41,186.46,185.88,186.31,199.25,199.25,199.25,192.38,193.23,193.23,194.20,187.16,187.16,195.65,195.65,190.87,191.67,218.24,218.24,214.42,214.42,214.42,214.06
Producto,0.006820282,12131341,PERFUMES,102.79,102.79,100.10,100.10,100.10,100.10,100.10,99.93,99.93,100.14,100.14,100.14,100.14,100.14,100.16,100.13,100.09,102.72,102.72,103.11,102.80,104.87,107.57,107.57,107.61,106.56,106.56,106.56,106.59,105.20,104.65,104.84,107.23,107.07,107.07,107.07,105.76,105.79,105.12,104.45,104.45,104.81,106.45,106.27,106.27,106.23,106.15,106.15,106.15,107.11,105.92,106.12,106.15,104.15,104.37,104.44,105.74,103.29,105.28,104.26,102.67,103.79,103.79,106.55,104.49,104.49,104.45,105.90,106.00,106.86,107.50,106.58,108.14,101.98,99.63,99.63,102.07,101.78,101.78,108.03,109.78,109.63,110.13,110.11,106.72,107.88,108.33,108.06,106.74,106.74,105.87,108.22,107.80,107.80,107.80,108.79,108.76,108.81,108.07,108.63,108.63,108.63,111.10,109.67,103.89,107.31,107.62,107.44,107.95,107.95,107.96,116.36,116.36,116.62,116.96,118.40,117.81,117.82,114.07,114.86,114.45,115.59,114.35,114.35,114.50,115.67,115.67,115.91,115.57,115.67,116.17,114.73,116.17,117.13,118.16,117.26,118.16,119.07
Producto,0.00297812,12131342,TOALLAS SANITARIAS,109.99,112.00,116.95,120.27,118.40,118.99,121.23,123.18,123.18,123.18,123.61,123.70,124.15,123.70,124.59,124.59,124.88,132.17,132.77,127.76,125.11,125.26,123.72,122.30,123.03,123.91,123.91,124.66,120.63,124.51,122.51,123.01,123.66,123.66,122.90,122.98,122.90,122.90,121.77,122.18,122.18,123.49,122.94,122.52,124.52,124.52,124.52,124.52,124.45,124.28,124.78,124.95,124.78,124.95,124.58,125.30,125.30,125.65,125.56,123.28,125.39,125.39,125.39,125.03,125.36,125.32,125.77,125.77,125.15,125.18,128.47,128.47,128.47,132.98,132.10,131.70,131.70,129.77,130.15,130.54,130.86,131.11,132.68,131.80,129.78,126.23,123.93,122.87,122.24,122.77,122.77,123.47,123.47,123.47,121.57,123.47,121.92,122.59,122.59,123.03,123.03,123.03,121.72,117.88,119.54,117.57,119.67,120.61,120.61,122.41,123.60,121.87,122.43,121.33,119.99,122.74,123.21,124.48,122.20,123.67,118.82,117.33,119.05,117.51,117.43,121.59,121.59,122.71,121.26,118.96,121.03,120.63,117.79,123.48,124.29,125.72,121.65,120.54
Producto,0.001590334,12131343,RASURADORA,116.67,116.67,116.67,116.67,116.67,116.67,114.62,117.64,117.64,118.40,112.84,112.84,122.40,120.75,120.75,122.62,120.47,122.81,127.33,125.25,125.25,125.25,122.76,121.82,121.82,122.95,126.39,118.50,129.14,126.70,126.56,130.66,130.59,123.48,123.48,129.19,129.14,129.14,129.14,129.14,129.14,129.19,125.15,129.14,129.14,129.14,129.14,129.46,130.87,128.21,131.97,131.47,116.30,130.79,113.98,130.16,126.17,130.87,130.87,130.87,130.87,130.93,130.86,130.87,132.10,132.10,127.94,132.82,132.75,127.94,127.94,123.89,130.12,133.44,127.05,119.90,134.26,110.85,118.05,121.57,134.86,134.66,134.86,120.85,126.43,125.54,151.63,151.71,151.95,152.27,151.95,152.23,151.80,151.80,151.80,152.38,148.28,155.12,155.12,155.12,155.12,155.12,155.15,155.11,155.15,155.15,155.12,150.92,153.64,158.19,159.19,163.48,163.48,164.72,156.46,148.76,166.13,166.13,161.42,161.55,168.02,167.53,166.44,167.86,166.50,166.76,166.76,159.79,146.25,157.44,151.72,162.07,158.73,152.91,160.00,160.00,160.00,159.14
Producto,0.005288909,12131344,SHAMPOO,96.00,96.00,96.00,95.03,97.22,97.22,96.19,94.95,94.95,94.95,96.19,96.19,96.88,97.23,97.58,96.33,98.49,99.21,98.28,99.73,99.73,99.65,99.73,99.73,99.66,98.79,98.79,98.79,98.79,98.20,98.30,98.30,97.04,95.80,95.80,95.80,97.34,97.34,95.80,95.80,95.80,95.97,95.97,97.29,97.29,97.60,97.06,97.99,98.91,98.78,98.78,98.78,98.78,98.78,98.78,98.78,98.78,98.99,98.99,98.99,96.98,99.33,99.33,99.33,98.99,98.99,97.29,97.97,98.99,100.95,100.95,100.95,100.95,100.95,100.95,100.95,101.69,101.69,102.44,102.44,103.19,102.19,99.59,99.59,99.98,98.73,98.23,98.23,100.64,100.37,99.81,99.81,101.06,101.54,101.54,103.17,103.17,103.59,103.59,103.59,102.19,105.50,103.07,102.21,102.43,102.43,102.43,101.14,104.40,104.40,100.61,105.86,108.48,108.48,102.76,110.82,110.86,112.08,111.66,110.67,112.98,113.91,110.66,113.53,117.44,113.33,110.39,110.39,115.97,117.45,122.80,119.44,122.24,122.56,125.98,122.19,122.19,121.54
Producto,0.000498704,12131345,TALCO PARA PIES,101.36,101.36,101.36,103.34,103.01,105.26,104.84,104.84,104.84,104.84,102.64,104.84,104.84,104.84,104.84,104.84,102.39,112.04,114.48,113.10,113.10,113.10,113.10,113.10,111.46,113.05,111.67,107.30,111.06,107.22,105.32,111.30,111.30,111.30,111.30,110.41,111.55,110.41,108.62,110.40,109.89,102.50,111.33,112.69,111.64,107.18,112.75,114.93,117.70,116.24,117.75,117.75,111.80,112.65,87.75,102.41,93.24,116.28,106.77,112.77,109.55,108.90,109.15,114.40,109.65,119.35,115.33,111.55,117.80,112.77,110.79,94.74,105.18,101.48,111.96,95.91,103.21,93.21,99.93,100.05,109.08,96.58,118.37,115.26,115.76,106.62,125.41,106.11,126.10,119.05,125.56,121.43,132.12,134.20,120.47,125.80,118.06,113.08,117.76,120.36,120.11,114.33,125.36,125.44,125.38,125.36,125.36,125.38,121.50,112.11,110.47,111.37,121.61,118.54,122.34,118.28,122.37,122.45,119.45,116.38,117.50,109.52,122.41,121.30,114.08,120.10,116.35,119.25,123.73,127.29,117.97,123.04,115.00,118.85,114.94,120.53,117.05,111.08
Producto,0.000629224,12131346,TINTE PARA EL CABELLO,103.00,103.00,103.00,103.00,103.00,103.00,103.00,103.00,103.00,103.00,103.00,103.00,103.00,103.00,103.00,103.99,105.13,106.75,106.75,106.75,107.40,107.40,97.69,105.17,105.17,105.17,98.81,106.08,103.13,105.69,106.99,107.89,105.97,97.87,104.55,95.65,93.62,105.89,105.89,105.89,107.07,107.07,109.33,106.03,108.95,108.06,108.06,108.06,108.06,108.61,110.58,108.45,108.45,108.45,108.45,108.45,108.45,108.45,108.45,108.45,108.45,108.45,108.45,108.45,108.45,108.45,108.45,108.45,107.88,107.88,107.88,107.88,107.88,107.88,107.85,104.95,107.53,108.72,103.69,101.24,101.24,101.24,101.24,101.24,101.24,98.03,96.80,97.20,92.94,101.16,101.16,101.16,99.59,99.59,99.59,101.36,106.02,103.68,106.02,106.02,103.17,106.36,95.93,95.93,95.93,95.93,95.93,95.93,90.70,95.92,92.68,94.36,99.54,99.22,95.82,83.06,89.78,89.78,95.31,93.73,93.73,93.35,90.77,93.05,93.05,95.60,96.43,96.73,91.25,93.15,93.15,95.79,95.79,95.79,95.79,95.79,91.25,95.79
Grupo,0.005113601,123,Efectos personales n.e.p.,99.95,98.80,98.80,98.58,98.51,99.60,100.14,100.90,104.85,105.08,104.56,104.56,104.42,104.42,103.76,104.40,104.26,104.67,106.77,106.87,108.29,107.52,107.87,108.01,107.66,107.85,109.68,110.06,108.78,107.99,108.19,108.30,109.36,109.18,109.44,109.44,109.80,110.06,109.93,110.43,109.82,109.82,109.67,109.35,108.38,109.09,108.28,108.16,108.16,108.16,107.73,106.37,106.45,106.34,107.10,107.04,107.63,106.97,105.47,104.44,103.30,105.08,106.25,106.25,106.68,107.85,107.75,107.75,107.75,107.40,107.40,107.40,106.53,106.10,106.47,105.98,104.74,104.74,104.56,104.00,102.60,101.56,102.42,100.66,101.68,101.68,103.18,106.34,107.92,108.26,110.36,109.44,107.91,107.51,109.79,109.45,108.99,109.04,108.01,107.90,107.54,106.79,108.82,108.95,108.95,108.78,109.04,109.71,109.09,109.11,108.95,109.63,110.08,110.83,112.27,113.71,110.68,110.11,110.94,110.94,113.04,113.36,113.70,114.80,116.15,116.11,116.70,119.42,119.42,123.19,124.09,129.92,132.22,133.34,133.56,133.37,133.37,131.08
Clase,0.00186482,1231,"Joyería, relojes de pared y relojes de pulsera (D)",107.34,104.69,104.69,103.35,103.14,105.59,107.16,109.09,109.09,109.09,109.09,109.09,109.09,109.09,106.78,108.64,108.64,109.70,115.77,115.77,115.77,115.77,116.76,116.76,115.77,116.76,122.07,123.18,120.44,118.17,118.73,118.73,121.73,121.14,121.14,121.14,121.73,122.48,122.11,123.54,121.78,121.78,121.78,121.19,118.11,120.16,119.73,119.73,119.73,119.73,118.64,116.60,115.97,117.25,120.55,120.39,123.31,123.31,121.44,119.21,115.54,120.70,124.88,124.88,125.98,129.37,129.37,129.37,129.37,128.34,128.34,128.34,126.87,125.94,127.74,127.74,126.87,126.87,126.87,126.87,121.90,120.48,121.59,118.06,118.92,118.92,123.25,132.39,136.96,137.94,144.24,141.60,140.61,140.61,141.60,140.61,139.56,139.56,136.32,138.23,138.23,136.32,140.51,140.51,140.51,139.76,140.51,142.44,141.67,141.67,141.54,142.93,144.54,146.32,148.98,153.48,153.48,152.92,155.31,155.31,163.28,164.21,164.21,167.39,171.31,172.23,173.94,181.81,181.81,193.55,197.49,214.37,220.01,223.26,224.33,223.77,223.77,217.14
Subclase,0.00186482,12311,"Joyería, relojes de pared y relojes de pulsera",107.34,104.69,104.69,103.35,103.14,105.59,107.16,109.09,109.09,109.09,109.09,109.09,109.09,109.09,106.78,108.64,108.64,109.70,115.77,115.77,115.77,115.77,116.76,116.76,115.77,116.76,122.07,123.18,120.44,118.17,118.73,118.73,121.73,121.14,121.14,121.14,121.73,122.48,122.11,123.54,121.78,121.78,121.78,121.19,118.11,120.16,119.73,119.73,119.73,119.73,118.64,116.60,115.97,117.25,120.55,120.39,123.31,123.31,121.44,119.21,115.54,120.70,124.88,124.88,125.98,129.37,129.37,129.37,129.37,128.34,128.34,128.34,126.87,125.94,127.74,127.74,126.87,126.87,126.87,126.87,121.90,120.48,121.59,118.06,118.92,118.92,123.25,132.39,136.96,137.94,144.24,141.60,140.61,140.61,141.60,140.61,139.56,139.56,136.32,138.23,138.23,136.32,140.51,140.51,140.51,139.76,140.51,142.44,141.67,141.67,141.54,142.93,144.54,146.32,148.98,153.48,153.48,152.92,155.31,155.31,163.28,164.21,164.21,167.39,171.31,172.23,173.94,181.81,181.81,193.55,197.49,214.37,220.01,223.26,224.33,223.77,223.77,217.14
Producto,0.000795115,12311347,RELOJ DE MANO,117.08,117.08,117.08,117.08,117.08,120.31,130.67,133.98,133.98,133.98,133.98,133.98,133.98,133.98,133.98,133.98,133.98,133.98,137.21,137.21,137.21,137.21,137.21,137.21,137.21,137.21,148.27,148.27,141.37,141.37,142.78,142.78,142.43,142.43,142.43,142.43,142.43,142.43,142.43,142.43,142.56,142.56,142.56,142.56,142.56,142.56,142.56,142.56,142.56,142.56,142.56,142.56,140.95,140.95,140.95,140.95,143.41,143.41,143.41,143.41,143.41,143.41,143.41,143.41,143.41,143.41,143.41,143.41,143.41,143.41,143.41,143.41,143.41,143.41,143.41,143.41,143.41,143.41,143.41,143.41,128.96,128.96,128.96,123.22,123.22,123.22,130.94,149.11,160.63,160.63,174.73,169.84,169.84,169.84,169.84,169.84,169.84,169.84,159.02,159.02,159.02,159.02,167.10,167.10,167.10,167.10,167.10,167.10,167.10,167.10,167.10,165.67,165.19,165.19,165.19,167.10,167.10,165.67,165.67,165.67,165.67,165.67,165.67,165.67,164.26,164.26,164.26,165.67,165.67,165.67,165.67,165.67,165.67,165.67,165.67,164.26,164.26,164.26
Producto,0.001069704,12311348,ANILLO,100.95,96.54,96.54,94.33,93.98,95.93,91.71,92.74,92.74,92.74,92.74,92.74,92.74,92.74,88.91,91.99,91.99,93.76,101.68,101.68,101.68,101.68,103.32,103.32,101.68,103.32,104.86,106.70,106.70,102.94,102.94,102.94,108.12,107.15,107.15,107.15,108.12,109.37,108.75,111.13,108.12,108.12,108.12,107.15,102.04,105.45,104.74,104.74,104.74,104.74,102.93,99.56,99.56,101.68,107.15,106.88,110.11,110.11,107.00,103.32,97.24,105.78,112.71,112.71,114.53,120.15,120.15,120.15,120.15,118.45,118.45,118.45,116.00,114.47,117.44,117.44,116.00,116.00,116.00,116.00,117.26,114.90,116.74,114.68,116.10,116.10,118.19,121.41,121.41,123.04,124.22,123.04,121.41,121.41,123.04,121.41,119.66,119.66,121.41,124.57,124.57,121.41,123.04,123.04,123.04,121.80,123.04,126.24,124.97,124.97,124.74,127.99,130.98,133.93,138.34,144.54,144.54,144.54,148.51,148.51,161.70,163.25,163.25,168.52,175.95,177.46,180.30,192.42,192.42,211.86,218.40,246.37,255.70,261.09,262.87,262.87,262.87,251.87
Clase,0.003248781,1232,Otros efectos personales (SD),96.05,95.69,95.69,96.07,96.07,96.43,96.43,96.57,102.61,102.96,102.16,102.16,101.95,101.95,102.16,102.16,101.95,102.02,102.02,102.18,104.34,103.17,103.17,103.39,103.39,103.15,103.13,103.13,102.62,102.62,102.62,102.79,102.84,102.86,103.27,103.27,103.50,103.50,103.50,103.50,103.50,103.50,103.27,103.10,103.25,103.25,102.24,102.04,102.04,102.04,101.97,100.96,101.42,100.58,99.99,99.99,99.35,98.34,97.04,96.63,96.83,96.83,96.41,96.41,96.48,96.48,96.34,96.34,96.34,96.34,96.34,96.34,95.79,95.61,95.24,94.48,93.06,93.06,92.78,91.93,92.40,91.58,92.30,91.47,92.58,92.58,92.58,92.58,92.58,92.58,92.46,92.46,90.63,90.03,92.98,92.98,92.84,92.91,93.06,91.88,91.33,91.19,92.08,92.28,92.28,92.42,92.42,92.42,91.87,91.92,91.74,92.04,91.88,92.09,92.88,92.71,88.07,87.50,87.50,87.50,86.50,86.50,87.02,87.02,87.02,86.47,86.47,86.47,86.47,86.03,85.32,85.32,85.85,85.85,85.62,85.62,85.62,85.62
Subclase,0.003248781,12321,Artículos personales varios,96.05,95.69,95.69,96.07,96.07,96.43,96.43,96.57,102.61,102.96,102.16,102.16,101.95,101.95,102.16,102.16,101.95,102.02,102.02,102.18,104.34,103.17,103.17,103.39,103.39,103.15,103.13,103.13,102.62,102.62,102.62,102.79,102.84,102.86,103.27,103.27,103.50,103.50,103.50,103.50,103.50,103.50,103.27,103.10,103.25,103.25,102.24,102.04,102.04,102.04,101.97,100.96,101.42,100.58,99.99,99.99,99.35,98.34,97.04,96.63,96.83,96.83,96.41,96.41,96.48,96.48,96.34,96.34,96.34,96.34,96.34,96.34,95.79,95.61,95.24,94.48,93.06,93.06,92.78,91.93,92.40,91.58,92.30,91.47,92.58,92.58,92.58,92.58,92.58,92.58,92.46,92.46,90.63,90.03,92.98,92.98,92.84,92.91,93.06,91.88,91.33,91.19,92.08,92.28,92.28,92.42,92.42,92.42,91.87,91.92,91.74,92.04,91.88,92.09,92.88,92.71,88.07,87.50,87.50,87.50,86.50,86.50,87.02,87.02,87.02,86.47,86.47,86.47,86.47,86.03,85.32,85.32,85.85,85.85,85.62,85.62,85.62,85.62
Producto,0.001199458,12321349,BOLSOS Y CARTERAS,99.26,99.26,99.26,100.71,100.71,102.09,102.09,102.63,102.63,102.63,102.63,102.63,102.63,102.63,102.63,102.63,102.63,102.63,102.63,102.63,102.92,102.92,102.92,102.92,102.92,102.92,103.48,103.48,103.48,103.48,103.48,104.12,104.12,104.87,104.87,104.87,104.87,104.87,104.87,104.87,104.87,104.87,103.99,103.35,103.35,103.35,103.35,103.35,103.35,103.35,103.35,99.51,99.51,96.75,96.75,96.75,93.56,93.56,90.82,88.31,89.05,89.05,89.05,89.05,89.05,89.05,88.51,88.51,88.51,88.51,88.51,88.51,86.41,86.41,86.41,85.84,80.40,80.40,79.36,79.36,79.36,79.36,79.36,78.61,79.36,79.36,79.36,79.36,79.36,79.36,79.36,79.36,79.36,79.36,77.85,77.85,77.85,78.12,78.12,75.83,73.73,73.73,73.73,74.50,74.50,75.02,75.02,75.02,72.95,72.95,72.95,73.42,72.81,72.81,72.81,72.81,67.90,67.90,67.90,67.90,64.09,64.09,64.09,64.09,64.09,62.57,62.57,62.57,62.57,62.57,59.84,59.84,61.90,61.90,61.02,61.02,61.02,61.02
Producto,0.000405411,12321350,GAFAS PARA SOL,95.13,93.24,93.24,93.24,93.24,93.24,93.24,93.24,93.24,95.03,95.03,95.03,93.95,93.95,95.03,95.03,93.95,94.29,94.29,95.10,95.10,95.10,95.10,96.21,96.21,94.97,94.16,94.16,91.48,91.48,91.48,91.48,91.48,91.48,91.48,91.48,92.68,92.68,92.68,92.68,92.68,92.68,92.68,92.68,93.44,93.44,93.44,92.43,92.43,92.43,92.06,92.06,94.41,93.83,90.75,90.75,89.16,89.16,89.16,90.48,90.48,90.48,88.32,88.32,88.68,88.68,88.68,88.68,88.68,88.68,88.68,88.68,88.68,87.79,85.85,82.72,82.72,82.72,82.72,78.30,80.76,81.51,80.09,76.81,81.51,81.51,81.51,81.51,81.51,81.51,80.91,80.91,80.91,81.51,81.51,81.51,80.79,80.79,81.54,78.56,78.56,77.84,82.42,82.42,82.42,82.42,82.42,82.42,82.42,82.64,81.75,82.65,82.65,83.72,87.78,86.90,86.90,86.90,86.90,86.90,86.90,86.90,89.58,89.58,89.58,88.77,88.77,88.77,88.77,88.77,88.77,88.77,88.77,88.77,88.77,88.77,88.77,88.77
Producto,0.001643913,12321351,MOCHILA ESCOLAR,94.83,94.83,94.83,94.83,94.83,94.83,94.83,94.83,105.93,105.93,104.47,104.47,104.47,104.47,104.47,104.47,104.47,104.47,104.47,104.47,108.32,106.16,106.16,106.16,106.16,106.16,106.16,106.16,106.16,106.16,106.16,106.16,106.25,105.93,106.69,106.69,106.69,106.69,106.69,106.69,106.69,106.69,106.69,106.69,106.69,106.69,104.83,104.83,104.83,104.83,104.83,104.83,104.83,104.83,104.83,104.83,105.76,103.92,102.84,102.84,102.84,102.84,102.84,102.84,102.84,102.84,102.84,102.84,102.84,102.84,102.84,102.84,102.84,102.84,102.84,102.84,102.84,102.84,102.84,102.84,102.84,101.04,102.88,102.88,102.88,102.88,102.88,102.88,102.88,102.88,102.88,102.88,99.53,98.21,104.36,104.36,104.36,104.36,104.36,104.36,104.36,104.36,104.36,104.36,104.36,104.36,104.36,104.36,104.36,104.36,104.36,104.36,104.36,104.36,104.36,104.36,98.22,97.17,97.17,97.17,97.17,97.17,97.17,97.17,97.17,97.17,97.17,97.17,97.17,96.37,96.37,96.37,96.37,96.37,96.37,96.37,96.37,96.37
Grupo,0.001631014,124,Protección social,104.30,104.30,104.30,104.30,104.30,104.30,104.30,104.30,107.40,107.40,107.40,107.40,107.40,107.40,107.40,107.40,107.40,107.40,107.40,107.40,105.29,105.29,105.29,105.29,105.29,105.29,105.29,105.29,105.29,105.29,105.29,105.29,105.29,105.29,105.29,105.29,105.29,105.29,105.29,105.29,105.29,105.29,105.29,105.21,105.21,105.21,105.21,105.21,107.07,107.07,107.07,107.07,107.07,107.07,107.07,107.07,102.21,102.21,107.07,107.07,107.07,107.07,107.07,107.07,107.07,107.07,107.07,107.07,107.07,107.07,107.07,107.07,107.07,107.07,107.07,107.07,107.07,107.07,107.07,107.07,107.07,107.07,107.07,107.07,107.07,107.07,107.07,107.07,107.18,107.18,107.18,107.18,110.34,110.34,110.34,110.34,110.34,110.34,110.34,110.34,110.34,110.34,110.34,110.34,110.34,110.34,110.34,110.34,110.34,110.34,110.34,110.34,110.34,110.34,110.34,110.34,110.34,110.34,110.34,110.34,110.34,110.34,110.34,110.34,110.34,110.34,110.34,110.34,110.34,110.34,110.34,110.34,110.34,110.34,110.34,110.34,110.34,110.34
Clase,0.001631014,1240,Protección social (S),104.30,104.30,104.30,104.30,104.30,104.30,104.30,104.30,107.40,107.40,107.40,107.40,107.40,107.40,107.40,107.40,107.40,107.40,107.40,107.40,105.29,105.29,105.29,105.29,105.29,105.29,105.29,105.29,105.29,105.29,105.29,105.29,105.29,105.29,105.29,105.29,105.29,105.29,105.29,105.29,105.29,105.29,105.29,105.21,105.21,105.21,105.21,105.21,107.07,107.07,107.07,107.07,107.07,107.07,107.07,107.07,102.21,102.21,107.07,107.07,107.07,107.07,107.07,107.07,107.07,107.07,107.07,107.07,107.07,107.07,107.07,107.07,107.07,107.07,107.07,107.07,107.07,107.07,107.07,107.07,107.07,107.07,107.07,107.07,107.07,107.07,107.07,107.07,107.18,107.18,107.18,107.18,110.34,110.34,110.34,110.34,110.34,110.34,110.34,110.34,110.34,110.34,110.34,110.34,110.34,110.34,110.34,110.34,110.34,110.34,110.34,110.34,110.34,110.34,110.34,110.34,110.34,110.34,110.34,110.34,110.34,110.34,110.34,110.34,110.34,110.34,110.34,110.34,110.34,110.34,110.34,110.34,110.34,110.34,110.34,110.34,110.34,110.34
Subclase,0.001631014,12401,Guarderías y casas cunas,104.30,104.30,104.30,104.30,104.30,104.30,104.30,104.30,107.40,107.40,107.40,107.40,107.40,107.40,107.40,107.40,107.40,107.40,107.40,107.40,105.29,105.29,105.29,105.29,105.29,105.29,105.29,105.29,105.29,105.29,105.29,105.29,105.29,105.29,105.29,105.29,105.29,105.29,105.29,105.29,105.29,105.29,105.29,105.21,105.21,105.21,105.21,105.21,107.07,107.07,107.07,107.07,107.07,107.07,107.07,107.07,102.21,102.21,107.07,107.07,107.07,107.07,107.07,107.07,107.07,107.07,107.07,107.07,107.07,107.07,107.07,107.07,107.07,107.07,107.07,107.07,107.07,107.07,107.07,107.07,107.07,107.07,107.07,107.07,107.07,107.07,107.07,107.07,107.18,107.18,107.18,107.18,110.34,110.34,110.34,110.34,110.34,110.34,110.34,110.34,110.34,110.34,110.34,110.34,110.34,110.34,110.34,110.34,110.34,110.34,110.34,110.34,110.34,110.34,110.34,110.34,110.34,110.34,110.34,110.34,110.34,110.34,110.34,110.34,110.34,110.34,110.34,110.34,110.34,110.34,110.34,110.34,110.34,110.34,110.34,110.34,110.34,110.34
Producto,0.001631014,12401352,SERVICIO DE GUARDERÍAS INFANTILES,104.30,104.30,104.30,104.30,104.30,104.30,104.30,104.30,107.40,107.40,107.40,107.40,107.40,107.40,107.40,107.40,107.40,107.40,107.40,107.40,105.29,105.29,105.29,105.29,105.29,105.29,105.29,105.29,105.29,105.29,105.29,105.29,105.29,105.29,105.29,105.29,105.29,105.29,105.29,105.29,105.29,105.29,105.29,105.21,105.21,105.21,105.21,105.21,107.07,107.07,107.07,107.07,107.07,107.07,107.07,107.07,102.21,102.21,107.07,107.07,107.07,107.07,107.07,107.07,107.07,107.07,107.07,107.07,107.07,107.07,107.07,107.07,107.07,107.07,107.07,107.07,107.07,107.07,107.07,107.07,107.07,107.07,107.07,107.07,107.07,107.07,107.07,107.07,107.18,107.18,107.18,107.18,110.34,110.34,110.34,110.34,110.34,110.34,110.34,110.34,110.34,110.34,110.34,110.34,110.34,110.34,110.34,110.34,110.34,110.34,110.34,110.34,110.34,110.34,110.34,110.34,110.34,110.34,110.34,110.34,110.34,110.34,110.34,110.34,110.34,110.34,110.34,110.34,110.34,110.34,110.34,110.34,110.34,110.34,110.34,110.34,110.34,110.34
Grupo,0.012280717,125,Seguros,100.10,100.10,100.10,100.10,100.10,100.10,100.10,100.10,100.10,99.37,99.37,99.37,99.52,99.52,99.52,99.52,99.52,99.52,99.52,99.52,99.52,99.52,99.52,99.52,99.94,99.94,99.94,99.94,99.94,99.94,99.94,99.94,99.94,99.94,99.94,99.94,100.35,100.35,100.35,100.35,100.35,100.35,100.35,100.35,100.35,100.35,100.35,100.35,100.35,100.35,100.35,100.35,100.35,100.35,100.35,100.35,100.35,100.35,100.35,100.35,100.35,100.35,100.35,100.35,100.35,100.35,100.35,100.35,100.35,100.35,100.35,100.35,100.35,100.35,100.35,100.35,100.35,100.35,100.35,100.35,100.35,100.35,100.35,100.35,100.35,100.35,100.35,100.35,100.35,100.35,100.35,100.35,100.35,100.35,100.35,100.35,100.35,100.35,100.35,100.35,100.35,100.35,100.35,100.35,100.35,100.35,100.35,100.35,100.35,100.35,100.35,100.35,100.35,100.35,100.35,100.35,100.35,100.35,100.35,100.35,100.35,100.35,100.35,100.35,100.35,100.35,100.35,100.35,100.35,100.35,100.35,100.35,100.35,100.35,100.35,100.35,100.35,100.35
Clase,0.000275555,1252,Seguro relacionado con la vivienda (S),97.90,97.90,97.90,97.90,97.90,97.90,97.90,97.90,97.90,97.90,97.90,97.90,97.90,97.90,97.90,97.90,97.90,97.90,97.90,97.90,97.90,97.90,97.90,97.90,98.17,98.17,98.17,98.17,98.17,98.17,98.17,98.17,98.17,98.17,98.17,98.17,96.69,96.69,96.69,96.69,96.69,96.69,96.69,96.69,96.69,96.69,96.69,96.69,96.69,96.69,96.69,96.69,96.69,96.69,96.69,96.69,96.69,96.69,96.69,96.69,96.69,96.69,96.69,96.69,96.69,96.69,96.69,96.69,96.69,96.69,96.69,96.69,96.69,96.69,96.69,96.69,96.69,96.69,96.69,96.69,96.69,96.69,96.69,96.69,96.69,96.69,96.69,96.69,96.69,96.69,96.69,96.69,96.69,96.69,96.69,96.69,96.69,96.69,96.69,96.69,96.69,96.69,96.69,96.69,96.69,96.69,96.69,96.69,96.69,96.69,96.69,96.69,96.69,96.69,96.69,96.69,96.69,96.69,96.69,96.69,96.69,96.69,96.69,96.69,96.69,96.69,96.69,96.69,96.69,96.69,96.69,96.69,96.69,96.69,96.69,96.69,96.69,96.69
Subclase,0.000275555,12521,Seguro relacionado con la vivienda,97.90,97.90,97.90,97.90,97.90,97.90,97.90,97.90,97.90,97.90,97.90,97.90,97.90,97.90,97.90,97.90,97.90,97.90,97.90,97.90,97.90,97.90,97.90,97.90,98.17,98.17,98.17,98.17,98.17,98.17,98.17,98.17,98.17,98.17,98.17,98.17,96.69,96.69,96.69,96.69,96.69,96.69,96.69,96.69,96.69,96.69,96.69,96.69,96.69,96.69,96.69,96.69,96.69,96.69,96.69,96.69,96.69,96.69,96.69,96.69,96.69,96.69,96.69,96.69,96.69,96.69,96.69,96.69,96.69,96.69,96.69,96.69,96.69,96.69,96.69,96.69,96.69,96.69,96.69,96.69,96.69,96.69,96.69,96.69,96.69,96.69,96.69,96.69,96.69,96.69,96.69,96.69,96.69,96.69,96.69,96.69,96.69,96.69,96.69,96.69,96.69,96.69,96.69,96.69,96.69,96.69,96.69,96.69,96.69,96.69,96.69,96.69,96.69,96.69,96.69,96.69,96.69,96.69,96.69,96.69,96.69,96.69,96.69,96.69,96.69,96.69,96.69,96.69,96.69,96.69,96.69,96.69,96.69,96.69,96.69,96.69,96.69,96.69
Producto,0.000275555,12521353,SEGURO PARA LA VIVIENDA,97.90,97.90,97.90,97.90,97.90,97.90,97.90,97.90,97.90,97.90,97.90,97.90,97.90,97.90,97.90,97.90,97.90,97.90,97.90,97.90,97.90,97.90,97.90,97.90,98.17,98.17,98.17,98.17,98.17,98.17,98.17,98.17,98.17,98.17,98.17,98.17,96.69,96.69,96.69,96.69,96.69,96.69,96.69,96.69,96.69,96.69,96.69,96.69,96.69,96.69,96.69,96.69,96.69,96.69,96.69,96.69,96.69,96.69,96.69,96.69,96.69,96.69,96.69,96.69,96.69,96.69,96.69,96.69,96.69,96.69,96.69,96.69,96.69,96.69,96.69,96.69,96.69,96.69,96.69,96.69,96.69,96.69,96.69,96.69,96.69,96.69,96.69,96.69,96.69,96.69,96.69,96.69,96.69,96.69,96.69,96.69,96.69,96.69,96.69,96.69,96.69,96.69,96.69,96.69,96.69,96.69,96.69,96.69,96.69,96.69,96.69,96.69,96.69,96.69,96.69,96.69,96.69,96.69,96.69,96.69,96.69,96.69,96.69,96.69,96.69,96.69,96.69,96.69,96.69,96.69,96.69,96.69,96.69,96.69,96.69,96.69,96.69,96.69
Clase,0.005689856,1253,Seguro relacionado con la salud (S),99.25,99.25,99.25,99.25,99.25,99.25,99.25,99.25,99.25,97.13,97.13,97.13,97.56,97.56,97.56,97.56,97.56,97.56,97.56,97.56,97.56,97.56,97.56,97.56,98.79,98.79,98.79,98.79,98.79,98.79,98.79,98.79,98.79,98.79,98.79,98.79,100.11,100.11,100.11,100.11,100.11,100.11,100.11,100.11,100.11,100.11,100.11,100.11,100.11,100.11,100.11,100.11,100.11,100.11,100.11,100.11,100.11,100.11,100.11,100.11,100.11,100.11,100.11,100.11,100.11,100.11,100.11,100.11,100.11,100.11,100.11,100.11,100.11,100.11,100.11,100.11,100.11,100.11,100.11,100.11,100.11,100.11,100.11,100.11,100.11,100.11,100.11,100.11,100.11,100.11,100.11,100.11,100.11,100.11,100.11,100.11,100.11,100.11,100.11,100.11,100.11,100.11,100.11,100.11,100.11,100.11,100.11,100.11,100.11,100.11,100.11,100.11,100.11,100.11,100.11,100.11,100.11,100.11,100.11,100.11,100.11,100.11,100.11,100.11,100.11,100.11,100.11,100.11,100.11,100.11,100.11,100.11,100.11,100.11,100.11,100.11,100.11,100.11
Subclase,0.005689856,12531,Seguro relacionado con la salud,99.25,99.25,99.25,99.25,99.25,99.25,99.25,99.25,99.25,97.13,97.13,97.13,97.56,97.56,97.56,97.56,97.56,97.56,97.56,97.56,97.56,97.56,97.56,97.56,98.79,98.79,98.79,98.79,98.79,98.79,98.79,98.79,98.79,98.79,98.79,98.79,100.11,100.11,100.11,100.11,100.11,100.11,100.11,100.11,100.11,100.11,100.11,100.11,100.11,100.11,100.11,100.11,100.11,100.11,100.11,100.11,100.11,100.11,100.11,100.11,100.11,100.11,100.11,100.11,100.11,100.11,100.11,100.11,100.11,100.11,100.11,100.11,100.11,100.11,100.11,100.11,100.11,100.11,100.11,100.11,100.11,100.11,100.11,100.11,100.11,100.11,100.11,100.11,100.11,100.11,100.11,100.11,100.11,100.11,100.11,100.11,100.11,100.11,100.11,100.11,100.11,100.11,100.11,100.11,100.11,100.11,100.11,100.11,100.11,100.11,100.11,100.11,100.11,100.11,100.11,100.11,100.11,100.11,100.11,100.11,100.11,100.11,100.11,100.11,100.11,100.11,100.11,100.11,100.11,100.11,100.11,100.11,100.11,100.11,100.11,100.11,100.11,100.11
Producto,0.005689856,12531354,SEGURO DE SALUD,99.25,99.25,99.25,99.25,99.25,99.25,99.25,99.25,99.25,97.13,97.13,97.13,97.56,97.56,97.56,97.56,97.56,97.56,97.56,97.56,97.56,97.56,97.56,97.56,98.79,98.79,98.79,98.79,98.79,98.79,98.79,98.79,98.79,98.79,98.79,98.79,100.11,100.11,100.11,100.11,100.11,100.11,100.11,100.11,100.11,100.11,100.11,100.11,100.11,100.11,100.11,100.11,100.11,100.11,100.11,100.11,100.11,100.11,100.11,100.11,100.11,100.11,100.11,100.11,100.11,100.11,100.11,100.11,100.11,100.11,100.11,100.11,100.11,100.11,100.11,100.11,100.11,100.11,100.11,100.11,100.11,100.11,100.11,100.11,100.11,100.11,100.11,100.11,100.11,100.11,100.11,100.11,100.11,100.11,100.11,100.11,100.11,100.11,100.11,100.11,100.11,100.11,100.11,100.11,100.11,100.11,100.11,100.11,100.11,100.11,100.11,100.11,100.11,100.11,100.11,100.11,100.11,100.11,100.11,100.11,100.11,100.11,100.11,100.11,100.11,100.11,100.11,100.11,100.11,100.11,100.11,100.11,100.11,100.11,100.11,100.11,100.11,100.11
Clase,0.006315305,1254,Seguro relacionado con el transporte (S),100.67,100.67,100.67,100.67,100.67,100.67,100.67,100.67,100.67,100.67,100.67,100.67,100.67,100.67,100.67,100.67,100.67,100.67,100.67,100.67,100.67,100.67,100.67,100.67,100.67,100.67,100.67,100.67,100.67,100.67,100.67,100.67,100.67,100.67,100.67,100.67,100.67,100.67,100.67,100.67,100.67,100.67,100.67,100.67,100.67,100.67,100.67,100.67,100.67,100.67,100.67,100.67,100.67,100.67,100.67,100.67,100.67,100.67,100.67,100.67,100.67,100.67,100.67,100.67,100.67,100.67,100.67,100.67,100.67,100.67,100.67,100.67,100.67,100.67,100.67,100.67,100.67,100.67,100.67,100.67,100.67,100.67,100.67,100.67,100.67,100.67,100.67,100.67,100.67,100.67,100.67,100.67,100.67,100.67,100.67,100.67,100.67,100.67,100.67,100.67,100.67,100.67,100.67,100.67,100.67,100.67,100.67,100.67,100.67,100.67,100.67,100.67,100.67,100.67,100.67,100.67,100.67,100.67,100.67,100.67,100.67,100.67,100.67,100.67,100.67,100.67,100.67,100.67,100.67,100.67,100.67,100.67,100.67,100.67,100.67,100.67,100.67,100.67
Subclase,0.006315305,12541,Seguro relacionado con el transporte,100.67,100.67,100.67,100.67,100.67,100.67,100.67,100.67,100.67,100.67,100.67,100.67,100.67,100.67,100.67,100.67,100.67,100.67,100.67,100.67,100.67,100.67,100.67,100.67,100.67,100.67,100.67,100.67,100.67,100.67,100.67,100.67,100.67,100.67,100.67,100.67,100.67,100.67,100.67,100.67,100.67,100.67,100.67,100.67,100.67,100.67,100.67,100.67,100.67,100.67,100.67,100.67,100.67,100.67,100.67,100.67,100.67,100.67,100.67,100.67,100.67,100.67,100.67,100.67,100.67,100.67,100.67,100.67,100.67,100.67,100.67,100.67,100.67,100.67,100.67,100.67,100.67,100.67,100.67,100.67,100.67,100.67,100.67,100.67,100.67,100.67,100.67,100.67,100.67,100.67,100.67,100.67,100.67,100.67,100.67,100.67,100.67,100.67,100.67,100.67,100.67,100.67,100.67,100.67,100.67,100.67,100.67,100.67,100.67,100.67,100.67,100.67,100.67,100.67,100.67,100.67,100.67,100.67,100.67,100.67,100.67,100.67,100.67,100.67,100.67,100.67,100.67,100.67,100.67,100.67,100.67,100.67,100.67,100.67,100.67,100.67,100.67,100.67
Producto,0.006315305,12541355,SEGURO DE VEHÍCULO,100.67,100.67,100.67,100.67,100.67,100.67,100.67,100.67,100.67,100.67,100.67,100.67,100.67,100.67,100.67,100.67,100.67,100.67,100.67,100.67,100.67,100.67,100.67,100.67,100.67,100.67,100.67,100.67,100.67,100.67,100.67,100.67,100.67,100.67,100.67,100.67,100.67,100.67,100.67,100.67,100.67,100.67,100.67,100.67,100.67,100.67,100.67,100.67,100.67,100.67,100.67,100.67,100.67,100.67,100.67,100.67,100.67,100.67,100.67,100.67,100.67,100.67,100.67,100.67,100.67,100.67,100.67,100.67,100.67,100.67,100.67,100.67,100.67,100.67,100.67,100.67,100.67,100.67,100.67,100.67,100.67,100.67,100.67,100.67,100.67,100.67,100.67,100.67,100.67,100.67,100.67,100.67,100.67,100.67,100.67,100.67,100.67,100.67,100.67,100.67,100.67,100.67,100.67,100.67,100.67,100.67,100.67,100.67,100.67,100.67,100.67,100.67,100.67,100.67,100.67,100.67,100.67,100.67,100.67,100.67,100.67,100.67,100.67,100.67,100.67,100.67,100.67,100.67,100.67,100.67,100.67,100.67,100.67,100.67,100.67,100.67,100.67,100.67
Grupo,0.001417168,126,Servicios financieros n.e.p.,98.06,98.06,98.06,98.06,98.06,98.06,98.06,98.06,98.06,98.06,98.06,98.06,98.06,98.06,98.06,98.06,98.06,94.90,95.65,95.28,95.28,95.28,95.28,95.28,95.28,95.28,95.28,95.28,95.28,93.80,93.80,93.80,93.80,93.80,93.80,93.80,93.80,93.80,93.80,93.80,93.80,93.80,93.80,93.80,93.80,93.80,93.80,93.80,93.80,93.80,93.80,93.80,93.80,89.20,89.20,89.20,89.20,89.20,89.20,89.20,89.20,89.20,89.20,89.20,89.20,89.20,89.20,89.20,89.20,89.20,89.20,89.20,89.20,89.20,89.20,89.20,89.20,89.20,89.20,89.20,89.20,89.20,89.20,89.20,89.20,89.20,89.20,89.20,89.20,89.20,89.20,89.20,89.20,89.20,89.20,89.20,89.20,89.20,89.20,89.20,89.20,89.20,89.20,89.20,89.20,89.20,89.20,89.20,89.20,89.20,89.20,91.68,91.68,91.68,91.68,91.68,91.68,91.68,91.68,91.68,91.68,91.68,91.68,91.68,91.68,91.68,91.68,91.68,91.68,91.68,91.68,91.68,91.68,91.68,91.68,91.68,91.68,91.68
Clase,0.001417168,1262,Otros servicios financieros n.e.p. (S),98.06,98.06,98.06,98.06,98.06,98.06,98.06,98.06,98.06,98.06,98.06,98.06,98.06,98.06,98.06,98.06,98.06,94.90,95.65,95.28,95.28,95.28,95.28,95.28,95.28,95.28,95.28,95.28,95.28,93.80,93.80,93.80,93.80,93.80,93.80,93.80,93.80,93.80,93.80,93.80,93.80,93.80,93.80,93.80,93.80,93.80,93.80,93.80,93.80,93.80,93.80,93.80,93.80,89.20,89.20,89.20,89.20,89.20,89.20,89.20,89.20,89.20,89.20,89.20,89.20,89.20,89.20,89.20,89.20,89.20,89.20,89.20,89.20,89.20,89.20,89.20,89.20,89.20,89.20,89.20,89.20,89.20,89.20,89.20,89.20,89.20,89.20,89.20,89.20,89.20,89.20,89.20,89.20,89.20,89.20,89.20,89.20,89.20,89.20,89.20,89.20,89.20,89.20,89.20,89.20,89.20,89.20,89.20,89.20,89.20,89.20,91.68,91.68,91.68,91.68,91.68,91.68,91.68,91.68,91.68,91.68,91.68,91.68,91.68,91.68,91.68,91.68,91.68,91.68,91.68,91.68,91.68,91.68,91.68,91.68,91.68,91.68,91.68
Subclase,0.001417168,12621,Servicios financieros,98.06,98.06,98.06,98.06,98.06,98.06,98.06,98.06,98.06,98.06,98.06,98.06,98.06,98.06,98.06,98.06,98.06,94.90,95.65,95.28,95.28,95.28,95.28,95.28,95.28,95.28,95.28,95.28,95.28,93.80,93.80,93.80,93.80,93.80,93.80,93.80,93.80,93.80,93.80,93.80,93.80,93.80,93.80,93.80,93.80,93.80,93.80,93.80,93.80,93.80,93.80,93.80,93.80,89.20,89.20,89.20,89.20,89.20,89.20,89.20,89.20,89.20,89.20,89.20,89.20,89.20,89.20,89.20,89.20,89.20,89.20,89.20,89.20,89.20,89.20,89.20,89.20,89.20,89.20,89.20,89.20,89.20,89.20,89.20,89.20,89.20,89.20,89.20,89.20,89.20,89.20,89.20,89.20,89.20,89.20,89.20,89.20,89.20,89.20,89.20,89.20,89.20,89.20,89.20,89.20,89.20,89.20,89.20,89.20,89.20,89.20,91.68,91.68,91.68,91.68,91.68,91.68,91.68,91.68,91.68,91.68,91.68,91.68,91.68,91.68,91.68,91.68,91.68,91.68,91.68,91.68,91.68,91.68,91.68,91.68,91.68,91.68,91.68
Producto,0.001417168,12621356,SERVICIOS BANCARIOS,98.06,98.06,98.06,98.06,98.06,98.06,98.06,98.06,98.06,98.06,98.06,98.06,98.06,98.06,98.06,98.06,98.06,94.90,95.65,95.28,95.28,95.28,95.28,95.28,95.28,95.28,95.28,95.28,95.28,93.80,93.80,93.80,93.80,93.80,93.80,93.80,93.80,93.80,93.80,93.80,93.80,93.80,93.80,93.80,93.80,93.80,93.80,93.80,93.80,93.80,93.80,93.80,93.80,89.20,89.20,89.20,89.20,89.20,89.20,89.20,89.20,89.20,89.20,89.20,89.20,89.20,89.20,89.20,89.20,89.20,89.20,89.20,89.20,89.20,89.20,89.20,89.20,89.20,89.20,89.20,89.20,89.20,89.20,89.20,89.20,89.20,89.20,89.20,89.20,89.20,89.20,89.20,89.20,89.20,89.20,89.20,89.20,89.20,89.20,89.20,89.20,89.20,89.20,89.20,89.20,89.20,89.20,89.20,89.20,89.20,89.20,91.68,91.68,91.68,91.68,91.68,91.68,91.68,91.68,91.68,91.68,91.68,91.68,91.68,91.68,91.68,91.68,91.68,91.68,91.68,91.68,91.68,91.68,91.68,91.68,91.68,91.68,91.68
Grupo,0.019827646,127,Otros servicios n.e.p.,103.56,108.66,108.66,108.66,108.66,108.66,106.51,106.51,106.51,106.51,106.51,105.52,107.76,107.76,108.79,108.79,108.79,107.76,108.79,108.79,111.34,111.34,114.62,113.49,111.97,111.97,111.97,111.97,109.82,109.82,112.27,112.27,110.08,113.05,113.05,113.05,122.19,123.28,121.49,121.49,121.49,121.49,121.49,120.04,120.33,120.33,120.33,120.33,120.33,120.33,120.33,120.33,118.78,118.78,118.78,117.97,115.21,114.18,112.57,113.33,115.38,112.82,112.82,112.82,112.82,110.46,110.92,110.92,110.92,97.05,103.28,108.20,108.20,108.20,108.20,108.20,108.20,108.20,108.20,105.66,108.40,111.42,110.59,112.38,111.93,110.15,110.15,111.93,111.93,110.14,111.93,111.93,111.93,111.93,111.93,111.93,111.93,111.93,111.93,111.93,111.93,111.93,111.93,111.93,111.93,112.25,112.25,111.60,111.60,111.60,111.60,114.98,111.22,113.25,113.25,113.25,113.25,109.84,108.20,108.20,111.60,111.60,111.60,111.60,111.60,111.60,111.60,111.60,111.60,111.60,113.23,113.23,113.23,113.23,113.23,113.23,113.23,113.23
Clase,0.019827646,1270,Otros servicios n.e.p. (S),103.56,108.66,108.66,108.66,108.66,108.66,106.51,106.51,106.51,106.51,106.51,105.52,107.76,107.76,108.79,108.79,108.79,107.76,108.79,108.79,111.34,111.34,114.62,113.49,111.97,111.97,111.97,111.97,109.82,109.82,112.27,112.27,110.08,113.05,113.05,113.05,122.19,123.28,121.49,121.49,121.49,121.49,121.49,120.04,120.33,120.33,120.33,120.33,120.33,120.33,120.33,120.33,118.78,118.78,118.78,117.97,115.21,114.18,112.57,113.33,115.38,112.82,112.82,112.82,112.82,110.46,110.92,110.92,110.92,97.05,103.28,108.20,108.20,108.20,108.20,108.20,108.20,108.20,108.20,105.66,108.40,111.42,110.59,112.38,111.93,110.15,110.15,111.93,111.93,110.14,111.93,111.93,111.93,111.93,111.93,111.93,111.93,111.93,111.93,111.93,111.93,111.93,111.93,111.93,111.93,112.25,112.25,111.60,111.60,111.60,111.60,114.98,111.22,113.25,113.25,113.25,113.25,109.84,108.20,108.20,111.60,111.60,111.60,111.60,111.60,111.60,111.60,111.60,111.60,111.60,113.23,113.23,113.23,113.23,113.23,113.23,113.23,113.23
Subclase,0.019827646,12701,"Servicios judiciales, sociales y fotocopias",103.56,108.66,108.66,108.66,108.66,108.66,106.51,106.51,106.51,106.51,106.51,105.52,107.76,107.76,108.79,108.79,108.79,107.76,108.79,108.79,111.34,111.34,114.62,113.49,111.97,111.97,111.97,111.97,109.82,109.82,112.27,112.27,110.08,113.05,113.05,113.05,122.19,123.28,121.49,121.49,121.49,121.49,121.49,120.04,120.33,120.33,120.33,120.33,120.33,120.33,120.33,120.33,118.78,118.78,118.78,117.97,115.21,114.18,112.57,113.33,115.38,112.82,112.82,112.82,112.82,110.46,110.92,110.92,110.92,97.05,103.28,108.20,108.20,108.20,108.20,108.20,108.20,108.20,108.20,105.66,108.40,111.42,110.59,112.38,111.93,110.15,110.15,111.93,111.93,110.14,111.93,111.93,111.93,111.93,111.93,111.93,111.93,111.93,111.93,111.93,111.93,111.93,111.93,111.93,111.93,112.25,112.25,111.60,111.60,111.60,111.60,114.98,111.22,113.25,113.25,113.25,113.25,109.84,108.20,108.20,111.60,111.60,111.60,111.60,111.60,111.60,111.60,111.60,111.60,111.60,113.23,113.23,113.23,113.23,113.23,113.23,113.23,113.23
Producto,0.007328097,12701357,GASTOS COMPROMISOS SOCIALES,102.63,105.68,105.68,105.68,105.68,105.68,101.07,101.07,101.07,101.07,101.07,101.07,101.07,101.07,101.07,101.07,101.07,101.07,101.07,101.07,101.07,101.07,108.10,105.68,105.68,105.68,105.68,105.68,101.07,101.07,108.10,108.10,103.38,109.78,109.78,109.78,109.78,112.11,112.11,112.11,112.11,112.11,112.11,108.98,109.60,109.60,109.60,109.60,109.60,109.60,109.60,109.60,106.27,106.27,106.27,104.54,98.61,96.40,92.95,94.56,98.97,93.47,93.47,93.47,93.47,88.40,89.39,89.39,89.39,59.59,72.99,83.55,83.55,83.55,83.55,83.55,83.55,83.55,83.55,78.09,83.98,90.46,88.68,88.68,87.72,83.89,83.89,87.72,87.72,87.72,87.72,87.72,87.72,87.72,87.72,87.72,87.72,87.72,87.72,87.72,87.72,87.72,87.72,87.72,87.72,88.41,88.41,87.01,87.01,87.01,87.01,87.01,83.28,83.28,83.28,83.28,83.28,80.30,76.80,76.80,76.80,76.80,76.80,76.80,76.80,76.80,76.80,76.80,76.80,76.80,80.30,80.30,80.30,80.30,80.30,80.30,80.30,80.30
Producto,0.007345759,12701358,SERVICIOS JUDICIALES,109.16,121.29,121.29,121.29,121.29,121.29,121.29,121.29,121.29,121.29,121.29,121.29,125.40,125.40,125.40,125.40,125.40,125.40,125.40,125.40,125.40,125.40,125.40,125.40,120.40,120.40,120.40,120.40,120.40,120.40,120.40,120.40,120.40,120.40,120.40,120.40,150.50,150.50,150.50,150.50,150.50,150.50,150.50,150.50,150.50,150.50,150.50,150.50,150.50,150.50,150.50,150.50,150.50,150.50,150.50,150.50,150.50,150.50,150.50,150.50,150.50,150.50,150.50,150.50,150.50,150.50,150.50,150.50,150.50,150.50,150.50,150.50,150.50,150.50,150.50,150.50,150.50,150.50,150.50,150.50,150.50,150.50,150.50,150.50,150.50,150.50,150.50,150.50,150.50,150.50,150.50,150.50,150.50,150.50,150.50,150.50,150.50,150.50,150.50,150.50,150.50,150.50,150.50,150.50,150.50,150.50,150.50,150.50,150.50,150.50,150.50,150.50,150.50,150.50,150.50,150.50,150.50,150.50,150.50,150.50,155.02,155.02,155.02,155.02,155.02,155.02,155.02,155.02,155.02,155.02,155.02,155.02,155.02,155.02,155.02,155.02,155.02,155.02
Producto,0.005153791,12701359,FOTOCOPIAS,98.06,98.06,98.06,98.06,98.06,98.06,98.06,98.06,98.06,98.06,98.06,93.78,98.06,98.06,102.54,102.54,102.54,98.06,102.54,102.54,113.56,113.56,113.56,113.56,113.56,113.56,113.56,113.56,113.56,113.56,110.00,110.00,110.00,110.00,110.00,110.00,110.00,110.00,102.26,102.26,102.26,102.26,102.26,102.26,102.26,102.26,102.26,102.26,102.26,102.26,102.26,102.26,102.26,102.26,102.26,102.26,102.26,102.26,102.26,102.26,102.26,102.26,102.26,102.26,102.26,102.26,102.26,102.26,102.26,102.26,102.26,102.26,102.26,102.26,102.26,102.26,102.26,102.26,102.26,102.26,102.26,102.26,102.26,110.00,110.00,110.00,110.00,110.00,110.00,102.26,110.00,110.00,110.00,110.00,110.00,110.00,110.00,110.00,110.00,110.00,110.00,110.00,110.00,110.00,110.00,110.00,110.00,110.00,110.00,110.00,110.00,124.66,115.88,124.66,124.66,124.66,124.66,115.88,115.88,115.88,124.66,124.66,124.66,124.66,124.66,124.66,124.66,124.66,124.66,124.66,124.66,124.66,124.66,124.66,124.66,124.66,124.66,124.66
,,,,,,,,,,,,,,,,,,,,,,,,,,,,,,,,,,,,,,,,,,,,,,,,,,,,,,,,,,,,,,,,,,,,,,,,,,,,,,,,,,,,,,,,,,,,,,,,,,,,,,,,,,,,,,,,,,,,,,,,,,,,,,,,,,,,,,,,,,,,,
Nota:,,,,,,,,,,,,,,,,,,,,,,,,,,,,,,,,,,,,,,,,,,,,,,,,,,,,,,,,,,,,,,,,,,,,,,,,,,,,,,,,,,,,,,,,,,,,,,,,,,,,,,,,,,,,,,,,,,,,,,,,,,,,,,,,,,,,,,,,,,,,,
CCIF corresponde a las siglas de la Clasificación del Consumo Individual por Finalidades,,,,,,,,,,,,,,,,,,,,,,,,,,,,,,,,,,,,,,,,,,,,,,,,,,,,,,,,,,,,,,,,,,,,,,,,,,,,,,,,,,,,,,,,,,,,,,,,,,,,,,,,,,,,,,,,,,,,,,,,,,,,,,,,,,,,,,,,,,,,,
,,,,,,,,,,,,,,,,,,,,,,,,,,,,,,,,,,,,,,,,,,,,,,,,,,,,,,,,,,,,,,,,,,,,,,,,,,,,,,,,,,,,,,,,,,,,,,,,,,,,,,,,,,,,,,,,,,,,,,,,,,,,,,,,,,,,,,,,,,,,,
Fuente: Índice de Precios al Consumidor,,,,,,,,,,,,,,,,,,,,,,,,,,,,,,,,,,,,,,,,,,,,,,,,,,,,,,,,,,,,,,,,,,,,,,,,,,,,,,,,,,,,,,,,,,,,,,,,,,,,,,,,,,,,,,,,,,,,,,,,,,,,,,,,,,,,,,,,,,,,,
