,,,,,,,,,,,,,,,,,,,,,,,,,,,,,,,,,,,,,,,,,,,,,,,,,,,,,,,,,,,,,,,,,,,,,,,,,,,,,,,,,,,,,,,,,,,,,,,,,,,,,,,,,,,,,,,,,,,,,,,,,,,,,,,,,,,,,,,,,,,,,
,,,,,,,,,,,,,,,,,,,,,,,,,,,,,,,,,,,,,,,,,,,,,,,,,,,,,,,,,,,,,,,,,,,,,,,,,,,,,,,,,,,,,,,,,,,,,,,,,,,,,,,,,,,,,,,,,,,,,,,,,,,,,,,,,,,,,,,,,,,,,
ÍNDICE DE PRECIOS AL CONSUMIDOR - IPC -,,,,,,,,,,,,,,,,,,,,,,,,,,,,,,,,,,,,,,,,,,,,,,,,,,,,,,,,,,,,,,,,,,,,,,,,,,,,,,,,,,,,,,,,,,,,,,,,,,,,,,,,,,,,,,,,,,,,,,,,,,,,,,,,,,,,,,,,,,,,,
ÍNDICE GENERAL REGIÓN SIERRA,,,,,,,,,,,,,,,,,,,,,,,,,,,,,,,,,,,,,,,,,,,,,,,,,,,,,,,,,,,,,,,,,,,,,,,,,,,,,,,,,,,,,,,,,,,,,,,,,,,,,,,,,,,,,,,,,,,,,,,,,,,,,,,,,,,,,,,,,,,,,
Nivel,Ponderación,Cód. CCIF,Descripción CCIF,ene-15,feb-15,mar-15,abr-15,may-15,jun-15,jul-15,ago-15,sep-15,oct-15,nov-15,dic-15,ene-16,feb-16,mar-16,abr-16,may-16,jun-16,jul-16,ago-16,sep-16,oct-16,nov-16,dic-16,ene-17,feb-17,mar-17,abr-17,may-17,jun-17,jul-17,ago-17,sep-17,oct-17,nov-17,dic-17,ene-18,feb-18,mar-18,abr-18,may-18,jun-18,jul-18,ago-18,sep-18,oct-18,nov-18,dic-18,ene-19,feb-19,mar-19,abr-19,may-19,jun-19,jul-19,ago-19,sep-19,oct-19,nov-19,dic-19,ene-20,feb-20,mar-20,abr-20,may-20,jun-20,jul-20,ago-20,sep-20,oct-20,nov-20,dic-20,ene-21,feb-21,mar-21,abr-21,may-21,jun-21,jul-21,ago-21,sep-21,oct-21,nov-21,dic-21,ene-22,feb-22,mar-22,abr-22,may-22,jun-22,jul-22,ago-22,sep-22,oct-22,nov-22,dic-22,ene-23,feb-23,mar-23,abr-23,may-23,jun-23,jul-23,ago-23,sep-23,oct-23,nov-23,dic-23,ene-24,feb-24,mar-24,abr-24,may-24,jun-24,jul-24,ago-24,sep-24,oct-24,nov-24,dic-24,ene-25,feb-25,mar-25,abr-25,may-25,jun-25,jul-25,ago-25,sep-25,oct-25,nov-25,dic-25,ene-26,feb-26,mar-26,abr-26,may-26,jun-26
General,"1,000000",0,GENERAL,101.09,101.69,101.85,102.67,102.87,103.32,103.13,103.27,103.62,103.59,103.83,103.97,104.27,104.39,104.44,104.54,104.69,104.93,104.95,104.76,104.92,104.85,104.78,104.95,104.97,105.02,105.12,105.24,105.43,105.09,104.88,104.89,104.86,104.80,104.65,104.79,105.11,105.29,105.33,105.14,104.86,104.79,104.84,104.94,105.35,105.28,105.14,105.09,105.67,105.35,105.13,105.20,105.19,105.25,105.45,105.34,105.45,105.94,105.25,105.22,105.44,105.25,105.55,105.74,105.74,105.52,104.79,104.52,104.26,104.03,104.05,103.95,104.16,104.16,104.34,104.59,104.61,104.58,104.98,105.19,105.24,105.46,105.95,106.11,106.64,106.98,107.07,107.50,108.07,108.56,108.99,109.12,109.72,109.95,109.92,110.06,110.13,110.04,110.20,110.29,110.24,110.54,111.00,111.39,111.37,111.26,110.91,111.02,110.87,111.13,111.12,112.49,112.42,111.62,112.53,112.88,113.16,113.01,112.71,112.49,111.91,111.78,112.14,113.10,113.24,113.50,113.75,114.08,114.27,114.78,113.86,113.65,114.02,114.57,114.87,115.40,115.61,114.96
División,0.224503124,01,Alimentos y bebidas no alcohólicas,102.22,102.31,102.18,103.50,103.56,104.56,104.08,104.15,104.35,104.13,104.26,104.93,104.90,105.90,106.32,106.20,106.63,106.69,106.61,106.13,105.83,105.49,105.38,105.69,105.59,106.33,106.79,107.19,107.27,107.46,106.25,106.23,105.26,105.29,104.68,105.34,105.57,105.68,106.12,105.71,104.79,104.11,104.39,104.82,105.40,105.59,105.39,104.78,106.39,105.55,105.16,105.17,104.60,104.41,105.14,104.94,104.89,106.36,105.33,104.36,105.18,104.75,106.74,108.03,107.76,107.72,106.30,105.40,104.37,104.16,104.27,103.93,104.35,104.71,105.07,105.33,104.77,103.92,105.13,105.39,104.80,104.54,104.99,105.41,106.59,107.45,107.40,107.48,108.70,111.07,112.21,112.26,113.11,113.64,113.99,114.15,113.82,113.73,114.53,113.68,113.97,115.64,118.20,119.60,119.50,119.13,117.47,117.99,117.74,118.98,117.87,119.02,118.51,118.08,118.10,119.32,120.54,119.80,118.81,117.91,118.33,118.61,120.63,120.34,119.97,121.02,121.63,121.84,122.43,123.12,121.74,120.44,121.65,122.06,121.71,121.42,120.74,120.15
Grupo,0.199535008,011,Alimentos,102.07,102.11,102.01,103.37,103.31,104.36,103.79,103.82,104.17,103.80,103.85,104.48,104.44,105.51,105.96,105.92,105.94,105.41,105.25,104.71,104.41,103.94,104.06,104.22,104.15,104.92,105.38,105.94,106.42,107.09,105.71,105.67,104.52,104.57,103.33,103.77,103.96,104.10,104.59,104.07,103.08,102.33,102.66,103.21,103.82,104.05,103.87,103.19,104.91,103.94,103.56,103.58,102.95,102.73,103.50,103.29,103.27,104.91,103.80,102.78,103.61,103.14,105.43,106.81,106.55,106.50,104.94,104.12,102.99,102.80,103.01,102.70,103.08,103.47,103.91,104.17,103.56,102.68,103.89,104.02,103.30,103.08,103.39,103.81,105.05,106.05,105.84,106.05,107.36,109.97,111.29,111.25,112.17,112.57,112.94,113.13,112.79,112.76,113.55,112.72,112.87,114.66,117.35,118.94,118.76,118.62,116.64,117.09,116.99,118.38,117.16,117.89,117.33,116.82,116.88,118.16,119.36,118.69,117.56,116.68,116.95,117.27,119.41,118.99,118.49,119.44,120.21,120.51,121.24,122.14,120.71,119.39,120.36,120.99,120.59,120.14,119.48,118.93
Clase,0.039444215,0111,Pan y cereales (ND),97.54,98.24,98.45,98.42,98.83,101.21,101.18,101.33,102.88,103.15,102.32,103.77,103.03,104.19,104.47,103.79,104.95,104.99,104.94,105.88,104.46,104.63,104.70,104.32,104.80,105.34,103.46,103.01,103.92,103.74,102.92,103.18,101.77,102.06,100.70,102.35,101.44,101.02,102.05,102.15,100.82,101.05,100.75,100.71,99.63,100.52,100.43,100.53,101.68,100.96,99.93,100.96,99.88,100.14,100.72,99.36,99.45,99.63,101.28,98.89,100.49,99.86,100.11,99.64,101.04,101.94,101.66,101.16,100.26,101.39,102.69,102.20,102.81,101.94,101.42,101.19,101.40,102.39,102.89,103.32,102.86,103.62,103.37,104.30,104.48,104.40,104.68,105.40,107.27,109.58,111.13,112.42,113.25,113.78,114.49,114.65,115.13,114.95,115.74,114.94,114.83,116.01,120.20,121.00,120.52,122.40,122.17,122.94,122.54,122.08,122.08,122.41,122.13,121.50,121.24,122.11,121.55,120.88,120.57,119.78,119.74,118.94,120.37,119.27,119.29,119.41,119.11,119.05,117.70,117.96,119.20,119.79,120.21,120.40,120.58,119.59,119.37,119.60
Subclase,0.015467425,01111,Arroz,103.11,103.16,106.10,108.37,108.59,107.53,107.47,109.45,111.67,112.97,112.39,116.07,114.63,114.48,115.01,116.25,116.57,116.71,116.05,115.55,114.95,114.57,114.87,113.95,114.61,115.21,115.02,114.50,112.78,112.41,110.40,107.38,107.65,108.12,107.78,107.56,107.75,106.93,108.23,107.57,106.05,104.87,105.63,104.90,105.40,106.22,103.63,103.82,104.37,105.04,103.71,105.30,106.04,104.78,106.35,100.61,102.84,103.40,105.32,101.14,103.98,104.24,104.93,104.59,105.16,106.84,104.18,106.42,105.52,105.16,105.57,105.72,105.75,106.42,105.83,104.16,105.18,105.24,103.86,103.13,103.30,104.03,102.37,104.41,105.10,103.12,103.93,104.17,105.11,105.64,106.12,106.49,107.90,105.57,107.44,106.82,107.98,106.70,106.89,106.37,107.86,112.74,129.81,131.67,130.03,136.12,139.20,139.42,139.73,138.96,138.83,138.33,136.26,134.49,134.46,136.74,133.83,131.05,132.13,128.21,125.64,119.22,126.95,122.82,122.52,122.11,120.30,121.68,116.79,118.29,123.43,125.22,126.29,125.88,123.57,120.15,117.74,117.71
Producto,0.015467425,01111001,ARROZ,103.11,103.16,106.10,108.37,108.59,107.53,107.47,109.45,111.67,112.97,112.39,116.07,114.63,114.48,115.01,116.25,116.57,116.71,116.05,115.55,114.95,114.57,114.87,113.95,114.61,115.21,115.02,114.50,112.78,112.41,110.40,107.38,107.65,108.12,107.78,107.56,107.75,106.93,108.23,107.57,106.05,104.87,105.63,104.90,105.40,106.22,103.63,103.82,104.37,105.04,103.71,105.30,106.04,104.78,106.35,100.61,102.84,103.40,105.32,101.14,103.98,104.24,104.93,104.59,105.16,106.84,104.18,106.42,105.52,105.16,105.57,105.72,105.75,106.42,105.83,104.16,105.18,105.24,103.86,103.13,103.30,104.03,102.37,104.41,105.10,103.12,103.93,104.17,105.11,105.64,106.12,106.49,107.90,105.57,107.44,106.82,107.98,106.70,106.89,106.37,107.86,112.74,129.81,131.67,130.03,136.12,139.20,139.42,139.73,138.96,138.83,138.33,136.26,134.49,134.46,136.74,133.83,131.05,132.13,128.21,125.64,119.22,126.95,122.82,122.52,122.11,120.30,121.68,116.79,118.29,123.43,125.22,126.29,125.88,123.57,120.15,117.74,117.71
Subclase,0.001652284,01112,Cereales enteros y harinas,97.15,96.82,97.31,96.77,95.57,95.77,96.26,96.29,95.51,96.65,96.14,96.26,96.18,96.12,97.62,98.38,99.54,100.55,101.90,104.96,105.60,105.51,103.48,105.52,105.62,105.88,105.51,105.01,105.97,106.87,106.59,107.95,106.70,105.78,104.91,104.24,105.66,103.51,104.72,103.10,102.65,102.61,103.76,104.20,103.42,102.11,103.13,100.67,102.98,101.41,99.59,101.48,102.33,102.72,103.95,101.47,103.68,103.98,101.90,101.02,101.58,100.72,101.26,102.06,104.58,107.65,107.17,104.17,101.28,101.50,101.65,100.87,103.97,103.19,104.03,103.99,102.95,103.07,104.08,104.58,104.94,105.76,105.37,110.16,108.88,108.59,107.88,109.09,108.48,110.21,108.56,109.83,109.91,111.07,112.01,114.47,115.47,115.78,115.72,113.87,116.01,115.75,117.07,115.65,118.14,117.18,118.28,119.26,118.59,119.21,119.31,119.57,119.75,118.61,114.22,117.20,118.84,119.92,118.50,117.97,116.36,115.66,114.77,115.21,114.30,112.03,112.16,112.86,112.53,109.97,109.33,111.07,113.12,112.12,110.54,111.14,111.85,111.98
Producto,0.000491913,01112002,CEREALES ENTEROS,96.93,96.77,96.41,96.67,94.98,94.98,94.85,94.45,94.63,94.59,94.03,94.23,94.60,95.33,96.85,98.51,101.41,103.89,104.25,105.35,106.40,105.54,105.28,105.54,105.08,106.70,106.91,107.75,108.26,110.03,111.60,110.41,107.52,106.54,107.78,107.59,104.80,103.66,104.03,103.63,103.68,101.93,102.23,102.63,102.35,101.45,101.90,100.59,100.33,100.67,101.16,100.02,100.15,100.62,100.19,100.31,100.49,100.82,99.28,99.57,99.59,97.22,98.00,97.61,101.92,104.44,103.86,103.88,102.84,100.99,101.11,100.44,101.53,101.20,100.40,100.46,101.18,100.42,101.51,101.86,104.56,105.22,108.03,108.21,110.07,110.77,109.63,110.87,110.35,109.82,110.65,110.13,109.36,109.62,109.50,110.31,111.16,111.94,114.89,116.41,116.91,119.32,122.61,122.65,124.80,124.56,126.12,126.35,122.95,127.16,126.81,127.31,127.10,124.91,124.55,124.33,124.97,124.65,123.80,121.87,120.01,120.40,119.31,117.82,114.96,115.40,111.85,112.96,112.39,109.82,110.58,108.52,114.80,115.92,112.77,112.18,112.60,113.32
Producto,0.000721598,01112003,HARINA DE TRIGO,99.25,98.60,99.60,98.33,96.66,97.23,98.46,98.41,95.12,99.06,98.30,99.16,98.30,97.25,99.11,98.78,98.91,98.60,99.85,100.30,99.99,100.36,93.44,99.16,99.29,98.63,97.86,95.43,96.56,96.56,93.25,99.33,99.30,98.38,94.51,93.34,101.35,95.30,98.59,94.44,93.29,95.31,98.51,100.03,97.09,94.79,96.72,89.02,98.97,93.77,87.77,94.87,98.01,97.78,102.26,93.93,100.99,101.67,97.00,93.85,95.20,95.36,95.72,97.70,99.82,101.60,101.54,91.02,84.55,86.94,87.44,84.43,91.10,89.29,93.17,95.55,89.45,90.96,91.34,91.96,89.83,90.63,85.32,101.41,95.64,92.95,93.28,96.83,91.81,97.81,93.47,98.75,99.31,97.96,97.73,104.30,101.68,101.64,100.50,97.29,102.38,97.45,99.87,90.77,95.68,96.02,96.54,98.20,101.08,99.08,98.35,99.46,98.66,98.75,87.58,96.36,100.50,104.09,103.96,102.01,100.94,100.44,97.90,98.85,100.72,96.61,99.73,98.80,98.16,96.44,89.75,98.13,96.27,94.00,93.52,94.63,92.56,94.07
Producto,0.000438773,01112004,HARINA DE OTROS CEREALES,95.35,95.10,96.27,95.32,95.32,95.43,96.03,96.77,97.14,97.14,96.97,96.21,96.27,96.10,97.19,97.78,97.55,97.79,100.64,109.09,110.12,110.65,111.05,111.89,112.75,112.03,111.20,110.77,112.20,112.78,112.93,113.16,113.00,112.14,111.33,110.47,111.20,111.56,111.87,111.07,110.60,110.92,111.21,110.61,111.30,110.43,111.32,112.52,110.77,110.16,109.27,110.22,109.75,110.68,110.97,110.71,110.92,110.78,110.53,110.28,110.81,111.07,111.46,112.76,113.13,118.29,117.53,117.80,115.92,116.88,116.71,118.02,120.38,119.99,120.09,117.48,119.03,119.00,120.55,121.13,120.70,121.74,121.79,121.75,120.50,121.24,120.08,118.93,122.62,123.25,120.81,120.57,121.37,126.31,129.95,130.59,135.45,135.47,132.22,126.97,128.46,129.10,126.56,130.78,131.33,128.04,129.06,130.44,130.03,128.23,129.79,128.85,130.59,129.67,126.43,128.10,128.62,129.15,125.64,128.52,126.72,124.28,125.34,128.00,127.03,122.80,125.09,126.87,127.22,123.81,127.27,127.73,127.71,124.97,124.54,126.30,130.18,128.10
Subclase,0.001737414,01113,Gramíneas y derivados,100.38,100.78,101.01,101.03,100.98,99.95,100.45,100.64,100.68,100.89,100.96,101.08,100.54,100.92,100.93,100.39,100.87,101.25,101.11,101.40,102.10,101.41,101.56,101.50,101.72,101.76,101.09,101.06,101.17,100.98,101.81,102.00,101.96,101.14,100.48,100.86,100.08,98.97,100.09,100.35,95.69,99.98,93.67,98.19,101.27,96.07,96.49,100.10,96.60,92.39,95.38,91.47,99.40,100.03,99.68,99.57,99.56,99.72,99.71,100.09,99.35,96.85,100.19,100.07,99.67,104.45,106.67,107.97,105.02,108.22,111.92,112.69,112.33,112.49,108.72,110.54,110.55,109.16,109.94,109.90,108.90,108.37,108.72,109.79,109.74,109.41,106.73,107.24,108.34,107.37,107.46,110.13,113.39,112.56,113.16,114.57,116.20,114.87,116.57,117.48,118.67,120.26,118.13,119.46,117.14,122.08,120.53,122.23,123.16,115.47,116.13,116.22,114.38,118.28,120.17,124.16,124.11,123.55,123.42,120.09,122.96,123.52,119.05,118.46,116.37,121.70,121.25,121.71,121.16,119.63,123.94,124.37,122.70,124.30,121.96,118.02,125.37,122.16
Producto,0.000784285,01113005,AVENA,96.74,97.83,98.58,98.61,98.99,98.80,98.79,98.47,98.38,98.43,98.60,99.45,98.92,99.04,98.79,98.23,98.60,97.82,98.17,98.24,99.34,98.31,98.64,98.54,98.68,98.62,98.04,98.07,98.34,98.70,100.36,99.99,99.90,98.36,98.50,98.77,96.11,95.92,96.92,97.35,96.30,97.59,97.47,96.92,97.91,97.68,97.01,98.86,96.31,95.93,96.95,96.20,96.51,97.73,96.94,96.79,96.92,97.27,97.25,98.09,96.44,96.99,96.85,96.58,96.96,107.88,113.30,115.92,118.15,125.42,124.84,126.40,125.78,125.33,125.60,124.96,125.28,125.39,124.22,124.95,124.21,124.67,125.05,126.20,126.20,126.58,123.92,124.13,122.82,123.42,124.29,124.40,129.60,131.33,133.73,136.20,134.36,135.78,135.69,135.54,138.84,139.83,140.62,138.11,139.24,140.94,140.10,140.64,142.29,137.14,140.78,139.99,140.43,140.52,140.89,140.89,140.78,140.07,140.73,141.33,139.97,139.95,140.53,140.31,140.17,136.25,136.78,140.15,138.33,135.28,139.74,142.12,141.34,139.01,137.11,141.89,141.44,139.13
Producto,0.000953129,01113006,CEREALES PREPARADOS,103.36,103.18,102.99,103.00,102.61,100.90,101.80,102.42,102.57,102.90,102.90,102.41,101.87,102.45,102.67,102.15,102.73,104.06,103.51,103.98,104.37,103.94,103.94,103.93,104.21,104.32,103.58,103.49,103.48,102.85,102.99,103.65,103.65,103.42,102.10,102.56,103.33,101.45,102.69,102.81,95.19,101.93,90.56,99.23,104.01,94.76,96.06,101.11,96.84,89.49,94.10,87.60,101.77,101.92,101.92,101.84,101.72,101.72,101.72,101.72,101.72,96.74,102.92,102.92,101.88,101.64,101.26,101.47,94.29,94.16,101.35,101.48,101.33,101.99,94.93,98.75,98.50,95.89,98.26,97.60,96.40,95.06,95.37,96.38,96.29,95.38,92.67,93.42,96.51,94.26,93.69,98.47,100.14,97.23,96.34,96.89,101.35,97.77,100.95,102.71,102.18,104.27,99.74,104.21,99.07,106.66,104.54,107.18,107.53,97.76,95.98,96.80,93.10,100.11,103.23,110.48,110.48,110.05,109.26,102.72,109.05,110.09,101.49,100.60,96.92,109.81,108.56,106.64,107.12,106.84,111.03,109.85,107.45,112.28,109.57,98.51,112.24,108.29
Subclase,0.016494689,01114,Pan,94.67,95.33,94.21,93.25,94.09,98.62,98.42,98.32,100.27,100.23,99.05,100.47,99.87,101.85,101.52,99.88,101.54,101.28,101.21,102.74,100.32,100.94,101.19,100.98,102.10,102.24,99.18,99.25,101.40,100.79,100.56,101.28,99.38,101.58,99.55,102.66,101.08,101.56,102.20,102.78,101.69,102.35,102.04,101.58,99.17,101.03,101.74,101.96,103.78,103.12,101.90,102.86,100.61,100.73,101.26,101.49,100.52,100.40,102.55,99.61,101.34,99.79,99.56,98.86,100.75,100.81,101.28,99.94,98.99,101.00,102.61,101.75,102.17,100.04,99.78,99.78,99.84,101.92,103.08,103.69,102.89,103.79,103.81,103.97,104.00,104.60,105.54,106.24,108.97,112.41,115.34,116.20,116.92,118.26,118.40,118.39,118.42,118.42,119.27,118.77,118.13,118.19,118.35,118.81,119.31,119.51,119.18,119.23,119.33,119.28,119.32,119.72,119.71,119.74,119.76,119.76,119.84,119.76,119.65,119.80,119.88,121.47,121.59,121.57,121.52,121.62,122.04,122.06,121.92,122.06,122.07,122.09,122.05,122.37,124.24,124.60,124.69,124.77
Producto,0.015779653,01114007,PAN CORRIENTE,94.56,95.24,94.11,93.10,93.88,98.52,98.31,98.19,100.18,100.14,98.95,100.39,99.77,101.81,101.47,99.78,101.50,101.20,101.03,102.59,100.11,100.75,100.98,100.79,101.93,102.08,98.93,99.00,101.23,100.62,100.34,101.09,99.12,101.37,99.31,102.51,100.92,101.37,102.04,102.65,101.52,102.20,101.87,101.42,98.93,100.83,101.54,101.72,103.51,102.85,101.73,102.78,100.26,100.38,100.99,101.28,100.14,100.12,102.29,99.18,100.98,99.39,99.15,98.40,100.32,100.38,100.87,99.49,98.52,100.67,102.27,101.38,101.78,99.59,99.33,99.33,99.38,101.52,102.72,103.33,102.53,103.44,103.44,103.62,103.62,104.22,105.33,105.91,108.62,112.13,115.10,115.99,116.64,118.02,118.02,118.02,118.02,118.02,118.94,118.39,117.84,117.84,117.96,118.47,119.05,119.22,118.96,118.96,118.96,119.08,119.08,119.43,119.43,119.50,119.52,119.52,119.52,119.52,119.52,119.52,119.52,121.22,121.37,121.37,121.37,121.37,121.77,121.84,121.84,121.86,121.86,121.86,121.86,122.21,124.22,124.44,124.54,124.64
Producto,0.000178133,01114008,PAN ESPECIAL,94.08,94.08,94.25,95.04,95.73,99.27,99.33,99.33,99.31,99.31,98.88,99.40,99.40,99.40,99.51,99.51,99.51,99.51,99.51,99.51,99.51,99.51,99.52,99.52,97.99,97.99,97.99,97.99,97.99,93.73,93.73,94.01,94.03,94.03,94.03,94.03,94.03,93.33,93.33,93.33,93.33,93.33,93.33,93.12,93.35,93.35,93.35,93.26,93.26,93.26,92.47,92.97,92.97,92.97,93.22,89.42,93.22,93.22,93.22,93.22,93.22,93.22,93.22,93.19,93.90,93.90,93.93,93.93,93.92,93.92,93.92,93.92,94.15,94.15,94.15,94.15,94.11,94.12,94.22,95.23,94.81,95.65,95.69,96.22,97.71,98.63,98.75,98.60,98.93,102.19,102.25,102.28,103.03,103.86,104.43,104.43,104.43,104.43,104.50,104.50,104.50,104.50,104.50,104.50,104.61,104.61,104.61,104.61,104.61,104.86,104.87,104.76,104.76,105.06,105.08,105.12,105.12,105.12,105.22,105.25,105.25,105.61,105.90,105.90,105.90,105.90,105.90,106.11,106.13,106.13,106.13,106.13,106.33,106.33,106.33,106.33,106.57,106.17
Producto,0.000536903,01114009,PAN ENVASADO,101.98,101.41,100.24,100.80,105.96,104.73,104.26,105.78,106.31,106.53,105.47,106.29,106.31,106.22,105.64,106.51,105.40,107.14,113.44,114.35,113.45,113.24,115.54,113.83,115.10,115.16,115.50,115.51,114.51,115.70,118.61,118.24,119.10,119.69,118.45,117.86,116.16,119.05,118.57,117.42,117.90,117.91,118.67,117.32,117.74,118.26,119.90,123.26,127.28,126.84,118.43,115.07,127.28,127.14,123.20,122.99,128.53,122.71,124.97,130.36,128.84,128.51,128.51,130.64,131.47,131.78,131.78,131.16,131.02,125.94,129.49,129.56,131.17,131.39,131.39,131.57,131.78,131.84,131.27,131.48,130.79,130.74,131.87,130.78,131.24,132.10,123.47,131.55,137.61,136.50,139.07,138.85,143.73,143.12,151.64,150.78,152.95,152.92,150.14,152.25,145.59,149.46,152.31,149.34,146.02,147.65,143.06,146.24,152.23,141.48,143.98,147.93,147.67,144.62,144.46,144.88,149.74,144.64,137.61,147.32,152.03,147.98,146.30,145.02,141.42,148.10,150.30,146.82,137.74,145.72,146.25,147.31,144.57,143.60,138.08,147.01,146.96,146.15
Subclase,0.00178756,01115,Productos de panadería,102.22,102.82,102.99,102.99,101.57,102.39,101.85,103.01,102.98,102.96,102.69,103.10,102.54,102.95,102.95,103.03,103.09,108.34,108.03,107.72,107.72,107.72,105.18,106.82,97.91,107.54,107.91,101.35,100.13,100.51,101.92,103.14,99.64,103.10,102.91,103.00,103.00,98.28,103.25,102.74,103.27,99.63,99.39,101.72,103.58,103.93,103.51,101.04,104.27,102.01,99.67,103.84,96.87,103.87,102.13,101.20,100.86,101.81,100.91,101.43,98.60,101.39,102.52,101.62,101.83,101.33,101.40,100.02,101.45,98.12,95.81,95.64,98.57,101.77,102.05,101.96,101.66,100.34,101.44,101.04,100.74,101.77,103.12,103.82,103.89,102.47,104.65,102.76,104.55,104.71,104.87,106.05,104.72,107.07,104.25,105.63,106.76,103.26,106.51,103.79,102.20,99.56,101.44,100.27,99.81,105.34,95.80,100.99,97.93,100.65,101.80,105.92,106.04,104.03,101.86,104.50,105.59,106.85,99.28,107.25,108.71,106.67,108.10,103.99,109.03,107.87,106.49,108.54,108.89,107.19,107.20,105.71,107.66,110.71,105.39,103.39,102.86,110.32
Producto,0.00178756,01115010,GALLETAS,102.22,102.82,102.99,102.99,101.57,102.39,101.85,103.01,102.98,102.96,102.69,103.10,102.54,102.95,102.95,103.03,103.09,108.34,108.03,107.72,107.72,107.72,105.18,106.82,97.91,107.54,107.91,101.35,100.13,100.51,101.92,103.14,99.64,103.10,102.91,103.00,103.00,98.28,103.25,102.74,103.27,99.63,99.39,101.72,103.58,103.93,103.51,101.04,104.27,102.01,99.67,103.84,96.87,103.87,102.13,101.20,100.86,101.81,100.91,101.43,98.60,101.39,102.52,101.62,101.83,101.33,101.40,100.02,101.45,98.12,95.81,95.64,98.57,101.77,102.05,101.96,101.66,100.34,101.44,101.04,100.74,101.77,103.12,103.82,103.89,102.47,104.65,102.76,104.55,104.71,104.87,106.05,104.72,107.07,104.25,105.63,106.76,103.26,106.51,103.79,102.20,99.56,101.44,100.27,99.81,105.34,95.80,100.99,97.93,100.65,101.80,105.92,106.04,104.03,101.86,104.50,105.59,106.85,99.28,107.25,108.71,106.67,108.10,103.99,109.03,107.87,106.49,108.54,108.89,107.19,107.20,105.71,107.66,110.71,105.39,103.39,102.86,110.32
Subclase,0.002304843,01116,Pastas alimenticias,99.10,104.10,106.88,107.99,108.23,109.01,110.04,105.01,105.09,103.98,104.06,100.71,100.33,100.78,105.50,104.84,105.61,103.01,104.47,104.27,104.66,103.68,105.00,100.64,101.95,100.06,99.08,97.98,98.82,102.15,96.14,102.42,99.70,80.05,79.34,78.31,76.70,74.56,75.16,75.36,73.43,73.87,74.00,74.06,73.62,73.75,73.70,73.39,72.05,70.70,70.76,71.76,69.37,71.10,70.45,69.37,70.17,71.21,74.35,77.72,80.14,84.65,84.07,84.09,85.28,86.71,85.42,84.43,86.27,86.56,89.84,89.40,90.71,92.39,90.82,91.31,92.01,90.50,90.26,94.25,94.53,94.94,95.72,96.20,97.83,99.48,93.66,98.07,98.27,101.40,99.09,106.82,106.70,109.27,113.85,114.26,114.34,119.84,120.30,116.36,113.01,115.20,121.60,125.13,117.78,117.72,112.86,118.46,111.33,111.48,109.89,110.19,114.65,108.99,108.62,106.22,104.18,102.31,101.23,98.41,104.47,100.61,99.37,99.15,100.42,100.99,99.80,90.40,87.34,90.23,88.77,91.07,93.00,91.78,92.88,89.75,86.61,87.35
Producto,0.002304843,01116011,TALLARINES Y FIDEOS,99.10,104.10,106.88,107.99,108.23,109.01,110.04,105.01,105.09,103.98,104.06,100.71,100.33,100.78,105.50,104.84,105.61,103.01,104.47,104.27,104.66,103.68,105.00,100.64,101.95,100.06,99.08,97.98,98.82,102.15,96.14,102.42,99.70,80.05,79.34,78.31,76.70,74.56,75.16,75.36,73.43,73.87,74.00,74.06,73.62,73.75,73.70,73.39,72.05,70.70,70.76,71.76,69.37,71.10,70.45,69.37,70.17,71.21,74.35,77.72,80.14,84.65,84.07,84.09,85.28,86.71,85.42,84.43,86.27,86.56,89.84,89.40,90.71,92.39,90.82,91.31,92.01,90.50,90.26,94.25,94.53,94.94,95.72,96.20,97.83,99.48,93.66,98.07,98.27,101.40,99.09,106.82,106.70,109.27,113.85,114.26,114.34,119.84,120.30,116.36,113.01,115.20,121.60,125.13,117.78,117.72,112.86,118.46,111.33,111.48,109.89,110.19,114.65,108.99,108.62,106.22,104.18,102.31,101.23,98.41,104.47,100.61,99.37,99.15,100.42,100.99,99.80,90.40,87.34,90.23,88.77,91.07,93.00,91.78,92.88,89.75,86.61,87.35
Clase,0.044705202,0112,Carne (ND),105.56,106.36,105.89,105.97,107.46,108.89,108.76,108.02,107.51,106.70,106.35,107.67,108.82,109.10,108.77,107.34,107.48,106.93,107.73,106.15,106.33,105.25,106.00,106.31,105.58,105.85,105.73,105.83,105.93,106.64,106.19,105.94,105.50,105.81,104.83,105.85,105.52,104.79,104.77,104.72,105.09,104.57,105.89,109.87,109.63,108.50,106.42,105.71,105.92,105.56,106.12,105.80,106.01,105.41,105.49,106.69,104.55,106.26,105.80,106.40,105.90,105.02,106.38,104.89,104.07,106.87,108.49,107.62,106.92,105.96,105.88,104.56,103.60,104.14,106.34,106.55,104.61,104.48,105.50,105.85,104.76,104.84,105.12,105.61,105.92,106.38,104.66,105.08,104.22,105.87,106.52,105.20,105.69,106.51,107.25,106.39,105.78,106.81,107.02,106.70,107.46,108.94,109.98,109.48,109.46,106.79,107.70,108.09,110.59,111.34,109.05,109.91,111.33,110.39,110.06,112.13,110.89,110.70,108.46,106.83,109.74,111.31,112.68,111.36,111.93,112.43,112.06,111.24,112.13,113.29,114.38,112.13,114.13,116.80,115.24,117.61,118.97,120.72
Subclase,0.01531218,01121,"Carne de bovino fresca, refrigerada o congelada",115.03,118.18,118.57,118.79,120.30,119.41,119.33,119.85,119.33,118.13,118.75,120.20,120.41,120.10,119.72,119.44,120.86,120.43,121.22,119.59,120.27,118.78,119.32,119.96,119.42,119.61,119.66,120.71,119.61,121.03,120.21,119.71,119.79,120.27,119.56,121.12,121.30,120.07,121.36,120.56,120.31,120.20,121.34,120.96,121.79,121.72,121.88,121.74,122.19,122.95,122.99,122.82,123.53,122.63,122.17,122.14,121.82,123.14,121.77,122.50,121.97,122.44,124.09,125.80,126.70,128.33,127.94,126.68,126.38,125.35,125.41,125.83,125.51,123.54,125.33,124.70,122.77,122.96,122.01,123.53,121.70,123.62,122.02,124.27,124.69,124.86,124.88,124.92,125.47,125.10,125.04,124.73,124.07,124.95,123.64,123.39,123.29,124.61,124.11,124.83,124.84,124.78,127.02,127.60,127.43,127.06,128.59,128.49,127.49,128.96,129.68,131.09,131.49,131.59,131.57,131.72,131.54,131.25,130.46,130.25,132.72,136.16,136.47,136.40,137.42,138.26,138.64,137.27,138.38,138.92,140.06,141.10,142.53,143.85,145.22,149.10,150.81,148.91
Producto,0.010277691,01121012,CARNE  DE RES SIN HUESO,116.45,118.60,118.88,119.60,120.09,119.22,119.50,119.35,119.43,116.87,116.74,118.60,119.09,118.70,117.82,117.94,118.50,117.57,118.81,116.64,117.64,115.99,116.97,118.02,117.65,118.69,118.25,119.31,119.95,120.99,120.45,120.37,119.58,120.29,120.90,122.09,122.06,119.83,121.52,121.51,122.48,121.34,122.50,122.64,124.03,123.78,123.63,122.97,123.72,123.62,123.59,123.31,123.63,124.12,123.36,123.21,123.18,125.69,123.77,124.87,122.86,123.87,124.20,126.01,127.83,128.09,128.13,126.48,126.34,124.98,124.62,124.91,124.31,121.60,125.65,124.12,122.09,123.19,123.30,124.52,122.48,125.17,122.36,125.16,125.75,126.50,126.06,126.57,126.60,126.40,127.37,127.37,126.47,127.77,125.50,125.76,124.99,126.23,126.42,129.10,129.83,128.54,131.53,132.21,132.37,131.24,133.12,133.53,133.76,134.37,133.71,136.64,137.13,137.02,137.09,137.31,137.35,136.79,135.33,135.39,138.69,141.20,141.44,142.38,143.19,143.01,143.06,141.65,143.69,143.44,144.14,145.40,148.06,148.70,150.76,155.22,157.05,154.44
Producto,0.004313297,01121013,CARNE DE RES CON HUESO,112.65,118.37,119.54,119.83,121.98,120.18,120.30,120.83,121.07,121.12,122.42,122.83,122.89,122.28,122.85,121.52,125.33,125.26,125.43,124.54,124.83,123.75,123.05,123.42,122.54,121.64,122.18,123.45,118.90,120.59,119.21,117.78,119.27,120.67,117.84,119.72,119.40,119.46,121.34,119.69,116.58,118.06,119.82,118.70,119.20,119.15,120.31,119.68,120.86,122.47,123.09,122.63,124.08,121.41,120.99,121.19,120.80,120.49,119.86,120.61,121.89,121.51,124.98,127.49,128.42,130.81,129.64,127.67,127.66,127.06,127.27,128.27,127.87,126.89,125.09,125.74,123.71,122.72,119.95,122.34,120.20,121.29,121.41,123.38,123.64,122.95,123.68,123.00,124.52,123.58,121.90,120.99,120.54,121.06,120.84,119.78,121.57,123.20,121.45,120.13,119.77,121.54,123.44,124.01,123.23,123.88,125.27,124.34,121.11,123.67,126.87,126.32,126.58,126.93,126.89,126.95,126.39,126.25,126.25,125.58,127.07,131.84,132.42,130.65,132.25,134.59,135.53,134.08,133.75,135.74,137.81,138.72,138.40,140.66,141.07,143.40,145.24,143.91
Producto,0.000721192,01121014,CARNE DE RES MOLIDA,115.56,114.92,112.92,109.88,115.16,117.58,114.49,119.08,111.94,114.28,116.82,119.75,118.92,120.24,119.17,120.45,117.99,119.18,119.61,118.40,118.70,116.49,119.12,118.36,118.07,117.36,118.47,118.66,120.35,122.92,122.62,123.19,123.07,118.63,118.10,120.60,124.02,123.91,120.44,118.14,121.55,121.50,120.15,119.46,118.12,119.14,117.24,122.25,118.07,120.79,119.01,120.55,120.87,118.26,119.45,119.33,117.55,117.90,116.97,115.43,116.84,117.36,120.00,118.03,113.16,120.22,120.20,124.08,121.67,121.02,123.07,121.99,123.67,122.37,124.26,124.26,123.30,122.45,122.16,122.16,122.71,123.17,122.33,122.33,122.33,122.33,122.33,122.33,122.33,123.08,123.08,123.08,123.08,122.88,123.15,122.88,119.57,120.17,120.36,117.07,114.13,114.52,113.48,113.48,113.70,113.93,113.93,113.93,114.00,116.56,116.03,115.85,116.19,116.68,116.11,116.19,116.19,116.85,117.09,117.09,118.26,122.16,121.87,122.30,122.32,123.54,123.78,122.92,123.99,123.75,123.99,124.19,124.83,126.73,127.57,133.88,134.46,134.59
Subclase,0.003246225,01122,"Carne de porcino fresca, refrigerada o congelada",109.29,110.05,110.56,109.50,111.10,109.69,109.57,109.73,109.40,109.09,110.21,109.55,110.02,108.90,108.46,106.25,103.89,105.27,104.72,104.17,104.57,105.67,104.73,106.00,105.27,106.81,107.26,107.63,108.03,108.02,107.71,108.33,108.69,107.75,107.97,107.94,108.05,108.04,108.58,109.24,108.79,108.91,107.51,107.72,108.33,108.23,108.95,108.27,109.11,108.49,107.83,107.67,108.12,107.04,106.37,108.13,106.41,106.50,107.00,106.67,105.71,107.10,107.98,106.74,105.38,105.71,105.14,104.56,105.47,104.30,105.59,106.58,106.90,105.87,104.91,104.28,103.88,103.84,102.88,102.57,103.23,103.19,104.07,104.58,105.02,104.79,104.83,103.67,103.10,103.32,103.33,103.24,103.14,104.11,104.66,104.73,104.65,104.56,103.83,103.39,102.65,102.76,103.01,102.45,102.16,102.28,102.45,102.61,102.86,103.34,103.62,103.66,103.78,103.94,103.90,103.81,103.92,103.93,103.55,103.63,103.50,104.22,103.97,103.95,104.15,103.94,103.62,103.59,103.67,103.65,103.69,103.74,104.76,104.97,105.24,105.94,105.37,104.98
Producto,0.001195818,01122015,CHULETA DE CERDO,109.26,110.64,112.94,108.70,112.52,109.62,111.43,110.07,108.44,111.55,112.70,111.72,112.07,112.15,111.44,108.36,105.93,108.68,106.34,104.44,106.26,107.90,107.37,108.95,105.70,109.04,110.00,110.23,110.12,109.66,108.55,109.84,110.87,108.99,109.74,109.44,109.20,108.31,110.35,110.61,109.44,110.22,107.45,108.18,110.21,109.36,110.50,110.17,111.07,110.36,108.97,108.86,109.18,107.16,105.97,109.06,106.01,106.44,107.94,107.90,105.56,108.06,109.19,107.60,107.19,106.52,107.02,106.51,108.48,105.70,107.87,110.50,110.51,108.22,106.55,105.69,105.57,105.77,104.94,104.79,105.23,105.86,106.02,106.27,106.52,106.27,106.51,105.72,104.77,104.77,104.77,104.31,104.31,105.10,105.91,105.91,105.60,105.23,105.26,103.71,102.35,102.98,102.85,102.03,102.26,102.98,102.98,102.98,102.98,102.91,102.98,102.91,103.10,103.35,103.35,103.35,103.35,103.35,103.35,103.35,102.23,102.44,102.44,102.44,102.44,102.19,101.95,101.95,101.95,101.95,101.95,101.95,101.74,101.74,101.74,103.88,103.88,103.88
Producto,0.000405217,01122016,CARNE DE CERDO SIN HUESO,107.10,108.24,107.55,108.62,108.77,109.09,108.66,108.12,108.56,101.90,107.08,107.03,107.25,106.64,106.57,103.67,103.33,102.85,101.76,101.98,100.11,100.62,99.95,99.12,99.67,98.48,99.70,100.61,102.66,104.27,104.19,103.85,103.42,104.20,104.30,102.98,105.36,105.03,105.13,105.58,106.13,104.77,105.04,104.70,104.69,104.88,104.92,104.12,103.89,103.34,102.49,102.29,102.82,103.60,103.48,103.44,102.93,103.09,102.90,101.81,101.73,101.71,102.47,103.19,102.38,102.77,101.74,101.07,100.82,100.85,100.86,100.59,100.71,100.70,100.66,100.50,100.56,101.56,101.46,101.08,102.40,103.14,102.41,102.85,103.26,103.26,103.82,103.08,103.03,102.52,102.58,102.91,102.45,102.40,102.22,102.00,102.21,102.44,102.29,102.51,102.43,102.21,102.51,102.76,102.20,102.78,103.12,103.33,104.04,104.42,104.64,105.60,105.39,105.70,106.38,106.49,107.02,107.62,106.22,106.61,107.12,106.90,105.75,105.15,105.00,104.95,103.97,104.86,105.42,105.50,105.70,105.76,105.71,105.89,105.94,105.99,106.08,105.61
Producto,0.00164519,01122017,CARNE DE CERDO CON HUESO,110.36,110.38,109.81,110.65,110.89,110.03,108.31,110.19,110.67,110.25,109.42,108.77,109.47,107.00,106.63,105.56,102.30,103.30,104.66,104.96,105.14,106.02,104.59,106.57,107.52,108.71,108.34,108.57,108.65,108.30,108.61,109.06,109.18,108.29,108.09,108.92,108.27,109.22,108.59,109.72,109.45,109.67,108.73,108.73,108.34,108.79,109.44,108.49,109.79,109.22,109.32,109.13,109.66,108.55,108.10,109.50,108.42,108.17,108.07,107.85,107.72,108.77,109.47,107.62,105.14,106.37,105.03,104.44,104.93,104.66,105.75,105.84,106.54,106.17,105.41,104.78,103.91,103.17,101.68,101.25,101.80,100.79,103.07,103.86,104.49,104.17,103.79,102.07,101.61,102.37,102.37,102.42,102.41,104.03,104.68,104.94,104.94,104.94,103.25,103.51,103.03,102.83,103.40,102.69,102.05,101.41,101.66,101.93,102.20,103.22,103.72,103.41,103.64,103.64,103.22,102.96,102.96,102.71,102.47,102.47,102.95,104.57,104.53,104.76,105.30,105.06,104.97,104.48,104.41,104.34,104.34,104.42,107.06,107.48,108.09,107.80,106.39,105.68
Subclase,0.00012318,01123,Carne de ovino,97.47,97.56,98.18,98.52,99.39,99.27,99.27,102.10,102.10,99.30,99.30,99.30,99.30,99.30,99.30,99.30,99.30,98.98,100.77,99.48,99.48,99.48,101.39,101.39,101.39,99.04,99.04,98.63,93.93,99.51,101.36,100.06,100.06,101.36,101.36,101.36,101.97,102.81,103.65,103.65,104.46,101.96,104.13,102.88,103.44,103.44,103.44,103.71,103.71,103.51,103.51,104.13,105.35,105.19,102.15,103.71,103.71,103.71,103.39,103.22,103.52,103.52,103.52,99.58,100.36,100.36,103.52,103.99,103.99,103.99,103.99,104.91,104.91,103.03,103.03,103.49,103.49,103.49,103.49,103.49,103.49,103.49,103.49,103.49,104.51,101.48,103.37,104.59,104.59,104.59,104.59,104.59,104.77,104.77,104.77,104.77,104.43,106.12,106.30,107.02,108.39,105.51,110.52,109.81,109.52,109.52,108.97,108.97,107.48,108.97,110.56,111.46,111.46,109.24,108.11,109.24,109.60,112.75,113.56,113.07,113.65,112.10,113.65,113.65,114.14,114.14,114.63,114.63,116.53,116.62,117.46,117.57,117.54,118.04,118.04,115.19,110.60,113.29
Producto,0.00012318,01123018,CARNE DE OVINO,97.47,97.56,98.18,98.52,99.39,99.27,99.27,102.10,102.10,99.30,99.30,99.30,99.30,99.30,99.30,99.30,99.30,98.98,100.77,99.48,99.48,99.48,101.39,101.39,101.39,99.04,99.04,98.63,93.93,99.51,101.36,100.06,100.06,101.36,101.36,101.36,101.97,102.81,103.65,103.65,104.46,101.96,104.13,102.88,103.44,103.44,103.44,103.71,103.71,103.51,103.51,104.13,105.35,105.19,102.15,103.71,103.71,103.71,103.39,103.22,103.52,103.52,103.52,99.58,100.36,100.36,103.52,103.99,103.99,103.99,103.99,104.91,104.91,103.03,103.03,103.49,103.49,103.49,103.49,103.49,103.49,103.49,103.49,103.49,104.51,101.48,103.37,104.59,104.59,104.59,104.59,104.59,104.77,104.77,104.77,104.77,104.43,106.12,106.30,107.02,108.39,105.51,110.52,109.81,109.52,109.52,108.97,108.97,107.48,108.97,110.56,111.46,111.46,109.24,108.11,109.24,109.60,112.75,113.56,113.07,113.65,112.10,113.65,113.65,114.14,114.14,114.63,114.63,116.53,116.62,117.46,117.57,117.54,118.04,118.04,115.19,110.60,113.29
Subclase,0.021700216,01124,"Carne de aves  fresca, refrigerada o congelada",98.70,97.95,96.50,96.71,98.96,102.64,102.52,100.27,99.39,98.52,97.31,99.09,101.29,102.28,101.84,99.37,99.02,97.95,99.38,97.00,96.80,95.38,96.85,96.77,95.96,95.79,95.67,95.35,96.00,96.85,96.14,96.04,94.72,95.77,93.83,94.42,93.68,93.16,92.21,92.45,93.22,92.43,95.00,103.29,102.41,99.94,95.45,94.00,94.10,92.96,94.02,93.84,93.51,93.17,93.92,95.85,91.99,94.27,94.26,95.16,94.87,92.41,93.97,89.49,87.61,92.79,96.15,95.46,93.98,92.83,92.67,88.90,86.89,90.01,93.64,94.76,91.97,91.82,94.49,94.65,93.88,91.84,93.58,92.76,93.26,93.76,89.86,91.29,89.15,92.24,94.16,91.85,92.61,93.58,96.14,94.12,92.91,94.54,95.32,94.19,95.83,99.47,99.73,97.95,98.66,93.08,93.95,94.29,100.15,100.92,95.37,95.74,98.51,96.60,95.81,100.34,98.08,97.23,93.19,89.73,94.30,95.36,97.88,95.10,95.48,96.26,95.01,94.44,95.60,97.53,98.92,93.46,96.89,101.50,97.14,99.31,101.27,106.14
Producto,0.011267686,01124019,POLLO ENTERO,98.81,98.06,95.98,96.71,99.35,104.33,104.14,101.17,100.33,98.78,97.86,99.86,103.06,104.51,103.84,100.92,99.26,98.10,99.50,96.98,97.54,96.11,97.34,97.15,95.81,96.23,96.27,95.60,96.07,97.91,97.15,96.73,95.02,96.53,93.67,94.03,92.49,92.35,92.17,93.30,92.75,91.45,96.09,105.52,103.58,99.69,94.07,92.98,91.60,92.00,93.24,93.12,91.89,91.66,93.04,96.14,92.12,93.56,92.77,96.08,95.99,92.81,93.98,91.34,89.01,92.71,96.25,94.77,92.65,93.41,91.85,87.92,85.83,90.25,94.21,94.72,91.86,91.46,94.52,94.42,93.82,91.97,93.71,92.72,93.47,92.94,88.58,90.25,86.10,89.79,93.41,90.99,91.77,93.46,96.94,93.54,90.38,92.60,93.49,92.91,95.61,97.66,99.37,97.23,98.44,91.36,92.56,91.85,99.61,100.84,94.80,93.75,97.04,94.18,93.50,98.57,96.41,95.02,90.69,87.53,92.78,93.30,95.75,92.54,93.23,93.72,91.94,91.40,93.76,94.99,96.90,90.87,96.46,101.74,95.34,96.59,98.95,105.99
Producto,0.009593699,01124020,PRESAS DE POLLO,96.18,95.33,94.73,94.12,95.90,97.42,97.40,96.25,95.38,95.47,93.47,95.10,95.67,95.95,95.81,95.51,96.16,94.08,95.80,93.33,91.52,89.71,91.85,91.88,92.03,90.65,90.25,90.49,91.59,90.70,90.45,91.06,90.59,90.33,90.23,90.98,91.66,91.43,88.71,87.27,90.68,90.80,90.17,97.01,97.53,98.17,95.32,92.08,95.05,90.72,91.58,91.77,92.72,93.10,92.88,91.33,88.14,91.56,92.99,89.56,89.70,88.20,90.76,81.60,81.18,89.68,92.56,92.73,92.30,86.91,89.57,85.48,83.34,84.31,87.86,90.35,87.33,87.62,90.84,91.02,89.43,86.58,88.57,87.94,87.95,90.61,87.04,88.23,89.79,92.17,91.38,88.22,88.91,89.65,90.06,90.52,92.67,94.04,94.02,91.47,91.26,98.52,95.92,94.59,94.79,90.99,91.36,93.87,96.77,96.69,91.30,95.39,96.86,96.37,95.65,99.28,96.86,96.57,92.51,87.92,91.81,94.50,96.95,94.62,94.69,96.13,95.73,95.02,94.18,97.26,98.20,93.09,93.17,97.34,95.87,99.62,101.05,102.27
Producto,0.000838832,01124021,MENUDENCIAS DE POLLO,113.87,113.87,115.01,113.87,113.87,114.73,114.73,114.73,113.43,115.29,115.29,115.29,114.92,114.38,115.05,104.17,114.77,121.48,121.52,121.52,121.66,123.02,123.32,124.07,123.90,123.87,123.48,124.15,124.14,123.25,120.21,119.65,118.00,121.59,119.75,122.28,122.92,115.53,115.96,115.28,116.40,116.36,112.25,115.06,118.97,115.03,114.53,120.27,121.11,120.56,120.50,117.14,120.25,113.76,112.35,121.71,115.70,121.63,122.52,119.85,114.12,114.91,114.98,116.91,111.39,114.31,118.51,122.70,122.70,124.10,124.15,124.43,124.43,124.43,124.21,124.43,124.09,124.36,118.06,121.70,124.08,124.89,125.05,124.97,125.37,125.49,125.40,125.29,125.46,125.37,122.44,127.33,128.29,121.05,125.75,125.75,128.35,123.64,128.15,129.21,128.98,129.79,129.79,129.79,127.13,129.73,129.55,129.62,129.62,129.80,129.73,124.60,128.99,130.24,127.62,130.97,128.43,131.03,130.96,130.96,131.04,128.44,132.49,132.44,130.72,131.00,131.09,131.09,129.55,133.20,130.67,130.32,127.23,125.74,129.60,133.45,133.78,133.78
Subclase,0.000601926,01125,Vísceras frescas,107.63,108.90,108.52,108.43,108.70,109.26,109.79,107.78,107.78,110.21,109.96,109.58,109.90,111.13,111.39,111.78,111.55,111.27,111.13,112.62,112.60,110.76,112.17,111.93,109.21,113.28,113.01,113.77,113.59,112.78,112.69,112.71,112.55,108.63,108.21,108.34,108.34,105.40,106.14,105.08,105.73,105.86,107.73,107.97,107.37,109.09,103.51,105.47,106.26,105.05,108.81,103.85,107.22,107.71,105.52,101.98,109.39,109.51,109.03,109.71,108.02,109.93,110.00,104.78,109.26,105.67,108.91,103.37,105.65,109.82,108.88,109.83,109.31,109.86,109.75,108.19,110.32,109.94,109.52,109.44,106.21,107.33,109.25,107.30,104.98,106.98,108.00,107.61,108.19,107.82,108.59,108.50,106.66,108.05,108.32,108.29,108.43,109.46,109.41,109.66,109.05,108.68,110.63,111.62,110.01,110.48,111.40,111.40,111.50,111.51,110.70,112.48,111.38,111.76,112.31,112.88,114.19,114.19,114.36,114.50,115.25,116.24,116.46,116.81,117.20,116.83,116.87,114.61,116.64,114.88,117.74,118.30,119.29,119.30,119.30,119.70,122.43,122.74
Producto,0.000601926,01125022,VÍSCERAS DE RES,107.63,108.90,108.52,108.43,108.70,109.26,109.79,107.78,107.78,110.21,109.96,109.58,109.90,111.13,111.39,111.78,111.55,111.27,111.13,112.62,112.60,110.76,112.17,111.93,109.21,113.28,113.01,113.77,113.59,112.78,112.69,112.71,112.55,108.63,108.21,108.34,108.34,105.40,106.14,105.08,105.73,105.86,107.73,107.97,107.37,109.09,103.51,105.47,106.26,105.05,108.81,103.85,107.22,107.71,105.52,101.98,109.39,109.51,109.03,109.71,108.02,109.93,110.00,104.78,109.26,105.67,108.91,103.37,105.65,109.82,108.88,109.83,109.31,109.86,109.75,108.19,110.32,109.94,109.52,109.44,106.21,107.33,109.25,107.30,104.98,106.98,108.00,107.61,108.19,107.82,108.59,108.50,106.66,108.05,108.32,108.29,108.43,109.46,109.41,109.66,109.05,108.68,110.63,111.62,110.01,110.48,111.40,111.40,111.50,111.51,110.70,112.48,111.38,111.76,112.31,112.88,114.19,114.19,114.36,114.50,115.25,116.24,116.46,116.81,117.20,116.83,116.87,114.61,116.64,114.88,117.74,118.30,119.29,119.30,119.30,119.70,122.43,122.74
Subclase,0.003721475,01126,Carnes preparadas y procesadas,103.61,103.98,104.42,104.43,102.17,103.47,103.06,104.40,105.55,105.59,104.71,105.53,105.48,105.58,106.07,106.34,106.90,106.63,105.69,106.88,107.02,106.90,106.37,106.66,105.81,107.03,105.73,104.32,105.87,104.04,105.91,104.92,106.22,103.82,105.35,107.84,107.22,106.61,106.03,106.60,107.83,106.60,105.04,107.07,105.53,105.95,105.59,106.16,105.47,105.42,106.24,104.92,105.50,104.94,104.81,106.51,104.99,107.10,106.68,106.30,105.40,105.05,105.11,107.72,106.16,104.52,106.29,106.00,105.86,105.62,104.24,106.38,107.05,105.22,105.20,104.75,104.92,103.71,105.48,103.46,101.81,106.02,104.85,106.01,105.14,107.07,107.94,106.24,106.44,109.53,107.07,105.75,109.69,109.43,108.48,110.16,110.14,108.35,109.14,109.17,109.72,107.70,108.91,110.85,108.27,108.84,108.66,111.18,111.88,110.38,110.92,113.03,112.91,112.05,112.58,111.41,109.91,112.93,112.33,112.90,112.48,111.31,112.22,112.37,112.69,111.48,112.71,111.84,111.35,112.33,112.58,112.27,110.35,110.87,111.05,111.45,110.73,111.74
Producto,0.000873533,01126023,CHORIZO,103.68,102.21,103.68,102.84,99.05,100.09,98.10,101.94,104.07,102.38,100.91,102.49,103.93,105.48,106.73,106.60,106.70,106.70,103.56,107.04,106.59,107.29,108.04,108.40,107.69,107.66,105.81,106.18,108.12,95.22,105.28,101.38,103.61,105.67,104.65,108.12,107.70,104.93,106.36,104.98,106.27,107.65,106.11,107.13,105.35,107.80,107.92,107.92,107.92,104.87,102.40,105.20,101.57,100.38,103.63,106.28,105.16,105.10,106.15,100.35,102.96,102.88,105.64,108.10,107.24,107.24,107.83,105.90,106.59,105.35,102.92,106.86,107.03,102.67,104.74,98.86,104.04,108.03,108.74,93.49,95.17,108.25,102.66,99.93,103.06,103.15,109.40,107.50,101.49,113.97,110.59,108.72,114.88,108.76,105.55,112.32,111.16,112.25,109.05,111.60,112.34,110.18,112.04,116.21,114.42,114.93,114.27,121.23,117.13,115.98,113.86,117.93,120.96,120.79,119.99,120.77,115.09,124.24,119.28,121.53,120.39,120.76,119.57,120.76,118.14,118.51,119.70,120.55,120.57,116.30,120.24,117.26,110.03,118.20,118.61,118.51,118.98,120.57
Producto,0.000594218,01126024,JAMÓN,101.81,102.24,101.45,101.38,99.59,101.22,101.21,101.66,101.58,102.19,103.90,102.56,102.79,102.89,104.04,103.73,104.11,104.92,104.03,104.42,103.97,104.03,103.22,103.77,102.93,104.48,102.93,103.31,104.84,103.41,103.99,103.28,103.99,102.77,103.85,105.42,104.75,103.76,100.74,103.02,104.74,102.03,102.92,103.30,101.65,101.30,103.60,102.71,100.96,101.56,102.53,101.00,101.29,101.04,101.10,101.81,100.65,102.57,101.62,101.72,101.75,101.16,101.16,104.14,102.82,101.19,102.64,101.62,103.36,102.79,100.30,100.85,102.87,99.44,100.00,101.88,100.93,104.94,103.66,102.39,99.01,103.38,104.02,103.74,98.36,103.03,104.25,102.37,99.95,103.27,98.90,102.03,105.59,102.86,101.80,103.38,104.86,102.59,104.03,102.42,102.50,103.63,104.31,105.08,103.83,103.15,103.74,105.80,104.54,101.84,104.72,105.47,106.48,105.16,106.30,101.35,100.12,104.44,103.15,105.16,105.87,102.73,103.71,101.95,102.56,101.96,103.40,102.47,100.64,102.43,101.25,101.99,101.11,100.07,100.85,101.83,100.33,102.80
Producto,0.001248423,01126025,MORTADELA,103.43,103.92,104.62,104.92,103.99,104.65,104.52,105.38,106.84,106.42,106.35,106.12,106.40,106.60,106.85,106.85,107.36,107.44,105.64,106.26,107.34,106.52,105.89,106.00,104.94,106.32,105.43,103.24,106.37,104.97,104.86,106.36,106.36,104.92,106.57,108.21,108.43,108.45,106.41,106.13,108.27,107.94,107.01,109.00,106.90,106.36,106.19,107.56,107.77,107.95,107.53,105.94,106.23,105.03,105.50,106.30,106.25,107.35,107.22,107.68,106.52,106.79,105.72,108.06,106.95,104.55,105.81,106.10,107.73,105.35,103.48,105.83,107.14,106.54,106.54,107.39,106.46,105.12,105.13,103.38,103.62,107.94,104.95,107.53,106.22,107.95,108.76,106.75,108.24,107.25,106.21,106.60,110.41,108.98,108.71,109.41,109.80,106.02,105.88,107.47,108.23,104.55,107.25,108.60,107.37,107.88,108.42,110.35,108.74,107.84,108.13,111.20,109.09,109.69,109.62,111.80,110.51,111.95,112.01,112.27,113.15,112.52,112.77,113.83,113.30,111.68,112.12,111.89,113.06,111.88,112.42,112.49,111.45,112.30,112.45,111.69,112.13,111.98
Producto,0.001005302,01126026,SALCHICHA,104.58,105.28,105.94,106.01,103.09,104.65,104.24,105.74,107.11,107.51,105.01,107.34,106.62,106.36,106.48,107.29,108.07,107.00,107.01,108.41,108.45,108.45,107.83,108.08,107.31,108.57,107.26,105.04,105.61,105.76,107.61,105.69,107.82,103.30,105.56,108.76,107.66,107.33,108.36,108.99,109.45,107.87,104.75,107.82,106.70,107.62,105.71,106.69,105.84,106.01,108.20,106.21,108.04,107.82,106.52,109.01,106.37,109.63,109.01,109.10,107.12,106.47,106.60,109.21,107.11,105.55,108.03,108.14,105.86,107.23,106.93,109.33,109.07,107.89,107.11,105.96,106.23,101.35,105.87,106.24,103.62,105.73,105.69,107.61,108.34,109.44,108.99,107.59,109.73,112.97,110.82,106.45,110.17,113.10,112.30,113.48,112.73,111.67,113.55,112.96,113.57,110.97,111.45,113.80,109.62,110.86,110.01,112.11,116.17,114.83,114.94,116.74,116.52,114.90,115.74,114.13,113.29,115.21,115.53,115.19,113.63,112.80,114.50,114.85,116.17,114.55,116.11,114.54,113.66,116.63,116.62,116.16,114.37,113.80,113.65,114.53,113.27,114.08
Clase,0.012598001,0113,Pescado (ND),100.54,100.90,101.51,103.38,103.40,102.16,99.53,101.28,100.71,100.29,100.53,99.36,100.27,101.67,101.27,101.28,101.22,101.74,102.73,101.94,102.12,102.20,102.30,101.99,101.76,101.70,102.14,103.33,102.03,101.67,101.54,102.46,103.08,103.24,103.37,103.05,105.39,105.80,106.19,105.63,105.38,105.92,105.42,105.14,106.36,105.49,105.22,105.64,105.99,105.96,105.09,106.46,106.01,105.32,105.64,104.24,103.20,104.42,103.81,103.12,104.43,103.88,103.75,106.44,105.58,105.95,106.66,104.07,103.96,103.65,103.31,102.73,103.01,102.89,103.31,101.99,102.06,102.22,101.81,101.81,100.39,99.77,101.76,100.92,102.54,104.77,104.04,105.12,106.09,105.04,104.25,104.12,107.01,107.27,105.83,105.93,106.90,106.32,106.64,105.14,106.16,107.36,108.34,108.66,107.26,106.97,105.20,105.42,107.77,107.16,107.98,106.76,106.05,104.83,105.40,105.22,105.02,104.63,105.20,105.19,106.39,106.03,105.46,105.20,104.70,103.82,103.23,105.44,105.18,106.83,105.82,104.15,108.05,108.33,107.43,108.95,110.17,108.51
Subclase,0.007089964,01131,"Pescados  frescos, refrigerados y congeladas",99.91,100.44,101.83,105.69,106.49,105.92,101.97,105.61,105.03,104.58,104.77,102.59,103.72,105.14,104.97,104.50,105.60,105.13,103.98,103.96,103.95,104.36,103.59,104.27,103.20,103.70,105.21,106.00,103.25,102.89,103.16,103.02,103.74,103.65,103.93,103.75,104.73,104.59,105.74,104.80,105.20,105.22,104.93,105.29,105.07,104.79,104.22,104.17,104.19,103.98,103.98,104.74,103.68,102.79,102.77,101.43,101.36,102.22,102.46,100.77,101.71,101.86,101.76,104.95,105.07,104.69,104.67,103.19,102.45,101.93,99.89,98.13,98.35,99.05,99.19,99.65,99.50,100.22,99.48,99.91,100.45,99.60,100.62,101.12,101.13,102.52,103.26,103.17,103.78,100.77,99.44,100.09,101.17,101.43,100.17,99.24,100.65,102.18,101.64,103.34,103.19,102.95,103.76,104.25,103.91,102.60,102.54,102.06,103.46,103.37,104.05,102.78,103.03,102.06,100.34,100.92,99.88,99.53,100.24,99.73,101.73,100.91,101.01,102.12,100.92,101.38,102.23,102.36,103.05,103.02,102.91,102.72,103.08,105.54,104.76,105.10,106.52,105.52
Producto,0.001195122,01131027,PESCADO FRESCO ENTERO,98.16,99.57,98.93,103.69,104.30,102.71,100.44,104.30,102.71,99.61,100.45,97.45,98.71,103.35,102.38,101.34,103.04,102.66,99.57,100.06,99.91,99.95,98.64,101.60,98.43,99.16,101.35,100.90,96.88,96.47,96.70,96.08,94.38,94.58,95.53,95.43,95.31,94.37,98.39,97.42,97.78,98.23,97.44,97.53,96.87,96.53,95.90,96.52,97.12,95.92,95.13,95.34,96.08,94.21,94.39,92.33,94.12,94.53,93.49,92.64,93.56,93.67,94.07,100.33,100.12,99.85,99.70,96.33,94.63,94.08,91.11,89.37,89.87,89.53,89.53,89.94,88.42,89.93,89.02,87.91,88.01,87.97,88.33,88.01,87.89,89.71,90.11,91.37,91.66,88.21,86.23,87.98,87.81,88.35,86.91,85.17,87.28,88.15,86.49,88.26,88.78,87.00,88.47,89.65,90.46,89.76,89.76,88.54,90.87,89.93,91.19,89.44,89.39,89.70,88.29,88.95,87.41,86.27,86.36,86.01,88.48,87.28,87.49,87.26,86.77,89.18,89.75,89.75,89.71,90.19,90.19,90.96,91.64,91.27,89.62,90.08,94.01,92.17
Producto,0.005894841,01131028,PESCADO FRESCO FILETEADO,101.14,101.04,103.85,107.08,108.02,108.17,103.04,106.53,106.65,108.04,107.79,106.19,107.22,106.40,106.78,106.71,107.39,106.85,107.07,106.69,106.77,107.44,107.04,106.14,106.52,106.87,107.91,109.56,107.70,107.38,107.67,107.87,110.28,109.99,109.80,109.57,111.32,111.73,110.87,109.97,110.38,110.10,110.17,110.71,110.81,110.57,110.03,109.52,109.12,109.62,110.17,111.31,109.00,108.78,108.62,107.80,106.43,107.59,108.73,106.45,107.41,107.58,107.13,108.18,108.54,108.07,108.14,107.99,107.91,107.42,106.02,104.25,104.28,105.71,105.95,106.44,107.24,107.42,106.79,108.30,109.15,107.73,109.20,110.29,110.38,111.47,112.45,111.42,112.25,109.55,108.67,108.56,110.50,110.57,109.43,109.07,109.99,111.99,112.24,113.88,113.26,114.11,114.46,114.45,113.31,111.57,111.48,111.51,112.26,112.77,113.05,112.11,112.56,110.70,108.77,109.29,108.60,108.80,109.95,109.33,110.98,110.44,110.46,112.50,110.81,109.90,110.95,111.18,112.37,111.98,111.81,110.95,111.07,115.51,115.35,115.60,115.26,114.85
Subclase,0.001536919,01132,"Mariscos frescos, refrigerados, congelados",101.37,98.89,97.10,98.53,100.48,96.86,96.93,99.23,96.54,94.90,94.47,95.77,96.97,102.83,97.72,101.47,101.92,103.22,102.63,99.86,100.70,98.62,102.50,102.46,98.66,96.94,97.49,99.29,101.04,100.02,100.96,105.45,101.57,102.90,103.49,101.18,100.58,101.66,100.84,102.54,102.93,101.95,100.46,98.29,100.69,97.99,100.26,101.14,101.88,100.54,101.41,103.19,101.04,98.54,99.74,102.33,101.33,100.06,98.25,98.39,100.43,99.49,97.44,96.99,90.16,94.63,91.54,90.90,90.20,87.16,87.75,89.83,89.39,89.23,88.02,88.26,88.26,88.35,88.63,87.78,86.25,88.44,88.42,87.72,87.72,87.26,87.27,88.68,85.31,84.99,84.42,84.41,88.15,86.61,86.08,86.08,86.08,86.08,86.08,86.50,86.08,86.32,86.56,86.56,86.56,86.56,86.56,86.56,86.56,86.56,86.25,82.24,80.44,80.44,80.44,80.44,80.44,79.43,79.46,80.44,80.44,80.44,80.44,80.44,80.44,80.44,79.61,79.61,79.61,79.61,79.61,79.61,79.61,79.61,77.99,77.38,77.06,74.17
Producto,0.001536919,01132029,CAMARÓN,101.37,98.89,97.10,98.53,100.48,96.86,96.93,99.23,96.54,94.90,94.47,95.77,96.97,102.83,97.72,101.47,101.92,103.22,102.63,99.86,100.70,98.62,102.50,102.46,98.66,96.94,97.49,99.29,101.04,100.02,100.96,105.45,101.57,102.90,103.49,101.18,100.58,101.66,100.84,102.54,102.93,101.95,100.46,98.29,100.69,97.99,100.26,101.14,101.88,100.54,101.41,103.19,101.04,98.54,99.74,102.33,101.33,100.06,98.25,98.39,100.43,99.49,97.44,96.99,90.16,94.63,91.54,90.90,90.20,87.16,87.75,89.83,89.39,89.23,88.02,88.26,88.26,88.35,88.63,87.78,86.25,88.44,88.42,87.72,87.72,87.26,87.27,88.68,85.31,84.99,84.42,84.41,88.15,86.61,86.08,86.08,86.08,86.08,86.08,86.50,86.08,86.32,86.56,86.56,86.56,86.56,86.56,86.56,86.56,86.56,86.25,82.24,80.44,80.44,80.44,80.44,80.44,79.43,79.46,80.44,80.44,80.44,80.44,80.44,80.44,80.44,79.61,79.61,79.61,79.61,79.61,79.61,79.61,79.61,77.99,77.38,77.06,74.17
Subclase,0.003971119,01133,Pescados  y mariscos procesados y preparados,101.03,101.81,102.12,101.99,100.78,99.33,97.53,97.17,97.06,96.94,97.38,96.75,97.35,97.79,98.14,97.86,96.47,97.88,101.44,100.25,100.51,100.69,100.92,99.50,100.91,100.62,99.91,101.38,100.97,100.73,99.96,101.25,102.70,102.87,102.75,102.70,107.11,107.96,107.81,107.16,106.10,107.49,106.98,106.45,108.92,107.81,107.33,108.13,108.75,109.19,107.04,108.96,109.52,109.41,109.92,107.58,105.53,107.66,106.41,106.60,108.13,106.93,107.17,110.00,109.38,109.68,111.98,107.79,108.47,108.96,110.20,110.28,110.79,109.81,110.87,107.36,107.68,107.27,107.06,106.80,103.33,102.36,105.80,103.52,107.18,110.86,108.42,110.67,112.94,113.78,113.52,112.55,117.15,117.78,115.97,117.17,117.89,114.96,116.26,110.99,113.55,116.45,117.77,117.99,115.18,115.90,111.95,112.94,116.80,115.51,116.72,116.15,114.67,112.91,116.01,115.00,115.63,115.32,115.87,116.17,116.79,116.84,115.45,113.70,113.81,111.36,109.31,114.16,112.85,116.62,114.43,110.88,119.30,117.36,116.48,119.70,121.04,118.95
Producto,0.003509297,01133030,ATÚN EN CONSERVA,101.30,101.74,101.83,101.70,100.78,99.05,96.51,95.86,95.57,95.62,95.88,95.05,95.55,96.08,96.49,96.11,94.68,96.02,99.98,98.58,98.78,99.00,99.10,97.73,99.14,98.78,98.03,99.56,99.11,98.89,97.97,99.46,101.11,101.29,101.19,101.25,106.02,106.69,106.59,105.91,104.72,106.23,105.56,105.26,107.90,106.65,106.28,106.90,107.61,108.20,105.58,108.05,108.33,108.24,108.66,106.00,103.63,106.25,104.65,104.77,106.52,105.23,105.85,108.66,107.95,108.33,110.93,106.57,107.36,108.26,109.18,109.22,109.84,108.72,109.96,106.07,106.12,105.48,105.34,105.45,101.84,100.50,104.25,101.72,105.67,109.75,106.74,109.30,111.91,112.61,112.44,111.05,115.75,116.34,113.79,114.89,115.69,112.57,113.94,108.03,110.82,113.93,115.38,115.73,112.83,113.36,109.38,110.27,114.28,113.17,114.98,113.74,112.49,110.70,114.32,112.92,113.75,113.06,113.80,113.85,114.77,114.92,113.19,111.62,111.44,108.58,106.21,111.54,110.56,114.57,112.48,108.86,118.40,116.26,114.73,118.34,119.72,116.99
Producto,0.000461822,01133031,SARDINAS EN CONSERVA,99.01,102.33,104.29,104.12,100.72,101.41,104.91,106.62,107.87,106.51,108.27,109.05,110.37,110.18,110.05,110.49,109.41,111.32,112.04,112.37,113.07,112.99,114.05,112.30,113.70,114.00,113.52,114.62,114.50,114.10,114.39,114.23,114.24,114.33,114.00,113.24,114.98,117.10,116.59,116.19,116.12,116.62,117.29,115.08,116.30,116.25,114.98,117.00,117.04,116.37,117.62,115.53,118.09,117.86,119.03,119.01,119.24,117.86,119.14,119.86,119.84,119.21,116.75,119.72,119.74,119.49,119.56,116.69,116.54,114.07,117.53,117.98,117.69,117.69,117.48,116.69,118.98,120.22,119.52,116.55,114.10,115.80,116.96,116.54,118.15,118.89,120.55,120.56,120.45,122.23,121.31,123.40,127.29,128.22,131.76,133.64,133.81,132.27,133.07,132.43,133.35,134.68,135.08,134.37,132.19,134.30,130.56,132.33,135.03,132.47,129.27,133.56,130.43,128.91,128.27,130.08,129.26,131.73,130.89,132.95,131.43,130.73,131.85,128.81,131.02,131.52,131.78,133.15,129.49,131.46,128.53,125.49,125.81,125.32,129.12,129.50,130.60,133.13
Clase,0.034965826,0114,"Leche, queso y huevos (ND)",100.05,100.78,99.80,100.31,99.72,100.78,100.41,101.22,101.33,100.44,100.50,100.82,99.86,100.36,100.68,100.40,101.06,101.58,102.01,101.59,101.73,101.81,101.68,101.65,101.13,101.44,101.01,101.30,101.37,101.84,100.44,101.42,101.49,102.12,101.47,100.83,100.74,102.06,101.69,101.70,102.24,101.67,101.94,101.46,101.99,101.50,101.01,99.97,102.09,100.70,99.59,100.19,100.41,100.52,101.47,100.31,101.74,102.05,102.03,101.24,102.26,101.52,102.74,103.43,104.38,105.49,103.00,101.93,101.46,101.03,101.67,101.54,102.04,102.36,101.93,100.84,101.62,101.82,102.72,102.54,101.63,101.69,101.30,101.37,102.49,102.81,103.15,101.40,104.28,107.41,111.43,112.40,112.52,112.88,112.98,112.64,114.86,114.61,116.89,117.14,116.85,115.71,117.67,117.59,118.12,119.49,118.67,119.72,118.35,118.30,117.82,117.46,116.31,116.79,116.73,116.91,116.14,115.93,117.20,117.30,116.58,116.63,117.52,117.61,117.21,117.84,118.60,118.98,117.94,118.63,118.69,116.86,116.29,116.17,117.18,119.46,119.49,119.51
Subclase,0.01381159,01141,Leche líquida,99.42,99.12,99.08,99.34,99.16,99.80,100.44,100.86,100.45,100.46,100.12,99.92,98.44,99.23,99.41,99.47,99.72,100.44,100.73,100.68,100.85,100.99,100.16,100.22,100.01,100.43,100.43,100.53,100.52,100.58,100.26,100.97,101.39,101.58,101.53,100.13,101.15,101.03,100.84,101.28,101.56,100.91,101.48,101.44,101.06,100.55,100.11,100.48,101.60,101.16,100.84,101.40,100.81,100.92,101.75,101.50,101.56,101.69,101.44,101.10,101.14,100.46,100.81,101.19,100.45,101.40,100.87,100.17,100.76,100.52,100.25,100.12,99.95,100.19,100.57,99.72,99.74,100.06,99.63,100.47,100.07,99.75,100.32,100.57,100.73,101.11,101.20,98.75,104.84,108.94,112.79,114.56,115.60,115.52,115.15,115.59,117.11,117.38,116.93,116.94,117.20,117.08,118.22,117.38,116.06,116.43,115.81,117.34,117.96,118.60,117.39,117.93,117.03,118.51,117.23,117.84,116.61,116.86,117.93,117.65,117.19,118.81,118.94,119.52,119.69,120.70,120.75,120.34,119.08,118.21,119.72,119.81,119.11,118.91,120.24,119.68,120.21,119.82
Producto,7.34334E-05,01141032,LECHE LÍQUIDA VEGETAL,98.46,98.46,98.46,98.46,98.67,98.67,98.67,98.67,98.67,97.76,97.76,98.67,98.67,98.65,98.65,98.65,98.65,100.15,100.25,100.42,100.42,100.46,100.46,100.39,100.39,100.39,100.39,100.40,100.50,98.74,98.46,98.46,98.72,98.72,98.72,98.72,98.72,98.84,98.74,98.74,98.74,98.78,98.78,98.78,98.66,98.66,98.66,98.39,98.52,98.64,98.64,98.66,98.58,98.65,99.00,95.25,98.19,99.30,99.30,99.23,99.42,99.50,99.52,96.04,99.45,95.00,99.40,91.97,93.46,94.39,95.94,95.76,97.76,98.01,96.82,98.21,97.66,94.55,93.78,97.31,97.41,100.76,104.75,104.75,102.51,103.26,105.82,106.16,106.02,98.41,111.19,108.07,100.61,108.11,107.45,108.48,110.42,108.49,109.67,110.13,106.66,109.17,109.17,108.16,108.00,103.04,104.31,107.40,106.41,106.87,102.81,96.09,105.64,97.65,104.93,104.10,108.45,105.33,107.15,102.58,108.16,104.24,103.02,93.32,100.89,95.34,103.04,88.56,97.37,97.51,106.73,101.60,96.13,95.47,93.98,102.76,102.56,101.22
Producto,0.01107155,01141033,LECHE LÍQUIDA PASTEURIZADA,99.60,99.25,99.20,99.58,99.29,99.48,100.44,100.29,99.81,99.75,99.75,99.67,97.67,98.63,98.98,98.83,99.29,99.92,100.13,100.13,100.34,100.58,100.42,100.38,100.32,100.22,100.16,100.08,100.09,100.22,100.43,100.92,101.46,101.49,101.47,100.84,101.57,101.57,101.44,101.28,101.63,100.76,101.61,101.50,101.49,101.06,100.63,101.01,101.79,101.73,101.43,101.99,101.87,101.96,102.12,101.97,101.91,102.14,101.85,101.37,101.51,101.06,101.31,101.50,100.57,101.65,101.44,100.60,101.38,100.96,100.93,100.21,100.27,100.73,100.75,100.31,100.47,100.77,100.56,101.21,100.75,100.55,100.90,100.93,101.39,101.51,101.73,99.34,105.89,110.28,114.83,116.67,117.68,117.44,117.55,117.71,119.36,119.88,119.26,119.28,119.54,119.45,120.49,119.59,118.13,118.27,118.16,119.80,120.22,120.99,119.30,120.58,119.19,120.75,119.41,120.01,119.06,118.88,119.91,119.72,118.51,120.29,120.43,121.25,121.47,122.84,122.87,122.27,121.28,120.62,122.06,121.98,121.35,121.03,122.33,121.61,122.21,121.59
Producto,0.002666606,01141034,LECHE LÍQUIDA LARGA VIDA,98.40,98.40,98.40,97.97,98.37,101.74,100.53,104.32,104.28,104.80,102.44,101.48,103.06,102.84,102.04,103.27,102.36,103.57,104.35,103.96,103.96,103.47,98.58,99.26,98.16,101.69,102.03,103.22,103.07,102.79,99.30,101.35,101.05,102.13,101.92,95.89,98.68,97.85,97.27,101.35,101.25,101.83,100.78,101.10,98.52,97.54,97.03,97.32,100.51,97.82,97.34,97.98,94.47,94.70,99.61,98.81,99.51,99.05,98.97,99.50,98.96,96.91,97.85,99.47,99.72,100.02,97.48,97.71,97.15,98.00,96.24,99.67,98.10,96.97,99.57,96.24,95.40,95.90,94.20,96.15,96.10,94.90,96.78,98.32,96.74,98.70,97.96,95.06,98.53,101.10,100.62,102.04,103.39,104.16,100.93,103.03,103.80,102.58,103.10,103.06,103.45,103.03,104.85,104.34,103.86,105.67,101.98,102.78,104.67,104.55,106.23,102.50,104.27,105.53,104.45,105.13,102.07,105.01,106.24,105.53,109.53,110.29,110.37,109.65,109.41,108.36,108.42,109.39,106.29,104.21,105.93,107.16,106.17,106.64,108.27,108.43,108.63,109.57
Subclase,0.002403201,01142,Leche conservada,115.06,117.17,117.28,118.05,117.54,118.59,118.13,118.88,118.97,119.06,119.07,118.71,115.95,119.38,119.60,119.60,119.57,119.56,119.56,119.67,119.74,119.72,119.78,118.80,119.76,119.81,119.77,119.65,119.91,119.62,119.30,118.97,119.27,118.83,119.28,119.05,119.12,118.52,118.62,119.27,119.72,119.60,121.00,121.64,122.10,122.72,122.90,123.13,123.07,123.52,123.92,120.70,123.00,122.88,123.95,123.16,123.04,123.62,124.01,124.08,123.87,129.24,133.90,134.24,134.82,136.36,138.02,137.76,138.06,138.39,137.00,136.45,135.95,136.81,136.38,134.83,133.26,134.50,139.99,141.97,142.35,142.87,142.08,145.71,146.00,145.51,144.20,143.45,143.43,140.89,141.97,144.16,143.96,146.25,146.34,146.66,146.35,148.29,152.07,151.97,147.43,150.65,152.47,158.30,169.92,171.05,171.21,172.63,172.44,173.11,171.66,173.40,171.98,172.58,171.53,171.04,167.23,168.19,169.36,174.78,175.14,175.30,171.21,173.65,177.99,175.24,174.57,175.13,175.19,175.70,175.86,176.13,177.09,179.48,179.24,179.81,182.75,182.67
Producto,0.000559971,01142035,LECHE EN POLVO,98.68,99.23,98.60,99.27,96.23,99.57,97.52,102.03,102.57,103.10,103.18,103.02,103.77,103.77,103.77,103.77,103.57,103.51,103.51,103.74,103.82,103.71,103.82,97.48,103.49,103.81,103.56,103.52,103.41,103.94,102.05,101.88,101.88,99.61,101.97,100.63,100.99,97.40,98.51,106.67,105.28,105.04,104.37,102.62,104.29,106.13,106.76,106.80,106.75,106.86,106.86,104.03,106.96,105.07,111.64,107.01,108.01,107.85,110.24,110.14,108.59,108.90,108.37,108.64,112.17,111.56,112.98,111.53,111.99,112.16,112.49,112.13,109.66,112.60,108.79,109.82,108.59,107.50,110.71,109.86,108.52,108.22,110.52,111.93,112.13,112.80,112.21,112.06,113.45,111.00,108.77,111.23,108.71,112.80,113.40,113.06,112.32,111.37,111.16,107.74,112.33,113.11,113.17,116.38,112.31,111.10,110.04,114.34,110.59,112.45,108.99,112.55,107.51,112.70,108.59,112.11,111.65,113.92,113.00,113.46,112.44,113.16,109.87,110.56,112.08,112.33,113.31,112.71,110.08,109.46,113.20,117.58,115.63,118.45,115.79,116.67,118.60,119.06
Producto,0.00184323,01142036,LECHE MATERNIZADA EN POLVO,118.34,120.77,121.02,121.81,121.81,122.40,122.26,122.26,122.26,122.26,122.26,121.86,118.39,122.51,122.77,122.77,122.77,122.77,122.77,122.86,122.93,122.93,122.97,123.07,123.02,123.01,123.01,122.88,123.22,122.77,122.76,122.40,122.76,122.68,122.75,122.75,122.75,122.75,122.65,121.79,122.62,122.52,124.33,125.45,125.67,126.04,126.13,126.40,126.34,126.85,127.34,124.04,126.22,126.45,126.42,126.39,126.05,126.78,126.77,126.87,126.93,133.32,139.01,139.37,139.36,141.33,143.03,143.01,143.29,143.64,141.91,141.32,141.22,141.66,141.91,139.84,138.21,139.91,145.85,148.41,149.13,149.80,148.40,152.47,152.78,152.06,150.61,149.74,149.44,146.87,148.62,150.75,151.02,152.95,152.94,153.39,153.16,155.68,160.26,160.83,154.45,158.17,160.34,166.69,181.45,183.05,183.46,184.31,184.82,185.26,184.21,185.59,184.89,184.58,184.13,182.84,178.37,179.06,180.65,187.06,187.70,187.75,183.50,186.28,191.19,187.84,186.84,187.63,188.23,188.97,188.40,187.86,189.40,191.70,191.95,192.45,195.60,195.41
Subclase,0.00379509,01143,Yogures y productos en base leche,98.56,99.13,98.90,97.70,98.80,98.80,98.87,98.92,98.86,98.99,98.50,97.31,99.21,99.27,99.21,97.47,98.88,98.92,99.70,99.65,99.84,100.14,98.88,100.31,99.76,101.52,100.53,102.65,102.72,102.60,102.62,101.70,101.29,102.74,101.46,100.33,102.58,102.71,102.14,102.23,102.41,102.56,102.62,100.59,98.77,101.66,102.37,103.46,103.37,100.57,100.01,98.56,102.96,102.96,104.78,100.89,104.11,105.65,106.28,102.34,103.60,100.64,105.87,105.81,106.32,106.16,106.79,105.39,105.53,103.72,105.72,106.65,106.59,106.37,105.46,103.37,104.54,103.21,105.44,104.61,106.82,107.77,105.34,106.07,109.23,109.91,110.03,106.19,107.95,106.16,109.75,109.85,110.19,108.72,108.00,109.72,109.58,113.57,114.74,112.43,110.35,114.85,112.68,110.74,111.81,110.80,108.51,111.69,114.14,119.14,115.81,120.37,123.85,122.67,124.16,119.65,120.19,120.39,124.02,123.07,119.85,124.22,127.34,125.95,122.57,122.89,127.73,132.29,130.52,132.19,126.86,131.64,128.35,131.15,128.96,130.70,126.50,129.63
Producto,0.00379509,01143037,YOGURT,98.56,99.13,98.90,97.70,98.80,98.80,98.87,98.92,98.86,98.99,98.50,97.31,99.21,99.27,99.21,97.47,98.88,98.92,99.70,99.65,99.84,100.14,98.88,100.31,99.76,101.52,100.53,102.65,102.72,102.60,102.62,101.70,101.29,102.74,101.46,100.33,102.58,102.71,102.14,102.23,102.41,102.56,102.62,100.59,98.77,101.66,102.37,103.46,103.37,100.57,100.01,98.56,102.96,102.96,104.78,100.89,104.11,105.65,106.28,102.34,103.60,100.64,105.87,105.81,106.32,106.16,106.79,105.39,105.53,103.72,105.72,106.65,106.59,106.37,105.46,103.37,104.54,103.21,105.44,104.61,106.82,107.77,105.34,106.07,109.23,109.91,110.03,106.19,107.95,106.16,109.75,109.85,110.19,108.72,108.00,109.72,109.58,113.57,114.74,112.43,110.35,114.85,112.68,110.74,111.81,110.80,108.51,111.69,114.14,119.14,115.81,120.37,123.85,122.67,124.16,119.65,120.19,120.39,124.02,123.07,119.85,124.22,127.34,125.95,122.57,122.89,127.73,132.29,130.52,132.19,126.86,131.64,128.35,131.15,128.96,130.70,126.50,129.63
Subclase,0.008888748,01144,Quesos,101.88,102.87,102.57,103.88,104.63,104.28,102.88,103.48,104.38,103.84,104.40,105.60,105.19,105.11,105.25,104.99,106.62,107.47,107.73,107.50,107.24,107.00,107.61,106.91,107.54,106.84,103.60,105.69,102.12,105.13,101.36,105.29,106.87,105.75,104.59,105.51,101.36,106.86,105.23,107.06,107.44,105.54,106.79,105.51,108.34,105.65,105.53,99.49,104.73,102.44,102.07,100.69,101.98,103.03,103.35,102.40,104.17,104.79,104.19,103.07,108.54,108.00,106.93,110.92,111.06,109.44,108.26,109.59,108.15,107.69,108.56,108.47,110.54,109.89,110.85,108.79,110.59,108.77,109.52,107.85,106.05,109.03,107.94,106.22,108.96,109.81,111.09,109.44,107.27,114.96,119.77,121.95,120.14,121.73,123.54,121.71,124.90,123.10,123.83,124.33,123.76,125.16,125.68,124.02,124.97,127.09,123.46,123.29,125.74,123.07,125.06,125.68,126.94,126.24,126.99,127.39,127.21,125.70,127.63,128.62,131.67,128.34,130.35,128.72,127.93,129.15,130.50,130.85,129.51,132.91,133.21,132.94,134.69,132.43,131.01,133.91,134.93,133.45
Producto,0.002132804,01144038,QUESO FRESCO,99.17,101.42,100.49,102.86,103.94,103.38,98.81,101.29,102.97,101.25,101.89,103.36,102.28,101.20,101.56,101.14,103.33,103.77,104.38,103.83,104.25,101.95,103.57,101.19,102.55,102.40,100.98,100.90,96.88,98.63,97.86,100.94,101.37,100.15,99.31,101.68,99.31,100.49,100.25,102.46,101.30,99.25,100.01,98.25,102.11,98.91,101.35,96.75,100.61,97.83,99.62,98.26,98.92,100.73,101.77,102.12,102.71,101.79,101.78,99.66,102.83,103.05,102.28,105.55,104.24,105.53,101.16,101.81,98.62,98.51,100.09,99.03,99.99,103.20,103.13,101.48,103.59,102.12,100.86,101.22,99.44,101.64,99.10,101.45,103.15,102.02,104.02,101.29,101.80,107.79,112.67,114.11,112.94,111.18,110.99,111.31,115.21,113.68,113.39,113.63,113.41,114.07,115.41,111.92,113.73,115.53,114.08,113.12,116.46,115.19,114.68,115.47,116.77,114.80,115.98,115.42,115.49,114.66,117.36,117.03,119.04,117.85,116.67,115.55,115.16,118.02,117.21,114.93,118.77,118.93,119.98,119.27,120.45,115.11,120.12,126.06,125.65,119.12
Producto,0.006755944,01144039,QUESO DE MESA,104.01,104.01,104.20,104.68,105.17,104.98,106.09,105.20,105.49,105.89,106.38,107.36,107.49,108.19,108.15,108.03,109.21,110.38,110.38,110.39,109.59,110.97,110.78,111.42,111.47,110.34,105.66,109.46,106.25,110.24,104.11,108.72,111.21,110.15,108.75,108.53,102.98,111.88,109.16,110.68,112.27,110.48,112.13,111.23,113.25,110.96,108.82,101.64,107.98,106.07,104.00,102.60,104.39,104.84,104.59,102.62,105.32,107.15,106.08,105.76,113.03,111.90,110.59,115.15,116.43,112.51,113.84,115.71,115.65,114.92,115.23,115.91,118.85,115.17,116.92,114.55,116.10,114.00,116.33,113.07,111.26,114.85,114.90,109.98,113.54,115.95,116.66,115.85,111.58,120.61,125.36,128.13,125.81,130.03,133.42,129.89,132.53,130.52,132.05,132.76,131.91,133.89,133.76,133.54,133.81,136.20,130.84,131.29,133.05,129.26,133.24,133.73,134.94,135.25,135.66,136.81,136.43,134.39,135.72,137.75,141.61,136.60,141.12,139.09,137.98,137.91,140.97,143.39,137.96,143.92,143.63,143.70,145.91,146.07,139.58,140.08,142.24,144.73
Subclase,0.006067198,01145,Huevos,98.54,101.43,96.81,98.13,94.08,98.29,96.27,98.74,99.43,95.16,96.05,97.81,95.98,96.23,97.34,97.10,97.37,97.44,98.22,96.36,96.81,96.98,98.50,98.13,95.45,95.64,97.43,95.19,99.23,98.54,95.86,95.84,93.73,96.92,95.60,95.44,95.31,96.89,97.44,94.32,95.94,96.44,94.92,95.01,96.89,96.42,94.56,93.71,96.80,94.63,90.24,94.86,92.99,92.21,93.53,91.62,95.14,94.74,95.42,95.75,94.60,94.03,96.75,95.28,101.56,106.65,95.41,91.02,88.48,88.36,90.45,89.66,90.67,92.47,88.88,88.90,90.59,93.42,96.26,95.24,91.81,89.15,88.49,89.06,89.65,89.14,89.50,90.58,91.94,91.87,96.17,94.33,94.11,95.13,95.13,93.03,97.84,94.92,106.00,108.24,108.66,98.13,106.26,110.06,112.80,117.41,119.79,119.53,106.72,104.32,105.07,98.00,90.81,91.11,92.36,94.38,93.72,93.29,92.88,92.88,89.03,85.96,86.81,88.12,87.98,87.72,87.20,86.85,87.02,88.08,87.76,75.10,73.91,74.04,79.01,88.23,88.25,88.90
Producto,0.006067198,01145040,HUEVOS DE GALLINA,98.54,101.43,96.81,98.13,94.08,98.29,96.27,98.74,99.43,95.16,96.05,97.81,95.98,96.23,97.34,97.10,97.37,97.44,98.22,96.36,96.81,96.98,98.50,98.13,95.45,95.64,97.43,95.19,99.23,98.54,95.86,95.84,93.73,96.92,95.60,95.44,95.31,96.89,97.44,94.32,95.94,96.44,94.92,95.01,96.89,96.42,94.56,93.71,96.80,94.63,90.24,94.86,92.99,92.21,93.53,91.62,95.14,94.74,95.42,95.75,94.60,94.03,96.75,95.28,101.56,106.65,95.41,91.02,88.48,88.36,90.45,89.66,90.67,92.47,88.88,88.90,90.59,93.42,96.26,95.24,91.81,89.15,88.49,89.06,89.65,89.14,89.50,90.58,91.94,91.87,96.17,94.33,94.11,95.13,95.13,93.03,97.84,94.92,106.00,108.24,108.66,98.13,106.26,110.06,112.80,117.41,119.79,119.53,106.72,104.32,105.07,98.00,90.81,91.11,92.36,94.38,93.72,93.29,92.88,92.88,89.03,85.96,86.81,88.12,87.98,87.72,87.20,86.85,87.02,88.08,87.76,75.10,73.91,74.04,79.01,88.23,88.25,88.90
Clase,0.00647383,0115,Aceites y grasas (ND),100.84,100.12,99.40,98.79,100.40,100.60,100.51,99.68,98.59,98.83,98.12,99.18,99.85,99.69,100.22,99.34,98.87,99.27,99.88,98.70,98.87,97.88,99.86,99.10,96.45,95.51,97.01,97.01,97.57,97.19,97.65,98.06,98.18,98.46,98.24,97.39,97.73,97.33,97.57,97.26,96.15,96.44,95.13,96.65,96.44,95.93,95.90,95.83,95.98,95.62,93.26,93.16,94.55,95.15,94.05,92.10,94.30,93.99,93.92,94.21,94.05,93.58,92.55,93.59,93.73,93.81,93.86,92.90,92.20,92.29,91.95,92.34,92.93,91.54,91.55,100.67,105.50,108.62,116.20,118.39,117.61,116.06,117.70,120.33,119.29,119.40,119.91,124.58,136.93,152.57,153.82,155.48,150.51,147.97,141.29,140.21,137.39,133.00,138.51,133.40,134.44,130.43,134.73,127.80,124.64,123.50,119.91,122.79,120.89,122.50,120.63,119.43,119.96,117.30,124.61,125.53,124.22,122.86,123.49,123.62,124.11,124.79,123.73,122.58,120.08,121.33,120.64,122.64,123.47,121.99,122.61,121.72,124.92,122.81,120.09,120.61,127.07,126.57
Subclase,0.005188211,01151,Aceites puros y mezclados,99.60,98.97,98.03,97.27,99.42,99.80,99.88,99.02,97.80,98.08,97.63,98.70,99.55,99.36,99.92,98.82,98.39,98.77,99.62,97.97,98.23,96.92,99.25,98.43,95.22,94.09,95.84,95.63,96.57,96.83,96.97,97.13,97.37,97.62,97.46,96.91,97.33,96.97,97.22,96.60,95.30,95.45,94.39,96.74,96.29,95.51,95.16,95.24,95.34,95.00,92.12,92.19,93.85,94.80,93.36,91.04,93.78,93.45,93.20,93.88,93.50,93.14,92.01,92.80,92.84,92.84,92.79,91.71,91.13,91.36,90.70,91.24,91.95,90.26,90.21,101.92,107.42,111.30,120.18,122.29,121.21,119.28,120.63,123.69,122.68,122.55,123.70,128.19,142.74,161.70,162.68,164.10,158.37,154.85,147.09,144.10,140.93,135.62,143.70,136.87,138.32,133.90,139.67,131.29,127.33,126.44,122.87,126.19,123.29,125.45,123.10,120.76,121.76,118.81,128.17,128.99,127.47,125.29,126.15,126.07,126.06,126.90,125.81,124.53,121.31,122.93,121.77,124.31,125.62,124.08,124.91,123.46,127.36,125.18,121.93,122.71,130.16,129.77
Producto,0.004704066,01151041,ACEITE VEGETAL ,99.93,99.16,98.11,97.19,99.56,100.12,100.24,99.19,98.02,98.35,97.70,98.92,100.00,99.68,100.27,98.97,98.44,98.94,99.89,98.06,98.28,96.81,99.44,98.59,94.90,93.67,95.34,95.18,95.88,96.20,96.30,96.65,96.75,97.04,96.96,96.61,96.85,96.47,96.69,96.01,94.62,94.88,93.85,96.59,95.82,94.85,94.61,94.61,94.55,94.45,91.34,91.30,92.81,94.36,92.41,89.80,93.05,92.54,92.22,92.95,93.00,92.66,91.03,91.60,91.56,91.53,91.46,90.90,90.11,90.46,89.36,90.16,90.89,88.93,88.84,100.69,106.27,110.63,119.93,122.06,121.04,118.86,121.33,124.21,122.80,122.45,123.74,128.18,141.43,162.00,162.65,164.39,158.93,156.25,147.50,144.32,141.21,136.12,145.77,138.22,140.03,135.89,141.24,132.89,128.93,127.86,122.69,126.77,123.63,126.93,124.87,122.24,123.32,120.21,131.01,131.83,130.02,127.58,128.58,128.33,127.95,130.24,128.81,127.30,123.71,126.00,124.62,127.69,129.39,127.99,128.72,126.73,131.12,128.61,125.04,125.93,134.17,133.80
Producto,0.000484145,01151042,ACEITE PURO,97.38,97.69,97.45,97.81,98.47,97.61,97.46,97.90,96.30,96.29,97.21,97.18,96.52,97.21,97.50,97.80,98.00,97.62,97.81,97.37,97.94,97.65,97.92,97.37,97.42,96.96,99.27,98.71,101.25,101.12,101.52,100.41,101.55,101.56,100.83,98.92,100.58,100.33,100.88,100.58,99.89,99.33,98.05,97.70,99.49,99.96,98.92,99.52,100.70,98.73,97.40,98.23,100.84,97.78,99.85,99.46,98.76,99.67,99.87,100.19,96.88,96.40,98.61,100.92,101.52,101.76,101.82,97.16,98.06,97.50,99.75,98.54,99.14,99.30,99.50,110.21,115.23,115.87,121.88,123.90,122.36,122.12,115.90,120.18,121.88,123.18,123.44,128.25,151.62,159.71,162.94,162.09,154.58,145.37,144.29,142.61,138.98,132.23,129.67,127.73,126.68,120.37,128.99,120.47,116.44,116.80,124.04,122.24,120.92,115.41,111.12,110.66,111.15,109.38,108.96,109.70,110.17,109.82,109.67,110.72,113.20,104.26,105.42,105.74,105.02,102.13,102.43,101.39,100.02,97.49,99.03,101.27,101.81,101.90,100.85,100.86,102.96,102.37
Subclase,0.001285619,01152,Grasas para la cocina,105.31,104.27,104.39,104.32,103.94,103.49,102.79,102.05,101.47,101.54,99.89,100.91,100.95,100.86,101.33,101.24,100.62,101.07,100.85,101.34,101.20,101.36,102.08,101.52,100.94,100.66,101.24,102.01,101.21,98.50,100.11,101.44,101.14,101.50,101.10,99.16,99.19,98.63,98.84,99.66,99.24,100.03,97.82,96.34,96.97,97.47,98.60,97.97,98.28,97.87,97.42,96.66,97.11,96.42,96.54,95.93,96.16,95.96,96.54,95.42,96.08,95.18,94.50,96.47,96.95,97.33,97.76,97.24,96.07,95.68,96.50,96.36,96.50,96.17,96.42,96.15,98.54,98.90,101.77,104.22,104.55,104.34,107.07,108.13,106.96,107.97,106.13,111.47,115.82,119.43,121.62,124.20,121.95,123.01,120.22,126.10,124.54,123.48,119.64,120.79,120.34,117.83,116.82,115.10,114.89,112.84,109.16,110.47,112.18,111.81,111.67,114.63,113.43,111.81,111.68,112.99,112.43,114.01,113.85,114.73,117.04,117.11,116.17,115.52,115.62,115.50,116.54,116.56,115.66,114.41,114.26,115.41,116.09,114.21,113.41,112.95,115.85,114.94
Producto,0.000713209,01152043,MARGARINA,95.85,86.92,97.61,99.16,97.98,98.44,99.79,100.12,96.70,97.59,95.68,99.52,98.71,95.90,96.29,98.99,98.71,98.22,99.02,100.96,100.96,100.19,100.72,98.48,99.25,100.43,99.68,100.67,100.88,103.82,102.29,103.28,101.60,102.22,98.87,100.13,97.42,97.94,98.83,101.16,98.25,98.66,98.40,96.88,95.84,99.08,100.19,99.59,100.68,101.39,99.69,97.47,100.18,96.69,97.50,97.63,96.78,94.31,98.59,91.57,96.52,96.15,92.61,96.14,97.41,101.89,104.76,102.82,95.20,97.50,96.36,96.65,100.43,97.68,99.97,92.59,94.73,93.70,102.13,104.60,108.41,104.27,108.25,111.04,103.51,108.35,96.79,109.30,106.52,107.04,118.63,128.02,127.46,131.00,109.87,133.54,125.95,122.20,107.26,114.28,110.13,102.59,97.59,95.71,91.90,93.59,82.29,86.01,96.16,88.22,87.80,84.86,87.01,89.38,87.45,87.19,85.86,89.78,86.09,88.63,93.27,87.72,86.50,88.91,86.42,87.45,87.89,88.59,91.50,86.03,84.22,89.65,91.46,88.27,85.20,86.71,88.90,87.42
Producto,0.000199658,01152044,MANTEQUILLA,108.50,108.50,108.50,108.50,108.50,108.50,108.50,108.50,108.50,108.50,104.05,106.47,106.47,108.98,108.98,108.98,108.61,111.45,110.36,110.49,110.96,111.24,113.15,112.77,112.53,111.36,112.55,115.07,115.47,101.13,110.59,110.59,112.91,113.41,113.41,107.30,110.33,111.30,113.73,113.67,113.67,113.53,113.68,109.13,113.47,113.99,113.54,114.03,114.03,114.03,113.99,113.99,114.03,114.03,113.96,113.96,113.58,113.96,113.96,113.96,113.96,110.73,110.73,112.70,113.98,113.97,113.97,113.97,113.90,110.71,113.87,113.90,113.90,113.90,113.15,111.65,113.90,112.95,112.95,111.04,112.52,108.99,112.97,112.89,113.26,113.08,113.45,120.70,121.90,122.94,121.35,125.52,124.78,126.14,130.22,135.28,134.79,136.17,138.88,138.66,137.97,136.51,138.31,134.82,134.99,135.27,126.59,136.64,136.38,136.59,137.15,141.99,143.06,139.49,139.16,138.02,137.27,138.91,137.38,136.77,142.05,147.88,150.98,149.77,150.36,149.60,151.61,150.97,150.83,146.90,146.66,147.85,151.37,146.90,145.43,143.87,151.17,147.71
Producto,0.000372752,01152045,MANTECA,106.83,107.57,104.91,104.38,104.09,103.26,101.80,100.53,100.53,100.40,99.70,99.53,99.81,99.62,100.26,99.40,98.61,98.55,98.33,98.55,98.19,98.55,98.95,98.79,97.73,97.34,98.09,98.25,96.81,96.24,96.22,98.06,97.31,97.55,97.81,96.32,96.15,94.81,94.14,94.84,94.95,96.13,92.66,92.17,92.06,91.83,93.46,92.47,92.67,91.83,91.58,90.97,90.95,90.79,90.79,89.78,90.50,90.73,90.49,90.60,90.31,90.02,89.88,91.43,91.45,90.86,90.76,90.47,90.68,90.44,91.06,90.75,89.96,90.17,90.20,92.21,94.71,95.86,98.15,101.97,100.99,102.89,104.90,105.85,105.90,106.26,106.32,109.14,116.39,121.64,122.50,122.77,119.58,119.88,119.84,121.22,120.93,119.82,116.87,116.89,117.50,116.01,115.18,114.05,114.70,110.90,110.84,108.74,108.83,110.29,110.02,113.95,111.14,109.07,109.49,111.98,111.69,112.63,113.84,114.76,115.50,115.25,113.12,111.83,112.47,112.23,113.13,113.18,111.03,111.75,112.06,112.06,111.55,110.83,110.85,110.21,111.91,111.96
Clase,0.021386803,0116,Frutas (ND),106.85,103.72,104.72,108.47,105.37,104.58,102.39,101.71,101.63,103.07,104.46,105.55,107.76,109.74,112.17,111.47,106.26,103.83,103.83,104.90,106.48,107.86,110.01,109.59,106.78,106.11,107.54,104.94,104.63,102.66,103.30,104.98,106.50,107.60,105.45,104.67,107.03,107.31,109.72,107.91,105.12,100.69,102.70,102.86,105.00,104.79,104.93,102.93,104.71,107.58,109.80,107.71,103.56,102.31,104.07,105.77,106.03,109.39,108.30,107.82,108.80,108.01,115.83,116.35,110.28,105.25,103.20,104.71,103.62,105.46,106.62,107.57,108.00,108.33,107.07,105.54,103.40,100.34,100.20,102.66,104.45,105.09,105.97,106.53,107.81,110.84,108.57,106.66,105.63,106.92,108.12,110.91,112.93,115.61,118.30,119.60,115.81,114.83,114.91,112.07,110.70,113.27,118.18,126.35,128.05,132.12,122.36,122.49,119.38,125.81,121.78,123.55,123.44,121.70,121.12,123.64,128.19,127.59,126.04,123.37,119.67,118.08,119.76,119.69,120.57,125.92,134.22,139.76,144.20,148.37,143.13,141.88,140.17,139.90,135.00,126.64,121.51,117.77
Subclase,0.020930294,01161,Frutas frescas refrigeradas y congeladas,106.88,103.68,104.70,108.52,105.35,104.45,102.20,101.45,101.38,102.83,104.29,105.39,107.62,109.63,112.11,111.36,106.07,103.56,103.56,104.68,106.28,107.69,109.88,109.44,106.61,105.94,107.37,104.73,104.43,102.41,103.06,104.80,106.33,107.44,105.25,104.47,106.85,107.14,109.59,107.75,104.93,100.44,102.49,102.65,104.82,104.60,104.76,102.77,104.52,107.43,109.67,107.53,103.32,102.05,103.84,105.57,105.85,109.25,108.14,107.70,108.66,107.88,115.80,116.34,110.17,105.04,102.95,104.49,103.40,105.28,106.45,107.44,107.86,108.17,106.89,105.34,103.18,100.06,99.97,102.43,104.24,104.88,105.78,106.36,107.66,110.75,108.48,106.54,105.43,106.75,107.98,110.79,112.82,115.54,118.26,119.59,115.75,114.75,114.86,111.92,110.50,113.10,118.07,126.37,128.05,132.17,122.24,122.37,119.18,125.70,121.63,123.39,123.27,121.52,120.89,123.45,128.05,127.43,125.87,123.17,119.43,117.81,119.51,119.46,120.34,125.78,134.21,139.84,144.34,148.56,143.24,141.97,140.22,139.96,135.02,126.55,121.35,117.61
Producto,0.000637296,01161046,AGUACATE,103.76,96.50,93.87,90.21,88.31,88.72,100.75,106.73,108.46,108.27,101.77,97.55,98.06,95.16,94.94,94.91,95.88,93.13,99.73,102.86,116.63,110.62,116.52,114.09,108.22,102.86,95.45,90.76,89.79,88.17,88.42,96.26,103.85,118.18,116.50,114.72,111.19,91.35,98.71,102.05,113.05,116.15,128.69,138.16,146.59,140.71,123.69,118.51,115.32,107.76,98.05,96.72,100.71,101.42,109.64,120.69,123.88,129.92,114.15,107.43,107.79,108.97,124.48,128.99,116.37,114.21,111.67,108.66,112.79,118.54,114.83,118.77,116.35,120.93,115.81,118.90,118.57,108.80,109.08,123.69,115.60,118.75,118.01,112.62,110.67,112.35,110.59,112.76,114.19,118.40,134.09,132.24,126.84,138.32,138.41,139.40,128.96,127.84,117.87,113.94,114.40,124.70,134.83,170.42,163.12,174.18,144.43,119.51,118.06,118.15,130.48,135.07,153.56,141.79,159.87,171.29,160.71,167.91,146.34,150.57,138.99,122.03,136.82,136.28,131.15,134.61,158.46,162.11,190.38,207.51,183.55,181.09,167.25,145.11,146.13,143.70,159.14,154.32
Producto,0.001143947,01161047,BANANA,92.61,96.44,92.91,97.39,94.54,96.69,93.86,98.33,105.59,101.41,100.51,99.04,97.47,94.44,98.07,101.05,94.38,98.42,101.95,110.10,106.08,104.26,99.66,103.11,104.91,98.25,98.44,96.38,104.65,100.74,112.96,127.03,132.58,125.04,121.47,125.77,114.36,114.61,109.07,101.61,103.92,98.61,107.72,115.39,114.28,110.84,109.13,103.65,100.47,103.34,102.69,101.15,102.40,109.95,112.65,121.95,122.98,132.37,124.62,119.20,107.92,109.51,104.79,110.49,97.96,101.68,106.24,101.14,104.43,102.63,107.85,104.89,102.63,105.59,107.33,105.20,107.22,106.75,105.51,109.03,119.51,115.76,110.17,104.41,106.14,109.05,100.85,101.75,107.79,106.38,108.80,108.67,109.24,111.98,109.97,119.34,114.94,103.40,106.17,105.49,103.94,104.34,106.70,114.25,121.55,135.15,117.97,127.69,125.47,143.48,118.35,114.36,117.43,114.38,118.15,125.30,125.12,122.96,120.39,120.39,120.67,110.52,114.22,110.36,112.48,115.93,140.71,158.71,167.42,175.86,155.54,174.71,174.71,173.92,162.34,159.54,134.32,132.62
Producto,0.001448227,01161048,LIMÓN,84.67,74.39,70.11,66.42,66.64,68.91,86.39,98.48,103.00,105.78,97.37,90.23,79.89,71.22,68.41,74.68,70.60,79.14,86.60,92.56,96.80,92.20,83.49,77.98,73.28,70.07,66.56,60.08,60.56,62.20,84.75,103.39,154.36,175.22,146.84,92.08,79.80,73.78,76.91,75.94,73.91,71.94,78.19,77.05,89.91,86.91,83.32,85.32,73.28,69.75,69.32,70.94,64.92,79.61,80.38,97.49,95.93,87.16,81.79,79.10,73.80,70.10,70.25,70.37,71.80,81.29,81.63,79.14,79.89,76.15,82.21,77.62,75.24,70.55,64.90,62.27,59.02,66.85,70.96,73.40,72.89,77.60,73.83,72.07,71.80,74.80,76.39,76.26,73.63,78.36,93.92,101.28,124.50,135.04,145.42,118.90,97.82,95.37,100.85,95.00,90.16,83.57,109.19,114.50,190.36,182.58,111.68,86.32,74.94,82.70,80.69,87.70,92.06,94.23,92.42,94.52,99.37,97.47,96.08,90.28,84.76,78.70,80.28,83.33,81.48,85.62,88.83,110.60,155.68,173.62,144.81,118.18,109.50,97.76,83.48,85.81,89.10,87.97
Producto,0.000819602,01161049,MANDARINA,111.35,118.68,118.47,120.11,120.79,113.44,107.00,102.41,90.57,85.33,91.19,102.14,109.42,112.83,120.04,124.35,110.97,104.50,94.74,97.38,97.97,106.11,108.94,114.00,115.86,111.21,117.90,123.56,110.07,107.49,92.97,79.38,60.25,49.53,53.46,79.61,89.10,95.48,103.62,114.11,106.84,90.07,88.15,79.69,72.18,74.43,77.96,86.98,95.77,108.28,109.89,110.21,105.76,86.86,81.80,74.37,67.38,61.73,76.48,83.08,83.96,93.03,124.21,115.79,107.04,97.86,99.65,87.63,76.78,78.20,93.69,102.44,103.60,101.86,108.73,98.83,98.01,90.36,70.16,72.55,67.16,77.67,89.49,90.25,88.51,93.16,102.33,101.65,99.25,90.18,90.63,85.43,79.87,91.41,92.98,95.37,90.67,90.11,87.71,90.25,86.43,85.62,81.27,83.96,74.01,73.38,74.20,77.05,73.75,87.94,90.42,95.51,93.73,89.00,85.35,85.97,98.65,98.05,94.60,88.11,87.50,94.62,93.23,92.91,94.53,86.45,85.06,81.04,75.27,75.14,80.67,80.67,79.99,89.66,93.43,89.11,85.39,75.72
Producto,0.002104734,01161050,NARANJA,154.71,141.82,142.04,139.03,113.69,100.48,78.84,72.67,83.46,86.89,99.74,113.99,157.15,160.00,165.74,132.62,106.41,83.48,75.25,81.10,90.35,106.29,119.99,123.75,126.80,127.19,140.71,121.85,101.68,91.57,82.07,78.04,75.51,70.96,68.07,76.42,102.97,120.81,123.67,115.48,102.91,82.34,80.76,74.49,77.12,81.31,95.22,96.06,132.94,131.11,126.05,112.47,93.81,85.35,79.95,75.10,78.49,92.04,102.72,111.37,158.58,145.66,159.75,138.70,114.71,91.82,85.00,88.74,90.87,104.72,129.02,138.08,140.79,139.28,123.58,117.44,103.05,85.53,86.26,86.35,87.13,93.15,104.33,114.89,138.08,151.40,127.20,112.01,100.77,105.01,100.40,103.74,111.66,116.57,125.68,141.07,143.07,149.23,146.78,123.57,117.48,118.72,119.46,116.10,106.46,109.02,113.99,113.87,122.69,154.63,161.32,151.08,148.32,143.82,143.47,152.03,163.42,179.24,178.82,173.66,164.55,156.36,142.98,134.30,134.13,130.08,130.00,127.86,131.04,125.73,131.31,133.45,138.74,164.43,149.24,123.39,104.01,108.37
Producto,0.000672314,01161051,NARANJILLA,109.08,104.14,109.62,101.56,101.37,105.47,102.43,100.17,104.29,101.94,96.26,109.49,104.03,113.16,115.68,116.98,113.84,118.90,109.61,109.45,107.27,115.10,105.67,111.94,106.27,107.14,100.17,98.04,101.09,98.17,98.86,100.28,95.39,102.41,104.61,96.99,107.26,104.00,113.71,111.24,115.79,112.03,106.63,105.53,98.94,99.30,98.73,100.01,101.34,110.14,111.39,109.36,102.24,113.41,108.01,102.07,103.48,106.28,102.69,99.45,98.54,104.07,99.10,129.82,131.70,119.50,118.15,123.24,119.87,124.95,120.83,122.08,128.58,119.18,107.40,112.54,107.79,111.70,110.56,115.57,117.49,109.25,111.63,110.69,114.89,127.73,132.41,128.01,118.42,131.94,134.63,130.12,134.31,140.10,156.48,153.31,140.49,139.20,137.57,125.39,132.27,150.63,152.24,161.18,143.45,139.15,129.21,141.30,136.41,138.77,134.09,140.59,134.52,156.76,148.48,144.53,166.79,158.65,155.69,143.96,135.08,152.14,168.11,180.68,176.06,175.10,159.02,143.36,148.89,167.92,176.21,162.64,143.10,159.61,168.15,149.76,137.44,130.09
Producto,0.001169565,01161052,PAPAYA,91.91,91.07,100.51,110.65,110.98,113.50,109.16,99.30,97.24,97.03,97.35,93.26,94.70,98.17,107.64,119.92,118.72,119.07,116.40,115.31,115.40,108.06,111.19,107.56,108.84,114.09,119.05,115.37,116.56,124.85,117.17,110.48,106.59,102.89,105.21,102.43,101.56,106.68,113.82,118.30,114.59,113.76,117.41,113.98,109.58,113.93,111.50,111.30,113.78,113.74,119.08,125.24,126.66,118.90,114.38,113.60,116.25,119.62,116.47,114.47,114.20,113.11,116.05,122.99,112.22,105.90,104.46,108.54,107.02,104.56,105.58,105.22,105.95,111.05,113.55,112.13,111.48,107.85,107.63,104.55,108.74,104.98,102.12,101.67,101.89,102.77,103.94,99.43,102.58,101.80,101.24,103.51,106.03,107.22,112.82,113.22,111.12,108.81,105.98,100.33,103.81,113.58,108.71,107.01,111.88,112.66,113.94,112.15,110.90,115.05,121.68,123.13,121.62,118.62,122.26,120.20,120.30,121.83,119.39,117.65,111.80,107.27,108.22,107.31,111.72,111.07,106.08,100.48,101.32,100.74,101.05,101.03,104.75,112.01,115.39,114.07,113.43,114.18
Producto,0.000773831,01161053,PIÑA,94.32,95.71,96.26,101.38,102.39,102.14,99.49,91.01,94.77,91.42,94.46,94.41,97.54,98.22,98.81,101.89,99.01,101.17,101.51,100.61,104.13,107.17,104.89,97.83,97.51,96.13,96.77,94.18,93.81,102.14,106.06,97.63,95.69,98.16,96.17,97.52,94.24,95.66,95.48,95.16,88.32,88.00,93.34,90.98,90.65,92.23,87.58,86.07,82.85,86.30,87.75,88.45,87.67,85.94,87.61,92.79,92.83,89.96,87.77,89.13,87.66,89.09,90.18,93.95,88.08,88.30,86.63,86.24,85.38,87.64,86.37,85.64,85.82,84.84,89.66,88.11,90.65,89.34,90.61,90.17,89.98,89.86,90.18,87.82,86.20,88.21,84.39,86.90,86.70,94.02,87.14,89.34,92.44,96.70,95.42,96.39,89.91,92.48,89.83,89.80,85.84,95.97,100.27,98.26,99.53,97.77,101.87,99.92,97.38,100.42,99.96,97.94,100.46,99.62,102.30,101.77,100.09,102.72,101.63,101.74,103.31,105.30,104.12,102.90,102.30,103.57,103.23,101.00,103.81,104.72,104.46,104.85,105.03,102.60,105.09,101.74,106.98,107.80
Producto,0.000842768,01161054,PLÁTANO MADURO,96.31,91.28,89.62,91.61,90.76,94.46,96.75,99.60,103.34,109.45,109.01,103.98,99.64,100.71,98.09,102.21,99.47,103.25,111.26,111.37,114.47,117.50,115.18,109.46,98.47,97.87,97.38,97.33,99.36,100.09,111.86,123.15,127.76,131.72,128.61,126.91,128.80,118.54,119.59,112.94,113.36,109.29,110.48,122.20,126.27,129.19,124.23,124.05,115.64,110.69,113.79,119.38,118.41,117.23,120.24,131.21,127.78,138.63,130.28,123.60,114.23,115.83,129.48,116.59,110.81,115.15,115.31,123.87,121.12,127.93,119.89,117.54,115.51,110.44,111.89,110.70,112.96,113.93,115.90,121.06,124.82,119.82,121.99,118.47,119.13,118.70,114.40,112.87,116.39,114.32,121.50,137.37,137.90,129.63,134.09,137.02,129.27,123.40,119.95,118.12,118.72,120.55,135.65,164.06,179.63,192.84,157.67,167.61,155.75,152.76,129.23,133.01,135.62,125.84,120.51,129.29,132.77,127.08,129.86,130.53,125.43,114.41,121.79,112.53,126.62,174.86,222.33,235.06,257.37,269.89,246.88,236.56,228.23,219.82,205.76,169.04,155.76,149.03
Producto,0.002895466,01161055,PLÁTANO VERDE,94.02,89.15,86.36,85.63,89.28,91.80,94.88,100.65,102.97,100.61,99.21,99.26,93.51,97.85,91.03,96.08,93.87,98.14,108.34,105.84,107.18,103.50,103.47,99.06,91.66,93.37,90.35,95.74,94.41,99.76,108.22,121.75,128.33,128.56,122.77,124.84,130.04,124.30,121.39,117.77,117.09,113.66,115.00,118.06,131.21,128.61,122.19,122.36,113.70,113.74,109.61,112.76,108.22,108.52,121.96,131.20,134.32,139.44,133.41,124.64,114.92,109.61,124.29,115.78,113.74,107.17,109.80,112.32,117.66,128.42,118.68,112.41,111.70,110.21,110.16,105.92,107.69,112.42,120.36,119.50,122.13,115.39,119.97,119.73,115.20,113.49,113.93,115.55,120.88,119.68,119.28,135.90,131.10,128.42,126.43,125.95,123.83,119.35,116.46,114.13,115.38,118.89,127.90,148.84,162.87,182.19,154.85,171.48,159.36,158.15,130.34,134.95,136.40,121.54,119.80,131.79,133.54,131.81,128.90,129.27,122.52,114.02,126.33,113.78,125.72,162.04,209.20,213.52,233.08,254.24,235.88,228.31,221.47,219.39,196.90,170.61,158.50,150.90
Producto,0.00111776,01161056,UVAS,98.83,99.03,99.10,104.66,104.68,105.66,107.04,108.68,110.57,110.13,112.03,108.38,106.33,106.79,108.70,109.24,106.79,109.71,113.18,107.61,108.01,111.16,109.00,107.90,104.33,105.34,104.75,109.33,110.96,109.70,110.98,115.53,117.07,115.75,114.50,114.89,111.58,108.90,109.84,107.94,107.04,104.99,106.33,106.42,106.95,107.29,107.50,105.15,105.35,104.85,107.28,106.83,105.62,104.70,105.45,105.92,106.14,107.70,106.51,105.51,105.30,107.17,110.69,119.44,116.98,110.73,110.78,110.64,107.67,105.76,105.89,105.41,106.60,104.90,104.61,102.37,102.12,102.02,102.93,103.82,102.97,102.52,101.02,99.86,100.63,100.67,101.60,100.82,100.15,102.50,101.35,101.35,103.92,103.20,101.60,100.83,101.76,102.16,101.60,101.47,105.08,103.46,103.15,110.00,109.26,111.73,109.96,109.11,106.41,111.63,110.60,111.10,107.60,108.41,105.79,106.88,109.64,107.52,109.30,109.31,106.18,106.89,105.86,106.62,107.39,106.37,106.49,108.68,109.75,112.37,108.09,107.82,106.06,104.92,103.93,108.11,107.96,107.13
Producto,0.000568107,01161057,MELÓN,102.58,99.85,99.58,105.64,94.00,99.02,94.77,97.84,102.82,103.79,98.54,92.77,98.44,92.95,97.85,103.78,103.66,99.40,92.20,95.98,91.41,95.09,106.40,95.46,86.87,92.43,93.53,112.30,125.22,110.44,116.48,115.79,110.73,99.48,103.67,93.73,101.17,99.70,107.54,103.22,100.95,95.98,100.22,115.64,115.83,113.38,102.43,94.95,97.20,97.91,96.18,100.65,96.70,93.82,99.04,109.16,116.98,112.72,105.28,91.78,92.49,90.27,92.75,89.29,83.32,90.36,89.61,104.73,101.13,96.57,90.56,90.71,90.90,88.98,96.22,95.93,85.53,84.58,94.03,99.67,97.27,97.69,90.10,88.63,91.05,98.08,88.71,87.46,88.65,86.77,85.99,86.88,92.54,84.30,86.77,94.94,93.08,93.61,99.33,112.24,95.94,111.22,107.27,115.76,97.97,97.62,94.78,92.74,96.96,99.40,115.55,118.20,103.43,91.76,93.21,105.25,112.47,104.99,96.73,96.89,94.12,88.00,92.81,96.49,103.03,94.35,98.69,99.99,100.14,95.38,97.83,96.79,94.97,96.00,103.29,96.15,108.98,96.15
Producto,0.00067395,01161058,MORA,102.20,105.51,110.61,139.49,135.66,131.50,115.49,111.29,107.07,112.57,114.99,112.25,100.58,111.22,112.42,130.95,152.87,131.89,114.04,103.65,105.61,105.30,112.07,103.30,101.36,105.04,121.97,128.80,116.24,103.61,99.02,94.43,87.69,92.05,108.13,88.66,93.26,104.34,119.84,119.59,115.11,102.39,103.82,95.84,95.77,91.34,93.63,95.03,104.92,117.55,120.26,116.57,104.89,99.66,105.33,100.10,98.82,103.49,98.93,101.09,98.57,96.85,112.89,125.26,125.97,117.68,106.26,102.01,99.97,99.39,94.27,94.72,91.31,95.35,112.51,106.54,102.37,89.54,90.17,90.17,88.95,91.25,91.13,90.73,90.73,91.09,105.79,108.86,117.45,114.66,111.41,102.65,93.51,93.28,90.05,88.62,88.11,91.80,98.51,123.87,103.82,92.91,91.86,91.98,90.91,97.20,91.68,90.86,90.86,102.45,107.59,111.71,105.72,104.47,104.66,100.50,104.23,98.74,96.25,92.01,101.32,109.93,116.62,109.82,102.01,97.37,102.17,97.71,95.41,94.00,103.80,102.53,103.89,97.88,104.72,117.10,125.09,113.10
Producto,0.002042318,01161059,MANZANA,122.03,118.80,122.01,129.99,131.80,128.20,128.26,129.90,115.42,123.04,127.18,124.86,119.19,131.61,136.08,132.62,124.08,115.95,122.34,122.15,118.40,122.50,132.23,135.43,125.54,127.46,126.45,125.22,125.29,117.59,116.35,115.54,112.12,118.79,119.44,119.92,120.71,119.84,116.94,115.46,112.06,112.94,109.83,111.02,116.25,112.40,121.40,112.66,104.38,114.58,131.48,117.53,109.48,112.56,116.57,112.46,114.42,116.61,117.03,122.73,114.97,116.71,124.63,123.76,117.22,109.49,106.38,117.02,111.36,111.63,108.52,108.30,111.33,113.84,116.96,116.60,111.05,106.01,107.96,110.62,112.04,111.45,109.43,113.44,115.31,117.41,114.27,111.93,106.41,111.76,107.65,110.60,108.35,110.47,115.30,116.11,119.65,120.70,118.55,114.55,119.40,120.92,126.45,129.29,126.32,131.67,135.87,131.15,131.38,136.29,138.26,139.82,136.35,136.35,132.86,131.00,133.79,127.73,133.98,135.71,135.71,134.55,133.06,133.55,136.01,136.24,134.67,163.19,147.99,139.02,137.32,136.17,136.74,137.31,134.73,119.96,112.28,107.91
Producto,0.000371037,01161060,MARACUYÁ,89.55,85.02,85.34,85.26,83.94,84.83,84.96,81.61,87.17,81.86,84.10,86.63,83.45,90.11,99.97,91.65,94.94,100.83,91.11,91.18,84.05,82.62,81.79,85.21,88.13,85.81,80.52,78.09,80.00,80.61,75.48,76.88,75.25,74.16,75.54,80.57,76.77,71.22,72.96,81.66,78.65,76.93,72.68,71.80,70.34,78.07,76.44,72.13,73.45,78.92,80.74,81.38,80.83,76.13,84.76,80.74,76.38,73.97,80.84,84.32,84.50,74.11,72.76,84.82,81.68,74.96,73.57,69.94,73.13,71.16,71.16,69.01,70.24,68.02,73.95,72.25,72.03,72.93,71.69,71.64,68.91,69.89,69.37,68.60,66.38,69.87,68.64,75.20,79.95,83.20,89.91,85.55,80.10,88.20,94.14,93.84,88.34,88.73,95.34,91.56,92.94,87.30,109.31,107.81,97.85,92.05,88.82,88.01,83.87,99.85,89.09,100.35,92.74,94.27,93.96,95.29,99.05,95.55,94.75,94.75,92.84,104.33,100.57,100.93,102.70,114.86,108.20,100.84,98.80,95.70,95.27,93.71,88.34,95.50,102.01,100.23,96.60,96.50
Producto,0.000634117,01161061,SANDÍA,102.15,95.89,93.92,98.14,102.52,100.33,101.16,94.73,93.47,93.44,95.67,93.41,102.04,99.86,103.92,102.49,99.28,95.34,91.01,95.03,98.17,103.45,108.17,104.83,102.37,97.98,101.75,93.00,100.35,103.95,102.65,97.59,94.72,85.19,93.75,95.10,97.10,93.46,99.62,100.17,100.73,98.07,98.14,93.27,94.75,99.13,94.68,89.90,92.38,96.62,93.69,92.18,93.06,95.05,96.92,93.74,89.77,88.88,83.31,91.59,93.37,91.17,98.58,92.12,93.15,95.74,99.16,92.26,92.05,88.32,84.18,85.42,83.67,90.30,89.33,88.59,85.52,83.20,84.02,82.16,77.18,77.68,80.01,80.89,84.33,97.45,98.35,90.66,91.57,92.54,87.67,86.87,85.58,90.03,89.26,89.39,89.16,90.43,91.24,96.81,97.12,97.20,95.55,97.49,91.93,90.99,92.64,94.54,94.64,100.01,98.97,99.24,98.82,92.17,92.67,94.52,95.51,97.19,97.97,97.49,94.63,91.77,91.95,97.13,94.37,93.48,95.00,95.46,95.52,96.82,92.68,95.53,95.34,97.91,99.75,101.49,104.91,100.76
Producto,0.000436747,01161062,FRUTILLA,95.99,95.13,93.44,93.09,96.24,96.52,95.73,95.06,94.83,97.41,95.68,94.69,93.08,93.58,95.45,94.92,96.39,95.84,95.35,96.59,97.35,95.81,95.92,94.66,98.75,97.50,99.46,98.69,99.44,103.42,102.88,102.67,101.47,105.60,102.48,101.04,96.05,99.06,96.37,92.70,98.70,102.75,104.91,102.24,103.80,104.14,100.99,101.01,103.61,110.18,107.51,105.56,106.45,103.25,106.84,106.99,106.75,104.00,103.31,103.92,102.19,100.77,98.09,99.49,102.07,99.42,95.78,96.90,91.44,92.47,92.62,92.36,92.30,92.59,90.91,91.05,90.97,93.03,93.51,93.44,92.17,92.22,92.46,88.17,88.17,89.69,93.38,94.58,93.75,89.32,93.97,95.00,97.20,95.97,88.48,94.68,92.79,88.89,87.45,84.85,91.57,90.91,84.36,87.80,91.85,92.85,93.56,90.57,91.95,92.11,92.45,91.97,92.07,91.21,93.51,90.88,93.30,93.22,92.72,92.10,95.78,96.49,94.21,92.33,96.15,95.89,95.57,94.36,93.58,92.46,89.34,86.27,91.48,94.69,94.69,89.26,90.40,90.24
Producto,0.001887979,01161063,TOMATE DE ÁRBOL,111.58,106.18,113.61,117.63,108.51,111.36,106.98,101.20,99.07,104.14,105.77,114.15,114.82,111.68,116.74,112.13,103.97,104.89,102.40,105.36,109.40,107.23,108.38,109.99,109.15,107.15,105.00,94.66,110.01,107.06,101.54,100.10,101.27,104.15,96.05,102.81,103.33,104.22,112.67,107.13,100.02,99.03,105.16,100.56,101.66,100.32,100.10,93.10,97.35,102.14,108.05,108.49,107.01,104.25,105.55,103.65,101.05,105.76,110.36,105.94,107.46,108.77,118.57,132.66,135.75,128.10,117.99,119.22,120.65,117.31,113.33,121.02,122.96,125.52,114.35,118.95,120.70,120.64,113.36,122.49,132.89,141.39,140.75,143.55,133.18,133.82,135.44,135.10,128.41,129.20,135.88,139.94,150.69,156.75,159.20,159.34,149.58,150.10,159.89,156.10,150.75,157.04,170.72,194.01,176.13,174.65,167.83,171.94,159.48,152.50,142.61,150.71,154.07,165.28,160.09,156.25,170.05,165.86,161.90,146.09,136.54,149.22,151.39,175.12,161.28,167.31,169.77,171.56,164.56,174.66,176.56,179.33,178.92,158.41,151.62,155.42,153.58,145.84
Producto,0.000690528,01161064,FRUTAS DE TEMPORADA,103.29,100.21,96.84,102.06,101.94,99.36,101.78,100.51,102.19,103.56,106.17,107.71,110.50,107.90,103.78,101.55,102.26,106.06,106.59,106.40,107.18,102.76,99.23,105.71,106.59,100.77,100.30,95.56,93.72,93.45,94.69,94.32,95.13,96.00,93.16,94.95,101.25,100.33,93.41,94.80,91.99,91.67,90.23,93.34,93.24,96.30,98.98,101.11,100.43,103.70,104.77,102.87,101.41,97.84,98.65,99.40,98.89,99.66,98.18,103.19,102.76,102.09,101.27,101.16,99.17,97.88,97.18,96.38,92.05,92.91,94.45,93.23,92.57,93.68,88.58,90.85,91.00,87.07,92.44,90.74,91.93,90.28,92.30,95.56,97.62,97.84,95.65,94.17,93.73,95.21,93.39,91.79,91.15,91.59,91.07,90.17,89.56,88.29,88.70,88.46,89.04,87.46,87.83,85.12,85.00,86.53,87.20,85.56,86.64,84.67,84.57,86.42,86.16,89.24,88.10,87.29,87.58,89.34,87.88,88.85,87.85,89.73,89.61,87.72,91.29,90.68,90.41,89.99,91.21,90.16,92.53,93.39,95.06,96.60,96.12,95.43,96.23,95.75
Subclase,0.000456509,01162,Frutas secas y en conserva (procesadas),104.72,106.37,105.46,105.53,106.35,113.04,114.03,118.53,117.22,118.58,115.86,116.06,116.42,116.57,116.02,118.21,118.55,120.91,121.06,119.31,118.86,118.88,118.79,118.94,118.08,116.83,118.38,118.05,117.31,118.78,118.56,116.98,117.61,118.20,118.03,117.40,118.42,118.32,118.25,118.27,116.98,116.98,116.21,115.76,116.21,116.95,116.33,113.39,117.03,116.88,118.34,118.85,118.74,118.74,118.84,118.77,118.07,118.64,118.64,115.68,117.76,116.73,117.58,117.04,117.37,118.89,119.07,118.84,117.95,117.38,117.60,115.91,116.75,118.69,118.16,118.16,117.28,118.82,114.97,117.46,117.45,118.05,118.05,117.76,117.42,116.94,114.39,114.50,118.73,117.80,117.14,118.75,120.00,120.29,120.43,119.77,119.62,119.83,118.62,121.23,123.52,124.55,124.92,125.00,127.88,129.01,130.07,130.07,132.20,132.79,131.89,133.95,134.64,133.07,135.92,135.86,137.06,137.49,137.11,136.06,135.41,135.31,136.27,134.31,135.22,134.53,134.82,134.86,135.20,135.90,135.82,135.79,136.41,136.26,133.97,132.12,131.90,128.08
Producto,0.000456509,01162065,MANÍ,104.72,106.37,105.46,105.53,106.35,113.04,114.03,118.53,117.22,118.58,115.86,116.06,116.42,116.57,116.02,118.21,118.55,120.91,121.06,119.31,118.86,118.88,118.79,118.94,118.08,116.83,118.38,118.05,117.31,118.78,118.56,116.98,117.61,118.20,118.03,117.40,118.42,118.32,118.25,118.27,116.98,116.98,116.21,115.76,116.21,116.95,116.33,113.39,117.03,116.88,118.34,118.85,118.74,118.74,118.84,118.77,118.07,118.64,118.64,115.68,117.76,116.73,117.58,117.04,117.37,118.89,119.07,118.84,117.95,117.38,117.60,115.91,116.75,118.69,118.16,118.16,117.28,118.82,114.97,117.46,117.45,118.05,118.05,117.76,117.42,116.94,114.39,114.50,118.73,117.80,117.14,118.75,120.00,120.29,120.43,119.77,119.62,119.83,118.62,121.23,123.52,124.55,124.92,125.00,127.88,129.01,130.07,130.07,132.20,132.79,131.89,133.95,134.64,133.07,135.92,135.86,137.06,137.49,137.11,136.06,135.41,135.31,136.27,134.31,135.22,134.53,134.82,134.86,135.20,135.90,135.82,135.79,136.41,136.26,133.97,132.12,131.90,128.08
Clase,0.026813094,0117,Legumbres-Hortalizas (ND),102.50,102.76,102.72,108.19,107.90,109.22,108.45,108.59,109.37,108.05,109.27,108.45,106.78,108.97,109.82,113.93,115.93,113.32,109.66,106.64,104.05,101.04,99.82,100.84,104.63,108.95,114.19,119.91,122.41,128.25,122.66,118.85,111.27,108.28,106.44,107.24,107.58,108.01,108.86,106.47,102.93,102.28,101.62,99.79,103.19,106.65,109.06,108.20,114.31,108.08,106.72,106.08,106.72,106.51,108.14,107.20,108.31,112.78,104.85,101.96,103.28,104.18,109.58,119.84,121.61,118.46,110.21,107.11,104.08,101.10,99.72,100.09,101.55,105.10,107.20,109.53,108.98,103.36,106.24,104.21,100.99,99.45,100.06,100.48,105.01,107.92,109.79,111.67,114.36,119.58,118.80,114.05,116.52,114.68,114.33,116.28,114.14,114.32,114.38,113.01,113.61,122.03,124.18,129.48,127.65,122.59,118.48,117.48,118.76,121.58,120.86,122.09,118.43,119.57,119.92,121.04,129.65,128.40,123.55,122.93,123.83,126.89,134.53,135.64,131.87,133.31,131.54,127.98,131.43,131.00,122.22,120.39,123.91,124.59,128.69,126.84,122.55,119.38
Subclase,0.018767268,01171,Productos de huerta frescos,100.96,102.53,104.04,112.33,112.30,114.37,112.47,112.46,113.11,110.83,111.64,110.51,108.29,111.01,112.11,117.34,119.52,116.46,112.14,107.52,104.04,99.80,97.35,98.85,103.45,110.08,117.17,126.29,130.20,138.44,130.96,124.84,113.93,108.80,104.91,106.89,107.43,108.69,111.54,108.40,104.18,103.49,102.69,100.05,104.92,109.19,111.59,110.57,119.22,111.55,109.48,110.05,110.07,109.44,111.67,109.79,109.91,112.59,104.19,102.18,104.42,107.02,114.64,126.82,130.06,124.07,114.24,109.44,106.07,102.90,101.92,101.68,102.66,106.61,109.06,112.32,112.36,105.81,109.37,105.86,101.71,99.01,98.07,97.35,103.16,107.37,108.82,111.12,115.39,121.82,120.18,113.63,116.92,114.22,114.13,116.77,113.85,113.70,114.96,114.24,114.72,125.52,129.19,136.06,133.11,124.29,116.89,115.27,116.53,120.25,119.00,121.59,117.43,118.63,118.86,119.28,129.03,126.72,121.65,120.52,122.21,128.59,138.74,141.59,136.13,139.68,136.61,131.49,133.63,130.12,119.22,117.49,121.17,122.01,129.09,128.05,122.63,118.09
Producto,0.000837943,01171066,AJO,102.34,103.21,109.19,112.58,117.00,111.91,107.66,106.55,109.36,107.91,106.89,108.08,110.82,118.62,121.46,120.60,125.61,133.89,135.65,137.06,136.73,132.01,133.75,132.06,130.88,135.13,145.91,149.34,151.88,147.60,135.25,127.58,121.08,112.20,111.69,116.16,121.58,123.37,113.59,108.37,107.29,102.69,99.07,96.91,101.25,94.54,96.11,96.64,94.79,100.19,106.33,108.14,113.11,106.76,110.50,118.62,127.17,124.72,110.79,110.74,114.41,130.62,157.78,185.22,185.34,162.77,137.16,127.63,123.34,128.39,135.75,128.91,127.31,127.83,127.20,134.64,134.46,121.06,115.54,117.35,111.16,105.11,107.78,107.06,111.13,113.29,124.15,127.59,120.04,119.27,119.96,113.96,114.81,113.53,110.84,109.21,116.18,116.09,120.97,119.70,120.17,122.88,121.31,122.27,123.90,126.67,123.76,120.01,123.92,130.43,130.05,138.47,136.92,128.35,131.52,138.63,146.65,144.63,143.60,139.79,153.76,156.76,167.46,167.57,160.43,167.63,156.91,142.21,137.34,132.74,135.06,129.13,131.23,138.57,131.75,140.12,135.46,134.10
Producto,0.000187254,01171067,ACELGA,107.10,107.69,107.15,107.15,107.15,110.61,111.07,111.37,111.37,109.74,111.67,111.67,111.85,111.65,111.65,110.33,111.44,111.44,112.64,113.05,113.05,112.37,111.95,111.73,111.34,111.85,110.91,111.82,111.19,109.99,106.97,112.09,113.00,112.78,113.14,113.01,112.02,114.00,116.59,116.59,112.43,117.79,116.98,114.73,118.10,118.68,116.95,115.87,117.19,118.45,118.53,117.02,117.02,116.08,118.16,119.27,121.87,119.03,119.03,121.29,120.29,120.09,120.82,121.93,122.65,118.60,122.53,122.34,119.33,119.21,123.19,122.16,125.75,127.42,126.66,130.02,130.34,127.37,132.14,129.12,129.12,128.09,126.31,130.19,128.59,131.26,128.72,132.52,132.20,129.32,134.43,134.15,135.73,132.94,133.17,133.62,133.84,128.88,133.43,129.79,129.69,129.40,129.93,130.39,133.17,137.09,136.74,133.09,133.16,130.70,135.47,141.67,136.74,135.41,135.05,141.05,136.46,140.52,134.00,135.59,142.68,146.50,147.37,148.07,149.81,150.95,150.99,155.87,149.24,144.64,142.99,133.87,138.23,136.79,141.96,138.60,145.18,141.03
Producto,0.00066207,01171068,BRÓCOLI,92.89,96.64,99.83,107.19,99.98,99.37,105.49,100.79,104.79,102.96,103.03,101.09,91.06,107.11,105.94,97.37,104.49,107.77,107.51,100.05,101.30,96.21,101.11,98.26,91.83,96.55,97.03,101.48,103.64,127.44,111.26,104.88,100.78,95.33,98.78,99.61,103.11,107.69,106.91,108.67,101.55,98.54,101.00,100.62,99.45,103.20,103.53,105.86,97.41,99.66,100.69,97.84,91.35,92.90,99.20,105.72,107.47,104.17,96.66,93.29,101.24,105.82,101.35,109.36,111.84,102.42,107.85,98.48,93.21,89.71,92.57,96.57,91.77,102.53,103.12,97.51,106.76,96.03,103.70,100.80,97.91,88.38,86.79,93.32,102.20,126.55,105.58,96.36,97.91,119.20,119.08,105.25,112.73,106.77,98.46,108.25,103.48,102.55,108.99,113.45,114.61,119.99,125.80,125.22,115.61,112.85,118.98,114.46,114.25,125.41,124.53,129.01,117.65,111.87,110.01,120.90,136.66,133.04,130.39,130.51,113.39,116.89,122.74,125.35,134.27,128.84,125.96,123.21,131.67,120.66,119.18,119.56,124.02,122.64,116.48,119.30,112.29,112.68
Producto,0.000891916,01171069,CEBOLLA BLANCA,101.52,101.19,97.88,93.09,91.08,91.69,93.45,93.89,97.54,95.90,100.40,98.26,93.00,97.45,100.16,97.57,98.16,90.58,92.39,96.24,98.19,95.97,91.76,90.95,94.58,90.29,93.84,94.60,95.55,97.87,97.01,96.38,93.09,93.03,88.65,86.50,82.19,87.23,84.27,78.47,77.92,78.88,82.80,83.67,82.04,87.48,83.64,82.95,87.46,89.30,88.66,86.39,89.14,89.38,99.55,101.00,110.15,111.43,101.54,96.19,98.79,107.13,114.31,132.69,129.81,130.85,122.46,135.18,130.81,129.65,120.25,110.42,105.03,101.08,89.83,87.61,87.80,81.47,81.79,84.18,83.31,82.34,77.87,79.08,83.18,78.56,73.97,79.12,84.29,94.71,84.68,83.53,86.46,85.81,89.15,87.69,83.87,85.28,83.94,86.35,89.77,91.26,93.02,92.53,100.47,108.08,93.47,105.61,104.36,98.21,91.24,92.54,107.81,96.30,91.73,92.62,113.04,114.42,112.50,109.88,106.44,106.50,105.07,103.38,103.57,102.74,110.44,109.63,128.69,128.04,117.31,117.51,122.47,110.92,107.37,108.70,107.71,100.51
Producto,0.002916222,01171070,CEBOLLA PAITEÑA,113.44,116.44,130.12,148.52,173.51,184.06,177.88,174.33,178.81,160.46,153.35,150.84,147.75,150.95,149.52,168.16,181.58,190.29,178.41,153.68,141.87,113.59,99.40,98.77,119.78,127.39,173.55,205.33,200.31,188.47,176.88,170.16,156.99,144.24,137.89,136.97,140.16,138.22,132.23,121.11,104.52,108.14,114.53,112.72,121.03,137.65,167.42,170.01,186.18,154.72,141.80,156.95,161.28,157.62,160.83,148.84,135.01,135.05,111.39,106.18,113.26,113.64,126.76,173.23,197.35,182.58,151.15,133.50,129.48,124.47,118.11,114.81,113.33,116.70,135.79,138.24,134.92,126.90,125.56,120.25,119.17,113.33,113.41,103.56,111.53,113.74,125.49,125.28,141.19,144.59,154.08,140.60,138.66,136.51,135.02,138.48,139.76,134.76,136.39,128.28,125.89,151.81,178.43,218.04,223.78,168.07,133.16,116.80,118.41,123.32,123.32,138.69,138.88,151.23,145.31,136.55,122.21,114.87,103.28,105.99,113.72,116.66,123.77,127.53,128.91,117.18,119.77,125.35,136.31,137.25,115.15,110.91,131.26,121.25,122.54,139.38,137.00,139.85
Producto,0.001735408,01171071,CHOCLO,95.22,96.55,90.61,92.28,91.32,93.98,89.36,95.06,92.30,89.17,102.29,104.90,103.76,101.63,107.01,105.31,100.06,92.74,94.53,89.77,88.88,99.02,97.49,101.59,109.02,109.63,107.42,102.94,96.46,106.74,107.17,98.93,93.88,97.47,104.11,117.13,111.43,104.35,104.04,100.45,101.84,110.80,101.46,94.61,95.48,98.99,107.07,102.83,102.89,109.67,107.34,105.66,104.72,101.18,99.38,94.78,95.20,105.21,112.18,113.55,117.96,114.61,115.86,118.68,117.64,109.38,98.11,95.78,87.83,94.19,94.34,95.49,95.96,101.58,107.64,109.42,111.98,95.39,92.84,91.69,89.75,90.62,92.05,97.24,112.99,116.89,119.45,107.88,108.71,112.29,109.34,112.72,112.72,112.70,118.44,110.43,108.73,113.36,112.48,105.82,106.15,117.96,115.33,111.27,104.58,120.11,123.72,130.87,120.57,118.93,121.91,122.10,117.65,111.55,110.83,109.81,122.95,132.09,130.31,124.23,134.58,148.44,150.01,140.49,135.01,131.20,119.01,115.74,114.85,113.69,115.09,110.05,121.30,131.14,128.55,115.33,105.03,95.87
Producto,0.000405014,01171072,COL,101.05,95.72,99.43,102.21,100.15,99.77,99.17,101.38,112.63,110.05,113.74,105.83,105.88,108.35,103.59,103.27,106.50,102.80,111.64,108.10,104.04,99.15,96.60,91.69,97.36,100.77,97.38,98.38,100.90,112.55,117.78,123.62,113.01,106.91,101.78,103.92,100.53,97.56,106.52,114.46,119.84,112.40,112.78,114.19,115.04,122.11,112.85,103.83,102.78,102.12,104.80,102.27,107.37,105.43,104.96,108.51,119.38,120.77,102.20,97.55,98.63,109.24,125.97,122.83,123.13,131.61,118.09,109.85,114.96,112.44,106.98,105.25,105.91,107.41,124.96,131.79,129.98,124.40,127.11,130.80,117.14,109.42,111.17,107.51,106.20,114.76,121.15,116.68,117.16,121.32,124.63,124.69,123.39,117.89,122.47,129.20,127.16,125.57,120.91,116.08,111.80,115.39,125.33,126.21,141.40,148.54,140.56,141.79,127.78,141.65,142.12,155.61,148.00,138.06,138.17,142.74,156.35,162.16,153.92,148.03,138.81,143.92,150.61,160.40,154.32,159.75,154.42,146.36,144.43,141.33,143.59,148.97,140.87,151.31,182.19,179.29,167.32,156.14
Producto,0.000380735,01171073,COLIFLOR,100.94,103.89,105.19,114.74,107.73,108.92,117.09,107.01,114.22,110.65,107.58,103.49,105.87,110.42,119.50,108.27,106.68,115.25,117.86,112.22,111.96,109.92,105.24,116.96,112.99,124.34,116.34,112.82,119.98,159.66,132.03,122.21,115.67,114.36,114.21,118.19,113.64,128.98,122.16,125.00,111.38,103.43,120.90,118.05,116.17,115.02,106.41,106.15,109.13,107.81,109.32,111.89,106.72,110.75,117.02,118.75,123.79,115.16,108.70,110.31,125.34,121.72,131.64,132.13,132.10,124.26,122.87,116.85,107.04,107.17,98.13,99.96,103.35,124.14,125.11,126.53,113.78,111.43,111.44,116.03,108.91,104.00,98.58,108.10,110.47,142.48,131.77,113.99,107.24,120.53,132.69,115.92,124.67,118.13,115.04,116.67,118.24,122.41,118.17,125.70,124.20,131.17,136.09,133.51,131.40,126.16,123.96,138.95,137.02,144.70,151.83,153.51,132.63,139.46,133.02,132.05,166.67,160.83,152.04,156.82,138.66,143.78,146.82,159.47,160.56,152.13,154.80,156.35,181.61,168.17,137.19,142.02,147.82,152.02,138.79,150.76,164.03,152.49
Producto,0.00048619,01171074,LECHUGA,101.84,101.87,100.01,103.76,102.20,99.04,106.87,109.10,113.42,114.37,111.21,103.31,100.60,109.38,97.94,95.44,99.57,113.83,110.78,116.10,103.15,96.00,99.68,103.97,107.76,107.65,112.49,117.59,124.53,143.07,117.20,109.59,106.90,106.07,105.28,107.80,109.43,115.86,116.77,111.80,106.41,101.76,115.78,115.06,104.70,103.96,106.82,113.87,112.59,105.46,98.74,94.92,99.03,96.05,99.47,112.28,110.23,108.85,103.27,100.33,107.89,107.63,104.36,110.07,128.18,118.87,120.42,115.92,116.56,112.39,113.00,110.60,112.59,109.29,108.19,112.19,111.79,98.45,106.43,113.17,102.04,95.42,95.02,99.90,102.99,114.49,111.32,112.60,112.71,127.97,125.14,124.61,158.00,130.53,132.25,132.37,128.54,136.48,135.91,127.32,123.51,136.74,133.50,151.13,137.41,126.94,127.04,139.57,127.90,157.03,173.05,162.41,155.67,161.06,139.94,157.15,172.24,165.89,174.83,156.61,147.84,146.60,182.16,184.70,175.38,174.62,166.68,175.02,175.14,166.32,155.86,158.13,166.55,168.30,156.49,158.96,166.76,159.33
Producto,0.000503054,01171075,PEPINILLO ,96.55,114.40,108.85,102.70,110.77,113.97,107.72,95.92,96.97,108.94,103.62,89.69,93.17,81.17,92.81,106.42,105.86,101.97,100.23,98.67,102.31,76.18,76.58,77.84,93.64,103.24,104.69,95.47,90.99,94.14,104.89,94.43,90.42,100.08,92.98,93.04,89.71,96.24,99.52,103.03,102.16,104.38,101.23,112.65,117.08,105.11,97.79,88.59,92.63,102.03,105.52,96.27,99.47,101.75,103.69,119.12,119.59,120.76,109.79,97.80,91.71,104.56,113.24,117.96,116.68,105.84,94.34,100.41,96.25,88.59,86.93,88.35,88.20,93.94,97.03,105.86,105.01,105.28,94.85,94.10,91.99,92.31,90.08,86.69,84.62,90.00,85.29,91.41,95.82,94.27,110.25,99.92,100.51,98.82,96.83,81.72,76.62,90.84,90.01,88.40,91.08,93.92,93.14,107.12,102.88,97.91,97.16,89.94,88.37,101.39,100.41,102.27,90.52,91.29,87.45,87.94,103.51,102.07,79.10,76.19,81.56,93.84,91.39,100.44,91.56,92.84,88.00,103.86,96.95,103.96,77.40,69.73,72.88,112.69,89.60,63.07,80.39,73.56
Producto,0.001366505,01171076,PIMIENTO,96.99,97.77,88.12,100.76,100.75,106.14,103.15,103.83,105.21,92.90,95.60,91.73,93.15,96.76,92.51,89.50,90.14,88.83,85.67,90.70,91.50,91.42,96.73,85.60,83.62,85.51,83.71,103.09,126.33,108.58,110.76,103.81,101.54,99.97,99.97,113.61,113.23,104.94,114.72,107.44,113.47,117.23,101.62,107.53,110.91,111.62,112.43,98.36,105.41,94.49,106.21,109.60,100.90,113.84,118.25,115.92,118.52,126.56,122.22,108.21,104.68,110.34,124.89,114.39,119.04,131.47,128.54,123.00,124.09,125.86,112.47,107.01,107.24,112.63,105.53,136.77,140.06,121.63,121.44,126.24,125.12,114.18,113.78,116.08,123.76,128.82,120.86,123.14,123.29,126.24,143.58,149.37,168.06,156.73,162.39,155.34,132.92,145.74,162.52,141.40,161.23,182.46,169.23,171.38,162.21,158.02,163.48,165.70,147.33,151.18,137.29,147.85,146.43,149.11,142.00,149.99,155.24,160.43,158.58,152.98,149.12,146.99,150.69,158.59,148.01,151.62,149.67,153.15,159.17,163.44,161.84,159.84,162.60,157.83,156.23,149.84,146.89,148.32
Producto,0.000291872,01171077,REMOLACHA,94.75,97.31,100.84,101.53,102.36,97.70,99.71,106.30,110.60,112.21,115.85,100.68,102.79,101.76,96.60,93.18,95.47,91.80,93.93,108.81,100.72,90.78,90.65,86.45,89.67,100.51,101.02,101.95,102.08,111.88,135.72,134.78,115.69,110.63,105.67,102.90,109.32,113.77,108.34,107.46,106.87,102.05,102.02,100.54,104.59,98.95,97.65,95.88,98.85,99.14,99.61,101.99,99.12,98.29,106.77,115.44,133.86,114.72,99.04,99.65,100.72,100.96,105.60,119.20,118.85,120.19,110.06,112.56,113.95,109.86,114.35,105.38,99.22,98.09,93.91,95.46,97.98,97.88,94.74,91.10,90.54,90.00,93.76,95.91,97.44,98.49,98.66,96.64,101.39,112.29,123.21,124.39,128.73,145.05,124.46,121.88,124.39,122.34,126.37,114.43,112.97,114.43,118.94,121.96,117.27,116.63,116.63,111.81,114.78,111.55,121.02,117.46,112.89,104.54,104.77,108.35,161.49,149.11,134.20,126.61,129.95,137.83,149.43,158.32,159.71,162.27,156.51,149.84,143.44,140.52,122.49,116.83,124.10,130.27,126.10,118.53,119.31,112.11
Producto,0.003278769,01171078,TOMATE RIÑÓN,99.32,99.99,98.20,114.61,108.84,113.43,109.81,108.36,103.65,103.34,102.60,102.01,98.58,105.72,101.48,100.89,109.12,107.97,108.14,105.12,101.57,100.56,98.89,96.48,97.22,105.60,109.15,126.71,133.70,139.38,120.44,121.01,112.06,109.30,100.43,102.48,95.98,100.47,120.41,112.34,108.76,98.29,98.22,93.10,103.85,113.69,107.28,104.15,105.94,103.59,108.94,104.16,106.83,107.06,107.66,101.72,100.60,99.61,94.96,94.97,94.70,94.84,103.03,117.83,117.45,113.10,101.55,97.98,92.08,85.55,86.36,91.41,89.27,92.71,95.40,92.31,96.63,93.66,109.10,103.63,95.14,98.39,97.96,90.01,93.26,93.57,93.83,91.24,97.64,107.08,99.83,98.39,101.85,98.04,98.39,97.80,96.13,97.86,97.16,98.45,95.75,103.86,101.21,109.61,104.74,107.92,97.48,90.54,95.19,91.18,96.50,100.46,94.17,93.89,100.14,103.27,127.55,116.94,113.64,109.36,104.91,112.47,126.03,120.97,122.72,126.80,138.88,126.36,119.21,105.22,97.78,99.16,90.74,90.74,117.50,113.78,102.08,96.62
Producto,0.001306729,01171079,ZANAHORIA AMARILLA,95.42,95.66,97.85,99.39,98.87,100.38,97.48,101.12,96.90,114.75,113.51,115.12,123.74,114.57,101.98,98.14,96.59,100.25,94.92,93.39,92.12,92.29,90.10,91.74,89.43,87.74,92.71,121.05,149.34,156.15,148.69,134.16,126.77,118.65,115.11,106.92,112.11,114.73,120.71,123.12,118.80,111.01,99.93,96.29,101.95,101.36,96.35,99.78,102.25,99.17,99.84,104.76,102.91,96.90,101.03,101.11,101.48,115.86,104.85,101.53,103.12,100.28,98.90,112.08,110.47,107.92,115.78,108.33,113.02,103.65,114.21,105.65,102.16,89.97,90.30,92.59,96.85,90.69,93.29,95.38,95.38,96.36,94.56,94.89,94.29,95.80,99.75,102.24,121.60,147.82,145.19,130.12,133.25,123.15,108.04,114.35,115.57,117.76,118.35,124.30,129.94,137.66,131.36,128.76,122.69,117.35,127.35,117.50,130.37,132.62,132.53,134.50,126.72,118.48,124.17,117.70,139.77,157.49,150.36,151.81,139.69,121.76,131.24,151.10,138.51,152.63,148.45,159.13,168.74,170.99,140.52,136.17,139.99,144.30,133.31,135.55,124.30,126.51
Producto,0.000924896,01171080,ARVEJA TIERNA,97.25,97.63,101.70,117.70,104.99,100.85,99.49,97.60,99.30,95.19,104.22,107.60,92.96,94.18,115.69,167.19,152.15,115.26,89.15,87.12,82.44,85.72,85.68,103.45,108.34,140.91,138.77,132.65,137.67,200.45,200.40,172.83,118.71,95.18,83.46,83.78,98.04,103.99,98.96,101.63,100.91,109.67,101.14,95.88,102.23,97.83,96.79,102.69,164.93,126.96,105.91,99.22,97.77,100.80,101.24,96.49,94.25,105.25,93.60,94.04,97.12,110.99,133.46,121.48,123.18,106.92,99.30,94.66,89.23,86.18,90.04,92.83,106.45,122.36,123.18,138.24,132.62,126.70,137.06,112.71,99.08,89.27,80.55,84.66,101.05,113.06,120.36,148.09,147.59,147.95,117.11,97.30,97.83,105.03,114.00,138.13,123.20,110.17,114.25,123.78,132.02,153.01,164.05,154.51,135.81,106.96,96.25,111.53,129.29,141.80,118.07,108.58,107.16,121.40,131.45,123.28,119.44,101.26,90.49,96.16,113.22,158.20,192.87,200.67,175.80,214.59,175.81,137.06,134.67,127.58,115.45,113.89,110.90,110.48,154.47,135.02,122.80,107.10
Producto,0.001157899,01171081,FRÉJOL TIERNO,100.35,98.21,101.36,108.51,98.65,98.96,96.20,99.57,101.07,100.42,101.43,101.67,102.54,103.91,109.09,105.38,103.73,95.72,91.66,90.38,91.65,96.29,95.40,99.28,98.71,99.84,97.05,93.15,93.50,100.65,96.72,95.83,94.33,92.72,89.66,93.93,96.24,92.32,93.29,93.67,93.37,96.73,94.33,88.71,96.03,103.19,100.91,98.72,100.47,95.82,96.41,98.35,92.03,90.93,92.68,89.50,96.90,108.97,104.25,105.00,101.94,98.13,97.11,102.60,102.48,101.11,97.39,94.72,93.09,89.05,89.87,93.68,104.81,109.29,100.17,100.17,97.68,95.76,96.68,92.39,93.02,94.00,94.32,98.58,101.88,98.79,103.22,118.96,114.05,110.59,111.23,96.00,100.18,99.24,100.99,111.61,107.79,102.08,100.10,108.77,102.72,111.11,113.05,120.71,121.57,118.13,111.45,108.95,110.57,111.13,106.14,97.96,96.28,100.04,99.45,103.53,105.72,109.60,108.32,110.53,115.37,118.44,131.01,141.27,123.58,124.16,120.36,113.75,112.06,116.38,108.46,107.72,110.51,113.87,122.32,126.75,122.04,117.40
Producto,0.00080172,01171082,HABA TIERNA,101.54,103.73,105.88,108.46,106.74,106.72,102.58,103.19,102.77,104.02,101.88,106.96,107.73,116.50,126.96,126.23,128.37,125.63,120.96,113.29,102.71,95.24,94.36,97.05,107.94,116.17,122.14,118.76,115.82,107.61,101.16,101.58,98.12,101.44,101.21,100.46,103.95,103.56,101.85,107.90,100.88,96.15,102.51,101.77,105.20,103.40,104.54,102.78,110.77,108.80,102.64,105.43,105.86,104.64,100.80,101.94,103.87,103.18,101.39,104.25,104.76,103.19,100.68,122.07,106.32,114.37,106.99,104.79,101.91,95.96,90.79,93.59,98.15,111.19,107.51,107.71,101.92,103.02,99.28,97.40,94.85,91.30,94.21,97.20,102.72,103.95,101.40,104.36,103.61,105.95,109.94,107.82,104.91,108.23,109.94,109.10,110.65,111.00,114.06,115.22,108.28,107.88,111.71,110.34,109.94,107.88,107.88,107.88,111.42,120.93,119.69,116.78,101.72,104.08,107.01,108.08,111.84,109.41,109.64,115.73,137.18,137.79,139.90,145.63,129.85,131.73,127.48,122.77,131.39,134.19,117.56,114.20,117.97,119.85,123.55,121.71,117.10,114.54
Producto,0.000633071,01171083,OTROS PRODUCTOS DE HUERTA FRESCOS,106.41,114.92,114.12,110.04,107.62,103.90,109.33,115.51,115.95,119.51,118.80,115.89,112.81,109.32,109.03,108.61,109.00,102.47,100.52,98.65,99.49,103.63,100.88,104.22,104.40,108.54,105.49,107.10,109.48,111.38,114.89,114.27,105.15,102.81,100.76,102.79,100.80,102.58,105.56,104.67,97.88,101.94,106.79,103.16,107.85,108.15,109.08,104.65,106.64,113.20,116.54,113.35,110.01,110.74,111.99,115.05,117.52,109.61,105.72,105.25,104.21,111.06,115.79,111.30,112.64,108.87,105.46,108.07,106.39,104.82,98.33,102.56,103.22,105.97,108.76,109.78,107.61,108.73,109.36,108.48,112.19,109.49,109.98,112.12,112.46,116.61,113.73,116.88,116.15,115.28,116.23,119.87,116.71,118.53,116.78,116.86,117.37,118.81,116.72,117.01,118.19,119.84,120.59,118.93,122.92,122.75,124.90,122.65,121.61,123.69,124.13,126.82,120.55,123.81,126.21,126.13,127.50,131.76,129.38,131.59,128.47,127.33,125.75,121.31,126.75,131.77,134.57,130.83,127.73,127.62,126.73,126.69,128.69,129.33,126.38,126.53,125.43,121.27
Subclase,0.006186635,01172,Papas y tubérculos,108.42,104.72,100.01,98.08,96.54,96.64,98.45,99.14,100.41,101.08,104.32,103.61,102.95,102.96,102.96,103.38,105.07,102.80,100.70,100.62,100.82,100.59,101.79,101.75,103.89,103.49,104.83,101.87,100.60,101.54,100.43,102.19,103.19,105.21,108.56,106.93,106.28,104.49,99.85,99.08,96.70,96.67,96.85,96.19,97.24,99.24,102.44,102.19,101.41,98.46,99.26,95.41,97.75,99.22,99.93,101.02,105.61,116.13,108.27,102.16,100.75,96.96,96.57,104.83,102.80,105.62,100.88,101.62,99.17,96.45,93.67,95.84,98.98,102.21,103.64,103.68,102.19,97.92,99.20,100.92,99.50,100.12,104.81,108.29,109.65,109.44,112.51,113.31,112.30,113.77,115.58,114.95,115.47,115.85,115.08,113.61,113.09,114.08,110.42,107.07,107.95,110.87,108.11,109.72,110.82,116.57,121.21,121.86,123.55,125.20,125.41,122.13,119.07,119.81,120.52,123.75,129.08,131.19,126.38,127.24,127.74,122.74,123.82,120.29,120.26,115.91,117.25,117.60,125.78,134.01,129.17,126.74,131.57,132.05,128.03,124.17,122.21,122.31
Producto,0.004636972,01172084,PAPA ,109.30,103.44,98.04,94.93,93.49,93.02,95.38,96.37,98.28,98.42,103.00,99.90,99.09,98.97,99.28,100.70,104.22,101.34,98.37,99.04,99.95,100.46,101.31,99.90,100.88,100.98,103.10,98.98,97.05,98.41,96.51,97.71,99.57,101.75,103.61,99.11,99.73,97.92,94.19,93.69,90.84,91.28,93.01,92.15,92.20,95.01,99.82,100.07,99.43,96.91,96.48,92.02,95.89,97.38,98.98,99.60,105.43,118.64,108.87,101.43,99.53,95.44,94.95,101.39,99.02,102.95,97.74,98.26,97.58,93.66,91.72,93.67,99.06,101.52,104.64,104.00,102.90,97.43,97.70,99.89,96.96,96.91,102.54,107.38,107.84,105.22,109.23,110.88,110.32,111.34,112.89,112.48,112.79,112.92,112.53,110.97,109.91,110.83,104.64,99.96,101.94,104.51,99.84,101.66,101.69,114.09,119.70,120.00,122.85,124.59,126.24,121.82,118.69,118.63,118.03,123.15,129.33,130.55,123.83,126.33,126.03,117.20,119.02,113.42,112.94,109.53,109.24,110.09,116.05,124.12,122.01,118.05,118.43,116.99,117.16,117.08,116.71,117.62
Producto,0.001253859,01172085,YUCA Y CAMOTE,103.23,101.38,100.80,105.09,104.58,108.21,110.08,109.11,109.10,110.92,109.19,107.28,106.43,107.72,106.55,104.99,106.50,106.87,108.78,108.70,106.97,104.27,101.72,102.26,104.00,101.34,100.25,107.63,111.03,113.07,114.14,116.04,113.51,114.82,120.09,120.54,120.33,120.09,114.85,115.10,113.71,114.71,110.10,110.37,113.45,112.06,111.42,108.65,105.25,101.96,109.27,106.51,105.79,107.33,107.87,108.84,110.05,113.46,110.62,106.77,105.50,102.67,100.88,108.60,109.66,110.94,109.33,111.65,105.82,104.83,100.39,103.16,101.26,104.32,103.40,103.88,101.12,100.87,104.12,104.85,105.22,106.64,109.81,110.64,114.42,120.52,123.40,122.13,118.90,120.44,124.54,123.05,124.81,125.51,122.29,120.74,120.86,119.61,120.97,121.16,123.13,128.24,130.00,131.19,137.02,126.87,127.84,127.23,126.61,129.17,126.65,127.75,127.85,129.33,134.75,135.69,140.28,145.73,145.43,140.57,138.10,132.23,127.98,127.86,129.48,129.11,132.22,132.57,147.48,151.40,141.26,135.82,137.67,145.06,138.11,133.13,131.43,132.86
Producto,0.000295803,01172086,MELLOCO,116.58,125.98,114.75,104.16,98.63,92.89,89.72,92.85,92.51,94.16,100.95,124.68,125.96,123.21,124.03,121.77,108.09,103.13,96.38,89.80,89.56,90.56,106.16,116.36,129.78,131.91,133.86,109.51,99.63,93.70,92.76,98.91,103.19,106.03,116.46,133.46,120.40,114.16,103.32,97.13,95.80,88.53,89.87,88.17,91.68,96.95,97.90,100.87,106.96,101.29,92.94,91.13,89.45,90.54,83.94,89.51,93.70,102.38,95.90,94.51,96.93,92.78,97.56,123.22,114.81,112.60,102.38,100.29,92.70,95.24,90.23,92.39,91.31,101.76,95.66,100.29,99.24,93.20,97.22,97.92,104.14,108.17,109.28,109.08,110.86,112.38,107.85,107.59,109.43,114.58,111.72,111.72,110.28,111.86,115.29,114.85,117.07,125.43,128.55,126.02,113.96,113.27,113.27,114.42,110.48,106.73,114.16,121.70,120.26,118.36,114.47,107.72,95.61,101.05,98.80,92.66,92.74,92.50,90.55,94.54,110.97,142.10,152.84,156.98,155.86,131.24,141.32,137.33,144.30,167.00,154.66,174.72,227.28,223.46,192.01,158.50,141.96,130.93
Subclase,0.001859192,01173,Leguminosas secos y vegetales en conserva,96.46,97.50,98.32,100.86,102.50,100.03,101.94,101.76,101.94,103.88,101.59,104.04,104.61,109.51,110.97,116.92,118.16,119.37,117.16,120.83,117.41,117.53,120.83,120.55,121.70,118.00,117.33,118.51,119.95,117.47,115.99,116.58,113.06,114.76,115.78,112.61,114.75,114.43,114.19,114.05,113.73,111.03,108.65,111.55,107.11,107.12,106.39,105.01,109.30,106.65,104.75,103.03,104.01,101.81,100.18,102.01,100.46,101.21,98.57,98.52,100.20,100.22,103.21,99.13,99.05,104.80,100.96,102.13,100.77,98.92,98.61,98.75,98.95,99.20,99.81,100.50,96.88,96.75,98.16,98.21,98.56,101.93,104.11,105.30,107.70,108.22,110.09,111.50,110.60,116.85,115.77,115.24,116.15,115.37,113.52,121.51,121.81,122.67,123.84,122.85,123.69,126.68,131.09,132.89,132.30,127.20,126.00,125.66,125.49,122.44,124.23,127.78,127.67,129.63,129.97,130.75,139.31,136.69,134.31,133.74,126.92,123.90,128.90,128.36,129.16,129.41,130.30,129.14,128.69,129.03,129.14,128.60,124.85,124.37,126.72,123.55,123.05,122.59
Producto,0.00052416,01173087,FRÉJOL SECO,76.15,76.24,77.43,78.48,78.84,73.96,76.00,75.31,80.73,92.27,89.51,89.15,94.52,103.44,109.52,126.82,127.32,129.46,126.85,125.52,118.30,113.62,110.82,111.06,109.69,105.50,101.90,104.87,110.04,103.81,103.81,101.40,99.91,100.66,99.90,96.94,101.30,98.71,98.00,101.53,101.25,94.98,90.61,92.57,92.66,90.67,89.18,88.50,92.72,91.79,91.44,89.38,89.64,86.84,87.02,91.28,86.35,86.90,83.26,82.80,91.28,92.24,92.67,88.17,93.93,95.32,92.81,96.57,91.57,90.45,86.53,89.73,89.45,87.30,91.59,91.07,85.87,85.87,86.29,84.31,83.34,83.77,84.15,84.95,84.84,83.89,84.85,86.34,84.97,85.47,84.17,83.86,85.49,84.47,79.65,87.23,86.90,91.95,96.44,95.86,95.08,107.74,118.52,122.49,121.39,119.90,119.72,122.44,124.65,124.32,123.94,121.02,113.22,113.79,116.38,115.28,111.53,110.77,109.27,107.23,99.74,92.84,100.79,107.72,110.85,110.70,107.44,106.36,108.54,109.84,110.78,110.78,93.21,93.88,101.01,108.16,109.54,108.51
Producto,0.001077902,01173088,LENTEJA,101.60,103.39,104.70,108.87,111.58,108.66,111.72,111.70,111.99,112.26,108.99,113.02,112.25,118.00,118.11,122.94,125.12,126.49,123.22,130.30,126.11,127.28,134.69,135.12,137.20,132.00,132.06,134.25,134.42,131.98,130.00,131.93,127.89,131.47,131.13,126.58,129.09,129.87,129.53,128.76,128.59,125.14,122.65,129.12,119.19,119.90,119.71,118.73,124.49,118.32,115.32,112.49,115.07,111.86,108.33,110.14,109.18,110.91,107.09,108.02,107.99,105.30,110.12,103.88,104.16,114.02,107.96,110.08,108.07,105.03,105.60,105.00,104.29,104.60,105.15,106.61,101.89,102.20,104.28,105.19,105.97,111.64,114.42,116.42,120.42,122.05,125.02,126.83,124.67,135.95,136.44,134.08,135.00,133.76,131.88,142.11,142.44,142.11,141.68,140.27,142.09,143.03,147.30,149.44,147.83,138.07,135.76,134.14,133.02,127.72,131.10,138.57,141.00,144.44,144.25,146.75,163.81,159.00,154.74,154.54,144.70,141.66,147.18,146.68,146.90,146.02,148.77,146.67,145.68,146.74,146.58,145.75,145.14,144.81,146.58,137.15,135.28,134.85
Producto,0.000113007,01173089,ARVEJA SECA,95.94,96.55,96.47,97.41,97.66,97.49,96.56,96.06,96.15,96.26,95.99,97.85,97.85,97.78,99.68,100.36,99.98,98.66,98.17,98.17,98.17,97.50,95.74,95.74,96.14,96.29,95.18,93.05,92.34,92.01,90.38,90.22,80.50,80.50,90.67,91.26,91.26,90.68,91.29,87.11,87.96,87.60,86.03,81.72,85.53,85.53,82.23,75.57,79.39,85.57,83.60,85.08,84.86,85.10,83.19,84.67,83.60,85.04,84.81,84.81,85.25,85.05,85.05,85.92,85.37,86.71,86.33,84.42,86.27,87.07,87.07,85.99,87.81,87.81,87.81,87.85,87.75,86.79,88.68,87.95,89.37,91.05,98.15,100.37,100.37,100.87,99.50,100.96,101.06,99.61,92.64,93.46,93.57,94.24,94.99,102.15,102.15,98.66,101.14,101.14,100.97,100.97,101.14,101.29,101.29,101.22,101.33,101.23,101.58,101.58,101.92,101.92,101.92,101.92,101.16,101.37,101.37,101.37,101.37,100.95,100.95,100.95,102.53,102.39,101.66,101.71,101.69,101.70,101.70,101.58,102.07,101.96,101.90,101.12,101.08,102.19,102.28,101.85
Producto,0.000144122,01173090,MOTE,102.17,102.17,101.59,101.59,102.14,102.14,102.12,102.15,96.50,94.66,94.66,95.50,95.50,96.62,97.15,97.95,98.02,99.32,99.81,100.40,101.26,103.63,103.69,100.43,101.83,100.96,101.34,99.55,102.37,102.40,101.07,101.07,100.99,98.82,100.19,98.77,98.77,97.54,97.54,98.09,96.51,98.46,98.02,95.31,98.12,98.03,98.03,98.03,98.03,99.05,99.05,99.11,96.61,96.67,99.28,98.83,98.71,96.13,96.75,94.00,94.63,102.34,104.18,104.18,97.06,97.32,96.85,94.24,96.77,96.21,96.74,96.74,99.33,102.08,99.33,99.33,98.59,97.49,97.52,97.52,97.22,97.52,96.60,94.98,96.58,95.16,96.58,96.58,99.51,100.93,98.90,103.03,103.64,103.67,103.45,105.27,106.34,109.25,111.13,110.42,110.51,111.58,112.39,111.82,114.64,117.23,117.62,117.86,117.86,117.07,117.06,117.39,117.39,117.38,117.68,115.39,115.72,116.35,117.47,117.19,116.23,115.52,117.91,109.01,110.15,114.55,114.55,115.54,113.67,110.99,110.87,110.38,109.08,107.11,107.72,110.60,112.06,112.08
Clase,0.008889887,0118,"Azúcar, mermelada, miel, chocolate y dulces de azúcar (ND)",101.29,101.08,101.48,101.15,101.21,101.82,102.23,102.41,102.96,102.13,101.69,101.51,99.81,100.63,101.16,101.64,101.88,103.57,103.49,104.44,105.15,105.60,103.26,104.91,103.65,105.13,104.60,105.26,104.87,102.89,100.26,102.10,103.11,104.73,102.39,103.20,102.55,103.24,102.22,103.36,103.67,103.33,102.76,102.28,102.22,102.08,102.90,101.35,101.97,102.69,101.08,103.67,101.34,101.58,102.22,103.14,102.20,103.71,103.04,100.90,101.53,103.12,103.31,103.25,103.65,102.79,102.86,103.59,102.22,103.46,101.38,100.41,102.37,100.65,100.16,103.04,102.29,101.15,102.98,101.49,103.21,99.41,101.03,99.38,99.99,100.96,103.16,104.51,104.05,103.50,104.47,105.86,106.55,107.15,106.60,106.96,108.52,108.58,108.75,109.92,110.96,110.69,114.79,115.09,115.31,116.53,115.99,117.26,114.72,116.95,115.98,119.12,118.34,116.42,117.55,118.82,119.19,117.24,118.13,117.19,118.26,117.41,119.07,118.88,117.32,115.26,116.73,116.42,116.43,116.80,116.36,114.26,114.50,114.30,113.01,113.92,114.03,115.10
Subclase,0.004630781,01181,Azúcar y sucedáneos del azúcar,97.84,98.06,97.68,97.29,97.05,97.86,97.16,97.74,98.84,96.74,96.36,97.22,96.90,97.24,96.70,96.89,96.20,95.96,95.85,96.23,95.73,95.96,95.54,95.78,95.56,95.64,95.46,95.11,96.05,96.56,97.31,96.60,96.48,96.96,96.44,96.86,96.09,95.63,95.22,96.04,96.43,95.07,94.45,95.65,95.25,95.45,95.39,93.97,95.25,95.54,95.19,95.18,94.18,93.98,94.96,94.54,95.23,94.83,94.27,94.80,95.56,95.13,94.96,94.44,95.01,95.38,93.86,95.04,94.71,94.11,93.39,93.62,93.94,92.75,93.35,92.70,93.46,93.69,93.69,93.68,93.60,93.68,93.66,93.78,93.90,93.80,94.27,94.30,92.90,92.83,95.13,97.70,100.15,99.45,97.88,99.61,98.56,98.31,100.18,101.22,101.40,102.75,113.69,115.29,116.00,116.17,115.33,115.08,113.93,113.63,112.94,112.50,113.62,112.86,112.63,112.77,112.35,110.47,111.82,112.54,111.91,112.30,111.91,111.72,111.66,108.98,107.63,106.99,106.99,107.92,107.37,106.14,106.14,106.50,104.88,105.16,106.86,106.52
Producto,0.004297457,01181091,AZÚCAR,97.55,97.72,97.29,96.83,96.64,97.53,96.74,97.42,98.66,96.42,95.89,96.81,96.44,96.83,96.23,96.43,95.64,95.34,95.22,95.67,95.16,95.60,95.08,95.32,95.28,95.18,94.98,94.58,95.34,95.79,96.42,95.68,95.36,95.91,95.32,95.80,94.92,94.45,93.98,94.90,95.29,93.75,92.97,94.46,93.99,94.35,94.20,92.65,94.02,94.50,94.11,94.21,92.93,92.71,93.82,93.33,94.14,93.69,93.16,93.58,94.45,94.11,93.93,93.17,93.83,93.98,92.29,93.69,93.34,92.69,91.88,92.13,92.50,91.15,91.84,91.09,91.85,92.10,92.10,92.10,92.05,92.14,92.22,92.22,92.36,92.22,92.67,92.70,90.97,90.71,93.43,96.15,98.84,98.01,96.70,98.39,97.20,96.63,98.70,99.91,100.12,101.86,113.98,115.66,116.48,116.73,115.71,115.42,114.38,113.70,113.24,112.33,113.58,113.23,112.58,112.57,112.55,109.98,111.51,112.33,111.56,112.17,111.51,111.25,111.15,108.14,106.52,105.88,105.95,106.82,106.20,104.90,105.22,105.24,103.20,103.51,106.06,104.93
Producto,0.000333324,01181092,SUSTITUTO DEL AZÚCAR,99.93,100.50,100.55,100.63,100.07,100.22,100.22,100.07,100.19,99.06,99.78,100.28,100.28,100.23,100.17,100.28,100.31,100.52,100.52,100.35,99.94,98.57,98.96,99.17,97.61,99.05,98.99,99.02,101.26,102.28,103.90,103.38,104.69,104.69,104.69,104.64,104.69,104.30,104.41,104.46,104.80,104.78,105.36,104.37,104.52,103.51,104.20,103.68,104.28,103.18,103.19,102.30,103.37,103.32,103.33,103.42,103.24,103.21,102.44,103.80,103.77,102.63,102.56,103.81,103.71,105.64,105.41,104.94,104.77,104.52,104.48,104.56,104.56,104.56,104.51,104.56,105.35,105.35,105.34,105.32,105.04,105.04,104.29,105.25,105.25,105.49,105.99,106.03,107.09,108.46,107.69,109.16,109.75,110.04,106.52,108.59,108.58,110.71,111.10,110.87,110.80,109.35,111.54,112.57,112.51,112.09,112.53,112.55,110.68,113.06,110.72,113.82,113.88,110.12,113.00,114.25,110.87,114.06,114.06,114.07,114.44,113.24,114.79,115.20,115.43,115.16,115.78,115.15,114.61,115.97,115.94,115.30,112.88,115.74,117.27,117.32,112.73,118.24
Subclase,0.004259106,01182,"Chocolates, dulces de azúcar y helados",104.01,103.46,104.48,104.19,104.50,104.94,106.24,106.10,106.21,106.38,105.90,104.90,102.11,103.31,104.67,105.38,106.36,109.57,109.51,110.92,112.58,113.21,109.35,112.11,110.03,112.62,111.81,113.28,111.83,107.88,102.59,106.44,108.35,110.86,107.09,108.21,107.65,109.25,107.74,109.14,109.38,109.85,109.31,107.51,107.72,107.31,108.82,107.17,107.27,108.33,105.73,110.37,106.98,107.58,107.94,109.92,107.70,110.73,109.95,105.70,106.23,109.43,109.90,110.19,110.46,108.65,109.96,110.33,108.14,110.85,107.68,105.76,109.02,106.87,105.53,111.19,109.25,107.04,110.31,107.64,110.78,103.94,106.85,103.81,104.80,106.61,110.18,112.57,112.84,111.92,111.84,112.30,111.61,113.22,113.48,112.76,116.39,116.67,115.51,116.79,118.50,116.95,115.66,114.92,114.76,116.81,116.52,118.97,115.35,119.57,118.38,124.35,122.07,119.23,121.43,123.58,124.58,122.58,123.11,120.87,123.27,121.45,124.72,124.53,121.79,120.22,123.91,123.87,123.88,123.81,123.45,120.67,121.09,120.45,119.41,120.82,119.68,121.88
Producto,0.000477936,01182093,CARAMELOS,113.25,112.91,113.00,113.42,114.16,117.80,117.97,118.50,118.16,118.40,112.73,115.98,115.42,116.46,116.52,116.75,116.10,121.96,113.32,119.50,115.32,120.88,120.46,117.87,111.47,111.47,119.94,117.64,116.06,112.26,112.61,127.65,110.16,126.29,126.16,127.39,124.50,127.46,122.35,113.87,114.77,110.72,107.90,113.20,115.25,115.55,111.34,114.72,116.38,112.61,114.83,116.98,114.47,116.29,116.29,117.59,117.04,118.79,115.49,115.70,120.88,124.83,120.33,120.53,124.36,124.40,124.44,124.72,123.13,122.38,119.75,117.37,122.94,120.67,119.46,122.80,122.80,123.22,123.44,123.57,123.89,123.37,119.68,116.73,116.83,124.60,127.95,124.82,128.32,130.72,128.98,132.79,132.95,128.25,120.99,124.22,135.14,135.86,137.95,138.13,138.19,129.05,129.47,129.09,129.10,128.35,128.65,128.87,129.13,128.85,130.18,130.37,133.27,133.28,125.77,126.51,126.42,125.87,126.82,126.74,126.60,126.55,125.97,133.41,133.51,129.47,133.41,126.83,125.19,134.50,129.22,133.50,132.67,130.93,127.21,128.42,128.59,136.53
Producto,0.000942338,01182094,CHOCOLATES,103.08,101.12,105.34,105.67,105.00,105.09,105.67,105.67,105.58,105.66,105.74,105.74,97.80,100.26,106.46,108.84,112.30,115.71,116.78,115.61,117.44,117.04,116.71,116.71,118.27,116.93,118.35,118.46,112.60,111.25,111.12,110.71,110.78,109.49,110.61,110.50,105.17,106.30,103.04,108.57,109.59,111.12,111.58,110.78,111.64,111.23,110.51,111.32,111.09,106.71,111.58,111.03,104.92,111.45,109.19,111.18,111.32,111.30,111.58,111.66,110.83,109.77,110.64,110.70,110.72,110.95,108.44,111.38,111.34,110.97,108.57,111.92,112.02,105.30,112.02,112.02,112.08,109.53,110.44,111.62,111.72,109.31,111.51,111.65,111.65,100.89,109.06,109.08,106.93,107.84,108.35,106.29,109.56,109.09,114.72,117.91,117.52,119.97,120.78,122.18,122.76,120.76,122.46,117.40,120.85,118.77,117.05,120.76,119.47,116.78,113.66,122.94,125.56,122.62,123.79,125.13,130.36,121.39,134.70,132.25,137.57,128.34,138.86,136.68,130.25,125.22,137.64,137.62,137.57,133.44,136.46,130.84,131.76,121.50,127.69,125.40,127.99,126.49
Producto,0.000770055,01182095,CHICLE,98.46,98.46,98.46,98.46,98.46,98.46,98.46,97.14,97.14,97.20,97.20,97.20,97.29,97.29,98.52,98.52,98.52,99.45,99.45,99.41,99.41,99.41,99.33,99.22,99.22,99.15,98.80,98.80,98.80,98.08,98.08,98.11,98.11,98.11,98.31,98.55,98.55,98.55,98.30,99.11,99.11,99.11,99.11,99.16,98.91,99.16,98.60,98.60,98.60,98.60,98.60,98.60,98.60,98.60,98.21,98.21,99.20,99.20,99.20,99.20,99.20,99.20,99.20,99.20,99.20,99.20,99.20,99.41,99.12,99.12,98.13,98.13,98.13,98.13,99.33,99.52,97.42,99.52,99.57,99.57,99.57,99.57,99.57,99.57,99.57,99.57,99.64,99.44,99.44,99.44,99.69,99.89,99.48,99.48,99.53,99.53,99.53,100.83,99.95,100.29,100.29,100.68,100.07,100.07,99.63,100.61,101.13,101.36,103.13,102.97,102.97,105.59,105.34,103.23,103.23,105.33,105.33,105.33,105.33,105.79,105.79,105.79,105.59,105.59,105.48,105.22,105.19,105.44,105.44,105.52,105.52,105.52,105.52,105.52,105.52,105.12,105.22,105.22
Producto,0.002068777,01182096,HELADOS,105.37,105.37,105.11,104.14,105.11,105.34,107.93,108.14,108.51,108.77,108.77,105.81,104.36,105.40,104.10,104.22,104.48,108.10,109.06,111.79,115.34,115.90,107.34,114.29,109.83,116.65,112.35,116.13,116.73,109.61,97.45,103.48,111.38,114.68,105.24,107.51,110.12,112.48,112.19,113.32,113.08,114.05,113.09,108.33,107.99,107.13,112.15,107.17,107.20,113.13,103.69,114.27,110.75,107.73,110.14,113.19,107.63,114.25,112.97,103.10,103.78,110.98,112.44,113.04,112.86,108.54,113.10,112.00,107.44,114.04,109.25,103.26,109.55,109.22,101.67,113.91,110.41,105.81,112.70,105.82,112.91,98.76,104.86,98.37,100.63,109.86,112.30,118.52,119.77,116.58,116.33,117.79,114.34,119.30,117.87,113.60,119.95,118.32,115.15,117.02,120.59,119.92,116.12,117.63,115.32,121.01,121.10,124.30,115.85,127.34,126.28,132.97,125.67,121.93,127.81,130.78,129.86,130.92,123.72,119.87,122.15,123.65,124.91,124.30,122.00,122.44,122.49,123.61,124.00,124.45,122.85,119.04,119.61,124.83,119.37,123.98,119.67,124.02
Clase,0.00425815,0119,Productos alimenticios n.e.p. (ND),101.38,99.21,99.38,98.96,100.03,100.05,99.94,100.54,103.50,102.32,101.04,101.36,102.32,104.68,102.85,101.54,102.04,103.55,105.60,105.69,107.05,104.88,102.27,103.69,106.18,105.45,105.84,106.49,107.55,108.49,106.61,104.72,104.43,104.21,104.21,103.69,105.76,105.88,104.86,104.75,101.80,104.16,103.26,103.63,103.67,103.28,103.79,107.29,104.45,103.78,103.57,100.91,101.58,102.85,103.12,102.23,103.14,104.11,102.30,105.00,107.28,103.32,104.69,107.02,106.24,107.92,106.26,105.99,103.00,103.47,104.84,104.69,104.35,103.53,104.11,104.47,99.27,100.98,104.57,104.87,104.53,104.32,102.87,104.78,108.35,105.44,104.14,106.26,107.88,108.69,110.78,111.57,111.70,111.60,112.41,111.82,111.91,113.95,113.72,114.70,115.70,117.10,117.68,116.07,115.69,115.24,114.35,114.03,112.70,113.48,114.59,118.25,117.00,117.10,115.12,118.61,118.44,115.40,113.74,117.27,116.70,114.01,118.33,116.82,117.81,115.60,113.59,118.89,116.68,115.00,114.53,114.11,115.75,116.89,113.16,111.60,116.16,113.22
Subclase,0.001213178,01191,Condimentos naturales,109.96,100.81,100.17,98.82,102.56,98.87,99.04,96.20,105.21,99.73,94.16,94.22,97.76,102.03,99.24,91.04,94.00,93.07,100.55,99.01,103.08,98.11,97.82,99.07,104.46,101.32,99.16,103.71,107.58,116.05,107.92,101.26,99.97,101.94,98.85,99.83,107.09,109.81,104.52,102.18,99.22,98.81,99.70,99.30,101.12,100.99,103.15,116.37,107.71,102.91,108.50,103.51,101.14,102.29,101.60,99.52,101.18,102.60,96.77,107.93,114.01,108.05,105.13,111.40,107.47,111.82,106.26,105.62,98.84,100.71,102.41,101.61,100.64,96.84,100.50,103.43,91.54,97.00,103.61,102.42,97.63,99.27,94.82,95.65,112.34,102.90,97.52,102.45,106.52,107.98,113.72,112.34,110.45,108.72,107.27,104.04,104.38,109.29,107.07,114.33,116.31,115.45,118.11,110.33,108.68,107.50,107.98,102.79,99.85,105.67,109.61,111.24,108.68,105.36,102.87,106.52,105.65,101.79,102.14,101.69,103.11,100.20,112.65,109.09,114.36,110.63,109.84,108.54,102.40,101.95,97.28,96.85,99.87,109.68,104.42,104.09,106.00,102.90
Producto,0.000331647,01191097,SAL,98.00,100.06,97.75,99.11,99.52,101.99,101.11,100.31,99.94,101.89,102.10,102.20,101.94,102.93,103.46,103.61,105.21,105.88,107.10,107.06,106.91,105.80,106.21,102.92,104.48,108.83,109.28,109.26,107.59,108.34,109.93,109.85,109.91,109.85,109.70,106.75,110.08,110.68,110.70,110.08,110.08,109.22,108.60,108.38,109.90,110.23,107.89,109.03,108.50,109.08,110.95,111.60,110.84,110.62,110.21,108.67,109.78,111.46,110.99,111.27,110.72,114.27,115.31,115.79,117.13,116.27,116.58,116.83,115.58,118.32,118.07,119.16,118.54,118.91,118.99,117.15,117.00,114.89,118.86,118.02,117.67,115.42,115.43,116.73,118.52,119.41,115.24,116.59,115.66,114.41,117.20,116.90,118.63,117.12,117.49,117.17,118.40,117.41,115.24,113.35,122.17,120.51,117.91,119.38,122.36,119.85,115.01,118.95,116.46,120.53,120.81,122.69,120.40,116.57,120.57,117.49,122.31,118.94,120.95,119.36,124.44,121.96,122.54,121.73,119.63,120.04,120.44,118.05,115.70,116.13,111.61,110.05,116.72,121.10,117.96,122.48,124.37,122.39
Producto,0.000881531,01191098,CULANTRO,114.58,101.10,101.10,98.71,103.73,97.66,98.24,94.61,107.26,98.89,91.08,91.13,96.15,101.68,97.61,86.18,89.67,88.12,98.01,95.91,101.59,95.13,94.57,97.58,104.45,98.42,95.26,101.57,107.57,119.04,107.14,97.94,96.13,98.89,94.66,97.15,105.93,109.48,102.13,99.12,95.02,94.79,96.27,95.78,97.72,97.42,101.32,119.21,107.41,100.52,107.56,100.38,97.40,99.07,98.28,95.98,97.86,99.17,91.28,106.65,115.28,105.65,101.19,109.70,103.73,110.10,102.27,101.28,92.37,93.91,96.35,94.83,93.72,88.30,93.36,98.13,81.70,90.08,97.72,96.39,89.88,93.03,86.85,87.50,109.95,96.52,90.67,96.99,102.98,105.49,112.38,110.58,107.29,105.47,103.32,98.97,98.97,106.15,103.90,114.70,114.05,113.49,118.19,106.84,103.40,102.72,105.27,96.55,93.43,99.93,105.28,106.82,104.15,101.03,96.03,102.28,99.21,95.16,94.87,94.87,94.87,91.79,108.83,104.20,112.32,107.00,105.75,104.86,97.26,96.47,91.75,91.75,93.36,105.27,99.18,96.98,98.90,95.37
Subclase,0.001554416,01192,Condimentos y aderezos procesados,96.86,96.66,97.15,96.82,97.12,99.29,101.11,102.91,104.82,105.48,105.90,105.30,101.78,105.02,105.47,106.74,105.61,108.65,109.02,108.63,108.20,107.30,100.29,104.84,108.16,108.90,108.76,109.61,109.79,108.56,108.64,108.40,108.51,106.32,107.27,108.59,107.00,104.98,105.50,109.75,106.51,109.27,105.76,106.46,104.68,106.57,106.65,107.07,105.04,103.53,103.49,101.68,103.59,103.68,104.27,104.30,105.44,105.97,104.75,103.79,105.54,106.13,106.25,105.85,105.81,106.34,105.94,106.33,106.64,106.70,107.50,107.44,107.16,106.94,106.64,105.80,106.00,104.81,105.80,105.41,106.69,106.59,106.72,107.70,107.66,108.74,109.09,109.34,109.36,111.31,112.11,112.76,112.99,113.96,116.14,115.46,115.16,117.28,117.22,114.20,114.79,117.25,117.06,117.01,116.69,117.98,116.92,114.64,114.82,114.90,114.98,117.74,117.55,119.62,115.06,120.00,119.69,116.44,121.81,122.70,119.68,113.26,120.88,120.24,121.03,114.82,110.02,121.63,121.66,112.29,115.19,114.32,118.41,115.10,112.63,107.03,116.96,111.36
Producto,0.000246778,01192099,MAYONESA,97.14,94.60,97.23,97.24,95.32,97.05,99.41,101.23,102.98,102.33,102.91,102.69,101.30,100.04,99.58,100.11,100.02,101.29,101.34,101.17,101.15,101.04,101.04,101.04,101.04,101.04,102.91,103.10,103.07,103.78,103.40,103.40,103.40,99.31,101.34,102.49,100.39,94.08,92.61,98.43,96.93,96.66,92.29,97.01,97.01,97.01,97.08,96.69,97.07,96.89,96.89,96.59,96.83,96.65,97.25,97.63,97.55,97.67,97.62,97.56,97.56,97.56,97.43,96.33,96.36,96.36,96.02,96.72,97.05,96.29,97.71,96.98,96.70,95.34,94.90,93.06,93.09,91.28,95.18,93.35,96.00,94.80,95.41,97.58,97.45,97.99,95.78,93.96,91.61,96.37,97.73,95.83,96.91,107.85,108.41,106.19,102.27,106.79,108.59,107.64,102.98,112.11,106.33,102.48,102.69,108.57,104.14,106.30,108.77,101.55,106.50,101.28,99.72,108.43,100.28,110.96,108.42,106.12,115.26,113.65,106.39,99.41,110.72,114.29,114.61,98.88,98.75,117.11,114.34,96.32,103.07,100.09,107.04,99.20,98.32,97.73,107.48,100.35
Producto,0.000326666,01192100,SALSA DE TOMATE,93.89,94.26,93.69,94.02,95.02,102.24,101.80,102.74,101.37,101.95,102.02,99.96,95.19,100.65,101.40,101.82,101.62,103.92,103.49,101.80,100.81,101.70,101.78,102.15,101.62,101.93,101.39,101.23,101.63,100.68,100.82,100.19,100.37,100.82,99.68,101.20,100.22,100.00,100.18,100.97,101.03,100.92,101.03,100.32,100.49,100.40,99.66,100.44,100.41,100.18,100.36,100.35,99.14,103.72,104.09,103.53,104.26,104.81,102.27,102.14,105.00,104.98,104.78,104.45,104.26,104.26,103.94,103.94,104.04,103.79,104.69,104.73,104.70,103.24,102.17,105.32,102.10,101.45,98.92,99.45,104.23,103.62,102.54,104.60,104.51,107.95,108.09,107.10,108.25,106.68,107.40,108.10,112.67,114.22,115.72,108.74,111.81,115.55,118.93,112.30,112.29,119.55,114.02,112.68,112.23,116.55,117.95,108.36,107.59,106.38,108.56,111.00,116.13,116.89,106.86,115.48,111.99,105.60,127.06,116.79,110.22,101.10,115.00,118.52,121.29,107.28,101.20,129.03,126.94,103.96,105.59,110.26,119.37,108.35,108.92,100.24,121.30,103.56
Producto,0.000100739,01192101,MOSTAZA,104.52,104.52,104.52,104.52,105.55,105.55,108.51,110.81,112.02,112.02,112.28,109.17,108.61,107.45,108.67,109.23,109.23,111.15,111.78,111.99,111.59,112.04,112.19,112.19,99.33,113.85,110.16,112.07,111.92,109.94,109.99,109.99,109.93,109.98,109.91,109.98,109.98,109.98,109.98,111.57,103.59,111.71,111.64,111.09,113.80,113.25,113.25,114.38,114.45,112.07,112.55,112.18,112.64,114.42,114.55,114.55,114.53,115.58,115.58,115.66,115.56,115.56,115.58,115.58,115.65,115.65,115.40,116.91,116.88,117.54,117.59,117.40,121.81,120.25,115.58,114.83,112.48,112.72,115.12,113.45,112.74,115.99,114.54,115.32,113.73,115.58,115.78,115.01,113.07,111.67,112.83,112.20,116.12,118.17,123.23,119.31,123.39,128.67,128.29,131.67,128.79,134.36,130.16,134.21,133.55,136.53,130.86,131.82,132.66,133.98,132.22,137.57,133.84,133.05,120.32,130.40,133.79,133.71,134.88,136.18,128.61,121.54,132.83,130.16,128.83,125.25,130.30,133.20,132.50,119.51,124.77,123.30,123.82,131.26,127.07,115.14,129.63,127.65
Producto,0.000427693,01192102,ALIÑOS PREPARADOS,98.48,98.48,98.55,98.86,100.34,101.00,100.51,101.63,105.14,105.39,105.31,105.44,105.68,110.65,110.15,110.15,110.15,110.83,110.42,110.37,110.99,110.30,95.88,101.03,110.00,110.43,110.43,110.62,111.46,109.20,109.20,109.11,110.32,109.97,109.85,109.83,109.63,109.76,109.74,110.14,109.35,108.63,108.54,108.53,106.02,108.31,108.04,108.02,108.31,108.07,108.30,107.74,108.30,108.40,108.40,108.26,108.36,108.20,106.12,106.12,107.56,107.50,107.41,107.59,107.55,108.57,108.62,108.45,108.45,108.78,108.83,108.82,108.79,108.92,109.43,109.43,109.31,109.31,109.31,109.70,109.17,109.20,109.70,109.62,110.24,110.24,110.18,110.06,110.06,110.18,109.70,109.74,110.28,103.92,107.22,107.50,107.58,106.62,107.60,104.91,104.88,104.01,107.22,110.13,112.58,113.00,113.24,112.88,113.51,113.24,113.20,113.04,115.91,116.88,116.09,116.98,116.43,116.87,116.87,116.53,116.71,117.25,117.42,117.42,115.15,115.15,113.96,114.53,111.95,113.80,113.91,114.97,115.40,115.01,115.01,112.29,107.15,107.41
Producto,0.00045254,01192103,CONDIMENTOS PROCESADOS,95.93,97.09,97.18,95.06,95.16,95.44,101.55,104.93,108.03,110.61,111.87,111.70,102.07,105.99,108.08,112.56,107.99,116.53,118.87,118.94,117.30,113.52,101.82,114.41,119.79,119.69,118.48,121.52,120.88,119.05,119.62,119.31,118.06,112.51,115.90,119.12,115.38,112.61,116.06,127.37,117.20,128.85,117.94,117.32,112.28,117.63,118.90,120.23,110.85,105.44,104.77,98.07,106.33,102.31,103.93,104.36,108.54,110.21,110.00,106.05,109.13,111.72,112.67,112.05,112.06,113.02,111.89,112.84,113.79,114.44,115.67,116.09,114.46,116.21,116.45,111.82,116.13,113.27,115.78,115.12,114.60,115.25,115.84,116.09,115.60,116.29,119.73,123.69,125.23,130.64,132.58,136.53,131.04,131.41,133.83,139.59,138.33,140.17,134.00,130.84,138.22,133.87,140.02,140.20,136.02,131.16,130.09,127.35,125.60,133.82,127.96,141.67,134.60,133.65,133.92,134.51,138.84,132.32,127.16,141.98,142.77,130.58,137.98,129.22,132.87,134.18,119.95,126.19,134.15,131.43,135.06,128.78,130.92,133.26,123.70,113.67,132.12,130.84
Subclase,0.001490556,01193,Preparados alimenticios,99.66,100.18,100.61,100.66,100.74,101.35,99.59,101.34,101.45,101.47,101.48,102.65,105.49,106.03,103.02,103.90,104.15,105.99,106.03,107.47,108.56,107.12,106.47,105.60,105.72,105.32,107.64,105.79,105.83,103.89,104.28,104.00,103.99,103.97,105.10,102.27,104.01,104.19,104.57,102.48,99.76,103.49,103.50,104.09,104.44,102.15,102.00,101.98,102.03,104.49,100.65,98.76,100.30,102.56,103.16,102.30,102.57,103.61,103.75,104.15,104.55,98.32,103.22,105.28,105.82,106.77,106.51,105.95,102.74,102.66,104.29,104.44,104.45,104.96,104.36,104.08,98.80,100.45,104.21,105.93,107.04,105.63,104.79,108.06,106.47,104.47,104.36,106.19,107.57,107.12,108.00,110.20,111.46,111.53,112.65,113.73,113.96,114.23,115.07,115.32,116.03,117.99,117.89,118.81,119.15,117.82,116.23,120.32,118.82,117.09,117.29,122.87,121.58,122.24,122.54,124.83,125.18,122.80,114.58,122.52,122.62,122.90,119.79,118.86,117.44,119.18,118.57,123.04,121.48,124.91,124.41,124.33,123.29,122.61,118.82,119.61,121.67,120.85
Producto,0.000445471,01193104,GELATINA EN POLVO,99.08,101.02,101.78,101.78,101.93,102.02,101.71,101.56,101.79,101.79,101.93,102.79,103.80,103.89,104.45,104.28,104.48,106.82,106.72,111.11,110.29,110.67,109.18,107.41,108.80,108.12,110.06,109.90,110.39,108.26,109.17,109.42,108.53,108.54,109.38,105.09,109.03,109.03,109.52,108.84,109.98,109.20,110.57,111.43,110.78,111.55,110.75,105.72,109.80,112.11,105.27,106.86,111.33,112.10,112.52,106.85,107.17,108.23,108.65,110.10,110.82,111.12,108.30,111.88,113.97,116.67,116.75,117.14,114.59,114.92,110.07,109.41,111.82,113.92,111.11,110.39,112.48,108.85,110.66,116.67,118.87,116.79,120.03,119.10,115.32,115.75,117.27,120.82,117.99,114.77,114.31,119.18,118.25,120.68,121.65,122.43,121.87,121.21,123.69,123.81,123.54,127.39,126.18,128.20,128.42,124.18,126.60,130.05,125.22,121.73,123.11,131.99,124.80,127.28,129.72,131.94,132.90,132.99,133.50,133.32,135.03,125.92,124.89,127.99,125.51,131.61,128.67,131.18,128.92,131.97,130.78,131.62,125.16,131.75,124.68,123.56,125.75,124.40
Producto,7.86191E-05,01193105,ALIMENTOS PREPARADOS PARA BEBÉ,119.42,119.67,119.99,120.10,120.44,139.14,138.97,137.63,138.94,139.54,139.86,138.90,134.61,138.22,138.83,138.83,138.83,140.49,141.74,141.41,141.41,141.16,141.28,141.41,141.47,134.91,141.43,141.51,141.41,138.47,120.69,115.01,114.74,114.74,114.74,114.74,111.03,113.64,113.81,112.96,111.67,111.67,111.67,111.41,107.78,108.10,110.31,107.23,107.90,109.93,111.78,104.68,111.44,109.82,109.30,110.88,111.20,111.19,111.55,109.88,109.76,107.82,111.13,111.13,109.50,109.28,111.25,109.27,105.25,102.28,105.78,110.13,104.73,111.66,104.44,111.57,110.12,108.47,110.24,108.47,102.95,110.61,110.96,109.66,105.06,105.59,110.89,105.92,105.36,103.79,107.37,106.83,104.24,105.47,107.83,106.79,107.79,111.42,110.23,108.03,98.44,103.89,103.74,105.05,103.96,106.67,103.78,100.21,100.48,102.64,103.43,108.84,102.47,100.93,97.80,105.75,107.05,103.02,100.57,102.56,104.37,104.95,101.79,104.24,102.82,103.30,103.58,105.41,101.74,102.98,104.37,105.99,103.72,103.21,103.31,100.76,104.47,104.77
Producto,0.000966466,01193106,SNACKS,98.99,98.84,99.11,99.19,99.22,99.22,96.68,99.49,99.49,99.49,99.42,100.85,104.90,105.50,100.61,102.05,102.32,103.93,103.98,104.10,106.15,103.79,103.50,103.02,102.52,102.56,104.85,102.10,101.93,100.15,101.15,100.88,101.31,101.27,102.59,100.32,101.27,101.42,101.76,98.94,94.29,100.36,99.72,100.22,101.24,97.37,97.41,99.94,98.02,100.58,97.90,94.60,94.48,97.64,98.38,99.70,99.95,101.03,101.03,101.03,101.29,91.73,100.41,101.84,101.74,101.91,101.38,100.44,96.94,96.81,101.45,101.79,100.90,100.35,101.13,100.70,91.70,96.04,100.84,100.66,101.58,100.05,97.19,102.70,102.30,99.01,97.87,99.20,102.69,103.61,105.01,106.06,108.56,107.44,108.57,109.89,110.47,111.01,111.18,111.60,113.27,114.16,114.60,114.97,115.44,115.32,111.87,116.63,116.63,115.56,115.16,119.17,120.96,120.85,120.29,122.34,122.35,118.88,106.20,118.30,117.55,122.32,118.22,115.18,114.28,113.99,114.45,119.98,118.86,122.58,122.32,121.73,123.34,119.16,116.76,118.62,120.55,119.92
Grupo,0.024968117,012,Bebidas no alcohólicas,103.52,104.12,103.64,104.67,105.77,106.36,106.62,107.07,105.94,107.08,107.84,108.87,109.04,109.39,109.59,108.74,112.78,118.03,118.75,118.76,118.45,119.37,117.08,118.76,118.36,118.87,119.29,118.35,114.76,110.74,111.08,111.26,111.81,111.69,116.71,119.30,119.94,119.74,119.77,120.27,120.05,120.00,119.77,119.17,119.50,119.31,118.91,118.91,119.53,119.89,119.41,119.36,119.31,119.38,119.71,119.73,119.37,119.34,119.01,118.43,119.11,119.06,118.39,118.86,118.57,118.63,118.41,116.87,116.67,116.30,115.46,114.85,115.70,115.68,115.41,115.63,115.54,114.98,116.25,117.63,118.09,117.53,119.25,119.68,120.25,119.97,121.32,120.30,120.61,120.87,120.37,121.24,121.51,123.16,123.37,123.20,122.98,122.45,123.25,122.25,123.82,124.38,125.83,125.47,126.07,123.71,124.88,126.06,124.39,124.29,124.23,129.05,128.98,129.24,128.89,129.60,130.96,129.73,129.96,128.87,130.61,130.54,131.53,132.36,133.19,135.12,134.25,133.67,133.01,131.82,130.85,129.82,133.15,131.59,131.69,132.83,131.92,131.04
Clase,0.002292017,0121,"Café, té y cacao (ND)",94.63,95.28,95.55,96.15,95.31,96.18,97.95,101.06,101.81,101.02,100.40,99.98,99.75,100.85,102.08,102.58,102.96,103.93,104.12,103.93,103.89,103.71,101.08,99.00,100.40,102.74,104.90,103.82,104.25,103.95,104.01,103.27,103.20,101.35,101.85,102.36,101.80,101.68,101.29,104.02,103.81,103.63,103.27,102.80,102.53,102.11,98.27,98.94,98.55,100.32,101.80,102.41,99.88,102.12,101.16,101.45,101.87,102.31,101.86,101.88,101.60,101.33,102.37,102.72,102.29,102.35,102.06,100.86,100.27,100.45,98.25,98.68,99.03,98.95,98.97,98.14,98.34,98.31,99.21,100.76,98.67,99.60,98.42,99.76,100.77,102.49,103.22,104.88,104.67,104.64,105.72,107.16,108.25,111.33,111.41,111.84,113.06,111.84,111.60,110.32,111.22,109.59,111.84,111.64,111.34,109.67,112.80,110.65,112.74,112.70,110.13,113.63,109.64,113.32,110.23,115.29,113.38,112.39,115.28,109.90,112.70,118.80,118.84,123.42,125.90,130.78,127.58,128.04,128.78,131.71,134.61,128.44,133.11,134.67,135.71,131.90,134.95,134.41
Subclase,0.002292017,01211,"Café, té y cacao",94.63,95.28,95.55,96.15,95.31,96.18,97.95,101.06,101.81,101.02,100.40,99.98,99.75,100.85,102.08,102.58,102.96,103.93,104.12,103.93,103.89,103.71,101.08,99.00,100.40,102.74,104.90,103.82,104.25,103.95,104.01,103.27,103.20,101.35,101.85,102.36,101.80,101.68,101.29,104.02,103.81,103.63,103.27,102.80,102.53,102.11,98.27,98.94,98.55,100.32,101.80,102.41,99.88,102.12,101.16,101.45,101.87,102.31,101.86,101.88,101.60,101.33,102.37,102.72,102.29,102.35,102.06,100.86,100.27,100.45,98.25,98.68,99.03,98.95,98.97,98.14,98.34,98.31,99.21,100.76,98.67,99.60,98.42,99.76,100.77,102.49,103.22,104.88,104.67,104.64,105.72,107.16,108.25,111.33,111.41,111.84,113.06,111.84,111.60,110.32,111.22,109.59,111.84,111.64,111.34,109.67,112.80,110.65,112.74,112.70,110.13,113.63,109.64,113.32,110.23,115.29,113.38,112.39,115.28,109.90,112.70,118.80,118.84,123.42,125.90,130.78,127.58,128.04,128.78,131.71,134.61,128.44,133.11,134.67,135.71,131.90,134.95,134.41
Producto,0.001295452,01211107,CAFÉ SOLUBLE,82.68,82.91,85.34,83.42,82.72,81.23,84.76,92.80,94.04,92.44,88.39,88.68,93.07,93.21,94.49,95.36,95.54,97.24,98.15,98.10,98.00,98.80,95.53,93.03,91.93,97.90,101.15,97.68,99.44,99.49,98.97,96.82,97.97,96.53,97.29,95.56,94.06,94.15,92.68,99.21,99.61,98.44,98.54,97.02,97.81,97.58,87.33,89.18,86.24,91.73,95.11,97.83,97.46,98.56,95.16,98.29,98.02,99.51,96.54,96.41,95.82,97.53,99.09,100.08,99.18,97.60,100.13,100.06,100.29,95.09,92.65,93.14,90.61,91.07,92.41,90.76,89.90,91.29,90.94,92.31,91.81,91.63,87.76,90.97,91.20,91.68,92.29,91.93,92.02,92.97,98.48,100.95,102.49,107.20,106.07,107.52,110.87,110.51,112.30,111.75,114.50,114.47,111.84,112.27,110.16,108.07,112.36,113.32,110.75,109.92,109.33,112.85,109.50,115.25,110.22,115.35,114.80,110.54,113.93,103.91,106.97,110.67,110.72,111.04,116.25,119.18,119.80,120.87,120.73,127.04,127.45,121.05,128.86,126.65,127.83,127.62,127.55,126.90
Producto,0.000278109,01211108,CAFÉ MOLIDO,102.81,102.81,102.81,102.81,102.81,102.81,102.81,102.81,102.81,102.76,103.03,103.24,103.24,103.20,103.20,103.83,103.96,104.97,105.14,105.28,105.36,101.74,95.81,96.71,102.22,100.05,102.37,102.52,102.41,101.10,101.84,101.22,101.06,101.02,101.01,100.96,100.96,101.23,101.29,100.99,101.28,101.28,100.97,100.73,100.99,101.00,100.03,100.70,100.73,100.68,101.15,101.55,101.76,101.96,101.85,101.80,101.58,101.24,101.45,101.45,101.24,101.41,101.31,101.41,100.07,102.18,99.17,99.28,98.30,100.81,96.49,98.67,99.00,100.67,101.62,100.71,99.30,97.65,102.92,105.14,101.33,104.25,104.42,102.50,105.69,112.15,112.57,119.06,118.52,117.99,115.46,118.82,122.09,121.97,123.43,122.77,122.18,121.18,121.84,120.21,120.02,119.90,121.61,120.85,121.34,123.96,124.47,121.62,127.60,127.97,124.27,130.69,128.53,128.23,123.59,129.02,127.29,129.63,132.36,133.08,136.66,138.97,140.40,154.66,157.88,157.21,155.30,156.81,156.35,158.61,158.80,156.28,163.55,167.14,171.69,163.13,173.73,173.03
Producto,0.000539868,01211109,COCOA,100.57,101.92,99.95,104.49,102.41,107.02,108.88,109.01,110.21,109.86,112.40,110.17,103.85,107.53,110.19,110.20,110.97,111.52,111.01,110.42,110.15,110.63,111.82,107.18,109.14,111.43,112.92,113.77,113.25,113.17,113.39,114.05,112.37,107.99,109.01,112.82,112.78,112.02,112.44,113.87,112.70,113.52,112.58,113.06,110.92,109.74,110.09,109.75,111.77,111.07,111.54,109.94,101.51,107.73,108.31,106.27,108.25,108.24,110.18,110.41,110.08,106.73,108.50,108.39,109.07,109.48,107.64,103.49,101.99,106.96,106.08,104.83,108.73,107.13,104.88,104.81,107.79,107.35,106.17,108.29,104.74,105.73,105.95,107.47,107.53,107.43,108.70,108.76,108.20,108.05,107.41,105.49,104.48,109.01,109.59,109.63,110.16,107.51,103.98,101.88,102.04,96.47,106.10,105.50,106.34,100.89,106.07,99.97,105.36,104.91,100.79,103.19,95.93,100.96,100.21,106.52,102.33,101.86,105.50,98.63,101.68,116.57,114.95,118.56,118.23,132.31,122.10,120.84,123.68,124.14,134.09,122.22,122.70,127.91,126.44,120.32,122.42,122.21
Producto,0.000178588,01211110,HIERBA AROMÁTICA,100.36,102.12,101.70,101.49,101.65,102.44,102.03,103.55,103.17,102.20,102.62,103.29,103.35,103.35,103.35,103.57,104.12,103.69,103.43,103.06,103.48,106.19,102.92,102.36,101.33,101.81,101.66,100.71,100.40,100.66,100.69,100.66,101.04,100.49,99.81,100.31,100.26,100.26,100.26,100.62,99.74,99.83,99.34,99.39,99.38,99.38,99.38,98.78,99.54,99.54,99.54,99.54,99.37,99.37,100.56,98.26,98.31,98.19,98.31,98.31,99.02,99.46,99.37,99.34,99.52,99.53,100.11,100.03,100.11,100.16,100.11,100.90,101.45,99.58,99.19,99.29,99.22,99.18,99.91,99.02,99.44,99.44,100.42,102.48,103.68,103.68,104.09,105.82,106.31,104.41,103.37,106.02,106.33,107.17,106.91,107.42,107.41,106.66,106.37,105.62,104.75,104.93,104.93,104.99,105.90,106.10,105.77,105.33,105.33,108.21,105.73,105.44,103.91,106.08,106.75,107.26,106.59,107.69,107.14,107.62,106.99,106.12,107.43,106.86,106.05,105.24,105.19,105.83,106.60,106.32,104.76,106.46,105.79,105.64,104.95,105.98,104.91,104.22
Clase,0.0226761,0122,"Aguas minerales, refrescos, jugos de frutas y de legumbres (ND)",104.45,105.04,104.49,105.56,106.86,107.43,107.53,107.69,106.37,107.72,108.62,109.80,110.01,110.28,110.37,109.38,113.80,119.50,120.28,120.31,119.97,121.00,118.75,120.83,120.23,120.56,120.79,119.87,115.86,111.45,111.82,112.09,112.71,112.77,118.26,121.07,121.83,121.62,121.70,121.96,121.74,121.70,121.49,120.88,121.27,121.10,121.07,120.99,121.73,121.93,121.25,121.13,121.34,121.18,121.65,121.64,121.20,121.11,120.80,120.16,120.94,120.91,120.06,120.54,120.27,120.33,120.12,118.54,118.38,117.96,117.26,116.54,117.44,117.43,117.13,117.45,117.33,116.72,118.03,119.39,120.12,119.40,121.43,121.76,122.29,121.80,123.21,121.91,122.28,122.57,121.90,122.71,122.89,124.40,124.61,124.38,124.02,123.56,124.47,123.49,125.14,125.92,127.29,126.91,127.61,125.18,126.14,127.66,125.60,125.50,125.71,130.66,131.00,130.90,130.83,131.10,132.80,131.54,131.49,130.85,132.47,131.77,132.85,133.29,133.96,135.57,134.94,134.26,133.46,131.83,130.45,129.97,133.15,131.27,131.28,132.93,131.61,130.68
Subclase,0.0226761,01221,"Aguas minerales, gaseosas, jugos de frutas ",104.45,105.04,104.49,105.56,106.86,107.43,107.53,107.69,106.37,107.72,108.62,109.80,110.01,110.28,110.37,109.38,113.80,119.50,120.28,120.31,119.97,121.00,118.75,120.83,120.23,120.56,120.79,119.87,115.86,111.45,111.82,112.09,112.71,112.77,118.26,121.07,121.83,121.62,121.70,121.96,121.74,121.70,121.49,120.88,121.27,121.10,121.07,120.99,121.73,121.93,121.25,121.13,121.34,121.18,121.65,121.64,121.20,121.11,120.80,120.16,120.94,120.91,120.06,120.54,120.27,120.33,120.12,118.54,118.38,117.96,117.26,116.54,117.44,117.43,117.13,117.45,117.33,116.72,118.03,119.39,120.12,119.40,121.43,121.76,122.29,121.80,123.21,121.91,122.28,122.57,121.90,122.71,122.89,124.40,124.61,124.38,124.02,123.56,124.47,123.49,125.14,125.92,127.29,126.91,127.61,125.18,126.14,127.66,125.60,125.50,125.71,130.66,131.00,130.90,130.83,131.10,132.80,131.54,131.49,130.85,132.47,131.77,132.85,133.29,133.96,135.57,134.94,134.26,133.46,131.83,130.45,129.97,133.15,131.27,131.28,132.93,131.61,130.68
Producto,0.008506284,01221111,AGUA EMBOTELLADA PURIFICADA,103.38,104.84,104.15,105.27,106.36,106.81,107.15,107.20,104.56,106.93,108.50,108.63,108.27,108.93,108.98,108.78,109.52,110.74,112.02,113.01,112.68,113.33,113.69,113.13,112.57,112.89,112.96,110.72,111.61,110.37,110.85,111.64,113.19,112.91,112.83,113.53,112.62,112.84,112.93,112.74,112.77,112.62,112.40,112.22,112.38,111.99,112.09,111.82,112.76,113.03,111.19,111.51,112.76,112.45,112.40,112.26,111.52,111.71,110.42,110.44,111.91,111.94,110.22,111.00,110.56,110.45,111.11,110.10,108.58,108.75,106.48,103.61,104.47,105.92,106.11,106.06,104.50,103.34,107.05,110.13,112.31,113.57,113.68,114.64,118.88,118.85,119.56,119.73,120.14,119.82,120.29,121.37,121.88,122.09,122.75,121.89,124.24,126.12,126.84,125.30,125.39,127.38,128.90,128.91,129.45,128.39,129.45,130.25,130.17,129.49,129.27,133.92,137.09,135.44,136.33,137.09,137.53,137.63,136.58,134.14,137.19,136.72,139.76,141.10,141.98,143.26,143.14,142.62,142.18,139.94,139.49,138.14,138.78,138.44,139.32,139.21,137.13,135.68
Producto,0.008539279,01221112,GASEOSA,108.67,108.73,108.04,109.73,111.96,112.95,112.95,113.49,113.42,113.41,114.22,117.16,117.94,117.90,118.10,116.03,126.33,135.38,135.74,135.00,135.24,135.93,134.36,134.44,135.86,135.67,136.48,135.85,124.78,116.18,116.39,116.31,116.31,116.25,130.47,136.85,139.49,139.44,139.44,139.55,139.89,139.89,139.36,138.96,139.71,139.66,138.90,139.12,139.74,140.18,140.18,140.18,138.59,140.31,140.04,140.19,139.64,139.44,140.01,138.09,138.05,138.16,137.77,138.49,138.52,138.59,138.98,138.13,138.43,138.30,138.34,138.88,140.07,138.45,137.65,138.76,139.68,139.18,139.05,139.60,139.60,136.66,141.49,141.27,138.50,137.09,140.13,136.59,137.01,138.21,136.09,137.13,137.37,140.65,140.56,140.78,137.67,134.52,135.93,135.42,139.39,139.45,140.83,139.59,140.52,135.17,136.74,139.66,134.38,135.16,135.60,141.93,137.99,139.39,137.96,137.71,141.11,138.31,139.81,140.90,142.11,140.68,140.40,139.58,141.01,143.58,142.69,142.78,140.81,138.92,136.40,135.49,142.70,138.04,137.17,142.30,142.01,140.38
Producto,0.001842295,01221113,BEBIDAS ENERGIZANTES E HIDRATANTES,98.51,98.41,98.10,98.98,99.30,99.36,99.14,98.99,93.81,98.65,98.62,98.57,98.69,98.67,98.67,97.47,98.67,101.04,100.73,99.87,96.52,97.60,97.92,95.82,96.49,96.87,96.29,98.12,98.28,95.62,96.80,97.26,97.24,97.68,97.84,97.88,98.26,97.68,97.05,97.99,97.52,97.68,97.94,95.39,96.97,97.32,96.73,96.68,96.14,94.09,95.30,94.38,97.00,96.91,95.98,94.75,96.27,96.05,94.92,94.38,97.00,96.20,95.87,94.55,93.70,94.12,87.37,86.41,85.55,84.20,82.84,82.40,81.66,82.44,81.71,81.98,81.99,82.13,82.25,82.10,80.95,79.44,80.69,81.08,81.23,82.04,81.60,81.85,82.77,82.30,81.39,81.21,80.88,81.79,81.75,81.82,81.76,81.94,83.49,84.94,85.27,85.30,85.65,85.08,84.02,84.54,82.64,83.26,84.89,83.19,84.22,84.81,84.65,83.87,86.00,84.83,86.47,84.96,83.63,82.67,82.77,83.70,83.74,86.38,85.49,85.27,84.98,85.09,84.01,84.92,83.51,83.49,85.22,85.18,85.19,84.38,83.69,83.59
Producto,0.003437513,01221114,JUGO DE FRUTAS,99.91,100.05,100.05,99.21,99.21,99.21,99.16,98.13,99.09,99.23,99.08,99.08,99.37,99.51,99.37,99.37,99.61,111.07,112.32,112.66,112.56,115.66,101.63,120.62,112.91,114.78,114.39,114.39,114.00,111.49,111.49,111.49,111.46,112.39,112.25,112.70,113.02,111.97,112.31,114.13,111.49,111.49,111.90,110.80,109.95,109.68,111.78,111.36,113.07,113.89,113.83,112.30,112.81,107.33,112.57,113.48,112.65,112.24,112.60,113.79,113.79,113.74,113.75,113.75,113.40,113.70,113.78,107.98,110.96,108.59,110.47,111.78,113.06,113.06,113.06,113.06,113.06,113.06,112.67,112.67,112.67,113.27,113.27,113.39,113.27,113.27,113.27,113.27,113.27,113.22,113.41,113.41,112.83,113.41,113.41,113.41,113.41,113.41,113.06,110.62,110.79,110.26,112.32,112.92,114.32,114.32,115.27,115.40,115.07,114.58,114.58,119.51,124.81,125.26,124.94,126.35,126.81,126.20,125.30,124.86,124.86,124.45,124.82,124.84,123.71,124.91,123.28,119.19,120.87,120.04,119.53,122.06,121.92,122.42,122.42,120.65,117.88,119.97
Producto,0.000350728,01221115,REFRESCOS,96.31,96.78,96.96,97.99,97.99,97.99,98.17,103.91,107.08,107.04,108.13,107.75,107.66,108.57,109.47,109.47,109.47,111.53,112.87,111.19,111.59,113.03,113.03,112.98,112.98,112.98,113.09,113.10,113.12,110.07,110.16,107.76,110.19,112.34,112.34,112.29,112.44,106.47,110.46,108.92,110.15,110.46,110.46,109.13,109.84,109.88,110.14,110.09,107.51,108.23,101.88,104.62,109.16,109.22,109.22,107.51,108.90,108.70,108.95,108.92,109.11,108.70,107.67,109.08,109.18,109.23,107.81,106.01,105.55,104.49,106.40,108.20,109.13,108.97,109.27,101.55,109.71,109.88,109.88,109.49,109.40,109.87,109.87,109.87,109.92,109.92,109.87,109.58,106.65,106.72,109.27,109.89,109.94,109.74,109.94,110.24,107.28,109.37,109.37,108.67,109.94,115.27,111.78,117.52,120.46,120.98,121.00,121.56,116.04,120.33,122.46,125.24,125.60,125.40,125.40,125.50,125.44,126.20,126.32,126.32,125.67,125.68,124.68,125.45,125.45,125.38,125.02,125.31,125.76,124.69,121.82,125.76,125.76,125.76,126.47,126.65,126.65,126.65
División,0.006556866,02,"Bebidas alcohólicas, tabaco y estupefacientes",101.26,105.38,107.63,108.09,108.91,112.09,112.62,113.01,112.82,112.94,112.89,113.99,115.70,117.95,118.00,118.11,127.65,131.85,131.51,131.50,131.59,131.06,129.83,129.82,131.71,130.32,127.19,126.95,126.66,126.21,126.34,126.48,126.63,126.65,126.69,126.64,126.63,126.57,126.28,126.00,125.73,125.68,125.93,125.80,127.63,128.21,128.16,128.03,128.19,128.08,128.51,128.55,127.89,127.97,128.16,128.07,128.15,128.19,128.06,127.94,128.00,128.10,128.24,128.58,128.50,128.48,128.50,128.50,128.74,130.82,130.68,131.78,131.93,132.31,132.09,130.83,130.90,131.12,131.55,130.69,131.01,131.73,131.97,131.97,135.16,136.29,136.01,136.07,135.77,138.10,138.41,138.81,138.76,138.95,139.01,138.74,142.20,142.64,142.94,143.28,142.60,142.50,142.91,143.08,143.15,142.81,142.81,142.79,143.84,145.05,145.62,148.93,149.76,144.72,149.87,151.29,150.46,150.58,150.19,150.06,150.42,150.17,150.99,153.22,153.81,154.83,154.85,154.33,154.08,154.12,154.34,154.08,154.82,155.08,155.12,155.33,155.26,154.99
Grupo,0.004615301,021,Bebidas alcohólicas,98.28,98.34,98.77,99.53,100.43,101.73,102.05,102.34,102.37,102.56,102.48,104.20,106.18,106.38,106.46,106.62,119.13,120.07,120.77,120.85,120.73,119.85,117.86,117.84,117.26,114.87,109.71,109.23,108.65,107.96,108.17,108.22,108.21,108.27,108.12,108.19,108.27,108.17,107.69,107.24,106.80,106.71,107.05,107.11,109.78,109.80,109.78,109.58,109.83,109.59,110.30,110.37,109.96,110.08,110.40,110.25,110.38,110.38,110.17,110.04,110.16,110.22,110.49,110.57,110.56,110.50,110.53,110.49,110.84,114.25,114.02,115.80,116.04,116.32,116.31,114.63,114.75,115.10,115.81,114.45,114.62,115.80,116.18,116.19,120.60,122.30,121.80,121.58,121.49,125.30,125.86,126.51,126.23,126.65,126.29,125.91,127.53,127.68,127.88,128.36,127.25,127.08,127.76,127.64,127.96,127.34,126.34,126.32,126.82,128.60,129.14,132.67,133.23,132.72,134.06,136.15,134.70,134.70,134.15,133.64,134.13,135.40,136.86,140.51,141.36,143.11,143.06,142.20,141.61,141.61,141.92,141.47,142.32,142.73,142.79,143.14,143.02,142.59
Clase,0.000845236,0211,Bebidas destiladas (ND),106.52,106.74,108.19,110.78,113.87,118.30,119.42,120.39,120.50,121.13,120.86,120.89,121.72,121.70,121.68,122.83,125.46,127.65,128.75,129.02,129.38,126.38,119.57,119.49,117.53,109.36,91.70,90.09,88.10,85.49,86.19,86.37,86.34,86.37,85.88,85.55,85.97,85.62,84.00,82.45,80.94,80.64,80.45,80.65,81.38,81.61,81.39,80.68,81.56,80.48,80.69,80.94,79.53,77.91,79.00,79.81,80.53,80.52,79.80,79.34,79.50,79.69,80.60,80.88,80.86,80.66,80.51,79.04,79.76,80.28,79.13,79.01,79.43,80.38,80.15,79.97,79.82,80.04,81.36,81.25,81.57,81.35,81.27,81.05,83.90,84.24,85.28,84.72,85.23,85.32,85.39,85.14,86.87,87.85,86.03,85.25,88.30,89.76,89.60,90.67,88.49,87.60,89.13,88.20,89.06,89.12,85.72,85.94,87.43,87.43,86.92,88.63,88.99,88.75,88.95,90.51,89.21,89.94,88.66,88.15,89.60,89.35,88.86,89.30,90.13,89.76,88.31,90.23,88.43,88.24,86.66,85.71,87.52,88.93,89.14,90.08,89.45,88.84
Subclase,0.000845236,02111,Bebidas destiladas,106.52,106.74,108.19,110.78,113.87,118.30,119.42,120.39,120.50,121.13,120.86,120.89,121.72,121.70,121.68,122.83,125.46,127.65,128.75,129.02,129.38,126.38,119.57,119.49,117.53,109.36,91.70,90.09,88.10,85.49,86.19,86.37,86.34,86.37,85.88,85.55,85.97,85.62,84.00,82.45,80.94,80.64,80.45,80.65,81.38,81.61,81.39,80.68,81.56,80.48,80.69,80.94,79.53,77.91,79.00,79.81,80.53,80.52,79.80,79.34,79.50,79.69,80.60,80.88,80.86,80.66,80.51,79.04,79.76,80.28,79.13,79.01,79.43,80.38,80.15,79.97,79.82,80.04,81.36,81.25,81.57,81.35,81.27,81.05,83.90,84.24,85.28,84.72,85.23,85.32,85.39,85.14,86.87,87.85,86.03,85.25,88.30,89.76,89.60,90.67,88.49,87.60,89.13,88.20,89.06,89.12,85.72,85.94,87.43,87.43,86.92,88.63,88.99,88.75,88.95,90.51,89.21,89.94,88.66,88.15,89.60,89.35,88.86,89.30,90.13,89.76,88.31,90.23,88.43,88.24,86.66,85.71,87.52,88.93,89.14,90.08,89.45,88.84
Producto,0.000432603,02111116,AGUARDIENTE DE CAÑA,112.64,112.87,112.55,113.81,116.43,118.43,119.97,121.57,121.57,122.10,122.00,122.07,120.77,121.53,122.23,123.82,124.03,125.41,127.97,128.95,129.02,128.79,127.57,126.89,127.50,128.10,127.86,127.84,127.23,124.31,125.53,126.02,125.74,125.82,125.99,126.21,125.67,125.66,124.53,125.64,125.23,125.24,125.26,125.34,125.34,125.26,125.12,124.71,125.05,123.65,124.54,125.34,123.43,121.82,122.53,124.00,125.33,125.30,124.53,123.76,124.15,124.59,125.60,125.03,125.22,125.19,125.09,122.28,123.19,124.31,122.02,122.02,122.65,124.58,124.49,123.66,123.49,123.88,125.53,124.77,124.42,124.25,123.98,123.64,128.93,128.45,129.77,128.34,129.82,130.15,129.91,129.21,130.34,130.78,129.20,128.05,131.84,134.37,134.74,136.49,131.89,132.02,133.91,131.53,133.33,133.38,128.10,129.06,131.86,132.12,130.64,133.89,134.05,134.93,134.92,137.75,136.93,138.10,135.33,135.17,137.84,136.72,136.93,137.92,138.17,138.48,136.67,138.02,136.23,136.79,133.83,132.56,135.61,136.28,137.46,138.91,139.27,137.67
Producto,0.000412633,02111117,WHISKY,101.16,101.37,104.36,108.12,111.62,118.19,118.93,119.35,119.56,120.29,119.86,119.86,122.56,121.86,121.20,121.96,126.72,129.62,129.43,129.09,129.69,124.27,112.56,113.00,108.79,92.92,60.01,56.99,53.80,51.46,51.71,51.62,51.80,51.80,50.71,49.91,51.17,50.53,48.48,44.59,42.12,41.55,41.16,41.47,42.84,43.34,43.06,42.09,43.44,42.64,42.25,42.01,41.05,39.42,40.84,41.07,41.25,41.26,40.58,40.39,40.36,40.32,41.16,42.18,41.97,41.62,41.43,41.14,41.68,41.68,41.53,41.31,41.54,41.64,41.27,41.68,41.54,41.61,42.64,43.09,44.02,43.75,43.83,43.70,44.42,45.48,46.27,46.48,46.13,46.02,46.36,46.50,48.76,50.21,48.18,47.72,50.14,50.66,50.02,50.51,50.43,48.65,49.87,50.22,50.25,50.31,48.57,48.14,48.48,48.27,48.59,48.95,49.48,48.27,48.64,49.10,47.38,47.73,47.75,46.93,47.31,47.83,46.72,46.68,48.03,47.05,45.91,48.34,46.53,45.68,45.31,44.64,45.36,47.43,46.78,47.28,45.77,46.03
Clase,0.003770064,0213,Cerveza (ND),94.87,94.87,94.87,94.87,94.87,94.87,94.87,94.87,94.87,94.87,94.87,97.29,99.75,100.03,100.16,99.91,116.51,116.94,117.47,117.47,117.15,117.15,117.15,117.15,117.15,117.15,117.15,117.15,117.15,117.26,117.26,117.26,117.26,117.33,117.33,117.55,117.49,117.49,117.49,117.49,117.49,117.49,118.06,118.06,121.54,121.47,121.53,121.53,121.53,121.63,122.54,122.54,122.54,123.39,123.39,122.84,122.74,122.74,122.74,122.74,122.85,122.85,122.85,122.85,122.85,122.85,122.95,123.50,123.70,128.30,128.45,131.02,131.19,131.19,131.27,128.97,129.21,129.61,130.06,128.19,128.30,130.05,130.63,130.73,135.79,138.05,136.91,136.84,136.50,141.84,142.60,143.63,142.52,142.70,142.95,142.73,143.76,143.36,143.72,143.95,143.29,143.42,143.74,143.96,144.05,143.15,143.15,143.03,143.12,145.64,146.61,150.89,151.54,150.92,152.73,155.03,153.52,153.22,152.97,152.46,152.56,154.46,156.72,161.69,162.56,165.18,165.72,163.70,163.62,163.69,164.79,164.54,164.99,164.99,164.99,165.09,165.19,164.83
Subclase,0.003770064,02131,Cerveza,94.87,94.87,94.87,94.87,94.87,94.87,94.87,94.87,94.87,94.87,94.87,97.29,99.75,100.03,100.16,99.91,116.51,116.94,117.47,117.47,117.15,117.15,117.15,117.15,117.15,117.15,117.15,117.15,117.15,117.26,117.26,117.26,117.26,117.33,117.33,117.55,117.49,117.49,117.49,117.49,117.49,117.49,118.06,118.06,121.54,121.47,121.53,121.53,121.53,121.63,122.54,122.54,122.54,123.39,123.39,122.84,122.74,122.74,122.74,122.74,122.85,122.85,122.85,122.85,122.85,122.85,122.95,123.50,123.70,128.30,128.45,131.02,131.19,131.19,131.27,128.97,129.21,129.61,130.06,128.19,128.30,130.05,130.63,130.73,135.79,138.05,136.91,136.84,136.50,141.84,142.60,143.63,142.52,142.70,142.95,142.73,143.76,143.36,143.72,143.95,143.29,143.42,143.74,143.96,144.05,143.15,143.15,143.03,143.12,145.64,146.61,150.89,151.54,150.92,152.73,155.03,153.52,153.22,152.97,152.46,152.56,154.46,156.72,161.69,162.56,165.18,165.72,163.70,163.62,163.69,164.79,164.54,164.99,164.99,164.99,165.09,165.19,164.83
Producto,0.003770064,02131118,CERVEZA ENVASADA,94.87,94.87,94.87,94.87,94.87,94.87,94.87,94.87,94.87,94.87,94.87,97.29,99.75,100.03,100.16,99.91,116.51,116.94,117.47,117.47,117.15,117.15,117.15,117.15,117.15,117.15,117.15,117.15,117.15,117.26,117.26,117.26,117.26,117.33,117.33,117.55,117.49,117.49,117.49,117.49,117.49,117.49,118.06,118.06,121.54,121.47,121.53,121.53,121.53,121.63,122.54,122.54,122.54,123.39,123.39,122.84,122.74,122.74,122.74,122.74,122.85,122.85,122.85,122.85,122.85,122.85,122.95,123.50,123.70,128.30,128.45,131.02,131.19,131.19,131.27,128.97,129.21,129.61,130.06,128.19,128.30,130.05,130.63,130.73,135.79,138.05,136.91,136.84,136.50,141.84,142.60,143.63,142.52,142.70,142.95,142.73,143.76,143.36,143.72,143.95,143.29,143.42,143.74,143.96,144.05,143.15,143.15,143.03,143.12,145.64,146.61,150.89,151.54,150.92,152.73,155.03,153.52,153.22,152.97,152.46,152.56,154.46,156.72,161.69,162.56,165.18,165.72,163.70,163.62,163.69,164.79,164.54,164.99,164.99,164.99,165.09,165.19,164.83
Grupo,0.001941565,022,Tabaco,105.98,116.53,121.67,121.67,122.35,128.52,129.36,129.93,129.38,129.38,129.38,129.49,130.78,136.29,136.29,136.32,141.16,150.51,148.53,148.37,148.80,148.80,148.80,148.80,154.59,154.80,154.90,155.01,155.18,155.12,155.12,155.40,155.81,155.75,156.11,155.87,155.73,155.73,155.73,155.73,155.73,155.73,155.84,155.40,155.90,157.38,157.26,157.26,157.26,157.37,157.36,157.36,156.30,156.30,156.30,156.30,156.30,156.39,156.39,156.30,156.26,156.42,156.36,157.11,156.91,156.97,156.97,157.03,157.09,157.09,157.09,157.09,157.09,157.64,157.10,156.48,156.48,156.48,156.48,156.42,156.97,156.97,156.97,156.97,158.23,158.44,158.53,159.02,158.38,158.38,158.30,158.30,158.59,158.45,159.16,159.07,165.44,166.35,166.80,166.92,166.92,166.92,166.92,167.54,167.20,167.32,168.89,168.89,170.80,171.10,171.73,174.70,175.95,163.71,174.91,175.28,175.42,175.74,175.60,176.08,176.22,173.56,173.38,173.35,173.54,173.40,173.52,173.55,173.83,173.94,174.00,174.06,174.63,174.63,174.64,174.64,174.64,174.64
Clase,0.001941565,0221,Tabaco (ND),105.98,116.53,121.67,121.67,122.35,128.52,129.36,129.93,129.38,129.38,129.38,129.49,130.78,136.29,136.29,136.32,141.16,150.51,148.53,148.37,148.80,148.80,148.80,148.80,154.59,154.80,154.90,155.01,155.18,155.12,155.12,155.40,155.81,155.75,156.11,155.87,155.73,155.73,155.73,155.73,155.73,155.73,155.84,155.40,155.90,157.38,157.26,157.26,157.26,157.37,157.36,157.36,156.30,156.30,156.30,156.30,156.30,156.39,156.39,156.30,156.26,156.42,156.36,157.11,156.91,156.97,156.97,157.03,157.09,157.09,157.09,157.09,157.09,157.64,157.10,156.48,156.48,156.48,156.48,156.42,156.97,156.97,156.97,156.97,158.23,158.44,158.53,159.02,158.38,158.38,158.30,158.30,158.59,158.45,159.16,159.07,165.44,166.35,166.80,166.92,166.92,166.92,166.92,167.54,167.20,167.32,168.89,168.89,170.80,171.10,171.73,174.70,175.95,163.71,174.91,175.28,175.42,175.74,175.60,176.08,176.22,173.56,173.38,173.35,173.54,173.40,173.52,173.55,173.83,173.94,174.00,174.06,174.63,174.63,174.64,174.64,174.64,174.64
Subclase,0.001941565,02211,Tabaco,105.98,116.53,121.67,121.67,122.35,128.52,129.36,129.93,129.38,129.38,129.38,129.49,130.78,136.29,136.29,136.32,141.16,150.51,148.53,148.37,148.80,148.80,148.80,148.80,154.59,154.80,154.90,155.01,155.18,155.12,155.12,155.40,155.81,155.75,156.11,155.87,155.73,155.73,155.73,155.73,155.73,155.73,155.84,155.40,155.90,157.38,157.26,157.26,157.26,157.37,157.36,157.36,156.30,156.30,156.30,156.30,156.30,156.39,156.39,156.30,156.26,156.42,156.36,157.11,156.91,156.97,156.97,157.03,157.09,157.09,157.09,157.09,157.09,157.64,157.10,156.48,156.48,156.48,156.48,156.42,156.97,156.97,156.97,156.97,158.23,158.44,158.53,159.02,158.38,158.38,158.30,158.30,158.59,158.45,159.16,159.07,165.44,166.35,166.80,166.92,166.92,166.92,166.92,167.54,167.20,167.32,168.89,168.89,170.80,171.10,171.73,174.70,175.95,163.71,174.91,175.28,175.42,175.74,175.60,176.08,176.22,173.56,173.38,173.35,173.54,173.40,173.52,173.55,173.83,173.94,174.00,174.06,174.63,174.63,174.64,174.64,174.64,174.64
Producto,0.001941565,02211119,CIGARRILLOS,105.98,116.53,121.67,121.67,122.35,128.52,129.36,129.93,129.38,129.38,129.38,129.49,130.78,136.29,136.29,136.32,141.16,150.51,148.53,148.37,148.80,148.80,148.80,148.80,154.59,154.80,154.90,155.01,155.18,155.12,155.12,155.40,155.81,155.75,156.11,155.87,155.73,155.73,155.73,155.73,155.73,155.73,155.84,155.40,155.90,157.38,157.26,157.26,157.26,157.37,157.36,157.36,156.30,156.30,156.30,156.30,156.30,156.39,156.39,156.30,156.26,156.42,156.36,157.11,156.91,156.97,156.97,157.03,157.09,157.09,157.09,157.09,157.09,157.64,157.10,156.48,156.48,156.48,156.48,156.42,156.97,156.97,156.97,156.97,158.23,158.44,158.53,159.02,158.38,158.38,158.30,158.30,158.59,158.45,159.16,159.07,165.44,166.35,166.80,166.92,166.92,166.92,166.92,167.54,167.20,167.32,168.89,168.89,170.80,171.10,171.73,174.70,175.95,163.71,174.91,175.28,175.42,175.74,175.60,176.08,176.22,173.56,173.38,173.35,173.54,173.40,173.52,173.55,173.83,173.94,174.00,174.06,174.63,174.63,174.64,174.64,174.64,174.64
División,0.076937341,03,Prendas de vestir y calzado,97.16,97.25,97.60,97.57,97.73,97.70,97.62,97.10,97.24,97.09,97.15,97.24,97.03,96.94,96.76,96.75,95.92,96.26,96.69,96.43,96.18,96.19,96.09,94.47,95.31,94.88,95.04,94.95,94.85,93.43,93.41,92.82,92.97,92.77,92.29,91.78,91.79,91.90,91.72,91.36,91.19,91.00,91.26,90.96,90.81,90.76,90.62,90.41,90.35,90.36,90.50,90.21,90.33,90.14,90.26,90.14,89.97,89.89,89.20,88.73,88.56,88.50,88.50,86.78,87.44,87.50,87.24,87.03,86.60,86.66,86.61,86.47,86.42,86.32,86.06,85.74,85.26,85.04,84.82,84.66,84.41,84.28,84.00,84.15,84.20,84.30,84.14,84.41,84.41,84.46,84.16,84.10,84.61,84.77,83.89,83.27,83.14,82.60,82.69,82.74,82.37,82.18,81.21,81.12,80.93,80.74,80.63,80.93,80.69,80.75,80.49,81.43,81.49,81.46,81.32,81.01,81.34,81.18,81.11,80.99,79.98,80.01,79.82,79.58,78.89,78.25,77.78,78.11,77.88,77.35,75.65,75.60,75.54,75.40,75.32,74.92,74.35,74.43
Grupo,0.053402171,031,Prendas de vestir,97.35,97.48,97.92,97.95,98.12,98.17,97.82,97.25,97.48,97.40,97.49,97.44,97.50,97.48,97.50,97.42,96.66,97.18,96.97,97.06,96.62,96.75,96.45,95.17,95.88,95.81,95.81,95.70,95.72,94.77,94.47,93.93,94.24,93.99,93.59,93.31,93.26,93.26,93.35,93.11,93.05,92.75,92.64,92.51,92.52,92.54,92.28,92.04,91.90,92.00,92.15,91.76,91.78,91.59,91.47,91.47,91.30,91.23,90.72,90.79,90.59,90.46,90.50,88.04,88.99,89.14,89.28,89.18,88.50,88.62,88.81,88.72,88.78,88.57,88.52,88.21,87.71,87.63,87.30,87.09,86.89,87.00,86.34,86.20,86.20,86.32,86.29,86.38,86.52,86.61,86.46,85.90,86.39,86.79,86.33,85.77,85.78,85.16,85.14,85.17,84.79,84.84,84.13,83.95,84.05,83.93,83.83,84.00,83.70,83.71,83.79,84.90,84.93,84.85,84.70,84.60,84.99,84.79,84.78,84.64,83.90,83.95,83.95,83.47,83.19,82.51,81.99,82.20,81.95,81.35,79.46,79.49,79.31,79.31,79.39,79.20,78.54,78.40
Clase,0.000806271,0311,Materiales para prendas de vestir (SD),95.04,95.04,95.04,95.08,95.86,96.21,96.21,96.21,96.95,97.11,97.22,97.22,98.06,97.83,98.16,98.16,98.06,98.18,97.89,99.70,98.76,98.93,98.78,98.78,98.55,99.05,99.48,100.23,100.14,100.36,100.35,100.17,100.15,99.78,99.44,99.49,99.44,99.62,99.63,99.63,100.06,100.06,98.96,96.87,96.87,97.95,97.95,97.95,97.74,95.81,95.80,95.63,95.76,95.77,95.58,95.78,95.68,96.85,96.92,97.04,97.04,97.13,97.19,97.19,97.01,96.42,96.00,96.00,96.08,96.12,97.41,97.40,97.69,96.97,96.09,96.41,96.02,95.88,94.69,96.17,96.02,95.50,96.06,96.22,96.92,98.10,97.89,98.53,99.48,100.77,100.79,99.98,100.71,100.45,99.03,98.92,98.94,99.09,99.12,99.60,99.73,99.98,101.20,101.62,101.79,101.79,101.80,101.79,102.32,101.74,101.48,102.70,103.13,103.68,103.49,103.15,103.71,103.74,102.73,102.61,102.24,102.14,102.55,102.01,102.29,102.21,102.67,103.62,103.08,103.08,103.52,103.42,103.11,103.00,103.00,103.00,104.64,105.00
Subclase,0.000806271,03111,"Materiales para prendas de vestir (telas, tejidos)",95.04,95.04,95.04,95.08,95.86,96.21,96.21,96.21,96.95,97.11,97.22,97.22,98.06,97.83,98.16,98.16,98.06,98.18,97.89,99.70,98.76,98.93,98.78,98.78,98.55,99.05,99.48,100.23,100.14,100.36,100.35,100.17,100.15,99.78,99.44,99.49,99.44,99.62,99.63,99.63,100.06,100.06,98.96,96.87,96.87,97.95,97.95,97.95,97.74,95.81,95.80,95.63,95.76,95.77,95.58,95.78,95.68,96.85,96.92,97.04,97.04,97.13,97.19,97.19,97.01,96.42,96.00,96.00,96.08,96.12,97.41,97.40,97.69,96.97,96.09,96.41,96.02,95.88,94.69,96.17,96.02,95.50,96.06,96.22,96.92,98.10,97.89,98.53,99.48,100.77,100.79,99.98,100.71,100.45,99.03,98.92,98.94,99.09,99.12,99.60,99.73,99.98,101.20,101.62,101.79,101.79,101.80,101.79,102.32,101.74,101.48,102.70,103.13,103.68,103.49,103.15,103.71,103.74,102.73,102.61,102.24,102.14,102.55,102.01,102.29,102.21,102.67,103.62,103.08,103.08,103.52,103.42,103.11,103.00,103.00,103.00,104.64,105.00
Producto,0.000806271,03111120,TELAS PARA CONFECCIÓN,95.04,95.04,95.04,95.08,95.86,96.21,96.21,96.21,96.95,97.11,97.22,97.22,98.06,97.83,98.16,98.16,98.06,98.18,97.89,99.70,98.76,98.93,98.78,98.78,98.55,99.05,99.48,100.23,100.14,100.36,100.35,100.17,100.15,99.78,99.44,99.49,99.44,99.62,99.63,99.63,100.06,100.06,98.96,96.87,96.87,97.95,97.95,97.95,97.74,95.81,95.80,95.63,95.76,95.77,95.58,95.78,95.68,96.85,96.92,97.04,97.04,97.13,97.19,97.19,97.01,96.42,96.00,96.00,96.08,96.12,97.41,97.40,97.69,96.97,96.09,96.41,96.02,95.88,94.69,96.17,96.02,95.50,96.06,96.22,96.92,98.10,97.89,98.53,99.48,100.77,100.79,99.98,100.71,100.45,99.03,98.92,98.94,99.09,99.12,99.60,99.73,99.98,101.20,101.62,101.79,101.79,101.80,101.79,102.32,101.74,101.48,102.70,103.13,103.68,103.49,103.15,103.71,103.74,102.73,102.61,102.24,102.14,102.55,102.01,102.29,102.21,102.67,103.62,103.08,103.08,103.52,103.42,103.11,103.00,103.00,103.00,104.64,105.00
Clase,0.049857457,0312,Prendas de vestir (SD),97.15,97.32,97.80,97.83,97.99,98.00,97.59,96.96,97.19,97.12,97.22,97.17,97.22,97.19,97.21,97.14,96.32,96.85,96.60,96.64,96.20,96.31,96.01,94.68,95.40,95.30,95.29,95.15,95.15,94.14,93.80,93.23,93.58,93.33,92.92,92.62,92.65,92.67,92.77,92.48,92.39,92.07,91.98,91.87,91.87,91.88,91.64,91.39,91.16,91.31,91.49,91.08,91.08,90.87,90.75,90.73,90.53,90.43,89.90,90.00,89.76,89.62,89.68,87.02,88.13,88.31,88.46,88.36,87.65,87.77,87.97,87.87,87.93,87.74,87.73,87.42,86.90,86.84,86.51,86.28,86.09,86.18,85.44,85.29,85.21,85.29,85.24,85.28,85.37,85.43,85.25,84.64,85.16,85.62,85.16,84.56,84.55,83.84,83.82,83.84,83.40,83.40,82.66,82.47,82.53,82.39,82.30,82.47,82.14,82.12,82.24,83.29,83.32,83.21,83.05,82.94,83.35,83.14,83.17,83.02,82.25,82.30,82.29,81.79,81.46,80.71,80.14,80.32,80.06,79.42,77.37,77.42,77.20,77.20,77.27,77.05,76.31,76.14
Subclase,0.017546651,03121,Prendas de vestir de hombres de 13 años y más,100.72,100.99,101.65,102.00,102.34,102.30,102.04,102.32,102.07,101.80,102.02,102.09,101.75,101.61,101.63,101.73,101.61,102.31,101.84,101.75,101.34,101.20,101.53,99.66,100.73,100.57,100.93,100.77,101.06,99.06,98.49,97.35,98.17,98.01,96.91,96.27,95.74,95.56,95.71,95.24,95.13,94.43,94.37,93.93,93.71,93.84,93.63,93.14,93.00,93.61,94.10,92.94,93.31,92.95,92.96,93.12,93.16,93.06,92.52,92.82,92.31,92.14,92.36,90.07,90.52,90.44,90.10,89.65,88.50,89.11,89.13,89.14,89.46,89.49,89.55,89.11,88.31,88.23,88.44,87.91,87.81,88.03,87.29,87.36,87.07,87.01,86.84,87.09,87.24,87.33,86.95,86.66,86.94,87.89,86.92,85.91,85.49,84.62,84.49,84.59,84.35,84.43,83.78,83.70,83.32,83.35,83.42,83.69,83.21,83.23,83.48,84.37,84.30,84.05,83.80,83.80,83.79,83.34,83.69,83.58,83.19,83.46,83.47,82.85,82.55,81.28,80.65,81.06,80.99,79.71,77.02,77.25,76.81,76.66,76.69,76.41,74.79,74.58
Producto,0.000998623,03121121,TERNO PARA HOMBRE ,99.87,99.87,99.87,100.61,100.62,100.62,100.44,100.44,100.95,100.95,100.95,100.95,101.77,101.77,101.77,101.77,100.30,101.21,101.21,101.36,98.35,97.33,97.19,96.64,95.67,95.67,98.42,98.36,102.07,97.05,93.25,93.31,93.31,93.13,95.35,93.73,89.26,88.94,89.62,90.13,90.13,88.18,88.18,88.18,87.21,87.21,85.85,85.30,85.03,84.25,86.07,84.72,85.40,85.40,86.47,86.47,86.47,86.47,86.47,86.47,86.47,86.47,86.47,86.47,86.47,86.47,86.32,81.87,80.91,80.69,77.83,77.27,77.60,78.09,78.74,78.31,77.96,77.97,77.54,77.54,77.38,77.37,77.45,77.45,76.83,76.98,77.44,77.26,77.92,78.62,78.89,78.32,79.28,78.53,79.28,79.28,79.28,79.03,80.05,80.19,80.14,81.74,82.56,82.79,82.79,82.92,82.92,83.55,82.93,82.16,82.43,82.37,82.47,82.41,82.36,82.58,82.55,82.55,82.74,82.74,81.95,82.98,82.72,82.10,82.10,81.89,81.61,81.40,81.40,81.40,74.63,75.01,75.39,75.74,75.74,75.74,75.56,75.56
Producto,0.001704297,03121122,CHOMPA PARA HOMBRE,93.62,93.44,93.21,93.21,93.00,93.21,92.51,90.63,89.21,90.24,90.72,90.72,92.02,91.85,91.57,91.94,91.64,91.94,92.88,93.71,93.57,93.49,93.49,92.56,92.72,91.85,92.54,92.39,92.39,90.80,90.82,90.65,90.82,90.64,90.37,88.19,88.19,88.19,88.19,87.98,87.43,86.75,86.76,86.76,86.36,86.01,85.23,83.27,82.58,82.72,84.30,84.30,83.20,83.21,83.40,83.11,83.11,83.17,82.90,82.92,82.50,81.03,81.03,77.95,79.90,79.82,79.57,79.20,78.78,77.93,77.79,77.69,77.74,77.71,76.87,76.87,76.52,76.59,77.18,77.34,77.20,76.78,75.61,75.61,75.15,75.15,74.72,75.43,75.58,75.40,74.67,73.84,73.95,74.03,73.37,74.10,73.82,70.70,69.46,69.46,68.68,68.24,68.02,66.82,66.38,66.38,66.36,66.20,65.40,65.22,65.05,65.19,65.04,65.01,64.64,63.77,63.78,62.85,62.64,62.23,61.01,61.00,60.69,58.85,58.46,58.25,58.17,58.23,57.77,57.43,57.25,57.25,56.36,56.29,56.39,56.23,56.12,54.67
Producto,0.006026933,03121123,PANTALÓN PARA HOMBRE,103.30,103.52,104.32,104.37,104.42,104.52,103.51,104.86,105.27,105.02,105.57,105.88,105.77,105.13,105.13,105.13,105.57,106.10,105.98,105.37,105.37,105.21,105.21,104.06,104.59,104.76,104.76,104.09,104.09,101.27,100.96,97.63,100.18,100.13,96.81,96.22,95.68,95.46,95.30,95.44,95.41,95.12,95.29,93.57,93.36,93.42,93.50,93.60,93.72,94.97,95.12,92.72,94.46,94.46,94.41,94.41,94.63,94.63,94.07,94.12,93.15,92.93,92.93,92.93,92.09,89.56,89.19,89.23,86.51,88.45,88.76,88.75,89.14,89.23,90.35,89.48,88.74,89.35,88.63,86.72,86.08,86.59,85.84,85.83,85.93,85.66,85.84,86.12,86.95,86.30,85.39,85.39,86.05,87.18,86.16,83.54,82.82,81.37,81.71,81.20,80.74,80.27,78.82,78.48,78.66,79.28,80.67,80.96,79.63,79.96,79.33,80.03,79.93,79.60,79.06,79.06,79.06,78.91,78.80,78.54,78.29,78.51,78.65,78.31,78.59,75.73,74.80,76.32,76.44,73.37,67.16,67.80,66.67,66.67,66.44,66.35,66.23,66.13
Producto,0.002695596,03121124,CAMISA PARA HOMBRE,99.40,101.14,102.58,103.59,105.12,105.80,105.99,106.55,105.57,105.57,105.23,105.11,105.11,105.84,105.84,106.06,105.56,106.81,103.89,104.28,104.85,103.82,103.82,102.07,101.50,100.91,100.91,100.82,100.66,100.29,100.35,99.47,99.39,99.60,98.06,98.41,98.41,98.41,99.03,95.18,95.18,94.76,94.54,95.30,95.30,95.30,95.46,94.81,94.66,96.19,96.19,94.82,94.82,93.10,93.10,94.82,94.82,93.99,93.65,93.35,92.38,91.97,93.65,93.65,93.65,93.61,93.62,93.62,91.48,92.84,89.84,90.45,91.88,91.39,89.90,89.10,88.24,88.24,89.13,89.41,89.41,89.55,89.15,90.94,90.19,90.16,90.05,89.28,88.85,89.32,89.59,89.47,90.72,93.18,92.62,91.35,91.39,91.64,91.71,91.71,91.71,91.71,91.56,89.90,90.51,89.48,89.48,89.87,89.87,89.87,89.87,90.65,90.19,90.19,89.67,89.61,89.61,89.61,90.24,90.35,90.35,90.88,91.15,91.15,90.96,90.96,90.38,90.27,90.27,90.27,90.22,90.28,90.89,90.22,90.22,90.44,89.98,89.98
Producto,0.00326054,03121125,CAMISETA PARA HOMBRE,100.39,100.39,101.30,101.50,101.50,99.66,99.66,100.13,99.52,99.11,99.11,99.03,94.71,94.65,95.09,95.13,94.90,95.50,93.98,94.22,92.70,93.80,95.95,94.69,95.51,95.51,95.51,95.80,95.80,94.40,93.38,93.46,93.39,93.39,93.39,92.85,92.72,92.30,92.75,92.75,92.75,90.84,90.84,90.84,90.84,92.10,92.10,91.86,91.79,91.79,91.79,91.44,90.40,89.57,88.83,88.83,88.83,88.83,86.87,89.06,89.06,90.61,90.61,86.28,86.97,87.81,87.81,87.81,88.49,88.36,90.21,90.21,89.95,90.15,90.15,90.15,88.57,87.12,88.57,88.39,88.63,89.17,88.42,86.92,86.48,85.85,84.89,85.74,85.40,86.92,87.03,87.03,86.87,88.47,86.54,85.30,85.26,85.59,84.75,85.64,85.64,85.64,85.43,85.48,84.89,84.56,82.57,82.57,82.50,82.61,85.33,87.43,87.68,87.68,87.75,88.83,88.93,86.53,88.81,88.75,88.77,89.04,89.02,88.10,86.52,84.07,82.12,81.81,81.36,80.02,80.02,79.91,79.61,79.01,79.41,77.57,72.04,72.04
Producto,0.000942582,03121126,MEDIAS PARA HOMBRE,107.11,107.11,107.77,109.97,110.48,110.92,111.26,112.08,112.82,105.93,105.93,105.93,105.63,105.63,105.88,105.88,106.22,107.07,107.12,106.64,107.00,107.00,107.37,107.29,108.88,109.34,109.12,109.12,108.69,108.38,108.38,108.38,108.38,107.74,107.74,107.74,107.74,107.74,107.74,107.86,107.86,107.86,107.86,107.86,107.86,108.01,108.01,108.01,108.02,109.38,109.38,108.34,108.34,107.98,107.98,107.58,107.12,107.12,106.95,107.12,107.12,107.12,107.12,100.68,98.59,107.12,104.32,104.33,104.33,104.33,104.93,104.93,104.93,104.93,104.93,104.93,104.93,103.52,104.43,104.87,106.28,106.28,106.20,106.40,106.39,107.98,108.62,108.87,108.81,109.54,108.78,108.67,108.83,108.40,105.73,105.90,103.38,103.51,103.51,103.51,103.51,106.46,107.61,108.51,108.51,108.51,108.51,108.51,108.52,107.63,109.36,111.35,111.66,109.05,108.90,108.80,108.80,108.80,108.80,109.37,108.99,109.78,109.91,109.91,108.41,108.74,108.74,108.74,108.74,108.25,108.25,108.25,108.25,108.25,108.63,108.59,108.59,108.15
Producto,0.001918079,03121127,ROPA INTERIOR PARA HOMBRE,104.78,104.78,105.84,105.55,106.88,107.10,108.83,108.83,108.83,109.69,109.78,109.78,109.68,109.68,109.68,109.68,109.68,110.79,110.84,109.52,109.54,109.54,109.84,100.24,109.34,109.34,109.34,109.96,109.96,108.56,108.56,108.98,109.07,108.16,108.16,109.17,109.85,109.56,109.56,109.46,109.46,109.46,108.45,108.47,108.45,108.45,108.45,108.45,108.45,108.20,108.20,108.20,109.33,109.33,109.33,109.33,109.33,109.33,109.37,109.53,109.51,109.51,109.51,100.82,105.18,106.56,106.56,106.56,107.25,107.25,110.80,110.80,110.80,110.80,110.84,110.61,109.02,109.02,109.02,109.05,109.33,109.84,108.22,108.48,108.15,108.36,107.36,107.67,106.77,106.26,106.26,105.46,103.38,104.72,103.46,103.62,103.62,104.35,104.35,105.70,106.17,106.17,103.51,107.69,103.69,103.84,102.79,103.84,105.45,105.94,105.81,107.45,107.32,107.42,108.08,108.08,107.84,108.76,108.93,108.93,108.93,108.39,108.39,108.39,108.39,108.39,108.91,108.90,109.17,108.71,107.67,107.67,107.67,107.67,107.76,107.76,99.77,100.89
Subclase,0.018955861,03122,Prendas de vestir de mujeres de 13 años y más,93.74,93.94,94.49,94.34,94.36,94.27,93.91,92.52,92.30,92.48,92.05,91.81,92.10,92.27,92.32,92.14,90.18,90.72,90.66,90.95,90.78,91.04,89.45,87.82,88.75,88.83,88.45,88.32,88.24,87.84,87.51,87.17,87.14,86.74,86.78,86.87,87.44,87.70,87.81,87.64,87.53,87.39,87.30,87.34,87.15,87.14,86.88,86.76,86.61,86.64,86.76,86.67,86.38,86.16,85.84,85.75,85.76,85.44,85.32,85.08,84.94,84.84,84.78,80.81,83.29,84.14,84.97,84.83,84.12,84.17,84.79,84.58,84.56,84.18,84.13,83.78,83.32,83.24,82.25,82.12,81.82,81.84,80.65,80.25,80.21,80.39,80.11,80.03,80.15,80.30,80.28,79.06,79.33,79.71,79.81,79.15,79.54,78.77,78.71,78.61,77.73,77.64,76.63,76.19,76.32,75.91,75.99,76.18,75.82,75.81,75.89,77.65,77.91,77.86,77.69,77.65,77.95,77.85,77.92,77.58,76.02,75.92,75.89,75.59,75.34,74.68,74.01,74.22,73.97,73.45,70.88,70.77,70.82,70.80,70.86,70.52,70.55,70.31
Producto,0.001951006,03122128,TERNO Y VESTIDO PARA MUJER ,97.41,96.64,97.22,95.60,95.51,95.00,93.36,89.59,89.65,89.99,90.11,89.95,90.14,90.26,90.26,90.39,90.39,88.39,88.39,88.13,89.09,89.05,85.16,84.92,85.02,85.02,82.92,82.90,82.73,82.30,82.32,82.32,82.28,82.28,82.28,81.97,83.94,86.06,87.50,87.55,87.55,87.55,87.55,87.01,86.62,86.35,86.35,85.62,85.62,85.64,85.64,84.80,84.80,84.80,84.12,84.28,84.03,84.03,83.14,80.87,79.26,80.84,80.84,80.84,80.84,80.84,80.96,80.96,79.83,79.45,79.08,79.08,79.23,79.20,78.97,79.50,78.08,75.54,73.21,72.04,71.18,71.03,70.64,71.06,70.30,69.89,70.11,70.47,70.74,70.60,69.39,68.95,68.73,69.09,69.23,69.11,69.43,69.50,69.50,69.50,68.65,68.25,67.53,67.39,67.72,67.72,67.40,67.31,67.17,67.22,67.43,67.94,67.73,67.93,67.70,67.66,67.68,67.64,67.35,66.73,64.08,63.30,63.72,62.20,63.57,63.26,62.38,61.44,60.86,60.25,60.57,60.38,58.83,58.83,58.45,58.73,58.07,57.83
Producto,0.000731584,03122129,CHOMPA PARA MUJER,76.07,78.05,76.60,76.05,77.29,75.33,75.42,75.24,74.35,73.08,72.94,72.70,73.00,73.79,73.41,74.38,73.29,72.63,70.68,70.95,69.30,72.88,72.69,70.81,69.48,68.84,68.73,68.93,69.18,69.54,67.38,66.62,66.30,67.31,67.71,65.49,65.25,65.20,65.53,64.85,65.15,64.09,63.80,63.07,62.69,62.77,62.41,61.59,61.43,61.32,62.34,61.76,61.05,60.87,59.38,58.86,58.89,58.79,58.63,58.50,58.38,58.36,58.36,53.48,58.14,57.70,57.52,57.22,56.94,57.24,56.43,56.13,55.28,55.13,54.40,53.64,52.90,52.65,51.85,51.79,51.11,51.14,49.17,49.30,49.97,49.49,49.46,50.08,50.15,50.15,49.62,49.15,49.22,49.11,49.16,48.22,47.49,47.66,47.24,46.54,45.98,45.99,44.42,44.68,44.06,43.73,43.32,43.76,42.95,42.83,41.73,43.16,42.72,43.33,42.30,41.40,41.45,41.79,41.77,41.32,40.54,40.63,40.71,41.06,41.17,41.05,39.97,39.29,39.05,38.71,38.25,38.48,38.53,38.34,38.27,38.24,38.08,37.99
Producto,0.000322062,03122130,FALDA PARA MUJER,97.39,96.41,95.52,89.71,89.71,89.71,86.04,86.94,86.94,86.94,86.94,87.35,87.35,87.35,87.35,87.35,86.74,87.09,86.67,87.03,87.03,87.03,86.87,87.57,87.57,87.57,89.99,90.19,89.66,88.71,88.42,88.42,88.56,88.56,87.27,87.27,86.65,86.65,88.18,88.18,88.18,88.71,88.71,89.01,88.46,88.46,88.46,87.93,87.91,87.91,87.43,87.78,87.78,87.78,87.67,87.86,87.86,87.87,87.87,88.94,89.51,89.51,89.51,89.51,89.51,89.64,88.45,88.45,86.92,87.12,82.84,83.41,83.75,83.75,79.84,75.94,77.22,74.83,78.56,76.31,76.08,71.43,71.92,72.36,70.12,69.62,69.62,70.04,70.04,70.04,69.81,69.81,70.37,70.37,69.60,69.60,66.58,66.58,66.82,66.46,66.46,65.75,62.52,63.40,63.73,63.46,63.08,63.08,58.57,58.27,58.27,58.38,58.40,58.40,56.25,56.25,56.25,55.96,54.69,53.34,53.34,53.34,53.57,53.15,53.15,53.05,52.76,52.72,53.14,53.00,53.00,53.00,48.06,48.06,48.17,48.81,48.62,48.35
Producto,0.005355119,03122131,PANTALÓN Y LICRA PARA MUJER,89.24,89.64,90.41,90.30,89.55,89.18,88.60,85.51,85.12,86.12,86.14,85.74,86.57,86.88,87.17,86.27,84.42,85.11,85.62,86.28,85.88,85.86,86.65,85.86,86.10,86.25,85.52,84.89,84.62,84.46,83.85,82.98,82.89,82.08,82.05,81.87,81.38,81.25,81.47,81.47,81.14,80.94,80.43,80.68,80.77,80.70,80.20,79.98,79.38,79.31,79.35,79.30,78.66,78.34,78.15,78.17,78.17,77.26,77.39,77.30,77.32,76.55,76.39,71.56,74.35,74.97,77.62,77.40,76.76,76.99,78.02,77.58,77.80,77.67,77.60,77.61,77.29,77.43,77.43,76.48,75.95,75.93,75.47,75.69,74.94,74.81,76.83,76.38,76.42,75.29,75.28,73.46,73.02,73.79,73.50,71.74,73.20,71.06,70.89,70.63,70.10,69.77,69.06,68.72,69.43,68.49,68.95,68.95,68.40,68.36,68.37,69.18,69.16,68.92,68.69,68.19,68.32,68.19,68.34,68.26,67.66,67.44,67.35,66.93,66.56,66.91,66.10,66.61,65.97,65.27,64.94,65.31,65.86,65.65,65.75,65.04,65.02,64.85
Producto,0.005380973,03122132,BLUSA PARA MUJER,92.64,92.64,92.77,92.77,92.77,93.15,92.99,92.99,92.47,92.34,90.63,90.63,90.63,90.57,90.57,90.57,84.97,86.28,86.15,86.15,86.35,86.31,80.59,80.29,79.41,79.83,80.04,80.04,80.04,79.71,79.71,79.42,79.60,79.48,79.48,80.15,82.41,82.41,81.85,81.85,81.85,81.85,81.90,82.22,81.42,81.42,81.25,81.47,81.86,82.00,82.00,82.00,82.22,82.08,82.08,82.08,82.08,82.08,82.22,82.31,82.31,82.31,82.31,82.31,82.31,82.31,82.87,82.66,81.10,81.10,81.10,80.70,80.62,78.85,79.46,78.53,77.83,78.29,78.29,79.06,79.35,79.45,76.17,74.34,73.17,74.27,69.87,69.87,69.64,70.06,70.37,70.11,68.92,68.92,69.34,69.34,69.34,69.34,69.21,69.32,68.01,68.01,65.00,63.26,63.26,63.12,63.81,63.81,63.81,63.81,63.99,66.99,68.07,67.26,67.24,67.24,67.24,67.06,66.81,65.86,61.69,61.55,61.32,60.60,60.81,59.55,58.51,59.68,59.84,58.09,55.00,54.12,54.52,54.52,54.03,53.45,53.90,53.11
Producto,0.000453074,03122133,ROPA PARA DORMIR PARA MUJER,104.34,104.34,104.42,104.42,104.52,104.52,104.76,99.99,101.95,102.07,102.07,97.62,97.62,98.02,98.02,98.02,98.02,98.52,97.79,98.55,98.55,98.55,101.39,101.13,101.15,101.30,100.73,100.73,100.39,99.98,99.85,101.38,101.50,100.06,100.06,99.24,99.10,100.14,100.14,95.04,92.99,94.24,94.24,94.24,94.24,95.17,95.25,95.49,94.88,94.14,94.14,94.06,94.00,94.00,94.00,93.99,94.00,94.00,93.49,93.53,90.46,90.14,90.14,90.14,90.14,90.14,89.96,89.96,89.81,89.81,92.65,92.74,92.74,93.74,91.44,87.36,87.36,87.36,79.86,80.40,80.40,79.66,76.49,76.71,76.84,76.80,76.94,77.15,76.49,76.53,76.54,76.97,76.97,79.31,79.17,80.77,80.88,74.51,74.22,74.57,72.65,74.66,74.72,75.17,75.05,73.91,72.71,72.79,72.79,72.44,72.33,73.24,73.09,73.09,73.16,73.19,73.19,73.19,73.30,73.28,73.28,73.28,73.18,73.40,73.41,73.41,73.41,73.47,73.47,73.47,73.47,73.47,73.82,73.82,73.82,73.91,73.91,73.91
Producto,0.004181919,03122134,ROPA INTERIOR PARA MUJER,105.39,105.39,107.13,107.89,108.61,109.04,109.09,109.34,109.46,109.41,109.40,109.57,109.57,109.57,109.57,109.50,109.50,110.40,110.28,110.78,110.40,110.29,109.56,103.32,109.41,109.35,109.43,109.60,109.53,108.56,108.57,108.49,108.52,107.45,107.45,108.49,108.40,108.59,108.59,108.57,108.45,108.31,108.44,108.44,108.61,108.62,108.37,108.64,108.36,108.59,108.58,108.90,108.48,108.17,108.06,107.68,107.98,107.67,107.43,107.43,107.90,107.85,107.88,96.69,103.44,107.19,107.14,107.14,107.14,107.14,109.22,109.22,109.14,109.14,109.18,109.14,109.14,109.59,106.87,107.50,107.25,107.33,106.39,105.87,107.58,107.58,108.26,107.96,108.62,110.74,111.19,108.51,112.52,112.92,113.54,113.24,112.82,112.85,113.15,113.15,112.01,111.90,112.88,112.87,112.84,112.78,112.17,112.93,112.53,112.54,112.25,115.05,115.34,115.75,115.92,116.70,117.76,117.47,118.16,118.36,118.36,118.47,118.47,119.16,117.84,115.66,115.85,115.48,115.48,116.52,107.48,107.48,107.49,107.72,108.67,108.49,108.67,108.82
Producto,0.000580124,03122135,MEDIAS PARA MUJER,95.16,95.43,95.85,96.19,96.41,97.55,98.16,98.16,98.28,98.28,97.64,97.51,97.56,97.62,97.62,97.57,97.72,99.81,100.27,99.86,99.98,100.17,100.94,101.90,101.90,101.74,101.61,101.59,102.00,101.16,101.53,102.00,101.62,102.14,102.55,102.96,103.21,103.48,103.09,103.37,103.88,103.88,104.79,104.79,105.39,105.38,105.36,105.19,105.39,105.52,106.03,106.03,105.76,105.41,104.57,104.57,104.06,104.32,103.88,104.12,104.32,103.94,103.60,103.60,103.13,102.78,101.92,101.87,102.07,102.07,102.07,102.62,102.62,103.92,103.92,104.31,104.33,104.36,104.48,104.05,103.75,105.08,108.51,108.69,111.96,112.81,113.27,113.33,113.70,113.46,113.37,112.72,111.11,110.93,110.10,109.40,111.20,111.21,111.21,111.24,111.02,111.50,110.77,111.69,110.49,110.08,110.09,110.36,110.48,110.73,113.74,115.29,115.65,116.71,116.71,117.40,118.32,118.52,118.62,118.33,117.57,118.34,118.34,118.34,116.54,116.60,115.80,116.07,115.69,115.58,115.58,115.54,115.49,115.57,115.82,115.82,115.59,115.51
Subclase,0.010946625,03123,Prendas de vestir de niños y niñas de 3 a 12 años,96.51,96.51,96.63,96.57,96.65,96.91,96.13,95.71,97.38,97.12,97.63,97.64,97.81,97.78,97.77,97.64,97.50,97.64,97.43,97.42,96.71,96.95,97.28,97.24,97.28,97.07,97.03,96.81,96.51,96.11,96.12,95.99,96.38,96.29,96.26,95.87,95.91,95.88,95.90,95.85,95.67,95.64,95.65,95.69,96.14,95.99,95.67,95.67,95.31,95.05,94.97,95.20,95.00,94.89,94.81,94.72,94.01,94.23,93.38,93.75,93.77,93.66,93.67,91.87,92.17,91.92,91.96,92.44,92.58,92.17,92.06,91.93,91.85,91.74,91.63,91.53,91.45,91.45,91.32,91.32,91.17,91.07,91.01,91.09,91.23,91.36,91.68,91.58,91.74,91.61,91.58,91.27,92.72,92.77,92.28,92.31,92.46,91.94,92.15,92.24,92.11,92.14,91.51,91.42,92.17,92.13,91.59,91.63,91.48,91.41,91.43,91.66,91.63,91.67,91.60,91.43,92.73,92.77,92.60,92.60,92.40,92.34,92.32,91.72,91.22,90.98,90.67,90.57,89.95,90.00,89.71,89.75,89.53,89.66,89.81,89.83,89.17,89.13
Producto,0.000827203,03123136,CHOMPAS DE NIÑAS Y NIÑOS,88.84,88.45,88.45,87.02,87.22,87.55,85.06,83.00,82.94,82.16,81.94,82.98,83.02,80.91,80.81,80.12,80.89,79.76,77.80,77.34,76.44,77.70,78.49,78.17,78.06,77.46,77.79,76.89,75.58,75.29,75.38,75.01,74.00,73.18,73.27,72.52,71.81,70.85,70.92,70.87,70.01,70.13,70.05,70.04,69.82,69.87,69.37,69.07,68.45,66.67,66.39,67.30,67.14,67.27,66.88,66.13,66.49,66.48,65.37,64.80,64.88,64.67,64.62,64.62,64.23,64.17,63.87,63.61,63.51,63.10,62.20,61.81,61.75,61.75,61.53,61.53,60.57,60.57,60.57,60.57,60.20,60.20,60.37,60.48,60.52,60.40,60.69,59.96,60.13,60.05,59.88,59.63,59.68,59.63,59.28,59.23,59.53,58.81,59.07,59.17,58.94,58.72,57.85,57.89,57.84,57.41,54.53,54.18,52.63,52.30,52.65,52.78,52.91,52.89,52.56,52.44,52.36,52.25,51.53,51.39,50.99,51.20,51.03,51.17,50.16,50.11,47.07,47.12,47.21,46.79,46.39,46.32,46.24,46.21,45.86,46.09,46.12,45.91
Producto,0.000466213,03123137,CONJUNTO PARA NIÑAS Y NIÑOS,104.64,104.64,104.64,105.30,105.20,106.02,106.02,105.90,105.86,105.86,106.07,106.39,107.94,108.16,108.16,107.57,107.57,107.88,107.88,108.18,108.92,109.00,109.00,112.03,111.89,112.33,112.33,112.15,111.95,110.81,109.80,110.38,110.53,109.87,109.66,110.41,109.36,109.36,109.36,109.36,109.91,109.91,109.91,108.88,109.03,109.03,108.63,109.12,109.12,109.12,109.12,108.98,108.05,108.28,108.38,108.77,109.47,109.47,107.01,107.01,106.34,105.89,106.00,106.00,105.22,103.57,103.57,101.82,102.68,104.65,104.32,104.32,105.00,105.00,104.59,102.55,99.15,99.15,99.15,99.15,99.15,98.36,95.49,96.87,96.98,96.98,96.08,96.47,98.57,98.57,98.57,97.86,95.33,95.33,91.87,91.87,91.87,91.87,91.87,92.19,92.19,92.19,91.84,91.10,92.84,92.84,91.73,91.73,91.22,91.64,90.62,91.19,91.49,90.41,90.41,90.06,90.06,90.13,90.11,89.24,89.09,89.33,89.33,88.44,85.73,85.35,86.51,86.51,86.32,86.32,83.36,82.94,83.97,83.69,83.73,83.33,83.33,83.10
Producto,0.000971309,03123138,CAMISETA PARA NIÑAS Y NIÑOS,92.62,92.92,93.53,93.81,93.81,93.81,93.81,93.81,94.03,94.30,94.30,94.30,94.30,93.98,93.98,94.06,94.06,94.36,93.42,94.19,92.51,92.54,94.47,94.01,93.91,93.85,93.72,93.76,92.56,91.37,91.31,91.42,90.94,91.02,90.51,90.51,92.37,91.87,91.87,91.25,91.99,91.99,91.99,91.99,91.99,91.99,91.88,92.18,92.61,92.61,92.61,93.20,91.21,90.89,90.89,90.89,90.89,90.89,88.42,90.86,90.70,90.70,91.00,85.12,84.83,87.49,86.74,86.74,87.64,86.09,86.09,86.09,85.24,85.24,84.41,84.41,86.75,86.75,85.11,85.11,85.11,83.85,83.85,83.15,83.21,83.64,83.55,83.76,83.76,85.21,84.62,84.62,84.21,84.21,86.29,85.84,85.59,85.59,85.59,85.91,85.96,86.04,86.04,86.14,85.86,85.24,84.69,84.05,84.23,84.23,84.23,85.02,84.95,84.95,84.82,79.74,79.00,78.94,78.65,78.66,78.14,77.31,77.31,77.01,75.47,75.52,75.09,74.40,74.40,74.99,74.99,74.99,73.46,73.73,75.22,75.19,68.60,68.59
Producto,0.000817812,03123139,BLUSA PARA NIÑAS ,92.94,92.94,92.94,94.30,94.30,95.06,96.29,96.04,96.29,96.33,95.14,94.57,93.96,96.43,96.43,96.47,92.29,93.59,93.55,93.93,92.82,93.17,94.71,94.14,94.50,95.07,94.24,93.02,92.88,92.40,92.40,92.96,92.90,92.76,93.02,92.77,91.68,91.68,91.21,91.21,91.21,90.32,90.31,89.54,90.38,90.81,90.81,90.81,90.22,88.90,88.90,88.90,88.90,88.90,88.63,88.63,84.52,88.63,85.45,85.29,85.29,85.29,85.29,85.29,85.03,85.03,85.03,84.14,84.14,84.88,84.88,84.64,82.82,80.28,80.20,80.04,79.87,79.87,79.87,79.87,79.76,79.76,80.61,80.55,80.58,80.69,81.03,81.03,81.03,81.06,81.06,77.66,77.66,77.65,79.83,79.83,79.65,70.41,70.17,70.29,69.25,69.25,69.19,70.02,66.11,66.21,66.48,66.61,66.23,66.23,66.19,66.68,66.52,66.49,64.28,62.48,62.39,62.33,62.33,62.07,62.07,62.10,62.10,60.55,60.51,59.88,59.80,56.99,56.50,56.10,55.97,55.97,53.38,54.90,56.30,56.25,56.25,55.69
Producto,0.001546831,03123140,PANTALONES PARA NIÑAS Y NIÑOS,89.83,90.25,90.53,90.52,90.73,91.31,86.81,84.57,86.94,86.90,94.69,93.33,93.42,94.78,94.78,94.82,94.82,95.28,95.60,95.58,94.19,94.19,93.90,93.35,93.96,92.51,92.48,92.48,92.29,91.34,91.34,90.44,90.56,92.20,92.20,89.44,89.05,90.25,90.57,90.57,88.50,88.50,88.50,89.31,89.22,88.47,87.45,87.30,84.71,85.84,85.84,85.69,85.88,85.88,85.88,86.18,85.25,85.25,83.17,85.36,85.45,84.97,85.07,85.07,84.47,74.47,75.60,81.01,81.44,80.54,80.41,79.81,79.81,79.81,79.81,79.81,80.00,80.00,79.82,79.82,79.93,80.08,79.72,79.99,80.42,80.41,82.19,81.80,82.61,81.19,81.19,80.26,80.26,80.26,77.41,77.92,77.92,77.16,77.82,77.09,76.85,76.85,76.67,74.48,74.32,73.77,73.77,73.97,73.97,73.97,73.97,74.07,74.07,74.07,74.23,74.23,74.20,74.20,73.80,74.20,74.04,73.74,73.73,73.15,73.15,72.75,72.83,73.39,73.62,73.62,72.45,72.96,72.72,73.10,73.10,73.12,72.83,72.83
Producto,0.000830961,03123141,ROPA INTERIOR PARA NIÑAS Y NIÑOS,106.22,106.08,106.94,106.94,107.33,108.79,108.79,108.37,108.48,106.24,103.11,104.00,104.53,104.53,104.53,104.87,105.68,107.75,108.04,108.03,107.81,107.87,107.87,107.11,106.91,106.91,106.34,106.34,106.19,104.84,105.62,104.99,104.57,103.29,103.12,103.12,103.36,103.34,103.34,103.09,102.89,102.87,103.12,103.26,103.39,103.75,102.68,102.68,102.96,102.96,102.24,103.94,103.35,101.25,100.84,100.14,100.15,100.84,100.81,100.98,101.63,101.49,101.69,91.94,94.82,99.55,99.64,99.53,99.82,99.82,100.99,100.99,101.41,101.56,101.61,101.29,101.29,101.29,101.29,101.37,101.13,101.13,100.87,101.23,102.20,103.80,104.76,105.01,105.01,103.26,103.73,103.64,103.61,103.34,103.24,103.47,103.32,103.98,103.98,106.20,106.20,105.94,103.49,105.95,105.64,106.55,105.49,106.68,107.56,106.75,107.00,108.48,107.58,107.84,108.38,108.16,108.21,109.55,109.58,109.73,110.15,110.17,110.26,109.75,107.02,105.69,106.57,106.65,106.52,107.01,107.25,107.25,107.07,107.46,107.79,107.78,104.70,105.01
Producto,0.00052745,03123142,MEDIAS PARA NIÑAS Y NIÑOS,99.39,99.12,99.12,99.54,99.92,99.92,99.92,103.10,103.10,102.48,102.48,102.48,104.34,104.34,104.34,103.40,101.36,102.04,103.43,102.86,102.06,103.04,104.08,105.24,104.86,104.91,104.91,103.92,103.92,103.23,103.23,103.23,103.23,103.76,103.76,103.76,106.49,106.50,106.50,106.62,109.01,109.01,109.01,109.37,109.18,106.86,105.63,105.90,105.95,103.93,103.93,103.93,103.93,103.93,103.96,103.93,103.93,103.93,102.83,103.28,103.28,103.28,102.54,84.04,90.93,102.06,102.06,102.36,102.84,102.55,101.92,101.92,102.46,102.46,102.46,102.46,102.46,102.46,102.46,102.46,103.13,103.13,102.89,103.20,103.54,104.12,105.23,105.23,104.48,105.27,105.49,105.88,105.88,107.53,102.42,102.42,105.66,106.78,109.09,109.09,108.49,109.96,102.54,102.54,101.74,103.29,102.32,103.29,103.95,103.95,103.93,104.39,104.57,106.02,106.79,113.59,112.21,112.21,111.98,112.23,109.87,109.65,109.65,101.15,100.96,99.23,99.84,99.84,99.64,100.79,100.79,101.02,101.21,101.21,101.28,101.43,101.42,101.42
Producto,0.004958846,03123143,UNIFORME ESCOLAR,99.00,99.00,99.00,99.00,99.00,99.00,99.00,99.00,101.75,101.71,101.44,101.44,101.44,101.44,101.44,101.44,101.44,101.44,101.44,101.44,100.95,100.97,100.97,100.97,100.97,100.97,100.97,100.97,100.97,100.97,100.97,100.97,102.09,101.90,101.90,101.90,101.90,101.90,101.90,101.90,101.90,101.90,101.90,101.90,102.80,102.79,102.79,102.79,102.79,102.79,102.79,102.79,102.79,102.79,102.79,102.79,101.80,101.80,101.80,101.80,101.80,101.80,101.80,101.80,101.80,101.80,101.80,101.80,101.74,101.26,101.26,101.26,101.26,101.26,101.26,101.26,101.26,101.26,101.26,101.26,101.00,101.00,101.12,101.12,101.12,101.12,101.12,101.12,101.12,101.12,101.12,101.12,104.24,104.24,104.24,104.24,104.24,104.24,104.24,104.24,104.24,104.24,104.24,104.24,106.17,106.17,106.17,106.17,106.17,106.17,106.17,106.17,106.17,106.17,106.17,106.17,109.03,109.01,109.01,109.01,109.01,109.01,109.01,109.01,109.01,109.01,109.01,109.01,107.79,107.79,107.79,107.79,107.79,107.79,107.79,107.79,107.79,107.79
Subclase,0.002408319,03124,Prendas de vestir y complementos para niños y niñas de 0 a 2 años,98.34,98.26,98.48,97.91,98.13,98.13,98.02,94.90,95.30,95.70,96.91,96.94,97.74,96.97,96.83,96.61,95.58,96.77,96.47,96.08,94.54,94.77,96.22,95.14,94.93,94.34,94.48,94.85,94.65,93.79,93.34,93.26,92.74,91.94,91.79,91.76,91.96,91.81,91.82,90.88,91.60,91.44,90.61,91.19,92.19,92.19,92.19,91.68,90.75,90.30,89.67,89.61,89.93,90.51,90.50,90.05,88.94,88.98,86.97,86.75,86.65,86.17,86.20,86.28,86.15,85.48,84.65,84.95,83.47,82.81,82.90,82.90,82.13,81.22,81.50,81.49,80.59,80.43,79.96,80.24,79.86,80.42,79.76,78.53,78.96,79.07,79.84,79.81,78.94,78.97,78.35,78.35,78.24,77.36,76.84,76.75,76.11,76.25,76.20,76.17,75.94,75.80,75.88,76.18,75.93,75.88,75.37,75.43,75.48,75.36,75.31,76.26,75.57,75.48,75.57,74.47,74.62,74.21,72.40,72.51,71.87,72.12,72.02,71.48,71.21,71.12,70.62,70.20,70.10,70.04,68.34,68.31,67.67,68.45,68.41,68.43,68.24,68.29
Producto,0.000342909,03124144,CAMISETA PARA BEBÉ,98.24,98.74,99.29,92.70,92.70,92.70,91.91,89.98,92.43,92.64,92.64,92.64,92.64,93.08,93.08,93.21,92.43,93.43,93.43,88.73,86.65,86.70,93.07,92.60,91.63,92.03,91.71,91.71,90.62,89.99,88.67,88.08,87.68,87.86,87.64,86.87,87.67,87.39,86.81,81.82,82.35,82.35,82.35,82.59,87.57,87.57,87.57,86.99,85.34,86.60,86.60,85.92,85.92,85.92,85.46,85.46,86.12,86.28,84.70,86.41,86.32,86.32,86.32,86.66,86.49,85.91,84.47,84.47,84.82,83.42,83.43,83.43,82.04,79.65,81.15,81.15,79.36,79.36,80.07,80.07,79.43,80.22,80.22,79.85,80.45,79.00,79.96,79.59,78.65,78.64,76.53,76.91,76.91,74.02,74.02,74.02,73.14,73.06,72.96,72.85,73.14,72.97,73.57,73.51,72.91,74.28,74.91,75.00,74.74,74.51,74.45,75.53,75.85,75.74,75.93,73.92,74.82,74.76,74.76,75.11,74.09,74.20,74.20,72.95,72.87,72.64,69.87,68.79,68.87,68.84,68.79,68.10,67.30,67.45,67.35,67.48,67.61,67.20
Producto,0.001789506,03124145,ROPA EXTERIOR PARA BEBÉ,97.19,96.99,96.99,97.46,97.50,97.51,97.51,94.59,94.52,95.04,96.74,96.79,96.72,95.47,95.27,94.92,93.63,95.10,94.67,95.03,93.22,93.48,94.42,93.00,92.83,92.49,92.80,93.39,93.32,92.43,92.29,92.05,91.48,90.37,90.19,90.14,90.09,90.05,90.17,89.94,90.70,90.72,89.52,90.00,90.67,90.67,90.67,90.66,89.96,88.84,88.70,88.70,89.02,89.33,89.41,88.76,87.54,87.51,85.24,84.28,83.93,83.49,83.49,83.49,83.37,82.50,81.63,81.94,79.76,79.27,79.38,79.38,78.71,77.87,78.20,78.27,77.90,77.68,76.90,77.29,76.94,77.54,76.59,75.26,75.66,75.95,76.94,76.97,76.18,76.34,75.78,75.87,75.78,75.11,74.31,74.18,74.03,74.24,74.02,74.09,74.09,74.05,73.97,73.97,73.99,73.83,73.08,73.70,73.82,73.70,73.63,74.52,73.50,73.45,73.48,72.68,72.67,72.48,69.93,70.00,69.35,69.42,69.29,68.80,68.65,68.59,68.62,68.62,68.56,68.56,66.16,66.37,65.54,66.26,66.21,66.22,65.99,66.09
Producto,0.000275904,03124146,ROPA INTERIOR PARA BEBÉ,103.91,103.91,104.87,104.91,106.23,106.23,106.23,101.00,101.69,101.69,101.69,101.69,107.43,107.84,107.84,107.90,107.90,107.92,107.92,108.00,108.24,108.50,107.80,107.80,108.05,105.33,105.15,104.79,104.79,103.84,102.74,103.90,103.48,103.31,103.31,104.08,104.93,104.36,104.41,103.85,104.51,103.41,103.55,104.89,103.74,103.74,103.74,100.95,99.60,100.74,97.21,97.44,98.02,100.46,100.43,100.55,98.29,98.60,97.38,98.90,100.01,98.89,99.10,99.29,99.18,99.31,99.31,99.84,100.00,99.21,99.25,99.25,98.57,98.74,97.67,97.23,94.61,94.61,94.54,94.54,94.24,94.44,94.54,92.96,93.37,94.08,93.65,93.65,92.43,91.92,92.42,91.58,91.26,91.26,91.59,91.59,88.85,88.85,89.72,89.20,87.43,86.81,87.24,89.26,88.00,87.19,86.81,84.10,84.13,84.13,84.13,85.27,85.21,84.95,85.22,83.56,83.81,82.02,82.02,82.12,81.90,83.08,83.08,82.95,81.93,81.81,80.94,79.11,78.59,78.24,78.32,77.80,78.24,79.90,79.90,79.90,79.63,79.89
Clase,0.000852245,0313,Otros artículos y accesorios de vestir (SD),99.97,99.97,99.97,100.57,99.46,100.73,101.17,101.54,101.13,100.13,99.92,100.38,101.01,101.01,100.71,99.21,99.56,99.05,98.69,100.22,99.16,99.24,99.34,97.12,100.31,99.41,99.22,98.87,99.86,98.94,99.28,97.93,97.64,97.53,97.19,97.08,96.99,96.93,96.12,98.01,98.58,98.14,97.36,97.36,97.23,96.80,95.21,95.27,95.34,95.25,95.05,94.67,95.75,95.79,95.79,95.04,95.75,96.11,95.62,94.13,94.58,94.63,94.63,94.63,90.91,92.04,92.86,92.84,92.24,92.60,91.94,92.86,92.99,91.81,90.43,90.23,89.46,89.00,88.96,87.91,88.08,88.02,88.28,88.40,88.07,89.12,89.12,89.24,89.92,90.37,90.27,90.82,90.59,89.99,89.53,89.91,89.98,90.02,89.03,89.07,89.08,89.21,88.09,88.41,88.05,88.04,87.65,87.42,87.08,88.10,86.94,87.96,88.10,88.49,88.57,88.44,88.41,88.43,87.89,87.81,86.90,86.48,86.57,85.41,86.44,86.67,86.73,86.46,86.35,86.75,86.63,85.62,85.64,85.83,85.86,86.00,86.14,86.01
Subclase,0.000852245,03131,Accesorios de vestir,99.97,99.97,99.97,100.57,99.46,100.73,101.17,101.54,101.13,100.13,99.92,100.38,101.01,101.01,100.71,99.21,99.56,99.05,98.69,100.22,99.16,99.24,99.34,97.12,100.31,99.41,99.22,98.87,99.86,98.94,99.28,97.93,97.64,97.53,97.19,97.08,96.99,96.93,96.12,98.01,98.58,98.14,97.36,97.36,97.23,96.80,95.21,95.27,95.34,95.25,95.05,94.67,95.75,95.79,95.79,95.04,95.75,96.11,95.62,94.13,94.58,94.63,94.63,94.63,90.91,92.04,92.86,92.84,92.24,92.60,91.94,92.86,92.99,91.81,90.43,90.23,89.46,89.00,88.96,87.91,88.08,88.02,88.28,88.40,88.07,89.12,89.12,89.24,89.92,90.37,90.27,90.82,90.59,89.99,89.53,89.91,89.98,90.02,89.03,89.07,89.08,89.21,88.09,88.41,88.05,88.04,87.65,87.42,87.08,88.10,86.94,87.96,88.10,88.49,88.57,88.44,88.41,88.43,87.89,87.81,86.90,86.48,86.57,85.41,86.44,86.67,86.73,86.46,86.35,86.75,86.63,85.62,85.64,85.83,85.86,86.00,86.14,86.01
Producto,0.000337243,03131147,CORREA,97.94,97.94,97.94,99.76,99.76,100.34,101.95,101.95,101.95,98.73,98.73,98.47,98.47,98.47,98.76,98.76,98.52,99.34,95.64,99.07,98.99,98.80,98.80,98.26,98.50,98.26,97.66,97.55,97.55,95.64,96.61,96.61,96.60,96.56,96.56,96.56,96.56,96.49,94.43,94.43,94.47,94.47,94.43,94.43,94.43,95.04,95.04,93.43,93.65,93.65,93.65,93.65,93.65,93.77,93.77,93.78,94.70,94.70,94.70,94.70,94.70,94.70,94.70,94.70,94.70,94.99,95.92,95.86,93.89,95.86,94.82,96.62,97.18,97.18,94.55,94.55,94.36,94.52,94.65,93.55,93.88,95.50,95.50,95.50,96.14,96.14,96.14,96.14,96.16,96.34,96.34,96.96,97.07,97.99,97.55,97.55,97.65,97.79,94.87,94.87,94.64,94.98,95.59,96.05,96.05,96.05,96.05,96.05,96.05,95.71,94.21,95.22,95.22,95.22,95.14,95.80,95.69,95.69,95.69,95.69,94.57,94.57,94.57,94.57,94.57,94.57,94.57,93.47,94.51,94.51,94.51,94.51,94.83,95.41,95.94,95.94,95.94,96.26
Producto,0.000370466,03131148,GORRA,101.26,101.26,101.28,101.28,98.69,101.22,101.01,101.89,100.93,101.05,100.55,101.46,102.95,102.95,102.03,98.50,99.51,97.47,99.44,100.30,101.49,101.11,101.33,95.81,103.12,103.61,103.61,103.23,101.34,100.80,100.85,101.85,101.79,101.73,101.52,101.52,101.32,101.22,100.95,104.17,104.71,104.12,103.03,103.03,102.73,102.73,99.01,99.01,99.01,98.79,98.34,98.34,98.00,98.00,98.00,97.74,97.94,97.39,97.39,93.88,94.95,95.07,95.07,95.07,95.07,95.11,95.11,95.11,94.19,89.96,89.96,89.96,90.60,90.14,89.69,89.34,87.57,87.57,86.90,86.90,87.04,86.49,87.20,87.27,88.56,91.04,91.04,91.04,91.04,91.95,91.20,91.81,91.20,89.10,88.33,89.25,89.63,89.63,89.23,89.32,89.25,89.30,87.13,87.32,86.47,86.44,84.75,83.37,82.57,85.66,84.28,85.94,85.96,86.89,87.00,86.09,86.11,86.17,84.90,84.81,84.37,83.64,83.83,81.12,83.38,83.25,83.38,83.59,82.81,83.73,83.44,81.12,80.93,80.93,80.58,80.92,81.24,80.70
Producto,0.000144536,03131149,CORBATA,100.40,100.40,100.40,100.40,100.40,100.40,100.40,100.40,100.40,100.40,100.40,101.01,101.01,101.01,101.01,101.01,101.01,101.41,101.41,101.61,95.36,96.60,96.60,97.85,97.85,93.67,93.67,93.07,100.36,100.05,100.10,92.87,91.84,91.55,90.53,90.08,90.08,90.08,89.99,92.08,93.39,92.63,91.42,91.42,91.42,88.86,88.86,91.21,91.21,91.21,91.21,89.68,94.62,94.62,94.62,92.02,93.37,95.75,93.80,93.80,93.80,93.80,93.80,93.80,78.70,82.83,84.94,84.94,86.70,92.86,91.56,92.91,91.61,87.59,86.28,86.09,86.28,84.17,84.99,82.22,82.22,80.78,80.62,81.01,76.56,76.56,76.56,77.04,79.75,79.75,80.67,80.99,80.99,80.99,80.99,80.99,80.45,80.45,80.99,80.99,81.44,81.44,79.83,80.22,80.22,80.22,81.59,83.02,83.02,82.26,81.94,81.88,82.39,82.39,82.60,82.77,82.77,82.77,82.77,82.60,81.15,80.72,80.72,80.72,80.98,82.16,82.16,82.16,81.72,81.72,81.72,81.67,81.67,81.67,81.67,81.67,81.67,81.67
Clase,0.001886198,0314,"Limpieza, reparación y alquiler de prendas de vestir (S)",101.33,100.89,100.83,100.61,101.09,101.45,101.88,102.30,102.54,102.59,102.43,102.31,102.09,102.29,102.54,102.59,102.72,103.24,104.09,104.20,104.28,104.76,104.27,104.05,103.85,104.56,104.68,105.13,105.22,105.02,105.44,105.72,105.42,105.24,104.95,104.86,103.09,102.92,102.96,103.03,103.11,103.31,103.40,103.40,103.40,103.52,103.37,103.00,104.82,104.48,104.41,104.37,104.39,104.47,104.42,104.97,105.00,105.00,104.87,104.87,105.09,105.09,104.78,104.78,104.53,104.01,103.94,103.45,103.20,103.29,103.28,103.02,103.00,103.05,102.75,102.14,102.13,101.92,101.73,101.53,101.26,102.06,102.21,102.33,103.69,104.05,104.64,105.59,106.37,106.42,106.96,107.20,107.24,107.05,106.86,106.64,107.13,107.66,108.13,108.31,108.97,109.96,109.36,109.23,110.21,110.30,110.27,110.59,110.86,111.23,111.14,113.43,113.32,113.49,113.47,113.52,113.81,113.52,113.19,113.30,113.34,113.49,113.69,113.76,113.77,114.23,114.20,114.96,115.09,114.74,114.99,114.93,115.60,115.67,116.03,116.34,116.34,116.80
Subclase,0.001886198,03141,"Limpieza, reparación y alquiler de prendas de vestir",101.33,100.89,100.83,100.61,101.09,101.45,101.88,102.30,102.54,102.59,102.43,102.31,102.09,102.29,102.54,102.59,102.72,103.24,104.09,104.20,104.28,104.76,104.27,104.05,103.85,104.56,104.68,105.13,105.22,105.02,105.44,105.72,105.42,105.24,104.95,104.86,103.09,102.92,102.96,103.03,103.11,103.31,103.40,103.40,103.40,103.52,103.37,103.00,104.82,104.48,104.41,104.37,104.39,104.47,104.42,104.97,105.00,105.00,104.87,104.87,105.09,105.09,104.78,104.78,104.53,104.01,103.94,103.45,103.20,103.29,103.28,103.02,103.00,103.05,102.75,102.14,102.13,101.92,101.73,101.53,101.26,102.06,102.21,102.33,103.69,104.05,104.64,105.59,106.37,106.42,106.96,107.20,107.24,107.05,106.86,106.64,107.13,107.66,108.13,108.31,108.97,109.96,109.36,109.23,110.21,110.30,110.27,110.59,110.86,111.23,111.14,113.43,113.32,113.49,113.47,113.52,113.81,113.52,113.19,113.30,113.34,113.49,113.69,113.76,113.77,114.23,114.20,114.96,115.09,114.74,114.99,114.93,115.60,115.67,116.03,116.34,116.34,116.80
Producto,0.001067272,03141150,CONFECCIÓN Y REPARACIÓN DE PRENDAS DE VESTIR,100.11,100.26,100.15,99.76,99.83,99.78,100.67,101.48,101.97,102.07,101.75,102.00,101.37,101.79,102.31,102.26,102.12,102.20,102.33,102.38,102.53,102.75,102.44,102.44,102.04,103.21,103.39,103.91,104.10,104.47,105.35,105.93,105.30,104.94,104.33,104.14,104.69,104.74,104.81,104.97,104.73,105.14,105.42,105.33,105.33,105.57,105.27,104.88,104.59,104.57,104.43,104.35,104.40,104.18,103.96,104.03,103.92,103.92,103.58,103.58,103.58,103.58,102.95,102.95,102.71,101.63,101.21,100.28,99.77,99.96,99.94,99.39,99.35,99.24,98.74,97.48,97.26,97.21,96.81,96.76,96.19,97.21,97.43,97.05,97.69,98.44,99.46,101.29,101.29,101.58,101.89,102.39,102.48,102.75,102.35,102.82,102.87,103.62,104.58,104.90,106.27,106.42,107.07,106.80,107.20,107.04,106.97,107.83,108.32,108.32,108.32,109.27,109.27,109.13,109.09,109.09,109.69,109.10,108.80,108.80,108.88,109.56,109.93,109.89,109.93,110.87,110.81,112.82,112.91,112.40,112.49,112.37,112.86,113.00,113.45,113.65,113.65,114.31
Producto,0.000818926,03141151,LIMPIEZA Y LAVADO DE PRENDAS DE VESTIR,102.48,101.48,101.48,101.40,102.28,103.03,103.03,103.08,103.08,103.08,103.08,102.60,102.76,102.76,102.76,102.90,103.28,104.23,105.74,105.92,105.92,106.65,105.99,105.55,105.55,105.83,105.89,106.27,106.27,105.53,105.53,105.53,105.53,105.53,105.53,105.53,101.59,101.21,101.21,101.21,101.58,101.58,101.50,101.58,101.58,101.58,101.58,101.23,105.04,104.39,104.39,104.39,104.39,104.75,104.85,105.86,106.01,106.01,106.08,106.08,106.51,106.51,106.51,106.51,106.24,106.24,106.51,106.43,106.43,106.43,106.43,106.43,106.43,106.63,106.52,106.52,106.73,106.35,106.35,106.02,106.02,106.64,106.71,107.31,109.33,109.33,109.51,109.65,111.15,110.98,111.73,111.73,111.73,111.10,111.10,110.23,111.14,111.47,111.47,111.52,111.52,113.30,111.52,111.52,113.04,113.37,113.37,113.20,113.25,113.97,113.80,117.34,117.13,117.60,117.60,117.69,117.69,117.69,117.33,117.54,117.54,117.18,117.23,117.40,117.40,117.40,117.40,116.97,117.15,116.94,117.33,117.33,118.18,118.18,118.46,118.87,118.87,119.15
Grupo,0.02353517,032,Calzado,96.76,96.75,96.88,96.74,96.89,96.65,97.18,96.77,96.71,96.41,96.42,96.79,95.98,95.75,95.14,95.28,94.30,94.25,96.07,95.04,95.21,94.96,95.32,92.93,94.05,92.85,93.33,93.31,92.95,90.51,91.09,90.39,90.19,90.11,89.46,88.44,88.58,88.92,88.15,87.53,87.13,87.16,88.21,87.55,87.06,86.87,86.98,86.84,86.97,86.77,86.88,86.80,87.13,86.95,87.61,87.22,87.07,86.96,85.86,84.20,84.11,84.22,84.10,84.01,84.04,83.91,82.75,82.32,82.43,82.36,81.80,81.52,81.24,81.40,80.68,80.35,79.90,79.35,79.37,79.33,78.97,78.33,78.86,79.64,79.83,79.86,79.42,80.08,79.78,79.75,79.12,80.16,80.69,80.32,78.53,77.78,77.34,77.00,77.32,77.42,77.06,76.34,74.82,74.90,74.08,73.75,73.61,74.18,74.10,74.26,73.24,73.83,73.96,74.03,73.92,73.15,73.33,73.29,73.07,73.01,71.38,71.38,70.77,71.04,69.46,68.93,68.57,69.15,68.94,68.59,67.29,67.07,67.29,66.83,66.40,65.52,65.17,65.72
Clase,0.023028098,0321,Zapatos y otros calzados (SD),96.77,96.75,96.87,96.72,96.86,96.61,97.14,96.71,96.61,96.29,96.30,96.66,95.82,95.59,94.95,95.08,94.06,94.03,95.89,94.83,95.01,94.74,95.11,92.66,93.81,92.58,93.08,93.05,92.68,90.17,90.77,90.09,89.84,89.76,89.09,88.05,88.17,88.52,87.73,87.10,86.69,86.70,87.79,87.02,86.52,86.33,86.44,86.28,86.42,86.21,86.32,86.24,86.59,86.41,87.10,86.70,86.55,86.44,85.30,83.60,83.51,83.62,83.50,83.41,83.44,83.30,82.21,81.76,81.87,81.81,81.26,80.97,80.65,80.79,80.05,79.71,79.26,78.69,78.71,78.68,78.32,77.61,78.15,78.96,79.15,79.15,78.68,79.30,78.96,78.93,78.26,79.33,79.88,79.50,77.65,76.87,76.42,76.10,76.43,76.50,76.13,75.39,73.82,73.85,73.01,72.68,72.54,73.12,73.03,73.14,72.11,72.58,72.70,72.77,72.64,71.85,72.04,71.99,71.79,71.73,70.04,70.04,69.42,69.70,68.07,67.52,67.14,67.73,67.52,67.16,65.82,65.51,65.78,65.32,64.86,63.98,63.60,64.17
Subclase,0.009831308,03211,Zapatos de hombres de 13 años y más,102.96,102.96,103.27,103.55,105.55,105.62,106.16,106.19,106.11,105.83,105.88,106.78,105.64,105.39,104.76,105.47,104.16,103.51,108.13,106.52,107.28,106.21,106.91,103.67,106.18,105.17,105.62,105.50,106.32,103.21,103.92,102.49,102.39,102.38,101.87,100.21,100.44,102.21,100.62,100.04,99.12,99.04,100.85,99.70,98.83,98.50,99.63,99.56,99.97,99.66,99.46,99.23,99.85,99.83,101.55,100.89,100.78,100.92,99.52,96.99,96.71,97.01,97.01,96.61,96.61,96.77,95.95,95.57,95.46,95.68,94.62,94.23,94.27,94.09,93.42,92.89,92.42,91.29,91.11,90.99,90.89,90.62,90.17,92.12,92.53,92.24,91.84,92.88,91.89,92.11,92.14,93.29,93.67,93.71,90.53,90.33,90.02,90.42,91.59,91.52,91.50,90.95,89.24,89.46,87.64,87.37,87.92,88.83,88.93,88.89,88.65,90.39,90.59,90.67,90.52,89.88,89.91,89.99,89.63,89.56,85.64,86.76,86.50,86.23,83.77,83.87,83.67,84.97,85.13,84.96,83.09,82.12,83.53,82.43,81.94,79.79,78.78,80.11
Producto,0.003482311,03211152,CALZADO PARA HOMBRE,105.72,105.96,106.14,106.42,107.63,107.82,107.82,107.89,108.13,107.77,107.77,106.43,107.66,106.96,105.45,100.45,100.17,100.76,101.16,97.65,97.87,96.50,96.03,94.99,95.38,94.55,95.95,96.20,98.25,95.66,95.58,94.68,94.51,94.96,94.00,93.65,94.37,94.61,93.47,92.89,93.12,93.77,95.75,95.75,94.20,93.32,93.84,94.25,93.76,93.33,93.67,93.33,97.59,97.59,97.77,97.43,97.10,97.84,94.50,94.50,93.76,94.45,94.45,94.45,94.45,89.47,88.73,88.56,88.55,88.55,86.38,86.11,86.05,85.88,84.23,84.14,82.73,82.40,80.88,81.51,81.35,80.86,79.67,80.59,80.82,80.77,81.50,82.34,79.48,80.15,80.33,80.33,80.37,80.49,80.49,80.83,79.45,80.97,80.55,80.82,80.32,79.00,79.74,79.04,79.69,78.04,78.45,80.60,80.71,80.84,80.17,82.06,82.32,82.35,82.77,80.77,80.81,80.98,80.64,80.43,77.05,75.99,75.99,76.68,76.47,76.47,76.27,76.06,76.85,76.61,76.34,75.76,76.90,77.65,76.39,78.24,77.39,77.40
Producto,0.000496622,03211153,SANDALIAS PARA HOMBRE,98.57,98.62,102.02,102.33,102.72,102.72,102.72,102.72,102.61,103.16,103.16,105.33,105.39,105.39,105.45,105.24,105.24,105.40,105.40,105.17,104.83,105.30,108.31,103.99,104.40,102.86,102.97,98.49,98.32,98.67,98.69,95.39,95.29,96.03,96.03,96.07,96.05,96.05,96.05,96.05,96.05,96.05,96.05,92.80,92.80,92.80,93.31,93.09,93.15,93.43,93.43,93.16,93.25,93.15,93.09,93.09,93.09,92.98,92.98,92.98,92.70,94.17,94.45,94.45,94.41,94.41,94.41,94.41,94.41,93.29,94.41,94.15,93.03,94.38,94.38,95.23,94.44,94.52,94.09,94.61,94.60,94.60,94.78,96.02,95.43,95.84,95.81,95.90,95.90,96.88,96.73,96.84,96.84,96.84,94.34,93.27,92.92,91.63,103.36,104.41,105.58,105.83,104.81,105.25,105.25,106.75,104.69,104.45,106.62,106.62,106.62,107.30,107.33,107.67,108.45,108.45,108.45,108.09,107.88,108.18,108.24,108.24,108.24,108.24,109.19,109.19,109.19,108.03,107.84,107.93,107.93,105.89,109.16,109.16,109.16,109.19,108.71,109.12
Producto,0.005585265,03211154,ZAPATOS DEPORTIVOS PARA HOMBRE,101.16,101.08,101.38,101.67,104.32,104.40,105.38,105.26,105.61,105.33,105.43,108.03,104.99,105.03,105.01,110.01,107.83,106.22,114.40,114.03,115.25,114.20,115.73,110.97,115.23,114.03,113.80,113.75,113.75,110.10,111.43,109.69,109.68,109.38,109.08,106.32,106.24,109.37,107.31,106.66,104.83,104.33,106.18,104.13,103.75,103.82,105.47,105.05,106.16,105.83,105.21,105.04,103.06,103.06,106.04,105.14,105.14,104.92,104.88,100.19,100.26,100.26,100.26,99.54,99.54,103.78,103.18,102.39,102.22,102.64,102.26,101.82,102.03,101.79,101.79,100.84,101.06,99.24,100.06,99.37,99.31,99.16,99.30,102.15,102.40,101.87,100.53,101.80,102.07,101.94,101.87,103.95,104.63,104.78,99.04,98.52,98.81,98.47,100.52,100.16,100.46,100.42,96.96,97.85,94.05,94.72,95.60,95.60,95.60,95.45,95.45,97.36,97.52,97.64,97.04,97.33,97.37,97.39,97.00,97.03,92.35,95.26,94.78,94.02,89.67,89.84,89.64,92.18,91.88,91.74,88.54,87.24,88.90,86.34,86.31,81.04,79.83,82.23
Producto,0.000267109,03211155,BOTAS PARA HOMBRE,101.66,100.05,100.40,100.59,102.24,100.59,100.59,102.79,91.52,91.61,91.65,90.60,91.79,91.81,91.57,90.64,90.64,90.76,89.47,89.80,89.80,91.41,91.20,87.40,87.40,87.61,88.19,84.51,84.51,82.22,82.75,80.95,80.17,78.91,80.34,79.98,79.48,78.18,78.18,78.50,78.23,76.06,76.15,77.28,76.10,75.55,75.56,75.56,75.67,76.72,76.88,77.02,77.06,76.54,76.58,75.87,76.58,75.54,74.25,75.54,74.99,74.89,74.89,74.89,74.89,69.35,63.44,67.37,67.07,67.22,67.22,66.00,64.97,64.91,64.88,64.88,64.70,64.70,64.47,64.43,64.36,64.37,62.74,62.67,68.63,69.11,70.45,70.56,70.82,70.98,70.80,70.91,70.98,67.87,68.37,67.31,70.35,70.36,70.36,70.34,70.34,70.42,67.66,67.66,67.71,67.71,66.07,67.57,67.88,67.85,68.71,66.28,66.28,66.28,66.21,66.16,66.16,66.16,66.01,65.80,65.95,64.26,64.26,60.42,60.42,60.42,60.39,60.57,60.92,60.92,60.92,61.00,60.72,60.72,61.64,61.80,61.80,61.90
Subclase,0.008371024,03212,Zapatos de mujeres de 13 años y más,91.45,91.28,91.15,90.34,89.64,89.22,89.61,88.41,88.65,88.11,88.05,88.00,86.97,86.82,85.89,85.84,85.14,85.42,85.16,84.21,84.59,85.00,85.14,83.25,83.65,82.38,83.08,81.95,80.70,78.83,79.33,79.20,79.12,79.02,78.24,77.27,77.36,76.45,76.27,75.70,75.66,75.70,76.06,75.94,75.68,75.59,74.51,74.20,74.06,73.80,74.02,74.85,74.92,74.52,74.53,74.19,73.91,73.46,72.93,71.45,71.38,71.24,71.00,71.12,71.12,71.34,69.64,69.75,69.84,69.44,69.36,69.14,68.61,68.91,67.69,67.44,66.88,66.60,66.60,66.78,66.67,66.16,66.80,67.37,67.41,67.44,67.20,67.71,67.28,67.07,66.00,67.06,67.07,66.13,64.81,64.98,64.57,63.77,63.26,63.22,62.42,61.10,60.02,59.47,59.09,58.74,57.95,58.40,58.18,58.62,57.54,57.80,57.50,57.85,57.90,57.33,57.37,56.91,56.69,56.56,56.76,55.33,54.10,55.18,53.51,52.53,52.05,51.79,51.27,50.49,49.98,50.30,49.60,49.38,48.76,48.96,49.12,49.15
Producto,0.005289198,03212156,CALZADO PARA MUJER,88.73,88.77,88.55,87.20,85.03,84.07,84.77,82.07,82.33,81.87,81.60,81.46,82.42,81.43,80.52,79.22,78.55,79.10,79.55,77.69,77.49,77.40,77.73,76.65,76.26,73.42,74.25,72.82,73.96,70.75,70.80,70.37,70.29,69.99,69.42,68.92,67.86,67.26,67.54,65.94,65.95,66.05,66.47,66.47,65.91,65.71,65.21,64.99,64.19,63.59,64.01,65.95,65.24,65.10,65.21,64.76,64.54,64.47,63.81,63.26,63.17,63.31,62.76,63.02,62.95,62.61,62.56,62.23,62.11,61.73,62.29,62.57,61.17,60.96,59.50,59.10,58.16,58.48,58.66,58.81,58.52,57.43,57.97,58.23,57.62,57.52,57.84,58.09,58.21,58.27,57.42,57.48,57.46,57.51,54.21,54.70,54.07,53.05,52.90,52.82,52.26,52.15,51.06,50.96,51.27,51.30,50.90,51.34,51.42,51.26,51.32,50.92,51.07,51.73,51.88,51.63,51.72,50.99,51.19,50.37,50.94,49.80,50.12,48.14,48.11,46.81,46.37,46.94,46.20,45.69,45.85,46.23,45.77,45.22,45.53,45.81,45.90,46.05
Producto,0.002033175,03212157,ZAPATOS DEPORTIVOS PARA MUJER,95.19,95.19,95.19,94.43,94.61,94.61,94.73,94.67,95.09,94.04,94.09,93.95,91.38,91.38,91.44,91.44,91.44,91.69,93.86,93.86,95.16,96.57,96.57,93.63,94.92,95.04,95.26,93.99,90.48,89.72,91.09,91.38,91.41,91.41,91.40,89.44,90.59,90.43,89.77,89.77,89.77,89.77,90.62,90.80,90.80,90.80,88.12,87.29,87.75,87.75,87.98,87.99,88.81,88.34,88.34,88.22,88.22,87.34,87.62,84.21,85.26,84.85,84.85,84.85,84.64,86.93,86.17,85.95,85.91,86.00,86.05,85.06,85.07,86.18,86.18,85.93,85.86,84.16,84.39,84.74,85.00,84.87,86.49,88.13,88.15,88.28,88.20,89.43,88.06,88.06,85.97,89.06,89.06,86.81,88.75,88.75,88.34,88.02,86.87,86.84,85.42,81.85,79.90,78.33,77.19,76.05,74.63,74.43,73.62,75.12,72.72,73.92,73.28,73.57,73.72,73.40,73.40,73.01,71.91,72.85,72.85,70.25,66.27,72.69,67.49,66.97,66.11,64.17,63.36,62.73,61.13,60.99,59.41,59.52,57.21,57.12,57.41,57.41
Producto,0.001048651,03212158,BOTAS PARA MUJER,91.38,90.55,90.44,90.60,91.46,91.46,91.68,91.75,91.69,91.69,91.89,92.17,89.48,90.75,88.34,90.64,88.91,88.70,83.60,83.04,83.25,83.22,83.20,81.23,81.90,81.69,82.77,82.45,79.82,78.94,79.08,78.91,78.69,78.82,76.54,76.09,76.88,74.31,73.94,74.53,74.35,74.33,73.86,73.08,73.01,73.01,73.10,73.35,73.64,73.67,73.50,73.35,73.84,73.07,72.86,72.44,71.63,71.08,69.66,69.12,67.50,67.21,67.21,67.21,67.65,66.01,59.79,61.25,61.90,60.78,59.26,59.21,59.60,59.71,57.22,57.24,56.72,57.33,56.65,56.65,56.35,56.42,55.84,55.51,56.85,56.96,55.41,55.38,55.22,54.23,54.19,54.27,54.34,53.37,51.23,51.04,51.03,49.98,49.69,49.73,49.32,48.86,49.06,49.06,48.47,48.51,47.86,49.22,49.27,49.37,47.98,48.16,47.46,47.33,47.05,45.48,45.48,45.46,45.69,45.36,45.14,44.81,44.50,43.90,44.03,43.06,43.02,43.52,43.87,42.34,42.09,42.99,43.02,43.00,43.00,43.43,43.54,43.38
Subclase,0.004151385,03213,Zapatos de niños y niñas de 3 a 12 años,93.34,93.68,93.67,93.84,91.38,90.68,92.63,92.32,91.92,91.90,91.84,91.87,92.04,91.62,91.49,90.71,89.49,90.00,90.21,90.19,88.59,88.74,89.00,87.01,86.89,84.98,85.23,87.83,86.00,83.26,83.94,83.69,82.71,82.56,81.75,81.78,81.73,81.56,81.65,80.65,80.57,80.88,82.00,80.60,80.39,80.32,80.68,80.59,80.70,80.92,81.49,79.85,80.41,80.29,80.22,80.16,80.26,80.62,78.66,78.14,78.62,78.85,78.78,78.92,79.07,77.98,77.40,75.32,75.82,75.77,75.37,75.19,74.52,75.13,75.06,75.02,74.81,74.83,75.34,75.19,73.81,71.55,74.21,72.96,72.80,73.53,72.52,72.69,73.94,73.84,72.25,73.17,75.36,75.14,75.17,71.05,70.16,69.37,69.62,70.24,69.90,69.88,68.22,68.80,69.15,68.67,68.27,68.48,68.20,67.86,65.08,63.29,64.11,63.63,63.29,61.66,62.56,63.06,63.30,63.41,62.44,62.92,62.73,62.62,63.01,61.81,61.35,62.27,61.79,61.83,59.78,59.60,59.43,59.88,59.72,59.46,59.31,59.29
Producto,0.002074336,03213159,CALZADO PARA NIÑAS Y NIÑOS,96.37,97.30,97.27,97.92,97.60,98.89,98.93,101.21,99.02,98.80,98.64,98.91,99.67,98.70,98.49,96.62,93.51,93.58,94.96,94.99,91.34,91.90,92.60,89.88,89.87,87.32,87.70,91.40,87.82,86.50,88.32,87.71,85.26,84.91,84.82,84.16,84.18,84.38,84.42,84.83,84.65,85.49,86.71,83.95,83.20,83.12,83.65,83.96,84.22,84.76,86.19,84.53,83.07,83.22,83.23,83.17,84.02,84.98,80.02,79.56,81.08,81.90,81.86,82.21,81.18,81.15,79.79,78.93,78.31,78.47,78.91,78.70,77.44,78.80,78.79,78.36,76.95,77.28,77.87,77.89,78.52,77.40,78.75,78.56,78.87,78.94,78.49,79.27,80.49,80.24,75.72,77.57,80.86,80.79,79.33,79.50,77.29,78.05,78.68,79.69,78.94,78.89,78.61,77.99,78.91,77.77,77.11,76.19,75.56,75.16,75.13,75.84,77.43,77.13,74.94,72.77,73.66,74.67,75.62,75.86,75.37,75.25,74.78,74.51,74.55,74.26,72.72,73.44,74.11,73.06,72.72,73.12,72.70,73.96,74.05,73.19,72.92,72.98
Producto,0.001957433,03213160,ZAPATOS DEPORTIVOS PARA NIÑAS Y NIÑOS,90.57,90.57,90.57,90.39,86.04,83.75,87.02,84.67,86.23,86.40,86.40,86.23,86.23,86.23,86.23,86.23,86.37,86.87,86.47,86.47,86.32,86.16,86.20,84.74,84.51,82.93,83.10,85.07,84.43,80.70,80.56,80.61,80.61,80.61,79.17,79.72,79.76,79.28,79.28,77.09,77.09,76.98,78.14,77.76,77.94,77.94,78.18,77.84,77.84,77.84,77.84,76.05,78.23,77.90,77.75,77.75,77.21,77.29,77.48,76.88,76.59,76.43,76.32,76.32,77.50,76.21,76.21,72.56,73.69,73.69,72.60,72.54,72.13,72.20,72.10,72.36,73.28,73.28,73.79,73.49,70.48,67.32,70.98,68.79,68.35,69.66,68.04,67.78,69.05,69.05,69.61,69.88,71.53,71.14,72.34,64.50,64.42,62.35,62.33,62.71,62.61,62.61,60.36,61.72,61.72,61.72,61.40,62.55,62.49,62.14,57.06,53.14,53.44,52.93,53.85,52.74,53.61,53.64,53.34,53.36,51.93,52.93,52.93,52.93,53.65,51.78,52.11,53.29,51.90,52.79,49.24,48.60,48.60,48.44,48.09,48.29,48.29,48.19
Producto,0.000119615,03213161,BOTAS PARA NIÑAS Y NIÑOS,97.98,97.05,97.05,96.92,96.98,96.98,100.79,100.58,93.81,93.53,93.64,93.86,90.72,90.51,89.45,89.45,89.45,93.80,90.72,90.02,90.06,90.02,89.03,87.55,87.55,87.55,87.70,87.70,87.70,83.72,83.72,83.29,84.00,84.00,84.00,84.00,82.57,82.57,84.11,84.11,84.03,84.31,84.31,83.30,83.30,82.71,82.71,82.12,82.12,82.12,81.61,81.61,81.61,81.61,81.61,80.93,81.61,80.05,80.05,80.05,80.05,79.43,79.43,79.43,78.35,70.25,69.91,74.73,77.97,75.53,75.58,74.24,75.91,75.99,75.78,75.89,73.29,70.74,70.74,70.74,70.03,68.01,70.94,70.94,69.71,69.69,70.74,70.49,71.69,71.69,71.67,71.67,70.46,70.63,70.83,70.83,72.45,72.45,72.41,72.41,72.80,73.00,65.79,68.20,67.32,67.32,68.42,67.89,68.16,68.35,67.54,67.83,67.74,66.00,67.66,64.98,66.30,67.72,67.73,67.73,67.66,67.49,67.61,67.61,67.52,65.91,65.91,65.66,65.40,65.40,65.27,65.27,65.43,65.55,65.27,65.15,64.41,64.57
Subclase,0.000674382,03214,Zapatos de niños y niñas de 0 a 2 años,99.21,98.54,100.45,100.90,101.48,101.48,93.78,96.67,93.07,93.49,94.26,94.13,94.13,94.13,94.13,93.84,94.35,95.92,95.94,95.15,95.15,94.95,94.12,92.93,91.80,92.32,92.38,92.21,95.76,95.39,94.74,95.36,95.24,94.80,93.99,94.83,94.87,94.39,91.38,91.38,91.33,90.55,90.30,90.69,90.69,90.15,90.01,90.02,90.02,89.10,89.25,89.25,87.54,87.54,87.27,87.67,87.27,84.27,84.22,84.65,83.20,83.20,82.76,82.76,82.83,79.05,79.05,80.78,82.06,82.13,82.21,81.74,81.10,80.83,81.43,80.67,80.77,80.84,80.84,79.77,78.69,78.73,79.07,79.07,80.60,79.80,78.45,76.67,77.26,76.33,76.48,77.54,77.54,77.54,76.48,75.56,75.26,73.41,72.90,73.37,73.37,73.37,66.96,68.85,68.74,68.74,69.08,68.71,68.76,69.57,68.48,67.17,67.30,66.95,65.84,65.00,65.10,65.29,64.84,64.84,66.60,66.36,65.94,65.81,64.31,64.31,62.92,62.37,62.49,62.63,62.63,62.56,62.03,61.91,62.32,61.62,62.05,62.45
Producto,0.000674382,03214162,CALZADO PARA BEBÉ,99.21,98.54,100.45,100.90,101.48,101.48,93.78,96.67,93.07,93.49,94.26,94.13,94.13,94.13,94.13,93.84,94.35,95.92,95.94,95.15,95.15,94.95,94.12,92.93,91.80,92.32,92.38,92.21,95.76,95.39,94.74,95.36,95.24,94.80,93.99,94.83,94.87,94.39,91.38,91.38,91.33,90.55,90.30,90.69,90.69,90.15,90.01,90.02,90.02,89.10,89.25,89.25,87.54,87.54,87.27,87.67,87.27,84.27,84.22,84.65,83.20,83.20,82.76,82.76,82.83,79.05,79.05,80.78,82.06,82.13,82.21,81.74,81.10,80.83,81.43,80.67,80.77,80.84,80.84,79.77,78.69,78.73,79.07,79.07,80.60,79.80,78.45,76.67,77.26,76.33,76.48,77.54,77.54,77.54,76.48,75.56,75.26,73.41,72.90,73.37,73.37,73.37,66.96,68.85,68.74,68.74,69.08,68.71,68.76,69.57,68.48,67.17,67.30,66.95,65.84,65.00,65.10,65.29,64.84,64.84,66.60,66.36,65.94,65.81,64.31,64.31,62.92,62.37,62.49,62.63,62.63,62.56,62.03,61.91,62.32,61.62,62.05,62.45
Clase,0.000507072,0322,Reparación y alquiler de calzado (S),96.70,96.70,97.25,97.36,97.76,98.31,98.31,98.80,99.97,100.43,100.49,101.15,101.56,101.68,101.89,102.57,102.57,102.25,102.50,102.50,102.50,102.50,102.50,102.50,102.50,102.37,102.37,102.32,102.32,102.32,102.46,100.82,102.60,102.60,102.35,102.35,102.75,102.75,102.75,102.75,102.75,103.12,103.20,106.07,106.04,106.04,106.04,106.39,106.39,106.59,106.59,106.25,106.39,105.93,105.43,105.43,105.43,105.43,105.43,105.43,105.43,105.43,105.18,105.18,105.18,105.18,101.97,101.97,101.99,101.99,100.65,100.95,101.90,102.57,102.66,102.93,102.48,102.51,102.47,102.13,101.76,103.45,104.07,103.66,103.66,104.72,105.35,107.63,108.77,108.72,109.33,109.54,109.26,109.36,109.57,109.57,109.57,108.60,108.79,109.48,109.68,109.68,109.95,111.89,111.89,111.32,111.32,111.69,111.66,113.61,113.04,117.90,118.36,118.36,118.83,118.87,118.87,118.87,118.08,118.08,118.47,118.47,118.47,118.47,118.47,118.47,118.66,118.95,118.95,118.95,118.95,122.11,120.14,120.14,120.54,119.94,120.42,120.25
Subclase,0.000507072,03221,Reparación y alquiler de calzado,96.70,96.70,97.25,97.36,97.76,98.31,98.31,98.80,99.97,100.43,100.49,101.15,101.56,101.68,101.89,102.57,102.57,102.25,102.50,102.50,102.50,102.50,102.50,102.50,102.50,102.37,102.37,102.32,102.32,102.32,102.46,100.82,102.60,102.60,102.35,102.35,102.75,102.75,102.75,102.75,102.75,103.12,103.20,106.07,106.04,106.04,106.04,106.39,106.39,106.59,106.59,106.25,106.39,105.93,105.43,105.43,105.43,105.43,105.43,105.43,105.43,105.43,105.18,105.18,105.18,105.18,101.97,101.97,101.99,101.99,100.65,100.95,101.90,102.57,102.66,102.93,102.48,102.51,102.47,102.13,101.76,103.45,104.07,103.66,103.66,104.72,105.35,107.63,108.77,108.72,109.33,109.54,109.26,109.36,109.57,109.57,109.57,108.60,108.79,109.48,109.68,109.68,109.95,111.89,111.89,111.32,111.32,111.69,111.66,113.61,113.04,117.90,118.36,118.36,118.83,118.87,118.87,118.87,118.08,118.08,118.47,118.47,118.47,118.47,118.47,118.47,118.66,118.95,118.95,118.95,118.95,122.11,120.14,120.14,120.54,119.94,120.42,120.25
Producto,0.000507072,03221163,LIMPIEZA Y REPARACIÓN DE CALZADO,96.70,96.70,97.25,97.36,97.76,98.31,98.31,98.80,99.97,100.43,100.49,101.15,101.56,101.68,101.89,102.57,102.57,102.25,102.50,102.50,102.50,102.50,102.50,102.50,102.50,102.37,102.37,102.32,102.32,102.32,102.46,100.82,102.60,102.60,102.35,102.35,102.75,102.75,102.75,102.75,102.75,103.12,103.20,106.07,106.04,106.04,106.04,106.39,106.39,106.59,106.59,106.25,106.39,105.93,105.43,105.43,105.43,105.43,105.43,105.43,105.43,105.43,105.18,105.18,105.18,105.18,101.97,101.97,101.99,101.99,100.65,100.95,101.90,102.57,102.66,102.93,102.48,102.51,102.47,102.13,101.76,103.45,104.07,103.66,103.66,104.72,105.35,107.63,108.77,108.72,109.33,109.54,109.26,109.36,109.57,109.57,109.57,108.60,108.79,109.48,109.68,109.68,109.95,111.89,111.89,111.32,111.32,111.69,111.66,113.61,113.04,117.90,118.36,118.36,118.83,118.87,118.87,118.87,118.08,118.08,118.47,118.47,118.47,118.47,118.47,118.47,118.66,118.95,118.95,118.95,118.95,122.11,120.14,120.14,120.54,119.94,120.42,120.25
División,0.082995127,04,"Alojamiento, agua, electricidad, gas y otros combustibles",103.63,105.31,105.47,105.82,105.98,106.17,107.55,107.78,107.78,108.32,108.48,109.12,109.78,110.22,110.46,111.18,111.31,111.55,111.98,112.17,112.34,112.37,112.41,112.89,113.10,113.57,113.60,113.85,114.18,114.18,114.24,114.32,114.33,114.30,114.35,114.43,114.53,114.66,114.67,114.74,115.00,115.14,115.13,115.08,115.33,115.50,115.67,115.69,115.86,115.81,115.31,115.35,115.37,115.96,116.10,116.13,116.14,116.00,116.07,116.03,116.22,116.39,116.42,116.46,116.44,116.41,116.50,116.41,116.32,116.12,115.71,115.49,115.42,115.44,115.59,115.79,115.68,115.59,115.54,115.64,115.60,115.57,115.38,115.34,115.52,115.78,116.22,116.27,116.76,116.77,116.87,116.83,117.34,117.32,117.38,117.34,117.42,117.58,117.84,117.95,117.97,117.97,117.88,117.82,117.83,117.75,117.90,117.98,118.02,118.10,118.06,118.67,118.73,109.97,117.65,118.68,118.76,118.75,118.83,112.76,106.96,107.10,107.23,120.97,125.00,125.14,125.24,125.37,125.44,125.65,121.04,121.37,121.80,129.00,130.17,130.35,130.49,116.76
Grupo,0.038323871,041,Alquileres efectivos del alojamiento,104.73,104.93,105.29,105.74,105.95,106.31,106.62,107.11,107.12,107.49,107.69,107.92,107.92,108.25,108.69,109.07,109.40,109.79,110.44,110.67,111.05,111.51,111.72,112.22,112.55,112.88,113.05,113.46,114.00,114.08,114.24,114.43,114.38,114.47,114.58,114.64,114.80,115.00,115.12,115.22,115.64,115.81,115.79,115.82,116.04,116.16,116.39,116.43,116.59,116.69,116.76,116.85,116.85,117.16,117.56,117.68,117.70,117.68,117.80,117.88,117.92,118.16,118.22,118.30,118.27,118.28,118.24,118.13,117.94,117.52,117.08,116.62,116.55,116.40,116.67,116.93,116.66,116.58,116.48,116.65,116.58,116.49,116.39,116.31,116.36,116.52,116.64,116.57,116.70,116.68,116.79,116.72,116.90,116.76,116.73,116.63,116.61,116.65,117.00,117.25,117.42,117.42,117.40,117.45,117.47,117.37,117.48,117.58,117.61,117.63,117.63,117.71,117.79,117.83,117.75,117.85,117.89,118.04,118.16,118.28,118.43,118.68,118.83,118.94,119.02,119.29,119.39,119.56,119.70,119.81,120.02,120.44,120.60,120.84,121.13,121.46,121.62,121.66
Clase,0.038323871,0411,Alquileres efectivos pagados por los inquilinos (S),104.73,104.93,105.29,105.74,105.95,106.31,106.62,107.11,107.12,107.49,107.69,107.92,107.92,108.25,108.69,109.07,109.40,109.79,110.44,110.67,111.05,111.51,111.72,112.22,112.55,112.88,113.05,113.46,114.00,114.08,114.24,114.43,114.38,114.47,114.58,114.64,114.80,115.00,115.12,115.22,115.64,115.81,115.79,115.82,116.04,116.16,116.39,116.43,116.59,116.69,116.76,116.85,116.85,117.16,117.56,117.68,117.70,117.68,117.80,117.88,117.92,118.16,118.22,118.30,118.27,118.28,118.24,118.13,117.94,117.52,117.08,116.62,116.55,116.40,116.67,116.93,116.66,116.58,116.48,116.65,116.58,116.49,116.39,116.31,116.36,116.52,116.64,116.57,116.70,116.68,116.79,116.72,116.90,116.76,116.73,116.63,116.61,116.65,117.00,117.25,117.42,117.42,117.40,117.45,117.47,117.37,117.48,117.58,117.61,117.63,117.63,117.71,117.79,117.83,117.75,117.85,117.89,118.04,118.16,118.28,118.43,118.68,118.83,118.94,119.02,119.29,119.39,119.56,119.70,119.81,120.02,120.44,120.60,120.84,121.13,121.46,121.62,121.66
Subclase,0.038323871,04111,Alquileres efectivos de la vivienda,104.73,104.93,105.29,105.74,105.95,106.31,106.62,107.11,107.12,107.49,107.69,107.92,107.92,108.25,108.69,109.07,109.40,109.79,110.44,110.67,111.05,111.51,111.72,112.22,112.55,112.88,113.05,113.46,114.00,114.08,114.24,114.43,114.38,114.47,114.58,114.64,114.80,115.00,115.12,115.22,115.64,115.81,115.79,115.82,116.04,116.16,116.39,116.43,116.59,116.69,116.76,116.85,116.85,117.16,117.56,117.68,117.70,117.68,117.80,117.88,117.92,118.16,118.22,118.30,118.27,118.28,118.24,118.13,117.94,117.52,117.08,116.62,116.55,116.40,116.67,116.93,116.66,116.58,116.48,116.65,116.58,116.49,116.39,116.31,116.36,116.52,116.64,116.57,116.70,116.68,116.79,116.72,116.90,116.76,116.73,116.63,116.61,116.65,117.00,117.25,117.42,117.42,117.40,117.45,117.47,117.37,117.48,117.58,117.61,117.63,117.63,117.71,117.79,117.83,117.75,117.85,117.89,118.04,118.16,118.28,118.43,118.68,118.83,118.94,119.02,119.29,119.39,119.56,119.70,119.81,120.02,120.44,120.60,120.84,121.13,121.46,121.62,121.66
Producto,0.018519433,04111164,ALQUILER DE CASA,99.72,100.10,100.37,100.94,101.03,101.50,101.69,102.27,102.33,103.00,103.08,103.31,103.31,103.65,104.01,104.26,104.61,104.83,105.80,105.91,106.11,106.61,106.81,107.30,107.77,108.04,108.16,108.51,108.65,109.01,109.19,109.31,109.34,109.55,109.65,109.61,109.70,109.74,109.98,110.05,110.86,111.10,111.09,110.99,111.11,111.12,111.22,111.31,111.48,111.67,111.65,111.67,111.55,112.05,112.72,112.96,112.80,112.77,113.01,113.09,113.19,113.14,113.09,113.05,113.24,113.51,113.31,113.16,112.95,112.72,111.90,111.43,111.22,111.24,111.44,111.55,111.66,111.47,111.38,111.66,111.63,111.40,111.53,111.35,111.43,111.64,111.81,111.81,111.90,112.10,112.27,112.32,112.63,112.31,112.22,111.99,112.02,112.00,112.72,113.25,113.46,113.40,113.30,113.36,113.41,113.26,113.49,113.47,113.53,113.53,113.48,113.74,114.13,114.13,114.19,114.35,114.36,114.53,114.53,114.76,115.00,115.28,115.39,115.66,115.71,115.93,115.95,116.06,116.33,116.46,116.70,116.85,117.17,117.59,118.01,118.31,118.51,118.41
Producto,0.013111185,04111165,ALQUILER DE DEPARTAMENTO,110.25,110.63,111.02,111.41,111.78,112.00,112.34,112.63,112.90,113.22,113.45,113.67,113.67,113.83,114.16,114.74,114.84,115.22,115.68,116.05,116.24,116.54,116.77,117.06,117.43,117.82,118.02,118.27,118.72,118.69,118.83,119.01,119.16,118.95,119.25,119.34,119.44,119.63,119.67,119.82,119.93,120.02,120.16,120.31,120.46,120.53,120.68,120.65,120.78,120.76,120.95,121.11,121.22,121.47,121.79,121.86,122.00,122.07,122.17,122.15,122.16,122.34,122.52,122.65,122.56,122.37,122.29,121.97,121.74,121.22,121.06,120.91,121.01,121.00,121.07,121.18,120.83,120.76,120.78,120.90,120.79,120.86,120.68,120.70,120.74,120.68,120.78,120.82,120.90,120.92,121.00,120.87,120.82,120.90,120.91,120.89,120.82,120.95,120.94,120.98,121.15,121.30,121.38,121.45,121.41,121.29,121.33,121.40,121.41,121.42,121.49,121.50,121.45,121.51,121.64,121.70,121.77,121.89,121.98,122.00,122.09,122.34,122.57,122.70,122.79,122.87,122.93,122.89,122.89,122.99,123.04,123.27,123.30,123.38,123.49,123.82,123.97,124.17
Producto,0.006693254,04111166,ALQUILER DE PIEZA,103.63,102.97,103.54,103.83,103.90,104.34,104.86,105.61,104.95,104.69,105.13,105.40,105.40,106.05,106.96,107.16,107.99,108.76,109.12,109.33,110.56,111.28,111.45,112.46,112.37,112.69,112.92,113.83,115.44,115.19,115.35,115.70,115.02,115.50,115.23,115.43,115.88,116.45,116.48,116.58,116.80,116.95,116.55,116.61,117.26,117.70,118.43,118.54,118.72,118.88,118.88,118.97,119.01,119.01,119.01,118.93,119.11,118.93,118.79,119.07,119.08,120.09,120.18,120.36,120.01,119.90,120.26,120.71,120.68,120.05,119.81,118.71,118.57,117.70,118.62,119.51,118.58,118.71,118.34,118.37,118.29,118.15,117.73,117.62,117.65,118.21,118.21,117.75,118.08,117.50,117.52,117.31,117.70,117.51,117.49,117.51,117.51,117.48,117.79,117.87,117.97,117.80,117.72,117.67,117.77,117.81,117.81,118.25,118.27,118.34,118.34,118.16,117.81,117.92,117.03,117.12,117.14,117.29,117.76,117.86,117.97,118.11,118.17,117.87,118.02,118.83,119.17,119.98,120.12,120.23,120.73,122.20,122.29,122.48,122.86,123.28,123.39,123.37
Grupo,0.004485941,043,Conservación y reparación de la vivienda,100.70,101.69,101.17,101.15,101.15,101.15,101.27,101.19,101.19,100.26,100.38,100.59,101.52,106.11,105.99,106.37,105.54,104.37,103.93,103.85,103.21,103.40,103.30,103.38,103.77,104.19,103.92,103.89,103.81,102.86,102.52,102.29,103.02,102.23,102.07,102.94,102.84,103.15,103.37,103.56,103.52,104.74,104.57,103.71,104.69,104.50,104.24,104.43,104.76,104.41,104.60,104.44,104.33,104.12,104.10,103.89,104.01,104.17,104.34,104.21,104.28,104.60,104.66,104.64,104.96,104.17,104.76,104.13,104.31,104.73,103.11,103.11,103.14,102.25,102.14,102.26,102.48,102.49,102.60,102.63,103.83,104.42,104.39,104.63,105.33,105.70,105.70,106.84,106.54,106.48,107.49,107.46,107.79,108.55,109.15,109.33,109.22,109.67,109.26,109.26,109.47,109.57,108.75,107.16,108.10,108.08,108.52,108.50,108.99,108.10,107.75,108.04,108.38,108.40,107.23,108.50,108.24,107.66,108.11,108.14,108.42,108.51,109.18,109.22,109.27,109.28,109.17,109.95,110.09,110.36,110.87,110.73,111.59,111.62,111.76,112.14,112.55,113.51
Clase,0.002530953,0431,Materiales para la conservación y la reparación de la vivienda (ND),99.03,99.85,99.03,98.96,98.96,98.96,99.21,99.05,99.05,97.13,97.40,97.82,99.72,99.83,99.72,100.51,98.82,96.56,95.66,95.50,94.19,94.57,94.37,94.59,95.00,95.97,95.52,95.46,95.30,93.37,92.68,92.20,93.57,91.95,91.57,93.36,93.16,93.07,93.24,93.48,93.40,93.95,93.61,91.86,93.86,93.46,92.91,93.10,93.77,93.05,93.52,93.19,92.97,92.53,92.59,92.25,92.49,92.82,93.17,93.01,92.69,93.34,93.52,93.53,94.30,92.78,94.03,92.74,93.10,93.91,93.44,93.44,93.49,93.44,93.10,93.35,93.74,93.49,93.52,93.71,95.32,96.52,96.31,96.38,98.13,98.87,98.78,100.59,99.98,99.86,101.71,101.64,102.32,102.64,103.80,104.15,105.14,105.49,103.91,103.71,104.13,104.34,104.02,100.78,102.70,102.66,103.55,103.51,103.52,101.71,100.99,101.89,102.33,102.38,99.98,102.58,102.63,101.44,102.36,102.43,100.03,100.21,101.57,101.66,101.77,101.05,100.83,102.43,101.64,102.18,103.24,102.95,103.01,103.08,103.23,104.01,104.85,105.67
Subclase,0.002530953,04311,Materiales para la conservación y la reparación de la vivienda,99.03,99.85,99.03,98.96,98.96,98.96,99.21,99.05,99.05,97.13,97.40,97.82,99.72,99.83,99.72,100.51,98.82,96.56,95.66,95.50,94.19,94.57,94.37,94.59,95.00,95.97,95.52,95.46,95.30,93.37,92.68,92.20,93.57,91.95,91.57,93.36,93.16,93.07,93.24,93.48,93.40,93.95,93.61,91.86,93.86,93.46,92.91,93.10,93.77,93.05,93.52,93.19,92.97,92.53,92.59,92.25,92.49,92.82,93.17,93.01,92.69,93.34,93.52,93.53,94.30,92.78,94.03,92.74,93.10,93.91,93.44,93.44,93.49,93.44,93.10,93.35,93.74,93.49,93.52,93.71,95.32,96.52,96.31,96.38,98.13,98.87,98.78,100.59,99.98,99.86,101.71,101.64,102.32,102.64,103.80,104.15,105.14,105.49,103.91,103.71,104.13,104.34,104.02,100.78,102.70,102.66,103.55,103.51,103.52,101.71,100.99,101.89,102.33,102.38,99.98,102.58,102.63,101.44,102.36,102.43,100.03,100.21,101.57,101.66,101.77,101.05,100.83,102.43,101.64,102.18,103.24,102.95,103.01,103.08,103.23,104.01,104.85,105.67
Producto,0.000635136,04311167,CEMENTO,100.87,100.87,100.87,100.87,100.87,100.87,100.87,100.87,100.87,100.87,100.90,101.49,102.34,102.39,102.44,102.42,102.42,103.59,103.41,103.66,103.30,103.33,103.31,103.31,102.37,102.83,103.52,103.52,103.52,102.42,102.40,102.41,102.45,102.45,102.46,102.45,102.45,102.45,102.45,102.45,102.49,102.40,102.62,102.71,102.71,102.53,102.48,102.48,102.48,102.48,102.48,101.52,101.49,101.48,101.48,101.40,101.41,101.86,101.86,101.84,101.86,101.86,101.86,102.11,101.94,101.90,101.96,102.15,102.15,102.10,101.85,101.83,101.94,102.05,102.06,102.25,102.27,102.27,102.01,102.01,101.95,101.87,101.87,101.89,102.19,103.36,103.42,103.38,104.47,103.51,103.93,103.93,103.83,104.17,104.16,104.17,104.31,104.29,104.16,104.09,104.05,103.69,103.68,103.61,103.65,103.63,103.13,103.14,103.12,103.10,103.08,100.00,99.76,99.46,99.39,99.74,100.03,100.05,99.44,99.75,99.69,99.78,99.46,99.74,99.43,99.62,99.21,98.63,98.60,100.21,101.71,101.28,101.35,101.30,101.72,100.94,102.11,102.85
Producto,0.001220167,04311168,PINTURA,101.11,103.45,101.76,101.34,101.34,101.34,101.63,101.63,101.63,99.48,99.85,99.85,101.94,101.99,101.77,103.29,100.62,96.35,95.98,95.91,94.60,95.22,94.79,94.79,95.01,96.53,95.98,96.10,95.80,93.98,93.89,92.77,95.53,92.37,90.48,94.45,95.21,94.99,95.33,96.17,95.22,95.56,95.25,92.52,96.29,95.72,94.61,95.04,95.85,95.14,95.65,95.89,95.16,95.20,95.20,94.27,94.86,94.14,95.01,94.84,94.95,95.99,96.24,96.13,98.64,95.38,97.81,95.22,95.93,96.89,96.38,96.26,96.29,96.29,95.61,96.15,96.99,95.85,96.69,96.92,100.17,102.19,101.62,102.05,104.64,105.00,104.12,107.75,106.53,106.70,109.48,109.72,110.26,109.87,112.53,112.72,114.43,115.28,111.91,111.35,112.37,112.65,112.10,105.34,109.05,109.19,110.72,111.15,111.95,108.23,106.73,109.95,111.41,112.34,108.62,112.64,112.81,110.59,112.89,112.91,108.85,107.93,110.67,110.84,111.56,110.13,109.61,112.70,111.09,111.72,113.04,112.45,112.23,112.50,112.54,113.92,115.29,116.04
Producto,0.00067565,04311169,MATERIALES PARA REPARACIÓN DE LA VIVIENDA,94.21,93.12,93.12,93.56,93.58,93.58,93.94,93.38,93.38,90.43,90.70,91.68,94.05,94.32,94.29,94.46,93.14,91.61,89.28,88.68,86.67,86.92,86.94,87.68,89.43,89.90,88.76,88.35,88.29,85.55,83.37,83.56,83.63,83.36,85.21,84.70,82.77,82.83,82.83,82.26,83.54,84.90,84.09,82.59,83.19,82.89,82.90,82.81,83.77,82.50,83.24,82.43,82.92,81.35,81.57,82.00,81.84,83.82,83.58,83.33,82.03,82.54,82.74,82.74,81.36,81.59,81.78,81.54,81.59,82.79,82.25,82.46,82.48,82.24,82.19,82.01,81.92,82.96,81.86,82.14,82.26,83.10,83.30,82.83,84.26,85.32,86.42,86.63,85.75,85.77,87.15,86.51,88.01,89.48,89.03,89.90,90.36,90.15,90.46,90.76,90.51,91.03,90.88,91.06,91.43,91.09,91.95,91.11,89.84,89.83,89.88,89.94,89.19,88.05,86.10,88.02,87.68,87.31,87.09,87.06,85.66,87.71,88.07,87.88,87.29,87.06,87.47,88.24,88.24,87.85,88.12,88.42,88.98,88.81,88.94,89.86,89.59,90.57
Clase,0.001954988,0432,Servicios para la conservación y la reparación de la vivienda (S),102.30,103.46,103.23,103.26,103.26,103.26,103.26,103.26,103.26,103.26,103.26,103.26,103.26,112.15,112.02,112.01,112.01,111.88,111.88,111.88,111.88,111.88,111.88,111.84,112.21,112.09,111.99,111.99,111.99,111.99,111.99,111.99,112.11,112.11,112.16,112.16,112.16,112.85,113.11,113.26,113.26,115.11,115.11,115.11,115.11,115.11,115.14,115.33,115.33,115.33,115.26,115.26,115.26,115.26,115.18,115.09,115.09,115.09,115.09,114.99,115.43,115.43,115.37,115.33,115.21,115.12,115.09,115.09,115.09,115.14,112.42,112.42,112.42,110.71,110.84,110.84,110.88,111.15,111.34,111.21,112.02,112.02,112.17,112.57,112.26,112.26,112.35,112.85,112.85,112.85,113.05,113.05,113.05,114.23,114.31,114.31,113.13,113.69,114.41,114.60,114.60,114.60,113.30,113.30,113.30,113.30,113.30,113.30,114.26,114.26,114.26,113.96,114.19,114.19,114.19,114.19,113.63,113.63,113.63,113.63,116.49,116.49,116.49,116.49,116.49,117.19,117.19,117.19,118.22,118.22,118.22,118.22,119.83,119.83,119.96,119.96,119.96,121.06
Subclase,0.001954988,04321,Servicios para la conservación y la reparación de la vivienda,102.30,103.46,103.23,103.26,103.26,103.26,103.26,103.26,103.26,103.26,103.26,103.26,103.26,112.15,112.02,112.01,112.01,111.88,111.88,111.88,111.88,111.88,111.88,111.84,112.21,112.09,111.99,111.99,111.99,111.99,111.99,111.99,112.11,112.11,112.16,112.16,112.16,112.85,113.11,113.26,113.26,115.11,115.11,115.11,115.11,115.11,115.14,115.33,115.33,115.33,115.26,115.26,115.26,115.26,115.18,115.09,115.09,115.09,115.09,114.99,115.43,115.43,115.37,115.33,115.21,115.12,115.09,115.09,115.09,115.14,112.42,112.42,112.42,110.71,110.84,110.84,110.88,111.15,111.34,111.21,112.02,112.02,112.17,112.57,112.26,112.26,112.35,112.85,112.85,112.85,113.05,113.05,113.05,114.23,114.31,114.31,113.13,113.69,114.41,114.60,114.60,114.60,113.30,113.30,113.30,113.30,113.30,113.30,114.26,114.26,114.26,113.96,114.19,114.19,114.19,114.19,113.63,113.63,113.63,113.63,116.49,116.49,116.49,116.49,116.49,117.19,117.19,117.19,118.22,118.22,118.22,118.22,119.83,119.83,119.96,119.96,119.96,121.06
Producto,0.001954988,04321170,SERVICIOS DE REPARACIÓN DE LA VIVIENDA,102.30,103.46,103.23,103.26,103.26,103.26,103.26,103.26,103.26,103.26,103.26,103.26,103.26,112.15,112.02,112.01,112.01,111.88,111.88,111.88,111.88,111.88,111.88,111.84,112.21,112.09,111.99,111.99,111.99,111.99,111.99,111.99,112.11,112.11,112.16,112.16,112.16,112.85,113.11,113.26,113.26,115.11,115.11,115.11,115.11,115.11,115.14,115.33,115.33,115.33,115.26,115.26,115.26,115.26,115.18,115.09,115.09,115.09,115.09,114.99,115.43,115.43,115.37,115.33,115.21,115.12,115.09,115.09,115.09,115.14,112.42,112.42,112.42,110.71,110.84,110.84,110.88,111.15,111.34,111.21,112.02,112.02,112.17,112.57,112.26,112.26,112.35,112.85,112.85,112.85,113.05,113.05,113.05,114.23,114.31,114.31,113.13,113.69,114.41,114.60,114.60,114.60,113.30,113.30,113.30,113.30,113.30,113.30,114.26,114.26,114.26,113.96,114.19,114.19,114.19,114.19,113.63,113.63,113.63,113.63,116.49,116.49,116.49,116.49,116.49,117.19,117.19,117.19,118.22,118.22,118.22,118.22,119.83,119.83,119.96,119.96,119.96,121.06
Grupo,0.01578502,044,Suministro de agua y servicios diversos relacionados con la vivienda,100.97,100.97,100.96,101.55,101.55,101.55,108.25,108.49,108.49,111.29,111.29,114.31,117.65,117.66,117.72,120.53,120.53,120.89,121.49,121.88,121.88,120.73,120.73,121.89,122.01,122.16,122.09,122.30,122.49,122.61,122.59,122.59,122.59,122.56,122.56,122.56,122.71,122.68,122.59,122.59,122.59,122.59,122.59,122.59,122.59,122.59,122.59,122.59,122.95,122.95,122.94,122.94,122.81,122.81,122.79,122.79,122.78,122.10,122.10,122.10,123.25,123.39,123.39,123.38,123.28,123.28,123.28,123.26,123.26,122.88,122.88,122.88,122.89,122.90,122.88,122.88,122.88,122.68,122.66,122.67,122.73,122.77,122.77,122.74,123.26,123.49,125.60,125.60,127.87,127.89,127.87,127.89,130.14,130.14,130.14,130.14,130.62,131.27,131.39,131.48,131.48,131.63,131.64,131.58,131.58,131.58,131.58,131.58,131.88,132.13,132.13,134.95,134.95,134.97,134.97,134.97,134.97,134.97,134.97,134.97,135.49,135.47,135.55,135.55,135.55,135.54,135.54,135.54,135.54,135.54,135.54,135.54,135.81,174.47,179.98,180.03,180.09,180.11
Clase,0.012677546,0441,Suministro de agua (ND),100.88,100.88,100.87,100.87,100.87,100.87,109.83,109.83,109.83,113.56,113.56,117.60,121.37,121.37,121.37,125.10,125.10,125.10,125.10,125.66,125.66,125.66,125.66,125.66,125.66,125.72,125.66,125.66,125.91,126.70,126.70,126.70,126.70,126.70,126.70,126.70,126.70,126.70,126.70,126.70,126.70,126.70,126.70,126.70,126.70,126.70,126.70,126.70,126.70,126.70,126.70,126.70,126.70,126.70,126.70,126.70,126.70,126.70,126.70,126.70,126.70,126.70,126.70,126.70,126.70,126.70,126.70,126.70,126.70,126.70,126.70,126.70,126.70,126.70,126.70,126.70,126.70,126.70,126.70,126.70,126.70,126.70,126.70,126.70,126.70,126.70,129.59,129.59,132.66,132.66,132.66,132.66,135.57,135.57,135.57,135.57,135.57,136.44,136.44,136.44,136.44,136.64,136.64,136.64,136.64,136.64,136.64,136.64,136.64,136.96,136.96,139.58,139.58,139.60,139.60,139.60,139.60,139.60,139.60,139.60,139.60,139.60,139.63,139.63,139.63,139.63,139.63,139.63,139.63,139.63,139.63,139.63,139.63,191.30,198.58,198.60,198.65,198.68
Subclase,0.012677546,04411,Suministro de agua,100.88,100.88,100.87,100.87,100.87,100.87,109.83,109.83,109.83,113.56,113.56,117.60,121.37,121.37,121.37,125.10,125.10,125.10,125.10,125.66,125.66,125.66,125.66,125.66,125.66,125.72,125.66,125.66,125.91,126.70,126.70,126.70,126.70,126.70,126.70,126.70,126.70,126.70,126.70,126.70,126.70,126.70,126.70,126.70,126.70,126.70,126.70,126.70,126.70,126.70,126.70,126.70,126.70,126.70,126.70,126.70,126.70,126.70,126.70,126.70,126.70,126.70,126.70,126.70,126.70,126.70,126.70,126.70,126.70,126.70,126.70,126.70,126.70,126.70,126.70,126.70,126.70,126.70,126.70,126.70,126.70,126.70,126.70,126.70,126.70,126.70,129.59,129.59,132.66,132.66,132.66,132.66,135.57,135.57,135.57,135.57,135.57,136.44,136.44,136.44,136.44,136.64,136.64,136.64,136.64,136.64,136.64,136.64,136.64,136.96,136.96,139.58,139.58,139.60,139.60,139.60,139.60,139.60,139.60,139.60,139.60,139.60,139.63,139.63,139.63,139.63,139.63,139.63,139.63,139.63,139.63,139.63,139.63,191.30,198.58,198.60,198.65,198.68
Producto,0.012677546,04411171,SUMINISTRO DE AGUA,100.88,100.88,100.87,100.87,100.87,100.87,109.83,109.83,109.83,113.56,113.56,117.60,121.37,121.37,121.37,125.10,125.10,125.10,125.10,125.66,125.66,125.66,125.66,125.66,125.66,125.72,125.66,125.66,125.91,126.70,126.70,126.70,126.70,126.70,126.70,126.70,126.70,126.70,126.70,126.70,126.70,126.70,126.70,126.70,126.70,126.70,126.70,126.70,126.70,126.70,126.70,126.70,126.70,126.70,126.70,126.70,126.70,126.70,126.70,126.70,126.70,126.70,126.70,126.70,126.70,126.70,126.70,126.70,126.70,126.70,126.70,126.70,126.70,126.70,126.70,126.70,126.70,126.70,126.70,126.70,126.70,126.70,126.70,126.70,126.70,126.70,129.59,129.59,132.66,132.66,132.66,132.66,135.57,135.57,135.57,135.57,135.57,136.44,136.44,136.44,136.44,136.64,136.64,136.64,136.64,136.64,136.64,136.64,136.64,136.96,136.96,139.58,139.58,139.60,139.60,139.60,139.60,139.60,139.60,139.60,139.60,139.60,139.63,139.63,139.63,139.63,139.63,139.63,139.63,139.63,139.63,139.63,139.63,191.30,198.58,198.60,198.65,198.68
Clase,0.003107474,0444,Otros servicios relacionados con la vivienda n.e.p. (S),101.22,101.22,101.22,103.54,103.54,103.54,103.54,104.51,104.51,104.51,104.51,104.51,106.59,106.65,106.87,106.94,106.94,108.38,110.75,110.65,110.65,106.08,106.08,110.66,111.15,111.55,111.46,112.31,112.31,110.46,110.36,110.36,110.36,110.26,110.26,110.26,110.86,110.73,110.37,110.39,110.39,110.39,110.39,110.39,110.39,110.39,110.39,110.39,111.80,111.79,111.76,111.76,111.23,111.23,111.15,111.15,111.13,108.42,108.42,108.44,112.99,113.56,113.56,113.50,113.13,113.13,113.13,113.03,113.03,111.54,111.54,111.54,111.58,111.59,111.52,111.52,111.52,110.73,110.63,110.67,110.92,111.07,111.10,110.98,113.04,113.94,113.71,113.71,113.64,113.70,113.64,113.70,114.00,114.00,114.00,114.00,115.88,115.92,116.39,116.76,116.76,116.76,116.78,116.55,116.55,116.55,116.55,116.55,117.73,117.75,117.76,121.17,121.19,121.19,121.19,121.19,121.19,121.19,121.19,121.19,123.25,123.17,123.41,123.40,123.40,123.36,123.36,123.36,123.36,123.36,123.36,123.36,124.45,124.44,124.65,124.79,124.88,124.88
Subclase,0.003107474,04441,Servicios relacionados con la vivienda,101.22,101.22,101.22,103.54,103.54,103.54,103.54,104.51,104.51,104.51,104.51,104.51,106.59,106.65,106.87,106.94,106.94,108.38,110.75,110.65,110.65,106.08,106.08,110.66,111.15,111.55,111.46,112.31,112.31,110.46,110.36,110.36,110.36,110.26,110.26,110.26,110.86,110.73,110.37,110.39,110.39,110.39,110.39,110.39,110.39,110.39,110.39,110.39,111.80,111.79,111.76,111.76,111.23,111.23,111.15,111.15,111.13,108.42,108.42,108.44,112.99,113.56,113.56,113.50,113.13,113.13,113.13,113.03,113.03,111.54,111.54,111.54,111.58,111.59,111.52,111.52,111.52,110.73,110.63,110.67,110.92,111.07,111.10,110.98,113.04,113.94,113.71,113.71,113.64,113.70,113.64,113.70,114.00,114.00,114.00,114.00,115.88,115.92,116.39,116.76,116.76,116.76,116.78,116.55,116.55,116.55,116.55,116.55,117.73,117.75,117.76,121.17,121.19,121.19,121.19,121.19,121.19,121.19,121.19,121.19,123.25,123.17,123.41,123.40,123.40,123.36,123.36,123.36,123.36,123.36,123.36,123.36,124.45,124.44,124.65,124.79,124.88,124.88
Producto,0.003107474,04441172,SERVICIO DE SEGURIDAD DE LA VIVIENDA,101.22,101.22,101.22,103.54,103.54,103.54,103.54,104.51,104.51,104.51,104.51,104.51,106.59,106.65,106.87,106.94,106.94,108.38,110.75,110.65,110.65,106.08,106.08,110.66,111.15,111.55,111.46,112.31,112.31,110.46,110.36,110.36,110.36,110.26,110.26,110.26,110.86,110.73,110.37,110.39,110.39,110.39,110.39,110.39,110.39,110.39,110.39,110.39,111.80,111.79,111.76,111.76,111.23,111.23,111.15,111.15,111.13,108.42,108.42,108.44,112.99,113.56,113.56,113.50,113.13,113.13,113.13,113.03,113.03,111.54,111.54,111.54,111.58,111.59,111.52,111.52,111.52,110.73,110.63,110.67,110.92,111.07,111.10,110.98,113.04,113.94,113.71,113.71,113.64,113.70,113.64,113.70,114.00,114.00,114.00,114.00,115.88,115.92,116.39,116.76,116.76,116.76,116.78,116.55,116.55,116.55,116.55,116.55,117.73,117.75,117.76,121.17,121.19,121.19,121.19,121.19,121.19,121.19,121.19,121.19,123.25,123.17,123.41,123.40,123.40,123.36,123.36,123.36,123.36,123.36,123.36,123.36,124.45,124.44,124.65,124.79,124.88,124.88
Grupo,0.024400295,045,"Electricidad, gas y otros combustibles",103.91,110.13,110.14,110.19,110.41,110.43,110.35,110.10,110.06,109.59,109.78,109.63,109.59,109.70,109.74,109.71,109.71,109.86,109.87,109.89,109.89,109.89,109.64,109.64,109.63,110.66,110.50,110.50,110.59,110.53,110.51,110.51,110.50,110.38,110.38,110.38,110.39,110.43,110.26,110.27,110.46,110.43,110.43,110.35,110.69,111.20,111.42,111.40,111.42,111.08,108.84,108.85,109.05,110.86,110.60,110.55,110.50,110.44,110.42,110.16,109.95,109.95,109.95,109.95,109.95,109.96,110.31,110.31,110.31,110.56,110.19,110.25,110.12,110.67,110.77,111.02,111.08,111.03,111.02,111.05,110.74,110.65,110.10,110.07,110.14,110.62,110.60,110.70,110.79,110.88,110.83,110.81,110.79,110.82,110.99,111.01,111.04,111.04,111.37,111.20,110.87,110.71,110.58,110.63,110.44,110.32,110.59,110.70,110.47,110.77,110.68,110.82,110.83,75.03,106.75,110.44,110.76,110.53,110.53,85.49,61.11,61.16,61.12,116.91,133.15,133.15,133.40,133.39,133.36,133.89,114.54,115.03,116.06,116.04,116.04,115.96,116.04,59.78
Clase,0.02088336,0451,Electricidad (ND),105.17,112.65,112.65,112.72,112.79,112.82,112.82,112.52,112.52,111.98,112.16,111.98,111.98,112.11,112.15,112.14,112.14,112.26,112.26,112.26,112.26,112.26,111.96,111.96,111.95,113.26,113.07,113.07,113.22,113.21,113.19,113.19,113.18,113.18,113.18,113.18,113.18,113.25,113.06,113.06,113.32,113.32,113.32,113.32,113.73,114.33,114.33,114.33,114.35,113.94,111.25,111.31,111.62,113.80,113.50,113.50,113.50,113.51,113.50,113.20,112.94,112.94,112.94,112.94,112.94,112.95,113.36,113.36,113.36,113.66,113.59,113.59,113.59,114.36,114.36,114.67,114.69,114.69,114.69,114.71,114.43,114.42,113.80,113.82,113.88,114.40,114.41,114.43,114.44,114.45,114.44,114.45,114.46,114.47,114.47,114.49,114.55,114.55,115.01,115.02,114.69,114.68,114.68,114.69,114.70,114.70,115.03,115.34,115.23,115.59,115.59,115.32,115.33,72.21,110.42,114.98,115.00,115.01,115.00,84.88,55.70,55.75,55.75,122.89,142.43,142.46,142.81,142.81,142.85,143.45,120.21,120.84,122.06,122.06,122.06,122.06,122.06,54.47
Subclase,0.02088336,04511,Electricidad,105.17,112.65,112.65,112.72,112.79,112.82,112.82,112.52,112.52,111.98,112.16,111.98,111.98,112.11,112.15,112.14,112.14,112.26,112.26,112.26,112.26,112.26,111.96,111.96,111.95,113.26,113.07,113.07,113.22,113.21,113.19,113.19,113.18,113.18,113.18,113.18,113.18,113.25,113.06,113.06,113.32,113.32,113.32,113.32,113.73,114.33,114.33,114.33,114.35,113.94,111.25,111.31,111.62,113.80,113.50,113.50,113.50,113.51,113.50,113.20,112.94,112.94,112.94,112.94,112.94,112.95,113.36,113.36,113.36,113.66,113.59,113.59,113.59,114.36,114.36,114.67,114.69,114.69,114.69,114.71,114.43,114.42,113.80,113.82,113.88,114.40,114.41,114.43,114.44,114.45,114.44,114.45,114.46,114.47,114.47,114.49,114.55,114.55,115.01,115.02,114.69,114.68,114.68,114.69,114.70,114.70,115.03,115.34,115.23,115.59,115.59,115.32,115.33,72.21,110.42,114.98,115.00,115.01,115.00,84.88,55.70,55.75,55.75,122.89,142.43,142.46,142.81,142.81,142.85,143.45,120.21,120.84,122.06,122.06,122.06,122.06,122.06,54.47
Producto,0.02088336,04511173,SERVICIO DE CONSUMO ELÉCTRICO,105.17,112.65,112.65,112.72,112.79,112.82,112.82,112.52,112.52,111.98,112.16,111.98,111.98,112.11,112.15,112.14,112.14,112.26,112.26,112.26,112.26,112.26,111.96,111.96,111.95,113.26,113.07,113.07,113.22,113.21,113.19,113.19,113.18,113.18,113.18,113.18,113.18,113.25,113.06,113.06,113.32,113.32,113.32,113.32,113.73,114.33,114.33,114.33,114.35,113.94,111.25,111.31,111.62,113.80,113.50,113.50,113.50,113.51,113.50,113.20,112.94,112.94,112.94,112.94,112.94,112.95,113.36,113.36,113.36,113.66,113.59,113.59,113.59,114.36,114.36,114.67,114.69,114.69,114.69,114.71,114.43,114.42,113.80,113.82,113.88,114.40,114.41,114.43,114.44,114.45,114.44,114.45,114.46,114.47,114.47,114.49,114.55,114.55,115.01,115.02,114.69,114.68,114.68,114.69,114.70,114.70,115.03,115.34,115.23,115.59,115.59,115.32,115.33,72.21,110.42,114.98,115.00,115.01,115.00,84.88,55.70,55.75,55.75,122.89,142.43,142.46,142.81,142.81,142.85,143.45,120.21,120.84,122.06,122.06,122.06,122.06,122.06,54.47
Clase,0.003516934,0452,Gas (ND),97.74,97.74,97.78,97.74,98.70,98.70,98.20,98.20,97.97,97.86,98.09,98.07,97.83,97.83,97.90,97.73,97.73,98.09,98.11,98.22,98.22,98.22,98.22,98.22,98.22,97.84,97.84,97.84,97.67,97.37,97.32,97.32,97.32,96.60,96.60,96.60,96.65,96.52,96.52,96.52,96.34,96.24,96.24,95.76,95.76,95.81,97.12,97.01,97.01,97.01,97.01,96.76,96.39,96.37,96.32,96.04,95.73,95.34,95.24,95.18,95.24,95.24,95.23,95.23,95.23,95.23,95.33,95.33,95.33,95.33,93.49,93.82,93.04,92.50,93.07,93.07,93.34,93.01,92.95,93.06,92.58,92.08,91.91,91.61,91.77,92.05,91.86,92.35,92.86,93.33,93.07,92.92,92.76,92.89,93.84,93.91,93.79,93.79,93.46,92.43,92.09,91.18,90.37,90.62,89.47,88.79,88.73,87.90,87.06,87.07,86.54,88.67,88.69,88.92,88.70,88.10,89.91,88.51,88.51,88.46,87.70,87.76,87.54,87.49,87.48,87.35,87.07,87.02,86.68,86.80,86.67,86.45,86.53,86.45,86.42,85.97,86.43,85.88
Subclase,0.003516934,04521,Gas,97.74,97.74,97.78,97.74,98.70,98.70,98.20,98.20,97.97,97.86,98.09,98.07,97.83,97.83,97.90,97.73,97.73,98.09,98.11,98.22,98.22,98.22,98.22,98.22,98.22,97.84,97.84,97.84,97.67,97.37,97.32,97.32,97.32,96.60,96.60,96.60,96.65,96.52,96.52,96.52,96.34,96.24,96.24,95.76,95.76,95.81,97.12,97.01,97.01,97.01,97.01,96.76,96.39,96.37,96.32,96.04,95.73,95.34,95.24,95.18,95.24,95.24,95.23,95.23,95.23,95.23,95.33,95.33,95.33,95.33,93.49,93.82,93.04,92.50,93.07,93.07,93.34,93.01,92.95,93.06,92.58,92.08,91.91,91.61,91.77,92.05,91.86,92.35,92.86,93.33,93.07,92.92,92.76,92.89,93.84,93.91,93.79,93.79,93.46,92.43,92.09,91.18,90.37,90.62,89.47,88.79,88.73,87.90,87.06,87.07,86.54,88.67,88.69,88.92,88.70,88.10,89.91,88.51,88.51,88.46,87.70,87.76,87.54,87.49,87.48,87.35,87.07,87.02,86.68,86.80,86.67,86.45,86.53,86.45,86.42,85.97,86.43,85.88
Producto,0.003516934,04521174,GAS DOMÉSTICO,97.74,97.74,97.78,97.74,98.70,98.70,98.20,98.20,97.97,97.86,98.09,98.07,97.83,97.83,97.90,97.73,97.73,98.09,98.11,98.22,98.22,98.22,98.22,98.22,98.22,97.84,97.84,97.84,97.67,97.37,97.32,97.32,97.32,96.60,96.60,96.60,96.65,96.52,96.52,96.52,96.34,96.24,96.24,95.76,95.76,95.81,97.12,97.01,97.01,97.01,97.01,96.76,96.39,96.37,96.32,96.04,95.73,95.34,95.24,95.18,95.24,95.24,95.23,95.23,95.23,95.23,95.33,95.33,95.33,95.33,93.49,93.82,93.04,92.50,93.07,93.07,93.34,93.01,92.95,93.06,92.58,92.08,91.91,91.61,91.77,92.05,91.86,92.35,92.86,93.33,93.07,92.92,92.76,92.89,93.84,93.91,93.79,93.79,93.46,92.43,92.09,91.18,90.37,90.62,89.47,88.79,88.73,87.90,87.06,87.07,86.54,88.67,88.69,88.92,88.70,88.10,89.91,88.51,88.51,88.46,87.70,87.76,87.54,87.49,87.48,87.35,87.07,87.02,86.68,86.80,86.67,86.45,86.53,86.45,86.42,85.97,86.43,85.88
División,0.058586881,05,"Muebles, artículos para el hogar y para la conservación ordinaria del hogar",103.00,103.43,103.89,104.10,104.43,104.83,104.74,104.73,104.22,104.65,104.73,104.68,105.43,105.60,105.37,105.23,105.23,106.06,105.72,105.48,105.31,105.01,104.66,104.84,105.66,105.49,105.52,105.55,104.74,103.83,103.80,103.71,103.35,103.36,103.41,103.31,104.28,104.43,104.54,104.33,104.11,104.32,103.89,103.90,103.64,103.34,103.34,103.38,103.55,103.42,103.39,103.36,103.22,103.16,103.05,102.99,102.74,102.76,102.55,102.54,103.19,102.68,102.60,101.64,101.86,102.33,102.55,101.90,101.98,101.94,102.04,101.70,101.95,102.02,102.41,102.59,102.31,102.48,102.77,103.08,103.08,103.52,103.59,104.10,106.48,106.91,107.51,107.37,108.40,109.01,109.07,109.13,108.85,109.93,109.86,109.36,111.67,111.42,111.50,111.89,112.31,110.98,111.89,111.62,111.51,111.50,111.71,111.35,112.74,112.32,112.47,114.23,113.64,113.31,113.24,112.86,113.21,113.35,113.34,113.21,114.33,113.67,113.61,113.44,113.30,113.30,113.94,113.59,113.95,113.81,113.80,113.93,115.49,115.21,114.42,114.58,114.59,115.18
Grupo,0.00838989,051,"Muebles y accesorios, alfombras y otros materiales para pisos",103.20,103.56,103.86,104.00,104.77,106.02,106.00,105.78,105.99,106.20,105.93,105.83,106.17,105.85,105.68,105.78,106.21,106.36,106.04,106.26,106.05,105.55,105.60,106.02,106.80,106.60,106.56,106.91,105.55,105.36,104.97,104.90,105.35,105.81,105.94,105.93,106.90,107.20,108.52,108.50,108.22,108.46,107.56,108.09,107.94,108.16,108.45,108.17,107.91,107.17,107.81,107.95,107.59,107.68,107.43,107.42,106.87,107.82,107.64,107.56,107.84,107.70,107.61,101.58,101.72,103.02,102.92,101.29,101.48,102.05,102.01,101.65,102.10,102.19,102.99,102.61,102.95,102.91,102.84,102.97,103.61,103.54,103.07,105.10,105.66,106.01,106.70,105.70,107.18,107.11,106.86,106.86,106.54,106.83,106.70,107.23,107.49,106.85,107.44,107.90,108.74,108.69,107.53,107.36,107.62,107.17,108.66,108.74,109.71,109.15,109.45,109.85,108.13,107.35,108.33,107.49,108.62,108.46,108.66,107.89,107.91,106.97,106.32,106.66,106.32,106.17,106.63,106.33,106.78,106.11,105.28,105.22,106.80,105.53,107.01,107.22,107.41,107.91
Clase,0.007840083,0511,Muebles y accesorios (D),103.69,103.92,104.16,104.20,105.02,106.36,106.33,106.10,106.07,106.29,105.99,105.87,106.23,105.89,105.71,105.81,106.27,106.41,106.12,106.41,105.89,105.63,105.68,106.13,106.97,106.75,106.71,107.08,105.64,105.54,105.15,105.08,105.56,106.05,106.18,106.17,107.20,107.14,108.55,108.52,108.23,108.36,107.40,107.97,107.87,108.12,108.44,108.14,107.86,107.07,107.76,107.90,107.60,107.70,107.64,107.63,107.04,108.05,107.86,107.98,108.28,108.13,108.03,101.68,101.83,103.46,103.34,101.60,101.81,102.62,102.58,102.19,102.48,102.57,103.43,102.97,103.35,103.31,103.22,103.41,104.10,104.02,103.52,105.68,106.26,107.11,107.82,106.72,108.31,108.27,107.97,107.98,107.61,107.78,107.46,108.05,108.25,107.59,108.20,108.69,109.60,109.54,108.34,108.15,108.43,108.10,109.58,109.62,110.64,110.10,110.42,110.78,108.98,108.13,109.18,108.07,109.30,109.39,109.64,108.80,109.03,108.05,107.34,107.67,107.10,106.92,107.42,106.90,107.36,106.63,105.76,105.68,107.36,106.00,107.61,107.83,108.03,108.57
Subclase,0.003688721,05111,Muebles de sala y comedor,104.98,105.30,105.60,104.88,106.22,107.10,107.16,106.92,107.03,107.42,106.78,106.73,107.26,106.84,106.86,106.97,107.61,107.31,107.53,107.91,107.70,107.37,107.16,108.71,109.66,109.32,109.27,109.15,109.18,109.08,108.84,108.49,108.57,108.45,108.48,108.48,109.23,109.28,111.01,110.97,110.73,111.10,110.35,110.46,110.48,110.33,110.83,110.59,110.06,108.99,109.88,110.27,110.22,110.12,110.14,110.16,109.27,110.61,110.40,110.63,110.93,110.59,110.73,104.33,107.21,107.47,107.24,107.09,106.82,108.28,106.97,106.59,106.46,106.35,106.98,106.14,106.71,107.08,106.47,106.43,107.66,107.24,106.47,109.21,108.74,108.83,108.96,108.83,110.59,111.26,110.65,110.56,110.63,111.44,111.21,111.56,111.84,110.48,111.25,111.32,112.46,111.99,110.93,110.49,110.84,111.44,113.18,112.57,113.60,112.52,113.54,113.90,111.88,111.30,112.27,110.48,112.55,112.56,113.42,113.31,112.70,111.83,111.04,110.38,110.33,110.20,110.74,110.18,111.00,110.63,109.29,109.24,111.05,110.11,111.36,111.99,111.96,111.25
Producto,0.00228138,05111175,JUEGO DE SALA,103.82,103.84,103.84,104.00,105.48,104.69,104.80,104.54,104.64,105.29,104.60,104.51,105.93,105.40,105.48,105.62,106.29,106.13,106.71,107.07,106.81,106.50,106.58,108.77,108.60,108.64,108.82,108.32,108.75,108.18,107.85,107.28,107.32,107.27,107.27,107.27,107.27,107.14,108.45,108.05,107.86,107.98,107.71,108.51,108.48,108.26,108.48,108.47,107.54,107.58,109.20,109.55,109.50,109.35,109.39,109.52,107.89,109.71,109.53,109.76,110.00,109.66,109.88,104.08,106.58,106.42,106.68,106.67,106.01,108.00,105.37,105.03,104.79,104.57,105.27,103.90,104.97,105.50,104.25,104.43,104.75,104.20,103.30,105.19,105.49,106.20,105.47,106.22,106.47,108.54,107.90,108.30,107.60,107.90,107.54,107.61,107.35,104.48,105.99,105.38,106.96,107.21,106.04,106.17,105.38,105.39,106.60,105.49,104.79,104.97,106.18,105.35,104.05,104.14,104.91,102.20,105.37,105.53,105.91,105.88,105.77,104.70,102.90,101.96,102.04,102.11,103.56,102.96,103.90,103.51,100.59,100.49,101.67,102.12,103.70,103.54,103.72,102.18
Producto,0.001407341,05111176,JUEGO DE COMEDOR,106.92,107.71,108.53,106.35,107.46,111.11,111.09,110.88,111.00,110.96,110.40,110.43,109.48,109.24,109.16,109.21,109.82,109.29,108.89,109.31,109.19,108.83,108.11,108.61,111.43,110.44,110.02,110.54,109.90,110.57,110.47,110.50,110.63,110.41,110.51,110.50,112.50,112.85,115.26,115.81,115.50,116.29,114.75,113.69,113.80,113.78,114.72,114.11,114.24,111.35,111.01,111.46,111.41,111.41,111.38,111.22,111.56,112.11,111.85,112.07,112.49,112.14,112.14,104.73,108.26,109.21,108.18,107.80,108.17,108.73,109.64,109.18,109.25,109.32,109.82,109.86,109.62,109.72,110.16,109.76,112.50,112.30,111.73,115.90,114.14,113.20,114.78,113.16,117.43,115.78,115.21,114.31,115.67,117.34,117.32,118.12,119.31,120.47,120.00,121.19,121.61,119.95,119.08,117.68,119.91,121.50,124.12,124.35,128.25,125.06,125.77,128.11,124.89,123.19,124.52,124.24,124.48,124.25,125.90,125.68,124.24,123.70,124.59,124.38,124.11,123.67,122.67,122.18,122.81,122.47,123.76,123.80,126.65,123.40,124.09,126.03,125.67,126.33
Subclase,0.004151362,05112,Muebles de dormitorio,102.42,102.56,102.73,103.53,103.83,105.62,105.52,105.29,105.12,105.18,105.21,105.01,105.22,104.96,104.57,104.68,104.95,105.52,104.73,104.92,104.11,103.92,104.23,103.59,104.32,104.23,104.19,105.04,102.14,102.05,101.52,101.73,102.60,103.68,103.91,103.89,105.20,105.04,106.14,106.12,105.77,105.66,104.50,105.52,105.31,105.94,106.09,105.72,105.70,105.18,105.66,105.57,105.03,105.31,105.18,105.14,104.85,105.53,105.37,105.37,105.66,105.69,105.37,99.06,96.54,99.51,99.50,96.20,96.88,97.06,98.25,97.87,98.56,98.85,99.95,99.86,100.03,99.59,100.02,100.43,100.60,100.84,100.61,102.20,103.82,105.41,106.70,104.65,106.08,105.33,105.34,105.44,104.64,104.18,103.77,104.60,104.71,104.74,105.20,106.11,106.78,107.12,105.78,105.85,106.06,104.80,106.04,106.71,107.73,107.72,107.34,107.71,106.12,105.02,106.14,105.71,106.10,106.27,105.92,104.36,105.41,104.32,103.69,105.00,103.92,103.70,104.15,103.67,103.77,102.69,102.29,102.17,103.72,101.97,103.92,103.74,104.15,105.93
Producto,0.002387969,05112177,JUEGO DE DORMITORIO,103.74,103.82,103.88,105.00,105.31,107.21,107.14,107.21,107.17,107.17,107.21,107.14,107.48,107.20,106.90,106.97,107.59,108.48,107.22,107.51,106.84,106.74,106.79,107.28,106.45,105.99,105.68,106.74,103.32,103.30,102.96,102.95,102.95,104.64,104.75,104.80,105.06,104.94,105.38,105.52,105.25,104.36,102.41,104.05,103.76,103.85,104.12,103.81,103.83,102.67,102.81,102.85,102.73,102.49,102.39,102.34,102.14,103.33,102.87,103.06,103.47,103.48,103.48,94.65,90.38,95.92,95.28,93.11,93.59,93.70,95.42,94.89,95.27,94.23,94.67,94.75,95.16,95.10,95.43,95.85,95.90,97.12,96.71,99.53,98.36,99.71,101.23,98.51,100.28,99.03,99.14,99.26,98.23,97.68,96.78,97.82,98.45,98.57,98.48,99.67,100.86,100.38,99.17,99.20,99.20,99.04,101.11,101.83,103.30,103.61,103.06,104.68,102.25,100.68,102.15,101.50,102.20,102.23,101.73,99.38,101.54,100.09,99.25,101.20,99.87,100.05,100.73,99.62,100.03,98.38,97.63,97.94,100.43,97.77,100.49,100.67,99.61,101.47
Producto,0.001763393,05112178,COLCHÓN,99.76,100.03,100.43,100.58,100.86,102.44,102.26,101.44,101.02,101.19,101.19,100.75,100.66,100.44,99.92,100.07,99.66,99.58,99.74,99.74,98.63,98.26,99.10,96.19,100.03,100.70,101.20,101.63,99.79,99.54,98.61,99.28,101.92,101.76,102.23,102.06,105.49,105.23,107.66,107.31,106.82,108.28,108.69,108.47,108.42,110.11,110.05,109.56,109.46,110.21,111.38,111.02,109.64,110.97,110.77,110.77,110.27,109.95,110.37,110.01,110.05,110.14,109.18,107.92,108.91,106.71,107.96,102.40,103.50,103.78,103.95,103.83,105.16,108.12,110.53,110.11,109.81,108.61,109.25,109.64,110.02,108.30,108.43,107.55,114.76,116.86,117.67,116.97,117.70,117.97,117.79,117.82,117.50,117.20,117.79,118.20,117.27,117.11,118.68,119.03,118.65,120.65,119.03,119.19,119.83,116.38,115.91,116.51,116.62,115.98,115.94,113.81,113.87,113.74,114.15,114.15,113.93,114.37,114.34,114.36,113.16,112.82,112.61,112.63,112.04,111.00,111.03,111.82,111.28,111.33,111.63,110.64,110.33,110.38,110.82,109.91,113.26,114.87
Clase,0.000147908,0512,Alfombras y otros materiales para pisos (D),92.28,92.28,92.28,96.49,96.49,96.49,96.49,96.49,106.33,106.33,106.88,107.53,107.53,107.53,107.53,107.53,107.53,107.80,106.03,104.02,105.25,107.63,107.63,107.75,107.75,107.75,107.75,107.75,107.67,103.41,102.31,102.31,102.31,102.31,102.47,102.47,102.47,102.47,102.47,102.47,102.47,102.47,102.48,102.48,99.69,99.69,99.06,99.06,99.06,99.06,99.06,99.06,95.83,95.83,95.83,95.83,95.83,95.83,95.83,88.06,88.06,88.06,88.06,85.24,84.94,85.42,85.42,85.42,85.42,85.42,85.42,85.42,85.42,85.42,85.42,85.42,85.28,84.88,85.28,83.39,83.42,83.42,83.42,83.42,84.09,83.73,84.64,86.09,85.50,84.30,85.51,85.51,86.09,84.36,84.15,82.75,82.75,81.97,82.35,82.35,82.35,82.35,81.05,81.16,81.16,81.50,81.51,83.49,83.80,81.69,81.69,82.37,81.31,81.37,81.37,81.53,80.85,76.97,75.40,75.88,75.88,75.08,75.81,76.72,77.10,76.46,76.53,75.87,76.76,77.51,76.57,77.51,77.51,77.51,76.57,76.71,77.08,76.69
Subclase,0.000147908,05121,Alfombras y materiales para pisos,92.28,92.28,92.28,96.49,96.49,96.49,96.49,96.49,106.33,106.33,106.88,107.53,107.53,107.53,107.53,107.53,107.53,107.80,106.03,104.02,105.25,107.63,107.63,107.75,107.75,107.75,107.75,107.75,107.67,103.41,102.31,102.31,102.31,102.31,102.47,102.47,102.47,102.47,102.47,102.47,102.47,102.47,102.48,102.48,99.69,99.69,99.06,99.06,99.06,99.06,99.06,99.06,95.83,95.83,95.83,95.83,95.83,95.83,95.83,88.06,88.06,88.06,88.06,85.24,84.94,85.42,85.42,85.42,85.42,85.42,85.42,85.42,85.42,85.42,85.42,85.42,85.28,84.88,85.28,83.39,83.42,83.42,83.42,83.42,84.09,83.73,84.64,86.09,85.50,84.30,85.51,85.51,86.09,84.36,84.15,82.75,82.75,81.97,82.35,82.35,82.35,82.35,81.05,81.16,81.16,81.50,81.51,83.49,83.80,81.69,81.69,82.37,81.31,81.37,81.37,81.53,80.85,76.97,75.40,75.88,75.88,75.08,75.81,76.72,77.10,76.46,76.53,75.87,76.76,77.51,76.57,77.51,77.51,77.51,76.57,76.71,77.08,76.69
Producto,0.000147908,05121179,ALFOMBRA SUELTA,92.28,92.28,92.28,96.49,96.49,96.49,96.49,96.49,106.33,106.33,106.88,107.53,107.53,107.53,107.53,107.53,107.53,107.80,106.03,104.02,105.25,107.63,107.63,107.75,107.75,107.75,107.75,107.75,107.67,103.41,102.31,102.31,102.31,102.31,102.47,102.47,102.47,102.47,102.47,102.47,102.47,102.47,102.48,102.48,99.69,99.69,99.06,99.06,99.06,99.06,99.06,99.06,95.83,95.83,95.83,95.83,95.83,95.83,95.83,88.06,88.06,88.06,88.06,85.24,84.94,85.42,85.42,85.42,85.42,85.42,85.42,85.42,85.42,85.42,85.42,85.42,85.28,84.88,85.28,83.39,83.42,83.42,83.42,83.42,84.09,83.73,84.64,86.09,85.50,84.30,85.51,85.51,86.09,84.36,84.15,82.75,82.75,81.97,82.35,82.35,82.35,82.35,81.05,81.16,81.16,81.50,81.51,83.49,83.80,81.69,81.69,82.37,81.31,81.37,81.37,81.53,80.85,76.97,75.40,75.88,75.88,75.08,75.81,76.72,77.10,76.46,76.53,75.87,76.76,77.51,76.57,77.51,77.51,77.51,76.57,76.71,77.08,76.69
Clase,0.000401898,0513,"Reparación de muebles, accesorios y materiales para pisos (S)",98.06,101.84,103.80,103.80,103.80,103.80,103.80,103.80,103.80,103.80,103.80,103.80,103.80,103.80,103.80,103.80,103.80,104.17,104.17,104.17,110.34,102.20,102.20,102.20,102.20,102.20,102.20,102.20,102.20,102.20,102.20,102.20,102.20,102.20,102.20,102.20,102.20,111.65,111.65,111.65,111.65,114.67,114.67,114.67,114.67,114.67,114.67,114.67,114.67,114.67,114.67,114.67,114.67,114.67,109.66,109.66,109.66,109.66,109.66,109.66,109.66,109.66,109.66,109.66,109.66,103.53,103.53,103.53,103.53,98.46,98.46,98.46,103.29,103.29,103.29,104.49,104.49,104.49,104.49,104.49,104.49,104.49,104.49,104.49,104.49,93.09,93.09,93.09,93.09,93.09,93.09,93.09,93.09,97.66,102.46,102.46,104.49,104.49,104.49,104.49,104.49,104.49,104.49,104.49,104.49,100.67,103.29,103.29,103.29,103.29,103.29,104.49,104.49,104.49,104.49,109.62,109.62,105.62,105.62,105.62,100.67,100.67,100.67,100.67,105.62,106.34,106.34,111.56,111.56,111.56,111.56,111.56,111.56,111.56,111.56,111.56,111.56,111.56
Subclase,0.000401898,05131,"Reparación de muebles, accesorios y materiales para pisos",98.06,101.84,103.80,103.80,103.80,103.80,103.80,103.80,103.80,103.80,103.80,103.80,103.80,103.80,103.80,103.80,103.80,104.17,104.17,104.17,110.34,102.20,102.20,102.20,102.20,102.20,102.20,102.20,102.20,102.20,102.20,102.20,102.20,102.20,102.20,102.20,102.20,111.65,111.65,111.65,111.65,114.67,114.67,114.67,114.67,114.67,114.67,114.67,114.67,114.67,114.67,114.67,114.67,114.67,109.66,109.66,109.66,109.66,109.66,109.66,109.66,109.66,109.66,109.66,109.66,103.53,103.53,103.53,103.53,98.46,98.46,98.46,103.29,103.29,103.29,104.49,104.49,104.49,104.49,104.49,104.49,104.49,104.49,104.49,104.49,93.09,93.09,93.09,93.09,93.09,93.09,93.09,93.09,97.66,102.46,102.46,104.49,104.49,104.49,104.49,104.49,104.49,104.49,104.49,104.49,100.67,103.29,103.29,103.29,103.29,103.29,104.49,104.49,104.49,104.49,109.62,109.62,105.62,105.62,105.62,100.67,100.67,100.67,100.67,105.62,106.34,106.34,111.56,111.56,111.56,111.56,111.56,111.56,111.56,111.56,111.56,111.56,111.56
Producto,0.000401898,05131180,REPARACIÓN DE MUEBLES,98.06,101.84,103.80,103.80,103.80,103.80,103.80,103.80,103.80,103.80,103.80,103.80,103.80,103.80,103.80,103.80,103.80,104.17,104.17,104.17,110.34,102.20,102.20,102.20,102.20,102.20,102.20,102.20,102.20,102.20,102.20,102.20,102.20,102.20,102.20,102.20,102.20,111.65,111.65,111.65,111.65,114.67,114.67,114.67,114.67,114.67,114.67,114.67,114.67,114.67,114.67,114.67,114.67,114.67,109.66,109.66,109.66,109.66,109.66,109.66,109.66,109.66,109.66,109.66,109.66,103.53,103.53,103.53,103.53,98.46,98.46,98.46,103.29,103.29,103.29,104.49,104.49,104.49,104.49,104.49,104.49,104.49,104.49,104.49,104.49,93.09,93.09,93.09,93.09,93.09,93.09,93.09,93.09,97.66,102.46,102.46,104.49,104.49,104.49,104.49,104.49,104.49,104.49,104.49,104.49,100.67,103.29,103.29,103.29,103.29,103.29,104.49,104.49,104.49,104.49,109.62,109.62,105.62,105.62,105.62,100.67,100.67,100.67,100.67,105.62,106.34,106.34,111.56,111.56,111.56,111.56,111.56,111.56,111.56,111.56,111.56,111.56,111.56
Grupo,0.003438527,052,Productos textiles para el hogar,100.04,100.07,99.68,99.61,99.61,100.20,101.50,101.47,101.49,101.57,101.96,101.92,101.71,101.53,102.15,102.29,102.72,103.25,103.12,102.33,103.27,103.60,104.09,103.46,103.91,103.82,103.97,104.19,102.70,102.59,102.74,102.23,101.90,101.85,102.12,102.11,101.50,101.23,101.32,101.16,100.76,100.90,100.33,100.96,101.41,101.54,101.38,100.64,99.98,100.19,100.12,100.24,100.32,100.50,99.19,99.44,99.28,98.58,98.90,98.52,99.07,99.04,99.15,97.20,97.31,98.31,99.03,98.84,98.86,98.83,98.83,99.12,99.63,99.25,98.91,98.75,97.49,97.44,98.67,98.87,98.57,98.21,99.01,98.61,99.61,99.59,98.85,100.09,100.02,100.19,99.66,99.99,100.21,98.94,99.15,99.24,98.51,97.87,97.88,97.64,97.63,97.53,97.12,97.74,97.37,97.30,96.88,96.78,96.37,95.84,95.61,97.51,96.86,96.47,95.89,95.33,95.76,95.84,95.51,95.41,95.55,94.56,94.61,94.58,94.75,94.74,94.38,94.61,94.88,94.76,93.86,93.80,94.16,94.45,94.28,93.85,94.63,95.35
Clase,0.003438527,0520,Productos textiles para el hogar (SD),100.04,100.07,99.68,99.61,99.61,100.20,101.50,101.47,101.49,101.57,101.96,101.92,101.71,101.53,102.15,102.29,102.72,103.25,103.12,102.33,103.27,103.60,104.09,103.46,103.91,103.82,103.97,104.19,102.70,102.59,102.74,102.23,101.90,101.85,102.12,102.11,101.50,101.23,101.32,101.16,100.76,100.90,100.33,100.96,101.41,101.54,101.38,100.64,99.98,100.19,100.12,100.24,100.32,100.50,99.19,99.44,99.28,98.58,98.90,98.52,99.07,99.04,99.15,97.20,97.31,98.31,99.03,98.84,98.86,98.83,98.83,99.12,99.63,99.25,98.91,98.75,97.49,97.44,98.67,98.87,98.57,98.21,99.01,98.61,99.61,99.59,98.85,100.09,100.02,100.19,99.66,99.99,100.21,98.94,99.15,99.24,98.51,97.87,97.88,97.64,97.63,97.53,97.12,97.74,97.37,97.30,96.88,96.78,96.37,95.84,95.61,97.51,96.86,96.47,95.89,95.33,95.76,95.84,95.51,95.41,95.55,94.56,94.61,94.58,94.75,94.74,94.38,94.61,94.88,94.76,93.86,93.80,94.16,94.45,94.28,93.85,94.63,95.35
Subclase,0.003438527,05201,Productos textiles para el hogar ,100.04,100.07,99.68,99.61,99.61,100.20,101.50,101.47,101.49,101.57,101.96,101.92,101.71,101.53,102.15,102.29,102.72,103.25,103.12,102.33,103.27,103.60,104.09,103.46,103.91,103.82,103.97,104.19,102.70,102.59,102.74,102.23,101.90,101.85,102.12,102.11,101.50,101.23,101.32,101.16,100.76,100.90,100.33,100.96,101.41,101.54,101.38,100.64,99.98,100.19,100.12,100.24,100.32,100.50,99.19,99.44,99.28,98.58,98.90,98.52,99.07,99.04,99.15,97.20,97.31,98.31,99.03,98.84,98.86,98.83,98.83,99.12,99.63,99.25,98.91,98.75,97.49,97.44,98.67,98.87,98.57,98.21,99.01,98.61,99.61,99.59,98.85,100.09,100.02,100.19,99.66,99.99,100.21,98.94,99.15,99.24,98.51,97.87,97.88,97.64,97.63,97.53,97.12,97.74,97.37,97.30,96.88,96.78,96.37,95.84,95.61,97.51,96.86,96.47,95.89,95.33,95.76,95.84,95.51,95.41,95.55,94.56,94.61,94.58,94.75,94.74,94.38,94.61,94.88,94.76,93.86,93.80,94.16,94.45,94.28,93.85,94.63,95.35
Producto,0.002394716,05201181,ROPA DE CAMA,100.70,100.61,101.05,101.05,101.15,101.37,103.18,103.18,103.22,103.18,103.71,103.65,103.28,102.99,103.86,103.99,104.59,105.04,105.21,104.28,105.49,105.73,106.42,106.08,106.18,106.06,106.13,106.43,105.16,105.86,106.00,105.40,105.10,105.02,105.07,104.87,103.93,103.50,103.50,103.46,102.92,102.92,102.17,102.79,102.82,103.04,102.83,101.80,101.34,101.54,101.44,101.33,101.29,101.40,99.72,100.06,99.96,99.44,99.90,99.67,99.67,99.74,99.82,97.01,98.10,99.63,99.56,99.46,99.52,99.44,99.44,100.03,99.95,99.92,99.89,100.01,98.41,98.34,100.29,100.65,100.71,100.55,101.31,100.88,101.15,101.03,99.86,100.66,100.53,100.78,100.80,101.05,101.05,99.26,99.55,99.54,98.55,97.79,97.89,97.48,97.44,97.13,96.64,97.25,97.24,97.11,96.65,96.61,95.31,94.74,94.25,96.39,95.61,95.34,94.36,93.84,93.62,93.66,93.14,93.91,93.82,92.79,92.75,92.25,92.44,92.26,92.11,92.21,92.61,92.45,91.67,91.13,91.56,91.40,91.36,90.87,92.06,92.72
Producto,0.000414042,05201182,CORTINA DE TELA,101.24,101.59,101.59,101.59,101.11,101.59,101.59,101.37,101.37,101.99,101.99,101.99,102.45,102.45,102.45,102.45,102.45,103.40,102.95,101.40,101.53,102.28,102.28,99.37,102.25,102.25,102.25,102.25,97.86,94.92,94.92,94.74,93.60,93.63,95.38,96.34,96.76,97.04,97.76,96.75,96.67,97.69,97.45,97.45,100.62,100.45,100.29,100.29,97.77,97.77,97.77,98.62,98.62,99.42,99.42,99.43,99.43,96.83,96.83,95.20,97.36,97.36,97.36,95.96,91.10,91.41,97.16,96.33,96.33,96.33,96.33,95.38,98.58,96.92,94.56,92.69,92.17,92.23,90.97,89.90,86.86,85.49,86.83,86.08,88.03,87.82,87.99,92.55,93.18,93.12,92.96,91.86,93.08,92.60,92.60,92.60,92.65,92.49,92.49,92.13,91.77,91.77,92.29,93.28,91.34,90.52,91.40,90.52,92.36,92.39,93.26,95.58,95.58,95.52,94.98,93.90,95.28,95.28,95.28,92.65,92.01,90.37,90.37,92.50,92.73,91.49,91.08,91.77,91.77,92.50,92.13,92.31,92.31,92.31,92.31,90.06,91.24,92.31
Producto,0.00062977,05201183,ROPA DE BAÑO,95.94,96.25,91.66,91.22,91.22,93.58,93.58,93.58,93.58,93.73,93.82,93.82,93.82,93.96,93.96,94.29,94.29,94.82,93.59,94.11,94.47,94.83,94.83,94.87,94.83,94.83,95.43,95.43,95.47,94.05,94.37,94.02,94.26,94.22,94.29,94.29,94.29,94.29,94.29,94.29,94.28,94.28,94.28,95.49,95.56,95.56,95.56,95.56,95.56,96.05,96.05,96.57,97.28,97.28,96.52,96.52,96.02,96.07,96.07,96.07,97.73,97.24,97.60,99.14,99.03,98.15,98.15,98.12,97.95,98.14,98.14,98.14,99.07,98.14,98.14,98.14,97.78,97.78,97.78,98.33,98.69,98.30,98.88,98.88,102.47,103.07,103.52,103.97,103.53,103.53,100.14,102.10,102.49,102.88,102.93,103.60,103.35,102.89,102.48,103.16,103.55,104.37,103.46,103.82,103.13,104.03,102.70,102.99,104.76,103.90,103.93,104.40,103.79,102.52,103.79,103.43,106.06,106.46,106.72,104.74,106.67,106.40,106.87,107.19,107.21,109.04,107.77,108.19,108.09,107.44,105.51,107.50,107.82,110.45,109.49,110.97,109.46,110.19
Grupo,0.00941145,053,Artefactos para el hogar,102.32,103.27,105.77,107.22,108.13,108.69,108.48,108.61,108.38,108.38,108.60,108.84,109.31,109.37,108.43,108.14,108.32,109.97,109.20,108.12,108.14,107.31,104.70,104.22,103.65,103.84,103.05,103.01,100.01,98.42,98.06,97.36,95.75,95.11,94.86,94.07,94.07,94.52,94.34,93.48,92.61,93.27,92.77,91.57,89.50,87.49,86.37,86.08,84.61,84.60,84.24,84.15,83.53,83.69,83.68,83.12,82.61,82.13,81.79,81.58,81.48,81.49,81.17,78.43,78.88,79.60,80.08,80.05,79.71,79.28,78.76,78.57,78.95,79.36,79.78,79.35,78.86,78.99,79.91,79.95,79.82,79.97,80.55,80.42,81.54,81.17,82.12,82.77,82.02,83.72,83.25,82.84,82.94,83.60,82.25,81.46,82.12,81.67,80.75,81.70,81.26,81.46,81.46,80.69,81.59,80.83,79.50,79.14,80.29,79.44,80.07,81.99,80.63,79.96,80.10,79.64,79.54,79.64,78.93,78.48,78.59,78.64,78.02,78.10,77.69,77.33,78.02,77.61,77.53,77.45,76.42,75.68,76.89,76.83,77.08,76.97,76.21,77.28
Clase,0.008054761,0531,"Artefactos para el hogar grandes, eléctricos o no (D)",101.87,102.90,105.69,106.68,107.86,108.22,107.86,108.25,107.91,107.64,107.97,108.53,109.12,109.35,108.28,107.90,107.82,109.24,108.72,107.27,107.31,106.16,103.24,102.68,102.52,103.11,102.20,101.90,98.47,97.11,96.92,96.53,94.81,94.25,93.72,92.86,93.07,93.59,93.44,92.49,91.73,92.43,91.79,90.32,87.75,85.40,83.84,83.50,81.81,81.95,81.47,81.44,80.53,80.71,80.54,80.08,79.43,78.85,78.53,78.29,78.01,78.06,77.68,74.49,74.96,75.87,76.44,76.28,76.07,75.57,75.43,75.10,75.55,75.88,76.48,75.96,75.35,75.54,76.63,76.63,76.72,76.88,77.40,77.27,78.57,78.01,78.96,79.59,78.71,80.71,80.16,79.66,79.74,80.47,79.18,78.51,79.19,78.51,77.33,78.34,77.91,78.05,77.97,77.28,78.18,77.11,75.60,74.98,76.16,75.15,75.89,77.21,75.65,74.88,75.07,74.56,74.55,74.43,73.90,73.40,73.31,73.35,72.90,72.87,72.52,72.32,73.04,72.49,72.34,71.89,70.70,69.79,70.54,70.37,70.62,70.53,69.67,70.73
Subclase,0.008054761,05311,Artefactos grandes para el hogar,101.87,102.90,105.69,106.68,107.86,108.22,107.86,108.25,107.91,107.64,107.97,108.53,109.12,109.35,108.28,107.90,107.82,109.24,108.72,107.27,107.31,106.16,103.24,102.68,102.52,103.11,102.20,101.90,98.47,97.11,96.92,96.53,94.81,94.25,93.72,92.86,93.07,93.59,93.44,92.49,91.73,92.43,91.79,90.32,87.75,85.40,83.84,83.50,81.81,81.95,81.47,81.44,80.53,80.71,80.54,80.08,79.43,78.85,78.53,78.29,78.01,78.06,77.68,74.49,74.96,75.87,76.44,76.28,76.07,75.57,75.43,75.10,75.55,75.88,76.48,75.96,75.35,75.54,76.63,76.63,76.72,76.88,77.40,77.27,78.57,78.01,78.96,79.59,78.71,80.71,80.16,79.66,79.74,80.47,79.18,78.51,79.19,78.51,77.33,78.34,77.91,78.05,77.97,77.28,78.18,77.11,75.60,74.98,76.16,75.15,75.89,77.21,75.65,74.88,75.07,74.56,74.55,74.43,73.90,73.40,73.31,73.35,72.90,72.87,72.52,72.32,73.04,72.49,72.34,71.89,70.70,69.79,70.54,70.37,70.62,70.53,69.67,70.73
Producto,0.002187405,05311184,COCINA,108.59,109.77,108.02,107.89,110.85,109.73,107.17,106.37,105.26,105.80,106.22,108.12,107.88,107.81,106.09,106.33,106.31,106.63,106.31,106.08,105.10,104.45,105.05,106.12,105.22,105.14,103.48,104.89,104.73,104.58,104.45,103.46,101.28,101.02,100.85,101.33,102.36,101.49,101.55,101.00,100.89,101.03,100.76,100.74,92.07,85.30,81.74,80.72,77.90,77.34,76.71,76.11,74.92,74.50,74.44,73.78,73.48,71.67,71.44,71.87,71.71,71.11,70.24,69.86,68.48,68.84,66.56,66.31,65.59,65.10,64.91,65.21,65.68,66.02,65.82,65.22,65.41,65.81,66.23,65.85,65.80,66.89,66.07,66.15,66.73,66.78,66.68,66.42,66.28,66.36,64.85,65.05,64.24,66.08,64.85,64.76,64.99,63.67,64.18,64.00,63.05,63.30,63.41,63.98,64.02,63.42,62.65,62.05,62.65,62.20,62.29,62.70,62.67,62.50,62.45,62.44,62.40,62.00,61.70,61.87,60.66,60.89,60.75,61.05,61.09,60.96,61.10,61.43,60.43,60.21,60.06,59.03,58.78,58.55,58.61,59.09,58.35,60.23
Producto,0.000324392,05311185,HORNO,98.58,98.35,98.42,99.09,100.62,106.80,110.10,110.57,111.20,113.59,114.94,112.78,111.70,111.52,109.75,108.99,109.04,109.91,110.12,109.75,109.54,109.88,107.39,107.07,104.34,106.10,105.96,106.27,105.93,104.80,104.07,103.68,101.34,101.39,101.01,99.60,99.65,100.17,100.05,98.76,99.21,99.23,98.57,99.66,93.76,94.06,93.37,93.26,89.66,89.61,87.42,87.12,86.45,84.98,83.38,83.68,84.41,84.20,83.75,83.88,83.82,84.37,84.60,80.41,81.78,82.35,84.51,85.59,86.90,87.35,85.59,86.67,87.08,86.13,88.03,86.09,83.43,84.27,85.10,88.31,88.43,87.21,90.05,90.83,91.04,90.82,91.22,89.39,90.01,92.14,92.15,91.41,92.96,93.24,89.76,88.61,92.64,91.82,91.91,92.34,91.28,90.50,90.90,92.22,92.71,89.69,87.74,86.98,89.07,87.92,89.68,88.13,88.67,86.92,86.98,88.34,88.23,88.60,87.78,86.49,89.37,86.30,86.55,89.29,89.18,87.23,86.65,86.37,84.93,85.60,84.47,83.54,84.67,84.75,84.85,84.61,79.54,79.09
Producto,0.002853107,05311186,REFRIGERADORA,103.85,105.27,106.39,107.35,108.63,108.75,109.08,109.47,108.84,108.34,107.81,107.91,107.95,108.04,107.64,107.83,107.38,109.73,108.65,106.61,107.45,106.68,100.73,97.24,98.71,99.86,98.84,97.70,96.57,93.20,92.96,93.04,90.80,89.65,88.72,86.76,87.18,89.13,88.99,86.58,85.33,87.09,85.37,82.08,82.99,81.63,81.13,80.89,80.96,79.71,79.41,78.83,77.00,77.23,77.98,77.11,76.00,76.62,75.92,75.16,74.35,74.45,74.47,68.60,71.62,72.21,73.47,72.97,72.80,71.73,71.58,70.35,70.94,72.25,72.85,72.50,71.66,71.54,73.56,74.18,74.22,73.62,74.78,74.25,75.90,75.43,76.35,77.29,73.97,76.57,77.18,75.98,76.29,76.29,75.96,75.72,76.67,76.76,74.64,75.55,74.66,75.00,75.00,75.07,75.10,74.53,73.78,73.36,73.93,73.29,73.48,74.54,73.12,72.43,72.97,72.79,72.70,72.73,72.38,71.86,72.28,71.83,71.02,70.47,70.26,70.54,70.92,70.07,70.04,68.61,67.24,66.44,67.35,66.73,67.45,67.12,67.09,67.09
Producto,0.002110074,05311187,LAVADORA Y SECADORA DE ROPA,94.41,95.13,104.19,106.23,105.68,106.59,106.82,108.21,108.71,107.50,108.49,108.79,110.99,111.71,110.63,109.18,109.40,110.92,110.68,108.57,108.72,106.49,103.56,104.58,103.81,104.21,103.93,102.90,93.60,93.25,93.15,92.81,92.13,91.83,91.38,90.58,89.86,90.13,89.78,90.08,89.02,89.22,89.41,88.11,87.86,87.90,86.87,86.97,84.75,87.02,86.78,87.90,88.17,89.12,88.12,88.15,87.42,86.61,86.63,86.28,86.42,86.89,86.43,83.74,83.00,84.79,86.88,86.94,86.88,86.81,87.00,86.81,87.10,86.64,87.71,87.32,86.61,86.82,87.58,86.67,86.93,87.34,87.96,87.89,89.68,88.40,90.41,91.93,92.72,95.77,94.73,94.40,94.74,95.37,93.40,91.83,92.05,91.14,89.24,91.49,92.13,92.11,91.71,88.76,91.39,89.74,86.85,86.02,88.18,86.32,88.06,90.95,87.50,86.29,86.35,84.71,84.82,84.71,83.85,82.93,82.76,83.68,83.22,82.96,82.08,81.63,83.45,82.39,83.08,83.25,81.34,80.42,81.82,82.11,82.08,81.76,80.65,82.37
Producto,0.000579783,05311188,ACONDICIONADOR DE AIRE,95.60,94.67,94.67,98.27,98.27,97.54,96.48,96.63,96.63,96.63,101.24,102.29,109.41,109.41,109.41,109.41,109.41,109.41,109.41,109.41,109.41,109.41,109.41,109.41,109.41,109.41,109.41,109.40,109.39,109.38,109.37,109.37,109.37,109.37,109.36,109.36,109.36,109.37,109.36,109.36,109.36,109.34,109.34,109.34,109.34,109.34,109.34,109.34,109.35,109.35,109.33,109.35,109.35,109.35,109.35,109.35,109.35,109.35,109.35,109.34,109.34,109.35,109.35,109.35,109.35,109.35,109.34,109.34,109.34,109.34,109.34,109.33,109.34,109.34,109.34,109.32,109.32,109.32,109.32,109.32,109.32,109.32,109.32,109.32,109.33,109.33,109.33,109.34,109.34,109.33,109.35,109.35,109.36,109.35,109.35,109.35,109.35,109.35,109.35,109.34,109.34,109.34,109.34,109.34,109.34,109.34,109.33,109.33,109.33,109.33,109.33,109.33,109.33,109.33,109.34,109.33,109.33,109.33,109.33,109.34,109.33,109.33,109.32,109.32,109.32,109.33,109.33,109.33,109.33,109.33,109.33,109.33,109.33,109.32,109.32,109.32,109.32,109.33
Clase,0.000967805,0532,Artefactos eléctricos para el hogar pequeños (SD),101.38,102.08,103.51,108.94,108.22,108.73,109.57,107.86,108.37,110.34,109.79,106.59,106.37,105.14,104.72,104.96,106.06,110.21,108.58,110.64,110.50,110.53,109.16,109.19,106.73,104.00,104.26,103.90,102.96,99.07,97.27,95.07,93.67,92.15,93.87,93.29,91.77,91.83,91.39,90.76,88.75,89.44,89.65,89.90,88.96,88.63,87.61,87.61,87.13,86.01,86.41,85.77,85.02,85.12,85.94,84.39,84.76,84.67,84.12,84.14,85.08,84.82,84.83,84.29,84.77,84.34,84.42,85.34,84.75,84.97,84.07,84.42,84.43,85.50,85.10,85.16,85.34,85.11,85.19,85.39,85.08,85.31,86.53,86.68,86.93,87.90,88.16,88.90,89.17,89.29,89.29,89.52,89.83,90.03,88.30,88.84,89.67,89.32,89.90,89.70,88.99,89.69,90.88,89.17,90.53,91.09,90.53,91.93,93.34,93.30,93.35,96.30,95.90,95.56,95.20,95.01,94.20,95.72,93.60,93.23,94.81,95.00,92.89,93.85,92.58,90.88,91.65,92.43,92.77,93.86,93.47,93.68,94.16,94.83,95.11,94.67,94.34,94.60
Subclase,0.000967805,05321,Artefactos eléctricos para el hogar pequeños,101.38,102.08,103.51,108.94,108.22,108.73,109.57,107.86,108.37,110.34,109.79,106.59,106.37,105.14,104.72,104.96,106.06,110.21,108.58,110.64,110.50,110.53,109.16,109.19,106.73,104.00,104.26,103.90,102.96,99.07,97.27,95.07,93.67,92.15,93.87,93.29,91.77,91.83,91.39,90.76,88.75,89.44,89.65,89.90,88.96,88.63,87.61,87.61,87.13,86.01,86.41,85.77,85.02,85.12,85.94,84.39,84.76,84.67,84.12,84.14,85.08,84.82,84.83,84.29,84.77,84.34,84.42,85.34,84.75,84.97,84.07,84.42,84.43,85.50,85.10,85.16,85.34,85.11,85.19,85.39,85.08,85.31,86.53,86.68,86.93,87.90,88.16,88.90,89.17,89.29,89.29,89.52,89.83,90.03,88.30,88.84,89.67,89.32,89.90,89.70,88.99,89.69,90.88,89.17,90.53,91.09,90.53,91.93,93.34,93.30,93.35,96.30,95.90,95.56,95.20,95.01,94.20,95.72,93.60,93.23,94.81,95.00,92.89,93.85,92.58,90.88,91.65,92.43,92.77,93.86,93.47,93.68,94.16,94.83,95.11,94.67,94.34,94.60
Producto,0.000659751,05321189,LICUADORA,102.17,103.45,105.47,112.63,111.46,111.58,112.51,110.21,110.97,113.60,113.12,108.91,108.69,106.35,106.06,106.21,107.39,112.91,110.55,113.81,113.70,113.65,111.98,111.69,108.99,106.06,105.92,105.84,104.25,98.81,97.24,94.26,93.74,91.85,93.53,93.06,90.87,91.00,90.36,89.41,86.64,87.90,88.18,87.95,87.01,86.61,85.37,85.40,84.57,83.42,83.94,83.71,83.19,83.34,84.50,82.49,82.89,82.83,81.93,81.87,82.88,82.74,82.61,82.89,82.42,81.98,81.64,82.89,82.22,82.23,81.55,82.78,82.88,84.15,83.15,82.83,83.01,82.90,83.08,83.75,83.70,83.91,85.60,85.94,85.67,87.03,87.08,87.57,87.81,88.02,88.49,89.15,89.48,89.72,87.41,87.86,88.16,87.61,88.37,88.15,87.14,88.12,89.08,88.58,88.94,90.09,89.12,91.20,93.01,93.53,93.72,97.00,96.71,96.56,97.51,97.20,96.18,97.41,94.94,94.71,97.15,97.49,94.62,95.87,94.40,92.32,93.41,94.48,94.60,96.30,95.53,95.99,95.85,97.68,97.11,96.40,96.67,97.10
Producto,0.000111584,05321190,VENTILADOR,96.48,96.48,96.48,96.48,97.15,106.43,108.15,112.31,112.90,112.13,112.04,109.33,109.33,109.33,109.63,109.91,109.97,111.17,111.55,111.37,111.43,111.85,111.85,111.71,111.22,110.48,110.44,110.44,110.44,108.49,108.22,108.21,101.52,101.52,101.52,101.53,101.53,100.52,101.18,101.01,100.89,100.89,99.88,99.35,97.80,97.83,97.83,99.67,98.46,98.46,98.46,98.46,98.27,98.27,97.12,96.98,96.82,96.77,96.72,96.68,96.53,96.12,96.13,96.97,96.58,96.59,96.59,96.48,96.48,97.63,97.63,98.90,98.87,98.90,98.68,98.69,98.78,98.61,100.30,98.76,98.76,98.14,98.26,98.38,98.91,97.79,97.83,98.27,99.59,96.94,96.35,97.80,98.62,98.66,98.66,98.05,98.05,98.06,98.60,97.31,97.31,98.15,98.15,98.80,98.69,98.24,98.24,98.24,97.80,97.87,97.88,98.80,100.07,102.86,102.14,102.14,102.65,102.65,102.65,102.79,102.41,102.39,103.06,100.31,101.52,102.10,103.56,102.00,102.09,103.95,103.42,103.86,103.55,102.21,104.34,104.53,102.80,102.79
Producto,0.000109309,05321191,PLANCHA ELÉCTRICA DE ROPA,100.34,100.41,100.73,104.35,105.44,105.32,107.10,105.98,105.94,107.06,106.98,106.35,107.24,107.24,107.66,108.81,111.17,113.65,113.74,113.13,113.09,113.08,113.31,114.93,113.42,111.74,114.31,112.98,114.21,109.11,107.26,106.07,103.06,101.36,101.89,100.07,100.07,99.93,99.93,100.23,99.67,99.55,99.79,100.03,97.13,96.57,96.95,96.90,95.37,93.13,93.45,90.75,90.59,90.92,91.05,91.30,91.26,90.52,91.02,91.28,91.45,91.71,91.46,86.18,88.54,87.76,88.19,88.03,88.03,87.35,88.01,87.78,88.00,88.64,89.08,90.16,90.48,90.33,90.33,89.94,90.30,90.78,91.63,90.38,90.44,90.16,90.09,91.25,91.43,91.44,91.72,90.85,90.88,90.75,91.51,90.08,91.71,91.25,91.99,91.81,91.66,91.83,91.66,92.20,93.39,91.77,91.11,91.12,92.46,91.35,91.23,94.93,93.53,93.02,91.75,92.03,92.65,93.05,93.08,91.22,90.41,89.53,88.51,88.34,86.50,85.88,86.08,86.68,87.13,87.40,88.08,88.25,92.36,88.00,91.56,91.70,88.04,87.54
Producto,8.71601E-05,05321192,DUCHA ELÉCTRICA,99.15,98.01,98.01,98.01,97.58,99.95,99.57,99.57,99.57,99.57,98.37,97.15,95.97,98.25,96.57,96.43,96.13,96.15,96.03,95.45,95.10,95.47,93.96,93.96,91.63,88.79,88.77,88.05,87.91,91.34,88.59,88.67,85.22,85.29,88.23,88.23,88.15,88.12,88.12,87.97,87.79,86.83,86.83,89.09,89.78,89.92,88.59,88.46,90.32,90.26,90.26,89.60,87.40,87.13,87.18,85.94,86.56,86.89,86.89,87.06,88.35,87.18,88.02,88.02,90.86,90.76,92.27,92.81,92.02,93.79,90.63,87.84,87.32,87.95,89.33,90.09,90.11,89.37,89.06,87.83,85.90,86.01,85.67,86.20,88.75,89.26,90.69,92.10,92.51,92.44,90.29,89.60,90.05,90.42,88.85,91.51,93.90,94.41,94.16,94.05,94.05,94.09,97.40,88.71,94.42,94.42,95.61,95.40,95.30,93.81,93.41,94.47,94.42,93.31,88.32,88.21,87.06,90.74,88.18,88.46,88.62,89.08,89.09,89.92,89.89,88.74,88.62,88.47,89.62,88.87,89.19,88.40,88.34,88.58,89.53,89.67,89.74,89.98
Clase,0.000388884,0533,Reparación de artefactos para el hogar (S),112.64,112.64,112.64,112.64,112.64,116.82,116.82,116.82,116.82,116.82,116.82,119.90,119.90,119.90,120.06,120.06,122.75,122.35,119.31,117.21,117.21,119.89,119.89,119.72,116.35,116.35,115.29,120.60,120.28,120.28,120.28,117.54,117.54,117.54,117.54,117.54,117.54,117.54,117.54,117.54,117.54,117.54,117.71,117.71,122.01,122.01,128.43,128.43,128.43,128.43,128.43,128.43,133.26,133.26,133.98,133.98,133.98,134.22,134.22,133.82,134.40,134.40,134.40,134.40,134.40,134.40,134.40,134.40,132.14,131.50,125.24,126.13,126.13,126.30,125.55,125.55,125.55,125.55,125.55,125.98,122.39,122.06,122.06,121.36,121.36,121.17,123.62,124.65,123.62,123.62,123.73,123.28,123.28,123.66,122.20,116.01,116.01,119.37,119.37,122.20,122.20,122.20,120.74,120.74,120.74,122.20,122.16,122.16,122.16,122.16,122.16,132.34,132.34,132.70,133.00,133.00,133.00,133.40,133.04,133.21,133.21,133.21,133.21,133.21,133.63,133.63,133.63,132.90,132.90,136.84,136.84,136.84,147.95,148.32,148.32,148.79,148.71,151.96
Subclase,0.000388884,05331,Reparación de artefactos para el hogar,112.64,112.64,112.64,112.64,112.64,116.82,116.82,116.82,116.82,116.82,116.82,119.90,119.90,119.90,120.06,120.06,122.75,122.35,119.31,117.21,117.21,119.89,119.89,119.72,116.35,116.35,115.29,120.60,120.28,120.28,120.28,117.54,117.54,117.54,117.54,117.54,117.54,117.54,117.54,117.54,117.54,117.54,117.71,117.71,122.01,122.01,128.43,128.43,128.43,128.43,128.43,128.43,133.26,133.26,133.98,133.98,133.98,134.22,134.22,133.82,134.40,134.40,134.40,134.40,134.40,134.40,134.40,134.40,132.14,131.50,125.24,126.13,126.13,126.30,125.55,125.55,125.55,125.55,125.55,125.98,122.39,122.06,122.06,121.36,121.36,121.17,123.62,124.65,123.62,123.62,123.73,123.28,123.28,123.66,122.20,116.01,116.01,119.37,119.37,122.20,122.20,122.20,120.74,120.74,120.74,122.20,122.16,122.16,122.16,122.16,122.16,132.34,132.34,132.70,133.00,133.00,133.00,133.40,133.04,133.21,133.21,133.21,133.21,133.21,133.63,133.63,133.63,132.90,132.90,136.84,136.84,136.84,147.95,148.32,148.32,148.79,148.71,151.96
Producto,0.000388884,05331193,REPARACIÓN DE ARTEFACTOS PARA EL HOGAR,112.64,112.64,112.64,112.64,112.64,116.82,116.82,116.82,116.82,116.82,116.82,119.90,119.90,119.90,120.06,120.06,122.75,122.35,119.31,117.21,117.21,119.89,119.89,119.72,116.35,116.35,115.29,120.60,120.28,120.28,120.28,117.54,117.54,117.54,117.54,117.54,117.54,117.54,117.54,117.54,117.54,117.54,117.71,117.71,122.01,122.01,128.43,128.43,128.43,128.43,128.43,128.43,133.26,133.26,133.98,133.98,133.98,134.22,134.22,133.82,134.40,134.40,134.40,134.40,134.40,134.40,134.40,134.40,132.14,131.50,125.24,126.13,126.13,126.30,125.55,125.55,125.55,125.55,125.55,125.98,122.39,122.06,122.06,121.36,121.36,121.17,123.62,124.65,123.62,123.62,123.73,123.28,123.28,123.66,122.20,116.01,116.01,119.37,119.37,122.20,122.20,122.20,120.74,120.74,120.74,122.20,122.16,122.16,122.16,122.16,122.16,132.34,132.34,132.70,133.00,133.00,133.00,133.40,133.04,133.21,133.21,133.21,133.21,133.21,133.63,133.63,133.63,132.90,132.90,136.84,136.84,136.84,147.95,148.32,148.32,148.79,148.71,151.96
Grupo,0.001546614,054,"Artículos de vidrio y cristal, vajilla y utensilios para el hogar",100.37,101.78,102.18,103.66,104.64,104.31,104.37,105.22,102.73,101.46,102.27,102.14,101.87,102.16,99.09,98.62,98.62,102.21,101.55,102.20,100.19,100.12,101.80,102.09,99.99,99.95,99.87,100.34,100.15,96.66,96.92,97.94,97.78,98.27,98.21,98.84,98.77,98.60,98.98,99.35,98.87,99.04,99.17,98.90,99.51,99.67,99.00,98.71,99.04,99.80,99.53,99.82,99.55,99.92,98.25,99.40,99.18,99.39,98.72,98.49,97.40,98.28,98.97,99.38,100.37,99.35,99.37,98.66,98.70,98.07,98.41,98.51,98.22,98.75,99.81,100.63,100.60,101.46,103.01,102.95,104.74,105.66,105.41,107.06,110.58,111.42,111.78,111.49,111.92,113.40,113.15,112.37,113.72,114.37,114.90,114.68,115.08,115.59,114.96,113.63,112.39,113.67,113.59,114.51,113.98,115.07,114.43,114.68,115.13,113.76,113.95,117.33,116.09,116.56,116.20,115.19,115.21,115.60,116.02,116.74,116.07,117.60,116.23,116.96,116.01,116.82,117.23,117.61,118.03,118.01,117.97,117.56,118.38,118.40,118.48,118.92,118.13,118.30
Clase,0.001546614,0540,"Artículos de vidrio y cristal, vajilla y utensilios para el hogar (SD)",100.37,101.78,102.18,103.66,104.64,104.31,104.37,105.22,102.73,101.46,102.27,102.14,101.87,102.16,99.09,98.62,98.62,102.21,101.55,102.20,100.19,100.12,101.80,102.09,99.99,99.95,99.87,100.34,100.15,96.66,96.92,97.94,97.78,98.27,98.21,98.84,98.77,98.60,98.98,99.35,98.87,99.04,99.17,98.90,99.51,99.67,99.00,98.71,99.04,99.80,99.53,99.82,99.55,99.92,98.25,99.40,99.18,99.39,98.72,98.49,97.40,98.28,98.97,99.38,100.37,99.35,99.37,98.66,98.70,98.07,98.41,98.51,98.22,98.75,99.81,100.63,100.60,101.46,103.01,102.95,104.74,105.66,105.41,107.06,110.58,111.42,111.78,111.49,111.92,113.40,113.15,112.37,113.72,114.37,114.90,114.68,115.08,115.59,114.96,113.63,112.39,113.67,113.59,114.51,113.98,115.07,114.43,114.68,115.13,113.76,113.95,117.33,116.09,116.56,116.20,115.19,115.21,115.60,116.02,116.74,116.07,117.60,116.23,116.96,116.01,116.82,117.23,117.61,118.03,118.01,117.97,117.56,118.38,118.40,118.48,118.92,118.13,118.30
Subclase,0.001546614,05401,"Artículos de vidrio y cristal, vajilla y utensilios para el hogar",100.37,101.78,102.18,103.66,104.64,104.31,104.37,105.22,102.73,101.46,102.27,102.14,101.87,102.16,99.09,98.62,98.62,102.21,101.55,102.20,100.19,100.12,101.80,102.09,99.99,99.95,99.87,100.34,100.15,96.66,96.92,97.94,97.78,98.27,98.21,98.84,98.77,98.60,98.98,99.35,98.87,99.04,99.17,98.90,99.51,99.67,99.00,98.71,99.04,99.80,99.53,99.82,99.55,99.92,98.25,99.40,99.18,99.39,98.72,98.49,97.40,98.28,98.97,99.38,100.37,99.35,99.37,98.66,98.70,98.07,98.41,98.51,98.22,98.75,99.81,100.63,100.60,101.46,103.01,102.95,104.74,105.66,105.41,107.06,110.58,111.42,111.78,111.49,111.92,113.40,113.15,112.37,113.72,114.37,114.90,114.68,115.08,115.59,114.96,113.63,112.39,113.67,113.59,114.51,113.98,115.07,114.43,114.68,115.13,113.76,113.95,117.33,116.09,116.56,116.20,115.19,115.21,115.60,116.02,116.74,116.07,117.60,116.23,116.96,116.01,116.82,117.23,117.61,118.03,118.01,117.97,117.56,118.38,118.40,118.48,118.92,118.13,118.30
Producto,0.001546614,05401194,OLLAS,100.37,101.78,102.18,103.66,104.64,104.31,104.37,105.22,102.73,101.46,102.27,102.14,101.87,102.16,99.09,98.62,98.62,102.21,101.55,102.20,100.19,100.12,101.80,102.09,99.99,99.95,99.87,100.34,100.15,96.66,96.92,97.94,97.78,98.27,98.21,98.84,98.77,98.60,98.98,99.35,98.87,99.04,99.17,98.90,99.51,99.67,99.00,98.71,99.04,99.80,99.53,99.82,99.55,99.92,98.25,99.40,99.18,99.39,98.72,98.49,97.40,98.28,98.97,99.38,100.37,99.35,99.37,98.66,98.70,98.07,98.41,98.51,98.22,98.75,99.81,100.63,100.60,101.46,103.01,102.95,104.74,105.66,105.41,107.06,110.58,111.42,111.78,111.49,111.92,113.40,113.15,112.37,113.72,114.37,114.90,114.68,115.08,115.59,114.96,113.63,112.39,113.67,113.59,114.51,113.98,115.07,114.43,114.68,115.13,113.76,113.95,117.33,116.09,116.56,116.20,115.19,115.21,115.60,116.02,116.74,116.07,117.60,116.23,116.96,116.01,116.82,117.23,117.61,118.03,118.01,117.97,117.56,118.38,118.40,118.48,118.92,118.13,118.30
Grupo,0.001381501,055,Herramientas y equipo para el hogar y el jardín,93.61,93.98,94.08,96.22,96.53,96.78,97.83,98.49,99.27,99.41,99.19,95.73,94.40,95.75,95.84,93.89,94.36,95.09,94.89,94.25,94.52,94.31,94.77,93.92,94.82,94.90,95.28,94.72,93.31,91.51,90.84,90.34,90.05,84.36,84.73,84.25,84.09,83.87,81.29,82.78,82.94,82.03,82.01,79.30,79.45,79.74,79.89,81.28,80.10,81.65,81.35,80.90,80.05,80.39,81.13,80.48,80.46,80.09,80.14,78.64,79.19,78.36,78.82,79.20,77.92,78.59,78.41,78.14,78.44,77.89,77.47,77.69,77.55,79.43,79.38,80.35,80.19,79.58,77.99,77.35,78.01,78.29,78.91,79.94,80.29,80.54,80.89,81.11,81.15,79.97,80.23,80.39,80.93,81.94,81.16,80.73,80.27,79.90,80.22,79.51,78.24,78.70,78.17,78.28,77.57,77.48,78.29,78.87,77.82,77.72,77.31,78.64,78.68,78.53,78.25,77.79,78.35,77.31,76.90,76.36,75.88,75.54,74.55,73.96,74.96,74.82,74.06,73.49,73.39,73.16,73.19,72.37,72.87,73.37,73.57,73.28,73.66,72.96
Clase,0.00022067,0551,Herramientas y equipo grandes (D),103.65,103.65,103.31,103.31,103.31,103.31,103.31,103.31,102.35,100.58,98.93,98.16,97.06,96.48,96.67,96.67,93.83,94.13,94.02,86.72,91.25,92.55,93.52,93.49,96.81,96.81,100.67,99.93,99.33,97.16,97.24,90.40,90.70,92.82,92.78,92.78,94.33,95.61,91.39,91.39,91.39,87.12,87.46,81.32,85.70,85.96,87.18,87.10,85.88,85.61,85.23,84.55,83.82,84.47,85.08,81.05,81.05,80.79,81.16,81.37,81.19,81.04,81.09,81.09,81.09,81.10,81.41,78.64,81.10,80.70,81.71,82.66,82.42,91.09,91.18,90.66,90.80,90.61,83.36,83.61,84.66,85.18,87.80,87.83,90.22,89.55,89.87,90.06,90.01,90.23,89.95,88.58,90.63,86.79,88.33,87.14,87.10,87.24,90.52,88.81,86.78,86.65,86.84,82.85,82.75,83.85,82.19,83.55,82.18,80.59,80.58,82.83,82.80,82.58,81.94,82.47,83.10,84.60,84.31,83.68,83.72,83.74,83.27,81.82,80.20,79.74,80.16,82.41,82.25,80.05,80.23,80.98,80.99,81.02,81.14,78.97,81.80,81.66
Subclase,0.00022067,05511,Herramientas y equipos grandes,103.65,103.65,103.31,103.31,103.31,103.31,103.31,103.31,102.35,100.58,98.93,98.16,97.06,96.48,96.67,96.67,93.83,94.13,94.02,86.72,91.25,92.55,93.52,93.49,96.81,96.81,100.67,99.93,99.33,97.16,97.24,90.40,90.70,92.82,92.78,92.78,94.33,95.61,91.39,91.39,91.39,87.12,87.46,81.32,85.70,85.96,87.18,87.10,85.88,85.61,85.23,84.55,83.82,84.47,85.08,81.05,81.05,80.79,81.16,81.37,81.19,81.04,81.09,81.09,81.09,81.10,81.41,78.64,81.10,80.70,81.71,82.66,82.42,91.09,91.18,90.66,90.80,90.61,83.36,83.61,84.66,85.18,87.80,87.83,90.22,89.55,89.87,90.06,90.01,90.23,89.95,88.58,90.63,86.79,88.33,87.14,87.10,87.24,90.52,88.81,86.78,86.65,86.84,82.85,82.75,83.85,82.19,83.55,82.18,80.59,80.58,82.83,82.80,82.58,81.94,82.47,83.10,84.60,84.31,83.68,83.72,83.74,83.27,81.82,80.20,79.74,80.16,82.41,82.25,80.05,80.23,80.98,80.99,81.02,81.14,78.97,81.80,81.66
Producto,0.00022067,05511195,BOMBA DE AGUA,103.65,103.65,103.31,103.31,103.31,103.31,103.31,103.31,102.35,100.58,98.93,98.16,97.06,96.48,96.67,96.67,93.83,94.13,94.02,86.72,91.25,92.55,93.52,93.49,96.81,96.81,100.67,99.93,99.33,97.16,97.24,90.40,90.70,92.82,92.78,92.78,94.33,95.61,91.39,91.39,91.39,87.12,87.46,81.32,85.70,85.96,87.18,87.10,85.88,85.61,85.23,84.55,83.82,84.47,85.08,81.05,81.05,80.79,81.16,81.37,81.19,81.04,81.09,81.09,81.09,81.10,81.41,78.64,81.10,80.70,81.71,82.66,82.42,91.09,91.18,90.66,90.80,90.61,83.36,83.61,84.66,85.18,87.80,87.83,90.22,89.55,89.87,90.06,90.01,90.23,89.95,88.58,90.63,86.79,88.33,87.14,87.10,87.24,90.52,88.81,86.78,86.65,86.84,82.85,82.75,83.85,82.19,83.55,82.18,80.59,80.58,82.83,82.80,82.58,81.94,82.47,83.10,84.60,84.31,83.68,83.72,83.74,83.27,81.82,80.20,79.74,80.16,82.41,82.25,80.05,80.23,80.98,80.99,81.02,81.14,78.97,81.80,81.66
Clase,0.001160832,0552,Herramientas pequeñas y accesorios diversos (SD),92.05,92.48,92.64,95.12,95.48,95.76,96.97,97.75,98.80,99.23,99.23,95.35,93.98,95.63,95.71,93.45,94.44,95.24,95.03,95.42,95.03,94.58,94.97,93.99,94.51,94.60,94.45,93.92,92.38,90.64,89.85,90.34,89.95,83.05,83.48,82.92,82.50,82.05,79.72,81.44,81.63,81.24,81.16,78.98,78.47,78.78,78.75,80.37,79.20,81.04,80.75,80.34,79.47,79.76,80.51,80.39,80.36,79.98,79.98,78.22,78.88,77.95,78.47,78.90,77.43,78.20,77.95,78.06,78.02,77.46,76.82,76.92,76.79,77.62,77.55,78.74,78.54,77.87,77.16,76.38,76.98,77.22,77.53,78.72,78.75,79.15,79.50,79.72,79.78,78.37,78.72,79.12,79.43,81.19,80.05,79.73,79.21,78.76,78.62,78.06,76.91,77.46,76.83,77.57,76.77,76.49,77.69,78.15,77.15,77.28,76.80,77.99,78.04,77.90,77.67,77.07,77.61,76.18,75.74,75.22,74.67,74.27,73.19,72.74,74.14,74.06,73.12,72.10,72.02,72.09,72.09,71.04,71.60,72.19,72.39,72.39,72.39,71.61
Subclase,0.001160832,05521,"Lámparas incandescentes, fluorescentes y pilas",92.05,92.48,92.64,95.12,95.48,95.76,96.97,97.75,98.80,99.23,99.23,95.35,93.98,95.63,95.71,93.45,94.44,95.24,95.03,95.42,95.03,94.58,94.97,93.99,94.51,94.60,94.45,93.92,92.38,90.64,89.85,90.34,89.95,83.05,83.48,82.92,82.50,82.05,79.72,81.44,81.63,81.24,81.16,78.98,78.47,78.78,78.75,80.37,79.20,81.04,80.75,80.34,79.47,79.76,80.51,80.39,80.36,79.98,79.98,78.22,78.88,77.95,78.47,78.90,77.43,78.20,77.95,78.06,78.02,77.46,76.82,76.92,76.79,77.62,77.55,78.74,78.54,77.87,77.16,76.38,76.98,77.22,77.53,78.72,78.75,79.15,79.50,79.72,79.78,78.37,78.72,79.12,79.43,81.19,80.05,79.73,79.21,78.76,78.62,78.06,76.91,77.46,76.83,77.57,76.77,76.49,77.69,78.15,77.15,77.28,76.80,77.99,78.04,77.90,77.67,77.07,77.61,76.18,75.74,75.22,74.67,74.27,73.19,72.74,74.14,74.06,73.12,72.10,72.02,72.09,72.09,71.04,71.60,72.19,72.39,72.39,72.39,71.61
Producto,0.000822167,05521196,FOCO DE LUZ,86.99,87.68,87.92,90.32,90.20,90.19,89.91,90.29,90.61,90.61,90.61,84.79,82.93,84.33,84.45,81.76,83.19,83.19,82.55,82.44,82.38,80.82,80.09,79.88,79.81,79.99,79.84,79.33,77.14,75.46,74.35,75.51,74.50,64.75,66.09,66.11,66.28,66.28,62.83,65.33,65.62,64.69,64.78,62.59,61.91,62.46,62.58,64.86,63.14,65.57,64.62,64.83,64.62,64.67,65.46,65.46,65.46,65.46,65.46,63.02,64.12,62.90,63.85,64.34,62.21,63.54,63.08,63.03,62.77,62.29,61.35,61.35,61.35,62.12,61.63,63.11,62.96,61.88,60.77,58.89,59.72,59.64,59.64,61.99,62.33,63.10,63.13,63.46,63.31,61.30,61.43,61.40,61.30,63.19,62.30,62.19,61.08,60.19,59.78,59.50,57.84,58.05,57.27,57.63,56.50,56.23,57.89,58.20,56.77,56.61,56.22,57.12,57.37,56.99,56.61,55.85,56.22,54.86,54.07,53.23,52.17,51.49,50.04,49.20,51.03,50.92,49.86,48.26,48.26,48.29,48.08,46.34,47.18,47.55,48.14,47.90,47.51,46.29
Producto,0.000170854,05521197,PILAS,106.77,106.48,106.48,106.93,109.59,111.43,118.04,119.32,121.38,121.83,121.83,121.83,121.83,125.22,125.42,122.91,122.91,124.27,124.65,124.70,124.77,124.77,129.13,124.49,124.49,124.32,124.40,123.57,122.98,121.88,121.88,119.47,120.68,120.29,119.08,117.60,117.41,114.60,114.28,113.51,113.51,116.22,115.84,112.88,112.90,112.64,111.98,111.50,111.43,112.08,112.08,112.08,110.18,111.61,111.60,111.26,111.26,109.24,109.24,108.74,108.16,108.06,107.20,107.80,107.80,107.52,107.52,107.52,107.82,107.20,107.40,107.13,107.07,107.27,107.53,107.51,106.89,108.15,107.25,108.24,108.18,107.86,109.52,108.91,107.65,107.77,108.29,109.65,109.39,109.81,110.87,112.20,112.89,113.47,111.57,111.30,111.30,111.30,111.98,113.44,113.69,113.96,112.82,115.89,115.28,114.71,114.78,116.37,116.30,117.73,117.52,119.12,119.29,119.20,118.94,117.58,118.38,116.45,117.02,116.63,117.62,118.75,118.88,119.25,120.05,120.08,117.75,117.52,116.85,116.97,117.39,117.39,117.64,119.13,118.81,119.62,119.65,119.63
Producto,0.000167811,05521198,CANDADO,99.47,99.47,99.47,104.51,104.51,104.51,106.76,108.81,112.13,114.54,114.54,115.38,114.80,115.75,115.48,115.50,115.50,119.41,120.50,123.60,121.16,125.35,126.61,126.02,129.86,129.78,129.40,129.09,129.50,126.78,126.68,127.17,127.92,127.13,125.15,122.94,119.49,119.49,120.18,121.02,120.93,119.69,119.15,117.91,117.58,117.35,117.35,118.22,118.33,118.76,121.22,117.47,114.69,114.87,116.27,115.77,115.62,115.27,115.27,115.27,115.27,114.76,114.76,114.76,114.76,114.07,114.52,115.47,116.12,115.18,115.03,116.04,115.24,116.97,118.51,119.71,119.73,118.79,120.16,122.52,122.83,125.14,125.36,123.15,123.19,122.13,123.81,122.31,123.68,123.09,123.64,124.98,126.79,129.24,127.76,126.45,128.06,129.19,129.35,125.36,125.07,127.45,128.04,128.06,128.52,128.52,128.83,128.75,128.74,128.81,127.63,129.69,128.70,129.66,130.12,131.06,132.11,130.87,131.01,131.79,131.91,131.13,130.48,130.94,131.03,130.93,132.07,132.86,133.02,133.29,133.78,134.73,134.38,134.94,133.99,134.22,135.98,136.39
Grupo,0.034418899,056,Bienes y servicios para conservación ordinaria del hogar,103.94,104.25,104.36,104.15,104.20,104.34,104.06,104.00,103.21,103.95,104.03,104.06,105.24,105.57,105.56,105.45,105.21,105.91,105.67,105.54,105.29,105.11,105.00,105.39,106.76,106.49,106.73,106.67,106.63,105.78,105.94,106.00,105.71,105.97,106.05,106.05,107.53,107.64,107.57,107.37,107.34,107.50,107.19,107.42,107.45,107.35,107.59,107.85,108.70,108.57,108.46,108.39,108.44,108.22,108.29,108.28,108.17,108.12,107.89,108.05,109.11,108.26,108.15,109.12,109.34,109.50,109.73,109.15,109.31,109.24,109.55,109.08,109.25,109.17,109.50,109.96,109.64,109.90,110.05,110.55,110.31,111.03,111.05,111.30,114.70,115.39,116.04,115.80,117.35,117.94,118.30,118.50,117.98,119.66,119.91,119.10,122.97,122.89,123.11,123.54,124.25,121.83,123.81,123.48,123.07,123.33,123.65,123.07,124.97,124.76,124.80,126.83,126.78,126.63,126.28,126.11,126.34,126.63,126.76,126.86,128.84,127.99,128.32,127.91,127.86,127.96,128.81,128.37,128.85,128.83,129.42,129.91,131.77,131.61,129.75,130.02,130.12,130.68
Clase,0.019168533,0561,Bienes para el hogar no duraderos (ND),100.14,100.73,100.92,100.53,100.62,100.89,100.36,100.26,98.76,100.15,100.31,100.37,99.37,99.99,99.69,99.48,99.04,100.35,99.90,99.66,99.20,98.85,98.63,99.37,99.53,99.03,99.48,99.35,99.29,97.68,97.99,98.09,97.55,98.05,98.19,98.20,98.03,98.23,98.09,97.71,97.67,97.96,97.38,97.81,97.87,97.67,98.12,98.62,98.07,97.81,97.61,97.48,97.57,97.17,97.29,97.27,97.07,96.97,96.55,96.85,97.22,95.63,95.43,97.24,97.65,97.96,98.39,97.29,97.60,97.47,98.06,97.16,97.48,97.34,97.96,98.82,98.22,98.70,98.99,99.93,99.47,100.83,100.87,101.32,100.99,102.29,103.51,103.06,105.95,107.08,107.74,108.12,107.15,110.30,110.76,109.25,109.79,109.65,110.05,110.85,112.20,107.65,111.37,110.74,109.97,110.47,111.07,109.97,110.85,110.45,110.53,114.34,114.26,113.97,113.31,113.00,113.42,113.97,114.22,114.41,115.43,113.83,114.46,113.69,113.58,113.78,115.37,114.55,115.45,115.41,116.51,117.44,117.70,117.40,113.91,114.41,114.61,115.66
Subclase,0.015945987,05611,Productos de limpieza y mantenimiento,100.36,100.82,100.96,100.42,100.61,100.83,100.18,100.25,98.37,100.07,100.28,100.30,99.66,99.92,99.78,99.53,98.96,100.37,99.88,99.67,99.05,98.82,98.42,99.35,99.47,98.89,99.40,99.22,99.15,97.55,97.89,97.92,97.27,97.85,97.91,98.14,98.33,98.40,98.01,97.63,97.59,97.74,97.16,97.81,97.53,97.25,97.95,98.44,97.78,97.84,97.62,97.43,97.55,96.98,97.23,97.20,96.99,96.93,96.41,96.70,97.18,95.33,94.83,97.10,97.73,97.71,98.15,97.05,97.47,97.32,97.98,96.82,97.41,97.10,97.95,98.65,97.83,98.35,98.84,100.06,99.47,100.86,100.87,101.44,100.79,102.38,103.87,103.33,106.36,107.67,108.42,109.06,107.61,111.29,111.68,110.19,110.63,110.27,110.78,111.86,113.25,107.68,112.58,111.65,110.66,111.42,112.09,110.62,111.52,111.04,111.36,115.50,115.20,114.70,113.66,113.34,114.27,114.51,115.18,114.73,115.84,113.95,115.22,114.25,114.53,114.45,116.38,114.81,116.21,116.42,117.62,118.63,118.82,118.49,114.17,114.92,115.03,116.62
Producto,0.005798781,05611199,DETERGENTE PARA ROPA,100.26,100.24,100.24,100.35,100.26,100.26,100.26,100.28,97.55,98.88,99.03,99.01,99.01,101.46,99.01,99.01,99.06,99.84,100.04,99.52,99.69,99.88,99.77,99.92,99.96,100.26,100.49,100.45,100.35,99.02,99.08,99.39,99.52,100.17,99.52,99.78,99.78,99.73,99.63,99.18,99.10,99.12,99.09,99.08,99.00,99.08,99.43,99.32,99.19,98.86,98.99,98.95,98.96,98.95,98.63,97.91,96.88,96.80,96.29,96.01,98.42,94.96,94.19,99.16,99.05,99.35,99.25,97.52,96.95,97.47,98.31,95.14,97.01,98.21,97.92,98.06,98.06,98.93,99.24,99.42,99.96,100.05,101.39,102.06,98.74,101.65,103.94,101.83,106.23,106.94,108.18,108.33,100.77,110.04,109.60,105.95,104.96,105.47,105.51,107.83,108.47,100.96,107.42,104.75,105.41,105.42,107.71,105.99,109.80,109.86,110.73,111.95,112.15,111.60,108.69,105.99,111.33,108.84,113.25,112.40,113.52,111.45,111.67,109.49,109.40,108.65,116.13,110.26,113.06,114.47,120.33,119.91,118.25,116.40,105.19,107.01,106.34,111.07
Producto,0.00258686,05611200,JABÓN PARA ROPA,104.43,105.68,104.52,101.29,102.00,102.05,101.78,101.78,102.35,102.68,101.80,98.92,95.64,94.62,94.56,94.84,90.38,91.43,89.93,90.01,89.93,85.91,85.42,87.00,87.00,84.89,87.31,87.71,87.74,86.72,86.72,85.84,84.64,84.64,84.64,85.39,85.78,85.21,85.21,85.21,84.11,84.92,84.63,84.85,84.76,83.40,84.45,84.24,84.24,84.24,84.24,84.24,84.14,84.10,84.10,84.20,84.20,84.20,84.20,84.16,84.34,84.06,84.06,84.06,84.11,83.42,84.21,84.16,83.91,83.91,83.79,83.99,83.99,81.99,84.07,85.70,86.08,86.83,89.53,91.23,91.22,92.46,93.89,93.90,94.27,95.52,97.30,99.60,108.74,109.72,113.91,114.67,117.72,117.72,117.33,117.54,117.54,116.75,117.58,118.26,118.34,116.33,118.60,116.91,116.64,118.51,117.58,116.00,114.39,110.87,110.75,119.15,119.07,118.04,117.84,117.04,113.66,115.18,114.95,113.59,117.47,117.58,117.58,119.13,118.22,117.30,115.92,116.18,117.38,118.42,113.79,116.60,118.99,121.45,120.98,120.97,121.03,121.96
Producto,0.001806114,05611201,JABÓN PARA VAJILLA,98.27,97.37,97.67,96.64,98.05,98.15,97.27,97.44,95.05,95.86,95.94,97.69,97.33,97.20,97.46,97.74,97.29,97.98,97.71,95.93,95.61,96.29,96.94,98.18,99.05,99.57,99.67,99.46,97.87,98.08,98.04,97.45,94.00,96.44,94.87,97.59,97.72,98.30,98.44,96.30,97.04,94.58,95.02,96.30,96.88,95.21,97.61,100.41,98.64,99.90,98.60,100.03,99.31,98.64,97.72,100.70,100.51,100.73,102.23,101.21,100.62,99.06,98.91,99.27,99.82,100.14,99.89,99.89,100.00,98.69,99.45,99.37,99.36,100.44,100.33,99.66,98.51,95.98,99.41,97.42,100.47,101.52,102.45,103.26,102.59,102.34,104.22,106.80,107.61,108.06,105.04,109.91,110.90,111.17,109.76,110.41,111.28,111.29,110.95,111.63,111.66,106.14,114.60,117.31,117.30,117.07,118.46,118.31,114.29,115.42,115.81,119.63,116.92,116.65,119.22,122.00,121.40,122.52,121.04,122.95,124.99,122.81,123.96,120.48,125.39,126.72,125.50,124.25,127.55,126.53,127.47,127.46,126.04,125.03,122.79,123.93,126.46,125.01
Producto,0.003399103,05611202,CLORO Y DESINFECTANTE,100.70,102.29,103.00,103.35,103.03,103.38,101.90,101.44,98.23,103.27,104.11,105.25,105.34,102.92,106.06,104.43,105.61,108.89,108.59,108.78,106.64,106.95,105.76,108.61,108.86,106.83,106.90,106.55,106.92,103.90,103.79,104.01,104.19,104.98,107.07,104.49,103.81,105.02,103.36,103.62,103.28,106.28,103.21,103.51,103.30,103.54,103.37,105.35,103.34,103.48,103.64,103.55,103.65,103.55,103.82,103.72,103.62,103.51,100.59,101.54,100.51,100.02,99.05,100.23,103.59,103.14,104.58,102.11,105.51,104.01,106.84,106.51,106.61,104.08,106.83,106.91,103.80,106.73,102.67,107.23,102.72,107.01,104.59,105.23,105.71,107.03,107.32,104.60,103.44,106.80,106.20,104.93,106.70,108.84,109.12,107.72,110.35,107.96,109.11,108.86,113.93,106.20,113.10,112.71,108.02,109.30,108.93,107.71,108.35,107.62,105.32,112.87,112.09,110.63,110.65,111.24,111.63,113.06,113.01,111.12,110.06,108.83,110.14,108.92,109.16,110.04,110.03,112.52,112.44,109.85,109.08,111.63,112.77,113.59,113.96,113.14,113.08,113.73
Producto,0.000282729,05611203,BETÚN ,100.38,102.32,102.56,102.19,101.68,107.18,107.48,104.23,105.88,104.55,105.30,107.74,109.01,109.01,109.30,109.01,108.41,109.51,110.58,110.43,109.68,110.37,110.07,110.60,110.55,109.02,108.93,107.56,99.28,106.10,106.46,104.24,104.04,107.09,100.12,107.15,107.15,107.20,107.40,107.42,106.02,107.60,107.98,106.22,105.91,107.41,106.89,103.33,107.88,108.22,108.58,108.33,109.06,107.09,110.74,108.31,109.19,112.14,112.14,113.14,113.62,113.75,113.57,113.61,114.69,114.73,114.89,114.99,114.99,113.95,106.17,105.83,101.70,105.46,103.60,103.60,103.60,103.52,105.71,106.29,100.62,106.58,108.01,105.18,109.41,113.33,113.70,109.01,111.53,115.10,115.68,119.30,119.33,123.36,126.32,129.62,131.75,134.46,135.03,134.76,133.95,134.94,135.76,136.71,135.10,135.40,135.49,134.46,135.34,135.48,136.55,139.80,141.46,140.18,140.36,140.54,140.15,136.55,141.14,127.58,140.58,141.18,140.94,141.38,141.87,141.59,143.04,135.45,135.64,141.93,140.66,146.13,145.81,143.59,146.92,147.12,147.20,147.20
Producto,0.000260745,05611204,CERA PARA PISOS,91.05,91.05,90.60,90.13,90.39,90.39,90.42,90.42,90.42,87.83,90.31,90.35,90.35,90.35,90.35,90.35,90.26,92.39,92.44,92.07,90.96,91.11,91.11,91.28,91.38,91.38,90.80,90.84,90.65,88.58,89.01,89.01,84.01,88.97,88.98,85.60,89.01,88.96,88.96,88.96,91.80,92.16,91.89,91.65,91.60,91.64,91.64,89.85,91.69,92.25,91.47,91.96,92.10,92.32,92.32,92.34,92.34,92.34,92.34,92.34,90.27,89.09,91.90,92.38,92.40,92.40,92.40,92.29,92.29,90.39,90.50,92.14,90.55,90.61,90.61,92.27,92.04,92.33,92.42,92.07,92.28,92.28,89.96,92.37,94.54,96.74,97.43,99.18,100.35,99.58,97.76,100.85,100.21,100.37,103.25,103.25,100.29,100.18,99.68,100.25,100.35,100.92,100.09,99.96,100.61,100.61,99.93,97.79,102.60,99.97,100.32,107.82,110.60,116.56,121.00,124.10,122.48,123.45,125.24,124.45,125.07,124.65,125.30,125.19,125.30,125.09,125.59,125.88,125.42,127.48,127.48,127.73,127.77,127.42,127.67,127.65,126.96,127.70
Producto,0.000395387,05611205,DESODORANTE AMBIENTAL,101.46,101.48,101.64,101.64,101.35,101.38,99.14,99.02,92.92,96.13,96.40,96.07,96.14,98.68,96.17,96.25,96.05,100.56,94.23,94.87,97.58,97.90,96.45,96.36,92.74,95.02,97.78,95.64,99.55,86.31,98.09,102.68,102.65,92.74,97.97,97.08,101.88,98.37,97.24,94.88,97.53,84.74,85.74,100.20,91.05,92.05,98.46,95.96,92.00,102.81,96.64,89.25,93.18,91.17,97.68,88.87,97.75,95.75,96.13,102.26,101.07,98.44,94.82,96.44,92.87,97.68,94.34,98.14,97.07,101.46,100.89,100.93,101.07,97.79,101.11,100.55,100.15,94.37,99.74,103.38,102.11,101.51,95.85,99.32,101.11,101.50,103.39,103.71,103.76,100.38,100.98,101.05,106.61,104.37,119.49,113.38,125.45,125.00,123.07,125.87,126.40,126.70,117.98,118.04,123.49,118.28,120.60,117.23,113.94,117.92,126.93,122.28,124.90,119.62,111.19,117.87,111.84,118.42,113.44,113.25,107.60,105.84,112.26,115.94,111.18,114.59,110.62,111.13,109.75,111.43,109.72,109.13,115.91,112.97,111.08,116.20,115.17,110.14
Producto,0.001007496,05611206,SUAVIZANTE DE ROPA,97.78,97.17,100.57,101.76,101.89,101.64,99.12,103.56,105.20,105.57,105.60,105.60,102.72,103.17,104.65,105.18,105.25,103.82,103.43,105.67,101.72,106.48,106.16,102.97,105.37,104.32,103.15,101.93,105.05,104.31,104.15,103.80,104.17,103.81,104.32,108.72,108.31,108.22,108.78,109.74,110.14,110.96,110.99,110.68,110.95,110.83,110.16,110.04,110.32,106.28,105.25,103.60,104.90,97.52,101.13,104.51,103.63,102.25,103.98,105.60,105.88,104.87,101.99,104.64,103.64,102.46,105.45,104.17,102.86,104.45,102.31,102.39,103.41,104.11,103.56,110.16,108.35,106.74,109.85,109.82,110.04,109.87,109.86,109.95,112.36,112.80,113.63,113.39,113.66,115.72,116.91,116.62,117.48,116.89,117.36,118.89,117.36,117.36,119.99,119.99,121.48,114.40,114.90,116.15,109.52,116.77,114.55,112.07,114.20,114.85,118.84,119.92,118.35,121.71,118.66,118.24,116.15,121.43,108.02,120.53,120.80,108.03,118.68,118.45,118.15,116.93,112.27,116.44,116.82,114.52,116.16,116.66,118.10,119.15,115.39,116.41,117.80,113.45
Producto,0.000408772,05611207,INSECTICIDA,91.53,91.53,91.06,90.43,91.56,91.87,92.13,91.95,91.99,92.63,93.47,97.31,102.08,102.08,104.37,104.37,104.74,106.25,105.14,104.97,104.91,104.06,101.56,101.82,97.91,102.86,101.27,102.69,100.81,102.52,100.23,101.81,102.43,102.57,102.94,102.85,103.98,102.12,100.64,100.67,100.67,97.14,101.07,102.53,104.18,104.44,104.59,108.77,105.28,93.58,101.76,100.22,99.74,99.54,95.97,99.59,95.42,97.13,98.08,98.83,96.62,85.79,98.51,100.79,103.15,99.41,100.42,99.82,102.20,102.20,102.18,98.69,98.87,99.13,97.81,103.06,104.21,104.43,104.50,105.22,103.94,104.10,97.75,96.56,102.98,95.17,93.26,103.46,98.79,104.25,106.00,105.86,105.86,100.97,105.26,106.69,97.54,101.70,107.77,110.06,109.75,108.49,113.56,113.58,112.63,111.26,111.96,112.12,111.06,116.02,113.00,111.96,111.01,114.28,114.01,117.24,114.82,115.37,115.32,114.10,105.45,105.98,109.78,114.81,115.41,113.78,112.63,112.78,104.33,108.26,107.99,107.52,107.61,102.49,105.32,101.31,104.76,115.18
Subclase,0.003222546,05612,Productos no duraderos para el hogar,99.23,100.34,100.73,100.98,100.63,101.18,101.13,100.28,100.44,100.49,100.47,100.63,98.11,100.29,99.31,99.26,99.38,100.29,99.99,99.66,99.80,98.96,99.56,99.48,99.76,99.61,99.79,99.91,99.89,98.24,98.41,98.83,98.76,98.91,99.38,98.47,96.72,97.49,98.46,98.06,98.01,98.90,98.31,97.84,99.31,99.49,98.89,99.41,99.32,97.70,97.56,97.68,97.65,98.01,97.52,97.56,97.37,97.15,97.16,97.53,97.40,96.95,97.98,97.85,97.28,99.05,99.43,98.31,98.15,98.11,98.38,98.63,97.79,98.36,98.01,99.55,99.90,100.18,99.65,99.35,99.46,100.71,100.86,100.80,101.83,101.92,101.96,101.90,104.20,104.54,104.82,104.10,105.16,106.07,106.84,105.23,106.20,107.00,106.92,106.50,107.67,107.49,106.19,106.81,107.03,106.43,106.69,107.21,107.97,107.92,106.99,109.39,110.23,110.88,111.81,111.51,109.80,111.67,110.09,113.03,113.67,113.32,111.17,111.28,109.53,110.88,111.03,113.44,112.16,111.04,111.77,112.31,112.88,112.75,112.78,112.21,112.82,111.51
Producto,0.000681452,05612208,ESCOBA,82.14,83.26,83.26,83.82,83.97,85.46,85.59,85.48,85.55,85.81,85.66,85.66,85.66,85.62,85.40,84.23,86.41,84.75,83.46,84.76,85.13,85.57,85.45,85.35,85.64,87.53,85.37,85.47,85.48,83.79,84.18,84.15,83.90,83.55,84.96,85.03,84.30,83.36,83.52,83.74,84.27,84.53,83.81,83.04,83.40,83.40,83.29,84.01,84.55,84.71,85.75,86.48,86.25,86.22,86.13,86.17,86.17,86.14,85.77,85.82,87.33,85.55,87.59,85.61,83.64,86.79,87.00,86.58,86.45,87.06,87.02,86.70,84.68,85.02,84.83,84.78,84.78,84.78,85.14,82.05,82.07,82.07,82.15,82.15,82.83,82.63,83.25,82.91,85.58,89.94,90.34,88.04,89.59,92.07,92.56,90.63,96.61,96.61,96.54,92.92,93.60,93.68,93.68,94.64,94.90,93.94,93.92,93.92,95.16,95.01,94.23,98.99,99.62,100.96,99.82,101.23,100.70,99.15,101.72,103.25,103.25,100.21,99.04,99.10,99.10,100.24,100.96,100.96,100.67,100.96,100.70,100.70,100.70,100.27,100.35,100.13,100.27,95.28
Producto,0.000211092,05612209,ESPONJA LAVA VAJILLA,112.82,112.95,112.95,113.59,113.59,114.81,114.81,115.12,115.18,115.18,115.18,114.99,114.85,115.19,110.83,115.14,110.83,112.35,111.83,110.99,111.35,100.91,110.98,105.95,110.81,110.19,113.63,112.47,112.47,109.71,109.71,113.25,113.28,110.51,113.01,112.49,100.89,113.54,115.92,111.10,112.95,112.34,106.91,106.30,113.97,114.75,108.83,111.78,114.48,105.37,107.65,103.41,104.16,108.35,103.95,108.81,108.23,107.91,104.41,107.58,100.36,99.26,106.56,107.32,107.64,107.84,108.95,108.32,106.56,105.50,104.72,106.64,105.47,106.66,101.91,109.27,103.40,107.67,104.03,108.44,104.96,108.79,100.89,100.35,99.66,99.55,95.31,93.65,108.67,104.36,104.13,105.03,104.81,105.44,101.34,102.23,108.33,105.30,109.38,110.30,115.90,114.50,116.74,114.94,106.60,109.75,111.42,110.96,115.91,110.34,103.10,107.88,104.21,104.43,111.15,108.89,104.29,110.85,105.88,108.68,111.17,109.23,102.00,100.04,98.14,104.41,100.44,110.14,103.45,100.85,104.43,107.85,108.84,105.26,103.74,108.97,105.90,105.14
Producto,0.000862233,05612210,FUNDAS PARA BASURA,100.82,100.99,101.89,102.06,101.60,101.65,100.39,97.47,99.70,99.70,99.20,99.41,88.35,97.64,97.55,97.55,97.52,98.83,98.80,98.80,98.85,98.85,98.96,98.84,98.84,98.10,98.35,98.96,98.78,97.80,97.80,98.10,98.10,98.10,98.09,98.26,97.96,97.96,98.14,98.14,96.54,99.16,99.53,99.53,101.12,101.10,100.33,99.70,98.58,94.85,95.21,95.00,95.00,94.93,94.51,94.43,94.44,94.26,94.16,94.16,94.18,94.18,94.18,94.87,94.32,98.39,98.39,95.66,95.40,95.28,97.43,97.58,96.93,97.74,97.64,100.99,102.31,101.90,101.59,101.63,102.14,104.44,104.65,104.65,107.51,107.49,109.47,108.62,108.57,108.57,108.39,105.80,106.19,105.99,109.00,108.86,105.65,106.38,108.13,108.54,108.24,109.84,104.75,109.82,109.82,109.82,109.70,109.84,110.04,110.43,110.43,112.49,113.66,113.95,113.95,113.75,107.98,114.88,114.40,114.40,114.40,114.40,112.22,114.74,111.07,110.69,110.99,118.38,118.06,117.91,117.91,117.06,117.12,118.07,117.53,115.79,118.87,118.84
Producto,0.000503555,05612211,SERVILLETAS ,96.95,101.96,102.36,99.74,98.27,99.39,99.78,99.78,99.78,99.78,99.78,99.39,105.19,102.02,98.54,97.69,97.86,98.08,98.11,97.97,98.16,97.70,97.70,97.29,96.38,95.15,96.08,96.15,96.31,92.07,92.61,93.70,93.49,93.49,93.49,92.98,89.80,89.77,89.58,87.84,89.10,89.62,88.80,84.93,86.90,87.69,88.31,90.37,90.01,91.00,87.18,89.39,89.01,89.36,89.19,88.17,86.53,86.77,88.18,88.91,89.57,89.49,89.76,89.74,89.60,88.96,88.75,87.88,88.34,88.09,86.17,86.79,85.91,86.80,87.14,87.87,89.33,89.44,89.25,87.83,88.79,89.54,89.99,89.90,89.71,90.27,90.20,90.26,91.24,89.78,92.12,92.97,96.82,99.56,97.97,94.14,95.01,100.14,94.76,96.15,97.54,95.24,95.59,90.74,96.47,92.40,95.09,97.01,92.64,94.36,95.96,97.42,98.27,99.70,103.75,97.92,100.82,98.44,88.81,103.48,103.48,108.61,105.27,101.32,98.88,103.09,107.33,104.39,97.16,92.42,95.47,98.69,101.68,100.62,102.47,100.03,103.08,101.55
Producto,0.000655699,05612212,FÓSFOROS,114.22,114.22,114.50,117.20,117.20,117.20,117.20,117.20,114.50,114.50,115.37,116.42,116.42,116.42,116.42,116.42,116.42,119.33,119.33,116.42,116.42,116.42,116.42,116.42,116.42,116.42,117.09,117.09,117.09,117.09,117.09,116.42,116.42,118.65,118.65,118.65,118.65,118.65,118.65,118.65,118.65,118.65,118.65,120.82,120.82,120.82,120.82,120.82,120.82,120.82,120.82,120.82,120.82,120.82,120.82,120.82,120.82,120.82,120.82,120.82,120.82,120.82,120.82,120.82,120.82,120.82,122.44,122.44,122.44,122.44,122.44,122.44,122.44,122.44,122.44,122.44,122.44,122.44,122.44,122.44,122.44,122.44,124.94,124.94,125.33,125.33,125.15,125.15,127.16,127.16,127.16,127.16,127.16,127.16,127.16,127.16,127.16,127.16,127.16,127.16,127.16,127.16,127.16,127.16,127.16,127.16,127.16,127.16,130.40,130.40,130.40,130.40,133.60,133.60,133.60,136.95,136.95,136.95,136.95,136.95,140.45,136.95,136.95,136.95,136.95,136.95,133.60,133.60,136.95,136.95,136.95,136.95,136.76,136.76,136.76,136.76,133.42,133.42
Producto,0.000308515,05612213,VELAS,94.96,94.96,95.02,95.02,95.02,94.54,97.47,97.79,97.09,97.09,97.09,97.09,95.45,93.98,93.98,93.98,93.98,96.18,96.18,96.20,96.20,95.54,93.30,98.55,98.55,97.96,97.96,97.96,97.90,96.72,96.68,96.68,96.87,97.43,97.43,86.93,85.72,85.79,94.68,97.30,97.06,97.06,97.06,96.96,96.96,96.96,96.96,96.96,96.96,96.96,97.05,97.05,97.30,97.30,97.59,95.72,97.34,95.13,97.00,97.00,97.00,97.00,97.25,97.25,97.22,97.22,97.29,97.01,97.01,97.01,97.14,97.25,97.25,97.47,97.73,96.02,97.96,98.68,96.26,98.70,99.51,101.15,103.09,103.07,103.74,104.36,100.47,105.19,106.57,107.04,105.63,109.54,109.65,109.31,113.54,105.95,107.58,107.13,106.99,105.48,111.24,108.87,108.87,106.91,105.20,105.48,102.10,104.53,107.40,107.37,101.49,104.11,103.45,103.90,103.65,104.09,104.14,104.01,104.26,104.18,102.18,104.26,102.45,104.15,103.01,103.81,105.03,104.07,104.07,102.24,102.24,102.33,102.48,103.85,103.75,103.75,103.36,103.50
Clase,0.015250366,0562,Servicios domésticos y para el hogar (S),108.28,108.28,108.28,108.28,108.28,108.28,108.28,108.28,108.28,108.28,108.28,108.28,111.95,111.95,112.26,112.26,112.26,112.26,112.26,112.26,112.26,112.26,112.26,112.26,115.02,115.02,115.02,115.02,115.02,115.02,115.02,115.02,115.02,115.02,115.02,115.02,118.40,118.40,118.40,118.40,118.40,118.40,118.40,118.40,118.40,118.40,118.40,118.40,120.85,120.85,120.85,120.85,120.85,120.85,120.85,120.85,120.85,120.85,120.85,120.85,122.69,122.69,122.69,122.69,122.69,122.69,122.69,122.69,122.69,122.69,122.69,122.69,122.69,122.69,122.69,122.69,122.69,122.69,122.69,122.69,122.69,122.69,122.69,122.69,130.36,130.36,130.36,130.36,130.36,130.36,130.36,130.36,130.36,130.36,130.36,130.36,138.03,138.03,138.03,138.03,138.03,138.03,138.03,138.03,138.03,138.03,138.03,138.03,141.10,141.10,141.10,141.10,141.10,141.10,141.10,141.10,141.10,141.10,141.10,141.10,144.16,144.16,144.16,144.16,144.16,144.16,144.16,144.16,144.16,144.16,144.16,144.16,147.84,147.84,147.84,147.84,147.84,147.84
Subclase,0.015250366,05621,Servicios domésticos y  para el hogar,108.28,108.28,108.28,108.28,108.28,108.28,108.28,108.28,108.28,108.28,108.28,108.28,111.95,111.95,112.26,112.26,112.26,112.26,112.26,112.26,112.26,112.26,112.26,112.26,115.02,115.02,115.02,115.02,115.02,115.02,115.02,115.02,115.02,115.02,115.02,115.02,118.40,118.40,118.40,118.40,118.40,118.40,118.40,118.40,118.40,118.40,118.40,118.40,120.85,120.85,120.85,120.85,120.85,120.85,120.85,120.85,120.85,120.85,120.85,120.85,122.69,122.69,122.69,122.69,122.69,122.69,122.69,122.69,122.69,122.69,122.69,122.69,122.69,122.69,122.69,122.69,122.69,122.69,122.69,122.69,122.69,122.69,122.69,122.69,130.36,130.36,130.36,130.36,130.36,130.36,130.36,130.36,130.36,130.36,130.36,130.36,138.03,138.03,138.03,138.03,138.03,138.03,138.03,138.03,138.03,138.03,138.03,138.03,141.10,141.10,141.10,141.10,141.10,141.10,141.10,141.10,141.10,141.10,141.10,141.10,144.16,144.16,144.16,144.16,144.16,144.16,144.16,144.16,144.16,144.16,144.16,144.16,147.84,147.84,147.84,147.84,147.84,147.84
Producto,0.015250366,05621214,SERVICIOS DOMÉSTICOS,108.28,108.28,108.28,108.28,108.28,108.28,108.28,108.28,108.28,108.28,108.28,108.28,111.95,111.95,112.26,112.26,112.26,112.26,112.26,112.26,112.26,112.26,112.26,112.26,115.02,115.02,115.02,115.02,115.02,115.02,115.02,115.02,115.02,115.02,115.02,115.02,118.40,118.40,118.40,118.40,118.40,118.40,118.40,118.40,118.40,118.40,118.40,118.40,120.85,120.85,120.85,120.85,120.85,120.85,120.85,120.85,120.85,120.85,120.85,120.85,122.69,122.69,122.69,122.69,122.69,122.69,122.69,122.69,122.69,122.69,122.69,122.69,122.69,122.69,122.69,122.69,122.69,122.69,122.69,122.69,122.69,122.69,122.69,122.69,130.36,130.36,130.36,130.36,130.36,130.36,130.36,130.36,130.36,130.36,130.36,130.36,138.03,138.03,138.03,138.03,138.03,138.03,138.03,138.03,138.03,138.03,138.03,138.03,141.10,141.10,141.10,141.10,141.10,141.10,141.10,141.10,141.10,141.10,141.10,141.10,144.16,144.16,144.16,144.16,144.16,144.16,144.16,144.16,144.16,144.16,144.16,144.16,147.84,147.84,147.84,147.84,147.84,147.84
División,0.07339304,06,Salud,101.70,101.79,101.96,102.06,102.47,103.14,103.40,103.59,103.97,103.95,104.15,104.44,104.90,105.13,105.42,105.44,106.04,106.48,106.85,106.87,106.62,106.69,107.07,107.27,107.25,107.65,107.82,107.92,108.08,108.25,108.45,108.49,108.76,108.63,108.72,108.65,109.02,109.59,109.48,109.56,109.78,110.12,110.33,110.25,110.59,110.52,110.54,110.77,110.57,110.48,110.82,111.28,111.05,111.24,111.30,111.66,112.13,111.66,111.94,112.18,112.69,112.83,112.83,113.34,113.49,113.55,113.68,114.53,114.78,115.11,115.61,115.98,116.41,116.45,116.07,116.05,116.07,117.50,118.16,117.54,117.37,117.87,118.37,118.53,119.12,119.18,118.23,118.97,119.78,119.54,119.97,119.95,120.21,120.73,120.06,120.86,120.80,120.17,120.14,121.10,120.85,121.64,121.20,122.10,121.93,121.16,121.22,121.45,122.19,122.41,123.05,123.55,123.19,124.04,123.91,123.89,124.17,123.93,124.09,124.50,124.70,125.40,125.03,125.00,125.39,125.90,126.14,126.73,126.58,127.32,127.00,127.17,127.53,128.20,128.73,129.33,129.50,129.76
Grupo,0.042033363,061,"Productos, artefactos y equipo médicos",99.30,99.43,99.73,99.49,98.97,99.97,100.40,100.96,100.87,100.61,100.92,101.61,101.72,101.96,101.48,101.37,101.81,102.26,102.30,102.35,102.86,102.77,104.01,104.42,104.66,105.17,105.28,105.33,105.72,106.06,106.53,106.49,106.96,106.68,106.47,106.34,106.90,107.13,106.86,106.71,107.43,107.57,107.81,107.72,107.93,107.63,107.65,108.03,108.09,107.75,108.40,108.92,108.46,108.99,108.97,109.62,109.26,108.23,108.83,109.30,109.39,109.57,109.48,110.52,110.86,110.84,111.07,112.29,112.79,113.52,112.48,113.12,113.86,113.94,113.42,113.37,113.25,115.27,115.92,114.44,113.74,113.59,114.72,114.74,114.68,114.71,112.65,114.23,115.75,115.31,115.89,115.81,116.47,117.82,116.49,118.02,117.88,116.66,116.72,118.36,118.45,119.42,118.43,120.20,119.51,118.07,118.34,119.30,120.78,120.08,121.31,122.17,121.44,123.13,122.90,122.85,123.14,122.62,122.99,123.81,123.79,124.33,123.31,123.41,123.75,124.73,125.29,126.10,126.01,127.49,126.94,127.23,127.50,128.71,129.85,130.76,131.13,131.73
Clase,0.038023734,0611,Productos farmacéuticos (ND),99.06,99.14,99.56,99.26,98.55,99.59,99.77,100.40,100.29,99.95,100.31,101.04,101.24,101.34,100.83,100.58,100.98,101.31,101.33,101.37,101.82,101.74,103.18,103.67,103.98,104.63,104.74,104.79,105.13,105.66,106.28,106.21,106.82,106.49,106.20,106.01,106.50,106.80,106.43,106.30,107.20,107.34,107.63,107.53,107.78,107.43,107.47,107.90,108.04,107.62,108.26,108.88,108.40,109.11,108.99,109.76,109.20,108.02,108.69,109.21,109.33,109.58,109.39,110.71,110.97,110.87,111.13,112.55,112.89,113.73,112.73,113.50,114.33,114.46,114.10,114.03,113.72,115.98,116.84,115.12,114.31,114.02,115.36,115.30,115.34,115.51,112.96,114.79,116.45,115.97,116.44,116.37,117.08,118.75,117.10,118.87,118.74,117.39,117.42,119.19,119.35,120.45,119.34,121.33,120.45,118.87,119.25,120.32,121.88,121.18,122.29,123.10,122.09,124.13,123.59,123.54,123.84,123.37,123.81,124.70,124.70,125.46,124.26,124.27,124.61,125.70,126.57,127.40,127.02,128.72,127.99,128.39,128.70,130.08,131.40,132.50,132.78,133.52
Subclase,0.038023734,06111,Productos farmacéuticos,99.06,99.14,99.56,99.26,98.55,99.59,99.77,100.40,100.29,99.95,100.31,101.04,101.24,101.34,100.83,100.58,100.98,101.31,101.33,101.37,101.82,101.74,103.18,103.67,103.98,104.63,104.74,104.79,105.13,105.66,106.28,106.21,106.82,106.49,106.20,106.01,106.50,106.80,106.43,106.30,107.20,107.34,107.63,107.53,107.78,107.43,107.47,107.90,108.04,107.62,108.26,108.88,108.40,109.11,108.99,109.76,109.20,108.02,108.69,109.21,109.33,109.58,109.39,110.71,110.97,110.87,111.13,112.55,112.89,113.73,112.73,113.50,114.33,114.46,114.10,114.03,113.72,115.98,116.84,115.12,114.31,114.02,115.36,115.30,115.34,115.51,112.96,114.79,116.45,115.97,116.44,116.37,117.08,118.75,117.10,118.87,118.74,117.39,117.42,119.19,119.35,120.45,119.34,121.33,120.45,118.87,119.25,120.32,121.88,121.18,122.29,123.10,122.09,124.13,123.59,123.54,123.84,123.37,123.81,124.70,124.70,125.46,124.26,124.27,124.61,125.70,126.57,127.40,127.02,128.72,127.99,128.39,128.70,130.08,131.40,132.50,132.78,133.52
Producto,0.00529398,06111215,ANALGÉSICOS Y ANTIPIRÉTICOS (N02B),99.10,98.90,99.74,99.70,99.30,99.50,99.37,99.56,99.50,99.60,99.67,99.50,100.07,99.79,100.00,101.44,101.31,101.16,101.19,100.90,100.86,100.85,101.93,104.22,107.10,107.23,107.22,107.17,108.56,108.24,108.10,109.22,109.09,108.12,108.21,106.94,107.20,107.18,107.11,106.60,108.90,108.96,110.54,110.81,111.29,111.02,111.30,112.63,113.42,112.68,113.58,116.14,117.94,118.65,116.96,116.11,116.25,116.16,117.46,118.16,118.05,118.86,118.02,118.40,118.63,118.52,118.40,120.90,121.48,120.47,120.11,120.12,120.42,122.72,120.94,118.64,117.52,121.10,123.50,121.33,119.63,120.26,121.45,124.50,123.44,124.45,122.51,122.24,122.08,122.06,122.22,122.77,122.29,123.98,122.42,124.92,125.70,121.85,124.51,125.42,124.55,126.25,124.16,125.21,124.52,124.79,128.86,129.47,131.72,130.19,133.00,133.36,131.40,136.49,132.48,133.18,132.59,135.12,130.88,136.37,136.42,137.23,138.11,138.76,135.30,136.49,134.66,137.53,136.77,139.00,138.46,139.26,140.65,140.99,142.35,142.68,141.42,140.01
Producto,0.003566299,06111216,COMBINACIONES DE SUPRESORES DE LA TOS Y EXPECTORANTES (R05F),95.57,94.70,95.78,96.34,94.90,96.30,97.48,100.75,102.07,103.06,102.97,103.19,101.82,101.85,101.14,97.73,93.47,91.71,91.07,92.38,94.45,94.36,96.22,95.96,94.27,101.25,103.74,104.31,106.53,106.94,106.88,106.41,108.47,107.70,107.50,107.25,107.10,107.25,108.34,107.90,108.54,108.41,108.44,107.88,108.95,108.20,108.30,108.08,107.77,106.84,108.53,108.62,108.20,107.43,107.19,108.59,108.46,107.16,108.29,107.04,107.60,105.70,105.26,108.00,108.00,108.11,108.12,109.74,109.45,108.81,106.81,106.28,108.55,105.99,106.66,107.58,108.32,108.45,107.89,107.56,106.69,107.71,108.23,106.82,107.92,109.63,110.35,111.13,112.60,112.13,112.50,113.82,119.79,126.97,128.70,130.35,127.95,125.87,126.07,128.08,128.36,128.81,129.55,132.95,131.21,131.37,132.41,132.41,132.85,132.17,133.56,132.85,133.01,135.70,134.69,132.43,136.98,134.58,137.37,140.33,139.32,139.81,140.67,141.45,142.05,141.82,140.22,141.44,141.54,142.87,142.28,141.80,142.82,146.29,147.82,149.48,152.57,153.93
Producto,0.000229905,06111217,"PREPARADOS DERMATOLÓGICOS 
(D11A)",101.05,100.73,100.57,100.25,100.77,102.24,107.14,108.51,108.24,108.89,109.64,109.29,109.62,110.11,110.11,110.20,110.74,110.61,110.91,110.52,110.32,109.99,111.08,111.08,108.04,108.84,108.84,108.14,108.31,108.79,109.14,109.61,109.78,110.31,109.87,109.33,109.76,109.68,109.49,108.71,108.91,110.57,110.19,109.37,109.94,109.73,109.81,109.53,111.22,111.61,111.52,111.38,110.28,110.23,110.11,110.45,109.81,110.82,110.46,110.43,110.65,109.67,109.53,110.57,110.96,110.59,110.87,111.50,111.75,111.20,109.92,110.07,111.70,112.13,111.93,110.20,110.15,113.93,118.61,119.54,120.61,119.64,122.82,120.76,119.69,119.36,122.70,123.46,125.40,123.27,123.19,122.96,123.03,122.65,121.60,122.07,122.30,122.23,121.82,122.45,122.22,122.08,121.66,122.43,121.59,121.78,121.11,122.10,123.63,123.48,124.09,123.18,123.02,122.56,123.29,124.96,126.51,126.51,129.05,131.51,129.04,128.23,127.61,127.34,126.55,128.29,127.21,126.64,128.31,122.67,127.31,127.82,128.66,130.92,124.72,130.59,129.05,121.79
Producto,0.003772273,06111218,ANTIBIÓTICO,102.87,103.65,104.45,103.29,102.79,102.96,103.29,103.80,103.99,103.76,103.65,103.54,103.74,104.17,103.97,104.13,104.07,104.76,105.23,104.80,105.25,104.10,104.03,103.20,103.75,103.07,103.27,102.80,103.55,103.32,104.86,104.94,105.11,104.71,104.35,104.06,104.00,103.82,103.86,104.15,104.74,104.67,105.09,105.19,105.21,104.94,104.84,104.85,104.92,102.25,104.75,104.63,104.63,104.63,104.48,104.55,104.18,103.66,103.27,103.58,103.31,103.26,103.54,103.93,104.25,104.38,104.45,104.55,104.45,105.30,103.76,103.69,103.74,102.17,102.94,104.42,102.47,105.09,104.93,103.59,104.15,105.48,104.93,106.26,106.32,105.34,105.91,108.21,108.08,108.08,109.86,104.02,106.46,107.84,103.91,102.49,100.00,98.60,98.15,98.11,96.98,97.31,94.27,96.59,95.51,91.45,91.36,93.09,92.05,89.12,97.30,94.04,93.76,94.81,98.29,94.58,95.61,95.38,95.18,94.67,91.84,92.31,87.71,85.16,88.12,88.97,87.94,88.62,89.37,86.79,84.14,87.53,87.80,85.20,87.30,88.68,88.91,89.55
Producto,0.001220047,06111219,ANTIHISTAMÍNICO PARA USO SISTÉMICO (R06A),98.06,97.83,98.83,98.40,98.02,98.02,99.37,99.73,99.66,100.10,99.67,102.20,102.65,98.15,89.51,84.83,79.53,76.93,76.95,78.84,77.94,78.82,78.52,78.05,80.21,77.89,78.25,76.82,77.47,77.03,77.21,77.21,76.39,75.90,78.92,79.63,79.65,79.34,79.40,78.89,78.76,78.99,79.25,78.51,78.52,78.52,78.72,78.72,80.14,79.28,79.86,79.88,79.50,80.63,80.40,80.62,80.35,79.10,79.79,79.70,79.53,78.98,79.63,79.62,79.62,79.62,80.27,80.74,82.33,78.87,79.32,80.60,80.44,80.07,79.90,78.85,79.96,82.46,80.90,81.98,82.04,82.71,81.50,80.25,78.96,79.92,78.29,78.16,79.50,78.55,80.03,77.88,78.03,77.73,77.72,78.29,77.00,77.12,77.34,78.16,77.76,78.98,78.87,76.57,75.95,74.02,73.25,73.77,74.48,74.44,75.37,74.19,76.05,76.21,74.66,76.09,74.62,73.12,72.91,73.61,71.88,71.04,74.05,70.52,75.13,75.58,72.37,73.44,71.56,72.36,71.71,72.20,71.44,71.49,73.00,73.56,72.82,73.71
Producto,0.001828421,06111220,ANTIINFLAMATORIO Y ANTIRREUMÁTICOS NO ESTEROIDEOS (M01A),86.05,88.15,88.02,87.52,86.95,87.27,87.52,87.52,87.69,87.79,88.08,88.35,88.55,89.99,93.45,91.98,96.68,97.17,101.16,100.87,101.88,95.65,100.75,103.13,104.33,104.61,104.90,105.09,103.97,110.65,112.76,110.51,111.53,112.11,112.34,112.64,113.65,118.88,112.83,112.52,112.69,113.91,113.75,114.97,116.56,117.64,118.42,117.78,119.02,119.21,119.20,118.95,120.75,119.94,120.03,120.84,120.43,119.32,119.97,120.06,120.32,121.46,121.56,126.82,127.79,124.80,124.97,124.70,125.33,128.88,128.89,128.16,127.94,129.36,129.11,132.34,131.16,135.39,130.80,126.84,126.26,122.87,121.22,123.10,122.72,122.57,121.70,124.92,121.33,123.19,123.50,124.69,126.18,125.96,126.18,126.62,130.91,128.37,129.38,130.56,130.59,129.71,130.84,131.99,131.49,131.85,131.88,134.12,131.65,135.37,139.44,140.44,135.72,138.88,137.38,137.00,133.13,134.12,136.20,142.17,140.76,140.49,140.44,139.69,139.98,141.01,140.52,141.00,141.85,139.28,138.25,139.36,141.60,140.86,142.01,141.17,145.53,145.01
Producto,0.002203625,06111221,TRACTO ALIMENTARIO Y METABOLISMO (A),100.48,100.52,101.05,101.18,101.53,101.39,100.86,100.95,100.83,104.17,104.09,104.65,104.86,104.95,105.31,105.14,111.30,112.26,112.74,113.53,115.02,116.73,118.74,124.17,129.05,129.26,129.88,130.94,130.53,132.86,135.54,135.01,135.14,135.75,135.30,135.56,137.03,136.93,136.72,136.67,140.25,141.00,141.10,142.41,142.92,143.08,143.34,144.15,144.30,144.89,145.02,145.62,145.85,145.96,146.23,146.42,146.03,144.23,143.21,145.21,145.36,145.14,145.52,147.19,147.90,147.48,146.52,148.81,150.69,148.80,147.85,148.82,150.01,150.25,149.69,147.59,147.43,148.39,148.14,147.08,146.23,145.55,146.06,146.66,146.83,146.33,145.62,146.43,146.04,145.25,146.38,144.31,143.34,141.37,143.19,143.74,145.80,149.45,148.44,152.13,154.01,153.60,152.93,152.72,152.43,151.72,151.63,154.61,157.63,156.28,156.97,154.87,156.07,159.26,157.45,159.37,161.80,159.59,159.54,162.17,159.06,159.64,161.11,161.69,164.51,165.84,165.46,166.68,167.47,168.33,163.70,163.27,163.97,168.08,170.76,170.53,169.87,172.98
Producto,0.000603782,06111222,ANTIHELMÍNTICOS (ANTIPARASITARIO) (P02),96.63,96.63,96.63,91.96,92.66,96.63,96.63,96.63,96.63,95.27,97.26,95.98,95.83,95.98,95.62,96.76,95.38,96.21,95.43,95.63,95.76,96.51,97.96,97.06,96.09,96.28,95.87,95.55,95.90,95.90,95.77,95.33,95.33,94.76,102.26,105.25,104.79,103.49,103.49,102.67,95.67,95.85,96.77,96.11,96.10,96.10,95.84,95.64,95.47,96.08,96.35,96.75,97.03,97.84,97.84,98.73,99.17,100.02,101.18,101.43,101.95,102.49,102.55,102.68,104.34,103.95,103.69,104.79,102.98,100.10,103.66,109.05,103.42,101.82,102.73,101.03,101.67,101.66,101.68,101.08,98.27,100.50,103.73,105.86,107.48,106.77,110.77,109.86,109.20,108.56,109.51,108.49,111.97,111.53,111.53,111.72,110.40,114.31,105.23,107.60,112.68,119.44,121.37,121.99,120.61,120.66,119.91,120.72,121.23,124.76,123.88,120.37,125.36,121.79,123.05,123.42,125.98,116.49,123.80,124.30,122.02,122.12,122.94,118.61,122.32,125.20,128.46,131.27,129.75,129.07,129.31,127.84,129.38,131.57,132.28,132.63,131.79,132.36
Producto,0.007486884,06111223,SISTEMA CARDIOVASCULAR (C),98.44,98.78,98.92,99.20,99.35,99.55,99.53,99.47,99.25,97.61,97.89,100.34,100.00,100.17,99.67,97.10,99.40,98.16,97.89,97.11,96.73,96.62,96.87,96.88,95.74,95.70,95.49,95.40,96.09,95.46,95.44,96.08,96.72,96.65,96.46,96.34,96.74,96.98,97.00,96.39,96.52,96.76,96.78,96.16,95.98,95.52,95.37,95.47,95.33,95.42,95.66,95.35,95.39,96.01,95.86,96.13,95.60,95.28,95.29,95.80,96.18,96.40,96.40,96.38,97.39,97.42,97.32,97.25,97.26,96.95,95.62,96.10,96.62,96.71,96.03,97.59,98.22,101.57,101.72,101.73,101.93,102.21,101.56,102.21,102.07,101.64,99.86,101.74,102.34,100.99,101.11,99.96,99.69,100.30,100.93,102.73,102.39,101.83,101.84,103.53,103.20,104.79,104.85,104.64,103.53,104.18,104.20,104.66,105.55,105.84,107.13,105.78,106.34,106.44,106.35,105.73,107.55,107.33,108.13,109.27,108.39,109.32,108.14,108.75,110.75,109.29,108.09,109.53,108.63,110.33,108.90,109.10,108.02,110.70,110.54,109.97,108.95,110.28
Producto,0.002018273,06111224,MEDICAMENTOS USADOS EN DIABETES (A10),100.85,100.97,100.73,99.03,99.58,100.51,100.57,100.55,100.49,100.42,100.62,100.78,100.17,100.14,100.00,100.35,100.39,101.03,100.83,100.97,100.92,101.10,102.70,102.63,101.20,101.16,100.65,100.61,102.15,102.10,102.34,102.16,101.84,101.56,101.22,101.42,101.35,101.47,101.73,101.05,101.47,101.58,101.49,100.30,99.83,99.09,97.63,98.42,100.68,101.81,101.56,101.65,101.79,101.81,101.00,101.28,101.15,100.68,100.78,99.94,99.47,99.74,99.98,99.06,98.86,98.83,101.02,100.95,100.22,100.63,99.79,99.74,101.25,101.78,100.51,102.62,102.91,102.34,103.54,101.60,100.25,102.67,100.86,102.96,102.33,103.69,100.87,102.66,102.54,101.45,102.05,101.21,101.69,100.45,101.62,100.91,99.28,99.53,99.49,100.90,99.10,100.37,99.65,99.73,100.17,99.38,97.74,97.86,98.74,98.99,100.72,99.41,101.38,102.05,99.94,98.93,99.74,98.66,100.15,100.08,98.67,98.09,97.35,96.88,99.80,100.78,97.31,100.27,99.47,100.93,100.21,97.62,98.99,100.86,101.78,101.18,100.56,102.13
Producto,0.000476909,06111225,ANTICONCEPTIVOS HORMONALES PARA USO SISTÉMICO (G03A),99.81,99.74,99.58,99.56,99.99,100.84,101.21,101.60,101.77,100.72,100.25,100.25,100.86,100.88,100.18,100.25,100.72,101.08,101.38,100.75,100.69,100.57,100.38,100.06,100.27,100.15,100.30,100.23,100.28,100.15,100.35,100.16,100.42,100.38,100.08,99.26,99.60,99.45,100.29,99.61,99.66,99.64,99.66,100.57,100.58,100.68,100.59,100.69,100.68,100.53,99.83,100.49,100.98,101.08,99.80,101.31,101.86,101.67,101.07,101.50,101.64,101.59,101.66,102.54,102.98,102.73,101.77,102.17,102.46,101.88,99.35,100.06,99.03,99.94,98.97,100.61,99.03,100.68,98.83,99.00,98.02,97.27,98.11,99.03,95.95,98.61,97.86,99.28,99.88,96.30,97.25,97.61,97.29,98.04,99.24,100.74,100.34,99.19,100.31,100.85,100.82,102.09,100.55,99.81,99.95,99.89,99.02,99.46,100.69,99.58,101.03,99.48,99.09,99.46,94.87,96.20,99.21,98.79,98.56,100.28,101.15,99.90,98.51,99.79,99.10,99.06,99.60,99.55,99.70,100.58,99.90,101.23,100.11,102.82,103.51,104.41,103.32,102.65
Producto,0.000432242,06111226,ANTIFÚNGICOS PARA USO DERMATOLÓGICO (D01),97.75,98.07,98.08,94.58,94.58,97.95,97.97,98.50,98.23,98.27,98.19,98.92,103.72,112.00,117.18,119.68,123.66,127.16,126.35,126.45,126.44,126.48,126.75,126.67,126.68,130.83,135.37,135.92,139.55,140.26,140.77,140.46,141.78,145.87,145.79,146.02,146.07,146.43,145.89,145.04,144.74,144.83,145.19,145.09,147.24,147.21,147.73,148.18,150.04,150.82,151.21,151.30,150.74,151.06,151.23,151.41,151.43,150.10,150.62,149.16,149.32,151.11,151.60,153.03,152.89,152.66,153.23,152.57,152.67,151.77,152.59,153.03,152.24,151.67,151.16,151.01,149.14,151.81,151.66,160.16,162.16,164.13,164.39,169.81,170.76,174.86,170.59,171.76,169.94,174.21,175.92,178.21,183.15,181.77,181.55,182.22,185.43,184.76,184.56,184.42,185.51,185.08,183.48,184.52,183.25,180.78,181.05,180.55,181.99,181.23,180.60,181.19,185.18,188.23,184.92,189.53,189.33,187.87,195.02,194.48,191.15,190.89,191.46,195.07,194.89,194.62,199.67,200.99,211.00,216.01,219.69,223.11,221.85,226.63,227.00,226.88,231.07,231.85
Producto,0.000622886,06111227,OFTALMOLÓGICOS (S01),112.77,112.53,112.15,111.57,112.26,112.23,111.74,111.56,111.69,111.62,111.49,111.59,111.80,111.91,112.39,112.22,112.03,112.77,112.75,111.95,112.58,112.48,114.49,114.80,112.28,112.11,112.26,112.62,112.84,111.97,111.08,110.63,111.33,111.40,111.09,111.76,111.85,111.92,111.13,110.42,111.15,111.35,111.21,111.32,111.43,111.52,111.83,109.46,109.74,110.32,111.76,111.42,108.61,105.34,107.33,108.22,107.96,109.05,108.74,108.00,107.80,109.29,110.60,107.95,110.24,110.13,109.86,108.82,109.28,109.71,107.84,109.94,107.73,110.02,107.52,107.30,106.44,108.73,107.12,107.06,104.65,106.15,111.42,116.51,116.46,115.29,113.80,117.69,120.45,118.61,117.56,116.87,117.38,120.20,121.83,118.60,118.47,116.66,120.67,118.89,131.56,135.57,130.31,130.00,137.88,132.08,131.96,140.23,141.73,134.97,137.48,136.34,135.39,135.54,135.33,136.28,142.04,144.67,154.66,147.96,155.55,169.30,174.12,176.90,177.50,175.49,173.98,177.26,184.62,190.19,189.97,192.32,192.60,199.91,201.69,203.65,200.33,195.63
Producto,0.001191601,06111228,MEDICAMENTOS PARA EL SISTEMA NERVIOSO (N),98.60,98.85,98.85,97.95,98.47,100.32,100.09,100.02,100.02,100.18,100.10,100.80,100.17,100.27,100.08,101.66,103.67,102.08,102.34,102.34,102.40,102.73,102.58,102.53,102.44,102.53,102.53,102.40,102.45,100.57,102.13,102.16,102.22,101.44,101.50,101.59,101.59,101.50,101.47,101.39,101.54,101.63,101.53,101.37,101.33,101.95,101.97,101.60,101.48,98.88,101.24,101.26,100.68,100.77,100.82,101.01,100.56,100.03,99.64,98.39,99.15,99.09,99.09,99.57,100.32,100.31,100.16,99.75,99.96,99.65,96.07,98.34,98.73,98.78,100.12,100.22,100.24,100.48,100.00,100.18,98.22,98.33,98.18,98.26,98.18,100.44,98.53,99.14,102.00,103.35,110.25,110.32,110.21,107.74,109.58,109.52,107.05,110.24,107.80,110.58,108.23,107.66,109.64,109.64,109.53,110.06,105.90,105.51,107.37,108.12,108.75,108.12,110.46,110.53,111.00,111.69,101.14,104.40,105.37,104.46,102.67,101.75,100.46,103.35,105.86,105.45,104.72,105.81,104.77,107.57,104.14,105.36,104.58,107.39,107.17,108.85,108.99,108.55
Producto,0.007076605,06111229,"SUPLEMENTOS MINERALES, VITAMINAS Y PREPARADOS ANTIANÉMICOS (A12) (A11) (B03)",101.76,101.45,101.67,101.41,98.49,101.75,101.81,102.90,101.68,99.90,101.52,102.22,103.70,103.98,102.29,105.10,104.61,108.44,107.65,107.92,108.67,110.04,112.94,112.05,111.78,111.54,110.36,110.55,108.62,110.15,111.12,110.38,111.57,111.05,109.01,108.80,110.27,110.23,109.48,110.54,111.91,111.76,111.75,111.57,111.50,110.45,110.57,112.00,111.02,111.25,110.71,112.24,108.14,111.59,112.66,115.76,113.79,109.95,112.14,114.46,114.44,115.61,114.88,118.19,117.18,117.69,118.99,123.26,123.99,130.12,129.57,132.18,134.53,134.86,134.83,132.83,132.26,134.46,139.31,133.81,132.31,128.80,135.98,130.57,131.61,130.68,121.28,125.76,133.76,132.90,131.60,135.08,134.09,137.69,128.60,134.26,135.16,132.13,130.94,134.39,135.35,137.03,133.85,141.16,139.09,132.75,132.53,133.95,138.75,137.40,132.45,141.60,136.38,139.11,140.36,142.30,141.20,138.94,139.31,135.11,139.99,140.99,135.57,135.20,132.57,137.94,148.58,145.90,143.94,148.90,151.11,150.76,150.73,150.99,153.55,157.87,159.00,161.05
Clase,0.000820938,0612,Otros productos médicos (ND),104.84,105.38,102.65,103.94,106.61,107.22,107.53,107.55,107.99,107.67,107.60,109.07,109.89,113.02,113.32,115.22,118.18,120.73,121.22,121.91,123.47,122.33,121.39,121.64,123.05,121.16,121.41,121.62,123.31,122.61,119.10,119.84,120.02,119.86,121.97,123.72,128.95,127.61,129.57,127.79,129.38,129.48,129.60,127.29,126.76,126.88,126.13,126.02,122.64,123.23,127.93,128.04,125.71,125.51,125.18,125.80,124.93,124.98,125.05,125.82,125.01,121.55,125.02,127.65,129.06,127.93,128.11,127.22,134.76,132.17,124.37,124.45,124.31,124.37,118.87,119.02,126.54,128.70,126.98,128.38,128.53,129.50,129.44,131.03,131.08,125.97,131.50,132.07,135.53,133.77,134.91,135.95,138.73,139.37,143.07,142.84,139.86,138.91,139.22,142.19,141.20,141.71,140.24,140.37,143.92,144.65,141.87,141.33,143.01,138.12,144.45,134.78,139.13,135.09,143.82,143.09,144.22,145.04,143.93,140.29,145.17,137.82,141.39,147.37,149.76,148.52,139.39,143.45,145.19,144.61,148.09,146.36,147.13,148.08,146.76,145.48,150.87,148.75
Subclase,0.000820938,06121,Antisépticos y preservativos,104.84,105.38,102.65,103.94,106.61,107.22,107.53,107.55,107.99,107.67,107.60,109.07,109.89,113.02,113.32,115.22,118.18,120.73,121.22,121.91,123.47,122.33,121.39,121.64,123.05,121.16,121.41,121.62,123.31,122.61,119.10,119.84,120.02,119.86,121.97,123.72,128.95,127.61,129.57,127.79,129.38,129.48,129.60,127.29,126.76,126.88,126.13,126.02,122.64,123.23,127.93,128.04,125.71,125.51,125.18,125.80,124.93,124.98,125.05,125.82,125.01,121.55,125.02,127.65,129.06,127.93,128.11,127.22,134.76,132.17,124.37,124.45,124.31,124.37,118.87,119.02,126.54,128.70,126.98,128.38,128.53,129.50,129.44,131.03,131.08,125.97,131.50,132.07,135.53,133.77,134.91,135.95,138.73,139.37,143.07,142.84,139.86,138.91,139.22,142.19,141.20,141.71,140.24,140.37,143.92,144.65,141.87,141.33,143.01,138.12,144.45,134.78,139.13,135.09,143.82,143.09,144.22,145.04,143.93,140.29,145.17,137.82,141.39,147.37,149.76,148.52,139.39,143.45,145.19,144.61,148.09,146.36,147.13,148.08,146.76,145.48,150.87,148.75
Producto,0.000433814,06121230,ALCOHOL ANTISÉPTICO,101.41,101.22,101.12,95.48,101.48,101.48,101.90,102.03,102.03,102.03,102.03,105.02,104.42,106.46,106.62,110.24,114.60,115.44,117.22,119.37,121.65,121.96,120.21,120.62,123.51,123.78,124.01,121.21,124.10,124.09,117.24,118.95,118.95,119.18,123.68,125.77,130.52,130.17,132.94,134.65,136.85,137.00,137.45,132.86,132.86,132.86,133.84,133.67,134.94,134.12,135.11,134.65,131.20,130.68,130.26,130.84,130.06,131.21,131.47,131.51,129.82,127.32,134.40,136.38,139.51,137.25,137.22,136.61,151.85,152.36,138.55,140.67,142.45,141.63,129.62,132.26,151.14,150.21,149.06,148.43,150.02,152.50,151.01,152.48,151.56,147.76,154.64,155.14,155.03,154.49,155.03,156.11,157.32,153.40,158.35,158.19,153.26,157.13,154.37,159.36,154.26,154.07,159.07,158.60,160.22,161.02,154.75,155.18,155.80,159.07,160.03,146.15,151.03,151.03,161.93,164.80,162.62,165.14,157.93,160.63,160.61,157.91,153.96,163.51,163.13,162.54,153.36,157.45,158.06,158.33,158.08,156.64,157.72,158.60,158.60,159.03,163.14,161.41
Producto,0.000387124,06121231,PRESERVATIVO,108.12,109.36,104.11,112.03,111.51,112.71,112.91,112.82,113.69,113.07,112.92,112.94,115.13,119.29,119.73,119.98,121.61,125.79,125.05,124.34,125.20,122.68,122.53,122.62,122.61,118.64,118.92,122.01,122.56,121.20,120.88,120.69,121.05,120.51,120.33,121.77,127.44,125.15,126.36,121.22,122.24,122.29,122.09,121.96,120.93,121.16,118.75,118.70,110.88,112.82,121.07,121.72,120.45,120.57,120.31,120.98,120.02,119.02,118.91,120.38,120.42,116.04,116.05,119.30,119.05,119.02,119.39,118.23,118.42,112.86,110.81,108.94,106.95,107.86,108.58,106.36,103.01,108.12,105.86,109.21,107.97,107.50,108.81,110.51,111.49,105.12,109.37,110.00,116.88,113.96,115.66,116.67,120.94,125.95,128.46,128.16,127.05,121.48,124.74,125.76,128.72,129.90,122.23,122.94,128.34,128.99,129.55,128.09,130.79,118.09,129.55,123.91,127.75,119.84,126.49,122.33,126.63,125.81,130.54,120.83,130.41,118.60,129.37,131.93,136.97,135.11,126.02,130.06,132.87,131.50,138.53,136.53,136.99,138.02,135.43,132.51,139.13,136.63
Clase,0.003188691,0613,Artefactos y equipo terapéuticos (D),100.20,100.62,100.60,100.49,100.82,101.67,104.13,104.15,104.20,104.59,104.59,104.75,104.04,104.90,104.51,105.07,105.33,106.40,106.43,106.48,107.32,107.32,107.34,107.18,106.64,106.52,106.58,106.59,107.07,106.07,106.06,106.11,105.57,105.71,105.70,105.64,105.91,105.91,105.91,105.99,105.02,105.15,105.10,105.49,105.49,105.54,105.58,105.58,105.78,105.78,105.78,105.58,105.64,104.92,105.64,105.41,106.72,106.72,106.88,106.88,106.88,107.13,107.13,105.70,106.55,107.25,107.33,107.33,107.82,108.26,108.18,107.84,108.10,107.78,106.91,106.94,106.96,106.99,106.33,106.28,106.37,106.99,106.76,107.08,106.24,106.16,106.52,106.27,106.37,106.46,107.76,107.45,107.28,106.21,106.40,106.33,106.66,106.56,106.73,107.10,106.82,106.82,106.92,107.19,107.26,106.52,106.52,106.88,107.60,107.80,108.98,112.24,112.76,112.82,113.34,113.41,113.41,112.24,112.32,113.43,112.39,112.60,112.19,111.89,111.86,112.33,112.27,112.33,114.22,114.25,114.43,114.19,114.04,113.97,114.12,113.93,114.07,114.07
Subclase,0.003188691,06131,Artefactos y equipos terapéuticos,100.20,100.62,100.60,100.49,100.82,101.67,104.13,104.15,104.20,104.59,104.59,104.75,104.04,104.90,104.51,105.07,105.33,106.40,106.43,106.48,107.32,107.32,107.34,107.18,106.64,106.52,106.58,106.59,107.07,106.07,106.06,106.11,105.57,105.71,105.70,105.64,105.91,105.91,105.91,105.99,105.02,105.15,105.10,105.49,105.49,105.54,105.58,105.58,105.78,105.78,105.78,105.58,105.64,104.92,105.64,105.41,106.72,106.72,106.88,106.88,106.88,107.13,107.13,105.70,106.55,107.25,107.33,107.33,107.82,108.26,108.18,107.84,108.10,107.78,106.91,106.94,106.96,106.99,106.33,106.28,106.37,106.99,106.76,107.08,106.24,106.16,106.52,106.27,106.37,106.46,107.76,107.45,107.28,106.21,106.40,106.33,106.66,106.56,106.73,107.10,106.82,106.82,106.92,107.19,107.26,106.52,106.52,106.88,107.60,107.80,108.98,112.24,112.76,112.82,113.34,113.41,113.41,112.24,112.32,113.43,112.39,112.60,112.19,111.89,111.86,112.33,112.27,112.33,114.22,114.25,114.43,114.19,114.04,113.97,114.12,113.93,114.07,114.07
Producto,0.002866244,06131232,LENTES ÓPTICOS DE CORRECCIÓN,98.91,99.45,99.45,99.32,99.71,100.72,103.43,103.45,103.51,103.98,103.98,104.16,104.16,105.18,104.72,105.38,105.70,106.78,106.82,106.88,107.88,107.88,107.90,107.71,107.07,106.92,107.00,107.00,107.41,106.88,106.87,106.85,106.21,106.38,106.36,106.29,106.62,106.62,106.62,106.72,105.56,105.72,105.65,105.65,105.65,105.72,105.76,105.76,106.00,106.00,106.00,105.76,105.83,105.83,105.83,105.83,107.38,107.38,107.57,107.57,107.57,107.87,107.87,106.17,107.19,108.01,108.11,108.11,108.69,109.21,109.27,108.87,108.87,108.49,107.46,107.50,107.52,107.56,106.78,106.72,106.83,107.56,107.29,107.66,107.59,107.50,107.92,107.63,107.74,107.74,109.29,108.92,108.72,107.30,107.33,107.25,107.64,107.35,107.66,108.10,107.76,107.76,107.88,108.23,108.31,108.31,108.31,108.74,109.59,109.83,111.23,114.87,115.48,115.55,115.38,115.46,115.46,114.48,114.58,115.89,115.15,115.41,114.91,114.56,114.53,115.08,115.01,115.08,117.32,117.32,117.52,117.52,117.35,117.22,117.39,117.16,117.34,117.34
Producto,0.000322447,06131233,AUDÍFONOS DE CORRECCIÓN,107.13,106.95,106.81,106.81,106.81,106.81,107.91,107.91,107.91,107.91,107.91,107.91,103.37,103.37,103.37,103.37,103.37,104.32,104.32,104.32,104.32,104.32,104.32,104.32,104.32,104.32,104.32,104.39,105.25,101.73,101.73,102.09,102.09,102.09,102.09,102.09,102.09,102.09,102.09,102.09,102.09,102.09,102.09,104.59,104.59,104.59,104.59,104.59,104.59,104.59,104.59,104.59,104.59,100.02,104.59,103.14,103.14,103.14,103.14,103.14,103.14,103.14,103.14,103.14,103.14,103.14,103.14,103.14,103.14,103.14,102.31,102.31,103.93,103.93,103.93,103.93,103.93,103.93,103.93,103.93,103.93,103.93,103.93,103.93,98.94,98.94,98.94,98.94,98.94,99.52,99.52,99.52,99.52,100.31,101.40,101.40,101.40,102.27,101.73,101.73,101.73,101.73,101.73,101.61,101.61,96.82,96.82,96.82,96.82,96.82,96.82,98.04,98.04,98.04,102.33,102.33,102.33,100.14,100.14,100.14,97.47,97.47,97.47,97.47,97.47,97.47,97.47,97.47,97.47,97.68,97.68,96.14,96.14,96.46,96.46,96.46,96.46,96.46
Grupo,0.021391177,062,Servicios para pacientes externos,105.47,105.56,105.62,106.28,108.29,108.80,108.95,108.66,110.59,110.91,111.05,110.88,111.81,111.82,111.83,111.96,112.63,113.42,114.45,114.45,113.61,113.94,113.40,113.43,113.01,113.17,113.17,113.51,113.60,113.50,113.40,113.56,113.67,113.67,113.91,113.92,114.17,114.76,114.75,114.76,114.90,114.90,115.19,114.95,115.64,115.74,115.77,115.90,115.90,116.01,116.06,116.66,116.65,116.42,116.42,116.52,116.72,116.86,116.71,116.74,118.13,118.25,118.39,118.37,118.30,118.51,118.55,118.74,118.74,118.62,121.70,121.87,121.87,121.87,121.51,121.53,121.73,122.90,123.89,124.25,124.44,125.17,124.95,125.05,126.07,125.81,125.88,125.84,125.87,125.82,125.87,125.91,126.33,125.74,125.73,125.83,125.86,126.19,125.98,125.62,124.81,125.34,124.80,124.79,125.32,125.17,125.01,124.25,124.27,125.97,125.99,126.19,126.19,126.20,126.16,126.15,126.19,126.02,125.92,125.92,126.02,126.49,126.91,126.66,127.31,127.36,127.21,127.78,127.71,127.71,127.72,127.78,128.16,128.16,128.17,128.61,128.58,128.70
Clase,0.009042585,0621,Servicios médicos (S),107.00,107.00,107.00,107.00,107.38,107.38,107.38,107.38,111.11,111.50,111.50,111.50,111.75,111.75,111.75,111.41,113.15,114.02,114.02,114.02,114.02,114.82,113.85,113.85,116.58,116.90,116.90,117.83,117.83,117.83,117.83,117.93,118.16,118.16,118.16,118.16,118.81,119.93,119.93,119.93,119.93,119.93,120.62,120.02,120.02,120.26,120.26,120.51,120.51,120.51,120.51,121.99,121.99,121.99,121.99,122.23,122.52,122.52,122.12,122.22,122.22,122.44,122.74,122.84,122.63,123.14,123.25,123.25,123.25,122.95,125.12,125.12,124.80,124.80,124.23,124.23,124.23,124.08,125.11,125.63,125.92,127.07,127.07,127.07,127.20,127.28,126.54,126.54,126.08,126.08,126.08,126.08,126.81,126.81,126.81,127.10,127.32,128.11,129.33,128.13,127.76,127.43,128.39,128.39,129.27,129.27,129.27,127.65,128.03,129.99,129.99,130.43,130.43,130.43,130.35,130.35,130.43,129.99,129.78,129.78,129.98,131.27,131.59,131.59,132.25,132.25,131.84,132.91,132.75,132.75,132.75,132.90,133.64,133.64,133.64,134.11,134.16,134.41
Subclase,0.009042585,06211,Servicios médicos,107.00,107.00,107.00,107.00,107.38,107.38,107.38,107.38,111.11,111.50,111.50,111.50,111.75,111.75,111.75,111.41,113.15,114.02,114.02,114.02,114.02,114.82,113.85,113.85,116.58,116.90,116.90,117.83,117.83,117.83,117.83,117.93,118.16,118.16,118.16,118.16,118.81,119.93,119.93,119.93,119.93,119.93,120.62,120.02,120.02,120.26,120.26,120.51,120.51,120.51,120.51,121.99,121.99,121.99,121.99,122.23,122.52,122.52,122.12,122.22,122.22,122.44,122.74,122.84,122.63,123.14,123.25,123.25,123.25,122.95,125.12,125.12,124.80,124.80,124.23,124.23,124.23,124.08,125.11,125.63,125.92,127.07,127.07,127.07,127.20,127.28,126.54,126.54,126.08,126.08,126.08,126.08,126.81,126.81,126.81,127.10,127.32,128.11,129.33,128.13,127.76,127.43,128.39,128.39,129.27,129.27,129.27,127.65,128.03,129.99,129.99,130.43,130.43,130.43,130.35,130.35,130.43,129.99,129.78,129.78,129.98,131.27,131.59,131.59,132.25,132.25,131.84,132.91,132.75,132.75,132.75,132.90,133.64,133.64,133.64,134.11,134.16,134.41
Producto,0.00194928,06211234,CONSULTA MÉDICO GENERAL,108.08,108.08,108.08,108.08,108.49,108.49,108.49,108.49,108.49,108.49,108.49,108.49,108.49,108.49,108.49,108.49,108.49,109.34,109.34,109.34,109.34,113.10,113.10,113.10,113.10,113.10,113.10,116.12,116.12,116.12,116.12,116.57,116.57,116.57,116.57,116.57,118.02,117.70,117.70,117.70,117.70,117.70,117.70,116.26,116.26,116.26,116.26,116.26,116.26,116.26,116.26,119.40,119.40,119.40,119.40,120.54,120.54,120.54,118.62,119.09,119.09,119.09,119.09,119.57,118.55,120.96,121.49,121.49,121.49,120.10,125.32,125.32,124.83,124.83,122.18,122.18,122.18,121.44,122.08,122.42,122.38,123.27,123.27,123.28,123.87,124.23,124.23,124.23,124.23,124.23,124.23,124.23,124.23,124.23,124.23,124.23,124.23,124.69,124.31,124.31,121.45,121.45,124.02,124.02,124.02,124.02,124.02,121.45,122.11,130.36,130.36,130.36,130.36,130.36,129.97,129.97,130.36,130.36,130.36,130.36,130.36,130.91,130.91,130.91,130.53,130.53,130.07,130.00,129.23,129.23,129.23,128.73,129.85,129.85,129.85,129.85,130.11,130.11
Producto,0.007093305,06211235,CONSULTA MÉDICO ESPECIALISTA,106.71,106.71,106.71,106.71,107.08,107.08,107.08,107.08,111.81,112.31,112.31,112.31,112.63,112.63,112.63,112.19,114.40,115.28,115.28,115.28,115.28,115.28,114.06,114.06,117.52,117.93,117.93,118.29,118.29,118.29,118.29,118.29,118.59,118.59,118.59,118.59,119.02,120.52,120.52,120.52,120.52,120.52,121.41,121.03,121.03,121.34,121.34,121.66,121.66,121.66,121.66,122.69,122.69,122.69,122.69,122.69,123.06,123.06,123.06,123.06,123.06,123.34,123.72,123.72,123.72,123.72,123.72,123.72,123.72,123.72,125.07,125.07,124.79,124.79,124.79,124.79,124.79,124.79,125.93,126.49,126.88,128.10,128.10,128.10,128.10,128.10,127.16,127.16,126.58,126.58,126.58,126.58,127.51,127.51,127.51,127.87,128.15,129.03,130.68,129.16,129.46,129.04,129.57,129.57,130.68,130.68,130.68,129.32,129.62,129.89,129.89,130.45,130.45,130.45,130.45,130.45,130.45,129.89,129.62,129.62,129.88,131.37,131.77,131.77,132.71,132.71,132.31,133.69,133.69,133.69,133.69,134.03,134.67,134.67,134.67,135.25,135.25,135.57
Clase,0.005804755,0622,Servicios dentales (S),108.66,108.66,109.75,110.58,115.03,116.51,116.88,116.27,117.17,117.17,117.43,117.43,119.79,119.79,119.79,120.59,120.59,120.11,123.58,123.58,120.10,120.10,119.65,119.65,114.81,114.81,114.81,114.81,115.29,115.29,114.93,115.22,115.22,115.22,115.93,115.93,115.93,116.34,116.34,116.34,116.34,116.34,116.34,116.34,117.72,117.72,117.72,117.72,117.72,117.72,117.72,117.72,117.72,117.72,117.72,117.72,117.72,118.12,118.12,118.12,122.11,122.11,122.11,122.11,122.11,122.11,122.11,122.11,122.11,122.11,124.70,125.19,125.94,125.94,125.94,125.94,125.94,129.42,130.63,130.63,130.63,131.43,132.23,132.23,134.47,134.00,134.97,134.97,135.40,135.40,135.40,135.40,135.78,134.02,134.02,134.02,133.41,133.41,131.25,131.25,129.32,131.25,128.47,128.47,128.97,128.97,128.47,128.06,127.45,129.94,129.94,129.94,129.94,129.94,129.94,129.94,129.94,129.94,129.94,129.94,129.94,129.50,130.33,130.33,131.43,131.43,131.43,131.89,131.89,131.89,131.89,131.89,131.89,131.89,131.89,132.63,132.63,132.63
Subclase,0.005804755,06221,Servicios dentales,108.66,108.66,109.75,110.58,115.03,116.51,116.88,116.27,117.17,117.17,117.43,117.43,119.79,119.79,119.79,120.59,120.59,120.11,123.58,123.58,120.10,120.10,119.65,119.65,114.81,114.81,114.81,114.81,115.29,115.29,114.93,115.22,115.22,115.22,115.93,115.93,115.93,116.34,116.34,116.34,116.34,116.34,116.34,116.34,117.72,117.72,117.72,117.72,117.72,117.72,117.72,117.72,117.72,117.72,117.72,117.72,117.72,118.12,118.12,118.12,122.11,122.11,122.11,122.11,122.11,122.11,122.11,122.11,122.11,122.11,124.70,125.19,125.94,125.94,125.94,125.94,125.94,129.42,130.63,130.63,130.63,131.43,132.23,132.23,134.47,134.00,134.97,134.97,135.40,135.40,135.40,135.40,135.78,134.02,134.02,134.02,133.41,133.41,131.25,131.25,129.32,131.25,128.47,128.47,128.97,128.97,128.47,128.06,127.45,129.94,129.94,129.94,129.94,129.94,129.94,129.94,129.94,129.94,129.94,129.94,129.94,129.50,130.33,130.33,131.43,131.43,131.43,131.89,131.89,131.89,131.89,131.89,131.89,131.89,131.89,132.63,132.63,132.63
Producto,0.005804755,06221236,SERVICIOS ODONTOLÓGICOS,108.66,108.66,109.75,110.58,115.03,116.51,116.88,116.27,117.17,117.17,117.43,117.43,119.79,119.79,119.79,120.59,120.59,120.11,123.58,123.58,120.10,120.10,119.65,119.65,114.81,114.81,114.81,114.81,115.29,115.29,114.93,115.22,115.22,115.22,115.93,115.93,115.93,116.34,116.34,116.34,116.34,116.34,116.34,116.34,117.72,117.72,117.72,117.72,117.72,117.72,117.72,117.72,117.72,117.72,117.72,117.72,117.72,118.12,118.12,118.12,122.11,122.11,122.11,122.11,122.11,122.11,122.11,122.11,122.11,122.11,124.70,125.19,125.94,125.94,125.94,125.94,125.94,129.42,130.63,130.63,130.63,131.43,132.23,132.23,134.47,134.00,134.97,134.97,135.40,135.40,135.40,135.40,135.78,134.02,134.02,134.02,133.41,133.41,131.25,131.25,129.32,131.25,128.47,128.47,128.97,128.97,128.47,128.06,127.45,129.94,129.94,129.94,129.94,129.94,129.94,129.94,129.94,129.94,129.94,129.94,129.94,129.50,130.33,130.33,131.43,131.43,131.43,131.89,131.89,131.89,131.89,131.89,131.89,131.89,131.89,132.63,132.63,132.63
Clase,0.006543838,0623,Servicios paramédicos (S),98.75,99.12,97.87,99.33,100.63,100.63,100.72,100.42,100.91,101.55,101.74,101.07,101.13,101.20,101.21,101.21,101.11,103.47,102.83,102.83,104.22,104.27,104.25,104.39,104.97,105.09,105.08,104.96,104.67,104.28,104.37,104.44,104.51,104.51,104.51,104.53,104.53,104.52,104.49,104.53,105.07,105.06,105.10,105.10,105.94,105.97,106.09,106.22,106.20,106.64,106.82,106.86,106.84,105.91,105.91,105.92,106.27,106.27,106.31,106.30,106.34,106.46,106.53,106.31,106.36,106.39,106.37,107.13,107.13,107.13,112.29,112.29,111.79,111.77,111.25,111.34,112.12,112.27,112.88,113.49,113.78,113.74,111.78,112.17,112.98,112.47,112.58,112.45,112.68,112.51,112.71,112.84,112.84,112.88,112.83,112.80,113.40,113.44,113.61,114.11,114.11,114.09,114.22,114.19,114.19,113.62,113.64,113.77,114.07,114.31,114.38,114.47,114.47,114.51,114.48,114.46,114.48,114.48,114.45,114.45,114.51,114.90,114.95,113.99,114.01,114.19,114.26,114.17,114.16,114.16,114.19,114.19,114.50,114.53,114.56,114.53,114.34,114.43
Subclase,0.006543838,06231,Servicios paramédicos,98.75,99.12,97.87,99.33,100.63,100.63,100.72,100.42,100.91,101.55,101.74,101.07,101.13,101.20,101.21,101.21,101.11,103.47,102.83,102.83,104.22,104.27,104.25,104.39,104.97,105.09,105.08,104.96,104.67,104.28,104.37,104.44,104.51,104.51,104.51,104.53,104.53,104.52,104.49,104.53,105.07,105.06,105.10,105.10,105.94,105.97,106.09,106.22,106.20,106.64,106.82,106.86,106.84,105.91,105.91,105.92,106.27,106.27,106.31,106.30,106.34,106.46,106.53,106.31,106.36,106.39,106.37,107.13,107.13,107.13,112.29,112.29,111.79,111.77,111.25,111.34,112.12,112.27,112.88,113.49,113.78,113.74,111.78,112.17,112.98,112.47,112.58,112.45,112.68,112.51,112.71,112.84,112.84,112.88,112.83,112.80,113.40,113.44,113.61,114.11,114.11,114.09,114.22,114.19,114.19,113.62,113.64,113.77,114.07,114.31,114.38,114.47,114.47,114.51,114.48,114.46,114.48,114.48,114.45,114.45,114.51,114.90,114.95,113.99,114.01,114.19,114.26,114.17,114.16,114.16,114.19,114.19,114.50,114.53,114.56,114.53,114.34,114.43
Producto,0.000707696,06231237,EXÁMENES MÉDICOS DE SONIDO,107.51,107.70,107.70,107.70,107.70,107.70,108.22,108.22,111.83,111.83,112.06,112.35,112.35,112.72,112.72,112.72,112.45,112.75,112.07,112.07,112.07,112.49,111.69,112.14,113.32,113.96,113.73,112.83,112.78,112.78,112.85,112.85,113.06,113.06,113.06,113.06,113.06,114.55,114.29,114.64,116.40,116.30,116.64,116.64,116.64,117.00,117.00,117.00,117.00,117.00,116.95,116.95,117.00,117.00,117.00,116.74,118.13,118.13,118.13,118.13,118.57,118.57,118.93,118.93,118.93,118.93,118.85,118.93,118.93,118.93,118.93,118.93,119.40,119.78,119.90,120.76,120.76,120.76,121.08,121.20,121.93,121.86,121.51,122.27,122.30,122.14,122.63,123.05,123.25,122.48,122.19,122.91,122.91,123.28,123.28,123.28,123.28,123.99,124.21,124.33,124.11,123.89,123.89,123.22,123.22,123.22,123.63,123.63,124.30,124.94,124.94,124.94,124.94,124.94,124.46,124.46,124.67,124.67,124.67,124.67,124.67,126.60,126.60,126.60,126.85,126.92,126.92,126.65,126.65,126.65,126.65,126.65,126.93,127.08,127.07,126.78,127.19,127.19
Producto,0.00455277,06231238,EXAMEN DE LABORATORIO,96.69,97.25,95.22,97.39,99.19,99.19,99.19,98.55,98.55,99.49,99.59,98.74,98.74,98.74,98.74,98.74,98.74,102.09,101.24,101.24,103.31,103.28,103.27,103.29,103.61,103.61,103.61,103.61,103.23,102.66,102.66,102.66,102.73,102.73,102.73,102.73,102.73,102.73,102.73,102.73,103.20,103.20,103.20,103.20,104.45,104.45,104.45,104.70,104.70,105.34,105.61,105.61,105.61,104.24,104.24,104.24,104.24,104.24,104.24,104.24,104.24,104.42,104.42,104.10,104.17,104.21,104.19,105.49,105.49,105.49,112.46,112.46,111.65,111.65,110.78,110.78,111.87,112.02,112.78,113.62,113.81,113.93,111.06,111.47,112.70,111.90,111.70,111.43,111.60,111.60,111.88,111.87,111.87,111.87,111.87,111.87,112.71,112.71,112.71,113.13,113.13,113.13,113.03,113.03,113.03,112.20,112.20,112.20,111.93,112.03,112.03,112.03,112.06,112.06,112.10,112.10,112.10,112.10,112.06,112.06,111.93,112.58,112.58,111.12,111.12,111.57,111.67,111.50,111.41,111.41,111.41,111.41,111.72,111.72,111.72,111.72,111.72,111.72
Producto,0.001283372,06231239,EXÁMENES MÉDICOS DE IMÁGENES,100.91,100.81,101.32,101.32,101.75,101.75,101.87,102.47,103.00,103.00,103.50,102.92,103.17,103.31,103.37,103.37,103.05,103.36,103.36,103.36,103.36,103.46,103.78,104.16,105.25,105.48,105.53,105.41,105.27,105.27,105.61,105.94,105.94,105.94,105.94,106.01,106.01,105.28,105.28,105.28,105.50,105.50,105.50,105.50,105.50,105.50,106.04,105.85,105.79,105.81,105.81,106.00,105.88,105.88,105.88,106.03,106.94,106.94,107.13,107.06,107.06,107.06,107.19,107.19,107.19,107.19,107.20,106.65,106.65,106.65,108.73,108.73,108.73,108.46,108.69,108.69,108.92,109.14,109.43,109.57,109.94,109.43,109.50,109.64,109.53,109.76,110.61,110.65,111.08,110.65,110.87,111.13,111.13,111.13,110.92,110.77,110.98,110.82,111.46,112.34,112.46,112.46,113.36,113.50,113.50,113.50,113.38,113.95,115.84,116.32,116.61,117.01,116.89,117.11,117.06,116.96,116.96,116.96,116.96,116.96,117.60,116.52,116.76,116.83,116.79,116.25,116.25,116.48,116.71,116.71,116.81,116.81,117.17,117.22,117.38,117.38,116.33,116.72
Grupo,0.009968499,063,Servicios de hospital (S),101.39,101.39,101.39,101.39,101.39,101.39,101.39,101.39,100.09,100.09,100.09,100.09,100.71,101.30,104.50,104.68,105.63,105.31,105.36,105.36,103.99,104.03,103.64,103.54,103.54,104.09,104.82,104.55,104.15,104.38,104.38,104.42,104.42,104.42,105.13,105.13,105.13,106.68,106.89,107.77,106.68,108.25,108.25,108.52,108.52,108.79,108.79,108.79,107.38,107.65,107.65,107.65,107.65,107.65,108.09,108.09,111.62,111.62,111.76,111.76,111.76,111.82,111.82,111.82,111.82,111.82,111.82,112.88,112.88,112.88,112.88,112.88,113.17,113.17,113.17,113.17,113.26,113.45,113.48,113.48,114.17,116.21,116.22,116.94,118.62,119.40,119.76,119.53,119.76,119.71,120.49,120.50,119.23,119.49,119.49,119.49,119.49,118.72,118.79,120.33,120.17,120.95,122.37,122.45,122.45,122.45,122.30,122.30,122.30,122.28,122.42,122.48,122.48,122.48,122.49,122.49,123.24,123.74,123.74,123.74,124.79,126.49,126.49,126.49,126.49,126.49,126.52,126.52,126.01,126.01,125.76,125.78,126.36,126.73,126.44,126.44,126.44,125.96
Clase,0.009968499,0630,Servicios de hospital (S),101.39,101.39,101.39,101.39,101.39,101.39,101.39,101.39,100.09,100.09,100.09,100.09,100.71,101.30,104.50,104.68,105.63,105.31,105.36,105.36,103.99,104.03,103.64,103.54,103.54,104.09,104.82,104.55,104.15,104.38,104.38,104.42,104.42,104.42,105.13,105.13,105.13,106.68,106.89,107.77,106.68,108.25,108.25,108.52,108.52,108.79,108.79,108.79,107.38,107.65,107.65,107.65,107.65,107.65,108.09,108.09,111.62,111.62,111.76,111.76,111.76,111.82,111.82,111.82,111.82,111.82,111.82,112.88,112.88,112.88,112.88,112.88,113.17,113.17,113.17,113.17,113.26,113.45,113.48,113.48,114.17,116.21,116.22,116.94,118.62,119.40,119.76,119.53,119.76,119.71,120.49,120.50,119.23,119.49,119.49,119.49,119.49,118.72,118.79,120.33,120.17,120.95,122.37,122.45,122.45,122.45,122.30,122.30,122.30,122.28,122.42,122.48,122.48,122.48,122.49,122.49,123.24,123.74,123.74,123.74,124.79,126.49,126.49,126.49,126.49,126.49,126.52,126.52,126.01,126.01,125.76,125.78,126.36,126.73,126.44,126.44,126.44,125.96
Subclase,0.009968499,06301,Servicios de hospital,101.39,101.39,101.39,101.39,101.39,101.39,101.39,101.39,100.09,100.09,100.09,100.09,100.71,101.30,104.50,104.68,105.63,105.31,105.36,105.36,103.99,104.03,103.64,103.54,103.54,104.09,104.82,104.55,104.15,104.38,104.38,104.42,104.42,104.42,105.13,105.13,105.13,106.68,106.89,107.77,106.68,108.25,108.25,108.52,108.52,108.79,108.79,108.79,107.38,107.65,107.65,107.65,107.65,107.65,108.09,108.09,111.62,111.62,111.76,111.76,111.76,111.82,111.82,111.82,111.82,111.82,111.82,112.88,112.88,112.88,112.88,112.88,113.17,113.17,113.17,113.17,113.26,113.45,113.48,113.48,114.17,116.21,116.22,116.94,118.62,119.40,119.76,119.53,119.76,119.71,120.49,120.50,119.23,119.49,119.49,119.49,119.49,118.72,118.79,120.33,120.17,120.95,122.37,122.45,122.45,122.45,122.30,122.30,122.30,122.28,122.42,122.48,122.48,122.48,122.49,122.49,123.24,123.74,123.74,123.74,124.79,126.49,126.49,126.49,126.49,126.49,126.52,126.52,126.01,126.01,125.76,125.78,126.36,126.73,126.44,126.44,126.44,125.96
Producto,0.009968499,06301240,GASTOS EN HOSPITALIZACIÓN,101.39,101.39,101.39,101.39,101.39,101.39,101.39,101.39,100.09,100.09,100.09,100.09,100.71,101.30,104.50,104.68,105.63,105.31,105.36,105.36,103.99,104.03,103.64,103.54,103.54,104.09,104.82,104.55,104.15,104.38,104.38,104.42,104.42,104.42,105.13,105.13,105.13,106.68,106.89,107.77,106.68,108.25,108.25,108.52,108.52,108.79,108.79,108.79,107.38,107.65,107.65,107.65,107.65,107.65,108.09,108.09,111.62,111.62,111.76,111.76,111.76,111.82,111.82,111.82,111.82,111.82,111.82,112.88,112.88,112.88,112.88,112.88,113.17,113.17,113.17,113.17,113.26,113.45,113.48,113.48,114.17,116.21,116.22,116.94,118.62,119.40,119.76,119.53,119.76,119.71,120.49,120.50,119.23,119.49,119.49,119.49,119.49,118.72,118.79,120.33,120.17,120.95,122.37,122.45,122.45,122.45,122.30,122.30,122.30,122.28,122.42,122.48,122.48,122.48,122.49,122.49,123.24,123.74,123.74,123.74,124.79,126.49,126.49,126.49,126.49,126.49,126.52,126.52,126.01,126.01,125.76,125.78,126.36,126.73,126.44,126.44,126.44,125.96
División,0.147383503,07,Transporte,101.31,102.34,102.54,105.23,105.62,106.11,105.13,105.74,106.26,106.13,106.54,106.17,106.47,105.70,105.60,105.66,105.85,105.38,105.00,104.70,104.68,104.77,104.83,104.74,104.84,104.78,104.74,104.90,105.39,105.49,105.51,105.55,105.68,105.31,105.77,105.58,105.57,105.69,105.57,105.33,105.00,104.88,105.14,105.64,106.27,106.36,106.10,106.15,107.70,106.91,106.28,106.56,107.06,107.60,107.73,107.47,107.39,109.20,106.91,106.98,106.75,106.76,106.29,106.64,106.39,105.74,103.62,103.23,104.93,104.99,104.93,104.67,104.94,104.78,105.55,106.89,107.73,107.94,108.61,109.46,109.77,110.79,113.28,113.43,113.69,114.29,114.74,116.18,117.06,117.25,117.47,117.59,117.68,117.53,117.33,117.60,117.17,117.41,117.55,117.38,117.32,117.07,117.07,117.22,117.62,117.89,117.47,117.05,115.75,116.12,116.88,118.91,119.36,119.46,120.81,120.69,119.96,119.17,118.81,119.79,118.55,118.81,119.16,118.44,117.51,117.43,117.98,118.85,119.51,119.76,119.82,120.07,118.82,118.42,119.20,121.63,123.70,126.16
Grupo,0.058542016,071,Adquisición de vehículos,105.94,107.91,108.43,108.89,109.13,109.02,107.31,107.83,108.83,108.45,109.06,107.94,108.71,107.35,107.15,107.28,107.34,106.01,104.87,104.53,104.56,105.08,105.37,105.11,105.18,104.83,104.99,105.23,105.93,106.54,106.45,106.60,106.69,105.94,106.48,106.31,106.63,106.78,106.74,106.34,105.63,105.68,105.37,104.99,104.72,104.54,104.21,103.14,103.31,102.97,102.65,102.56,102.81,103.02,103.11,103.02,102.76,102.47,102.68,102.56,102.46,102.42,102.27,101.94,102.04,102.05,101.48,101.03,100.85,100.68,100.38,100.36,100.36,100.34,100.39,100.33,100.10,100.02,99.84,100.09,100.31,100.56,100.55,100.65,101.17,101.37,101.42,101.76,102.19,101.97,102.16,102.18,102.13,102.46,102.62,102.81,102.85,102.83,103.11,103.11,103.13,103.20,103.14,103.12,103.06,102.88,102.60,102.43,102.26,102.41,102.57,104.90,105.05,105.29,105.29,105.40,105.23,104.85,104.88,104.71,105.03,104.26,104.25,104.18,103.58,103.55,103.49,103.48,103.55,103.47,103.46,103.51,103.52,103.35,103.36,102.88,103.01,103.12
Clase,0.055916632,0711,Vehículos a motor (D),106.04,107.99,108.30,108.73,108.91,108.78,107.03,107.56,108.57,108.12,108.78,107.67,108.46,107.04,106.84,107.00,106.98,105.62,104.44,104.07,104.18,104.72,105.02,104.80,104.82,104.45,104.61,104.89,105.68,106.51,106.42,106.57,106.66,105.89,106.50,106.28,106.58,106.71,106.66,106.22,105.50,105.63,105.31,104.91,104.68,104.50,104.23,103.15,103.33,102.98,102.65,102.59,102.85,103.07,103.15,103.06,102.79,102.52,102.73,102.62,102.49,102.44,102.30,102.01,102.18,102.17,101.56,101.06,100.90,100.70,100.40,100.39,100.33,100.31,100.33,100.27,100.03,99.93,99.75,100.02,100.28,100.50,100.50,100.57,101.10,101.26,101.38,101.71,102.16,101.92,102.10,102.10,102.09,102.45,102.63,102.81,102.86,102.83,103.12,103.12,103.12,103.20,103.15,103.17,103.11,102.93,102.63,102.48,102.29,102.48,102.65,104.99,105.14,105.40,105.41,105.52,105.35,104.96,104.97,104.80,105.12,104.34,104.34,104.28,103.67,103.64,103.59,103.60,103.66,103.58,103.57,103.62,103.67,103.50,103.48,102.98,103.12,103.23
Subclase,0.055916632,07111,Vehículos a motor,106.04,107.99,108.30,108.73,108.91,108.78,107.03,107.56,108.57,108.12,108.78,107.67,108.46,107.04,106.84,107.00,106.98,105.62,104.44,104.07,104.18,104.72,105.02,104.80,104.82,104.45,104.61,104.89,105.68,106.51,106.42,106.57,106.66,105.89,106.50,106.28,106.58,106.71,106.66,106.22,105.50,105.63,105.31,104.91,104.68,104.50,104.23,103.15,103.33,102.98,102.65,102.59,102.85,103.07,103.15,103.06,102.79,102.52,102.73,102.62,102.49,102.44,102.30,102.01,102.18,102.17,101.56,101.06,100.90,100.70,100.40,100.39,100.33,100.31,100.33,100.27,100.03,99.93,99.75,100.02,100.28,100.50,100.50,100.57,101.10,101.26,101.38,101.71,102.16,101.92,102.10,102.10,102.09,102.45,102.63,102.81,102.86,102.83,103.12,103.12,103.12,103.20,103.15,103.17,103.11,102.93,102.63,102.48,102.29,102.48,102.65,104.99,105.14,105.40,105.41,105.52,105.35,104.96,104.97,104.80,105.12,104.34,104.34,104.28,103.67,103.64,103.59,103.60,103.66,103.58,103.57,103.62,103.67,103.50,103.48,102.98,103.12,103.23
Producto,0.055916632,07111241,AUTOMÓVIL,106.04,107.99,108.30,108.73,108.91,108.78,107.03,107.56,108.57,108.12,108.78,107.67,108.46,107.04,106.84,107.00,106.98,105.62,104.44,104.07,104.18,104.72,105.02,104.80,104.82,104.45,104.61,104.89,105.68,106.51,106.42,106.57,106.66,105.89,106.50,106.28,106.58,106.71,106.66,106.22,105.50,105.63,105.31,104.91,104.68,104.50,104.23,103.15,103.33,102.98,102.65,102.59,102.85,103.07,103.15,103.06,102.79,102.52,102.73,102.62,102.49,102.44,102.30,102.01,102.18,102.17,101.56,101.06,100.90,100.70,100.40,100.39,100.33,100.31,100.33,100.27,100.03,99.93,99.75,100.02,100.28,100.50,100.50,100.57,101.10,101.26,101.38,101.71,102.16,101.92,102.10,102.10,102.09,102.45,102.63,102.81,102.86,102.83,103.12,103.12,103.12,103.20,103.15,103.17,103.11,102.93,102.63,102.48,102.29,102.48,102.65,104.99,105.14,105.40,105.41,105.52,105.35,104.96,104.97,104.80,105.12,104.34,104.34,104.28,103.67,103.64,103.59,103.60,103.66,103.58,103.57,103.62,103.67,103.50,103.48,102.98,103.12,103.23
Clase,0.00208169,0712,Motocicletas (D),105.57,109.23,121.40,124.61,127.73,128.92,127.53,128.13,128.85,132.02,130.14,130.53,130.47,131.93,132.00,130.09,134.74,134.21,134.24,135.52,131.57,131.14,130.73,128.64,131.46,131.76,132.09,131.33,127.38,116.74,116.27,115.76,115.35,115.66,112.84,115.29,116.81,118.50,118.39,120.73,120.54,115.75,115.66,116.13,114.03,113.38,109.33,109.35,109.61,109.56,109.75,109.47,109.86,109.52,107.80,108.01,108.25,106.70,106.49,106.54,107.71,108.23,107.69,105.21,100.75,101.86,103.22,105.28,103.91,105.72,105.08,105.08,108.28,108.37,109.59,109.20,109.51,110.84,110.35,109.47,108.66,110.23,109.98,111.60,114.25,116.66,112.85,113.93,113.57,114.06,115.05,116.12,114.24,113.10,111.80,113.04,112.51,113.18,112.71,112.49,113.99,113.54,113.30,110.58,110.80,110.64,111.18,110.43,110.99,109.10,108.73,111.15,111.43,110.94,110.46,111.89,112.01,111.93,112.61,112.78,113.45,112.53,111.93,111.37,111.17,111.47,110.79,109.82,110.05,110.08,109.71,109.88,109.06,108.75,110.41,111.19,110.65,110.04
Subclase,0.00208169,07121,Motocicletas nuevas,105.57,109.23,121.40,124.61,127.73,128.92,127.53,128.13,128.85,132.02,130.14,130.53,130.47,131.93,132.00,130.09,134.74,134.21,134.24,135.52,131.57,131.14,130.73,128.64,131.46,131.76,132.09,131.33,127.38,116.74,116.27,115.76,115.35,115.66,112.84,115.29,116.81,118.50,118.39,120.73,120.54,115.75,115.66,116.13,114.03,113.38,109.33,109.35,109.61,109.56,109.75,109.47,109.86,109.52,107.80,108.01,108.25,106.70,106.49,106.54,107.71,108.23,107.69,105.21,100.75,101.86,103.22,105.28,103.91,105.72,105.08,105.08,108.28,108.37,109.59,109.20,109.51,110.84,110.35,109.47,108.66,110.23,109.98,111.60,114.25,116.66,112.85,113.93,113.57,114.06,115.05,116.12,114.24,113.10,111.80,113.04,112.51,113.18,112.71,112.49,113.99,113.54,113.30,110.58,110.80,110.64,111.18,110.43,110.99,109.10,108.73,111.15,111.43,110.94,110.46,111.89,112.01,111.93,112.61,112.78,113.45,112.53,111.93,111.37,111.17,111.47,110.79,109.82,110.05,110.08,109.71,109.88,109.06,108.75,110.41,111.19,110.65,110.04
Producto,0.00208169,07121242,MOTOCICLETA,105.57,109.23,121.40,124.61,127.73,128.92,127.53,128.13,128.85,132.02,130.14,130.53,130.47,131.93,132.00,130.09,134.74,134.21,134.24,135.52,131.57,131.14,130.73,128.64,131.46,131.76,132.09,131.33,127.38,116.74,116.27,115.76,115.35,115.66,112.84,115.29,116.81,118.50,118.39,120.73,120.54,115.75,115.66,116.13,114.03,113.38,109.33,109.35,109.61,109.56,109.75,109.47,109.86,109.52,107.80,108.01,108.25,106.70,106.49,106.54,107.71,108.23,107.69,105.21,100.75,101.86,103.22,105.28,103.91,105.72,105.08,105.08,108.28,108.37,109.59,109.20,109.51,110.84,110.35,109.47,108.66,110.23,109.98,111.60,114.25,116.66,112.85,113.93,113.57,114.06,115.05,116.12,114.24,113.10,111.80,113.04,112.51,113.18,112.71,112.49,113.99,113.54,113.30,110.58,110.80,110.64,111.18,110.43,110.99,109.10,108.73,111.15,111.43,110.94,110.46,111.89,112.01,111.93,112.61,112.78,113.45,112.53,111.93,111.37,111.17,111.47,110.79,109.82,110.05,110.08,109.71,109.88,109.06,108.75,110.41,111.19,110.65,110.04
Clase,0.000543695,0713,Bicicletas (D),95.49,96.24,97.11,97.26,96.98,97.24,99.60,98.61,99.21,99.76,99.88,94.61,94.38,94.38,94.38,94.38,94.38,96.10,96.22,96.25,95.84,95.60,95.36,95.00,94.88,94.93,94.93,92.31,92.31,90.66,90.90,92.22,92.22,92.25,92.05,91.49,91.49,91.88,91.92,91.74,91.74,91.68,91.51,91.51,91.60,91.60,91.60,89.32,88.15,88.44,88.37,84.91,84.85,84.85,88.74,88.74,88.74,88.73,88.73,88.68,88.68,88.68,88.30,88.30,88.30,88.30,88.30,88.64,88.64,88.49,88.49,88.08,88.42,88.42,89.20,90.46,89.22,89.14,89.34,89.26,88.13,87.94,88.23,88.26,84.17,84.01,83.33,83.29,83.60,83.66,83.02,84.18,83.77,83.54,83.27,82.80,82.22,82.10,82.40,82.60,82.69,82.94,82.89,82.92,82.55,82.55,82.48,81.47,81.52,81.41,81.59,82.28,81.96,81.82,81.25,78.61,78.61,78.58,78.58,78.58,78.59,78.76,78.67,78.65,78.19,78.14,77.91,77.85,77.79,77.74,77.76,77.66,75.65,75.72,75.43,75.20,75.47,77.10
Subclase,0.000543695,07131,Bicicleta,95.49,96.24,97.11,97.26,96.98,97.24,99.60,98.61,99.21,99.76,99.88,94.61,94.38,94.38,94.38,94.38,94.38,96.10,96.22,96.25,95.84,95.60,95.36,95.00,94.88,94.93,94.93,92.31,92.31,90.66,90.90,92.22,92.22,92.25,92.05,91.49,91.49,91.88,91.92,91.74,91.74,91.68,91.51,91.51,91.60,91.60,91.60,89.32,88.15,88.44,88.37,84.91,84.85,84.85,88.74,88.74,88.74,88.73,88.73,88.68,88.68,88.68,88.30,88.30,88.30,88.30,88.30,88.64,88.64,88.49,88.49,88.08,88.42,88.42,89.20,90.46,89.22,89.14,89.34,89.26,88.13,87.94,88.23,88.26,84.17,84.01,83.33,83.29,83.60,83.66,83.02,84.18,83.77,83.54,83.27,82.80,82.22,82.10,82.40,82.60,82.69,82.94,82.89,82.92,82.55,82.55,82.48,81.47,81.52,81.41,81.59,82.28,81.96,81.82,81.25,78.61,78.61,78.58,78.58,78.58,78.59,78.76,78.67,78.65,78.19,78.14,77.91,77.85,77.79,77.74,77.76,77.66,75.65,75.72,75.43,75.20,75.47,77.10
Producto,0.000543695,07131243,BICICLETA,95.49,96.24,97.11,97.26,96.98,97.24,99.60,98.61,99.21,99.76,99.88,94.61,94.38,94.38,94.38,94.38,94.38,96.10,96.22,96.25,95.84,95.60,95.36,95.00,94.88,94.93,94.93,92.31,92.31,90.66,90.90,92.22,92.22,92.25,92.05,91.49,91.49,91.88,91.92,91.74,91.74,91.68,91.51,91.51,91.60,91.60,91.60,89.32,88.15,88.44,88.37,84.91,84.85,84.85,88.74,88.74,88.74,88.73,88.73,88.68,88.68,88.68,88.30,88.30,88.30,88.30,88.30,88.64,88.64,88.49,88.49,88.08,88.42,88.42,89.20,90.46,89.22,89.14,89.34,89.26,88.13,87.94,88.23,88.26,84.17,84.01,83.33,83.29,83.60,83.66,83.02,84.18,83.77,83.54,83.27,82.80,82.22,82.10,82.40,82.60,82.69,82.94,82.89,82.92,82.55,82.55,82.48,81.47,81.52,81.41,81.59,82.28,81.96,81.82,81.25,78.61,78.61,78.58,78.58,78.58,78.59,78.76,78.67,78.65,78.19,78.14,77.91,77.85,77.79,77.74,77.76,77.66,75.65,75.72,75.43,75.20,75.47,77.10
Grupo,0.037375808,072,Funcionamiento de equipo de transporte personal,98.06,98.09,98.02,98.04,98.16,98.09,97.89,97.96,97.89,98.09,97.97,97.93,98.14,98.25,98.15,98.37,98.04,98.66,99.28,99.14,99.10,98.86,98.78,98.59,98.89,98.90,98.95,98.62,98.81,98.51,98.45,98.41,98.32,98.22,98.50,98.21,98.39,98.35,98.10,98.22,98.09,97.88,97.98,99.36,105.30,105.13,104.81,106.29,112.42,111.07,110.01,110.12,111.59,113.38,113.60,112.57,112.85,117.22,110.99,110.89,110.83,110.59,110.32,109.78,108.51,106.52,105.14,104.27,104.82,104.68,103.96,104.33,105.01,105.77,108.64,113.24,115.40,116.97,120.08,123.07,125.48,127.76,131.07,131.86,132.67,133.76,136.19,140.98,143.16,144.22,144.42,145.86,143.84,139.27,138.64,138.68,138.10,138.03,138.44,138.28,137.87,137.67,136.71,138.51,141.02,141.42,140.97,136.88,134.43,135.51,136.87,141.13,142.27,142.62,145.93,146.12,143.95,141.21,140.59,139.84,139.89,141.82,141.62,138.50,136.43,136.04,138.07,140.54,143.24,145.01,144.65,142.46,141.53,140.69,143.53,152.03,161.99,170.75
Clase,0.005121567,0721,Piezas de repuesto y accesorios para equipo de transporte personal (SD),95.92,96.22,95.39,94.91,95.30,95.30,93.83,93.81,93.44,93.27,91.61,91.30,91.62,90.30,90.72,90.01,88.76,89.88,92.50,90.60,90.87,90.74,90.98,88.65,87.40,86.65,86.80,86.87,87.90,86.63,86.33,85.07,85.04,85.16,85.33,84.68,85.94,85.59,84.56,84.97,84.62,84.48,84.41,84.80,85.32,84.29,82.87,82.91,84.52,84.86,83.10,82.49,81.12,80.82,81.36,81.39,80.39,80.14,81.53,81.21,81.26,79.50,78.97,78.32,76.60,76.97,77.08,76.93,77.09,76.90,76.09,76.52,76.56,76.46,76.68,77.01,77.29,77.74,78.79,79.83,80.59,80.61,80.64,81.02,81.83,81.48,81.95,82.89,84.57,83.27,84.37,85.67,86.46,85.96,85.70,85.63,85.46,87.68,86.37,87.04,87.22,89.57,89.31,89.15,89.16,89.23,88.26,88.02,87.22,86.64,86.64,88.56,89.36,88.74,88.93,88.55,87.76,87.87,87.43,87.38,87.46,87.71,86.63,87.12,87.49,87.98,88.47,88.07,88.11,87.15,88.83,88.92,89.98,90.61,90.68,90.62,93.51,93.20
Subclase,0.005121567,07211,Piezas de repuesto y accesorios para equipo de transporte personal,95.92,96.22,95.39,94.91,95.30,95.30,93.83,93.81,93.44,93.27,91.61,91.30,91.62,90.30,90.72,90.01,88.76,89.88,92.50,90.60,90.87,90.74,90.98,88.65,87.40,86.65,86.80,86.87,87.90,86.63,86.33,85.07,85.04,85.16,85.33,84.68,85.94,85.59,84.56,84.97,84.62,84.48,84.41,84.80,85.32,84.29,82.87,82.91,84.52,84.86,83.10,82.49,81.12,80.82,81.36,81.39,80.39,80.14,81.53,81.21,81.26,79.50,78.97,78.32,76.60,76.97,77.08,76.93,77.09,76.90,76.09,76.52,76.56,76.46,76.68,77.01,77.29,77.74,78.79,79.83,80.59,80.61,80.64,81.02,81.83,81.48,81.95,82.89,84.57,83.27,84.37,85.67,86.46,85.96,85.70,85.63,85.46,87.68,86.37,87.04,87.22,89.57,89.31,89.15,89.16,89.23,88.26,88.02,87.22,86.64,86.64,88.56,89.36,88.74,88.93,88.55,87.76,87.87,87.43,87.38,87.46,87.71,86.63,87.12,87.49,87.98,88.47,88.07,88.11,87.15,88.83,88.92,89.98,90.61,90.68,90.62,93.51,93.20
Producto,0.001032623,07211244,BATERÍA,102.16,102.97,102.73,102.73,101.81,101.81,102.13,102.14,102.14,102.19,102.37,102.26,102.15,100.54,100.83,100.85,100.99,101.97,101.95,102.31,102.55,101.44,102.68,104.05,106.96,107.06,107.69,107.75,107.73,106.34,106.10,105.86,105.88,105.87,105.88,105.74,108.56,109.21,110.24,110.24,110.03,110.14,110.38,110.23,110.65,110.70,109.58,109.02,109.41,106.63,105.21,104.10,103.07,102.25,102.35,102.18,101.64,101.54,101.83,101.27,101.68,100.21,100.21,100.21,100.21,100.46,101.14,102.13,102.95,100.81,100.81,101.77,101.63,101.59,101.68,101.45,100.61,100.80,100.57,101.37,103.04,103.37,102.14,102.81,103.15,102.29,102.47,104.27,106.03,103.87,104.39,103.86,103.62,103.74,104.30,104.75,104.83,106.62,107.36,108.97,109.12,110.56,110.16,110.98,110.93,110.85,109.62,108.33,108.94,107.72,108.40,110.23,113.00,112.60,111.77,110.99,112.06,112.17,112.02,112.08,111.27,114.33,113.08,116.22,113.23,115.13,116.52,116.58,115.86,115.79,115.58,115.09,116.04,118.32,116.94,120.03,119.28,118.66
Producto,0.003619105,07211245,NEUMÁTICO,94.36,94.41,93.14,92.50,92.61,92.61,90.55,90.52,90.02,89.71,87.41,87.16,87.60,86.20,86.65,85.32,83.60,84.57,87.59,84.92,85.35,85.35,85.25,81.64,79.40,78.15,77.73,77.81,79.19,78.17,77.53,76.16,76.43,76.29,76.49,76.10,76.42,75.70,74.81,75.35,74.87,74.73,74.59,74.42,75.01,73.53,72.12,72.30,74.19,75.39,73.94,72.92,71.71,71.56,72.21,72.33,71.15,70.92,72.72,72.42,71.67,69.57,68.85,67.96,65.73,66.26,66.26,65.94,65.93,66.21,65.81,66.31,66.45,66.32,66.59,67.13,67.49,68.05,69.63,70.70,71.00,71.03,71.36,71.63,72.71,72.25,73.10,74.04,75.78,74.43,75.63,77.53,78.82,78.31,77.40,77.17,76.95,79.46,77.69,78.18,78.45,81.30,81.16,80.71,80.74,80.57,79.59,79.61,78.47,77.71,77.52,79.39,79.68,79.01,79.75,79.35,78.19,78.44,77.57,78.08,78.13,77.86,76.80,76.59,77.79,77.94,78.47,77.87,78.26,76.85,79.31,79.42,80.45,81.06,81.37,80.21,84.42,84.21
Producto,0.000469839,07211246,AMORTIGUADORES,96.99,98.31,99.87,99.87,104.79,104.79,104.79,104.79,104.79,105.38,105.38,104.24,104.41,104.19,104.70,107.55,107.55,110.07,114.35,114.48,113.48,114.04,115.24,116.35,115.38,117.11,120.86,120.85,121.05,118.04,120.32,118.05,115.48,117.94,118.17,114.59,120.50,121.21,115.33,115.37,115.87,115.24,115.24,121.07,121.10,121.77,119.70,119.76,121.27,120.50,115.70,119.24,115.89,115.50,115.89,115.53,115.11,114.48,114.63,114.57,120.30,120.74,120.79,120.79,120.07,119.28,119.28,118.38,118.68,118.32,112.77,111.70,111.31,111.32,111.36,111.01,112.73,112.73,112.00,113.20,115.93,115.35,115.29,115.97,115.48,116.93,114.94,114.25,115.44,116.08,117.43,117.22,115.97,114.45,117.79,118.12,117.83,118.52,117.14,117.55,117.05,117.09,116.14,116.43,116.48,118.65,118.29,117.93,117.23,119.25,119.53,122.02,123.21,122.70,120.30,120.85,119.65,118.66,121.03,116.32,118.27,117.53,116.57,117.79,117.77,118.33,116.92,117.27,115.85,116.93,115.82,116.85,118.36,116.13,116.85,119.88,118.89,118.26
Clase,0.022539435,0722,Combustibles y lubricantes para equipo de transporte personal (ND),98.33,98.25,98.49,98.54,98.47,98.48,98.68,98.80,98.75,98.77,99.12,99.07,99.19,99.43,99.37,99.44,99.53,99.67,99.80,99.86,99.88,99.81,99.80,99.89,100.34,100.31,100.22,100.22,100.26,100.24,100.21,100.06,99.96,99.94,99.99,99.98,100.16,100.11,100.12,100.16,100.20,100.30,100.19,102.02,111.84,111.86,111.82,114.22,124.11,121.83,120.37,121.21,123.73,126.81,127.29,125.52,126.08,133.57,122.97,122.89,122.85,122.85,122.63,121.83,119.85,116.47,114.42,113.16,113.86,113.68,112.89,113.03,114.08,115.50,120.11,127.92,131.46,133.91,138.83,143.94,147.85,152.01,157.28,157.86,158.67,160.29,164.21,171.74,175.02,177.36,176.89,178.72,175.12,167.64,166.65,166.71,165.43,164.90,165.84,165.20,164.51,163.62,162.17,165.28,169.15,169.96,168.98,162.13,158.56,159.73,161.89,167.64,169.56,170.08,175.72,176.14,173.01,168.43,167.58,166.44,166.86,169.76,169.78,164.30,160.61,160.31,163.34,168.19,173.11,176.31,175.29,171.62,168.93,166.85,171.71,186.53,202.37,216.46
Subclase,0.022539435,07221,Combustibles y lubricantes para equipo de transporte personal,98.33,98.25,98.49,98.54,98.47,98.48,98.68,98.80,98.75,98.77,99.12,99.07,99.19,99.43,99.37,99.44,99.53,99.67,99.80,99.86,99.88,99.81,99.80,99.89,100.34,100.31,100.22,100.22,100.26,100.24,100.21,100.06,99.96,99.94,99.99,99.98,100.16,100.11,100.12,100.16,100.20,100.30,100.19,102.02,111.84,111.86,111.82,114.22,124.11,121.83,120.37,121.21,123.73,126.81,127.29,125.52,126.08,133.57,122.97,122.89,122.85,122.85,122.63,121.83,119.85,116.47,114.42,113.16,113.86,113.68,112.89,113.03,114.08,115.50,120.11,127.92,131.46,133.91,138.83,143.94,147.85,152.01,157.28,157.86,158.67,160.29,164.21,171.74,175.02,177.36,176.89,178.72,175.12,167.64,166.65,166.71,165.43,164.90,165.84,165.20,164.51,163.62,162.17,165.28,169.15,169.96,168.98,162.13,158.56,159.73,161.89,167.64,169.56,170.08,175.72,176.14,173.01,168.43,167.58,166.44,166.86,169.76,169.78,164.30,160.61,160.31,163.34,168.19,173.11,176.31,175.29,171.62,168.93,166.85,171.71,186.53,202.37,216.46
Producto,0.000495883,07221247,DIÉSEL,97.99,98.11,98.11,98.11,98.11,98.11,98.11,98.11,97.99,97.99,97.99,98.11,98.11,98.11,98.11,98.11,98.11,97.86,97.86,97.86,97.86,97.86,97.86,97.86,97.86,97.86,97.86,97.86,97.86,97.86,97.86,97.86,97.86,97.86,97.86,97.86,97.86,97.86,97.86,97.86,97.86,97.86,97.86,97.86,97.86,97.86,97.86,97.86,97.86,97.86,97.86,97.86,97.86,97.86,97.86,97.86,97.86,143.70,101.05,101.05,101.05,101.05,101.05,101.05,99.67,97.71,99.24,104.53,108.79,114.20,120.30,124.79,131.30,131.83,135.16,139.69,142.65,145.88,150.33,154.75,158.55,169.38,185.18,185.18,185.18,185.18,185.18,185.18,185.18,185.18,170.56,170.56,170.56,170.56,170.56,170.56,170.56,170.56,170.56,170.56,170.56,170.56,170.56,170.56,170.56,170.56,170.56,170.56,170.56,170.56,170.56,175.43,175.43,175.43,175.43,175.43,175.43,175.43,175.43,175.43,175.43,175.43,175.43,175.43,175.43,175.43,175.43,175.43,219.53,272.90,272.90,271.41,266.99,263.45,269.32,281.99,295.13,309.26
Producto,0.000680429,07221248,GASOLINA ECOLÓGICA,98.06,98.06,98.06,98.06,98.06,98.06,98.06,98.06,98.06,98.06,98.06,98.06,98.06,98.06,98.06,98.06,98.06,98.06,98.06,98.06,98.06,98.06,98.06,98.06,98.06,98.06,98.06,98.06,98.06,98.06,98.06,98.06,98.06,98.06,98.06,98.06,98.06,98.06,98.06,98.06,98.06,98.06,98.06,98.06,98.06,98.06,98.06,102.80,122.57,122.57,122.57,122.57,122.57,122.57,122.57,122.57,122.57,139.32,123.29,123.29,123.29,123.29,123.29,123.29,120.80,116.63,116.63,116.63,116.93,116.75,117.08,117.29,117.29,117.29,119.71,126.17,131.13,136.39,143.57,150.22,156.06,165.66,169.94,169.94,169.94,169.94,169.94,169.94,169.94,169.94,159.95,159.95,159.95,159.95,159.95,159.95,159.95,159.95,159.95,159.95,159.95,159.95,159.95,159.95,159.95,159.95,159.95,159.95,159.95,159.95,159.95,164.61,164.61,167.10,182.67,184.30,178.08,171.75,175.30,177.39,178.65,182.97,181.22,171.92,165.78,166.70,172.20,179.90,188.27,193.34,191.30,185.22,180.03,181.39,188.83,197.50,206.54,216.24
Producto,0.009937574,07221249,GASOLINA BAJO OCTANAJE,98.44,98.44,98.44,98.44,98.44,98.44,98.44,98.51,98.51,98.51,98.51,98.51,98.51,98.51,98.51,98.51,98.51,98.51,98.51,98.51,98.51,98.51,98.51,98.51,98.51,98.51,98.51,98.51,98.51,98.51,98.51,98.51,98.51,98.51,98.51,98.51,98.51,98.51,98.51,98.51,98.51,98.51,98.51,98.51,98.51,98.51,98.51,103.28,123.14,123.14,123.14,123.14,123.14,123.14,123.14,123.14,123.14,136.73,123.14,123.14,123.14,123.14,123.14,123.14,120.23,116.48,116.48,116.48,116.90,116.66,116.93,117.12,117.15,117.15,119.71,125.51,130.74,136.42,143.17,149.78,156.09,164.86,169.73,169.73,169.73,169.73,169.73,169.73,169.73,169.73,159.75,159.75,159.75,159.75,159.75,159.75,159.75,159.75,159.75,159.75,159.75,159.75,159.75,159.75,159.75,159.75,159.75,159.75,159.75,159.75,159.75,164.41,164.41,166.60,182.19,183.83,177.87,171.37,174.72,177.00,177.86,182.20,181.05,171.94,165.47,166.19,171.53,179.19,187.51,192.82,191.06,185.04,179.76,180.56,187.88,196.52,205.50,215.14
Producto,0.008524539,07221250,GASOLINA ALTO OCTANAJE,98.19,98.44,98.50,98.54,98.54,98.54,99.05,99.22,99.22,99.50,100.72,101.04,101.41,101.97,101.79,102.09,102.45,102.75,103.02,103.29,103.64,103.94,103.98,104.20,104.20,104.20,104.20,104.24,104.24,104.24,104.24,104.24,104.24,104.24,104.25,104.25,104.25,104.25,104.25,104.25,104.25,104.43,104.13,109.62,138.13,138.13,138.13,138.13,137.86,130.95,126.72,129.32,136.68,145.69,147.20,142.22,143.82,142.96,134.48,134.26,134.13,134.04,133.40,131.09,129.70,125.66,119.74,116.02,116.95,116.58,113.61,113.46,116.07,120.09,129.55,143.28,145.55,144.46,147.92,153.06,153.97,151.82,158.60,159.03,161.20,166.31,177.03,198.65,207.37,213.97,227.96,232.97,221.67,199.62,195.77,194.92,191.95,190.85,193.61,191.51,189.57,186.99,182.65,191.25,202.51,204.76,202.44,182.75,172.33,175.54,181.93,191.14,196.68,195.38,189.09,187.97,187.16,183.31,175.95,169.44,169.39,171.21,172.78,170.20,168.69,166.94,167.90,170.87,170.76,169.31,169.06,167.29,167.26,160.23,163.14,192.21,223.60,249.07
Producto,0.00290101,07221251,ACEITE LUBRICANTE,98.30,97.00,98.70,98.95,98.45,98.55,98.72,98.88,98.50,97.95,97.33,96.15,96.02,96.44,96.45,96.17,95.90,96.21,96.43,96.19,95.46,94.08,93.88,93.99,97.45,97.26,96.54,96.41,96.78,96.61,96.36,95.19,94.47,94.28,94.63,94.60,95.92,95.59,95.65,95.98,96.27,96.58,96.49,95.92,95.18,95.37,95.07,95.07,95.14,96.08,96.09,95.60,95.35,94.95,94.63,94.29,94.32,94.88,94.88,94.89,94.89,95.18,95.18,95.15,95.17,94.74,94.53,94.03,94.65,94.39,94.28,94.44,94.40,94.52,94.31,94.56,95.09,94.39,96.22,95.56,98.26,100.49,101.71,105.00,105.45,104.20,105.68,105.82,107.72,108.07,107.86,108.46,111.00,112.45,115.07,117.83,115.90,114.81,114.63,115.35,115.19,115.27,115.74,116.65,116.32,116.53,115.14,115.15,115.56,115.95,115.46,116.31,116.31,115.27,115.22,115.18,116.23,116.41,116.62,116.43,116.55,117.13,117.58,117.55,118.17,117.76,117.87,117.62,117.06,117.12,116.75,116.74,117.17,117.43,117.90,118.82,120.05,120.98
Clase,0.008263892,0723,Conservación y reparación de equipo de transporte personal (S),98.34,98.54,98.05,98.32,98.83,98.45,97.84,97.85,97.83,98.62,98.14,98.25,98.93,99.54,99.00,100.19,99.22,100.93,101.85,102.15,101.75,101.00,100.51,100.76,101.65,102.19,102.49,101.03,101.12,100.54,100.59,101.51,101.38,100.93,101.92,101.05,100.56,100.73,100.16,100.36,99.95,98.87,99.63,100.65,100.69,100.45,99.95,100.27,100.38,100.19,100.38,99.16,99.77,99.69,99.12,99.26,99.55,99.22,98.90,98.84,98.67,98.54,98.18,98.28,98.85,98.75,98.73,98.30,98.84,98.88,98.55,99.56,99.79,99.45,99.90,99.47,99.91,100.16,100.17,99.37,99.31,98.48,99.25,100.85,101.83,102.56,102.53,103.32,103.28,102.55,104.00,104.83,104.95,104.77,104.78,104.93,105.15,104.98,105.07,105.62,105.58,105.70,105.44,105.29,106.14,105.75,106.88,106.99,106.05,108.06,108.36,111.24,110.73,111.29,110.95,110.86,109.99,109.88,109.62,109.38,108.43,109.20,108.87,109.21,109.60,108.42,109.11,107.49,106.44,106.19,106.32,106.26,108.58,110.00,109.68,108.21,108.82,110.51
Subclase,0.008263892,07231,Conservación y reparación de equipo de transporte personal,98.34,98.54,98.05,98.32,98.83,98.45,97.84,97.85,97.83,98.62,98.14,98.25,98.93,99.54,99.00,100.19,99.22,100.93,101.85,102.15,101.75,101.00,100.51,100.76,101.65,102.19,102.49,101.03,101.12,100.54,100.59,101.51,101.38,100.93,101.92,101.05,100.56,100.73,100.16,100.36,99.95,98.87,99.63,100.65,100.69,100.45,99.95,100.27,100.38,100.19,100.38,99.16,99.77,99.69,99.12,99.26,99.55,99.22,98.90,98.84,98.67,98.54,98.18,98.28,98.85,98.75,98.73,98.30,98.84,98.88,98.55,99.56,99.79,99.45,99.90,99.47,99.91,100.16,100.17,99.37,99.31,98.48,99.25,100.85,101.83,102.56,102.53,103.32,103.28,102.55,104.00,104.83,104.95,104.77,104.78,104.93,105.15,104.98,105.07,105.62,105.58,105.70,105.44,105.29,106.14,105.75,106.88,106.99,106.05,108.06,108.36,111.24,110.73,111.29,110.95,110.86,109.99,109.88,109.62,109.38,108.43,109.20,108.87,109.21,109.60,108.42,109.11,107.49,106.44,106.19,106.32,106.26,108.58,110.00,109.68,108.21,108.82,110.51
Producto,0.001172386,07231252,AFINAMIENTO (ABC),97.28,98.10,94.94,95.16,95.16,95.16,92.71,95.66,95.95,95.95,95.92,96.01,96.48,96.76,94.91,98.75,98.75,99.28,102.82,102.70,103.41,100.59,101.89,104.33,104.33,103.92,103.87,103.87,103.98,103.99,103.99,103.99,104.12,104.30,104.65,104.65,104.75,105.41,105.41,105.11,105.41,105.12,105.12,105.12,105.12,105.12,104.64,104.79,104.92,102.50,103.29,99.99,101.68,101.68,101.22,101.55,101.55,101.55,101.55,101.43,100.99,100.99,100.99,100.99,100.99,99.79,99.79,99.79,100.99,100.99,101.20,104.60,104.60,104.60,104.60,104.60,104.60,106.05,105.62,103.84,103.84,101.19,105.41,111.79,112.37,114.29,116.31,116.65,116.77,116.77,116.77,116.95,117.87,118.04,117.79,118.17,118.17,117.79,117.79,118.05,118.05,118.49,118.49,118.72,123.40,123.40,124.42,124.42,124.71,124.71,124.97,132.62,130.82,137.61,137.61,137.61,137.78,136.65,136.65,132.60,132.60,133.75,130.79,130.79,131.08,132.37,132.96,129.76,129.76,129.76,129.76,129.76,129.76,130.10,130.10,129.80,129.80,129.80
Producto,0.000596172,07231253,"LAVADO, ENGRASADO Y PULVERIZADO",104.41,105.22,105.22,105.22,105.60,104.72,104.72,104.95,105.25,106.19,105.95,105.95,105.95,105.95,105.95,105.95,107.00,107.36,107.57,107.57,107.38,106.53,106.03,105.78,105.78,105.78,105.78,105.78,105.78,107.04,106.98,107.45,107.45,106.49,107.20,107.20,107.20,105.86,105.86,105.86,105.86,105.86,105.86,105.86,105.86,105.86,106.11,106.11,106.11,106.11,106.11,105.52,105.52,105.52,105.52,105.52,105.52,105.69,105.69,105.69,99.68,99.68,98.98,98.98,98.98,98.98,98.32,98.32,104.13,106.46,106.46,106.46,105.96,106.43,106.43,102.71,102.71,102.71,103.65,103.65,104.19,104.19,104.68,106.48,113.59,113.82,110.42,110.26,111.02,110.90,111.71,112.28,112.50,112.31,112.31,112.96,115.17,115.17,116.24,115.54,115.01,115.01,114.07,114.72,115.79,115.79,115.79,115.79,115.79,116.18,117.17,118.88,119.36,119.58,119.19,120.06,120.06,116.81,115.35,116.33,115.65,115.94,113.33,113.33,113.33,113.33,113.33,111.64,110.79,111.64,111.64,111.64,111.64,112.33,112.83,112.83,113.05,113.05
Producto,0.006266801,07231254,"CAMBIO, ALINEACIÓN Y BALANCEO DE NEUMÁTICOS",97.76,97.76,97.83,98.14,98.49,98.06,97.96,97.25,97.13,98.12,97.17,97.31,98.14,99.18,98.92,99.66,98.20,100.29,100.57,100.99,100.28,100.13,99.15,98.85,99.94,100.78,101.21,99.19,99.28,98.39,98.26,99.51,99.27,98.71,99.93,98.72,97.87,98.08,97.30,97.64,97.04,95.61,96.66,98.07,98.12,97.95,97.35,97.76,97.88,98.19,98.26,97.42,97.84,97.72,97.08,97.19,97.59,97.12,96.71,96.62,97.11,96.94,96.51,96.64,97.44,97.64,97.69,97.10,96.90,96.71,96.21,96.65,96.99,96.47,97.10,96.91,97.52,97.50,97.51,97.03,96.91,96.27,96.28,96.78,97.23,97.75,97.50,98.53,98.37,97.37,99.29,100.32,100.23,99.97,100.04,100.09,100.18,99.89,99.90,100.67,100.67,100.73,100.46,100.13,100.09,99.55,100.84,100.84,99.48,102.19,102.00,103.89,103.68,102.72,102.30,102.08,100.95,101.40,101.19,101.72,100.48,101.25,101.75,102.23,102.69,100.76,101.58,100.26,98.90,98.47,98.65,98.57,101.78,103.58,103.08,101.13,101.82,104.05
Producto,0.000228533,07231255,INSPECCIÓN TÉCNICA,103.53,103.53,103.53,103.53,111.25,111.25,107.27,107.27,107.27,107.27,114.68,114.68,114.51,108.23,107.08,107.08,107.08,109.98,112.96,113.72,113.72,110.46,111.79,113.92,117.33,117.33,117.33,117.33,117.33,116.44,121.52,120.62,121.32,121.32,121.32,121.32,124.98,124.98,124.98,124.98,124.29,124.29,124.29,124.29,124.29,120.48,120.48,120.48,120.48,120.48,120.48,120.48,121.18,121.18,120.48,120.48,120.48,120.48,119.63,120.48,120.18,120.18,120.18,120.18,120.18,118.70,118.70,118.70,120.18,120.18,120.18,123.61,124.42,124.42,124.42,123.61,123.61,123.98,124.28,119.30,119.30,122.04,122.21,122.21,123.36,123.51,125.16,125.16,125.16,125.43,125.43,125.87,125.87,125.87,125.87,125.78,125.78,129.30,129.30,129.30,129.30,129.30,129.30,129.30,129.30,129.30,129.88,133.48,133.48,134.11,144.74,147.07,144.08,146.44,146.44,146.44,143.73,143.73,143.73,143.73,143.73,143.73,143.73,143.73,143.73,143.73,143.73,143.73,143.73,143.73,143.58,143.58,143.58,143.82,143.82,143.63,146.63,149.20
Clase,0.001450915,0724,Servicios de estacionamiento y peaje (S),99.06,99.06,99.09,98.84,98.84,98.94,99.12,99.12,99.36,99.87,99.87,99.87,98.62,98.66,98.66,98.66,98.66,98.66,98.66,98.58,98.58,98.58,98.58,98.61,98.27,98.27,98.58,98.52,98.88,98.95,98.53,98.71,98.71,98.71,98.71,98.71,99.26,99.15,99.14,99.14,98.78,98.78,98.78,98.78,98.94,98.94,98.94,98.30,98.30,98.40,98.40,97.71,97.68,97.68,97.68,97.61,97.58,97.77,97.77,97.77,97.77,97.77,98.12,98.12,98.12,98.12,94.59,94.59,94.43,94.11,92.56,92.56,92.56,92.56,92.23,92.23,90.24,90.24,90.97,90.80,90.45,90.12,89.82,90.53,90.48,90.53,91.29,91.29,91.52,91.45,91.48,91.45,91.45,91.48,91.45,90.77,94.20,94.16,94.16,94.16,94.11,94.11,94.15,94.15,94.15,94.15,94.15,94.15,94.11,94.19,94.19,92.68,92.73,92.61,92.61,92.61,92.65,92.69,92.69,92.69,92.69,92.69,92.65,92.65,92.65,92.65,92.65,92.52,92.56,93.24,93.48,93.48,93.66,93.70,93.70,93.66,93.75,93.75
Subclase,0.001450915,07241,Servicios de estacionamiento y peaje,99.06,99.06,99.09,98.84,98.84,98.94,99.12,99.12,99.36,99.87,99.87,99.87,98.62,98.66,98.66,98.66,98.66,98.66,98.66,98.58,98.58,98.58,98.58,98.61,98.27,98.27,98.58,98.52,98.88,98.95,98.53,98.71,98.71,98.71,98.71,98.71,99.26,99.15,99.14,99.14,98.78,98.78,98.78,98.78,98.94,98.94,98.94,98.30,98.30,98.40,98.40,97.71,97.68,97.68,97.68,97.61,97.58,97.77,97.77,97.77,97.77,97.77,98.12,98.12,98.12,98.12,94.59,94.59,94.43,94.11,92.56,92.56,92.56,92.56,92.23,92.23,90.24,90.24,90.97,90.80,90.45,90.12,89.82,90.53,90.48,90.53,91.29,91.29,91.52,91.45,91.48,91.45,91.45,91.48,91.45,90.77,94.20,94.16,94.16,94.16,94.11,94.11,94.15,94.15,94.15,94.15,94.15,94.15,94.11,94.19,94.19,92.68,92.73,92.61,92.61,92.61,92.65,92.69,92.69,92.69,92.69,92.69,92.65,92.65,92.65,92.65,92.65,92.52,92.56,93.24,93.48,93.48,93.66,93.70,93.70,93.66,93.75,93.75
Producto,0.000601777,07241256,ESTACIONAMIENTO,98.88,98.88,98.95,98.95,98.95,99.19,99.58,99.58,99.58,101.12,101.12,101.12,98.25,98.25,98.25,98.25,98.25,98.25,98.25,98.25,98.25,98.25,98.25,98.25,97.45,97.45,98.25,98.00,98.82,99.08,98.82,99.24,99.24,99.24,99.24,99.24,99.53,99.27,99.53,99.53,99.53,99.53,99.53,99.53,99.89,99.89,99.89,98.42,98.42,98.66,98.66,98.66,98.66,98.66,98.66,98.66,98.66,98.66,98.66,98.66,98.66,98.66,99.47,99.47,99.47,99.47,96.26,96.26,96.26,96.26,96.26,96.26,96.26,96.26,96.26,96.26,91.99,91.99,91.99,91.99,91.19,92.07,92.07,93.63,93.43,93.43,93.36,93.36,93.66,93.36,93.43,93.43,93.43,93.43,93.43,91.87,99.64,99.64,99.64,99.64,99.64,99.64,100.02,100.02,100.02,100.02,100.02,100.02,100.02,100.02,100.02,92.87,92.87,92.87,92.97,92.97,92.97,92.97,92.97,92.97,92.97,92.97,92.97,92.97,92.97,92.97,92.97,92.97,92.97,92.97,92.97,92.97,92.97,92.97,92.97,92.97,93.16,93.16
Producto,0.000499734,07241257,PEAJE,98.06,98.06,98.06,98.06,98.06,98.06,98.06,98.06,98.06,98.06,98.06,98.06,98.06,98.06,98.06,98.06,98.06,98.06,98.06,98.06,98.06,98.06,98.06,98.06,98.06,98.06,98.06,98.06,98.06,98.06,98.06,98.06,98.06,98.06,98.06,98.06,98.06,98.06,98.06,98.06,98.06,98.06,98.06,98.06,98.06,98.06,98.06,98.06,98.06,98.06,98.06,98.06,98.06,98.06,98.06,98.06,98.06,98.06,98.06,98.06,98.06,98.06,98.06,98.06,98.06,98.06,92.58,92.58,92.58,92.58,92.58,92.58,92.58,92.58,92.58,92.58,92.58,92.58,92.58,92.58,92.58,92.58,92.58,92.58,92.58,92.58,92.58,92.58,92.58,92.58,92.58,92.58,92.58,92.58,92.58,92.58,92.58,92.58,92.58,92.58,92.58,92.58,92.58,92.58,92.58,92.58,92.58,92.58,92.58,92.58,92.58,98.06,98.06,98.06,98.06,98.06,98.06,98.06,98.06,98.06,98.06,98.06,98.06,98.06,98.06,98.06,98.06,98.06,98.06,98.06,98.06,98.06,98.06,98.06,98.06,98.06,98.06,98.06
Producto,0.000349403,07241258,SERVICIO DE WINCHA,101.70,101.70,101.70,100.31,100.31,100.31,100.31,100.31,101.70,100.78,100.78,100.78,100.78,100.98,100.98,100.98,100.98,100.98,100.98,100.56,100.56,100.56,100.56,100.74,100.74,100.74,100.57,100.84,100.84,100.60,98.86,98.86,98.86,98.86,98.86,98.86,101.25,101.25,100.56,100.56,98.54,98.54,98.54,98.54,98.54,98.54,98.54,98.54,98.54,98.54,98.54,94.59,94.41,94.41,94.41,94.01,93.84,94.92,94.92,94.92,94.92,94.92,94.92,94.92,94.92,94.92,94.92,94.92,94.06,92.20,83.45,83.45,83.45,83.45,81.53,81.53,80.78,80.78,84.91,83.95,83.95,79.91,78.17,78.37,78.58,78.90,83.33,83.33,83.89,84.26,84.26,84.08,84.08,84.26,84.08,84.08,84.40,84.21,84.21,84.21,83.89,83.89,83.17,83.17,83.17,83.17,83.17,83.17,82.99,83.43,83.43,80.30,80.62,79.91,79.70,79.70,79.89,80.10,80.10,80.10,80.10,80.10,79.91,79.91,79.91,79.91,79.91,79.18,79.37,83.24,84.60,84.60,85.63,85.84,85.84,85.64,85.64,85.64
Grupo,0.051465679,073,Servicios de transporte,96.26,96.53,96.43,104.95,105.80,107.72,107.35,108.53,108.74,108.75,109.24,109.88,109.46,108.96,109.00,108.83,109.65,109.74,109.80,109.44,109.37,108.98,108.79,109.06,109.05,109.41,108.98,109.42,109.77,109.35,109.63,109.55,109.92,109.95,110.44,110.28,109.59,109.79,109.65,109.37,109.49,109.17,110.52,111.78,109.61,110.36,110.27,111.02,111.18,110.08,109.28,110.31,110.43,110.53,110.64,110.73,110.66,113.89,110.62,111.12,110.55,110.86,109.70,111.86,111.86,111.23,105.94,106.02,111.76,112.38,113.22,112.05,112.45,111.32,111.59,112.62,114.18,113.77,113.90,114.02,112.79,114.07,120.01,119.76,119.12,120.01,119.53,120.08,120.68,120.85,121.12,120.35,122.36,124.98,124.52,125.13,124.04,124.96,124.63,124.20,124.28,123.45,124.32,123.41,122.89,123.80,123.18,125.28,123.04,123.18,124.48,124.20,124.61,124.28,126.27,125.52,125.01,125.13,124.34,128.62,123.75,124.39,125.76,125.90,125.34,125.43,125.79,126.82,126.84,126.42,126.92,129.45,125.88,125.45,125.84,128.21,127.14,128.40
Clase,0.046919028,0732,Transporte de pasajeros por carretera (S),98.24,98.24,98.24,107.79,108.73,110.82,110.82,111.58,112.05,112.12,112.12,112.12,112.12,112.12,112.12,112.12,112.12,112.12,112.12,112.12,112.38,112.38,112.38,112.38,112.38,112.38,112.38,112.38,112.38,112.38,112.38,112.38,112.73,112.73,112.74,112.74,112.82,112.82,112.82,112.95,112.95,112.95,112.95,113.79,113.93,113.95,113.96,113.96,113.96,113.96,113.96,113.96,113.96,113.96,113.96,113.96,114.16,118.27,114.19,114.19,114.19,114.21,114.21,114.21,114.21,108.68,107.67,107.67,113.58,114.26,114.26,114.26,114.26,114.26,114.26,114.26,116.75,116.52,116.53,116.53,116.51,116.97,123.20,123.20,123.20,123.21,123.25,123.25,123.32,123.32,123.32,123.32,125.86,128.29,128.29,128.31,128.31,128.31,128.31,128.31,128.31,128.30,128.30,128.30,128.57,128.57,128.57,128.57,128.57,128.56,128.56,128.52,128.52,128.52,128.52,128.52,128.75,128.75,128.76,128.76,128.76,128.76,128.76,128.76,128.76,128.76,128.76,128.81,128.98,129.14,129.14,129.14,129.14,129.14,129.14,129.14,129.14,129.14
Subclase,0.046919028,07321,Transporte de pasajeros por carretera,98.24,98.24,98.24,107.79,108.73,110.82,110.82,111.58,112.05,112.12,112.12,112.12,112.12,112.12,112.12,112.12,112.12,112.12,112.12,112.12,112.38,112.38,112.38,112.38,112.38,112.38,112.38,112.38,112.38,112.38,112.38,112.38,112.73,112.73,112.74,112.74,112.82,112.82,112.82,112.95,112.95,112.95,112.95,113.79,113.93,113.95,113.96,113.96,113.96,113.96,113.96,113.96,113.96,113.96,113.96,113.96,114.16,118.27,114.19,114.19,114.19,114.21,114.21,114.21,114.21,108.68,107.67,107.67,113.58,114.26,114.26,114.26,114.26,114.26,114.26,114.26,116.75,116.52,116.53,116.53,116.51,116.97,123.20,123.20,123.20,123.21,123.25,123.25,123.32,123.32,123.32,123.32,125.86,128.29,128.29,128.31,128.31,128.31,128.31,128.31,128.31,128.30,128.30,128.30,128.57,128.57,128.57,128.57,128.57,128.56,128.56,128.52,128.52,128.52,128.52,128.52,128.75,128.75,128.76,128.76,128.76,128.76,128.76,128.76,128.76,128.76,128.76,128.81,128.98,129.14,129.14,129.14,129.14,129.14,129.14,129.14,129.14,129.14
Producto,0.022020175,07321259,TRANSPORTE URBANO,98.60,98.60,98.60,100.78,100.78,102.91,102.91,102.91,102.91,102.91,102.91,102.91,102.91,102.91,102.91,102.91,102.91,102.91,102.91,102.91,102.91,102.91,102.91,102.91,102.91,102.91,102.91,102.91,102.91,102.91,102.91,102.91,102.91,102.91,102.91,102.91,102.91,102.91,102.91,102.91,102.91,102.91,102.91,104.61,104.61,104.61,104.61,104.61,104.61,104.61,104.61,104.61,104.61,104.61,104.61,104.61,104.61,112.92,104.61,104.61,104.61,104.61,104.61,104.61,104.61,104.61,104.61,104.61,104.61,104.61,104.61,104.61,104.61,104.61,104.61,104.61,104.61,104.61,104.61,104.61,104.61,104.61,117.17,117.17,117.17,117.17,117.17,117.17,117.17,117.17,117.17,117.17,121.85,126.80,126.80,126.80,126.80,126.80,126.80,126.80,126.80,126.80,126.80,126.80,126.80,126.80,126.80,126.80,126.80,126.80,126.80,126.80,126.80,126.80,126.80,126.80,126.80,126.80,126.80,126.80,126.80,126.80,126.80,126.80,126.80,126.80,126.80,126.80,126.80,126.80,126.80,126.80,126.80,126.80,126.80,126.80,126.80,126.80
Producto,0.012209546,07321260,TAXI URBANO,97.07,97.07,97.07,124.51,123.92,127.00,127.00,130.26,130.26,130.26,130.26,130.26,130.26,130.26,130.26,130.26,130.26,130.26,130.26,130.26,130.26,130.26,130.26,130.26,130.26,130.26,130.26,130.26,130.26,130.26,130.26,130.26,130.26,130.26,130.26,130.26,130.26,130.26,130.26,130.26,130.26,130.26,130.26,130.26,130.26,130.26,130.26,130.26,130.26,130.26,130.26,130.26,130.26,130.26,130.26,130.26,130.26,130.26,130.26,130.26,130.26,130.26,130.26,130.26,130.26,108.01,103.96,103.96,127.49,130.26,130.26,130.26,130.26,130.26,130.26,130.26,130.26,130.26,130.26,130.26,130.26,130.26,130.26,130.26,130.26,130.26,130.26,130.26,130.26,130.26,130.26,130.26,130.26,130.26,130.26,130.26,130.26,130.26,130.26,130.26,130.26,130.26,130.26,130.26,130.26,130.26,130.26,130.26,130.26,130.26,130.26,130.26,130.26,130.26,130.26,130.26,130.26,130.26,130.26,130.26,130.26,130.26,130.26,130.26,130.26,130.26,130.26,130.26,130.26,130.26,130.26,130.26,130.26,130.26,130.26,130.26,130.26,130.26
Producto,0.007498239,07321261,TRANSPORTE INTERURBANO,98.48,98.48,98.48,110.61,118.53,120.56,120.56,120.18,120.15,120.29,120.29,120.29,120.29,120.29,120.29,120.29,120.29,120.29,120.29,120.29,120.50,120.50,120.50,120.50,120.50,120.50,120.50,120.50,120.50,120.50,120.50,120.50,120.50,120.50,120.50,120.50,121.03,121.03,121.03,122.01,122.01,122.01,122.01,122.01,121.93,122.08,122.16,122.16,122.16,122.16,122.16,122.16,122.16,122.16,122.16,122.16,122.16,122.31,122.31,122.31,122.31,122.50,122.50,122.50,122.50,122.50,122.50,122.50,122.89,122.89,122.89,122.89,122.89,122.89,122.89,122.89,141.09,139.46,139.53,139.53,139.53,140.00,139.43,139.43,139.43,139.51,139.82,139.82,140.27,140.27,140.27,140.27,140.32,140.32,140.32,140.41,140.41,140.41,140.41,140.41,140.41,140.37,140.37,140.37,140.37,140.37,140.37,140.37,140.37,140.36,140.36,140.04,140.04,140.04,140.04,140.04,140.19,140.19,140.26,140.26,140.26,140.26,140.26,140.26,140.26,140.26,140.26,140.60,140.60,141.77,141.77,141.77,141.77,141.77,141.77,141.77,141.77,141.77
Producto,0.005191068,07321262,TRANSPORTE ESCOLAR,98.92,98.92,98.92,98.92,98.92,98.92,98.92,98.92,102.79,103.19,103.19,103.19,103.19,103.19,103.19,103.19,103.19,103.19,103.19,103.19,105.15,105.15,105.15,105.15,105.15,105.15,105.15,105.15,105.15,105.15,105.15,105.15,107.98,107.98,108.08,108.08,108.08,108.08,108.08,108.08,108.08,108.08,108.08,108.08,109.32,109.32,109.32,109.32,109.32,109.32,109.32,109.32,109.32,109.32,109.32,109.32,110.90,110.98,110.98,110.98,110.98,110.98,110.98,110.98,110.98,110.98,110.98,110.98,110.98,110.98,110.98,110.98,110.98,110.98,110.98,110.98,110.98,110.98,110.98,110.98,110.81,113.99,115.05,115.05,115.05,115.05,115.05,115.05,115.05,115.05,115.05,115.05,116.94,116.94,116.94,116.94,116.94,116.94,116.94,116.94,116.94,116.94,116.94,116.94,119.12,119.12,119.12,119.12,119.12,119.12,119.12,119.12,119.12,119.12,119.12,119.12,120.83,120.83,120.83,120.83,120.83,120.83,120.83,120.83,120.83,120.83,120.83,120.83,122.27,122.27,122.27,122.27,122.27,122.27,122.27,122.27,122.27,122.27
Clase,0.004546651,0733,Transporte de pasajeros por aire (S),80.96,83.36,82.45,83.09,83.26,83.88,80.67,85.10,83.24,82.85,87.12,92.66,89.05,84.67,85.02,83.56,90.65,91.45,92.01,88.80,86.17,82.78,81.13,83.45,83.35,86.52,82.73,86.57,89.61,86.02,88.43,87.72,88.26,88.57,92.71,91.30,84.72,86.50,85.23,81.79,82.88,80.09,91.82,96.31,76.32,82.70,81.81,88.36,89.73,80.20,73.27,82.20,83.23,84.09,85.09,85.85,83.72,80.16,83.13,87.50,82.51,85.04,74.98,93.80,93.80,130.85,92.66,93.31,97.73,97.89,105.14,95.01,98.50,88.62,90.97,99.98,94.42,92.55,93.64,94.70,84.09,91.73,95.43,93.23,87.74,95.38,90.90,95.67,100.41,101.88,104.21,97.49,95.42,99.44,95.48,100.68,91.18,99.18,96.33,92.59,93.27,86.09,93.72,85.80,79.20,87.12,81.70,99.99,80.48,81.73,93.07,90.94,94.48,91.58,108.95,102.37,96.21,97.22,90.27,127.53,85.12,90.71,102.64,103.88,98.98,99.77,102.92,111.52,110.30,105.48,109.82,131.85,100.78,97.00,100.43,121.02,111.70,122.70
Subclase,0.004546651,07331,Transporte de pasajeros por aire,80.96,83.36,82.45,83.09,83.26,83.88,80.67,85.10,83.24,82.85,87.12,92.66,89.05,84.67,85.02,83.56,90.65,91.45,92.01,88.80,86.17,82.78,81.13,83.45,83.35,86.52,82.73,86.57,89.61,86.02,88.43,87.72,88.26,88.57,92.71,91.30,84.72,86.50,85.23,81.79,82.88,80.09,91.82,96.31,76.32,82.70,81.81,88.36,89.73,80.20,73.27,82.20,83.23,84.09,85.09,85.85,83.72,80.16,83.13,87.50,82.51,85.04,74.98,93.80,93.80,130.85,92.66,93.31,97.73,97.89,105.14,95.01,98.50,88.62,90.97,99.98,94.42,92.55,93.64,94.70,84.09,91.73,95.43,93.23,87.74,95.38,90.90,95.67,100.41,101.88,104.21,97.49,95.42,99.44,95.48,100.68,91.18,99.18,96.33,92.59,93.27,86.09,93.72,85.80,79.20,87.12,81.70,99.99,80.48,81.73,93.07,90.94,94.48,91.58,108.95,102.37,96.21,97.22,90.27,127.53,85.12,90.71,102.64,103.88,98.98,99.77,102.92,111.52,110.30,105.48,109.82,131.85,100.78,97.00,100.43,121.02,111.70,122.70
Producto,0.004546651,07331263,VIAJE EN AVIÓN,80.96,83.36,82.45,83.09,83.26,83.88,80.67,85.10,83.24,82.85,87.12,92.66,89.05,84.67,85.02,83.56,90.65,91.45,92.01,88.80,86.17,82.78,81.13,83.45,83.35,86.52,82.73,86.57,89.61,86.02,88.43,87.72,88.26,88.57,92.71,91.30,84.72,86.50,85.23,81.79,82.88,80.09,91.82,96.31,76.32,82.70,81.81,88.36,89.73,80.20,73.27,82.20,83.23,84.09,85.09,85.85,83.72,80.16,83.13,87.50,82.51,85.04,74.98,93.80,93.80,130.85,92.66,93.31,97.73,97.89,105.14,95.01,98.50,88.62,90.97,99.98,94.42,92.55,93.64,94.70,84.09,91.73,95.43,93.23,87.74,95.38,90.90,95.67,100.41,101.88,104.21,97.49,95.42,99.44,95.48,100.68,91.18,99.18,96.33,92.59,93.27,86.09,93.72,85.80,79.20,87.12,81.70,99.99,80.48,81.73,93.07,90.94,94.48,91.58,108.95,102.37,96.21,97.22,90.27,127.53,85.12,90.71,102.64,103.88,98.98,99.77,102.92,111.52,110.30,105.48,109.82,131.85,100.78,97.00,100.43,121.02,111.70,122.70
División,0.047417885,08,Comunicaciones,95.41,95.27,94.96,94.48,94.52,95.12,94.59,94.53,94.71,94.48,94.50,94.46,94.37,94.01,94.02,93.96,93.95,94.13,94.12,94.00,93.98,93.63,93.19,93.11,93.34,93.32,93.34,93.20,95.98,94.81,94.23,94.20,94.38,95.15,95.03,94.87,95.02,95.05,95.05,94.82,94.81,94.82,94.80,94.77,97.51,94.68,94.70,94.63,94.56,94.30,94.32,94.25,94.22,94.50,94.33,94.47,94.51,94.52,94.48,94.40,94.72,96.28,96.26,96.19,96.33,96.27,96.19,96.17,96.16,96.21,96.24,96.23,96.24,96.04,96.06,96.10,96.02,96.01,96.02,96.02,96.02,95.94,95.71,94.19,94.34,94.43,94.48,94.57,94.53,94.42,94.93,94.97,95.06,95.02,94.83,94.58,94.55,94.46,94.42,94.51,94.42,94.59,94.65,94.48,94.46,94.07,94.05,94.03,94.01,94.10,94.00,96.22,96.34,96.32,96.13,95.73,95.58,95.81,95.76,95.80,95.49,95.40,95.40,95.37,95.29,95.36,95.34,96.44,96.50,96.49,96.33,96.29,97.53,97.18,97.81,97.93,97.96,97.96
Grupo,0.000194447,081,Servicios postales,101.78,101.78,101.78,104.53,104.53,104.53,104.53,104.53,104.53,104.53,104.53,104.53,103.64,101.89,101.88,103.46,103.46,102.69,102.69,102.69,103.41,103.41,103.41,103.41,102.78,102.16,102.26,101.11,101.11,100.42,100.42,99.56,99.56,102.33,102.33,102.33,102.64,103.38,103.38,103.38,103.38,103.38,103.38,103.38,103.38,103.48,103.85,104.34,104.34,104.48,104.48,104.48,104.48,104.48,104.48,104.48,104.44,104.44,104.44,104.52,104.69,104.89,105.60,105.60,105.60,105.57,105.57,105.57,105.57,105.63,105.63,105.63,105.86,105.86,105.86,105.86,105.37,105.37,105.86,105.86,105.86,104.61,105.87,106.45,105.99,107.28,107.07,107.07,107.36,109.10,108.58,109.38,109.38,108.18,108.58,108.58,110.20,111.88,112.52,112.77,112.77,112.77,112.77,112.40,112.40,112.40,112.40,112.40,113.15,113.15,113.15,117.80,118.99,118.52,118.52,118.90,118.90,118.90,118.36,118.36,118.36,118.25,118.25,118.31,118.31,119.00,119.00,118.62,118.78,118.53,118.53,118.71,120.97,120.97,120.97,120.96,122.08,121.75
Clase,0.000194447,0810,Servicios postales (S),101.78,101.78,101.78,104.53,104.53,104.53,104.53,104.53,104.53,104.53,104.53,104.53,103.64,101.89,101.88,103.46,103.46,102.69,102.69,102.69,103.41,103.41,103.41,103.41,102.78,102.16,102.26,101.11,101.11,100.42,100.42,99.56,99.56,102.33,102.33,102.33,102.64,103.38,103.38,103.38,103.38,103.38,103.38,103.38,103.38,103.48,103.85,104.34,104.34,104.48,104.48,104.48,104.48,104.48,104.48,104.48,104.44,104.44,104.44,104.52,104.69,104.89,105.60,105.60,105.60,105.57,105.57,105.57,105.57,105.63,105.63,105.63,105.86,105.86,105.86,105.86,105.37,105.37,105.86,105.86,105.86,104.61,105.87,106.45,105.99,107.28,107.07,107.07,107.36,109.10,108.58,109.38,109.38,108.18,108.58,108.58,110.20,111.88,112.52,112.77,112.77,112.77,112.77,112.40,112.40,112.40,112.40,112.40,113.15,113.15,113.15,117.80,118.99,118.52,118.52,118.90,118.90,118.90,118.36,118.36,118.36,118.25,118.25,118.31,118.31,119.00,119.00,118.62,118.78,118.53,118.53,118.71,120.97,120.97,120.97,120.96,122.08,121.75
Subclase,0.000194447,08101,Servicios postales,101.78,101.78,101.78,104.53,104.53,104.53,104.53,104.53,104.53,104.53,104.53,104.53,103.64,101.89,101.88,103.46,103.46,102.69,102.69,102.69,103.41,103.41,103.41,103.41,102.78,102.16,102.26,101.11,101.11,100.42,100.42,99.56,99.56,102.33,102.33,102.33,102.64,103.38,103.38,103.38,103.38,103.38,103.38,103.38,103.38,103.48,103.85,104.34,104.34,104.48,104.48,104.48,104.48,104.48,104.48,104.48,104.44,104.44,104.44,104.52,104.69,104.89,105.60,105.60,105.60,105.57,105.57,105.57,105.57,105.63,105.63,105.63,105.86,105.86,105.86,105.86,105.37,105.37,105.86,105.86,105.86,104.61,105.87,106.45,105.99,107.28,107.07,107.07,107.36,109.10,108.58,109.38,109.38,108.18,108.58,108.58,110.20,111.88,112.52,112.77,112.77,112.77,112.77,112.40,112.40,112.40,112.40,112.40,113.15,113.15,113.15,117.80,118.99,118.52,118.52,118.90,118.90,118.90,118.36,118.36,118.36,118.25,118.25,118.31,118.31,119.00,119.00,118.62,118.78,118.53,118.53,118.71,120.97,120.97,120.97,120.96,122.08,121.75
Producto,0.000194447,08101264,ENVÍO DE PAQUETE,101.78,101.78,101.78,104.53,104.53,104.53,104.53,104.53,104.53,104.53,104.53,104.53,103.64,101.89,101.88,103.46,103.46,102.69,102.69,102.69,103.41,103.41,103.41,103.41,102.78,102.16,102.26,101.11,101.11,100.42,100.42,99.56,99.56,102.33,102.33,102.33,102.64,103.38,103.38,103.38,103.38,103.38,103.38,103.38,103.38,103.48,103.85,104.34,104.34,104.48,104.48,104.48,104.48,104.48,104.48,104.48,104.44,104.44,104.44,104.52,104.69,104.89,105.60,105.60,105.60,105.57,105.57,105.57,105.57,105.63,105.63,105.63,105.86,105.86,105.86,105.86,105.37,105.37,105.86,105.86,105.86,104.61,105.87,106.45,105.99,107.28,107.07,107.07,107.36,109.10,108.58,109.38,109.38,108.18,108.58,108.58,110.20,111.88,112.52,112.77,112.77,112.77,112.77,112.40,112.40,112.40,112.40,112.40,113.15,113.15,113.15,117.80,118.99,118.52,118.52,118.90,118.90,118.90,118.36,118.36,118.36,118.25,118.25,118.31,118.31,119.00,119.00,118.62,118.78,118.53,118.53,118.71,120.97,120.97,120.97,120.96,122.08,121.75
Grupo,0.003895254,082,Equipo telefónico y de facsímile,92.20,90.65,87.29,85.12,85.12,85.06,79.25,79.19,78.78,76.68,75.47,74.98,74.79,70.42,70.44,69.77,69.62,67.04,65.73,64.44,64.17,63.91,62.93,62.14,61.94,62.10,61.93,60.44,60.65,59.00,55.20,54.98,53.63,55.97,54.71,53.21,54.30,54.46,54.41,51.98,51.90,51.85,51.35,51.06,51.61,50.54,50.64,50.01,48.65,46.49,46.21,45.97,45.32,45.32,43.75,45.29,44.88,44.56,44.15,43.20,43.24,43.40,43.18,42.37,43.29,42.63,41.87,41.62,41.56,41.39,41.24,41.08,41.10,40.89,40.80,40.44,40.18,40.10,40.08,40.06,40.05,38.94,38.81,38.77,39.15,39.08,39.02,38.95,38.12,37.95,36.94,37.30,36.89,37.12,36.70,36.47,36.21,36.38,36.19,36.05,36.02,35.56,35.23,34.00,33.84,33.48,33.20,33.06,32.87,31.82,31.85,32.60,32.67,32.58,31.84,31.52,28.87,28.59,28.38,28.30,28.30,27.19,27.15,26.88,26.90,26.71,26.58,26.55,26.39,26.36,26.16,25.64,25.50,25.63,25.91,26.37,26.62,26.64
Clase,0.003895254,0820,Equipo telefónico y de facsímile (D),92.20,90.65,87.29,85.12,85.12,85.06,79.25,79.19,78.78,76.68,75.47,74.98,74.79,70.42,70.44,69.77,69.62,67.04,65.73,64.44,64.17,63.91,62.93,62.14,61.94,62.10,61.93,60.44,60.65,59.00,55.20,54.98,53.63,55.97,54.71,53.21,54.30,54.46,54.41,51.98,51.90,51.85,51.35,51.06,51.61,50.54,50.64,50.01,48.65,46.49,46.21,45.97,45.32,45.32,43.75,45.29,44.88,44.56,44.15,43.20,43.24,43.40,43.18,42.37,43.29,42.63,41.87,41.62,41.56,41.39,41.24,41.08,41.10,40.89,40.80,40.44,40.18,40.10,40.08,40.06,40.05,38.94,38.81,38.77,39.15,39.08,39.02,38.95,38.12,37.95,36.94,37.30,36.89,37.12,36.70,36.47,36.21,36.38,36.19,36.05,36.02,35.56,35.23,34.00,33.84,33.48,33.20,33.06,32.87,31.82,31.85,32.60,32.67,32.58,31.84,31.52,28.87,28.59,28.38,28.30,28.30,27.19,27.15,26.88,26.90,26.71,26.58,26.55,26.39,26.36,26.16,25.64,25.50,25.63,25.91,26.37,26.62,26.64
Subclase,0.003895254,08201,Equipo telefónico y de facsímile,92.20,90.65,87.29,85.12,85.12,85.06,79.25,79.19,78.78,76.68,75.47,74.98,74.79,70.42,70.44,69.77,69.62,67.04,65.73,64.44,64.17,63.91,62.93,62.14,61.94,62.10,61.93,60.44,60.65,59.00,55.20,54.98,53.63,55.97,54.71,53.21,54.30,54.46,54.41,51.98,51.90,51.85,51.35,51.06,51.61,50.54,50.64,50.01,48.65,46.49,46.21,45.97,45.32,45.32,43.75,45.29,44.88,44.56,44.15,43.20,43.24,43.40,43.18,42.37,43.29,42.63,41.87,41.62,41.56,41.39,41.24,41.08,41.10,40.89,40.80,40.44,40.18,40.10,40.08,40.06,40.05,38.94,38.81,38.77,39.15,39.08,39.02,38.95,38.12,37.95,36.94,37.30,36.89,37.12,36.70,36.47,36.21,36.38,36.19,36.05,36.02,35.56,35.23,34.00,33.84,33.48,33.20,33.06,32.87,31.82,31.85,32.60,32.67,32.58,31.84,31.52,28.87,28.59,28.38,28.30,28.30,27.19,27.15,26.88,26.90,26.71,26.58,26.55,26.39,26.36,26.16,25.64,25.50,25.63,25.91,26.37,26.62,26.64
Producto,0.003895254,08201265,TELÉFONO CELULAR,92.20,90.65,87.29,85.12,85.12,85.06,79.25,79.19,78.78,76.68,75.47,74.98,74.79,70.42,70.44,69.77,69.62,67.04,65.73,64.44,64.17,63.91,62.93,62.14,61.94,62.10,61.93,60.44,60.65,59.00,55.20,54.98,53.63,55.97,54.71,53.21,54.30,54.46,54.41,51.98,51.90,51.85,51.35,51.06,51.61,50.54,50.64,50.01,48.65,46.49,46.21,45.97,45.32,45.32,43.75,45.29,44.88,44.56,44.15,43.20,43.24,43.40,43.18,42.37,43.29,42.63,41.87,41.62,41.56,41.39,41.24,41.08,41.10,40.89,40.80,40.44,40.18,40.10,40.08,40.06,40.05,38.94,38.81,38.77,39.15,39.08,39.02,38.95,38.12,37.95,36.94,37.30,36.89,37.12,36.70,36.47,36.21,36.38,36.19,36.05,36.02,35.56,35.23,34.00,33.84,33.48,33.20,33.06,32.87,31.82,31.85,32.60,32.67,32.58,31.84,31.52,28.87,28.59,28.38,28.30,28.30,27.19,27.15,26.88,26.90,26.71,26.58,26.55,26.39,26.36,26.16,25.64,25.50,25.63,25.91,26.37,26.62,26.64
Grupo,0.043328184,083,Servicios telefónicos y de facsímile,95.71,95.71,95.73,95.41,95.46,96.14,96.17,96.10,96.35,96.31,96.47,96.48,96.40,96.48,96.49,96.49,96.49,96.97,97.10,97.10,97.11,96.74,96.36,96.36,96.63,96.60,96.64,96.65,99.73,98.61,98.36,98.36,98.71,99.30,99.30,99.28,99.32,99.34,99.34,99.34,99.34,99.36,99.39,99.39,102.38,99.35,99.35,99.33,99.41,99.34,99.40,99.35,99.38,99.69,99.67,99.67,99.75,99.79,99.79,99.81,100.16,101.88,101.88,101.88,101.94,101.94,101.94,101.94,101.94,102.01,102.06,102.07,102.07,101.87,101.91,101.99,101.93,101.93,101.94,101.94,101.94,101.98,101.72,100.04,100.17,100.26,100.33,100.44,100.48,100.36,101.04,101.04,101.18,101.12,100.96,100.70,100.68,100.56,100.52,100.64,100.54,100.79,100.89,100.82,100.82,100.43,100.43,100.43,100.42,100.63,100.51,102.87,103.00,102.99,102.85,102.45,102.55,102.84,102.82,102.87,102.53,102.54,102.54,102.54,102.45,102.54,102.53,103.77,103.85,103.85,103.68,103.70,105.08,104.67,105.35,105.42,105.43,105.42
Clase,0.043328184,0830,Servicios telefónicos y de facsímile (S),95.71,95.71,95.73,95.41,95.46,96.14,96.17,96.10,96.35,96.31,96.47,96.48,96.40,96.48,96.49,96.49,96.49,96.97,97.10,97.10,97.11,96.74,96.36,96.36,96.63,96.60,96.64,96.65,99.73,98.61,98.36,98.36,98.71,99.30,99.30,99.28,99.32,99.34,99.34,99.34,99.34,99.36,99.39,99.39,102.38,99.35,99.35,99.33,99.41,99.34,99.40,99.35,99.38,99.69,99.67,99.67,99.75,99.79,99.79,99.81,100.16,101.88,101.88,101.88,101.94,101.94,101.94,101.94,101.94,102.01,102.06,102.07,102.07,101.87,101.91,101.99,101.93,101.93,101.94,101.94,101.94,101.98,101.72,100.04,100.17,100.26,100.33,100.44,100.48,100.36,101.04,101.04,101.18,101.12,100.96,100.70,100.68,100.56,100.52,100.64,100.54,100.79,100.89,100.82,100.82,100.43,100.43,100.43,100.42,100.63,100.51,102.87,103.00,102.99,102.85,102.45,102.55,102.84,102.82,102.87,102.53,102.54,102.54,102.54,102.45,102.54,102.53,103.77,103.85,103.85,103.68,103.70,105.08,104.67,105.35,105.42,105.43,105.42
Subclase,0.028372936,08301,Servicios telefónicos,95.35,95.35,95.92,95.54,95.54,96.55,96.55,96.54,96.68,96.62,96.62,96.62,96.62,96.75,96.75,96.75,96.75,97.99,98.16,98.16,98.16,97.57,97.56,97.56,97.56,97.57,97.63,97.64,102.59,101.16,101.09,101.09,101.12,101.12,101.12,101.12,101.12,101.13,101.13,101.13,101.13,101.14,101.14,101.14,105.93,101.14,101.14,101.14,101.14,101.04,101.04,101.04,101.04,101.04,101.02,101.02,101.24,101.98,101.98,102.00,102.56,105.06,105.06,105.06,105.16,105.16,105.15,105.15,105.15,104.84,104.84,104.84,104.84,104.53,104.53,104.53,104.53,104.53,104.54,104.56,104.56,104.62,104.62,102.06,101.83,102.01,102.12,102.30,102.30,102.30,102.30,102.30,102.19,102.19,102.19,102.19,102.19,101.99,102.04,102.17,102.17,102.56,102.56,102.61,102.61,102.61,102.61,102.61,102.61,102.80,102.81,106.62,106.83,106.89,106.89,106.89,106.94,107.23,107.72,107.90,107.90,107.92,107.92,107.92,107.92,107.92,107.92,109.64,109.64,109.64,109.66,109.68,112.21,112.23,112.23,112.23,112.24,112.23
Producto,0.014233903,08301266,SERVICIO DE TELEFONÍA CELULAR,96.67,96.67,98.10,97.14,97.14,99.65,99.65,99.62,99.97,99.84,99.84,99.84,99.84,100.16,100.16,100.16,100.16,101.06,101.47,101.47,101.47,100.03,100.03,100.03,100.03,100.03,100.26,100.26,100.26,98.56,98.60,98.60,98.66,98.66,98.66,98.66,98.66,98.62,98.62,98.62,98.62,98.65,98.65,98.65,98.65,98.65,98.65,98.65,98.65,98.65,98.65,98.65,98.65,98.65,98.59,98.59,97.73,98.37,98.37,98.37,99.80,105.93,105.93,105.93,106.19,106.19,106.16,106.16,106.16,105.39,105.39,105.39,105.39,104.59,104.59,104.59,104.59,104.59,104.62,104.66,104.68,104.79,104.79,98.45,97.88,98.23,98.50,98.93,98.93,98.93,98.93,98.93,98.68,98.68,98.68,98.68,98.68,98.07,98.20,98.50,98.50,99.46,99.46,99.58,99.58,99.58,99.58,99.58,99.58,99.99,100.01,106.01,106.07,106.02,106.02,106.02,106.16,106.86,108.09,108.51,108.51,108.51,108.51,108.51,108.51,108.51,108.51,107.70,107.70,107.70,107.70,107.70,109.53,109.53,109.53,109.53,109.53,109.53
Producto,0.014139033,08301267,SERVICIO DE TELEFONÍA RESIDENCIAL,94.44,94.44,94.44,94.44,94.44,94.44,94.44,94.44,94.44,94.42,94.42,94.42,94.42,94.42,94.42,94.42,94.42,95.90,95.90,95.90,95.90,95.90,95.88,95.88,95.88,95.90,95.84,95.85,104.18,102.92,102.80,102.80,102.80,102.80,102.80,102.80,102.80,102.83,102.83,102.83,102.83,102.83,102.83,102.83,110.89,102.83,102.83,102.83,102.83,102.67,102.67,102.67,102.67,102.67,102.67,102.67,103.64,104.45,104.45,104.48,104.45,104.46,104.46,104.46,104.46,104.46,104.46,104.46,104.46,104.46,104.46,104.46,104.46,104.48,104.48,104.48,104.48,104.48,104.48,104.48,104.48,104.50,104.50,104.52,104.52,104.59,104.59,104.59,104.59,104.59,104.59,104.59,104.59,104.59,104.59,104.59,104.59,104.66,104.66,104.68,104.68,104.68,104.68,104.68,104.68,104.68,104.68,104.68,104.68,104.72,104.72,107.04,107.34,107.47,107.47,107.47,107.47,107.47,107.47,107.47,107.47,107.51,107.51,107.51,107.51,107.51,107.51,110.96,110.96,110.96,111.00,111.04,114.04,114.06,114.06,114.06,114.08,114.06
Subclase,0.014955248,08302,Servicios de alquiler de teléfono e internet,96.33,96.33,95.42,95.20,95.33,95.44,95.52,95.37,95.80,95.80,96.22,96.25,96.04,96.04,96.04,96.04,96.04,95.25,95.33,95.35,95.36,95.36,94.35,94.35,95.08,94.98,94.99,94.99,94.95,94.35,93.81,93.79,94.69,96.25,96.25,96.21,96.33,96.36,96.36,96.36,96.36,96.38,96.47,96.47,96.47,96.36,96.36,96.32,96.52,96.52,96.67,96.53,96.61,97.45,97.41,97.41,97.27,96.14,96.14,96.14,96.14,96.58,96.57,96.57,96.57,96.57,96.57,96.57,96.57,97.28,97.42,97.45,97.45,97.45,97.54,97.75,97.59,97.59,97.60,97.57,97.57,97.57,96.89,96.68,97.40,97.34,97.34,97.34,97.45,97.12,98.93,98.93,99.49,99.33,98.90,98.22,98.17,98.17,98.00,98.09,97.82,97.82,98.09,97.84,97.84,96.79,96.79,96.79,96.75,97.02,96.69,96.62,96.62,96.49,96.12,95.04,95.23,95.52,94.64,94.47,93.57,93.57,93.57,93.57,93.32,93.58,93.55,93.97,94.18,94.18,93.70,93.70,93.17,92.07,93.86,94.07,94.07,94.07
Producto,0.001101015,08302268,SERVICIO DE ALQUILER DE TELÉFONO,98.03,98.03,87.42,85.89,85.89,87.11,87.35,87.24,87.24,87.21,87.21,87.21,87.21,87.21,87.21,87.21,87.21,88.15,88.15,88.18,88.29,88.29,88.29,88.29,87.85,88.28,88.28,88.28,87.79,88.24,88.24,88.24,87.26,87.94,87.94,87.49,87.49,87.85,87.85,87.85,87.85,88.11,88.11,88.11,88.11,86.72,86.72,86.31,87.68,87.68,87.90,87.62,87.62,87.90,87.46,87.46,87.18,86.25,86.25,86.25,86.25,86.25,86.25,86.25,86.25,86.25,86.25,86.25,86.25,88.21,88.21,88.51,88.51,88.51,88.23,88.23,88.23,88.23,88.23,88.23,88.23,87.74,87.66,87.54,87.58,88.06,88.06,88.06,88.08,88.23,88.05,88.05,88.20,90.05,90.05,90.05,90.05,90.11,90.12,90.12,90.12,90.12,90.12,90.12,90.12,90.12,90.12,90.12,90.08,90.08,90.08,91.10,91.10,91.10,91.10,91.10,94.54,95.26,95.26,95.26,95.26,95.26,95.26,95.26,94.76,94.76,94.76,94.92,94.92,94.92,94.92,94.92,94.92,94.92,94.92,94.92,94.92,94.92
Producto,0.013854233,08302269,SERVICIO DE INTERNET,96.17,96.17,96.15,96.05,96.20,96.20,96.27,96.12,96.59,96.59,97.05,97.08,96.85,96.85,96.85,96.85,96.85,95.90,95.99,96.01,96.01,96.01,94.90,94.90,95.74,95.59,95.61,95.61,95.61,94.91,94.32,94.30,95.37,97.01,97.01,97.01,97.14,97.14,97.14,97.14,97.14,97.14,97.24,97.24,97.24,97.24,97.24,97.24,97.32,97.32,97.47,97.35,97.43,98.33,98.33,98.33,98.19,97.05,97.05,97.05,97.05,97.52,97.52,97.52,97.52,97.52,97.52,97.52,97.52,98.11,98.27,98.27,98.27,98.27,98.39,98.62,98.45,98.45,98.45,98.43,98.43,98.47,97.74,97.51,98.30,98.19,98.19,98.19,98.30,97.94,99.93,99.93,100.53,100.18,99.71,98.97,98.91,98.91,98.72,98.82,98.52,98.52,98.82,98.55,98.55,97.40,97.40,97.40,97.36,97.66,97.29,97.13,97.12,96.99,96.58,95.40,95.30,95.54,94.58,94.40,93.42,93.42,93.42,93.42,93.19,93.47,93.44,93.88,94.11,94.11,93.59,93.59,93.00,91.81,93.77,94.00,94.00,94.00
División,0.053029494,09,Recreación y cultura,97.18,97.33,97.61,98.23,98.81,99.91,98.73,99.22,98.59,98.27,98.45,98.31,97.89,97.94,97.95,97.92,97.68,98.65,98.16,97.65,98.09,98.07,98.21,100.25,99.29,98.40,98.00,97.85,97.53,96.81,97.05,96.94,96.73,97.22,95.56,96.97,96.55,97.03,96.99,96.86,96.36,97.17,96.61,96.42,96.45,96.55,96.21,96.37,96.07,96.06,95.38,95.35,96.13,96.05,96.32,96.20,95.51,95.58,95.05,97.95,97.99,95.85,95.63,95.65,95.71,95.54,95.89,95.60,95.21,95.45,94.63,94.69,94.92,94.79,95.30,94.79,95.16,95.11,94.11,94.94,94.34,94.49,94.22,93.98,93.88,93.49,93.96,93.36,93.53,93.58,93.96,94.66,95.22,94.61,94.50,94.41,94.82,94.10,93.43,94.63,93.61,94.03,94.35,95.60,94.28,93.83,93.92,95.06,95.36,95.87,95.42,95.98,95.90,95.17,95.52,95.82,96.28,98.86,97.87,101.53,101.08,97.03,96.56,96.23,97.61,97.68,97.34,97.99,96.13,100.01,96.82,96.31,96.12,95.93,96.98,97.28,96.27,98.19
Grupo,0.015074607,091,"Equipo audiovisual, fotográfico y de procesamiento de información",93.14,93.60,95.84,97.64,98.10,98.85,98.48,98.95,97.13,96.83,97.75,96.58,96.05,96.40,96.64,95.99,95.74,96.56,95.00,92.99,93.66,93.50,93.78,94.04,90.90,89.79,89.39,88.76,86.44,85.14,84.59,84.65,84.32,84.13,83.82,82.16,82.28,83.29,83.05,82.28,81.51,81.00,81.11,80.21,80.24,80.06,79.56,77.69,77.32,78.02,77.44,77.12,77.11,76.81,76.29,76.07,75.90,75.67,74.33,73.92,74.26,74.05,74.08,74.12,73.31,73.91,74.50,73.89,73.86,73.84,73.76,73.63,73.93,73.81,73.79,73.48,73.31,73.36,73.57,74.04,73.72,73.97,74.60,74.79,75.04,75.04,74.95,74.66,73.53,73.98,73.65,73.82,73.48,72.08,71.37,70.53,70.58,69.62,68.49,67.49,67.45,67.09,66.52,67.30,67.44,66.75,66.65,65.27,65.53,65.87,65.41,66.71,66.60,66.38,65.80,66.36,66.59,66.35,66.26,66.05,66.13,66.12,65.65,65.61,65.82,65.67,65.85,65.27,65.61,65.28,64.86,64.43,65.29,66.09,66.40,67.20,67.54,68.48
Clase,0.006460407,0911,"Equipo para la recepción, grabación y reproducción de sonidos e imágenes (D)",89.07,89.99,93.66,94.52,93.03,93.71,93.38,92.54,93.89,93.27,93.01,90.26,89.15,89.48,90.13,90.21,89.86,91.33,88.51,86.71,86.46,86.40,87.50,88.09,77.30,76.98,76.80,75.57,73.34,73.03,71.59,71.68,70.92,70.65,70.16,69.60,69.55,69.61,69.47,69.20,68.88,67.40,67.34,66.37,67.42,67.20,67.29,64.78,64.60,66.35,64.92,64.99,64.43,64.02,63.56,63.17,63.56,62.91,61.89,61.75,62.32,61.83,61.88,61.97,61.52,61.50,62.50,61.05,60.89,60.81,59.91,59.83,60.75,60.55,61.24,60.74,60.48,60.41,60.63,61.04,60.39,60.91,61.96,61.74,61.00,61.19,61.56,62.18,60.92,61.43,60.66,61.16,60.81,60.24,58.77,57.81,58.23,58.14,57.02,57.92,57.34,56.79,55.82,55.50,56.46,55.55,54.91,54.30,54.28,54.64,54.86,55.12,54.75,54.29,53.87,53.45,53.36,53.43,53.11,52.86,52.55,52.48,52.55,52.20,52.21,51.47,52.28,51.51,51.38,50.81,50.32,49.76,50.36,50.12,49.64,49.65,49.07,49.07
Subclase,0.006460407,09111,"Equipo para la recepción, grabación y reproducción de sonidos e imágenes",89.07,89.99,93.66,94.52,93.03,93.71,93.38,92.54,93.89,93.27,93.01,90.26,89.15,89.48,90.13,90.21,89.86,91.33,88.51,86.71,86.46,86.40,87.50,88.09,77.30,76.98,76.80,75.57,73.34,73.03,71.59,71.68,70.92,70.65,70.16,69.60,69.55,69.61,69.47,69.20,68.88,67.40,67.34,66.37,67.42,67.20,67.29,64.78,64.60,66.35,64.92,64.99,64.43,64.02,63.56,63.17,63.56,62.91,61.89,61.75,62.32,61.83,61.88,61.97,61.52,61.50,62.50,61.05,60.89,60.81,59.91,59.83,60.75,60.55,61.24,60.74,60.48,60.41,60.63,61.04,60.39,60.91,61.96,61.74,61.00,61.19,61.56,62.18,60.92,61.43,60.66,61.16,60.81,60.24,58.77,57.81,58.23,58.14,57.02,57.92,57.34,56.79,55.82,55.50,56.46,55.55,54.91,54.30,54.28,54.64,54.86,55.12,54.75,54.29,53.87,53.45,53.36,53.43,53.11,52.86,52.55,52.48,52.55,52.20,52.21,51.47,52.28,51.51,51.38,50.81,50.32,49.76,50.36,50.12,49.64,49.65,49.07,49.07
Producto,0.001768946,09111270,REPRODUCTOR DE SONIDO,83.78,85.82,87.47,88.73,86.60,87.01,90.22,89.19,89.36,89.76,87.32,87.30,87.54,87.65,87.76,87.90,87.56,86.29,84.85,79.91,80.09,79.98,79.58,79.00,79.63,79.63,79.99,79.34,77.36,77.53,78.11,78.44,78.17,79.08,78.83,77.87,77.78,76.16,76.25,75.30,74.82,72.28,72.01,72.62,72.95,71.77,71.60,71.29,70.70,70.72,70.40,70.28,70.06,69.66,70.70,69.96,71.29,70.02,68.19,68.51,70.69,70.15,70.17,68.62,68.95,69.01,69.94,68.01,67.66,68.31,65.74,66.53,67.39,65.89,68.28,66.83,65.54,65.06,66.00,66.41,67.80,67.77,68.95,69.56,71.00,66.21,67.71,69.40,67.58,68.29,68.07,68.59,68.84,68.30,67.46,68.09,67.40,69.06,66.58,67.86,68.34,67.74,67.71,65.79,66.65,66.50,65.14,65.25,63.97,65.05,65.35,66.15,66.69,65.42,65.48,64.48,65.72,66.10,65.06,64.15,65.08,66.50,66.07,65.25,66.14,65.14,66.38,65.09,64.73,64.67,64.85,63.19,65.67,64.35,63.95,64.95,63.56,64.17
Producto,0.000986934,09111271,REPRODUCTOR DE VIDEO,97.42,98.31,99.66,99.71,94.83,99.57,98.99,101.74,100.61,100.28,105.15,103.88,103.39,103.62,105.07,105.26,98.73,106.68,95.83,98.37,98.59,99.11,103.89,104.18,95.33,94.82,94.11,95.21,94.35,90.97,91.36,91.12,89.05,89.16,88.34,89.06,88.97,89.23,89.08,88.38,87.48,86.93,86.93,86.35,89.09,89.08,89.24,85.30,85.52,88.64,86.57,86.57,83.76,84.07,82.17,82.39,85.37,82.71,80.40,80.48,84.83,85.54,85.51,83.55,83.04,83.33,83.23,83.25,84.48,83.50,83.09,80.20,80.42,84.04,82.82,82.90,83.45,83.32,83.32,81.77,82.41,82.58,81.45,82.32,82.94,81.67,82.23,80.92,82.94,81.04,82.78,82.78,81.48,81.13,81.13,77.93,77.45,82.32,81.94,82.00,81.63,81.48,81.33,81.48,82.73,85.28,85.44,85.28,85.11,84.95,84.79,82.65,85.10,84.86,84.74,84.61,84.47,84.34,84.20,84.08,81.27,78.62,78.50,79.84,79.72,79.76,79.65,79.55,79.44,79.34,77.55,77.46,77.36,77.83,77.74,77.66,77.57,77.49
Producto,0.003704527,09111272,TELEVISOR,89.23,89.76,94.60,95.49,94.90,94.86,93.35,91.86,94.11,93.08,92.54,88.53,86.83,87.27,87.95,87.99,88.88,89.98,88.31,86.73,86.24,86.08,86.96,88.02,72.85,72.46,72.20,70.30,67.70,67.85,65.32,65.40,64.74,63.98,63.47,62.78,62.77,63.37,63.15,63.20,63.06,61.76,61.77,60.17,61.11,61.20,61.36,58.37,58.25,60.34,58.64,58.80,58.56,58.01,57.31,56.93,56.47,56.43,55.96,55.61,54.87,54.14,54.23,55.30,54.60,54.47,55.73,54.14,53.77,53.62,53.20,53.38,54.47,53.95,54.43,54.14,54.08,54.17,54.19,54.98,53.36,54.15,55.58,54.85,53.08,55.31,55.25,55.88,54.15,55.09,53.61,54.20,53.84,53.21,51.23,50.17,51.15,49.46,48.66,49.60,48.61,48.00,46.52,46.67,47.61,45.74,45.17,44.24,44.68,44.90,45.17,45.72,44.47,44.24,43.60,43.31,42.78,42.78,42.67,42.63,42.39,42.32,42.61,42.07,41.81,41.00,41.84,41.11,41.07,40.22,39.76,39.48,39.58,39.56,38.98,38.67,38.27,38.08
Clase,0.000849568,0912,Equipo fotográfico y cinematográfico e instrumentos ópticos (D),79.63,79.63,80.60,84.01,84.88,86.87,86.03,86.31,86.68,86.68,86.68,83.29,83.61,83.07,81.54,81.78,81.78,81.91,81.68,81.81,81.52,81.87,81.82,80.57,80.77,80.60,80.60,80.29,73.90,79.52,77.91,77.67,77.96,77.96,77.96,65.33,65.33,65.33,64.89,63.98,55.76,55.76,55.76,55.76,55.60,55.60,55.46,55.60,55.60,55.60,55.60,54.96,54.25,54.25,54.29,54.29,52.06,52.06,52.06,51.94,56.15,56.15,56.15,56.15,56.41,56.61,56.61,56.61,56.93,56.50,56.43,56.43,56.43,56.43,56.43,56.43,56.43,56.43,56.43,56.43,56.43,56.43,56.43,56.43,56.43,56.43,52.75,52.75,52.54,52.54,52.54,52.54,52.54,52.54,52.54,52.54,52.54,52.54,50.15,50.15,49.71,49.71,49.71,62.96,62.96,62.96,62.96,54.13,62.96,62.96,54.13,57.07,63.70,63.70,57.07,57.07,64.43,64.43,64.43,60.75,64.19,64.19,64.19,64.19,63.69,64.19,64.19,64.19,64.19,64.19,64.19,64.19,64.19,64.19,64.19,64.19,64.19,64.19
Subclase,0.000849568,09121,Equipos fotográficos ,79.63,79.63,80.60,84.01,84.88,86.87,86.03,86.31,86.68,86.68,86.68,83.29,83.61,83.07,81.54,81.78,81.78,81.91,81.68,81.81,81.52,81.87,81.82,80.57,80.77,80.60,80.60,80.29,73.90,79.52,77.91,77.67,77.96,77.96,77.96,65.33,65.33,65.33,64.89,63.98,55.76,55.76,55.76,55.76,55.60,55.60,55.46,55.60,55.60,55.60,55.60,54.96,54.25,54.25,54.29,54.29,52.06,52.06,52.06,51.94,56.15,56.15,56.15,56.15,56.41,56.61,56.61,56.61,56.93,56.50,56.43,56.43,56.43,56.43,56.43,56.43,56.43,56.43,56.43,56.43,56.43,56.43,56.43,56.43,56.43,56.43,52.75,52.75,52.54,52.54,52.54,52.54,52.54,52.54,52.54,52.54,52.54,52.54,50.15,50.15,49.71,49.71,49.71,62.96,62.96,62.96,62.96,54.13,62.96,62.96,54.13,57.07,63.70,63.70,57.07,57.07,64.43,64.43,64.43,60.75,64.19,64.19,64.19,64.19,63.69,64.19,64.19,64.19,64.19,64.19,64.19,64.19,64.19,64.19,64.19,64.19,64.19,64.19
Producto,0.000849568,09121273,CÁMARA FOTOGRÁFICA,79.63,79.63,80.60,84.01,84.88,86.87,86.03,86.31,86.68,86.68,86.68,83.29,83.61,83.07,81.54,81.78,81.78,81.91,81.68,81.81,81.52,81.87,81.82,80.57,80.77,80.60,80.60,80.29,73.90,79.52,77.91,77.67,77.96,77.96,77.96,65.33,65.33,65.33,64.89,63.98,55.76,55.76,55.76,55.76,55.60,55.60,55.46,55.60,55.60,55.60,55.60,54.96,54.25,54.25,54.29,54.29,52.06,52.06,52.06,51.94,56.15,56.15,56.15,56.15,56.41,56.61,56.61,56.61,56.93,56.50,56.43,56.43,56.43,56.43,56.43,56.43,56.43,56.43,56.43,56.43,56.43,56.43,56.43,56.43,56.43,56.43,52.75,52.75,52.54,52.54,52.54,52.54,52.54,52.54,52.54,52.54,52.54,52.54,50.15,50.15,49.71,49.71,49.71,62.96,62.96,62.96,62.96,54.13,62.96,62.96,54.13,57.07,63.70,63.70,57.07,57.07,64.43,64.43,64.43,60.75,64.19,64.19,64.19,64.19,63.69,64.19,64.19,64.19,64.19,64.19,64.19,64.19,64.19,64.19,64.19,64.19,64.19,64.19
Clase,0.005236871,0913,Equipo de procesamiento e información (D),98.10,98.40,100.22,103.07,105.29,105.60,105.43,106.68,99.70,99.86,100.72,101.61,100.59,100.79,100.27,98.26,98.38,98.02,96.82,95.83,95.59,95.36,94.93,94.66,97.38,96.86,96.21,95.85,93.67,90.57,90.31,90.35,89.60,89.83,89.65,88.27,88.62,90.98,90.90,89.70,89.48,89.71,90.10,88.77,87.79,87.55,86.74,86.53,85.57,85.56,85.59,85.48,86.14,85.57,84.75,84.59,84.29,84.40,82.18,81.96,81.48,81.46,81.47,81.55,79.80,81.68,82.31,82.31,82.57,82.73,83.04,82.80,82.72,82.64,81.90,82.28,82.12,82.32,82.70,83.69,83.69,83.71,84.27,83.64,84.35,84.23,84.28,82.47,80.31,81.02,81.04,81.11,80.25,78.81,78.24,77.33,77.05,75.02,73.98,70.31,70.78,70.52,69.94,70.04,69.39,68.48,68.89,67.55,66.66,65.76,65.83,65.96,64.87,64.92,64.98,67.27,66.76,65.89,65.90,66.23,65.83,65.88,64.55,64.85,65.43,65.74,65.40,64.73,65.73,65.25,64.64,64.17,65.25,67.09,68.33,70.45,71.98,74.08
Subclase,0.005236871,09131,Equipo de procesamiento de la información,98.10,98.40,100.22,103.07,105.29,105.60,105.43,106.68,99.70,99.86,100.72,101.61,100.59,100.79,100.27,98.26,98.38,98.02,96.82,95.83,95.59,95.36,94.93,94.66,97.38,96.86,96.21,95.85,93.67,90.57,90.31,90.35,89.60,89.83,89.65,88.27,88.62,90.98,90.90,89.70,89.48,89.71,90.10,88.77,87.79,87.55,86.74,86.53,85.57,85.56,85.59,85.48,86.14,85.57,84.75,84.59,84.29,84.40,82.18,81.96,81.48,81.46,81.47,81.55,79.80,81.68,82.31,82.31,82.57,82.73,83.04,82.80,82.72,82.64,81.90,82.28,82.12,82.32,82.70,83.69,83.69,83.71,84.27,83.64,84.35,84.23,84.28,82.47,80.31,81.02,81.04,81.11,80.25,78.81,78.24,77.33,77.05,75.02,73.98,70.31,70.78,70.52,69.94,70.04,69.39,68.48,68.89,67.55,66.66,65.76,65.83,65.96,64.87,64.92,64.98,67.27,66.76,65.89,65.90,66.23,65.83,65.88,64.55,64.85,65.43,65.74,65.40,64.73,65.73,65.25,64.64,64.17,65.25,67.09,68.33,70.45,71.98,74.08
Producto,0.002023796,09131274,COMPUTADORA ESCRITORIO,99.57,100.28,102.12,101.01,102.11,102.73,101.05,97.30,96.57,97.08,97.09,97.80,96.83,97.67,96.97,96.69,96.77,91.05,89.43,86.06,85.34,85.32,84.20,80.79,82.53,83.13,84.28,83.44,82.92,82.39,81.64,82.39,80.56,80.99,81.33,81.48,84.05,83.25,83.31,80.39,80.32,80.50,80.44,77.56,77.45,77.66,77.60,77.13,77.18,76.98,76.96,76.88,76.22,76.35,76.32,76.15,75.95,76.38,74.32,74.16,73.64,73.74,73.80,73.65,73.70,73.73,73.41,73.40,73.95,74.37,75.48,75.45,75.00,75.14,75.10,76.36,76.33,76.55,77.46,78.10,78.12,78.57,77.85,78.23,78.29,78.14,77.70,75.54,74.53,74.32,74.23,74.19,73.67,73.98,74.57,74.09,73.22,71.03,69.86,69.27,68.81,67.46,67.18,65.67,64.86,64.45,64.58,62.76,61.65,59.56,59.85,62.04,62.21,62.56,63.24,63.46,63.54,63.51,63.48,63.43,63.97,63.49,63.36,63.35,63.46,64.07,63.90,62.82,63.66,63.96,64.08,64.40,67.08,69.85,73.62,76.24,80.03,81.22
Producto,0.003009268,09131275,COMPUTADORA PORTÁTIL,97.76,97.76,99.47,104.16,106.23,106.23,106.70,110.40,100.01,100.01,101.33,102.31,101.20,101.12,100.79,97.88,98.07,100.41,99.42,99.58,99.67,99.41,99.30,100.62,103.97,102.82,101.33,101.46,98.41,94.30,94.30,94.02,93.99,94.08,93.64,91.48,90.77,94.95,94.80,94.51,94.27,94.54,95.15,94.58,93.13,92.71,91.60,91.55,90.01,90.07,90.07,89.93,91.36,90.47,89.23,89.12,88.74,88.74,86.42,86.20,85.61,85.55,85.55,85.65,82.92,85.80,86.93,86.93,86.87,86.87,86.71,86.33,86.32,86.12,84.93,84.93,84.74,84.93,85.09,86.30,86.25,86.05,87.32,86.17,87.24,87.15,87.43,85.72,82.87,84.02,84.10,84.24,83.18,80.79,79.60,78.53,78.59,76.74,75.83,70.45,71.60,71.90,71.24,72.17,71.61,70.40,71.02,69.86,69.02,68.70,68.68,67.70,65.90,65.79,65.51,68.93,68.20,66.83,66.82,67.31,66.45,66.95,64.83,65.40,66.19,66.41,65.91,65.39,66.51,65.54,64.63,63.67,63.97,65.33,65.34,67.39,67.80,70.48
Producto,0.000203807,09131276,IMPRESORA,90.68,92.67,96.04,102.07,117.69,121.09,123.09,126.16,123.49,123.48,123.48,124.45,124.81,124.25,121.95,120.06,119.32,119.41,118.18,118.36,116.56,114.92,114.76,114.74,114.76,115.69,113.70,108.57,106.77,98.43,97.72,97.07,93.30,94.31,94.00,92.47,91.77,90.15,89.91,88.31,86.77,86.57,87.24,86.45,86.12,85.02,82.79,81.85,82.03,82.53,83.77,83.72,82.70,81.48,80.93,80.00,80.22,79.13,77.59,76.68,78.51,78.29,78.04,79.91,79.29,80.06,80.43,80.55,83.88,84.51,86.09,86.55,88.48,88.50,89.66,88.81,87.84,88.09,87.70,87.92,88.52,88.59,88.15,87.64,87.84,87.28,87.68,87.50,87.30,88.32,88.23,88.23,87.72,87.54,87.56,85.68,84.40,80.65,78.40,77.50,74.22,73.86,71.76,71.59,70.88,70.99,69.77,69.78,69.86,69.64,69.00,70.55,70.76,71.02,71.68,72.26,70.45,70.86,71.53,72.64,71.87,68.62,70.79,68.98,69.80,68.91,69.99,70.31,70.72,71.91,70.26,71.40,71.70,73.94,73.96,72.70,73.68,73.70
Clase,0.002106327,0914,Medios para grabación (SD),95.93,95.81,95.96,97.17,98.49,100.16,99.60,101.54,102.87,102.41,107.70,106.42,108.25,109.55,111.59,111.92,111.08,113.30,113.53,106.65,113.12,112.42,112.46,114.48,115.68,110.03,109.64,109.80,108.37,105.46,107.22,107.40,109.12,107.88,107.54,107.37,107.45,107.73,106.75,105.61,105.77,105.75,105.68,105.54,105.39,105.31,103.49,97.63,98.13,98.10,98.04,96.08,96.25,96.80,96.55,96.49,95.96,95.96,95.12,93.18,93.24,93.18,93.20,93.04,93.05,93.08,92.74,92.31,91.15,91.15,92.35,92.28,92.07,91.97,91.94,90.38,90.37,90.35,90.24,90.25,89.85,89.62,89.69,93.38,95.01,94.75,94.67,94.98,96.50,96.34,96.20,96.23,97.28,92.58,92.61,91.74,91.68,90.35,89.32,89.29,89.65,89.30,89.58,89.53,89.53,89.61,89.69,89.25,89.39,93.13,93.22,98.74,98.75,98.46,98.44,98.29,98.03,98.37,98.68,98.71,99.67,99.68,99.66,99.60,99.59,99.61,99.61,99.47,99.41,99.48,99.50,99.46,100.33,101.95,102.23,102.34,102.34,102.78
Subclase,0.002106327,09141,Medios para grabación,95.93,95.81,95.96,97.17,98.49,100.16,99.60,101.54,102.87,102.41,107.70,106.42,108.25,109.55,111.59,111.92,111.08,113.30,113.53,106.65,113.12,112.42,112.46,114.48,115.68,110.03,109.64,109.80,108.37,105.46,107.22,107.40,109.12,107.88,107.54,107.37,107.45,107.73,106.75,105.61,105.77,105.75,105.68,105.54,105.39,105.31,103.49,97.63,98.13,98.10,98.04,96.08,96.25,96.80,96.55,96.49,95.96,95.96,95.12,93.18,93.24,93.18,93.20,93.04,93.05,93.08,92.74,92.31,91.15,91.15,92.35,92.28,92.07,91.97,91.94,90.38,90.37,90.35,90.24,90.25,89.85,89.62,89.69,93.38,95.01,94.75,94.67,94.98,96.50,96.34,96.20,96.23,97.28,92.58,92.61,91.74,91.68,90.35,89.32,89.29,89.65,89.30,89.58,89.53,89.53,89.61,89.69,89.25,89.39,93.13,93.22,98.74,98.75,98.46,98.44,98.29,98.03,98.37,98.68,98.71,99.67,99.68,99.66,99.60,99.59,99.61,99.61,99.47,99.41,99.48,99.50,99.46,100.33,101.95,102.23,102.34,102.34,102.78
Producto,0.000167303,09141277,MEMORY FLASH,85.44,85.44,85.86,85.44,90.44,90.44,85.59,86.54,89.12,89.12,88.80,87.35,86.27,86.56,82.81,83.47,83.62,83.45,85.10,85.69,84.76,82.65,82.97,84.19,82.98,85.69,86.87,88.23,88.21,87.83,88.29,89.18,88.76,87.78,86.88,85.43,86.12,86.88,87.53,87.84,88.25,88.10,87.46,86.30,85.00,84.37,82.67,80.66,79.83,79.58,79.02,78.50,77.76,77.04,74.97,74.46,73.46,73.46,72.82,71.99,72.50,72.06,72.19,70.81,70.92,71.17,71.17,71.17,70.54,70.54,66.61,66.08,64.22,63.42,63.14,62.87,62.75,62.57,61.67,61.77,62.00,61.96,61.78,61.36,61.91,63.21,62.92,62.27,63.18,61.43,60.17,60.46,61.36,60.44,60.68,59.62,59.10,57.93,57.58,57.33,57.50,56.34,55.11,54.69,54.69,55.39,56.04,55.94,55.08,54.41,55.15,55.96,56.01,56.45,56.30,55.00,55.57,54.78,55.16,55.39,56.34,56.41,56.25,55.73,55.66,55.81,55.84,54.67,54.18,54.69,54.92,54.60,58.21,59.50,61.92,62.81,65.33,66.76
Producto,0.001939024,09141278,DISPOSITIVOS DE ALMACENAMIENTO DE DATOS,97.32,97.18,97.29,98.72,99.56,101.45,101.45,103.52,104.69,104.17,110.20,108.95,111.16,112.60,115.40,115.69,114.72,117.25,117.29,109.42,116.87,116.36,116.36,118.49,120.01,113.25,112.65,112.65,111.04,107.80,109.73,109.82,111.81,110.55,110.27,110.27,110.27,110.49,109.30,107.96,108.09,108.09,108.09,108.09,108.09,108.09,106.25,99.87,100.56,100.56,100.56,98.40,98.70,99.41,99.41,99.41,98.94,98.94,98.07,95.98,95.98,95.98,95.98,95.98,95.98,95.98,95.60,95.11,93.88,93.88,95.75,95.75,95.75,95.75,95.75,94.02,94.02,94.02,94.02,94.02,93.54,93.28,93.38,97.62,99.39,98.93,98.88,99.31,100.91,100.97,100.97,100.97,102.04,96.83,96.83,96.00,96.00,94.64,93.53,93.53,93.91,93.66,94.14,94.14,94.14,94.14,94.14,93.66,93.94,98.26,98.26,104.41,104.41,104.02,104.02,104.02,103.65,104.15,104.44,104.44,105.41,105.41,105.41,105.41,105.41,105.41,105.41,105.41,105.41,105.41,105.41,105.41,105.91,107.57,107.57,107.57,107.24,107.55
Clase,0.000421434,0915,"Reparación de equipo audiovisual, fotográfico y de procesamiento de información (S)",104.42,104.42,104.64,105.33,105.33,105.33,103.93,106.14,106.61,104.76,104.76,104.76,105.40,105.40,105.40,105.40,104.16,106.10,105.96,106.10,106.19,106.73,106.65,104.41,104.41,104.01,102.64,102.64,102.64,102.21,102.21,102.21,102.21,102.21,102.21,99.66,99.66,102.21,102.51,102.51,101.12,101.12,101.12,101.12,101.12,101.12,102.21,102.21,101.90,101.77,101.56,101.56,101.56,101.56,101.56,101.56,101.56,101.56,101.56,101.56,101.56,101.56,101.56,101.56,101.56,97.74,97.74,98.96,101.78,100.94,101.19,101.19,100.94,100.94,100.26,98.95,98.77,98.77,98.77,96.65,96.31,98.60,98.60,98.98,101.27,101.27,101.27,104.28,103.75,103.99,103.71,101.40,100.62,100.62,103.58,103.58,103.58,103.75,103.75,103.75,103.75,103.75,103.75,103.75,103.75,103.75,103.75,103.75,103.75,104.35,104.35,111.76,111.76,111.49,111.49,108.22,108.22,108.22,108.22,108.22,108.22,108.10,108.10,108.10,108.82,108.75,108.02,108.02,109.07,111.42,111.42,110.59,114.17,114.17,114.17,114.17,114.53,118.04
Subclase,0.000421434,09151,Reparación de equipos audiovisuales ,104.42,104.42,104.64,105.33,105.33,105.33,103.93,106.14,106.61,104.76,104.76,104.76,105.40,105.40,105.40,105.40,104.16,106.10,105.96,106.10,106.19,106.73,106.65,104.41,104.41,104.01,102.64,102.64,102.64,102.21,102.21,102.21,102.21,102.21,102.21,99.66,99.66,102.21,102.51,102.51,101.12,101.12,101.12,101.12,101.12,101.12,102.21,102.21,101.90,101.77,101.56,101.56,101.56,101.56,101.56,101.56,101.56,101.56,101.56,101.56,101.56,101.56,101.56,101.56,101.56,97.74,97.74,98.96,101.78,100.94,101.19,101.19,100.94,100.94,100.26,98.95,98.77,98.77,98.77,96.65,96.31,98.60,98.60,98.98,101.27,101.27,101.27,104.28,103.75,103.99,103.71,101.40,100.62,100.62,103.58,103.58,103.58,103.75,103.75,103.75,103.75,103.75,103.75,103.75,103.75,103.75,103.75,103.75,103.75,104.35,104.35,111.76,111.76,111.49,111.49,108.22,108.22,108.22,108.22,108.22,108.22,108.10,108.10,108.10,108.82,108.75,108.02,108.02,109.07,111.42,111.42,110.59,114.17,114.17,114.17,114.17,114.53,118.04
Producto,0.000421434,09151279,REPARACIÓN DE EQUIPOS ELECTRÓNICOS,104.42,104.42,104.64,105.33,105.33,105.33,103.93,106.14,106.61,104.76,104.76,104.76,105.40,105.40,105.40,105.40,104.16,106.10,105.96,106.10,106.19,106.73,106.65,104.41,104.41,104.01,102.64,102.64,102.64,102.21,102.21,102.21,102.21,102.21,102.21,99.66,99.66,102.21,102.51,102.51,101.12,101.12,101.12,101.12,101.12,101.12,102.21,102.21,101.90,101.77,101.56,101.56,101.56,101.56,101.56,101.56,101.56,101.56,101.56,101.56,101.56,101.56,101.56,101.56,101.56,97.74,97.74,98.96,101.78,100.94,101.19,101.19,100.94,100.94,100.26,98.95,98.77,98.77,98.77,96.65,96.31,98.60,98.60,98.98,101.27,101.27,101.27,104.28,103.75,103.99,103.71,101.40,100.62,100.62,103.58,103.58,103.58,103.75,103.75,103.75,103.75,103.75,103.75,103.75,103.75,103.75,103.75,103.75,103.75,104.35,104.35,111.76,111.76,111.49,111.49,108.22,108.22,108.22,108.22,108.22,108.22,108.10,108.10,108.10,108.82,108.75,108.02,108.02,109.07,111.42,111.42,110.59,114.17,114.17,114.17,114.17,114.53,118.04
Grupo,0.000328915,092,Otros productos duraderos importantes para recreación y cultura,94.78,94.78,95.63,108.49,105.78,106.07,108.98,108.39,112.51,112.51,112.51,118.39,121.00,121.00,121.00,121.00,121.00,118.75,121.58,122.70,124.73,124.73,124.73,123.66,122.64,122.64,122.64,127.09,124.92,124.04,119.66,119.13,114.36,114.36,114.36,115.07,118.56,119.38,119.38,119.38,119.38,119.38,119.38,119.38,119.38,119.38,119.38,119.38,120.67,121.00,121.00,121.00,123.55,123.55,123.55,123.55,123.55,120.49,120.49,118.40,118.40,118.40,118.40,118.40,118.40,118.40,118.40,118.40,118.40,120.49,123.96,121.85,121.85,121.56,121.56,121.56,121.56,121.56,121.56,124.53,124.53,124.53,128.14,128.14,128.14,128.14,128.14,128.14,128.14,131.93,137.16,137.16,137.16,137.16,137.16,138.36,138.36,138.36,138.36,138.36,138.36,136.79,136.79,136.79,136.79,136.79,136.79,136.79,136.79,138.67,138.67,140.23,140.23,141.50,141.50,140.23,140.23,140.23,140.23,140.23,133.36,133.36,133.36,133.36,133.36,133.36,133.36,133.36,133.36,133.36,133.36,133.36,133.36,133.36,133.36,125.90,125.90,125.90
Clase,0.000328915,0922,Instrumentos musicales y equipos duraderos importantes para recreación en interiores (d),94.78,94.78,95.63,108.49,105.78,106.07,108.98,108.39,112.51,112.51,112.51,118.39,121.00,121.00,121.00,121.00,121.00,118.75,121.58,122.70,124.73,124.73,124.73,123.66,122.64,122.64,122.64,127.09,124.92,124.04,119.66,119.13,114.36,114.36,114.36,115.07,118.56,119.38,119.38,119.38,119.38,119.38,119.38,119.38,119.38,119.38,119.38,119.38,120.67,121.00,121.00,121.00,123.55,123.55,123.55,123.55,123.55,120.49,120.49,118.40,118.40,118.40,118.40,118.40,118.40,118.40,118.40,118.40,118.40,120.49,123.96,121.85,121.85,121.56,121.56,121.56,121.56,121.56,121.56,124.53,124.53,124.53,128.14,128.14,128.14,128.14,128.14,128.14,128.14,131.93,137.16,137.16,137.16,137.16,137.16,138.36,138.36,138.36,138.36,138.36,138.36,136.79,136.79,136.79,136.79,136.79,136.79,136.79,136.79,138.67,138.67,140.23,140.23,141.50,141.50,140.23,140.23,140.23,140.23,140.23,133.36,133.36,133.36,133.36,133.36,133.36,133.36,133.36,133.36,133.36,133.36,133.36,133.36,133.36,133.36,125.90,125.90,125.90
Subclase,0.000328915,09221,Instrumentos musicales y equipos duraderos importantes para recreación en interiores,94.78,94.78,95.63,108.49,105.78,106.07,108.98,108.39,112.51,112.51,112.51,118.39,121.00,121.00,121.00,121.00,121.00,118.75,121.58,122.70,124.73,124.73,124.73,123.66,122.64,122.64,122.64,127.09,124.92,124.04,119.66,119.13,114.36,114.36,114.36,115.07,118.56,119.38,119.38,119.38,119.38,119.38,119.38,119.38,119.38,119.38,119.38,119.38,120.67,121.00,121.00,121.00,123.55,123.55,123.55,123.55,123.55,120.49,120.49,118.40,118.40,118.40,118.40,118.40,118.40,118.40,118.40,118.40,118.40,120.49,123.96,121.85,121.85,121.56,121.56,121.56,121.56,121.56,121.56,124.53,124.53,124.53,128.14,128.14,128.14,128.14,128.14,128.14,128.14,131.93,137.16,137.16,137.16,137.16,137.16,138.36,138.36,138.36,138.36,138.36,138.36,136.79,136.79,136.79,136.79,136.79,136.79,136.79,136.79,138.67,138.67,140.23,140.23,141.50,141.50,140.23,140.23,140.23,140.23,140.23,133.36,133.36,133.36,133.36,133.36,133.36,133.36,133.36,133.36,133.36,133.36,133.36,133.36,133.36,133.36,125.90,125.90,125.90
Producto,0.000328915,09221280,GUITARRA,94.78,94.78,95.63,108.49,105.78,106.07,108.98,108.39,112.51,112.51,112.51,118.39,121.00,121.00,121.00,121.00,121.00,118.75,121.58,122.70,124.73,124.73,124.73,123.66,122.64,122.64,122.64,127.09,124.92,124.04,119.66,119.13,114.36,114.36,114.36,115.07,118.56,119.38,119.38,119.38,119.38,119.38,119.38,119.38,119.38,119.38,119.38,119.38,120.67,121.00,121.00,121.00,123.55,123.55,123.55,123.55,123.55,120.49,120.49,118.40,118.40,118.40,118.40,118.40,118.40,118.40,118.40,118.40,118.40,120.49,123.96,121.85,121.85,121.56,121.56,121.56,121.56,121.56,121.56,124.53,124.53,124.53,128.14,128.14,128.14,128.14,128.14,128.14,128.14,131.93,137.16,137.16,137.16,137.16,137.16,138.36,138.36,138.36,138.36,138.36,138.36,136.79,136.79,136.79,136.79,136.79,136.79,136.79,136.79,138.67,138.67,140.23,140.23,141.50,141.50,140.23,140.23,140.23,140.23,140.23,133.36,133.36,133.36,133.36,133.36,133.36,133.36,133.36,133.36,133.36,133.36,133.36,133.36,133.36,133.36,125.90,125.90,125.90
Grupo,0.006626741,093,"Otros artículos y equipo para recreación, jardines y animales domésticos",94.32,95.37,92.85,96.51,97.67,98.56,95.00,96.43,96.98,98.59,97.69,97.17,97.10,96.79,96.41,95.76,95.62,97.41,97.23,97.45,97.38,97.40,97.05,95.99,97.28,96.60,96.72,97.13,97.17,94.19,96.15,95.40,95.76,96.22,95.54,93.79,95.00,95.87,95.34,95.17,94.43,94.54,94.20,93.19,95.26,96.34,95.65,94.80,95.10,95.64,95.00,94.42,94.88,94.33,95.80,95.75,94.02,93.89,93.24,94.82,94.18,93.49,93.28,93.33,95.09,92.59,94.07,94.08,92.93,93.31,93.35,92.10,92.33,92.67,94.75,90.55,93.97,93.96,92.01,94.72,93.41,94.02,94.21,94.23,94.20,92.40,95.08,90.86,94.81,95.63,96.25,93.75,97.41,97.58,97.20,96.61,101.64,101.06,100.46,102.07,97.10,103.06,101.28,101.12,97.71,99.05,100.06,98.31,101.63,98.32,102.90,101.00,104.44,103.11,103.34,99.48,103.69,103.93,104.18,102.11,103.81,98.17,98.16,97.49,97.84,96.10,97.13,96.08,94.90,97.22,96.99,96.86,97.41,95.18,96.37,96.46,93.20,92.98
Clase,0.0022653,0931,Conservación y reparación de otros bienes duraderos importantes para recreación y cultura (S),92.56,92.48,92.25,92.25,92.25,92.50,92.21,93.83,94.15,97.01,96.28,95.30,95.84,95.80,95.10,94.78,94.99,95.98,96.00,95.59,95.24,95.16,94.79,94.94,95.54,95.53,95.51,94.59,94.75,93.14,93.31,93.50,93.42,93.07,92.61,92.81,92.73,92.72,93.18,93.47,92.18,91.15,90.88,91.20,91.25,91.22,90.76,89.06,89.08,89.37,88.64,87.67,85.93,84.54,83.93,84.05,83.89,83.99,83.75,82.81,83.67,83.60,83.60,83.54,83.54,82.15,81.02,80.88,81.04,80.67,80.61,80.58,80.48,79.05,79.01,78.84,77.99,76.26,76.37,76.26,76.21,76.08,76.74,76.55,76.04,75.99,75.87,75.66,75.53,75.22,75.16,74.84,74.87,75.28,74.07,73.72,74.19,73.79,73.63,73.67,74.56,74.78,74.73,74.27,74.19,74.26,73.31,73.10,73.15,73.04,72.95,73.15,73.75,73.32,73.20,73.14,72.92,73.58,74.31,73.84,73.87,73.63,73.63,73.23,72.56,72.53,72.41,72.48,72.47,72.86,72.54,72.36,72.54,72.28,72.27,72.11,70.36,70.76
Subclase,0.0022653,09311,"Juegos, juguetes y aficiones",92.56,92.48,92.25,92.25,92.25,92.50,92.21,93.83,94.15,97.01,96.28,95.30,95.84,95.80,95.10,94.78,94.99,95.98,96.00,95.59,95.24,95.16,94.79,94.94,95.54,95.53,95.51,94.59,94.75,93.14,93.31,93.50,93.42,93.07,92.61,92.81,92.73,92.72,93.18,93.47,92.18,91.15,90.88,91.20,91.25,91.22,90.76,89.06,89.08,89.37,88.64,87.67,85.93,84.54,83.93,84.05,83.89,83.99,83.75,82.81,83.67,83.60,83.60,83.54,83.54,82.15,81.02,80.88,81.04,80.67,80.61,80.58,80.48,79.05,79.01,78.84,77.99,76.26,76.37,76.26,76.21,76.08,76.74,76.55,76.04,75.99,75.87,75.66,75.53,75.22,75.16,74.84,74.87,75.28,74.07,73.72,74.19,73.79,73.63,73.67,74.56,74.78,74.73,74.27,74.19,74.26,73.31,73.10,73.15,73.04,72.95,73.15,73.75,73.32,73.20,73.14,72.92,73.58,74.31,73.84,73.87,73.63,73.63,73.23,72.56,72.53,72.41,72.48,72.47,72.86,72.54,72.36,72.54,72.28,72.27,72.11,70.36,70.76
Producto,0.000705567,09311281,JUGUETE,95.14,94.88,95.33,95.33,95.33,95.33,95.33,95.33,95.16,95.82,95.37,95.42,95.42,95.42,95.42,95.42,95.57,96.74,96.74,96.74,96.74,96.74,97.06,97.38,97.38,97.38,97.38,97.38,97.39,96.85,96.85,96.85,96.85,96.85,96.56,97.43,97.43,97.43,97.43,97.43,95.84,96.16,96.16,96.16,96.16,96.16,96.04,95.03,95.03,95.03,95.03,95.03,94.47,94.47,94.47,94.47,94.47,94.47,94.43,94.58,94.58,94.58,94.58,94.58,94.58,94.39,94.39,94.39,94.39,94.39,94.55,94.98,94.98,94.98,94.98,94.98,94.40,93.55,93.55,93.55,93.55,93.55,95.70,95.70,95.70,95.70,95.70,95.70,95.79,95.69,95.69,95.69,95.69,95.69,93.24,92.90,92.90,92.90,92.90,92.90,93.54,93.91,93.91,93.91,93.91,93.91,93.54,93.10,93.10,93.10,93.10,93.10,93.00,93.07,93.07,93.07,93.07,93.07,93.39,92.18,92.18,92.18,92.18,92.18,91.92,91.94,91.94,91.94,91.94,91.94,91.43,90.96,90.96,90.96,90.96,90.96,91.00,92.05
Producto,0.000513148,09311282,JUEGO ELECTRÓNICO,77.76,77.76,77.76,77.76,77.76,77.76,76.59,82.77,82.77,82.94,81.92,81.92,81.65,81.46,78.64,77.33,77.08,78.28,78.34,76.68,75.27,74.93,71.98,69.13,71.55,71.49,71.43,67.72,68.49,67.78,68.48,69.25,68.91,67.49,68.11,67.45,67.15,67.09,68.94,70.12,67.94,68.25,67.18,68.47,68.66,68.52,68.22,67.26,67.34,68.50,65.55,61.63,58.51,53.12,50.67,51.15,50.48,50.91,51.74,52.71,56.20,55.91,55.91,55.65,55.67,54.02,49.45,48.86,49.51,48.03,47.19,45.18,44.80,39.00,38.85,38.15,37.07,36.47,36.90,36.48,36.25,35.74,34.62,35.99,33.93,33.73,33.21,32.35,31.54,30.56,30.29,29.00,29.14,30.77,29.63,29.70,31.61,29.97,29.32,29.49,28.62,28.88,28.67,26.83,26.51,26.79,26.77,26.47,26.70,26.24,25.90,26.71,25.59,25.20,24.69,24.47,23.56,26.23,26.17,25.95,26.05,25.09,25.08,23.48,22.67,22.43,21.95,22.23,22.16,23.75,23.69,23.57,24.30,23.25,23.22,22.57,22.52,22.52
Producto,0.001046586,09311283,MUÑECA,99.03,99.03,98.21,98.21,98.21,98.76,98.77,98.97,99.82,105.76,105.01,102.74,104.12,104.12,104.12,104.12,104.65,105.40,105.40,105.40,105.40,105.40,106.01,107.72,107.72,107.72,107.72,107.72,107.63,104.75,104.75,104.75,104.75,104.75,103.56,103.77,103.77,103.77,103.77,103.77,103.19,100.46,100.46,100.46,100.46,100.46,99.68,97.06,97.06,97.06,97.06,97.06,95.27,95.14,95.14,95.14,95.14,95.14,94.13,91.35,91.35,91.35,91.35,91.35,91.35,89.26,89.26,89.26,89.26,89.26,89.48,90.22,90.22,90.22,90.22,90.22,89.31,86.33,86.33,86.33,86.33,86.33,86.93,85.72,85.72,85.72,85.72,85.72,85.84,85.76,85.76,85.76,85.76,85.76,85.41,84.81,84.81,84.81,84.81,84.81,86.86,86.96,86.96,86.96,86.96,86.96,85.07,85.07,85.07,85.07,85.07,85.07,87.13,86.32,86.32,86.32,86.32,86.32,87.80,87.72,87.72,87.72,87.72,87.72,86.84,86.88,86.88,86.88,86.88,86.88,86.55,86.55,86.55,86.55,86.55,86.55,82.57,82.73
Clase,0.00052484,0932,"Equipo de deportes, campamentos y recreación al aire libre (SD)",100.15,99.46,99.87,100.10,104.19,106.47,107.48,106.71,105.43,105.55,105.60,106.62,106.24,106.99,107.05,107.10,104.69,106.85,106.10,107.75,107.37,107.85,108.40,107.05,107.05,106.90,106.86,106.80,104.62,99.76,103.57,102.88,101.94,102.76,101.04,101.10,102.56,102.53,102.54,101.90,100.66,99.85,98.65,98.41,98.63,98.20,98.11,97.69,98.62,98.51,100.63,100.52,99.62,99.06,100.35,99.81,100.41,99.59,94.00,93.69,94.24,95.25,95.14,95.67,95.67,94.21,94.03,93.77,93.67,93.67,93.33,93.77,94.00,93.33,94.01,93.89,94.03,93.17,93.94,94.08,94.57,94.58,94.69,94.90,95.66,95.27,94.85,95.32,95.29,96.12,97.57,97.90,97.94,97.31,97.32,97.27,98.46,100.06,97.67,97.18,94.74,94.78,95.06,96.83,96.86,97.08,96.64,97.17,96.50,96.77,96.31,97.57,98.12,97.97,97.67,98.40,96.55,95.92,95.85,95.84,97.06,95.53,95.69,96.70,94.57,95.22,93.76,95.76,94.48,92.22,92.54,92.98,91.82,92.69,93.14,93.00,92.17,92.66
Subclase,0.00052484,09321,"Equipo de deportes, campamentos y recreación al aire libre",100.15,99.46,99.87,100.10,104.19,106.47,107.48,106.71,105.43,105.55,105.60,106.62,106.24,106.99,107.05,107.10,104.69,106.85,106.10,107.75,107.37,107.85,108.40,107.05,107.05,106.90,106.86,106.80,104.62,99.76,103.57,102.88,101.94,102.76,101.04,101.10,102.56,102.53,102.54,101.90,100.66,99.85,98.65,98.41,98.63,98.20,98.11,97.69,98.62,98.51,100.63,100.52,99.62,99.06,100.35,99.81,100.41,99.59,94.00,93.69,94.24,95.25,95.14,95.67,95.67,94.21,94.03,93.77,93.67,93.67,93.33,93.77,94.00,93.33,94.01,93.89,94.03,93.17,93.94,94.08,94.57,94.58,94.69,94.90,95.66,95.27,94.85,95.32,95.29,96.12,97.57,97.90,97.94,97.31,97.32,97.27,98.46,100.06,97.67,97.18,94.74,94.78,95.06,96.83,96.86,97.08,96.64,97.17,96.50,96.77,96.31,97.57,98.12,97.97,97.67,98.40,96.55,95.92,95.85,95.84,97.06,95.53,95.69,96.70,94.57,95.22,93.76,95.76,94.48,92.22,92.54,92.98,91.82,92.69,93.14,93.00,92.17,92.66
Producto,0.000249881,09321284,BALÓN DEPORTIVO,101.20,101.24,101.20,101.47,106.84,110.76,112.51,111.21,113.47,113.37,113.66,115.43,114.77,115.26,115.34,115.44,113.09,114.77,116.26,115.98,116.51,116.16,117.11,114.78,114.69,114.69,114.36,114.36,114.31,111.32,113.69,112.67,112.67,112.42,112.37,110.25,112.46,112.41,112.43,111.82,109.67,110.04,112.06,111.63,112.01,111.74,111.38,110.49,111.58,111.58,111.58,111.39,109.83,109.21,111.44,111.31,111.19,110.68,105.91,105.31,106.27,106.27,106.07,106.07,106.07,106.07,105.77,105.31,105.14,105.14,104.56,105.31,105.70,104.56,105.73,105.60,105.85,104.36,105.68,105.92,106.78,107.13,108.53,108.76,108.69,109.55,108.90,109.72,109.82,110.61,110.61,110.89,111.15,109.76,110.15,110.17,111.04,113.14,111.34,111.31,110.50,110.81,110.81,112.19,112.26,112.64,112.76,113.13,111.80,112.27,111.63,112.83,113.14,113.14,113.09,113.09,113.09,113.09,113.32,113.44,113.44,113.87,113.72,115.00,113.15,113.25,112.55,112.09,111.88,110.34,109.17,109.08,109.68,110.32,110.07,109.76,109.42,109.25
Producto,0.000274959,09321285,MÁQUINA DE EJERCICIO,98.70,97.00,98.03,98.20,100.55,100.55,100.55,100.49,94.34,94.77,94.49,94.49,94.49,95.60,95.61,95.61,93.12,95.93,92.11,96.40,94.77,96.40,96.40,96.40,96.52,96.17,96.52,96.39,91.27,83.81,89.61,89.39,87.15,89.45,85.43,88.48,88.92,88.92,88.92,88.24,88.24,85.80,80.18,80.18,80.18,79.54,79.81,80.05,80.76,80.49,85.55,85.55,85.55,85.06,85.06,83.97,85.55,84.32,77.59,77.66,77.66,80.06,80.06,81.33,81.33,77.86,77.86,77.86,77.86,77.86,77.86,77.86,77.86,77.86,77.86,77.75,77.75,77.75,77.75,77.75,77.75,77.28,75.61,75.79,77.70,75.60,75.47,75.47,75.26,76.16,79.60,80.01,79.73,80.16,79.64,79.49,81.13,82.05,78.82,77.71,73.01,72.68,73.35,75.65,75.63,75.63,74.43,75.17,75.41,75.41,75.18,76.53,77.42,77.06,76.43,78.15,73.76,72.24,71.76,71.59,74.50,70.24,70.83,71.48,68.95,70.37,67.85,73.25,70.50,67.25,69.62,70.79,67.21,68.39,69.79,69.91,68.39,69.79
Clase,0.00034131,0933,"Jardines, plantas y flores (ND)",79.22,79.22,71.53,74.79,76.23,76.23,72.10,72.10,74.95,74.95,75.44,69.87,65.85,59.78,64.26,56.66,56.37,62.25,63.55,63.30,64.48,64.06,60.57,60.31,63.58,67.60,64.48,68.97,70.96,61.62,60.78,58.18,59.81,66.74,65.72,71.20,64.19,66.24,68.30,64.20,67.27,61.60,59.39,57.04,66.02,65.07,64.33,68.00,67.16,67.83,67.29,66.40,67.56,66.13,61.19,61.49,61.96,61.90,61.72,62.97,61.09,62.34,60.90,63.12,98.60,63.32,61.95,61.71,61.10,60.09,62.19,66.78,66.32,66.12,78.36,72.48,69.60,70.79,69.97,67.98,73.19,71.26,66.84,68.01,67.32,75.61,69.20,71.20,76.31,75.77,75.92,72.83,76.19,71.62,66.56,72.20,78.00,77.73,83.57,79.53,89.56,87.17,85.84,75.40,72.88,73.86,73.06,77.03,77.46,74.53,86.20,77.57,86.97,80.23,79.14,73.25,76.07,77.67,76.45,70.40,71.08,82.39,84.39,74.41,84.29,79.34,78.14,80.42,82.91,78.51,77.82,77.18,81.30,84.89,82.48,81.66,84.75,84.01
Subclase,0.00034131,09331,"Jardines, plantas y flores",79.22,79.22,71.53,74.79,76.23,76.23,72.10,72.10,74.95,74.95,75.44,69.87,65.85,59.78,64.26,56.66,56.37,62.25,63.55,63.30,64.48,64.06,60.57,60.31,63.58,67.60,64.48,68.97,70.96,61.62,60.78,58.18,59.81,66.74,65.72,71.20,64.19,66.24,68.30,64.20,67.27,61.60,59.39,57.04,66.02,65.07,64.33,68.00,67.16,67.83,67.29,66.40,67.56,66.13,61.19,61.49,61.96,61.90,61.72,62.97,61.09,62.34,60.90,63.12,98.60,63.32,61.95,61.71,61.10,60.09,62.19,66.78,66.32,66.12,78.36,72.48,69.60,70.79,69.97,67.98,73.19,71.26,66.84,68.01,67.32,75.61,69.20,71.20,76.31,75.77,75.92,72.83,76.19,71.62,66.56,72.20,78.00,77.73,83.57,79.53,89.56,87.17,85.84,75.40,72.88,73.86,73.06,77.03,77.46,74.53,86.20,77.57,86.97,80.23,79.14,73.25,76.07,77.67,76.45,70.40,71.08,82.39,84.39,74.41,84.29,79.34,78.14,80.42,82.91,78.51,77.82,77.18,81.30,84.89,82.48,81.66,84.75,84.01
Producto,0.00034131,09331286,FLORES,79.22,79.22,71.53,74.79,76.23,76.23,72.10,72.10,74.95,74.95,75.44,69.87,65.85,59.78,64.26,56.66,56.37,62.25,63.55,63.30,64.48,64.06,60.57,60.31,63.58,67.60,64.48,68.97,70.96,61.62,60.78,58.18,59.81,66.74,65.72,71.20,64.19,66.24,68.30,64.20,67.27,61.60,59.39,57.04,66.02,65.07,64.33,68.00,67.16,67.83,67.29,66.40,67.56,66.13,61.19,61.49,61.96,61.90,61.72,62.97,61.09,62.34,60.90,63.12,98.60,63.32,61.95,61.71,61.10,60.09,62.19,66.78,66.32,66.12,78.36,72.48,69.60,70.79,69.97,67.98,73.19,71.26,66.84,68.01,67.32,75.61,69.20,71.20,76.31,75.77,75.92,72.83,76.19,71.62,66.56,72.20,78.00,77.73,83.57,79.53,89.56,87.17,85.84,75.40,72.88,73.86,73.06,77.03,77.46,74.53,86.20,77.57,86.97,80.23,79.14,73.25,76.07,77.67,76.45,70.40,71.08,82.39,84.39,74.41,84.29,79.34,78.14,80.42,82.91,78.51,77.82,77.18,81.30,84.89,82.48,81.66,84.75,84.01
Clase,0.00272417,0934,Animales domésticos y productos conexos (ND),93.47,95.97,91.41,98.46,100.02,101.48,94.13,96.14,97.03,98.70,97.03,97.03,97.09,97.07,96.23,95.95,95.95,98.16,97.73,98.23,98.23,98.28,98.07,95.86,97.92,95.95,96.63,97.59,97.71,92.90,96.52,95.18,95.98,96.23,95.56,90.84,94.13,95.71,93.98,94.08,93.27,93.14,93.02,90.91,94.26,96.86,95.75,94.61,95.21,96.15,94.88,94.14,96.32,96.28,100.32,100.26,96.39,96.18,95.80,99.83,97.88,96.08,95.81,95.61,95.09,95.08,99.31,99.50,96.95,98.05,97.37,93.96,94.43,96.26,99.25,90.80,99.27,100.38,96.12,102.43,98.82,100.23,100.50,100.54,100.55,95.74,102.64,95.00,103.19,103.13,104.17,97.40,105.07,107.25,107.91,106.49,115.23,113.98,112.43,116.55,104.16,117.45,113.52,114.47,108.23,111.10,113.06,108.75,116.25,109.31,118.13,114.41,120.38,118.58,119.43,111.52,120.97,120.97,121.05,117.64,120.94,107.49,107.18,107.03,107.38,104.05,106.90,103.82,101.12,107.00,106.72,106.54,106.59,101.08,103.80,104.27,98.03,97.27
Subclase,0.00272417,09341,Animales domésticos y productos para mascotas,93.47,95.97,91.41,98.46,100.02,101.48,94.13,96.14,97.03,98.70,97.03,97.03,97.09,97.07,96.23,95.95,95.95,98.16,97.73,98.23,98.23,98.28,98.07,95.86,97.92,95.95,96.63,97.59,97.71,92.90,96.52,95.18,95.98,96.23,95.56,90.84,94.13,95.71,93.98,94.08,93.27,93.14,93.02,90.91,94.26,96.86,95.75,94.61,95.21,96.15,94.88,94.14,96.32,96.28,100.32,100.26,96.39,96.18,95.80,99.83,97.88,96.08,95.81,95.61,95.09,95.08,99.31,99.50,96.95,98.05,97.37,93.96,94.43,96.26,99.25,90.80,99.27,100.38,96.12,102.43,98.82,100.23,100.50,100.54,100.55,95.74,102.64,95.00,103.19,103.13,104.17,97.40,105.07,107.25,107.91,106.49,115.23,113.98,112.43,116.55,104.16,117.45,113.52,114.47,108.23,111.10,113.06,108.75,116.25,109.31,118.13,114.41,120.38,118.58,119.43,111.52,120.97,120.97,121.05,117.64,120.94,107.49,107.18,107.03,107.38,104.05,106.90,103.82,101.12,107.00,106.72,106.54,106.59,101.08,103.80,104.27,98.03,97.27
Producto,0.00272417,09341287,ALIMENTO PREPARADO PARA MASCOTAS,93.47,95.97,91.41,98.46,100.02,101.48,94.13,96.14,97.03,98.70,97.03,97.03,97.09,97.07,96.23,95.95,95.95,98.16,97.73,98.23,98.23,98.28,98.07,95.86,97.92,95.95,96.63,97.59,97.71,92.90,96.52,95.18,95.98,96.23,95.56,90.84,94.13,95.71,93.98,94.08,93.27,93.14,93.02,90.91,94.26,96.86,95.75,94.61,95.21,96.15,94.88,94.14,96.32,96.28,100.32,100.26,96.39,96.18,95.80,99.83,97.88,96.08,95.81,95.61,95.09,95.08,99.31,99.50,96.95,98.05,97.37,93.96,94.43,96.26,99.25,90.80,99.27,100.38,96.12,102.43,98.82,100.23,100.50,100.54,100.55,95.74,102.64,95.00,103.19,103.13,104.17,97.40,105.07,107.25,107.91,106.49,115.23,113.98,112.43,116.55,104.16,117.45,113.52,114.47,108.23,111.10,113.06,108.75,116.25,109.31,118.13,114.41,120.38,118.58,119.43,111.52,120.97,120.97,121.05,117.64,120.94,107.49,107.18,107.03,107.38,104.05,106.90,103.82,101.12,107.00,106.72,106.54,106.59,101.08,103.80,104.27,98.03,97.27
Clase,0.000771121,0935,Servicios de veterinaria y de otro tipo para animales domésticos (S),105.31,105.31,105.31,107.62,108.10,107.90,107.90,108.75,108.75,108.75,109.02,109.02,109.02,109.02,108.53,108.53,108.53,108.53,108.53,108.53,108.53,108.53,108.53,108.66,108.66,108.66,108.66,108.66,108.66,113.47,113.69,113.69,113.69,113.69,113.33,113.33,113.55,113.99,113.99,113.78,113.23,120.51,120.51,120.51,120.72,120.72,120.72,120.68,120.68,120.68,120.74,121.60,121.60,121.60,121.60,121.32,121.32,121.32,121.60,121.60,121.95,121.95,121.95,121.95,121.95,121.95,121.95,121.95,121.95,122.31,124.69,124.69,125.20,125.20,125.20,125.20,125.20,125.20,124.58,124.58,124.58,125.56,126.57,126.35,127.13,126.70,126.70,119.48,119.48,127.15,127.52,134.27,134.27,128.97,128.61,127.33,131.72,131.72,131.72,131.72,131.72,131.93,132.36,132.36,128.71,128.28,132.36,132.36,131.93,131.93,131.93,132.82,132.82,132.82,132.53,132.53,132.53,132.53,133.11,132.68,133.24,133.24,133.24,133.24,133.24,133.24,132.85,133.22,133.22,133.05,133.05,133.05,135.94,136.44,136.99,136.80,136.60,136.60
Subclase,0.000771121,09351,Servicios de veterinario,105.31,105.31,105.31,107.62,108.10,107.90,107.90,108.75,108.75,108.75,109.02,109.02,109.02,109.02,108.53,108.53,108.53,108.53,108.53,108.53,108.53,108.53,108.53,108.66,108.66,108.66,108.66,108.66,108.66,113.47,113.69,113.69,113.69,113.69,113.33,113.33,113.55,113.99,113.99,113.78,113.23,120.51,120.51,120.51,120.72,120.72,120.72,120.68,120.68,120.68,120.74,121.60,121.60,121.60,121.60,121.32,121.32,121.32,121.60,121.60,121.95,121.95,121.95,121.95,121.95,121.95,121.95,121.95,121.95,122.31,124.69,124.69,125.20,125.20,125.20,125.20,125.20,125.20,124.58,124.58,124.58,125.56,126.57,126.35,127.13,126.70,126.70,119.48,119.48,127.15,127.52,134.27,134.27,128.97,128.61,127.33,131.72,131.72,131.72,131.72,131.72,131.93,132.36,132.36,128.71,128.28,132.36,132.36,131.93,131.93,131.93,132.82,132.82,132.82,132.53,132.53,132.53,132.53,133.11,132.68,133.24,133.24,133.24,133.24,133.24,133.24,132.85,133.22,133.22,133.05,133.05,133.05,135.94,136.44,136.99,136.80,136.60,136.60
Producto,0.000771121,09351288,GASTO EN MÉDICO VETERINARIO,105.31,105.31,105.31,107.62,108.10,107.90,107.90,108.75,108.75,108.75,109.02,109.02,109.02,109.02,108.53,108.53,108.53,108.53,108.53,108.53,108.53,108.53,108.53,108.66,108.66,108.66,108.66,108.66,108.66,113.47,113.69,113.69,113.69,113.69,113.33,113.33,113.55,113.99,113.99,113.78,113.23,120.51,120.51,120.51,120.72,120.72,120.72,120.68,120.68,120.68,120.74,121.60,121.60,121.60,121.60,121.32,121.32,121.32,121.60,121.60,121.95,121.95,121.95,121.95,121.95,121.95,121.95,121.95,121.95,122.31,124.69,124.69,125.20,125.20,125.20,125.20,125.20,125.20,124.58,124.58,124.58,125.56,126.57,126.35,127.13,126.70,126.70,119.48,119.48,127.15,127.52,134.27,134.27,128.97,128.61,127.33,131.72,131.72,131.72,131.72,131.72,131.93,132.36,132.36,128.71,128.28,132.36,132.36,131.93,131.93,131.93,132.82,132.82,132.82,132.53,132.53,132.53,132.53,133.11,132.68,133.24,133.24,133.24,133.24,133.24,133.24,132.85,133.22,133.22,133.05,133.05,133.05,135.94,136.44,136.99,136.80,136.60,136.60
Grupo,0.01443332,094,Servicios de recreación y culturales,100.01,99.43,99.32,97.73,98.62,101.29,101.67,101.28,102.15,100.53,100.31,100.26,100.19,101.60,100.91,101.69,101.25,102.42,102.74,103.55,102.85,102.66,103.27,109.36,110.25,108.18,108.73,108.49,109.78,109.71,109.36,109.95,109.03,111.91,106.27,109.07,109.89,109.73,110.40,110.69,110.29,113.12,110.58,111.30,112.37,112.34,112.01,113.08,113.65,112.29,110.85,111.11,113.67,113.67,114.02,113.96,113.39,114.62,115.43,122.93,124.68,116.81,116.46,116.46,116.67,116.67,116.57,116.13,116.18,116.40,115.31,115.36,116.40,116.25,117.59,117.56,117.58,117.47,114.16,114.44,114.52,114.51,112.55,110.75,111.75,111.47,112.13,112.06,112.51,112.39,112.62,114.23,112.95,112.11,113.62,113.61,113.57,111.45,110.90,115.52,114.20,113.49,115.24,119.29,116.49,115.34,116.11,121.64,121.36,124.97,121.32,121.95,119.89,118.13,119.63,122.34,121.17,131.45,127.34,141.72,140.93,128.30,127.03,126.46,131.41,132.78,129.84,133.18,128.63,142.79,130.59,127.78,126.29,126.20,129.01,128.96,126.35,130.46
Clase,0.003092437,0941,Servicios de recreación y deportivos (S),109.84,109.82,109.88,104.04,106.58,114.50,115.68,115.71,119.12,110.03,108.96,108.74,110.15,114.55,110.91,113.93,112.23,113.36,112.32,115.45,112.57,111.69,114.03,137.37,140.58,132.51,132.53,131.59,133.27,136.67,134.79,133.04,130.36,141.51,134.26,132.07,132.13,131.52,133.41,129.44,127.58,137.95,123.79,126.54,130.63,130.53,129.93,134.03,133.29,127.77,122.26,123.26,129.15,129.15,129.57,129.34,130.43,135.15,140.41,169.18,169.22,138.35,137.01,137.01,137.01,137.01,137.01,137.01,137.18,136.80,136.10,136.27,136.66,136.09,136.07,135.98,136.03,135.62,135.46,136.39,136.69,137.40,129.88,129.88,130.36,129.28,131.81,132.79,134.52,134.57,135.81,138.25,133.35,134.47,140.19,140.03,140.00,131.85,129.61,147.35,142.29,139.55,139.55,155.08,144.34,139.92,142.91,164.11,164.08,164.50,153.10,147.34,140.03,130.56,136.05,146.39,141.91,181.35,164.75,219.62,220.35,172.69,167.83,165.65,184.62,189.87,174.77,188.78,171.04,223.88,176.80,164.16,164.33,165.70,176.49,176.27,166.31,182.01
Subclase,0.003092437,09411,Servicio de recreación y deportivos,109.84,109.82,109.88,104.04,106.58,114.50,115.68,115.71,119.12,110.03,108.96,108.74,110.15,114.55,110.91,113.93,112.23,113.36,112.32,115.45,112.57,111.69,114.03,137.37,140.58,132.51,132.53,131.59,133.27,136.67,134.79,133.04,130.36,141.51,134.26,132.07,132.13,131.52,133.41,129.44,127.58,137.95,123.79,126.54,130.63,130.53,129.93,134.03,133.29,127.77,122.26,123.26,129.15,129.15,129.57,129.34,130.43,135.15,140.41,169.18,169.22,138.35,137.01,137.01,137.01,137.01,137.01,137.01,137.18,136.80,136.10,136.27,136.66,136.09,136.07,135.98,136.03,135.62,135.46,136.39,136.69,137.40,129.88,129.88,130.36,129.28,131.81,132.79,134.52,134.57,135.81,138.25,133.35,134.47,140.19,140.03,140.00,131.85,129.61,147.35,142.29,139.55,139.55,155.08,144.34,139.92,142.91,164.11,164.08,164.50,153.10,147.34,140.03,130.56,136.05,146.39,141.91,181.35,164.75,219.62,220.35,172.69,167.83,165.65,184.62,189.87,174.77,188.78,171.04,223.88,176.80,164.16,164.33,165.70,176.49,176.27,166.31,182.01
Producto,0.000644939,09411289,ENTRADA A ESTADIOS DEPORTIVOS,135.54,130.43,130.71,105.20,116.31,150.82,153.22,153.34,168.22,128.60,124.92,125.93,125.93,141.62,124.03,137.20,129.79,129.79,124.03,139.59,127.04,120.82,126.44,228.23,244.28,210.05,221.11,217.24,221.91,237.21,230.99,223.33,209.79,258.41,226.78,217.24,217.24,214.57,219.17,214.32,206.20,238.99,211.53,212.68,219.10,206.53,203.46,221.78,221.78,226.68,203.01,208.19,206.14,206.14,206.77,205.98,201.91,221.68,245.13,379.01,379.01,244.35,238.36,238.36,238.36,238.36,238.36,238.36,238.36,238.36,238.36,238.36,238.36,238.36,238.36,238.36,238.36,238.36,238.36,238.36,238.36,238.36,205.58,205.58,205.58,200.58,211.17,214.95,221.93,221.93,226.50,236.81,215.23,218.72,242.90,242.90,242.90,204.87,194.59,271.23,249.29,239.44,239.44,308.52,259.24,240.24,253.37,345.43,345.43,345.43,295.25,262.96,253.40,211.68,211.68,256.30,236.88,408.87,336.33,575.90,575.90,365.08,342.91,333.40,416.12,440.40,375.79,437.22,359.84,589.52,383.37,328.26,328.26,336.00,383.37,382.44,339.98,408.48
Producto,0.000931613,09411290,GIMNASIO,104.98,104.98,104.98,104.98,104.98,104.98,104.98,104.98,104.98,104.98,104.98,104.43,106.72,109.19,109.36,109.36,109.36,109.36,109.36,109.36,109.49,109.84,112.72,112.72,110.33,109.88,110.21,109.69,109.69,109.69,109.36,109.36,109.36,109.36,109.36,109.36,109.69,109.69,112.58,112.58,112.58,112.58,112.58,112.58,112.58,112.27,112.27,112.27,112.27,112.27,111.94,111.94,111.14,111.14,112.08,112.08,112.08,112.08,112.08,112.38,112.38,112.38,112.52,112.52,112.52,112.52,112.52,112.52,113.08,110.30,109.32,109.23,108.87,108.16,108.16,108.16,108.16,107.82,107.82,110.12,110.53,112.19,112.19,112.19,114.58,114.69,114.77,115.18,114.77,114.77,115.28,115.50,115.64,116.05,116.05,117.17,117.08,118.25,118.42,118.61,118.42,115.74,115.74,115.74,117.03,116.52,116.43,115.93,115.93,116.23,116.23,120.16,120.16,120.50,120.25,119.97,119.89,119.89,120.09,119.89,122.41,124.77,125.29,125.29,125.31,124.12,124.12,123.87,123.87,123.87,123.87,123.87,121.98,119.89,119.34,119.34,118.54,118.54
Producto,0.001023095,09411291,PISCINA Y SITIOS DE RECREACIÓN,100.02,103.49,103.49,103.49,103.49,103.49,105.39,105.39,105.39,105.39,105.39,103.83,105.39,105.66,106.40,106.40,106.40,109.03,109.42,109.45,109.76,109.76,109.78,109.78,110.34,110.08,102.51,102.51,104.32,104.14,104.32,104.32,104.32,104.32,104.32,104.32,104.32,104.32,104.32,95.72,95.72,104.32,80.49,87.77,95.66,104.32,104.62,104.32,101.98,81.88,82.00,81.82,101.67,101.67,101.67,101.67,107.44,108.07,107.72,101.65,101.65,101.65,101.65,101.65,101.65,101.65,101.65,101.65,101.65,101.65,101.65,102.22,103.71,103.21,103.21,102.88,102.96,102.96,102.25,102.25,102.80,102.80,102.80,102.80,102.62,102.62,102.86,102.86,103.61,103.77,103.77,103.43,103.43,103.43,103.98,101.23,101.23,101.91,101.91,102.07,102.07,102.07,102.07,102.07,102.07,102.07,102.07,102.78,102.78,102.92,103.26,103.88,88.47,88.47,105.21,105.53,105.53,105.53,105.53,105.53,105.53,105.53,105.53,105.53,105.53,105.53,105.53,105.53,105.53,105.53,105.83,105.83,107.83,107.90,108.15,108.15,108.15,108.15
Producto,0.00049279,09411292,CLASES DE DEPORTE,101.66,101.66,101.66,101.66,101.66,101.66,101.66,101.66,101.66,101.66,100.12,101.66,103.16,103.16,103.78,103.78,103.78,105.55,106.54,103.57,102.62,105.54,106.98,106.98,107.20,107.20,106.51,107.20,107.20,106.87,104.17,104.17,107.03,107.03,107.03,107.03,106.79,106.79,106.79,106.79,106.79,106.79,107.09,107.53,107.53,107.53,107.53,107.53,107.75,107.99,107.80,106.96,106.96,106.96,106.96,106.66,107.35,107.21,107.21,107.21,107.52,107.52,107.52,107.52,107.52,107.52,107.52,107.52,107.52,110.35,107.60,107.60,107.57,106.29,106.15,106.27,106.41,104.38,104.88,106.61,106.61,108.15,108.15,108.15,107.13,107.38,107.38,107.33,107.33,107.33,107.60,108.47,108.47,109.83,109.83,112.66,112.66,112.66,113.14,113.54,113.70,115.60,115.60,113.54,114.83,115.39,115.39,115.39,115.23,117.09,117.09,119.09,119.07,119.07,119.07,119.64,119.64,119.64,119.47,119.47,119.47,119.47,119.94,119.94,119.94,120.12,118.20,118.20,118.20,119.38,119.97,119.97,120.29,121.47,121.47,121.47,121.47,121.47
Clase,0.009513549,0942,Servicios culturales (S),96.40,95.56,95.37,95.27,95.61,96.51,96.61,96.02,96.00,97.10,97.19,97.19,96.55,96.95,97.32,97.32,97.32,98.61,99.48,99.47,99.54,99.60,99.60,99.60,99.69,99.74,100.54,100.54,101.81,100.39,100.61,102.15,101.82,101.79,96.25,101.22,102.40,102.40,102.67,104.62,104.74,104.93,106.64,106.64,106.64,106.64,106.38,106.38,107.52,107.62,107.62,107.62,109.13,109.12,109.49,109.49,108.22,108.22,107.39,107.39,109.96,110.22,110.22,110.22,110.53,110.53,110.39,109.73,109.75,110.21,108.88,108.88,110.27,110.27,112.25,112.25,112.25,112.25,107.43,107.48,107.48,107.20,107.20,104.54,105.84,105.84,105.84,105.35,105.35,105.16,105.01,106.45,106.45,104.78,104.81,104.85,104.81,104.81,104.86,104.86,104.86,104.86,107.44,107.44,107.44,107.44,107.44,107.44,107.03,112.21,111.20,114.35,114.12,115.17,115.27,115.29,115.29,115.29,115.61,115.71,114.26,113.96,113.96,113.96,113.96,113.96,115.44,114.98,115.08,115.64,115.76,116.47,114.21,113.56,113.56,113.56,113.54,113.56
Subclase,0.009513549,09421,Servicio culturales,96.40,95.56,95.37,95.27,95.61,96.51,96.61,96.02,96.00,97.10,97.19,97.19,96.55,96.95,97.32,97.32,97.32,98.61,99.48,99.47,99.54,99.60,99.60,99.60,99.69,99.74,100.54,100.54,101.81,100.39,100.61,102.15,101.82,101.79,96.25,101.22,102.40,102.40,102.67,104.62,104.74,104.93,106.64,106.64,106.64,106.64,106.38,106.38,107.52,107.62,107.62,107.62,109.13,109.12,109.49,109.49,108.22,108.22,107.39,107.39,109.96,110.22,110.22,110.22,110.53,110.53,110.39,109.73,109.75,110.21,108.88,108.88,110.27,110.27,112.25,112.25,112.25,112.25,107.43,107.48,107.48,107.20,107.20,104.54,105.84,105.84,105.84,105.35,105.35,105.16,105.01,106.45,106.45,104.78,104.81,104.85,104.81,104.81,104.86,104.86,104.86,104.86,107.44,107.44,107.44,107.44,107.44,107.44,107.03,112.21,111.20,114.35,114.12,115.17,115.27,115.29,115.29,115.29,115.61,115.71,114.26,113.96,113.96,113.96,113.96,113.96,115.44,114.98,115.08,115.64,115.76,116.47,114.21,113.56,113.56,113.56,113.54,113.56
Producto,0.001898629,09421293,ENTRADA A CINE,110.20,111.42,111.42,111.42,113.01,113.49,113.63,113.83,113.83,113.97,113.81,113.81,114.60,116.12,118.02,118.02,118.02,118.02,118.02,118.02,118.02,118.23,118.23,118.23,118.23,118.23,118.23,118.23,118.44,118.92,120.65,120.65,120.65,120.65,94.38,120.65,120.65,120.65,120.65,120.65,120.65,121.65,122.13,122.13,122.13,122.13,122.13,122.13,122.13,122.13,122.13,122.13,122.13,122.12,123.99,123.99,123.99,123.99,123.99,123.99,123.99,123.99,123.99,123.99,123.99,123.99,123.26,119.88,121.57,123.97,117.12,117.12,118.22,118.22,128.40,128.40,128.40,128.40,127.23,127.48,127.48,127.27,127.27,127.53,127.78,127.78,127.78,127.78,127.78,127.78,127.78,127.78,127.78,127.78,127.78,128.00,127.78,127.78,127.78,127.78,127.78,127.78,142.86,142.86,142.86,142.86,142.86,142.86,140.74,142.80,140.42,147.08,147.35,147.35,147.35,147.42,147.42,147.42,147.63,148.15,148.42,148.42,148.42,148.42,148.42,148.42,148.68,149.21,149.74,149.74,150.31,150.31,150.31,150.31,150.31,150.31,150.24,150.31
Producto,0.001687345,09421294,ENTRADA A DISCOTECA,93.14,92.18,92.78,92.55,92.55,92.55,92.55,93.32,93.32,93.32,93.90,93.90,90.15,90.62,90.62,90.62,90.62,90.62,94.73,94.73,95.04,95.04,95.04,95.04,95.44,95.44,94.41,94.41,94.41,94.41,94.41,94.41,93.29,93.29,91.23,90.96,91.29,91.29,91.29,91.90,91.90,91.90,93.96,93.96,93.96,93.96,93.96,93.96,93.96,93.54,93.54,93.54,93.54,93.54,93.54,93.54,93.54,93.54,89.63,89.63,89.63,89.63,89.63,89.63,89.63,89.63,89.63,89.63,89.63,89.63,89.63,89.63,89.63,89.63,89.63,89.63,89.63,89.63,89.63,89.63,89.63,89.63,89.63,88.94,89.16,89.16,89.16,89.16,89.16,89.85,89.16,88.73,88.73,88.73,88.73,88.73,88.73,88.73,88.73,88.73,88.73,88.73,88.73,88.73,88.73,88.73,88.73,88.73,88.73,88.73,88.73,88.73,88.73,92.03,92.03,92.03,92.03,92.03,92.03,92.03,92.03,94.70,94.70,94.70,94.70,94.70,94.70,92.03,92.03,94.70,94.70,98.07,92.03,92.03,92.03,92.03,92.03,92.03
Producto,0.005927575,09421295,GASTO EN TARIFA DE TELEVISIÓN PAGADA,93.05,91.57,91.04,90.96,91.00,92.36,92.49,91.16,91.13,92.93,92.93,92.93,92.93,92.93,92.93,92.93,92.93,95.10,95.10,95.10,95.10,95.14,95.14,95.14,95.14,95.22,96.94,96.94,99.00,96.47,96.26,98.86,98.70,98.64,98.64,98.52,100.39,100.39,100.83,103.90,104.10,104.10,106.08,106.08,106.08,106.08,105.64,105.64,107.56,107.87,107.87,107.87,110.42,110.42,110.42,110.42,108.28,108.28,108.28,108.28,112.60,113.04,113.04,113.04,113.56,113.56,113.56,113.56,113.04,113.04,113.04,113.04,115.01,115.01,115.01,115.01,115.01,115.01,107.29,107.29,107.29,106.89,106.89,102.58,104.59,104.59,104.59,103.77,103.77,103.20,103.20,105.78,105.78,102.96,103.01,103.01,103.01,103.01,103.10,103.10,103.10,103.10,102.52,102.52,102.52,102.52,102.52,102.52,102.52,110.56,109.63,112.75,112.28,112.88,113.05,113.05,113.05,113.05,113.52,113.52,111.00,109.54,109.54,109.54,109.54,109.54,111.95,111.95,111.95,111.95,111.95,111.95,110.30,109.20,109.20,109.20,109.20,109.20
Clase,0.001827335,0943,Juegos de azar (S),98.06,98.06,98.06,98.06,98.06,98.06,98.06,98.06,98.06,98.06,98.06,98.06,98.06,98.06,98.06,98.06,98.06,98.06,98.06,98.06,98.06,98.06,98.06,98.06,98.06,98.06,98.06,98.06,98.06,98.06,98.06,98.06,98.06,98.06,98.06,98.06,98.06,98.06,98.06,98.06,98.06,98.06,98.06,98.06,98.06,98.06,98.06,98.06,98.06,98.06,98.06,98.06,98.06,98.06,98.06,98.06,98.06,98.06,98.06,98.06,98.06,98.06,98.06,98.06,98.06,98.06,98.06,98.06,98.06,98.06,98.06,98.06,98.06,98.06,98.06,98.06,98.06,98.06,98.06,98.06,98.06,98.06,98.06,98.06,98.06,98.06,98.06,98.06,98.06,98.06,98.06,98.06,98.06,98.06,98.06,98.06,98.06,98.06,98.06,98.06,98.06,98.06,98.06,98.06,98.06,98.06,98.06,98.06,98.06,98.06,98.06,98.06,98.06,98.06,98.06,98.06,98.06,98.06,98.06,98.06,98.06,98.06,98.06,98.06,98.06,98.06,98.06,98.06,98.06,98.06,98.06,98.06,98.06,98.06,98.06,98.06,98.06,98.06
Subclase,0.001827335,09431,Juegos de azar,98.06,98.06,98.06,98.06,98.06,98.06,98.06,98.06,98.06,98.06,98.06,98.06,98.06,98.06,98.06,98.06,98.06,98.06,98.06,98.06,98.06,98.06,98.06,98.06,98.06,98.06,98.06,98.06,98.06,98.06,98.06,98.06,98.06,98.06,98.06,98.06,98.06,98.06,98.06,98.06,98.06,98.06,98.06,98.06,98.06,98.06,98.06,98.06,98.06,98.06,98.06,98.06,98.06,98.06,98.06,98.06,98.06,98.06,98.06,98.06,98.06,98.06,98.06,98.06,98.06,98.06,98.06,98.06,98.06,98.06,98.06,98.06,98.06,98.06,98.06,98.06,98.06,98.06,98.06,98.06,98.06,98.06,98.06,98.06,98.06,98.06,98.06,98.06,98.06,98.06,98.06,98.06,98.06,98.06,98.06,98.06,98.06,98.06,98.06,98.06,98.06,98.06,98.06,98.06,98.06,98.06,98.06,98.06,98.06,98.06,98.06,98.06,98.06,98.06,98.06,98.06,98.06,98.06,98.06,98.06,98.06,98.06,98.06,98.06,98.06,98.06,98.06,98.06,98.06,98.06,98.06,98.06,98.06,98.06,98.06,98.06,98.06,98.06
Producto,0.001827335,09431296,BILLETE DE  LOTERÍA,98.06,98.06,98.06,98.06,98.06,98.06,98.06,98.06,98.06,98.06,98.06,98.06,98.06,98.06,98.06,98.06,98.06,98.06,98.06,98.06,98.06,98.06,98.06,98.06,98.06,98.06,98.06,98.06,98.06,98.06,98.06,98.06,98.06,98.06,98.06,98.06,98.06,98.06,98.06,98.06,98.06,98.06,98.06,98.06,98.06,98.06,98.06,98.06,98.06,98.06,98.06,98.06,98.06,98.06,98.06,98.06,98.06,98.06,98.06,98.06,98.06,98.06,98.06,98.06,98.06,98.06,98.06,98.06,98.06,98.06,98.06,98.06,98.06,98.06,98.06,98.06,98.06,98.06,98.06,98.06,98.06,98.06,98.06,98.06,98.06,98.06,98.06,98.06,98.06,98.06,98.06,98.06,98.06,98.06,98.06,98.06,98.06,98.06,98.06,98.06,98.06,98.06,98.06,98.06,98.06,98.06,98.06,98.06,98.06,98.06,98.06,98.06,98.06,98.06,98.06,98.06,98.06,98.06,98.06,98.06,98.06,98.06,98.06,98.06,98.06,98.06,98.06,98.06,98.06,98.06,98.06,98.06,98.06,98.06,98.06,98.06,98.06,98.06
Grupo,0.014440807,095,"Periódicos, libros y papeles y útiles de oficina",98.64,98.95,98.95,98.68,98.58,98.58,98.61,98.62,97.86,97.80,97.85,97.85,97.77,97.77,97.78,98.22,98.21,98.20,98.53,98.49,99.95,99.93,99.56,99.73,99.65,99.65,99.36,99.35,99.36,99.24,99.19,99.19,99.14,99.10,99.22,99.19,100.45,101.24,101.28,101.28,101.29,101.29,101.24,101.24,100.40,100.48,100.48,100.47,100.62,100.60,100.66,100.72,100.71,100.76,100.76,100.63,100.38,100.57,100.37,100.37,100.37,100.37,100.37,100.37,100.37,100.37,100.37,100.37,100.61,100.58,100.48,100.52,100.45,100.45,99.99,100.11,100.15,100.15,100.15,100.17,98.42,98.60,98.56,98.53,98.57,98.57,98.57,98.60,98.65,98.65,98.67,100.48,102.28,102.45,102.43,102.46,102.51,102.57,102.57,102.57,102.57,102.71,102.63,102.70,102.58,101.83,102.02,102.23,102.23,102.23,102.23,102.59,102.60,102.68,102.68,102.69,103.51,103.54,103.52,103.52,103.53,103.53,103.56,103.56,103.56,103.62,103.58,103.63,102.40,102.32,102.33,102.34,102.36,102.30,102.26,102.28,102.30,104.60
Clase,0.008312593,0951,Libros (SD),98.33,98.44,98.44,98.31,98.15,98.15,98.20,98.21,96.22,96.10,96.17,96.17,96.04,96.04,96.06,96.88,96.88,96.88,97.31,97.24,98.44,98.63,98.14,98.42,98.29,98.29,97.81,97.79,97.81,97.74,97.72,97.72,97.28,97.18,97.19,97.16,97.20,97.86,97.81,97.81,97.83,97.83,97.75,97.75,96.53,96.54,96.54,96.54,96.79,96.76,96.76,96.86,96.86,96.94,96.94,96.73,96.97,97.03,97.03,97.03,97.03,97.03,97.05,97.05,97.04,97.04,97.04,97.04,97.38,97.50,97.40,97.47,97.47,97.47,96.70,96.89,96.96,96.96,96.96,96.97,94.05,94.29,94.20,94.15,94.23,94.23,94.24,94.27,94.35,94.35,94.35,94.10,95.70,95.70,95.44,95.50,95.49,95.58,95.58,95.58,95.58,95.81,95.69,95.80,96.27,95.46,95.75,96.10,96.10,96.10,96.10,96.10,96.10,96.10,96.10,96.12,96.68,96.69,96.69,96.69,96.69,96.68,96.74,96.74,96.74,96.82,96.75,96.84,95.34,95.36,95.34,95.35,95.36,95.29,95.22,95.25,95.26,95.24
Subclase,0.008312593,09511,Libros,98.33,98.44,98.44,98.31,98.15,98.15,98.20,98.21,96.22,96.10,96.17,96.17,96.04,96.04,96.06,96.88,96.88,96.88,97.31,97.24,98.44,98.63,98.14,98.42,98.29,98.29,97.81,97.79,97.81,97.74,97.72,97.72,97.28,97.18,97.19,97.16,97.20,97.86,97.81,97.81,97.83,97.83,97.75,97.75,96.53,96.54,96.54,96.54,96.79,96.76,96.76,96.86,96.86,96.94,96.94,96.73,96.97,97.03,97.03,97.03,97.03,97.03,97.05,97.05,97.04,97.04,97.04,97.04,97.38,97.50,97.40,97.47,97.47,97.47,96.70,96.89,96.96,96.96,96.96,96.97,94.05,94.29,94.20,94.15,94.23,94.23,94.24,94.27,94.35,94.35,94.35,94.10,95.70,95.70,95.44,95.50,95.49,95.58,95.58,95.58,95.58,95.81,95.69,95.80,96.27,95.46,95.75,96.10,96.10,96.10,96.10,96.10,96.10,96.10,96.10,96.12,96.68,96.69,96.69,96.69,96.69,96.68,96.74,96.74,96.74,96.82,96.75,96.84,95.34,95.36,95.34,95.35,95.36,95.29,95.22,95.25,95.26,95.24
Producto,0.001081267,09511297,LIBROS Y ENCICLOPEDIAS,98.87,99.52,99.52,98.73,97.82,97.82,98.08,98.16,97.53,97.60,97.91,97.91,97.16,97.16,97.26,102.01,102.01,102.01,104.52,104.09,104.35,104.44,104.10,105.73,104.93,104.93,102.20,102.10,102.16,101.77,101.69,101.69,102.12,101.98,101.98,101.84,102.07,105.83,105.57,105.54,105.66,105.66,105.23,105.23,104.09,103.65,103.65,103.65,105.09,104.95,104.95,105.50,105.50,105.97,105.98,104.77,106.25,106.25,106.25,106.25,106.25,106.25,106.33,106.33,106.31,106.31,106.31,106.32,106.32,106.12,106.12,106.54,106.54,106.54,102.08,103.21,103.62,103.62,103.62,103.65,101.91,103.01,103.01,102.77,103.20,103.20,103.25,103.42,103.91,103.91,103.91,102.48,102.87,102.79,102.66,103.02,102.91,103.44,103.44,103.44,103.44,104.79,104.07,104.71,104.71,104.78,104.76,106.75,106.75,106.75,106.75,106.75,106.75,106.75,106.79,106.90,106.90,106.94,106.94,106.94,106.94,106.88,107.20,107.20,107.20,107.68,107.30,107.81,108.04,107.98,108.02,108.05,108.15,107.71,107.33,107.49,107.52,107.44
Producto,0.007231326,09511298,TEXTOS DE ENSEÑANZA DE TODO NIVEL EDUCATIVO,98.22,98.22,98.22,98.22,98.22,98.22,98.22,98.22,95.94,95.79,95.80,95.80,95.80,95.80,95.80,95.80,95.80,95.80,95.80,95.80,97.20,97.42,96.89,96.89,96.89,96.89,96.89,96.89,96.89,96.89,96.89,96.89,96.27,96.18,96.18,96.18,96.18,96.18,96.18,96.18,96.18,96.18,96.18,96.18,94.95,95.05,95.05,95.05,95.05,95.05,95.05,95.05,95.05,95.05,95.05,95.05,95.03,95.10,95.10,95.10,95.10,95.10,95.10,95.10,95.10,95.10,95.10,95.10,95.51,95.69,95.57,95.57,95.57,95.57,95.57,95.57,95.57,95.57,95.57,95.57,92.40,92.46,92.35,92.35,92.35,92.35,92.35,92.35,92.35,92.35,92.35,92.35,94.20,94.22,93.93,93.93,93.93,93.93,93.93,93.93,93.93,93.93,93.93,93.93,94.50,93.50,93.86,93.86,93.86,93.86,93.86,93.86,93.86,93.86,93.86,93.86,94.54,94.54,94.54,94.54,94.54,94.54,94.54,94.54,94.54,94.54,94.54,94.54,92.68,92.71,92.68,92.68,92.68,92.68,92.68,92.68,92.68,92.68
Clase,0.00347219,0952,Diarios y periódicos (ND),100.60,101.72,101.72,100.84,100.84,100.84,100.84,100.84,100.84,100.25,100.25,100.25,100.25,100.25,100.25,100.00,99.92,99.89,100.23,100.23,100.33,100.33,100.36,100.36,100.36,100.36,100.37,100.36,100.37,100.01,99.82,99.82,99.82,99.79,99.79,99.76,105.53,107.38,107.70,107.70,107.70,107.70,107.70,107.70,107.70,107.70,107.70,107.65,107.65,107.65,107.94,107.94,107.87,107.89,107.87,107.87,107.87,107.87,107.83,107.83,107.83,107.83,107.83,107.83,107.83,107.83,107.83,107.83,107.83,107.83,107.83,107.83,107.51,107.51,107.51,107.51,107.51,107.51,107.51,107.59,107.59,107.59,107.59,107.59,107.55,107.55,107.55,107.60,107.60,107.60,107.68,116.86,116.57,116.57,116.57,116.57,116.86,116.86,116.86,116.86,116.86,116.86,116.86,116.86,116.86,116.80,116.80,116.80,116.80,116.80,116.80,118.48,118.54,118.90,118.90,118.90,118.90,118.90,118.79,118.79,118.85,118.86,118.86,118.86,118.86,118.90,118.90,118.90,118.83,118.89,118.89,118.89,118.94,118.86,118.86,118.88,118.99,129.78
Subclase,0.00347219,09521,Diarios y periódicos,100.60,101.72,101.72,100.84,100.84,100.84,100.84,100.84,100.84,100.25,100.25,100.25,100.25,100.25,100.25,100.00,99.92,99.89,100.23,100.23,100.33,100.33,100.36,100.36,100.36,100.36,100.37,100.36,100.37,100.01,99.82,99.82,99.82,99.79,99.79,99.76,105.53,107.38,107.70,107.70,107.70,107.70,107.70,107.70,107.70,107.70,107.70,107.65,107.65,107.65,107.94,107.94,107.87,107.89,107.87,107.87,107.87,107.87,107.83,107.83,107.83,107.83,107.83,107.83,107.83,107.83,107.83,107.83,107.83,107.83,107.83,107.83,107.51,107.51,107.51,107.51,107.51,107.51,107.51,107.59,107.59,107.59,107.59,107.59,107.55,107.55,107.55,107.60,107.60,107.60,107.68,116.86,116.57,116.57,116.57,116.57,116.86,116.86,116.86,116.86,116.86,116.86,116.86,116.86,116.86,116.80,116.80,116.80,116.80,116.80,116.80,118.48,118.54,118.90,118.90,118.90,118.90,118.90,118.79,118.79,118.85,118.86,118.86,118.86,118.86,118.90,118.90,118.90,118.83,118.89,118.89,118.89,118.94,118.86,118.86,118.88,118.99,129.78
Producto,0.00347219,09521299,PERIÓDICOS Y REVISTAS,100.60,101.72,101.72,100.84,100.84,100.84,100.84,100.84,100.84,100.25,100.25,100.25,100.25,100.25,100.25,100.00,99.92,99.89,100.23,100.23,100.33,100.33,100.36,100.36,100.36,100.36,100.37,100.36,100.37,100.01,99.82,99.82,99.82,99.79,99.79,99.76,105.53,107.38,107.70,107.70,107.70,107.70,107.70,107.70,107.70,107.70,107.70,107.65,107.65,107.65,107.94,107.94,107.87,107.89,107.87,107.87,107.87,107.87,107.83,107.83,107.83,107.83,107.83,107.83,107.83,107.83,107.83,107.83,107.83,107.83,107.83,107.83,107.51,107.51,107.51,107.51,107.51,107.51,107.51,107.59,107.59,107.59,107.59,107.59,107.55,107.55,107.55,107.60,107.60,107.60,107.68,116.86,116.57,116.57,116.57,116.57,116.86,116.86,116.86,116.86,116.86,116.86,116.86,116.86,116.86,116.80,116.80,116.80,116.80,116.80,116.80,118.48,118.54,118.90,118.90,118.90,118.90,118.90,118.79,118.79,118.85,118.86,118.86,118.86,118.86,118.90,118.90,118.90,118.83,118.89,118.89,118.89,118.94,118.86,118.86,118.88,118.99,129.78
Clase,0.002656024,0954,Papel y útiles de oficina y materiales de dibujo (ND),97.36,97.36,97.36,97.36,97.36,97.36,97.36,97.36,99.83,100.54,100.60,100.60,100.60,100.60,100.60,100.60,100.60,100.60,100.60,100.60,104.51,103.77,103.35,103.35,103.35,103.35,103.35,103.35,103.35,103.35,103.35,103.35,104.50,104.65,105.28,105.28,105.28,105.28,105.28,105.28,105.28,105.28,105.28,105.28,104.68,105.10,105.10,105.10,105.10,105.10,105.10,105.10,105.10,105.10,105.10,105.10,102.90,103.76,102.69,102.69,102.69,102.69,102.69,102.69,102.69,102.69,102.69,102.69,102.85,102.32,102.10,102.10,102.10,102.10,102.10,102.10,102.10,102.10,102.10,102.10,102.21,102.36,102.45,102.45,102.45,102.45,102.45,102.45,102.45,102.45,102.45,102.45,107.36,108.30,109.04,109.04,109.04,109.04,109.04,109.04,109.04,109.04,109.04,109.04,106.79,105.46,105.52,105.52,105.52,105.52,105.52,105.52,105.52,105.52,105.52,105.52,108.14,108.29,108.29,108.29,108.29,108.29,108.29,108.29,108.29,108.29,108.29,108.29,106.61,106.03,106.16,106.16,106.16,106.16,106.16,106.16,106.16,106.16
Subclase,0.002656024,09541,Papel y útiles de oficina y materiales de dibujo,97.36,97.36,97.36,97.36,97.36,97.36,97.36,97.36,99.83,100.54,100.60,100.60,100.60,100.60,100.60,100.60,100.60,100.60,100.60,100.60,104.51,103.77,103.35,103.35,103.35,103.35,103.35,103.35,103.35,103.35,103.35,103.35,104.50,104.65,105.28,105.28,105.28,105.28,105.28,105.28,105.28,105.28,105.28,105.28,104.68,105.10,105.10,105.10,105.10,105.10,105.10,105.10,105.10,105.10,105.10,105.10,102.90,103.76,102.69,102.69,102.69,102.69,102.69,102.69,102.69,102.69,102.69,102.69,102.85,102.32,102.10,102.10,102.10,102.10,102.10,102.10,102.10,102.10,102.10,102.10,102.21,102.36,102.45,102.45,102.45,102.45,102.45,102.45,102.45,102.45,102.45,102.45,107.36,108.30,109.04,109.04,109.04,109.04,109.04,109.04,109.04,109.04,109.04,109.04,106.79,105.46,105.52,105.52,105.52,105.52,105.52,105.52,105.52,105.52,105.52,105.52,108.14,108.29,108.29,108.29,108.29,108.29,108.29,108.29,108.29,108.29,108.29,108.29,106.61,106.03,106.16,106.16,106.16,106.16,106.16,106.16,106.16,106.16
Producto,0.001028735,09541300,CUADERNOS,98.87,98.87,98.87,98.87,98.87,98.87,98.87,98.87,98.33,98.33,98.33,98.33,98.33,98.33,98.33,98.33,98.33,98.33,98.33,98.33,100.02,98.60,98.60,98.60,98.60,98.60,98.60,98.60,98.60,98.60,98.60,98.60,100.22,100.47,100.88,100.88,100.88,100.88,100.88,100.88,100.88,100.88,100.88,100.88,98.89,99.19,99.19,99.19,99.19,99.19,99.19,99.19,99.19,99.19,99.19,99.19,98.85,98.85,98.91,98.91,98.91,98.91,98.91,98.91,98.91,98.91,98.91,98.91,97.19,96.99,96.99,96.99,96.99,96.99,96.99,96.99,96.99,96.99,96.99,96.99,97.74,97.37,97.29,97.29,97.29,97.29,97.29,97.29,97.29,97.29,97.29,97.29,101.19,102.26,103.88,103.88,103.88,103.88,103.88,103.88,103.88,103.88,103.88,103.88,93.95,91.04,91.04,91.04,91.04,91.04,91.04,91.04,91.04,91.04,91.04,91.04,90.16,89.65,89.65,89.65,89.65,89.65,89.65,89.65,89.65,89.65,89.65,89.65,87.29,86.16,86.16,86.16,86.16,86.16,86.16,86.16,86.16,86.16
Producto,0.000636456,09541301,BOLÍGRAFOS,93.93,93.93,93.93,93.93,93.93,93.93,93.93,93.93,101.56,103.12,103.12,103.12,103.12,103.12,103.12,103.12,103.12,103.12,103.12,103.12,106.82,106.40,105.99,105.99,105.99,105.99,105.99,105.99,105.99,105.99,105.99,105.99,106.77,106.77,107.87,107.87,107.87,107.87,107.87,107.87,107.87,107.87,107.87,107.87,107.25,107.25,107.25,107.25,107.25,107.25,107.25,107.25,107.25,107.25,107.25,107.25,105.20,104.90,103.67,103.67,103.67,103.67,103.67,103.67,103.67,103.67,103.67,103.67,105.16,105.54,106.28,106.28,106.28,106.28,106.28,106.28,106.28,106.28,106.28,106.28,105.38,105.36,105.36,105.36,105.36,105.36,105.36,105.36,105.36,105.36,105.36,105.36,107.63,107.63,107.63,107.63,107.63,107.63,107.63,107.63,107.63,107.63,107.63,107.63,109.49,109.49,109.49,109.49,109.49,109.49,109.49,109.49,109.49,109.49,109.49,109.49,114.85,115.39,115.39,115.39,115.39,115.39,115.39,115.39,115.39,115.39,115.39,115.39,113.30,113.30,113.36,113.36,113.36,113.36,113.36,113.36,113.36,113.36
Producto,0.000990832,09541302,ÚTILES ESCOLARES,98.04,98.04,98.04,98.04,98.04,98.04,98.04,98.04,100.13,100.97,101.11,101.11,101.11,101.11,101.11,101.11,101.11,101.11,101.11,101.11,107.08,106.74,105.95,105.95,105.95,105.95,105.95,105.95,105.95,105.95,105.95,105.95,106.91,107.05,107.59,107.59,107.59,107.59,107.59,107.59,107.59,107.59,107.59,107.59,108.21,108.99,108.99,108.99,108.99,108.99,108.99,108.99,108.99,108.99,108.99,108.99,105.07,107.37,105.40,105.40,105.40,105.40,105.40,105.40,105.40,105.40,105.40,105.40,106.43,105.07,104.10,104.10,104.10,104.10,104.10,104.10,104.10,104.10,104.10,104.10,104.25,104.97,105.25,105.25,105.25,105.25,105.25,105.25,105.25,105.25,105.25,105.25,112.56,113.94,114.33,114.33,114.33,114.33,114.33,114.33,114.33,114.33,114.33,114.33,116.36,115.65,115.78,115.78,115.78,115.78,115.78,115.78,115.78,115.78,115.78,115.78,119.87,120.37,120.37,120.37,120.37,120.37,120.37,120.37,120.37,120.37,120.37,120.37,119.50,119.07,119.36,119.36,119.36,119.36,119.36,119.36,119.36,119.36
Grupo,0.002125104,096,Paquetes turísticos,104.64,103.86,104.02,104.02,105.71,106.67,94.72,99.23,95.01,94.87,96.23,100.12,96.14,89.96,92.70,91.54,90.98,94.52,90.93,88.11,89.02,90.33,91.00,99.10,91.64,92.74,86.52,86.58,86.81,88.51,93.01,89.98,92.19,87.70,87.27,110.24,90.79,89.34,87.93,88.63,87.21,90.51,92.79,93.05,87.67,87.41,87.08,95.91,88.78,90.12,89.03,89.86,90.44,91.67,93.66,93.60,90.55,87.20,83.64,97.87,90.80,91.98,90.04,90.04,90.04,90.04,90.04,90.04,85.05,87.22,78.74,83.06,80.67,78.95,79.03,80.98,80.05,79.50,80.65,84.37,85.87,85.14,85.33,88.45,81.19,79.95,79.32,80.36,77.46,74.34,79.19,81.05,81.83,80.94,76.76,80.30,75.54,78.39,76.51,77.45,77.50,75.56,80.19,79.84,77.64,78.49,74.03,78.60,76.02,74.51,74.66,77.66,77.99,77.13,78.62,78.04,76.66,75.45,76.84,80.90,73.45,73.69,73.44,72.13,71.83,71.53,75.51,76.74,71.76,71.50,73.85,79.87,77.81,76.57,77.70,79.86,79.93,80.52
Clase,0.002125104,0960,Paquetes turísticos (S),104.64,103.86,104.02,104.02,105.71,106.67,94.72,99.23,95.01,94.87,96.23,100.12,96.14,89.96,92.70,91.54,90.98,94.52,90.93,88.11,89.02,90.33,91.00,99.10,91.64,92.74,86.52,86.58,86.81,88.51,93.01,89.98,92.19,87.70,87.27,110.24,90.79,89.34,87.93,88.63,87.21,90.51,92.79,93.05,87.67,87.41,87.08,95.91,88.78,90.12,89.03,89.86,90.44,91.67,93.66,93.60,90.55,87.20,83.64,97.87,90.80,91.98,90.04,90.04,90.04,90.04,90.04,90.04,85.05,87.22,78.74,83.06,80.67,78.95,79.03,80.98,80.05,79.50,80.65,84.37,85.87,85.14,85.33,88.45,81.19,79.95,79.32,80.36,77.46,74.34,79.19,81.05,81.83,80.94,76.76,80.30,75.54,78.39,76.51,77.45,77.50,75.56,80.19,79.84,77.64,78.49,74.03,78.60,76.02,74.51,74.66,77.66,77.99,77.13,78.62,78.04,76.66,75.45,76.84,80.90,73.45,73.69,73.44,72.13,71.83,71.53,75.51,76.74,71.76,71.50,73.85,79.87,77.81,76.57,77.70,79.86,79.93,80.52
Subclase,0.002125104,09601,Paquetes turísticos,104.64,103.86,104.02,104.02,105.71,106.67,94.72,99.23,95.01,94.87,96.23,100.12,96.14,89.96,92.70,91.54,90.98,94.52,90.93,88.11,89.02,90.33,91.00,99.10,91.64,92.74,86.52,86.58,86.81,88.51,93.01,89.98,92.19,87.70,87.27,110.24,90.79,89.34,87.93,88.63,87.21,90.51,92.79,93.05,87.67,87.41,87.08,95.91,88.78,90.12,89.03,89.86,90.44,91.67,93.66,93.60,90.55,87.20,83.64,97.87,90.80,91.98,90.04,90.04,90.04,90.04,90.04,90.04,85.05,87.22,78.74,83.06,80.67,78.95,79.03,80.98,80.05,79.50,80.65,84.37,85.87,85.14,85.33,88.45,81.19,79.95,79.32,80.36,77.46,74.34,79.19,81.05,81.83,80.94,76.76,80.30,75.54,78.39,76.51,77.45,77.50,75.56,80.19,79.84,77.64,78.49,74.03,78.60,76.02,74.51,74.66,77.66,77.99,77.13,78.62,78.04,76.66,75.45,76.84,80.90,73.45,73.69,73.44,72.13,71.83,71.53,75.51,76.74,71.76,71.50,73.85,79.87,77.81,76.57,77.70,79.86,79.93,80.52
Producto,0.002125104,09601303,PAQUETE DE VACACIONES,104.64,103.86,104.02,104.02,105.71,106.67,94.72,99.23,95.01,94.87,96.23,100.12,96.14,89.96,92.70,91.54,90.98,94.52,90.93,88.11,89.02,90.33,91.00,99.10,91.64,92.74,86.52,86.58,86.81,88.51,93.01,89.98,92.19,87.70,87.27,110.24,90.79,89.34,87.93,88.63,87.21,90.51,92.79,93.05,87.67,87.41,87.08,95.91,88.78,90.12,89.03,89.86,90.44,91.67,93.66,93.60,90.55,87.20,83.64,97.87,90.80,91.98,90.04,90.04,90.04,90.04,90.04,90.04,85.05,87.22,78.74,83.06,80.67,78.95,79.03,80.98,80.05,79.50,80.65,84.37,85.87,85.14,85.33,88.45,81.19,79.95,79.32,80.36,77.46,74.34,79.19,81.05,81.83,80.94,76.76,80.30,75.54,78.39,76.51,77.45,77.50,75.56,80.19,79.84,77.64,78.49,74.03,78.60,76.02,74.51,74.66,77.66,77.99,77.13,78.62,78.04,76.66,75.45,76.84,80.90,73.45,73.69,73.44,72.13,71.83,71.53,75.51,76.74,71.76,71.50,73.85,79.87,77.81,76.57,77.70,79.86,79.93,80.52
División,0.050917213,10,Educación,100.36,100.36,100.36,100.61,100.85,100.85,100.85,100.85,103.46,103.56,103.81,103.82,103.78,103.80,103.81,103.64,103.60,103.61,103.72,103.81,107.00,107.02,107.02,107.89,107.67,107.79,107.87,107.87,107.89,107.91,107.91,107.91,111.25,110.90,110.90,110.94,110.94,111.10,111.12,111.12,111.12,111.12,111.12,111.12,111.80,111.88,111.88,111.95,112.36,112.53,112.53,112.55,112.75,112.75,112.75,112.74,115.65,114.88,114.86,114.86,114.97,114.98,114.98,114.88,114.61,114.61,114.61,114.39,109.76,109.34,109.39,109.26,109.35,109.39,109.34,109.34,109.01,109.01,109.01,108.78,111.53,111.55,111.51,111.61,111.57,112.26,112.14,112.27,112.28,112.33,112.37,112.36,117.08,117.05,117.40,117.71,117.73,117.71,117.72,117.72,117.67,117.68,117.72,117.58,117.60,117.60,117.57,117.57,117.58,117.65,117.69,118.15,118.20,118.22,118.21,118.14,120.27,120.28,120.28,120.26,120.27,120.31,120.31,120.27,120.31,120.31,120.34,120.31,121.20,121.67,121.67,121.67,121.67,121.67,121.67,121.67,121.65,121.64
Grupo,0.01460889,101,Enseñanza preescolar y enseñanza primaria,101.91,101.91,101.91,101.91,101.91,101.91,101.91,101.91,103.91,104.42,104.42,104.42,104.42,104.42,104.42,104.42,104.42,104.42,104.42,104.42,107.96,107.99,107.99,107.99,107.99,107.99,107.99,107.99,107.99,107.99,107.99,107.99,114.52,114.52,114.52,114.52,114.52,114.52,114.52,114.52,114.52,114.52,114.52,114.52,115.67,115.67,115.67,115.67,115.67,115.67,115.67,115.67,115.67,115.67,115.67,115.67,121.88,120.05,119.99,119.99,119.99,119.99,119.99,119.99,119.99,119.99,119.99,119.99,113.42,113.18,113.22,113.22,113.22,113.22,113.22,113.22,113.22,113.22,113.22,113.22,118.41,118.47,118.47,118.47,118.47,118.47,118.47,118.47,118.47,118.47,118.47,118.47,125.73,125.73,126.48,126.48,126.48,126.48,126.48,126.48,126.48,126.48,126.48,126.48,128.71,128.71,128.71,128.71,128.71,128.71,128.71,128.71,128.71,128.71,128.71,128.71,132.04,132.03,132.03,132.03,132.03,132.03,132.03,132.03,132.03,132.03,132.03,132.03,134.36,134.33,134.33,134.33,134.33,134.33,134.33,134.33,134.33,134.33
Clase,0.01460889,1010,Enseñanza preescolar y enseñanza primaria (S),101.91,101.91,101.91,101.91,101.91,101.91,101.91,101.91,103.91,104.42,104.42,104.42,104.42,104.42,104.42,104.42,104.42,104.42,104.42,104.42,107.96,107.99,107.99,107.99,107.99,107.99,107.99,107.99,107.99,107.99,107.99,107.99,114.52,114.52,114.52,114.52,114.52,114.52,114.52,114.52,114.52,114.52,114.52,114.52,115.67,115.67,115.67,115.67,115.67,115.67,115.67,115.67,115.67,115.67,115.67,115.67,121.88,120.05,119.99,119.99,119.99,119.99,119.99,119.99,119.99,119.99,119.99,119.99,113.42,113.18,113.22,113.22,113.22,113.22,113.22,113.22,113.22,113.22,113.22,113.22,118.41,118.47,118.47,118.47,118.47,118.47,118.47,118.47,118.47,118.47,118.47,118.47,125.73,125.73,126.48,126.48,126.48,126.48,126.48,126.48,126.48,126.48,126.48,126.48,128.71,128.71,128.71,128.71,128.71,128.71,128.71,128.71,128.71,128.71,128.71,128.71,132.04,132.03,132.03,132.03,132.03,132.03,132.03,132.03,132.03,132.03,132.03,132.03,134.36,134.33,134.33,134.33,134.33,134.33,134.33,134.33,134.33,134.33
Subclase,0.01460889,10101,Enseñanza preescolar y enseñanza primaria,101.91,101.91,101.91,101.91,101.91,101.91,101.91,101.91,103.91,104.42,104.42,104.42,104.42,104.42,104.42,104.42,104.42,104.42,104.42,104.42,107.96,107.99,107.99,107.99,107.99,107.99,107.99,107.99,107.99,107.99,107.99,107.99,114.52,114.52,114.52,114.52,114.52,114.52,114.52,114.52,114.52,114.52,114.52,114.52,115.67,115.67,115.67,115.67,115.67,115.67,115.67,115.67,115.67,115.67,115.67,115.67,121.88,120.05,119.99,119.99,119.99,119.99,119.99,119.99,119.99,119.99,119.99,119.99,113.42,113.18,113.22,113.22,113.22,113.22,113.22,113.22,113.22,113.22,113.22,113.22,118.41,118.47,118.47,118.47,118.47,118.47,118.47,118.47,118.47,118.47,118.47,118.47,125.73,125.73,126.48,126.48,126.48,126.48,126.48,126.48,126.48,126.48,126.48,126.48,128.71,128.71,128.71,128.71,128.71,128.71,128.71,128.71,128.71,128.71,128.71,128.71,132.04,132.03,132.03,132.03,132.03,132.03,132.03,132.03,132.03,132.03,132.03,132.03,134.36,134.33,134.33,134.33,134.33,134.33,134.33,134.33,134.33,134.33
Producto,0.003623628,10101304,EDUCACIÓN INICIAL,102.67,102.67,102.67,102.67,102.67,102.67,102.67,102.67,104.14,104.54,104.54,104.54,104.54,104.54,104.54,104.54,104.54,104.54,104.54,104.54,108.07,108.10,108.10,108.10,108.10,108.10,108.10,108.10,108.10,108.10,108.10,108.10,114.32,114.32,114.32,114.32,114.32,114.32,114.32,114.32,114.32,114.32,114.32,114.32,114.95,114.95,114.95,114.95,114.95,114.95,114.95,114.95,114.95,114.95,114.95,114.95,120.68,119.14,119.09,119.09,119.09,119.09,119.09,119.09,119.09,119.09,119.09,119.09,109.78,109.70,109.75,109.75,109.75,109.75,109.75,109.75,109.75,109.75,109.75,109.75,117.53,117.60,117.60,117.60,117.60,117.60,117.60,117.60,117.60,117.60,117.60,117.60,124.10,124.10,124.74,124.74,124.74,124.74,124.74,124.74,124.74,124.74,124.74,124.74,127.28,127.28,127.28,127.28,127.28,127.28,127.28,127.28,127.28,127.28,127.28,127.28,129.78,129.71,129.71,129.71,129.71,129.71,129.71,129.71,129.71,129.71,129.71,129.71,131.61,131.51,131.51,131.51,131.51,131.51,131.51,131.51,131.51,131.51
Producto,0.010985262,10101305,EDUCACIÓN GENERAL BÁSICA,101.66,101.66,101.66,101.66,101.66,101.66,101.66,101.66,103.84,104.38,104.38,104.38,104.38,104.38,104.38,104.38,104.38,104.38,104.38,104.38,107.92,107.95,107.95,107.95,107.95,107.95,107.95,107.95,107.95,107.95,107.95,107.95,114.59,114.59,114.59,114.59,114.59,114.59,114.59,114.59,114.59,114.59,114.59,114.59,115.91,115.91,115.91,115.91,115.91,115.91,115.91,115.91,115.91,115.91,115.91,115.91,122.27,120.34,120.28,120.28,120.28,120.28,120.28,120.28,120.28,120.28,120.28,120.28,114.60,114.31,114.35,114.35,114.35,114.35,114.35,114.35,114.35,114.35,114.35,114.35,118.70,118.75,118.75,118.75,118.75,118.75,118.75,118.75,118.75,118.75,118.75,118.75,126.26,126.26,127.04,127.04,127.04,127.04,127.04,127.04,127.04,127.04,127.04,127.04,129.18,129.18,129.18,129.18,129.18,129.18,129.18,129.18,129.18,129.18,129.18,129.18,132.77,132.79,132.79,132.79,132.79,132.79,132.79,132.79,132.79,132.79,132.79,132.79,135.26,135.24,135.24,135.24,135.24,135.24,135.24,135.24,135.24,135.24
Grupo,0.012392353,102,Enseñanza secundaria,103.11,103.11,103.11,103.11,103.11,103.11,103.11,103.11,109.79,110.48,110.48,110.48,110.48,110.48,110.48,110.48,110.48,110.48,110.48,110.48,114.49,114.52,114.52,114.52,114.52,114.52,114.52,114.52,114.52,114.52,114.52,114.52,121.65,121.65,121.65,121.65,121.65,121.65,121.65,121.65,121.65,121.65,121.65,121.65,123.00,123.00,123.00,123.00,123.00,123.00,123.00,123.00,123.00,123.00,123.00,123.00,129.58,127.67,127.64,127.64,127.64,127.64,127.64,127.64,127.64,127.64,127.64,127.64,122.19,122.03,122.09,122.09,122.09,122.09,122.09,122.09,122.09,122.09,122.09,122.09,126.24,126.27,126.27,126.27,126.27,126.27,126.27,126.27,126.27,126.27,126.27,126.27,134.36,134.36,135.13,135.13,135.13,135.13,135.13,135.13,135.13,135.13,135.13,135.13,137.52,137.52,137.52,137.52,137.52,137.52,137.52,137.52,137.52,137.52,137.52,137.52,141.54,141.60,141.60,141.60,141.60,141.60,141.60,141.60,141.60,141.60,141.60,141.60,144.76,144.74,144.74,144.74,144.74,144.74,144.74,144.74,144.74,144.74
Clase,0.012392353,1020,Enseñanza secundaria (S),103.11,103.11,103.11,103.11,103.11,103.11,103.11,103.11,109.79,110.48,110.48,110.48,110.48,110.48,110.48,110.48,110.48,110.48,110.48,110.48,114.49,114.52,114.52,114.52,114.52,114.52,114.52,114.52,114.52,114.52,114.52,114.52,121.65,121.65,121.65,121.65,121.65,121.65,121.65,121.65,121.65,121.65,121.65,121.65,123.00,123.00,123.00,123.00,123.00,123.00,123.00,123.00,123.00,123.00,123.00,123.00,129.58,127.67,127.64,127.64,127.64,127.64,127.64,127.64,127.64,127.64,127.64,127.64,122.19,122.03,122.09,122.09,122.09,122.09,122.09,122.09,122.09,122.09,122.09,122.09,126.24,126.27,126.27,126.27,126.27,126.27,126.27,126.27,126.27,126.27,126.27,126.27,134.36,134.36,135.13,135.13,135.13,135.13,135.13,135.13,135.13,135.13,135.13,135.13,137.52,137.52,137.52,137.52,137.52,137.52,137.52,137.52,137.52,137.52,137.52,137.52,141.54,141.60,141.60,141.60,141.60,141.60,141.60,141.60,141.60,141.60,141.60,141.60,144.76,144.74,144.74,144.74,144.74,144.74,144.74,144.74,144.74,144.74
Subclase,0.012392353,10201,Enseñanza secundaria,103.11,103.11,103.11,103.11,103.11,103.11,103.11,103.11,109.79,110.48,110.48,110.48,110.48,110.48,110.48,110.48,110.48,110.48,110.48,110.48,114.49,114.52,114.52,114.52,114.52,114.52,114.52,114.52,114.52,114.52,114.52,114.52,121.65,121.65,121.65,121.65,121.65,121.65,121.65,121.65,121.65,121.65,121.65,121.65,123.00,123.00,123.00,123.00,123.00,123.00,123.00,123.00,123.00,123.00,123.00,123.00,129.58,127.67,127.64,127.64,127.64,127.64,127.64,127.64,127.64,127.64,127.64,127.64,122.19,122.03,122.09,122.09,122.09,122.09,122.09,122.09,122.09,122.09,122.09,122.09,126.24,126.27,126.27,126.27,126.27,126.27,126.27,126.27,126.27,126.27,126.27,126.27,134.36,134.36,135.13,135.13,135.13,135.13,135.13,135.13,135.13,135.13,135.13,135.13,137.52,137.52,137.52,137.52,137.52,137.52,137.52,137.52,137.52,137.52,137.52,137.52,141.54,141.60,141.60,141.60,141.60,141.60,141.60,141.60,141.60,141.60,141.60,141.60,144.76,144.74,144.74,144.74,144.74,144.74,144.74,144.74,144.74,144.74
Producto,0.005629964,10201306,EDUCACIÓN BÁSICA SUPERIOR,102.03,102.03,102.03,102.03,102.03,102.03,102.03,102.03,108.50,109.31,109.31,109.31,109.31,109.31,109.31,109.31,109.31,109.31,109.31,109.31,113.38,113.41,113.41,113.41,113.41,113.41,113.41,113.41,113.41,113.41,113.41,113.41,120.92,120.92,120.92,120.92,120.92,120.92,120.92,120.92,120.92,120.92,120.92,120.92,122.11,122.11,122.11,122.11,122.11,122.11,122.11,122.11,122.11,122.11,122.11,122.11,128.85,126.95,126.88,126.88,126.88,126.88,126.88,126.88,126.88,126.88,126.88,126.88,121.48,121.34,121.40,121.40,121.40,121.40,121.40,121.40,121.40,121.40,121.40,121.40,125.37,125.40,125.40,125.40,125.40,125.40,125.40,125.40,125.40,125.40,125.40,125.40,133.75,133.75,134.50,134.50,134.50,134.50,134.50,134.50,134.50,134.50,134.50,134.50,136.87,136.87,136.87,136.87,136.87,136.87,136.87,136.87,136.87,136.87,136.87,136.87,141.38,141.39,141.39,141.39,141.39,141.39,141.39,141.39,141.39,141.39,141.39,141.39,144.10,144.08,144.08,144.08,144.08,144.08,144.08,144.08,144.08,144.08
Producto,0.006444506,10201307,EDUCACIÓN BACHILLERATO,103.90,103.90,103.90,103.90,103.90,103.90,103.90,103.90,110.92,111.55,111.55,111.55,111.55,111.55,111.55,111.55,111.55,111.55,111.55,111.55,115.54,115.58,115.58,115.58,115.58,115.58,115.58,115.58,115.58,115.58,115.58,115.58,122.63,122.63,122.63,122.63,122.63,122.63,122.63,122.63,122.63,122.63,122.63,122.63,123.83,123.83,123.83,123.83,123.83,123.83,123.83,123.83,123.83,123.83,123.83,123.83,130.66,128.63,128.63,128.63,128.63,128.63,128.63,128.63,128.63,128.63,128.63,128.63,122.79,122.61,122.66,122.66,122.66,122.66,122.66,122.66,122.66,122.66,122.66,122.66,127.22,127.25,127.25,127.25,127.25,127.25,127.25,127.25,127.25,127.25,127.25,127.25,135.30,135.30,136.13,136.13,136.13,136.13,136.13,136.13,136.13,136.13,136.13,136.13,138.50,138.50,138.50,138.50,138.50,138.50,138.50,138.50,138.50,138.50,138.50,138.50,142.69,142.79,142.79,142.79,142.79,142.79,142.79,142.79,142.79,142.79,142.79,142.79,145.47,145.46,145.46,145.46,145.46,145.46,145.46,145.46,145.46,145.46
Producto,0.000317883,10201308,EDUCACIÓN BACHILLERATO A DISTANCIA,104.72,104.72,104.72,104.72,104.72,104.72,104.72,104.72,108.75,108.75,108.75,108.75,108.75,108.75,108.75,108.75,108.75,108.75,108.75,108.75,112.26,112.26,112.26,112.26,112.26,112.26,112.26,112.26,112.26,112.26,112.26,112.26,115.80,115.80,115.80,115.80,115.80,115.80,115.80,115.80,115.80,115.80,115.80,115.80,121.45,121.45,121.45,121.45,121.45,121.45,121.45,121.45,121.45,121.45,121.45,121.45,121.93,121.93,121.93,121.93,121.93,121.93,121.93,121.93,121.93,121.93,121.93,121.93,121.96,121.96,121.96,121.96,121.96,121.96,121.96,121.96,121.96,121.96,121.96,121.96,121.96,121.96,121.96,121.96,121.96,121.96,121.96,121.96,121.96,121.96,121.96,121.96,127.47,127.47,127.47,127.47,127.47,127.47,127.47,127.47,127.47,127.47,127.47,127.47,130.44,130.44,130.44,130.44,130.44,130.44,130.44,130.44,130.44,130.44,130.44,130.44,125.34,125.34,125.34,125.34,125.34,125.34,125.34,125.34,125.34,125.34,125.34,125.34,141.99,141.99,141.99,141.99,141.99,141.99,141.99,141.99,141.99,141.99
Grupo,0.017828756,104,Enseñanza terciaria,98.50,98.50,98.50,98.50,98.50,98.50,98.50,98.50,100.51,100.09,100.09,100.09,100.09,100.09,100.09,100.09,100.09,100.09,100.09,100.09,103.69,103.69,103.69,103.69,103.69,103.69,103.69,103.69,103.69,103.69,103.69,103.69,103.84,102.98,102.98,102.98,102.98,102.98,102.98,102.98,102.98,102.98,102.98,102.98,103.24,103.44,103.44,103.44,103.44,103.44,103.44,103.44,103.44,103.44,103.44,103.44,103.54,103.62,103.62,103.62,103.62,103.62,103.62,103.62,103.62,103.62,103.62,103.62,99.59,98.97,99.02,99.02,99.02,99.02,99.02,99.02,99.02,99.02,99.02,99.02,100.62,100.62,100.62,100.62,100.62,100.62,100.62,100.62,100.62,100.62,100.62,100.62,103.11,103.05,103.05,103.05,103.05,103.05,103.05,103.05,103.05,103.05,103.05,103.05,100.47,100.47,100.47,100.47,100.47,100.47,100.47,100.47,100.47,100.47,100.47,100.47,101.60,101.60,101.60,101.60,101.60,101.60,101.60,101.60,101.60,101.60,101.60,101.60,100.65,101.66,101.66,101.66,101.66,101.66,101.66,101.66,101.66,101.66
Clase,0.017828756,1040,Enseñanza terciaria (S),98.50,98.50,98.50,98.50,98.50,98.50,98.50,98.50,100.51,100.09,100.09,100.09,100.09,100.09,100.09,100.09,100.09,100.09,100.09,100.09,103.69,103.69,103.69,103.69,103.69,103.69,103.69,103.69,103.69,103.69,103.69,103.69,103.84,102.98,102.98,102.98,102.98,102.98,102.98,102.98,102.98,102.98,102.98,102.98,103.24,103.44,103.44,103.44,103.44,103.44,103.44,103.44,103.44,103.44,103.44,103.44,103.54,103.62,103.62,103.62,103.62,103.62,103.62,103.62,103.62,103.62,103.62,103.62,99.59,98.97,99.02,99.02,99.02,99.02,99.02,99.02,99.02,99.02,99.02,99.02,100.62,100.62,100.62,100.62,100.62,100.62,100.62,100.62,100.62,100.62,100.62,100.62,103.11,103.05,103.05,103.05,103.05,103.05,103.05,103.05,103.05,103.05,103.05,103.05,100.47,100.47,100.47,100.47,100.47,100.47,100.47,100.47,100.47,100.47,100.47,100.47,101.60,101.60,101.60,101.60,101.60,101.60,101.60,101.60,101.60,101.60,101.60,101.60,100.65,101.66,101.66,101.66,101.66,101.66,101.66,101.66,101.66,101.66
Subclase,0.017828756,10401,Enseñanza universitaria,98.50,98.50,98.50,98.50,98.50,98.50,98.50,98.50,100.51,100.09,100.09,100.09,100.09,100.09,100.09,100.09,100.09,100.09,100.09,100.09,103.69,103.69,103.69,103.69,103.69,103.69,103.69,103.69,103.69,103.69,103.69,103.69,103.84,102.98,102.98,102.98,102.98,102.98,102.98,102.98,102.98,102.98,102.98,102.98,103.24,103.44,103.44,103.44,103.44,103.44,103.44,103.44,103.44,103.44,103.44,103.44,103.54,103.62,103.62,103.62,103.62,103.62,103.62,103.62,103.62,103.62,103.62,103.62,99.59,98.97,99.02,99.02,99.02,99.02,99.02,99.02,99.02,99.02,99.02,99.02,100.62,100.62,100.62,100.62,100.62,100.62,100.62,100.62,100.62,100.62,100.62,100.62,103.11,103.05,103.05,103.05,103.05,103.05,103.05,103.05,103.05,103.05,103.05,103.05,100.47,100.47,100.47,100.47,100.47,100.47,100.47,100.47,100.47,100.47,100.47,100.47,101.60,101.60,101.60,101.60,101.60,101.60,101.60,101.60,101.60,101.60,101.60,101.60,100.65,101.66,101.66,101.66,101.66,101.66,101.66,101.66,101.66,101.66
Producto,0.012800604,10401309,EDUCACIÓN UNIVERSITARIA PREGRADO,98.63,98.63,98.63,98.63,98.63,98.63,98.63,98.63,101.19,101.59,101.59,101.59,101.59,101.59,101.59,101.59,101.59,101.59,101.59,101.59,104.75,104.75,104.75,104.75,104.75,104.75,104.75,104.75,104.75,104.75,104.75,104.75,104.87,103.69,103.69,103.69,103.69,103.69,103.69,103.69,103.69,103.69,103.69,103.69,104.09,104.63,104.63,104.63,104.63,104.63,104.63,104.63,104.63,104.63,104.63,104.63,104.98,104.91,104.91,104.91,104.91,104.91,104.91,104.91,104.91,104.91,104.91,104.91,98.02,97.16,97.24,97.24,97.24,97.24,97.24,97.24,97.24,97.24,97.24,97.24,99.42,99.42,99.42,99.42,99.42,99.42,99.42,99.42,99.42,99.42,99.42,99.42,102.81,102.73,102.73,102.73,102.73,102.73,102.73,102.73,102.73,102.73,102.73,102.73,103.39,103.39,103.39,103.39,103.39,103.39,103.39,103.39,103.39,103.39,103.39,103.39,105.47,105.47,105.47,105.47,105.47,105.47,105.47,105.47,105.47,105.47,105.47,105.47,105.96,107.34,107.34,107.34,107.34,107.34,107.34,107.34,107.34,107.34
Producto,0.005028152,10401310,EDUCACIÓN UNIVERSITARIA POSTGRADO,98.15,98.15,98.15,98.15,98.15,98.15,98.15,98.15,98.65,95.97,95.97,95.97,95.97,95.97,95.97,95.97,95.97,95.97,95.97,95.97,100.79,100.79,100.79,100.79,100.79,100.79,100.79,100.79,100.79,100.79,100.79,100.79,101.01,101.01,101.01,101.01,101.01,101.01,101.01,101.01,101.01,101.01,101.01,101.01,100.90,100.19,100.19,100.19,100.19,100.19,100.19,100.19,100.19,100.19,100.19,100.19,99.59,100.11,100.11,100.11,100.11,100.11,100.11,100.11,100.11,100.11,100.11,100.11,103.92,103.92,103.92,103.92,103.92,103.92,103.92,103.92,103.92,103.92,103.92,103.92,103.92,103.92,103.92,103.92,103.92,103.92,103.92,103.92,103.92,103.92,103.92,103.92,103.92,103.92,103.92,103.92,103.92,103.92,103.92,103.92,103.92,103.92,103.92,103.92,92.45,92.45,92.45,92.45,92.45,92.45,92.45,92.45,92.45,92.45,92.45,92.45,90.95,90.95,90.95,90.95,90.95,90.95,90.95,90.95,90.95,90.95,90.95,90.95,86.08,86.08,86.08,86.08,86.08,86.08,86.08,86.08,86.08,86.08
Grupo,0.006087215,105,Enseñanza no atribuible a ningún nivel,98.80,98.80,98.80,100.74,102.58,102.58,102.58,102.58,101.95,101.95,103.89,103.95,103.65,103.77,103.87,102.60,102.29,102.33,103.20,103.84,103.84,103.84,103.84,110.59,108.89,109.78,110.44,110.44,110.52,110.73,110.73,110.73,111.70,111.70,111.70,112.04,112.04,113.21,113.40,113.40,113.40,113.40,113.40,113.40,113.40,113.40,113.40,113.89,117.12,118.39,118.42,118.59,120.07,120.07,120.07,119.99,119.32,119.86,119.86,119.86,120.66,120.74,120.77,120.02,117.89,117.89,117.89,116.20,114.90,114.41,114.41,113.45,114.12,114.43,114.00,114.00,111.45,111.45,111.45,109.70,108.93,108.93,108.61,109.35,109.09,114.39,113.45,114.49,114.52,114.96,115.26,115.16,116.49,116.49,116.49,118.85,119.02,118.89,118.95,118.90,118.54,118.60,118.92,117.86,117.86,117.86,117.61,117.61,117.74,118.26,118.59,122.08,122.49,122.64,122.55,122.00,121.92,121.92,121.92,121.77,121.86,122.18,122.18,121.86,122.18,122.18,122.39,122.14,122.38,122.90,122.90,122.90,122.90,122.90,122.90,122.90,122.72,122.70
Clase,0.006087215,1050,Enseñanza no atribuible a ningún nivel (S),98.80,98.80,98.80,100.74,102.58,102.58,102.58,102.58,101.95,101.95,103.89,103.95,103.65,103.77,103.87,102.60,102.29,102.33,103.20,103.84,103.84,103.84,103.84,110.59,108.89,109.78,110.44,110.44,110.52,110.73,110.73,110.73,111.70,111.70,111.70,112.04,112.04,113.21,113.40,113.40,113.40,113.40,113.40,113.40,113.40,113.40,113.40,113.89,117.12,118.39,118.42,118.59,120.07,120.07,120.07,119.99,119.32,119.86,119.86,119.86,120.66,120.74,120.77,120.02,117.89,117.89,117.89,116.20,114.90,114.41,114.41,113.45,114.12,114.43,114.00,114.00,111.45,111.45,111.45,109.70,108.93,108.93,108.61,109.35,109.09,114.39,113.45,114.49,114.52,114.96,115.26,115.16,116.49,116.49,116.49,118.85,119.02,118.89,118.95,118.90,118.54,118.60,118.92,117.86,117.86,117.86,117.61,117.61,117.74,118.26,118.59,122.08,122.49,122.64,122.55,122.00,121.92,121.92,121.92,121.77,121.86,122.18,122.18,121.86,122.18,122.18,122.39,122.14,122.38,122.90,122.90,122.90,122.90,122.90,122.90,122.90,122.72,122.70
Subclase,0.006087215,10501,Enseñanza no atribuible a ningún nivel,98.80,98.80,98.80,100.74,102.58,102.58,102.58,102.58,101.95,101.95,103.89,103.95,103.65,103.77,103.87,102.60,102.29,102.33,103.20,103.84,103.84,103.84,103.84,110.59,108.89,109.78,110.44,110.44,110.52,110.73,110.73,110.73,111.70,111.70,111.70,112.04,112.04,113.21,113.40,113.40,113.40,113.40,113.40,113.40,113.40,113.40,113.40,113.89,117.12,118.39,118.42,118.59,120.07,120.07,120.07,119.99,119.32,119.86,119.86,119.86,120.66,120.74,120.77,120.02,117.89,117.89,117.89,116.20,114.90,114.41,114.41,113.45,114.12,114.43,114.00,114.00,111.45,111.45,111.45,109.70,108.93,108.93,108.61,109.35,109.09,114.39,113.45,114.49,114.52,114.96,115.26,115.16,116.49,116.49,116.49,118.85,119.02,118.89,118.95,118.90,118.54,118.60,118.92,117.86,117.86,117.86,117.61,117.61,117.74,118.26,118.59,122.08,122.49,122.64,122.55,122.00,121.92,121.92,121.92,121.77,121.86,122.18,122.18,121.86,122.18,122.18,122.39,122.14,122.38,122.90,122.90,122.90,122.90,122.90,122.90,122.90,122.72,122.70
Producto,0.001448665,10501311,CURSO DE COMPUTACIÓN,98.06,98.06,98.06,98.06,98.06,98.06,98.06,98.06,94.45,94.45,94.45,94.79,93.10,93.78,93.78,93.78,93.78,93.78,93.78,93.98,93.98,93.98,93.98,103.15,101.23,99.68,103.43,103.43,103.43,104.99,104.99,104.99,104.99,104.99,104.99,103.37,103.37,105.30,105.30,105.30,105.30,105.30,105.30,105.30,105.30,105.30,105.30,105.30,105.30,106.96,106.96,106.96,106.96,106.96,106.96,106.96,105.33,105.31,105.31,105.31,105.31,105.31,105.31,105.31,105.31,105.31,105.31,105.31,105.31,104.26,104.26,104.26,104.26,104.26,104.26,104.26,104.26,104.26,104.26,104.26,102.91,102.91,102.91,102.91,102.91,102.91,102.91,103.28,103.28,103.28,103.25,100.74,100.78,100.78,100.78,100.78,100.78,100.78,101.83,101.54,101.54,101.89,101.89,100.46,100.46,100.46,100.46,100.46,100.46,100.46,100.46,104.69,104.69,104.69,104.69,105.95,105.53,105.53,105.53,105.53,105.53,105.53,105.53,105.53,105.53,105.53,105.53,105.53,105.53,105.53,105.53,105.53,105.53,105.53,105.53,105.53,105.69,105.53
Producto,0.00463855,10501312,CURSO DE IDIOMAS,98.96,98.96,98.96,101.31,103.55,103.55,103.55,103.55,103.55,103.55,105.91,105.91,105.91,105.91,106.03,104.49,104.12,104.17,105.23,105.96,105.96,105.96,105.96,112.18,110.53,111.95,111.95,111.95,112.04,111.96,111.96,111.96,113.14,113.14,113.14,113.90,113.90,114.91,115.14,115.14,115.14,115.14,115.14,115.14,115.14,115.14,115.14,115.73,119.66,120.84,120.87,121.08,122.89,122.89,122.89,122.78,122.32,122.97,122.97,122.97,123.95,124.04,124.08,123.17,120.59,120.59,120.59,118.53,116.95,116.58,116.58,115.42,116.23,116.61,116.09,116.09,112.99,112.99,112.99,110.86,110.21,110.21,109.83,110.73,110.41,116.85,115.71,116.89,116.92,117.46,117.83,118.25,119.86,119.86,119.86,122.73,122.93,122.78,122.62,122.62,122.19,122.19,122.57,121.58,121.58,121.58,121.28,121.28,121.44,122.08,122.47,125.81,126.30,126.49,126.38,125.43,125.43,125.43,125.43,125.25,125.36,125.75,125.75,125.36,125.75,125.75,126.00,125.70,125.99,126.63,126.63,126.63,126.63,126.63,126.63,126.63,126.38,126.38
División,0.079639262,11,Restaurantes y hoteles,102.47,102.98,102.99,102.98,103.13,102.84,103.19,103.34,103.87,103.81,103.94,103.96,104.94,105.01,104.90,105.35,105.51,105.47,105.36,105.09,105.32,105.10,104.76,104.59,104.99,105.07,105.21,105.11,105.23,105.24,105.21,105.14,105.19,104.96,105.06,104.99,104.89,104.95,104.88,104.95,104.29,104.11,104.06,104.29,104.12,104.16,104.19,104.03,104.13,104.30,104.27,104.41,104.39,104.00,103.97,103.56,103.57,103.72,103.62,103.42,103.64,103.57,103.54,103.63,103.52,102.35,101.13,101.21,101.34,101.55,101.89,101.83,102.05,102.01,101.98,101.95,102.07,102.29,102.57,102.58,102.65,102.69,102.95,103.01,103.76,103.82,103.88,104.09,103.88,104.15,104.58,104.76,105.48,105.79,105.74,105.76,106.60,106.69,107.39,107.61,107.61,107.82,107.84,107.96,108.20,108.52,108.50,108.49,107.76,107.86,107.85,110.35,110.35,110.50,110.56,111.00,111.03,110.95,110.93,111.21,111.31,111.36,111.25,111.39,111.29,111.28,111.33,111.47,111.55,111.92,112.00,111.92,112.73,112.69,112.85,112.95,112.83,112.90
Grupo,0.07762909,111,Servicios de suministro de comidas por contrato,103.04,103.59,103.56,103.55,103.68,103.31,103.66,103.89,104.43,104.42,104.57,104.77,105.53,105.64,105.64,106.12,106.25,106.19,106.13,105.88,105.97,105.71,105.43,105.41,105.61,105.76,105.91,105.94,105.98,105.99,105.97,105.95,105.97,105.74,105.86,105.86,105.72,105.71,105.70,105.80,105.09,104.90,104.84,105.07,104.92,104.99,105.06,104.95,105.03,105.13,105.12,105.21,105.20,104.87,104.82,104.43,104.42,104.56,104.52,104.49,104.52,104.45,104.47,104.58,104.53,103.48,102.41,102.56,102.64,102.86,103.25,103.19,103.49,103.45,103.43,103.39,103.54,103.70,103.96,103.92,103.98,103.98,104.18,104.25,105.06,105.14,105.15,105.31,105.12,105.34,105.88,105.91,106.65,106.79,106.87,106.99,107.87,107.93,108.64,108.88,108.89,109.07,109.10,109.24,109.49,109.75,109.74,109.78,109.08,109.22,109.22,111.70,111.74,111.90,111.92,112.39,112.37,112.30,112.35,112.62,112.73,112.79,112.66,112.85,112.77,112.67,112.67,112.66,112.86,113.24,113.35,113.30,114.17,114.15,114.31,114.35,114.21,114.23
Clase,0.07762909,1111,"Restaurantes, cafés y establecimientos similares (S)",103.04,103.59,103.56,103.55,103.68,103.31,103.66,103.89,104.43,104.42,104.57,104.77,105.53,105.64,105.64,106.12,106.25,106.19,106.13,105.88,105.97,105.71,105.43,105.41,105.61,105.76,105.91,105.94,105.98,105.99,105.97,105.95,105.97,105.74,105.86,105.86,105.72,105.71,105.70,105.80,105.09,104.90,104.84,105.07,104.92,104.99,105.06,104.95,105.03,105.13,105.12,105.21,105.20,104.87,104.82,104.43,104.42,104.56,104.52,104.49,104.52,104.45,104.47,104.58,104.53,103.48,102.41,102.56,102.64,102.86,103.25,103.19,103.49,103.45,103.43,103.39,103.54,103.70,103.96,103.92,103.98,103.98,104.18,104.25,105.06,105.14,105.15,105.31,105.12,105.34,105.88,105.91,106.65,106.79,106.87,106.99,107.87,107.93,108.64,108.88,108.89,109.07,109.10,109.24,109.49,109.75,109.74,109.78,109.08,109.22,109.22,111.70,111.74,111.90,111.92,112.39,112.37,112.30,112.35,112.62,112.73,112.79,112.66,112.85,112.77,112.67,112.67,112.66,112.86,113.24,113.35,113.30,114.17,114.15,114.31,114.35,114.21,114.23
Subclase,0.07762909,11111,"Restaurantes, cafés y establecimientos similares",103.04,103.59,103.56,103.55,103.68,103.31,103.66,103.89,104.43,104.42,104.57,104.77,105.53,105.64,105.64,106.12,106.25,106.19,106.13,105.88,105.97,105.71,105.43,105.41,105.61,105.76,105.91,105.94,105.98,105.99,105.97,105.95,105.97,105.74,105.86,105.86,105.72,105.71,105.70,105.80,105.09,104.90,104.84,105.07,104.92,104.99,105.06,104.95,105.03,105.13,105.12,105.21,105.20,104.87,104.82,104.43,104.42,104.56,104.52,104.49,104.52,104.45,104.47,104.58,104.53,103.48,102.41,102.56,102.64,102.86,103.25,103.19,103.49,103.45,103.43,103.39,103.54,103.70,103.96,103.92,103.98,103.98,104.18,104.25,105.06,105.14,105.15,105.31,105.12,105.34,105.88,105.91,106.65,106.79,106.87,106.99,107.87,107.93,108.64,108.88,108.89,109.07,109.10,109.24,109.49,109.75,109.74,109.78,109.08,109.22,109.22,111.70,111.74,111.90,111.92,112.39,112.37,112.30,112.35,112.62,112.73,112.79,112.66,112.85,112.77,112.67,112.67,112.66,112.86,113.24,113.35,113.30,114.17,114.15,114.31,114.35,114.21,114.23
Producto,0.00054352,11111313,DESAYUNO,98.54,98.54,98.54,97.89,98.28,99.30,99.30,99.71,99.71,99.71,99.71,99.71,100.28,100.28,100.52,100.15,100.15,100.20,101.05,100.97,100.97,101.03,101.03,100.34,100.98,100.98,100.98,100.88,101.19,102.66,102.66,102.66,102.78,102.66,102.66,102.78,102.78,103.29,103.43,103.43,103.43,103.43,103.53,104.29,104.29,104.66,103.90,103.90,103.90,103.01,103.01,103.01,103.01,103.01,103.01,103.01,103.01,103.01,103.01,103.01,103.01,102.84,102.84,102.84,103.14,101.67,103.90,103.90,105.68,105.68,108.76,107.46,107.46,107.46,107.46,107.46,108.76,106.95,106.81,104.91,105.07,105.86,105.86,106.15,111.70,112.04,112.13,112.46,111.31,111.48,112.54,111.99,113.35,113.64,113.64,113.64,113.64,113.75,115.51,115.51,115.65,116.37,116.37,117.28,118.65,118.65,118.65,118.65,117.85,117.85,117.85,118.19,118.23,118.37,119.47,119.47,119.47,119.43,119.74,120.72,120.72,119.78,119.83,119.88,120.72,120.72,120.72,120.72,120.72,120.72,121.83,121.83,121.95,122.10,122.13,122.13,120.85,120.59
Producto,0.048204076,11111314,ALMUERZO POPULAR,102.84,102.84,102.84,102.84,103.06,103.06,103.06,103.23,104.19,104.19,104.39,104.39,105.11,105.11,104.67,104.72,104.72,104.72,104.68,104.68,104.68,104.68,104.36,104.36,104.36,104.55,104.65,104.65,104.65,105.27,105.27,105.27,105.27,105.17,105.17,105.17,104.96,104.96,105.08,105.08,103.89,103.37,103.37,103.37,103.37,103.48,103.48,103.48,103.48,103.48,103.52,103.61,103.61,103.06,103.06,102.45,102.45,102.45,102.45,102.41,102.41,102.41,102.41,102.41,102.41,101.27,100.42,101.13,101.17,101.36,101.36,101.36,101.36,101.36,101.36,101.36,101.47,101.47,101.47,101.67,101.67,101.67,101.80,101.80,102.74,102.74,102.74,103.41,103.58,103.79,104.54,104.54,104.43,104.43,104.43,104.43,105.24,105.24,105.57,106.05,106.05,106.26,106.16,106.16,106.28,106.38,106.38,106.38,105.35,105.50,105.50,107.60,107.63,107.79,107.79,108.42,108.42,108.42,108.42,108.42,108.42,108.54,108.54,108.54,108.36,108.36,108.36,108.36,108.64,109.18,109.18,109.18,110.04,110.16,110.45,110.50,110.16,110.16
Producto,0.01436788,11111315,ALMUERZO EJECUTIVO ,102.16,105.36,105.36,105.36,105.36,102.16,104.59,104.59,104.59,104.59,104.45,105.81,107.34,108.05,108.83,112.14,112.14,110.96,110.96,109.66,109.66,107.55,107.55,107.55,108.02,108.02,108.03,108.03,108.03,105.56,105.70,105.75,105.74,104.98,104.98,104.98,104.92,104.52,104.17,104.16,104.95,104.95,104.83,104.95,104.34,104.34,104.34,104.34,104.34,105.04,105.04,105.04,105.04,105.04,105.04,105.04,105.04,105.04,105.04,105.04,104.84,104.47,104.47,104.47,105.03,104.24,99.60,97.95,98.07,98.13,100.03,99.88,101.15,100.99,100.54,100.54,100.71,101.96,103.46,102.38,102.80,102.56,102.80,102.97,103.77,104.15,103.99,101.44,99.33,99.53,99.78,98.97,103.87,103.87,103.93,103.93,104.81,104.94,107.87,107.87,107.66,107.66,107.87,107.87,108.55,108.79,108.79,108.79,109.05,109.05,108.84,112.78,112.75,112.72,112.60,112.60,112.36,112.36,112.36,114.15,114.49,114.35,113.20,114.22,114.22,113.39,113.39,112.67,112.59,112.90,113.63,112.98,114.13,113.17,112.80,112.80,112.92,112.92
Producto,0.005920828,11111316,COMIDA TRADICIONAL PREPARADA ,106.28,107.51,107.51,108.25,108.31,108.92,108.78,108.96,109.55,109.68,109.74,109.77,109.96,110.21,110.95,111.54,112.60,113.39,113.98,114.05,114.05,113.91,113.82,113.29,113.30,113.72,113.80,113.87,113.98,113.70,113.70,113.70,113.80,113.05,114.10,114.34,114.38,114.40,114.60,114.52,113.96,115.96,116.17,116.12,116.21,116.03,116.46,116.42,117.34,117.34,117.42,117.65,117.83,117.83,117.83,117.71,117.71,117.77,117.81,117.81,118.00,118.13,118.13,118.20,118.22,117.28,117.22,116.72,118.25,118.90,119.05,119.05,119.13,119.13,119.33,119.33,119.83,119.83,120.23,120.17,120.57,120.80,120.87,121.35,120.83,120.75,120.98,121.78,120.82,120.88,121.53,121.68,122.53,123.25,123.43,124.44,125.48,126.00,126.53,126.29,126.60,126.74,126.84,127.36,127.36,129.50,129.23,129.51,129.09,129.67,130.15,133.56,133.64,134.02,134.02,134.33,134.39,134.49,134.51,134.51,134.93,135.18,135.42,135.68,135.68,135.71,135.65,136.25,136.35,135.67,135.28,135.93,138.33,138.25,138.24,137.73,138.18,138.42
Producto,0.004269664,11111317,PLATOS PREPARADOS,102.68,102.58,101.81,100.84,100.23,100.76,100.73,101.46,101.20,100.91,100.99,100.91,101.37,101.44,102.81,102.16,102.97,102.59,101.93,100.88,101.83,101.94,101.03,101.33,102.30,102.38,103.49,103.94,103.73,103.02,102.44,101.63,101.81,101.86,102.49,102.34,102.07,103.01,102.15,103.27,103.10,103.46,102.77,104.93,103.91,103.90,104.56,103.97,104.19,104.46,103.95,103.52,103.10,103.62,102.72,102.80,102.52,104.04,103.58,103.59,104.20,103.88,103.92,105.28,103.58,102.56,103.59,102.87,102.04,102.69,102.84,102.26,103.66,103.26,103.50,103.74,103.83,103.79,103.97,104.01,103.72,104.07,104.20,104.37,104.87,104.90,105.07,105.34,105.80,106.21,106.69,107.23,107.89,108.78,109.28,109.31,109.63,109.75,110.09,109.35,109.79,109.80,109.64,110.01,110.21,110.54,110.59,110.83,110.68,110.73,110.59,112.38,112.53,112.90,113.08,113.15,113.21,112.63,113.18,113.18,113.69,113.27,113.59,114.00,114.01,114.08,113.98,113.98,114.18,114.65,114.84,114.82,114.53,114.65,114.93,115.22,115.41,115.59
Producto,0.001566352,11111318,COMIDA RÁPIDA,110.71,111.69,112.81,113.20,113.49,113.61,113.67,114.09,110.29,110.77,111.12,111.18,111.13,111.13,110.82,110.73,110.73,113.72,112.28,112.44,112.64,113.30,113.55,113.28,113.42,113.42,113.41,113.35,114.96,114.67,114.54,114.62,114.62,114.84,114.84,114.84,114.78,113.60,113.60,113.79,113.79,113.61,113.61,113.98,113.98,114.02,114.81,112.53,112.61,112.61,112.57,114.22,114.35,114.23,114.95,114.95,115.20,114.99,114.99,114.99,114.89,115.17,115.42,115.42,115.55,113.77,114.44,114.69,114.69,114.74,116.19,116.67,116.67,116.56,116.59,115.17,115.17,115.29,115.29,114.81,114.81,114.09,116.37,116.33,116.33,116.51,116.51,116.70,117.41,118.04,116.25,118.65,118.80,118.88,118.88,119.47,121.06,120.93,121.24,121.42,121.98,121.73,123.35,125.60,126.72,126.72,126.72,126.72,126.04,126.09,126.30,131.32,131.69,132.01,132.01,130.47,130.55,129.11,129.03,129.03,129.03,128.81,128.57,128.54,128.84,129.19,129.19,130.39,130.76,130.81,131.03,131.03,131.88,132.15,132.23,132.23,132.37,132.37
Producto,0.00239455,11111319,HAMBURGUESA Y SÁNDUCHE,99.63,99.71,99.71,100.36,100.76,100.48,100.85,102.34,102.34,102.17,102.76,103.42,103.75,103.41,104.04,104.05,103.90,104.10,104.27,104.42,104.69,104.73,104.86,104.90,106.57,106.43,105.99,105.94,106.07,106.71,106.85,107.95,107.91,107.30,107.30,107.42,108.17,108.17,108.29,108.73,108.72,108.72,108.72,109.70,109.87,109.87,109.38,109.17,109.16,109.25,109.25,109.43,109.57,109.14,109.24,109.24,109.23,109.90,109.90,109.90,109.71,109.64,109.90,109.84,109.77,109.81,110.20,110.39,110.45,110.43,111.07,111.25,111.47,112.07,112.27,111.88,111.88,111.96,112.24,113.01,112.97,113.07,113.14,113.15,113.55,113.89,114.05,114.49,114.79,114.65,114.17,115.33,115.00,115.71,116.51,117.96,120.94,121.14,121.04,121.04,120.11,120.96,121.71,122.18,122.68,122.68,122.68,122.83,122.26,122.41,122.43,124.99,125.01,124.88,125.29,127.61,127.61,127.80,127.80,127.95,128.11,128.87,128.77,128.89,129.07,129.09,129.52,129.96,129.96,129.75,129.66,129.66,129.62,130.42,130.60,130.82,131.31,131.05
Producto,0.000123941,11111320,BEBIDAS CALIENTES,117.25,117.92,117.92,117.92,117.92,117.92,117.92,117.92,117.92,117.92,117.92,117.92,117.92,117.92,117.92,117.92,119.99,121.80,123.41,124.62,124.62,124.87,125.40,125.40,125.40,124.74,124.74,124.74,124.74,124.95,125.61,127.89,127.89,127.89,128.00,128.00,128.00,128.00,128.00,129.15,127.19,127.05,125.86,126.87,128.09,128.56,128.56,128.56,128.56,128.56,128.56,128.56,128.17,128.17,128.17,128.17,131.64,131.64,131.64,131.64,131.64,131.64,131.64,132.54,132.54,133.43,133.28,133.28,133.03,133.03,129.92,131.24,131.24,131.64,131.64,130.38,130.38,130.38,130.94,130.94,130.94,129.72,129.72,133.05,133.77,133.77,133.77,133.77,133.85,133.85,134.24,134.89,134.89,134.89,134.89,134.89,137.91,137.91,139.18,139.58,139.41,142.82,142.82,142.82,144.14,144.14,144.14,144.14,144.14,147.33,146.03,149.06,148.71,148.71,148.71,149.25,149.25,152.34,152.59,152.59,151.29,153.52,153.52,153.52,155.01,155.01,158.11,158.30,158.30,158.30,158.69,158.69,159.76,158.29,158.29,158.29,163.89,163.89
Producto,0.000238278,11111321,POSTRES PREPARADOS,104.31,104.43,104.43,104.43,104.90,104.90,104.90,104.90,104.90,105.02,105.02,105.02,106.95,106.95,108.36,108.36,108.81,109.17,109.72,111.24,111.24,113.33,113.52,113.52,113.52,113.52,113.52,113.52,113.52,113.52,113.52,113.52,113.52,113.52,113.52,113.52,113.52,113.52,113.52,113.52,113.52,113.52,113.52,113.52,113.52,113.52,113.52,113.52,113.72,111.87,112.93,113.83,113.83,113.83,113.83,113.83,113.83,113.83,112.61,112.61,112.61,112.61,112.61,112.61,112.61,112.61,112.61,112.61,108.61,108.61,111.42,111.42,111.42,111.42,111.42,111.42,111.56,111.56,111.56,111.56,111.56,112.38,112.38,112.47,112.66,113.88,113.88,113.92,115.58,115.58,114.54,114.83,114.83,114.83,114.83,114.83,114.83,114.83,114.83,114.83,114.83,114.83,114.83,114.83,115.26,115.49,115.49,115.64,115.64,116.68,116.68,117.30,117.46,117.46,117.67,119.50,119.50,119.52,119.52,119.52,120.03,121.34,121.34,121.57,121.57,121.57,121.57,122.26,122.26,122.26,122.26,122.26,122.49,124.11,124.49,124.49,127.19,127.19
Grupo,0.002010173,112,Servicios de alojamiento,86.32,85.62,86.88,86.56,87.71,89.26,90.04,87.69,88.14,86.51,86.30,80.81,88.29,86.96,84.01,83.66,84.58,85.04,83.37,82.62,86.76,87.92,85.61,81.41,87.17,85.46,85.35,81.47,83.71,83.85,83.73,82.18,82.99,82.72,82.44,80.03,81.36,83.23,81.79,80.85,81.60,81.66,81.70,81.91,81.40,80.58,79.40,77.88,78.72,80.67,80.11,81.42,81.35,79.41,79.85,78.99,79.38,80.00,78.10,72.95,78.59,78.44,77.08,76.77,74.83,70.11,64.64,62.68,64.36,64.24,63.15,63.12,61.27,61.03,61.02,60.90,60.08,62.27,63.15,64.34,64.84,65.77,67.98,67.75,66.77,66.50,67.76,69.31,68.68,70.25,67.42,71.87,72.21,77.48,73.53,70.55,70.60,71.52,71.93,71.52,71.11,72.30,72.17,71.51,71.54,73.38,73.18,71.61,70.29,69.13,69.00,72.00,70.75,70.64,71.90,71.39,72.96,72.62,70.66,71.18,70.85,70.76,71.11,69.85,69.26,71.84,73.15,77.81,74.32,74.50,73.77,72.84,71.99,71.10,71.29,73.38,73.75,75.22
Clase,0.002010173,1121,Servicios de alojamiento (S),86.32,85.62,86.88,86.56,87.71,89.26,90.04,87.69,88.14,86.51,86.30,80.81,88.29,86.96,84.01,83.66,84.58,85.04,83.37,82.62,86.76,87.92,85.61,81.41,87.17,85.46,85.35,81.47,83.71,83.85,83.73,82.18,82.99,82.72,82.44,80.03,81.36,83.23,81.79,80.85,81.60,81.66,81.70,81.91,81.40,80.58,79.40,77.88,78.72,80.67,80.11,81.42,81.35,79.41,79.85,78.99,79.38,80.00,78.10,72.95,78.59,78.44,77.08,76.77,74.83,70.11,64.64,62.68,64.36,64.24,63.15,63.12,61.27,61.03,61.02,60.90,60.08,62.27,63.15,64.34,64.84,65.77,67.98,67.75,66.77,66.50,67.76,69.31,68.68,70.25,67.42,71.87,72.21,77.48,73.53,70.55,70.60,71.52,71.93,71.52,71.11,72.30,72.17,71.51,71.54,73.38,73.18,71.61,70.29,69.13,69.00,72.00,70.75,70.64,71.90,71.39,72.96,72.62,70.66,71.18,70.85,70.76,71.11,69.85,69.26,71.84,73.15,77.81,74.32,74.50,73.77,72.84,71.99,71.10,71.29,73.38,73.75,75.22
Subclase,0.002010173,11211,Servicios de alojamiento,86.32,85.62,86.88,86.56,87.71,89.26,90.04,87.69,88.14,86.51,86.30,80.81,88.29,86.96,84.01,83.66,84.58,85.04,83.37,82.62,86.76,87.92,85.61,81.41,87.17,85.46,85.35,81.47,83.71,83.85,83.73,82.18,82.99,82.72,82.44,80.03,81.36,83.23,81.79,80.85,81.60,81.66,81.70,81.91,81.40,80.58,79.40,77.88,78.72,80.67,80.11,81.42,81.35,79.41,79.85,78.99,79.38,80.00,78.10,72.95,78.59,78.44,77.08,76.77,74.83,70.11,64.64,62.68,64.36,64.24,63.15,63.12,61.27,61.03,61.02,60.90,60.08,62.27,63.15,64.34,64.84,65.77,67.98,67.75,66.77,66.50,67.76,69.31,68.68,70.25,67.42,71.87,72.21,77.48,73.53,70.55,70.60,71.52,71.93,71.52,71.11,72.30,72.17,71.51,71.54,73.38,73.18,71.61,70.29,69.13,69.00,72.00,70.75,70.64,71.90,71.39,72.96,72.62,70.66,71.18,70.85,70.76,71.11,69.85,69.26,71.84,73.15,77.81,74.32,74.50,73.77,72.84,71.99,71.10,71.29,73.38,73.75,75.22
Producto,0.001486692,11211322,ALOJAMIENTO EN HOTELES,83.89,83.02,84.24,83.87,85.12,87.20,88.10,85.18,85.69,83.82,83.60,77.28,85.92,84.38,80.77,80.34,81.43,82.02,80.37,79.50,84.44,85.46,82.72,77.75,84.53,82.51,82.46,77.83,80.35,80.54,80.51,78.69,79.71,79.35,78.91,76.19,77.70,79.86,78.15,77.20,78.07,78.13,78.04,78.50,77.91,76.97,75.46,73.67,74.75,77.13,76.31,77.79,77.68,75.46,76.00,75.01,75.52,76.46,74.28,68.29,74.78,74.48,72.91,72.57,70.56,65.39,59.24,56.96,58.98,58.80,57.67,57.59,55.53,55.31,55.34,55.20,54.30,56.82,57.73,59.09,59.49,60.44,63.01,62.90,61.67,61.43,62.86,64.58,63.84,65.81,62.72,67.67,68.20,74.20,69.47,66.07,66.11,67.14,67.57,67.07,66.63,68.09,67.86,67.07,67.10,69.18,68.95,67.18,65.69,64.28,64.09,67.43,66.11,65.91,67.38,66.75,68.55,68.20,66.00,66.70,66.30,66.13,66.47,65.18,64.44,67.32,68.74,74.17,70.15,70.30,69.45,68.41,67.38,66.33,66.48,68.92,69.27,70.96
Producto,0.00052348,11211323,ALOJAMIENTO EN HOSTALES,102.45,102.95,104.41,104.41,104.95,102.95,102.95,104.41,104.41,104.41,104.27,104.27,104.07,104.10,105.54,105.71,105.54,105.08,103.31,103.31,102.23,104.27,104.79,105.75,104.72,105.12,104.60,105.60,106.07,105.80,105.12,105.37,104.74,105.11,105.89,105.55,105.64,105.60,105.94,105.06,105.06,105.06,106.00,104.58,104.58,104.58,105.51,105.83,105.07,104.22,105.31,105.55,105.68,105.68,105.43,105.43,105.03,103.55,103.44,103.88,103.88,104.76,104.76,104.66,103.21,101.43,100.49,100.66,100.11,100.43,99.51,99.86,99.39,99.03,98.75,98.72,98.47,98.47,99.20,99.20,100.40,101.18,101.01,99.94,100.68,100.14,100.31,100.69,100.82,99.78,98.62,99.76,98.84,99.30,100.53,100.31,100.40,100.57,100.88,101.11,100.86,100.27,100.84,101.01,101.01,101.31,101.23,101.01,100.90,101.37,101.61,102.37,101.58,102.02,101.96,102.23,102.23,101.98,101.57,100.98,101.04,101.51,101.97,100.89,101.29,101.83,102.45,101.96,102.03,102.42,102.49,102.25,102.61,102.76,103.25,103.06,103.56,103.56
División,0.098640264,12,Bienes y servicios diversos,102.25,103.90,104.48,104.75,104.59,104.58,104.68,104.57,104.93,104.96,105.67,105.66,106.53,106.62,106.40,106.80,106.69,107.80,108.32,108.52,108.64,108.89,108.74,109.02,108.15,107.43,107.62,107.84,107.65,106.05,106.23,106.78,105.87,105.88,105.87,106.11,108.34,108.54,108.62,108.34,108.52,108.59,108.37,107.89,107.92,108.04,107.53,108.08,107.94,107.83,107.86,107.81,107.57,107.32,107.45,107.30,107.12,106.96,106.77,106.93,106.79,106.24,106.53,106.96,107.27,107.00,106.63,106.50,106.02,103.56,103.76,104.09,104.21,104.04,103.68,103.69,103.98,103.89,104.28,104.50,104.48,104.74,104.51,105.35,105.26,104.96,105.05,106.14,106.42,106.01,106.85,107.36,106.92,107.50,108.11,109.01,108.71,108.80,108.23,109.02,109.00,109.22,109.37,109.36,109.52,109.70,109.80,109.75,110.18,109.18,109.75,111.54,111.41,111.71,111.62,112.32,111.94,111.88,111.78,112.38,113.28,112.91,112.83,112.73,112.57,113.34,113.57,113.40,113.50,113.92,114.57,114.30,115.36,114.70,115.08,116.04,116.63,117.00
Grupo,0.058370117,121,Cuidado personal,102.69,103.84,104.89,105.43,105.12,105.03,105.33,105.08,105.46,105.79,107.11,107.26,108.08,108.32,107.91,108.58,108.40,110.34,111.20,111.48,111.40,111.84,112.09,112.66,111.74,110.66,110.97,111.08,110.88,108.38,108.59,109.66,108.08,107.96,107.93,108.38,107.47,107.76,107.75,107.21,107.58,107.82,107.79,106.98,107.12,107.31,106.37,107.33,107.08,106.88,106.98,106.92,106.59,106.48,106.70,106.47,106.35,106.34,106.35,106.66,106.64,105.55,106.06,106.88,107.40,106.98,106.27,106.03,105.21,104.85,105.00,105.35,105.15,104.75,104.10,104.09,104.67,104.46,105.09,105.74,105.19,105.58,105.22,106.59,106.40,105.81,105.74,107.73,108.25,107.60,108.92,109.79,108.29,109.54,110.67,111.48,110.92,110.84,109.83,111.18,111.18,111.59,111.79,111.77,112.10,112.40,112.55,112.53,113.30,111.32,112.17,115.01,115.02,115.47,115.14,116.18,115.42,115.41,115.33,116.40,117.14,116.35,116.27,115.98,115.62,116.87,117.03,116.58,116.55,117.08,118.19,117.58,119.37,118.03,118.65,119.11,120.28,121.09
Clase,0.009194461,1211,Salones de peluquería y establecimientos de cuidados personales (S),100.16,99.94,102.39,102.58,102.78,102.78,103.03,103.03,103.82,104.01,103.98,104.56,106.34,106.47,106.58,109.48,109.64,109.11,109.34,109.46,109.83,110.22,110.00,111.46,110.90,111.07,110.22,110.37,110.37,110.50,110.52,111.02,110.62,110.53,110.46,110.51,110.67,111.48,111.48,111.52,111.52,112.16,112.51,112.63,112.65,112.96,112.84,112.84,113.48,113.16,112.43,112.55,111.93,112.03,112.08,112.05,112.13,111.86,111.91,111.91,111.91,112.26,112.21,112.21,112.21,113.92,113.74,113.42,113.32,113.07,113.30,113.76,113.95,114.34,114.43,114.81,115.03,115.03,115.22,115.19,115.27,115.25,115.37,115.22,116.42,116.56,116.67,116.69,116.77,116.96,117.13,117.03,116.84,117.09,118.34,118.79,120.45,120.88,120.88,118.82,118.82,118.98,119.11,119.50,119.50,119.50,119.87,119.87,120.28,120.49,120.79,121.43,121.42,121.55,121.25,121.81,121.81,121.93,121.93,123.06,123.98,124.24,124.65,124.74,125.23,126.52,127.30,128.32,128.25,128.57,132.72,132.72,133.39,133.81,134.85,134.85,134.85,135.50
Subclase,0.009194461,12111,Salones de peluquería y establecimientos de cuidados personales,100.16,99.94,102.39,102.58,102.78,102.78,103.03,103.03,103.82,104.01,103.98,104.56,106.34,106.47,106.58,109.48,109.64,109.11,109.34,109.46,109.83,110.22,110.00,111.46,110.90,111.07,110.22,110.37,110.37,110.50,110.52,111.02,110.62,110.53,110.46,110.51,110.67,111.48,111.48,111.52,111.52,112.16,112.51,112.63,112.65,112.96,112.84,112.84,113.48,113.16,112.43,112.55,111.93,112.03,112.08,112.05,112.13,111.86,111.91,111.91,111.91,112.26,112.21,112.21,112.21,113.92,113.74,113.42,113.32,113.07,113.30,113.76,113.95,114.34,114.43,114.81,115.03,115.03,115.22,115.19,115.27,115.25,115.37,115.22,116.42,116.56,116.67,116.69,116.77,116.96,117.13,117.03,116.84,117.09,118.34,118.79,120.45,120.88,120.88,118.82,118.82,118.98,119.11,119.50,119.50,119.50,119.87,119.87,120.28,120.49,120.79,121.43,121.42,121.55,121.25,121.81,121.81,121.93,121.93,123.06,123.98,124.24,124.65,124.74,125.23,126.52,127.30,128.32,128.25,128.57,132.72,132.72,133.39,133.81,134.85,134.85,134.85,135.50
Producto,0.000950944,12111324,LAVADO Y CEPILLADO DE CABELLO PARA MUJER,101.19,99.11,99.11,99.11,99.29,99.29,101.54,101.86,101.86,101.86,101.57,101.57,101.57,101.48,101.48,101.48,101.48,100.94,102.91,103.47,104.42,105.05,104.35,104.14,104.14,104.07,102.60,103.85,103.85,105.94,105.94,107.09,107.09,106.90,106.90,106.90,106.90,109.25,109.25,108.66,108.66,108.66,108.24,108.24,108.24,108.24,108.24,108.24,105.03,105.24,103.55,103.55,101.77,101.77,101.77,101.52,101.52,101.52,102.00,102.00,102.00,104.00,103.52,103.52,103.52,105.32,105.32,105.32,105.32,103.52,105.21,105.21,105.72,105.72,105.72,106.20,106.20,106.20,106.99,107.30,107.15,106.68,106.68,105.41,106.83,106.83,106.83,106.83,106.83,107.60,107.60,106.76,106.76,106.76,106.76,110.67,112.01,112.83,112.81,110.06,110.06,110.06,110.06,113.48,113.48,113.48,113.48,113.48,114.21,113.52,113.85,113.85,112.45,112.90,112.90,115.20,115.20,115.20,115.20,115.68,115.68,115.68,115.68,115.68,116.49,118.42,118.42,121.18,121.18,121.18,126.57,126.57,126.57,126.57,128.76,128.76,128.76,128.76
Producto,0.004825923,12111325,CORTE DE CABELLO,97.48,97.48,101.84,102.11,102.30,102.30,102.30,101.77,103.18,103.18,103.18,104.64,106.14,106.14,106.42,108.74,109.02,109.02,109.02,109.02,109.49,109.79,109.63,111.31,110.32,110.63,110.50,110.50,110.50,110.41,110.41,110.79,110.16,110.16,110.16,110.16,110.45,110.85,110.85,110.72,110.72,111.77,112.32,112.52,112.52,112.52,112.52,112.52,113.49,112.90,112.69,112.90,112.86,112.86,112.86,112.86,112.94,112.45,112.45,112.45,112.45,112.66,112.66,112.66,112.66,115.00,114.83,114.26,114.38,114.38,114.40,115.22,115.40,115.40,115.40,115.90,115.90,115.90,116.08,116.10,116.27,116.58,116.58,116.58,118.32,118.48,118.64,118.64,118.64,118.64,118.64,118.64,118.30,120.00,120.27,120.27,121.67,122.57,122.57,120.37,120.37,120.65,120.89,120.89,120.89,120.89,121.54,121.54,122.12,122.78,123.24,123.86,124.04,124.18,123.66,123.99,123.99,124.24,124.24,125.67,126.56,126.82,126.82,126.98,127.68,129.57,130.96,132.34,132.34,132.91,136.88,136.88,137.97,138.60,138.60,138.60,138.60,139.26
Producto,0.001438249,12111326,MANICURE,98.92,98.92,98.92,99.31,99.65,99.65,99.65,102.63,102.63,103.04,103.04,100.31,103.01,104.53,104.12,106.97,106.97,105.52,105.52,105.52,105.52,106.74,106.23,106.23,106.23,106.23,105.01,105.01,105.01,104.80,105.01,106.16,105.69,105.69,104.92,104.92,104.92,105.69,105.69,105.69,105.69,105.69,105.37,105.37,105.69,105.69,105.69,105.69,105.71,105.71,106.06,106.06,101.60,101.60,101.60,101.60,102.07,102.07,102.07,102.07,102.07,102.07,102.07,102.07,102.07,104.54,104.18,104.18,103.65,103.65,103.16,103.16,103.52,103.52,103.52,103.98,106.56,106.56,106.56,106.56,106.56,106.56,106.56,106.56,107.16,107.78,107.78,108.82,108.82,109.16,110.02,110.02,110.02,110.02,110.02,110.02,112.47,110.49,110.49,109.55,109.55,109.55,109.55,109.55,109.55,109.55,109.55,109.55,109.55,108.91,108.93,111.37,111.79,111.79,111.79,112.10,112.10,111.72,111.72,111.72,114.96,114.96,119.78,119.78,119.78,119.78,119.78,119.78,119.78,119.78,124.20,124.20,124.90,124.90,126.00,126.00,126.00,126.47
Producto,0.001979346,12111327,TRATAMIENTOS PARA EL CABELLO,106.53,106.58,106.58,106.58,106.75,106.75,106.75,106.75,106.75,107.41,107.41,107.41,110.37,110.37,110.37,116.07,116.07,114.61,114.61,114.85,114.85,115.03,115.03,117.28,117.28,117.28,115.18,115.18,115.18,115.05,115.05,115.25,115.25,114.96,114.96,115.15,115.15,116.23,116.23,116.96,116.96,117.14,117.67,117.67,117.67,118.97,118.45,118.45,120.39,120.39,118.46,118.46,118.46,118.85,119.07,119.07,119.07,119.07,119.07,119.07,119.07,119.07,119.07,119.07,119.07,118.97,118.73,118.73,118.20,118.03,118.32,118.32,118.32,119.95,120.37,120.37,120.37,120.37,120.37,120.03,120.03,119.45,119.93,119.93,119.93,119.93,120.03,119.72,120.07,120.39,120.75,120.75,120.75,117.73,122.42,122.42,124.56,124.56,124.56,122.77,122.77,122.77,122.77,122.77,122.77,122.77,122.77,122.77,122.77,122.65,122.65,123.02,123.04,123.04,123.04,123.41,123.41,123.41,123.41,124.56,125.18,125.62,125.62,125.62,125.62,125.62,125.62,125.31,125.04,125.04,128.89,128.89,128.89,129.16,132.09,132.09,132.09,133.12
Clase,0.000173319,1212,Aparatos eléctricos para el cuidado personal (D),99.13,98.91,98.91,98.91,100.50,100.90,100.46,100.46,100.94,100.80,100.80,100.80,103.07,105.13,105.13,105.13,106.14,107.84,107.91,106.92,107.06,107.06,107.06,107.06,106.66,106.82,106.82,106.82,107.52,99.43,90.62,91.21,90.94,89.54,90.36,89.95,90.20,90.20,89.26,88.79,88.79,88.67,88.75,88.75,88.87,88.87,89.00,88.86,88.86,88.46,88.60,88.60,85.28,85.28,84.91,83.56,83.73,85.08,84.77,85.08,85.59,84.82,84.70,84.70,84.70,84.70,84.70,84.28,84.23,83.57,83.57,82.21,83.39,82.88,82.88,82.88,82.60,82.44,82.26,82.20,80.52,81.29,81.66,82.53,81.33,80.11,79.96,80.13,81.18,79.98,80.37,80.23,80.26,80.82,80.25,79.40,79.23,79.23,79.28,80.09,79.88,79.59,79.68,80.01,79.50,80.36,80.00,78.14,74.86,74.76,76.59,78.64,79.38,78.51,79.71,81.43,79.54,80.14,80.15,80.47,80.59,80.57,80.52,80.63,80.13,80.13,79.27,78.38,77.56,77.90,77.44,78.27,77.68,77.68,77.47,77.47,77.55,78.20
Subclase,0.000173319,12121,Aparatos eléctricos para el cuidado personal,99.13,98.91,98.91,98.91,100.50,100.90,100.46,100.46,100.94,100.80,100.80,100.80,103.07,105.13,105.13,105.13,106.14,107.84,107.91,106.92,107.06,107.06,107.06,107.06,106.66,106.82,106.82,106.82,107.52,99.43,90.62,91.21,90.94,89.54,90.36,89.95,90.20,90.20,89.26,88.79,88.79,88.67,88.75,88.75,88.87,88.87,89.00,88.86,88.86,88.46,88.60,88.60,85.28,85.28,84.91,83.56,83.73,85.08,84.77,85.08,85.59,84.82,84.70,84.70,84.70,84.70,84.70,84.28,84.23,83.57,83.57,82.21,83.39,82.88,82.88,82.88,82.60,82.44,82.26,82.20,80.52,81.29,81.66,82.53,81.33,80.11,79.96,80.13,81.18,79.98,80.37,80.23,80.26,80.82,80.25,79.40,79.23,79.23,79.28,80.09,79.88,79.59,79.68,80.01,79.50,80.36,80.00,78.14,74.86,74.76,76.59,78.64,79.38,78.51,79.71,81.43,79.54,80.14,80.15,80.47,80.59,80.57,80.52,80.63,80.13,80.13,79.27,78.38,77.56,77.90,77.44,78.27,77.68,77.68,77.47,77.47,77.55,78.20
Producto,0.000173319,12121328,PLANCHA PARA EL CABELLO,99.13,98.91,98.91,98.91,100.50,100.90,100.46,100.46,100.94,100.80,100.80,100.80,103.07,105.13,105.13,105.13,106.14,107.84,107.91,106.92,107.06,107.06,107.06,107.06,106.66,106.82,106.82,106.82,107.52,99.43,90.62,91.21,90.94,89.54,90.36,89.95,90.20,90.20,89.26,88.79,88.79,88.67,88.75,88.75,88.87,88.87,89.00,88.86,88.86,88.46,88.60,88.60,85.28,85.28,84.91,83.56,83.73,85.08,84.77,85.08,85.59,84.82,84.70,84.70,84.70,84.70,84.70,84.28,84.23,83.57,83.57,82.21,83.39,82.88,82.88,82.88,82.60,82.44,82.26,82.20,80.52,81.29,81.66,82.53,81.33,80.11,79.96,80.13,81.18,79.98,80.37,80.23,80.26,80.82,80.25,79.40,79.23,79.23,79.28,80.09,79.88,79.59,79.68,80.01,79.50,80.36,80.00,78.14,74.86,74.76,76.59,78.64,79.38,78.51,79.71,81.43,79.54,80.14,80.15,80.47,80.59,80.57,80.52,80.63,80.13,80.13,79.27,78.38,77.56,77.90,77.44,78.27,77.68,77.68,77.47,77.47,77.55,78.20
Clase,0.049002337,1213,"Otros aparatos, artículos y productos para la atención personal (ND)",103.21,104.65,105.43,106.04,105.62,105.50,105.82,105.52,105.81,106.18,107.77,107.84,108.45,108.71,108.19,108.42,108.16,110.61,111.59,111.91,111.73,112.19,112.54,112.93,111.93,110.60,111.15,111.25,111.00,107.99,108.29,109.48,107.66,107.53,107.51,108.05,106.92,107.10,107.10,106.44,106.88,107.05,106.93,105.94,106.10,106.27,105.15,106.32,105.89,105.71,105.98,105.88,105.62,105.48,105.73,105.47,105.30,105.33,105.34,105.72,105.68,104.31,104.93,105.93,106.55,105.69,104.88,104.66,103.69,103.30,103.44,103.77,103.49,102.93,102.12,102.05,102.70,102.44,103.17,103.96,103.29,103.76,103.29,104.98,104.51,103.78,103.67,106.07,106.68,105.85,107.42,108.48,106.71,108.17,109.28,110.17,109.17,108.98,107.76,109.80,109.80,110.26,110.48,110.37,110.78,111.13,111.25,111.23,112.10,109.67,110.62,113.91,113.91,114.44,114.10,115.22,114.32,114.28,114.18,115.25,115.96,114.95,114.77,114.40,113.86,115.12,115.16,114.41,114.40,114.97,115.48,114.73,116.76,115.06,115.60,116.15,117.56,118.40
Subclase,0.049002337,12131,Aparatos no eléctricos y artículos para la atención personal,103.21,104.65,105.43,106.04,105.62,105.50,105.82,105.52,105.81,106.18,107.77,107.84,108.45,108.71,108.19,108.42,108.16,110.61,111.59,111.91,111.73,112.19,112.54,112.93,111.93,110.60,111.15,111.25,111.00,107.99,108.29,109.48,107.66,107.53,107.51,108.05,106.92,107.10,107.10,106.44,106.88,107.05,106.93,105.94,106.10,106.27,105.15,106.32,105.89,105.71,105.98,105.88,105.62,105.48,105.73,105.47,105.30,105.33,105.34,105.72,105.68,104.31,104.93,105.93,106.55,105.69,104.88,104.66,103.69,103.30,103.44,103.77,103.49,102.93,102.12,102.05,102.70,102.44,103.17,103.96,103.29,103.76,103.29,104.98,104.51,103.78,103.67,106.07,106.68,105.85,107.42,108.48,106.71,108.17,109.28,110.17,109.17,108.98,107.76,109.80,109.80,110.26,110.48,110.37,110.78,111.13,111.25,111.23,112.10,109.67,110.62,113.91,113.91,114.44,114.10,115.22,114.32,114.28,114.18,115.25,115.96,114.95,114.77,114.40,113.86,115.12,115.16,114.41,114.40,114.97,115.48,114.73,116.76,115.06,115.60,116.15,117.56,118.40
Producto,0.000243942,12131329,ACEITE PARA BEBÉ,111.85,112.88,111.30,112.60,111.80,110.77,109.81,109.34,111.07,110.71,110.87,111.44,111.51,111.64,111.47,111.50,111.50,115.04,113.16,115.08,115.13,115.13,115.13,115.14,115.12,115.37,118.83,117.62,118.05,108.52,109.32,116.18,110.78,112.32,117.20,117.27,107.40,116.80,116.83,116.24,115.95,116.45,117.22,114.37,117.45,118.58,118.10,114.23,117.96,117.71,116.76,118.69,117.37,119.22,118.53,118.30,118.41,119.43,116.09,119.13,118.56,115.01,115.34,115.96,118.99,118.14,118.58,117.99,115.12,115.60,114.44,115.80,114.82,118.97,119.19,117.38,116.16,112.96,119.46,116.55,116.91,109.54,115.95,116.74,115.00,123.27,121.00,118.36,125.21,118.53,123.53,122.96,121.44,127.33,127.31,126.82,128.90,127.12,128.76,117.27,123.83,129.03,129.90,120.37,125.14,118.76,121.03,128.08,132.86,130.53,134.04,128.64,132.27,132.58,127.03,129.94,130.64,129.09,130.40,127.61,139.41,133.66,139.94,131.65,141.72,138.20,142.54,142.93,142.61,140.81,139.32,134.42,141.56,136.22,139.24,142.06,145.78,145.46
Producto,0.001233413,12131330,ACONDICIONADOR PARA EL CABELLO,101.43,101.87,103.90,104.34,104.75,104.80,105.87,107.35,109.68,109.74,109.67,109.68,109.73,109.68,110.28,111.07,113.82,117.98,117.96,118.12,117.45,118.47,118.47,118.27,118.62,118.62,118.38,115.32,100.86,99.06,94.56,98.17,97.54,91.15,95.64,96.24,96.10,96.10,96.12,94.47,90.52,88.78,93.03,93.34,89.13,93.12,85.26,94.67,94.42,92.93,85.65,95.23,93.17,96.02,96.10,93.17,96.41,95.51,92.03,94.92,96.57,94.56,94.82,94.74,93.94,95.45,92.29,94.28,95.76,92.93,97.06,97.14,97.22,95.90,90.73,89.68,97.42,97.67,98.86,95.16,88.00,98.54,93.59,98.84,95.62,95.62,101.60,103.73,104.91,94.88,99.95,105.51,105.01,105.24,105.77,101.99,107.49,108.78,108.60,108.67,108.11,106.90,109.32,109.35,108.91,108.66,112.25,111.76,109.35,113.86,113.62,116.30,115.65,115.14,116.00,117.16,110.22,110.13,107.01,106.61,100.17,105.32,103.17,104.29,103.72,95.47,104.46,104.16,101.45,101.87,102.97,99.16,104.45,101.86,99.47,101.15,98.14,109.95
Producto,0.001603144,12131331,COSMÉTICOS,99.35,99.90,99.90,99.58,99.61,100.01,100.19,100.36,100.51,101.47,101.17,101.19,101.94,101.62,102.14,102.85,102.71,104.49,104.06,104.31,104.93,104.90,104.28,104.91,105.39,103.97,103.48,103.68,107.28,104.76,103.86,101.70,102.83,103.59,104.70,103.87,105.67,104.16,105.61,105.94,106.18,103.87,104.67,105.18,105.31,104.02,103.90,103.78,105.38,106.34,106.21,106.45,107.25,106.83,106.79,106.77,106.51,108.07,108.16,108.05,107.91,108.19,108.25,108.04,108.25,108.03,108.03,108.03,108.05,107.46,107.48,107.48,107.62,108.07,108.03,107.78,107.93,108.60,108.90,108.90,108.57,107.34,108.31,108.60,107.92,107.94,108.46,107.31,106.50,107.20,107.52,107.39,107.27,107.58,108.61,108.71,109.30,109.64,109.73,109.69,107.77,108.19,108.95,108.42,107.99,108.15,108.07,109.08,109.53,109.20,109.26,112.41,113.53,111.65,111.34,111.68,111.49,110.96,110.19,109.45,110.46,110.10,110.70,111.45,110.36,110.77,111.27,112.32,112.42,112.15,111.15,108.10,110.15,110.90,109.69,113.03,114.18,115.29
Producto,0.001720025,12131332,PROTECTOR SOLAR,107.65,111.25,113.64,113.63,112.06,111.40,111.40,110.71,110.98,108.52,112.36,113.30,115.89,116.04,116.04,114.62,116.36,119.16,119.08,118.98,118.98,119.00,119.20,118.72,117.42,117.50,119.84,119.27,119.33,104.99,106.86,116.77,111.34,118.60,110.67,118.20,108.99,115.78,117.87,117.87,114.91,120.71,119.13,106.11,101.41,101.13,101.25,104.92,104.47,98.31,103.63,101.90,100.84,97.85,100.45,96.13,96.01,99.54,99.42,96.18,94.91,82.10,92.97,96.44,95.72,95.59,95.67,95.97,95.85,96.02,96.76,96.73,95.14,91.84,92.31,87.88,87.93,91.42,91.32,90.69,89.39,90.72,84.59,90.57,82.05,84.58,84.43,87.82,92.60,92.76,92.99,88.25,91.15,95.24,97.37,102.69,96.92,95.49,88.92,102.88,110.03,110.91,103.28,105.54,110.24,110.77,111.09,111.11,111.98,97.53,98.87,113.47,116.81,119.10,114.98,111.93,112.37,119.11,117.39,117.75,120.61,113.28,115.64,107.60,113.17,123.37,111.13,106.65,115.91,118.58,119.09,123.46,123.99,117.85,121.97,123.70,123.63,124.49
Producto,0.002499479,12131333,CEPILLO DE DIENTES,103.65,103.52,107.69,107.97,107.97,107.97,109.63,109.63,113.06,116.93,120.00,120.40,120.28,120.47,120.00,120.41,114.58,119.07,119.35,119.39,119.39,119.39,119.39,120.17,121.42,112.67,112.67,120.04,120.21,118.24,118.94,119.86,119.93,119.88,119.96,118.02,119.90,120.11,120.11,120.11,119.95,119.95,119.97,120.09,120.64,123.06,114.40,117.76,114.92,122.47,123.29,123.35,123.35,121.14,121.12,117.92,114.55,118.04,116.04,118.17,118.86,114.08,118.77,115.44,124.23,117.30,122.45,124.74,116.76,118.03,117.27,118.07,120.25,114.41,119.15,115.84,117.24,117.77,120.83,119.12,117.62,124.43,125.19,127.26,126.37,121.92,118.73,121.97,127.00,124.22,127.19,132.39,130.82,128.50,128.75,134.94,126.76,125.56,124.99,125.88,127.16,118.62,127.02,122.24,117.05,118.38,126.72,123.08,120.88,119.20,116.28,134.74,130.27,130.30,123.06,128.76,120.42,122.03,115.52,122.38,116.50,123.26,115.11,116.02,118.84,122.75,119.16,119.72,117.97,120.99,124.15,123.02,124.76,117.87,116.69,122.44,123.40,125.78
Producto,0.002354339,12131334,CREMAS PARA LA PIEL,108.68,110.13,110.96,110.34,110.01,110.02,111.05,111.11,110.92,107.39,112.48,113.42,116.12,117.81,118.00,118.59,119.47,121.27,124.15,121.54,121.20,122.59,129.13,129.02,129.18,122.50,128.13,123.31,119.36,118.45,123.35,128.54,128.17,122.36,127.59,129.22,117.47,119.77,121.17,124.87,126.48,126.48,122.31,117.69,126.91,127.06,126.48,120.39,121.61,121.49,121.54,121.96,119.28,121.66,123.08,122.65,125.95,119.20,121.86,118.60,123.06,123.06,123.09,126.74,123.68,123.83,128.74,126.20,125.27,126.55,125.46,128.19,130.51,126.60,120.70,125.36,120.65,129.12,129.01,128.32,126.13,125.28,125.32,130.02,130.82,122.75,125.87,128.02,121.12,127.37,130.67,131.09,121.56,134.75,136.69,138.08,138.72,135.54,131.90,136.56,129.61,138.26,142.35,132.96,144.09,147.13,138.21,148.18,149.11,144.54,143.69,144.44,138.65,147.20,148.09,148.52,149.52,151.67,152.13,153.48,155.51,152.72,155.18,153.16,134.10,149.97,152.65,156.85,154.02,155.10,149.82,155.90,155.09,155.09,155.37,156.89,158.64,159.07
Producto,0.001011995,12131335,GEL Y FIJADOR DE CABELLO,102.01,101.82,106.18,107.17,108.16,108.09,108.04,108.23,108.64,108.34,108.48,108.70,105.69,106.30,106.27,105.91,105.92,107.07,107.09,107.26,107.45,107.53,107.87,109.49,107.38,107.55,106.45,106.56,106.06,105.64,105.85,106.01,106.16,105.83,104.88,104.88,106.58,106.70,106.71,106.74,106.70,105.42,106.89,106.91,106.89,105.91,106.23,108.44,108.77,108.80,108.07,106.36,108.81,106.03,105.39,107.53,109.19,107.83,108.00,108.11,107.70,107.95,108.25,108.91,108.81,109.12,108.66,107.04,107.91,107.48,106.92,108.34,110.96,110.75,110.72,109.22,111.14,113.03,114.45,112.42,112.51,111.45,112.17,114.98,113.13,112.92,114.47,110.88,116.76,114.70,115.33,113.82,114.31,116.83,116.08,112.57,112.41,114.70,112.65,122.54,122.78,112.61,112.82,119.71,115.51,123.25,112.19,120.76,122.81,113.17,121.84,128.30,119.18,111.86,117.07,118.36,116.15,117.76,124.55,119.58,120.91,123.01,125.35,127.43,125.22,120.24,125.06,126.12,122.74,126.44,125.62,128.33,122.72,124.87,121.61,130.63,126.73,122.24
Producto,0.004292512,12131336,DESODORANTE ,104.39,105.36,104.98,106.09,107.30,106.06,107.26,102.87,106.88,110.58,110.58,110.64,110.74,110.22,110.74,110.60,111.13,108.45,118.00,118.23,114.29,116.59,115.19,113.64,113.91,113.68,112.88,115.01,115.23,109.55,112.18,113.62,109.53,109.69,106.79,111.07,105.80,107.17,107.21,104.83,107.18,106.69,106.06,107.46,107.43,107.03,105.86,108.70,107.80,109.28,108.89,105.04,106.47,105.59,108.94,108.64,108.71,108.86,108.28,109.63,110.26,110.26,107.49,110.55,112.29,107.19,108.18,111.70,110.17,104.55,106.13,107.92,108.02,106.82,101.95,101.93,106.09,100.07,103.87,115.22,112.97,109.85,104.25,112.39,113.01,110.79,105.49,115.70,115.91,118.18,120.59,123.06,110.05,111.02,116.65,123.76,122.40,118.49,119.38,122.94,119.39,122.65,119.43,130.17,130.37,118.64,118.49,118.47,123.10,114.90,123.08,117.80,126.08,126.37,126.78,131.28,126.12,119.84,126.28,129.39,136.80,128.78,122.24,127.70,123.37,121.50,133.07,130.56,129.40,125.71,133.62,116.99,129.70,120.20,128.74,127.53,132.50,134.39
Producto,0.002994925,12131337,JABÓN PARA TOCADOR,103.58,103.58,103.58,104.37,104.36,101.94,102.56,103.78,104.18,104.18,104.94,104.99,105.17,105.17,105.30,105.25,102.64,102.86,102.94,102.38,102.48,102.25,101.97,101.92,101.96,101.40,104.21,102.28,103.61,105.32,103.35,103.01,102.12,102.04,103.68,103.33,102.00,102.00,102.00,102.00,101.61,100.49,101.58,101.50,102.61,102.12,101.84,101.63,101.63,100.52,100.36,100.58,100.62,101.68,101.20,101.09,101.11,101.47,102.51,102.55,100.90,100.90,99.59,99.84,100.37,100.25,100.20,100.21,99.72,101.31,100.97,101.23,99.95,100.49,100.39,100.13,100.39,100.65,100.65,100.00,100.33,100.49,102.38,102.48,103.01,103.64,104.70,104.64,104.58,104.98,104.96,104.54,107.19,105.99,107.45,108.37,107.26,107.26,105.23,108.46,108.46,107.01,107.98,109.93,109.97,111.44,111.84,111.57,109.67,109.83,109.64,110.10,108.81,108.80,108.45,108.73,108.64,108.49,108.49,108.49,108.01,108.72,108.99,108.99,108.99,108.99,108.61,108.47,109.02,109.23,109.23,109.30,111.78,109.07,111.28,108.99,110.18,107.66
Producto,0.004570035,12131338,PAÑALES DESECHABLES,99.80,101.27,99.67,101.19,99.86,101.72,101.31,101.79,99.54,103.18,101.55,103.32,101.48,103.16,99.76,102.86,104.12,105.86,101.02,104.34,105.93,106.38,106.01,105.94,101.93,100.10,96.01,91.19,89.80,85.47,85.21,85.71,84.49,81.53,87.09,85.44,87.64,87.58,84.19,82.95,86.92,85.58,84.77,85.16,85.08,85.16,84.59,85.24,84.41,84.65,84.80,85.78,86.42,86.66,87.72,88.07,88.21,88.51,87.95,89.67,88.04,87.90,86.30,88.63,88.47,87.98,73.41,65.55,65.27,63.15,63.58,63.54,63.55,63.23,63.85,63.19,62.71,61.79,60.95,60.00,63.52,64.21,59.19,61.60,62.67,63.63,59.94,64.19,65.41,65.27,66.10,66.86,63.99,65.79,67.72,68.24,67.09,66.45,65.64,65.11,66.78,66.65,64.71,64.42,66.54,69.80,69.53,66.73,70.49,70.70,72.46,72.45,70.51,71.26,70.11,75.90,72.71,74.79,75.67,76.51,77.16,77.40,76.76,77.53,77.79,77.02,76.17,79.12,77.11,79.43,79.31,77.61,77.90,77.67,77.27,77.49,77.79,77.77
Producto,0.005079289,12131339,PAPEL HIGIÉNICO,96.95,102.01,101.55,100.88,98.93,98.30,98.32,98.08,97.76,98.18,97.18,94.56,93.95,93.79,93.81,95.62,91.35,98.15,98.64,98.85,98.85,98.35,97.72,98.08,98.15,97.81,97.45,100.77,101.32,99.99,96.70,96.26,91.83,94.63,89.51,87.58,91.07,86.65,86.65,84.09,83.62,83.49,83.66,83.48,81.97,83.41,83.41,83.41,83.39,83.32,83.13,82.37,83.44,81.57,83.27,83.51,82.43,80.42,81.83,82.66,82.11,82.36,81.56,82.30,82.30,82.76,82.69,81.42,81.73,82.40,79.71,79.79,79.67,79.41,79.99,81.58,81.82,79.95,81.60,79.88,77.76,79.03,79.34,79.24,79.11,79.06,79.35,82.38,79.86,80.85,82.72,87.32,87.12,89.00,89.18,89.03,88.72,89.63,89.25,89.25,89.25,88.80,88.80,90.06,90.06,89.42,89.68,89.97,90.02,89.53,89.75,87.27,88.59,90.29,90.53,91.07,90.54,90.43,91.58,91.58,88.57,92.11,91.83,91.83,90.18,91.60,91.97,91.26,90.97,91.71,91.64,92.01,92.46,92.35,92.28,92.64,94.81,92.65
Producto,0.003593665,12131340,PASTA DENTAL,106.52,107.34,113.09,112.93,112.53,113.09,113.32,113.39,113.28,117.37,126.85,127.81,132.12,131.92,130.89,125.95,126.20,133.25,141.37,141.59,141.78,140.71,142.19,148.74,144.85,143.79,144.14,145.20,146.31,143.96,144.26,145.02,142.04,144.00,143.08,145.96,142.27,140.72,142.60,139.77,141.57,143.17,144.71,143.97,143.87,142.59,140.43,147.62,144.60,142.51,144.01,144.28,143.16,143.22,143.94,141.02,140.13,140.58,140.06,142.96,142.35,142.62,143.54,142.11,142.67,141.55,141.56,141.74,141.61,141.88,143.68,143.59,140.52,140.66,139.38,140.07,140.77,139.81,137.10,137.26,137.90,136.00,137.56,139.25,143.87,144.55,145.82,145.11,144.08,142.93,144.60,145.48,144.65,144.73,145.43,143.18,143.16,143.22,143.52,142.20,143.10,143.21,146.07,143.63,143.81,143.64,144.06,144.74,143.32,143.21,142.84,146.13,144.97,144.64,144.64,144.84,141.36,136.08,135.42,139.96,143.24,142.62,142.17,141.06,146.53,144.92,143.32,143.47,143.24,142.00,140.76,140.43,148.61,148.58,148.23,147.83,149.15,148.70
Producto,0.006820282,12131341,PERFUMES,110.79,110.79,107.72,107.72,107.74,107.74,107.77,107.75,107.75,107.78,107.78,107.78,107.87,108.46,107.14,106.91,108.60,110.33,110.17,110.33,110.29,110.65,111.26,111.20,112.21,106.68,109.98,109.99,110.05,111.33,112.77,112.65,112.29,112.40,112.54,112.27,112.17,112.26,112.17,111.41,110.97,111.77,111.89,111.63,111.71,111.76,111.72,111.68,111.83,111.90,111.76,111.80,111.63,110.54,110.56,110.40,110.57,110.23,110.50,110.20,110.01,110.09,110.09,110.45,110.44,110.08,110.11,110.62,111.28,111.36,111.77,111.85,112.18,111.36,110.99,110.99,111.50,111.31,111.33,112.14,112.18,111.38,111.32,111.47,111.41,111.57,111.52,111.52,111.55,110.89,109.63,110.03,110.07,110.09,110.14,109.21,109.26,110.41,110.40,110.74,112.13,112.55,114.86,114.33,114.07,114.89,115.09,114.54,114.39,114.53,114.46,117.60,117.76,116.22,116.01,116.49,118.73,119.62,118.82,118.96,119.13,119.34,119.17,119.35,119.34,119.33,119.40,118.13,118.08,118.35,118.41,118.46,118.72,119.05,119.19,119.07,119.77,119.91
Producto,0.00297812,12131342,TOALLAS SANITARIAS,104.90,108.32,114.02,117.53,115.85,116.55,117.92,118.04,117.35,117.25,117.16,117.21,117.53,117.47,117.57,117.61,118.50,121.08,121.11,121.03,120.60,120.74,120.33,120.12,120.32,120.29,120.29,120.06,119.75,119.10,118.83,118.90,119.08,118.81,119.81,118.99,118.70,119.83,119.46,119.41,119.39,119.73,119.80,118.57,118.15,117.89,118.60,117.42,118.09,117.85,119.09,119.05,119.41,120.71,119.71,119.80,120.79,119.78,120.25,121.33,121.84,120.97,119.62,122.13,122.36,122.53,119.94,122.61,115.39,117.42,117.85,117.94,114.89,117.39,116.05,117.05,117.97,114.23,115.62,117.80,117.01,116.70,119.45,114.63,114.94,113.31,114.06,113.87,114.95,110.97,111.28,112.45,113.05,113.50,113.41,112.53,113.81,111.13,107.98,111.70,111.53,112.28,110.52,107.44,105.69,106.69,110.01,110.89,112.66,108.62,111.31,113.42,113.55,113.52,115.29,114.29,115.25,115.25,114.14,113.10,114.96,115.11,114.86,111.90,114.13,113.52,112.80,113.67,114.01,114.22,114.13,113.71,113.33,113.67,114.71,109.91,114.97,114.81
Producto,0.001590334,12131343,RASURADORA,92.78,93.50,93.64,93.47,93.87,93.87,92.36,94.58,93.98,94.52,94.60,91.76,97.24,97.38,97.49,99.25,99.04,101.00,103.04,102.69,102.69,102.66,103.24,103.09,101.81,102.00,103.17,102.13,103.91,99.86,102.02,102.71,102.73,99.38,99.44,99.22,102.57,102.57,102.61,102.59,102.59,102.75,102.08,102.94,102.94,103.41,102.94,103.18,103.41,102.97,101.40,103.13,95.23,102.43,91.20,102.21,97.63,102.83,102.83,100.55,100.68,98.88,99.60,101.72,102.25,99.50,102.89,103.00,102.65,99.56,100.12,102.58,97.93,104.74,101.87,102.13,102.97,99.72,101.60,106.25,106.08,105.86,109.21,107.39,103.55,101.10,107.55,112.16,115.52,112.17,114.70,115.25,115.00,116.51,116.85,116.55,111.78,117.87,117.62,118.36,117.87,121.47,121.02,121.01,121.08,123.43,123.96,118.48,124.82,123.54,127.29,132.70,130.75,129.50,129.29,128.00,131.66,125.59,124.04,124.15,126.67,126.63,125.92,125.65,127.26,126.75,126.70,124.98,120.55,121.53,122.13,123.11,122.98,120.17,123.46,122.68,123.67,123.06
Producto,0.005288909,12131344,SHAMPOO,100.92,101.06,101.17,102.86,103.32,103.15,103.05,101.86,101.68,97.53,101.91,102.77,102.94,103.03,102.01,101.82,103.18,103.43,102.33,103.57,103.78,105.55,105.82,105.82,101.25,105.66,105.62,105.62,106.04,100.49,101.37,100.96,98.90,96.97,99.59,100.44,100.38,100.19,100.13,99.46,100.94,100.46,100.46,101.68,103.21,103.25,101.97,103.27,102.11,101.15,101.19,101.15,101.15,101.20,100.65,101.22,101.22,101.04,101.05,101.05,101.24,100.39,101.46,101.56,103.07,103.51,102.59,103.56,103.55,103.82,103.92,103.53,104.05,104.05,103.34,103.50,104.15,105.30,106.81,107.41,107.51,107.43,109.53,111.20,109.99,109.72,109.74,112.80,114.83,109.85,114.32,113.81,112.82,113.76,113.41,113.73,113.50,114.79,114.18,113.99,113.11,114.51,114.10,113.09,110.72,113.86,113.48,111.50,112.43,112.43,110.89,116.69,116.62,116.85,117.81,119.75,121.01,121.51,121.12,122.72,122.32,116.29,121.62,121.96,122.14,121.26,120.00,115.52,117.72,117.43,118.55,121.01,121.45,121.73,118.03,120.05,121.33,126.03
Producto,0.000498704,12131345,TALCO PARA PIES,96.56,96.56,96.56,100.01,99.77,99.81,99.78,99.75,99.75,99.75,99.62,99.81,99.81,99.81,99.81,99.81,99.40,102.52,99.04,98.84,98.65,101.14,106.26,106.52,106.23,106.46,106.25,105.98,106.56,104.63,100.59,102.04,102.05,101.91,101.85,101.72,101.97,102.50,100.30,102.41,100.90,98.05,99.32,98.90,97.78,95.06,96.72,97.35,98.30,99.38,99.79,98.67,97.77,99.53,95.34,96.11,95.72,98.71,91.23,99.69,97.67,96.64,95.84,98.16,94.89,98.65,98.08,94.90,96.64,98.08,96.00,91.67,94.81,93.93,94.19,91.90,96.21,93.25,95.27,95.22,90.76,93.59,100.05,100.35,102.98,99.04,102.68,101.33,107.62,104.89,107.79,110.06,106.75,109.76,107.97,101.82,107.91,106.61,106.05,105.93,106.09,99.95,103.83,103.49,100.73,102.37,103.66,106.89,106.90,100.55,104.20,102.30,105.95,106.85,109.79,101.28,107.16,107.32,108.31,107.87,109.51,106.83,109.24,107.07,107.52,103.77,103.61,102.36,96.96,101.75,103.58,104.73,104.74,106.64,102.34,104.92,102.21,101.52
Producto,0.000629224,12131346,TINTE PARA EL CABELLO,102.21,102.29,102.72,102.82,102.29,102.29,102.29,102.27,102.41,102.41,102.41,102.41,102.41,102.41,103.07,109.79,104.07,106.68,107.48,107.57,107.79,107.88,106.03,107.51,108.19,108.19,107.59,108.46,106.25,107.80,108.74,108.93,107.95,104.71,105.71,98.38,102.77,105.27,100.55,105.94,105.67,107.06,106.47,107.14,107.47,107.25,106.55,106.58,106.97,107.09,106.99,106.95,107.37,107.44,107.34,107.18,107.23,107.17,107.17,107.14,107.25,107.25,107.25,106.49,106.70,107.12,107.12,105.63,107.08,101.11,107.08,102.05,103.43,106.67,106.67,106.97,105.24,107.52,98.89,104.99,101.54,112.02,111.50,105.07,107.51,110.26,107.92,108.17,109.46,112.67,108.71,112.73,110.05,100.48,108.71,105.68,105.50,108.50,101.02,105.60,99.78,112.28,111.05,105.94,110.18,111.26,108.20,105.12,101.89,103.47,101.45,109.47,109.53,111.18,116.50,109.14,112.82,115.07,107.78,106.60,115.14,114.80,115.59,109.61,107.33,114.37,115.39,107.65,105.82,112.21,107.31,106.40,107.44,110.83,110.93,106.19,106.26,118.16
Grupo,0.005113601,123,Efectos personales n.e.p.,101.81,100.38,100.40,99.98,100.12,101.00,100.99,101.50,103.56,103.76,103.71,103.43,103.82,103.96,103.62,104.17,104.12,103.79,104.35,105.20,106.79,107.05,102.38,102.36,101.83,102.10,102.67,102.74,102.27,101.31,101.17,100.61,100.15,99.97,100.11,100.09,99.81,99.52,99.55,99.77,99.50,99.37,98.54,98.40,97.10,97.37,97.33,97.29,97.21,97.20,96.51,96.29,95.96,96.02,96.30,96.14,95.54,95.59,95.51,95.43,94.59,94.82,95.04,94.83,95.34,95.93,95.91,95.93,95.14,95.15,93.88,93.95,94.30,94.82,94.83,94.96,94.53,94.46,94.88,94.64,93.68,94.96,94.78,95.72,95.68,95.91,97.63,98.23,98.29,98.12,98.67,98.61,99.41,99.36,100.62,100.57,100.49,100.74,100.74,101.06,101.13,101.06,101.45,101.39,100.78,100.96,101.22,101.39,101.53,101.90,102.37,104.88,104.90,105.07,105.68,106.82,106.55,107.37,107.19,107.48,108.76,109.53,109.81,110.98,111.51,112.70,114.98,116.67,117.68,120.39,123.18,124.34,128.06,129.48,130.08,136.65,135.58,134.20
Clase,0.00186482,1231,"Joyería, relojes de pared y relojes de pulsera (D)",105.57,102.43,102.43,100.85,100.60,102.91,102.87,104.56,104.56,105.89,106.32,105.52,106.03,106.30,105.71,107.23,107.15,107.66,109.17,111.62,112.43,112.43,110.80,110.43,109.39,108.93,110.43,110.64,110.09,110.12,109.64,108.21,108.70,108.20,108.67,108.81,108.73,108.03,108.16,108.82,108.39,107.30,107.16,107.35,107.39,107.12,107.18,107.14,107.27,107.32,105.18,104.87,104.03,104.42,105.36,104.90,105.32,105.38,105.88,105.55,103.88,104.56,105.24,107.11,107.37,107.86,107.96,108.07,106.57,106.73,107.52,107.91,109.03,110.44,110.61,111.76,110.96,110.65,111.33,110.94,110.04,113.31,113.13,116.06,115.20,116.20,120.53,121.90,121.70,120.99,122.50,121.96,122.69,122.34,122.46,122.46,122.24,122.91,123.00,124.42,124.75,124.48,125.30,125.12,124.97,124.86,125.04,125.51,125.94,126.92,127.95,134.67,135.26,136.05,136.91,140.51,141.30,142.32,142.89,143.58,147.40,150.59,151.41,154.38,155.33,158.65,165.27,169.67,172.48,179.58,187.93,192.25,201.23,204.94,206.18,224.18,221.50,217.89
Subclase,0.00186482,12311,"Joyería, relojes de pared y relojes de pulsera",105.57,102.43,102.43,100.85,100.60,102.91,102.87,104.56,104.56,105.89,106.32,105.52,106.03,106.30,105.71,107.23,107.15,107.66,109.17,111.62,112.43,112.43,110.80,110.43,109.39,108.93,110.43,110.64,110.09,110.12,109.64,108.21,108.70,108.20,108.67,108.81,108.73,108.03,108.16,108.82,108.39,107.30,107.16,107.35,107.39,107.12,107.18,107.14,107.27,107.32,105.18,104.87,104.03,104.42,105.36,104.90,105.32,105.38,105.88,105.55,103.88,104.56,105.24,107.11,107.37,107.86,107.96,108.07,106.57,106.73,107.52,107.91,109.03,110.44,110.61,111.76,110.96,110.65,111.33,110.94,110.04,113.31,113.13,116.06,115.20,116.20,120.53,121.90,121.70,120.99,122.50,121.96,122.69,122.34,122.46,122.46,122.24,122.91,123.00,124.42,124.75,124.48,125.30,125.12,124.97,124.86,125.04,125.51,125.94,126.92,127.95,134.67,135.26,136.05,136.91,140.51,141.30,142.32,142.89,143.58,147.40,150.59,151.41,154.38,155.33,158.65,165.27,169.67,172.48,179.58,187.93,192.25,201.23,204.94,206.18,224.18,221.50,217.89
Producto,0.000795115,12311347,RELOJ DE MANO,117.08,117.08,117.08,117.08,117.08,120.31,130.67,133.98,133.98,134.38,134.24,134.00,134.00,134.00,134.20,134.20,134.07,134.94,135.65,142.72,142.94,142.94,142.94,142.73,144.59,144.59,147.75,147.53,146.15,146.37,145.20,139.59,138.62,138.33,138.33,138.49,138.49,135.88,135.88,135.98,136.01,136.19,136.19,138.70,140.28,137.72,137.72,136.18,136.18,136.18,129.31,129.05,126.02,126.02,126.02,125.09,125.58,125.43,126.36,126.36,122.36,122.36,122.36,122.36,122.36,122.27,122.27,122.10,122.10,122.13,122.13,122.83,121.55,121.20,121.20,121.20,121.20,119.52,121.94,120.25,119.04,118.41,118.81,119.62,116.66,118.63,120.25,124.46,124.34,124.46,127.29,126.03,126.03,126.24,126.50,129.71,128.38,128.53,126.66,126.66,126.66,126.66,128.28,128.28,127.98,127.98,127.50,127.50,127.50,128.58,128.58,129.89,130.68,130.71,131.12,130.44,130.44,130.15,130.15,130.15,130.15,129.85,131.61,126.31,126.02,126.02,127.69,128.19,128.19,128.26,128.26,128.42,128.43,130.94,131.49,131.52,131.52,131.26
Producto,0.001069704,12311348,ANILLO,100.95,96.54,96.54,94.33,93.98,95.93,91.71,92.74,92.74,94.44,95.10,94.08,94.80,95.18,94.26,96.40,96.34,96.71,98.53,99.13,100.17,100.17,97.89,97.45,95.25,94.61,95.44,95.82,95.61,95.55,95.36,95.60,96.68,96.10,96.76,96.88,96.77,96.84,97.02,97.91,97.29,95.69,95.50,94.75,94.18,94.83,94.92,95.47,95.66,95.73,95.49,95.15,95.20,95.74,97.06,96.79,97.19,97.33,97.65,97.20,96.45,97.41,98.36,100.99,101.35,102.07,102.21,102.43,100.33,100.55,101.66,101.92,104.00,106.12,106.36,107.97,106.85,107.09,107.07,107.21,106.43,111.26,110.86,114.63,114.61,115.23,120.65,120.86,120.64,119.60,120.57,120.32,121.35,120.77,120.84,119.55,119.77,120.65,121.53,123.52,123.99,123.60,124.10,123.85,123.76,123.61,124.05,124.71,125.31,126.25,127.70,136.59,137.10,138.20,139.24,144.56,145.66,147.20,148.01,148.98,154.32,158.93,159.37,165.65,167.10,171.76,180.37,186.33,190.27,200.19,211.90,217.89,230.48,234.66,236.18,261.40,257.65,252.68
Clase,0.003248781,1232,Otros efectos personales (SD),99.66,99.21,99.24,99.48,99.84,99.90,99.90,99.74,102.99,102.54,102.22,102.22,102.56,102.62,102.42,102.42,102.39,101.56,101.59,101.52,103.55,103.97,97.56,97.73,97.50,98.19,98.22,98.22,97.79,96.26,96.32,96.25,95.26,95.26,95.21,95.09,94.70,94.65,94.62,94.58,94.41,94.83,93.60,93.28,91.20,91.79,91.69,91.65,91.44,91.40,91.54,91.38,91.34,91.21,91.12,91.12,89.94,89.98,89.58,89.63,89.28,89.25,89.20,87.80,88.46,89.10,89.01,88.98,88.60,88.52,86.07,85.95,85.87,85.87,85.79,85.34,85.12,85.19,85.45,85.30,84.31,84.44,84.27,84.07,84.49,84.29,84.51,84.67,84.88,85.03,85.02,85.24,86.07,86.20,88.10,88.03,88.03,88.05,87.99,87.69,87.60,87.65,87.79,87.79,86.93,87.27,87.57,87.57,87.55,87.57,87.72,87.82,87.52,87.33,87.80,87.52,86.64,87.36,86.74,86.80,86.63,86.01,85.98,86.12,86.41,86.38,86.18,86.32,86.29,86.48,86.09,85.45,86.15,86.25,86.49,86.51,86.37,86.26
Subclase,0.003248781,12321,Artículos personales varios,99.66,99.21,99.24,99.48,99.84,99.90,99.90,99.74,102.99,102.54,102.22,102.22,102.56,102.62,102.42,102.42,102.39,101.56,101.59,101.52,103.55,103.97,97.56,97.73,97.50,98.19,98.22,98.22,97.79,96.26,96.32,96.25,95.26,95.26,95.21,95.09,94.70,94.65,94.62,94.58,94.41,94.83,93.60,93.28,91.20,91.79,91.69,91.65,91.44,91.40,91.54,91.38,91.34,91.21,91.12,91.12,89.94,89.98,89.58,89.63,89.28,89.25,89.20,87.80,88.46,89.10,89.01,88.98,88.60,88.52,86.07,85.95,85.87,85.87,85.79,85.34,85.12,85.19,85.45,85.30,84.31,84.44,84.27,84.07,84.49,84.29,84.51,84.67,84.88,85.03,85.02,85.24,86.07,86.20,88.10,88.03,88.03,88.05,87.99,87.69,87.60,87.65,87.79,87.79,86.93,87.27,87.57,87.57,87.55,87.57,87.72,87.82,87.52,87.33,87.80,87.52,86.64,87.36,86.74,86.80,86.63,86.01,85.98,86.12,86.41,86.38,86.18,86.32,86.29,86.48,86.09,85.45,86.15,86.25,86.49,86.51,86.37,86.26
Producto,0.001199458,12321349,BOLSOS Y CARTERAS,103.43,103.15,103.25,104.00,105.13,105.32,105.32,104.81,104.99,104.99,104.28,104.28,105.33,105.52,104.79,104.79,104.79,100.85,100.88,100.50,102.75,102.69,95.62,96.00,96.26,98.88,99.05,99.05,98.80,94.63,94.63,95.16,94.57,94.63,94.63,94.21,95.24,95.08,94.98,94.88,94.58,94.88,93.97,93.85,92.45,92.56,92.74,92.74,92.56,92.57,93.04,92.54,92.64,92.28,92.28,92.28,91.87,92.51,91.88,91.56,90.01,90.01,90.01,90.01,90.01,90.01,89.73,89.64,89.64,89.64,84.94,84.65,84.38,84.48,84.48,82.98,82.28,82.28,83.03,83.03,83.64,84.98,84.25,83.91,85.07,84.99,85.14,85.81,86.43,86.82,86.88,87.61,87.79,88.11,92.17,92.22,92.29,92.32,92.32,92.03,91.76,91.93,91.93,92.03,91.92,91.98,92.32,92.32,92.15,91.90,91.90,92.66,92.54,92.29,92.09,92.09,91.45,91.82,91.17,91.44,90.81,90.81,90.81,90.68,91.47,91.28,90.65,91.07,90.90,90.90,89.98,88.94,90.68,91.00,91.30,91.37,91.37,91.37
Producto,0.000405411,12321350,GAFAS PARA SOL,95.13,93.24,93.24,93.24,93.24,93.24,93.24,93.24,93.24,93.53,93.69,93.69,93.68,93.68,93.86,93.86,93.68,96.01,96.10,96.36,96.36,96.36,94.60,94.88,93.18,92.41,92.27,92.27,90.43,89.36,89.64,88.41,89.05,89.07,89.07,89.19,85.32,85.32,85.32,85.32,84.92,86.65,81.64,80.10,80.32,83.29,83.29,83.05,82.28,82.02,81.96,81.96,81.60,81.50,81.00,81.00,81.07,81.07,80.45,81.28,82.04,81.90,81.62,74.16,77.66,81.10,81.10,81.10,81.10,81.10,80.43,80.30,80.30,80.15,79.72,79.87,79.87,80.23,80.35,79.53,79.87,79.88,78.73,78.24,78.52,77.55,78.48,78.23,78.29,78.40,78.24,78.16,78.16,77.02,77.48,77.00,76.88,76.91,76.60,75.51,75.51,75.46,76.22,76.06,76.06,75.78,76.80,76.80,77.01,77.51,78.30,77.56,76.15,75.58,78.40,76.91,77.32,77.97,77.60,77.48,77.63,74.35,74.20,75.15,75.35,75.53,75.53,75.53,77.11,76.47,75.91,74.28,75.07,75.07,75.82,75.82,75.05,74.49
Producto,0.001643913,12321351,MOCHILA ESCOLAR,98.93,98.93,98.93,98.93,98.93,98.93,98.93,98.93,105.41,104.38,104.13,104.13,104.13,104.13,104.13,104.13,104.13,104.13,104.13,104.13,106.80,107.68,99.93,99.93,99.93,99.93,99.93,99.93,99.93,99.93,99.93,99.93,98.06,98.00,97.90,97.90,97.90,97.90,97.90,97.90,97.90,97.90,97.90,97.90,94.52,94.52,94.20,94.20,94.20,94.20,94.20,94.20,94.20,94.20,94.20,94.20,92.05,91.73,91.54,91.54,91.54,91.54,91.54,91.54,91.54,91.54,91.54,91.54,90.78,90.61,88.94,88.94,88.94,88.94,88.94,88.94,88.94,88.94,88.94,88.94,86.44,85.83,86.38,86.38,86.38,86.38,86.38,86.38,86.38,86.38,86.38,86.38,87.96,88.44,89.51,89.51,89.51,89.51,89.51,89.51,89.51,89.51,89.51,89.51,87.82,88.59,88.59,88.59,88.59,88.59,88.59,88.59,88.59,88.59,88.59,88.59,87.07,88.03,87.34,87.34,87.34,87.34,87.34,87.34,87.34,87.34,87.34,87.34,86.80,87.43,87.43,87.43,87.43,87.43,87.43,87.43,87.43,87.43
Grupo,0.001631014,124,Protección social,101.99,101.99,102.06,102.06,102.06,102.06,102.06,102.06,103.83,103.83,103.83,103.83,103.83,103.47,103.47,103.47,103.47,103.49,103.49,103.49,104.52,104.52,104.52,104.52,104.52,104.65,104.65,104.65,104.65,104.65,104.65,104.65,105.57,105.57,105.57,105.57,105.57,106.68,106.68,106.68,106.68,106.68,106.68,106.68,107.46,107.46,107.62,107.62,107.80,107.80,107.80,107.80,107.80,107.80,107.80,107.80,107.46,107.56,108.02,108.02,108.07,108.07,108.07,108.07,108.07,108.07,108.07,108.07,108.07,108.07,108.07,108.07,108.07,108.07,108.07,108.07,108.07,108.07,108.07,106.24,115.20,115.63,115.63,115.74,114.88,114.58,114.63,114.63,114.83,114.83,114.83,114.90,115.32,115.32,115.34,115.34,115.34,115.34,115.34,115.34,115.34,115.34,115.34,115.49,115.84,115.84,115.84,115.84,115.84,115.84,117.25,117.27,117.27,117.27,117.27,117.27,118.72,118.97,118.97,118.97,118.97,118.97,118.97,118.97,118.97,118.97,118.97,118.97,119.47,119.52,113.44,113.44,113.44,113.44,113.44,113.44,113.44,113.44
Clase,0.001631014,1240,Protección social (S),101.99,101.99,102.06,102.06,102.06,102.06,102.06,102.06,103.83,103.83,103.83,103.83,103.83,103.47,103.47,103.47,103.47,103.49,103.49,103.49,104.52,104.52,104.52,104.52,104.52,104.65,104.65,104.65,104.65,104.65,104.65,104.65,105.57,105.57,105.57,105.57,105.57,106.68,106.68,106.68,106.68,106.68,106.68,106.68,107.46,107.46,107.62,107.62,107.80,107.80,107.80,107.80,107.80,107.80,107.80,107.80,107.46,107.56,108.02,108.02,108.07,108.07,108.07,108.07,108.07,108.07,108.07,108.07,108.07,108.07,108.07,108.07,108.07,108.07,108.07,108.07,108.07,108.07,108.07,106.24,115.20,115.63,115.63,115.74,114.88,114.58,114.63,114.63,114.83,114.83,114.83,114.90,115.32,115.32,115.34,115.34,115.34,115.34,115.34,115.34,115.34,115.34,115.34,115.49,115.84,115.84,115.84,115.84,115.84,115.84,117.25,117.27,117.27,117.27,117.27,117.27,118.72,118.97,118.97,118.97,118.97,118.97,118.97,118.97,118.97,118.97,118.97,118.97,119.47,119.52,113.44,113.44,113.44,113.44,113.44,113.44,113.44,113.44
Subclase,0.001631014,12401,Guarderías y casas cunas,101.99,101.99,102.06,102.06,102.06,102.06,102.06,102.06,103.83,103.83,103.83,103.83,103.83,103.47,103.47,103.47,103.47,103.49,103.49,103.49,104.52,104.52,104.52,104.52,104.52,104.65,104.65,104.65,104.65,104.65,104.65,104.65,105.57,105.57,105.57,105.57,105.57,106.68,106.68,106.68,106.68,106.68,106.68,106.68,107.46,107.46,107.62,107.62,107.80,107.80,107.80,107.80,107.80,107.80,107.80,107.80,107.46,107.56,108.02,108.02,108.07,108.07,108.07,108.07,108.07,108.07,108.07,108.07,108.07,108.07,108.07,108.07,108.07,108.07,108.07,108.07,108.07,108.07,108.07,106.24,115.20,115.63,115.63,115.74,114.88,114.58,114.63,114.63,114.83,114.83,114.83,114.90,115.32,115.32,115.34,115.34,115.34,115.34,115.34,115.34,115.34,115.34,115.34,115.49,115.84,115.84,115.84,115.84,115.84,115.84,117.25,117.27,117.27,117.27,117.27,117.27,118.72,118.97,118.97,118.97,118.97,118.97,118.97,118.97,118.97,118.97,118.97,118.97,119.47,119.52,113.44,113.44,113.44,113.44,113.44,113.44,113.44,113.44
Producto,0.001631014,12401352,SERVICIO DE GUARDERÍAS INFANTILES,101.99,101.99,102.06,102.06,102.06,102.06,102.06,102.06,103.83,103.83,103.83,103.83,103.83,103.47,103.47,103.47,103.47,103.49,103.49,103.49,104.52,104.52,104.52,104.52,104.52,104.65,104.65,104.65,104.65,104.65,104.65,104.65,105.57,105.57,105.57,105.57,105.57,106.68,106.68,106.68,106.68,106.68,106.68,106.68,107.46,107.46,107.62,107.62,107.80,107.80,107.80,107.80,107.80,107.80,107.80,107.80,107.46,107.56,108.02,108.02,108.07,108.07,108.07,108.07,108.07,108.07,108.07,108.07,108.07,108.07,108.07,108.07,108.07,108.07,108.07,108.07,108.07,108.07,108.07,106.24,115.20,115.63,115.63,115.74,114.88,114.58,114.63,114.63,114.83,114.83,114.83,114.90,115.32,115.32,115.34,115.34,115.34,115.34,115.34,115.34,115.34,115.34,115.34,115.49,115.84,115.84,115.84,115.84,115.84,115.84,117.25,117.27,117.27,117.27,117.27,117.27,118.72,118.97,118.97,118.97,118.97,118.97,118.97,118.97,118.97,118.97,118.97,118.97,119.47,119.52,113.44,113.44,113.44,113.44,113.44,113.44,113.44,113.44
Grupo,0.012280717,125,Seguros,99.93,99.93,99.93,99.93,99.93,99.93,99.93,99.93,99.93,98.95,98.95,98.95,99.14,99.14,99.14,99.14,99.14,99.14,99.14,99.14,99.14,99.14,99.14,99.14,99.72,99.72,99.72,99.72,99.72,99.72,99.72,99.72,99.72,99.72,99.72,99.72,100.30,100.30,100.30,100.30,100.30,100.30,100.30,100.30,100.30,100.30,100.30,100.30,100.30,100.30,100.30,100.30,100.30,100.30,100.30,100.30,100.30,100.30,100.30,100.30,99.36,100.00,100.00,100.00,100.00,100.00,100.00,100.00,100.00,100.00,100.00,100.00,99.99,100.11,100.11,100.11,100.11,100.11,100.11,100.11,100.11,100.11,100.11,100.11,100.33,100.53,100.53,100.53,100.53,100.53,100.53,100.53,100.53,100.53,100.53,100.53,100.57,100.93,100.93,100.93,100.93,100.93,100.93,100.93,100.93,100.93,100.93,100.93,100.93,101.22,101.22,101.22,101.22,101.22,101.22,101.22,101.22,101.22,101.22,101.22,101.21,101.42,101.42,101.42,101.42,101.42,101.42,101.42,101.42,101.42,101.42,101.42,100.90,100.89,100.89,100.89,100.89,100.89
Clase,0.000275555,1252,Seguro relacionado con la vivienda (S),97.90,97.90,97.90,97.90,97.90,97.90,97.90,97.90,97.90,97.90,97.90,97.90,97.90,97.90,97.90,97.90,97.90,97.90,97.90,97.90,97.90,97.90,97.90,97.90,98.17,98.17,98.17,98.17,98.17,98.17,98.17,98.17,98.17,98.17,98.17,98.17,96.69,96.69,96.69,96.69,96.69,96.69,96.69,96.69,96.69,96.69,96.69,96.69,96.69,96.69,96.69,96.69,96.69,96.69,96.69,96.69,96.69,96.69,96.69,96.69,95.48,90.41,90.41,90.41,90.41,90.41,90.41,90.41,90.41,90.41,90.41,90.41,90.08,85.38,85.38,85.38,85.38,85.38,85.38,85.38,85.38,85.38,85.38,85.38,85.38,89.43,89.43,89.43,89.43,89.43,89.43,89.43,89.43,89.43,89.43,89.43,90.95,89.48,89.48,89.48,89.48,89.48,89.48,89.48,89.48,89.48,89.48,89.48,89.50,89.50,89.50,89.50,89.50,89.50,89.50,89.50,89.50,89.50,89.50,89.50,89.03,89.38,89.38,89.38,89.38,89.38,89.38,89.38,89.38,89.38,89.38,89.38,89.95,89.73,89.73,89.73,89.73,89.73
Subclase,0.000275555,12521,Seguro relacionado con la vivienda,97.90,97.90,97.90,97.90,97.90,97.90,97.90,97.90,97.90,97.90,97.90,97.90,97.90,97.90,97.90,97.90,97.90,97.90,97.90,97.90,97.90,97.90,97.90,97.90,98.17,98.17,98.17,98.17,98.17,98.17,98.17,98.17,98.17,98.17,98.17,98.17,96.69,96.69,96.69,96.69,96.69,96.69,96.69,96.69,96.69,96.69,96.69,96.69,96.69,96.69,96.69,96.69,96.69,96.69,96.69,96.69,96.69,96.69,96.69,96.69,95.48,90.41,90.41,90.41,90.41,90.41,90.41,90.41,90.41,90.41,90.41,90.41,90.08,85.38,85.38,85.38,85.38,85.38,85.38,85.38,85.38,85.38,85.38,85.38,85.38,89.43,89.43,89.43,89.43,89.43,89.43,89.43,89.43,89.43,89.43,89.43,90.95,89.48,89.48,89.48,89.48,89.48,89.48,89.48,89.48,89.48,89.48,89.48,89.50,89.50,89.50,89.50,89.50,89.50,89.50,89.50,89.50,89.50,89.50,89.50,89.03,89.38,89.38,89.38,89.38,89.38,89.38,89.38,89.38,89.38,89.38,89.38,89.95,89.73,89.73,89.73,89.73,89.73
Producto,0.000275555,12521353,SEGURO PARA LA VIVIENDA,97.90,97.90,97.90,97.90,97.90,97.90,97.90,97.90,97.90,97.90,97.90,97.90,97.90,97.90,97.90,97.90,97.90,97.90,97.90,97.90,97.90,97.90,97.90,97.90,98.17,98.17,98.17,98.17,98.17,98.17,98.17,98.17,98.17,98.17,98.17,98.17,96.69,96.69,96.69,96.69,96.69,96.69,96.69,96.69,96.69,96.69,96.69,96.69,96.69,96.69,96.69,96.69,96.69,96.69,96.69,96.69,96.69,96.69,96.69,96.69,95.48,90.41,90.41,90.41,90.41,90.41,90.41,90.41,90.41,90.41,90.41,90.41,90.08,85.38,85.38,85.38,85.38,85.38,85.38,85.38,85.38,85.38,85.38,85.38,85.38,89.43,89.43,89.43,89.43,89.43,89.43,89.43,89.43,89.43,89.43,89.43,90.95,89.48,89.48,89.48,89.48,89.48,89.48,89.48,89.48,89.48,89.48,89.48,89.50,89.50,89.50,89.50,89.50,89.50,89.50,89.50,89.50,89.50,89.50,89.50,89.03,89.38,89.38,89.38,89.38,89.38,89.38,89.38,89.38,89.38,89.38,89.38,89.95,89.73,89.73,89.73,89.73,89.73
Clase,0.005689856,1253,Seguro relacionado con la salud (S),99.25,99.25,99.25,99.25,99.25,99.25,99.25,99.25,99.25,97.13,97.13,97.13,97.56,97.56,97.56,97.56,97.56,97.56,97.56,97.56,97.56,97.56,97.56,97.56,98.79,98.79,98.79,98.79,98.79,98.79,98.79,98.79,98.79,98.79,98.79,98.79,100.11,100.11,100.11,100.11,100.11,100.11,100.11,100.11,100.11,100.11,100.11,100.11,100.11,100.11,100.11,100.11,100.11,100.11,100.11,100.11,100.11,100.11,100.11,100.11,98.17,99.84,99.84,99.84,99.84,99.84,99.84,99.84,99.84,99.84,99.84,99.84,99.84,100.37,100.37,100.37,100.37,100.37,100.37,100.37,100.37,100.37,100.37,100.37,100.83,101.02,101.02,101.02,101.02,101.02,101.02,101.02,101.02,101.02,101.02,101.02,101.02,101.88,101.88,101.88,101.88,101.88,101.88,101.88,101.88,101.88,101.88,101.88,101.88,102.51,102.51,102.51,102.51,102.51,102.51,102.51,102.51,102.51,102.51,102.51,102.51,102.93,102.93,102.93,102.93,102.93,102.93,102.93,102.93,102.93,102.93,102.93,101.78,101.78,101.78,101.78,101.78,101.78
Subclase,0.005689856,12531,Seguro relacionado con la salud,99.25,99.25,99.25,99.25,99.25,99.25,99.25,99.25,99.25,97.13,97.13,97.13,97.56,97.56,97.56,97.56,97.56,97.56,97.56,97.56,97.56,97.56,97.56,97.56,98.79,98.79,98.79,98.79,98.79,98.79,98.79,98.79,98.79,98.79,98.79,98.79,100.11,100.11,100.11,100.11,100.11,100.11,100.11,100.11,100.11,100.11,100.11,100.11,100.11,100.11,100.11,100.11,100.11,100.11,100.11,100.11,100.11,100.11,100.11,100.11,98.17,99.84,99.84,99.84,99.84,99.84,99.84,99.84,99.84,99.84,99.84,99.84,99.84,100.37,100.37,100.37,100.37,100.37,100.37,100.37,100.37,100.37,100.37,100.37,100.83,101.02,101.02,101.02,101.02,101.02,101.02,101.02,101.02,101.02,101.02,101.02,101.02,101.88,101.88,101.88,101.88,101.88,101.88,101.88,101.88,101.88,101.88,101.88,101.88,102.51,102.51,102.51,102.51,102.51,102.51,102.51,102.51,102.51,102.51,102.51,102.51,102.93,102.93,102.93,102.93,102.93,102.93,102.93,102.93,102.93,102.93,102.93,101.78,101.78,101.78,101.78,101.78,101.78
Producto,0.005689856,12531354,SEGURO DE SALUD,99.25,99.25,99.25,99.25,99.25,99.25,99.25,99.25,99.25,97.13,97.13,97.13,97.56,97.56,97.56,97.56,97.56,97.56,97.56,97.56,97.56,97.56,97.56,97.56,98.79,98.79,98.79,98.79,98.79,98.79,98.79,98.79,98.79,98.79,98.79,98.79,100.11,100.11,100.11,100.11,100.11,100.11,100.11,100.11,100.11,100.11,100.11,100.11,100.11,100.11,100.11,100.11,100.11,100.11,100.11,100.11,100.11,100.11,100.11,100.11,98.17,99.84,99.84,99.84,99.84,99.84,99.84,99.84,99.84,99.84,99.84,99.84,99.84,100.37,100.37,100.37,100.37,100.37,100.37,100.37,100.37,100.37,100.37,100.37,100.83,101.02,101.02,101.02,101.02,101.02,101.02,101.02,101.02,101.02,101.02,101.02,101.02,101.88,101.88,101.88,101.88,101.88,101.88,101.88,101.88,101.88,101.88,101.88,101.88,102.51,102.51,102.51,102.51,102.51,102.51,102.51,102.51,102.51,102.51,102.51,102.51,102.93,102.93,102.93,102.93,102.93,102.93,102.93,102.93,102.93,102.93,102.93,101.78,101.78,101.78,101.78,101.78,101.78
Clase,0.006315305,1254,Seguro relacionado con el transporte (S),100.67,100.67,100.67,100.67,100.67,100.67,100.67,100.67,100.67,100.67,100.67,100.67,100.67,100.67,100.67,100.67,100.67,100.67,100.67,100.67,100.67,100.67,100.67,100.67,100.67,100.67,100.67,100.67,100.67,100.67,100.67,100.67,100.67,100.67,100.67,100.67,100.67,100.67,100.67,100.67,100.67,100.67,100.67,100.67,100.67,100.67,100.67,100.67,100.67,100.67,100.67,100.67,100.67,100.67,100.67,100.67,100.67,100.67,100.67,100.67,100.67,100.67,100.67,100.67,100.67,100.67,100.67,100.67,100.67,100.67,100.67,100.67,100.67,100.67,100.67,100.67,100.67,100.67,100.67,100.67,100.67,100.67,100.67,100.67,100.67,100.67,100.67,100.67,100.67,100.67,100.67,100.67,100.67,100.67,100.67,100.67,100.67,100.67,100.67,100.67,100.67,100.67,100.67,100.67,100.67,100.67,100.67,100.67,100.67,100.67,100.67,100.67,100.67,100.67,100.67,100.67,100.67,100.67,100.67,100.67,100.67,100.67,100.67,100.67,100.67,100.67,100.67,100.67,100.67,100.67,100.67,100.67,100.67,100.67,100.67,100.67,100.67,100.67
Subclase,0.006315305,12541,Seguro relacionado con el transporte,100.67,100.67,100.67,100.67,100.67,100.67,100.67,100.67,100.67,100.67,100.67,100.67,100.67,100.67,100.67,100.67,100.67,100.67,100.67,100.67,100.67,100.67,100.67,100.67,100.67,100.67,100.67,100.67,100.67,100.67,100.67,100.67,100.67,100.67,100.67,100.67,100.67,100.67,100.67,100.67,100.67,100.67,100.67,100.67,100.67,100.67,100.67,100.67,100.67,100.67,100.67,100.67,100.67,100.67,100.67,100.67,100.67,100.67,100.67,100.67,100.67,100.67,100.67,100.67,100.67,100.67,100.67,100.67,100.67,100.67,100.67,100.67,100.67,100.67,100.67,100.67,100.67,100.67,100.67,100.67,100.67,100.67,100.67,100.67,100.67,100.67,100.67,100.67,100.67,100.67,100.67,100.67,100.67,100.67,100.67,100.67,100.67,100.67,100.67,100.67,100.67,100.67,100.67,100.67,100.67,100.67,100.67,100.67,100.67,100.67,100.67,100.67,100.67,100.67,100.67,100.67,100.67,100.67,100.67,100.67,100.67,100.67,100.67,100.67,100.67,100.67,100.67,100.67,100.67,100.67,100.67,100.67,100.67,100.67,100.67,100.67,100.67,100.67
Producto,0.006315305,12541355,SEGURO DE VEHÍCULO,100.67,100.67,100.67,100.67,100.67,100.67,100.67,100.67,100.67,100.67,100.67,100.67,100.67,100.67,100.67,100.67,100.67,100.67,100.67,100.67,100.67,100.67,100.67,100.67,100.67,100.67,100.67,100.67,100.67,100.67,100.67,100.67,100.67,100.67,100.67,100.67,100.67,100.67,100.67,100.67,100.67,100.67,100.67,100.67,100.67,100.67,100.67,100.67,100.67,100.67,100.67,100.67,100.67,100.67,100.67,100.67,100.67,100.67,100.67,100.67,100.67,100.67,100.67,100.67,100.67,100.67,100.67,100.67,100.67,100.67,100.67,100.67,100.67,100.67,100.67,100.67,100.67,100.67,100.67,100.67,100.67,100.67,100.67,100.67,100.67,100.67,100.67,100.67,100.67,100.67,100.67,100.67,100.67,100.67,100.67,100.67,100.67,100.67,100.67,100.67,100.67,100.67,100.67,100.67,100.67,100.67,100.67,100.67,100.67,100.67,100.67,100.67,100.67,100.67,100.67,100.67,100.67,100.67,100.67,100.67,100.67,100.67,100.67,100.67,100.67,100.67,100.67,100.67,100.67,100.67,100.67,100.67,100.67,100.67,100.67,100.67,100.67,100.67
Grupo,0.001417168,126,Servicios financieros n.e.p.,98.06,98.06,98.06,98.06,98.06,98.06,98.06,98.06,98.06,98.06,98.06,98.06,98.06,94.93,94.82,94.82,94.82,95.65,95.74,95.70,95.70,95.70,95.70,95.70,95.70,95.70,95.70,95.70,95.70,93.96,93.96,93.96,93.96,93.96,93.96,93.96,93.96,93.96,93.96,93.96,93.96,93.96,93.96,93.96,93.96,93.96,93.96,93.96,93.96,93.96,93.96,93.96,93.96,89.35,89.35,89.35,89.35,89.35,89.35,89.35,89.35,89.35,89.35,89.35,89.35,89.35,89.35,89.35,89.35,89.35,89.35,89.35,89.35,89.35,89.35,89.35,89.35,89.35,89.35,89.35,89.35,89.35,89.35,89.35,89.35,89.35,89.35,89.35,89.35,89.35,89.35,89.35,89.35,89.35,89.35,89.35,89.35,89.35,89.35,89.35,89.35,89.35,89.35,89.35,89.35,89.35,89.35,89.35,89.35,89.35,89.35,91.83,91.83,91.83,91.83,91.83,91.83,91.83,91.83,91.83,91.83,91.83,91.83,91.83,91.83,91.83,91.83,91.83,91.83,91.83,91.83,91.83,91.83,91.83,91.83,91.83,91.83,91.83
Clase,0.001417168,1262,Otros servicios financieros n.e.p. (S),98.06,98.06,98.06,98.06,98.06,98.06,98.06,98.06,98.06,98.06,98.06,98.06,98.06,94.93,94.82,94.82,94.82,95.65,95.74,95.70,95.70,95.70,95.70,95.70,95.70,95.70,95.70,95.70,95.70,93.96,93.96,93.96,93.96,93.96,93.96,93.96,93.96,93.96,93.96,93.96,93.96,93.96,93.96,93.96,93.96,93.96,93.96,93.96,93.96,93.96,93.96,93.96,93.96,89.35,89.35,89.35,89.35,89.35,89.35,89.35,89.35,89.35,89.35,89.35,89.35,89.35,89.35,89.35,89.35,89.35,89.35,89.35,89.35,89.35,89.35,89.35,89.35,89.35,89.35,89.35,89.35,89.35,89.35,89.35,89.35,89.35,89.35,89.35,89.35,89.35,89.35,89.35,89.35,89.35,89.35,89.35,89.35,89.35,89.35,89.35,89.35,89.35,89.35,89.35,89.35,89.35,89.35,89.35,89.35,89.35,89.35,91.83,91.83,91.83,91.83,91.83,91.83,91.83,91.83,91.83,91.83,91.83,91.83,91.83,91.83,91.83,91.83,91.83,91.83,91.83,91.83,91.83,91.83,91.83,91.83,91.83,91.83,91.83
Subclase,0.001417168,12621,Servicios financieros,98.06,98.06,98.06,98.06,98.06,98.06,98.06,98.06,98.06,98.06,98.06,98.06,98.06,94.93,94.82,94.82,94.82,95.65,95.74,95.70,95.70,95.70,95.70,95.70,95.70,95.70,95.70,95.70,95.70,93.96,93.96,93.96,93.96,93.96,93.96,93.96,93.96,93.96,93.96,93.96,93.96,93.96,93.96,93.96,93.96,93.96,93.96,93.96,93.96,93.96,93.96,93.96,93.96,89.35,89.35,89.35,89.35,89.35,89.35,89.35,89.35,89.35,89.35,89.35,89.35,89.35,89.35,89.35,89.35,89.35,89.35,89.35,89.35,89.35,89.35,89.35,89.35,89.35,89.35,89.35,89.35,89.35,89.35,89.35,89.35,89.35,89.35,89.35,89.35,89.35,89.35,89.35,89.35,89.35,89.35,89.35,89.35,89.35,89.35,89.35,89.35,89.35,89.35,89.35,89.35,89.35,89.35,89.35,89.35,89.35,89.35,91.83,91.83,91.83,91.83,91.83,91.83,91.83,91.83,91.83,91.83,91.83,91.83,91.83,91.83,91.83,91.83,91.83,91.83,91.83,91.83,91.83,91.83,91.83,91.83,91.83,91.83,91.83
Producto,0.001417168,12621356,SERVICIOS BANCARIOS,98.06,98.06,98.06,98.06,98.06,98.06,98.06,98.06,98.06,98.06,98.06,98.06,98.06,94.93,94.82,94.82,94.82,95.65,95.74,95.70,95.70,95.70,95.70,95.70,95.70,95.70,95.70,95.70,95.70,93.96,93.96,93.96,93.96,93.96,93.96,93.96,93.96,93.96,93.96,93.96,93.96,93.96,93.96,93.96,93.96,93.96,93.96,93.96,93.96,93.96,93.96,93.96,93.96,89.35,89.35,89.35,89.35,89.35,89.35,89.35,89.35,89.35,89.35,89.35,89.35,89.35,89.35,89.35,89.35,89.35,89.35,89.35,89.35,89.35,89.35,89.35,89.35,89.35,89.35,89.35,89.35,89.35,89.35,89.35,89.35,89.35,89.35,89.35,89.35,89.35,89.35,89.35,89.35,89.35,89.35,89.35,89.35,89.35,89.35,89.35,89.35,89.35,89.35,89.35,89.35,89.35,89.35,89.35,89.35,89.35,89.35,91.83,91.83,91.83,91.83,91.83,91.83,91.83,91.83,91.83,91.83,91.83,91.83,91.83,91.83,91.83,91.83,91.83,91.83,91.83,91.83,91.83,91.83,91.83,91.83,91.83,91.83,91.83
Grupo,0.019827646,127,Otros servicios n.e.p.,103.35,108.67,108.67,108.67,108.67,108.67,108.37,108.37,108.37,108.37,108.37,107.96,109.83,109.83,109.97,109.97,109.97,110.24,110.39,110.39,110.68,110.68,110.40,110.25,108.13,107.37,107.37,108.13,107.84,107.02,107.35,107.35,107.05,107.46,107.46,107.46,120.29,120.43,120.81,120.81,120.81,120.52,119.75,119.55,119.59,119.59,119.59,119.71,119.71,119.71,119.71,119.71,119.50,118.87,118.87,118.76,118.38,117.61,116.66,116.61,116.89,116.54,116.54,116.54,116.54,116.22,116.28,116.28,116.28,105.31,106.16,106.84,107.87,107.87,107.87,107.87,107.87,108.00,108.14,107.79,108.17,108.00,107.89,108.13,108.15,108.09,108.29,108.22,108.15,107.91,108.37,108.59,110.16,109.69,109.36,111.60,111.60,111.90,111.81,112.03,111.90,111.90,112.03,112.03,112.03,112.08,112.08,111.84,111.90,111.90,112.12,112.60,111.91,112.14,112.45,112.85,112.85,112.38,112.16,112.16,114.26,114.21,113.98,113.98,114.04,114.17,114.33,114.33,114.57,114.57,114.98,114.98,114.95,114.95,114.98,116.92,116.92,116.92
Clase,0.019827646,1270,Otros servicios n.e.p. (S),103.35,108.67,108.67,108.67,108.67,108.67,108.37,108.37,108.37,108.37,108.37,107.96,109.83,109.83,109.97,109.97,109.97,110.24,110.39,110.39,110.68,110.68,110.40,110.25,108.13,107.37,107.37,108.13,107.84,107.02,107.35,107.35,107.05,107.46,107.46,107.46,120.29,120.43,120.81,120.81,120.81,120.52,119.75,119.55,119.59,119.59,119.59,119.71,119.71,119.71,119.71,119.71,119.50,118.87,118.87,118.76,118.38,117.61,116.66,116.61,116.89,116.54,116.54,116.54,116.54,116.22,116.28,116.28,116.28,105.31,106.16,106.84,107.87,107.87,107.87,107.87,107.87,108.00,108.14,107.79,108.17,108.00,107.89,108.13,108.15,108.09,108.29,108.22,108.15,107.91,108.37,108.59,110.16,109.69,109.36,111.60,111.60,111.90,111.81,112.03,111.90,111.90,112.03,112.03,112.03,112.08,112.08,111.84,111.90,111.90,112.12,112.60,111.91,112.14,112.45,112.85,112.85,112.38,112.16,112.16,114.26,114.21,113.98,113.98,114.04,114.17,114.33,114.33,114.57,114.57,114.98,114.98,114.95,114.95,114.98,116.92,116.92,116.92
Subclase,0.019827646,12701,"Servicios judiciales, sociales y fotocopias",103.35,108.67,108.67,108.67,108.67,108.67,108.37,108.37,108.37,108.37,108.37,107.96,109.83,109.83,109.97,109.97,109.97,110.24,110.39,110.39,110.68,110.68,110.40,110.25,108.13,107.37,107.37,108.13,107.84,107.02,107.35,107.35,107.05,107.46,107.46,107.46,120.29,120.43,120.81,120.81,120.81,120.52,119.75,119.55,119.59,119.59,119.59,119.71,119.71,119.71,119.71,119.71,119.50,118.87,118.87,118.76,118.38,117.61,116.66,116.61,116.89,116.54,116.54,116.54,116.54,116.22,116.28,116.28,116.28,105.31,106.16,106.84,107.87,107.87,107.87,107.87,107.87,108.00,108.14,107.79,108.17,108.00,107.89,108.13,108.15,108.09,108.29,108.22,108.15,107.91,108.37,108.59,110.16,109.69,109.36,111.60,111.60,111.90,111.81,112.03,111.90,111.90,112.03,112.03,112.03,112.08,112.08,111.84,111.90,111.90,112.12,112.60,111.91,112.14,112.45,112.85,112.85,112.38,112.16,112.16,114.26,114.21,113.98,113.98,114.04,114.17,114.33,114.33,114.57,114.57,114.98,114.98,114.95,114.95,114.98,116.92,116.92,116.92
Producto,0.007328097,12701357,GASTOS COMPROMISOS SOCIALES,103.57,104.11,104.11,104.11,104.11,104.11,103.30,103.30,103.30,103.30,103.30,103.30,103.30,103.30,103.30,103.30,103.30,104.44,104.44,104.44,102.27,102.27,103.51,103.08,103.08,100.99,100.99,103.08,102.27,103.30,104.54,104.54,103.71,104.84,104.84,104.84,104.84,105.25,106.96,106.96,106.96,106.18,104.04,103.49,103.60,103.60,103.60,103.60,103.60,103.60,103.60,103.60,103.01,101.27,101.27,100.96,99.91,97.80,95.15,95.36,96.14,95.16,95.16,95.16,95.16,94.27,94.44,94.44,94.44,62.32,64.69,66.56,66.56,66.56,66.56,66.56,66.56,66.56,66.56,65.60,66.64,65.47,65.16,65.16,64.99,64.81,65.36,65.16,64.96,65.00,65.60,65.60,65.64,64.94,65.87,65.87,65.87,66.51,66.28,66.28,65.92,65.92,66.28,66.28,66.28,66.40,66.40,65.76,65.91,65.91,66.07,66.11,64.98,64.85,64.79,65.89,65.89,65.36,64.74,64.74,64.51,64.38,63.74,63.74,63.89,64.26,64.70,64.70,65.36,65.36,65.98,65.98,65.88,65.88,65.98,65.98,65.98,65.98
Producto,0.007345759,12701358,SERVICIOS JUDICIALES,105.61,117.34,117.34,117.34,117.34,117.34,117.34,117.34,117.34,117.34,117.34,117.34,121.31,121.31,121.31,121.31,121.31,121.31,121.31,121.31,121.31,121.31,121.31,121.31,116.47,116.47,116.47,116.47,116.47,116.47,116.47,116.47,116.47,116.47,116.47,116.47,145.59,145.59,145.59,145.59,145.59,145.59,145.59,145.59,145.59,145.59,145.59,145.59,145.59,145.59,145.59,145.59,145.59,145.59,145.59,145.59,145.59,145.59,145.59,145.59,145.59,145.59,145.59,145.59,145.59,145.59,145.59,145.59,145.59,145.59,145.59,145.59,145.59,145.59,145.59,145.59,145.59,145.59,145.59,145.59,145.59,145.59,145.59,145.59,145.59,145.59,145.59,145.59,145.59,145.59,145.59,145.59,145.59,145.59,145.59,145.59,145.59,145.59,145.59,145.59,145.59,145.59,145.59,145.59,145.59,145.59,145.59,145.59,145.59,145.59,145.59,145.59,145.59,145.59,145.59,145.59,145.59,145.59,145.59,145.59,149.96,149.96,149.96,149.96,149.96,149.96,149.96,149.96,149.96,149.96,149.96,149.96,149.96,149.96,149.96,149.96,149.96,149.96
Producto,0.005153791,12701359,FOTOCOPIAS,98.06,98.06,98.06,98.06,98.06,98.06,98.06,98.06,98.06,98.06,98.06,96.01,96.68,96.68,97.38,97.38,97.38,96.68,97.38,97.38,102.73,102.73,99.12,99.12,99.12,99.12,99.12,99.12,99.12,93.20,92.64,92.64,92.64,92.64,92.64,92.64,93.18,93.18,91.96,91.96,91.96,91.96,91.96,91.96,91.96,91.96,91.96,92.55,92.55,92.55,92.55,92.55,92.55,92.55,92.55,92.55,92.55,92.55,92.55,91.96,91.96,91.96,91.96,91.96,91.96,91.96,91.96,91.96,91.96,95.13,95.13,95.13,100.26,100.26,100.26,100.26,100.26,100.89,101.58,101.58,101.58,102.84,102.84,104.06,104.47,104.47,104.47,104.47,104.47,103.25,104.47,105.55,113.25,112.17,108.86,119.96,119.96,120.29,120.29,121.38,121.38,121.38,121.38,121.38,121.38,121.38,121.38,121.38,121.38,121.38,122.19,124.50,123.12,124.50,126.14,126.14,126.14,124.76,124.76,124.76,126.14,126.14,126.14,126.14,126.14,126.14,126.14,126.14,126.14,126.14,127.10,127.10,127.10,127.10,127.10,136.69,136.69,136.69
,,,,,,,,,,,,,,,,,,,,,,,,,,,,,,,,,,,,,,,,,,,,,,,,,,,,,,,,,,,,,,,,,,,,,,,,,,,,,,,,,,,,,,,,,,,,,,,,,,,,,,,,,,,,,,,,,,,,,,,,,,,,,,,,,,,,,,,,,,,,,
Nota:,,,,,,,,,,,,,,,,,,,,,,,,,,,,,,,,,,,,,,,,,,,,,,,,,,,,,,,,,,,,,,,,,,,,,,,,,,,,,,,,,,,,,,,,,,,,,,,,,,,,,,,,,,,,,,,,,,,,,,,,,,,,,,,,,,,,,,,,,,,,,
CCIF corresponde a las siglas de la Clasificación del Consumo Individual por Finalidades,,,,,,,,,,,,,,,,,,,,,,,,,,,,,,,,,,,,,,,,,,,,,,,,,,,,,,,,,,,,,,,,,,,,,,,,,,,,,,,,,,,,,,,,,,,,,,,,,,,,,,,,,,,,,,,,,,,,,,,,,,,,,,,,,,,,,,,,,,,,,
,,,,,,,,,,,,,,,,,,,,,,,,,,,,,,,,,,,,,,,,,,,,,,,,,,,,,,,,,,,,,,,,,,,,,,,,,,,,,,,,,,,,,,,,,,,,,,,,,,,,,,,,,,,,,,,,,,,,,,,,,,,,,,,,,,,,,,,,,,,,,
Fuente: Índice de Precios al Consumidor,,,,,,,,,,,,,,,,,,,,,,,,,,,,,,,,,,,,,,,,,,,,,,,,,,,,,,,,,,,,,,,,,,,,,,,,,,,,,,,,,,,,,,,,,,,,,,,,,,,,,,,,,,,,,,,,,,,,,,,,,,,,,,,,,,,,,,,,,,,,,
