,,,,,,,,,,,,,,,,,,,,,,,,,,,,,,,,,,,,,,,,,,,,,,,,,,,,,,,,,,,,,,,,,,,,,,,,,,,,,,,,,,,,,,,,,,,,,,,,,,,,,,,,,,,,,,,,,,,,,,,,,,,,,,,,,,,,,,,,,,,,,
,,,,,,,,,,,,,,,,,,,,,,,,,,,,,,,,,,,,,,,,,,,,,,,,,,,,,,,,,,,,,,,,,,,,,,,,,,,,,,,,,,,,,,,,,,,,,,,,,,,,,,,,,,,,,,,,,,,,,,,,,,,,,,,,,,,,,,,,,,,,,
ÍNDICE DE PRECIOS AL CONSUMIDOR - IPC -,,,,,,,,,,,,,,,,,,,,,,,,,,,,,,,,,,,,,,,,,,,,,,,,,,,,,,,,,,,,,,,,,,,,,,,,,,,,,,,,,,,,,,,,,,,,,,,,,,,,,,,,,,,,,,,,,,,,,,,,,,,,,,,,,,,,,,,,,,,,,
ÍNDICE GENERAL SANTO DOMINGO,,,,,,,,,,,,,,,,,,,,,,,,,,,,,,,,,,,,,,,,,,,,,,,,,,,,,,,,,,,,,,,,,,,,,,,,,,,,,,,,,,,,,,,,,,,,,,,,,,,,,,,,,,,,,,,,,,,,,,,,,,,,,,,,,,,,,,,,,,,,,
Nivel,Ponderación,Cód. CCIF,Descripción CCIF,ene-15,feb-15,mar-15,abr-15,may-15,jun-15,jul-15,ago-15,sep-15,oct-15,nov-15,dic-15,ene-16,feb-16,mar-16,abr-16,may-16,jun-16,jul-16,ago-16,sep-16,oct-16,nov-16,dic-16,ene-17,feb-17,mar-17,abr-17,may-17,jun-17,jul-17,ago-17,sep-17,oct-17,nov-17,dic-17,ene-18,feb-18,mar-18,abr-18,may-18,jun-18,jul-18,ago-18,sep-18,oct-18,nov-18,dic-18,ene-19,feb-19,mar-19,abr-19,may-19,jun-19,jul-19,ago-19,sep-19,oct-19,nov-19,dic-19,ene-20,feb-20,mar-20,abr-20,may-20,jun-20,jul-20,ago-20,sep-20,oct-20,nov-20,dic-20,ene-21,feb-21,mar-21,abr-21,may-21,jun-21,jul-21,ago-21,sep-21,oct-21,nov-21,dic-21,ene-22,feb-22,mar-22,abr-22,may-22,jun-22,jul-22,ago-22,sep-22,oct-22,nov-22,dic-22,ene-23,feb-23,mar-23,abr-23,may-23,jun-23,jul-23,ago-23,sep-23,oct-23,nov-23,dic-23,ene-24,feb-24,mar-24,abr-24,may-24,jun-24,jul-24,ago-24,sep-24,oct-24,nov-24,dic-24,ene-25,feb-25,mar-25,abr-25,may-25,jun-25,jul-25,ago-25,sep-25,oct-25,nov-25,dic-25,ene-26,feb-26,mar-26,abr-26,may-26,jun-26
General,"1,000000",0,GENERAL,101.19,103.09,103.80,104.44,104.58,104.92,104.89,104.79,104.92,104.71,104.90,104.83,105.41,105.57,105.56,105.47,105.31,105.63,105.71,105.51,105.66,105.75,105.71,105.92,106.16,106.38,106.45,106.90,107.41,106.39,105.99,105.83,105.45,105.10,105.25,105.58,106.12,106.28,105.52,105.70,105.70,105.23,105.26,105.76,106.65,106.36,105.66,105.58,106.35,105.92,105.64,105.77,105.95,105.60,105.68,105.50,105.22,105.74,105.37,105.29,105.44,104.98,105.06,106.39,105.80,105.55,104.65,104.43,104.05,103.96,103.91,103.60,103.93,104.13,104.10,104.63,105.15,104.97,105.92,105.94,106.12,105.74,106.14,106.87,107.56,107.66,107.71,108.28,108.95,109.87,110.02,109.81,110.45,110.28,110.56,110.75,110.92,110.63,110.60,111.06,111.46,111.52,112.24,112.94,113.69,113.62,113.22,113.13,113.60,113.40,114.15,115.13,114.87,115.13,114.29,115.30,114.91,114.67,114.68,114.64,113.48,113.45,114.06,113.79,115.89,115.63,116.00,116.16,116.65,116.60,116.61,116.27,116.79,117.83,117.81,118.39,119.20,119.27
División,0.224503124,01,Alimentos y bebidas no alcohólicas,98.85,100.17,101.79,102.98,103.06,103.96,103.59,103.34,102.91,102.35,102.15,102.46,103.29,104.05,104.24,103.31,103.61,103.87,104.97,104.67,104.95,104.83,104.23,104.33,106.59,105.95,107.05,106.88,106.63,107.39,106.57,105.94,104.53,103.41,104.59,104.67,104.28,105.38,104.05,102.74,103.11,102.52,103.02,104.17,105.42,105.12,104.99,103.23,104.54,103.67,102.49,102.49,103.30,101.88,102.73,102.95,102.24,102.82,100.58,100.60,101.78,101.60,101.94,106.84,106.47,105.18,103.39,102.29,101.51,101.21,101.54,100.46,101.02,102.32,102.45,102.17,103.50,102.87,105.09,104.99,105.39,103.73,104.24,103.71,105.76,105.46,105.37,106.53,107.28,110.28,110.07,109.49,111.84,111.76,112.56,112.74,113.34,111.40,111.98,112.92,114.31,115.43,118.34,119.47,119.67,118.86,118.13,116.57,117.43,117.50,118.58,118.69,117.40,117.56,117.71,117.92,117.35,116.74,116.74,116.45,117.87,116.07,117.58,116.94,118.64,117.50,118.40,119.36,119.39,119.45,118.12,118.16,119.53,117.50,117.91,118.20,117.37,116.75
Grupo,0.199535008,011,Alimentos,98.36,99.80,101.62,102.79,102.73,103.83,103.31,103.01,102.48,101.66,101.52,101.81,102.78,103.23,103.55,102.57,102.78,102.60,102.85,102.53,102.79,102.69,102.02,102.46,105.00,104.40,105.06,105.05,104.87,105.88,104.97,104.26,102.70,101.52,102.29,101.93,101.65,102.79,101.40,99.96,100.26,99.71,100.22,101.62,102.89,102.63,102.66,100.81,102.02,101.09,99.64,99.56,100.45,98.91,99.82,100.07,99.09,99.86,97.44,97.46,98.78,98.61,98.95,104.15,103.81,102.35,100.22,99.23,98.59,98.11,98.20,97.22,97.49,99.06,99.10,98.86,100.66,100.16,102.31,102.01,102.55,100.88,101.13,100.46,102.95,102.55,102.57,103.68,105.03,108.07,108.53,107.41,109.91,109.42,110.32,110.77,111.20,109.34,109.95,111.46,112.17,113.52,116.92,118.11,118.40,117.96,116.97,114.66,115.83,116.07,117.14,116.75,115.66,115.79,115.80,115.81,115.29,114.65,114.54,114.21,115.50,113.71,115.24,114.82,116.10,114.76,115.94,117.10,117.05,117.57,116.13,116.50,117.46,115.49,115.95,116.26,115.18,114.62
Clase,0.039444215,0111,Pan y cereales (ND),94.29,100.04,103.97,104.52,104.72,105.73,107.35,105.18,103.28,105.78,104.52,104.74,106.09,105.87,106.81,104.65,103.48,103.50,104.55,106.52,107.56,107.18,105.65,105.59,109.03,108.34,107.62,105.74,106.44,105.04,103.32,105.03,103.83,102.43,101.69,101.07,102.89,101.80,101.49,98.93,101.63,98.49,99.94,100.68,102.55,102.06,100.29,99.85,98.77,100.07,98.06,98.88,100.81,99.34,101.02,97.61,98.69,98.26,99.02,97.57,97.97,97.73,98.89,98.19,97.73,99.68,101.65,100.16,100.75,98.88,97.50,96.96,97.59,97.17,96.81,97.29,97.75,96.73,97.51,96.64,97.78,95.97,97.27,96.04,97.35,96.70,96.76,98.42,99.51,100.98,102.11,102.27,105.18,106.76,106.39,108.10,107.94,107.41,105.69,106.08,108.23,111.19,122.76,121.28,119.74,120.55,118.83,117.01,117.76,117.79,117.95,115.69,114.07,114.28,114.44,113.36,111.24,107.46,106.70,108.32,107.31,105.95,108.92,107.21,105.86,106.04,103.50,105.52,104.40,104.25,107.80,106.83,107.49,108.65,106.64,106.73,109.01,105.40
Subclase,0.015467425,01111,Arroz,91.62,94.50,101.53,102.10,103.09,103.79,105.77,103.55,103.31,104.95,104.61,104.93,105.49,104.80,104.67,104.55,104.34,104.22,103.72,104.00,105.18,103.65,103.86,100.35,104.46,103.85,104.79,101.87,102.86,99.39,95.60,95.28,96.13,94.12,93.94,95.97,96.07,93.59,93.79,92.55,95.67,90.54,92.47,92.76,94.04,94.55,92.89,92.52,89.50,92.02,90.24,93.32,98.43,95.20,97.05,95.19,93.46,91.63,91.33,88.55,91.41,88.67,90.39,88.80,86.82,89.02,94.13,91.16,92.31,89.63,85.03,84.95,86.14,87.52,89.26,88.41,89.22,88.48,85.87,83.76,85.56,82.26,82.93,80.37,82.93,82.35,83.28,85.04,85.04,85.80,87.12,85.14,86.03,88.04,87.81,89.07,87.81,87.32,84.63,85.77,91.37,99.23,124.27,119.58,118.69,121.72,123.93,120.31,121.19,122.05,120.53,118.26,113.05,114.45,115.09,112.69,106.75,98.35,97.19,100.38,97.02,95.34,103.35,99.57,95.94,96.16,91.31,95.37,93.41,88.73,96.45,94.43,94.69,97.67,94.32,94.45,98.92,90.60
Producto,0.015467425,01111001,ARROZ,91.62,94.50,101.53,102.10,103.09,103.79,105.77,103.55,103.31,104.95,104.61,104.93,105.49,104.80,104.67,104.55,104.34,104.22,103.72,104.00,105.18,103.65,103.86,100.35,104.46,103.85,104.79,101.87,102.86,99.39,95.60,95.28,96.13,94.12,93.94,95.97,96.07,93.59,93.79,92.55,95.67,90.54,92.47,92.76,94.04,94.55,92.89,92.52,89.50,92.02,90.24,93.32,98.43,95.20,97.05,95.19,93.46,91.63,91.33,88.55,91.41,88.67,90.39,88.80,86.82,89.02,94.13,91.16,92.31,89.63,85.03,84.95,86.14,87.52,89.26,88.41,89.22,88.48,85.87,83.76,85.56,82.26,82.93,80.37,82.93,82.35,83.28,85.04,85.04,85.80,87.12,85.14,86.03,88.04,87.81,89.07,87.81,87.32,84.63,85.77,91.37,99.23,124.27,119.58,118.69,121.72,123.93,120.31,121.19,122.05,120.53,118.26,113.05,114.45,115.09,112.69,106.75,98.35,97.19,100.38,97.02,95.34,103.35,99.57,95.94,96.16,91.31,95.37,93.41,88.73,96.45,94.43,94.69,97.67,94.32,94.45,98.92,90.60
Subclase,0.001652284,01112,Cereales enteros y harinas,96.70,96.57,96.48,95.67,95.60,94.95,95.54,95.52,94.44,93.34,95.75,95.11,94.75,95.27,95.48,95.46,95.09,98.13,96.93,100.13,100.32,100.18,91.21,100.99,100.99,98.84,100.71,98.55,100.70,97.74,99.55,101.39,101.48,99.11,98.32,96.42,97.74,97.38,98.47,98.16,95.23,98.89,96.12,96.57,94.24,94.43,97.50,91.16,94.10,91.92,89.17,89.36,91.58,92.19,94.05,88.40,94.43,91.10,93.15,91.21,90.27,90.09,91.33,95.00,96.72,97.88,97.37,92.74,91.07,91.33,93.95,89.49,91.05,91.96,94.81,95.92,94.06,89.23,95.48,97.49,94.59,95.83,94.70,97.51,98.67,98.66,96.30,97.00,96.67,99.18,97.38,99.68,98.60,100.72,101.24,105.33,103.35,104.31,103.58,101.80,102.92,102.23,103.49,101.69,103.59,102.14,103.11,104.38,102.93,102.32,101.88,101.78,100.68,100.49,98.65,99.09,98.44,100.87,98.60,100.69,100.61,99.71,100.61,98.44,99.64,97.22,97.47,96.29,97.54,98.02,93.78,97.75,97.35,94.92,94.76,98.51,98.98,97.35
Producto,0.000491913,01112002,CEREALES ENTEROS,96.74,96.27,96.74,96.74,96.74,96.74,96.74,95.77,96.74,95.27,92.34,92.34,91.61,93.02,93.02,93.29,90.43,97.52,97.52,97.52,97.52,97.52,97.52,97.52,97.52,97.52,98.55,98.27,98.50,99.85,100.42,100.14,100.42,95.95,95.99,95.18,96.30,96.57,93.56,93.56,93.25,93.25,92.68,94.76,93.68,94.76,94.84,93.82,95.01,93.78,92.55,92.55,91.30,92.37,90.02,87.82,87.49,86.69,86.85,86.99,87.62,85.58,84.58,86.87,91.53,93.92,93.54,91.70,93.49,91.36,91.45,89.83,91.54,91.54,88.61,90.61,90.91,87.99,91.51,93.67,93.16,95.35,97.61,99.61,99.54,99.54,98.92,98.04,97.73,99.24,99.24,98.21,99.37,100.28,100.92,100.92,100.43,104.16,104.34,104.34,104.34,105.05,108.21,108.35,114.11,113.98,113.26,112.60,110.61,112.80,111.31,111.31,107.70,111.31,111.52,110.61,103.89,101.65,101.94,101.78,102.87,102.87,103.29,102.23,100.96,100.96,99.17,97.36,98.60,97.49,97.77,97.77,97.77,98.12,99.09,99.63,100.95,100.58
Producto,0.000721598,01112003,HARINA DE TRIGO,96.20,96.20,95.76,94.21,94.21,92.60,94.03,94.78,92.04,90.52,97.04,96.01,96.20,96.20,95.73,95.24,96.10,98.43,96.02,96.02,96.10,95.45,77.32,96.00,96.00,92.81,96.00,91.93,96.00,89.30,92.02,96.00,96.00,94.25,94.39,90.91,92.98,91.02,95.09,95.45,90.15,96.34,91.10,91.29,86.65,86.48,92.61,79.66,84.89,82.16,77.47,77.37,82.54,82.98,87.93,77.77,89.88,83.82,87.79,84.05,81.59,82.70,84.25,90.21,89.97,88.96,88.01,80.61,75.57,79.46,82.47,74.50,77.24,78.46,86.30,88.28,82.32,74.47,84.88,88.29,81.85,83.45,79.49,84.50,88.04,87.36,83.44,85.44,83.39,87.58,85.14,90.63,87.26,87.35,86.94,95.05,91.26,90.45,90.03,87.00,89.60,87.80,87.39,84.21,85.15,84.04,84.53,87.93,85.70,84.46,83.37,82.89,83.15,80.55,78.64,80.03,81.13,87.30,84.30,87.95,87.16,85.81,87.84,83.50,86.30,83.91,85.53,84.14,84.56,86.18,76.66,84.10,84.65,79.61,78.48,85.52,84.82,82.35
Producto,0.000438773,01112004,HARINA DE OTROS CEREALES,97.78,97.78,97.78,97.58,97.26,97.97,97.38,96.88,96.88,97.19,97.19,96.61,95.50,96.04,98.02,98.73,98.73,98.21,98.21,112.70,113.32,114.16,114.41,116.62,116.62,114.04,114.04,113.79,114.04,114.04,115.35,115.09,115.13,114.02,110.08,110.39,110.23,112.68,112.30,110.09,109.16,111.79,111.79,110.71,111.99,111.84,111.84,113.60,113.60,111.47,111.14,112.22,112.23,112.66,112.92,113.01,113.44,113.06,113.20,112.66,113.15,112.40,115.82,116.12,118.48,122.93,123.24,121.33,122.80,117.94,122.93,122.75,121.46,122.81,121.78,119.82,124.41,123.94,124.35,122.99,125.01,124.25,125.18,124.07,121.42,122.93,121.86,121.64,125.13,125.13,122.51,121.85,123.09,131.32,133.78,134.03,134.19,135.63,133.07,131.81,131.05,131.05,133.65,132.48,131.66,127.73,131.95,130.87,131.85,129.12,131.46,132.10,131.12,131.51,127.25,127.28,130.39,130.37,126.46,127.93,127.93,126.92,125.89,127.18,127.93,122.36,122.12,122.23,125.35,125.29,127.14,128.37,125.31,125.23,125.83,126.28,128.26,126.93
Subclase,0.001737414,01113,Gramíneas y derivados,103.87,102.40,103.12,101.30,101.33,102.39,102.39,101.86,102.70,103.64,101.77,101.70,95.55,102.39,102.50,101.76,102.07,102.95,102.14,102.44,102.45,102.45,102.71,103.58,103.58,103.50,98.64,102.47,102.56,101.96,102.10,102.87,100.70,103.37,103.28,98.25,102.80,101.58,103.95,104.51,102.75,102.33,90.79,100.72,99.24,99.64,95.58,103.88,100.88,95.21,94.91,92.27,103.17,103.17,102.80,102.80,102.80,103.78,101.81,101.81,101.81,101.10,102.25,103.65,102.94,113.34,110.79,116.16,116.86,110.83,115.30,115.66,111.25,115.06,110.41,116.65,113.02,110.20,112.17,113.54,113.29,111.45,113.28,112.10,112.10,112.10,110.16,110.16,109.92,109.92,112.23,113.26,114.95,112.12,115.35,122.29,124.61,123.58,122.43,123.28,123.22,116.48,124.04,123.62,125.38,123.85,121.84,124.96,125.91,120.86,124.16,118.57,113.41,116.52,124.46,130.63,127.38,127.55,125.98,124.86,126.20,126.35,119.33,119.36,119.50,122.63,120.28,122.52,123.80,123.21,124.47,123.79,127.12,125.43,122.59,120.95,127.55,124.28
Producto,0.000784285,01113005,AVENA,98.31,98.31,98.31,98.31,99.60,96.75,96.75,95.61,97.41,98.31,96.29,96.75,97.58,97.41,97.65,96.06,96.74,96.74,96.97,97.63,97.65,97.65,98.20,98.20,98.20,98.03,97.48,98.03,98.21,98.21,98.21,99.49,99.49,99.49,99.34,97.55,97.77,103.72,101.31,102.53,98.10,98.26,97.78,96.83,97.79,98.70,97.30,98.05,99.29,98.20,97.56,97.33,98.57,98.57,97.77,97.77,97.77,99.88,97.77,97.77,97.77,93.58,96.60,98.61,98.74,119.62,119.43,125.65,127.14,125.96,123.81,124.56,124.63,123.29,125.55,124.52,122.95,121.13,121.13,122.71,122.39,118.43,122.38,121.54,121.54,121.54,123.00,123.00,120.55,123.74,121.38,122.68,123.96,128.25,128.25,137.57,142.54,140.22,138.66,140.74,141.96,138.21,138.21,137.32,140.64,137.37,133.04,140.65,142.52,137.64,141.62,141.15,135.97,133.52,142.84,145.02,142.63,142.50,139.12,141.63,140.19,138.35,140.85,138.87,138.95,133.41,132.19,135.80,134.83,135.50,136.00,139.22,138.85,134.18,133.64,135.15,142.27,134.74
Producto,0.000953129,01113006,CEREALES PREPARADOS,108.70,105.95,107.30,103.91,102.83,107.30,107.30,107.30,107.30,108.27,106.53,106.01,93.78,106.71,106.71,106.71,106.71,108.36,106.63,106.63,106.63,106.63,106.63,108.25,108.25,108.25,99.65,106.34,106.34,105.22,105.49,105.81,101.75,106.75,106.72,98.87,107.19,99.73,106.23,106.23,106.80,105.88,84.71,104.11,100.51,100.45,94.08,108.96,102.26,92.60,92.60,87.87,107.17,107.17,107.17,107.17,107.17,107.17,105.32,105.32,105.32,107.64,107.17,108.03,106.59,107.88,103.27,107.91,107.91,97.67,107.91,107.91,99.61,107.91,97.23,109.81,104.38,100.70,104.38,105.57,105.37,105.37,105.37,103.90,103.90,103.90,99.00,99.00,100.67,97.89,104.27,105.07,107.11,98.09,104.13,109.01,109.01,109.11,108.30,108.10,106.92,97.57,111.71,111.71,112.10,112.10,112.10,111.31,111.47,106.27,108.97,98.94,93.79,101.74,108.47,118.12,114.13,114.55,114.55,110.27,114.03,115.92,100.62,102.39,102.58,113.25,109.92,110.96,114.20,112.53,114.43,110.36,116.91,117.82,112.98,108.60,114.76,115.17
Subclase,0.016494689,01114,Pan,94.60,107.31,109.80,110.75,109.23,110.75,113.40,110.55,105.68,110.88,107.23,108.24,111.88,110.96,113.24,107.67,104.40,103.82,107.44,113.20,113.79,114.75,112.52,114.55,118.58,117.81,115.04,114.53,113.36,114.09,113.89,118.48,114.81,113.59,112.71,109.03,112.80,113.82,111.01,105.85,109.76,107.61,111.89,112.05,114.94,113.13,110.41,110.31,111.07,112.79,109.04,108.41,104.76,105.85,108.19,103.17,105.49,106.38,109.38,109.86,106.42,109.31,110.11,108.48,109.95,109.97,109.99,109.96,109.80,109.87,109.95,109.95,109.94,107.42,104.49,104.54,104.61,104.61,108.29,108.29,108.30,108.37,109.30,109.30,109.31,109.33,109.06,111.71,114.11,115.79,118.26,121.13,128.65,127.80,126.34,124.99,127.88,126.42,124.87,124.97,124.88,123.48,123.54,123.51,120.60,120.79,113.86,111.43,111.48,113.87,113.73,113.95,115.25,115.59,116.31,116.24,116.26,116.28,116.19,116.35,116.35,116.22,116.25,116.25,116.20,116.28,116.28,116.57,116.49,122.04,122.01,122.08,122.06,122.02,122.00,122.07,122.44,122.41
Producto,0.015779653,01114007,PAN CORRIENTE,94.25,107.47,109.97,110.95,109.27,110.87,113.57,110.55,105.48,110.93,107.15,108.16,111.93,111.02,113.44,107.54,104.12,103.49,107.15,113.14,113.80,114.80,112.48,114.60,118.79,117.99,115.11,114.67,113.45,114.22,113.97,118.70,114.90,113.62,112.71,108.88,112.81,113.87,110.94,105.60,109.64,107.40,111.83,112.14,115.00,113.11,110.25,110.10,110.93,112.70,109.01,108.19,104.44,105.50,108.01,102.94,105.19,106.07,109.15,109.61,106.09,109.14,109.94,108.21,109.61,109.66,109.66,109.66,109.66,109.66,109.66,109.66,109.66,107.04,103.98,103.98,103.98,103.98,107.79,107.79,107.79,107.79,108.75,108.75,108.75,108.75,108.75,111.26,113.60,115.34,117.90,120.97,128.64,127.76,126.24,124.75,127.76,126.24,124.75,124.75,124.75,123.19,123.19,123.19,120.48,120.53,113.24,110.74,110.74,113.24,113.24,113.24,114.66,114.99,115.65,115.65,115.65,115.65,115.65,115.65,115.65,115.65,115.65,115.65,115.65,115.65,115.65,115.96,115.96,121.66,121.66,121.66,121.66,121.66,121.66,121.66,122.00,122.00
Producto,0.000178133,01114008,PAN ESPECIAL,101.04,101.04,104.79,104.79,108.26,108.26,110.69,111.68,111.68,109.98,109.98,111.28,111.28,111.28,111.28,112.71,114.46,114.46,112.71,112.71,112.71,112.71,112.71,112.71,112.71,112.71,112.71,112.71,112.71,112.71,112.71,114.00,114.00,114.00,114.00,114.00,114.00,114.00,114.00,114.00,114.00,114.00,114.00,107.29,114.00,114.00,114.00,114.00,114.00,114.00,108.08,114.79,114.79,114.79,114.79,108.13,114.79,114.79,114.79,117.77,117.77,114.79,114.79,114.79,120.03,119.14,119.14,122.24,114.79,117.77,117.77,117.77,117.77,117.77,117.77,120.43,123.14,123.14,123.98,123.98,124.77,124.77,124.77,124.77,124.77,124.77,120.83,120.83,122.09,123.09,123.09,124.70,125.92,125.92,125.92,125.92,125.92,125.92,125.92,125.92,125.92,125.92,125.92,125.92,121.46,125.92,125.92,125.92,125.33,125.33,121.46,125.33,125.33,126.38,127.27,127.27,127.27,127.27,129.49,129.49,129.49,129.49,129.49,129.49,129.49,129.49,129.49,130.05,130.05,130.05,130.05,130.05,130.05,130.05,130.05,130.05,130.81,129.62
Producto,0.000536903,01114009,PAN ENVASADO,106.49,106.64,106.64,107.22,108.39,106.92,106.78,108.99,108.99,109.13,108.35,109.14,109.29,107.04,104.25,108.36,107.04,108.63,117.47,117.47,114.46,114.46,114.46,114.46,114.46,113.94,113.94,108.65,108.65,108.65,110.78,111.88,111.15,111.15,111.15,111.15,110.94,110.94,110.94,109.78,111.14,111.14,112.27,112.90,112.90,113.02,115.16,117.14,115.01,116.57,112.35,112.35,109.80,114.27,109.80,109.49,110.43,113.17,115.52,113.46,110.43,111.99,114.18,115.76,116.58,115.64,116.52,110.80,111.37,111.44,115.99,115.99,115.64,115.66,115.99,115.99,116.27,116.45,116.19,116.54,115.85,119.90,120.43,120.43,120.98,121.89,110.77,125.70,132.64,132.09,132.26,125.85,132.71,132.57,132.38,137.89,137.35,137.35,130.89,136.90,131.37,136.94,140.10,138.74,126.73,129.04,133.67,132.29,136.12,135.26,132.01,139.82,135.58,135.89,139.82,135.78,136.88,138.30,130.10,139.45,139.45,131.70,133.73,133.24,130.62,135.26,135.47,133.77,128.93,133.31,131.55,135.67,134.72,131.85,130.78,135.21,136.68,136.57
Subclase,0.00178756,01115,Productos de panadería,101.49,101.49,98.38,98.97,103.01,103.01,101.00,98.99,102.19,102.19,102.19,101.58,102.19,100.82,102.19,99.65,102.19,103.25,103.25,103.25,103.25,103.25,102.34,102.34,103.25,103.25,104.77,99.34,105.47,103.10,103.46,103.84,103.84,103.84,100.43,100.08,104.85,97.99,105.29,101.88,105.50,100.23,96.05,96.05,105.75,105.87,105.85,105.85,102.66,100.40,105.85,105.85,105.85,104.14,104.14,90.00,101.44,102.10,102.10,99.31,102.10,101.94,101.94,104.90,104.23,105.46,102.92,102.10,102.63,100.40,98.71,98.35,101.67,101.45,100.64,103.55,104.42,104.38,104.38,97.13,102.53,99.75,107.21,103.52,103.65,97.39,101.37,93.42,100.29,101.69,106.10,103.32,97.14,105.06,97.86,108.06,101.55,103.39,100.71,102.28,98.70,102.02,92.62,105.87,104.85,99.87,101.53,102.32,105.32,91.16,108.40,88.93,87.48,86.50,76.57,76.11,76.78,76.43,79.23,80.82,76.86,79.42,79.81,74.92,76.03,77.44,79.02,88.23,81.41,80.79,81.34,82.25,85.70,85.02,80.01,79.86,84.32,82.30
Producto,0.00178756,01115010,GALLETAS,101.49,101.49,98.38,98.97,103.01,103.01,101.00,98.99,102.19,102.19,102.19,101.58,102.19,100.82,102.19,99.65,102.19,103.25,103.25,103.25,103.25,103.25,102.34,102.34,103.25,103.25,104.77,99.34,105.47,103.10,103.46,103.84,103.84,103.84,100.43,100.08,104.85,97.99,105.29,101.88,105.50,100.23,96.05,96.05,105.75,105.87,105.85,105.85,102.66,100.40,105.85,105.85,105.85,104.14,104.14,90.00,101.44,102.10,102.10,99.31,102.10,101.94,101.94,104.90,104.23,105.46,102.92,102.10,102.63,100.40,98.71,98.35,101.67,101.45,100.64,103.55,104.42,104.38,104.38,97.13,102.53,99.75,107.21,103.52,103.65,97.39,101.37,93.42,100.29,101.69,106.10,103.32,97.14,105.06,97.86,108.06,101.55,103.39,100.71,102.28,98.70,102.02,92.62,105.87,104.85,99.87,101.53,102.32,105.32,91.16,108.40,88.93,87.48,86.50,76.57,76.11,76.78,76.43,79.23,80.82,76.86,79.42,79.81,74.92,76.03,77.44,79.02,88.23,81.41,80.79,81.34,82.25,85.70,85.02,80.01,79.86,84.32,82.30
Subclase,0.002304843,01116,Pastas alimenticias,96.93,99.03,99.70,100.92,102.61,105.31,103.08,101.94,97.78,97.12,99.41,95.64,97.95,99.95,102.24,101.99,100.92,101.32,103.39,97.54,102.75,102.30,96.11,100.64,103.43,102.80,100.80,97.15,101.52,105.10,103.83,105.62,102.02,100.58,98.12,99.91,98.98,100.36,101.31,100.30,100.38,100.23,100.23,101.16,101.37,99.13,98.42,92.84,95.55,96.80,96.48,92.53,97.44,91.13,90.39,93.21,96.28,99.28,96.53,94.13,98.15,98.71,98.63,101.79,99.83,105.82,104.89,102.66,105.41,99.98,106.75,101.96,103.20,96.40,96.32,102.36,107.81,102.39,106.85,111.43,115.46,112.04,116.97,117.13,118.84,117.23,113.04,118.28,117.44,123.57,113.78,114.06,117.17,128.19,135.32,145.52,140.36,142.24,146.53,143.39,139.87,141.99,148.67,150.33,145.68,141.66,135.83,142.66,146.70,142.66,141.25,139.44,150.68,139.71,136.42,131.52,143.71,141.26,138.51,138.47,149.65,138.23,131.80,137.77,140.83,140.03,133.95,126.98,126.78,127.67,131.87,126.41,130.75,132.10,130.05,128.36,121.04,129.33
Producto,0.002304843,01116011,TALLARINES Y FIDEOS,96.93,99.03,99.70,100.92,102.61,105.31,103.08,101.94,97.78,97.12,99.41,95.64,97.95,99.95,102.24,101.99,100.92,101.32,103.39,97.54,102.75,102.30,96.11,100.64,103.43,102.80,100.80,97.15,101.52,105.10,103.83,105.62,102.02,100.58,98.12,99.91,98.98,100.36,101.31,100.30,100.38,100.23,100.23,101.16,101.37,99.13,98.42,92.84,95.55,96.80,96.48,92.53,97.44,91.13,90.39,93.21,96.28,99.28,96.53,94.13,98.15,98.71,98.63,101.79,99.83,105.82,104.89,102.66,105.41,99.98,106.75,101.96,103.20,96.40,96.32,102.36,107.81,102.39,106.85,111.43,115.46,112.04,116.97,117.13,118.84,117.23,113.04,118.28,117.44,123.57,113.78,114.06,117.17,128.19,135.32,145.52,140.36,142.24,146.53,143.39,139.87,141.99,148.67,150.33,145.68,141.66,135.83,142.66,146.70,142.66,141.25,139.44,150.68,139.71,136.42,131.52,143.71,141.26,138.51,138.47,149.65,138.23,131.80,137.77,140.83,140.03,133.95,126.98,126.78,127.67,131.87,126.41,130.75,132.10,130.05,128.36,121.04,129.33
Clase,0.044705202,0112,Carne (ND),100.37,100.54,102.01,100.78,102.35,106.87,105.40,104.89,103.47,100.03,98.51,98.79,100.65,101.08,101.50,97.99,98.82,97.15,98.65,98.33,98.00,98.23,98.64,97.42,98.94,99.08,99.35,99.26,99.51,98.36,99.07,97.53,97.53,96.88,96.22,94.52,96.92,97.14,97.44,97.17,96.86,97.60,99.90,103.24,101.42,98.67,96.12,96.22,98.80,98.33,97.69,98.16,96.76,97.30,96.50,96.43,95.37,94.82,93.43,94.94,95.10,97.53,97.29,98.91,99.08,97.05,99.31,96.67,94.86,95.01,95.04,93.76,94.55,95.87,97.50,96.61,96.13,96.24,97.83,96.54,97.14,98.11,98.01,97.83,98.95,98.03,97.58,97.97,97.43,97.64,98.26,97.97,99.09,96.25,98.14,98.77,99.03,99.15,100.74,100.80,100.34,101.72,101.49,103.47,103.04,101.14,101.60,101.84,102.98,102.81,103.07,102.80,102.70,104.39,104.60,104.90,103.76,103.61,103.71,104.80,105.23,105.24,106.85,106.88,107.34,106.21,106.49,106.75,106.94,106.19,106.15,108.14,109.21,109.04,109.28,110.66,110.55,111.06
Subclase,0.01531218,01121,"Carne de bovino fresca, refrigerada o congelada",117.40,118.83,123.25,122.33,121.99,122.27,121.96,122.00,122.71,120.74,117.72,118.25,119.19,119.14,119.29,113.40,116.43,116.37,117.66,117.06,117.43,118.67,119.11,118.65,118.96,119.24,120.33,117.73,120.63,121.15,122.46,120.79,120.44,119.12,122.27,119.55,120.37,121.03,121.02,121.62,120.85,122.01,121.53,124.11,124.14,121.96,120.07,122.54,126.24,125.26,124.80,124.84,125.90,124.64,121.32,121.74,121.98,122.68,120.18,120.99,121.13,123.74,122.00,123.94,126.40,127.86,128.11,123.57,122.87,121.17,122.79,123.37,122.79,122.21,122.51,121.37,121.86,123.52,123.60,123.21,123.64,123.97,123.41,123.18,122.08,121.49,122.69,124.30,124.14,124.61,124.24,122.88,125.40,121.38,125.00,125.00,128.97,130.95,131.57,132.71,131.89,132.99,131.47,134.42,134.50,132.89,134.95,133.53,135.54,135.74,134.92,136.85,136.42,139.47,140.22,140.96,139.10,139.10,140.96,141.19,140.50,141.32,145.96,148.68,151.88,152.08,152.15,152.15,152.15,151.43,151.52,151.27,152.85,154.33,157.37,160.79,162.66,159.79
Producto,0.010277691,01121012,CARNE  DE RES SIN HUESO,118.09,118.60,122.68,122.27,121.48,122.15,121.53,121.71,122.44,122.10,119.29,121.90,122.22,121.31,121.75,115.32,119.67,118.84,120.06,119.20,119.70,120.73,120.17,119.21,120.54,121.57,122.29,119.77,124.08,125.02,127.61,123.40,122.19,121.82,125.24,123.80,125.21,124.60,124.20,124.93,124.67,124.59,123.51,127.05,127.25,123.78,121.43,125.97,129.43,128.12,126.87,127.67,127.94,128.09,124.77,124.08,123.21,124.83,120.67,122.07,123.35,124.58,123.53,124.74,129.29,129.15,129.15,122.68,122.29,119.97,121.60,123.28,122.80,121.46,121.75,120.87,121.57,122.82,123.24,123.42,123.42,123.71,123.34,122.63,122.00,121.14,122.40,124.02,123.75,123.01,123.23,122.34,124.19,121.14,125.03,125.77,129.57,130.16,131.13,132.33,131.04,133.31,132.00,135.43,135.43,132.93,136.10,134.54,136.38,136.67,134.70,136.79,135.41,138.73,139.31,140.01,138.12,138.12,140.01,139.68,138.54,140.20,144.37,145.18,148.16,148.35,148.42,148.42,148.42,148.29,148.42,146.61,147.77,149.15,154.62,159.07,161.82,158.59
Producto,0.004313297,01121013,CARNE DE RES CON HUESO,114.69,117.77,123.53,121.31,122.43,122.01,121.57,121.93,122.70,116.92,113.14,108.95,110.86,113.43,112.95,107.68,108.00,110.38,111.33,111.22,112.06,114.20,116.73,116.88,115.19,113.19,115.00,111.87,112.13,111.72,110.81,115.23,116.31,113.06,115.91,109.89,109.61,113.26,113.95,114.49,112.86,116.64,117.46,118.13,117.58,118.42,117.10,114.96,118.98,118.96,120.18,118.31,120.98,116.76,113.17,116.32,118.91,117.42,119.03,118.41,115.62,122.55,117.90,121.03,119.52,125.18,125.18,125.61,124.14,123.72,125.44,123.56,122.72,123.61,124.22,122.35,122.35,125.07,124.22,122.35,124.22,124.22,123.21,124.22,121.94,121.94,123.09,124.78,124.87,128.12,126.41,123.87,128.12,121.55,124.87,123.18,127.57,132.61,132.48,133.56,133.56,131.86,129.73,131.53,131.82,131.82,132.04,130.58,132.85,132.85,134.57,136.31,137.88,140.49,141.64,142.55,140.59,140.59,142.55,143.81,143.84,142.80,148.43,155.50,159.25,159.50,159.56,159.56,159.56,157.45,157.45,160.23,162.87,164.46,161.99,163.32,163.32,161.07
Producto,0.000721192,01121014,CARNE DE RES MOLIDA,132.28,139.97,136.61,137.29,131.25,129.14,140.16,131.85,131.20,130.32,130.76,131.35,137.85,129.49,129.21,131.28,130.28,121.01,129.04,129.58,120.04,115.76,118.68,125.12,121.16,128.85,131.85,133.94,129.12,129.31,121.20,116.04,122.28,118.22,116.80,119.41,116.61,116.31,118.72,116.01,111.62,115.13,115.56,114.66,117.03,113.77,118.58,119.58,126.09,122.50,123.27,125.67,129.20,124.99,125.14,123.12,125.66,127.46,120.73,122.70,126.87,113.92,130.25,138.54,130.55,124.09,135.27,123.47,123.47,123.47,123.47,123.47,123.47,126.17,122.78,123.36,123.94,123.94,126.14,128.37,122.36,128.37,128.37,126.14,126.14,126.14,126.14,126.14,126.14,126.14,126.14,126.14,126.14,126.14,126.14,126.14,129.42,132.79,132.79,132.79,135.65,138.57,138.57,142.17,142.17,145.87,138.57,142.17,145.87,145.87,145.87,145.87,147.30,148.17,148.73,148.73,148.73,148.73,148.73,152.08,155.50,155.50,160.94,163.67,166.57,166.38,166.57,166.57,166.57,166.28,166.57,173.24,173.24,176.26,179.19,179.19,179.19,179.19
Subclase,0.003246225,01122,"Carne de porcino fresca, refrigerada o congelada",104.19,104.25,102.23,99.33,102.51,101.18,101.67,99.86,99.29,96.73,96.05,93.10,95.66,96.45,93.61,87.80,88.51,89.92,87.92,89.49,93.95,96.63,93.41,95.50,96.28,94.97,101.09,102.16,97.94,99.62,99.93,99.40,102.23,102.39,101.25,99.04,104.34,102.85,102.12,103.34,101.41,101.16,99.35,98.78,99.08,100.24,101.44,101.70,99.14,99.98,96.24,96.37,99.38,96.81,95.61,95.02,95.30,89.90,88.87,88.80,87.23,85.45,86.85,86.30,85.62,81.77,84.46,85.80,88.18,87.90,88.14,87.66,88.96,90.80,89.90,88.13,86.24,86.39,87.46,87.20,86.43,90.23,90.05,92.42,92.36,91.41,90.56,90.56,90.73,91.48,92.57,89.97,89.97,90.52,90.78,91.91,92.61,92.74,92.10,91.66,91.58,91.98,91.73,91.61,93.64,92.31,91.96,92.37,93.47,93.59,93.58,93.73,95.45,94.98,94.24,94.16,94.22,94.21,94.05,94.13,94.13,94.26,94.24,93.71,92.72,91.94,91.96,91.91,92.00,91.81,91.98,98.45,94.78,94.79,93.41,91.73,89.66,90.79
Producto,0.001195818,01122015,CHULETA DE CERDO,104.28,105.78,100.90,97.89,99.94,99.44,98.90,98.48,99.36,101.26,97.29,88.59,93.63,91.32,89.00,82.67,81.99,82.20,86.61,87.88,89.69,90.67,93.73,95.67,98.14,90.71,95.81,100.78,95.13,96.59,98.01,94.13,94.77,99.27,100.95,93.91,97.25,99.57,96.09,98.05,99.66,95.49,94.46,94.61,94.99,98.45,94.50,93.93,99.27,95.87,91.94,95.43,96.10,94.76,94.09,94.60,91.18,88.59,90.03,89.49,90.16,82.30,87.22,87.14,84.01,79.31,83.32,78.27,83.06,85.46,86.83,86.97,86.97,90.74,91.14,88.14,86.75,86.75,86.75,86.75,86.75,87.89,89.55,89.28,89.28,94.82,92.13,92.13,90.53,92.13,88.95,88.95,88.95,88.95,90.38,91.83,93.14,93.30,92.67,91.05,91.68,92.67,91.05,90.08,93.30,90.53,91.52,92.99,96.31,96.31,94.79,93.30,97.49,95.95,96.31,96.31,96.31,96.31,96.31,96.31,96.31,96.31,96.31,96.61,94.79,92.87,92.99,92.99,92.99,92.82,92.99,94.79,93.30,93.30,93.30,90.67,91.80,90.08
Producto,0.000405217,01122016,CARNE DE CERDO SIN HUESO,109.13,103.82,103.54,100.34,99.15,99.32,101.65,101.65,101.65,96.64,102.50,108.81,108.81,107.10,104.85,104.62,102.80,104.16,104.16,103.97,103.89,101.72,105.03,105.03,105.03,105.68,106.07,107.77,107.60,102.67,108.55,108.55,108.55,109.34,109.17,110.67,110.99,103.71,109.49,101.85,108.38,103.81,101.89,107.73,99.84,99.64,105.75,104.41,105.32,103.00,105.32,104.72,102.92,99.18,104.33,101.54,98.83,99.94,100.52,98.19,106.12,100.89,100.89,104.73,102.71,105.07,105.07,102.51,105.52,101.40,105.96,103.01,105.84,98.24,105.84,105.84,102.91,107.61,105.38,102.78,108.68,108.55,108.73,108.43,106.70,107.24,109.55,109.55,107.94,110.31,108.71,108.77,108.76,107.30,105.86,107.38,106.23,109.15,112.28,112.28,112.28,110.57,107.23,110.40,113.44,110.49,111.02,113.48,113.43,106.52,111.68,113.32,113.25,110.98,116.24,113.90,115.77,115.36,110.60,113.09,113.09,116.94,116.47,116.47,116.94,116.94,115.92,114.41,117.17,114.14,116.66,116.66,116.66,116.93,116.97,113.84,117.72,117.79
Producto,0.00164519,01122017,CARNE DE CERDO CON HUESO,103.94,103.80,102.58,99.74,103.45,101.79,102.52,100.21,99.16,95.34,95.39,93.79,95.70,97.56,94.53,88.64,89.88,91.67,87.61,89.34,94.82,98.23,92.80,95.02,95.32,95.81,102.49,102.34,98.37,100.41,100.14,100.62,104.24,103.05,101.00,100.10,106.23,103.82,103.65,105.03,101.64,102.80,100.74,99.67,100.30,100.82,103.38,103.97,98.83,101.11,97.16,96.28,100.24,97.34,95.69,94.86,96.41,89.86,88.00,88.17,85.49,85.74,86.12,85.23,85.35,81.50,83.91,87.38,88.99,88.05,87.75,87.19,88.83,90.49,88.81,87.34,85.34,85.34,86.89,86.65,85.34,90.14,89.38,92.67,92.67,89.66,89.24,89.24,90.03,90.45,92.96,89.45,89.45,90.26,90.24,91.25,91.84,91.84,91.04,90.94,90.63,90.94,91.25,91.25,92.87,92.06,91.25,91.25,91.71,92.18,92.40,92.99,94.04,93.97,92.62,92.62,92.62,92.62,92.62,92.62,92.62,92.62,92.62,91.82,91.01,90.54,90.59,90.59,90.59,90.52,90.59,98.77,94.27,94.27,92.41,91.07,87.76,89.81
Subclase,0.00012318,01123,Carne de ovino,105.97,106.64,106.64,106.21,109.58,110.65,112.94,111.41,111.41,111.41,111.41,111.41,111.41,111.41,111.41,111.41,111.41,111.41,111.41,111.41,111.41,111.41,111.41,111.41,111.41,111.41,109.08,109.08,109.08,106.23,111.41,111.41,111.41,109.08,111.41,109.08,109.08,110.61,111.80,95.97,112.37,114.53,109.81,120.05,116.41,118.89,109.97,109.97,112.30,111.05,112.55,111.09,111.92,112.83,112.83,112.83,112.83,115.00,115.00,109.63,113.18,113.55,113.55,113.95,116.52,116.52,116.52,116.52,116.52,116.52,116.52,116.52,116.52,116.52,114.64,112.33,112.79,109.20,112.79,112.61,116.13,116.13,116.13,116.13,117.64,113.72,118.46,117.49,115.98,119.08,123.25,123.25,121.29,121.29,120.05,122.65,122.68,121.29,124.60,124.05,125.04,124.32,124.32,127.65,126.98,126.98,126.98,126.98,126.33,128.45,130.98,129.73,132.44,131.37,132.65,133.87,133.87,134.79,137.22,137.28,133.85,133.45,136.76,136.09,136.09,133.45,127.13,131.37,135.03,138.34,138.34,138.34,136.88,137.49,137.49,127.95,124.18,136.46
Producto,0.00012318,01123018,CARNE DE OVINO,105.97,106.64,106.64,106.21,109.58,110.65,112.94,111.41,111.41,111.41,111.41,111.41,111.41,111.41,111.41,111.41,111.41,111.41,111.41,111.41,111.41,111.41,111.41,111.41,111.41,111.41,109.08,109.08,109.08,106.23,111.41,111.41,111.41,109.08,111.41,109.08,109.08,110.61,111.80,95.97,112.37,114.53,109.81,120.05,116.41,118.89,109.97,109.97,112.30,111.05,112.55,111.09,111.92,112.83,112.83,112.83,112.83,115.00,115.00,109.63,113.18,113.55,113.55,113.95,116.52,116.52,116.52,116.52,116.52,116.52,116.52,116.52,116.52,116.52,114.64,112.33,112.79,109.20,112.79,112.61,116.13,116.13,116.13,116.13,117.64,113.72,118.46,117.49,115.98,119.08,123.25,123.25,121.29,121.29,120.05,122.65,122.68,121.29,124.60,124.05,125.04,124.32,124.32,127.65,126.98,126.98,126.98,126.98,126.33,128.45,130.98,129.73,132.44,131.37,132.65,133.87,133.87,134.79,137.22,137.28,133.85,133.45,136.76,136.09,136.09,133.45,127.13,131.37,135.03,138.34,138.34,138.34,136.88,137.49,137.49,127.95,124.18,136.46
Subclase,0.021700216,01124,"Carne de aves  fresca, refrigerada o congelada",87.67,86.83,87.27,85.84,88.92,98.11,95.14,94.11,90.67,85.91,85.20,85.69,87.86,88.50,89.66,87.63,86.78,83.27,85.93,85.32,83.65,82.84,83.94,81.56,84.29,84.27,83.10,84.53,83.76,81.10,81.13,79.29,78.95,78.85,75.36,73.88,77.69,77.70,78.65,77.27,77.78,78.35,83.62,88.38,84.78,80.51,76.78,74.88,78.28,77.69,77.29,78.23,74.28,76.84,77.40,77.31,74.87,74.07,73.29,75.82,76.42,79.71,79.79,81.29,80.36,76.15,80.12,77.91,74.28,76.05,74.65,71.62,73.34,76.21,79.75,79.13,77.71,76.76,79.52,78.75,79.38,79.95,80.14,79.23,82.20,81.29,79.86,79.56,78.94,78.17,79.46,80.24,80.68,78.33,79.08,80.12,77.81,76.39,79.43,78.84,78.66,80.84,81.36,82.83,81.56,79.32,78.40,79.55,80.63,80.05,81.17,78.75,78.18,79.50,79.54,79.62,78.78,78.62,77.48,79.42,80.44,80.31,80.04,78.78,77.42,74.99,75.82,75.98,76.37,75.62,75.06,78.25,80.19,78.82,77.43,78.03,76.73,79.43
Producto,0.011267686,01124019,POLLO ENTERO,79.55,75.55,77.92,76.57,81.97,98.15,96.41,91.39,86.42,78.68,76.41,76.19,80.05,83.90,83.75,80.89,77.86,70.21,74.92,75.54,75.05,73.72,72.38,71.14,74.57,73.26,73.68,77.16,77.82,72.36,74.81,74.77,74.99,74.77,68.38,64.61,71.33,69.71,70.76,69.88,68.38,72.27,79.09,88.88,84.85,75.05,65.67,60.94,68.50,71.29,70.04,67.98,63.14,68.94,70.13,68.37,64.74,65.11,62.33,69.25,71.38,72.85,72.12,63.59,64.59,61.83,71.00,71.16,65.38,66.82,59.48,58.38,61.52,73.63,73.10,70.52,67.45,66.91,69.02,68.44,70.05,69.53,70.57,68.99,74.66,74.00,70.23,70.20,71.81,73.50,73.25,75.64,76.02,73.30,75.00,75.56,70.28,69.20,71.86,71.86,72.87,75.58,74.51,77.11,75.04,73.96,71.40,71.40,75.06,73.50,73.48,69.24,68.13,71.21,71.51,71.49,69.53,70.05,69.55,71.03,73.62,73.10,72.58,70.52,68.46,65.85,66.28,68.13,69.05,67.96,66.89,69.99,73.38,70.44,68.47,68.94,68.45,70.89
Producto,0.009593699,01124020,PRESAS DE POLLO,92.51,94.31,93.19,91.79,93.04,97.95,93.65,95.82,93.29,90.51,91.02,92.19,93.19,91.24,93.60,95.01,94.52,92.46,93.88,92.14,89.29,88.79,92.69,88.95,91.38,92.43,89.38,89.48,88.16,87.26,85.29,82.30,81.46,80.46,79.20,79.51,81.08,82.61,83.73,81.77,83.99,81.89,86.41,88.13,83.90,83.74,84.31,84.32,84.93,81.41,81.85,85.30,81.68,82.48,82.58,83.85,81.48,79.54,80.60,79.73,79.11,84.23,85.00,94.63,92.31,86.81,86.37,81.97,80.38,82.32,85.67,80.73,81.46,76.99,84.25,85.19,84.92,83.56,86.97,86.61,86.72,87.88,87.37,87.11,86.94,86.16,86.53,85.42,82.97,80.44,82.37,82.71,83.78,81.71,80.68,82.33,81.92,80.52,84.18,83.04,81.49,83.74,85.29,86.04,85.29,82.29,82.64,84.33,83.86,83.72,85.83,84.66,84.66,84.66,84.66,84.66,84.66,83.92,82.47,84.66,84.66,84.66,84.66,83.92,83.01,80.47,81.90,80.47,80.47,80.08,79.89,83.33,84.26,84.26,83.09,83.10,81.07,84.27
Producto,0.000838832,01124021,MENUDENCIAS DE POLLO,105.83,104.75,104.75,102.50,104.73,99.31,99.31,99.31,99.31,99.31,99.31,98.86,98.86,98.86,98.86,70.04,83.21,98.86,97.06,97.63,97.92,98.39,91.82,93.42,93.42,93.42,97.69,95.65,88.70,91.44,91.44,86.43,86.43,96.02,94.17,93.53,95.81,94.09,92.60,92.89,92.89,92.89,92.89,86.85,92.89,92.89,92.89,95.07,92.36,93.03,91.25,91.96,91.96,85.58,85.58,85.58,91.96,92.97,90.32,90.64,90.64,90.79,90.76,93.86,91.10,87.68,92.66,92.66,86.41,89.41,89.41,89.41,89.41,89.41,89.41,89.41,89.96,89.96,91.46,85.18,82.99,86.72,86.72,84.93,96.61,92.54,92.54,97.85,97.06,93.75,100.99,93.10,88.04,85.94,96.30,95.21,98.33,94.04,94.04,94.04,97.60,95.02,98.13,97.60,97.60,93.38,93.38,98.47,93.96,96.92,97.60,97.60,95.90,95.90,94.24,95.88,95.88,95.88,92.62,95.88,94.24,95.88,95.10,95.10,95.10,95.10,93.37,95.34,95.34,93.69,93.69,95.34,95.34,93.26,94.45,101.82,101.01,101.01
Subclase,0.000601926,01125,Vísceras frescas,109.19,110.52,112.13,112.13,112.13,112.13,113.24,113.24,113.24,114.17,114.17,114.17,114.17,114.17,114.84,114.84,114.84,114.84,114.41,114.41,113.81,112.89,111.96,112.80,110.92,110.92,110.01,110.92,110.92,111.43,111.43,112.43,111.43,110.31,108.39,107.56,102.52,108.60,107.36,104.68,104.47,108.39,108.39,109.97,108.92,109.13,98.09,108.39,103.33,105.48,107.56,104.47,107.53,107.53,105.51,98.56,101.93,100.99,103.82,102.83,98.92,102.66,102.37,105.79,109.16,102.13,102.17,89.08,100.22,96.79,102.59,100.31,99.23,105.12,106.09,105.45,105.45,106.26,107.71,108.74,107.09,107.06,108.74,107.88,107.88,107.88,107.88,107.88,107.88,107.88,104.99,104.99,107.88,102.18,107.88,104.99,104.99,109.28,109.28,109.28,108.40,108.40,104.44,104.44,102.28,102.64,103.63,104.44,104.44,104.44,102.75,102.93,104.67,104.67,104.67,104.67,101.88,101.88,104.71,103.90,108.64,106.54,109.46,108.61,108.61,109.43,109.43,110.35,111.18,108.67,108.34,108.86,104.06,104.06,104.06,104.65,105.11,110.86
Producto,0.000601926,01125022,VÍSCERAS DE RES,109.19,110.52,112.13,112.13,112.13,112.13,113.24,113.24,113.24,114.17,114.17,114.17,114.17,114.17,114.84,114.84,114.84,114.84,114.41,114.41,113.81,112.89,111.96,112.80,110.92,110.92,110.01,110.92,110.92,111.43,111.43,112.43,111.43,110.31,108.39,107.56,102.52,108.60,107.36,104.68,104.47,108.39,108.39,109.97,108.92,109.13,98.09,108.39,103.33,105.48,107.56,104.47,107.53,107.53,105.51,98.56,101.93,100.99,103.82,102.83,98.92,102.66,102.37,105.79,109.16,102.13,102.17,89.08,100.22,96.79,102.59,100.31,99.23,105.12,106.09,105.45,105.45,106.26,107.71,108.74,107.09,107.06,108.74,107.88,107.88,107.88,107.88,107.88,107.88,107.88,104.99,104.99,107.88,102.18,107.88,104.99,104.99,109.28,109.28,109.28,108.40,108.40,104.44,104.44,102.28,102.64,103.63,104.44,104.44,104.44,102.75,102.93,104.67,104.67,104.67,104.67,101.88,101.88,104.71,103.90,108.64,106.54,109.46,108.61,108.61,109.43,109.43,110.35,111.18,108.67,108.34,108.86,104.06,104.06,104.06,104.65,105.11,110.86
Subclase,0.003721475,01126,Carnes preparadas y procesadas,99.99,100.75,99.07,99.30,98.31,98.62,99.01,100.68,101.66,98.21,97.00,98.13,101.97,102.90,102.97,102.33,104.48,103.94,102.78,103.68,104.02,104.30,104.04,103.10,103.71,105.87,106.07,105.95,105.53,103.34,106.38,105.70,106.92,104.92,106.28,108.24,107.34,107.28,106.13,108.35,106.29,106.41,106.75,108.61,107.76,107.66,108.06,107.88,107.02,107.66,107.17,107.79,106.27,105.06,107.62,107.62,107.27,107.66,105.99,106.22,106.38,106.32,109.17,111.97,108.99,108.40,108.74,110.41,108.08,107.19,107.85,109.09,109.79,108.02,105.79,105.17,107.95,107.59,108.98,98.42,101.60,105.48,105.19,107.57,108.24,105.51,104.25,104.07,101.38,106.51,107.50,107.44,107.33,103.79,106.04,107.24,107.10,107.74,106.87,106.88,105.92,104.57,106.25,109.85,110.45,108.46,111.42,112.89,110.77,111.28,111.48,114.82,117.02,117.56,117.47,117.64,116.99,116.06,115.81,116.83,117.92,115.43,116.97,113.94,115.44,115.99,113.92,116.12,115.89,114.86,117.50,117.53,116.75,116.69,116.63,117.09,117.67,117.34
Producto,0.000873533,01126023,CHORIZO,99.62,99.62,99.62,93.15,92.35,95.45,95.45,96.88,97.53,94.18,91.76,96.74,98.03,102.26,102.26,102.26,102.26,102.26,95.92,102.26,102.26,103.49,104.80,104.59,104.59,103.40,105.23,105.23,103.18,91.13,106.37,98.74,104.19,104.15,104.47,106.05,106.05,102.08,102.73,104.91,102.08,106.05,106.05,106.05,106.05,106.05,106.05,106.05,104.47,104.19,101.41,104.61,99.63,96.52,102.70,106.19,102.10,103.85,102.44,102.64,102.55,102.50,107.77,112.69,107.45,109.54,109.54,109.71,109.71,104.72,105.33,110.99,109.36,104.47,104.40,101.81,107.08,114.63,110.43,87.65,95.98,108.52,98.48,101.78,105.30,104.18,109.08,110.62,102.37,116.24,112.65,113.32,113.41,107.51,107.19,114.36,109.18,117.02,107.34,109.05,115.18,111.55,107.50,115.18,114.17,111.56,113.72,119.73,110.63,113.49,109.94,114.94,122.21,119.50,121.66,121.13,117.78,120.05,115.01,116.26,120.05,116.26,116.26,120.05,120.05,115.98,113.26,119.71,115.93,114.42,122.26,118.39,115.66,119.00,119.00,119.00,120.08,116.17
Producto,0.000594218,01126024,JAMÓN,97.47,102.73,102.73,99.52,98.01,99.22,99.83,98.99,100.59,102.78,101.35,101.37,102.59,101.27,102.34,102.34,102.34,101.39,102.45,101.15,102.45,102.45,101.58,102.00,101.13,104.03,103.48,102.65,102.76,104.07,102.13,104.46,104.42,104.42,101.20,105.07,103.01,104.31,101.94,104.63,104.63,103.55,104.77,103.24,102.04,101.29,105.07,103.95,103.77,102.37,103.44,103.43,104.85,104.85,104.85,98.60,106.15,106.15,100.26,101.61,103.01,97.77,106.49,107.53,105.10,104.48,106.79,106.30,103.64,97.54,104.51,104.51,102.12,104.06,99.37,101.19,103.48,104.73,106.65,101.10,94.34,101.21,104.07,102.68,99.15,108.03,100.83,100.72,102.29,108.38,97.83,105.88,109.17,106.17,107.19,106.17,109.08,110.98,106.33,102.59,102.59,101.95,105.62,108.91,108.25,102.46,106.56,104.68,100.69,98.16,102.88,103.10,103.76,105.71,104.18,104.67,103.93,105.78,105.97,104.49,104.64,104.65,102.27,104.07,104.07,105.15,104.56,104.27,102.14,100.03,100.31,100.26,101.39,103.43,104.04,103.97,107.28,105.24
Producto,0.001248423,01126025,MORTADELA,99.68,100.31,100.31,100.31,100.31,104.08,104.39,104.62,104.62,104.62,104.62,103.56,104.62,104.62,104.19,104.19,104.19,104.86,101.50,105.99,107.15,107.15,104.29,105.73,104.58,108.11,107.38,106.26,106.44,105.11,103.28,108.03,108.03,105.48,108.03,108.03,106.84,108.73,105.77,108.41,108.41,107.22,108.41,108.34,104.37,104.37,105.75,105.52,104.36,105.52,105.52,105.52,105.22,105.22,105.22,105.22,102.82,102.82,103.42,103.30,103.30,103.61,102.76,106.09,101.17,102.44,102.30,105.26,105.26,101.57,108.20,105.26,103.83,102.88,105.75,104.14,103.80,105.22,100.12,97.14,99.09,105.41,104.87,107.87,109.91,109.39,106.51,106.11,105.48,105.80,101.96,112.96,113.02,106.87,108.33,110.81,111.32,111.32,108.76,110.25,105.12,107.44,110.38,109.22,111.61,100.70,105.59,107.19,108.43,109.08,110.15,115.29,113.77,115.85,115.40,116.63,118.13,115.87,112.18,116.14,116.14,115.30,118.49,115.81,117.44,118.59,116.38,118.64,118.89,115.76,114.75,118.58,118.58,116.91,116.45,113.49,118.15,118.15
Producto,0.001005302,01126026,SALCHICHA,100.90,100.90,97.50,101.73,100.47,98.17,98.73,101.60,102.88,96.86,95.88,96.23,102.76,103.06,103.06,101.77,106.13,105.06,106.40,104.24,104.24,104.24,104.24,101.88,103.69,106.76,106.70,107.02,107.02,108.16,108.45,108.45,108.45,105.23,107.85,110.11,109.19,109.96,108.87,110.85,107.96,107.04,107.04,111.23,111.06,111.06,110.47,110.47,109.86,111.26,111.26,111.06,110.00,108.96,111.32,111.32,111.32,111.32,109.89,109.96,109.96,111.10,112.52,114.64,113.15,110.76,110.92,113.40,109.36,112.57,109.75,110.61,113.84,112.28,108.08,108.04,110.79,105.85,111.71,103.07,106.80,105.20,108.65,111.37,111.37,104.24,102.20,101.30,99.39,101.82,109.37,103.40,102.28,100.51,104.49,103.13,104.32,101.55,106.20,105.93,102.80,101.14,104.54,107.86,108.94,111.03,113.46,113.66,114.14,114.32,114.80,117.61,119.06,120.24,119.60,119.67,119.60,116.92,119.83,120.46,120.90,117.85,120.56,113.09,115.60,117.93,115.82,116.70,118.43,118.56,120.59,121.21,120.59,118.95,118.82,120.70,119.07,120.70
Clase,0.012598001,0113,Pescado (ND),100.89,98.45,98.91,102.40,101.23,100.08,98.75,99.89,101.44,100.18,98.93,100.53,102.83,101.35,101.58,103.97,106.10,101.34,106.00,112.14,113.01,107.75,109.31,106.67,110.45,111.74,108.37,109.87,111.40,110.04,108.98,109.62,109.35,109.66,113.02,111.22,113.47,110.59,112.04,114.79,115.53,111.19,112.64,112.18,111.43,112.37,113.67,111.51,113.30,113.13,110.58,111.03,111.11,107.10,107.86,107.57,107.50,106.47,105.82,107.87,110.67,108.41,107.00,115.83,114.69,110.53,105.23,99.68,101.76,102.84,105.18,107.33,106.04,107.63,108.95,108.88,110.70,112.19,113.14,111.01,108.49,108.20,111.76,112.44,114.67,117.38,118.03,120.26,120.88,119.43,116.52,118.22,116.03,117.29,121.88,121.13,124.05,125.08,124.87,127.68,125.63,127.67,123.86,119.58,117.93,120.10,121.29,122.13,122.51,124.26,124.78,126.61,125.24,120.28,121.70,120.38,119.21,119.76,117.76,120.24,118.27,116.52,120.48,121.74,119.83,119.50,115.44,118.32,116.58,117.13,116.88,113.57,117.80,125.14,124.58,128.04,126.90,127.02
Subclase,0.007089964,01131,"Pescados  frescos, refrigerados y congeladas",104.49,102.92,102.59,109.03,107.47,106.22,103.10,103.76,103.39,103.26,104.31,103.79,106.73,106.47,105.60,110.76,113.39,104.25,110.22,118.44,115.36,109.55,112.46,112.27,113.82,116.85,111.82,113.35,111.96,106.90,105.02,107.02,105.03,106.40,113.39,112.91,112.88,108.76,110.31,112.20,114.11,107.90,109.94,108.03,108.58,106.70,111.02,104.55,106.65,106.70,106.97,108.04,107.53,99.99,101.25,97.74,101.43,102.28,97.11,104.72,108.49,104.46,102.59,114.29,113.91,106.50,99.66,91.17,92.93,95.15,97.81,100.03,101.76,103.52,104.55,106.85,109.32,111.12,114.30,109.86,107.75,109.16,114.81,117.36,119.61,121.44,123.58,126.49,127.60,123.93,119.90,116.64,111.93,119.61,126.38,125.14,128.70,131.09,133.12,138.09,133.14,135.37,127.77,122.75,123.07,128.24,127.99,126.63,124.30,131.67,132.10,135.49,133.24,128.76,127.27,122.96,121.55,122.03,119.90,120.88,120.51,121.24,127.82,128.30,123.70,122.67,117.72,121.52,118.44,121.01,119.42,117.25,119.90,135.46,135.99,140.79,139.53,136.12
Producto,0.001195122,01131027,PESCADO FRESCO ENTERO,96.20,96.20,96.20,99.72,100.73,99.72,99.32,99.32,99.32,97.21,102.68,102.68,105.86,104.01,101.99,109.12,105.14,96.92,107.00,111.06,105.14,89.28,98.27,98.27,98.27,109.12,99.83,101.99,101.99,101.99,99.87,104.01,101.99,101.99,99.59,105.30,101.46,95.02,97.50,97.50,103.47,96.29,96.93,100.80,100.80,100.80,105.50,103.69,100.80,101.27,105.83,105.11,109.09,94.65,99.98,96.08,96.08,97.78,94.88,94.80,99.74,98.28,98.28,115.41,109.50,100.46,98.77,98.77,103.99,105.37,97.10,97.10,97.31,91.18,94.63,95.56,103.08,104.05,102.16,101.46,101.46,103.32,114.37,116.28,115.70,118.58,120.76,125.07,125.92,125.92,125.92,118.50,118.50,115.31,120.20,120.10,122.59,122.89,122.17,129.41,129.53,132.13,131.04,131.18,131.36,131.36,131.36,130.95,130.95,132.56,128.60,133.77,130.12,130.12,130.25,125.32,125.32,121.57,120.47,122.40,123.16,126.45,121.85,125.28,117.89,120.68,121.84,121.84,121.84,119.92,119.92,118.25,118.25,128.32,122.39,126.49,116.61,110.63
Producto,0.005894841,01131028,PESCADO FRESCO FILETEADO,107.49,105.35,104.89,112.39,109.90,108.57,104.47,105.36,104.86,105.45,104.89,104.20,107.05,107.35,106.90,111.35,116.37,106.89,111.38,121.11,119.04,116.86,117.57,117.32,119.43,119.64,116.14,117.45,115.56,108.67,106.88,108.10,106.13,107.99,118.37,115.65,117.00,113.72,114.93,117.51,117.95,112.09,114.64,110.64,111.39,108.84,113.01,104.86,108.77,108.66,107.38,109.09,106.96,101.91,101.71,98.35,103.37,103.90,97.91,108.31,111.65,106.69,104.14,113.89,115.50,108.68,99.98,88.42,88.94,91.46,98.06,101.09,103.37,107.98,108.13,110.93,111.57,113.67,118.68,112.88,110.02,111.26,114.96,117.75,121.02,122.47,124.60,127.00,128.21,123.21,117.73,115.98,109.55,121.16,128.61,126.96,130.90,134.04,137.08,141.23,134.45,136.53,126.60,119.71,120.08,127.12,126.77,125.07,121.90,131.35,133.37,136.11,134.36,128.27,126.19,122.11,120.19,122.19,119.69,120.33,119.55,119.36,129.98,129.40,125.79,123.39,116.23,121.40,117.22,121.40,119.25,116.89,120.49,138.04,140.90,145.95,147.80,145.32
Subclase,0.001536919,01132,"Mariscos frescos, refrigerados, congelados",87.17,81.85,81.46,86.10,88.75,88.28,90.66,100.77,103.23,100.69,98.47,102.46,110.43,97.57,102.28,96.35,104.63,102.02,110.91,130.17,141.70,130.15,134.10,124.98,138.17,135.78,130.59,138.88,147.25,153.67,150.65,152.33,159.93,152.82,152.10,140.80,152.80,138.30,145.44,163.15,163.00,146.91,152.76,157.15,148.06,162.20,154.93,158.82,166.47,167.27,149.67,156.36,154.20,149.26,144.64,150.72,139.68,140.40,146.66,139.47,152.71,152.27,143.97,148.66,152.35,146.56,125.96,127.01,138.70,139.76,140.11,147.83,135.58,132.07,131.86,133.68,131.55,132.48,133.86,136.93,138.35,139.47,136.31,134.59,136.45,135.76,134.23,130.88,132.63,128.04,129.34,134.42,137.66,135.48,132.38,129.34,126.98,131.85,133.03,139.94,138.44,132.44,129.63,128.69,128.69,128.69,128.69,128.69,128.69,129.63,128.04,128.37,128.69,128.69,125.95,126.71,126.71,126.34,124.67,124.67,124.67,124.67,124.67,124.67,127.92,131.24,131.24,131.24,131.24,127.92,124.67,124.67,124.67,124.67,124.67,124.67,129.90,135.48
Producto,0.001536919,01132029,CAMARÓN,87.17,81.85,81.46,86.10,88.75,88.28,90.66,100.77,103.23,100.69,98.47,102.46,110.43,97.57,102.28,96.35,104.63,102.02,110.91,130.17,141.70,130.15,134.10,124.98,138.17,135.78,130.59,138.88,147.25,153.67,150.65,152.33,159.93,152.82,152.10,140.80,152.80,138.30,145.44,163.15,163.00,146.91,152.76,157.15,148.06,162.20,154.93,158.82,166.47,167.27,149.67,156.36,154.20,149.26,144.64,150.72,139.68,140.40,146.66,139.47,152.71,152.27,143.97,148.66,152.35,146.56,125.96,127.01,138.70,139.76,140.11,147.83,135.58,132.07,131.86,133.68,131.55,132.48,133.86,136.93,138.35,139.47,136.31,134.59,136.45,135.76,134.23,130.88,132.63,128.04,129.34,134.42,137.66,135.48,132.38,129.34,126.98,131.85,133.03,139.94,138.44,132.44,129.63,128.69,128.69,128.69,128.69,128.69,128.69,129.63,128.04,128.37,128.69,128.69,125.95,126.71,126.71,126.34,124.67,124.67,124.67,124.67,124.67,124.67,127.92,131.24,131.24,131.24,131.24,127.92,124.67,124.67,124.67,124.67,124.67,124.67,129.90,135.48
Subclase,0.003971119,01133,Pescados  y mariscos procesados y preparados,100.75,98.15,99.93,99.22,97.30,96.04,95.80,94.60,98.32,96.04,92.14,95.67,95.28,95.99,96.16,97.72,97.18,97.36,98.93,98.05,100.51,98.03,97.06,93.38,96.93,97.19,96.57,95.78,98.82,99.69,100.32,98.89,98.22,99.62,99.62,99.27,101.23,103.81,103.25,102.15,101.68,103.65,102.87,102.69,103.00,103.22,103.46,104.87,104.31,103.55,102.34,99.94,101.50,102.37,104.24,106.00,104.71,100.68,103.59,101.49,99.60,99.02,100.49,106.98,103.26,103.82,105.58,101.65,100.97,100.59,103.18,103.38,101.80,104.86,107.06,103.30,105.60,106.86,104.81,103.94,99.59,96.62,99.71,98.77,101.09,106.06,105.51,108.72,108.30,110.76,107.92,114.91,114.18,108.27,112.61,113.24,117.09,115.08,111.51,110.18,111.69,116.15,116.90,112.48,107.75,106.74,110.19,114.14,118.15,112.92,114.24,114.57,113.76,106.55,113.10,114.96,113.71,114.64,112.72,117.95,113.26,107.73,109.61,112.29,112.15,111.52,107.27,109.93,109.32,108.55,111.03,105.14,112.81,111.97,109.79,112.69,109.58,112.45
Producto,0.003509297,01133030,ATÚN EN CONSERVA,100.94,97.72,100.11,98.74,96.83,95.34,94.45,92.78,97.05,94.69,89.46,93.29,92.69,93.59,94.07,95.65,95.14,95.43,97.09,96.00,98.89,96.24,95.09,91.18,94.79,95.16,95.04,93.55,97.22,97.97,98.70,97.02,96.24,97.91,97.91,97.52,99.71,102.65,101.74,100.68,100.12,102.25,101.38,101.42,101.62,102.02,102.10,104.20,103.27,102.84,101.19,98.00,99.85,100.99,103.08,105.10,103.67,98.93,102.69,100.24,97.73,96.89,98.69,106.27,101.87,102.66,104.66,100.47,99.60,99.50,102.63,102.09,100.66,104.10,106.51,101.87,104.61,106.10,103.58,103.33,98.95,94.24,97.48,96.52,99.53,105.36,104.10,108.37,107.88,109.56,106.22,114.71,113.31,105.71,109.92,110.36,115.63,113.30,108.65,107.41,108.97,114.12,115.26,110.11,104.86,103.32,107.79,112.15,116.29,110.83,112.61,113.01,112.71,104.02,111.23,113.23,111.76,112.30,110.10,116.55,110.88,104.60,106.87,110.05,109.97,109.03,104.20,107.05,106.88,106.17,109.37,102.27,111.05,109.65,107.23,110.54,107.10,109.16
Producto,0.000461822,01133031,SARDINAS EN CONSERVA,99.71,100.57,98.93,101.90,99.97,99.97,103.46,104.89,105.53,103.70,107.28,109.08,109.90,109.56,107.95,109.43,108.68,108.27,109.26,109.64,109.64,108.17,108.17,105.83,108.96,108.67,105.24,108.38,107.84,109.43,109.43,109.43,109.43,109.27,109.27,109.14,109.82,110.35,111.75,110.43,110.49,111.56,111.26,109.86,110.81,109.97,111.09,108.69,110.18,107.52,108.84,110.85,110.85,110.16,110.81,111.07,110.57,110.54,108.65,108.57,110.17,111.02,110.64,110.97,111.11,110.37,110.75,108.28,108.70,106.71,106.28,110.63,108.22,109.15,110.19,111.40,111.17,111.17,111.76,107.37,103.24,110.06,112.29,111.45,109.91,110.06,113.52,110.67,110.71,117.53,117.53,116.06,119.09,122.74,127.82,129.46,125.30,125.10,127.63,125.78,127.03,127.61,126.17,125.84,124.07,126.07,123.74,125.35,128.68,124.72,123.43,123.37,119.65,120.87,123.67,124.72,124.72,127.88,127.54,125.85,126.69,125.44,125.07,124.95,124.44,125.61,124.60,126.18,123.09,121.98,120.35,121.34,122.80,125.05,124.26,124.81,123.63,131.04
Clase,0.034965826,0114,"Leche, queso y huevos (ND)",97.01,100.24,99.98,99.87,99.50,99.77,99.80,99.10,98.65,97.62,97.67,98.01,96.72,98.32,99.15,96.71,99.90,99.72,99.95,98.30,100.65,103.08,98.23,103.45,103.13,101.66,101.20,101.75,101.20,104.64,99.11,103.57,101.55,102.57,101.15,103.25,100.24,102.99,100.91,99.80,102.85,102.74,100.69,103.68,102.16,102.49,103.82,100.96,98.68,97.64,95.78,97.00,100.80,98.03,96.93,97.76,98.10,99.22,97.66,97.39,100.46,99.92,99.62,102.75,106.34,105.05,102.16,99.38,99.50,102.16,101.31,103.53,101.54,101.65,99.57,99.87,103.84,104.22,104.06,104.60,104.11,105.70,104.71,103.64,107.20,105.89,106.53,104.35,106.42,114.19,115.10,112.87,116.09,118.57,116.99,116.66,120.01,117.57,120.29,124.69,122.90,122.29,120.57,121.81,122.44,125.59,122.10,120.65,122.76,122.88,123.83,122.33,123.95,122.62,121.83,124.99,124.40,122.06,123.95,121.77,124.52,122.97,123.00,122.82,126.20,123.77,125.09,124.99,125.60,126.02,126.11,125.80,121.01,122.05,124.94,128.38,126.52,124.96
Subclase,0.01381159,01141,Leche líquida,91.08,91.08,91.57,90.74,90.94,90.80,91.41,91.22,91.20,94.31,93.78,93.21,92.10,91.89,93.59,93.27,93.42,93.32,93.62,93.66,93.66,92.94,93.46,91.92,94.48,94.64,94.75,94.23,93.97,93.95,93.50,92.58,92.71,92.39,92.23,92.89,92.37,92.63,92.53,93.05,91.18,89.47,93.17,93.20,92.45,91.90,92.05,91.70,92.27,92.28,91.79,92.74,93.04,93.20,92.87,93.27,93.28,92.91,93.95,93.82,94.35,94.43,94.70,96.62,96.02,96.02,96.14,96.21,96.04,95.12,96.04,94.57,95.01,96.31,95.04,93.84,94.59,93.60,94.08,95.50,94.73,92.96,94.13,94.58,97.35,95.71,94.17,91.64,94.26,106.78,105.12,105.71,106.64,109.08,109.45,108.43,110.12,110.62,113.23,113.35,113.05,112.60,111.74,109.65,108.47,109.46,107.75,109.73,111.77,110.98,111.62,112.03,111.48,110.40,110.18,111.44,111.77,112.29,111.81,111.21,111.32,112.14,112.31,113.35,114.67,114.00,115.06,115.47,114.15,114.86,115.13,115.30,114.89,113.31,117.69,115.88,116.56,116.28
Producto,7.34334E-05,01141032,LECHE LÍQUIDA VEGETAL,100.02,100.02,99.54,99.54,99.54,99.54,99.54,99.54,100.02,95.08,99.30,99.30,99.30,99.30,99.30,99.30,99.30,101.18,100.80,100.80,100.80,100.80,100.80,100.80,100.80,101.20,101.20,103.52,103.52,102.31,99.72,99.95,100.33,100.33,100.33,100.33,100.33,100.33,100.33,100.33,100.55,100.55,100.00,100.18,99.92,99.92,99.92,99.92,99.77,100.14,100.14,98.76,95.12,97.68,99.56,97.30,97.30,97.30,97.30,97.30,97.30,97.57,98.58,97.03,95.79,97.52,100.11,96.59,101.86,101.61,101.61,101.61,101.61,101.61,99.55,95.92,100.40,94.02,94.26,97.61,97.61,100.76,106.95,107.02,106.95,106.95,112.06,105.00,109.23,111.19,111.19,110.26,109.10,105.57,110.11,108.79,109.29,107.32,97.40,107.80,100.67,110.77,110.03,107.66,103.37,101.28,108.34,111.24,109.45,109.51,109.14,101.34,109.45,107.56,102.86,97.58,101.96,99.91,104.22,100.79,100.79,100.79,95.42,95.20,100.52,96.84,101.27,101.27,92.27,109.40,105.18,104.68,98.43,98.43,96.76,91.16,95.61,103.26
Producto,0.01107155,01141033,LECHE LÍQUIDA PASTEURIZADA,89.71,89.71,90.26,89.33,89.56,89.21,89.56,89.30,89.30,92.55,91.97,91.85,90.37,90.14,92.21,92.21,92.21,92.35,92.46,92.46,92.46,91.73,93.50,90.89,94.21,93.88,93.88,93.39,92.91,92.91,92.66,91.60,91.74,91.20,91.20,91.90,91.68,91.68,91.68,91.68,89.97,87.97,92.17,92.17,91.68,91.20,91.20,91.20,91.20,91.44,91.20,91.80,92.48,92.41,91.93,92.41,92.41,92.41,93.20,93.20,94.08,94.08,94.08,95.74,95.12,94.90,95.15,95.29,95.29,93.99,94.83,93.51,93.59,95.29,94.11,92.53,93.48,92.64,93.22,94.21,94.07,92.42,93.16,93.66,96.50,95.16,93.28,90.38,93.15,106.97,105.30,105.80,106.64,109.07,109.50,107.91,110.15,110.75,113.82,113.82,113.53,113.37,112.33,109.87,108.69,109.77,108.13,110.04,111.96,111.46,111.81,112.24,111.76,110.58,110.11,111.62,112.02,112.22,111.63,111.25,111.24,111.83,112.45,114.07,114.62,114.49,115.77,116.17,115.27,116.01,115.86,115.86,115.37,113.90,118.45,116.47,117.49,116.64
Producto,0.002666606,01141034,LECHE LÍQUIDA LARGA VIDA,102.42,102.42,102.42,102.42,102.42,104.04,106.98,107.35,107.17,109.62,109.10,104.64,106.70,106.56,105.24,102.12,103.62,101.26,103.29,103.62,103.62,102.94,92.67,100.30,96.39,100.89,101.92,100.92,102.60,102.52,100.44,100.64,100.62,102.21,100.69,101.04,97.85,100.40,99.46,104.48,101.06,101.76,101.37,101.65,98.66,97.49,98.93,95.50,101.09,99.06,96.42,100.49,97.76,99.74,100.65,100.51,100.57,96.99,100.23,99.02,96.50,97.25,99.79,104.25,103.83,105.73,104.53,104.20,102.24,104.50,106.19,103.28,106.93,104.88,102.82,105.08,103.91,101.95,101.55,106.65,100.28,97.16,101.64,101.77,104.11,99.68,100.70,101.68,102.97,104.83,103.19,104.61,106.42,109.41,108.99,113.01,109.96,109.70,109.14,109.64,109.74,106.07,106.76,107.82,106.84,107.33,104.42,106.90,110.26,106.91,110.15,110.96,109.22,109.06,111.30,110.80,110.19,113.66,113.92,111.51,112.70,115.54,112.22,108.32,116.08,110.90,109.87,110.32,105.89,105.21,109.49,111.16,111.81,109.19,112.49,112.44,109.88,114.01
Subclase,0.002403201,01142,Leche conservada,113.51,116.94,116.67,116.94,115.81,116.94,116.94,117.47,117.40,117.40,117.56,118.58,115.63,119.48,118.62,119.39,119.24,119.70,119.67,120.13,120.13,120.13,120.13,118.49,120.08,120.01,120.01,120.01,120.14,119.84,119.65,119.05,118.88,119.00,118.50,117.02,118.41,116.36,117.48,118.44,119.60,119.25,119.66,120.65,121.75,119.60,124.01,123.66,123.68,121.05,120.84,119.83,120.90,119.48,119.21,118.78,118.20,119.97,120.21,118.52,122.77,136.21,138.12,137.20,135.39,135.40,136.24,136.52,135.96,136.72,135.50,132.48,138.04,137.41,135.98,135.19,131.92,134.20,137.82,134.57,138.38,137.61,137.49,139.43,145.11,145.48,138.45,134.58,139.33,138.83,142.08,140.48,140.80,139.82,143.05,138.94,144.98,146.19,148.22,146.13,144.72,140.36,140.66,147.84,158.14,161.83,170.50,169.82,170.02,164.98,170.28,165.87,168.04,169.06,162.77,164.67,163.69,165.01,169.13,161.42,167.20,161.69,167.84,169.36,170.94,165.69,176.21,174.58,173.32,172.14,173.22,173.69,173.82,174.06,183.15,175.50,175.62,176.36
Producto,0.000559971,01142035,LECHE EN POLVO,97.32,100.95,99.94,100.95,96.72,100.95,100.95,102.94,102.66,102.66,103.26,103.26,106.21,105.72,103.42,106.30,105.72,107.47,106.41,106.77,106.77,106.77,106.77,100.63,106.58,106.30,106.30,106.30,107.06,107.06,106.18,103.93,103.30,104.04,104.04,98.51,103.71,97.98,103.66,106.35,106.01,103.86,103.86,101.61,102.25,102.25,106.81,105.51,105.51,103.18,105.89,106.71,106.71,105.43,103.13,101.35,101.90,102.45,104.04,104.04,101.50,105.11,104.09,109.02,111.06,111.12,107.81,108.92,107.45,107.08,108.54,109.54,111.05,104.93,107.51,106.90,107.25,107.25,104.88,107.70,110.03,107.07,110.03,107.74,108.71,108.62,106.88,108.23,107.99,107.69,111.75,112.94,113.48,109.80,112.10,113.46,111.35,109.99,113.08,107.22,113.26,110.51,110.90,111.94,111.31,112.48,111.19,108.63,109.39,107.98,110.37,111.37,109.80,108.30,107.67,110.13,110.88,110.09,113.15,106.93,109.28,107.60,109.14,105.69,109.16,110.64,110.24,113.00,110.08,107.50,111.53,113.29,113.84,114.66,113.81,112.75,112.75,115.53
Producto,0.00184323,01142036,LECHE MATERNIZADA EN POLVO,119.43,122.78,122.78,122.78,122.78,122.78,122.78,122.78,122.78,122.78,122.78,124.18,119.07,124.51,124.18,124.18,124.18,124.18,124.51,125.02,125.02,125.02,125.02,125.02,125.02,125.02,125.02,125.02,124.92,124.50,124.57,124.57,124.57,124.47,123.78,123.78,123.78,123.07,122.53,122.86,124.57,124.87,125.43,127.61,128.88,125.94,130.29,130.29,130.32,127.58,126.30,124.62,126.09,124.62,125.09,125.14,124.16,126.37,126.12,123.81,130.55,147.57,150.56,147.49,144.27,144.27,146.63,146.60,146.38,147.55,145.35,140.87,147.90,149.28,146.38,145.53,140.94,144.04,149.86,144.39,148.74,148.77,147.52,151.01,158.41,158.94,149.99,144.21,150.79,150.20,153.17,150.54,150.79,150.79,154.36,148.25,157.27,159.42,161.06,160.35,156.22,151.26,151.53,160.96,175.24,179.86,192.17,192.17,192.17,185.80,192.17,185.78,189.32,191.25,182.89,184.59,182.99,185.08,189.59,181.33,188.36,181.46,189.29,192.62,193.51,185.81,200.32,197.08,196.42,195.75,195.75,195.75,195.73,195.76,208.48,198.42,198.59,198.59
Subclase,0.00379509,01143,Yogures y productos en base leche,98.38,101.10,101.10,101.10,101.10,101.10,101.10,101.10,101.10,101.10,101.10,101.10,101.10,101.10,99.53,99.53,99.53,99.53,95.05,100.72,100.72,102.19,89.49,105.20,101.76,103.40,103.75,105.24,105.36,104.74,104.75,104.59,101.90,101.11,103.24,100.00,103.24,103.24,103.24,101.79,103.01,101.98,102.98,100.44,100.88,103.26,101.36,103.93,103.93,99.52,103.39,98.44,104.19,101.91,104.00,101.77,104.15,105.47,105.72,102.43,103.88,99.72,103.97,106.28,106.48,107.71,104.56,106.12,106.94,104.34,107.90,106.04,107.49,107.38,107.41,104.19,107.64,107.38,105.83,105.94,108.22,110.75,106.18,107.99,109.88,108.47,109.49,104.13,104.07,106.43,109.53,110.29,110.89,109.64,104.30,106.28,103.09,107.41,108.29,107.89,103.52,108.58,105.71,106.47,102.42,106.03,104.59,105.31,108.26,111.69,112.53,116.06,115.06,116.38,113.78,113.47,112.30,114.02,114.49,112.79,115.35,116.71,120.02,116.50,119.71,116.37,117.82,118.85,119.59,115.61,113.37,116.87,116.00,114.73,115.59,120.33,115.03,118.24
Producto,0.00379509,01143037,YOGURT,98.38,101.10,101.10,101.10,101.10,101.10,101.10,101.10,101.10,101.10,101.10,101.10,101.10,101.10,99.53,99.53,99.53,99.53,95.05,100.72,100.72,102.19,89.49,105.20,101.76,103.40,103.75,105.24,105.36,104.74,104.75,104.59,101.90,101.11,103.24,100.00,103.24,103.24,103.24,101.79,103.01,101.98,102.98,100.44,100.88,103.26,101.36,103.93,103.93,99.52,103.39,98.44,104.19,101.91,104.00,101.77,104.15,105.47,105.72,102.43,103.88,99.72,103.97,106.28,106.48,107.71,104.56,106.12,106.94,104.34,107.90,106.04,107.49,107.38,107.41,104.19,107.64,107.38,105.83,105.94,108.22,110.75,106.18,107.99,109.88,108.47,109.49,104.13,104.07,106.43,109.53,110.29,110.89,109.64,104.30,106.28,103.09,107.41,108.29,107.89,103.52,108.58,105.71,106.47,102.42,106.03,104.59,105.31,108.26,111.69,112.53,116.06,115.06,116.38,113.78,113.47,112.30,114.02,114.49,112.79,115.35,116.71,120.02,116.50,119.71,116.37,117.82,118.85,119.59,115.61,113.37,116.87,116.00,114.73,115.59,120.33,115.03,118.24
Subclase,0.008888748,01144,Quesos,100.97,104.39,104.76,106.30,105.66,106.27,104.91,104.81,105.54,107.98,108.30,108.70,106.30,106.42,108.63,107.91,112.25,113.48,114.26,108.53,110.89,115.73,108.49,120.76,119.32,113.45,111.34,118.86,111.36,121.65,105.02,118.99,118.06,117.96,113.90,112.59,107.39,117.44,118.78,111.49,125.38,123.48,116.60,123.81,120.15,121.74,122.70,116.31,116.75,120.55,114.18,115.22,113.41,111.77,113.65,112.21,111.93,114.00,109.14,110.53,121.30,116.62,118.50,120.65,122.79,121.03,115.31,114.96,111.35,117.33,116.52,119.02,118.06,118.55,117.89,116.56,119.10,118.71,117.60,118.18,116.09,122.99,119.76,114.56,122.12,119.51,122.76,120.67,122.23,131.40,133.59,131.60,138.99,142.48,140.86,140.81,151.14,140.79,139.50,154.25,153.36,149.01,144.67,148.79,144.75,152.75,146.62,140.52,148.18,150.29,151.56,144.67,148.20,150.06,143.60,152.93,151.00,141.41,147.84,142.69,150.42,144.31,147.67,141.67,150.60,146.76,148.07,145.90,148.37,150.53,151.16,150.75,150.19,149.51,149.62,149.93,144.47,140.64
Producto,0.002132804,01144038,QUESO FRESCO,97.34,97.15,98.19,100.64,103.83,106.91,103.10,101.19,102.26,103.72,105.21,105.42,101.99,103.06,107.99,111.58,110.06,113.38,113.78,110.58,112.14,112.52,110.02,114.62,115.84,120.20,113.49,114.54,111.37,111.24,106.74,108.54,113.01,112.74,108.35,113.68,108.36,109.03,108.95,110.21,115.30,111.87,109.57,110.24,106.94,109.60,107.95,102.97,108.18,106.28,105.43,112.19,113.89,109.34,111.15,109.90,109.11,110.96,106.25,99.30,107.65,105.01,106.52,101.66,111.56,111.00,110.91,105.97,105.64,107.12,107.23,109.05,106.32,110.89,110.43,108.43,109.59,109.31,107.77,108.57,102.93,108.48,99.48,105.34,108.36,105.33,109.64,105.46,108.67,129.53,124.12,120.16,119.61,117.52,120.02,123.37,118.55,116.44,116.44,120.96,118.47,117.40,116.35,110.09,115.00,116.80,120.06,113.08,115.02,119.85,119.50,117.65,117.81,118.86,116.37,118.43,120.36,116.62,118.54,118.30,119.82,120.89,120.35,118.61,118.66,126.68,124.26,126.57,126.03,128.81,124.05,127.59,124.37,125.96,124.82,125.68,124.07,126.72
Producto,0.006755944,01144039,QUESO DE MESA,103.00,108.45,108.45,109.47,106.68,105.92,105.92,106.84,107.39,110.37,110.03,110.53,108.71,108.31,108.98,105.85,113.48,113.54,114.54,107.38,110.19,117.53,107.63,124.21,121.28,109.67,110.13,121.28,111.35,127.49,104.06,124.85,120.89,120.89,117.02,111.97,106.84,122.16,124.29,112.21,131.03,130.00,120.54,131.42,127.56,128.55,130.97,123.79,121.56,128.55,119.09,116.92,113.13,113.13,115.04,113.51,113.51,115.70,110.77,116.84,128.96,123.13,125.21,131.30,129.09,126.65,117.78,120.00,114.55,123.05,121.73,124.61,124.64,122.84,122.08,121.13,124.43,123.99,123.11,123.57,123.48,131.13,131.13,119.73,129.84,127.46,130.12,129.20,129.84,132.44,138.90,138.02,149.87,156.49,152.54,150.59,169.43,154.45,152.44,172.93,172.93,166.74,160.55,170.51,161.44,172.93,161.53,155.91,166.78,167.37,169.55,159.83,165.25,167.57,158.87,172.28,168.20,155.32,164.28,156.37,167.58,157.45,163.00,154.61,168.51,158.02,161.42,156.74,160.90,162.72,166.37,163.74,164.67,162.72,163.53,163.53,155.91,148.45
Subclase,0.006067198,01145,Huevos,97.62,105.92,103.54,102.30,101.35,101.81,102.75,99.91,96.98,84.24,84.86,86.57,86.13,92.86,91.92,82.21,90.79,88.47,90.06,87.29,94.88,100.06,92.49,95.74,93.38,93.33,93.66,86.54,94.11,96.71,93.98,97.68,90.81,96.42,94.60,106.54,98.76,98.12,86.93,91.02,88.98,94.21,87.49,92.57,91.21,90.82,95.41,90.24,78.41,71.27,70.19,75.31,91.54,82.19,74.38,80.44,81.37,83.38,80.85,79.84,77.47,80.44,73.90,81.33,95.98,91.87,87.33,74.35,79.55,86.33,80.69,91.23,81.07,79.05,72.74,79.37,91.84,95.32,95.32,95.32,95.32,95.32,95.32,95.32,95.32,95.97,97.90,97.90,100.26,102.68,104.55,96.07,99.23,102.79,99.06,99.06,98.48,97.90,106.96,108.12,103.90,105.96,106.46,108.35,118.29,118.29,112.22,110.26,105.24,103.61,103.89,104.60,108.27,100.76,108.27,108.27,108.27,108.27,108.27,108.27,108.27,108.27,101.12,107.76,107.64,105.19,105.19,106.72,108.27,108.27,108.27,105.44,85.51,94.15,98.06,115.33,115.33,112.07
Producto,0.006067198,01145040,HUEVOS DE GALLINA,97.62,105.92,103.54,102.30,101.35,101.81,102.75,99.91,96.98,84.24,84.86,86.57,86.13,92.86,91.92,82.21,90.79,88.47,90.06,87.29,94.88,100.06,92.49,95.74,93.38,93.33,93.66,86.54,94.11,96.71,93.98,97.68,90.81,96.42,94.60,106.54,98.76,98.12,86.93,91.02,88.98,94.21,87.49,92.57,91.21,90.82,95.41,90.24,78.41,71.27,70.19,75.31,91.54,82.19,74.38,80.44,81.37,83.38,80.85,79.84,77.47,80.44,73.90,81.33,95.98,91.87,87.33,74.35,79.55,86.33,80.69,91.23,81.07,79.05,72.74,79.37,91.84,95.32,95.32,95.32,95.32,95.32,95.32,95.32,95.32,95.97,97.90,97.90,100.26,102.68,104.55,96.07,99.23,102.79,99.06,99.06,98.48,97.90,106.96,108.12,103.90,105.96,106.46,108.35,118.29,118.29,112.22,110.26,105.24,103.61,103.89,104.60,108.27,100.76,108.27,108.27,108.27,108.27,108.27,108.27,108.27,108.27,101.12,107.76,107.64,105.19,105.19,106.72,108.27,108.27,108.27,105.44,85.51,94.15,98.06,115.33,115.33,112.07
Clase,0.00647383,0115,Aceites y grasas (ND),98.13,96.91,95.47,94.18,94.89,95.24,96.15,96.38,94.25,94.87,95.70,95.82,95.16,95.39,96.10,94.53,95.14,94.89,95.51,92.76,94.11,92.81,93.57,90.24,88.15,88.02,90.72,91.16,92.50,91.08,93.29,93.08,92.51,92.80,91.66,90.63,92.00,92.01,91.94,91.48,90.74,95.82,88.59,91.21,90.25,89.62,89.69,89.42,89.42,89.05,88.25,88.27,89.12,90.79,90.72,89.38,91.57,91.16,90.72,90.65,90.36,90.48,89.68,90.29,90.31,90.36,90.00,89.02,87.35,87.24,88.38,87.03,87.31,88.05,90.42,101.36,103.50,103.51,113.28,116.84,119.88,114.44,116.86,117.46,116.75,117.11,118.38,123.48,142.48,154.80,155.94,153.79,147.50,141.41,133.44,135.21,136.29,125.23,133.33,131.23,129.31,124.84,125.18,125.85,120.00,117.00,118.46,121.55,118.93,114.59,117.80,119.10,113.06,112.79,114.04,119.03,115.88,115.53,119.29,118.27,118.66,120.75,118.86,115.92,114.90,111.60,111.38,114.86,117.35,114.96,114.02,115.62,118.46,115.05,114.81,116.68,118.13,119.70
Subclase,0.005188211,01151,Aceites puros y mezclados,97.96,96.87,94.71,93.41,94.63,94.76,95.98,96.68,94.15,95.65,96.35,96.32,95.58,95.80,96.69,94.95,95.37,95.07,95.67,92.42,94.16,92.50,93.40,89.42,87.63,87.01,90.06,90.43,92.05,90.84,92.56,92.23,91.66,92.18,91.14,91.00,91.09,91.46,91.53,90.71,90.24,96.35,87.66,92.24,90.36,89.48,89.60,89.19,88.92,88.43,87.45,87.53,88.62,90.42,90.32,88.90,91.49,91.23,90.61,91.00,90.51,90.83,89.77,90.28,90.11,90.13,89.83,88.78,87.01,87.41,88.26,86.75,87.21,87.87,90.61,103.71,106.38,106.50,117.21,121.20,124.59,118.26,121.14,122.13,121.04,121.66,122.96,127.85,149.77,164.08,165.19,161.82,154.71,147.68,137.92,139.87,141.12,128.36,138.74,136.35,133.86,128.94,129.77,130.53,123.56,120.20,122.32,125.77,122.46,116.78,120.82,122.11,115.53,115.19,116.53,122.11,118.39,117.92,122.31,120.68,120.95,123.55,120.68,117.40,115.88,112.30,112.22,116.12,119.28,116.62,115.77,117.93,120.64,117.04,116.49,118.34,119.93,121.87
Producto,0.004704066,01151041,ACEITE VEGETAL ,97.81,96.67,94.28,92.72,94.06,94.30,95.74,96.57,93.64,95.71,96.18,96.18,95.60,95.58,96.50,94.75,95.10,94.88,95.53,91.91,93.80,91.93,92.88,88.39,86.27,85.57,88.92,89.32,90.93,89.67,91.48,91.32,90.61,91.15,89.89,90.07,90.01,90.40,90.25,89.57,89.03,95.81,86.50,91.59,89.30,88.43,88.55,88.04,87.76,87.24,86.06,86.55,87.17,89.34,89.44,87.91,90.70,90.27,89.53,90.09,90.00,90.66,88.98,89.21,88.87,89.17,88.85,88.14,86.24,86.56,86.81,86.11,86.16,87.02,89.92,102.52,105.16,105.63,116.73,120.52,124.57,117.66,121.62,122.01,120.46,121.50,122.94,127.74,148.90,164.26,164.99,161.70,155.08,147.81,137.56,139.11,140.86,127.68,140.41,138.17,135.88,130.46,130.92,131.90,125.06,121.83,123.56,126.95,123.45,117.36,122.42,123.86,116.75,116.30,117.64,123.79,119.46,118.85,124.15,121.66,121.86,126.41,122.72,119.19,117.18,113.73,113.48,118.10,121.86,118.94,117.90,120.35,122.99,119.26,118.70,120.74,122.52,124.40
Producto,0.000484145,01151042,ACEITE PURO,99.21,98.45,98.10,98.89,99.21,98.39,97.87,97.54,98.23,95.21,97.71,97.42,95.41,97.61,98.16,96.47,97.53,96.58,96.78,96.46,97.00,97.05,97.53,97.60,98.34,98.43,99.07,99.27,100.99,100.15,101.09,99.47,99.93,100.37,101.05,98.39,99.69,99.85,101.64,99.74,99.85,100.58,96.84,97.41,98.74,97.74,97.98,98.30,98.12,97.82,98.44,95.28,100.05,98.98,97.31,96.78,97.69,98.78,99.16,98.20,94.55,92.15,96.02,98.77,99.94,97.70,97.61,93.86,93.10,94.16,99.78,91.78,95.55,94.54,96.07,113.15,116.02,113.40,121.02,126.59,124.79,123.03,117.35,123.09,125.59,122.87,123.13,128.70,156.63,162.68,166.81,162.71,151.79,146.65,140.75,145.92,143.13,133.74,125.49,122.00,117.83,116.87,120.66,119.71,111.65,107.35,112.50,116.41,114.64,112.17,108.07,108.30,105.83,106.43,107.71,108.81,109.93,110.55,107.73,112.89,113.78,100.86,104.51,103.20,105.63,100.96,102.21,100.38,98.88,98.30,98.88,98.80,102.09,99.47,99.03,99.29,99.40,101.87
Subclase,0.001285619,01152,Grasas para la cocina,99.09,97.14,99.71,98.42,96.35,97.91,97.08,94.76,94.83,90.52,92.08,93.05,92.82,93.07,92.81,92.23,93.83,93.87,94.64,94.64,93.88,94.49,94.54,94.83,91.05,93.63,94.38,95.20,94.95,92.40,97.38,97.79,97.25,96.21,94.54,88.59,97.07,95.09,94.20,95.73,93.50,92.88,93.73,85.49,89.64,90.45,90.18,90.71,92.15,92.49,92.67,92.37,91.93,92.83,92.93,92.02,92.03,90.81,91.35,88.71,89.49,88.54,89.16,90.32,91.44,91.67,90.94,90.34,89.26,86.28,89.03,88.59,87.85,89.05,89.39,88.28,87.50,86.81,91.40,92.55,93.65,93.17,93.04,91.46,92.89,91.78,92.88,99.17,101.89,103.08,104.38,109.11,107.35,106.52,108.47,109.26,109.44,107.80,103.21,102.68,104.00,102.03,99.67,99.77,100.18,99.13,96.95,98.03,99.28,102.36,100.98,102.34,99.31,99.42,100.22,101.83,101.89,102.23,102.52,104.85,105.93,105.15,108.70,107.71,109.40,107.74,106.73,107.88,106.62,105.71,104.25,102.70,106.28,103.96,105.43,107.46,108.12,107.62
Producto,0.000713209,01152043,MARGARINA,94.99,88.92,96.94,93.65,90.78,96.78,94.18,90.24,90.48,94.16,93.20,96.23,95.50,96.28,96.14,94.59,99.35,96.94,99.35,99.35,96.94,98.82,98.82,99.71,97.48,95.93,96.68,97.20,98.23,100.04,103.08,103.63,103.52,100.26,99.24,95.90,98.36,97.35,95.01,97.67,90.25,93.39,95.24,89.06,90.47,93.09,95.87,97.62,99.00,99.45,100.26,99.50,98.11,100.93,100.91,99.30,98.14,94.33,96.01,87.75,90.21,87.57,90.13,92.52,99.81,100.42,98.07,96.60,93.09,92.29,91.88,90.51,88.19,91.93,92.84,86.39,89.89,90.53,98.40,99.64,102.68,97.50,96.55,92.09,96.65,91.66,94.71,96.47,100.79,101.31,104.46,116.54,112.88,114.28,113.67,113.75,114.76,108.57,95.29,95.66,100.28,95.74,90.58,90.26,94.61,93.03,83.18,90.39,89.11,94.71,89.91,91.37,85.92,89.38,91.45,90.23,89.78,89.28,91.21,96.48,98.94,91.61,95.99,91.83,94.87,90.00,90.59,89.23,91.30,90.32,85.64,84.80,93.84,90.69,90.22,90.48,92.24,97.54
Producto,0.000199658,01152044,MANTEQUILLA,98.06,98.06,98.06,98.06,98.06,98.06,98.06,98.06,98.06,85.73,90.56,90.56,90.56,90.56,90.56,90.56,90.56,91.41,91.41,91.41,91.41,91.41,91.41,91.41,83.90,91.41,91.41,93.67,94.20,84.49,96.67,96.10,96.10,96.10,96.10,82.77,99.01,95.52,95.66,96.99,96.99,96.99,96.99,84.69,96.88,96.88,96.88,96.88,96.88,96.88,96.88,96.88,96.88,96.88,96.03,96.03,96.03,96.03,96.03,96.03,96.03,96.03,96.03,97.01,96.85,96.85,96.90,96.90,96.95,89.97,96.95,96.95,96.95,96.95,96.95,96.95,96.95,92.63,96.95,94.34,94.34,96.95,96.95,96.95,96.95,96.95,96.95,107.92,107.92,107.92,108.61,108.61,108.61,108.61,114.34,115.96,115.96,118.32,118.32,118.67,118.43,117.25,116.63,117.35,116.12,115.03,119.67,116.91,120.64,120.64,120.64,123.77,120.92,120.25,119.98,122.20,122.20,123.43,122.11,122.30,123.61,127.10,133.94,134.73,134.73,134.73,131.26,134.95,130.59,128.47,127.48,124.81,126.43,123.75,127.61,132.80,132.96,128.30
Producto,0.000372752,01152045,MANTECA,105.45,105.45,105.45,104.59,100.33,99.03,99.03,95.10,95.10,93.45,93.04,93.04,93.04,93.04,92.25,91.97,92.25,93.94,93.94,93.94,94.01,94.01,94.22,94.22,94.22,94.26,96.15,95.13,92.23,95.32,91.74,93.44,91.61,91.61,86.65,88.77,92.62,91.78,91.03,91.54,92.07,86.08,87.05,82.51,77.77,77.64,73.40,73.28,76.97,77.67,77.38,77.18,77.18,77.18,78.84,77.41,78.80,78.80,78.80,78.80,78.80,78.40,77.66,77.66,73.43,73.55,73.55,73.07,73.17,73.65,73.75,73.75,73.75,73.75,73.94,77.43,70.44,73.66,74.77,81.50,81.95,82.37,83.01,82.46,82.34,84.13,84.57,89.17,94.10,97.85,97.92,101.10,98.92,94.23,93.50,93.89,93.33,91.03,89.76,86.87,86.65,86.53,84.83,84.50,82.73,82.37,78.96,78.58,79.08,83.85,84.40,82.99,82.53,79.85,80.77,84.81,85.57,85.57,86.32,88.43,87.52,88.05,85.66,85.74,88.37,88.01,88.79,89.07,88.57,89.57,91.18,90.49,90.58,89.80,89.95,89.32,89.43,88.34
Clase,0.021386803,0116,Frutas (ND),101.98,102.74,106.29,105.89,103.57,102.08,100.18,100.82,101.16,101.39,103.24,104.87,108.41,106.50,105.17,104.65,100.38,101.77,103.12,100.88,100.50,103.42,107.43,109.41,114.25,107.04,107.46,104.76,93.81,96.51,111.22,108.50,107.73,102.73,114.55,114.60,105.17,113.31,97.84,94.81,92.83,93.99,97.03,100.76,110.04,109.22,110.38,106.31,107.06,108.65,100.84,97.84,97.70,94.91,101.03,106.07,99.84,102.03,97.32,100.70,100.49,99.52,97.82,109.74,99.08,98.64,92.48,101.19,99.46,97.36,102.84,98.19,97.17,102.79,102.25,92.46,94.48,96.86,104.04,110.05,112.19,99.84,100.14,99.60,103.70,100.47,95.83,96.16,99.48,97.95,103.59,106.63,117.31,118.21,121.71,118.89,118.84,111.16,108.75,107.86,106.09,110.28,121.95,125.16,139.93,138.27,140.40,127.44,126.06,125.93,127.96,125.20,119.91,122.13,125.94,125.24,125.96,128.33,131.58,129.63,133.30,119.64,121.21,114.81,122.29,125.55,139.52,149.54,146.54,150.14,140.37,149.79,152.17,130.36,126.80,123.33,115.96,119.36
Subclase,0.020930294,01161,Frutas frescas refrigeradas y congeladas,101.75,102.53,106.20,105.69,103.31,101.73,99.67,100.38,100.73,100.93,102.85,104.49,108.14,106.17,104.80,104.27,99.88,101.37,102.73,100.54,100.10,103.06,107.24,109.41,114.25,107.06,107.25,104.46,93.16,95.99,111.12,108.31,107.48,102.33,114.50,114.56,104.91,113.37,97.42,94.30,92.24,93.45,96.57,100.48,109.96,109.12,110.37,106.27,106.93,108.56,100.45,97.37,97.10,94.23,100.48,105.67,99.29,101.51,96.67,100.18,99.96,98.97,97.21,109.47,98.51,98.04,91.71,100.67,98.85,96.70,102.33,97.63,96.48,102.28,101.79,91.64,93.73,96.21,103.65,109.72,111.93,99.22,99.56,99.00,103.22,99.90,95.30,95.58,98.98,97.43,103.30,106.35,117.29,118.19,121.79,118.89,118.90,110.95,108.39,107.49,105.66,109.97,121.98,125.27,140.35,138.57,140.75,127.37,125.87,125.76,127.86,124.95,119.51,121.74,125.70,124.98,125.71,128.14,131.58,129.63,133.33,119.25,120.86,114.38,121.97,125.34,139.79,150.13,147.08,150.76,140.74,150.47,152.97,130.59,126.88,123.42,115.84,119.42
Producto,0.000637296,01161046,AGUACATE,128.84,129.33,127.46,124.13,122.08,120.55,131.23,128.68,145.67,135.88,129.82,129.21,130.71,132.19,121.19,136.00,113.50,121.99,124.56,139.32,140.18,141.23,160.49,164.53,168.24,138.90,136.24,121.48,123.62,114.42,121.52,116.82,142.37,139.47,130.68,139.34,128.49,122.49,112.66,127.10,137.38,137.32,129.72,147.29,173.08,163.69,132.95,153.27,155.98,134.95,111.02,108.37,120.48,129.00,117.38,142.74,143.42,149.53,144.92,122.13,126.30,129.51,117.74,114.91,125.83,115.84,115.84,123.10,115.84,115.84,115.84,115.84,115.84,134.64,131.23,132.78,143.54,132.51,135.39,142.90,147.34,137.50,121.28,141.88,120.81,122.45,108.00,110.32,126.82,128.52,162.04,159.78,152.39,128.64,144.76,137.04,145.75,124.09,130.06,119.42,129.07,118.37,150.98,167.11,166.87,156.24,141.82,113.25,113.25,121.66,127.32,147.32,138.51,133.39,137.79,164.30,167.64,185.57,154.67,144.57,144.57,122.59,122.67,117.70,129.59,140.12,153.97,138.12,156.45,175.21,162.77,162.77,162.77,158.68,143.88,155.67,159.37,179.24
Producto,0.001143947,01161047,BANANA,95.31,87.70,85.22,81.78,83.24,84.89,83.53,97.19,96.75,89.93,88.99,98.68,92.27,91.84,96.67,88.00,91.45,96.61,96.53,104.03,97.20,96.70,89.39,88.68,97.88,81.52,87.53,80.82,79.52,73.29,81.95,70.37,92.32,90.22,84.00,86.81,77.56,66.88,64.99,72.21,68.61,71.14,65.52,68.92,75.83,76.47,70.57,72.04,64.03,70.23,61.43,70.99,66.46,73.41,78.98,87.04,88.23,94.10,75.46,81.01,82.87,67.32,77.94,67.39,61.90,62.86,62.86,79.81,79.81,75.10,75.10,75.10,77.42,72.90,63.52,66.73,65.59,77.94,69.80,75.24,77.77,77.57,83.21,69.81,76.12,73.73,65.35,79.50,66.96,58.57,75.14,66.84,83.25,83.04,80.57,87.29,78.12,73.05,60.93,57.56,57.85,62.72,76.46,78.21,73.85,72.77,73.41,74.90,74.90,99.24,73.92,70.97,79.90,82.68,84.74,79.15,74.47,88.49,86.08,83.51,83.51,74.55,67.74,64.00,78.34,76.26,77.79,90.43,90.79,88.13,81.76,81.76,81.76,84.38,73.59,67.59,59.47,65.67
Producto,0.001448227,01161048,LIMÓN,52.37,56.72,60.14,56.91,50.11,46.64,58.27,74.62,74.67,76.50,76.78,71.54,67.07,47.02,42.20,43.84,48.85,70.19,61.63,56.53,53.59,49.32,47.61,44.84,46.14,42.27,36.85,37.29,30.34,28.61,37.11,44.05,70.54,92.64,79.15,37.17,38.12,38.50,37.90,38.93,35.66,34.20,34.21,70.85,71.94,45.69,44.56,38.99,37.97,38.66,42.14,36.54,40.08,40.16,49.86,48.32,47.89,37.62,41.49,37.12,32.94,37.87,42.32,40.66,35.55,38.46,50.68,45.32,45.32,40.65,40.65,43.96,35.03,33.86,35.18,33.62,27.42,30.21,38.27,47.21,44.92,46.06,34.96,33.93,37.28,35.36,34.88,36.04,33.76,36.28,44.59,56.68,61.03,61.39,60.35,43.59,36.99,40.21,38.90,36.76,37.34,31.91,52.95,76.53,89.16,100.07,43.02,39.42,39.42,37.55,34.82,33.52,36.36,44.90,40.54,37.35,36.58,35.83,40.94,40.94,40.94,36.15,40.66,40.86,31.35,35.33,38.80,65.24,76.98,72.26,50.66,37.43,37.43,37.33,36.27,36.27,37.76,33.66
Producto,0.000819602,01161049,MANDARINA,106.48,128.38,178.76,133.04,129.76,129.12,124.79,110.91,112.83,103.09,122.59,141.17,155.05,202.78,169.48,167.77,162.83,129.59,127.80,101.23,127.62,155.43,151.86,151.72,172.41,212.62,242.66,236.70,232.38,149.58,106.72,109.11,82.46,92.45,100.60,152.64,179.55,240.71,229.93,257.15,198.47,179.37,206.33,210.17,201.69,196.30,188.60,210.67,235.59,260.39,264.76,275.34,256.79,209.68,173.06,172.06,177.19,152.36,169.93,248.96,181.23,237.99,236.31,284.07,128.12,216.53,151.40,180.36,180.36,180.36,202.45,206.47,230.77,255.25,263.86,254.25,190.80,139.74,152.78,150.07,158.93,137.66,138.62,164.96,187.03,216.17,230.18,261.95,205.92,185.74,170.26,151.89,190.61,240.58,346.53,346.34,296.29,296.15,298.39,309.19,286.67,261.40,283.70,286.84,288.22,285.38,283.75,301.05,367.16,338.08,371.44,352.74,331.99,328.12,317.84,304.60,311.80,310.45,375.40,394.10,433.76,393.31,378.16,313.62,337.15,297.01,255.64,244.93,331.58,461.44,363.91,363.91,363.91,341.25,371.72,398.73,341.03,317.89
Producto,0.002104734,01161050,NARANJA,109.51,115.86,109.54,107.15,87.02,76.44,66.13,66.59,66.60,66.65,69.02,79.33,105.99,99.42,104.33,88.51,53.49,56.21,61.24,55.47,52.72,67.37,99.81,104.24,106.16,98.20,85.29,63.07,56.18,53.29,50.37,55.80,44.58,49.05,51.19,53.93,70.94,89.09,75.95,56.52,58.32,56.99,57.69,55.56,51.35,56.20,65.46,58.74,97.66,83.97,63.21,46.76,37.35,35.05,36.33,51.64,58.38,56.51,56.32,74.68,109.37,95.80,96.48,49.60,56.39,55.54,47.96,57.32,57.32,57.32,82.32,88.08,71.61,86.67,79.72,54.03,44.53,39.39,47.68,51.64,53.49,46.64,51.45,59.77,80.20,79.53,56.12,54.90,51.76,51.74,57.91,55.50,54.43,66.91,79.04,99.53,110.23,102.17,81.01,52.76,51.40,47.91,51.81,47.72,46.59,50.65,59.79,57.70,83.22,113.71,110.59,99.94,79.25,73.85,79.55,82.46,95.31,103.00,106.20,111.41,106.20,82.34,73.60,57.66,48.43,52.99,47.62,43.09,45.62,48.16,47.32,51.94,80.36,91.16,91.82,79.46,62.96,53.42
Producto,0.000672314,01161051,NARANJILLA,97.00,93.26,91.67,89.56,91.74,93.50,92.99,92.67,92.64,89.59,96.16,90.69,91.58,98.09,98.96,108.02,94.38,105.46,109.79,104.50,106.86,100.41,111.34,97.70,101.48,93.89,96.63,87.63,75.93,79.68,81.77,79.89,84.38,72.15,78.27,83.00,75.22,84.77,79.58,79.34,83.42,93.91,82.35,88.01,87.76,73.76,88.85,91.21,78.22,85.53,80.71,93.87,79.54,69.66,66.48,80.60,78.03,81.31,83.65,71.86,74.08,69.69,79.46,88.98,73.64,74.52,68.44,62.48,66.08,66.39,68.44,62.48,62.48,67.97,80.96,78.11,73.41,74.89,63.02,68.99,66.16,70.90,72.86,71.63,80.39,71.86,69.61,70.76,67.46,75.63,78.36,81.88,96.01,93.25,100.64,100.45,86.41,83.91,87.89,85.59,91.95,80.20,83.77,89.53,94.70,89.26,105.97,87.39,87.39,89.25,93.91,97.28,95.70,92.97,108.27,93.36,95.91,97.71,93.83,93.83,105.32,115.21,118.75,112.78,116.83,117.89,103.72,106.61,116.70,111.88,108.93,122.27,97.04,103.01,99.87,99.87,95.58,101.40
Producto,0.001169565,01161052,PAPAYA,89.30,87.80,96.70,101.83,100.46,103.88,96.39,92.84,90.78,91.97,84.96,79.02,77.50,87.85,107.10,102.11,93.43,110.34,101.10,97.33,91.87,84.76,78.41,76.33,81.65,94.55,101.72,102.97,106.75,112.38,105.52,102.07,87.60,81.35,82.91,90.24,84.27,88.89,95.14,94.44,96.77,104.88,97.00,90.46,86.84,83.15,88.97,97.16,91.45,95.17,91.01,98.37,93.75,96.27,101.40,89.63,95.42,82.28,85.90,87.19,87.47,88.21,92.53,73.65,69.29,87.92,81.75,75.31,75.15,75.40,80.84,73.19,77.11,69.46,84.33,83.23,85.00,90.52,88.70,85.92,86.06,83.49,80.51,82.82,85.09,89.20,86.97,85.06,81.30,87.08,79.71,82.40,78.08,90.88,85.35,71.68,80.82,83.48,88.68,79.89,90.68,90.01,87.30,93.44,91.53,89.35,87.64,80.12,82.00,86.97,100.71,98.30,94.45,97.24,96.46,90.52,105.45,102.77,90.05,89.97,86.65,83.35,90.99,97.18,95.35,96.94,87.48,89.06,79.44,80.56,79.26,80.55,86.94,94.67,98.54,90.65,89.91,88.40
Producto,0.000773831,01161053,PIÑA,83.88,85.68,88.07,86.44,87.40,86.90,85.84,79.14,83.91,82.22,88.00,91.65,91.99,90.14,89.45,99.12,85.66,91.09,88.71,90.82,101.64,87.58,86.22,79.44,89.84,84.87,86.16,78.61,80.23,93.40,90.77,86.95,94.16,86.52,85.88,85.08,71.21,73.48,73.92,73.92,65.54,70.73,71.76,72.11,74.13,71.82,69.03,67.70,66.69,72.47,70.17,69.13,70.13,70.20,71.80,77.87,70.21,66.32,70.91,65.90,63.74,72.63,75.60,85.44,84.04,77.31,83.70,76.28,75.76,76.89,73.69,74.02,73.90,77.27,79.71,71.15,69.07,80.64,77.45,75.38,75.29,71.86,67.86,67.54,69.90,71.22,69.80,67.59,62.37,74.30,71.66,74.45,73.06,72.53,71.65,73.25,64.29,68.48,73.06,66.44,69.43,82.17,82.40,78.84,81.85,80.56,82.19,80.79,79.84,79.41,80.31,82.02,75.71,81.06,81.97,80.64,82.78,93.33,89.66,80.62,77.67,80.00,78.22,80.45,82.02,90.42,89.09,90.68,92.58,88.85,85.48,85.48,86.70,81.20,81.18,77.39,85.73,87.68
Producto,0.000842768,01161054,PLÁTANO MADURO,81.94,79.10,80.00,77.54,77.18,74.54,74.18,74.21,73.61,79.52,79.01,80.05,82.81,70.52,72.06,72.59,83.96,83.44,89.47,80.38,74.17,99.94,88.60,108.02,101.68,82.70,78.29,71.34,63.12,86.92,151.47,145.01,162.23,132.17,148.64,142.77,124.09,119.31,71.74,77.19,60.74,70.71,105.25,100.79,118.62,132.16,141.24,132.65,106.51,98.22,79.16,71.38,94.35,82.30,102.26,106.66,98.27,109.80,106.25,90.60,85.54,76.05,75.08,101.97,86.27,88.10,88.10,109.38,103.06,93.89,94.65,86.81,89.49,97.20,92.34,64.01,81.98,93.65,120.17,143.36,137.91,105.99,111.61,115.40,108.52,88.29,68.18,53.88,74.82,74.17,95.67,124.00,146.18,121.83,122.42,121.29,128.17,101.54,91.57,84.78,82.69,104.71,125.24,162.39,176.57,179.44,192.25,171.67,129.00,104.49,86.48,98.71,99.46,112.79,123.59,126.56,120.36,129.63,125.16,114.94,114.94,94.19,106.36,87.69,112.81,132.27,192.35,216.47,213.91,167.59,195.84,235.19,233.60,138.40,95.64,85.21,75.13,95.69
Producto,0.002895466,01161055,PLÁTANO VERDE,119.55,111.87,117.28,106.15,105.48,106.58,105.22,105.13,107.42,109.71,104.71,107.37,109.23,94.50,95.28,101.62,112.11,108.49,117.59,102.31,90.70,110.32,98.43,119.01,119.08,99.69,97.90,94.60,73.16,107.11,180.04,174.41,161.89,140.97,187.83,188.68,136.92,149.41,91.43,86.39,81.93,92.14,107.93,120.76,155.90,160.90,167.22,145.27,132.44,127.83,97.64,88.67,104.04,116.29,143.74,154.13,122.96,142.30,122.70,117.94,111.62,90.49,83.85,125.19,105.77,105.57,95.77,131.39,123.80,112.78,121.97,104.28,107.50,113.57,107.56,78.80,96.69,121.20,154.47,180.34,193.28,134.69,125.67,124.17,114.68,93.74,88.10,71.88,98.06,103.63,126.09,149.11,169.40,165.75,154.39,148.96,140.25,107.55,106.80,114.18,114.24,136.86,160.91,152.23,211.41,204.67,234.29,186.96,157.69,132.01,128.59,130.72,124.13,123.05,144.62,154.34,149.92,152.74,161.30,148.14,148.14,112.15,128.32,110.20,150.11,172.05,241.45,282.60,244.40,247.67,224.23,269.28,267.45,148.82,119.58,106.53,96.64,115.20
Producto,0.00111776,01161056,UVAS,110.22,108.17,112.84,125.59,127.09,126.88,130.26,131.85,130.24,130.17,131.14,132.62,129.15,128.81,127.11,130.61,124.65,127.23,131.68,121.44,123.14,119.92,118.82,121.93,124.46,121.94,117.92,122.19,120.73,123.97,125.98,153.89,134.95,125.92,129.69,134.91,129.18,127.39,130.33,127.29,125.28,123.53,126.26,133.24,122.90,123.58,124.71,118.18,116.39,116.45,120.99,116.59,122.43,119.67,120.21,125.92,123.76,121.69,120.63,120.11,119.61,121.82,118.49,142.39,131.76,124.43,124.24,122.41,123.03,127.05,127.05,124.71,123.04,118.97,120.02,121.04,126.00,121.34,121.75,119.51,122.64,122.05,123.92,127.02,129.78,129.06,129.17,127.64,127.64,128.54,124.94,124.94,130.38,136.05,136.05,134.52,138.59,141.19,138.59,136.50,136.50,134.98,147.33,168.64,191.96,203.91,198.59,181.57,189.86,194.14,194.14,194.14,188.91,183.80,178.11,178.11,181.46,189.62,194.14,194.14,194.14,194.14,194.14,194.14,194.14,194.14,194.14,197.12,206.80,201.22,196.45,206.80,197.12,197.12,197.12,191.80,195.87,198.11
Producto,0.000568107,01161057,MELÓN,60.56,64.46,72.39,83.01,82.24,76.82,84.67,75.26,68.22,61.37,65.07,67.30,69.91,67.38,76.06,65.78,70.18,65.83,64.95,58.62,58.01,69.75,70.06,61.70,61.73,67.45,70.40,93.79,84.20,87.55,74.38,63.14,75.39,73.93,62.76,62.01,68.97,70.74,69.14,70.10,65.55,61.52,67.63,70.03,75.79,72.26,68.09,59.57,60.43,68.06,68.63,73.57,59.93,65.52,64.40,62.72,80.54,77.20,57.76,53.47,55.96,56.39,64.03,97.11,82.95,105.06,77.48,69.30,62.96,61.87,63.09,60.66,62.96,58.07,66.44,60.34,63.41,58.62,60.98,61.77,54.68,72.27,63.01,57.40,54.81,59.95,61.45,65.70,55.55,57.99,68.19,58.13,68.24,67.22,69.51,71.86,56.55,47.32,62.72,74.03,61.00,93.85,85.65,100.51,80.89,84.08,64.15,52.19,50.97,66.22,82.66,67.84,60.84,50.62,54.88,56.53,73.82,65.26,48.28,50.24,56.89,56.43,65.54,58.22,72.89,62.46,61.60,66.39,55.18,59.09,53.45,45.88,50.95,53.53,68.12,69.09,63.16,57.25
Producto,0.00067395,01161058,MORA,101.84,96.04,108.31,136.50,129.70,124.48,104.71,98.68,99.85,93.60,100.14,88.38,96.25,106.93,112.03,117.22,132.37,120.95,105.88,100.35,92.47,88.80,91.18,87.24,104.57,99.23,107.92,118.74,110.74,95.19,80.83,84.50,87.43,79.43,111.95,81.78,94.58,115.84,116.84,121.45,122.46,98.51,84.02,78.53,81.61,81.76,83.27,86.76,94.36,118.65,123.97,120.57,103.57,90.44,90.11,83.53,81.44,87.64,93.66,84.29,85.03,90.00,88.80,112.39,118.11,108.74,91.53,88.18,88.18,88.18,91.53,88.18,88.18,92.54,112.78,117.05,105.41,101.56,101.56,101.56,101.56,101.56,101.56,97.86,101.56,101.56,117.05,138.13,152.34,142.39,124.39,101.56,101.56,101.56,101.56,101.56,101.56,105.41,117.05,147.79,133.99,101.56,101.56,105.41,101.56,101.56,101.56,101.56,101.56,112.78,134.91,134.91,129.98,129.98,117.05,105.41,101.56,101.56,101.56,101.56,113.55,126.09,128.50,147.09,105.41,101.56,101.56,101.56,101.56,116.26,117.85,101.56,101.56,109.41,117.85,134.91,129.59,121.41
Producto,0.002042318,01161059,MANZANA,110.51,119.65,110.94,115.74,110.87,112.59,113.30,125.65,117.02,123.29,136.08,137.32,143.94,153.77,137.85,128.76,108.52,112.96,115.69,143.27,149.10,131.79,161.99,141.84,159.87,153.83,147.29,152.48,122.87,116.80,125.30,102.39,122.79,113.89,121.84,117.71,125.25,128.98,118.78,98.54,117.45,118.35,109.12,104.64,123.57,115.70,101.86,112.66,109.42,127.24,131.40,127.00,120.85,96.37,100.89,109.10,101.06,102.15,92.78,102.30,101.42,124.01,94.97,120.83,103.84,97.55,112.83,108.71,112.83,112.83,117.11,105.46,104.74,119.49,111.16,118.65,121.77,115.81,117.48,107.50,104.46,106.99,120.78,116.51,124.29,129.14,120.77,125.86,135.14,114.94,117.15,116.64,117.36,121.69,116.24,121.61,140.50,141.21,133.88,132.21,130.63,130.03,138.38,138.68,152.85,140.59,135.68,142.44,142.44,148.06,161.20,140.12,139.96,142.90,143.95,135.14,124.60,128.24,132.67,132.67,139.19,132.85,126.30,130.22,129.38,122.35,134.01,128.44,131.18,128.43,121.08,121.08,127.02,137.79,145.75,160.42,150.16,159.25
Producto,0.000371037,01161060,MARACUYÁ,78.92,81.98,84.47,77.85,78.71,78.01,76.27,78.20,77.57,77.28,74.57,77.72,77.43,81.03,77.42,80.52,97.13,83.76,89.90,83.72,81.88,75.43,68.70,69.29,77.01,74.94,69.40,63.81,70.88,57.15,59.85,57.21,59.57,56.14,69.18,61.04,53.37,61.62,53.06,66.93,66.60,65.06,70.67,71.11,62.14,65.54,74.21,61.84,74.65,59.17,73.29,72.36,69.36,74.46,68.66,68.73,63.60,67.57,63.11,69.80,74.91,59.48,80.04,69.73,73.25,72.65,74.89,70.47,70.47,70.47,70.47,70.47,70.47,69.81,60.36,63.18,60.26,65.50,65.16,72.47,55.74,61.66,66.39,63.00,69.00,62.83,67.95,65.02,76.02,74.37,78.99,73.35,72.76,75.34,69.72,76.41,80.37,79.12,70.46,78.87,88.33,94.53,92.43,81.57,69.41,78.31,66.17,69.76,67.21,83.34,108.25,110.25,89.42,84.58,90.08,86.30,79.19,81.91,67.92,67.92,70.02,95.48,93.78,89.53,88.47,84.75,90.78,81.72,79.62,81.46,82.89,80.41,80.41,86.04,99.50,83.74,95.99,82.21
Producto,0.000634117,01161061,SANDÍA,63.86,74.94,81.97,86.90,93.75,92.72,84.13,86.55,89.76,90.48,83.10,78.61,87.00,82.14,82.60,78.41,81.30,81.66,74.04,88.01,95.09,87.93,97.69,88.36,83.54,80.93,82.83,75.54,83.43,76.92,83.31,80.10,72.10,72.27,78.41,79.63,76.03,73.59,76.63,80.31,79.69,75.94,77.55,67.78,75.16,82.00,82.46,75.16,73.70,77.74,71.23,74.64,69.69,75.74,72.95,71.69,69.47,76.57,68.69,76.65,67.59,65.19,85.86,83.22,84.53,77.76,79.01,79.01,71.64,74.35,74.35,72.13,69.97,70.58,71.81,68.67,55.40,60.33,63.17,58.32,57.51,58.26,68.63,60.18,76.25,80.97,70.24,79.26,74.19,70.15,67.68,67.29,63.40,69.19,80.81,76.47,78.21,76.95,71.88,77.73,76.17,79.91,85.77,78.30,72.85,70.97,69.32,68.35,68.35,74.20,79.07,72.19,69.24,75.10,68.89,67.83,67.70,74.55,77.02,77.02,77.02,72.95,71.38,74.16,74.53,83.85,75.35,72.38,66.26,70.27,72.66,74.90,72.66,80.25,87.60,76.34,71.24,68.82
Producto,0.000436747,01161062,FRUTILLA,93.65,97.56,99.29,99.29,99.29,100.55,102.05,83.28,83.87,90.10,88.21,88.21,88.95,88.95,94.77,94.21,94.82,94.82,89.68,93.77,93.77,98.05,98.05,101.07,101.07,101.07,96.66,106.97,108.17,103.06,115.69,98.18,86.17,89.06,96.59,96.16,92.21,92.41,90.53,88.88,94.45,93.86,97.52,98.42,95.58,95.24,94.04,90.75,94.03,96.69,98.85,98.45,102.94,97.42,103.82,99.66,99.69,100.10,98.14,99.59,94.36,94.64,98.07,87.36,96.14,97.53,92.68,92.68,96.86,97.43,97.80,101.12,98.17,96.15,92.34,94.77,95.40,94.01,99.23,96.62,96.18,97.16,97.16,91.28,94.27,96.67,96.67,99.75,96.60,96.60,98.83,96.49,95.79,103.18,99.83,88.91,95.48,93.80,93.80,93.80,88.39,78.75,86.92,83.57,84.97,84.97,88.14,81.76,83.99,84.94,87.35,84.83,79.65,83.78,88.03,88.03,88.86,88.02,84.82,88.37,84.92,84.88,89.31,85.21,84.45,89.31,89.31,89.18,89.18,84.45,84.45,84.45,95.46,95.46,95.46,82.03,83.48,83.48
Producto,0.001887979,01161063,TOMATE DE ÁRBOL,106.65,105.91,111.78,122.48,124.48,115.52,110.45,106.38,106.18,106.51,110.27,108.88,105.04,100.92,98.41,105.88,103.83,100.05,99.85,97.98,104.19,101.91,102.58,106.65,109.64,97.25,110.00,108.68,87.14,87.52,78.43,76.37,77.71,89.78,96.61,96.19,89.12,101.91,96.26,93.73,90.25,88.35,90.09,89.59,92.07,92.19,104.04,93.11,104.03,100.19,101.14,99.32,91.52,91.58,97.37,93.93,95.97,88.75,94.34,96.06,111.38,109.25,118.66,127.00,149.92,117.79,97.42,104.94,103.82,103.82,103.82,107.67,98.09,104.30,109.93,91.94,109.66,106.00,94.53,103.15,100.73,107.55,111.26,97.89,113.06,110.59,112.86,120.05,115.99,114.73,113.50,106.74,148.64,128.59,136.94,108.93,118.47,121.63,121.60,119.28,109.20,124.59,138.32,146.14,149.14,146.47,136.27,122.37,122.37,128.60,120.97,126.69,125.55,147.79,142.71,137.07,141.20,125.13,130.01,134.94,149.84,126.67,121.76,128.21,123.80,119.24,125.89,143.88,138.92,132.80,136.37,127.46,136.37,146.89,156.21,146.01,138.87,135.41
Producto,0.000690528,01161064,FRUTAS DE TEMPORADA,107.05,105.92,103.32,108.33,109.12,112.43,111.29,111.30,127.13,127.66,139.94,143.63,144.25,118.05,130.68,103.58,101.42,135.64,134.20,133.87,136.21,133.80,145.08,159.92,153.53,148.51,141.59,137.59,121.89,120.02,137.06,127.12,126.23,131.09,116.12,117.35,123.48,124.93,118.72,114.51,104.03,107.71,106.91,111.87,114.19,121.16,118.58,129.75,118.11,119.25,125.04,122.76,120.97,110.82,117.37,120.17,117.97,121.25,118.38,128.26,118.85,127.09,122.69,122.43,115.91,116.98,105.82,105.66,101.27,107.31,108.88,110.72,107.19,110.53,104.78,101.66,104.58,103.46,108.07,108.29,110.79,107.88,110.98,114.86,116.30,114.29,115.30,113.08,108.29,110.68,110.57,110.17,106.74,106.32,107.30,104.63,107.71,102.88,103.83,103.88,99.97,98.25,101.11,106.04,105.79,105.13,102.34,100.98,104.57,103.65,100.64,98.68,96.59,102.19,104.05,103.40,105.46,105.03,105.32,101.83,101.08,103.34,103.42,100.88,104.76,103.48,107.37,106.43,107.19,104.42,103.81,110.92,112.71,116.09,113.75,110.13,109.54,114.67
Subclase,0.000456509,01162,Frutas secas y en conserva (procesadas),109.91,109.98,109.40,112.71,112.71,114.42,117.56,116.14,116.14,116.92,116.92,117.86,117.86,117.86,117.98,117.78,117.78,115.33,116.79,112.37,113.98,115.75,113.98,109.10,114.31,106.36,114.71,115.01,116.22,114.64,114.84,115.26,116.17,116.48,116.42,116.17,113.87,111.54,112.13,112.13,112.89,112.70,112.89,110.44,112.70,112.70,110.62,107.76,111.64,111.64,114.22,114.22,118.44,118.54,119.91,119.74,118.69,119.74,119.74,118.69,118.69,118.69,118.69,119.31,118.53,119.26,119.26,118.91,120.45,120.35,120.35,117.24,121.14,120.48,118.25,120.48,120.48,119.43,117.23,121.52,121.32,121.36,120.11,120.12,120.07,120.07,113.99,116.06,116.89,115.89,113.49,116.23,117.79,118.83,118.83,118.83,116.90,118.44,121.29,120.81,120.81,120.95,120.95,121.62,125.29,127.94,128.37,130.03,132.37,131.88,131.66,133.76,133.70,135.42,134.37,134.29,134.66,134.79,131.47,129.67,132.41,133.06,133.06,129.61,133.07,132.68,130.04,129.35,128.14,128.59,127.66,126.15,124.82,122.45,124.00,120.25,119.96,117.18
Producto,0.000456509,01162065,MANÍ,109.91,109.98,109.40,112.71,112.71,114.42,117.56,116.14,116.14,116.92,116.92,117.86,117.86,117.86,117.98,117.78,117.78,115.33,116.79,112.37,113.98,115.75,113.98,109.10,114.31,106.36,114.71,115.01,116.22,114.64,114.84,115.26,116.17,116.48,116.42,116.17,113.87,111.54,112.13,112.13,112.89,112.70,112.89,110.44,112.70,112.70,110.62,107.76,111.64,111.64,114.22,114.22,118.44,118.54,119.91,119.74,118.69,119.74,119.74,118.69,118.69,118.69,118.69,119.31,118.53,119.26,119.26,118.91,120.45,120.35,120.35,117.24,121.14,120.48,118.25,120.48,120.48,119.43,117.23,121.52,121.32,121.36,120.11,120.12,120.07,120.07,113.99,116.06,116.89,115.89,113.49,116.23,117.79,118.83,118.83,118.83,116.90,118.44,121.29,120.81,120.81,120.95,120.95,121.62,125.29,127.94,128.37,130.03,132.37,131.88,131.66,133.76,133.70,135.42,134.37,134.29,134.66,134.79,131.47,129.67,132.41,133.06,133.06,129.61,133.07,132.68,130.04,129.35,128.14,128.59,127.66,126.15,124.82,122.45,124.00,120.25,119.96,117.18
Clase,0.026813094,0117,Legumbres-Hortalizas (ND),99.14,97.96,101.00,110.15,109.74,110.00,108.30,109.27,110.59,108.15,109.70,108.92,109.88,112.44,112.22,115.65,115.02,118.06,111.61,106.96,104.43,101.50,101.27,99.50,107.26,110.36,116.57,118.52,123.96,130.68,121.01,112.51,106.74,103.31,103.03,100.55,101.41,104.61,107.79,103.51,99.40,100.08,98.92,96.40,101.09,104.05,107.14,102.09,111.19,102.26,104.70,103.50,103.24,102.98,105.12,106.27,102.42,106.74,95.86,92.93,96.02,95.69,98.88,117.16,119.19,112.16,101.06,102.44,98.97,95.71,93.75,90.55,93.34,97.82,98.32,100.59,105.85,100.57,102.90,100.25,101.14,98.80,98.11,97.73,101.65,103.81,105.96,111.00,107.90,114.00,110.66,101.20,104.43,101.53,104.61,106.35,103.06,100.51,100.74,105.83,112.96,114.84,117.80,122.68,118.00,113.79,110.85,106.33,110.36,111.75,114.93,117.02,114.73,116.65,114.11,111.39,113.78,117.41,112.48,109.68,113.64,115.61,118.49,122.93,124.00,120.10,121.98,115.94,118.15,122.38,114.74,110.84,116.44,112.76,118.04,114.68,110.38,111.22
Subclase,0.018767268,01171,Productos de huerta frescos,97.25,96.84,100.02,112.12,112.07,112.79,109.69,112.10,113.63,110.30,111.37,109.85,109.47,111.93,112.38,117.00,115.43,118.26,112.20,106.59,102.30,97.71,97.86,95.73,104.93,109.98,118.76,123.07,129.59,139.39,126.37,116.61,108.37,100.39,99.40,98.68,101.03,105.78,112.38,105.91,100.95,101.95,101.99,98.51,103.42,106.40,108.81,103.09,114.77,104.68,108.81,106.47,104.81,104.87,106.99,109.09,103.03,108.11,93.93,91.05,95.31,96.94,99.75,125.45,127.06,116.91,101.84,104.47,100.00,95.86,94.39,89.34,92.60,98.81,99.43,101.96,108.06,100.17,103.07,97.27,98.30,95.33,93.62,92.31,95.85,100.79,102.53,109.67,106.08,114.99,110.04,99.06,104.01,99.45,102.61,103.74,99.31,96.36,96.94,103.55,115.41,118.45,122.18,126.30,119.65,110.68,105.88,99.09,102.09,106.18,111.79,115.48,113.28,115.88,110.57,108.09,111.15,113.99,104.43,102.55,107.61,113.52,118.26,126.67,128.83,125.01,125.83,114.50,116.40,118.79,108.06,108.10,113.97,109.63,119.48,115.02,107.00,107.82
Producto,0.000837943,01171066,AJO,85.94,89.12,97.04,108.28,111.18,114.08,112.32,112.04,111.32,110.92,109.51,109.07,109.61,114.82,117.05,145.64,159.54,198.15,184.39,182.22,175.57,160.07,153.58,155.13,158.76,169.40,160.20,166.09,182.74,202.64,196.08,138.92,116.22,105.77,110.12,104.21,105.08,106.43,109.59,98.71,98.97,95.00,91.78,86.18,84.43,89.54,84.97,84.31,78.14,80.72,85.36,90.47,93.36,98.20,106.02,128.90,134.86,134.79,121.78,112.98,112.77,142.77,158.52,240.15,233.73,194.42,114.87,96.52,98.06,94.85,92.55,92.55,92.17,98.35,99.09,96.80,101.08,100.16,108.97,111.82,109.69,110.63,108.82,109.19,128.16,121.80,119.77,109.61,105.61,105.61,102.24,108.13,108.63,103.44,105.38,96.82,94.47,97.79,90.60,90.23,99.14,117.87,116.42,113.05,111.20,107.91,108.50,110.66,119.81,130.66,134.59,134.05,142.94,149.14,142.68,162.01,144.87,142.88,131.09,132.78,140.30,142.30,143.88,149.33,137.88,133.91,128.11,118.85,113.02,105.97,107.93,113.75,115.27,115.15,113.42,117.39,116.14,115.25
Producto,0.000187254,01171067,ACELGA,111.69,111.69,115.90,115.90,115.90,118.44,118.44,118.44,118.44,118.74,118.74,118.74,118.74,118.74,118.74,118.74,118.74,118.74,118.74,118.74,118.74,118.74,118.74,117.14,117.14,117.14,117.14,117.14,117.14,109.18,108.67,119.20,121.16,121.16,122.52,122.52,122.52,122.52,125.28,126.58,127.46,127.46,127.46,127.46,127.46,123.72,124.47,124.47,124.47,124.47,124.47,124.47,122.12,124.47,126.10,127.91,129.94,130.52,130.52,123.84,128.02,128.02,130.20,149.52,141.47,129.12,127.45,126.06,127.25,127.25,132.86,129.44,129.44,129.44,129.44,129.44,129.44,127.34,129.44,129.44,129.44,129.44,129.44,132.92,132.92,132.92,134.77,134.77,129.26,135.72,130.23,134.77,129.61,135.14,129.61,124.89,131.35,125.98,125.98,131.35,124.89,124.89,129.22,124.89,132.28,131.66,126.66,124.84,121.51,126.03,127.82,127.73,121.61,124.75,125.25,125.17,123.81,124.14,124.14,124.14,124.14,126.99,130.81,127.01,127.64,128.67,129.08,126.96,120.38,113.94,117.93,117.23,123.80,123.50,122.39,115.79,118.48,119.33
Producto,0.00066207,01171068,BRÓCOLI,79.03,77.43,80.28,96.62,99.04,89.07,84.36,78.48,82.89,83.90,78.74,76.13,72.95,79.46,91.82,71.80,86.25,91.02,82.38,65.81,77.47,64.95,75.26,71.04,60.09,83.69,76.97,75.53,85.76,100.93,103.88,104.09,82.96,90.36,79.53,87.08,90.61,91.72,101.45,90.49,79.13,76.00,91.52,79.88,82.03,76.02,91.11,77.88,102.23,81.25,72.83,76.74,69.73,68.12,78.07,93.82,90.95,98.31,69.80,75.63,108.59,85.34,62.55,78.80,88.90,87.13,83.06,79.17,83.06,75.46,77.63,79.17,73.99,93.93,90.43,87.76,96.73,93.92,100.45,81.62,78.27,81.34,80.46,82.56,95.16,117.72,98.30,85.77,92.26,119.42,109.71,86.51,87.12,87.23,94.10,85.67,86.49,91.18,95.39,98.87,97.43,112.79,96.70,95.16,89.08,97.03,112.94,98.10,104.96,108.40,128.70,129.56,101.03,124.63,100.47,100.99,111.75,110.60,102.26,102.26,97.47,95.36,93.18,96.56,110.68,117.71,126.48,91.86,100.10,100.28,96.80,96.80,92.26,88.68,101.69,110.20,89.73,91.06
Producto,0.000891916,01171069,CEBOLLA BLANCA,111.82,95.08,93.27,94.05,88.69,88.82,92.89,101.82,104.58,102.29,104.20,106.61,99.74,98.64,97.20,93.37,88.16,98.11,98.15,108.34,104.55,103.24,99.46,106.14,109.78,107.36,111.14,92.93,90.57,99.65,101.07,100.38,106.39,93.28,83.08,87.30,90.57,85.40,78.54,76.71,71.85,78.02,74.75,74.95,83.70,92.76,92.07,84.44,107.17,93.99,86.50,81.65,97.83,105.16,111.07,132.65,127.09,160.42,90.83,87.74,107.68,108.40,94.05,148.36,154.79,137.99,118.74,129.29,129.29,124.83,127.04,101.15,98.93,97.07,106.31,97.56,84.59,78.89,80.42,73.36,83.39,65.10,74.41,74.39,72.68,70.66,65.42,69.25,68.40,85.83,93.79,69.61,89.46,99.03,89.14,91.69,87.94,77.86,78.68,81.06,85.76,86.70,94.48,112.58,105.82,109.61,138.35,121.60,133.59,118.27,115.59,114.76,112.92,127.18,115.71,123.52,125.04,130.04,133.56,133.56,137.68,127.65,136.26,121.73,122.38,128.89,142.15,140.04,131.80,127.23,130.54,128.27,125.77,139.64,135.92,112.63,118.51,120.28
Producto,0.002916222,01171070,CEBOLLA PAITEÑA,109.21,116.38,122.98,157.47,157.94,160.47,155.90,172.09,175.63,148.90,147.38,146.33,147.32,143.26,142.97,160.44,167.31,181.53,167.06,139.46,120.20,96.78,93.67,89.30,116.73,115.20,152.61,194.44,172.08,163.92,140.55,134.31,126.05,111.03,113.35,110.36,111.68,114.67,118.66,108.62,98.93,96.85,100.93,104.08,108.32,131.04,144.67,137.24,148.96,128.35,133.70,153.62,139.20,133.73,133.75,127.27,104.21,99.68,96.43,89.28,91.12,98.21,104.94,153.26,160.68,148.24,120.50,117.78,115.86,111.41,102.01,90.54,89.99,100.01,102.12,98.03,110.66,106.59,105.31,106.48,102.89,101.13,97.03,92.90,89.13,95.11,103.08,119.53,112.97,120.98,116.23,111.04,108.84,105.17,102.99,106.29,109.93,103.36,104.91,110.03,107.17,139.69,173.00,205.90,190.30,127.70,100.02,86.28,95.39,98.42,106.74,129.45,123.94,129.69,114.82,106.50,96.82,93.80,87.70,89.05,87.42,99.67,106.44,109.47,103.46,95.28,94.14,94.11,99.47,103.60,99.94,95.11,103.41,101.02,111.53,128.76,116.76,115.06
Producto,0.001735408,01171071,CHOCLO,89.36,90.11,92.06,93.32,93.74,94.71,95.71,96.55,96.22,90.28,98.18,95.18,98.44,96.91,97.92,101.23,100.20,100.74,89.48,88.08,78.89,91.77,96.66,94.35,102.28,100.84,92.74,86.34,90.35,103.91,97.27,81.48,80.44,87.84,91.51,98.67,95.11,89.11,97.13,95.82,90.95,102.89,91.19,81.34,81.30,99.86,92.41,90.96,81.07,90.13,83.95,84.63,84.02,85.22,88.75,84.58,76.11,82.80,96.15,99.04,98.73,91.45,92.30,95.18,89.90,90.71,83.84,84.73,82.31,82.60,82.54,74.65,84.13,88.07,100.79,97.17,98.75,78.98,73.26,73.85,73.73,72.56,75.04,77.45,101.66,99.83,98.38,98.88,96.30,98.23,95.04,94.42,83.73,87.62,107.90,106.97,92.83,95.11,87.68,86.94,87.46,94.27,86.00,81.94,82.76,84.40,103.84,89.90,98.96,90.01,95.11,84.74,80.69,86.00,85.79,83.04,90.89,101.36,98.87,95.14,108.19,113.25,111.50,106.10,104.98,102.66,106.27,89.15,92.65,83.35,87.91,104.98,115.86,109.72,110.16,100.03,94.82,93.61
Producto,0.000405014,01171072,COL,146.23,124.91,143.40,149.15,144.98,150.10,146.85,145.12,145.34,161.91,165.45,168.19,165.78,150.42,141.11,130.06,107.69,115.02,122.44,141.03,133.90,111.06,120.10,105.78,97.66,117.75,127.69,116.00,105.10,114.19,122.56,127.17,121.76,122.25,105.16,102.92,116.11,124.74,139.26,149.98,154.35,146.99,133.30,124.53,146.74,141.76,123.20,98.70,101.22,104.17,119.65,111.68,79.70,111.64,125.28,104.48,114.56,189.14,104.65,98.73,108.56,123.27,122.13,113.70,134.36,110.97,94.23,89.82,78.47,69.91,77.10,80.02,74.79,93.93,129.62,136.08,192.94,140.76,109.49,118.95,105.74,110.33,101.63,105.99,89.66,98.48,138.01,103.32,102.15,105.10,107.83,95.71,103.40,111.10,101.84,100.30,81.05,99.79,97.72,103.69,106.32,128.84,136.36,129.17,127.39,137.89,130.00,106.99,106.99,124.50,150.56,167.17,141.84,161.31,129.92,132.23,159.66,163.69,159.77,153.94,161.50,146.01,110.54,120.54,129.09,145.05,129.37,140.74,144.61,126.90,115.94,115.94,110.52,139.17,156.83,126.82,120.69,131.69
Producto,0.000380735,01171073,COLIFLOR,80.70,94.33,106.35,105.93,105.75,111.53,114.86,117.56,121.51,110.54,104.90,113.66,112.93,105.99,134.68,118.80,89.72,104.30,106.95,111.81,119.42,103.99,100.74,105.55,129.13,103.01,96.33,101.15,112.03,126.73,122.00,104.06,108.32,110.95,125.90,103.46,129.41,163.04,112.02,145.32,113.91,102.98,112.53,115.76,105.26,110.35,100.12,111.10,113.63,102.01,104.07,94.46,83.33,112.88,128.29,104.52,108.47,114.13,97.27,89.33,114.43,98.14,81.88,118.97,113.70,107.07,122.57,114.56,147.20,107.07,107.07,100.08,107.07,121.17,100.46,101.98,132.48,119.62,92.69,115.95,107.88,98.30,98.59,113.77,117.66,120.43,123.97,113.62,110.42,127.63,148.98,101.86,136.86,182.14,155.30,152.11,176.11,136.41,121.53,150.94,140.00,143.61,160.68,140.49,130.97,147.65,154.73,142.24,146.32,168.23,177.44,192.39,145.73,137.82,167.08,137.31,156.51,167.92,134.43,130.40,130.40,130.69,130.38,170.41,137.92,173.38,166.55,144.93,145.42,223.82,148.20,158.56,177.98,145.06,141.47,148.70,120.72,122.28
Producto,0.00048619,01171074,LECHUGA,122.58,117.55,119.83,119.75,129.53,119.52,122.13,125.49,123.79,112.52,117.35,119.25,117.03,120.45,112.41,114.41,112.06,130.76,131.60,116.06,117.46,112.55,112.27,121.01,134.02,131.50,150.97,119.91,124.58,152.12,117.18,105.56,110.10,106.49,110.46,129.07,138.32,139.94,129.65,116.01,125.35,117.66,118.25,129.17,122.02,134.01,125.05,125.33,130.55,103.32,133.74,103.12,111.63,109.24,133.48,114.42,122.84,112.92,97.58,107.29,113.83,98.66,80.48,105.45,98.47,95.21,95.21,95.21,95.21,95.21,95.21,95.21,95.21,106.90,114.35,108.77,112.20,95.79,110.26,119.59,119.23,93.47,114.27,98.31,109.48,92.27,119.68,133.63,127.83,140.31,124.53,121.24,162.60,122.59,124.76,122.58,110.33,99.83,89.50,107.68,121.58,123.68,151.84,126.96,120.88,116.78,112.26,101.37,108.45,149.40,155.03,146.05,145.60,146.71,108.03,110.18,146.72,152.86,103.73,103.73,103.73,153.99,199.44,210.93,144.47,138.01,131.90,115.95,112.01,118.10,101.93,101.93,124.84,124.33,116.02,127.29,137.39,129.66
Producto,0.000503054,01171075,PEPINILLO ,113.27,132.78,125.28,114.10,134.29,133.68,133.68,105.05,105.05,106.77,92.34,92.86,77.89,64.26,110.15,99.51,97.37,93.81,87.17,99.36,98.78,76.53,72.57,64.94,88.13,105.67,87.37,91.72,86.17,95.38,103.94,87.73,97.33,94.77,83.60,84.17,84.48,87.87,100.59,92.84,95.97,101.17,110.86,122.98,110.08,98.89,87.41,87.41,97.78,103.49,98.27,96.80,98.06,99.49,101.10,115.75,127.27,122.59,92.92,99.57,90.71,106.16,109.79,130.04,116.23,99.47,102.53,100.29,88.45,87.13,83.13,81.90,87.36,96.02,90.26,101.45,98.97,94.98,86.43,82.48,99.04,100.22,86.35,81.55,84.07,95.87,97.28,100.06,100.06,100.06,103.38,104.18,99.73,94.18,92.71,77.84,77.64,95.26,90.24,88.22,93.66,87.54,92.08,104.02,105.48,89.61,82.35,76.35,73.62,86.50,83.11,82.55,74.49,77.88,71.20,79.53,95.29,89.25,73.43,61.85,67.06,68.41,69.23,79.47,71.77,86.04,84.15,89.57,84.79,88.78,72.63,65.71,81.63,92.56,80.64,59.81,71.80,78.58
Producto,0.001366505,01171076,PIMIENTO,90.78,80.89,93.85,113.83,107.54,105.17,103.83,99.90,99.30,100.18,104.25,94.59,91.89,107.81,103.10,107.70,99.16,98.18,108.69,99.91,91.95,92.33,95.26,93.32,97.73,109.43,132.05,147.43,174.82,177.26,131.60,130.30,108.86,114.25,136.20,137.27,126.10,141.05,139.74,146.13,135.39,135.41,147.03,143.26,141.44,129.02,148.13,129.44,164.38,162.14,169.56,141.85,126.83,142.74,135.26,140.22,133.61,141.06,120.97,130.88,115.17,132.44,140.07,183.95,172.78,147.26,136.16,171.20,145.38,135.52,135.52,132.09,160.34,142.05,133.86,201.67,167.07,130.52,133.99,116.42,118.26,111.19,121.24,118.02,124.83,117.54,112.24,129.44,123.31,123.21,165.14,111.25,117.40,113.71,120.83,142.42,116.32,112.14,108.18,126.72,213.93,163.34,140.01,156.38,145.96,148.45,123.18,111.62,115.07,111.56,115.97,121.21,133.43,127.07,104.85,110.04,151.40,188.92,125.77,112.05,152.68,136.45,163.90,215.34,168.20,175.18,187.70,155.31,166.48,200.81,160.75,157.96,171.99,138.26,156.34,135.01,114.91,136.24
Producto,0.000291872,01171077,REMOLACHA,79.49,74.03,75.83,77.27,82.89,79.01,72.46,76.68,82.94,86.35,88.51,85.53,86.80,77.10,88.39,88.87,86.35,86.52,89.51,88.32,89.86,91.87,87.47,81.19,81.93,79.56,82.07,96.41,84.29,87.09,111.35,138.51,91.00,93.64,91.14,77.87,79.94,86.93,96.72,98.03,82.18,87.59,99.21,90.77,104.04,82.43,87.34,68.94,95.52,76.22,87.90,82.69,83.14,86.46,87.42,107.47,112.64,120.60,80.16,77.34,82.48,85.31,82.42,127.20,123.38,113.89,124.01,89.36,67.60,75.01,81.13,77.60,77.33,86.54,89.92,78.88,96.41,93.97,101.98,104.27,112.77,108.65,97.12,86.53,89.50,110.66,121.47,121.47,108.59,114.85,117.04,110.66,136.35,153.05,136.35,108.59,104.62,108.59,110.66,117.04,117.04,110.66,106.62,110.66,112.77,106.62,96.08,98.58,97.12,112.77,121.47,127.00,117.04,117.04,117.04,131.82,136.81,154.82,139.42,114.85,108.22,127.00,124.21,136.81,146.37,136.81,136.81,136.81,136.81,131.82,114.46,96.41,108.65,136.81,136.81,131.82,129.30,125.31
Producto,0.003278769,01171078,TOMATE RIÑÓN,82.65,80.24,80.26,93.11,95.54,98.32,86.87,87.96,89.06,86.73,85.45,84.94,85.20,102.26,93.91,88.30,90.68,91.82,89.83,88.77,89.36,91.17,92.34,86.61,89.55,94.31,99.70,90.76,102.26,112.63,92.04,92.16,89.48,83.08,80.61,72.42,77.81,82.99,104.04,92.80,93.15,93.66,89.17,83.07,100.53,89.47,93.16,86.67,90.73,83.81,91.83,86.30,91.90,85.61,85.49,92.68,84.94,84.55,68.12,64.43,69.74,67.57,78.26,96.05,97.43,91.27,84.40,91.90,81.60,75.75,72.98,69.00,65.77,71.96,71.45,60.89,76.71,76.45,90.40,83.24,89.67,89.67,76.71,72.63,68.11,80.20,75.57,83.24,93.07,93.07,78.44,69.65,84.50,69.65,69.65,72.28,75.57,71.21,78.44,83.24,89.67,87.70,93.07,98.44,93.07,94.84,86.40,77.28,74.45,80.20,86.40,94.84,93.07,89.67,98.44,98.44,98.44,93.07,87.70,86.40,75.57,86.40,93.07,98.44,136.43,99.57,113.98,89.67,93.07,89.67,83.24,80.20,86.40,86.40,113.98,93.07,86.43,85.19
Producto,0.001306729,01171079,ZANAHORIA AMARILLA,111.83,111.27,108.71,117.09,115.58,123.66,125.56,124.99,128.73,141.91,153.20,137.44,159.00,142.56,140.53,118.76,106.86,106.11,106.84,108.84,107.21,113.99,105.87,104.88,105.47,114.18,117.34,132.19,198.22,196.81,183.53,162.70,146.84,117.32,110.75,103.87,111.40,134.10,153.33,133.41,112.92,104.90,114.45,106.47,105.08,105.73,113.76,102.43,109.68,98.07,110.31,101.45,108.41,113.43,108.13,109.15,102.73,122.71,106.51,97.89,110.11,101.14,101.19,141.25,133.48,126.36,100.63,104.45,107.67,104.45,104.45,100.63,104.45,110.30,107.28,107.28,120.01,107.28,107.28,107.28,110.59,107.28,107.28,107.28,107.28,125.47,116.02,129.34,116.02,170.39,144.70,126.50,116.97,107.28,107.28,113.47,107.28,107.28,107.28,113.47,160.56,153.57,140.37,116.97,107.28,107.28,107.28,113.47,120.01,134.25,157.03,122.71,107.28,107.28,107.28,107.28,107.28,107.28,107.28,107.28,107.28,107.28,107.28,137.28,170.39,159.39,166.64,206.72,206.72,214.56,144.70,143.52,160.56,126.93,123.71,126.93,118.51,121.45
Producto,0.000924896,01171080,ARVEJA TIERNA,111.06,110.99,114.89,118.72,118.51,118.13,112.41,112.64,111.75,117.20,119.68,116.29,114.93,105.12,125.63,207.97,186.92,144.23,108.91,97.69,93.85,92.03,95.73,113.50,132.98,167.60,185.81,155.18,188.61,294.62,291.04,216.22,168.16,123.81,103.78,104.33,121.23,125.55,115.37,113.49,108.04,126.66,117.30,104.29,110.06,117.45,98.93,112.88,198.15,146.46,130.11,103.10,120.23,119.11,118.50,107.81,103.13,100.84,106.58,96.71,104.36,111.03,122.16,123.97,125.58,121.56,98.58,102.32,98.58,98.58,102.32,98.58,116.33,135.59,115.31,149.06,152.42,165.96,178.78,110.66,101.02,93.14,100.34,107.35,125.82,125.82,145.28,174.12,138.48,165.96,129.43,110.66,122.05,100.34,159.90,159.90,110.66,103.43,110.66,147.86,171.00,169.25,156.50,142.09,104.85,101.02,103.43,122.63,128.05,147.47,125.82,125.82,152.42,175.01,186.29,131.38,118.40,107.35,107.35,114.86,167.76,219.83,222.84,222.84,197.18,270.87,191.28,132.00,132.90,125.82,138.48,152.42,125.82,122.05,158.19,166.54,137.39,120.05
Producto,0.001157899,01171081,FRÉJOL TIERNO,83.22,83.38,84.30,92.02,83.45,80.12,79.43,81.30,84.23,88.40,96.05,104.41,92.26,103.59,95.94,89.72,92.55,86.17,72.58,71.84,75.94,75.58,86.23,79.62,89.14,94.40,93.52,85.05,82.60,88.17,80.61,82.42,86.39,84.70,82.43,86.88,86.14,90.45,91.62,86.95,84.64,86.14,76.75,74.30,83.32,86.74,86.79,81.72,89.58,75.45,82.76,86.75,82.78,72.49,74.03,79.67,76.41,80.27,84.98,77.71,76.35,70.01,69.63,71.58,90.91,80.83,68.87,71.48,68.87,68.87,71.48,71.00,81.27,88.76,89.56,86.88,90.17,81.76,84.86,78.77,78.77,78.24,86.88,87.47,93.59,92.96,99.45,113.23,102.52,99.45,99.45,93.59,96.48,96.48,99.45,99.45,99.45,93.59,96.48,99.45,105.69,102.52,96.48,88.07,93.59,99.45,102.52,107.05,99.45,88.07,90.79,99.45,116.72,99.45,90.79,90.17,81.76,93.59,93.59,93.59,102.52,96.48,96.48,102.52,105.69,105.69,110.88,93.59,96.48,99.45,99.45,99.45,102.52,96.48,99.45,102.52,93.59,96.48
Producto,0.00080172,01171082,HABA TIERNA,89.99,91.42,92.78,101.47,95.63,96.09,93.70,92.36,92.30,93.74,93.98,93.12,90.66,92.80,99.58,115.52,102.25,99.98,100.74,100.30,97.38,102.51,99.52,98.29,102.26,96.98,97.04,107.00,100.83,101.22,97.63,93.91,92.01,88.14,92.85,104.25,96.89,96.82,100.04,90.56,100.68,96.04,97.87,90.70,91.55,96.82,92.58,92.75,93.54,93.66,98.51,89.59,91.05,84.36,92.52,87.87,89.54,89.12,86.32,87.24,89.10,82.54,90.76,85.10,86.74,86.47,86.47,86.47,86.47,86.47,86.47,86.47,86.47,90.42,91.30,91.30,91.30,91.30,91.30,91.30,91.30,87.97,82.96,82.96,91.30,87.97,91.30,91.30,91.30,91.30,91.30,91.30,91.30,91.30,91.30,91.30,91.30,91.30,91.30,91.30,91.30,91.30,92.05,87.97,91.30,91.30,91.30,91.30,91.30,91.30,91.30,91.30,91.30,91.30,91.30,91.30,91.30,91.30,91.30,91.30,98.35,101.39,98.35,98.35,91.30,94.76,91.30,91.30,91.30,91.30,91.30,91.30,91.30,91.30,91.30,91.30,91.30,91.30
Producto,0.000633071,01171083,OTROS PRODUCTOS DE HUERTA FRESCOS,101.86,103.91,106.42,105.21,106.37,101.65,111.11,118.43,118.43,133.55,125.27,124.74,122.96,124.99,115.69,125.16,124.11,115.89,116.42,114.53,117.64,119.92,111.39,110.28,124.53,120.57,124.50,137.69,136.19,134.39,140.53,137.72,131.33,127.55,118.48,125.68,123.98,119.67,133.05,129.01,120.99,140.68,143.57,145.53,135.63,136.47,136.30,139.56,139.08,150.88,154.19,162.82,154.01,155.55,155.28,156.84,162.72,163.05,144.80,141.38,142.29,167.98,158.17,145.39,150.41,154.20,148.97,146.74,146.27,144.52,142.49,148.06,143.69,145.84,148.45,155.38,151.38,147.79,150.92,151.91,154.43,155.92,151.79,152.96,151.98,163.18,164.22,163.64,157.97,167.13,147.80,162.84,156.18,159.94,157.09,155.20,161.32,158.81,157.84,159.61,159.63,156.33,162.08,162.76,163.66,171.45,170.62,163.20,155.27,157.59,154.55,152.30,143.74,154.37,159.38,155.76,171.62,178.04,175.24,168.34,167.34,158.79,159.77,168.47,170.09,174.95,173.50,170.63,160.32,157.56,153.54,154.95,161.85,165.30,166.85,157.84,153.47,155.18
Subclase,0.006186635,01172,Papas y tubérculos,105.12,100.53,102.74,105.12,103.75,102.34,103.28,100.77,101.98,101.21,103.61,105.09,108.53,107.70,104.13,104.97,103.29,106.64,99.75,97.63,97.56,100.74,100.44,99.25,104.60,104.70,104.42,97.01,102.85,101.18,100.21,93.13,94.48,104.89,105.46,99.38,98.59,99.68,92.48,93.54,92.77,94.15,89.11,89.15,94.34,98.22,102.99,100.90,106.45,98.58,95.44,98.65,101.90,101.68,104.99,102.98,104.60,108.85,105.63,101.86,101.60,94.01,98.49,99.07,102.92,103.00,98.60,97.80,96.00,95.33,92.02,95.77,98.46,98.59,98.26,99.68,102.89,102.85,104.15,111.04,110.59,107.84,108.10,109.31,115.98,110.48,113.36,112.27,109.91,108.99,110.38,103.66,100.92,103.03,106.31,109.62,109.42,105.80,104.39,105.27,98.83,97.13,98.60,107.10,107.67,118.10,120.09,122.86,130.01,123.07,118.27,114.85,111.23,111.81,117.83,113.10,114.65,122.48,133.09,126.29,129.25,118.76,116.36,109.85,109.92,105.32,112.09,121.38,126.27,137.67,137.37,120.63,127.79,126.22,119.90,119.11,125.48,126.24
Producto,0.004636972,01172084,PAPA ,110.13,104.07,107.77,107.86,105.67,103.74,104.99,103.11,103.25,102.65,106.37,108.89,111.48,110.78,108.12,107.87,102.99,108.00,101.89,99.75,98.46,103.26,102.26,100.73,107.48,106.35,105.88,96.42,103.58,100.26,99.61,89.61,92.74,103.61,102.46,96.67,94.96,97.54,88.36,90.90,89.43,91.48,83.91,86.31,93.94,97.44,100.89,100.36,107.87,97.39,93.03,97.17,102.14,101.80,106.31,103.84,107.31,111.23,106.79,102.92,99.69,93.00,98.81,96.86,99.59,102.02,97.52,95.74,94.99,93.42,89.42,94.37,98.16,98.41,99.05,98.74,102.81,104.36,103.55,110.49,109.67,107.73,107.71,108.97,114.83,108.54,112.52,112.52,109.27,104.71,108.93,101.37,98.15,99.77,104.87,109.83,108.08,104.39,101.70,104.92,98.46,92.98,94.93,103.55,103.93,117.77,122.03,126.66,136.37,127.23,119.94,116.10,110.74,111.12,117.57,110.42,110.75,116.74,131.98,125.46,129.80,114.66,112.19,105.70,106.49,100.26,108.21,117.48,119.14,136.07,132.74,112.56,116.55,114.83,113.08,113.24,121.99,125.63
Producto,0.001253859,01172085,YUCA Y CAMOTE,88.38,90.57,86.03,97.17,100.30,100.32,99.82,94.53,101.14,97.51,92.74,88.82,91.67,94.39,86.01,92.48,103.42,102.04,91.17,89.26,92.96,90.99,90.50,92.11,91.00,94.52,97.33,100.57,100.94,107.89,101.48,105.95,103.18,105.38,110.61,100.00,101.26,104.65,104.66,101.79,108.44,105.57,111.21,100.40,98.09,101.70,105.04,98.32,92.06,99.58,103.64,107.26,102.36,102.91,104.05,103.15,95.16,98.72,98.09,97.42,103.96,101.78,99.04,104.12,106.37,95.17,96.31,99.95,99.95,103.42,101.08,95.85,94.72,95.29,94.81,97.83,95.38,90.12,101.26,108.33,108.55,100.74,96.92,98.27,110.70,107.43,107.42,107.21,109.50,118.82,109.73,100.35,105.37,104.19,98.00,96.00,101.52,98.90,103.20,97.88,91.53,105.65,104.49,114.86,116.45,113.54,105.14,99.78,92.64,98.29,104.15,101.74,105.44,107.13,112.85,118.35,126.22,145.12,134.56,127.37,117.92,117.84,116.71,112.08,112.22,114.08,112.08,116.44,138.25,120.76,132.98,127.99,152.45,151.11,121.03,117.42,119.37,111.17
Producto,0.000295803,01172086,MELLOCO,79.45,75.85,76.79,86.87,83.49,85.87,86.63,83.25,83.50,89.90,95.34,98.08,118.02,102.45,100.37,99.84,107.91,99.90,93.86,91.34,98.55,92.59,104.68,99.31,103.71,112.60,104.84,94.42,97.31,93.05,105.73,107.38,93.29,124.81,137.97,142.92,150.35,118.11,118.98,108.97,94.24,99.10,99.05,97.67,88.02,99.05,131.18,118.96,132.94,115.20,107.27,93.26,96.15,95.23,86.22,87.94,91.95,104.23,112.53,99.54,125.51,83.83,91.26,118.56,146.96,147.02,124.85,124.85,99.09,99.09,103.96,119.01,116.69,113.10,96.91,122.10,130.64,122.10,124.52,129.75,133.23,134.67,153.84,153.84,153.84,153.84,148.22,125.87,122.10,146.64,137.06,153.84,132.05,153.84,159.67,153.84,159.67,153.84,153.84,137.06,130.64,137.06,139.77,139.77,139.77,139.77,139.77,139.77,153.84,139.77,139.77,139.77,139.77,139.77,139.77,139.77,139.77,139.77,146.64,136.60,159.67,191.00,185.28,172.00,159.67,159.67,177.31,204.35,204.35,223.85,230.76,230.76,230.76,230.76,230.76,223.85,205.61,189.29
Subclase,0.001859192,01173,Leguminosas secos y vegetales en conserva,100.34,101.60,105.60,105.34,104.19,104.71,109.25,106.10,105.67,107.18,110.93,111.03,118.06,131.61,134.68,133.86,145.73,149.98,140.91,138.40,146.16,141.71,138.02,138.00,138.49,130.89,130.75,136.81,130.14,130.91,129.16,129.00,126.93,127.90,132.23,122.81,113.53,107.59,107.37,109.09,103.53,98.98,97.32,96.82,97.68,97.81,102.78,95.60,89.41,88.93,91.00,88.15,91.49,87.80,86.73,87.78,89.83,86.83,86.26,85.25,86.59,88.18,91.27,87.89,88.70,91.77,100.57,95.92,97.55,95.40,92.50,87.25,85.45,85.61,87.44,89.59,92.54,97.87,97.49,98.13,101.54,106.76,113.43,117.59,117.20,114.19,118.39,120.55,120.14,118.87,117.79,115.32,119.11,117.87,119.70,122.80,121.72,126.43,127.98,130.33,130.45,131.28,130.85,132.71,132.26,132.24,133.23,129.76,134.99,133.97,136.57,138.87,139.60,138.68,138.54,139.46,137.46,136.61,131.83,131.83,127.65,127.20,127.14,124.23,117.38,114.79,112.77,114.23,111.67,113.01,114.46,109.15,107.36,104.25,98.14,98.16,99.41,100.69
Producto,0.00052416,01173087,FRÉJOL SECO,78.68,79.03,77.32,77.43,77.61,77.95,88.30,90.55,96.54,105.14,105.89,109.31,117.44,137.45,149.51,147.19,157.27,174.37,159.78,149.33,142.37,130.59,123.47,123.66,127.52,115.25,111.55,112.69,113.14,114.05,109.38,107.87,109.10,106.33,101.10,106.71,93.31,78.77,78.60,78.18,79.12,74.86,76.72,76.72,76.19,75.26,80.45,74.28,75.41,74.83,74.77,74.00,76.62,79.69,77.46,75.76,79.96,83.62,84.10,79.49,87.61,89.04,97.01,92.23,92.54,86.55,89.10,103.21,111.18,101.33,98.55,85.19,87.03,83.47,80.74,78.61,77.90,76.16,77.27,75.88,73.11,65.39,65.39,66.93,65.08,71.30,70.79,70.29,70.29,70.45,74.26,72.38,73.22,69.17,81.68,90.95,101.76,113.64,118.21,133.06,137.18,133.45,144.42,135.74,128.82,125.10,129.60,130.47,129.74,131.83,132.55,144.13,146.61,143.55,138.10,136.71,119.00,115.98,107.22,107.22,87.50,89.95,90.14,85.65,79.15,78.59,75.59,87.38,88.64,93.72,100.75,103.71,104.88,107.35,105.63,109.24,115.43,127.89
Producto,0.001077902,01173088,LENTEJA,105.52,107.20,113.59,113.20,111.37,111.97,115.21,110.16,107.75,106.58,111.62,110.67,118.10,131.37,132.13,131.55,145.38,146.11,138.06,137.49,150.67,147.85,145.19,144.82,144.91,137.45,138.32,146.40,137.12,138.15,137.19,137.42,133.38,136.32,144.23,129.07,119.95,115.75,115.56,118.13,110.34,105.17,102.26,102.42,102.93,103.52,109.23,101.15,91.68,91.01,93.96,90.15,94.21,87.68,87.17,88.96,90.70,85.36,84.59,83.94,84.23,85.11,87.07,83.55,84.84,90.71,102.43,91.88,91.57,91.40,88.13,84.91,81.81,83.11,86.52,90.06,94.45,103.10,101.92,103.10,108.75,118.33,127.20,132.64,132.64,126.41,132.67,136.18,136.18,133.86,131.58,128.26,133.65,132.63,131.50,132.63,128.05,131.50,132.11,130.46,129.29,131.32,127.54,132.79,134.16,135.18,135.18,130.02,137.64,135.72,139.07,139.07,139.07,139.07,140.24,142.33,144.61,144.14,140.01,140.01,140.01,138.59,138.59,135.66,128.02,124.52,122.56,121.07,117.43,117.43,117.43,109.01,106.12,100.96,93.00,91.77,91.77,89.85
Producto,0.000113007,01173089,ARVEJA SECA,110.39,110.39,106.94,106.94,108.35,110.05,110.05,110.05,110.05,122.03,122.03,124.99,119.54,119.54,120.84,120.84,120.84,120.84,106.22,109.10,109.10,107.70,102.66,102.66,106.88,110.93,112.13,110.93,110.93,103.32,101.04,101.04,101.04,101.04,101.04,99.71,99.71,102.41,101.15,101.15,96.42,96.42,96.42,89.75,96.42,96.42,90.30,86.07,92.29,95.14,95.14,95.14,93.55,96.22,91.05,94.60,93.34,93.34,93.34,100.67,93.32,100.25,100.25,101.82,101.42,102.59,102.44,98.63,102.46,103.84,103.84,100.05,100.05,100.05,100.05,102.65,102.65,97.49,98.15,100.59,100.75,103.04,113.08,112.96,112.96,114.77,112.17,106.95,102.79,102.79,103.90,102.79,103.80,105.19,108.49,108.49,108.49,108.49,108.49,111.19,112.90,114.20,111.98,111.98,113.11,113.11,113.11,113.11,113.11,110.27,112.29,112.29,112.29,112.29,110.89,110.89,110.89,110.89,110.89,110.89,110.89,111.83,111.83,111.83,112.02,112.02,112.23,112.41,112.41,112.41,111.47,111.47,111.65,111.65,108.67,111.65,111.65,111.65
Producto,0.000144122,01173090,MOTE,113.14,113.14,113.14,112.93,113.95,112.93,114.35,112.52,112.68,113.30,114.11,112.04,119.07,117.69,115.67,117.82,117.09,119.64,127.26,126.91,125.41,127.63,125.30,130.18,116.39,118.79,118.48,122.57,117.28,121.09,121.37,121.37,133.97,121.37,118.02,121.37,121.37,121.37,121.37,121.37,119.75,119.75,119.75,111.35,119.75,117.49,119.75,119.75,119.75,119.75,119.75,119.75,119.49,123.28,122.64,122.64,122.14,122.14,119.01,122.14,114.93,124.24,124.69,126.02,122.45,126.02,126.02,124.95,125.13,125.13,125.13,125.13,125.13,125.13,125.13,125.13,125.13,120.53,125.13,125.13,125.13,125.13,125.13,125.13,125.13,125.13,125.13,125.13,119.34,127.27,119.33,127.27,121.49,128.43,124.37,132.59,129.18,123.26,126.93,133.02,133.02,136.40,136.40,136.40,136.40,137.64,138.55,138.30,138.30,138.55,138.55,134.68,139.73,133.02,139.23,132.78,136.33,139.23,139.23,139.23,139.23,139.23,136.74,139.23,137.15,137.15,137.15,137.15,130.80,137.15,137.15,137.15,137.15,137.15,137.15,137.15,135.46,135.46
Clase,0.008889887,0118,"Azúcar, mermelada, miel, chocolate y dulces de azúcar (ND)",99.48,99.15,99.70,99.27,99.31,99.97,99.20,99.50,99.19,98.78,99.04,98.64,98.28,98.58,97.26,99.90,101.25,100.03,100.97,103.23,103.77,103.64,103.41,103.45,101.05,102.90,102.24,104.27,103.68,102.56,102.84,101.28,101.26,101.22,100.29,102.93,102.24,99.72,100.05,100.26,101.13,97.81,99.47,96.94,100.45,100.17,99.96,99.25,97.19,100.71,101.49,100.41,102.02,94.98,96.43,99.11,98.38,98.99,99.14,98.47,99.08,97.02,97.76,100.09,99.40,100.09,99.45,94.60,98.60,97.51,97.21,94.17,97.18,96.71,94.76,97.66,98.23,96.59,98.89,97.93,98.46,96.94,96.58,93.20,96.44,97.17,99.03,99.98,103.47,103.73,104.53,108.73,108.74,106.35,108.00,108.29,107.80,109.71,111.06,109.38,110.53,111.72,113.58,116.88,117.95,118.07,117.36,116.33,116.43,116.13,115.02,118.11,118.92,118.70,119.50,119.23,118.65,117.16,116.37,113.98,116.51,115.05,112.66,113.30,113.03,109.46,110.88,113.20,113.17,111.28,109.61,108.61,108.24,106.01,107.49,106.38,109.46,106.17
Subclase,0.004630781,01181,Azúcar y sucedáneos del azúcar,98.19,99.15,99.81,98.46,98.31,98.83,98.40,98.31,98.25,97.59,97.69,97.35,98.50,96.85,96.78,97.06,97.54,97.57,95.98,96.52,96.45,96.46,96.13,96.58,97.03,97.31,97.30,99.39,99.05,98.27,99.72,98.29,97.33,97.84,96.28,97.73,97.43,94.57,95.12,95.67,96.28,94.06,93.74,93.42,95.22,96.05,95.82,93.33,92.45,96.22,97.01,95.43,98.26,91.75,89.79,92.03,92.64,92.85,93.10,92.24,93.28,93.67,93.22,93.85,93.63,94.10,94.10,91.02,91.62,90.08,90.89,89.98,89.98,90.36,89.96,89.72,90.04,89.93,91.76,89.93,92.69,91.76,90.45,88.29,91.98,91.98,93.08,91.21,97.82,98.74,99.89,106.72,106.04,107.43,107.19,107.80,107.81,107.86,108.06,107.68,106.58,109.53,115.51,120.10,122.57,120.91,119.23,118.97,119.98,119.98,118.38,119.61,120.70,118.38,121.83,122.14,117.25,117.93,116.52,114.91,116.62,116.23,112.83,110.80,111.88,106.48,106.01,109.80,109.11,105.46,103.26,103.91,103.49,101.24,102.70,100.65,103.12,99.67
Producto,0.004297457,01181091,AZÚCAR,97.82,98.86,99.58,98.11,97.95,98.51,98.05,97.95,97.89,97.12,97.23,96.69,98.12,96.33,96.25,96.55,97.02,97.00,95.60,95.86,95.78,95.82,95.56,96.04,96.53,96.77,96.77,98.99,98.46,97.64,98.99,97.44,96.39,96.95,95.26,96.83,96.50,93.40,93.99,94.69,95.09,92.74,92.49,92.40,94.03,95.22,94.75,92.06,91.10,95.19,96.05,94.60,97.91,90.46,88.32,90.74,91.40,91.63,92.27,90.97,92.09,92.52,92.03,92.72,92.47,92.57,92.57,89.40,90.40,88.47,89.40,88.41,88.41,88.83,88.39,88.39,88.39,88.39,90.38,88.39,91.40,90.38,89.12,86.77,90.62,90.62,92.07,89.99,96.95,97.80,99.27,106.38,105.72,107.15,107.15,107.52,107.52,107.52,107.74,107.52,106.42,109.62,115.82,120.80,123.51,121.81,120.10,119.63,120.66,120.66,118.92,120.26,121.69,119.13,122.84,123.31,118.05,118.53,117.22,115.27,117.10,116.87,112.83,110.62,111.80,105.94,105.44,109.54,108.93,104.83,102.51,103.14,102.60,100.21,101.75,99.68,102.39,98.53
Producto,0.000333324,01181092,SUSTITUTO DEL AZÚCAR,102.47,102.47,102.47,102.47,102.47,102.47,102.47,102.47,102.47,102.95,102.95,104.95,102.95,102.95,102.95,102.95,103.63,104.18,100.38,104.18,104.18,103.81,102.74,102.82,102.82,103.49,103.49,104.03,105.89,105.51,108.13,108.13,108.13,108.13,108.13,108.13,108.13,108.13,108.13,107.04,110.11,109.33,108.13,105.12,108.89,105.71,108.13,108.01,108.03,108.03,108.03,105.03,102.26,106.58,106.80,106.94,106.94,106.94,102.69,106.94,106.94,106.94,106.94,106.90,106.96,111.77,111.77,109.70,105.65,108.68,108.06,108.06,108.06,108.06,108.06,105.06,109.09,107.66,107.66,107.66,107.66,107.66,105.84,105.84,107.76,107.76,104.76,105.36,107.79,109.53,107.06,110.64,109.69,110.64,107.62,111.05,111.14,111.71,111.71,109.47,108.54,108.54,111.90,111.90,111.71,110.53,109.22,111.41,112.12,112.12,112.12,112.06,109.23,109.70,110.20,108.58,108.04,111.00,108.54,110.72,111.05,108.92,112.85,112.85,112.85,112.66,112.57,112.83,111.16,112.72,111.84,112.76,113.79,113.14,113.60,111.79,111.58,112.85
Subclase,0.004259106,01182,"Chocolates, dulces de azúcar y helados",101.13,99.15,99.56,100.30,100.59,101.44,100.23,101.03,100.40,100.31,100.78,100.31,97.99,100.79,97.86,103.54,106.02,103.20,107.39,111.86,113.19,112.88,112.78,112.30,106.23,110.10,108.59,110.55,109.65,108.07,106.87,105.12,106.32,105.56,105.45,109.62,108.43,106.35,106.40,106.16,107.37,102.63,106.85,101.47,107.18,105.46,105.28,106.88,103.28,106.49,107.27,106.83,106.87,99.14,104.97,108.21,105.76,106.90,106.90,106.48,106.54,101.34,103.61,108.12,106.84,107.79,106.34,99.21,107.60,107.06,105.33,99.57,106.44,104.89,100.93,107.88,108.77,105.15,108.06,108.22,105.87,103.61,104.45,99.50,102.17,103.85,106.68,111.27,110.74,110.15,110.51,111.32,112.21,104.96,109.05,108.91,107.80,112.10,114.92,111.57,115.60,114.54,111.11,112.74,112.01,114.41,114.96,112.93,111.85,111.17,110.69,116.20,116.64,119.10,116.49,115.48,120.45,116.17,116.18,112.78,116.36,113.54,112.45,116.52,114.50,113.30,117.16,117.58,118.40,118.77,117.77,114.65,114.35,112.16,113.65,113.76,117.63,114.55
Producto,0.000477936,01182093,CARAMELOS,107.97,98.43,103.29,103.17,106.09,112.09,117.11,110.53,110.53,104.49,107.79,104.49,107.79,104.49,100.71,100.71,100.71,102.07,115.67,118.75,118.75,116.51,116.51,112.74,104.75,109.82,113.81,113.81,109.49,111.48,107.89,111.12,111.12,110.61,110.14,108.65,109.18,109.90,109.90,108.65,110.15,107.77,106.51,105.65,108.10,110.99,109.72,108.24,107.52,104.86,110.32,107.21,108.58,110.93,111.02,111.01,111.01,109.35,109.35,109.35,109.82,109.82,109.82,112.81,108.63,109.99,109.99,109.13,109.53,107.42,105.31,107.84,107.84,106.75,108.23,108.18,108.18,107.67,110.09,110.09,108.95,107.31,108.19,108.19,105.93,105.93,110.25,108.36,110.96,114.19,109.19,114.77,116.23,110.37,115.64,115.64,117.60,118.49,118.49,118.37,114.94,106.05,108.12,106.99,102.13,106.17,103.20,106.30,106.30,106.30,109.04,111.54,113.27,113.27,106.34,106.99,107.31,103.19,108.51,109.26,109.61,108.93,113.83,114.87,115.18,110.74,114.15,110.81,112.22,109.89,112.43,112.15,112.19,115.78,111.47,111.51,108.03,114.90
Producto,0.000942338,01182094,CHOCOLATES,103.84,102.03,104.20,104.20,103.61,103.61,104.20,104.20,104.84,104.84,104.84,104.84,95.24,100.16,104.84,106.36,112.49,113.29,114.87,114.87,114.87,114.87,114.87,114.87,115.09,106.98,106.98,106.98,104.50,111.44,110.51,110.81,108.38,104.77,104.22,104.22,97.74,99.69,99.90,99.07,103.62,103.62,103.62,100.44,104.81,103.44,103.44,103.44,106.91,103.87,103.87,103.87,103.87,103.55,103.64,103.63,105.47,100.59,100.59,98.65,98.65,98.23,98.59,103.65,102.74,103.62,103.73,103.49,103.49,99.29,101.89,101.83,102.34,101.24,103.35,102.55,106.58,101.87,103.29,104.04,104.72,107.29,106.16,106.16,101.58,98.53,103.67,101.90,100.03,101.32,103.33,102.56,105.67,101.37,103.72,109.93,116.46,107.54,114.56,113.34,112.47,113.41,111.45,111.77,115.36,107.99,108.57,112.52,110.87,106.92,109.21,114.91,108.83,111.76,113.90,119.49,121.16,112.86,124.71,121.42,127.01,122.40,123.40,129.58,126.85,122.26,125.51,129.62,132.42,133.10,127.91,131.07,127.08,125.27,120.45,120.16,121.07,120.81
Producto,0.000770055,01182095,CHICLE,99.39,98.06,98.06,98.06,98.06,98.06,98.06,96.16,96.16,96.16,96.16,96.16,96.65,90.83,95.61,95.61,95.61,94.24,94.24,93.78,97.11,97.11,96.55,96.88,96.88,96.55,96.20,95.86,97.35,94.12,94.60,94.60,93.88,93.88,94.21,94.21,94.21,94.21,94.21,94.89,94.89,94.89,94.89,94.89,94.89,94.55,94.55,93.85,93.85,93.85,93.85,93.85,93.85,93.85,93.85,94.55,94.55,94.55,94.55,94.55,94.55,94.55,94.55,95.56,95.56,92.75,91.18,91.18,91.18,95.22,95.22,95.22,95.22,95.22,95.22,95.22,95.22,95.22,95.22,95.22,95.22,95.22,95.22,95.22,95.22,95.22,95.22,95.22,98.10,98.10,98.10,98.10,98.10,98.10,98.10,100.19,97.68,100.29,100.29,103.38,103.38,103.38,100.29,100.29,100.29,103.44,100.29,100.29,100.29,100.29,100.29,100.62,100.62,100.29,100.29,100.29,100.29,100.29,100.29,100.29,100.29,100.29,100.29,100.29,100.29,100.29,100.29,100.29,100.29,100.29,100.29,100.29,100.29,100.29,100.29,100.29,100.29,100.29
Producto,0.002068777,01182096,HELADOS,98.43,98.43,96.80,98.43,98.43,98.43,94.06,98.43,96.80,98.43,98.43,98.43,96.80,103.56,94.56,105.94,108.37,102.07,106.12,114.88,116.52,116.52,116.52,116.52,105.91,116.52,112.23,116.52,116.52,110.50,109.28,104.44,108.39,108.61,108.66,117.98,118.32,112.77,112.77,112.77,112.77,103.41,112.77,103.06,112.45,108.66,108.66,112.77,103.70,112.77,112.77,112.77,112.45,95.42,107.77,114.42,108.36,113.56,113.56,113.56,113.56,102.68,107.34,113.31,112.27,114.49,111.92,97.11,114.84,114.84,110.59,97.59,111.96,109.51,99.65,114.84,114.84,109.50,114.29,114.29,109.32,103.81,105.85,95.31,103.82,108.80,111.13,122.30,120.24,117.40,118.74,119.14,119.14,107.47,113.49,109.53,104.44,116.55,119.28,111.63,121.66,121.66,115.75,119.42,117.66,123.85,126.78,119.68,118.16,118.55,115.62,123.82,127.08,131.07,126.61,121.64,131.37,127.36,120.25,114.31,119.23,115.56,111.30,116.77,113.65,114.58,120.25,120.25,120.25,121.42,120.97,112.93,114.12,109.22,115.96,116.32,125.18,116.65
Clase,0.00425815,0119,Productos alimenticios n.e.p. (ND),95.13,95.89,97.26,97.78,96.19,97.24,96.49,99.30,99.91,99.60,102.48,101.59,99.40,101.29,105.40,104.64,102.88,105.52,106.05,109.44,106.89,106.70,103.02,108.45,111.19,106.46,111.23,113.87,112.90,111.37,113.40,110.81,106.85,105.46,107.22,111.19,113.10,109.46,108.40,108.49,107.38,106.72,108.70,110.65,107.36,108.52,112.40,111.45,111.17,109.56,110.23,107.08,109.40,110.32,107.59,109.77,112.48,114.26,112.31,111.47,114.51,108.06,110.42,114.61,113.93,115.24,114.61,114.00,111.89,112.42,113.85,112.45,111.50,115.18,117.08,112.59,111.28,114.31,118.53,112.09,110.67,112.42,109.90,110.64,117.11,115.15,113.88,113.47,113.13,125.30,122.38,122.29,123.58,121.28,121.91,124.38,125.97,126.66,124.82,126.26,130.43,125.63,129.61,127.79,128.15,125.08,123.01,123.28,126.88,133.52,137.48,138.82,142.04,134.92,128.43,125.16,129.09,124.25,126.00,129.08,129.23,127.21,127.37,126.63,132.83,125.55,123.50,127.10,128.89,123.58,122.82,122.34,126.80,129.80,125.61,122.61,122.01,120.81
Subclase,0.001213178,01191,Condimentos naturales,85.98,91.98,95.91,97.80,90.94,92.13,88.72,89.15,91.07,89.38,98.07,93.27,94.77,92.73,107.65,107.78,98.40,103.67,102.31,111.55,102.04,102.03,104.48,115.55,119.45,103.07,114.04,122.83,118.97,123.03,129.89,117.12,102.81,99.62,107.00,122.62,129.91,115.57,114.20,117.35,105.00,97.68,114.01,112.34,98.45,106.22,124.24,122.50,122.74,113.55,115.69,109.72,115.41,112.69,107.10,105.92,114.83,123.63,114.98,112.53,124.54,103.63,114.87,116.17,116.05,117.32,117.32,117.12,115.80,116.92,116.59,116.07,113.99,127.93,132.05,120.14,112.29,131.29,140.38,109.57,105.54,112.07,103.70,107.23,127.55,124.50,119.53,111.58,100.85,138.31,129.92,123.90,128.21,118.70,115.89,120.04,131.49,130.64,127.43,132.16,149.50,134.45,148.28,138.09,144.76,136.43,132.30,133.26,135.07,159.31,177.40,168.44,180.95,167.58,130.18,120.85,122.97,114.46,124.36,123.31,126.81,128.84,134.76,126.68,142.90,126.84,129.33,123.72,124.57,118.72,107.46,105.16,109.05,134.94,120.37,121.19,106.89,112.81
Producto,0.000331647,01191097,SAL,103.88,105.89,101.92,107.73,107.73,105.27,104.14,104.14,104.45,104.45,106.59,106.59,107.81,110.06,109.76,109.77,109.77,110.99,112.61,111.74,111.99,110.44,112.51,107.18,113.03,114.46,116.82,116.05,119.26,119.07,118.50,118.50,118.50,117.43,117.43,117.43,118.39,118.39,118.39,118.39,118.39,109.62,117.43,118.61,118.61,118.10,115.68,115.68,119.61,118.67,118.67,120.26,119.15,118.04,119.73,119.73,121.77,121.15,122.34,123.31,122.25,114.11,117.15,120.05,123.92,126.89,126.89,126.33,122.65,125.76,124.85,123.40,117.59,124.62,125.12,123.30,123.56,122.78,115.87,119.41,117.99,114.81,114.81,114.81,119.93,121.26,120.76,117.68,115.61,120.11,121.34,123.64,122.57,119.36,123.61,126.79,121.06,119.94,107.23,106.34,125.27,122.46,122.09,121.77,122.42,118.12,113.59,115.31,120.33,126.15,125.68,125.93,116.48,114.00,123.14,123.32,126.03,119.31,119.96,117.03,126.79,128.11,128.11,124.27,123.51,117.88,115.50,117.61,116.59,118.37,114.43,108.02,118.88,125.11,125.40,127.69,129.03,126.92
Producto,0.000881531,01191098,CULANTRO,75.97,84.19,92.55,92.25,81.55,84.78,80.09,80.76,83.59,80.95,93.30,85.83,87.47,83.03,106.48,106.66,92.05,99.57,96.55,111.44,96.48,97.32,99.98,120.23,123.05,96.70,112.48,126.61,118.80,125.25,136.27,116.35,94.04,89.66,101.17,125.52,136.37,114.00,111.86,116.77,97.51,91.00,112.10,108.84,87.17,99.57,129.03,126.32,124.50,110.68,114.02,103.82,113.32,109.69,100.03,98.19,110.95,125.02,110.86,106.49,125.83,97.76,113.60,114.00,111.65,111.97,111.97,111.97,111.97,111.97,111.97,111.97,111.97,129.78,135.93,118.38,105.98,136.06,154.10,104.06,98.58,110.54,97.49,102.99,131.82,126.31,118.84,108.17,92.59,148.50,134.72,124.04,131.37,118.33,111.58,116.27,137.33,136.62,138.73,146.60,163.06,141.16,162.94,147.22,157.26,146.67,142.77,143.31,143.31,177.86,206.33,192.22,217.02,197.56,134.11,119.47,121.26,111.75,126.83,126.83,126.83,129.25,138.49,128.03,153.74,131.86,137.07,127.14,129.04,118.91,103.56,103.56,103.56,140.44,117.55,117.55,94.51,104.92
Subclase,0.001554416,01192,Condimentos y aderezos procesados,98.48,96.20,97.34,97.40,97.31,98.70,100.04,104.28,104.54,104.44,105.43,105.76,98.96,104.67,106.08,106.28,106.53,108.36,109.74,108.57,108.49,108.03,99.43,104.90,109.13,109.18,111.51,113.41,113.46,108.33,111.40,111.49,111.50,111.50,110.61,111.51,109.71,109.62,107.68,110.82,114.46,115.32,113.30,113.27,115.76,116.06,112.85,113.52,111.28,111.11,111.37,109.88,115.08,113.56,111.33,114.14,115.44,114.43,116.00,116.19,114.05,115.39,114.10,117.46,116.43,117.16,116.26,116.28,115.83,116.23,117.96,113.68,112.83,114.41,115.96,112.48,114.56,110.27,114.70,115.31,113.51,114.07,115.56,114.39,116.05,114.78,115.10,119.62,121.27,127.07,125.47,128.16,126.96,128.10,130.58,132.22,128.59,132.98,130.05,131.46,128.06,127.33,129.09,132.60,130.10,122.17,122.67,122.42,125.95,129.05,126.89,129.96,131.00,126.38,129.62,129.08,134.20,131.03,131.92,136.39,133.37,128.37,128.91,128.45,134.48,125.99,118.27,129.73,134.08,124.48,129.09,127.89,138.17,128.62,127.09,123.62,128.21,125.22
Producto,0.000246778,01192099,MAYONESA,104.72,100.51,104.72,104.72,101.28,105.87,105.87,108.87,111.13,111.91,111.91,111.26,105.97,105.97,105.97,105.97,105.97,107.03,107.03,107.03,107.03,107.03,107.03,107.03,107.03,107.03,122.84,126.59,126.96,125.49,125.49,125.88,125.88,125.88,125.88,125.88,125.88,125.88,125.88,125.88,125.88,125.88,125.88,125.88,125.88,125.88,126.16,126.16,126.16,125.46,125.99,125.99,125.72,125.72,126.51,126.51,126.30,126.30,126.54,126.54,126.08,126.15,126.32,127.06,128.04,128.04,128.82,128.39,128.31,126.69,128.31,119.98,117.17,119.59,127.65,122.92,126.38,118.94,123.54,125.22,120.47,125.75,128.75,126.48,128.02,127.89,126.65,125.93,129.51,132.54,132.92,128.03,130.83,138.22,144.85,147.08,141.73,145.98,147.17,141.85,129.61,134.79,148.90,141.54,150.28,133.15,132.72,129.33,139.89,135.98,144.25,140.75,136.82,135.85,133.65,140.44,147.77,135.65,148.25,150.01,136.48,133.21,137.51,151.31,153.15,137.29,122.23,155.39,152.19,138.80,140.38,145.25,163.15,148.64,140.63,137.93,138.45,130.82
Producto,0.000326666,01192100,SALSA DE TOMATE,77.97,75.38,77.97,77.97,77.97,77.97,77.97,77.43,77.97,76.05,78.73,79.00,75.54,75.54,75.54,76.85,76.85,78.14,78.81,78.81,77.71,78.37,78.86,79.20,79.20,78.18,77.97,77.99,78.82,77.07,76.55,77.10,76.58,76.58,76.58,76.73,77.30,76.87,76.60,76.15,76.15,75.95,76.19,76.30,76.13,76.16,75.85,76.65,76.88,75.74,75.81,76.05,76.01,76.01,78.12,78.69,78.61,79.11,79.41,79.37,78.81,78.68,81.11,81.64,79.33,79.33,73.97,80.98,76.08,75.04,76.27,75.22,75.22,68.19,74.31,72.95,74.21,65.14,73.16,71.25,73.26,73.26,73.24,71.98,76.77,76.47,77.92,74.57,76.72,75.03,77.01,78.15,78.56,79.63,82.17,80.69,80.81,85.05,89.11,81.89,88.23,85.30,84.64,84.73,87.00,84.73,87.73,76.44,84.11,86.77,80.69,82.68,87.12,82.99,84.91,81.80,80.50,79.96,86.50,86.42,82.80,80.74,87.10,84.24,88.02,79.07,76.15,87.88,87.45,81.30,76.54,84.30,87.14,82.29,78.38,78.67,80.10,69.51
Producto,0.000100739,01192101,MOSTAZA,98.06,96.59,96.59,96.59,96.59,96.59,96.59,99.93,99.93,103.89,103.89,103.26,105.04,105.52,105.52,105.52,105.52,109.25,109.25,109.25,107.94,109.65,109.65,109.65,95.21,99.76,110.47,110.47,110.47,109.48,108.66,108.66,109.01,109.01,108.64,109.01,109.01,109.01,109.01,109.01,103.34,108.24,108.24,108.70,108.70,106.22,105.48,108.85,108.85,109.00,109.00,107.44,107.44,109.26,108.96,108.96,103.59,108.96,108.96,108.15,108.07,107.52,108.07,109.21,108.91,108.91,104.80,113.27,113.27,106.25,112.18,110.93,109.74,111.55,111.12,103.84,107.17,109.67,111.39,112.36,111.39,111.14,110.52,109.29,109.66,110.18,110.18,107.21,107.26,108.09,111.41,109.03,114.52,118.16,120.10,117.22,124.59,124.42,125.48,129.28,126.42,126.31,120.75,131.96,126.60,125.80,127.17,123.79,127.06,130.33,130.33,133.46,128.72,127.56,126.10,134.69,135.50,131.92,130.21,132.06,129.01,126.71,121.09,128.21,128.77,125.38,129.51,132.05,131.10,110.49,125.57,126.74,122.76,123.53,126.46,118.26,126.27,125.66
Producto,0.000427693,01192102,ALIÑOS PREPARADOS,99.69,99.69,99.69,100.47,102.36,104.18,105.68,105.68,105.38,105.38,105.38,106.54,112.80,112.80,112.80,112.80,112.80,113.17,113.17,113.17,113.17,113.17,106.46,113.17,113.17,112.86,113.01,113.01,112.32,110.33,110.28,110.56,110.94,110.94,108.95,111.18,110.26,110.26,111.05,111.39,111.39,111.37,111.65,106.87,109.76,111.22,110.70,111.72,111.81,110.73,110.98,107.83,111.25,111.14,111.15,111.15,111.15,111.58,111.58,111.68,111.68,112.56,108.39,113.95,112.33,112.10,112.80,112.65,114.31,115.11,115.11,115.11,115.11,115.11,111.76,111.76,115.54,112.59,115.69,115.11,114.59,115.11,115.22,115.22,115.22,115.11,115.11,115.11,115.63,115.74,113.53,115.91,115.91,112.92,112.92,113.25,113.25,113.25,113.25,111.69,113.25,109.38,111.46,114.13,116.37,113.84,114.64,113.13,117.09,117.09,117.09,109.29,120.76,107.19,119.84,119.84,119.84,121.87,119.84,119.84,120.16,120.16,120.16,116.34,118.55,113.93,114.99,118.27,116.08,116.12,119.64,119.46,120.72,119.08,119.08,114.82,111.72,113.35
Producto,0.00045254,01192103,CONDIMENTOS PROCESADOS,107.37,104.20,104.20,103.76,103.59,104.35,107.31,118.54,118.20,117.81,119.21,119.60,97.99,115.44,119.77,119.57,120.34,123.57,127.38,123.81,124.51,122.34,100.79,112.20,128.46,128.46,125.98,130.07,130.07,117.84,127.81,127.35,127.35,127.35,126.24,127.07,121.91,121.91,115.49,125.14,137.63,139.30,132.74,136.18,141.69,142.03,132.80,132.80,125.71,127.01,127.32,125.41,138.87,133.87,125.43,133.71,139.06,134.11,138.63,139.35,133.34,136.96,134.55,139.63,138.77,141.19,141.71,135.90,136.26,139.82,142.31,133.90,132.84,140.48,140.51,134.46,134.80,132.33,136.12,138.60,134.65,133.62,136.89,135.37,136.75,133.07,133.71,150.66,152.38,169.58,164.24,172.74,166.27,167.23,169.83,175.14,164.72,173.69,161.40,172.97,163.65,163.89,162.86,172.36,158.77,145.76,144.73,154.38,151.87,160.81,154.11,169.31,163.74,163.32,163.59,158.78,171.79,167.15,162.06,174.65,174.22,162.12,159.18,154.57,168.10,159.11,142.32,152.04,169.06,154.06,164.30,153.49,175.08,156.44,157.12,152.68,166.30,165.95
Subclase,0.001490556,01193,Preparados alimenticios,98.33,98.64,98.23,98.23,99.02,99.53,98.37,101.31,101.31,101.86,102.41,103.14,103.65,103.98,102.76,100.12,102.00,103.53,104.51,108.82,108.82,108.80,106.25,107.11,107.11,105.82,108.65,107.26,107.36,105.78,102.67,104.94,104.37,102.71,103.25,101.67,103.80,104.38,104.64,98.54,100.62,103.42,98.79,106.08,104.21,101.13,102.38,100.09,101.76,104.47,104.47,101.54,97.64,104.47,103.40,107.50,106.98,106.56,105.65,104.86,107.05,102.62,102.35,109.88,109.15,111.23,110.42,108.71,103.92,104.17,106.61,108.05,107.87,105.93,106.49,106.69,106.44,105.67,105.76,110.18,111.29,110.67,107.91,108.78,110.06,108.12,107.88,107.45,112.96,112.71,112.55,113.82,115.74,115.00,116.09,118.26,118.32,115.74,116.34,115.16,118.10,116.49,115.31,113.65,112.46,119.57,115.99,116.34,121.46,118.37,118.52,125.97,124.44,119.26,125.56,123.81,127.72,123.78,120.05,124.75,126.09,124.49,119.59,124.36,122.77,123.98,125.23,126.58,125.99,126.37,127.42,129.29,127.05,127.14,128.00,122.51,126.51,121.80
Producto,0.000445471,01193104,GELATINA EN POLVO,96.92,96.92,98.06,98.06,98.06,98.06,96.92,98.35,98.35,99.78,99.78,97.76,100.44,100.09,101.31,100.37,101.31,103.47,102.58,109.76,109.76,109.68,104.75,106.58,106.58,108.97,108.97,107.76,108.40,107.30,107.37,108.66,105.14,107.58,105.83,104.36,107.56,108.15,108.41,102.05,107.68,107.78,105.44,110.08,108.38,106.95,103.02,106.11,109.20,108.11,108.11,102.38,106.76,108.93,106.47,108.84,108.21,106.94,103.64,102.33,107.84,105.03,104.22,110.96,109.23,113.27,113.61,112.28,107.28,106.88,104.24,101.84,105.83,108.42,106.26,110.16,111.03,107.86,107.36,112.32,112.41,113.05,116.10,117.05,112.54,109.86,108.93,106.64,112.30,109.62,110.20,113.37,114.77,113.69,115.03,119.51,120.53,112.81,116.16,116.16,123.12,120.50,117.75,121.34,121.20,120.64,120.63,123.45,120.17,118.84,116.73,127.61,122.05,122.16,125.61,125.42,130.40,126.22,125.88,125.88,124.20,120.26,113.04,120.13,120.23,118.50,117.44,120.94,118.51,119.79,117.19,125.58,117.03,123.63,120.85,115.49,115.58,112.99
Producto,7.86191E-05,01193105,ALIMENTOS PREPARADOS PARA BEBÉ,122.10,126.68,126.68,126.68,126.68,117.84,142.77,142.77,142.77,143.82,147.12,152.11,146.40,153.02,153.02,153.02,153.02,158.06,158.50,158.04,158.04,158.04,158.04,158.04,158.04,146.02,157.63,157.63,157.63,148.73,128.50,123.81,123.81,123.81,123.81,123.49,118.16,123.98,124.15,124.15,124.93,124.93,124.93,119.43,115.96,115.60,123.33,123.66,123.66,122.89,122.89,122.89,124.44,119.43,124.09,123.65,119.20,119.20,121.98,116.86,121.98,122.98,122.98,123.77,122.85,124.47,118.59,121.12,117.21,116.28,125.96,125.96,115.57,125.96,116.27,126.32,118.30,122.61,126.32,126.32,126.32,125.16,127.37,109.93,109.04,119.41,120.46,118.22,120.77,120.04,121.57,124.64,119.73,114.07,123.62,124.64,124.64,124.64,121.74,122.15,112.78,113.03,122.15,125.27,120.25,120.25,118.98,113.07,113.92,116.95,117.57,120.00,118.33,116.36,114.53,123.59,124.63,121.53,117.65,120.87,118.17,121.57,116.69,114.35,116.49,116.62,120.37,123.67,119.55,120.35,120.69,120.10,122.77,125.99,126.97,125.69,120.65,124.34
Producto,0.000966466,01193106,SNACKS,96.43,96.43,95.12,95.12,96.43,98.28,94.16,98.28,98.28,98.28,98.84,100.63,100.63,100.63,97.90,94.01,96.63,97.41,99.50,102.75,102.75,102.75,101.24,101.66,101.66,99.52,102.94,101.30,101.10,100.08,97.13,100.74,101.74,97.61,99.48,97.70,100.07,100.07,100.33,93.69,93.92,98.56,92.13,102.34,100.56,96.24,99.67,94.06,95.13,100.36,100.36,98.66,89.52,100.29,99.36,104.92,104.92,104.92,104.92,104.92,104.92,98.97,98.97,107.71,107.57,108.59,107.71,105.31,100.54,101.29,105.76,109.50,108.14,102.29,105.50,102.54,102.54,102.54,102.54,107.16,108.97,107.71,101.14,104.03,108.79,105.88,105.88,106.68,112.46,113.61,112.84,112.84,115.83,115.83,115.83,116.85,116.38,116.38,115.83,113.82,115.89,114.64,113.17,108.04,106.70,118.90,113.07,112.73,123.03,118.27,119.63,125.73,126.47,117.97,126.78,122.94,126.57,122.68,117.06,124.55,128.04,127.18,123.57,127.85,124.89,127.87,130.14,130.06,130.89,130.73,133.89,132.40,133.13,129.23,132.12,126.07,133.28,126.44
Grupo,0.024968117,012,Bebidas no alcohólicas,102.41,102.86,102.97,104.35,105.45,104.97,105.71,105.82,106.09,107.40,106.80,107.32,107.09,110.14,109.35,108.77,109.71,113.27,120.68,120.51,120.91,120.68,120.53,118.19,118.33,117.39,121.75,120.41,119.63,118.54,118.41,118.36,118.03,117.39,121.60,124.92,123.69,124.53,123.65,123.33,124.16,123.28,123.77,122.98,124.07,123.57,122.21,121.14,123.15,122.76,123.59,124.08,124.42,123.81,124.23,124.27,125.53,124.65,123.81,123.88,124.00,123.72,123.99,126.77,126.09,126.13,126.82,124.90,123.09,124.17,126.28,124.36,127.08,126.41,127.25,126.65,124.55,122.88,125.60,127.07,126.36,124.80,127.29,127.79,126.55,126.98,126.10,127.63,123.93,126.59,121.48,124.88,126.10,129.08,129.13,127.26,129.18,126.57,126.95,123.75,130.12,129.56,128.90,129.55,129.05,125.53,126.72,130.73,129.29,128.05,129.20,133.05,130.26,130.70,131.81,133.59,132.61,132.24,133.02,132.98,135.39,133.52,134.86,132.60,137.41,137.78,136.60,136.07,136.72,133.40,132.81,130.37,134.82,132.33,132.41,132.51,133.55,132.48
Clase,0.002292017,0121,"Café, té y cacao (ND)",95.03,98.53,97.46,97.39,96.47,95.59,96.91,96.02,97.52,97.44,98.03,97.54,103.38,99.78,98.61,98.56,98.90,105.17,103.48,103.55,104.66,105.32,104.49,100.99,99.55,104.65,106.36,103.86,106.09,104.68,104.87,104.21,104.43,104.43,102.92,104.39,100.74,103.95,103.72,104.32,104.12,102.80,103.01,103.43,103.27,104.84,100.22,95.66,95.57,99.12,100.15,102.49,98.19,102.21,98.87,101.45,99.85,102.76,100.91,103.07,100.88,99.91,98.33,103.83,102.86,103.99,104.04,104.84,103.65,99.67,101.83,100.86,98.14,98.49,99.89,96.99,99.75,97.00,100.72,99.03,99.68,99.71,99.04,101.13,101.99,102.41,104.34,103.12,102.03,103.58,107.71,106.61,110.79,111.46,112.11,113.19,115.33,115.03,113.64,114.22,113.47,113.89,115.12,114.16,115.36,111.87,115.47,114.96,114.51,115.63,115.83,114.34,116.56,113.14,115.27,117.22,116.61,113.33,117.40,115.06,113.95,117.95,118.48,122.18,127.76,127.18,124.60,124.61,127.05,128.02,128.33,125.40,133.70,135.04,132.90,133.34,134.08,132.98
Subclase,0.002292017,01211,"Café, té y cacao",95.03,98.53,97.46,97.39,96.47,95.59,96.91,96.02,97.52,97.44,98.03,97.54,103.38,99.78,98.61,98.56,98.90,105.17,103.48,103.55,104.66,105.32,104.49,100.99,99.55,104.65,106.36,103.86,106.09,104.68,104.87,104.21,104.43,104.43,102.92,104.39,100.74,103.95,103.72,104.32,104.12,102.80,103.01,103.43,103.27,104.84,100.22,95.66,95.57,99.12,100.15,102.49,98.19,102.21,98.87,101.45,99.85,102.76,100.91,103.07,100.88,99.91,98.33,103.83,102.86,103.99,104.04,104.84,103.65,99.67,101.83,100.86,98.14,98.49,99.89,96.99,99.75,97.00,100.72,99.03,99.68,99.71,99.04,101.13,101.99,102.41,104.34,103.12,102.03,103.58,107.71,106.61,110.79,111.46,112.11,113.19,115.33,115.03,113.64,114.22,113.47,113.89,115.12,114.16,115.36,111.87,115.47,114.96,114.51,115.63,115.83,114.34,116.56,113.14,115.27,117.22,116.61,113.33,117.40,115.06,113.95,117.95,118.48,122.18,127.76,127.18,124.60,124.61,127.05,128.02,128.33,125.40,133.70,135.04,132.90,133.34,134.08,132.98
Producto,0.001295452,01211107,CAFÉ SOLUBLE,93.55,99.11,98.37,97.01,97.01,94.81,94.81,95.08,95.08,93.36,95.08,95.05,104.54,95.89,95.89,96.15,96.15,105.04,103.97,105.09,105.09,106.21,107.35,101.43,96.62,108.20,107.44,103.21,106.99,105.48,105.81,104.54,105.25,105.25,103.21,105.62,99.84,104.95,104.09,105.61,105.61,103.37,103.33,105.06,105.06,106.85,98.27,91.65,91.50,98.41,99.21,103.44,99.78,103.60,98.14,103.23,99.06,103.35,100.71,102.75,100.40,101.71,97.89,103.69,103.29,103.68,104.38,105.85,103.86,98.17,101.80,101.80,98.24,97.24,100.37,93.11,98.11,94.54,97.25,96.91,96.56,96.33,94.17,96.29,97.13,97.13,97.46,97.35,97.21,97.45,105.15,105.24,110.27,111.05,111.79,113.06,116.42,116.42,116.42,119.31,119.21,118.99,117.22,116.22,119.31,116.08,119.31,120.24,116.47,118.87,118.87,116.81,121.65,116.03,120.29,121.09,120.52,114.03,119.44,115.05,114.57,114.74,114.92,119.18,122.65,124.42,124.42,124.87,126.31,130.69,127.52,127.52,133.43,133.43,132.95,132.95,132.56,132.56
Producto,0.000278109,01211108,CAFÉ MOLIDO,99.98,99.98,99.98,99.98,105.41,99.98,99.98,99.98,99.98,99.98,99.98,99.98,99.98,99.98,101.14,103.74,103.18,104.34,104.56,105.44,105.44,105.44,90.10,88.36,109.50,83.39,101.26,101.26,101.26,99.72,99.72,100.02,99.63,99.63,99.63,99.63,99.45,99.98,100.70,99.39,100.82,100.82,100.82,100.82,100.82,100.82,100.59,100.23,100.82,100.18,101.93,101.93,102.34,101.96,102.06,102.06,102.34,102.34,102.34,102.34,102.34,102.34,102.34,103.83,101.85,104.14,101.18,101.63,104.12,100.97,98.92,99.30,100.34,100.34,100.88,106.73,106.73,99.23,109.20,103.56,122.75,122.75,123.37,123.37,123.37,133.92,151.56,146.30,146.19,147.03,143.47,141.40,138.82,147.29,145.29,145.45,147.68,143.26,145.45,132.85,135.85,141.12,146.79,143.46,138.50,144.06,139.78,143.89,155.68,150.36,152.83,157.50,152.46,155.44,151.81,158.05,158.92,159.00,163.39,171.19,169.12,165.99,166.47,182.43,190.31,176.77,181.78,174.02,170.42,176.16,177.39,175.58,184.15,204.08,202.29,202.73,214.54,211.82
Producto,0.000539868,01211109,COCOA,96.47,96.47,93.84,96.88,91.63,94.82,100.21,98.82,101.28,105.09,103.36,101.43,97.30,103.47,103.47,102.01,103.47,107.37,102.97,103.99,104.85,104.85,103.20,103.96,103.96,103.95,107.94,107.94,107.94,106.22,106.20,106.59,104.79,104.79,103.56,104.71,104.61,105.25,106.20,105.58,104.21,104.21,105.14,101.73,101.09,103.19,105.23,103.79,103.22,101.23,103.03,102.31,92.28,99.06,99.31,97.60,101.03,102.61,101.40,105.34,102.02,94.87,97.63,105.24,103.64,102.98,102.29,101.97,104.19,102.43,103.05,98.97,96.18,100.02,98.00,102.12,101.34,100.75,106.72,100.85,100.19,100.91,104.19,103.69,104.59,103.42,105.18,102.52,98.76,103.99,102.94,98.78,104.46,103.01,104.43,105.75,105.75,105.75,99.44,98.98,96.88,96.88,103.89,104.60,102.87,96.42,103.56,99.04,103.12,103.75,103.75,101.53,99.32,98.52,97.78,101.74,99.91,100.91,103.80,102.21,99.37,116.27,118.36,118.89,131.37,128.56,116.36,117.66,124.37,116.78,125.38,113.84,130.97,132.30,124.22,125.92,126.68,122.89
Producto,0.000178588,01211110,HIERBA AROMÁTICA,96.98,99.21,99.21,99.21,99.21,99.21,99.21,92.17,101.18,101.18,101.18,101.18,113.66,113.66,101.18,100.92,101.13,101.13,101.13,92.12,101.13,101.13,100.30,99.49,99.49,99.49,99.49,99.49,99.49,99.49,99.49,99.19,101.87,101.87,101.87,99.46,97.47,97.47,97.47,96.86,97.32,97.32,97.32,99.62,99.62,99.62,99.31,96.51,97.49,97.49,97.49,97.64,100.41,101.82,99.95,99.95,99.95,99.95,99.95,99.95,99.95,99.95,99.95,101.15,99.07,108.24,108.24,108.03,100.80,100.96,100.96,100.96,100.96,100.96,100.96,100.96,100.96,100.96,100.96,104.15,101.49,101.49,99.14,108.71,110.18,110.18,111.56,110.02,109.19,110.02,110.69,110.69,110.69,110.69,110.69,110.69,110.69,110.69,110.69,108.90,105.09,107.11,109.02,105.79,107.13,103.29,105.70,103.27,103.27,102.37,102.72,102.27,104.61,103.60,103.92,104.93,106.11,109.13,107.94,109.13,109.13,109.13,107.94,107.94,107.52,107.06,107.67,107.18,109.13,107.67,107.67,107.67,108.35,105.27,107.56,107.56,107.56,107.56
Clase,0.0226761,0122,"Aguas minerales, refrescos, jugos de frutas y de legumbres (ND)",103.24,103.34,103.59,105.12,106.45,106.01,106.69,106.91,107.05,108.51,107.77,108.41,107.51,111.29,110.54,109.91,110.91,114.17,122.60,122.39,122.72,122.39,122.31,120.10,120.42,118.80,123.46,122.26,121.13,120.08,119.91,119.93,119.55,118.83,123.68,127.20,126.24,126.82,125.86,125.45,126.39,125.56,126.08,125.15,126.39,125.65,124.66,123.97,126.22,125.39,126.19,126.48,127.34,126.22,127.05,126.81,128.39,127.08,126.36,126.20,126.57,126.37,126.84,129.32,128.68,128.59,129.35,127.13,125.26,126.90,129.00,126.98,130.30,129.52,130.30,129.95,127.30,125.76,128.36,130.19,129.33,127.59,130.43,130.76,129.28,129.71,128.52,130.35,126.37,129.15,123.01,126.91,127.80,131.04,131.03,128.82,130.72,127.85,128.43,124.81,131.97,131.31,130.44,131.26,130.57,127.04,127.97,132.48,130.93,129.43,130.69,135.13,131.78,132.66,133.65,135.41,134.39,134.34,134.76,134.98,137.78,135.25,136.68,133.75,138.48,138.96,137.93,137.34,137.79,134.00,133.30,130.92,134.94,132.03,132.36,132.42,133.49,132.42
Subclase,0.0226761,01221,"Aguas minerales, gaseosas, jugos de frutas ",103.24,103.34,103.59,105.12,106.45,106.01,106.69,106.91,107.05,108.51,107.77,108.41,107.51,111.29,110.54,109.91,110.91,114.17,122.60,122.39,122.72,122.39,122.31,120.10,120.42,118.80,123.46,122.26,121.13,120.08,119.91,119.93,119.55,118.83,123.68,127.20,126.24,126.82,125.86,125.45,126.39,125.56,126.08,125.15,126.39,125.65,124.66,123.97,126.22,125.39,126.19,126.48,127.34,126.22,127.05,126.81,128.39,127.08,126.36,126.20,126.57,126.37,126.84,129.32,128.68,128.59,129.35,127.13,125.26,126.90,129.00,126.98,130.30,129.52,130.30,129.95,127.30,125.76,128.36,130.19,129.33,127.59,130.43,130.76,129.28,129.71,128.52,130.35,126.37,129.15,123.01,126.91,127.80,131.04,131.03,128.82,130.72,127.85,128.43,124.81,131.97,131.31,130.44,131.26,130.57,127.04,127.97,132.48,130.93,129.43,130.69,135.13,131.78,132.66,133.65,135.41,134.39,134.34,134.76,134.98,137.78,135.25,136.68,133.75,138.48,138.96,137.93,137.34,137.79,134.00,133.30,130.92,134.94,132.03,132.36,132.42,133.49,132.42
Producto,0.008506284,01221111,AGUA EMBOTELLADA PURIFICADA,102.41,103.62,105.64,106.39,108.65,107.81,109.35,109.19,107.83,110.89,111.11,109.42,111.22,111.11,111.76,110.21,110.80,112.91,113.01,112.32,112.32,112.09,112.32,111.34,106.12,106.54,111.58,112.06,112.40,111.48,111.27,112.98,112.24,112.36,111.61,112.78,112.45,112.27,111.87,112.17,112.19,111.58,112.08,112.06,111.77,112.01,109.55,107.88,109.71,108.87,110.46,111.18,111.50,110.62,110.81,110.69,113.94,112.79,111.32,111.36,113.25,113.09,113.60,113.91,112.71,113.33,111.85,110.47,110.02,107.64,110.69,110.61,113.86,113.68,113.33,114.12,107.75,105.44,111.01,114.98,113.74,112.61,115.46,117.03,120.02,118.86,118.72,120.72,119.39,122.11,119.20,118.73,118.44,120.76,120.75,117.75,124.06,128.11,128.93,121.61,132.23,131.14,130.84,130.22,130.28,126.38,127.52,130.36,130.72,130.99,129.21,130.72,130.76,130.00,133.27,132.86,131.54,132.39,132.02,131.98,135.80,135.41,137.32,136.16,139.73,140.13,140.13,137.91,139.11,137.51,136.75,135.34,134.88,135.18,135.76,135.76,135.42,134.98
Producto,0.008539279,01221112,GASEOSA,105.91,104.86,103.54,107.73,108.68,108.26,108.80,109.42,111.13,111.13,110.34,114.12,107.26,117.66,115.19,115.19,117.10,123.25,141.58,141.58,141.58,141.58,140.05,140.05,141.00,135.90,143.04,138.76,135.36,134.88,135.02,132.75,132.39,130.31,143.67,151.75,149.91,150.86,148.94,149.34,151.31,149.50,149.91,148.75,150.08,150.49,149.77,149.87,154.70,152.48,150.90,150.90,152.24,152.81,152.33,152.52,152.52,150.68,150.77,150.91,149.26,149.26,149.95,155.79,154.71,154.38,154.29,154.29,151.99,153.63,156.29,151.27,157.06,155.41,155.75,154.86,154.93,153.08,155.53,156.23,156.23,151.25,154.71,153.88,146.62,148.84,147.49,148.11,138.66,142.99,130.12,141.34,143.67,149.53,149.53,146.97,145.01,132.64,134.07,133.81,139.84,140.14,136.43,139.29,136.67,131.77,133.68,141.80,137.58,133.51,138.60,144.49,135.96,138.81,137.63,142.31,141.03,140.44,141.93,142.84,146.09,139.37,141.10,134.10,142.13,143.10,140.51,142.85,141.26,132.94,131.59,130.21,137.79,129.93,129.93,130.26,134.62,132.30
Producto,0.001842295,01221113,BEBIDAS ENERGIZANTES E HIDRATANTES,98.43,98.43,96.56,98.76,99.71,99.71,97.02,98.82,98.16,100.35,100.35,99.79,100.35,99.88,98.48,98.62,99.26,100.58,100.66,100.44,99.07,99.17,99.28,90.51,94.80,96.21,95.27,97.01,97.01,95.97,94.03,97.08,97.08,97.01,97.02,97.70,96.93,99.74,98.58,99.15,96.76,98.47,98.27,92.62,97.15,97.77,96.91,96.42,94.91,92.71,94.79,95.99,98.04,97.45,97.43,93.89,97.96,96.67,94.54,91.23,94.24,92.59,93.09,94.56,92.90,89.78,86.97,80.08,83.22,81.52,84.36,81.93,79.54,78.17,83.64,84.66,83.99,85.18,84.57,83.63,84.76,85.20,85.68,85.81,84.82,86.07,84.81,86.99,88.13,88.63,85.80,84.81,86.91,87.44,87.29,87.10,88.47,88.22,86.16,85.99,89.72,86.45,88.86,86.16,86.68,85.23,81.66,86.50,86.90,87.04,88.57,90.00,87.10,83.86,85.20,87.83,87.84,88.34,88.68,87.12,87.34,87.34,87.34,89.45,90.16,89.55,88.58,88.17,87.71,87.06,88.78,88.93,90.35,88.62,89.84,89.03,86.38,86.00
Producto,0.003437513,01221114,JUGO DE FRUTAS,101.70,101.70,101.70,98.06,98.06,98.06,98.06,96.88,98.06,98.06,93.88,93.88,100.14,100.14,100.14,100.14,100.14,100.14,111.97,112.36,115.51,113.69,116.65,107.75,121.43,121.43,121.43,121.91,121.91,118.96,118.96,118.96,118.96,118.96,120.44,120.44,119.78,120.54,120.54,115.33,117.84,117.64,119.00,118.20,121.70,113.84,116.50,116.50,115.16,118.91,123.33,123.33,123.33,116.29,123.33,123.33,123.33,122.43,122.43,122.43,122.43,122.43,122.43,122.43,125.20,125.19,137.46,128.85,121.11,137.49,134.62,134.62,134.62,134.62,137.91,134.62,134.62,134.62,130.44,130.44,127.11,131.18,134.04,134.04,134.04,134.04,129.88,134.89,134.89,134.89,134.89,134.89,134.89,135.40,135.40,135.40,135.40,135.40,135.40,130.56,132.38,131.18,134.79,135.81,137.22,137.22,137.22,137.22,137.22,135.47,135.47,146.08,146.08,148.83,148.83,148.83,148.83,147.19,147.19,147.19,147.19,148.15,148.15,148.15,149.87,149.87,149.87,146.07,150.41,150.41,150.41,140.62,150.41,150.41,150.41,150.41,148.71,148.71
Producto,0.000350728,01221115,REFRESCOS,95.21,95.21,97.48,97.48,95.99,100.54,102.48,108.92,105.61,108.92,110.67,108.44,110.67,110.67,110.67,110.67,110.67,112.01,112.01,115.26,115.26,115.26,115.26,114.61,114.61,114.61,114.61,114.61,114.61,112.26,112.26,108.16,112.26,112.80,112.80,112.80,112.80,112.80,112.80,110.40,112.80,112.80,112.80,113.44,119.30,120.52,119.86,119.86,118.53,118.53,118.53,111.69,117.98,118.65,118.65,117.98,114.45,118.70,118.70,118.70,118.70,116.74,115.31,120.70,120.70,120.70,118.60,116.70,114.67,111.76,114.27,117.86,117.86,117.86,116.30,117.86,117.86,118.60,118.60,118.60,119.32,119.32,117.38,115.77,119.72,119.72,120.37,117.06,116.24,117.72,120.37,120.37,120.37,120.37,120.37,120.37,114.96,120.37,109.91,120.37,123.95,128.14,127.09,131.76,134.72,134.72,134.72,133.85,121.98,130.47,130.47,139.38,139.95,138.79,138.79,138.79,138.79,138.79,138.79,138.79,139.38,139.38,139.38,139.38,139.38,139.38,139.38,138.62,138.62,138.62,138.62,138.62,138.62,138.62,138.62,138.62,138.62,138.62
División,0.006556866,02,"Bebidas alcohólicas, tabaco y estupefacientes",101.82,101.77,105.24,105.98,108.51,108.81,110.80,109.27,110.15,110.15,110.21,111.94,116.53,117.07,118.29,119.36,128.35,131.98,131.63,134.54,130.96,134.11,133.55,133.60,134.03,135.40,133.46,132.49,132.77,132.14,132.28,132.18,132.07,132.06,131.97,131.87,131.92,132.30,132.94,132.41,132.46,132.45,132.13,132.33,133.68,134.12,134.15,133.98,133.71,133.54,133.47,134.07,134.17,133.70,134.53,133.95,133.49,133.49,133.40,133.40,133.42,132.76,132.82,132.86,132.93,134.10,132.91,134.58,134.79,135.27,134.92,134.96,135.62,135.63,135.69,135.69,135.69,136.95,137.46,137.44,137.44,137.98,137.62,138.84,142.63,147.96,146.00,145.81,146.14,146.25,144.79,144.76,146.49,146.53,146.06,146.17,147.63,147.87,149.64,150.40,151.13,150.86,150.74,150.83,150.76,150.64,150.53,150.24,151.28,150.81,152.94,159.22,158.68,158.21,158.32,156.99,156.64,158.54,158.22,158.43,158.83,157.12,158.14,160.05,159.92,159.99,161.72,161.87,161.52,161.36,161.41,161.44,161.39,161.35,162.08,161.89,161.93,161.96
Grupo,0.004615301,021,Bebidas alcohólicas,98.72,98.64,99.09,99.37,99.95,100.38,100.38,100.38,100.38,100.38,100.46,103.02,107.90,108.00,107.95,108.84,121.01,121.09,120.30,124.02,123.95,122.40,122.40,122.25,122.41,122.39,119.52,118.10,117.82,116.90,117.10,116.84,116.80,116.78,116.64,116.49,116.57,116.64,116.67,115.89,115.97,115.94,115.70,115.78,118.69,118.66,118.69,118.44,118.59,118.33,118.23,119.11,118.80,118.66,118.85,118.94,118.26,118.26,118.13,118.13,118.15,116.65,116.74,116.79,116.89,118.15,118.04,120.42,119.86,120.53,120.02,120.08,121.05,121.07,121.16,121.15,121.15,123.01,123.30,123.27,123.27,124.54,124.01,125.80,131.39,139.25,136.00,135.78,136.26,136.42,134.27,134.23,136.79,136.84,136.15,136.34,138.64,135.78,137.28,138.11,139.17,138.74,139.07,139.20,139.10,138.92,138.75,137.89,139.09,138.14,140.14,146.09,143.83,143.33,143.39,141.43,140.92,143.73,143.25,143.56,143.68,141.28,143.25,146.02,145.82,145.58,147.99,148.21,147.69,147.46,147.54,147.58,147.62,147.57,148.63,148.35,148.41,148.46
Clase,0.000845236,0211,Bebidas destiladas (ND),100.14,99.67,102.32,104.00,107.39,109.95,109.95,109.95,109.95,109.95,110.44,111.44,112.45,113.07,112.77,113.10,117.80,118.23,118.23,118.23,117.81,108.60,108.60,107.71,108.71,108.54,91.60,83.18,81.53,76.08,77.23,75.69,75.47,75.38,74.55,73.67,74.12,74.55,74.73,70.08,70.54,70.41,68.94,69.42,70.33,70.14,70.36,68.87,69.74,68.23,67.65,68.71,66.84,66.01,67.15,67.67,67.83,67.78,67.03,67.03,67.16,66.33,66.85,67.19,67.77,67.18,66.50,67.13,67.02,66.95,63.91,64.28,65.92,66.04,66.56,66.51,66.51,67.05,68.75,68.56,68.56,71.91,68.75,67.59,71.52,75.36,74.59,73.25,76.13,77.07,77.07,76.80,79.24,79.56,75.49,76.61,82.30,81.62,81.13,79.19,81.42,78.88,80.81,81.56,80.96,79.90,78.92,77.86,80.94,75.32,78.14,79.48,80.07,80.37,80.75,82.52,79.45,82.72,79.89,81.72,82.41,81.63,81.18,81.23,82.83,81.42,83.19,84.44,81.41,80.00,80.47,80.71,80.95,80.66,82.76,81.10,81.46,81.74
Subclase,0.000845236,02111,Bebidas destiladas,100.14,99.67,102.32,104.00,107.39,109.95,109.95,109.95,109.95,109.95,110.44,111.44,112.45,113.07,112.77,113.10,117.80,118.23,118.23,118.23,117.81,108.60,108.60,107.71,108.71,108.54,91.60,83.18,81.53,76.08,77.23,75.69,75.47,75.38,74.55,73.67,74.12,74.55,74.73,70.08,70.54,70.41,68.94,69.42,70.33,70.14,70.36,68.87,69.74,68.23,67.65,68.71,66.84,66.01,67.15,67.67,67.83,67.78,67.03,67.03,67.16,66.33,66.85,67.19,67.77,67.18,66.50,67.13,67.02,66.95,63.91,64.28,65.92,66.04,66.56,66.51,66.51,67.05,68.75,68.56,68.56,71.91,68.75,67.59,71.52,75.36,74.59,73.25,76.13,77.07,77.07,76.80,79.24,79.56,75.49,76.61,82.30,81.62,81.13,79.19,81.42,78.88,80.81,81.56,80.96,79.90,78.92,77.86,80.94,75.32,78.14,79.48,80.07,80.37,80.75,82.52,79.45,82.72,79.89,81.72,82.41,81.63,81.18,81.23,82.83,81.42,83.19,84.44,81.41,80.00,80.47,80.71,80.95,80.66,82.76,81.10,81.46,81.74
Producto,0.000432603,02111116,AGUARDIENTE DE CAÑA,99.16,97.80,98.11,99.16,101.81,101.81,101.81,101.81,101.81,101.81,103.23,103.23,104.57,106.33,105.46,106.41,112.10,112.54,112.54,112.54,111.32,112.33,112.33,109.93,113.10,112.61,112.27,111.95,111.95,107.18,111.28,111.28,111.28,111.01,109.99,109.99,108.74,109.99,110.51,107.94,110.94,111.53,111.53,111.53,111.53,110.87,110.87,109.86,109.86,107.30,107.30,110.79,107.30,107.30,109.53,109.53,109.53,109.53,109.25,109.25,109.40,109.40,109.40,109.40,109.78,110.29,110.31,109.33,108.86,109.28,101.38,102.31,108.24,108.24,108.24,108.24,108.24,108.16,109.97,111.93,111.93,118.35,111.32,111.32,117.72,123.94,118.85,115.63,122.80,125.50,125.50,124.02,125.37,126.69,116.63,121.39,130.47,128.52,127.11,121.59,127.92,124.98,123.14,126.14,124.78,121.83,121.67,120.00,127.71,117.90,122.63,125.40,128.92,126.65,127.01,131.17,126.74,132.47,128.36,126.54,129.60,129.77,130.34,129.53,130.40,127.69,134.60,136.84,131.68,127.18,128.54,130.03,127.67,127.87,131.35,130.42,131.68,133.09
Producto,0.000412633,02111117,WHISKY,100.67,100.67,104.59,106.61,110.40,114.33,114.33,114.33,114.33,114.33,114.33,115.86,116.70,116.70,116.70,116.70,120.86,121.30,121.30,121.30,121.30,106.60,106.60,106.51,106.35,106.35,80.48,67.69,65.16,59.34,58.89,56.53,56.19,56.19,55.48,54.11,55.48,55.48,55.48,49.69,48.80,48.27,46.02,46.74,48.14,48.22,48.55,46.81,48.15,47.20,46.30,46.06,45.06,43.79,44.34,45.13,45.38,45.30,44.30,44.30,44.42,43.14,43.95,44.46,45.15,43.97,42.91,44.41,44.49,44.16,43.73,43.81,43.14,43.32,44.12,44.05,44.05,44.92,46.55,45.22,45.22,46.91,45.83,44.05,46.66,49.21,50.77,50.44,51.00,51.00,51.00,51.38,54.41,54.19,53.35,52.50,56.37,56.37,56.37,56.37,56.39,54.06,58.02,57.57,57.37,57.33,55.90,55.17,55.76,52.40,54.19,54.76,53.78,55.46,55.84,56.33,54.00,55.94,53.79,57.59,57.01,55.71,54.71,55.24,57.22,56.51,55.51,56.23,54.34,54.60,54.60,54.16,55.80,55.24,56.61,54.55,54.43,54.09
Clase,0.003770064,0213,Cerveza (ND),98.43,98.43,98.43,98.43,98.43,98.43,98.43,98.43,98.43,98.43,98.43,101.31,106.97,106.97,106.97,107.97,121.67,121.67,120.72,125.20,125.20,125.20,125.20,125.20,125.20,125.20,125.20,125.20,125.20,125.20,125.20,125.20,125.20,125.20,125.20,125.20,125.20,125.20,125.20,125.20,125.20,125.20,125.20,125.20,128.52,128.52,128.52,128.52,128.52,128.52,128.52,129.36,129.36,129.36,129.36,129.36,128.52,128.52,128.52,128.52,128.52,126.88,126.88,126.88,126.88,128.52,128.52,131.25,130.60,131.43,131.43,131.43,132.25,132.25,132.25,132.25,132.25,134.39,134.39,134.39,134.39,135.24,135.24,137.63,143.56,152.23,148.48,148.48,148.48,148.48,145.90,145.90,148.48,148.48,148.48,148.48,150.09,146.79,148.69,150.09,150.91,150.91,150.91,150.91,150.91,150.91,150.91,150.09,150.91,150.91,152.74,159.63,156.79,156.13,156.13,153.41,153.41,156.13,156.13,156.13,156.13,153.41,155.87,159.19,158.63,158.63,161.17,161.17,161.17,161.17,161.17,161.17,161.17,161.17,162.02,162.02,162.02,162.02
Subclase,0.003770064,02131,Cerveza,98.43,98.43,98.43,98.43,98.43,98.43,98.43,98.43,98.43,98.43,98.43,101.31,106.97,106.97,106.97,107.97,121.67,121.67,120.72,125.20,125.20,125.20,125.20,125.20,125.20,125.20,125.20,125.20,125.20,125.20,125.20,125.20,125.20,125.20,125.20,125.20,125.20,125.20,125.20,125.20,125.20,125.20,125.20,125.20,128.52,128.52,128.52,128.52,128.52,128.52,128.52,129.36,129.36,129.36,129.36,129.36,128.52,128.52,128.52,128.52,128.52,126.88,126.88,126.88,126.88,128.52,128.52,131.25,130.60,131.43,131.43,131.43,132.25,132.25,132.25,132.25,132.25,134.39,134.39,134.39,134.39,135.24,135.24,137.63,143.56,152.23,148.48,148.48,148.48,148.48,145.90,145.90,148.48,148.48,148.48,148.48,150.09,146.79,148.69,150.09,150.91,150.91,150.91,150.91,150.91,150.91,150.91,150.09,150.91,150.91,152.74,159.63,156.79,156.13,156.13,153.41,153.41,156.13,156.13,156.13,156.13,153.41,155.87,159.19,158.63,158.63,161.17,161.17,161.17,161.17,161.17,161.17,161.17,161.17,162.02,162.02,162.02,162.02
Producto,0.003770064,02131118,CERVEZA ENVASADA,98.43,98.43,98.43,98.43,98.43,98.43,98.43,98.43,98.43,98.43,98.43,101.31,106.97,106.97,106.97,107.97,121.67,121.67,120.72,125.20,125.20,125.20,125.20,125.20,125.20,125.20,125.20,125.20,125.20,125.20,125.20,125.20,125.20,125.20,125.20,125.20,125.20,125.20,125.20,125.20,125.20,125.20,125.20,125.20,128.52,128.52,128.52,128.52,128.52,128.52,128.52,129.36,129.36,129.36,129.36,129.36,128.52,128.52,128.52,128.52,128.52,126.88,126.88,126.88,126.88,128.52,128.52,131.25,130.60,131.43,131.43,131.43,132.25,132.25,132.25,132.25,132.25,134.39,134.39,134.39,134.39,135.24,135.24,137.63,143.56,152.23,148.48,148.48,148.48,148.48,145.90,145.90,148.48,148.48,148.48,148.48,150.09,146.79,148.69,150.09,150.91,150.91,150.91,150.91,150.91,150.91,150.91,150.09,150.91,150.91,152.74,159.63,156.79,156.13,156.13,153.41,153.41,156.13,156.13,156.13,156.13,153.41,155.87,159.19,158.63,158.63,161.17,161.17,161.17,161.17,161.17,161.17,161.17,161.17,162.02,162.02,162.02,162.02
Grupo,0.001941565,022,Tabaco,108.35,108.35,118.18,119.88,126.55,126.55,132.76,128.01,130.73,130.73,130.73,130.73,134.70,136.16,140.06,141.52,143.80,154.92,155.50,156.67,145.73,158.79,157.02,157.51,158.48,162.79,162.79,162.79,164.24,164.24,164.24,164.50,164.24,164.24,164.24,164.24,164.24,165.26,167.20,167.20,167.20,167.20,166.73,167.20,165.26,166.69,166.69,166.69,165.57,165.57,165.57,165.57,166.56,165.37,167.55,165.57,165.57,165.57,165.57,165.57,165.57,166.69,166.69,166.69,166.69,167.69,164.21,164.40,166.25,166.30,166.30,166.30,166.30,166.30,166.30,166.30,166.30,166.30,167.29,167.29,167.29,166.30,166.30,166.30,166.30,166.30,167.06,166.93,166.93,166.93,166.93,166.93,166.93,166.93,166.93,166.88,166.57,173.34,175.67,176.27,176.32,176.37,175.32,175.32,175.32,175.32,175.32,176.25,176.95,177.50,179.91,186.89,189.95,189.53,189.74,189.74,189.74,189.74,189.74,189.74,190.73,190.48,189.49,189.59,189.59,190.33,190.64,190.64,190.64,190.64,190.64,190.64,190.38,190.38,190.38,190.38,190.38,190.38
Clase,0.001941565,0221,Tabaco (ND),108.35,108.35,118.18,119.88,126.55,126.55,132.76,128.01,130.73,130.73,130.73,130.73,134.70,136.16,140.06,141.52,143.80,154.92,155.50,156.67,145.73,158.79,157.02,157.51,158.48,162.79,162.79,162.79,164.24,164.24,164.24,164.50,164.24,164.24,164.24,164.24,164.24,165.26,167.20,167.20,167.20,167.20,166.73,167.20,165.26,166.69,166.69,166.69,165.57,165.57,165.57,165.57,166.56,165.37,167.55,165.57,165.57,165.57,165.57,165.57,165.57,166.69,166.69,166.69,166.69,167.69,164.21,164.40,166.25,166.30,166.30,166.30,166.30,166.30,166.30,166.30,166.30,166.30,167.29,167.29,167.29,166.30,166.30,166.30,166.30,166.30,167.06,166.93,166.93,166.93,166.93,166.93,166.93,166.93,166.93,166.88,166.57,173.34,175.67,176.27,176.32,176.37,175.32,175.32,175.32,175.32,175.32,176.25,176.95,177.50,179.91,186.89,189.95,189.53,189.74,189.74,189.74,189.74,189.74,189.74,190.73,190.48,189.49,189.59,189.59,190.33,190.64,190.64,190.64,190.64,190.64,190.64,190.38,190.38,190.38,190.38,190.38,190.38
Subclase,0.001941565,02211,Tabaco,108.35,108.35,118.18,119.88,126.55,126.55,132.76,128.01,130.73,130.73,130.73,130.73,134.70,136.16,140.06,141.52,143.80,154.92,155.50,156.67,145.73,158.79,157.02,157.51,158.48,162.79,162.79,162.79,164.24,164.24,164.24,164.50,164.24,164.24,164.24,164.24,164.24,165.26,167.20,167.20,167.20,167.20,166.73,167.20,165.26,166.69,166.69,166.69,165.57,165.57,165.57,165.57,166.56,165.37,167.55,165.57,165.57,165.57,165.57,165.57,165.57,166.69,166.69,166.69,166.69,167.69,164.21,164.40,166.25,166.30,166.30,166.30,166.30,166.30,166.30,166.30,166.30,166.30,167.29,167.29,167.29,166.30,166.30,166.30,166.30,166.30,167.06,166.93,166.93,166.93,166.93,166.93,166.93,166.93,166.93,166.88,166.57,173.34,175.67,176.27,176.32,176.37,175.32,175.32,175.32,175.32,175.32,176.25,176.95,177.50,179.91,186.89,189.95,189.53,189.74,189.74,189.74,189.74,189.74,189.74,190.73,190.48,189.49,189.59,189.59,190.33,190.64,190.64,190.64,190.64,190.64,190.64,190.38,190.38,190.38,190.38,190.38,190.38
Producto,0.001941565,02211119,CIGARRILLOS,108.35,108.35,118.18,119.88,126.55,126.55,132.76,128.01,130.73,130.73,130.73,130.73,134.70,136.16,140.06,141.52,143.80,154.92,155.50,156.67,145.73,158.79,157.02,157.51,158.48,162.79,162.79,162.79,164.24,164.24,164.24,164.50,164.24,164.24,164.24,164.24,164.24,165.26,167.20,167.20,167.20,167.20,166.73,167.20,165.26,166.69,166.69,166.69,165.57,165.57,165.57,165.57,166.56,165.37,167.55,165.57,165.57,165.57,165.57,165.57,165.57,166.69,166.69,166.69,166.69,167.69,164.21,164.40,166.25,166.30,166.30,166.30,166.30,166.30,166.30,166.30,166.30,166.30,167.29,167.29,167.29,166.30,166.30,166.30,166.30,166.30,167.06,166.93,166.93,166.93,166.93,166.93,166.93,166.93,166.93,166.88,166.57,173.34,175.67,176.27,176.32,176.37,175.32,175.32,175.32,175.32,175.32,176.25,176.95,177.50,179.91,186.89,189.95,189.53,189.74,189.74,189.74,189.74,189.74,189.74,190.73,190.48,189.49,189.59,189.59,190.33,190.64,190.64,190.64,190.64,190.64,190.64,190.38,190.38,190.38,190.38,190.38,190.38
División,0.076937341,03,Prendas de vestir y calzado,98.34,98.07,97.88,97.84,98.14,97.93,97.59,97.02,97.18,97.01,95.90,95.66,95.68,95.41,95.26,95.25,93.67,92.84,93.06,92.72,92.36,92.34,92.12,92.00,91.74,91.72,90.63,90.41,89.96,89.55,89.43,89.33,88.54,87.35,86.70,87.33,87.38,87.76,87.05,87.07,87.26,87.09,87.02,86.96,86.07,85.82,84.09,83.73,84.31,83.69,83.14,83.21,83.29,82.73,82.43,80.97,80.80,80.79,80.73,79.76,79.73,79.71,79.62,78.80,79.49,78.36,77.59,77.21,77.76,77.60,77.46,77.32,77.30,76.43,76.80,75.97,76.14,75.61,75.90,75.65,75.66,74.14,74.92,74.88,74.69,74.87,74.92,74.41,74.34,75.02,74.84,71.66,72.58,71.96,71.87,71.32,70.62,71.53,71.12,71.06,71.18,70.63,70.19,71.48,70.93,71.13,70.48,70.12,70.37,70.07,69.28,70.08,70.43,70.47,69.88,69.89,69.81,70.06,68.54,69.51,70.43,70.58,70.65,71.08,71.25,71.34,69.87,70.00,70.00,70.04,70.02,70.08,70.09,69.97,68.56,69.66,68.75,69.96
Grupo,0.053402171,031,Prendas de vestir,97.97,97.58,97.24,97.77,97.74,97.73,97.78,97.76,97.90,98.10,97.64,97.77,97.76,97.71,97.55,97.23,96.21,96.38,96.69,96.25,96.35,95.94,96.29,96.19,95.70,95.73,95.09,94.73,94.74,94.49,94.46,94.22,93.39,92.50,92.21,92.76,93.01,93.41,93.11,93.05,93.12,92.92,93.11,93.01,92.48,92.23,90.97,92.10,92.12,92.06,91.56,91.58,91.54,91.42,91.41,91.16,91.16,91.17,91.27,90.51,90.39,90.39,90.26,89.04,90.07,89.59,88.56,87.95,88.06,87.84,87.70,87.59,87.65,87.67,87.72,87.09,87.40,86.60,86.95,86.82,86.96,86.02,85.60,86.10,85.88,86.27,86.22,85.63,86.34,86.32,86.36,83.73,84.91,84.65,84.42,83.70,83.87,83.84,83.40,83.42,83.55,83.50,82.57,83.48,83.65,83.50,83.48,82.68,83.40,83.16,82.74,83.74,84.35,84.32,83.74,83.64,83.67,83.98,82.17,83.70,84.55,84.54,84.65,85.17,85.37,85.38,84.30,84.31,84.32,84.36,84.29,84.34,84.35,84.24,84.25,84.32,84.31,84.19
Clase,0.000806271,0311,Materiales para prendas de vestir (SD),92.58,95.14,95.14,99.76,99.76,99.76,101.60,101.60,101.60,101.60,101.60,101.60,101.60,101.60,101.60,100.63,99.66,98.88,98.88,99.13,99.13,99.13,98.43,98.43,98.43,99.00,99.00,99.68,99.68,99.68,100.26,99.97,99.97,99.97,99.97,99.97,99.97,99.97,99.97,100.82,102.18,102.18,102.18,102.18,102.18,102.18,102.18,102.18,102.18,102.18,102.18,102.18,102.18,102.18,101.52,101.52,101.52,101.52,99.99,99.99,99.99,99.99,99.99,99.99,97.24,96.04,97.16,97.16,96.16,96.16,96.99,101.41,101.41,100.93,100.93,102.83,98.20,98.20,99.46,98.89,98.89,99.46,98.89,98.89,98.89,98.89,98.89,98.89,102.47,101.02,103.07,104.65,104.65,104.65,104.65,104.65,104.65,104.65,104.65,105.25,105.25,105.25,105.25,105.25,105.25,105.25,105.25,105.25,103.87,103.48,103.48,104.07,107.11,107.11,107.11,107.11,107.11,107.11,107.11,107.11,104.15,104.15,104.15,104.15,104.15,104.15,104.15,104.15,104.15,104.15,104.15,104.15,104.15,104.15,104.15,105.40,105.40,105.40
Subclase,0.000806271,03111,"Materiales para prendas de vestir (telas, tejidos)",92.58,95.14,95.14,99.76,99.76,99.76,101.60,101.60,101.60,101.60,101.60,101.60,101.60,101.60,101.60,100.63,99.66,98.88,98.88,99.13,99.13,99.13,98.43,98.43,98.43,99.00,99.00,99.68,99.68,99.68,100.26,99.97,99.97,99.97,99.97,99.97,99.97,99.97,99.97,100.82,102.18,102.18,102.18,102.18,102.18,102.18,102.18,102.18,102.18,102.18,102.18,102.18,102.18,102.18,101.52,101.52,101.52,101.52,99.99,99.99,99.99,99.99,99.99,99.99,97.24,96.04,97.16,97.16,96.16,96.16,96.99,101.41,101.41,100.93,100.93,102.83,98.20,98.20,99.46,98.89,98.89,99.46,98.89,98.89,98.89,98.89,98.89,98.89,102.47,101.02,103.07,104.65,104.65,104.65,104.65,104.65,104.65,104.65,104.65,105.25,105.25,105.25,105.25,105.25,105.25,105.25,105.25,105.25,103.87,103.48,103.48,104.07,107.11,107.11,107.11,107.11,107.11,107.11,107.11,107.11,104.15,104.15,104.15,104.15,104.15,104.15,104.15,104.15,104.15,104.15,104.15,104.15,104.15,104.15,104.15,105.40,105.40,105.40
Producto,0.000806271,03111120,TELAS PARA CONFECCIÓN,92.58,95.14,95.14,99.76,99.76,99.76,101.60,101.60,101.60,101.60,101.60,101.60,101.60,101.60,101.60,100.63,99.66,98.88,98.88,99.13,99.13,99.13,98.43,98.43,98.43,99.00,99.00,99.68,99.68,99.68,100.26,99.97,99.97,99.97,99.97,99.97,99.97,99.97,99.97,100.82,102.18,102.18,102.18,102.18,102.18,102.18,102.18,102.18,102.18,102.18,102.18,102.18,102.18,102.18,101.52,101.52,101.52,101.52,99.99,99.99,99.99,99.99,99.99,99.99,97.24,96.04,97.16,97.16,96.16,96.16,96.99,101.41,101.41,100.93,100.93,102.83,98.20,98.20,99.46,98.89,98.89,99.46,98.89,98.89,98.89,98.89,98.89,98.89,102.47,101.02,103.07,104.65,104.65,104.65,104.65,104.65,104.65,104.65,104.65,105.25,105.25,105.25,105.25,105.25,105.25,105.25,105.25,105.25,103.87,103.48,103.48,104.07,107.11,107.11,107.11,107.11,107.11,107.11,107.11,107.11,104.15,104.15,104.15,104.15,104.15,104.15,104.15,104.15,104.15,104.15,104.15,104.15,104.15,104.15,104.15,105.40,105.40,105.40
Clase,0.049857457,0312,Prendas de vestir (SD),97.99,97.56,97.13,97.56,97.56,97.55,97.60,97.56,97.68,97.88,97.39,97.52,97.51,97.39,97.22,96.89,95.79,95.97,96.33,95.89,95.97,95.49,95.89,95.83,95.33,95.35,94.66,94.24,94.21,93.94,93.97,93.70,92.83,91.88,91.61,92.24,92.48,92.92,92.58,92.50,92.50,92.31,92.50,92.39,91.83,91.61,90.38,91.50,91.46,91.36,90.83,90.86,90.82,90.69,90.65,90.38,90.39,90.40,90.53,89.68,89.56,89.56,89.42,88.11,89.27,88.90,87.75,87.22,87.33,87.12,86.85,86.69,86.72,86.76,86.76,86.15,86.51,85.66,85.99,85.82,85.97,85.00,84.57,85.10,84.91,85.32,85.20,84.53,85.17,85.18,85.18,82.33,83.63,83.32,83.08,82.34,82.55,82.51,82.00,81.99,82.14,82.06,81.12,82.07,82.25,82.10,82.18,81.24,81.99,81.84,81.39,82.37,82.85,82.85,82.21,82.17,82.21,82.53,80.62,82.28,83.22,83.19,83.26,83.80,84.07,84.03,82.89,82.89,82.89,82.92,82.85,82.90,82.90,82.85,82.85,82.87,82.86,82.79
Subclase,0.017546651,03121,Prendas de vestir de hombres de 13 años y más,101.02,100.96,99.85,99.85,99.85,99.85,100.20,100.19,100.19,100.11,100.41,100.41,100.41,100.42,100.42,100.44,100.44,100.78,100.85,100.75,100.68,100.82,100.82,100.92,100.92,101.34,100.06,100.01,100.01,99.73,99.75,99.74,99.52,99.38,99.38,99.14,99.99,101.56,101.56,101.56,101.24,101.13,101.49,101.49,99.76,99.76,98.63,99.38,99.47,98.73,98.73,98.25,98.15,98.15,98.15,98.15,98.15,98.15,98.41,95.83,95.83,95.80,95.41,95.41,96.19,94.85,93.11,93.05,93.13,93.02,92.96,93.02,93.10,93.20,93.20,91.55,92.90,91.90,92.07,92.07,92.12,92.12,91.64,92.07,92.24,91.08,91.89,91.63,91.92,91.92,92.16,85.04,88.49,88.35,88.35,87.40,87.89,87.88,86.61,86.27,86.56,86.20,84.84,86.69,86.78,86.19,86.38,86.60,86.94,86.70,86.48,87.42,87.95,87.95,87.03,86.55,86.56,87.57,85.16,87.47,87.97,87.73,87.94,87.96,87.96,87.96,85.43,85.43,85.43,85.50,85.35,85.47,85.47,85.35,85.35,85.35,85.35,85.35
Producto,0.000998623,03121121,TERNO PARA HOMBRE ,105.53,105.53,105.53,105.53,105.53,105.53,105.53,105.53,105.53,102.92,102.92,102.92,102.92,102.92,102.92,103.77,103.77,102.92,98.13,98.13,98.13,98.13,98.13,98.13,98.13,95.19,91.12,91.12,91.12,91.12,91.12,91.12,83.68,83.44,83.44,81.08,88.71,88.71,88.71,88.71,88.71,88.77,88.77,88.77,88.77,88.77,88.77,89.84,89.84,89.84,89.84,87.53,87.53,87.53,87.53,87.53,87.53,87.53,87.53,87.53,87.53,86.41,74.17,74.17,74.17,74.17,66.71,64.27,64.27,60.66,60.66,62.43,62.43,62.43,62.43,62.43,61.53,60.38,62.06,62.06,62.06,62.06,62.06,62.06,62.06,62.06,62.06,60.98,62.28,62.28,62.73,49.31,52.19,52.19,52.21,52.59,52.59,52.59,52.59,50.52,51.60,51.60,50.51,51.60,51.60,51.60,51.60,50.70,51.34,51.34,50.82,49.86,51.04,51.04,51.27,51.27,51.27,51.27,51.27,50.63,50.63,49.02,49.02,48.41,48.41,48.41,48.41,48.41,48.41,50.62,50.62,50.62,50.62,50.62,50.62,50.62,50.62,50.62
Producto,0.001704297,03121122,CHOMPA PARA HOMBRE,97.56,97.56,97.60,97.60,97.60,97.60,97.60,89.61,89.61,89.61,89.61,89.61,89.61,89.96,89.89,89.89,89.89,87.05,94.86,94.86,94.86,94.86,94.86,94.86,94.86,97.40,97.40,97.40,97.40,97.18,97.18,96.21,96.83,93.22,93.22,89.16,88.55,88.55,88.55,88.55,89.74,89.74,89.74,89.74,89.74,89.74,85.73,79.32,79.32,79.32,79.32,75.86,73.20,73.20,73.20,73.20,73.20,73.20,73.20,73.20,73.20,73.20,73.20,73.20,73.20,73.20,73.20,73.20,72.77,72.77,72.77,72.77,72.77,72.77,72.77,72.77,72.77,71.95,72.86,72.86,72.86,72.86,72.86,72.86,72.74,72.74,72.55,72.55,72.55,72.55,72.46,72.46,69.10,69.10,69.10,65.48,69.10,69.37,67.83,67.24,67.24,64.89,64.06,62.72,61.59,61.59,61.59,59.79,63.30,63.30,62.82,63.66,64.66,64.66,64.66,64.66,64.66,64.87,63.51,63.19,65.91,63.28,63.28,64.51,64.51,64.51,64.51,64.51,64.51,64.51,60.52,63.69,63.69,60.46,60.46,60.46,60.46,60.46
Producto,0.006026933,03121123,PANTALÓN PARA HOMBRE,101.76,101.76,98.92,98.92,98.92,98.92,99.28,99.71,99.71,99.71,100.48,100.48,100.48,100.48,100.48,100.48,100.48,100.48,100.48,100.65,100.48,100.48,100.48,100.48,100.48,100.48,97.53,97.53,97.53,97.10,97.11,97.11,96.99,97.00,97.00,96.90,97.23,97.23,97.23,97.23,97.23,96.16,96.16,96.16,93.35,93.35,93.35,93.35,93.35,93.35,93.35,93.35,93.35,93.35,93.35,93.35,93.35,93.35,93.35,93.35,93.35,93.35,93.35,93.35,94.78,94.62,92.08,92.08,91.97,91.97,91.97,91.97,91.97,91.97,91.97,89.59,92.58,90.91,90.58,90.58,90.58,90.58,90.58,90.58,90.58,87.59,89.32,89.32,89.32,89.32,89.90,76.07,81.36,81.36,81.36,81.36,81.36,80.92,77.81,77.81,77.81,77.81,78.12,78.12,78.12,78.12,78.12,78.12,78.12,78.12,78.46,79.50,79.50,79.50,77.13,75.91,75.91,78.00,75.16,78.01,78.01,78.01,78.27,78.27,78.27,78.27,78.27,78.27,78.27,78.27,78.27,78.27,78.27,78.27,78.27,78.27,78.27,78.27
Producto,0.002695596,03121124,CAMISA PARA HOMBRE,102.43,102.43,102.43,102.43,102.43,102.43,103.77,103.77,103.77,103.77,103.77,103.77,103.77,103.77,103.77,103.77,103.77,105.77,105.77,105.77,105.77,105.77,105.77,105.77,105.77,105.77,105.77,105.45,105.45,105.14,105.14,105.14,105.14,105.14,105.14,105.14,108.36,118.47,118.47,118.47,116.11,116.11,118.47,118.47,116.00,116.00,116.00,116.00,116.00,111.24,111.24,111.24,111.24,111.24,111.24,111.24,111.24,111.24,111.24,104.00,104.00,104.00,104.00,104.00,104.00,96.84,96.84,96.84,96.84,96.84,96.09,96.09,96.09,96.09,96.09,89.83,92.65,92.65,92.65,92.65,92.65,92.65,92.65,92.65,92.65,92.65,92.65,91.03,92.65,92.65,92.65,92.65,92.65,92.65,92.65,92.65,92.65,92.65,92.65,91.03,92.65,90.91,88.61,92.47,92.47,92.47,92.47,92.06,92.01,92.01,90.87,91.19,93.48,93.48,93.48,93.48,93.48,93.48,90.07,94.46,95.62,95.01,95.01,95.01,95.01,95.01,95.01,95.01,95.01,95.01,95.01,95.01,95.01,95.01,95.01,95.01,95.01,95.01
Producto,0.00326054,03121125,CAMISETA PARA HOMBRE,99.64,99.64,99.64,99.64,99.64,99.64,99.64,99.64,99.64,99.64,99.64,99.64,99.64,99.64,99.64,99.64,99.64,100.40,100.40,100.40,100.40,100.40,100.40,100.40,100.40,100.40,100.40,100.40,100.40,100.82,100.82,100.82,100.82,100.82,100.82,100.82,100.82,100.82,100.82,100.82,100.82,102.27,102.27,102.27,101.06,101.06,101.06,101.06,101.06,101.06,101.06,101.06,101.06,101.06,101.06,101.06,101.06,101.06,101.06,94.10,94.10,94.10,94.10,94.10,94.10,94.10,94.10,94.10,94.10,94.10,94.10,94.10,94.10,94.10,94.10,94.10,94.10,94.10,94.10,94.10,94.10,94.10,94.10,94.10,94.10,94.10,94.79,94.79,94.79,94.79,94.79,87.05,94.79,94.79,94.79,90.83,90.83,90.83,90.83,90.83,90.83,90.83,86.87,91.85,92.50,92.50,92.50,92.50,92.50,92.50,92.50,93.48,93.48,93.48,93.48,93.48,93.48,93.48,90.07,93.48,93.48,93.48,93.98,93.98,93.98,93.98,81.82,81.82,81.82,81.82,81.82,81.82,81.82,81.82,81.82,81.82,81.82,81.82
Producto,0.000942582,03121126,MEDIAS PARA HOMBRE,98.06,98.81,98.81,98.81,98.81,98.81,98.81,100.91,100.91,100.91,100.91,100.91,100.91,100.91,100.91,100.91,100.91,99.50,98.37,96.29,96.29,98.59,98.59,100.33,100.33,107.33,107.33,107.33,107.33,106.72,106.81,106.81,106.81,106.81,106.81,107.32,107.32,107.32,107.32,107.32,107.32,107.32,107.32,107.32,107.32,107.32,105.44,107.04,107.04,107.04,107.04,102.38,102.38,102.38,102.38,102.38,102.38,102.38,102.38,102.38,102.38,102.38,102.38,102.38,102.38,101.52,92.71,92.71,95.13,95.13,97.27,97.27,95.57,97.27,97.27,101.52,101.52,101.52,101.33,101.33,101.33,101.33,98.62,101.33,101.33,101.33,101.33,101.81,101.81,101.81,101.81,101.81,101.81,99.46,99.46,99.46,99.46,102.05,102.05,102.05,102.05,102.05,102.05,102.05,102.05,102.05,102.05,102.05,102.05,102.05,102.05,103.43,102.82,102.82,102.82,102.82,102.82,102.82,102.82,107.54,107.54,107.54,107.54,107.54,107.54,107.54,107.54,107.54,107.54,107.54,107.54,107.54,107.54,107.54,107.54,107.54,107.54,107.54
Producto,0.001918079,03121127,ROPA INTERIOR PARA HOMBRE,100.54,99.64,99.64,99.64,99.64,99.64,99.64,99.64,99.64,99.64,99.64,99.64,99.64,99.64,99.64,99.64,99.64,100.33,100.33,99.89,99.89,99.89,99.89,99.89,99.89,99.89,99.89,99.89,99.89,99.01,99.06,99.35,99.63,99.63,99.63,99.63,99.63,99.63,99.63,99.63,99.63,99.63,99.63,99.63,99.63,99.63,92.24,99.63,100.41,100.41,100.41,100.41,100.41,100.41,100.41,100.41,100.41,100.41,102.59,102.59,102.59,102.59,102.59,102.59,104.41,103.48,103.48,103.62,103.62,103.62,103.05,103.05,104.59,104.59,104.59,104.59,102.64,100.32,102.25,102.25,102.65,102.65,99.90,102.25,103.73,103.73,103.73,103.73,103.73,103.73,103.73,106.48,104.77,104.77,104.77,104.77,107.80,107.80,107.80,107.80,107.80,107.80,105.83,107.80,107.80,102.74,104.38,107.60,109.24,107.17,106.03,107.67,108.86,108.86,108.86,108.82,108.86,110.42,110.42,106.63,108.52,108.52,108.52,108.52,108.52,108.52,108.52,108.52,108.52,108.52,108.52,108.52,108.52,108.52,108.52,108.52,108.52,108.52
Subclase,0.018955861,03122,Prendas de vestir de mujeres de 13 años y más,95.48,94.40,94.05,94.47,94.51,94.50,94.30,94.18,94.27,95.18,94.43,95.21,95.39,94.99,94.60,94.18,90.98,91.35,92.20,92.17,92.42,91.81,92.27,92.05,91.60,91.58,91.67,91.68,91.62,91.20,91.27,91.04,88.88,86.66,86.29,88.03,87.99,87.98,87.61,87.37,87.32,87.36,87.52,87.47,87.37,86.78,85.84,86.85,86.89,86.99,86.19,86.96,86.92,86.75,86.61,86.56,86.57,86.57,86.44,86.49,86.60,86.62,86.60,84.91,85.52,86.05,85.06,84.01,84.23,83.65,83.00,83.11,83.11,83.11,83.11,82.00,81.84,80.52,81.26,81.24,81.59,80.20,80.10,80.50,80.34,82.09,81.66,80.60,81.77,81.82,81.75,81.72,81.09,80.48,79.86,78.98,78.91,79.09,79.04,78.45,78.99,79.20,78.14,78.91,79.20,79.32,79.32,77.02,78.69,78.39,77.67,78.88,79.43,79.45,79.15,79.22,79.36,79.34,77.37,78.98,80.54,80.65,80.65,80.52,81.11,81.10,80.33,80.35,80.35,80.36,80.34,80.36,80.36,80.36,80.34,81.51,81.49,81.51
Producto,0.001951006,03122128,TERNO Y VESTIDO PARA MUJER ,91.61,91.61,91.61,91.61,91.61,91.61,90.53,90.80,91.70,90.93,90.41,90.41,92.05,90.45,85.50,80.81,80.71,80.86,80.86,80.86,80.86,80.86,80.86,80.86,75.44,75.44,75.44,75.44,75.44,75.05,75.05,74.50,73.86,72.94,72.94,75.59,75.59,73.61,73.61,71.17,71.17,71.17,71.17,71.17,71.17,72.90,72.90,72.90,72.90,72.90,72.90,72.90,72.90,72.90,72.90,72.00,72.18,72.18,72.18,72.18,72.99,72.99,72.99,75.08,72.99,72.62,72.62,71.01,71.01,70.06,70.06,71.28,71.28,71.28,71.28,68.92,68.92,66.90,67.33,67.33,67.33,67.35,67.35,67.35,67.35,67.35,67.33,66.53,67.33,67.33,67.33,67.33,67.33,67.65,67.65,67.65,67.89,67.89,67.89,67.89,67.89,67.89,67.18,67.18,67.18,67.18,67.18,67.18,67.18,67.18,66.30,67.00,67.18,67.18,67.18,67.18,67.18,67.18,64.12,65.09,66.52,66.52,66.52,66.52,66.52,66.52,62.79,62.79,62.79,62.79,62.79,62.79,62.79,62.79,62.79,65.06,65.06,65.06
Producto,0.000731584,03122129,CHOMPA PARA MUJER,96.74,96.74,96.74,96.74,98.74,89.62,89.62,78.01,78.41,76.49,76.49,78.81,78.46,78.72,78.72,78.60,78.60,78.89,78.48,78.14,78.23,80.94,80.94,80.94,80.94,80.94,80.94,78.35,78.35,77.92,78.62,79.21,79.21,79.21,79.21,73.78,73.78,73.78,74.53,72.90,72.90,72.90,72.37,71.19,72.53,72.53,68.12,69.06,75.36,75.36,75.36,75.36,75.36,74.43,75.55,75.55,75.55,75.55,73.33,73.33,73.25,74.56,73.25,82.72,73.25,73.22,73.22,73.22,73.37,73.22,73.22,73.22,73.22,73.22,73.22,72.48,72.48,71.04,71.58,69.82,69.19,66.90,67.37,67.37,67.37,67.37,67.37,67.37,69.16,69.16,69.16,66.84,69.75,69.75,70.24,65.09,69.94,69.94,66.15,65.77,68.05,68.05,67.47,68.05,68.05,68.19,68.19,65.10,64.92,67.14,67.14,68.60,68.40,68.40,68.40,68.94,68.94,69.11,68.09,71.10,72.17,72.17,72.17,72.17,70.20,70.20,68.26,68.96,68.96,69.15,67.79,69.43,69.43,69.43,69.43,69.43,67.17,69.15
Producto,0.000322062,03122130,FALDA PARA MUJER,98.06,98.06,98.06,98.06,98.06,98.06,98.11,98.07,98.07,98.07,98.07,101.14,101.14,98.51,101.21,101.21,98.86,98.65,104.31,104.31,104.31,98.95,98.81,89.21,89.21,89.21,89.21,89.21,89.21,88.89,88.89,88.89,88.89,88.89,88.89,88.89,88.89,88.89,88.89,88.89,88.89,88.89,88.89,88.89,88.89,83.56,81.25,81.25,81.25,81.25,81.25,81.25,81.25,81.25,74.54,74.54,74.54,74.54,74.54,74.54,74.54,74.54,74.54,74.54,74.54,74.54,74.54,74.54,74.54,74.54,74.54,74.54,74.54,74.54,74.54,74.54,74.54,74.54,74.54,74.54,74.54,74.54,74.54,74.54,74.54,74.54,74.54,74.54,75.84,75.84,75.84,75.84,75.84,75.84,75.84,75.84,75.84,75.84,75.84,75.84,75.84,75.84,75.84,75.84,75.84,75.84,75.84,75.84,75.84,75.84,75.84,76.25,76.25,76.25,76.25,76.25,76.25,76.25,73.46,75.59,76.25,76.25,76.25,76.25,76.25,76.25,62.39,63.10,63.10,63.10,63.10,63.10,63.10,63.10,63.10,63.10,63.10,59.46
Producto,0.005355119,03122131,PANTALÓN Y LICRA PARA MUJER,99.47,95.17,94.02,95.17,95.17,95.49,95.17,95.17,95.17,95.80,93.50,95.80,95.99,95.32,95.32,95.32,93.75,94.19,96.54,96.54,97.00,96.42,97.83,97.83,97.83,97.83,97.98,98.12,97.92,97.41,97.59,96.96,96.96,96.96,97.52,97.52,97.52,97.52,96.21,96.21,96.21,96.21,96.78,94.67,94.67,92.57,90.75,92.57,92.57,92.57,92.57,92.57,92.57,92.57,92.57,92.57,92.57,92.57,92.57,92.57,92.57,92.57,92.57,92.57,92.57,93.62,90.31,87.26,87.98,87.26,85.08,85.08,85.08,85.08,85.08,81.20,80.66,79.15,80.20,80.20,81.41,76.69,76.94,76.94,76.94,76.94,76.94,76.05,76.94,76.94,76.94,76.94,76.94,76.94,76.94,74.76,74.26,74.26,74.26,73.94,75.55,75.44,73.74,75.01,74.09,74.50,74.50,69.98,72.28,72.28,71.36,72.93,73.47,73.47,73.43,73.43,73.43,73.43,72.34,71.14,73.75,73.75,73.75,73.39,73.96,74.26,74.26,74.26,74.26,74.26,74.26,74.26,74.26,74.26,74.26,74.26,74.26,74.59
Producto,0.005380973,03122132,BLUSA PARA MUJER,86.45,86.45,86.45,86.45,86.45,86.45,86.45,86.45,86.45,89.16,89.16,89.16,89.16,89.16,89.16,89.16,80.08,80.08,80.08,80.08,80.08,78.46,78.46,78.46,78.46,78.46,78.46,78.46,78.46,78.18,78.18,78.18,74.19,67.04,65.28,70.10,70.10,70.41,70.41,70.41,70.39,70.39,70.39,72.43,72.43,72.43,72.43,72.43,72.66,72.66,69.78,72.43,72.43,72.43,72.43,72.43,72.43,72.43,72.43,72.43,72.43,72.43,72.43,72.43,68.67,69.41,69.41,69.41,69.41,69.41,69.41,69.41,69.41,69.41,69.41,69.41,69.41,68.11,69.41,69.41,69.41,69.41,69.41,69.41,69.41,74.58,75.90,74.31,76.30,76.30,76.30,76.30,76.30,76.30,76.30,76.30,76.30,76.30,76.30,76.30,76.30,76.30,76.30,76.30,78.20,78.20,78.20,76.83,77.81,77.01,76.05,77.07,78.03,78.03,78.03,78.03,78.03,78.03,75.18,78.62,79.80,80.16,80.16,80.16,81.16,81.16,81.16,81.16,81.16,81.16,81.16,81.16,81.16,81.16,81.16,81.16,81.16,81.16
Producto,0.000453074,03122133,ROPA PARA DORMIR PARA MUJER,98.06,98.06,98.06,98.06,98.06,98.06,98.06,97.67,97.67,97.67,96.92,96.92,96.92,96.92,96.92,96.92,96.92,102.01,102.01,102.01,102.01,102.01,102.01,102.01,102.01,102.01,102.01,102.01,102.01,101.29,101.29,101.29,101.29,101.29,94.32,101.29,101.29,101.29,101.29,101.29,101.29,101.29,101.29,101.29,95.56,95.56,93.90,95.56,95.56,95.56,97.61,97.61,97.61,97.61,97.61,97.61,97.61,97.61,97.61,97.61,97.61,97.61,97.61,97.59,97.61,99.29,98.95,98.95,98.95,98.95,98.95,98.95,98.95,98.95,98.95,98.95,98.95,96.18,96.18,96.18,96.18,96.18,93.11,96.18,96.18,98.24,98.24,98.24,98.24,98.24,93.95,93.95,93.95,92.81,92.81,85.01,85.01,85.01,85.01,79.16,79.16,79.16,77.16,84.01,84.01,84.01,84.01,81.83,83.37,78.96,78.96,80.68,81.90,82.92,69.38,69.38,73.63,73.63,73.63,73.63,73.63,73.63,73.63,73.63,73.63,68.55,63.84,63.84,63.84,63.84,63.84,63.84,63.84,63.84,63.84,63.84,63.84,63.21
Producto,0.004181919,03122134,ROPA INTERIOR PARA MUJER,101.49,102.32,102.32,102.32,102.32,102.32,102.32,102.32,102.32,102.32,102.32,102.32,102.32,102.32,102.32,102.32,102.32,102.72,102.72,102.91,103.66,103.66,103.73,103.73,103.89,103.80,104.00,104.00,104.00,103.56,103.56,103.56,99.81,99.81,99.98,99.98,99.81,99.98,99.98,99.98,99.80,99.95,99.95,99.95,99.95,99.95,99.34,100.48,100.48,100.49,100.49,100.49,100.30,99.66,99.85,99.85,99.85,99.85,99.85,99.85,99.85,99.85,99.85,91.52,99.85,99.85,99.85,99.85,99.85,99.85,99.85,99.85,99.85,99.85,99.85,99.85,99.85,98.88,98.88,98.88,98.88,98.88,97.74,99.07,99.12,99.11,95.72,94.46,95.28,95.28,95.28,95.28,92.49,89.94,87.31,87.31,87.31,88.03,88.03,86.49,86.49,87.27,85.58,86.48,86.48,86.48,86.48,84.62,87.33,87.36,86.98,87.97,88.21,88.21,88.21,88.56,88.56,88.56,86.92,89.98,91.07,91.07,91.07,91.07,91.63,91.63,91.63,91.63,91.63,91.63,91.63,91.63,91.63,91.63,91.63,95.67,95.67,95.67
Producto,0.000580124,03122135,MEDIAS PARA MUJER,106.23,106.23,106.23,109.52,110.12,110.12,110.12,110.12,110.12,110.88,110.88,110.88,109.97,109.97,109.97,109.97,109.97,111.10,112.07,109.12,106.02,111.59,112.60,112.62,112.62,112.62,112.62,112.62,112.62,111.69,111.69,111.85,110.52,108.73,112.44,112.58,112.58,114.33,114.93,114.93,114.93,114.93,114.93,114.93,114.93,114.93,109.92,116.65,111.99,116.30,116.30,116.30,116.30,116.30,114.15,115.41,115.41,115.41,110.48,113.02,114.74,114.74,114.74,114.74,115.41,115.41,115.41,116.07,116.07,103.85,103.85,103.85,103.85,103.85,103.85,116.07,116.07,116.07,116.07,116.07,116.07,117.88,125.24,125.84,118.17,126.65,126.70,128.75,128.75,130.96,131.74,131.74,131.74,131.74,131.70,131.70,131.74,131.74,131.74,131.74,132.93,135.37,133.93,135.37,135.37,135.37,135.37,134.22,135.06,135.06,135.06,138.82,138.88,138.88,138.88,137.76,140.05,139.06,136.48,138.70,139.58,139.58,139.58,138.70,139.53,139.53,139.53,139.53,139.53,139.53,139.53,139.53,139.53,139.53,138.59,138.59,138.59,138.59
Subclase,0.010946625,03123,Prendas de vestir de niños y niñas de 3 a 12 años,99.04,99.04,99.42,100.58,100.51,100.48,100.51,101.19,101.19,100.69,99.76,99.24,98.98,99.21,99.11,98.49,99.01,98.79,98.86,97.72,97.75,96.54,97.73,97.62,96.18,95.67,94.87,93.10,93.10,92.84,92.82,92.65,92.75,92.45,91.94,92.39,92.46,92.12,91.28,91.52,92.08,91.30,91.30,90.92,91.22,91.26,89.20,91.21,90.87,91.36,90.97,90.53,90.64,90.40,90.51,90.61,90.61,90.66,91.02,90.95,90.27,90.27,90.27,87.41,90.27,89.75,89.17,88.95,88.95,89.16,89.16,88.31,88.31,88.31,88.31,89.89,89.74,89.66,89.66,88.97,88.97,88.12,87.09,88.02,87.18,87.79,86.77,86.02,86.43,86.42,86.17,84.77,85.69,85.56,85.55,85.15,85.44,85.03,84.74,86.24,85.59,85.41,85.17,85.65,85.65,85.65,85.72,85.24,85.29,85.36,85.02,85.75,86.11,86.14,85.23,85.65,85.93,85.90,85.20,86.18,86.81,86.94,86.94,89.42,89.59,89.47,89.43,89.43,89.43,89.43,89.40,89.40,89.40,89.38,89.40,87.57,87.57,87.25
Producto,0.000827203,03123136,CHOMPAS DE NIÑAS Y NIÑOS,90.28,90.28,90.28,90.28,90.28,89.14,90.23,90.23,91.69,91.32,87.11,87.11,86.78,86.78,86.78,86.78,86.78,82.16,82.16,82.06,82.22,82.22,82.22,82.22,82.22,82.22,78.19,82.22,82.22,81.64,81.64,74.93,72.78,70.43,70.20,67.47,71.13,71.13,67.74,68.18,68.18,63.02,63.02,63.02,63.10,63.08,58.18,60.55,60.55,60.55,60.55,60.55,61.08,60.95,60.95,60.95,60.95,60.95,60.95,58.58,58.58,58.58,58.58,58.58,58.58,56.86,57.86,57.86,57.86,57.86,57.86,57.86,57.86,57.86,57.86,56.86,56.86,56.70,56.47,56.47,56.47,56.47,55.46,56.06,56.06,53.38,53.38,52.91,53.38,53.38,53.38,49.94,49.94,49.94,49.94,48.76,48.76,48.53,48.53,48.25,49.08,48.81,46.90,47.40,47.40,47.40,47.40,46.99,47.40,46.12,45.58,42.78,42.78,42.78,42.83,42.95,42.96,42.75,40.38,40.67,42.08,42.08,42.08,40.32,42.23,42.23,40.81,40.81,40.81,40.81,39.85,39.85,39.85,39.07,40.01,40.01,40.01,40.01
Producto,0.000466213,03123137,CONJUNTO PARA NIÑAS Y NIÑOS,94.92,94.92,94.92,94.92,94.92,94.92,94.92,94.92,94.92,94.92,89.35,89.35,90.44,90.44,90.44,90.44,90.44,90.44,90.44,80.41,80.41,80.41,80.41,80.41,80.41,80.41,80.41,80.41,80.41,80.41,80.41,80.41,80.41,80.41,80.41,80.41,79.59,79.59,78.91,79.59,79.59,66.50,66.50,66.50,66.50,66.50,66.50,66.50,66.50,66.50,66.50,66.50,66.50,66.50,66.50,68.21,68.21,68.21,68.21,68.21,68.21,68.21,68.21,58.03,68.21,68.21,68.21,63.52,63.52,63.52,63.52,64.02,64.02,64.02,64.02,64.02,64.02,64.02,64.02,64.02,64.02,64.02,64.02,64.02,64.02,64.02,64.02,64.02,64.02,64.02,64.02,53.31,53.31,53.31,53.12,53.12,53.12,53.12,53.12,53.12,53.12,53.12,53.12,53.12,53.12,53.12,53.12,52.02,52.80,52.80,52.80,46.45,42.50,42.50,42.12,42.12,47.09,47.09,41.94,47.09,47.09,47.09,47.09,47.09,47.09,47.09,47.09,47.09,47.09,47.09,47.09,47.09,47.09,47.09,47.09,47.09,47.09,47.09
Producto,0.000971309,03123138,CAMISETA PARA NIÑAS Y NIÑOS,96.44,96.44,96.44,96.44,96.44,96.44,96.44,96.44,96.44,96.44,96.44,96.44,96.44,96.44,95.38,95.38,86.45,86.84,86.84,80.57,80.85,81.01,93.58,93.58,94.45,94.45,86.64,94.45,94.45,93.43,93.43,93.43,93.84,93.84,93.84,93.84,93.85,90.61,84.37,84.37,90.61,90.61,90.61,90.61,90.61,90.61,80.45,90.61,86.90,91.34,88.02,88.02,88.02,85.43,85.43,85.43,85.43,85.43,85.97,85.97,85.97,85.97,85.97,77.41,85.97,85.97,88.54,88.54,88.54,88.54,88.54,88.54,88.54,88.54,88.54,88.54,88.54,88.54,88.54,88.54,88.54,88.54,85.02,87.83,87.83,89.60,78.02,78.02,78.02,78.02,78.02,78.02,78.02,78.02,78.02,78.02,78.02,77.00,77.00,77.94,78.14,78.14,80.09,80.09,80.09,80.09,80.09,80.09,80.09,80.09,80.09,81.51,81.51,81.51,81.51,81.87,81.87,81.83,81.88,81.88,81.88,82.45,82.35,82.35,82.35,82.35,82.35,82.35,82.35,82.35,82.35,82.35,82.35,82.35,82.35,82.35,82.35,82.35
Producto,0.000817812,03123139,BLUSA PARA NIÑAS ,89.59,89.59,89.59,89.59,89.59,89.59,89.59,89.59,89.59,89.59,89.59,87.88,87.88,87.88,87.88,87.88,87.88,88.27,88.27,88.27,88.27,88.27,88.27,88.27,88.27,88.27,88.27,88.27,88.27,87.97,87.97,87.97,87.97,86.30,81.32,87.33,87.33,87.33,87.33,87.33,87.33,87.33,87.33,87.33,87.33,87.33,87.33,87.33,87.33,87.33,86.25,86.25,86.25,86.25,86.25,86.25,86.25,86.25,87.86,87.86,80.37,80.37,80.37,71.80,80.37,80.37,73.80,73.80,73.80,73.80,73.80,73.80,73.80,73.80,73.80,73.80,73.80,73.80,73.80,73.80,73.80,71.19,71.19,71.19,60.03,61.69,61.31,61.31,61.31,61.62,61.31,52.98,63.12,63.12,63.12,60.87,60.87,60.87,60.87,59.81,60.87,60.87,59.34,60.87,60.87,60.87,60.87,59.29,59.29,59.29,57.41,58.76,60.73,59.82,50.05,53.33,53.33,53.33,51.00,52.27,53.26,53.26,53.26,53.26,53.93,52.51,52.51,52.51,52.51,52.51,52.51,52.51,52.51,52.51,52.51,52.51,52.51,48.89
Producto,0.001546831,03123140,PANTALONES PARA NIÑAS Y NIÑOS,101.38,101.38,101.38,102.29,102.29,102.29,102.29,102.29,102.29,102.29,102.29,100.35,97.44,98.89,98.89,94.84,94.84,95.28,95.75,95.37,95.36,95.36,95.36,95.36,84.95,82.14,82.14,82.14,82.14,82.14,81.84,81.92,82.96,82.96,82.96,82.96,82.96,82.65,83.38,83.30,83.30,83.30,83.30,83.30,83.30,83.30,83.30,83.30,83.30,83.89,83.89,83.89,83.89,83.89,83.89,83.89,83.89,83.89,84.61,84.61,84.61,84.61,84.61,79.69,84.61,80.63,79.01,79.33,79.33,79.33,79.33,73.87,73.87,73.87,73.87,73.87,73.87,73.87,73.87,73.87,73.87,69.84,67.61,69.84,69.84,70.38,70.76,69.29,70.76,70.76,69.30,69.66,69.66,69.66,69.66,69.66,69.66,69.66,69.66,68.46,68.46,68.46,67.01,69.19,69.19,69.19,69.19,67.98,67.98,67.98,66.97,68.07,68.94,68.94,68.94,68.94,68.94,68.94,68.94,72.09,73.91,73.91,73.91,73.91,73.91,73.91,73.91,73.91,73.91,73.91,73.91,73.91,73.91,73.91,73.91,73.91,73.91,73.91
Producto,0.000830961,03123141,ROPA INTERIOR PARA NIÑAS Y NIÑOS,103.06,103.06,103.06,103.06,102.25,102.25,102.25,106.49,105.98,100.20,100.20,99.36,99.36,99.36,99.36,99.36,99.36,100.11,100.10,99.93,99.93,85.53,85.21,85.21,85.21,84.22,84.22,84.22,84.22,83.58,83.89,83.89,83.75,82.63,81.94,81.82,81.95,81.95,78.85,81.23,81.23,81.23,81.23,76.84,81.43,81.95,74.47,82.15,82.28,82.28,82.28,82.28,82.28,82.28,83.53,83.53,83.53,84.17,84.78,84.78,84.78,84.78,84.78,84.78,84.78,84.78,84.78,84.78,84.78,87.18,87.18,86.80,86.80,86.80,86.80,87.16,85.37,84.57,84.57,84.57,84.57,84.57,82.29,84.57,86.54,86.90,86.90,86.90,86.90,86.90,86.90,86.90,86.90,85.36,85.36,85.63,86.31,83.17,83.17,85.81,86.54,86.54,86.54,86.54,86.54,86.54,87.30,86.37,86.37,87.62,87.62,89.95,90.60,90.60,90.39,90.13,90.13,89.93,88.27,89.32,91.89,92.87,92.87,92.24,92.99,92.99,92.99,92.99,92.99,92.99,92.99,92.99,92.99,92.99,92.99,93.43,93.43,93.43
Producto,0.00052745,03123142,MEDIAS PARA NIÑAS Y NIÑOS,98.42,98.42,105.37,100.11,100.11,100.11,100.11,106.04,106.04,106.04,96.88,96.88,99.50,99.50,99.50,99.50,99.50,92.41,92.41,93.53,93.53,93.53,95.15,93.21,94.83,94.83,95.21,95.21,95.21,94.01,94.01,94.17,93.65,93.94,93.94,93.94,93.94,93.94,93.94,93.94,93.94,95.79,95.79,95.79,94.00,94.00,87.02,94.00,93.72,93.72,93.72,93.72,95.51,95.51,95.51,95.51,95.51,95.51,95.51,95.51,95.51,95.51,95.51,95.51,95.51,98.10,98.10,98.10,98.10,98.10,98.10,98.10,98.10,98.10,98.10,98.10,98.10,98.10,98.10,85.40,85.40,85.40,82.68,84.94,84.94,89.84,89.84,89.84,93.03,92.38,92.38,92.38,92.38,92.38,92.38,89.06,93.23,92.53,87.16,90.27,90.27,95.94,95.94,95.94,95.94,95.94,95.94,95.94,95.94,95.94,95.94,97.54,97.13,97.13,97.13,99.19,99.19,99.19,99.19,99.19,99.19,99.19,99.19,99.19,99.19,99.19,99.19,99.19,99.19,99.19,99.19,99.19,99.19,99.19,99.19,99.19,99.19,99.19
Producto,0.004958846,03123143,UNIFORME ESCOLAR,101.07,101.07,101.07,104.03,104.03,104.03,104.03,104.03,104.03,104.03,104.03,104.03,104.03,104.03,104.03,104.03,107.01,107.22,107.22,107.22,107.22,107.22,107.22,107.22,107.22,107.22,107.22,101.37,101.37,101.37,101.37,101.37,101.37,101.37,101.37,101.37,101.37,101.37,101.37,101.37,101.37,101.37,101.37,101.37,101.37,101.37,101.37,101.37,101.37,101.37,101.37,100.38,100.38,100.38,100.38,100.38,100.38,100.38,100.38,100.38,100.38,100.38,100.38,100.38,100.38,100.38,100.38,100.38,100.38,100.38,100.38,100.38,100.38,100.38,100.38,103.93,103.93,103.93,103.93,103.93,103.93,103.93,103.93,103.93,103.93,103.93,103.93,102.76,102.76,102.76,102.76,102.76,102.76,102.76,102.76,102.76,102.76,102.76,102.76,105.72,103.80,102.71,102.71,102.71,102.71,102.71,102.71,102.71,102.71,102.71,102.71,103.75,104.29,104.55,104.55,104.55,104.55,104.55,104.55,104.55,104.55,104.55,104.55,110.39,110.39,110.39,110.39,110.39,110.39,110.39,110.39,110.39,110.39,110.39,110.39,106.17,106.17,106.17
Subclase,0.002408319,03124,Prendas de vestir y complementos para niños y niñas de 0 a 2 años,92.18,92.18,91.97,91.97,91.97,91.97,91.97,89.26,90.79,90.85,89.23,88.41,88.05,87.51,87.51,86.93,86.75,86.39,86.23,83.93,83.92,83.69,82.78,82.98,83.10,83.23,81.14,81.18,81.14,81.92,82.10,79.34,79.41,79.41,79.26,78.21,77.50,77.29,77.33,76.46,76.46,76.72,76.72,76.66,76.51,76.51,76.06,76.51,76.29,76.29,73.71,73.71,73.35,73.18,72.99,67.92,67.92,67.92,68.25,68.25,68.25,68.25,68.25,68.25,68.25,68.25,67.10,65.89,65.89,65.89,65.89,65.55,65.55,65.55,65.55,65.56,65.56,65.56,65.45,65.45,65.45,60.97,60.98,61.37,61.51,61.55,61.55,61.55,61.55,61.43,61.56,58.96,62.24,62.24,62.24,62.24,62.24,62.24,62.16,61.80,61.87,61.87,61.37,59.93,60.73,60.73,60.73,60.25,60.17,60.59,60.18,60.85,61.06,60.73,60.63,60.63,59.00,58.99,55.29,56.33,56.87,56.57,56.57,56.59,56.59,56.59,56.59,56.59,56.59,56.59,56.49,56.49,56.49,56.53,56.53,56.53,56.53,56.53
Producto,0.000342909,03124144,CAMISETA PARA BEBÉ,113.25,113.25,113.25,113.25,113.25,113.25,113.25,113.25,113.25,113.25,113.25,110.90,110.90,110.90,110.90,110.90,110.90,105.81,105.81,106.81,106.80,106.33,104.07,104.07,104.07,104.07,105.75,105.75,105.75,103.65,103.65,101.43,101.43,101.43,100.35,100.35,100.35,98.80,99.06,100.61,100.61,100.61,100.61,100.61,100.61,100.61,98.65,100.61,100.61,100.61,100.61,100.61,100.61,100.61,100.61,100.61,100.61,100.61,102.66,102.66,102.66,102.66,102.66,102.66,102.66,102.66,102.66,102.66,102.66,102.66,102.66,102.66,102.66,102.66,102.66,102.66,102.66,102.66,102.66,102.66,102.66,96.50,96.50,96.50,96.50,98.41,98.41,98.41,98.41,98.41,99.42,99.42,99.42,99.42,99.42,99.42,99.42,99.42,99.42,97.36,97.36,97.36,94.27,90.56,95.22,95.22,95.22,92.18,91.13,94.23,91.57,91.14,91.14,89.02,88.48,88.48,88.91,88.82,83.16,85.84,87.58,85.31,85.31,85.49,85.49,85.49,85.49,85.49,85.49,87.18,87.18,87.18,87.18,87.18,87.18,87.18,87.18,87.18
Producto,0.001789506,03124145,ROPA EXTERIOR PARA BEBÉ,87.82,87.82,87.55,87.55,87.55,87.55,87.55,84.14,85.72,85.80,83.76,83.13,82.75,82.08,82.08,81.35,81.35,81.72,81.51,78.53,78.53,78.53,77.76,78.27,78.27,78.43,75.93,75.93,75.93,77.29,77.29,74.91,74.91,74.91,74.91,73.99,73.10,73.10,73.10,71.74,71.74,71.99,71.99,71.91,71.71,71.71,71.71,71.96,71.67,71.67,68.85,68.85,68.85,68.64,68.40,62.02,62.02,62.02,62.02,62.02,62.02,62.02,62.02,62.02,62.02,62.02,60.57,59.43,59.43,59.43,59.43,59.43,59.43,59.43,59.43,59.43,59.43,59.43,59.28,59.28,59.28,55.03,55.20,55.53,55.67,55.39,55.39,55.39,55.39,55.24,55.24,51.97,56.09,56.09,56.09,56.09,56.09,56.09,56.00,56.00,56.00,56.00,56.00,54.68,54.90,54.90,54.90,54.90,54.90,54.90,54.90,56.03,56.03,56.03,56.03,56.03,53.91,53.91,50.21,51.79,51.79,51.79,51.79,51.79,51.79,51.79,51.79,51.79,51.79,51.79,51.67,51.67,51.67,51.67,51.67,51.67,51.67,51.67
Producto,0.000275904,03124146,ROPA INTERIOR PARA BEBÉ,101.20,101.20,101.20,101.20,101.20,101.20,101.20,101.20,104.96,104.96,104.96,104.96,104.10,104.10,104.10,104.10,101.58,101.94,101.94,101.04,101.04,98.66,98.66,95.83,97.52,97.52,92.95,93.53,92.95,92.62,95.10,87.25,88.12,88.12,88.12,83.62,83.62,83.62,83.62,83.62,83.62,84.61,84.61,84.61,84.61,84.61,81.98,81.98,81.98,81.98,77.25,77.25,72.23,72.23,72.23,72.23,72.23,72.23,72.90,72.90,72.90,72.90,72.90,72.91,72.90,72.90,72.90,68.69,68.69,68.69,68.69,63.96,63.96,63.96,63.96,64.18,64.18,64.18,64.18,64.18,64.18,60.31,58.70,60.31,60.81,60.81,60.81,60.81,60.81,60.81,60.81,60.81,60.81,60.81,60.81,60.81,60.81,60.81,60.81,59.54,60.59,60.59,59.30,60.85,60.85,60.85,60.85,59.80,60.69,60.69,59.94,57.58,60.63,59.88,59.52,59.52,59.52,59.52,59.52,51.44,55.72,55.72,55.72,55.72,55.72,55.72,55.72,55.72,55.72,52.50,52.50,52.50,52.50,53.04,53.04,53.04,53.04,53.04
Clase,0.000852245,0313,Otros artículos y accesorios de vestir (SD),94.85,91.10,90.76,90.43,90.82,90.82,90.82,91.57,91.57,89.17,89.17,92.20,89.68,89.68,89.68,89.68,89.68,94.40,94.20,94.20,94.20,92.30,94.20,90.88,89.06,87.56,87.61,88.64,88.64,88.85,88.47,88.47,88.47,88.20,87.49,84.79,86.14,86.14,86.97,86.97,86.97,86.93,86.93,86.95,86.93,85.74,77.66,82.42,85.64,85.64,85.46,85.74,85.74,85.74,86.07,86.07,86.07,86.07,86.05,86.05,85.74,85.74,85.74,85.74,85.74,83.87,86.13,86.13,85.99,86.43,86.43,86.43,86.43,86.16,86.16,82.00,85.86,84.90,86.36,86.33,86.39,83.01,82.16,82.46,83.77,83.77,84.94,84.94,85.14,85.14,85.14,85.14,85.14,84.35,84.35,81.88,83.16,83.16,84.71,82.86,82.21,82.21,80.42,82.21,82.21,81.47,82.21,78.22,81.67,81.67,81.76,83.48,85.88,85.29,85.55,84.27,83.78,84.27,82.75,80.81,83.40,81.01,84.69,84.38,79.41,83.71,83.14,83.14,84.98,81.50,81.50,81.50,81.59,81.59,81.59,81.68,81.68,77.12
Subclase,0.000852245,03131,Accesorios de vestir,94.85,91.10,90.76,90.43,90.82,90.82,90.82,91.57,91.57,89.17,89.17,92.20,89.68,89.68,89.68,89.68,89.68,94.40,94.20,94.20,94.20,92.30,94.20,90.88,89.06,87.56,87.61,88.64,88.64,88.85,88.47,88.47,88.47,88.20,87.49,84.79,86.14,86.14,86.97,86.97,86.97,86.93,86.93,86.95,86.93,85.74,77.66,82.42,85.64,85.64,85.46,85.74,85.74,85.74,86.07,86.07,86.07,86.07,86.05,86.05,85.74,85.74,85.74,85.74,85.74,83.87,86.13,86.13,85.99,86.43,86.43,86.43,86.43,86.16,86.16,82.00,85.86,84.90,86.36,86.33,86.39,83.01,82.16,82.46,83.77,83.77,84.94,84.94,85.14,85.14,85.14,85.14,85.14,84.35,84.35,81.88,83.16,83.16,84.71,82.86,82.21,82.21,80.42,82.21,82.21,81.47,82.21,78.22,81.67,81.67,81.76,83.48,85.88,85.29,85.55,84.27,83.78,84.27,82.75,80.81,83.40,81.01,84.69,84.38,79.41,83.71,83.14,83.14,84.98,81.50,81.50,81.50,81.59,81.59,81.59,81.68,81.68,77.12
Producto,0.000337243,03131147,CORREA,97.17,87.73,87.73,87.73,87.73,87.73,87.73,87.73,87.73,81.70,81.70,89.31,82.97,82.97,82.97,82.97,82.97,84.97,84.97,84.97,84.97,84.97,84.97,84.97,84.97,84.97,85.10,85.10,85.10,85.10,85.10,85.10,85.10,85.10,85.10,85.10,85.10,85.10,85.10,85.10,85.10,85.10,85.10,85.10,85.10,85.10,85.10,85.10,85.10,85.10,85.10,85.10,85.10,85.10,85.94,85.94,85.94,85.94,85.94,85.94,85.17,85.17,85.17,85.17,85.17,80.44,86.14,86.14,86.14,86.83,86.83,86.83,86.83,86.14,86.14,86.14,86.14,86.14,86.83,86.83,86.99,86.83,86.99,87.76,88.90,88.90,88.90,88.90,89.41,89.41,89.41,89.41,89.41,89.41,89.41,89.41,89.41,89.41,89.41,89.41,89.41,89.41,87.52,89.41,89.41,89.41,89.41,87.54,88.88,88.88,88.88,88.93,93.14,93.14,93.79,93.79,92.57,93.79,90.37,94.49,94.25,94.25,95.42,95.42,96.60,96.60,96.60,96.60,96.60,96.60,96.60,96.60,96.60,96.60,96.60,96.60,96.60,96.60
Producto,0.000370466,03131148,GORRA,93.56,93.56,93.56,93.56,93.56,93.56,93.56,94.94,94.94,94.94,94.94,94.94,94.94,94.94,94.94,94.94,94.94,102.24,102.24,102.24,102.24,98.72,102.24,96.07,92.54,90.13,90.13,92.05,92.05,92.05,91.33,91.33,91.33,91.33,90.06,84.98,87.48,87.48,89.03,89.03,89.03,89.03,89.03,89.03,89.03,87.17,72.17,81.01,87.00,87.00,87.00,87.00,87.00,87.00,87.00,87.00,87.00,87.00,87.00,87.00,87.00,87.00,87.00,87.00,87.00,87.00,87.00,87.00,87.00,87.00,87.00,87.00,87.00,87.00,87.00,79.81,87.00,85.38,87.32,87.32,87.32,81.27,80.06,80.06,81.64,81.64,83.82,83.82,83.82,83.82,83.82,83.82,83.82,82.36,82.36,77.76,80.15,80.15,83.02,79.76,78.37,78.37,76.66,78.37,78.37,77.00,78.37,72.56,77.99,77.99,78.45,81.58,82.84,81.79,81.79,79.40,79.40,79.40,79.40,72.62,77.07,72.62,78.60,78.02,67.92,75.90,74.85,74.85,78.26,71.80,71.80,71.80,71.80,71.80,71.80,71.80,71.80,63.32
Producto,0.000144536,03131149,CORBATA,91.32,91.32,86.06,81.09,87.09,87.09,87.09,87.09,87.09,87.09,87.09,87.09,87.09,87.09,87.09,87.09,87.09,87.09,83.97,83.97,83.97,83.97,83.97,83.97,85.18,82.07,82.07,82.07,82.07,85.32,85.32,85.32,85.32,81.14,80.91,81.43,81.43,81.43,81.43,81.43,81.43,80.80,80.80,81.08,80.80,77.75,77.75,77.75,77.75,77.75,74.89,79.22,79.22,79.22,79.22,79.22,79.22,79.22,78.89,78.89,78.89,78.89,78.89,78.89,78.89,78.89,78.89,78.89,76.71,79.34,79.34,79.34,79.34,79.34,79.34,74.75,74.75,73.37,75.45,75.03,75.03,73.95,69.94,69.94,69.94,69.94,69.94,69.94,69.94,69.94,69.94,69.94,69.94,69.94,69.94,69.94,69.94,69.94,69.94,68.45,69.94,69.94,68.14,69.94,69.94,69.94,69.94,68.06,68.06,68.06,65.62,65.85,66.74,66.32,66.32,66.32,66.32,66.32,63.90,64.97,69.50,69.50,69.50,69.50,69.50,69.50,69.50,69.50,69.50,69.50,69.50,69.50,70.89,70.89,70.89,72.30,72.30,72.30
Clase,0.001886198,0314,"Limpieza, reparación y alquiler de prendas de vestir (S)",101.75,102.03,103.67,104.86,104.09,103.98,103.09,103.09,104.29,105.21,105.09,104.29,105.09,106.98,106.98,107.30,107.78,106.79,106.12,105.03,105.69,107.65,106.48,106.64,106.48,107.14,107.14,107.39,108.40,108.40,106.60,107.12,106.58,106.58,105.68,105.68,105.68,105.68,105.68,105.68,106.90,106.46,106.75,106.75,106.51,105.69,105.69,106.21,106.66,107.63,107.63,107.15,107.15,107.15,108.05,108.05,108.05,108.05,108.05,109.07,109.07,109.07,109.07,109.07,109.07,106.59,106.59,103.28,103.90,103.28,105.75,104.43,105.34,105.34,106.74,105.28,106.01,106.01,106.01,107.10,107.10,107.10,107.10,107.10,105.51,105.51,107.13,108.05,109.33,109.33,109.33,109.33,108.23,109.33,109.33,109.33,108.23,108.23,108.68,109.74,109.74,110.66,109.65,109.65,109.65,109.65,106.82,110.42,110.42,107.79,107.79,109.15,111.49,110.72,111.11,109.88,109.88,109.88,109.88,109.63,109.63,110.95,110.95,111.71,112.13,111.71,111.71,111.71,111.47,113.02,113.02,113.02,113.51,111.50,111.71,112.62,112.62,112.62
Subclase,0.001886198,03141,"Limpieza, reparación y alquiler de prendas de vestir",101.75,102.03,103.67,104.86,104.09,103.98,103.09,103.09,104.29,105.21,105.09,104.29,105.09,106.98,106.98,107.30,107.78,106.79,106.12,105.03,105.69,107.65,106.48,106.64,106.48,107.14,107.14,107.39,108.40,108.40,106.60,107.12,106.58,106.58,105.68,105.68,105.68,105.68,105.68,105.68,106.90,106.46,106.75,106.75,106.51,105.69,105.69,106.21,106.66,107.63,107.63,107.15,107.15,107.15,108.05,108.05,108.05,108.05,108.05,109.07,109.07,109.07,109.07,109.07,109.07,106.59,106.59,103.28,103.90,103.28,105.75,104.43,105.34,105.34,106.74,105.28,106.01,106.01,106.01,107.10,107.10,107.10,107.10,107.10,105.51,105.51,107.13,108.05,109.33,109.33,109.33,109.33,108.23,109.33,109.33,109.33,108.23,108.23,108.68,109.74,109.74,110.66,109.65,109.65,109.65,109.65,106.82,110.42,110.42,107.79,107.79,109.15,111.49,110.72,111.11,109.88,109.88,109.88,109.88,109.63,109.63,110.95,110.95,111.71,112.13,111.71,111.71,111.71,111.47,113.02,113.02,113.02,113.51,111.50,111.71,112.62,112.62,112.62
Producto,0.001067272,03141150,CONFECCIÓN Y REPARACIÓN DE PRENDAS DE VESTIR,99.79,100.17,102.44,104.08,103.02,101.78,100.55,100.55,103.30,104.56,103.30,103.30,103.30,103.30,103.30,103.75,103.75,103.75,102.11,100.60,101.01,103.70,102.08,102.30,102.10,103.72,103.72,104.07,104.07,104.07,102.98,103.70,102.95,102.95,101.70,101.70,101.70,101.70,101.70,101.70,103.39,102.79,103.18,103.18,102.85,101.72,101.72,101.72,101.72,103.06,103.06,102.39,102.39,102.39,103.64,103.64,103.64,103.64,103.64,105.04,105.04,105.04,105.04,105.04,105.04,104.17,104.17,99.61,100.46,99.61,100.46,98.64,99.22,99.22,101.16,99.13,100.14,100.14,100.14,101.65,101.65,101.65,101.65,101.65,99.45,99.45,101.69,102.96,103.29,103.29,103.29,103.29,101.76,103.29,103.29,103.29,101.76,101.76,101.10,102.57,102.57,104.90,103.52,103.52,103.52,103.52,103.52,104.57,104.57,102.70,102.70,104.57,104.57,103.52,103.52,103.52,103.52,103.52,103.52,103.17,103.17,103.17,103.17,104.22,104.22,104.22,104.22,104.22,103.89,103.89,103.89,103.89,104.57,103.35,102.08,102.08,102.08,102.08
Producto,0.000818926,03141151,LIMPIEZA Y LAVADO DE PRENDAS DE VESTIR,106.90,106.90,106.90,106.90,106.90,109.80,109.80,109.80,106.90,106.90,109.80,106.90,109.80,116.66,116.66,116.66,118.40,114.81,116.66,116.66,118.01,118.04,118.04,118.04,118.01,116.13,116.13,116.13,119.77,119.77,116.13,116.13,116.13,116.13,116.13,116.13,116.13,116.13,116.13,116.13,116.13,116.13,116.13,116.13,116.13,116.13,116.13,118.01,119.65,119.65,119.65,119.65,119.65,119.65,119.65,119.65,119.65,119.65,119.65,119.65,119.65,119.65,119.65,119.65,119.65,112.96,112.96,112.96,112.96,112.96,119.65,119.65,121.44,121.44,121.44,121.44,121.44,121.44,121.44,121.44,121.44,121.44,121.44,121.44,121.44,121.44,121.44,121.44,125.24,125.24,125.24,125.24,125.24,125.24,125.24,125.24,125.24,125.24,128.63,128.63,128.63,125.80,125.80,125.80,125.80,125.80,115.51,125.80,125.80,121.21,121.21,121.21,129.68,129.68,131.08,126.62,126.62,126.62,126.62,126.62,126.62,131.42,131.42,131.42,132.94,131.42,131.42,131.42,131.42,137.04,137.04,137.04,137.04,132.94,137.04,140.35,140.35,140.35
Grupo,0.02353517,032,Calzado,99.09,99.07,99.22,97.99,98.96,98.35,97.20,95.50,95.67,94.76,92.29,91.28,91.38,90.64,90.51,91.13,88.38,85.48,85.53,85.38,84.08,84.85,83.46,83.28,83.53,83.40,81.36,81.44,80.04,79.29,78.96,79.17,78.45,76.66,75.25,76.04,75.69,76.04,74.46,74.66,75.09,74.98,74.39,74.39,72.77,72.51,69.79,66.33,68.10,66.29,65.65,65.83,66.15,64.68,63.79,59.82,59.27,59.21,58.82,57.44,57.58,57.53,57.50,57.53,57.52,55.03,54.79,54.89,56.39,56.32,56.20,55.98,55.79,53.09,54.12,52.87,52.74,52.78,52.96,52.44,52.20,49.46,52.73,51.57,51.46,51.20,51.44,51.09,49.40,51.54,50.90,46.59,46.99,45.61,45.78,45.61,43.11,45.96,45.61,45.40,45.48,43.90,44.47,46.57,44.53,45.44,43.48,44.04,43.31,42.88,41.32,41.70,41.52,41.71,41.09,41.32,41.02,41.16,40.23,40.03,41.10,41.60,41.57,41.80,41.91,42.16,39.89,40.28,40.25,40.31,40.36,40.46,40.47,40.31,35.96,39.20,36.41,40.41
Clase,0.023028098,0321,Zapatos y otros calzados (SD),99.11,99.09,99.23,97.97,98.96,98.34,97.16,95.42,95.57,94.60,92.08,91.05,91.14,90.39,90.26,90.89,88.09,85.12,85.17,84.73,83.40,84.19,83.05,82.87,83.13,83.00,80.91,80.99,79.56,78.79,78.46,78.67,77.93,76.11,74.66,75.47,75.12,75.47,73.86,74.06,74.50,74.39,73.78,73.79,72.13,71.86,69.14,65.60,67.43,65.57,64.92,65.09,65.42,63.92,63.01,58.95,58.39,58.33,57.93,56.51,56.66,56.61,56.58,56.61,56.60,54.05,53.90,54.06,55.59,55.52,55.50,55.28,55.08,52.33,53.37,52.09,51.97,52.00,52.19,51.65,51.41,48.61,51.95,50.77,50.66,50.43,50.68,50.32,48.59,50.62,49.95,45.55,45.95,44.54,44.72,44.55,41.99,44.91,44.55,44.43,44.52,42.90,43.47,45.62,43.54,44.39,42.38,42.96,42.21,41.77,40.13,40.52,40.34,40.53,39.89,40.14,39.87,40.02,39.06,38.86,39.95,40.47,40.44,40.67,40.78,41.04,38.72,39.11,39.08,39.14,39.20,39.30,39.31,39.14,34.70,38.02,35.17,39.24
Subclase,0.009831308,03211,Zapatos de hombres de 13 años y más,102.55,102.55,102.55,102.55,102.84,102.02,98.91,98.91,100.08,97.20,96.56,96.38,96.69,96.53,96.22,96.57,96.22,92.17,92.99,93.54,93.18,91.14,91.14,91.57,91.74,91.35,91.35,91.35,91.47,91.15,90.06,90.15,90.87,88.24,88.19,92.13,91.06,91.64,89.80,89.36,89.36,89.28,89.36,89.25,87.18,87.19,84.09,78.14,81.47,81.29,81.29,81.29,81.18,79.14,79.14,71.70,71.40,71.40,71.64,69.36,69.93,69.74,69.74,69.74,69.76,65.57,66.58,67.36,69.21,69.19,69.19,69.19,69.18,64.02,65.58,62.60,62.60,63.84,63.86,63.18,64.10,61.63,65.42,62.41,62.06,61.53,61.22,60.96,57.76,61.04,60.27,54.42,54.45,50.62,51.34,51.31,48.40,51.89,51.03,51.05,51.03,49.13,49.55,52.74,50.66,51.15,47.93,49.88,48.72,48.40,46.20,45.73,45.72,46.19,46.19,46.04,45.24,45.86,45.28,45.11,47.65,48.07,48.00,48.37,48.42,49.11,46.19,46.19,46.35,47.00,47.11,47.11,47.11,47.11,42.31,45.31,43.15,48.47
Producto,0.003482311,03211152,CALZADO PARA HOMBRE,99.47,99.47,99.47,99.47,100.34,98.11,89.68,89.68,93.38,91.39,89.67,89.67,89.67,89.67,89.67,89.67,89.67,78.74,81.01,81.01,77.47,76.55,76.55,77.68,78.18,75.97,75.97,75.97,75.97,75.30,72.29,73.17,73.17,72.12,72.12,82.31,82.31,81.63,82.16,80.98,80.98,80.77,80.98,80.67,77.33,77.33,77.33,76.50,76.47,76.47,76.47,76.47,76.47,78.55,78.55,78.55,78.55,78.55,79.25,76.45,78.00,78.00,78.00,78.00,78.00,71.47,68.20,68.34,72.77,72.77,72.77,72.77,72.77,57.76,59.35,51.27,51.27,59.47,55.17,49.17,51.49,44.83,46.87,46.87,46.87,46.87,45.10,44.36,44.36,45.10,43.02,45.29,45.29,45.10,45.10,44.66,43.82,47.07,47.07,47.07,47.07,45.35,44.15,47.40,45.67,47.40,43.04,45.88,44.64,42.65,42.65,42.35,42.35,40.50,40.50,43.12,40.55,43.12,41.55,43.12,43.12,44.26,44.07,44.07,44.07,45.96,45.96,45.96,46.38,46.38,46.38,46.38,46.38,46.38,41.32,49.14,43.78,49.14
Producto,0.000496622,03211153,SANDALIAS PARA HOMBRE,97.69,97.69,97.69,97.69,97.69,97.69,97.69,97.69,97.69,97.69,97.69,97.69,105.08,105.08,97.69,105.63,97.40,97.74,97.74,97.74,97.74,97.97,97.97,98.36,97.97,97.97,97.97,97.97,101.00,100.63,100.27,98.87,100.62,98.87,98.87,98.52,100.56,100.56,100.56,100.56,100.56,100.56,100.56,100.56,96.60,96.88,96.88,96.88,96.88,92.64,92.64,92.64,89.55,89.55,89.55,89.55,89.55,89.55,89.55,89.55,89.55,85.15,85.15,85.15,85.15,85.15,86.30,88.26,88.26,88.26,88.26,88.26,88.26,88.26,88.26,88.26,88.26,82.12,87.00,85.50,87.00,87.95,87.95,87.95,80.51,86.52,82.46,82.46,87.36,87.36,87.36,87.36,87.36,87.36,87.36,90.67,90.67,83.40,83.40,83.40,83.40,83.40,83.40,83.40,83.40,83.40,83.40,83.40,83.40,83.40,83.40,84.78,84.73,84.35,84.35,75.80,75.80,75.80,75.80,74.40,75.33,75.33,75.33,74.21,75.33,75.33,75.33,75.33,75.33,75.33,75.33,75.33,75.33,75.33,75.33,78.19,74.77,77.61
Producto,0.005585265,03211154,ZAPATOS DEPORTIVOS PARA HOMBRE,104.94,104.94,104.94,104.94,104.94,104.94,104.94,104.94,104.94,101.19,101.19,101.19,101.19,101.19,101.19,101.19,101.19,101.19,101.19,101.97,103.57,100.69,100.69,100.69,100.69,101.47,101.47,101.47,101.47,101.47,101.47,101.47,102.60,98.81,98.81,98.81,97.18,98.63,95.15,95.15,95.15,95.15,95.15,95.15,93.99,93.99,88.59,78.83,84.66,84.66,84.66,84.66,84.66,79.76,79.76,66.74,66.21,66.21,66.21,64.14,64.14,64.14,64.14,64.14,64.14,61.04,64.84,65.88,66.28,66.28,66.28,66.28,66.28,67.11,68.81,68.81,68.81,66.12,68.58,71.37,71.37,71.37,76.64,71.37,71.29,69.94,70.84,70.84,64.91,70.15,70.15,58.68,58.68,52.10,53.35,53.35,48.80,53.35,52.01,52.01,52.01,49.82,51.29,54.59,52.21,51.94,49.12,50.81,49.49,50.20,46.34,45.61,45.61,47.64,47.64,46.29,46.56,46.07,46.07,44.87,49.22,49.22,49.22,49.94,49.94,49.94,44.92,44.92,44.92,46.06,46.26,46.26,46.26,46.26,41.21,41.13,41.13,46.69
Producto,0.000267109,03211155,BOTAS PARA HOMBRE,100.98,100.98,100.98,100.98,98.82,98.82,98.82,98.82,87.22,87.54,87.54,76.89,76.89,67.67,67.67,68.42,68.42,66.34,65.43,70.96,72.76,69.39,69.39,69.39,69.39,67.77,67.77,67.77,67.77,64.23,65.99,55.70,55.70,55.70,52.59,64.52,51.21,51.21,48.54,48.54,48.54,48.54,48.54,48.54,48.54,48.54,47.66,44.46,44.46,44.46,44.46,44.46,45.29,45.29,45.29,46.08,46.08,46.08,44.94,41.41,41.41,41.41,41.31,41.38,42.23,42.11,41.56,44.25,43.63,42.61,42.61,42.61,41.88,36.46,36.46,36.46,36.46,36.46,36.50,36.50,36.50,33.39,34.47,35.17,35.17,35.17,35.17,35.82,35.11,35.11,35.17,28.22,29.82,30.08,30.08,30.04,30.04,30.04,24.58,25.51,24.58,23.68,25.04,30.67,26.20,26.79,26.79,23.00,25.99,26.63,26.97,27.09,26.74,27.09,26.75,27.60,27.60,24.75,24.75,24.32,24.97,24.97,24.97,24.97,24.97,24.97,22.24,22.24,22.24,22.04,22.04,22.04,22.04,22.04,19.64,22.04,19.64,22.04
Subclase,0.008371024,03212,Zapatos de mujeres de 13 años y más,96.01,96.01,95.99,95.07,95.93,94.27,94.29,90.90,92.97,92.74,86.10,84.11,84.17,84.29,84.29,84.53,77.69,76.55,74.83,74.58,72.08,74.19,72.17,72.17,72.76,72.39,67.14,67.24,64.53,62.95,63.54,63.98,61.31,61.78,61.06,56.71,57.53,57.92,55.41,58.22,58.71,58.74,58.39,58.42,57.54,55.07,52.77,49.15,48.84,46.85,45.71,46.51,46.25,44.99,42.28,40.90,40.27,40.37,38.89,37.33,37.60,37.54,37.45,37.52,37.47,35.60,34.25,34.21,36.00,35.89,35.89,35.89,35.96,34.64,35.34,35.22,34.89,34.79,34.86,34.77,32.91,29.70,32.23,32.53,32.57,32.57,33.93,33.11,32.72,33.52,32.77,31.17,32.15,31.71,31.30,31.37,29.39,32.09,32.14,32.11,32.04,30.89,31.34,33.62,31.30,32.72,31.51,31.43,31.01,30.11,28.50,28.70,28.60,28.94,28.10,27.52,27.52,27.22,24.88,25.53,24.91,25.91,25.91,25.74,26.01,26.15,24.57,24.57,24.27,23.62,23.64,23.64,23.64,23.68,20.39,23.75,20.62,22.83
Producto,0.005289198,03212156,CALZADO PARA MUJER,98.06,98.06,98.50,97.22,98.50,96.20,96.20,94.58,96.85,96.85,87.96,85.56,85.56,85.56,85.56,85.56,78.40,77.18,75.06,74.71,70.75,74.50,71.69,71.69,71.69,71.69,64.48,64.48,60.87,59.37,59.67,60.62,56.86,57.53,56.26,53.81,53.81,54.83,52.02,55.55,56.29,56.29,55.76,55.76,55.76,52.34,51.51,47.23,45.86,43.81,42.49,43.43,43.27,41.52,37.88,37.45,36.56,36.76,34.89,32.73,33.11,33.11,33.11,33.19,33.11,31.36,30.40,30.33,32.82,32.82,32.82,32.82,32.82,30.97,31.93,31.78,32.06,32.17,31.82,31.78,29.14,26.26,28.96,28.76,29.30,29.30,29.30,28.29,28.29,28.48,27.64,26.57,28.15,28.05,27.53,27.63,25.34,27.63,27.63,27.63,27.63,26.27,27.88,28.90,26.76,28.66,27.51,27.56,26.00,24.69,24.28,24.47,24.47,24.59,23.52,22.65,22.65,22.65,19.40,21.02,21.02,21.02,21.02,20.20,20.20,20.39,18.58,18.58,18.17,18.17,18.17,18.17,18.17,18.17,16.00,19.03,16.57,17.76
Producto,0.002033175,03212157,ZAPATOS DEPORTIVOS PARA MUJER,89.69,89.69,89.69,89.69,89.69,89.69,89.69,80.13,83.20,81.82,81.82,81.53,81.53,81.53,81.53,81.53,75.69,75.69,74.89,74.89,76.47,73.85,73.85,73.85,76.15,74.49,74.49,74.49,74.49,72.88,74.49,74.49,74.49,74.49,74.49,63.49,67.44,65.73,65.73,65.73,65.73,65.73,65.73,65.73,61.94,61.94,54.95,53.99,56.92,54.29,54.29,54.29,54.29,54.29,54.29,49.67,49.67,49.67,49.67,49.67,49.67,49.67,49.73,49.73,49.67,47.01,44.78,44.78,44.78,44.78,44.78,44.78,44.78,44.78,44.78,44.78,43.21,42.99,43.23,43.23,43.23,38.82,40.35,41.46,40.70,40.70,46.60,46.60,44.93,47.78,47.78,44.24,43.53,41.94,41.94,41.94,40.99,45.10,45.10,45.10,45.10,45.10,41.42,47.97,45.88,46.07,43.57,42.95,46.01,46.01,40.95,41.17,40.82,41.52,41.52,41.52,41.52,40.26,40.26,38.05,35.33,39.65,39.65,41.42,42.72,42.72,41.42,41.42,41.42,40.91,40.91,40.91,40.91,40.55,34.04,38.21,33.26,38.21
Producto,0.001048651,03212158,BOTAS PARA MUJER,95.77,95.77,88.54,88.54,87.25,87.25,87.57,87.49,81.42,83.42,78.46,74.58,75.90,78.46,78.46,83.51,76.58,70.99,70.99,70.99,70.88,71.14,71.14,71.14,72.52,72.70,71.63,73.86,71.55,69.06,69.06,63.86,64.58,64.26,68.61,67.88,65.85,66.92,56.62,62.16,61.27,61.79,62.59,63.29,63.29,63.29,61.45,54.73,54.73,56.85,52.88,55.46,52.38,52.38,50.67,50.67,51.05,49.87,47.12,47.12,47.12,45.80,43.66,43.91,44.36,44.56,41.55,41.55,41.55,39.20,39.20,39.20,40.69,41.04,41.04,41.04,37.38,34.59,40.25,39.15,40.05,37.74,42.40,46.49,42.63,42.63,42.63,40.67,40.67,40.67,37.71,37.36,37.36,37.36,36.65,36.65,34.35,36.49,37.56,36.90,35.39,31.69,34.78,35.34,29.11,29.11,33.39,34.06,34.06,34.84,31.95,32.30,31.77,33.83,32.14,33.20,33.20,33.20,33.20,33.20,33.41,33.41,33.41,33.49,32.85,32.85,33.49,33.49,33.49,21.92,22.49,22.49,22.49,25.01,20.43,25.01,20.43,25.01
Subclase,0.004151385,03213,Zapatos de niños y niñas de 3 a 12 años,97.37,97.37,97.37,93.86,96.24,97.70,98.42,95.75,90.41,92.29,92.21,90.75,90.15,86.42,86.42,87.55,85.43,81.99,83.36,80.23,78.88,82.93,80.56,79.27,79.20,80.01,79.26,79.05,77.96,77.31,77.31,77.33,76.71,72.43,66.00,68.83,67.72,67.57,67.89,66.13,67.52,67.55,64.83,65.06,62.87,65.41,63.34,63.86,66.51,61.31,59.86,59.33,60.65,59.92,59.99,58.60,57.43,57.43,57.40,58.47,57.46,57.59,57.59,57.60,57.63,56.66,55.88,55.47,56.18,56.05,55.92,54.77,54.49,54.53,55.19,55.52,55.61,53.45,54.02,53.57,53.59,50.79,54.21,54.28,54.21,54.21,53.82,53.85,54.02,54.20,53.67,47.70,48.44,50.63,50.63,49.96,47.37,49.62,49.64,49.38,49.64,48.00,48.50,48.46,46.95,48.00,47.28,46.58,46.02,46.04,45.53,47.86,47.11,46.44,44.64,46.88,47.05,46.92,47.64,45.64,46.51,46.57,46.57,47.22,47.22,46.75,44.60,46.64,46.64,46.64,46.64,46.64,46.70,45.78,41.08,44.72,40.30,44.23
Producto,0.002074336,03213159,CALZADO PARA NIÑAS Y NIÑOS,104.71,104.71,104.71,101.84,101.84,104.43,104.43,102.13,100.28,102.54,102.54,100.28,99.04,92.57,92.57,95.66,90.48,85.04,87.45,84.26,81.80,87.92,83.90,83.02,82.87,85.71,83.74,83.37,82.91,80.12,80.12,80.24,80.44,80.86,71.56,74.30,74.30,74.03,74.70,76.07,76.68,76.01,72.11,71.73,67.88,69.33,68.57,67.45,71.17,66.83,64.07,64.07,65.34,65.57,65.57,64.83,64.16,64.16,64.41,64.41,64.40,64.64,64.64,64.64,62.35,63.64,62.57,61.83,63.22,63.22,62.99,61.14,60.65,60.43,60.43,61.08,61.25,58.63,59.64,58.85,59.27,57.54,59.27,58.82,58.82,58.82,58.18,58.87,59.13,58.97,58.28,51.68,52.98,52.98,52.98,51.79,50.27,51.79,51.79,51.34,51.79,50.86,52.55,51.64,49.52,49.52,50.75,50.58,49.38,49.38,49.07,52.18,50.92,50.92,47.76,51.69,51.98,51.76,53.02,51.62,51.02,51.13,51.13,52.25,52.25,52.36,48.57,52.17,52.17,52.17,52.17,52.17,52.27,52.27,48.05,51.51,47.23,50.93
Producto,0.001957433,03213160,ZAPATOS DEPORTIVOS PARA NIÑAS Y NIÑOS,87.28,87.28,87.28,82.76,88.45,88.45,90.15,87.23,77.00,78.48,78.48,78.48,78.48,78.48,78.48,77.00,78.85,78.08,78.08,74.94,74.94,76.32,76.32,74.38,74.38,72.47,73.36,73.36,71.38,73.76,73.76,73.76,72.00,61.20,58.57,61.67,59.03,59.03,59.03,52.82,55.33,56.30,55.09,56.30,56.30,60.39,56.23,58.98,60.39,53.74,54.01,52.76,54.19,52.14,52.14,49.82,47.94,47.94,47.94,50.30,47.94,47.94,47.94,47.94,51.11,47.06,47.06,47.06,46.87,46.87,46.87,46.63,46.63,47.01,48.58,48.58,48.58,46.87,46.87,46.87,46.30,42.11,47.67,48.44,48.44,48.44,48.44,47.86,47.86,48.73,48.73,43.42,43.42,48.67,48.67,48.67,44.61,47.90,47.90,47.90,47.90,45.30,44.16,45.31,44.63,47.19,43.81,42.37,42.65,42.65,41.84,43.27,43.19,41.59,41.59,41.59,41.59,41.59,41.59,38.73,41.61,41.61,41.61,41.64,41.64,40.38,40.38,40.38,40.38,40.38,40.38,40.38,40.38,38.22,32.73,36.74,31.98,36.35
Producto,0.000119615,03213161,BOTAS PARA NIÑAS Y NIÑOS,101.99,101.99,101.99,101.99,101.99,101.99,101.99,92.02,91.55,89.59,83.76,71.12,78.77,74.49,74.49,74.49,77.42,75.21,75.21,75.21,78.32,78.32,71.64,73.28,74.30,74.30,74.30,74.30,74.30,69.92,69.92,66.12,66.12,66.12,62.54,60.99,60.99,60.99,56.62,60.99,60.99,60.99,60.99,56.62,56.62,56.62,64.08,64.08,60.99,64.08,64.08,64.08,64.08,64.08,69.03,69.03,69.03,69.03,56.40,62.08,61.03,61.03,61.03,61.33,61.03,61.03,48.99,48.99,48.99,40.00,40.00,40.00,40.00,40.00,40.00,37.30,37.30,40.00,40.00,40.00,41.13,36.51,44.54,44.54,39.52,39.52,38.04,29.05,30.76,24.25,14.18,14.18,14.18,14.18,14.18,14.18,12.59,13.12,14.18,14.18,14.18,12.68,13.66,13.66,11.68,10.47,10.47,10.47,10.47,12.01,12.01,9.61,9.61,9.61,9.61,9.92,9.92,9.92,9.92,9.92,9.92,9.92,9.92,9.92,9.92,9.92,9.92,9.92,9.92,9.92,9.92,9.92,9.92,8.64,7.88,7.88,7.88,7.88
Subclase,0.000674382,03214,Zapatos de niños y niñas de 0 a 2 años,95.23,94.78,99.07,91.10,94.48,94.74,95.90,93.44,92.73,92.73,92.73,92.73,94.38,94.38,94.38,99.72,101.32,96.97,96.97,97.48,95.33,100.80,100.80,97.19,97.19,97.55,92.08,94.88,84.15,84.70,83.17,83.81,82.76,82.68,84.45,84.45,86.00,86.00,85.23,78.88,79.17,76.54,76.54,76.54,75.50,77.27,71.62,76.70,75.79,72.76,73.05,73.05,79.38,77.95,77.58,75.28,75.56,72.92,72.92,69.84,69.84,70.63,70.63,70.63,70.63,73.34,73.82,71.46,70.90,70.90,70.90,70.90,66.15,64.17,64.17,64.17,63.14,61.68,62.98,59.29,58.72,55.77,60.86,61.24,62.70,62.70,62.70,63.42,56.54,65.24,65.82,61.41,59.10,58.72,58.72,57.04,53.43,54.91,54.91,52.84,54.91,52.41,56.64,56.64,53.57,52.30,50.63,47.40,47.62,47.51,46.40,48.67,48.54,48.54,48.54,50.62,52.03,52.03,50.44,51.58,52.31,51.86,51.86,51.86,51.86,51.86,48.95,48.95,48.95,48.95,48.95,51.86,51.86,51.86,41.95,47.09,47.09,54.49
Producto,0.000674382,03214162,CALZADO PARA BEBÉ,95.23,94.78,99.07,91.10,94.48,94.74,95.90,93.44,92.73,92.73,92.73,92.73,94.38,94.38,94.38,99.72,101.32,96.97,96.97,97.48,95.33,100.80,100.80,97.19,97.19,97.55,92.08,94.88,84.15,84.70,83.17,83.81,82.76,82.68,84.45,84.45,86.00,86.00,85.23,78.88,79.17,76.54,76.54,76.54,75.50,77.27,71.62,76.70,75.79,72.76,73.05,73.05,79.38,77.95,77.58,75.28,75.56,72.92,72.92,69.84,69.84,70.63,70.63,70.63,70.63,73.34,73.82,71.46,70.90,70.90,70.90,70.90,66.15,64.17,64.17,64.17,63.14,61.68,62.98,59.29,58.72,55.77,60.86,61.24,62.70,62.70,62.70,63.42,56.54,65.24,65.82,61.41,59.10,58.72,58.72,57.04,53.43,54.91,54.91,52.84,54.91,52.41,56.64,56.64,53.57,52.30,50.63,47.40,47.62,47.51,46.40,48.67,48.54,48.54,48.54,50.62,52.03,52.03,50.44,51.58,52.31,51.86,51.86,51.86,51.86,51.86,48.95,48.95,48.95,48.95,48.95,51.86,51.86,51.86,41.95,47.09,47.09,54.49
Clase,0.000507072,0322,Reparación y alquiler de calzado (S),98.06,98.06,98.85,98.85,98.85,98.85,98.85,98.85,100.27,102.12,102.12,102.12,102.12,102.12,102.12,102.12,102.12,102.12,102.12,115.33,115.33,115.33,102.12,102.12,102.12,102.12,102.12,102.12,102.12,102.12,102.12,102.12,102.12,102.12,102.12,102.12,102.12,102.12,102.12,102.12,102.12,102.12,102.12,102.12,102.12,102.12,99.86,99.86,99.00,99.00,99.00,99.86,99.86,99.86,99.86,99.86,99.86,99.86,99.86,99.86,99.86,99.86,99.86,99.86,99.86,99.86,95.41,92.79,92.79,92.79,88.39,88.39,88.39,88.39,88.39,88.39,88.39,88.39,88.39,88.39,88.39,88.39,88.39,88.39,88.39,86.44,86.44,86.44,86.44,93.74,94.50,94.50,94.50,94.50,94.50,94.50,94.50,94.50,94.50,90.02,90.02,90.02,90.02,90.02,90.02,93.74,93.74,93.74,93.74,93.74,95.86,95.86,95.86,95.86,95.86,95.86,93.74,93.74,93.74,93.74,93.74,93.74,93.74,93.74,93.74,93.74,93.74,93.74,93.74,93.74,93.74,93.74,93.74,93.74,93.74,93.74,93.74,93.74
Subclase,0.000507072,03221,Reparación y alquiler de calzado,98.06,98.06,98.85,98.85,98.85,98.85,98.85,98.85,100.27,102.12,102.12,102.12,102.12,102.12,102.12,102.12,102.12,102.12,102.12,115.33,115.33,115.33,102.12,102.12,102.12,102.12,102.12,102.12,102.12,102.12,102.12,102.12,102.12,102.12,102.12,102.12,102.12,102.12,102.12,102.12,102.12,102.12,102.12,102.12,102.12,102.12,99.86,99.86,99.00,99.00,99.00,99.86,99.86,99.86,99.86,99.86,99.86,99.86,99.86,99.86,99.86,99.86,99.86,99.86,99.86,99.86,95.41,92.79,92.79,92.79,88.39,88.39,88.39,88.39,88.39,88.39,88.39,88.39,88.39,88.39,88.39,88.39,88.39,88.39,88.39,86.44,86.44,86.44,86.44,93.74,94.50,94.50,94.50,94.50,94.50,94.50,94.50,94.50,94.50,90.02,90.02,90.02,90.02,90.02,90.02,93.74,93.74,93.74,93.74,93.74,95.86,95.86,95.86,95.86,95.86,95.86,93.74,93.74,93.74,93.74,93.74,93.74,93.74,93.74,93.74,93.74,93.74,93.74,93.74,93.74,93.74,93.74,93.74,93.74,93.74,93.74,93.74,93.74
Producto,0.000507072,03221163,LIMPIEZA Y REPARACIÓN DE CALZADO,98.06,98.06,98.85,98.85,98.85,98.85,98.85,98.85,100.27,102.12,102.12,102.12,102.12,102.12,102.12,102.12,102.12,102.12,102.12,115.33,115.33,115.33,102.12,102.12,102.12,102.12,102.12,102.12,102.12,102.12,102.12,102.12,102.12,102.12,102.12,102.12,102.12,102.12,102.12,102.12,102.12,102.12,102.12,102.12,102.12,102.12,99.86,99.86,99.00,99.00,99.00,99.86,99.86,99.86,99.86,99.86,99.86,99.86,99.86,99.86,99.86,99.86,99.86,99.86,99.86,99.86,95.41,92.79,92.79,92.79,88.39,88.39,88.39,88.39,88.39,88.39,88.39,88.39,88.39,88.39,88.39,88.39,88.39,88.39,88.39,86.44,86.44,86.44,86.44,93.74,94.50,94.50,94.50,94.50,94.50,94.50,94.50,94.50,94.50,90.02,90.02,90.02,90.02,90.02,90.02,93.74,93.74,93.74,93.74,93.74,95.86,95.86,95.86,95.86,95.86,95.86,93.74,93.74,93.74,93.74,93.74,93.74,93.74,93.74,93.74,93.74,93.74,93.74,93.74,93.74,93.74,93.74,93.74,93.74,93.74,93.74,93.74,93.74
División,0.082995127,04,"Alojamiento, agua, electricidad, gas y otros combustibles",104.63,119.87,120.16,120.31,120.59,120.78,121.54,121.89,121.94,121.87,122.05,122.04,122.11,122.41,122.49,122.76,122.68,122.82,122.86,122.55,122.72,122.61,122.67,122.70,122.86,123.09,123.15,123.26,123.57,123.55,123.31,123.43,123.71,123.71,123.56,123.80,124.03,124.04,123.70,123.68,123.58,124.17,124.08,123.98,124.24,124.27,124.40,124.64,124.66,124.84,124.94,124.88,125.05,125.02,125.06,124.74,124.82,125.21,125.63,125.48,125.42,125.46,125.73,125.39,125.64,125.64,126.05,125.98,125.37,125.92,125.58,125.63,125.36,125.53,125.63,126.07,126.16,126.03,126.15,126.48,126.81,126.49,126.67,136.16,136.35,136.71,136.59,136.68,136.70,136.85,137.04,136.96,137.33,137.31,137.31,137.46,137.61,137.61,137.61,137.76,137.93,138.06,138.04,138.23,138.17,138.10,138.30,138.22,138.00,137.69,138.04,138.09,137.78,137.85,126.96,138.07,138.00,137.96,137.94,138.18,114.88,117.14,117.29,117.24,138.78,139.02,139.21,139.26,139.43,139.51,139.79,137.91,137.94,156.88,156.63,156.56,159.63,159.91
Grupo,0.038323871,041,Alquileres efectivos del alojamiento,101.98,102.40,102.63,102.89,103.37,103.76,104.85,104.69,104.79,105.02,105.30,105.33,105.33,105.79,106.20,106.35,106.30,106.57,106.74,106.44,106.51,106.33,106.47,106.65,106.96,107.21,107.42,107.66,108.24,108.42,108.11,108.51,108.51,108.41,108.02,108.17,108.43,108.48,108.40,108.22,108.72,108.98,109.01,109.26,109.75,109.84,110.10,110.48,110.87,111.02,111.27,110.99,110.81,110.76,110.85,110.86,110.90,111.75,112.24,111.97,111.77,111.86,112.36,112.06,112.06,112.28,112.88,112.95,112.45,112.46,111.99,112.17,111.67,111.89,112.13,113.01,113.06,113.01,113.29,113.70,113.90,113.45,113.75,114.22,114.37,114.88,114.70,114.61,114.83,115.51,115.77,115.80,116.00,116.08,115.96,116.17,116.50,116.61,116.67,116.91,117.11,117.30,117.50,117.83,117.78,117.73,118.24,118.21,118.02,117.51,117.84,117.68,117.49,117.70,117.84,118.19,118.05,118.11,118.13,118.20,118.55,118.98,119.29,119.37,118.99,119.64,119.79,119.87,120.20,120.40,120.97,121.01,120.70,121.09,121.07,121.02,121.12,121.42
Clase,0.038323871,0411,Alquileres efectivos pagados por los inquilinos (S),101.98,102.40,102.63,102.89,103.37,103.76,104.85,104.69,104.79,105.02,105.30,105.33,105.33,105.79,106.20,106.35,106.30,106.57,106.74,106.44,106.51,106.33,106.47,106.65,106.96,107.21,107.42,107.66,108.24,108.42,108.11,108.51,108.51,108.41,108.02,108.17,108.43,108.48,108.40,108.22,108.72,108.98,109.01,109.26,109.75,109.84,110.10,110.48,110.87,111.02,111.27,110.99,110.81,110.76,110.85,110.86,110.90,111.75,112.24,111.97,111.77,111.86,112.36,112.06,112.06,112.28,112.88,112.95,112.45,112.46,111.99,112.17,111.67,111.89,112.13,113.01,113.06,113.01,113.29,113.70,113.90,113.45,113.75,114.22,114.37,114.88,114.70,114.61,114.83,115.51,115.77,115.80,116.00,116.08,115.96,116.17,116.50,116.61,116.67,116.91,117.11,117.30,117.50,117.83,117.78,117.73,118.24,118.21,118.02,117.51,117.84,117.68,117.49,117.70,117.84,118.19,118.05,118.11,118.13,118.20,118.55,118.98,119.29,119.37,118.99,119.64,119.79,119.87,120.20,120.40,120.97,121.01,120.70,121.09,121.07,121.02,121.12,121.42
Subclase,0.038323871,04111,Alquileres efectivos de la vivienda,101.98,102.40,102.63,102.89,103.37,103.76,104.85,104.69,104.79,105.02,105.30,105.33,105.33,105.79,106.20,106.35,106.30,106.57,106.74,106.44,106.51,106.33,106.47,106.65,106.96,107.21,107.42,107.66,108.24,108.42,108.11,108.51,108.51,108.41,108.02,108.17,108.43,108.48,108.40,108.22,108.72,108.98,109.01,109.26,109.75,109.84,110.10,110.48,110.87,111.02,111.27,110.99,110.81,110.76,110.85,110.86,110.90,111.75,112.24,111.97,111.77,111.86,112.36,112.06,112.06,112.28,112.88,112.95,112.45,112.46,111.99,112.17,111.67,111.89,112.13,113.01,113.06,113.01,113.29,113.70,113.90,113.45,113.75,114.22,114.37,114.88,114.70,114.61,114.83,115.51,115.77,115.80,116.00,116.08,115.96,116.17,116.50,116.61,116.67,116.91,117.11,117.30,117.50,117.83,117.78,117.73,118.24,118.21,118.02,117.51,117.84,117.68,117.49,117.70,117.84,118.19,118.05,118.11,118.13,118.20,118.55,118.98,119.29,119.37,118.99,119.64,119.79,119.87,120.20,120.40,120.97,121.01,120.70,121.09,121.07,121.02,121.12,121.42
Producto,0.018519433,04111164,ALQUILER DE CASA,100.82,101.36,101.53,101.72,102.25,102.54,104.07,103.71,103.95,104.15,104.86,104.92,104.92,105.40,105.68,105.95,106.03,106.14,106.45,105.79,106.10,105.85,106.42,106.90,107.19,107.54,107.94,108.21,108.88,108.91,108.48,108.74,108.56,108.31,107.74,108.13,108.39,108.22,107.94,107.84,108.61,108.84,109.07,109.07,109.59,109.80,110.13,110.76,111.08,110.98,111.60,111.60,111.61,111.51,111.81,111.96,111.95,112.69,113.14,112.36,112.39,112.41,112.77,112.27,112.30,112.77,113.80,113.79,113.53,113.60,113.05,113.38,112.37,112.53,112.77,114.13,114.44,114.20,114.79,115.18,115.31,114.88,115.12,115.35,115.39,116.03,115.73,115.49,115.65,116.66,117.26,117.50,117.78,117.64,117.46,117.33,117.46,117.21,117.20,117.34,117.64,117.71,117.82,118.42,118.44,118.33,119.20,119.08,119.01,118.40,118.81,118.55,118.59,118.83,118.62,118.95,119.33,119.22,119.29,119.51,119.99,120.45,120.49,120.49,120.25,120.83,120.84,120.74,121.01,121.25,122.31,122.43,121.79,122.27,122.24,121.98,122.26,122.63
Producto,0.013111185,04111165,ALQUILER DE DEPARTAMENTO,100.97,100.95,101.00,101.19,101.26,101.31,101.69,101.78,101.99,102.40,102.21,102.17,102.17,102.25,102.42,102.67,102.99,103.79,103.76,103.80,103.87,103.81,103.63,103.74,104.42,104.67,104.44,104.83,105.35,105.23,105.33,105.35,105.71,105.65,105.77,106.08,106.98,107.71,108.33,108.51,108.16,108.97,108.70,108.99,109.44,109.27,109.64,109.77,109.88,110.12,109.69,109.65,109.40,109.22,109.22,109.31,109.03,109.20,109.51,109.77,109.72,109.70,110.07,109.99,109.91,109.48,109.74,109.14,108.95,109.29,108.99,108.94,109.09,109.36,109.65,109.74,109.56,109.41,109.51,109.62,109.50,109.21,109.50,109.64,110.21,109.79,109.89,110.10,110.41,110.91,111.04,111.22,111.18,111.12,111.04,111.54,111.59,111.94,111.86,112.18,112.34,112.47,112.60,112.30,112.32,112.32,112.00,112.00,112.20,112.35,112.80,112.75,112.67,112.37,112.50,112.88,113.00,112.70,112.59,112.35,112.37,112.80,112.97,113.31,113.39,113.54,113.52,113.68,114.00,113.90,114.02,113.85,113.82,113.45,113.19,113.49,113.25,113.64
Producto,0.006693254,04111166,ALQUILER DE PIEZA,106.00,106.53,107.16,107.63,108.41,109.36,110.04,110.17,109.79,109.90,109.59,109.59,109.59,110.37,111.40,111.09,110.37,110.48,110.48,110.77,110.26,110.12,109.47,108.94,108.94,108.94,109.08,109.08,109.54,110.38,109.99,111.13,111.23,111.47,111.01,110.38,110.01,109.93,109.66,108.90,109.58,109.34,109.17,109.99,110.46,110.50,110.48,110.48,111.31,112.05,112.01,110.77,110.18,110.38,110.00,109.59,110.10,111.93,112.68,113.17,112.24,112.62,113.61,113.61,113.61,113.87,113.70,114.63,113.19,112.74,112.29,112.29,112.47,112.79,112.99,113.42,113.04,113.57,113.24,114.02,114.73,114.03,114.54,115.93,115.93,117.05,116.90,116.90,117.18,117.18,116.69,116.01,116.30,117.07,117.07,117.87,118.99,119.80,120.17,120.58,120.58,121.13,121.61,121.91,121.58,121.66,122.07,122.25,121.32,120.43,120.43,120.43,119.53,120.16,121.21,121.62,119.86,120.73,120.73,120.73,121.10,121.45,122.60,122.60,121.40,122.75,123.41,123.90,124.37,124.79,124.56,124.56,124.83,125.77,126.04,126.16,126.16,126.16
Grupo,0.004485941,043,Conservación y reparación de la vivienda,105.81,106.38,108.71,108.93,109.37,109.26,111.65,112.95,112.95,112.95,113.52,113.78,114.59,114.58,112.48,115.37,114.53,114.67,113.99,111.78,113.44,112.86,112.69,111.83,110.70,112.15,111.66,111.67,111.55,110.54,109.68,108.05,112.28,113.00,114.24,116.26,116.82,116.53,112.09,113.18,107.65,114.47,112.92,109.45,109.37,109.17,109.03,109.65,106.77,108.17,107.84,108.37,112.59,112.51,112.41,108.41,109.82,109.34,112.11,112.07,112.04,111.82,111.82,109.08,112.32,110.48,112.43,110.85,105.75,113.94,112.59,111.92,111.94,112.67,112.30,111.86,112.87,111.34,111.46,112.65,116.32,115.87,116.02,116.85,118.69,117.96,117.52,118.16,116.56,113.44,114.48,113.09,116.86,116.01,116.87,117.58,115.61,115.22,115.15,116.35,117.28,118.45,118.00,117.81,117.91,117.77,116.67,116.22,114.78,114.06,116.77,117.37,114.40,113.97,112.14,113.54,113.23,112.43,112.32,115.26,113.31,113.46,113.42,112.88,112.94,111.32,113.11,113.12,112.92,112.51,112.40,113.00,115.04,115.61,111.89,111.25,111.80,113.52
Clase,0.002530953,0431,Materiales para la conservación y la reparación de la vivienda (ND),103.06,104.06,104.20,104.58,104.28,104.08,104.08,104.08,104.08,104.08,105.08,105.54,104.31,104.29,104.19,103.65,102.16,102.41,101.20,101.10,102.15,102.60,102.30,101.91,101.84,103.60,102.75,102.76,102.55,101.03,99.81,97.35,99.90,98.04,100.05,99.81,100.79,100.28,100.24,99.24,100.28,100.28,97.54,94.22,97.96,97.60,97.36,98.45,98.45,97.48,96.89,97.83,97.76,97.62,97.44,94.92,95.57,94.87,96.38,96.31,95.10,94.94,94.94,90.09,95.83,94.87,98.34,95.52,97.55,96.63,97.76,97.78,97.81,99.12,98.47,97.68,99.48,98.62,100.33,97.19,103.70,102.90,103.17,104.65,107.91,106.61,108.58,108.67,107.62,108.10,109.95,105.96,112.65,110.60,112.13,113.39,109.89,109.21,109.09,108.50,110.15,112.63,111.82,111.48,111.66,111.41,109.47,108.67,106.11,104.83,105.75,106.81,107.07,105.53,102.61,105.10,104.54,103.12,102.93,108.15,104.68,104.95,104.88,103.93,104.04,105.85,107.84,107.85,107.51,106.77,106.58,107.65,111.01,111.21,110.65,109.51,110.49,113.55
Subclase,0.002530953,04311,Materiales para la conservación y la reparación de la vivienda,103.06,104.06,104.20,104.58,104.28,104.08,104.08,104.08,104.08,104.08,105.08,105.54,104.31,104.29,104.19,103.65,102.16,102.41,101.20,101.10,102.15,102.60,102.30,101.91,101.84,103.60,102.75,102.76,102.55,101.03,99.81,97.35,99.90,98.04,100.05,99.81,100.79,100.28,100.24,99.24,100.28,100.28,97.54,94.22,97.96,97.60,97.36,98.45,98.45,97.48,96.89,97.83,97.76,97.62,97.44,94.92,95.57,94.87,96.38,96.31,95.10,94.94,94.94,90.09,95.83,94.87,98.34,95.52,97.55,96.63,97.76,97.78,97.81,99.12,98.47,97.68,99.48,98.62,100.33,97.19,103.70,102.90,103.17,104.65,107.91,106.61,108.58,108.67,107.62,108.10,109.95,105.96,112.65,110.60,112.13,113.39,109.89,109.21,109.09,108.50,110.15,112.63,111.82,111.48,111.66,111.41,109.47,108.67,106.11,104.83,105.75,106.81,107.07,105.53,102.61,105.10,104.54,103.12,102.93,108.15,104.68,104.95,104.88,103.93,104.04,105.85,107.84,107.85,107.51,106.77,106.58,107.65,111.01,111.21,110.65,109.51,110.49,113.55
Producto,0.000635136,04311167,CEMENTO,100.58,100.58,100.58,100.58,100.58,100.58,100.58,100.58,100.58,100.58,100.58,102.16,100.75,102.23,102.23,101.80,101.80,103.27,103.45,103.45,103.45,103.45,103.71,103.71,102.55,103.49,103.72,104.31,104.31,104.82,104.77,104.79,104.08,104.51,104.38,103.93,103.77,104.20,104.73,103.96,103.87,103.87,103.75,103.75,103.75,103.75,103.75,103.75,103.75,103.75,103.40,103.40,103.40,103.40,103.40,103.40,102.06,102.30,102.25,102.25,102.25,102.25,102.25,102.25,102.93,103.56,103.06,102.67,101.81,101.77,101.77,101.77,101.88,102.89,104.51,103.54,103.75,103.20,104.00,104.47,104.82,104.82,105.03,105.03,109.97,110.79,110.59,110.36,109.76,109.55,109.63,109.66,109.81,109.63,109.81,109.81,110.99,109.13,108.68,108.04,107.57,108.49,109.04,109.26,109.05,108.30,108.63,107.48,108.30,108.30,107.60,102.57,104.30,104.63,103.29,103.20,103.20,103.41,102.49,103.41,102.62,102.62,102.89,101.90,102.27,102.51,102.73,102.57,102.68,104.69,106.38,106.52,106.52,106.59,106.57,106.29,106.86,107.54
Producto,0.001220167,04311168,PINTURA,106.26,108.85,108.01,108.01,108.01,108.65,108.65,108.65,108.65,108.65,110.91,110.96,113.27,112.62,112.62,112.60,107.79,106.16,106.16,106.08,106.19,107.34,107.33,107.33,107.12,109.91,108.79,108.79,107.62,106.86,105.50,100.13,106.63,100.87,105.48,105.48,105.48,104.97,104.40,102.78,106.04,106.04,100.39,92.68,99.55,99.76,99.22,101.67,101.67,100.71,99.62,101.74,101.74,101.20,100.90,96.14,100.22,100.22,100.22,101.25,99.15,99.92,99.92,101.51,103.27,100.77,103.73,100.74,104.79,104.79,103.60,101.57,101.57,106.06,102.40,102.40,106.30,104.89,108.58,103.07,114.38,115.97,115.55,118.04,120.74,119.30,123.30,122.61,120.61,121.84,124.74,115.75,131.87,129.15,132.47,135.29,127.67,127.67,127.67,125.01,127.22,132.72,131.25,128.66,129.33,129.56,125.95,124.82,119.24,116.37,118.36,123.38,122.93,120.52,114.77,120.41,119.59,115.28,115.94,126.61,119.81,120.14,121.94,120.17,120.17,121.00,125.32,125.31,121.54,118.95,116.81,119.44,126.78,127.40,126.15,123.70,125.76,131.56
Producto,0.00067565,04311169,MATERIALES PARA REPARACIÓN DE LA VIVIENDA,100.40,99.86,101.69,103.07,101.97,100.22,100.22,100.22,100.22,100.22,100.22,100.22,93.51,93.03,92.69,91.19,93.51,95.57,91.04,90.85,94.43,94.19,92.89,91.50,92.72,93.65,92.13,91.60,92.71,87.96,85.82,85.58,85.04,87.12,87.12,86.69,90.37,88.92,89.18,88.92,87.53,87.52,86.85,87.26,89.72,88.07,88.07,88.07,88.07,86.14,86.09,86.09,85.83,86.19,86.04,84.59,81.74,78.99,84.45,82.55,81.58,79.78,79.78,59.83,76.95,76.86,85.05,80.12,81.79,78.54,84.46,87.81,87.81,84.32,86.22,84.37,84.37,84.08,83.54,80.62,85.55,80.14,81.57,82.90,85.39,82.22,83.09,84.75,84.75,84.75,86.66,86.66,84.75,81.96,81.96,81.96,80.44,79.82,79.82,82.60,85.44,84.65,83.57,86.26,86.03,85.53,84.00,84.07,82.97,82.97,83.81,84.53,84.48,82.50,82.54,82.54,81.84,83.42,82.60,83.38,82.59,83.02,79.61,80.03,80.03,84.97,84.97,85.21,89.88,89.37,90.46,89.94,90.26,89.94,89.94,90.03,89.73,90.74
Clase,0.001954988,0432,Servicios para la conservación y la reparación de la vivienda (S),109.36,109.36,114.54,114.54,115.94,115.94,121.42,124.41,124.41,124.41,124.41,124.41,127.86,127.86,123.16,130.49,130.49,130.49,130.49,125.56,128.00,126.09,126.09,124.63,122.13,123.17,123.17,123.17,123.17,122.81,122.40,121.85,128.24,132.31,132.53,137.49,137.49,137.49,127.36,131.18,117.15,132.77,132.77,129.11,124.09,124.09,124.09,124.09,117.51,121.96,121.96,121.96,131.73,131.73,131.73,125.83,128.19,127.99,132.39,132.39,133.88,133.58,133.58,133.58,133.58,130.62,130.62,130.62,116.33,136.25,131.73,130.15,130.15,130.15,130.15,130.15,130.15,127.75,125.83,132.59,132.59,132.59,132.59,132.59,132.59,132.59,129.05,130.39,128.11,120.32,120.32,122.30,122.30,122.98,122.98,122.98,122.98,122.98,122.98,126.47,126.47,125.96,125.96,125.96,125.96,125.96,125.96,125.96,125.96,125.96,130.99,130.99,123.87,124.86,124.43,124.43,124.43,124.43,124.43,124.43,124.43,124.43,124.43,124.43,124.43,118.37,119.91,119.91,119.91,119.91,119.91,119.91,120.24,121.29,113.49,113.49,113.49,113.49
Subclase,0.001954988,04321,Servicios para la conservación y la reparación de la vivienda,109.36,109.36,114.54,114.54,115.94,115.94,121.42,124.41,124.41,124.41,124.41,124.41,127.86,127.86,123.16,130.49,130.49,130.49,130.49,125.56,128.00,126.09,126.09,124.63,122.13,123.17,123.17,123.17,123.17,122.81,122.40,121.85,128.24,132.31,132.53,137.49,137.49,137.49,127.36,131.18,117.15,132.77,132.77,129.11,124.09,124.09,124.09,124.09,117.51,121.96,121.96,121.96,131.73,131.73,131.73,125.83,128.19,127.99,132.39,132.39,133.88,133.58,133.58,133.58,133.58,130.62,130.62,130.62,116.33,136.25,131.73,130.15,130.15,130.15,130.15,130.15,130.15,127.75,125.83,132.59,132.59,132.59,132.59,132.59,132.59,132.59,129.05,130.39,128.11,120.32,120.32,122.30,122.30,122.98,122.98,122.98,122.98,122.98,122.98,126.47,126.47,125.96,125.96,125.96,125.96,125.96,125.96,125.96,125.96,125.96,130.99,130.99,123.87,124.86,124.43,124.43,124.43,124.43,124.43,124.43,124.43,124.43,124.43,124.43,124.43,118.37,119.91,119.91,119.91,119.91,119.91,119.91,120.24,121.29,113.49,113.49,113.49,113.49
Producto,0.001954988,04321170,SERVICIOS DE REPARACIÓN DE LA VIVIENDA,109.36,109.36,114.54,114.54,115.94,115.94,121.42,124.41,124.41,124.41,124.41,124.41,127.86,127.86,123.16,130.49,130.49,130.49,130.49,125.56,128.00,126.09,126.09,124.63,122.13,123.17,123.17,123.17,123.17,122.81,122.40,121.85,128.24,132.31,132.53,137.49,137.49,137.49,127.36,131.18,117.15,132.77,132.77,129.11,124.09,124.09,124.09,124.09,117.51,121.96,121.96,121.96,131.73,131.73,131.73,125.83,128.19,127.99,132.39,132.39,133.88,133.58,133.58,133.58,133.58,130.62,130.62,130.62,116.33,136.25,131.73,130.15,130.15,130.15,130.15,130.15,130.15,127.75,125.83,132.59,132.59,132.59,132.59,132.59,132.59,132.59,129.05,130.39,128.11,120.32,120.32,122.30,122.30,122.98,122.98,122.98,122.98,122.98,122.98,126.47,126.47,125.96,125.96,125.96,125.96,125.96,125.96,125.96,125.96,125.96,130.99,130.99,123.87,124.86,124.43,124.43,124.43,124.43,124.43,124.43,124.43,124.43,124.43,124.43,124.43,118.37,119.91,119.91,119.91,119.91,119.91,119.91,120.24,121.29,113.49,113.49,113.49,113.49
Grupo,0.01578502,044,Suministro de agua y servicios diversos relacionados con la vivienda,98.44,242.81,242.94,242.94,242.87,242.87,242.89,242.88,242.88,242.90,242.90,242.90,243.01,243.01,243.01,243.01,243.01,243.01,243.01,243.01,243.20,243.41,243.41,243.41,243.41,243.41,243.41,243.41,243.41,243.38,243.38,243.53,243.53,243.53,243.53,243.53,243.57,243.62,243.62,243.62,243.62,243.62,243.62,243.62,243.62,243.62,243.62,243.62,243.68,243.68,243.68,243.68,243.61,243.62,243.62,243.62,243.62,243.62,243.44,243.44,243.44,243.68,243.68,243.68,243.68,243.68,243.68,243.68,243.68,243.68,243.68,243.68,243.68,243.68,243.68,243.68,243.68,243.68,243.65,243.57,243.42,243.42,243.44,332.38,332.27,332.27,332.27,332.27,332.27,332.27,332.27,332.27,332.27,332.27,332.26,332.28,332.40,332.20,332.35,332.29,332.29,332.29,332.34,332.23,332.23,332.23,332.23,332.23,332.36,332.36,332.36,332.48,332.36,332.20,332.36,332.36,332.36,332.30,332.30,332.30,332.32,332.34,332.34,332.34,332.46,332.46,332.46,332.46,332.46,332.46,332.46,332.51,332.51,513.05,513.05,513.05,541.84,541.84
Clase,0.012677546,0441,Suministro de agua (ND),98.06,250.48,250.48,250.48,250.48,250.48,250.48,250.48,250.48,250.48,250.48,250.48,250.48,250.48,250.48,250.48,250.48,250.48,250.48,250.48,250.48,250.48,250.48,250.48,250.48,250.48,250.48,250.48,250.48,250.48,250.48,250.48,250.48,250.48,250.48,250.48,250.48,250.48,250.48,250.48,250.48,250.48,250.48,250.48,250.48,250.48,250.48,250.48,250.48,250.48,250.48,250.48,250.48,250.48,250.48,250.48,250.48,250.48,250.48,250.48,250.48,250.48,250.48,250.48,250.48,250.48,250.48,250.48,250.48,250.48,250.48,250.48,250.48,250.48,250.48,250.48,250.48,250.48,250.48,250.48,250.48,250.48,250.48,344.44,344.44,344.44,344.44,344.44,344.44,344.44,344.44,344.44,344.44,344.44,344.44,344.44,344.44,344.44,344.44,344.44,344.44,344.44,344.44,344.44,344.44,344.44,344.44,344.44,344.44,344.44,344.44,344.44,344.44,344.27,344.44,344.44,344.44,344.44,344.44,344.44,344.44,344.44,344.44,344.44,344.44,344.44,344.44,344.44,344.44,344.44,344.44,344.44,344.44,535.16,535.16,535.16,565.57,565.57
Subclase,0.012677546,04411,Suministro de agua,98.06,250.48,250.48,250.48,250.48,250.48,250.48,250.48,250.48,250.48,250.48,250.48,250.48,250.48,250.48,250.48,250.48,250.48,250.48,250.48,250.48,250.48,250.48,250.48,250.48,250.48,250.48,250.48,250.48,250.48,250.48,250.48,250.48,250.48,250.48,250.48,250.48,250.48,250.48,250.48,250.48,250.48,250.48,250.48,250.48,250.48,250.48,250.48,250.48,250.48,250.48,250.48,250.48,250.48,250.48,250.48,250.48,250.48,250.48,250.48,250.48,250.48,250.48,250.48,250.48,250.48,250.48,250.48,250.48,250.48,250.48,250.48,250.48,250.48,250.48,250.48,250.48,250.48,250.48,250.48,250.48,250.48,250.48,344.44,344.44,344.44,344.44,344.44,344.44,344.44,344.44,344.44,344.44,344.44,344.44,344.44,344.44,344.44,344.44,344.44,344.44,344.44,344.44,344.44,344.44,344.44,344.44,344.44,344.44,344.44,344.44,344.44,344.44,344.27,344.44,344.44,344.44,344.44,344.44,344.44,344.44,344.44,344.44,344.44,344.44,344.44,344.44,344.44,344.44,344.44,344.44,344.44,344.44,535.16,535.16,535.16,565.57,565.57
Producto,0.012677546,04411171,SUMINISTRO DE AGUA,98.06,250.48,250.48,250.48,250.48,250.48,250.48,250.48,250.48,250.48,250.48,250.48,250.48,250.48,250.48,250.48,250.48,250.48,250.48,250.48,250.48,250.48,250.48,250.48,250.48,250.48,250.48,250.48,250.48,250.48,250.48,250.48,250.48,250.48,250.48,250.48,250.48,250.48,250.48,250.48,250.48,250.48,250.48,250.48,250.48,250.48,250.48,250.48,250.48,250.48,250.48,250.48,250.48,250.48,250.48,250.48,250.48,250.48,250.48,250.48,250.48,250.48,250.48,250.48,250.48,250.48,250.48,250.48,250.48,250.48,250.48,250.48,250.48,250.48,250.48,250.48,250.48,250.48,250.48,250.48,250.48,250.48,250.48,344.44,344.44,344.44,344.44,344.44,344.44,344.44,344.44,344.44,344.44,344.44,344.44,344.44,344.44,344.44,344.44,344.44,344.44,344.44,344.44,344.44,344.44,344.44,344.44,344.44,344.44,344.44,344.44,344.44,344.44,344.27,344.44,344.44,344.44,344.44,344.44,344.44,344.44,344.44,344.44,344.44,344.44,344.44,344.44,344.44,344.44,344.44,344.44,344.44,344.44,535.16,535.16,535.16,565.57,565.57
Clase,0.003107474,0444,Otros servicios relacionados con la vivienda n.e.p. (S),105.22,106.97,109.33,109.26,108.08,108.08,108.48,108.24,108.24,108.55,108.55,108.55,110.58,110.58,110.58,110.58,110.58,110.58,110.58,110.58,114.26,118.07,118.07,118.07,118.07,118.07,118.07,118.07,118.07,117.64,117.64,120.45,120.45,120.45,120.45,120.45,121.15,122.11,122.11,122.11,122.11,122.11,122.11,122.11,122.11,122.11,122.11,122.11,123.16,123.16,123.16,123.16,121.85,122.11,122.11,122.11,122.11,122.11,118.75,118.75,118.75,123.16,123.16,123.16,123.16,123.16,123.16,123.16,123.16,123.16,123.16,123.16,123.16,123.16,123.16,123.16,123.16,123.16,122.71,121.13,118.31,118.31,118.75,118.75,116.70,116.70,116.70,116.70,116.70,116.70,116.70,116.70,116.70,116.70,116.45,116.77,119.14,115.36,118.14,116.98,116.91,116.91,117.86,115.86,115.86,115.86,115.86,115.86,118.38,118.38,118.38,120.48,118.23,118.23,118.23,118.23,118.23,117.22,117.22,117.22,117.56,117.94,117.94,117.94,120.21,120.21,120.21,120.21,120.21,120.21,120.21,121.04,121.04,121.32,121.32,121.32,121.32,121.32
Subclase,0.003107474,04441,Servicios relacionados con la vivienda,105.22,106.97,109.33,109.26,108.08,108.08,108.48,108.24,108.24,108.55,108.55,108.55,110.58,110.58,110.58,110.58,110.58,110.58,110.58,110.58,114.26,118.07,118.07,118.07,118.07,118.07,118.07,118.07,118.07,117.64,117.64,120.45,120.45,120.45,120.45,120.45,121.15,122.11,122.11,122.11,122.11,122.11,122.11,122.11,122.11,122.11,122.11,122.11,123.16,123.16,123.16,123.16,121.85,122.11,122.11,122.11,122.11,122.11,118.75,118.75,118.75,123.16,123.16,123.16,123.16,123.16,123.16,123.16,123.16,123.16,123.16,123.16,123.16,123.16,123.16,123.16,123.16,123.16,122.71,121.13,118.31,118.31,118.75,118.75,116.70,116.70,116.70,116.70,116.70,116.70,116.70,116.70,116.70,116.70,116.45,116.77,119.14,115.36,118.14,116.98,116.91,116.91,117.86,115.86,115.86,115.86,115.86,115.86,118.38,118.38,118.38,120.48,118.23,118.23,118.23,118.23,118.23,117.22,117.22,117.22,117.56,117.94,117.94,117.94,120.21,120.21,120.21,120.21,120.21,120.21,120.21,121.04,121.04,121.32,121.32,121.32,121.32,121.32
Producto,0.003107474,04441172,SERVICIO DE SEGURIDAD DE LA VIVIENDA,105.22,106.97,109.33,109.26,108.08,108.08,108.48,108.24,108.24,108.55,108.55,108.55,110.58,110.58,110.58,110.58,110.58,110.58,110.58,110.58,114.26,118.07,118.07,118.07,118.07,118.07,118.07,118.07,118.07,117.64,117.64,120.45,120.45,120.45,120.45,120.45,121.15,122.11,122.11,122.11,122.11,122.11,122.11,122.11,122.11,122.11,122.11,122.11,123.16,123.16,123.16,123.16,121.85,122.11,122.11,122.11,122.11,122.11,118.75,118.75,118.75,123.16,123.16,123.16,123.16,123.16,123.16,123.16,123.16,123.16,123.16,123.16,123.16,123.16,123.16,123.16,123.16,123.16,122.71,121.13,118.31,118.31,118.75,118.75,116.70,116.70,116.70,116.70,116.70,116.70,116.70,116.70,116.70,116.70,116.45,116.77,119.14,115.36,118.14,116.98,116.91,116.91,117.86,115.86,115.86,115.86,115.86,115.86,118.38,118.38,118.38,120.48,118.23,118.23,118.23,118.23,118.23,117.22,117.22,117.22,117.56,117.94,117.94,117.94,120.21,120.21,120.21,120.21,120.21,120.21,120.21,121.04,121.04,121.32,121.32,121.32,121.32,121.32
Grupo,0.024400295,045,"Electricidad, gas y otros combustibles",111.13,111.13,111.12,111.12,111.12,111.12,111.20,112.33,112.33,111.71,111.67,111.55,111.55,111.76,111.76,111.76,111.76,111.71,111.71,111.69,111.71,111.71,111.71,111.66,111.90,111.90,111.86,111.81,111.81,111.67,111.62,111.60,111.62,111.62,111.56,111.62,111.80,111.80,111.80,111.80,111.80,111.80,111.80,111.80,111.80,111.80,111.80,111.80,111.80,111.80,111.80,111.94,111.94,111.93,111.93,111.73,111.61,111.52,111.52,111.52,111.65,111.62,111.62,111.62,111.76,111.76,111.62,111.62,111.62,111.62,111.62,111.62,111.60,111.60,111.60,111.60,111.60,111.60,111.49,111.62,111.62,111.45,111.45,111.33,111.33,111.79,111.79,112.10,112.15,112.15,112.09,112.09,112.11,112.11,112.11,112.11,112.41,112.36,112.23,112.07,112.07,111.90,111.58,111.71,111.57,111.45,111.47,111.37,111.24,111.24,111.24,111.52,111.52,111.52,75.58,111.44,111.52,111.47,111.42,111.42,34.13,40.80,40.75,40.59,112.48,112.48,112.48,112.48,112.53,112.53,112.48,106.04,106.26,106.11,106.13,106.13,106.11,106.14
Clase,0.02088336,0451,Electricidad (ND),113.70,113.70,114.00,114.00,114.00,114.00,114.00,114.00,114.00,114.00,114.00,114.00,114.00,114.26,114.26,114.26,114.26,114.26,114.26,114.26,114.26,114.26,114.26,114.26,114.47,114.47,114.47,114.47,114.47,114.47,114.47,114.47,114.47,114.47,114.47,114.47,114.69,114.69,114.69,114.69,114.69,114.69,114.69,114.69,114.69,114.69,114.69,114.69,114.69,114.69,114.69,114.86,114.86,114.86,114.86,114.86,114.86,114.86,114.86,114.86,114.99,114.99,114.99,114.99,114.99,114.99,114.99,114.99,114.99,114.99,114.99,114.99,114.99,114.99,114.99,114.99,114.99,114.99,114.99,114.99,114.99,114.99,114.99,114.99,114.99,115.54,115.54,115.54,115.54,115.54,115.54,115.54,115.54,115.54,115.54,115.54,116.06,116.06,116.06,116.06,116.06,116.06,116.06,116.06,116.06,116.06,116.06,116.06,116.06,116.27,116.27,116.27,116.27,116.27,73.31,116.27,116.27,116.27,116.27,116.27,23.89,31.80,31.80,31.80,117.72,117.72,117.72,117.72,117.72,117.72,117.72,110.03,110.28,110.28,110.28,110.28,110.28,110.28
Subclase,0.02088336,04511,Electricidad,113.70,113.70,114.00,114.00,114.00,114.00,114.00,114.00,114.00,114.00,114.00,114.00,114.00,114.26,114.26,114.26,114.26,114.26,114.26,114.26,114.26,114.26,114.26,114.26,114.47,114.47,114.47,114.47,114.47,114.47,114.47,114.47,114.47,114.47,114.47,114.47,114.69,114.69,114.69,114.69,114.69,114.69,114.69,114.69,114.69,114.69,114.69,114.69,114.69,114.69,114.69,114.86,114.86,114.86,114.86,114.86,114.86,114.86,114.86,114.86,114.99,114.99,114.99,114.99,114.99,114.99,114.99,114.99,114.99,114.99,114.99,114.99,114.99,114.99,114.99,114.99,114.99,114.99,114.99,114.99,114.99,114.99,114.99,114.99,114.99,115.54,115.54,115.54,115.54,115.54,115.54,115.54,115.54,115.54,115.54,115.54,116.06,116.06,116.06,116.06,116.06,116.06,116.06,116.06,116.06,116.06,116.06,116.06,116.06,116.27,116.27,116.27,116.27,116.27,73.31,116.27,116.27,116.27,116.27,116.27,23.89,31.80,31.80,31.80,117.72,117.72,117.72,117.72,117.72,117.72,117.72,110.03,110.28,110.28,110.28,110.28,110.28,110.28
Producto,0.02088336,04511173,SERVICIO DE CONSUMO ELÉCTRICO,113.70,113.70,114.00,114.00,114.00,114.00,114.00,114.00,114.00,114.00,114.00,114.00,114.00,114.26,114.26,114.26,114.26,114.26,114.26,114.26,114.26,114.26,114.26,114.26,114.47,114.47,114.47,114.47,114.47,114.47,114.47,114.47,114.47,114.47,114.47,114.47,114.69,114.69,114.69,114.69,114.69,114.69,114.69,114.69,114.69,114.69,114.69,114.69,114.69,114.69,114.69,114.86,114.86,114.86,114.86,114.86,114.86,114.86,114.86,114.86,114.99,114.99,114.99,114.99,114.99,114.99,114.99,114.99,114.99,114.99,114.99,114.99,114.99,114.99,114.99,114.99,114.99,114.99,114.99,114.99,114.99,114.99,114.99,114.99,114.99,115.54,115.54,115.54,115.54,115.54,115.54,115.54,115.54,115.54,115.54,115.54,116.06,116.06,116.06,116.06,116.06,116.06,116.06,116.06,116.06,116.06,116.06,116.06,116.06,116.27,116.27,116.27,116.27,116.27,73.31,116.27,116.27,116.27,116.27,116.27,23.89,31.80,31.80,31.80,117.72,117.72,117.72,117.72,117.72,117.72,117.72,110.03,110.28,110.28,110.28,110.28,110.28,110.28
Clase,0.003516934,0452,Gas (ND),97.93,97.93,96.35,96.35,96.35,96.35,96.82,103.78,103.78,99.95,99.69,98.97,98.97,98.92,98.92,98.92,98.92,98.64,98.64,98.49,98.64,98.64,98.64,98.32,98.74,98.74,98.45,98.15,98.15,97.30,97.02,96.90,97.01,97.01,96.66,97.01,97.01,97.01,97.01,97.01,97.01,97.01,97.01,97.01,97.01,97.01,97.01,97.01,97.01,97.01,97.01,97.01,97.01,96.92,96.92,95.70,94.99,94.42,94.42,94.42,94.53,94.38,94.38,94.38,95.21,95.21,94.37,94.37,94.37,94.37,94.37,94.37,94.23,94.23,94.23,94.23,94.23,94.23,93.59,94.37,94.38,93.32,93.32,92.59,92.59,92.59,92.59,94.47,94.78,94.78,94.40,94.40,94.53,94.53,94.53,94.53,93.74,93.44,92.60,91.64,91.64,90.63,88.64,89.45,88.60,87.87,87.99,87.38,86.57,85.48,85.48,87.21,87.21,87.21,87.21,86.70,87.21,86.91,86.59,86.59,86.59,86.91,86.62,85.62,85.62,85.62,85.62,85.62,85.94,85.94,85.62,85.62,85.62,84.75,84.87,84.87,84.75,84.89
Subclase,0.003516934,04521,Gas,97.93,97.93,96.35,96.35,96.35,96.35,96.82,103.78,103.78,99.95,99.69,98.97,98.97,98.92,98.92,98.92,98.92,98.64,98.64,98.49,98.64,98.64,98.64,98.32,98.74,98.74,98.45,98.15,98.15,97.30,97.02,96.90,97.01,97.01,96.66,97.01,97.01,97.01,97.01,97.01,97.01,97.01,97.01,97.01,97.01,97.01,97.01,97.01,97.01,97.01,97.01,97.01,97.01,96.92,96.92,95.70,94.99,94.42,94.42,94.42,94.53,94.38,94.38,94.38,95.21,95.21,94.37,94.37,94.37,94.37,94.37,94.37,94.23,94.23,94.23,94.23,94.23,94.23,93.59,94.37,94.38,93.32,93.32,92.59,92.59,92.59,92.59,94.47,94.78,94.78,94.40,94.40,94.53,94.53,94.53,94.53,93.74,93.44,92.60,91.64,91.64,90.63,88.64,89.45,88.60,87.87,87.99,87.38,86.57,85.48,85.48,87.21,87.21,87.21,87.21,86.70,87.21,86.91,86.59,86.59,86.59,86.91,86.62,85.62,85.62,85.62,85.62,85.62,85.94,85.94,85.62,85.62,85.62,84.75,84.87,84.87,84.75,84.89
Producto,0.003516934,04521174,GAS DOMÉSTICO,97.93,97.93,96.35,96.35,96.35,96.35,96.82,103.78,103.78,99.95,99.69,98.97,98.97,98.92,98.92,98.92,98.92,98.64,98.64,98.49,98.64,98.64,98.64,98.32,98.74,98.74,98.45,98.15,98.15,97.30,97.02,96.90,97.01,97.01,96.66,97.01,97.01,97.01,97.01,97.01,97.01,97.01,97.01,97.01,97.01,97.01,97.01,97.01,97.01,97.01,97.01,97.01,97.01,96.92,96.92,95.70,94.99,94.42,94.42,94.42,94.53,94.38,94.38,94.38,95.21,95.21,94.37,94.37,94.37,94.37,94.37,94.37,94.23,94.23,94.23,94.23,94.23,94.23,93.59,94.37,94.38,93.32,93.32,92.59,92.59,92.59,92.59,94.47,94.78,94.78,94.40,94.40,94.53,94.53,94.53,94.53,93.74,93.44,92.60,91.64,91.64,90.63,88.64,89.45,88.60,87.87,87.99,87.38,86.57,85.48,85.48,87.21,87.21,87.21,87.21,86.70,87.21,86.91,86.59,86.59,86.59,86.91,86.62,85.62,85.62,85.62,85.62,85.62,85.94,85.94,85.62,85.62,85.62,84.75,84.87,84.87,84.75,84.89
División,0.058586881,05,"Muebles, artículos para el hogar y para la conservación ordinaria del hogar",101.68,101.77,101.76,102.52,103.18,103.26,103.71,103.39,104.24,104.22,103.27,102.13,102.55,102.32,101.62,100.83,100.73,101.70,101.40,101.22,100.95,100.58,100.27,100.33,100.95,100.60,100.89,100.70,100.27,99.37,98.68,98.64,98.19,97.71,97.59,97.74,98.31,98.00,98.37,98.14,97.42,97.54,97.63,97.40,96.59,95.69,95.55,95.44,96.14,95.52,95.59,95.33,95.43,95.43,95.05,94.71,94.40,94.23,94.53,93.99,94.10,93.26,93.47,94.36,94.15,94.03,94.27,94.15,94.35,94.41,94.43,93.98,94.43,94.59,94.20,95.11,95.11,95.12,95.18,95.26,95.44,96.31,96.59,96.29,98.58,98.56,99.38,99.92,100.33,102.40,101.74,102.09,102.24,102.13,102.29,101.72,104.06,104.60,104.41,102.92,102.99,102.23,103.18,103.42,102.72,102.33,102.08,102.50,102.40,101.61,102.63,103.84,102.95,103.53,102.18,102.43,103.02,102.30,102.26,102.38,103.46,103.67,104.05,103.35,103.66,103.62,103.66,103.40,103.07,102.66,102.78,102.93,103.77,103.58,103.16,103.07,103.20,104.55
Grupo,0.00838989,051,"Muebles y accesorios, alfombras y otros materiales para pisos",99.38,99.24,99.23,99.67,99.56,100.99,99.77,100.01,100.03,99.93,99.16,98.68,98.63,97.95,95.83,94.03,93.84,93.44,93.32,92.43,92.62,92.09,93.10,93.59,93.04,92.69,93.71,93.49,93.23,93.21,90.14,91.21,89.37,89.15,89.03,89.44,90.00,90.42,90.69,90.51,90.27,90.76,90.78,90.37,90.85,90.28,90.33,90.18,90.68,90.88,90.88,91.27,91.21,91.04,91.17,91.07,90.73,90.91,90.73,91.08,91.11,90.76,90.58,90.07,90.63,91.35,90.70,90.42,91.03,91.73,91.38,92.65,92.59,92.91,93.05,93.15,93.44,94.14,94.02,94.01,94.72,94.70,95.24,95.61,97.48,99.83,100.01,98.46,99.93,99.51,98.32,97.53,98.60,96.49,95.39,95.25,96.04,96.21,96.23,96.58,96.19,96.77,96.70,93.70,93.93,92.99,92.87,93.01,93.08,92.84,92.92,93.93,93.83,94.46,94.02,94.02,94.09,93.02,93.01,92.65,92.91,91.95,91.92,91.93,91.05,90.41,91.44,91.96,91.82,91.05,89.89,89.38,89.57,89.99,89.74,91.31,91.60,91.36
Clase,0.007840083,0511,Muebles y accesorios (D),99.06,98.67,98.66,98.81,98.95,100.24,98.66,98.76,98.44,98.33,97.50,97.50,97.06,96.93,94.62,92.69,92.20,91.25,91.55,90.50,90.68,89.69,90.58,91.11,91.12,91.16,92.26,91.61,91.39,91.35,88.04,88.82,87.29,86.86,86.92,87.36,87.96,88.41,88.70,88.51,88.26,88.78,88.80,88.34,88.99,88.39,88.78,88.61,89.15,89.37,89.37,89.37,89.31,88.84,88.97,89.06,88.78,89.00,88.81,89.20,88.93,88.55,88.55,88.06,88.61,89.33,88.60,88.30,88.95,89.54,89.17,90.06,89.99,90.18,90.63,91.20,91.51,91.80,91.64,91.60,91.86,91.84,92.32,91.91,94.17,96.25,96.88,95.09,95.97,95.52,94.24,93.35,94.26,92.37,91.18,91.03,91.88,92.07,92.09,92.46,92.04,92.72,92.19,90.12,90.01,89.55,89.42,89.57,89.65,89.38,89.47,90.29,90.19,90.87,90.40,90.40,90.40,89.07,89.06,88.68,88.71,87.52,87.47,87.48,86.53,85.83,86.94,87.50,87.34,86.52,85.72,86.12,86.00,86.03,85.76,86.65,87.00,86.79
Subclase,0.003688721,05111,Muebles de sala y comedor,93.78,93.66,93.49,93.95,93.95,94.50,93.41,93.41,92.79,92.79,91.66,91.80,91.80,91.59,88.86,87.48,88.16,86.89,87.30,86.28,86.57,85.33,85.27,85.03,84.35,84.18,84.84,83.95,83.74,83.65,82.68,82.64,81.91,81.49,81.54,81.83,82.90,82.89,83.64,82.89,82.93,82.89,82.77,82.96,84.20,82.88,82.56,82.45,83.11,83.26,83.74,83.74,83.74,83.61,83.61,83.74,83.63,84.17,84.10,84.82,85.14,84.62,84.62,83.69,84.72,84.26,82.60,84.61,85.04,85.12,84.95,85.18,84.50,85.00,85.00,84.92,86.05,86.18,85.64,85.52,85.66,86.21,86.44,86.58,88.88,89.41,91.51,91.36,90.93,90.26,87.73,87.67,89.04,86.65,86.18,86.27,86.53,86.57,85.79,85.49,85.49,86.38,85.01,83.02,83.02,82.13,82.42,82.27,82.27,82.17,82.17,82.79,82.72,82.72,82.72,82.72,82.72,81.79,81.79,81.79,81.79,79.22,79.22,79.22,78.02,77.40,77.97,77.78,77.89,77.01,75.94,76.08,75.92,75.60,76.11,76.25,75.54,76.23
Producto,0.00228138,05111175,JUEGO DE SALA,93.20,93.20,93.20,93.20,93.20,93.53,93.11,93.11,92.42,92.42,91.50,91.68,91.68,91.68,88.69,86.16,87.84,86.45,87.02,85.61,85.18,83.87,83.34,83.12,82.40,82.40,83.07,82.54,82.51,82.39,81.00,81.27,80.00,79.43,79.64,79.76,81.47,82.14,82.82,81.79,81.40,81.40,81.40,81.84,83.17,81.35,80.91,80.91,81.35,81.56,81.56,81.56,81.56,81.39,81.39,81.56,81.50,82.00,82.00,82.35,82.79,82.07,82.07,80.80,82.22,81.75,80.73,82.09,82.48,82.48,82.38,82.68,82.35,82.35,82.35,82.76,83.66,83.97,83.29,83.55,83.78,83.87,84.20,84.20,86.28,86.58,88.69,88.41,87.81,87.65,83.70,83.63,85.51,83.39,83.35,83.35,83.71,83.64,82.53,82.04,82.04,82.48,81.70,79.13,79.13,78.29,78.29,78.29,78.29,78.15,78.15,78.84,78.84,78.84,78.84,78.84,78.84,77.56,77.56,77.56,77.56,75.23,75.23,75.23,75.23,74.04,74.36,74.10,74.24,73.51,72.16,72.16,72.16,71.72,72.42,72.61,72.22,72.22
Producto,0.001407341,05111176,JUEGO DE COMEDOR,95.32,94.87,94.26,95.94,95.94,97.09,94.22,94.22,93.79,93.79,92.10,92.10,92.10,91.33,89.31,91.00,89.01,88.05,88.05,88.05,90.29,89.23,90.45,90.12,89.55,88.91,89.57,87.72,87.02,87.02,87.19,86.31,87.01,87.01,86.59,87.38,86.72,84.89,85.83,85.83,87.02,86.86,86.42,85.96,86.97,86.97,86.97,86.55,87.81,87.81,89.56,89.56,89.56,89.56,89.56,89.56,89.31,89.98,89.70,91.40,91.40,91.40,91.40,91.40,91.40,90.95,87.57,91.34,91.91,92.17,91.82,91.86,90.26,92.07,92.07,90.66,92.45,92.09,91.92,90.77,90.67,92.44,92.44,92.94,95.82,96.99,99.02,99.26,99.26,97.21,98.47,98.47,98.47,95.35,93.73,94.07,94.07,94.40,94.50,94.71,94.71,96.79,93.82,93.41,93.41,92.37,93.42,92.90,92.90,92.90,92.90,93.35,93.08,93.08,93.08,93.08,93.08,93.08,93.08,93.08,93.08,89.86,89.86,89.86,85.47,86.38,87.62,87.62,87.62,86.34,86.02,86.56,85.96,85.96,85.96,85.96,84.42,86.95
Subclase,0.004151362,05112,Muebles de dormitorio,104.75,104.07,104.22,104.05,104.34,106.42,104.32,104.53,104.53,104.29,103.79,103.64,102.74,102.68,100.84,98.30,96.55,95.96,96.12,95.05,95.11,94.40,96.30,97.65,98.41,98.69,100.24,99.86,99.64,99.64,93.81,95.47,93.09,92.65,92.72,93.31,93.41,94.36,94.15,94.57,94.00,95.13,95.29,94.14,94.14,94.32,95.47,95.25,95.66,95.94,95.43,95.43,95.32,94.48,94.75,94.79,94.33,94.20,93.89,93.93,93.01,92.78,92.80,92.78,92.79,94.79,95.07,92.27,93.16,94.30,93.71,95.31,95.90,95.76,96.70,97.97,97.39,97.86,98.10,98.15,98.55,97.91,98.66,97.66,99.86,103.62,102.67,99.11,101.40,101.19,101.25,99.47,99.88,98.53,96.57,96.16,97.65,97.99,98.88,99.97,99.10,99.55,99.93,97.76,97.55,97.55,96.97,97.44,97.60,97.16,97.34,98.37,98.23,99.65,98.67,98.67,98.67,96.92,96.90,96.09,96.17,96.47,96.36,96.39,95.70,94.91,96.61,97.97,97.53,96.77,96.26,96.94,96.86,97.26,96.16,97.86,99.34,98.17
Producto,0.002387969,05112177,JUEGO DE DORMITORIO,101.89,100.81,101.06,101.06,102.27,105.56,103.61,103.92,103.92,103.92,103.66,103.66,103.66,103.66,102.97,103.53,101.16,101.16,101.30,99.80,100.21,100.15,102.31,102.84,102.09,102.18,104.35,103.75,103.35,103.35,96.46,99.70,95.93,94.81,94.84,95.89,96.02,97.22,95.90,95.67,94.77,95.00,95.26,93.56,94.58,94.58,94.58,94.58,94.10,94.10,93.89,93.89,93.89,94.10,94.10,94.10,93.24,93.89,93.84,94.60,93.17,93.70,93.72,93.69,93.71,95.42,95.93,94.69,95.08,95.04,94.30,94.21,94.26,94.04,94.04,94.04,94.17,94.39,94.59,94.59,95.22,94.17,94.47,93.91,94.49,95.45,93.63,93.63,93.63,93.14,93.14,93.55,93.55,93.47,92.41,92.24,92.24,93.48,93.82,95.55,95.55,95.98,95.98,95.52,95.17,95.17,95.17,95.92,95.92,95.16,95.16,95.53,95.53,95.53,95.07,95.07,95.07,93.57,93.53,93.53,93.53,93.53,93.36,94.31,94.21,93.39,94.23,94.94,94.94,94.94,95.17,95.05,95.05,95.01,95.42,95.42,95.42,95.42
Producto,0.001763393,05112178,COLCHÓN,109.67,109.67,109.67,109.20,107.90,107.90,105.56,105.56,105.56,104.92,104.00,103.59,101.14,101.00,97.16,89.31,88.62,87.01,87.21,86.89,86.35,84.50,85.95,88.73,92.08,92.69,93.17,93.18,93.25,93.25,89.25,88.20,88.20,88.92,89.08,88.89,88.92,89.43,91.15,92.68,92.66,95.35,95.35,95.13,93.38,93.89,97.01,96.40,98.34,99.11,98.08,98.08,97.76,95.13,95.87,95.97,96.21,94.73,93.97,92.77,92.74,91.21,91.21,91.21,91.21,93.71,93.60,88.11,89.86,93.03,92.69,97.21,98.72,98.72,101.26,104.74,102.92,103.84,104.14,104.27,104.27,104.35,105.87,104.12,109.09,117.68,118.21,108.54,114.76,115.05,115.22,109.67,110.77,107.24,103.73,102.91,106.96,105.73,107.58,107.58,105.20,105.70,106.74,101.64,101.64,101.64,100.05,100.05,100.48,100.60,101.09,103.26,102.87,106.74,104.86,104.86,104.86,102.69,102.69,100.51,100.71,101.52,101.52,99.97,98.28,97.52,100.71,103.18,102.00,99.93,98.13,100.19,99.97,101.13,97.42,102.06,106.09,102.90
Clase,0.000147908,0512,Alfombras y otros materiales para pisos (D),98.06,98.06,98.06,98.06,98.06,98.06,98.06,98.06,98.06,98.06,98.06,98.06,102.13,102.13,104.89,104.89,104.89,110.96,107.06,114.73,116.58,116.58,116.58,116.58,116.58,116.58,116.58,116.58,100.46,105.50,105.50,103.26,103.26,103.26,103.26,103.26,103.26,103.26,103.26,103.26,103.26,103.26,103.26,104.94,94.44,92.43,92.43,92.43,92.43,92.43,92.43,92.43,92.43,92.76,92.76,92.76,92.76,90.14,90.14,88.35,85.01,85.67,85.67,80.46,85.67,90.13,92.05,92.05,92.05,92.05,92.05,92.02,92.02,92.02,92.02,92.02,92.02,92.02,94.61,88.09,88.09,88.09,96.31,94.19,94.19,84.85,84.85,84.85,84.85,84.85,84.85,84.85,96.42,96.42,96.42,96.42,96.42,96.42,96.42,96.42,96.42,92.00,89.68,92.00,92.00,92.00,92.00,92.33,91.59,92.33,92.33,94.35,94.35,92.30,92.33,92.33,92.33,90.15,90.15,90.15,90.15,90.15,91.01,91.01,91.01,92.57,92.57,92.57,92.57,92.57,92.57,92.57,92.57,92.57,92.57,91.39,88.25,84.41
Subclase,0.000147908,05121,Alfombras y materiales para pisos,98.06,98.06,98.06,98.06,98.06,98.06,98.06,98.06,98.06,98.06,98.06,98.06,102.13,102.13,104.89,104.89,104.89,110.96,107.06,114.73,116.58,116.58,116.58,116.58,116.58,116.58,116.58,116.58,100.46,105.50,105.50,103.26,103.26,103.26,103.26,103.26,103.26,103.26,103.26,103.26,103.26,103.26,103.26,104.94,94.44,92.43,92.43,92.43,92.43,92.43,92.43,92.43,92.43,92.76,92.76,92.76,92.76,90.14,90.14,88.35,85.01,85.67,85.67,80.46,85.67,90.13,92.05,92.05,92.05,92.05,92.05,92.02,92.02,92.02,92.02,92.02,92.02,92.02,94.61,88.09,88.09,88.09,96.31,94.19,94.19,84.85,84.85,84.85,84.85,84.85,84.85,84.85,96.42,96.42,96.42,96.42,96.42,96.42,96.42,96.42,96.42,92.00,89.68,92.00,92.00,92.00,92.00,92.33,91.59,92.33,92.33,94.35,94.35,92.30,92.33,92.33,92.33,90.15,90.15,90.15,90.15,90.15,91.01,91.01,91.01,92.57,92.57,92.57,92.57,92.57,92.57,92.57,92.57,92.57,92.57,91.39,88.25,84.41
Producto,0.000147908,05121179,ALFOMBRA SUELTA,98.06,98.06,98.06,98.06,98.06,98.06,98.06,98.06,98.06,98.06,98.06,98.06,102.13,102.13,104.89,104.89,104.89,110.96,107.06,114.73,116.58,116.58,116.58,116.58,116.58,116.58,116.58,116.58,100.46,105.50,105.50,103.26,103.26,103.26,103.26,103.26,103.26,103.26,103.26,103.26,103.26,103.26,103.26,104.94,94.44,92.43,92.43,92.43,92.43,92.43,92.43,92.43,92.43,92.76,92.76,92.76,92.76,90.14,90.14,88.35,85.01,85.67,85.67,80.46,85.67,90.13,92.05,92.05,92.05,92.05,92.05,92.02,92.02,92.02,92.02,92.02,92.02,92.02,94.61,88.09,88.09,88.09,96.31,94.19,94.19,84.85,84.85,84.85,84.85,84.85,84.85,84.85,96.42,96.42,96.42,96.42,96.42,96.42,96.42,96.42,96.42,92.00,89.68,92.00,92.00,92.00,92.00,92.33,91.59,92.33,92.33,94.35,94.35,92.30,92.33,92.33,92.33,90.15,90.15,90.15,90.15,90.15,91.01,91.01,91.01,92.57,92.57,92.57,92.57,92.57,92.57,92.57,92.57,92.57,92.57,91.39,88.25,84.41
Clase,0.000401898,0513,"Reparación de muebles, accesorios y materiales para pisos (S)",104.75,108.64,108.64,113.60,109.53,113.60,117.82,120.33,125.82,125.82,125.82,117.63,123.00,113.42,113.42,113.42,118.07,125.06,119.00,119.00,119.00,125.62,128.81,128.81,119.16,112.50,112.50,119.16,121.08,120.66,120.66,127.12,120.01,123.05,120.01,120.01,120.01,120.01,120.01,120.01,120.01,120.01,120.01,120.01,120.01,120.01,114.77,114.77,114.77,114.77,114.77,121.36,121.36,125.86,125.86,122.93,121.54,121.54,121.54,121.54,127.08,127.08,123.94,123.94,123.94,123.94,123.94,123.94,123.94,126.69,126.69,134.20,134.20,136.78,131.88,124.51,124.51,131.88,131.88,133.71,141.63,141.63,141.63,154.86,150.95,159.89,152.91,154.77,166.03,166.03,166.03,166.57,168.38,162.35,162.35,162.35,162.35,162.35,162.35,162.35,162.35,162.35,170.12,151.25,156.87,148.10,148.10,148.10,148.10,148.10,148.10,151.96,151.96,152.19,152.19,152.19,153.38,156.65,156.65,156.65,160.41,163.11,163.11,163.11,163.11,163.11,163.11,163.11,163.11,163.11,155.99,140.84,146.07,152.74,152.74,165.64,165.64,165.64
Subclase,0.000401898,05131,"Reparación de muebles, accesorios y materiales para pisos",104.75,108.64,108.64,113.60,109.53,113.60,117.82,120.33,125.82,125.82,125.82,117.63,123.00,113.42,113.42,113.42,118.07,125.06,119.00,119.00,119.00,125.62,128.81,128.81,119.16,112.50,112.50,119.16,121.08,120.66,120.66,127.12,120.01,123.05,120.01,120.01,120.01,120.01,120.01,120.01,120.01,120.01,120.01,120.01,120.01,120.01,114.77,114.77,114.77,114.77,114.77,121.36,121.36,125.86,125.86,122.93,121.54,121.54,121.54,121.54,127.08,127.08,123.94,123.94,123.94,123.94,123.94,123.94,123.94,126.69,126.69,134.20,134.20,136.78,131.88,124.51,124.51,131.88,131.88,133.71,141.63,141.63,141.63,154.86,150.95,159.89,152.91,154.77,166.03,166.03,166.03,166.57,168.38,162.35,162.35,162.35,162.35,162.35,162.35,162.35,162.35,162.35,170.12,151.25,156.87,148.10,148.10,148.10,148.10,148.10,148.10,151.96,151.96,152.19,152.19,152.19,153.38,156.65,156.65,156.65,160.41,163.11,163.11,163.11,163.11,163.11,163.11,163.11,163.11,163.11,155.99,140.84,146.07,152.74,152.74,165.64,165.64,165.64
Producto,0.000401898,05131180,REPARACIÓN DE MUEBLES,104.75,108.64,108.64,113.60,109.53,113.60,117.82,120.33,125.82,125.82,125.82,117.63,123.00,113.42,113.42,113.42,118.07,125.06,119.00,119.00,119.00,125.62,128.81,128.81,119.16,112.50,112.50,119.16,121.08,120.66,120.66,127.12,120.01,123.05,120.01,120.01,120.01,120.01,120.01,120.01,120.01,120.01,120.01,120.01,120.01,120.01,114.77,114.77,114.77,114.77,114.77,121.36,121.36,125.86,125.86,122.93,121.54,121.54,121.54,121.54,127.08,127.08,123.94,123.94,123.94,123.94,123.94,123.94,123.94,126.69,126.69,134.20,134.20,136.78,131.88,124.51,124.51,131.88,131.88,133.71,141.63,141.63,141.63,154.86,150.95,159.89,152.91,154.77,166.03,166.03,166.03,166.57,168.38,162.35,162.35,162.35,162.35,162.35,162.35,162.35,162.35,162.35,170.12,151.25,156.87,148.10,148.10,148.10,148.10,148.10,148.10,151.96,151.96,152.19,152.19,152.19,153.38,156.65,156.65,156.65,160.41,163.11,163.11,163.11,163.11,163.11,163.11,163.11,163.11,163.11,155.99,140.84,146.07,152.74,152.74,165.64,165.64,165.64
Grupo,0.003438527,052,Productos textiles para el hogar,92.56,92.56,92.32,92.38,93.38,93.80,93.67,93.43,93.20,92.20,93.50,93.50,93.66,93.66,92.57,92.52,92.59,93.78,93.90,93.91,93.91,91.84,93.28,93.47,93.21,92.21,93.57,92.62,92.38,90.28,89.93,87.68,90.10,88.69,88.92,90.32,88.57,87.39,87.01,87.01,87.03,87.93,86.56,85.86,85.97,85.76,85.92,86.81,86.92,86.70,85.64,86.00,86.42,85.98,85.22,85.11,84.41,85.11,85.07,85.64,83.81,83.69,83.83,85.57,84.56,84.69,84.39,83.68,83.91,80.68,81.70,82.36,80.86,79.06,79.06,78.81,79.12,77.66,80.25,80.25,80.20,80.81,77.44,78.15,78.74,78.94,80.18,82.52,80.39,82.03,81.26,79.48,79.91,79.97,80.36,78.82,78.50,79.99,81.14,80.16,80.61,80.67,78.43,77.84,78.06,78.75,79.15,78.82,79.10,79.30,75.43,77.07,78.67,75.85,76.03,77.86,78.07,77.14,76.42,74.79,75.46,76.06,76.25,76.62,73.53,74.94,72.96,73.67,73.67,72.41,68.58,70.38,68.23,66.55,65.65,66.19,67.44,67.27
Clase,0.003438527,0520,Productos textiles para el hogar (SD),92.56,92.56,92.32,92.38,93.38,93.80,93.67,93.43,93.20,92.20,93.50,93.50,93.66,93.66,92.57,92.52,92.59,93.78,93.90,93.91,93.91,91.84,93.28,93.47,93.21,92.21,93.57,92.62,92.38,90.28,89.93,87.68,90.10,88.69,88.92,90.32,88.57,87.39,87.01,87.01,87.03,87.93,86.56,85.86,85.97,85.76,85.92,86.81,86.92,86.70,85.64,86.00,86.42,85.98,85.22,85.11,84.41,85.11,85.07,85.64,83.81,83.69,83.83,85.57,84.56,84.69,84.39,83.68,83.91,80.68,81.70,82.36,80.86,79.06,79.06,78.81,79.12,77.66,80.25,80.25,80.20,80.81,77.44,78.15,78.74,78.94,80.18,82.52,80.39,82.03,81.26,79.48,79.91,79.97,80.36,78.82,78.50,79.99,81.14,80.16,80.61,80.67,78.43,77.84,78.06,78.75,79.15,78.82,79.10,79.30,75.43,77.07,78.67,75.85,76.03,77.86,78.07,77.14,76.42,74.79,75.46,76.06,76.25,76.62,73.53,74.94,72.96,73.67,73.67,72.41,68.58,70.38,68.23,66.55,65.65,66.19,67.44,67.27
Subclase,0.003438527,05201,Productos textiles para el hogar ,92.56,92.56,92.32,92.38,93.38,93.80,93.67,93.43,93.20,92.20,93.50,93.50,93.66,93.66,92.57,92.52,92.59,93.78,93.90,93.91,93.91,91.84,93.28,93.47,93.21,92.21,93.57,92.62,92.38,90.28,89.93,87.68,90.10,88.69,88.92,90.32,88.57,87.39,87.01,87.01,87.03,87.93,86.56,85.86,85.97,85.76,85.92,86.81,86.92,86.70,85.64,86.00,86.42,85.98,85.22,85.11,84.41,85.11,85.07,85.64,83.81,83.69,83.83,85.57,84.56,84.69,84.39,83.68,83.91,80.68,81.70,82.36,80.86,79.06,79.06,78.81,79.12,77.66,80.25,80.25,80.20,80.81,77.44,78.15,78.74,78.94,80.18,82.52,80.39,82.03,81.26,79.48,79.91,79.97,80.36,78.82,78.50,79.99,81.14,80.16,80.61,80.67,78.43,77.84,78.06,78.75,79.15,78.82,79.10,79.30,75.43,77.07,78.67,75.85,76.03,77.86,78.07,77.14,76.42,74.79,75.46,76.06,76.25,76.62,73.53,74.94,72.96,73.67,73.67,72.41,68.58,70.38,68.23,66.55,65.65,66.19,67.44,67.27
Producto,0.002394716,05201181,ROPA DE CAMA,91.32,91.32,90.96,91.05,92.16,92.78,92.78,92.28,91.94,91.94,93.86,93.86,94.11,94.11,92.48,92.48,92.58,93.93,94.09,94.09,94.09,91.99,93.29,93.56,93.56,92.08,92.68,92.68,93.35,90.78,90.19,86.87,90.46,88.37,88.63,89.36,88.42,86.68,86.11,86.12,86.14,87.47,85.44,83.88,83.88,83.56,83.81,85.12,85.39,85.07,84.19,84.61,85.14,85.14,85.21,84.78,84.78,84.78,84.05,84.05,83.91,83.02,84.05,84.05,84.05,84.25,83.80,84.06,83.44,78.62,80.84,82.58,79.81,80.54,80.54,80.54,80.54,79.12,82.42,82.42,82.93,82.35,76.98,78.43,78.43,79.37,79.87,83.87,81.95,83.15,83.14,81.19,81.19,81.19,80.48,78.21,79.35,80.01,81.95,80.67,80.67,80.75,79.73,78.55,79.70,79.47,80.88,80.36,79.41,80.17,75.41,76.81,79.05,76.81,76.01,79.57,78.08,76.19,75.79,74.35,73.87,74.79,75.89,75.48,71.02,72.59,71.33,72.38,72.38,72.40,68.34,68.34,64.51,64.51,63.62,64.93,65.64,63.99
Producto,0.000414042,05201182,CORTINA DE TELA,101.23,101.23,101.23,101.23,103.04,103.04,103.04,103.78,103.78,96.57,96.57,96.57,96.57,96.57,96.57,96.24,96.24,96.24,96.24,96.24,96.24,95.91,95.63,95.63,93.81,93.81,100.63,93.81,88.90,88.10,88.10,88.10,88.42,88.42,88.42,88.42,86.95,86.95,86.95,86.95,86.95,86.95,86.95,84.67,84.67,84.67,84.67,84.67,84.15,84.15,81.45,81.73,82.21,79.07,79.07,80.40,80.40,80.40,83.60,87.67,87.67,87.15,87.15,87.15,87.15,87.12,87.12,87.12,91.77,87.84,87.31,80.67,80.67,68.02,68.02,66.18,68.40,67.08,67.08,67.08,64.21,71.06,70.06,68.06,69.71,69.71,69.25,69.25,62.59,67.88,65.79,62.42,62.42,62.80,67.90,67.90,59.99,67.52,67.52,67.52,68.72,68.72,60.14,61.20,57.19,61.20,57.20,57.39,61.41,63.01,59.55,57.48,57.48,51.44,56.22,51.99,57.11,57.11,50.78,55.78,55.95,55.95,50.93,55.08,55.08,55.08,54.44,54.45,54.45,54.45,54.45,54.45,54.45,48.98,48.98,47.92,47.92,52.64
Producto,0.00062977,05201183,ROPA DE BAÑO,90.56,90.56,90.56,90.56,90.56,90.56,89.81,89.81,89.81,89.81,89.81,89.81,89.81,89.81,89.81,89.81,89.81,91.39,91.42,91.46,91.46,88.18,91.46,91.46,91.46,91.46,91.46,91.46,91.46,90.08,90.36,90.36,90.08,90.08,90.36,95.31,90.36,90.36,90.36,90.36,90.36,90.36,90.36,94.11,94.68,94.68,94.68,94.68,94.68,94.68,94.21,94.38,94.38,94.38,89.95,89.95,86.13,89.95,89.95,89.95,80.49,83.55,80.49,90.02,84.49,84.49,84.49,79.67,79.67,82.85,80.62,82.85,84.88,82.01,82.01,82.01,82.01,80.33,82.24,82.24,82.24,82.51,84.78,84.78,86.73,84.37,89.66,87.65,88.20,88.66,86.13,86.13,88.50,88.50,89.40,89.40,89.40,89.40,88.50,87.90,89.44,89.44,87.55,87.87,87.87,89.44,89.44,89.43,91.42,88.47,87.62,92.96,93.38,90.89,91.16,91.21,93.97,95.87,98.24,90.89,96.16,96.05,96.86,97.24,96.86,98.75,93.04,93.04,93.04,86.12,80.24,90.04,92.46,87.47,85.82,84.72,88.94,90.51
Grupo,0.00941145,053,Artefactos para el hogar,102.20,102.55,105.20,107.77,109.96,110.38,112.81,112.71,115.62,115.36,110.05,106.39,105.64,105.31,104.71,102.63,102.94,104.58,103.58,103.45,103.24,100.26,99.71,98.44,98.62,98.71,99.02,97.54,96.88,96.82,96.21,96.38,94.91,94.28,93.23,92.86,93.45,92.59,92.53,93.12,90.29,90.20,90.49,89.64,84.44,81.83,79.13,78.24,80.34,78.60,78.61,76.66,76.51,77.60,77.45,75.99,74.89,74.45,74.79,72.56,71.92,72.22,72.93,72.64,71.73,70.57,71.39,71.70,72.54,71.93,70.71,70.70,71.18,71.69,71.67,70.91,70.22,71.07,72.18,72.46,72.21,72.38,71.82,72.12,71.40,71.81,73.00,71.78,71.95,73.77,74.45,74.47,74.72,73.53,72.98,72.12,73.85,73.32,72.22,70.41,70.10,70.16,70.10,70.35,69.68,68.72,67.41,68.23,68.88,69.02,69.18,69.28,67.91,68.96,69.75,69.30,69.69,68.78,67.53,67.67,68.40,69.61,69.55,68.91,68.42,69.08,68.98,68.15,68.34,68.13,67.67,67.90,67.88,67.95,68.06,68.02,68.74,67.91
Clase,0.008054761,0531,"Artefactos para el hogar grandes, eléctricos o no (D)",101.95,102.36,105.27,107.58,109.17,110.14,112.62,112.21,115.59,115.28,108.77,104.99,104.12,103.77,103.45,101.08,101.47,102.91,101.76,101.58,101.21,97.37,96.73,95.56,95.97,97.10,98.09,96.29,95.14,96.27,95.22,95.35,93.60,93.29,92.20,91.89,92.59,91.44,91.28,91.64,88.61,88.52,88.62,87.78,81.92,79.23,76.03,75.03,77.60,75.76,75.74,73.57,73.49,74.55,74.50,72.76,71.62,71.30,71.71,69.69,68.72,69.19,70.06,69.84,69.04,67.32,68.49,68.75,69.28,68.92,67.63,67.56,68.05,68.58,68.56,67.45,67.16,67.71,68.81,69.11,68.79,68.99,68.44,68.66,67.93,68.40,69.53,68.09,68.38,70.37,71.19,71.60,71.65,70.18,69.67,68.57,70.65,70.19,68.94,66.89,66.29,66.68,66.66,67.04,66.25,65.15,63.31,64.14,64.94,64.71,64.91,64.69,63.03,64.25,65.37,64.90,65.33,64.15,62.84,63.09,63.94,65.32,65.26,64.61,64.13,64.90,64.92,64.16,64.31,63.88,63.08,63.35,63.28,63.32,63.50,63.42,63.86,62.91
Subclase,0.008054761,05311,Artefactos grandes para el hogar,101.95,102.36,105.27,107.58,109.17,110.14,112.62,112.21,115.59,115.28,108.77,104.99,104.12,103.77,103.45,101.08,101.47,102.91,101.76,101.58,101.21,97.37,96.73,95.56,95.97,97.10,98.09,96.29,95.14,96.27,95.22,95.35,93.60,93.29,92.20,91.89,92.59,91.44,91.28,91.64,88.61,88.52,88.62,87.78,81.92,79.23,76.03,75.03,77.60,75.76,75.74,73.57,73.49,74.55,74.50,72.76,71.62,71.30,71.71,69.69,68.72,69.19,70.06,69.84,69.04,67.32,68.49,68.75,69.28,68.92,67.63,67.56,68.05,68.58,68.56,67.45,67.16,67.71,68.81,69.11,68.79,68.99,68.44,68.66,67.93,68.40,69.53,68.09,68.38,70.37,71.19,71.60,71.65,70.18,69.67,68.57,70.65,70.19,68.94,66.89,66.29,66.68,66.66,67.04,66.25,65.15,63.31,64.14,64.94,64.71,64.91,64.69,63.03,64.25,65.37,64.90,65.33,64.15,62.84,63.09,63.94,65.32,65.26,64.61,64.13,64.90,64.92,64.16,64.31,63.88,63.08,63.35,63.28,63.32,63.50,63.42,63.86,62.91
Producto,0.002187405,05311184,COCINA,103.55,104.51,105.41,111.69,121.11,119.74,119.74,123.19,138.98,127.59,127.59,113.00,113.00,113.00,113.00,113.00,113.00,113.00,113.00,113.17,113.17,104.40,104.40,104.05,104.47,104.47,104.47,106.15,113.51,111.80,111.80,110.53,111.29,111.29,109.86,111.28,111.28,109.78,111.05,112.08,107.83,107.36,109.05,109.05,82.74,78.78,77.10,74.46,77.20,74.87,74.78,72.43,73.26,73.27,71.71,71.51,69.97,69.61,69.08,67.18,68.86,69.55,69.38,69.38,69.01,64.80,64.24,63.88,63.38,63.40,61.40,61.70,62.05,61.69,61.72,61.14,60.44,61.34,61.04,61.11,60.15,60.55,60.99,60.00,52.67,53.17,54.57,53.22,52.85,53.80,54.20,52.78,53.51,53.41,52.51,51.68,54.40,54.19,50.67,49.40,49.82,52.99,52.68,54.42,53.43,51.54,51.36,51.51,52.65,52.26,51.80,52.59,52.11,51.53,55.20,53.53,53.78,52.51,52.45,52.46,53.87,54.57,54.06,54.23,53.88,53.93,54.14,53.71,53.41,53.18,52.61,52.31,52.51,52.83,52.81,51.29,51.64,52.91
Producto,0.000324392,05311185,HORNO,95.38,95.38,99.36,99.36,99.36,99.36,99.47,93.51,98.62,99.70,97.67,97.67,93.94,93.66,92.87,93.07,98.30,98.48,96.15,96.15,96.15,96.15,94.93,95.09,97.11,97.11,99.53,99.10,97.89,96.08,94.13,94.19,94.19,94.19,91.02,94.36,84.72,86.57,87.76,88.22,89.20,89.20,83.80,83.80,83.80,79.33,76.83,76.28,78.36,75.58,75.92,75.41,71.19,71.31,70.01,72.08,74.27,78.03,80.61,75.63,76.94,76.53,80.36,66.10,74.20,74.94,73.72,77.18,83.09,77.37,73.74,73.65,74.50,78.34,77.30,74.79,71.28,73.28,78.73,77.96,80.07,89.55,82.07,84.89,89.29,89.39,84.52,82.36,75.70,77.14,81.15,80.57,78.27,80.13,77.95,73.09,76.15,77.23,77.23,76.25,79.19,78.45,77.75,78.11,76.44,75.03,72.77,72.77,70.28,67.84,68.22,67.34,70.75,70.75,70.18,69.00,69.00,68.96,67.93,65.83,66.71,66.92,66.92,66.40,65.57,67.85,68.00,69.48,69.95,69.95,70.25,66.35,64.51,63.88,65.86,66.49,65.75,63.85
Producto,0.002853107,05311186,REFRIGERADORA,99.46,98.81,101.14,100.45,98.56,98.96,96.97,95.95,96.27,98.44,91.04,92.28,92.28,91.96,92.17,89.90,89.58,92.56,91.95,90.01,89.13,85.29,84.55,83.99,83.54,86.32,89.02,85.71,82.33,85.05,84.35,85.51,80.99,83.98,80.94,79.20,80.76,81.06,79.88,79.03,76.14,75.02,73.46,73.77,74.88,71.69,69.24,68.09,73.28,70.84,71.94,67.19,66.46,69.29,69.80,68.00,67.38,66.66,65.79,66.67,65.70,65.52,67.20,67.07,65.48,64.44,65.61,65.58,66.43,66.57,64.53,64.85,65.80,66.32,66.83,65.00,64.37,65.73,67.38,66.65,66.60,66.74,66.20,65.96,67.90,68.55,70.90,68.75,69.65,71.18,70.97,72.51,71.86,71.80,70.99,69.14,72.33,71.97,69.44,69.59,67.99,65.43,68.34,68.01,67.01,66.82,63.41,64.40,64.58,64.92,63.69,63.20,61.01,62.18,62.82,61.21,61.79,61.02,59.34,60.87,61.42,63.84,63.72,62.42,62.52,63.16,63.33,60.85,60.80,60.15,59.30,59.62,60.09,60.09,60.42,60.91,60.29,59.21
Producto,0.002110074,05311187,LAVADORA Y SECADORA DE ROPA,105.19,106.64,112.06,115.50,115.56,119.53,130.93,128.25,125.22,130.80,119.42,117.27,114.78,114.04,112.64,107.80,109.10,109.67,106.82,108.83,108.83,108.75,107.76,104.85,106.34,106.21,105.46,102.58,97.25,98.93,96.50,96.39,96.23,90.88,93.13,93.22,94.37,91.08,91.14,92.71,90.03,91.76,93.42,90.08,91.13,90.33,84.60,85.14,83.95,83.65,82.03,83.47,83.96,83.48,83.92,80.60,78.65,78.52,81.45,75.43,71.86,73.16,73.51,74.36,73.37,72.51,75.48,76.39,76.85,75.96,76.54,75.59,75.50,76.54,75.80,75.35,76.35,75.35,76.42,78.48,78.08,77.27,76.55,78.22,78.78,78.99,78.77,78.30,78.93,82.63,85.09,85.55,86.12,81.09,81.56,81.72,81.67,80.58,83.12,76.87,76.48,78.80,74.92,75.14,75.02,73.24,72.20,73.60,75.39,74.69,77.42,76.73,74.18,77.19,76.99,79.26,79.73,77.94,76.02,74.82,75.59,76.22,76.63,76.25,74.78,76.26,75.95,77.25,78.06,77.56,76.63,77.70,76.88,76.81,76.77,77.12,79.24,76.59
Producto,0.000579783,05311188,ACONDICIONADOR DE AIRE,90.56,91.73,92.79,94.33,94.33,93.48,91.66,102.10,102.10,102.10,97.42,97.55,93.71,95.12,97.49,95.44,95.21,96.94,96.94,97.42,97.09,97.09,96.06,96.06,96.06,97.00,97.68,98.76,98.76,96.92,96.92,96.60,96.87,96.87,94.01,87.22,87.22,87.23,83.54,82.40,82.00,81.51,81.51,81.51,81.51,81.51,81.51,81.51,81.51,74.34,74.80,74.80,75.29,75.38,80.24,77.68,77.68,77.88,76.00,74.38,76.21,76.21,76.21,76.21,77.01,77.62,77.62,77.62,77.13,77.13,76.98,77.13,77.13,77.13,77.13,77.13,73.69,72.68,74.55,74.51,74.65,74.72,74.37,74.32,75.77,76.71,76.71,76.71,78.76,77.10,75.09,75.45,78.81,78.36,76.80,74.09,73.14,75.96,71.51,76.71,76.71,76.71,76.28,76.28,73.32,74.62,73.84,71.10,70.33,70.33,72.28,73.57,75.92,76.20,76.20,76.20,74.29,72.69,72.69,74.27,76.25,75.69,76.10,73.20,75.47,74.86,73.12,68.68,68.87,73.34,69.17,70.70,68.45,68.60,68.60,66.69,68.28,68.28
Clase,0.000967805,0532,Artefactos eléctricos para el hogar pequeños (SD),104.26,104.26,105.45,108.41,112.07,106.86,110.06,110.84,110.17,110.31,115.23,111.11,105.76,110.86,106.96,106.92,106.48,111.25,111.35,108.72,112.97,112.35,112.51,109.55,107.27,105.23,103.20,104.40,105.32,100.14,99.60,100.36,97.69,93.39,92.26,91.07,90.70,89.81,90.89,89.00,86.87,86.71,89.16,87.83,87.03,88.45,86.82,86.75,88.42,86.88,87.33,86.71,85.65,87.69,86.33,87.16,85.96,84.07,83.70,83.03,85.50,84.25,83.58,84.78,82.31,84.14,81.48,82.44,82.31,83.53,82.52,83.06,83.75,84.17,84.20,86.89,86.97,89.14,90.87,91.12,91.55,91.48,90.53,91.85,90.87,90.82,93.29,93.73,92.66,93.71,93.17,89.06,91.59,92.73,91.48,92.78,91.55,90.18,90.01,89.91,92.55,92.24,91.70,90.65,90.89,90.94,91.21,92.32,91.56,93.12,93.00,96.25,97.37,97.11,94.79,94.21,94.49,96.05,94.69,93.84,93.50,93.65,93.51,92.62,91.75,91.55,90.10,88.25,88.83,90.88,90.37,90.37,90.78,91.26,90.59,91.02,92.69,92.83
Subclase,0.000967805,05321,Artefactos eléctricos para el hogar pequeños,104.26,104.26,105.45,108.41,112.07,106.86,110.06,110.84,110.17,110.31,115.23,111.11,105.76,110.86,106.96,106.92,106.48,111.25,111.35,108.72,112.97,112.35,112.51,109.55,107.27,105.23,103.20,104.40,105.32,100.14,99.60,100.36,97.69,93.39,92.26,91.07,90.70,89.81,90.89,89.00,86.87,86.71,89.16,87.83,87.03,88.45,86.82,86.75,88.42,86.88,87.33,86.71,85.65,87.69,86.33,87.16,85.96,84.07,83.70,83.03,85.50,84.25,83.58,84.78,82.31,84.14,81.48,82.44,82.31,83.53,82.52,83.06,83.75,84.17,84.20,86.89,86.97,89.14,90.87,91.12,91.55,91.48,90.53,91.85,90.87,90.82,93.29,93.73,92.66,93.71,93.17,89.06,91.59,92.73,91.48,92.78,91.55,90.18,90.01,89.91,92.55,92.24,91.70,90.65,90.89,90.94,91.21,92.32,91.56,93.12,93.00,96.25,97.37,97.11,94.79,94.21,94.49,96.05,94.69,93.84,93.50,93.65,93.51,92.62,91.75,91.55,90.10,88.25,88.83,90.88,90.37,90.37,90.78,91.26,90.59,91.02,92.69,92.83
Producto,0.000659751,05321189,LICUADORA,103.97,103.97,104.81,107.70,112.70,106.09,109.75,110.74,109.42,109.95,116.28,112.03,105.46,111.42,106.81,106.81,106.81,112.18,112.18,109.71,114.02,113.58,113.33,109.68,107.06,106.10,103.21,105.38,106.79,101.49,100.86,101.42,98.31,93.13,91.57,88.72,89.75,88.87,89.97,87.42,85.63,85.32,88.93,87.32,85.53,87.21,85.24,85.12,87.48,86.07,86.51,85.55,84.67,87.25,85.62,87.36,85.57,83.20,82.76,82.01,85.22,83.85,83.63,86.22,81.88,84.54,80.46,81.43,81.43,82.89,81.76,82.36,83.26,83.72,83.72,86.98,86.98,90.03,92.07,92.89,92.56,92.50,91.95,92.70,91.08,91.08,94.37,94.50,93.01,93.96,93.77,88.48,91.52,92.85,91.38,93.30,91.21,90.10,90.10,90.10,93.00,93.00,92.27,90.92,91.43,91.43,91.47,92.92,92.91,95.07,95.48,98.55,99.92,99.92,96.81,96.81,96.81,99.91,98.39,96.92,96.61,96.61,96.61,95.46,94.66,93.94,92.27,89.83,90.61,92.80,92.50,92.50,93.07,93.64,92.88,93.39,94.94,95.16
Producto,0.000111584,05321190,VENTILADOR,100.41,100.41,100.41,108.85,113.39,113.39,113.39,113.39,113.39,113.26,113.26,106.00,104.99,106.68,103.80,102.81,102.81,103.15,103.15,102.86,104.15,104.14,104.14,103.73,102.63,102.63,104.43,102.42,102.42,101.82,96.56,96.21,96.56,94.44,96.26,97.05,94.69,91.31,94.69,90.87,89.65,89.65,89.65,90.44,90.44,90.44,90.44,91.11,91.11,90.10,90.92,90.72,90.72,90.72,87.40,87.40,87.40,87.40,86.91,84.55,83.65,83.65,82.01,76.13,82.01,83.09,84.71,84.71,84.71,84.40,82.10,84.02,84.02,85.21,85.21,85.21,85.21,85.76,85.76,85.76,86.84,86.48,86.48,85.33,86.82,86.82,84.49,86.34,86.34,79.09,76.83,81.70,82.71,82.71,82.71,77.81,85.04,77.34,84.52,84.52,84.52,84.52,84.52,84.52,80.56,80.56,81.87,81.87,79.62,79.62,76.11,84.00,84.00,77.91,80.49,77.65,83.99,84.35,80.09,83.29,82.14,84.37,84.37,86.50,80.58,88.04,89.14,85.80,84.86,93.20,86.47,86.47,86.47,86.47,86.47,86.47,86.47,86.47
Producto,0.000109309,05321191,PLANCHA ELÉCTRICA DE ROPA,105.64,105.64,110.53,113.66,111.31,110.87,114.00,114.00,117.28,114.91,114.80,113.46,111.23,115.50,113.98,113.98,109.95,114.75,114.75,114.75,114.75,114.75,117.65,116.97,115.19,110.45,111.83,111.83,106.45,97.18,97.18,99.52,97.49,96.21,96.21,105.24,95.74,98.93,98.35,98.46,92.27,93.07,89.72,93.30,94.56,95.64,94.74,94.74,93.24,92.06,88.76,90.08,90.08,90.08,90.53,86.83,86.83,86.83,86.83,86.83,86.83,86.83,83.04,77.76,83.78,82.46,86.60,86.60,86.60,86.60,86.31,86.31,86.31,86.31,86.65,86.65,87.31,86.54,86.66,87.32,89.72,89.72,84.90,87.92,88.86,88.35,88.35,90.43,89.11,91.09,91.09,89.51,91.13,92.07,92.07,92.07,92.07,92.07,92.07,92.07,92.07,92.07,92.07,92.07,92.07,92.72,92.72,92.72,86.66,86.66,82.87,86.06,86.06,86.06,86.06,81.89,82.07,74.10,74.10,75.65,75.39,75.98,75.98,75.21,75.21,75.21,73.51,74.72,74.72,74.72,74.72,74.72,74.45,75.06,74.26,74.26,77.24,77.24
Producto,8.71601E-05,05321192,DUCHA ELÉCTRICA,107.72,107.72,107.72,107.72,105.21,105.21,105.21,105.21,105.21,105.21,104.82,99.67,100.68,99.17,99.17,99.17,99.17,99.70,101.18,90.83,103.15,99.17,99.68,99.47,99.61,88.03,88.03,81.92,88.11,88.24,90.87,92.01,91.49,91.10,91.42,91.42,90.95,84.77,86.93,90.76,90.76,90.64,90.64,83.18,89.94,89.96,89.96,89.94,89.83,85.70,92.24,92.24,86.67,87.02,87.02,85.25,88.20,87.60,87.60,87.66,87.65,85.00,84.87,84.87,85.02,82.87,82.86,85.92,83.97,85.40,85.40,85.40,85.06,85.23,85.23,87.33,87.33,85.12,86.96,80.09,85.62,85.62,85.62,92.50,94.26,94.26,94.26,94.73,98.38,104.10,99.68,99.68,98.67,98.67,97.03,97.05,98.77,95.96,89.04,87.49,93.01,88.42,88.82,89.00,89.00,88.78,91.50,91.18,91.18,89.34,91.23,93.75,94.52,94.37,94.34,94.34,94.34,94.44,94.39,94.39,94.00,94.00,91.94,91.94,91.93,92.71,92.71,93.68,93.68,93.68,93.68,93.68,93.68,93.21,93.31,93.75,95.67,95.21
Clase,0.000388884,0533,Reparación de artefactos para el hogar (S),103.33,103.33,103.33,110.52,122.41,122.41,122.41,126.96,126.96,126.96,126.96,126.96,137.68,126.96,126.96,126.96,126.96,126.96,126.96,132.75,126.96,137.68,137.68,137.68,137.68,119.86,110.52,110.52,117.07,101.91,110.52,110.52,117.07,117.07,117.07,117.07,117.07,122.41,122.41,132.75,132.75,132.75,132.75,132.75,132.75,124.00,129.66,129.66,122.41,122.41,122.41,122.41,122.41,122.41,122.41,122.41,122.41,122.41,122.41,112.87,112.87,112.87,112.87,107.95,107.95,112.87,112.87,112.87,122.41,112.87,112.87,112.87,112.87,112.87,112.87,112.87,101.91,106.56,106.56,106.56,106.56,106.56,106.56,106.56,106.56,106.56,106.56,106.56,106.56,106.56,106.56,106.56,106.56,106.56,106.56,106.56,106.56,106.56,106.56,106.56,106.56,100.41,100.41,100.41,100.41,100.41,107.43,107.43,107.43,112.71,112.71,113.21,113.21,113.21,113.21,113.21,113.21,113.21,113.21,113.21,113.21,113.21,113.21,113.21,113.21,113.21,113.21,113.21,113.21,113.21,120.14,120.14,120.14,120.14,120.14,120.14,124.69,124.69
Subclase,0.000388884,05331,Reparación de artefactos para el hogar,103.33,103.33,103.33,110.52,122.41,122.41,122.41,126.96,126.96,126.96,126.96,126.96,137.68,126.96,126.96,126.96,126.96,126.96,126.96,132.75,126.96,137.68,137.68,137.68,137.68,119.86,110.52,110.52,117.07,101.91,110.52,110.52,117.07,117.07,117.07,117.07,117.07,122.41,122.41,132.75,132.75,132.75,132.75,132.75,132.75,124.00,129.66,129.66,122.41,122.41,122.41,122.41,122.41,122.41,122.41,122.41,122.41,122.41,122.41,112.87,112.87,112.87,112.87,107.95,107.95,112.87,112.87,112.87,122.41,112.87,112.87,112.87,112.87,112.87,112.87,112.87,101.91,106.56,106.56,106.56,106.56,106.56,106.56,106.56,106.56,106.56,106.56,106.56,106.56,106.56,106.56,106.56,106.56,106.56,106.56,106.56,106.56,106.56,106.56,106.56,106.56,100.41,100.41,100.41,100.41,100.41,107.43,107.43,107.43,112.71,112.71,113.21,113.21,113.21,113.21,113.21,113.21,113.21,113.21,113.21,113.21,113.21,113.21,113.21,113.21,113.21,113.21,113.21,113.21,113.21,120.14,120.14,120.14,120.14,120.14,120.14,124.69,124.69
Producto,0.000388884,05331193,REPARACIÓN DE ARTEFACTOS PARA EL HOGAR,103.33,103.33,103.33,110.52,122.41,122.41,122.41,126.96,126.96,126.96,126.96,126.96,137.68,126.96,126.96,126.96,126.96,126.96,126.96,132.75,126.96,137.68,137.68,137.68,137.68,119.86,110.52,110.52,117.07,101.91,110.52,110.52,117.07,117.07,117.07,117.07,117.07,122.41,122.41,132.75,132.75,132.75,132.75,132.75,132.75,124.00,129.66,129.66,122.41,122.41,122.41,122.41,122.41,122.41,122.41,122.41,122.41,122.41,122.41,112.87,112.87,112.87,112.87,107.95,107.95,112.87,112.87,112.87,122.41,112.87,112.87,112.87,112.87,112.87,112.87,112.87,101.91,106.56,106.56,106.56,106.56,106.56,106.56,106.56,106.56,106.56,106.56,106.56,106.56,106.56,106.56,106.56,106.56,106.56,106.56,106.56,106.56,106.56,106.56,106.56,106.56,100.41,100.41,100.41,100.41,100.41,107.43,107.43,107.43,112.71,112.71,113.21,113.21,113.21,113.21,113.21,113.21,113.21,113.21,113.21,113.21,113.21,113.21,113.21,113.21,113.21,113.21,113.21,113.21,113.21,120.14,120.14,120.14,120.14,120.14,120.14,124.69,124.69
Grupo,0.001546614,054,"Artículos de vidrio y cristal, vajilla y utensilios para el hogar",101.46,101.69,101.69,101.69,101.10,101.23,101.23,101.60,101.60,102.19,103.83,104.38,103.03,98.84,96.71,97.37,97.37,98.52,97.78,98.56,98.56,96.84,96.99,95.47,94.61,93.40,94.10,95.09,96.12,89.24,91.01,91.54,91.45,91.21,91.25,91.65,89.63,90.35,90.92,91.51,91.51,91.52,92.93,93.74,93.66,94.83,95.56,94.82,95.05,94.15,94.28,94.22,93.82,93.87,92.92,92.58,92.12,92.15,90.37,92.96,92.96,92.83,93.00,90.21,91.95,92.43,91.37,90.83,91.65,91.77,89.55,91.55,91.55,91.07,92.41,92.89,92.64,94.15,96.08,95.54,97.41,98.37,95.75,99.14,100.95,102.23,105.58,105.44,105.38,108.65,109.06,108.56,110.01,111.22,110.19,111.20,111.20,111.90,107.09,108.07,108.73,111.05,109.46,111.20,110.10,109.42,110.60,111.25,107.85,106.87,106.96,109.97,108.91,109.74,110.13,109.88,109.73,106.69,105.79,106.08,107.20,108.62,108.54,106.02,106.40,107.66,108.55,109.03,108.63,109.11,110.17,109.69,109.07,108.70,107.85,107.84,107.77,110.97
Clase,0.001546614,0540,"Artículos de vidrio y cristal, vajilla y utensilios para el hogar (SD)",101.46,101.69,101.69,101.69,101.10,101.23,101.23,101.60,101.60,102.19,103.83,104.38,103.03,98.84,96.71,97.37,97.37,98.52,97.78,98.56,98.56,96.84,96.99,95.47,94.61,93.40,94.10,95.09,96.12,89.24,91.01,91.54,91.45,91.21,91.25,91.65,89.63,90.35,90.92,91.51,91.51,91.52,92.93,93.74,93.66,94.83,95.56,94.82,95.05,94.15,94.28,94.22,93.82,93.87,92.92,92.58,92.12,92.15,90.37,92.96,92.96,92.83,93.00,90.21,91.95,92.43,91.37,90.83,91.65,91.77,89.55,91.55,91.55,91.07,92.41,92.89,92.64,94.15,96.08,95.54,97.41,98.37,95.75,99.14,100.95,102.23,105.58,105.44,105.38,108.65,109.06,108.56,110.01,111.22,110.19,111.20,111.20,111.90,107.09,108.07,108.73,111.05,109.46,111.20,110.10,109.42,110.60,111.25,107.85,106.87,106.96,109.97,108.91,109.74,110.13,109.88,109.73,106.69,105.79,106.08,107.20,108.62,108.54,106.02,106.40,107.66,108.55,109.03,108.63,109.11,110.17,109.69,109.07,108.70,107.85,107.84,107.77,110.97
Subclase,0.001546614,05401,"Artículos de vidrio y cristal, vajilla y utensilios para el hogar",101.46,101.69,101.69,101.69,101.10,101.23,101.23,101.60,101.60,102.19,103.83,104.38,103.03,98.84,96.71,97.37,97.37,98.52,97.78,98.56,98.56,96.84,96.99,95.47,94.61,93.40,94.10,95.09,96.12,89.24,91.01,91.54,91.45,91.21,91.25,91.65,89.63,90.35,90.92,91.51,91.51,91.52,92.93,93.74,93.66,94.83,95.56,94.82,95.05,94.15,94.28,94.22,93.82,93.87,92.92,92.58,92.12,92.15,90.37,92.96,92.96,92.83,93.00,90.21,91.95,92.43,91.37,90.83,91.65,91.77,89.55,91.55,91.55,91.07,92.41,92.89,92.64,94.15,96.08,95.54,97.41,98.37,95.75,99.14,100.95,102.23,105.58,105.44,105.38,108.65,109.06,108.56,110.01,111.22,110.19,111.20,111.20,111.90,107.09,108.07,108.73,111.05,109.46,111.20,110.10,109.42,110.60,111.25,107.85,106.87,106.96,109.97,108.91,109.74,110.13,109.88,109.73,106.69,105.79,106.08,107.20,108.62,108.54,106.02,106.40,107.66,108.55,109.03,108.63,109.11,110.17,109.69,109.07,108.70,107.85,107.84,107.77,110.97
Producto,0.001546614,05401194,OLLAS,101.46,101.69,101.69,101.69,101.10,101.23,101.23,101.60,101.60,102.19,103.83,104.38,103.03,98.84,96.71,97.37,97.37,98.52,97.78,98.56,98.56,96.84,96.99,95.47,94.61,93.40,94.10,95.09,96.12,89.24,91.01,91.54,91.45,91.21,91.25,91.65,89.63,90.35,90.92,91.51,91.51,91.52,92.93,93.74,93.66,94.83,95.56,94.82,95.05,94.15,94.28,94.22,93.82,93.87,92.92,92.58,92.12,92.15,90.37,92.96,92.96,92.83,93.00,90.21,91.95,92.43,91.37,90.83,91.65,91.77,89.55,91.55,91.55,91.07,92.41,92.89,92.64,94.15,96.08,95.54,97.41,98.37,95.75,99.14,100.95,102.23,105.58,105.44,105.38,108.65,109.06,108.56,110.01,111.22,110.19,111.20,111.20,111.90,107.09,108.07,108.73,111.05,109.46,111.20,110.10,109.42,110.60,111.25,107.85,106.87,106.96,109.97,108.91,109.74,110.13,109.88,109.73,106.69,105.79,106.08,107.20,108.62,108.54,106.02,106.40,107.66,108.55,109.03,108.63,109.11,110.17,109.69,109.07,108.70,107.85,107.84,107.77,110.97
Grupo,0.001381501,055,Herramientas y equipo para el hogar y el jardín,107.32,107.58,104.46,104.85,106.05,107.40,107.01,107.16,107.36,107.41,106.47,104.17,101.50,103.82,103.88,103.11,102.71,103.82,101.83,100.20,98.56,98.92,100.86,101.15,101.21,100.62,100.04,100.35,97.98,96.89,96.62,93.94,93.02,90.84,90.80,89.86,90.28,91.90,91.57,87.03,89.59,90.19,89.91,86.11,89.20,90.39,92.57,91.90,91.58,91.11,90.04,90.66,89.93,88.94,88.74,87.51,90.75,89.65,89.33,89.30,87.93,87.65,85.80,86.52,85.75,82.76,84.75,82.57,84.99,85.29,84.36,82.59,84.46,85.03,84.42,84.62,84.93,81.64,81.30,79.81,81.61,82.23,82.50,83.53,83.57,83.17,83.94,84.49,85.23,86.25,86.55,83.97,86.51,84.59,84.59,84.35,83.06,80.91,81.08,81.49,82.04,81.57,81.50,78.12,79.33,81.11,79.12,77.39,77.09,76.09,75.44,75.90,75.99,76.06,73.71,70.42,72.36,72.42,72.33,69.99,69.56,69.25,69.34,70.01,70.87,72.09,68.68,71.85,72.80,72.96,71.25,70.70,71.50,71.89,71.41,71.37,71.89,71.78
Clase,0.00022067,0551,Herramientas y equipo grandes (D),117.25,117.86,109.03,109.03,108.27,110.27,108.27,108.27,107.27,107.27,103.42,102.23,96.33,98.92,98.31,98.31,98.31,100.11,97.37,93.75,92.61,93.65,96.55,96.55,96.55,96.57,95.42,95.70,94.30,92.23,91.54,85.78,85.41,85.41,85.20,85.20,86.48,86.84,86.84,79.25,85.26,87.07,86.71,77.78,82.59,85.96,86.81,86.29,86.52,84.71,83.61,83.61,83.91,81.46,81.46,78.16,80.32,80.41,80.51,80.34,80.25,79.44,79.44,80.03,79.99,77.12,77.71,73.13,78.71,80.43,77.51,72.71,74.62,75.43,75.66,76.44,77.01,75.75,74.72,70.39,77.32,79.07,80.95,80.95,78.87,81.58,83.25,81.04,83.71,82.19,82.14,78.13,82.24,80.93,80.97,80.83,79.18,78.78,79.22,78.87,80.59,80.59,80.28,72.89,76.35,80.09,79.49,77.98,78.21,78.21,78.39,77.13,78.66,78.16,73.32,72.81,73.32,73.30,78.67,78.67,77.54,77.54,77.22,77.77,76.26,76.42,75.10,74.40,76.83,77.21,73.14,72.72,74.95,77.31,76.03,76.36,78.38,78.04
Subclase,0.00022067,05511,Herramientas y equipos grandes,117.25,117.86,109.03,109.03,108.27,110.27,108.27,108.27,107.27,107.27,103.42,102.23,96.33,98.92,98.31,98.31,98.31,100.11,97.37,93.75,92.61,93.65,96.55,96.55,96.55,96.57,95.42,95.70,94.30,92.23,91.54,85.78,85.41,85.41,85.20,85.20,86.48,86.84,86.84,79.25,85.26,87.07,86.71,77.78,82.59,85.96,86.81,86.29,86.52,84.71,83.61,83.61,83.91,81.46,81.46,78.16,80.32,80.41,80.51,80.34,80.25,79.44,79.44,80.03,79.99,77.12,77.71,73.13,78.71,80.43,77.51,72.71,74.62,75.43,75.66,76.44,77.01,75.75,74.72,70.39,77.32,79.07,80.95,80.95,78.87,81.58,83.25,81.04,83.71,82.19,82.14,78.13,82.24,80.93,80.97,80.83,79.18,78.78,79.22,78.87,80.59,80.59,80.28,72.89,76.35,80.09,79.49,77.98,78.21,78.21,78.39,77.13,78.66,78.16,73.32,72.81,73.32,73.30,78.67,78.67,77.54,77.54,77.22,77.77,76.26,76.42,75.10,74.40,76.83,77.21,73.14,72.72,74.95,77.31,76.03,76.36,78.38,78.04
Producto,0.00022067,05511195,BOMBA DE AGUA,117.25,117.86,109.03,109.03,108.27,110.27,108.27,108.27,107.27,107.27,103.42,102.23,96.33,98.92,98.31,98.31,98.31,100.11,97.37,93.75,92.61,93.65,96.55,96.55,96.55,96.57,95.42,95.70,94.30,92.23,91.54,85.78,85.41,85.41,85.20,85.20,86.48,86.84,86.84,79.25,85.26,87.07,86.71,77.78,82.59,85.96,86.81,86.29,86.52,84.71,83.61,83.61,83.91,81.46,81.46,78.16,80.32,80.41,80.51,80.34,80.25,79.44,79.44,80.03,79.99,77.12,77.71,73.13,78.71,80.43,77.51,72.71,74.62,75.43,75.66,76.44,77.01,75.75,74.72,70.39,77.32,79.07,80.95,80.95,78.87,81.58,83.25,81.04,83.71,82.19,82.14,78.13,82.24,80.93,80.97,80.83,79.18,78.78,79.22,78.87,80.59,80.59,80.28,72.89,76.35,80.09,79.49,77.98,78.21,78.21,78.39,77.13,78.66,78.16,73.32,72.81,73.32,73.30,78.67,78.67,77.54,77.54,77.22,77.77,76.26,76.42,75.10,74.40,76.83,77.21,73.14,72.72,74.95,77.31,76.03,76.36,78.38,78.04
Clase,0.001160832,0552,Herramientas pequeñas y accesorios diversos (SD),101.86,101.92,101.95,102.55,104.82,105.82,106.32,106.55,107.42,107.49,108.15,105.23,104.35,106.52,106.95,105.76,105.14,105.86,104.29,103.76,101.84,101.82,103.24,103.68,103.77,102.85,102.59,102.92,100.01,99.46,99.42,98.44,97.21,93.83,93.88,92.42,92.37,94.68,94.17,91.32,91.98,91.90,91.68,90.70,92.84,92.82,95.74,94.99,94.36,94.64,93.58,94.55,93.25,93.07,92.75,92.66,96.50,94.74,94.19,94.24,92.16,92.18,89.31,90.10,88.93,85.87,88.62,87.76,88.45,87.97,88.14,88.03,89.88,90.32,89.24,89.13,89.29,84.89,84.92,84.99,83.97,83.97,83.36,84.95,86.16,84.04,84.32,86.39,86.07,88.48,88.98,87.19,88.85,86.60,86.58,86.29,85.19,82.09,82.11,82.94,82.84,82.11,82.17,81.00,80.97,81.67,78.92,77.06,76.47,74.93,73.81,75.23,74.52,74.89,73.93,69.11,71.83,71.94,68.83,65.21,65.17,64.69,65.00,65.73,67.91,69.71,65.15,70.45,70.57,70.62,70.21,69.59,69.60,68.91,68.86,68.63,68.31,68.34
Subclase,0.001160832,05521,"Lámparas incandescentes, fluorescentes y pilas",101.86,101.92,101.95,102.55,104.82,105.82,106.32,106.55,107.42,107.49,108.15,105.23,104.35,106.52,106.95,105.76,105.14,105.86,104.29,103.76,101.84,101.82,103.24,103.68,103.77,102.85,102.59,102.92,100.01,99.46,99.42,98.44,97.21,93.83,93.88,92.42,92.37,94.68,94.17,91.32,91.98,91.90,91.68,90.70,92.84,92.82,95.74,94.99,94.36,94.64,93.58,94.55,93.25,93.07,92.75,92.66,96.50,94.74,94.19,94.24,92.16,92.18,89.31,90.10,88.93,85.87,88.62,87.76,88.45,87.97,88.14,88.03,89.88,90.32,89.24,89.13,89.29,84.89,84.92,84.99,83.97,83.97,83.36,84.95,86.16,84.04,84.32,86.39,86.07,88.48,88.98,87.19,88.85,86.60,86.58,86.29,85.19,82.09,82.11,82.94,82.84,82.11,82.17,81.00,80.97,81.67,78.92,77.06,76.47,74.93,73.81,75.23,74.52,74.89,73.93,69.11,71.83,71.94,68.83,65.21,65.17,64.69,65.00,65.73,67.91,69.71,65.15,70.45,70.57,70.62,70.21,69.59,69.60,68.91,68.86,68.63,68.31,68.34
Producto,0.000822167,05521196,FOCO DE LUZ,102.96,102.96,102.96,102.96,106.30,107.78,107.78,107.32,107.89,106.81,107.11,104.44,104.00,106.99,106.99,105.23,104.12,102.93,101.91,101.91,99.08,97.43,96.92,96.92,97.04,95.69,95.69,95.57,90.30,91.38,91.38,91.38,89.57,88.69,89.55,88.75,88.75,88.75,88.75,85.98,86.78,86.78,86.40,84.95,88.55,88.55,92.36,92.16,92.16,92.16,90.49,91.16,89.21,89.21,89.21,89.21,94.43,92.53,91.72,91.72,88.98,88.98,84.73,85.91,83.69,81.89,85.93,84.99,85.27,84.57,84.57,84.57,87.14,87.46,85.85,85.85,85.85,80.61,80.61,80.61,79.87,79.87,78.95,80.68,82.26,79.13,79.13,82.53,81.58,85.17,85.91,83.41,85.55,82.04,82.04,81.88,80.39,78.67,78.67,79.89,79.89,78.72,78.81,77.07,77.07,78.06,73.88,71.70,70.54,68.20,66.47,68.01,66.89,66.89,65.30,58.22,62.50,62.50,57.51,52.15,52.25,51.34,51.34,52.42,55.77,58.85,51.79,58.85,58.85,58.85,58.85,57.97,57.42,55.98,55.98,55.98,55.28,55.28
Producto,0.000170854,05521197,PILAS,97.21,97.88,98.23,97.56,97.69,97.69,103.13,108.96,114.17,122.93,124.00,121.92,122.44,122.31,121.75,121.75,123.16,124.23,124.14,122.63,122.63,122.63,122.63,122.21,122.21,122.21,122.21,122.21,126.47,115.20,114.80,121.24,121.24,121.24,121.24,117.20,116.73,112.47,112.23,111.69,112.76,111.91,112.23,112.23,112.95,112.23,111.69,111.69,111.69,111.69,111.69,111.69,111.86,109.91,109.91,109.91,109.91,107.96,107.96,108.51,108.23,108.51,108.51,108.42,109.47,108.82,109.06,104.61,110.00,110.00,109.63,108.43,108.43,108.43,108.43,107.23,108.99,106.70,108.99,109.38,109.78,109.78,109.78,109.78,109.78,109.78,110.94,108.44,111.49,111.40,111.40,110.32,112.67,113.97,113.71,111.74,110.21,110.21,110.21,110.21,109.13,109.81,109.81,109.81,109.81,110.14,109.46,108.87,110.21,109.65,109.65,108.71,109.78,110.28,111.38,111.26,109.48,110.62,113.49,113.49,112.32,113.87,117.17,117.71,116.79,113.46,113.27,113.88,115.26,115.79,115.79,115.43,112.99,115.93,115.43,112.90,114.95,114.95
Producto,0.000167811,05521198,CANDADO,100.48,100.48,100.48,103.34,103.34,103.34,103.34,103.34,103.34,103.34,104.87,100.90,98.18,98.85,100.94,100.94,100.94,107.08,103.30,101.61,101.61,106.35,113.95,116.03,116.06,116.02,114.92,116.68,117.80,116.74,116.74,109.93,109.93,97.92,95.61,93.24,93.24,104.90,102.79,98.79,98.89,98.89,98.89,98.89,97.35,97.54,99.27,96.61,93.88,95.07,95.36,97.62,97.62,97.62,96.25,95.85,97.20,95.91,95.91,95.90,95.03,95.01,95.01,95.03,96.02,88.36,88.36,89.14,89.14,89.14,90.00,90.00,90.47,91.48,91.48,91.48,91.48,88.71,87.92,88.08,85.68,85.68,85.68,87.50,88.14,88.14,88.87,88.87,89.06,89.02,89.02,89.02,89.02,89.02,89.02,89.02,89.24,80.88,80.98,80.98,80.98,80.98,80.98,80.98,80.86,80.86,81.47,80.04,80.36,80.73,80.98,82.98,82.74,84.15,84.18,84.08,84.08,84.08,84.08,84.08,84.08,84.08,84.08,83.88,83.88,83.95,84.96,87.01,86.97,86.97,85.19,85.21,87.89,87.89,87.89,87.89,87.76,87.87
Grupo,0.034418899,056,Bienes y servicios para conservación ordinaria del hogar,102.85,102.89,102.04,102.31,102.56,102.00,102.28,101.65,102.11,102.29,102.66,102.20,103.51,103.42,103.15,103.02,102.77,103.82,103.82,103.84,103.46,104.38,103.43,103.93,105.28,104.87,104.86,105.20,104.83,103.76,103.54,103.48,103.52,103.23,103.41,103.62,104.57,104.21,104.90,104.52,104.18,104.18,104.34,104.62,104.84,104.24,104.85,104.99,105.35,104.89,105.20,105.30,105.57,105.30,104.75,104.79,104.66,104.43,105.03,104.61,105.37,103.78,104.03,105.87,105.75,105.92,106.20,106.18,105.83,106.34,107.00,105.73,106.47,106.68,105.88,107.88,108.03,107.81,107.15,107.31,107.37,108.81,109.89,108.81,112.77,111.86,112.55,114.19,114.71,117.63,116.51,117.76,117.37,118.28,119.13,118.58,122.22,123.33,123.47,121.29,121.56,119.84,122.03,123.42,122.25,122.00,122.09,122.63,122.31,120.89,123.23,124.85,123.60,124.37,121.74,122.37,123.20,122.72,123.27,123.86,125.46,125.53,126.25,125.21,126.54,126.08,126.29,125.70,124.99,124.64,125.87,126.05,127.82,127.52,126.90,126.25,125.96,128.80
Clase,0.019168533,0561,Bienes para el hogar no duraderos (ND),100.34,100.40,99.21,99.59,99.93,99.15,99.54,98.66,99.30,99.55,100.07,99.43,99.78,99.67,99.28,99.10,98.76,100.22,100.22,100.25,99.72,101.00,99.68,100.38,101.34,100.77,100.75,101.23,100.71,99.22,98.91,98.83,98.88,98.47,98.73,99.02,99.23,98.73,99.69,99.16,98.69,98.69,98.91,99.31,99.61,98.76,99.62,99.81,99.35,98.70,99.14,99.28,99.66,99.28,98.51,98.57,98.39,98.07,98.91,98.32,99.02,96.55,96.89,99.47,99.30,99.54,99.93,99.89,99.41,100.13,101.05,99.27,100.31,100.60,99.48,102.27,102.49,102.18,101.26,101.48,101.57,103.58,105.09,103.58,107.12,104.80,105.77,108.07,108.79,112.87,111.30,113.05,112.52,113.79,114.97,114.20,116.26,117.81,118.01,114.96,115.34,112.94,115.99,117.94,116.30,115.95,116.08,116.83,115.17,113.19,116.46,118.72,116.97,118.06,114.37,115.26,116.41,115.75,116.51,117.34,118.36,118.46,119.47,118.02,119.87,119.23,119.52,118.70,117.71,117.22,118.93,119.19,120.21,119.78,118.92,118.01,117.60,121.57
Subclase,0.015945987,05611,Productos de limpieza y mantenimiento,99.28,99.86,99.97,100.51,100.82,99.79,100.29,99.53,100.26,100.67,101.29,100.66,100.93,101.15,100.65,100.46,100.05,101.64,101.84,101.69,101.38,102.88,100.99,102.13,103.19,102.50,102.55,102.96,102.33,101.03,100.73,100.51,100.63,100.11,100.60,100.92,100.97,100.53,101.75,101.13,100.70,100.65,100.93,101.51,101.78,100.74,101.49,101.94,101.36,100.46,100.97,101.06,101.57,101.09,100.19,100.19,99.99,99.61,100.58,99.84,100.25,97.65,98.60,101.12,101.47,101.79,102.26,101.43,100.94,101.92,102.84,101.17,102.45,102.49,101.33,104.39,104.25,103.73,103.28,103.51,103.87,106.03,107.63,106.00,110.09,106.96,108.33,110.94,111.53,116.36,115.44,117.25,116.32,117.79,119.22,118.05,120.34,122.03,121.83,118.56,119.03,116.43,119.75,121.95,120.23,119.64,119.54,120.53,118.82,116.84,120.52,122.73,120.38,121.70,117.38,118.52,119.82,119.00,120.19,120.49,121.77,121.05,122.02,120.46,122.66,122.10,122.13,121.16,119.97,119.62,122.01,122.27,123.44,122.88,121.95,120.79,120.14,124.32
Producto,0.005798781,05611199,DETERGENTE PARA ROPA,98.78,98.78,99.48,99.81,99.81,99.81,99.57,99.57,98.96,99.07,98.76,98.76,98.76,98.76,98.76,99.61,99.61,100.90,100.90,100.90,99.53,101.12,100.75,101.06,101.06,99.11,101.35,101.35,101.35,99.47,99.55,99.69,99.39,99.44,100.31,100.08,99.69,99.57,100.60,100.05,99.60,99.13,99.34,99.62,99.49,98.94,99.27,100.62,99.87,99.83,100.10,100.10,99.64,99.61,101.03,99.73,99.63,99.70,101.19,100.67,101.19,93.93,98.13,100.66,101.41,100.98,100.92,100.92,97.66,100.43,100.24,98.25,100.10,100.10,96.38,101.74,102.07,102.08,97.71,98.67,103.52,102.57,106.59,100.83,107.13,99.17,102.99,111.69,112.14,116.47,114.91,118.66,114.02,117.62,120.35,117.77,120.87,127.88,126.45,116.65,117.42,116.83,119.64,123.56,125.13,120.15,125.07,122.89,122.57,118.93,128.88,128.97,125.93,132.16,117.06,117.63,116.85,120.26,124.42,124.03,129.68,124.54,125.48,122.79,125.85,124.81,124.79,119.87,119.42,120.57,123.33,124.07,125.96,126.25,122.76,119.56,120.76,127.72
Producto,0.00258686,05611200,JABÓN PARA ROPA,95.46,95.46,93.22,95.52,95.52,94.12,94.12,94.12,94.12,95.22,94.84,90.72,90.72,90.72,87.59,87.59,87.59,89.37,89.66,89.66,91.57,92.23,92.23,92.23,96.18,96.18,89.89,89.89,89.89,89.56,89.56,89.56,89.56,89.89,89.89,89.89,89.89,89.89,92.85,92.30,92.30,92.30,92.52,92.52,94.38,92.52,92.52,92.52,92.52,92.52,92.52,92.52,92.52,91.42,89.38,87.74,85.97,86.82,86.82,86.07,86.93,86.93,87.56,87.35,87.86,88.09,88.09,87.77,87.77,90.39,92.47,92.47,92.47,92.47,92.47,96.22,97.18,98.55,98.88,98.88,102.48,109.63,105.24,112.32,111.11,112.44,113.27,112.05,112.99,124.45,124.42,123.29,127.28,127.28,128.94,129.21,129.56,128.44,128.74,128.70,124.59,127.00,127.00,127.00,125.19,125.19,125.19,124.66,124.66,123.56,123.56,127.47,123.09,122.41,124.32,125.40,127.92,125.74,124.89,124.89,126.08,132.99,130.71,128.68,128.68,128.68,128.68,129.41,130.22,128.86,131.96,133.75,134.48,135.48,133.38,132.99,132.11,133.34
Producto,0.001806114,05611201,JABÓN PARA VAJILLA,94.37,96.77,98.36,97.64,97.48,98.36,97.75,98.07,98.35,98.56,99.97,100.36,100.36,100.76,103.63,103.63,100.53,98.23,101.02,98.13,104.01,104.01,102.13,101.14,104.00,104.46,104.85,105.56,105.95,104.00,102.87,102.87,103.01,102.58,102.83,102.77,102.78,99.95,103.95,100.69,98.85,100.46,98.17,102.06,101.14,96.94,103.52,103.44,103.87,100.38,101.96,103.87,106.88,105.10,104.86,105.33,106.95,106.95,107.09,106.94,104.98,106.14,107.02,108.90,109.05,109.27,109.23,109.27,109.14,106.63,108.05,109.40,107.42,109.31,109.07,107.89,106.39,105.14,106.78,105.03,104.72,105.79,107.43,107.30,103.51,107.62,104.93,112.06,112.49,110.50,106.33,114.60,112.57,111.32,110.85,114.90,114.68,112.89,113.30,113.53,108.76,102.46,112.64,118.55,115.61,117.01,116.01,121.15,114.46,116.13,114.93,119.53,118.55,114.73,122.79,122.83,123.72,115.26,119.73,119.81,120.36,123.00,125.52,120.97,122.28,125.35,125.55,125.53,126.98,123.71,126.34,126.79,126.04,126.06,125.02,124.94,123.36,123.56
Producto,0.003399103,05611202,CLORO Y DESINFECTANTE,102.22,103.96,104.24,104.24,104.26,100.81,104.58,101.23,104.49,104.49,105.68,105.68,106.53,107.71,109.90,107.94,107.94,112.05,111.37,111.63,107.65,111.63,104.86,108.00,108.11,108.83,111.63,113.32,111.11,109.40,107.03,107.16,108.04,106.21,106.31,107.56,107.54,107.26,107.65,106.80,106.64,107.85,108.44,107.56,106.91,107.26,107.17,107.13,106.34,106.65,107.09,105.81,107.03,107.27,104.60,106.05,105.96,104.94,105.64,103.53,104.11,105.46,102.30,107.15,107.29,109.11,109.72,108.00,110.26,107.79,110.47,105.89,110.44,108.34,109.97,111.73,110.24,108.08,109.26,109.81,101.95,104.48,109.36,104.20,113.65,110.25,110.58,106.93,107.59,111.04,111.08,110.11,109.99,111.84,111.78,107.12,113.44,112.22,112.22,110.91,116.40,107.66,114.43,114.95,108.15,110.28,106.74,110.83,105.56,102.93,105.97,107.99,108.21,106.26,101.24,105.71,105.85,105.60,103.43,106.85,104.38,101.22,104.16,104.37,106.11,106.83,106.44,107.92,105.01,106.66,106.14,106.38,108.95,105.47,107.53,108.75,107.00,108.95
Producto,0.000282729,05611203,BETÚN ,101.86,101.86,101.86,97.69,105.12,108.57,109.14,109.14,109.14,104.30,109.14,109.14,110.12,109.54,110.12,108.97,104.78,106.22,108.87,108.87,108.01,110.09,110.09,110.09,110.09,110.09,109.98,104.88,101.53,104.96,104.69,108.45,107.81,109.14,109.14,109.14,105.36,109.41,109.21,106.52,103.44,109.78,111.06,111.06,108.29,111.63,111.16,113.59,112.43,112.82,112.82,112.82,111.75,108.35,112.47,114.21,114.21,115.66,115.60,115.60,116.72,117.01,117.94,113.09,110.47,110.47,110.47,110.47,110.47,114.33,112.09,112.00,104.65,113.54,107.32,107.32,113.54,113.54,115.98,112.04,106.36,118.07,115.91,116.48,116.39,118.46,121.32,115.26,116.74,124.53,125.52,133.47,133.85,137.19,137.57,140.62,140.62,140.62,140.62,138.90,145.49,145.79,146.37,146.37,146.37,147.33,145.58,146.67,147.57,147.57,146.61,150.83,150.83,151.18,150.30,151.07,150.59,147.20,154.48,146.64,150.98,151.47,152.78,153.92,154.30,154.30,155.41,147.18,146.43,156.31,152.49,156.24,154.53,150.89,151.79,153.61,154.59,156.18
Producto,0.000260745,05611204,CERA PARA PISOS,96.22,96.22,96.22,96.22,96.22,96.22,96.22,96.22,96.22,96.22,96.22,96.22,96.22,96.22,96.22,96.22,96.22,99.55,99.55,96.82,96.82,96.82,96.82,96.82,96.82,96.82,96.82,96.82,96.82,94.95,95.02,95.02,92.17,95.34,95.34,96.58,96.37,96.37,96.37,96.37,98.74,101.81,101.81,101.81,101.81,101.81,101.81,101.38,101.69,103.05,103.73,103.66,103.66,104.85,105.17,104.85,104.85,104.85,104.85,105.17,105.17,101.41,105.17,106.34,106.34,103.53,106.34,106.34,106.34,104.15,104.50,104.50,104.50,104.50,104.50,104.50,104.50,102.34,106.03,106.03,106.03,106.03,106.03,106.03,109.66,111.37,113.42,115.21,115.21,115.21,110.84,115.21,115.21,115.21,115.21,115.21,115.21,115.21,115.21,115.21,115.21,115.21,115.40,115.40,116.54,115.17,116.54,108.82,114.84,114.84,115.98,120.01,134.66,134.66,146.05,146.05,152.63,141.01,141.93,141.93,148.91,148.91,148.91,148.91,147.29,147.29,147.29,146.61,141.21,146.61,143.36,146.61,146.61,146.61,146.61,146.61,146.61,146.61
Producto,0.000395387,05611205,DESODORANTE AMBIENTAL,114.77,112.44,114.77,114.77,114.77,114.77,114.77,114.77,110.63,111.66,111.66,111.66,111.66,115.85,111.66,111.66,111.66,113.86,111.71,113.86,111.71,107.41,103.45,112.76,104.72,108.77,112.94,110.10,109.15,102.41,114.73,115.45,112.27,103.13,110.94,103.78,110.81,110.88,103.50,103.50,100.09,101.19,93.27,101.52,103.23,101.52,107.22,98.06,100.83,101.84,107.52,101.68,96.02,104.00,96.92,99.77,102.92,97.44,97.44,102.06,104.09,97.44,95.32,102.99,101.93,102.72,103.63,98.36,108.82,108.82,110.47,106.02,110.47,110.47,110.47,110.47,108.18,101.43,108.18,108.18,110.00,109.74,109.74,110.08,107.18,107.90,107.90,110.47,110.47,109.08,108.21,109.08,109.08,114.53,120.53,116.36,127.55,130.63,130.63,132.15,132.15,132.15,126.33,123.16,126.16,126.16,129.17,124.71,123.48,132.91,127.19,129.67,125.12,126.49,118.79,130.45,130.02,123.82,123.06,129.35,117.21,115.82,130.00,126.94,127.48,122.40,123.27,123.27,116.75,125.56,122.21,125.69,122.36,128.02,131.63,120.98,131.69,129.89
Producto,0.001007496,05611206,SUAVIZANTE DE ROPA,106.26,106.26,107.66,109.18,109.18,106.91,103.28,102.24,106.44,109.74,115.16,114.06,115.16,110.33,101.62,101.62,101.62,102.57,102.77,104.01,104.01,104.65,104.65,110.86,109.80,104.65,104.65,104.65,104.65,104.13,104.53,99.79,103.86,103.86,103.86,107.81,110.10,107.22,107.22,110.10,111.48,110.10,110.10,111.48,111.25,111.25,107.21,111.36,111.25,108.22,106.82,106.82,108.25,104.48,103.98,105.63,107.46,105.27,108.82,108.82,108.82,108.82,104.47,110.14,107.98,108.43,110.18,105.77,102.52,106.79,102.52,102.52,106.79,106.79,102.52,107.25,104.65,104.65,108.28,108.28,108.28,108.28,108.28,108.28,111.80,111.80,111.11,111.11,112.02,113.67,114.53,114.53,112.11,112.11,112.11,112.11,112.11,112.11,113.14,113.14,119.36,116.18,108.57,114.04,115.33,120.00,108.29,118.75,119.37,112.99,114.30,118.25,108.78,114.49,120.90,113.00,126.50,123.01,121.38,118.48,121.29,115.41,114.62,114.31,123.85,114.23,115.33,118.57,111.35,100.73,113.22,102.61,105.38,105.66,111.69,100.60,99.50,112.92
Producto,0.000408772,05611207,INSECTICIDA,102.33,102.33,102.88,102.88,107.60,107.60,107.60,107.60,108.49,108.49,108.60,116.06,116.06,118.73,117.48,117.48,117.48,117.48,116.90,116.90,116.90,116.90,116.90,114.77,117.15,114.56,114.64,117.67,115.10,116.76,117.22,114.41,111.31,111.31,111.31,112.83,112.12,112.95,110.50,112.95,112.95,102.30,113.29,113.29,117.51,114.94,116.41,116.04,109.49,98.28,101.19,108.52,111.66,111.66,107.10,112.73,110.22,106.27,109.88,109.04,110.95,95.96,104.67,107.77,111.15,110.14,115.96,114.93,114.93,116.12,116.52,114.24,107.57,110.52,111.15,112.13,114.89,113.18,113.06,115.06,111.66,111.52,114.23,107.36,122.03,104.59,109.36,115.40,114.86,119.57,119.19,119.92,119.92,117.11,120.40,125.36,116.32,119.71,121.88,123.20,122.97,118.34,127.99,128.23,124.46,126.51,122.59,119.72,124.94,123.49,126.17,126.48,130.97,131.34,131.34,128.62,131.59,131.59,132.58,128.46,122.04,124.48,123.77,129.56,134.41,132.14,132.16,133.70,129.33,123.34,127.32,125.90,123.26,118.57,115.16,126.79,115.10,129.27
Subclase,0.003222546,05612,Productos no duraderos para el hogar,105.57,103.03,95.48,95.06,95.55,95.97,95.85,94.33,94.56,94.06,94.06,93.35,94.16,92.34,92.57,92.39,92.39,93.27,92.25,93.13,91.52,91.76,93.23,91.78,92.19,92.29,91.90,92.72,92.72,90.29,89.98,90.52,90.23,90.42,89.51,89.67,90.66,89.86,89.54,89.47,88.80,89.03,88.98,88.47,88.92,89.04,90.40,89.34,89.47,90.07,90.11,90.52,90.24,90.34,90.29,90.58,90.48,90.48,90.68,90.83,92.92,91.13,88.48,91.33,88.61,88.43,88.45,92.36,91.85,91.28,92.21,89.89,89.75,91.30,90.36,91.86,93.80,94.55,91.34,91.47,90.23,91.47,92.58,91.68,92.49,94.21,93.14,93.98,95.29,95.70,90.94,92.37,93.78,94.11,94.05,95.24,96.15,97.06,99.20,97.27,97.16,95.74,97.48,98.20,96.96,97.80,99.03,98.62,97.22,95.18,96.45,98.96,100.17,100.13,99.52,99.21,99.62,99.77,98.41,101.78,101.54,105.71,106.91,106.01,106.13,105.09,106.68,106.59,106.59,105.38,103.74,104.00,104.30,104.50,104.01,104.31,105.08,108.01
Producto,0.000681452,05612208,ESCOBA,97.44,97.44,97.44,97.44,98.41,98.17,98.03,94.25,94.25,101.10,101.10,101.10,101.96,96.57,96.57,96.57,95.81,97.60,97.60,97.60,91.68,92.84,98.92,94.59,94.59,94.59,93.91,93.91,93.91,92.61,92.61,92.89,93.44,91.75,92.24,92.96,93.20,93.20,93.20,93.20,93.20,91.91,91.91,91.60,91.30,89.23,91.17,92.05,92.05,92.05,92.05,92.05,92.05,92.05,92.05,94.91,94.91,94.91,94.91,94.91,94.91,94.91,94.91,94.80,94.83,93.39,95.42,94.39,94.46,94.46,94.46,94.22,91.96,91.96,91.96,91.96,92.23,97.71,89.98,90.92,90.92,91.49,91.49,91.40,91.06,91.38,90.81,91.38,93.12,93.12,90.34,90.73,95.61,93.85,93.85,95.57,95.57,95.57,97.90,90.43,89.29,89.29,95.30,95.30,95.30,101.19,101.26,100.34,98.39,99.33,99.04,99.92,100.94,101.29,101.29,100.55,100.66,101.39,101.24,101.24,101.26,122.01,118.81,117.80,117.80,111.38,111.38,107.59,109.42,109.42,109.42,109.42,109.31,112.58,112.58,111.81,113.54,114.95
Producto,0.000211092,05612209,ESPONJA LAVA VAJILLA,101.61,102.48,102.48,103.07,106.10,106.77,106.77,111.68,115.25,115.25,115.25,115.25,115.25,112.27,115.25,115.25,115.25,116.75,116.75,116.75,116.75,116.75,116.75,108.61,116.75,116.75,112.34,112.34,112.34,96.44,109.09,110.86,110.08,110.23,110.23,108.98,119.59,116.85,116.85,116.85,116.85,116.85,112.27,116.85,117.83,122.72,120.54,114.76,117.56,126.90,131.59,131.59,130.39,130.39,130.39,126.77,126.77,131.62,130.80,130.80,125.41,131.90,130.25,123.64,123.10,133.41,121.85,132.64,132.64,118.89,124.20,108.27,108.27,119.92,103.13,113.26,115.84,110.71,121.34,121.34,110.99,116.52,123.37,109.07,115.59,115.59,111.29,107.50,124.33,123.90,122.17,122.17,130.44,124.63,124.63,121.83,133.68,125.27,131.63,124.03,125.61,129.66,133.30,133.06,133.85,134.92,134.92,134.92,134.92,125.14,125.14,128.76,129.69,136.85,133.08,124.33,129.64,136.01,128.51,136.01,136.01,128.47,127.15,124.62,118.67,126.08,117.36,130.68,124.56,118.49,119.73,129.39,131.73,122.79,120.29,125.43,121.26,124.72
Producto,0.000862233,05612210,FUNDAS PARA BASURA,99.88,99.88,99.88,99.88,99.88,99.88,99.88,95.88,95.88,88.19,88.19,88.19,87.81,87.81,87.81,87.81,87.81,88.53,84.08,87.22,87.22,87.22,87.22,87.22,87.22,87.59,87.59,87.59,87.59,86.68,86.68,86.68,85.56,85.56,85.56,85.06,85.06,85.06,85.37,85.37,85.37,85.00,85.45,85.37,85.06,85.06,85.37,85.37,85.37,85.37,85.37,85.37,85.06,85.06,85.06,85.06,85.06,84.26,85.06,85.06,85.06,85.06,75.65,86.09,74.94,76.72,76.72,86.45,86.45,88.00,87.16,87.16,85.63,86.90,86.90,90.04,92.42,89.98,81.92,83.21,83.93,83.93,83.93,83.93,83.93,83.93,83.93,83.93,83.93,83.93,75.47,77.46,76.42,77.46,77.46,82.27,82.27,82.27,81.45,82.27,80.81,81.16,81.16,82.27,82.27,82.27,82.27,82.27,82.27,82.27,82.27,83.39,85.01,85.01,83.39,86.54,86.54,86.01,86.01,86.01,86.01,86.01,86.01,84.75,84.75,84.75,84.52,84.52,84.52,84.52,84.52,84.52,84.52,86.02,86.02,90.24,91.73,97.99
Producto,0.000503555,05612211,SERVILLETAS ,98.06,98.06,94.94,94.17,94.17,97.26,96.65,98.42,98.42,98.42,98.42,93.51,98.42,98.42,98.42,97.17,98.42,99.17,99.94,99.94,99.94,99.29,99.29,99.29,99.29,99.29,99.29,99.29,99.29,99.70,92.97,95.64,95.19,99.24,92.85,93.40,96.08,91.52,88.68,88.23,83.60,88.02,88.48,83.96,87.79,89.72,96.67,89.95,90.45,91.22,89.86,92.05,91.68,91.77,91.17,91.17,89.07,90.28,90.28,90.68,97.08,91.57,92.00,93.38,96.54,90.39,91.25,93.21,89.70,87.73,93.86,83.91,89.66,93.78,93.25,93.93,90.93,93.55,97.39,92.74,86.56,90.04,95.01,94.38,97.04,95.50,93.45,96.83,95.51,97.94,98.78,101.60,101.08,106.41,108.35,104.05,106.11,104.60,104.47,104.64,106.65,105.48,106.27,100.51,101.54,95.95,105.05,103.74,96.36,88.26,97.57,107.25,110.88,106.97,108.54,104.42,104.91,103.45,96.99,107.78,106.04,103.14,106.64,104.48,107.43,109.31,110.26,111.10,110.26,104.11,103.77,102.06,103.43,99.74,97.23,101.33,102.42,106.66
Producto,0.000655699,05612212,FÓSFOROS,132.47,119.70,84.64,84.64,84.64,84.64,84.64,84.64,84.64,84.64,84.64,84.64,84.64,84.64,84.64,84.64,84.64,84.64,84.64,84.64,84.64,84.64,84.64,84.64,84.64,84.64,84.64,89.66,89.66,84.64,84.64,84.64,84.64,84.64,84.64,84.64,84.64,84.64,84.64,84.64,84.64,84.64,84.64,84.64,84.64,84.64,84.64,84.64,84.64,84.64,84.64,84.64,84.64,84.64,84.64,84.64,84.64,84.64,84.64,84.64,91.79,84.64,84.64,84.64,84.64,84.64,84.64,84.64,84.64,84.64,84.64,84.64,84.64,84.64,84.64,84.64,91.79,91.79,91.79,91.79,91.79,91.79,91.79,91.79,91.79,99.55,99.55,99.55,99.55,99.55,91.79,91.79,91.79,91.79,91.79,91.79,91.79,99.55,107.96,107.96,107.96,100.90,100.90,107.96,100.90,100.90,100.90,100.90,100.90,100.90,100.90,100.90,100.90,100.90,100.90,100.90,100.90,100.90,100.90,107.96,107.96,107.96,115.50,115.50,115.50,115.50,125.26,125.26,125.26,125.26,117.08,117.08,117.08,117.08,117.08,109.43,109.43,109.43
Producto,0.000308515,05612213,VELAS,98.06,98.06,98.06,93.78,95.01,95.01,95.01,95.01,95.48,95.48,95.48,95.48,95.48,90.97,91.85,91.85,91.85,92.64,94.07,94.07,91.74,92.51,92.51,92.74,92.56,92.56,92.56,90.15,90.15,89.18,89.18,89.18,89.18,89.18,87.86,89.18,89.18,89.18,89.18,89.18,89.18,89.18,89.18,89.18,89.18,90.21,89.18,89.18,88.08,88.08,88.08,89.18,88.22,89.31,89.72,87.27,89.72,87.27,87.45,88.62,88.62,89.94,89.94,91.27,90.83,91.03,91.19,98.42,98.28,98.28,98.28,98.28,98.28,98.28,98.42,98.28,99.17,99.17,96.51,99.17,99.17,102.94,103.36,102.94,104.99,108.56,103.53,108.56,111.06,112.06,109.68,114.33,116.35,116.35,112.14,114.60,114.60,114.60,112.00,112.20,114.60,112.89,112.89,110.71,110.71,112.89,111.61,111.61,113.17,106.00,106.00,110.86,110.14,110.90,108.70,109.14,109.57,109.57,109.57,109.57,109.57,109.57,109.57,111.33,111.33,109.48,109.48,109.48,109.48,109.48,109.48,109.48,109.48,109.48,109.48,109.48,109.48,110.01
Clase,0.015250366,0562,Servicios domésticos y para el hogar (S),109.16,109.16,109.16,109.16,109.16,109.16,109.16,109.16,109.16,109.16,109.16,109.16,112.86,112.86,112.86,112.86,112.86,112.86,112.86,112.86,112.86,112.86,112.86,112.86,115.17,115.17,115.17,115.17,115.17,115.17,115.17,115.17,115.17,115.17,115.17,115.17,117.98,117.98,117.98,117.98,117.98,117.98,117.98,117.98,117.98,117.98,117.98,117.98,120.42,120.42,120.42,120.42,120.42,120.42,120.42,120.42,120.42,120.42,120.42,120.42,121.34,121.95,121.95,121.95,121.95,121.95,121.95,121.95,121.95,121.95,121.95,121.95,121.95,121.95,121.95,121.95,121.95,121.95,121.95,121.95,121.95,121.95,121.95,121.95,126.98,129.57,129.57,129.57,129.57,129.57,129.57,129.57,129.57,129.57,129.57,129.57,137.19,137.19,137.19,137.19,137.19,137.19,137.19,137.19,137.19,137.19,137.19,137.19,140.24,140.24,140.24,140.24,140.24,140.24,140.24,140.24,140.24,140.24,140.24,140.24,143.29,143.29,143.29,143.29,143.29,143.29,143.29,143.29,143.29,143.29,143.29,143.29,146.95,146.95,146.95,146.95,146.95,146.95
Subclase,0.015250366,05621,Servicios domésticos y  para el hogar,109.16,109.16,109.16,109.16,109.16,109.16,109.16,109.16,109.16,109.16,109.16,109.16,112.86,112.86,112.86,112.86,112.86,112.86,112.86,112.86,112.86,112.86,112.86,112.86,115.17,115.17,115.17,115.17,115.17,115.17,115.17,115.17,115.17,115.17,115.17,115.17,117.98,117.98,117.98,117.98,117.98,117.98,117.98,117.98,117.98,117.98,117.98,117.98,120.42,120.42,120.42,120.42,120.42,120.42,120.42,120.42,120.42,120.42,120.42,120.42,121.34,121.95,121.95,121.95,121.95,121.95,121.95,121.95,121.95,121.95,121.95,121.95,121.95,121.95,121.95,121.95,121.95,121.95,121.95,121.95,121.95,121.95,121.95,121.95,126.98,129.57,129.57,129.57,129.57,129.57,129.57,129.57,129.57,129.57,129.57,129.57,137.19,137.19,137.19,137.19,137.19,137.19,137.19,137.19,137.19,137.19,137.19,137.19,140.24,140.24,140.24,140.24,140.24,140.24,140.24,140.24,140.24,140.24,140.24,140.24,143.29,143.29,143.29,143.29,143.29,143.29,143.29,143.29,143.29,143.29,143.29,143.29,146.95,146.95,146.95,146.95,146.95,146.95
Producto,0.015250366,05621214,SERVICIOS DOMÉSTICOS,109.16,109.16,109.16,109.16,109.16,109.16,109.16,109.16,109.16,109.16,109.16,109.16,112.86,112.86,112.86,112.86,112.86,112.86,112.86,112.86,112.86,112.86,112.86,112.86,115.17,115.17,115.17,115.17,115.17,115.17,115.17,115.17,115.17,115.17,115.17,115.17,117.98,117.98,117.98,117.98,117.98,117.98,117.98,117.98,117.98,117.98,117.98,117.98,120.42,120.42,120.42,120.42,120.42,120.42,120.42,120.42,120.42,120.42,120.42,120.42,121.34,121.95,121.95,121.95,121.95,121.95,121.95,121.95,121.95,121.95,121.95,121.95,121.95,121.95,121.95,121.95,121.95,121.95,121.95,121.95,121.95,121.95,121.95,121.95,126.98,129.57,129.57,129.57,129.57,129.57,129.57,129.57,129.57,129.57,129.57,129.57,137.19,137.19,137.19,137.19,137.19,137.19,137.19,137.19,137.19,137.19,137.19,137.19,140.24,140.24,140.24,140.24,140.24,140.24,140.24,140.24,140.24,140.24,140.24,140.24,143.29,143.29,143.29,143.29,143.29,143.29,143.29,143.29,143.29,143.29,143.29,143.29,146.95,146.95,146.95,146.95,146.95,146.95
División,0.07339304,06,Salud,102.03,101.47,101.96,102.04,101.77,102.01,102.54,103.49,103.67,103.18,104.39,104.28,106.44,106.43,106.69,107.76,107.88,108.18,108.82,108.56,108.54,108.44,110.36,109.99,110.33,110.41,110.34,110.38,111.67,112.15,111.37,111.85,112.09,112.12,111.69,111.93,112.77,112.52,113.29,113.56,113.63,114.36,114.98,115.17,115.04,114.85,114.63,114.78,115.52,116.05,116.07,117.39,116.98,117.39,118.22,116.90,116.47,117.63,118.51,117.93,118.01,118.24,118.62,120.52,119.49,121.16,120.89,120.93,121.36,122.33,121.75,121.32,122.38,121.50,120.89,122.48,122.29,122.30,123.56,122.62,122.37,120.68,122.13,121.88,122.05,123.41,122.09,123.07,126.04,125.12,126.64,125.61,124.98,126.50,125.50,126.55,127.39,125.63,125.89,127.64,128.25,128.26,127.78,129.11,129.20,130.23,129.46,129.26,132.49,131.09,133.32,134.53,134.43,135.57,135.16,134.92,134.77,135.10,136.53,134.74,137.15,136.19,137.72,138.17,137.77,137.07,137.78,138.00,139.01,139.73,138.89,138.65,139.15,140.47,140.17,140.50,142.36,140.76
Grupo,0.042033363,061,"Productos, artefactos y equipo médicos",98.08,97.06,97.19,97.08,96.60,97.02,97.37,97.94,98.27,97.37,98.34,98.14,100.36,100.05,99.91,102.48,102.70,103.19,103.58,102.82,103.52,103.98,105.84,105.76,105.76,105.86,105.74,106.25,105.98,106.80,106.00,106.66,107.07,106.74,106.00,106.44,107.37,106.51,106.02,106.53,107.30,108.21,109.31,109.63,109.41,109.28,109.46,108.99,107.28,107.78,107.84,110.09,109.51,109.62,111.09,108.68,107.89,109.57,110.94,109.89,110.20,111.64,111.08,113.75,112.09,114.67,114.09,114.59,114.37,116.13,115.10,114.23,116.16,114.56,113.44,115.85,115.52,115.54,117.85,116.23,115.72,114.35,116.38,116.40,116.62,118.62,116.06,114.85,120.28,118.59,119.56,117.68,116.45,118.37,116.53,118.44,119.99,116.74,117.22,120.42,121.54,121.57,119.87,123.33,122.90,124.79,123.37,123.02,125.78,123.20,124.70,126.01,125.83,127.91,127.15,126.71,126.45,127.05,129.65,126.40,130.79,127.44,130.23,131.63,130.89,130.64,131.87,132.32,133.06,134.26,132.75,132.31,133.15,134.67,135.76,136.37,139.26,137.46
Clase,0.038023734,0611,Productos farmacéuticos (ND),97.97,96.87,97.00,96.87,96.30,96.74,97.09,97.65,97.97,96.98,98.00,97.95,100.31,99.66,99.65,102.29,102.42,102.80,103.14,102.51,103.10,103.53,105.33,105.22,105.27,105.47,105.61,105.88,105.58,106.53,105.69,106.33,106.69,106.42,105.63,106.24,107.07,106.16,105.55,106.14,106.88,107.81,108.84,109.21,108.97,108.90,109.04,108.63,106.90,107.44,107.29,109.77,109.19,109.48,110.98,108.43,107.66,109.22,110.77,109.66,109.89,111.48,110.82,113.74,111.84,114.74,114.13,114.76,114.69,116.65,115.84,114.89,116.90,115.21,114.21,116.79,116.43,116.40,118.83,117.08,116.53,115.24,117.22,117.32,117.49,119.68,116.89,115.55,121.34,119.76,120.67,118.65,117.37,119.38,117.33,119.34,121.05,117.65,118.07,121.65,122.78,122.89,121.21,124.87,124.33,126.36,124.99,124.57,127.39,124.81,126.27,127.34,127.10,129.34,128.64,128.04,127.74,128.49,131.14,127.78,132.39,128.98,131.72,133.35,132.39,132.08,133.38,133.91,134.82,135.87,134.39,133.98,134.87,136.38,137.55,138.27,141.32,139.38
Subclase,0.038023734,06111,Productos farmacéuticos,97.97,96.87,97.00,96.87,96.30,96.74,97.09,97.65,97.97,96.98,98.00,97.95,100.31,99.66,99.65,102.29,102.42,102.80,103.14,102.51,103.10,103.53,105.33,105.22,105.27,105.47,105.61,105.88,105.58,106.53,105.69,106.33,106.69,106.42,105.63,106.24,107.07,106.16,105.55,106.14,106.88,107.81,108.84,109.21,108.97,108.90,109.04,108.63,106.90,107.44,107.29,109.77,109.19,109.48,110.98,108.43,107.66,109.22,110.77,109.66,109.89,111.48,110.82,113.74,111.84,114.74,114.13,114.76,114.69,116.65,115.84,114.89,116.90,115.21,114.21,116.79,116.43,116.40,118.83,117.08,116.53,115.24,117.22,117.32,117.49,119.68,116.89,115.55,121.34,119.76,120.67,118.65,117.37,119.38,117.33,119.34,121.05,117.65,118.07,121.65,122.78,122.89,121.21,124.87,124.33,126.36,124.99,124.57,127.39,124.81,126.27,127.34,127.10,129.34,128.64,128.04,127.74,128.49,131.14,127.78,132.39,128.98,131.72,133.35,132.39,132.08,133.38,133.91,134.82,135.87,134.39,133.98,134.87,136.38,137.55,138.27,141.32,139.38
Producto,0.00529398,06111215,ANALGÉSICOS Y ANTIPIRÉTICOS (N02B),100.46,95.66,96.13,96.13,96.13,96.65,96.65,96.86,97.89,97.44,97.77,96.78,97.92,97.42,96.80,99.77,100.03,100.52,101.02,100.23,100.51,99.28,100.63,102.11,103.92,104.14,104.35,104.59,103.12,103.20,102.12,102.46,102.58,100.70,102.75,102.60,101.42,100.16,101.24,101.65,103.14,106.37,109.35,107.58,106.77,106.32,109.23,108.44,108.11,110.01,110.01,115.80,117.07,115.48,114.41,113.29,112.51,112.45,113.94,112.21,112.39,113.68,115.03,119.56,113.45,120.60,112.28,112.00,114.94,115.96,116.14,112.78,117.28,118.03,118.57,117.69,117.57,116.06,121.88,112.74,117.26,114.90,118.03,116.89,120.63,123.08,119.81,118.63,121.55,119.35,122.08,119.90,120.08,119.40,120.88,118.24,120.91,117.39,116.26,118.24,119.06,120.84,120.70,121.63,119.34,122.02,126.19,120.69,124.24,123.16,127.23,127.02,124.29,126.73,125.73,124.67,124.55,127.35,131.75,128.25,133.86,130.11,138.57,142.76,138.52,135.32,136.43,135.84,133.05,139.59,134.76,135.87,136.49,139.17,139.45,139.46,143.63,141.92
Producto,0.003566299,06111216,COMBINACIONES DE SUPRESORES DE LA TOS Y EXPECTORANTES (R05F),99.64,97.76,97.88,97.01,96.78,96.57,98.47,100.32,98.34,99.72,100.21,100.01,101.14,102.02,100.57,100.75,95.72,96.33,97.21,92.69,98.05,97.18,102.27,100.35,102.48,102.69,102.48,102.21,102.04,101.71,102.23,102.32,102.23,104.54,101.16,105.91,107.11,106.12,105.21,102.68,105.19,106.58,108.69,108.93,108.60,108.22,107.89,108.17,105.18,106.68,101.17,106.41,104.88,107.14,105.23,102.74,101.27,105.05,105.09,100.97,99.90,103.52,101.02,105.10,104.43,104.56,105.55,104.34,101.67,104.20,102.96,101.49,105.27,98.84,99.75,104.54,104.92,103.05,103.74,104.53,103.93,103.40,102.94,107.41,108.97,109.79,107.77,103.71,111.87,108.63,116.42,118.91,118.91,125.93,125.39,124.92,135.19,130.64,132.86,136.29,135.94,133.02,135.17,140.84,137.95,145.04,141.06,135.58,137.58,138.70,141.42,137.83,144.74,145.62,140.41,140.73,141.04,143.38,148.72,147.24,153.01,147.13,150.53,155.64,157.05,158.44,159.37,153.36,161.09,161.39,157.87,156.62,158.35,159.01,162.68,166.54,170.41,167.37
Producto,0.000229905,06111217,"PREPARADOS DERMATOLÓGICOS 
(D11A)",100.82,100.82,99.84,99.84,91.62,105.08,105.41,104.75,105.41,107.11,106.98,105.41,108.08,107.44,107.44,105.73,105.73,108.74,108.74,108.41,109.39,108.41,108.69,109.23,109.23,108.68,108.66,108.69,107.31,107.59,106.17,107.87,107.87,107.87,107.87,107.59,107.87,105.57,105.03,103.67,104.21,105.59,106.14,106.44,106.44,105.07,107.24,106.15,110.04,110.34,110.07,111.15,109.76,110.85,107.52,106.99,107.92,110.06,110.06,107.55,107.96,107.70,106.86,108.55,106.97,106.97,106.97,108.55,106.00,107.64,111.62,109.41,111.11,110.83,105.64,105.07,104.82,110.94,115.96,117.76,119.66,119.66,122.54,120.16,118.00,119.92,119.65,121.77,119.92,119.65,118.49,118.49,118.22,117.32,117.05,116.54,116.54,115.40,116.54,114.86,116.84,116.88,117.43,121.25,120.19,121.35,119.90,119.90,120.18,118.52,117.86,118.76,121.45,121.45,121.73,122.62,119.08,121.16,123.67,127.48,131.95,129.74,129.74,125.34,124.76,124.75,125.35,125.35,123.95,124.51,122.00,122.00,122.58,125.66,125.66,125.12,128.11,129.21
Producto,0.003772273,06111218,ANTIBIÓTICO,97.86,98.26,99.11,99.11,99.52,98.69,100.01,103.14,103.14,100.89,101.73,101.56,102.21,100.36,100.80,102.28,102.28,102.16,102.61,102.16,102.61,100.84,102.31,101.94,101.94,101.94,101.94,102.27,104.01,103.55,103.46,103.71,103.71,103.36,103.43,103.43,104.33,104.33,104.33,104.33,104.17,101.71,101.71,102.93,102.31,104.34,106.12,105.81,101.06,99.31,103.67,103.60,103.26,103.67,104.29,100.98,104.29,100.00,100.23,103.25,103.25,103.56,105.09,105.09,105.37,104.98,105.90,106.03,106.03,106.03,104.96,104.96,109.24,104.69,105.48,107.88,110.84,112.10,108.82,108.98,105.32,112.03,110.24,113.45,113.09,113.21,120.00,118.67,120.17,120.17,115.37,120.91,120.91,124.60,120.56,118.64,114.23,113.75,112.77,120.36,116.85,113.55,114.66,112.17,113.49,115.44,109.14,113.49,113.30,110.89,108.91,104.91,109.66,109.58,110.33,110.03,110.05,111.88,111.61,110.70,109.14,109.72,109.96,105.83,102.78,112.67,111.84,108.01,110.33,115.15,113.74,114.35,114.35,114.79,113.64,114.38,118.12,119.37
Producto,0.001220047,06111219,ANTIHISTAMÍNICO PARA USO SISTÉMICO (R06A),106.91,106.91,107.28,107.28,108.32,107.28,108.26,108.06,108.31,108.06,108.06,108.67,108.44,99.11,98.68,91.66,86.57,80.47,80.33,80.50,80.47,79.36,80.28,79.60,80.28,80.28,80.28,80.28,84.42,84.42,84.42,84.42,82.58,82.58,82.58,76.69,81.37,76.04,74.11,81.25,77.72,81.83,81.83,81.83,81.83,81.20,81.20,81.33,80.16,78.39,78.39,78.39,80.13,80.32,83.16,78.05,81.29,84.66,84.66,82.40,85.81,82.39,85.39,85.39,75.43,75.03,79.97,87.09,76.38,78.78,78.59,78.78,78.78,78.66,78.68,79.10,79.40,79.40,79.24,79.01,78.90,78.90,77.80,77.95,77.83,77.83,77.62,78.74,77.19,75.30,77.70,77.70,77.70,77.70,75.60,74.84,74.31,72.50,73.66,72.13,73.40,72.25,70.54,71.93,73.63,72.52,72.52,72.52,72.18,72.52,75.76,71.50,72.18,75.92,71.50,74.43,73.02,72.59,72.59,73.73,74.22,74.30,70.50,71.03,71.37,71.65,72.91,72.91,74.32,74.51,74.91,74.91,74.51,72.60,73.16,73.38,74.58,74.58
Producto,0.001828421,06111220,ANTIINFLAMATORIO Y ANTIRREUMÁTICOS NO ESTEROIDEOS (M01A),96.21,96.21,96.21,96.21,93.13,94.20,94.20,94.20,95.23,96.21,96.21,95.11,110.51,111.09,119.99,138.01,141.74,141.74,148.35,148.35,148.35,135.04,146.05,146.05,146.05,146.05,146.05,146.05,142.93,146.85,147.00,153.46,153.46,153.46,153.46,152.46,154.60,154.60,153.60,153.60,154.69,154.69,158.92,161.29,164.61,164.61,156.54,151.76,152.87,158.48,158.48,159.97,164.08,161.86,169.34,160.24,173.83,190.18,191.68,182.82,179.03,179.58,183.40,183.30,181.98,185.42,192.35,191.10,179.98,196.28,195.26,189.99,187.60,186.97,186.56,196.03,193.93,191.49,194.43,193.34,186.36,186.36,184.75,189.01,187.52,193.31,189.23,194.20,192.99,190.61,189.06,186.38,188.76,187.50,184.33,192.48,194.80,186.02,184.28,191.94,204.40,204.60,203.99,216.10,204.32,210.57,208.62,202.28,206.64,217.61,223.42,217.20,203.52,215.83,216.14,215.83,213.57,219.53,225.47,213.98,226.67,218.20,219.78,224.91,225.22,225.42,232.96,233.90,236.06,235.47,228.56,232.15,233.47,232.89,243.96,226.62,237.75,231.48
Producto,0.002203625,06111221,TRACTO ALIMENTARIO Y METABOLISMO (A),97.15,97.45,98.39,98.67,98.64,98.77,97.55,98.26,98.54,100.90,101.77,101.09,103.73,100.70,101.25,105.43,108.51,110.94,109.72,108.58,110.54,112.42,112.33,116.01,112.84,113.35,113.98,113.45,117.22,125.03,126.14,126.08,126.40,126.20,125.43,124.89,136.07,127.11,128.18,129.79,133.61,134.69,135.26,134.89,135.98,136.85,141.43,140.99,140.20,140.58,140.77,140.68,140.93,140.18,140.51,138.29,134.97,138.12,139.40,140.86,140.14,142.28,141.65,142.09,142.20,142.16,140.81,141.49,142.73,145.72,145.67,147.12,145.74,145.65,142.10,143.18,142.41,144.30,140.89,136.09,141.61,138.36,136.91,138.29,138.78,134.68,136.89,134.18,131.91,134.50,134.58,131.07,130.19,129.95,134.65,135.90,139.46,131.57,137.43,141.78,141.59,138.14,138.07,143.52,140.27,145.62,146.19,140.40,144.14,142.10,146.69,143.09,150.12,150.02,148.10,152.53,151.88,153.63,155.75,154.36,162.20,157.96,159.76,160.56,162.06,161.10,159.72,161.57,161.42,162.91,156.83,156.69,154.46,158.68,159.89,160.00,163.34,162.51
Producto,0.000603782,06111222,ANTIHELMÍNTICOS (ANTIPARASITARIO) (P02),98.95,98.95,98.95,99.73,99.73,99.73,98.41,98.95,98.95,98.95,103.28,101.68,101.68,101.68,101.68,94.41,99.44,99.44,99.44,99.44,99.44,99.44,99.44,99.44,99.44,99.44,97.06,98.88,98.88,98.88,98.88,98.88,98.88,98.88,98.88,98.41,98.41,97.93,97.93,97.93,97.93,100.18,100.18,99.32,100.35,100.35,100.35,100.35,100.35,100.35,100.35,100.35,100.35,100.35,100.84,98.17,100.32,100.73,100.32,92.60,98.08,97.56,96.73,96.73,97.56,99.65,99.65,97.96,96.40,98.43,98.04,99.32,100.28,96.34,97.58,94.77,94.15,98.49,100.64,100.64,98.48,103.86,108.01,112.21,112.71,118.98,122.54,116.32,118.53,118.33,118.33,114.78,114.78,114.78,119.27,118.25,121.89,120.74,121.62,124.32,121.58,134.51,135.06,131.67,135.70,140.07,140.07,135.70,141.34,130.65,138.93,129.19,140.07,140.07,135.70,137.24,135.70,126.75,126.75,132.08,135.98,129.92,131.35,131.35,134.00,127.35,132.57,133.41,132.57,138.66,130.98,126.47,126.47,122.71,121.80,125.20,136.54,132.28
Producto,0.007486884,06111223,SISTEMA CARDIOVASCULAR (C),96.24,95.31,95.15,97.23,97.01,96.29,95.97,96.34,95.60,95.41,96.36,96.27,96.51,95.99,95.50,95.56,96.14,94.88,94.03,94.15,93.91,92.94,93.47,93.26,93.21,93.62,93.52,94.03,95.35,94.85,91.76,92.69,93.18,93.09,93.20,92.10,92.89,92.78,91.19,92.15,92.00,93.15,92.93,93.08,92.97,93.07,93.21,93.48,93.49,92.46,91.95,92.93,93.82,91.45,91.60,88.91,87.57,90.11,89.51,90.18,89.74,91.34,91.18,91.85,93.10,93.42,93.78,92.94,89.52,91.58,91.28,92.51,93.27,92.30,92.40,96.65,93.56,92.62,94.86,94.88,94.00,92.50,91.20,94.26,96.40,96.74,93.14,93.65,98.24,92.54,94.23,93.85,94.24,93.35,92.11,95.79,97.93,93.18,98.32,97.91,101.05,98.93,95.44,97.38,97.84,102.68,102.58,102.06,102.32,100.86,103.71,104.24,105.41,106.30,104.00,104.03,102.45,103.17,101.52,102.41,103.41,101.39,101.54,102.42,106.41,104.94,101.67,101.28,101.03,103.08,99.69,99.38,100.31,99.72,99.01,99.31,99.90,97.41
Producto,0.002018273,06111224,MEDICAMENTOS USADOS EN DIABETES (A10),98.37,98.37,98.37,97.89,98.10,97.36,97.00,98.42,98.59,98.36,99.65,99.50,98.69,98.89,98.87,98.88,98.88,98.88,99.69,99.68,98.31,99.49,101.03,99.86,101.32,101.05,101.46,101.62,103.52,102.19,100.71,100.60,101.88,98.93,98.93,100.66,100.74,99.27,99.30,101.25,99.63,101.03,102.50,103.72,103.00,96.84,98.28,97.28,102.86,104.30,103.71,102.34,101.56,103.90,102.62,103.21,99.59,101.18,101.81,103.28,99.15,100.67,101.94,102.87,103.81,104.94,104.39,104.06,104.06,100.35,101.81,103.40,105.19,101.73,101.58,105.64,106.31,106.95,105.75,107.01,104.33,104.33,107.32,103.45,104.87,104.90,102.00,103.72,106.17,99.41,100.69,98.93,100.33,100.69,101.14,101.24,101.42,100.32,97.29,101.06,100.72,99.81,99.31,99.78,100.47,102.60,102.19,100.66,102.14,98.31,106.12,102.90,101.57,103.86,102.39,102.33,99.06,100.08,102.35,100.90,106.14,101.50,101.82,103.89,104.98,103.94,102.51,101.66,100.07,101.17,100.40,101.06,100.06,99.16,99.11,101.60,101.41,98.27
Producto,0.000476909,06111225,ANTICONCEPTIVOS HORMONALES PARA USO SISTÉMICO (G03A),96.09,96.09,95.69,95.69,96.39,96.46,97.84,97.41,97.79,98.48,98.48,98.48,99.18,98.00,98.00,100.20,99.07,99.52,99.24,99.18,100.21,99.40,100.12,99.03,99.73,99.68,99.68,99.68,99.79,100.08,100.08,100.02,100.13,99.86,99.86,99.86,99.99,100.10,100.20,99.81,99.81,98.64,99.99,99.99,100.54,100.54,100.41,99.99,98.97,99.77,98.89,99.88,100.06,100.06,101.15,101.20,98.29,99.91,99.64,97.50,99.06,100.77,100.14,97.44,100.32,100.38,100.38,100.09,98.77,100.31,96.88,97.12,94.89,95.23,94.18,97.17,91.90,95.22,96.78,99.61,96.76,96.50,94.85,95.18,96.65,98.38,95.34,98.50,99.85,94.71,95.93,95.89,97.36,99.01,97.28,98.37,98.64,96.04,95.74,97.15,98.39,98.02,98.00,95.86,97.09,99.98,97.10,97.45,96.93,96.92,95.67,98.77,95.93,96.35,96.56,96.37,96.05,97.94,96.62,100.74,100.92,100.92,98.22,98.79,99.54,97.63,100.47,99.40,101.63,104.05,104.80,109.56,109.56,109.56,109.56,105.54,107.68,107.68
Producto,0.000432242,06111226,ANTIFÚNGICOS PARA USO DERMATOLÓGICO (D01),95.89,96.53,96.53,94.32,94.74,94.74,94.64,94.64,94.32,94.32,94.32,94.14,99.90,100.08,109.36,115.37,115.37,115.48,115.48,115.12,115.19,115.19,114.75,114.75,114.75,117.35,123.68,123.68,124.05,124.14,126.35,125.25,125.25,125.25,125.25,125.25,126.00,126.00,126.00,126.40,125.61,129.02,130.57,131.83,134.46,130.97,133.98,129.40,132.88,128.32,128.71,128.90,130.52,132.00,133.02,132.56,129.78,130.06,130.06,129.60,129.60,133.32,132.65,133.00,135.49,137.25,137.25,137.25,137.25,132.81,136.50,132.27,129.57,131.79,132.34,135.82,133.25,136.81,138.14,144.18,154.13,154.23,147.91,155.83,162.51,164.16,155.66,148.77,157.57,154.84,154.84,149.96,156.89,157.47,152.83,157.37,162.49,151.61,156.54,162.49,162.49,156.82,151.61,151.61,154.04,163.31,164.14,153.25,157.52,147.66,158.59,152.52,165.69,167.19,162.58,162.91,160.86,163.00,169.18,158.42,165.76,159.71,169.68,174.51,175.30,168.05,175.47,175.36,188.17,198.14,186.72,185.89,185.81,185.00,185.33,191.40,188.51,181.61
Producto,0.000622886,06111227,OFTALMOLÓGICOS (S01),106.27,106.27,106.11,105.36,105.54,105.71,106.02,104.34,105.41,101.90,100.38,100.38,101.00,102.12,102.12,99.81,104.18,104.87,104.91,104.91,103.10,103.68,106.76,106.76,105.82,105.82,106.37,106.59,106.25,107.26,103.75,106.09,107.10,107.10,106.70,105.12,105.11,104.43,104.90,104.90,104.90,104.75,104.77,104.31,102.25,102.25,102.78,102.78,102.13,97.23,101.19,101.19,103.16,93.73,95.40,94.73,97.97,99.28,98.21,96.39,97.15,96.83,95.45,98.06,99.04,101.01,99.72,99.72,97.64,99.02,99.40,98.02,100.79,100.86,100.38,99.38,98.03,98.25,97.45,100.55,97.58,97.67,109.91,106.23,110.98,112.76,107.17,110.31,112.52,111.89,111.84,111.84,108.24,113.72,113.02,113.93,113.93,113.61,116.61,123.37,116.59,127.68,132.01,133.54,132.13,130.04,126.84,137.55,137.55,137.18,140.75,139.40,128.67,128.46,139.10,140.36,144.86,141.59,142.65,142.38,141.74,144.79,154.13,152.63,151.86,148.60,151.55,161.01,147.72,155.23,166.94,183.45,175.87,178.77,178.00,177.40,183.22,177.40
Producto,0.001191601,06111228,MEDICAMENTOS PARA EL SISTEMA NERVIOSO (N),97.28,97.28,97.28,97.28,97.28,97.28,97.28,97.28,97.28,97.28,97.28,97.28,96.69,97.47,97.47,100.34,99.62,95.27,96.05,96.05,91.86,95.05,95.88,92.38,95.88,95.88,95.88,95.88,95.88,95.88,95.10,95.10,95.10,95.10,92.69,95.10,92.69,92.69,91.75,91.75,83.73,89.36,90.91,88.60,89.36,89.36,89.87,92.09,85.94,89.36,89.36,88.21,89.66,89.66,89.66,89.66,80.14,79.37,87.89,82.68,91.54,86.76,86.76,87.22,88.59,88.64,88.71,88.21,88.21,88.27,77.13,73.78,73.76,73.79,73.79,77.19,77.19,74.61,77.13,77.13,77.45,74.61,77.19,74.57,77.16,77.16,73.54,71.49,89.92,116.12,122.78,91.08,91.08,79.29,78.97,75.06,79.37,77.90,82.37,84.80,88.01,84.65,84.53,88.29,84.53,87.65,84.45,84.53,87.64,81.37,87.65,85.84,81.01,83.37,83.40,83.66,82.67,86.44,83.74,85.61,89.52,85.93,91.29,87.95,91.20,85.99,92.32,92.32,88.95,89.55,85.70,88.75,91.49,88.75,88.11,91.49,92.32,92.32
Producto,0.007076605,06111229,"SUPLEMENTOS MINERALES, VITAMINAS Y PREPARADOS ANTIANÉMICOS (A12) (A11) (B03)",96.29,95.78,95.45,93.88,92.02,94.37,95.20,94.50,96.37,91.35,93.90,95.62,99.41,98.50,95.66,99.14,99.06,101.46,100.64,100.95,101.31,109.97,109.90,109.27,107.02,107.06,107.06,107.71,104.58,106.77,105.65,105.58,106.64,106.64,103.09,105.01,104.31,104.89,102.71,104.67,106.56,106.07,105.53,107.38,105.69,106.55,104.29,104.87,99.19,99.53,99.49,104.13,98.50,102.60,109.26,106.39,101.67,100.94,105.97,106.07,108.22,111.32,106.12,114.58,108.71,115.90,116.27,121.23,127.06,127.95,126.39,125.84,128.61,127.23,121.88,123.64,124.10,125.18,132.21,130.36,127.51,121.16,130.40,123.73,117.52,124.23,115.59,112.07,127.63,126.07,124.73,120.10,111.35,119.03,110.27,118.37,116.79,115.96,112.31,116.96,118.05,122.14,115.03,124.19,128.15,121.47,117.96,126.60,132.63,123.41,116.02,131.94,127.06,130.26,132.99,128.81,130.72,127.18,132.43,122.66,129.09,125.89,127.64,129.26,123.71,123.10,126.76,134.28,135.82,128.07,136.12,130.86,134.11,139.58,140.88,145.76,146.99,146.00
Clase,0.000820938,0612,Otros productos médicos (ND),102.65,102.93,103.43,103.77,104.85,106.64,107.58,107.33,106.54,107.12,108.30,107.85,108.40,111.00,109.78,110.07,113.50,115.85,119.19,116.05,120.78,111.89,122.38,122.10,122.10,114.07,106.47,118.52,118.95,116.21,115.95,119.55,119.60,116.91,118.68,117.45,119.78,119.08,121.64,119.63,119.34,121.27,123.95,122.72,122.79,119.74,122.33,120.85,115.88,115.60,124.85,124.95,122.35,119.58,123.06,121.56,120.67,131.19,125.80,120.45,125.18,120.39,125.26,122.86,127.74,127.71,127.41,124.93,117.86,115.38,108.65,108.70,111.82,110.78,101.58,102.84,103.58,102.11,104.94,105.25,103.19,99.41,104.60,100.80,104.13,102.30,103.48,105.42,106.46,102.10,108.79,108.16,105.81,107.99,111.31,113.66,111.39,107.27,111.83,105.73,108.99,109.98,103.74,107.67,109.61,116.61,110.94,112.52,116.62,106.16,117.24,112.26,112.45,112.49,107.18,111.54,108.24,105.35,112.10,106.02,114.12,105.19,116.54,111.42,114.77,116.72,115.86,113.70,112.80,119.61,115.17,114.28,114.47,116.81,116.90,114.05,115.80,116.14
Subclase,0.000820938,06121,Antisépticos y preservativos,102.65,102.93,103.43,103.77,104.85,106.64,107.58,107.33,106.54,107.12,108.30,107.85,108.40,111.00,109.78,110.07,113.50,115.85,119.19,116.05,120.78,111.89,122.38,122.10,122.10,114.07,106.47,118.52,118.95,116.21,115.95,119.55,119.60,116.91,118.68,117.45,119.78,119.08,121.64,119.63,119.34,121.27,123.95,122.72,122.79,119.74,122.33,120.85,115.88,115.60,124.85,124.95,122.35,119.58,123.06,121.56,120.67,131.19,125.80,120.45,125.18,120.39,125.26,122.86,127.74,127.71,127.41,124.93,117.86,115.38,108.65,108.70,111.82,110.78,101.58,102.84,103.58,102.11,104.94,105.25,103.19,99.41,104.60,100.80,104.13,102.30,103.48,105.42,106.46,102.10,108.79,108.16,105.81,107.99,111.31,113.66,111.39,107.27,111.83,105.73,108.99,109.98,103.74,107.67,109.61,116.61,110.94,112.52,116.62,106.16,117.24,112.26,112.45,112.49,107.18,111.54,108.24,105.35,112.10,106.02,114.12,105.19,116.54,111.42,114.77,116.72,115.86,113.70,112.80,119.61,115.17,114.28,114.47,116.81,116.90,114.05,115.80,116.14
Producto,0.000433814,06121230,ALCOHOL ANTISÉPTICO,104.91,104.91,104.91,100.85,104.60,107.87,111.09,110.15,109.82,111.14,111.14,111.14,111.14,111.14,111.14,111.14,120.51,120.51,126.72,131.15,131.15,123.21,131.15,131.15,131.15,131.15,131.15,126.69,130.85,130.85,124.85,134.29,132.63,128.61,132.63,132.63,135.88,132.00,140.71,135.44,135.46,137.11,137.33,134.07,134.14,133.84,140.00,139.77,138.83,132.49,138.59,138.59,136.78,133.04,137.24,137.01,133.01,136.78,137.01,126.82,133.31,131.17,139.55,135.30,142.85,138.03,138.38,136.15,130.21,130.51,122.21,124.37,124.79,117.82,106.46,106.46,104.61,104.61,104.40,105.26,106.23,95.91,103.47,103.47,102.18,103.79,104.76,102.40,97.12,93.16,104.46,104.46,103.69,104.46,101.45,109.17,107.25,107.25,101.28,104.24,106.69,105.63,105.63,107.78,104.37,109.96,103.49,107.85,110.04,105.25,108.36,98.77,102.85,103.75,107.78,100.40,103.72,107.79,104.00,105.77,104.61,104.82,104.23,99.50,103.38,106.31,104.08,104.92,99.26,104.49,104.49,104.49,105.08,103.68,104.01,104.01,105.12,105.12
Producto,0.000387124,06121231,PRESERVATIVO,101.35,101.79,102.57,105.46,105.00,105.93,105.55,105.70,104.65,104.79,106.66,105.94,106.81,110.92,108.99,109.45,109.45,113.16,114.84,107.32,114.78,105.35,117.31,116.87,116.87,104.19,92.20,113.79,112.07,107.75,110.81,111.03,112.07,110.15,110.61,108.67,110.47,111.61,110.61,110.48,110.03,112.11,116.22,116.15,116.22,111.58,112.11,109.91,102.61,105.83,116.90,117.06,114.01,111.80,114.87,112.63,113.54,127.95,119.32,116.77,120.48,114.15,117.01,115.67,119.00,121.74,121.07,118.45,110.72,106.62,100.81,99.64,104.32,106.71,98.76,100.75,102.98,100.66,105.25,105.25,101.43,101.43,105.25,99.26,105.25,101.43,102.74,107.17,111.87,107.27,111.30,110.29,107.04,110.03,117.02,116.25,113.79,107.28,117.92,106.60,110.32,112.49,102.65,107.60,112.64,120.45,115.24,115.23,120.42,106.69,122.37,120.06,118.00,117.55,106.82,117.98,110.85,103.94,116.79,106.16,119.61,105.40,123.66,118.31,121.35,122.74,122.68,118.78,120.63,128.36,121.34,119.95,119.89,124.41,124.35,119.85,121.97,122.52
Clase,0.003188691,0613,Artefactos y equipo terapéuticos (D),98.26,98.04,98.04,98.04,98.57,98.24,98.24,99.34,100.38,100.38,100.38,97.54,97.80,102.64,100.64,102.64,103.38,104.96,104.96,102.91,103.79,108.99,108.15,108.71,107.68,109.54,107.75,107.75,107.85,107.85,107.30,107.30,108.70,108.26,107.53,105.27,107.53,107.54,108.14,108.14,109.93,109.93,111.80,111.72,111.72,111.72,111.72,110.59,110.59,110.59,110.59,109.81,109.81,107.98,107.98,107.78,106.76,106.76,107.92,109.75,109.41,110.87,109.99,109.99,109.99,107.79,107.79,107.08,107.08,107.08,104.47,104.47,104.47,104.23,104.28,104.28,104.05,105.58,105.36,105.36,106.28,104.52,106.00,106.00,106.07,106.29,106.29,106.07,106.67,104.17,103.87,103.87,104.17,104.17,104.17,104.17,104.19,104.19,103.87,104.06,104.06,102.31,102.12,101.84,102.48,99.48,99.07,99.07,100.08,100.97,99.08,107.41,108.16,108.22,108.33,108.88,110.58,109.88,109.88,109.66,108.56,108.76,108.76,108.76,110.20,110.02,111.04,111.04,109.47,111.04,110.16,109.47,109.47,111.04,111.04,111.04,111.41,111.46
Subclase,0.003188691,06131,Artefactos y equipos terapéuticos,98.26,98.04,98.04,98.04,98.57,98.24,98.24,99.34,100.38,100.38,100.38,97.54,97.80,102.64,100.64,102.64,103.38,104.96,104.96,102.91,103.79,108.99,108.15,108.71,107.68,109.54,107.75,107.75,107.85,107.85,107.30,107.30,108.70,108.26,107.53,105.27,107.53,107.54,108.14,108.14,109.93,109.93,111.80,111.72,111.72,111.72,111.72,110.59,110.59,110.59,110.59,109.81,109.81,107.98,107.98,107.78,106.76,106.76,107.92,109.75,109.41,110.87,109.99,109.99,109.99,107.79,107.79,107.08,107.08,107.08,104.47,104.47,104.47,104.23,104.28,104.28,104.05,105.58,105.36,105.36,106.28,104.52,106.00,106.00,106.07,106.29,106.29,106.07,106.67,104.17,103.87,103.87,104.17,104.17,104.17,104.17,104.19,104.19,103.87,104.06,104.06,102.31,102.12,101.84,102.48,99.48,99.07,99.07,100.08,100.97,99.08,107.41,108.16,108.22,108.33,108.88,110.58,109.88,109.88,109.66,108.56,108.76,108.76,108.76,110.20,110.02,111.04,111.04,109.47,111.04,110.16,109.47,109.47,111.04,111.04,111.04,111.41,111.46
Producto,0.002866244,06131232,LENTES ÓPTICOS DE CORRECCIÓN,97.54,97.30,97.30,97.30,97.30,96.93,96.93,98.16,99.33,99.33,99.33,96.15,96.15,101.57,99.33,101.57,102.40,104.08,104.08,101.78,102.76,108.58,107.64,108.27,107.12,109.20,107.19,107.19,107.19,107.19,106.58,106.58,108.15,107.65,106.84,104.31,106.84,106.84,106.84,106.84,108.85,108.85,110.94,110.85,110.85,110.85,110.85,109.58,109.58,109.58,109.58,108.71,108.71,106.66,106.66,106.66,105.53,105.53,106.66,108.71,108.71,109.97,108.99,108.99,108.99,106.52,106.52,105.72,105.72,105.72,102.80,102.80,102.80,102.80,102.80,102.80,102.80,104.52,104.28,104.28,105.48,105.48,105.48,105.48,105.48,105.48,105.48,105.48,105.48,102.77,102.77,102.77,102.77,102.77,102.77,102.77,102.77,102.77,102.77,102.77,102.77,100.81,100.60,100.28,101.00,97.64,97.18,97.18,98.32,99.30,97.37,106.27,107.10,107.10,107.10,107.72,109.74,108.95,108.95,108.70,107.47,107.69,107.69,107.69,108.31,108.31,109.45,109.45,107.69,109.45,108.46,107.69,107.69,109.45,109.45,109.45,109.86,109.86
Producto,0.000322447,06131233,AUDÍFONOS DE CORRECCIÓN,104.25,104.25,104.25,104.25,109.24,109.24,109.24,109.24,109.24,109.24,109.24,109.24,111.63,111.63,111.63,111.63,111.63,112.41,112.41,112.41,112.41,112.41,112.41,112.41,112.41,112.41,112.41,112.41,113.34,113.34,113.34,113.34,113.34,113.34,113.34,113.34,113.34,113.43,119.04,119.04,119.04,119.04,119.04,119.04,119.04,119.04,119.04,119.04,119.04,119.04,119.04,119.04,119.04,119.04,119.04,117.13,117.13,117.13,118.43,118.43,115.25,118.43,118.43,118.43,118.43,118.43,118.43,118.43,118.43,118.43,118.43,118.43,118.43,116.26,116.69,116.69,114.48,114.48,114.48,114.48,112.93,96.43,110.32,110.32,110.98,113.07,113.07,111.04,116.61,115.94,113.07,113.07,115.94,115.94,115.94,115.94,116.11,116.11,113.07,114.90,114.90,114.90,114.90,114.90,114.90,114.90,114.90,114.90,114.90,114.90,113.42,117.03,117.03,117.65,118.61,118.61,117.65,117.73,117.73,117.73,117.73,117.73,117.73,117.73,126.09,124.38,124.38,124.38,124.38,124.38,124.38,124.38,124.38,124.38,124.38,124.38,124.38,124.88
Grupo,0.021391177,062,Servicios para pacientes externos,105.91,105.91,107.28,107.75,107.75,107.75,107.75,107.83,107.83,107.83,107.83,107.83,110.97,111.47,112.58,111.48,111.48,111.59,111.59,112.09,110.78,109.62,109.62,109.66,110.80,110.85,110.85,110.06,113.69,113.79,113.79,114.14,114.21,114.90,114.83,114.83,115.92,116.00,115.03,115.03,113.85,114.64,114.69,113.55,113.51,113.11,114.55,114.60,120.12,120.52,120.48,120.76,120.48,121.62,121.69,121.69,121.69,121.60,121.99,121.99,121.70,119.86,120.02,121.47,121.04,121.90,122.08,121.30,123.12,123.12,123.07,123.23,123.23,123.23,123.23,124.11,124.10,124.10,124.10,123.90,123.99,123.97,125.12,125.14,125.29,126.18,126.45,131.86,131.86,131.86,131.86,131.87,132.00,132.33,132.33,132.33,132.33,132.36,132.37,132.37,132.37,132.31,133.81,134.09,135.15,135.15,135.15,135.15,136.85,136.85,141.51,143.13,143.12,143.12,143.15,143.15,143.15,143.12,143.15,143.15,143.15,146.04,146.04,145.01,145.01,145.01,145.14,145.06,145.18,145.41,145.34,145.34,145.48,145.43,147.30,147.30,148.22,146.18
Clase,0.009042585,0621,Servicios médicos (S),109.38,109.38,113.57,114.61,114.61,114.61,114.61,114.61,114.61,114.61,114.61,114.61,114.61,115.70,115.70,114.61,114.61,114.61,114.61,115.70,115.70,113.17,113.17,113.17,115.70,115.70,115.70,113.17,116.74,116.74,116.74,117.52,117.52,119.02,119.02,119.02,119.02,119.02,119.02,119.02,116.52,119.02,119.02,116.52,116.52,116.52,116.52,116.52,127.24,127.24,127.24,127.24,127.24,127.24,127.24,127.24,127.24,127.24,127.24,127.24,127.24,127.24,127.24,128.24,128.24,128.01,128.01,128.01,129.50,129.50,129.50,129.50,129.50,129.50,129.50,130.37,129.50,129.50,129.50,129.50,129.50,129.50,129.50,129.50,129.50,129.50,129.50,141.37,141.37,141.37,141.37,141.37,141.37,141.37,141.37,141.37,141.37,141.37,141.62,141.62,141.62,141.62,144.80,144.80,144.80,144.80,144.80,144.80,144.80,144.80,155.03,158.56,158.56,158.56,158.56,158.56,158.56,158.56,158.56,158.56,158.56,164.89,164.89,162.64,162.64,162.64,162.64,162.64,162.64,162.64,162.64,162.64,162.64,162.64,166.34,166.34,166.34,166.34
Subclase,0.009042585,06211,Servicios médicos,109.38,109.38,113.57,114.61,114.61,114.61,114.61,114.61,114.61,114.61,114.61,114.61,114.61,115.70,115.70,114.61,114.61,114.61,114.61,115.70,115.70,113.17,113.17,113.17,115.70,115.70,115.70,113.17,116.74,116.74,116.74,117.52,117.52,119.02,119.02,119.02,119.02,119.02,119.02,119.02,116.52,119.02,119.02,116.52,116.52,116.52,116.52,116.52,127.24,127.24,127.24,127.24,127.24,127.24,127.24,127.24,127.24,127.24,127.24,127.24,127.24,127.24,127.24,128.24,128.24,128.01,128.01,128.01,129.50,129.50,129.50,129.50,129.50,129.50,129.50,130.37,129.50,129.50,129.50,129.50,129.50,129.50,129.50,129.50,129.50,129.50,129.50,141.37,141.37,141.37,141.37,141.37,141.37,141.37,141.37,141.37,141.37,141.37,141.62,141.62,141.62,141.62,144.80,144.80,144.80,144.80,144.80,144.80,144.80,144.80,155.03,158.56,158.56,158.56,158.56,158.56,158.56,158.56,158.56,158.56,158.56,164.89,164.89,162.64,162.64,162.64,162.64,162.64,162.64,162.64,162.64,162.64,162.64,162.64,166.34,166.34,166.34,166.34
Producto,0.00194928,06211234,CONSULTA MÉDICO GENERAL,89.26,89.26,89.26,94.55,94.55,94.55,94.55,94.55,94.55,94.55,94.55,94.55,94.55,100.15,100.15,94.55,94.55,94.55,94.55,100.15,100.15,87.18,87.18,87.18,100.15,100.15,100.15,87.18,87.18,87.18,87.18,91.16,91.16,98.86,98.86,98.86,98.86,98.86,98.86,98.86,86.07,98.86,98.86,86.07,86.07,86.07,86.07,86.07,86.07,86.07,86.07,86.07,86.07,86.07,86.07,86.07,86.07,86.07,86.07,86.07,86.07,86.07,86.07,91.16,91.16,89.99,89.99,89.99,97.60,97.60,97.60,97.60,97.60,97.60,97.60,102.05,97.60,97.60,97.60,97.60,97.60,97.60,97.60,97.60,97.60,97.60,97.60,97.60,97.60,97.60,97.60,97.60,97.60,97.60,97.60,97.60,97.60,97.60,98.86,98.86,98.86,98.86,98.86,98.86,98.86,98.86,98.86,98.86,98.86,98.86,98.86,98.86,98.86,98.86,98.86,98.86,98.86,98.86,98.86,98.86,98.86,98.86,98.86,103.72,103.72,103.72,103.72,103.72,103.72,103.72,103.72,103.72,103.72,103.72,103.72,103.72,103.72,103.72
Producto,0.007093305,06211235,CONSULTA MÉDICO ESPECIALISTA,114.27,114.27,119.49,119.49,119.49,119.49,119.49,119.49,119.49,119.49,119.49,119.49,119.49,119.49,119.49,119.49,119.49,119.49,119.49,119.49,119.49,119.49,119.49,119.49,119.49,119.49,119.49,119.49,123.93,123.93,123.93,123.93,123.93,123.93,123.93,123.93,123.93,123.93,123.93,123.93,123.93,123.93,123.93,123.93,123.93,123.93,123.93,123.93,137.26,137.26,137.26,137.26,137.26,137.26,137.26,137.26,137.26,137.26,137.26,137.26,137.26,137.26,137.26,137.26,137.26,137.26,137.26,137.26,137.26,137.26,137.26,137.26,137.26,137.26,137.26,137.26,137.26,137.26,137.26,137.26,137.26,137.26,137.26,137.26,137.26,137.26,137.26,152.02,152.02,152.02,152.02,152.02,152.02,152.02,152.02,152.02,152.02,152.02,152.02,152.02,152.02,152.02,155.98,155.98,155.98,155.98,155.98,155.98,155.98,155.98,168.69,173.08,173.08,173.08,173.08,173.08,173.08,173.08,173.08,173.08,173.08,180.95,180.95,176.97,176.97,176.97,176.97,176.97,176.97,176.97,176.97,176.97,176.97,176.97,181.58,181.58,181.58,181.58
Clase,0.005804755,0622,Servicios dentales (S),106.34,106.34,102.54,102.54,102.54,102.54,102.54,102.54,102.54,102.54,102.54,102.54,107.21,107.21,111.20,107.21,107.21,107.21,107.21,107.21,102.54,102.54,102.54,102.54,102.54,102.54,102.54,102.54,109.70,109.70,109.70,109.70,109.70,109.70,109.70,109.70,113.86,113.86,109.70,109.70,109.70,109.70,109.70,109.70,109.70,109.70,113.86,113.86,117.37,117.37,117.37,117.37,117.37,120.43,120.43,120.43,120.43,120.43,120.43,120.43,120.43,113.86,113.86,113.86,113.86,117.37,117.37,113.09,117.37,117.37,117.37,117.37,117.37,117.37,117.37,117.37,117.37,117.37,117.37,117.37,117.37,117.37,120.43,120.43,120.99,124.14,124.14,124.14,124.14,124.14,124.14,124.14,124.14,124.14,124.14,124.14,124.14,124.14,124.14,124.14,124.14,124.14,124.14,124.14,124.14,124.14,124.14,124.14,130.24,130.24,130.24,130.24,130.24,130.24,130.24,130.24,130.24,130.24,130.24,130.24,130.24,130.24,130.24,130.24,130.24,130.24,130.24,130.24,130.24,130.24,130.24,130.24,130.24,130.24,130.24,130.24,133.63,126.34
Subclase,0.005804755,06221,Servicios dentales,106.34,106.34,102.54,102.54,102.54,102.54,102.54,102.54,102.54,102.54,102.54,102.54,107.21,107.21,111.20,107.21,107.21,107.21,107.21,107.21,102.54,102.54,102.54,102.54,102.54,102.54,102.54,102.54,109.70,109.70,109.70,109.70,109.70,109.70,109.70,109.70,113.86,113.86,109.70,109.70,109.70,109.70,109.70,109.70,109.70,109.70,113.86,113.86,117.37,117.37,117.37,117.37,117.37,120.43,120.43,120.43,120.43,120.43,120.43,120.43,120.43,113.86,113.86,113.86,113.86,117.37,117.37,113.09,117.37,117.37,117.37,117.37,117.37,117.37,117.37,117.37,117.37,117.37,117.37,117.37,117.37,117.37,120.43,120.43,120.99,124.14,124.14,124.14,124.14,124.14,124.14,124.14,124.14,124.14,124.14,124.14,124.14,124.14,124.14,124.14,124.14,124.14,124.14,124.14,124.14,124.14,124.14,124.14,130.24,130.24,130.24,130.24,130.24,130.24,130.24,130.24,130.24,130.24,130.24,130.24,130.24,130.24,130.24,130.24,130.24,130.24,130.24,130.24,130.24,130.24,130.24,130.24,130.24,130.24,130.24,130.24,133.63,126.34
Producto,0.005804755,06221236,SERVICIOS ODONTOLÓGICOS,106.34,106.34,102.54,102.54,102.54,102.54,102.54,102.54,102.54,102.54,102.54,102.54,107.21,107.21,111.20,107.21,107.21,107.21,107.21,107.21,102.54,102.54,102.54,102.54,102.54,102.54,102.54,102.54,109.70,109.70,109.70,109.70,109.70,109.70,109.70,109.70,113.86,113.86,109.70,109.70,109.70,109.70,109.70,109.70,109.70,109.70,113.86,113.86,117.37,117.37,117.37,117.37,117.37,120.43,120.43,120.43,120.43,120.43,120.43,120.43,120.43,113.86,113.86,113.86,113.86,117.37,117.37,113.09,117.37,117.37,117.37,117.37,117.37,117.37,117.37,117.37,117.37,117.37,117.37,117.37,117.37,117.37,120.43,120.43,120.99,124.14,124.14,124.14,124.14,124.14,124.14,124.14,124.14,124.14,124.14,124.14,124.14,124.14,124.14,124.14,124.14,124.14,124.14,124.14,124.14,124.14,124.14,124.14,130.24,130.24,130.24,130.24,130.24,130.24,130.24,130.24,130.24,130.24,130.24,130.24,130.24,130.24,130.24,130.24,130.24,130.24,130.24,130.24,130.24,130.24,130.24,130.24,130.24,130.24,130.24,130.24,133.63,126.34
Clase,0.006543838,0623,Servicios paramédicos (S),99.48,99.48,101.45,101.45,101.45,101.45,101.45,101.74,101.74,101.74,101.74,101.74,108.65,108.65,108.65,110.58,110.58,111.00,111.00,111.00,111.00,111.00,111.00,111.15,111.07,111.27,111.27,112.66,112.66,113.02,113.02,113.02,113.28,113.28,113.02,113.02,112.75,113.04,113.79,113.79,113.62,112.29,112.49,112.51,112.33,110.85,111.90,112.09,110.75,112.25,112.09,113.18,112.09,113.18,113.46,113.46,113.46,113.11,114.61,114.61,113.50,113.50,114.07,117.86,116.24,116.16,116.82,118.42,118.18,118.18,118.02,118.61,118.61,118.61,118.61,120.45,121.89,121.89,121.89,121.14,121.50,121.43,122.53,122.60,122.60,122.60,123.62,123.62,123.62,123.62,123.62,123.64,124.16,125.38,125.38,125.38,125.38,125.50,125.13,125.13,125.13,124.91,125.08,126.12,130.13,130.13,130.13,130.13,130.13,130.13,130.14,130.16,130.13,130.13,130.22,130.22,130.22,130.13,130.22,130.22,130.22,130.22,130.22,130.22,130.22,130.22,130.72,130.41,130.87,131.73,131.47,131.47,131.99,131.83,132.49,132.49,132.40,132.40
Subclase,0.006543838,06231,Servicios paramédicos,99.48,99.48,101.45,101.45,101.45,101.45,101.45,101.74,101.74,101.74,101.74,101.74,108.65,108.65,108.65,110.58,110.58,111.00,111.00,111.00,111.00,111.00,111.00,111.15,111.07,111.27,111.27,112.66,112.66,113.02,113.02,113.02,113.28,113.28,113.02,113.02,112.75,113.04,113.79,113.79,113.62,112.29,112.49,112.51,112.33,110.85,111.90,112.09,110.75,112.25,112.09,113.18,112.09,113.18,113.46,113.46,113.46,113.11,114.61,114.61,113.50,113.50,114.07,117.86,116.24,116.16,116.82,118.42,118.18,118.18,118.02,118.61,118.61,118.61,118.61,120.45,121.89,121.89,121.89,121.14,121.50,121.43,122.53,122.60,122.60,122.60,123.62,123.62,123.62,123.62,123.62,123.64,124.16,125.38,125.38,125.38,125.38,125.50,125.13,125.13,125.13,124.91,125.08,126.12,130.13,130.13,130.13,130.13,130.13,130.13,130.14,130.16,130.13,130.13,130.22,130.22,130.22,130.13,130.22,130.22,130.22,130.22,130.22,130.22,130.22,130.22,130.72,130.41,130.87,131.73,131.47,131.47,131.99,131.83,132.49,132.49,132.40,132.40
Producto,0.000707696,06231237,EXÁMENES MÉDICOS DE SONIDO,104.76,104.76,104.76,104.76,104.76,104.76,104.76,104.76,104.76,104.76,104.76,104.76,107.37,107.37,107.37,107.37,107.37,107.37,107.37,107.37,107.37,107.37,107.37,107.37,107.37,107.37,107.37,107.37,107.37,110.83,110.83,110.83,113.33,113.33,110.83,110.83,110.83,111.77,117.65,117.65,117.65,117.65,117.65,117.65,116.13,116.13,113.56,113.56,113.56,114.42,114.42,114.42,114.42,114.42,114.42,114.42,114.42,115.69,115.69,115.69,115.69,115.69,115.69,115.69,113.86,113.13,114.94,118.30,118.30,118.30,118.30,120.20,120.20,120.20,120.20,120.20,120.20,120.20,120.20,120.20,123.71,123.71,120.20,120.20,120.20,120.20,120.20,120.20,120.20,120.20,120.20,120.20,125.17,125.17,125.17,125.17,125.17,125.64,125.64,125.64,125.64,125.64,127.28,127.28,127.28,127.28,127.28,127.28,127.28,127.28,127.28,127.28,127.28,127.28,127.28,127.28,127.28,127.28,127.28,127.28,127.28,127.28,127.28,127.28,127.28,127.28,131.85,131.85,131.85,134.58,134.58,134.58,135.60,135.88,139.46,139.46,139.46,139.46
Producto,0.00455277,06231238,EXAMEN DE LABORATORIO,98.06,98.06,99.86,99.86,99.86,99.86,99.86,99.86,99.86,99.86,99.86,99.86,108.69,108.69,108.69,111.15,111.15,111.15,111.15,111.15,111.15,111.15,111.15,111.15,111.15,111.15,111.15,112.58,112.58,112.58,112.58,112.58,112.58,112.58,112.58,112.58,112.58,112.58,112.58,112.58,112.58,110.80,110.80,110.80,110.80,109.05,110.80,110.80,109.05,110.80,110.80,112.26,110.80,112.26,112.26,112.26,112.26,112.26,114.06,114.06,112.58,112.58,112.58,118.44,115.89,115.89,115.89,117.41,117.41,117.41,117.41,117.41,117.41,117.41,117.41,119.85,121.77,121.77,121.77,120.62,120.62,120.62,122.56,122.56,122.56,122.56,123.91,123.91,123.91,123.91,123.91,123.91,123.91,125.54,125.54,125.54,125.54,125.54,125.54,125.54,125.54,125.54,125.54,126.93,132.25,132.25,132.25,132.25,132.25,132.25,132.25,132.25,132.25,132.25,132.25,132.25,132.25,132.25,132.25,132.25,132.25,132.25,132.25,132.25,132.25,132.25,132.25,132.25,133.52,133.52,133.52,133.52,133.52,133.52,133.52,133.52,133.52,133.52
Producto,0.001283372,06231239,EXÁMENES MÉDICOS DE IMÁGENES,103.10,103.10,107.36,107.36,107.36,107.36,107.36,109.34,109.34,109.34,109.34,109.34,109.34,109.34,109.34,109.93,109.93,112.85,112.85,112.85,112.85,112.85,112.85,113.86,113.30,114.71,114.71,116.86,116.86,116.86,116.86,116.86,116.86,116.86,116.86,116.86,115.01,116.34,117.33,117.33,116.17,116.17,117.56,117.73,117.56,116.44,116.44,117.75,117.56,118.26,117.13,117.13,117.13,117.13,119.08,119.08,119.08,115.68,116.67,116.67,116.67,116.67,120.66,116.39,119.75,119.75,122.97,123.73,122.13,122.13,120.97,123.73,123.73,123.73,123.73,123.73,123.73,123.73,123.73,124.52,124.52,124.06,124.06,124.52,124.52,124.52,124.52,124.52,124.52,124.52,124.52,124.71,124.71,124.71,124.71,124.71,124.71,125.17,122.63,122.63,122.63,121.11,121.11,121.11,121.11,121.11,121.11,121.11,121.11,121.11,121.18,121.33,121.11,121.11,121.74,121.74,121.74,121.11,121.74,121.74,121.74,121.74,121.74,121.74,121.74,121.74,121.93,119.74,116.37,120.37,118.55,118.55,121.44,120.11,122.13,122.15,121.52,121.52
Grupo,0.009968499,063,Servicios de hospital (S),108.61,108.61,108.61,108.61,108.61,108.61,110.92,115.04,115.04,115.04,119.56,119.56,119.56,119.56,119.56,119.56,119.56,119.56,122.41,122.41,122.41,122.41,128.42,126.19,126.19,126.19,126.19,126.19,128.42,128.42,126.19,126.19,126.19,126.19,126.19,126.19,126.19,127.47,136.38,136.38,136.38,136.38,136.38,138.80,138.80,138.80,133.73,136.38,136.38,137.31,137.31,137.31,137.31,137.31,137.31,137.31,137.31,139.16,139.16,139.16,139.16,139.16,143.45,143.45,143.45,143.45,143.45,143.45,143.45,143.45,143.45,143.45,143.45,143.45,143.45,143.45,143.45,143.45,143.45,143.45,143.45,137.18,137.18,135.36,135.36,135.36,135.36,135.36,135.36,135.36,142.01,142.01,142.01,144.52,144.52,144.52,144.52,144.52,144.52,144.52,144.52,144.52,144.52,140.20,140.20,140.20,140.20,140.20,148.28,148.28,148.28,148.28,148.28,148.28,148.28,148.28,148.28,148.28,148.28,148.28,148.28,148.28,148.28,148.28,148.28,144.52,144.52,144.52,148.28,148.28,148.28,148.28,148.28,151.62,141.82,141.82,141.82,141.82
Clase,0.009968499,0630,Servicios de hospital (S),108.61,108.61,108.61,108.61,108.61,108.61,110.92,115.04,115.04,115.04,119.56,119.56,119.56,119.56,119.56,119.56,119.56,119.56,122.41,122.41,122.41,122.41,128.42,126.19,126.19,126.19,126.19,126.19,128.42,128.42,126.19,126.19,126.19,126.19,126.19,126.19,126.19,127.47,136.38,136.38,136.38,136.38,136.38,138.80,138.80,138.80,133.73,136.38,136.38,137.31,137.31,137.31,137.31,137.31,137.31,137.31,137.31,139.16,139.16,139.16,139.16,139.16,143.45,143.45,143.45,143.45,143.45,143.45,143.45,143.45,143.45,143.45,143.45,143.45,143.45,143.45,143.45,143.45,143.45,143.45,143.45,137.18,137.18,135.36,135.36,135.36,135.36,135.36,135.36,135.36,142.01,142.01,142.01,144.52,144.52,144.52,144.52,144.52,144.52,144.52,144.52,144.52,144.52,140.20,140.20,140.20,140.20,140.20,148.28,148.28,148.28,148.28,148.28,148.28,148.28,148.28,148.28,148.28,148.28,148.28,148.28,148.28,148.28,148.28,148.28,144.52,144.52,144.52,148.28,148.28,148.28,148.28,148.28,151.62,141.82,141.82,141.82,141.82
Subclase,0.009968499,06301,Servicios de hospital,108.61,108.61,108.61,108.61,108.61,108.61,110.92,115.04,115.04,115.04,119.56,119.56,119.56,119.56,119.56,119.56,119.56,119.56,122.41,122.41,122.41,122.41,128.42,126.19,126.19,126.19,126.19,126.19,128.42,128.42,126.19,126.19,126.19,126.19,126.19,126.19,126.19,127.47,136.38,136.38,136.38,136.38,136.38,138.80,138.80,138.80,133.73,136.38,136.38,137.31,137.31,137.31,137.31,137.31,137.31,137.31,137.31,139.16,139.16,139.16,139.16,139.16,143.45,143.45,143.45,143.45,143.45,143.45,143.45,143.45,143.45,143.45,143.45,143.45,143.45,143.45,143.45,143.45,143.45,143.45,143.45,137.18,137.18,135.36,135.36,135.36,135.36,135.36,135.36,135.36,142.01,142.01,142.01,144.52,144.52,144.52,144.52,144.52,144.52,144.52,144.52,144.52,144.52,140.20,140.20,140.20,140.20,140.20,148.28,148.28,148.28,148.28,148.28,148.28,148.28,148.28,148.28,148.28,148.28,148.28,148.28,148.28,148.28,148.28,148.28,144.52,144.52,144.52,148.28,148.28,148.28,148.28,148.28,151.62,141.82,141.82,141.82,141.82
Producto,0.009968499,06301240,GASTOS EN HOSPITALIZACIÓN,108.61,108.61,108.61,108.61,108.61,108.61,110.92,115.04,115.04,115.04,119.56,119.56,119.56,119.56,119.56,119.56,119.56,119.56,122.41,122.41,122.41,122.41,128.42,126.19,126.19,126.19,126.19,126.19,128.42,128.42,126.19,126.19,126.19,126.19,126.19,126.19,126.19,127.47,136.38,136.38,136.38,136.38,136.38,138.80,138.80,138.80,133.73,136.38,136.38,137.31,137.31,137.31,137.31,137.31,137.31,137.31,137.31,139.16,139.16,139.16,139.16,139.16,143.45,143.45,143.45,143.45,143.45,143.45,143.45,143.45,143.45,143.45,143.45,143.45,143.45,143.45,143.45,143.45,143.45,143.45,143.45,137.18,137.18,135.36,135.36,135.36,135.36,135.36,135.36,135.36,142.01,142.01,142.01,144.52,144.52,144.52,144.52,144.52,144.52,144.52,144.52,144.52,144.52,140.20,140.20,140.20,140.20,140.20,148.28,148.28,148.28,148.28,148.28,148.28,148.28,148.28,148.28,148.28,148.28,148.28,148.28,148.28,148.28,148.28,148.28,144.52,144.52,144.52,148.28,148.28,148.28,148.28,148.28,151.62,141.82,141.82,141.82,141.82
División,0.147383503,07,Transporte,100.68,101.90,102.33,103.19,102.80,103.82,103.16,102.86,102.72,102.80,105.87,105.68,106.11,105.05,104.88,106.67,104.91,104.88,104.82,105.04,106.27,106.17,105.90,105.99,105.34,105.89,105.03,106.10,105.92,105.55,105.71,105.55,105.38,105.23,105.52,105.76,105.39,105.37,104.99,105.38,105.36,105.40,105.72,106.04,107.44,107.79,107.16,107.80,109.11,109.02,108.62,108.53,108.66,109.17,109.25,109.09,109.06,109.87,108.70,109.05,108.44,108.50,107.92,108.03,106.95,106.55,106.19,105.49,105.88,105.91,105.81,105.83,106.37,106.72,107.19,108.73,110.28,110.70,111.70,112.14,112.89,113.70,114.73,115.02,114.64,115.09,115.40,117.14,117.71,118.78,118.02,118.25,117.97,117.10,117.11,117.21,116.55,116.72,116.42,116.86,116.65,116.16,116.21,116.62,122.72,122.77,122.90,124.72,124.17,124.49,125.19,127.15,126.92,127.29,128.08,128.17,127.50,126.90,126.70,126.31,126.22,126.88,126.85,126.23,125.63,126.43,127.05,126.89,127.70,128.47,128.23,127.99,127.06,126.82,127.57,130.47,132.69,134.48
Grupo,0.058542016,071,Adquisición de vehículos,102.04,105.71,107.45,108.46,108.02,108.33,106.46,105.34,105.02,105.27,104.52,104.39,105.11,103.10,102.31,102.77,102.68,102.34,102.00,102.13,104.97,104.73,104.29,104.19,102.61,104.14,101.68,103.64,103.23,102.19,102.74,102.20,101.93,101.81,102.31,102.44,101.92,101.96,101.37,101.72,101.98,102.08,102.41,102.89,102.16,103.28,101.83,101.80,102.26,102.14,102.08,102.31,102.05,102.17,101.39,101.72,101.74,101.76,101.74,101.85,101.53,101.16,100.61,101.14,99.20,100.48,100.13,99.26,98.77,98.65,98.16,97.33,99.11,98.89,98.96,98.72,98.65,98.77,99.14,98.99,99.83,99.86,100.22,100.43,100.79,101.02,101.07,100.82,100.87,100.94,100.69,100.73,100.84,100.68,100.60,100.92,100.78,100.76,100.52,100.70,100.51,100.15,100.11,100.23,100.37,100.35,99.79,99.99,99.77,99.67,99.46,101.87,102.50,102.44,102.57,102.62,101.69,101.58,101.82,100.66,101.04,101.04,101.04,101.29,101.32,101.44,101.54,101.61,101.76,101.79,101.72,101.87,101.68,101.27,101.25,101.20,100.71,100.54
Clase,0.055916632,0711,Vehículos a motor (D),102.11,105.80,107.94,109.05,107.99,107.99,105.41,104.20,103.86,104.14,103.59,103.59,104.14,101.57,100.81,101.44,100.90,100.14,99.99,100.01,103.13,102.48,101.92,101.92,100.21,101.88,99.17,101.08,101.98,100.56,101.18,100.61,100.38,100.60,101.15,100.83,100.61,100.66,100.13,100.13,100.59,100.81,101.13,101.82,100.52,102.17,100.67,100.67,101.17,101.17,101.17,101.45,101.32,101.57,100.30,100.68,100.68,100.69,100.70,100.70,100.25,99.76,99.42,99.42,97.63,99.03,98.59,97.67,97.16,97.20,96.63,95.72,97.51,97.29,97.33,97.06,96.81,97.47,97.63,97.11,98.36,98.41,98.82,98.90,99.11,99.59,99.59,99.19,99.19,99.42,99.13,99.13,99.19,99.38,99.34,99.43,99.43,99.43,99.16,99.42,99.42,99.16,99.16,99.65,99.65,99.65,99.07,99.29,99.29,99.29,99.29,101.91,102.47,102.47,102.52,102.52,101.55,101.55,101.55,100.16,100.51,100.57,100.57,100.86,100.86,100.93,101.04,101.09,101.30,101.35,101.35,101.51,101.25,100.78,100.97,101.15,100.62,100.38
Subclase,0.055916632,07111,Vehículos a motor,102.11,105.80,107.94,109.05,107.99,107.99,105.41,104.20,103.86,104.14,103.59,103.59,104.14,101.57,100.81,101.44,100.90,100.14,99.99,100.01,103.13,102.48,101.92,101.92,100.21,101.88,99.17,101.08,101.98,100.56,101.18,100.61,100.38,100.60,101.15,100.83,100.61,100.66,100.13,100.13,100.59,100.81,101.13,101.82,100.52,102.17,100.67,100.67,101.17,101.17,101.17,101.45,101.32,101.57,100.30,100.68,100.68,100.69,100.70,100.70,100.25,99.76,99.42,99.42,97.63,99.03,98.59,97.67,97.16,97.20,96.63,95.72,97.51,97.29,97.33,97.06,96.81,97.47,97.63,97.11,98.36,98.41,98.82,98.90,99.11,99.59,99.59,99.19,99.19,99.42,99.13,99.13,99.19,99.38,99.34,99.43,99.43,99.43,99.16,99.42,99.42,99.16,99.16,99.65,99.65,99.65,99.07,99.29,99.29,99.29,99.29,101.91,102.47,102.47,102.52,102.52,101.55,101.55,101.55,100.16,100.51,100.57,100.57,100.86,100.86,100.93,101.04,101.09,101.30,101.35,101.35,101.51,101.25,100.78,100.97,101.15,100.62,100.38
Producto,0.055916632,07111241,AUTOMÓVIL,102.11,105.80,107.94,109.05,107.99,107.99,105.41,104.20,103.86,104.14,103.59,103.59,104.14,101.57,100.81,101.44,100.90,100.14,99.99,100.01,103.13,102.48,101.92,101.92,100.21,101.88,99.17,101.08,101.98,100.56,101.18,100.61,100.38,100.60,101.15,100.83,100.61,100.66,100.13,100.13,100.59,100.81,101.13,101.82,100.52,102.17,100.67,100.67,101.17,101.17,101.17,101.45,101.32,101.57,100.30,100.68,100.68,100.69,100.70,100.70,100.25,99.76,99.42,99.42,97.63,99.03,98.59,97.67,97.16,97.20,96.63,95.72,97.51,97.29,97.33,97.06,96.81,97.47,97.63,97.11,98.36,98.41,98.82,98.90,99.11,99.59,99.59,99.19,99.19,99.42,99.13,99.13,99.19,99.38,99.34,99.43,99.43,99.43,99.16,99.42,99.42,99.16,99.16,99.65,99.65,99.65,99.07,99.29,99.29,99.29,99.29,101.91,102.47,102.47,102.52,102.52,101.55,101.55,101.55,100.16,100.51,100.57,100.57,100.86,100.86,100.93,101.04,101.09,101.30,101.35,101.35,101.51,101.25,100.78,100.97,101.15,100.62,100.38
Clase,0.00208169,0712,Motocicletas (D),100.40,104.22,100.41,100.41,107.99,112.15,119.25,119.05,119.05,119.05,115.46,113.84,117.22,121.78,120.54,118.56,124.32,129.42,126.96,128.61,128.29,133.13,134.19,132.69,132.69,132.69,132.99,135.99,118.50,122.32,121.93,121.77,120.86,116.40,116.39,122.28,117.69,117.69,116.22,121.44,118.99,117.58,118.12,115.91,122.56,116.86,115.77,115.37,115.32,113.68,112.85,112.37,110.57,108.93,114.36,114.22,114.54,114.54,113.96,115.63,116.94,118.00,114.74,122.15,117.65,117.65,118.45,118.05,117.82,117.46,117.93,117.93,119.97,119.75,120.15,121.15,122.91,116.23,118.93,124.01,119.47,119.23,119.23,121.08,123.61,120.35,122.19,123.86,124.56,124.56,124.65,125.21,126.10,121.41,120.70,124.04,122.08,121.75,121.75,120.84,118.45,116.48,116.32,111.56,113.53,113.16,112.87,113.30,109.72,108.23,105.74,105.52,107.39,106.54,107.23,108.00,108.00,106.70,110.10,111.96,111.96,111.13,111.13,111.13,110.71,111.50,111.50,111.75,111.26,110.95,111.24,110.62,111.30,112.25,109.53,106.82,106.82,107.42
Subclase,0.00208169,07121,Motocicletas nuevas,100.40,104.22,100.41,100.41,107.99,112.15,119.25,119.05,119.05,119.05,115.46,113.84,117.22,121.78,120.54,118.56,124.32,129.42,126.96,128.61,128.29,133.13,134.19,132.69,132.69,132.69,132.99,135.99,118.50,122.32,121.93,121.77,120.86,116.40,116.39,122.28,117.69,117.69,116.22,121.44,118.99,117.58,118.12,115.91,122.56,116.86,115.77,115.37,115.32,113.68,112.85,112.37,110.57,108.93,114.36,114.22,114.54,114.54,113.96,115.63,116.94,118.00,114.74,122.15,117.65,117.65,118.45,118.05,117.82,117.46,117.93,117.93,119.97,119.75,120.15,121.15,122.91,116.23,118.93,124.01,119.47,119.23,119.23,121.08,123.61,120.35,122.19,123.86,124.56,124.56,124.65,125.21,126.10,121.41,120.70,124.04,122.08,121.75,121.75,120.84,118.45,116.48,116.32,111.56,113.53,113.16,112.87,113.30,109.72,108.23,105.74,105.52,107.39,106.54,107.23,108.00,108.00,106.70,110.10,111.96,111.96,111.13,111.13,111.13,110.71,111.50,111.50,111.75,111.26,110.95,111.24,110.62,111.30,112.25,109.53,106.82,106.82,107.42
Producto,0.00208169,07121242,MOTOCICLETA,100.40,104.22,100.41,100.41,107.99,112.15,119.25,119.05,119.05,119.05,115.46,113.84,117.22,121.78,120.54,118.56,124.32,129.42,126.96,128.61,128.29,133.13,134.19,132.69,132.69,132.69,132.99,135.99,118.50,122.32,121.93,121.77,120.86,116.40,116.39,122.28,117.69,117.69,116.22,121.44,118.99,117.58,118.12,115.91,122.56,116.86,115.77,115.37,115.32,113.68,112.85,112.37,110.57,108.93,114.36,114.22,114.54,114.54,113.96,115.63,116.94,118.00,114.74,122.15,117.65,117.65,118.45,118.05,117.82,117.46,117.93,117.93,119.97,119.75,120.15,121.15,122.91,116.23,118.93,124.01,119.47,119.23,119.23,121.08,123.61,120.35,122.19,123.86,124.56,124.56,124.65,125.21,126.10,121.41,120.70,124.04,122.08,121.75,121.75,120.84,118.45,116.48,116.32,111.56,113.53,113.16,112.87,113.30,109.72,108.23,105.74,105.52,107.39,106.54,107.23,108.00,108.00,106.70,110.10,111.96,111.96,111.13,111.13,111.13,110.71,111.50,111.50,111.75,111.26,110.95,111.24,110.62,111.30,112.25,109.53,106.82,106.82,107.42
Clase,0.000543695,0713,Bicicletas (D),107.17,107.17,110.99,110.99,110.99,112.18,112.18,112.18,112.18,112.18,112.18,110.72,109.15,111.36,111.36,112.50,112.50,112.72,110.01,110.01,110.01,110.71,110.71,110.71,110.71,110.71,110.71,110.71,110.71,109.93,109.44,109.44,109.93,109.93,109.93,109.93,109.93,109.93,110.18,108.90,108.90,108.52,109.00,109.00,109.31,109.44,109.44,109.44,109.44,109.44,109.44,109.44,109.05,109.06,109.06,108.90,108.90,108.90,110.32,110.32,110.32,110.32,110.32,110.32,112.00,111.47,111.47,111.47,111.47,99.66,99.66,99.66,99.24,99.24,99.24,94.01,97.11,95.81,98.92,96.30,96.30,96.30,96.04,96.04,95.40,95.96,89.11,89.17,89.17,77.03,76.99,76.98,76.99,76.99,77.60,77.60,77.60,77.60,78.60,78.60,76.61,78.27,75.44,76.10,76.10,76.10,76.10,73.33,76.03,76.19,73.31,75.03,74.12,73.48,76.37,76.37,72.54,70.49,70.49,70.49,75.24,75.24,75.24,74.41,79.35,79.74,79.74,79.74,79.13,79.13,71.58,76.49,76.49,71.72,71.28,68.98,69.50,69.50
Subclase,0.000543695,07131,Bicicleta,107.17,107.17,110.99,110.99,110.99,112.18,112.18,112.18,112.18,112.18,112.18,110.72,109.15,111.36,111.36,112.50,112.50,112.72,110.01,110.01,110.01,110.71,110.71,110.71,110.71,110.71,110.71,110.71,110.71,109.93,109.44,109.44,109.93,109.93,109.93,109.93,109.93,109.93,110.18,108.90,108.90,108.52,109.00,109.00,109.31,109.44,109.44,109.44,109.44,109.44,109.44,109.44,109.05,109.06,109.06,108.90,108.90,108.90,110.32,110.32,110.32,110.32,110.32,110.32,112.00,111.47,111.47,111.47,111.47,99.66,99.66,99.66,99.24,99.24,99.24,94.01,97.11,95.81,98.92,96.30,96.30,96.30,96.04,96.04,95.40,95.96,89.11,89.17,89.17,77.03,76.99,76.98,76.99,76.99,77.60,77.60,77.60,77.60,78.60,78.60,76.61,78.27,75.44,76.10,76.10,76.10,76.10,73.33,76.03,76.19,73.31,75.03,74.12,73.48,76.37,76.37,72.54,70.49,70.49,70.49,75.24,75.24,75.24,74.41,79.35,79.74,79.74,79.74,79.13,79.13,71.58,76.49,76.49,71.72,71.28,68.98,69.50,69.50
Producto,0.000543695,07131243,BICICLETA,107.17,107.17,110.99,110.99,110.99,112.18,112.18,112.18,112.18,112.18,112.18,110.72,109.15,111.36,111.36,112.50,112.50,112.72,110.01,110.01,110.01,110.71,110.71,110.71,110.71,110.71,110.71,110.71,110.71,109.93,109.44,109.44,109.93,109.93,109.93,109.93,109.93,109.93,110.18,108.90,108.90,108.52,109.00,109.00,109.31,109.44,109.44,109.44,109.44,109.44,109.44,109.44,109.05,109.06,109.06,108.90,108.90,108.90,110.32,110.32,110.32,110.32,110.32,110.32,112.00,111.47,111.47,111.47,111.47,99.66,99.66,99.66,99.24,99.24,99.24,94.01,97.11,95.81,98.92,96.30,96.30,96.30,96.04,96.04,95.40,95.96,89.11,89.17,89.17,77.03,76.99,76.98,76.99,76.99,77.60,77.60,77.60,77.60,78.60,78.60,76.61,78.27,75.44,76.10,76.10,76.10,76.10,73.33,76.03,76.19,73.31,75.03,74.12,73.48,76.37,76.37,72.54,70.49,70.49,70.49,75.24,75.24,75.24,74.41,79.35,79.74,79.74,79.74,79.13,79.13,71.58,76.49,76.49,71.72,71.28,68.98,69.50,69.50
Grupo,0.037375808,072,Funcionamiento de equipo de transporte personal,99.81,99.51,98.45,98.43,97.81,97.57,97.85,97.82,97.78,97.46,97.71,97.45,98.35,97.80,98.04,98.51,98.83,98.57,98.36,99.08,99.29,99.30,99.50,99.63,99.32,99.85,100.07,100.03,100.45,99.94,99.64,99.39,100.16,99.62,99.78,99.94,100.62,99.77,99.87,100.13,99.94,100.08,100.37,101.47,108.35,108.11,107.71,109.62,115.25,114.41,112.30,111.16,113.00,115.77,116.62,114.99,115.46,119.07,114.19,114.34,114.51,113.97,113.53,113.90,112.48,109.20,107.25,106.93,107.01,107.66,107.92,108.19,108.87,110.11,112.19,117.98,119.34,121.17,124.37,126.94,129.02,131.98,134.91,135.94,135.72,136.89,139.08,143.70,146.34,147.46,147.11,148.54,147.07,143.31,143.05,142.92,141.69,141.19,141.62,142.30,141.66,141.19,140.84,141.59,143.19,143.63,144.03,140.51,139.68,139.58,139.55,144.10,145.04,146.51,148.82,149.49,148.16,146.05,144.83,144.10,144.33,146.05,145.80,143.29,141.23,140.93,142.91,144.99,149.07,152.33,151.00,149.22,147.63,146.64,149.14,158.05,167.32,175.61
Clase,0.005121567,0721,Piezas de repuesto y accesorios para equipo de transporte personal (SD),104.89,102.91,102.00,100.19,98.33,97.45,100.96,99.56,99.79,99.79,99.76,96.72,96.72,95.97,97.26,98.32,100.72,99.63,99.43,99.58,98.82,98.75,100.77,99.91,97.91,99.71,99.73,96.72,97.94,97.76,96.20,94.53,100.12,94.47,94.02,94.67,99.91,94.62,94.98,95.58,95.45,95.97,96.86,96.33,99.20,97.24,95.25,98.84,97.52,96.77,96.83,96.07,95.72,96.54,98.01,95.48,95.30,95.61,96.33,99.02,97.94,93.08,88.91,93.50,88.84,88.90,88.35,89.18,89.03,88.33,88.32,89.05,89.52,90.30,90.65,89.21,93.34,91.81,93.53,94.74,96.62,95.97,97.90,99.07,96.03,96.07,97.62,101.14,100.54,101.06,99.85,101.12,101.87,101.21,104.70,105.02,100.86,101.23,102.57,106.85,103.23,100.30,100.83,99.73,100.68,99.06,99.54,99.10,98.25,99.16,98.51,101.31,103.39,108.81,103.57,103.57,105.86,106.93,106.93,102.46,103.17,104.62,104.71,107.36,107.37,104.86,107.67,105.24,106.37,107.36,104.11,105.23,107.29,106.25,106.17,107.82,109.10,109.81
Subclase,0.005121567,07211,Piezas de repuesto y accesorios para equipo de transporte personal,104.89,102.91,102.00,100.19,98.33,97.45,100.96,99.56,99.79,99.79,99.76,96.72,96.72,95.97,97.26,98.32,100.72,99.63,99.43,99.58,98.82,98.75,100.77,99.91,97.91,99.71,99.73,96.72,97.94,97.76,96.20,94.53,100.12,94.47,94.02,94.67,99.91,94.62,94.98,95.58,95.45,95.97,96.86,96.33,99.20,97.24,95.25,98.84,97.52,96.77,96.83,96.07,95.72,96.54,98.01,95.48,95.30,95.61,96.33,99.02,97.94,93.08,88.91,93.50,88.84,88.90,88.35,89.18,89.03,88.33,88.32,89.05,89.52,90.30,90.65,89.21,93.34,91.81,93.53,94.74,96.62,95.97,97.90,99.07,96.03,96.07,97.62,101.14,100.54,101.06,99.85,101.12,101.87,101.21,104.70,105.02,100.86,101.23,102.57,106.85,103.23,100.30,100.83,99.73,100.68,99.06,99.54,99.10,98.25,99.16,98.51,101.31,103.39,108.81,103.57,103.57,105.86,106.93,106.93,102.46,103.17,104.62,104.71,107.36,107.37,104.86,107.67,105.24,106.37,107.36,104.11,105.23,107.29,106.25,106.17,107.82,109.10,109.81
Producto,0.001032623,07211244,BATERÍA,100.77,100.77,100.95,96.34,99.03,99.03,104.17,103.12,103.12,103.12,103.12,103.12,103.12,103.44,103.19,102.95,102.95,103.86,103.41,103.86,104.19,104.03,103.87,105.07,106.37,105.12,105.72,105.70,102.29,100.75,100.80,100.02,100.38,101.56,100.20,102.91,102.40,102.18,103.40,106.57,106.55,108.36,109.55,108.54,108.12,108.12,106.55,107.31,104.83,103.14,103.14,99.75,101.65,97.15,97.15,95.69,97.15,97.12,96.26,96.26,96.26,96.26,96.26,96.26,96.26,95.82,95.12,95.68,95.68,95.58,95.58,95.39,95.39,94.46,94.46,94.54,94.54,94.23,94.54,100.32,98.22,97.52,97.92,97.92,97.92,97.92,97.92,98.47,97.83,96.75,98.04,100.14,98.92,96.10,96.57,96.57,98.03,99.80,103.68,103.68,104.91,104.09,103.18,104.53,104.53,104.53,104.53,105.16,103.94,105.81,106.33,110.04,109.74,109.74,109.74,109.74,110.20,110.20,110.20,110.20,110.20,110.20,110.66,112.86,113.77,112.94,112.94,112.94,113.60,118.41,112.26,113.60,115.37,115.81,115.81,115.15,115.72,115.77
Producto,0.003619105,07211245,NEUMÁTICO,105.59,103.61,102.09,100.34,96.81,96.81,99.46,99.46,99.46,99.46,99.46,94.80,94.80,94.80,95.74,98.01,101.19,98.51,98.51,99.26,97.45,97.45,100.54,98.98,95.76,98.73,98.73,95.47,97.66,97.64,95.09,93.07,101.08,92.38,92.13,92.26,100.10,92.81,92.95,92.96,92.78,92.81,93.45,93.12,97.47,94.05,91.77,96.97,95.68,95.22,95.22,95.83,94.73,97.17,99.65,96.38,95.68,96.30,97.64,102.43,100.48,93.37,86.70,93.37,86.70,87.38,86.78,87.83,87.83,87.05,87.03,87.88,87.88,89.31,89.31,87.19,92.23,92.04,93.47,93.01,96.87,95.99,98.77,100.40,96.15,95.90,98.04,103.14,102.58,103.13,101.37,102.61,104.08,104.08,109.07,109.31,103.00,103.00,104.01,110.64,104.77,100.74,101.78,100.65,101.90,99.92,99.92,99.08,98.01,98.73,97.62,100.34,103.51,111.44,103.77,103.77,106.99,108.68,108.68,101.93,102.97,105.06,105.06,108.37,108.11,104.64,108.70,105.16,106.62,106.62,103.72,104.95,107.07,105.59,105.47,108.04,109.23,110.25
Producto,0.000469839,07211246,AMORTIGUADORES,108.29,102.56,103.37,106.44,106.44,98.42,104.18,93.48,95.53,95.53,95.32,96.58,96.58,89.17,95.57,91.56,93.60,98.64,97.66,93.56,97.27,96.93,96.33,96.01,95.38,95.66,94.68,87.64,91.53,92.86,94.41,93.31,93.68,94.11,94.11,94.11,94.03,91.59,91.73,91.22,91.15,92.33,94.13,93.23,93.18,96.53,95.59,94.51,95.24,94.41,94.97,90.67,90.73,91.50,89.48,89.50,89.50,88.50,88.38,83.02,85.35,85.33,88.86,89.13,88.14,85.32,85.33,85.33,83.94,82.68,82.68,84.38,88.62,88.62,91.73,91.73,97.96,85.83,92.02,94.96,92.02,92.95,92.50,93.00,91.73,93.62,94.44,93.72,93.00,96.35,93.88,93.72,93.71,93.03,92.87,94.32,92.94,92.97,91.56,89.30,90.56,90.55,90.50,85.07,85.88,83.47,87.85,87.85,89.10,89.40,89.40,90.91,90.75,90.75,90.75,90.75,90.75,89.94,89.94,91.22,91.22,91.38,91.38,90.82,90.82,91.03,91.39,91.25,91.25,91.25,91.25,91.19,93.47,92.38,92.44,92.75,95.88,95.88
Clase,0.022539435,0722,Combustibles y lubricantes para equipo de transporte personal (ND),98.19,98.19,97.26,97.26,97.26,97.44,97.44,97.63,97.63,97.69,97.75,97.81,97.64,97.70,97.76,97.83,97.53,97.95,98.22,98.52,98.68,98.70,98.03,98.71,98.70,98.90,98.92,98.75,98.79,98.50,98.71,98.73,98.47,98.63,98.64,98.60,98.58,98.55,98.49,98.49,98.48,98.58,98.59,100.46,111.33,111.46,111.32,113.60,123.08,121.86,118.01,117.00,120.20,124.12,124.62,122.65,123.18,129.08,120.63,120.23,120.23,120.48,120.32,119.70,118.58,113.08,111.49,112.11,112.30,112.55,113.01,113.05,114.05,115.92,119.44,129.61,130.90,134.46,139.20,143.01,146.45,151.52,155.56,157.30,157.83,159.80,162.40,168.93,173.50,174.98,174.72,176.65,173.96,167.57,166.35,165.89,165.25,163.79,164.14,164.25,164.15,164.04,162.93,163.95,166.37,167.64,168.38,162.53,160.42,159.79,159.90,166.14,166.90,168.01,173.43,174.57,171.92,168.07,166.00,165.88,166.07,168.59,168.14,163.19,159.43,159.37,162.01,166.34,172.50,177.76,176.38,173.13,169.77,168.02,172.27,186.78,201.79,215.63
Subclase,0.022539435,07221,Combustibles y lubricantes para equipo de transporte personal,98.19,98.19,97.26,97.26,97.26,97.44,97.44,97.63,97.63,97.69,97.75,97.81,97.64,97.70,97.76,97.83,97.53,97.95,98.22,98.52,98.68,98.70,98.03,98.71,98.70,98.90,98.92,98.75,98.79,98.50,98.71,98.73,98.47,98.63,98.64,98.60,98.58,98.55,98.49,98.49,98.48,98.58,98.59,100.46,111.33,111.46,111.32,113.60,123.08,121.86,118.01,117.00,120.20,124.12,124.62,122.65,123.18,129.08,120.63,120.23,120.23,120.48,120.32,119.70,118.58,113.08,111.49,112.11,112.30,112.55,113.01,113.05,114.05,115.92,119.44,129.61,130.90,134.46,139.20,143.01,146.45,151.52,155.56,157.30,157.83,159.80,162.40,168.93,173.50,174.98,174.72,176.65,173.96,167.57,166.35,165.89,165.25,163.79,164.14,164.25,164.15,164.04,162.93,163.95,166.37,167.64,168.38,162.53,160.42,159.79,159.90,166.14,166.90,168.01,173.43,174.57,171.92,168.07,166.00,165.88,166.07,168.59,168.14,163.19,159.43,159.37,162.01,166.34,172.50,177.76,176.38,173.13,169.77,168.02,172.27,186.78,201.79,215.63
Producto,0.000495883,07221247,DIÉSEL,98.06,98.06,98.06,98.06,98.06,98.06,98.06,98.06,98.06,98.06,98.06,98.06,98.06,98.06,98.06,98.06,98.06,98.06,98.06,98.06,98.06,98.06,98.06,98.06,98.06,98.06,98.06,98.06,98.38,98.38,98.38,98.38,98.38,98.38,98.38,98.38,98.38,98.38,98.38,98.38,98.38,98.38,98.38,98.38,98.38,98.38,98.38,98.38,98.38,98.38,98.38,98.38,98.38,98.38,98.38,98.38,98.38,98.38,98.38,98.38,98.38,98.38,98.38,98.38,97.10,95.05,97.72,102.32,106.27,112.15,117.84,121.96,127.04,128.79,132.11,137.34,139.24,142.56,148.43,151.12,154.92,163.79,180.60,180.60,180.60,180.60,180.60,180.60,180.60,180.60,166.34,166.34,166.34,166.34,166.34,166.34,166.34,166.34,166.34,166.34,166.34,166.34,166.34,166.34,166.34,166.34,166.34,166.34,166.34,166.34,166.34,171.09,171.09,171.09,171.09,171.09,171.09,171.09,171.09,171.09,171.09,171.09,171.09,171.09,171.09,171.09,171.09,171.09,213.39,266.14,266.14,264.71,260.63,257.32,262.95,275.32,288.16,301.94
Producto,0.000680429,07221248,GASOLINA ECOLÓGICA,98.06,98.06,98.06,98.06,98.06,98.06,98.06,98.06,98.06,98.06,98.06,98.06,98.06,98.06,98.06,98.06,98.06,98.06,98.06,98.06,98.06,98.06,98.06,98.06,98.06,98.06,98.06,98.06,98.06,98.06,98.06,98.06,98.06,98.06,98.06,98.06,98.06,98.06,98.06,98.06,98.06,98.06,98.06,98.06,98.06,98.06,98.06,102.80,122.57,122.57,122.57,122.57,122.57,122.57,122.57,122.57,122.57,135.78,122.53,122.53,122.53,122.53,122.53,122.53,120.28,115.91,115.91,115.91,116.35,116.02,116.35,116.57,116.57,116.57,118.86,125.60,129.34,135.41,143.92,148.32,154.95,164.89,168.89,168.89,168.89,168.89,168.89,168.89,168.89,168.89,158.96,158.96,158.96,158.96,158.96,158.96,158.96,158.96,158.96,158.96,158.96,158.96,158.96,158.96,158.96,158.96,158.96,158.96,158.96,158.96,158.96,163.59,163.59,166.24,181.87,183.54,178.12,171.23,174.18,176.88,177.87,182.20,180.85,171.81,165.25,165.91,171.20,178.84,187.14,192.51,190.83,184.84,179.36,180.34,187.63,196.26,205.23,214.85
Producto,0.009937574,07221249,GASOLINA BAJO OCTANAJE,98.06,98.06,98.06,98.06,98.06,98.06,98.06,98.06,98.06,98.06,98.06,98.06,98.06,98.06,98.06,98.06,98.06,98.06,98.06,98.06,98.06,98.06,98.06,98.06,98.06,98.06,98.06,98.06,98.06,98.06,98.06,98.06,98.06,98.06,98.06,98.06,98.06,98.06,98.06,98.06,98.06,98.17,98.17,98.17,98.17,98.17,98.17,102.95,122.85,122.85,122.85,122.85,122.85,122.85,122.85,122.85,122.85,136.13,122.85,122.85,122.85,122.85,122.85,122.85,120.60,116.21,116.21,116.21,116.65,116.32,116.65,116.88,116.88,116.88,119.18,125.94,129.68,135.77,144.30,148.71,155.36,165.32,169.34,169.34,169.34,169.34,169.34,169.34,169.34,169.34,159.38,159.38,159.38,159.38,159.38,159.38,159.38,159.38,159.38,159.38,159.38,159.38,159.38,159.38,159.38,159.38,159.38,159.38,159.38,159.38,159.38,164.03,164.03,166.68,182.35,184.02,178.59,171.68,174.64,177.35,178.34,182.68,181.32,172.26,165.68,166.34,171.65,179.31,187.64,193.02,191.34,185.32,179.83,180.82,188.12,196.78,205.77,215.42
Producto,0.008524539,07221250,GASOLINA ALTO OCTANAJE,98.06,98.06,96.30,96.30,96.30,96.30,96.30,96.30,96.30,96.49,96.68,96.87,97.05,97.24,97.42,97.61,97.79,99.42,99.61,100.72,100.90,101.08,101.08,101.84,101.84,101.84,101.84,101.84,101.84,101.84,101.84,101.84,101.84,101.84,101.84,101.84,101.84,101.84,101.84,101.84,101.84,101.84,101.84,108.39,142.31,142.31,142.31,142.31,142.15,138.47,126.34,123.51,133.50,145.48,146.85,141.08,142.73,142.07,136.04,134.48,134.48,135.28,134.79,132.85,132.99,122.71,117.30,118.47,118.07,118.17,118.49,117.78,120.05,125.80,133.00,152.99,150.83,150.92,151.52,155.77,155.32,154.75,157.73,163.21,164.27,169.03,178.24,198.01,211.71,216.03,232.11,237.68,229.06,207.67,203.72,202.30,199.16,195.73,196.23,196.42,196.26,195.94,192.51,195.41,202.98,206.84,209.28,191.00,184.86,183.45,183.81,194.91,197.50,196.99,191.91,192.31,191.57,189.86,179.52,175.61,174.51,176.06,176.56,174.91,172.75,171.58,172.17,174.53,173.88,173.64,172.18,171.24,169.86,164.04,165.45,196.06,228.34,254.40
Producto,0.00290101,07221251,ACEITE LUBRICANTE,98.96,98.96,96.47,96.47,96.47,97.71,97.71,98.96,98.96,98.96,98.96,98.96,97.40,97.40,97.40,97.50,95.05,94.34,95.80,95.43,96.09,95.87,91.34,94.25,94.21,95.58,95.70,94.58,94.73,92.74,94.14,94.30,92.53,93.61,93.71,93.39,93.30,93.05,92.71,92.71,92.64,92.92,92.99,91.49,91.49,92.36,91.46,91.42,91.42,91.15,91.41,90.68,90.68,91.25,91.66,90.86,90.86,89.17,88.10,88.75,88.75,88.73,88.73,88.73,88.56,88.58,88.58,88.58,87.89,88.35,87.64,87.26,87.26,86.85,86.43,88.17,88.73,91.73,92.73,94.10,95.45,95.50,97.35,97.25,98.57,101.56,99.19,100.55,101.76,102.44,103.19,104.17,104.64,107.78,108.05,108.05,110.51,108.04,109.32,109.65,109.35,109.35,109.21,109.88,109.80,110.03,109.73,109.79,108.79,107.61,107.61,108.96,108.53,108.53,105.46,106.89,108.18,108.18,107.02,105.88,106.35,105.98,106.27,105.68,106.25,106.25,105.66,104.99,105.92,105.66,104.99,104.99,104.51,103.25,103.33,102.69,100.58,101.53
Clase,0.008263892,0723,Conservación y reparación de equipo de transporte personal (S),99.23,99.27,97.58,98.87,97.31,96.34,95.48,95.87,95.38,94.27,95.30,96.21,100.90,98.70,98.70,99.90,100.49,98.91,97.31,99.73,100.85,100.89,102.19,101.55,101.61,102.20,103.19,105.70,106.68,105.24,104.42,104.42,104.57,105.82,106.89,107.28,106.59,106.66,107.01,107.76,107.01,107.01,107.66,108.02,108.02,108.02,108.02,107.95,109.10,109.10,109.81,107.86,107.87,109.39,110.88,110.58,111.48,111.81,111.81,111.63,111.54,111.54,113.05,113.05,113.05,112.82,108.52,104.62,104.59,107.46,107.46,108.04,108.12,108.16,107.92,107.92,107.63,107.48,108.08,108.67,107.49,107.80,108.90,108.05,107.78,107.77,107.84,108.76,108.90,109.68,109.68,110.07,110.07,110.62,110.62,110.62,109.73,111.16,111.20,110.88,110.88,111.17,112.22,113.72,113.83,113.56,113.06,113.06,115.70,116.29,116.29,118.28,119.37,119.12,118.86,118.86,118.23,118.23,118.23,118.13,118.13,118.13,118.13,118.13,118.85,119.49,119.35,118.95,118.95,118.95,118.95,118.76,118.76,119.75,119.75,120.07,121.00,121.00
Subclase,0.008263892,07231,Conservación y reparación de equipo de transporte personal,99.23,99.27,97.58,98.87,97.31,96.34,95.48,95.87,95.38,94.27,95.30,96.21,100.90,98.70,98.70,99.90,100.49,98.91,97.31,99.73,100.85,100.89,102.19,101.55,101.61,102.20,103.19,105.70,106.68,105.24,104.42,104.42,104.57,105.82,106.89,107.28,106.59,106.66,107.01,107.76,107.01,107.01,107.66,108.02,108.02,108.02,108.02,107.95,109.10,109.10,109.81,107.86,107.87,109.39,110.88,110.58,111.48,111.81,111.81,111.63,111.54,111.54,113.05,113.05,113.05,112.82,108.52,104.62,104.59,107.46,107.46,108.04,108.12,108.16,107.92,107.92,107.63,107.48,108.08,108.67,107.49,107.80,108.90,108.05,107.78,107.77,107.84,108.76,108.90,109.68,109.68,110.07,110.07,110.62,110.62,110.62,109.73,111.16,111.20,110.88,110.88,111.17,112.22,113.72,113.83,113.56,113.06,113.06,115.70,116.29,116.29,118.28,119.37,119.12,118.86,118.86,118.23,118.23,118.23,118.13,118.13,118.13,118.13,118.13,118.85,119.49,119.35,118.95,118.95,118.95,118.95,118.76,118.76,119.75,119.75,120.07,121.00,121.00
Producto,0.001172386,07231252,AFINAMIENTO (ABC),97.26,97.26,93.78,93.78,93.78,93.78,93.78,93.78,93.78,93.78,89.69,89.69,89.69,89.69,89.69,89.69,93.78,89.69,89.69,84.67,84.67,89.69,82.70,82.70,82.70,86.48,89.69,93.78,78.08,78.08,78.08,78.08,77.08,76.16,76.16,76.16,77.08,77.08,79.50,79.50,74.32,74.32,74.32,76.78,76.78,76.78,76.78,76.78,78.54,78.54,83.45,83.45,82.99,84.84,85.94,85.94,86.49,86.49,86.49,86.49,86.49,86.49,86.49,86.49,86.49,84.87,88.75,81.83,81.54,81.83,81.83,81.83,81.83,81.83,81.83,81.83,81.83,81.83,85.91,85.91,85.91,92.65,92.65,92.65,92.65,92.65,92.65,99.48,98.37,98.37,98.37,98.37,98.37,98.37,98.37,98.37,98.35,101.01,101.01,101.01,101.01,103.00,103.00,103.00,103.00,103.00,103.00,103.00,103.00,103.00,103.00,106.53,106.53,106.52,106.52,106.52,106.52,106.52,106.52,106.52,106.52,106.52,106.52,106.52,106.52,106.52,104.02,101.29,101.29,101.29,101.29,101.29,101.29,101.29,101.29,101.29,101.29,101.29
Producto,0.000596172,07231253,"LAVADO, ENGRASADO Y PULVERIZADO",96.64,96.64,99.26,99.26,99.26,104.24,104.24,104.24,101.49,103.91,103.91,103.91,103.91,103.91,103.91,103.91,103.91,106.65,106.65,110.66,115.71,115.71,118.79,115.78,115.78,115.78,115.78,115.78,115.78,115.78,115.78,115.78,115.78,115.78,120.17,120.17,120.58,120.58,120.58,120.58,120.58,120.58,120.58,120.58,120.58,120.58,120.58,120.58,120.58,120.58,120.58,120.58,120.58,121.78,121.78,121.78,121.78,121.78,121.78,121.78,124.52,124.52,124.52,124.52,124.52,124.52,124.52,124.52,124.52,124.52,124.52,124.52,124.52,124.52,124.52,124.52,124.52,124.52,124.52,127.53,127.53,127.53,127.53,127.53,127.53,127.53,127.53,127.53,131.46,131.46,131.46,136.44,136.44,136.44,136.44,136.44,136.44,138.63,138.63,134.48,134.48,134.48,134.48,134.48,134.48,134.48,134.48,134.48,134.48,139.57,139.57,139.57,139.57,139.57,139.57,139.57,139.57,139.57,139.57,139.57,139.57,139.57,139.57,139.57,139.57,139.57,139.57,139.57,139.57,139.57,139.57,137.14,137.14,137.14,137.14,141.38,145.74,145.74
Producto,0.006266801,07231254,"CAMBIO, ALINEACIÓN Y BALANCEO DE NEUMÁTICOS",99.78,99.83,98.09,99.79,97.72,95.94,94.62,95.14,94.76,93.05,95.19,96.39,102.60,99.69,99.69,101.28,101.28,99.69,97.58,101.32,102.29,101.38,104.11,103.57,103.66,103.72,104.42,106.95,111.25,109.36,108.27,108.27,108.66,110.50,111.45,111.97,110.84,110.93,110.93,111.92,111.92,111.92,112.79,112.79,112.79,112.79,112.79,112.69,113.89,113.89,113.89,111.30,111.40,112.93,114.70,114.30,115.39,115.82,115.82,115.58,115.19,115.19,117.18,117.18,117.18,117.18,110.76,106.92,106.94,110.68,110.68,111.44,111.55,111.61,111.28,111.28,110.90,110.81,110.81,111.15,110.11,109.24,110.24,109.12,108.77,108.76,108.85,108.76,108.76,109.79,109.79,109.79,109.79,110.51,110.51,110.51,109.34,110.05,110.10,110.10,110.10,110.10,111.50,113.49,113.62,113.27,112.61,112.61,116.10,116.35,116.35,118.24,119.69,119.35,118.91,118.91,118.08,118.08,118.08,117.94,117.94,117.94,117.94,117.94,118.89,119.74,120.03,120.03,120.03,120.03,120.03,120.03,120.03,121.34,121.33,121.33,122.11,122.11
Producto,0.000228533,07231255,INSPECCIÓN TÉCNICA,102.33,102.57,99.29,99.29,99.29,99.29,105.43,105.43,105.43,105.43,105.43,105.43,105.43,105.43,105.43,105.43,105.43,105.43,105.43,105.43,105.43,105.43,105.43,105.43,105.43,105.43,105.43,105.43,105.43,105.05,105.05,105.05,105.05,105.05,105.05,105.05,105.05,105.05,105.05,105.05,105.05,105.05,105.05,105.05,105.05,105.05,105.05,105.05,105.05,105.05,105.05,105.05,105.05,105.05,105.05,105.05,105.05,105.05,105.05,105.05,105.05,105.05,105.05,105.05,105.05,105.05,105.05,105.05,105.05,105.05,105.05,105.05,105.05,105.05,105.05,105.05,105.05,101.60,101.60,106.34,88.25,88.25,103.96,103.71,103.71,103.71,103.71,103.71,103.71,103.71,103.71,103.71,103.71,103.71,103.71,103.71,103.71,119.14,119.14,119.14,119.14,119.14,119.14,119.14,119.14,119.14,119.14,119.14,119.14,119.14,119.14,121.70,121.70,121.70,125.15,125.15,125.15,125.15,125.15,125.15,125.15,125.15,125.15,125.15,125.15,125.15,125.15,125.15,125.15,125.15,125.15,125.15,125.15,125.15,125.15,125.15,125.15,125.15
Clase,0.001450915,0724,Servicios de estacionamiento y peaje (S),107.18,107.18,107.18,107.18,107.18,107.18,104.57,104.57,105.29,102.10,102.10,102.10,102.10,102.10,102.10,102.10,102.10,102.10,102.10,102.10,102.10,102.10,102.10,102.10,102.10,102.10,102.10,102.10,102.10,102.10,102.10,102.10,102.10,102.10,102.10,102.10,102.10,102.10,102.10,102.10,102.10,102.10,102.10,102.10,102.10,102.10,102.10,102.10,102.10,102.10,102.10,102.10,102.10,102.10,102.10,102.10,102.10,102.10,102.10,102.10,111.71,114.17,114.17,114.17,114.17,114.17,114.17,114.17,114.17,114.17,114.17,114.17,114.17,114.17,114.17,114.17,114.17,114.17,114.17,114.17,114.17,114.17,114.17,114.17,114.17,114.17,125.12,125.12,125.12,125.12,125.12,125.12,125.12,125.12,122.66,125.12,125.12,125.12,125.12,125.12,125.12,125.12,125.12,125.12,125.12,125.12,125.12,125.12,125.12,125.12,125.12,125.12,123.06,123.06,123.06,123.06,123.06,123.06,123.06,125.12,125.12,125.12,125.12,125.12,125.12,125.12,125.12,125.12,132.02,132.02,132.02,132.02,133.94,133.94,133.94,133.94,133.94,133.94
Subclase,0.001450915,07241,Servicios de estacionamiento y peaje,107.18,107.18,107.18,107.18,107.18,107.18,104.57,104.57,105.29,102.10,102.10,102.10,102.10,102.10,102.10,102.10,102.10,102.10,102.10,102.10,102.10,102.10,102.10,102.10,102.10,102.10,102.10,102.10,102.10,102.10,102.10,102.10,102.10,102.10,102.10,102.10,102.10,102.10,102.10,102.10,102.10,102.10,102.10,102.10,102.10,102.10,102.10,102.10,102.10,102.10,102.10,102.10,102.10,102.10,102.10,102.10,102.10,102.10,102.10,102.10,111.71,114.17,114.17,114.17,114.17,114.17,114.17,114.17,114.17,114.17,114.17,114.17,114.17,114.17,114.17,114.17,114.17,114.17,114.17,114.17,114.17,114.17,114.17,114.17,114.17,114.17,125.12,125.12,125.12,125.12,125.12,125.12,125.12,125.12,122.66,125.12,125.12,125.12,125.12,125.12,125.12,125.12,125.12,125.12,125.12,125.12,125.12,125.12,125.12,125.12,125.12,125.12,123.06,123.06,123.06,123.06,123.06,123.06,123.06,125.12,125.12,125.12,125.12,125.12,125.12,125.12,125.12,125.12,132.02,132.02,132.02,132.02,133.94,133.94,133.94,133.94,133.94,133.94
Producto,0.000601777,07241256,ESTACIONAMIENTO,119.31,119.31,119.31,119.31,119.31,119.31,112.64,112.64,112.64,106.34,106.34,106.34,106.34,106.34,106.34,106.34,106.34,106.34,106.34,106.34,106.34,106.34,106.34,106.34,106.34,106.34,106.34,106.34,106.34,106.34,106.34,106.34,106.34,106.34,106.34,106.34,106.34,106.34,106.34,106.34,106.34,106.34,106.34,106.34,106.34,106.34,106.34,106.34,106.34,106.34,106.34,106.34,106.34,106.34,106.34,106.34,106.34,106.34,106.34,106.34,106.34,112.64,112.64,112.64,112.64,112.64,112.64,112.64,112.64,112.64,112.64,112.64,112.64,112.64,112.64,112.64,112.64,112.64,112.64,112.64,112.64,112.64,112.64,112.64,112.64,112.64,112.64,112.64,112.64,112.64,112.64,112.64,112.64,112.64,106.34,112.64,112.64,112.64,112.64,112.64,112.64,112.64,112.64,112.64,112.64,112.64,112.64,112.64,112.64,112.64,112.64,112.64,107.37,107.37,107.37,107.37,107.37,107.37,107.37,112.64,112.64,112.64,112.64,112.64,112.64,112.64,112.64,112.64,112.64,112.64,112.64,112.64,118.17,118.17,118.17,118.17,118.17,118.17
Producto,0.000499734,07241257,PEAJE,98.06,98.06,98.06,98.06,98.06,98.06,98.06,98.06,98.06,98.06,98.06,98.06,98.06,98.06,98.06,98.06,98.06,98.06,98.06,98.06,98.06,98.06,98.06,98.06,98.06,98.06,98.06,98.06,98.06,98.06,98.06,98.06,98.06,98.06,98.06,98.06,98.06,98.06,98.06,98.06,98.06,98.06,98.06,98.06,98.06,98.06,98.06,98.06,98.06,98.06,98.06,98.06,98.06,98.06,98.06,98.06,98.06,98.06,98.06,98.06,129.39,129.39,129.39,129.39,129.39,129.39,129.39,129.39,129.39,129.39,129.39,129.39,129.39,129.39,129.39,129.39,129.39,129.39,129.39,129.39,129.39,129.39,129.39,129.39,129.39,129.39,129.39,129.39,129.39,129.39,129.39,129.39,129.39,129.39,129.39,129.39,129.39,129.39,129.39,129.39,129.39,129.39,129.39,129.39,129.39,129.39,129.39,129.39,129.39,129.39,129.39,129.39,129.39,129.39,129.39,129.39,129.39,129.39,129.39,129.39,129.39,129.39,129.39,129.39,129.39,129.39,129.39,129.39,129.39,129.39,129.39,129.39,129.39,129.39,129.39,129.39,129.39,129.39
Producto,0.000349403,07241258,SERVICIO DE WINCHA,100.71,100.71,100.71,100.71,100.71,100.71,100.71,100.71,103.11,100.71,100.71,100.71,100.71,100.71,100.71,100.71,100.71,100.71,100.71,100.71,100.71,100.71,100.71,100.71,100.71,100.71,100.71,100.71,100.71,100.71,100.71,100.71,100.71,100.71,100.71,100.71,100.71,100.71,100.71,100.71,100.71,100.71,100.71,100.71,100.71,100.71,100.71,100.71,100.71,100.71,100.71,100.71,100.71,100.71,100.71,100.71,100.71,100.71,100.71,100.71,100.71,100.71,100.71,100.71,100.71,100.71,100.71,100.71,100.71,100.71,100.71,100.71,100.71,100.71,100.71,100.71,100.71,100.71,100.71,100.71,100.71,100.71,100.71,100.71,100.71,100.71,136.97,136.97,136.97,136.97,136.97,136.97,136.97,136.97,136.97,136.97,136.97,136.97,136.97,136.97,136.97,136.97,136.97,136.97,136.97,136.97,136.97,136.97,136.97,136.97,136.97,136.97,136.97,136.97,136.97,136.97,136.97,136.97,136.97,136.97,136.97,136.97,136.97,136.97,136.97,136.97,136.97,136.97,159.80,159.80,159.80,159.80,158.99,158.99,158.99,158.99,158.99,158.99
Grupo,0.051465679,073,Servicios de transporte,99.83,99.51,99.55,100.79,100.61,103.15,103.16,103.50,103.50,103.65,112.41,112.20,112.05,111.64,111.85,115.83,111.02,111.48,111.78,111.79,112.02,112.00,111.58,111.85,111.95,111.51,111.60,112.46,112.14,112.53,112.60,112.88,112.22,112.26,112.43,112.84,111.96,112.40,111.93,112.45,112.24,112.17,112.48,112.15,112.27,112.21,112.27,112.78,112.23,112.64,112.98,113.24,112.67,112.15,112.63,112.89,112.51,112.35,112.34,113.07,111.67,112.55,111.84,111.38,111.38,111.09,111.71,110.96,112.45,112.24,112.30,113.03,112.22,112.59,112.46,113.11,116.46,116.30,116.54,116.22,116.05,116.30,116.81,116.71,115.49,115.70,115.07,117.04,116.84,118.90,117.35,117.03,117.10,117.32,117.60,117.62,116.79,117.58,116.76,117.32,117.35,116.70,117.12,117.60,132.65,132.53,133.17,140.05,139.33,140.34,142.43,142.29,140.44,140.57,141.07,140.84,140.83,140.70,140.69,141.29,140.54,141.20,141.28,140.94,140.65,142.82,143.12,141.32,140.73,140.68,140.95,141.30,140.01,140.43,140.87,142.97,143.52,143.19
Clase,0.046919028,0732,Transporte de pasajeros por carretera (S),98.63,98.63,98.63,100.06,100.06,102.32,102.47,102.47,102.47,102.47,111.44,111.44,111.44,111.44,111.44,115.82,111.63,111.63,111.63,111.63,111.63,111.63,111.63,111.63,111.63,111.63,111.63,112.14,112.14,112.14,112.14,112.14,112.14,112.14,112.14,112.14,112.14,112.14,112.14,112.11,112.11,112.11,112.11,112.11,112.11,112.11,112.11,112.11,112.11,112.11,112.11,112.35,112.35,112.35,112.35,112.35,112.35,112.35,112.35,112.35,112.35,112.35,112.35,112.35,112.35,112.35,112.35,112.37,112.86,112.39,112.39,112.86,112.84,112.84,112.84,112.84,116.23,116.09,116.09,116.09,116.09,116.09,116.09,116.09,116.09,116.09,116.09,117.40,117.88,119.71,117.76,117.76,117.76,117.76,117.76,117.76,117.76,117.76,117.76,118.30,118.30,118.30,118.30,118.30,134.45,134.45,134.45,141.94,141.94,141.94,143.55,143.76,142.37,142.37,142.37,142.37,142.37,142.37,142.37,142.37,142.37,142.37,142.37,142.16,142.16,143.78,143.78,142.16,142.16,142.16,142.16,142.16,142.16,142.16,142.16,143.27,144.25,144.25
Subclase,0.046919028,07321,Transporte de pasajeros por carretera,98.63,98.63,98.63,100.06,100.06,102.32,102.47,102.47,102.47,102.47,111.44,111.44,111.44,111.44,111.44,115.82,111.63,111.63,111.63,111.63,111.63,111.63,111.63,111.63,111.63,111.63,111.63,112.14,112.14,112.14,112.14,112.14,112.14,112.14,112.14,112.14,112.14,112.14,112.14,112.11,112.11,112.11,112.11,112.11,112.11,112.11,112.11,112.11,112.11,112.11,112.11,112.35,112.35,112.35,112.35,112.35,112.35,112.35,112.35,112.35,112.35,112.35,112.35,112.35,112.35,112.35,112.35,112.37,112.86,112.39,112.39,112.86,112.84,112.84,112.84,112.84,116.23,116.09,116.09,116.09,116.09,116.09,116.09,116.09,116.09,116.09,116.09,117.40,117.88,119.71,117.76,117.76,117.76,117.76,117.76,117.76,117.76,117.76,117.76,118.30,118.30,118.30,118.30,118.30,134.45,134.45,134.45,141.94,141.94,141.94,143.55,143.76,142.37,142.37,142.37,142.37,142.37,142.37,142.37,142.37,142.37,142.37,142.37,142.16,142.16,143.78,143.78,142.16,142.16,142.16,142.16,142.16,142.16,142.16,142.16,143.27,144.25,144.25
Producto,0.022020175,07321259,TRANSPORTE URBANO,98.06,98.06,98.06,98.06,98.06,98.06,98.06,98.06,98.06,98.06,117.67,117.67,117.67,117.67,117.67,117.67,117.67,117.67,117.67,117.67,117.67,117.67,117.67,117.67,117.67,117.67,117.67,117.67,117.67,117.67,117.67,117.67,117.67,117.67,117.67,117.67,117.67,117.67,117.67,117.67,117.67,117.67,117.67,117.67,117.67,117.67,117.67,117.67,117.67,117.67,117.67,117.67,117.67,117.67,117.67,117.67,117.67,117.67,117.67,117.67,117.67,117.67,117.67,117.67,117.67,117.67,117.67,117.67,117.67,117.67,117.67,117.67,117.67,117.67,117.67,117.67,117.67,117.67,117.67,117.67,117.67,117.67,117.67,117.67,117.67,117.67,117.67,117.67,117.67,117.67,117.67,117.67,117.67,117.67,117.67,117.67,117.67,117.67,117.67,117.67,117.67,117.67,117.67,117.67,152.97,152.97,152.97,152.97,152.97,152.97,152.97,152.97,152.97,152.97,152.97,152.97,152.97,152.97,152.97,152.97,152.97,152.97,152.97,152.97,152.97,152.97,152.97,152.97,152.97,152.97,152.97,152.97,152.97,152.97,152.97,152.97,152.97,152.97
Producto,0.012209546,07321260,TAXI URBANO,98.06,98.06,98.06,98.06,98.06,98.06,98.06,98.06,98.06,98.06,98.06,98.06,98.06,98.06,98.06,98.06,98.06,98.06,98.06,98.06,98.06,98.06,98.06,98.06,98.06,98.06,98.06,98.06,98.06,98.06,98.06,98.06,98.06,98.06,98.06,98.06,98.06,98.06,98.06,98.06,98.06,98.06,98.06,98.06,98.06,98.06,98.06,98.06,98.06,98.06,98.06,98.06,98.06,98.06,98.06,98.06,98.06,98.06,98.06,98.06,98.06,98.06,98.06,98.06,98.06,98.06,98.06,98.06,98.06,98.06,98.06,98.06,98.06,98.06,98.06,98.06,98.06,98.06,98.06,98.06,98.06,98.06,98.06,98.06,98.06,98.06,98.06,98.06,98.06,98.06,98.06,98.06,98.06,98.06,98.06,98.06,98.06,98.06,98.06,98.06,98.06,98.06,98.06,98.06,98.06,98.06,98.06,122.57,122.57,122.57,122.57,122.57,122.57,122.57,122.57,122.57,122.57,122.57,122.57,122.57,122.57,122.57,122.57,122.57,122.57,122.57,122.57,122.57,122.57,122.57,122.57,122.57,122.57,122.57,122.57,122.57,122.57,122.57
Producto,0.007498239,07321261,TRANSPORTE INTERURBANO,101.76,101.76,101.76,109.63,109.63,124.32,125.28,125.28,125.28,125.28,125.28,125.28,125.28,125.28,125.28,155.39,125.28,125.28,125.28,125.28,125.28,125.28,125.28,125.28,125.28,125.28,125.28,125.28,125.28,125.28,125.28,125.28,125.28,125.28,125.28,125.28,125.28,125.28,125.28,125.28,125.28,125.28,125.28,125.28,125.28,125.28,125.28,125.28,125.28,125.28,125.28,125.28,125.28,125.28,125.28,125.28,125.28,125.28,125.28,125.28,125.28,125.28,125.28,125.28,125.28,125.28,125.28,125.40,128.57,125.52,125.52,128.57,128.47,128.47,128.47,128.47,150.47,149.61,149.61,149.61,149.61,149.61,149.61,149.61,149.61,149.61,149.61,149.61,149.61,161.51,148.79,148.79,148.79,148.79,148.79,148.79,148.79,148.79,148.79,148.79,148.79,148.79,148.79,148.79,148.79,148.79,148.79,148.79,148.79,148.79,159.26,159.26,148.79,148.79,148.79,148.79,148.79,148.79,148.79,148.79,148.79,148.79,148.79,148.79,148.79,159.26,159.26,148.79,148.79,148.79,148.79,148.79,148.79,148.79,148.79,148.79,148.79,148.79
Producto,0.005191068,07321262,TRANSPORTE ESCOLAR,98.06,98.06,98.06,100.71,100.71,100.71,100.71,100.71,100.71,100.71,100.71,100.71,100.71,100.71,100.71,97.66,103.01,103.01,103.01,103.01,103.01,103.01,103.01,103.01,103.01,103.01,103.01,109.12,109.12,109.12,109.12,109.12,109.12,109.12,109.12,109.12,109.12,109.12,109.12,108.77,108.77,108.77,108.77,108.77,108.77,108.77,108.77,108.77,108.77,108.77,108.77,111.72,111.72,111.72,111.72,111.72,111.72,111.72,111.72,111.72,111.72,111.72,111.72,111.72,111.72,111.72,111.72,111.72,111.72,111.72,111.72,111.72,111.72,111.72,111.72,111.72,111.72,111.72,111.72,111.72,111.72,111.72,111.72,111.72,111.72,111.72,111.72,127.40,133.21,133.21,133.21,133.21,133.21,133.21,133.21,133.21,133.21,133.21,133.21,139.80,139.80,139.80,139.80,139.80,139.80,139.80,139.80,139.80,139.80,139.80,139.80,142.26,145.00,145.00,145.00,145.00,145.00,145.00,145.00,145.00,145.00,145.00,145.00,142.49,142.49,142.49,142.49,142.49,142.49,142.49,142.49,142.49,142.49,142.49,142.49,155.75,167.63,167.63
Clase,0.004546651,0733,Transporte de pasajeros por aire (S),128.05,120.09,121.16,117.84,113.59,122.66,119.29,127.72,127.61,131.33,135.19,130.04,126.49,116.45,121.46,116.08,96.88,108.08,115.37,115.71,121.26,120.72,110.51,117.11,119.39,108.64,110.87,120.11,112.17,121.91,123.46,130.45,114.22,115.29,119.33,129.43,107.88,118.51,107.14,120.42,115.49,113.66,121.29,113.27,116.21,114.64,116.17,128.61,115.24,125.26,133.39,133.99,120.05,107.47,119.10,125.42,116.15,112.32,112.18,129.87,95.74,117.13,99.77,88.54,88.54,81.43,96.57,77.81,102.87,108.68,110.18,117.07,97.68,106.66,103.40,119.33,121.92,121.00,126.87,119.24,114.97,121.09,133.63,131.25,101.22,106.49,91.07,108.59,92.45,99.89,107.91,100.00,101.78,107.12,113.88,114.46,94.26,113.40,93.30,94.29,95.09,78.98,89.28,101.01,90.53,87.61,103.37,95.58,78.15,102.78,116.12,107.91,95.18,98.24,110.45,104.84,104.62,101.58,101.15,115.95,97.64,113.59,115.65,112.30,105.02,120.30,127.77,121.49,107.12,105.78,112.41,120.98,89.48,99.83,110.52,136.00,126.30,118.17
Subclase,0.004546651,07331,Transporte de pasajeros por aire,128.05,120.09,121.16,117.84,113.59,122.66,119.29,127.72,127.61,131.33,135.19,130.04,126.49,116.45,121.46,116.08,96.88,108.08,115.37,115.71,121.26,120.72,110.51,117.11,119.39,108.64,110.87,120.11,112.17,121.91,123.46,130.45,114.22,115.29,119.33,129.43,107.88,118.51,107.14,120.42,115.49,113.66,121.29,113.27,116.21,114.64,116.17,128.61,115.24,125.26,133.39,133.99,120.05,107.47,119.10,125.42,116.15,112.32,112.18,129.87,95.74,117.13,99.77,88.54,88.54,81.43,96.57,77.81,102.87,108.68,110.18,117.07,97.68,106.66,103.40,119.33,121.92,121.00,126.87,119.24,114.97,121.09,133.63,131.25,101.22,106.49,91.07,108.59,92.45,99.89,107.91,100.00,101.78,107.12,113.88,114.46,94.26,113.40,93.30,94.29,95.09,78.98,89.28,101.01,90.53,87.61,103.37,95.58,78.15,102.78,116.12,107.91,95.18,98.24,110.45,104.84,104.62,101.58,101.15,115.95,97.64,113.59,115.65,112.30,105.02,120.30,127.77,121.49,107.12,105.78,112.41,120.98,89.48,99.83,110.52,136.00,126.30,118.17
Producto,0.004546651,07331263,VIAJE EN AVIÓN,128.05,120.09,121.16,117.84,113.59,122.66,119.29,127.72,127.61,131.33,135.19,130.04,126.49,116.45,121.46,116.08,96.88,108.08,115.37,115.71,121.26,120.72,110.51,117.11,119.39,108.64,110.87,120.11,112.17,121.91,123.46,130.45,114.22,115.29,119.33,129.43,107.88,118.51,107.14,120.42,115.49,113.66,121.29,113.27,116.21,114.64,116.17,128.61,115.24,125.26,133.39,133.99,120.05,107.47,119.10,125.42,116.15,112.32,112.18,129.87,95.74,117.13,99.77,88.54,88.54,81.43,96.57,77.81,102.87,108.68,110.18,117.07,97.68,106.66,103.40,119.33,121.92,121.00,126.87,119.24,114.97,121.09,133.63,131.25,101.22,106.49,91.07,108.59,92.45,99.89,107.91,100.00,101.78,107.12,113.88,114.46,94.26,113.40,93.30,94.29,95.09,78.98,89.28,101.01,90.53,87.61,103.37,95.58,78.15,102.78,116.12,107.91,95.18,98.24,110.45,104.84,104.62,101.58,101.15,115.95,97.64,113.59,115.65,112.30,105.02,120.30,127.77,121.49,107.12,105.78,112.41,120.98,89.48,99.83,110.52,136.00,126.30,118.17
División,0.047417885,08,Comunicaciones,94.93,94.95,94.34,94.34,94.34,94.17,93.97,93.70,93.37,93.39,91.18,91.15,91.16,90.94,90.94,91.13,90.97,92.28,91.76,91.36,91.36,91.32,91.28,91.39,91.39,91.39,91.39,91.86,91.86,90.33,90.50,90.57,90.47,90.55,90.16,90.10,90.18,90.03,89.90,90.18,90.41,90.29,89.95,89.92,97.73,89.95,89.80,89.52,92.12,91.80,91.85,91.85,91.66,91.24,91.03,91.38,91.14,91.71,91.40,91.73,91.54,95.25,95.20,95.54,94.98,94.68,94.33,94.21,94.04,94.20,94.05,93.92,93.90,93.92,93.94,93.92,93.87,93.84,93.86,93.74,93.64,93.61,93.62,91.34,89.11,91.86,92.18,92.14,92.14,92.19,92.00,92.03,92.04,91.96,91.89,91.86,91.78,91.77,91.77,91.80,91.80,91.82,91.69,91.64,92.07,92.07,91.92,91.78,91.88,92.47,92.38,95.44,95.48,95.48,95.06,95.00,94.23,94.69,95.24,95.24,95.28,95.34,95.42,94.96,94.96,94.99,95.00,94.78,94.78,94.85,94.82,94.84,95.77,95.64,95.87,95.87,95.99,95.84
Grupo,0.000194447,081,Servicios postales,98.06,98.06,101.21,101.21,101.21,101.21,101.21,101.21,101.21,101.21,101.21,101.21,101.21,101.21,101.21,105.19,104.38,104.38,104.38,104.38,104.38,102.95,102.95,102.95,102.95,102.95,102.95,102.95,102.95,102.95,105.63,110.44,110.44,110.44,110.44,110.44,110.44,110.44,110.44,110.44,104.41,104.41,104.41,102.12,102.12,102.12,102.12,102.12,102.12,102.12,97.00,97.00,97.00,97.00,97.00,97.00,97.00,97.00,97.00,101.77,101.77,101.77,101.77,101.77,101.77,101.77,101.77,101.77,103.72,107.08,107.08,108.28,104.89,104.89,108.28,104.89,104.89,100.18,96.14,103.42,105.41,98.28,98.28,98.28,100.47,100.47,100.47,100.47,100.47,100.47,100.47,100.47,100.47,100.47,100.47,100.47,100.72,100.72,100.72,100.72,100.72,100.72,100.72,102.66,102.66,102.66,102.66,102.66,102.66,105.98,105.98,116.93,113.42,113.42,113.42,113.42,113.42,113.42,113.42,113.42,113.42,113.42,113.42,113.42,114.95,114.95,114.95,114.95,114.95,119.50,119.50,119.50,119.50,120.25,120.25,120.25,120.25,120.25
Clase,0.000194447,0810,Servicios postales (S),98.06,98.06,101.21,101.21,101.21,101.21,101.21,101.21,101.21,101.21,101.21,101.21,101.21,101.21,101.21,105.19,104.38,104.38,104.38,104.38,104.38,102.95,102.95,102.95,102.95,102.95,102.95,102.95,102.95,102.95,105.63,110.44,110.44,110.44,110.44,110.44,110.44,110.44,110.44,110.44,104.41,104.41,104.41,102.12,102.12,102.12,102.12,102.12,102.12,102.12,97.00,97.00,97.00,97.00,97.00,97.00,97.00,97.00,97.00,101.77,101.77,101.77,101.77,101.77,101.77,101.77,101.77,101.77,103.72,107.08,107.08,108.28,104.89,104.89,108.28,104.89,104.89,100.18,96.14,103.42,105.41,98.28,98.28,98.28,100.47,100.47,100.47,100.47,100.47,100.47,100.47,100.47,100.47,100.47,100.47,100.47,100.72,100.72,100.72,100.72,100.72,100.72,100.72,102.66,102.66,102.66,102.66,102.66,102.66,105.98,105.98,116.93,113.42,113.42,113.42,113.42,113.42,113.42,113.42,113.42,113.42,113.42,113.42,113.42,114.95,114.95,114.95,114.95,114.95,119.50,119.50,119.50,119.50,120.25,120.25,120.25,120.25,120.25
Subclase,0.000194447,08101,Servicios postales,98.06,98.06,101.21,101.21,101.21,101.21,101.21,101.21,101.21,101.21,101.21,101.21,101.21,101.21,101.21,105.19,104.38,104.38,104.38,104.38,104.38,102.95,102.95,102.95,102.95,102.95,102.95,102.95,102.95,102.95,105.63,110.44,110.44,110.44,110.44,110.44,110.44,110.44,110.44,110.44,104.41,104.41,104.41,102.12,102.12,102.12,102.12,102.12,102.12,102.12,97.00,97.00,97.00,97.00,97.00,97.00,97.00,97.00,97.00,101.77,101.77,101.77,101.77,101.77,101.77,101.77,101.77,101.77,103.72,107.08,107.08,108.28,104.89,104.89,108.28,104.89,104.89,100.18,96.14,103.42,105.41,98.28,98.28,98.28,100.47,100.47,100.47,100.47,100.47,100.47,100.47,100.47,100.47,100.47,100.47,100.47,100.72,100.72,100.72,100.72,100.72,100.72,100.72,102.66,102.66,102.66,102.66,102.66,102.66,105.98,105.98,116.93,113.42,113.42,113.42,113.42,113.42,113.42,113.42,113.42,113.42,113.42,113.42,113.42,114.95,114.95,114.95,114.95,114.95,119.50,119.50,119.50,119.50,120.25,120.25,120.25,120.25,120.25
Producto,0.000194447,08101264,ENVÍO DE PAQUETE,98.06,98.06,101.21,101.21,101.21,101.21,101.21,101.21,101.21,101.21,101.21,101.21,101.21,101.21,101.21,105.19,104.38,104.38,104.38,104.38,104.38,102.95,102.95,102.95,102.95,102.95,102.95,102.95,102.95,102.95,105.63,110.44,110.44,110.44,110.44,110.44,110.44,110.44,110.44,110.44,104.41,104.41,104.41,102.12,102.12,102.12,102.12,102.12,102.12,102.12,97.00,97.00,97.00,97.00,97.00,97.00,97.00,97.00,97.00,101.77,101.77,101.77,101.77,101.77,101.77,101.77,101.77,101.77,103.72,107.08,107.08,108.28,104.89,104.89,108.28,104.89,104.89,100.18,96.14,103.42,105.41,98.28,98.28,98.28,100.47,100.47,100.47,100.47,100.47,100.47,100.47,100.47,100.47,100.47,100.47,100.47,100.72,100.72,100.72,100.72,100.72,100.72,100.72,102.66,102.66,102.66,102.66,102.66,102.66,105.98,105.98,116.93,113.42,113.42,113.42,113.42,113.42,113.42,113.42,113.42,113.42,113.42,113.42,113.42,114.95,114.95,114.95,114.95,114.95,119.50,119.50,119.50,119.50,120.25,120.25,120.25,120.25,120.25
Grupo,0.003895254,082,Equipo telefónico y de facsímile,79.11,79.28,72.48,72.48,72.48,70.72,68.54,65.53,62.03,62.17,60.41,60.04,57.93,55.52,55.52,57.44,55.76,56.25,55.17,54.95,55.01,54.64,54.15,55.39,55.39,55.39,55.39,58.35,58.35,57.58,57.21,56.34,55.28,56.08,51.84,51.26,49.76,49.60,48.14,51.14,51.14,49.28,45.65,45.40,44.89,45.74,44.06,41.03,41.03,37.52,37.52,37.52,35.50,30.94,36.61,37.39,34.73,39.81,36.41,39.82,37.72,37.41,36.90,40.58,40.87,37.61,40.63,39.36,37.50,39.01,37.42,35.82,35.76,36.00,36.00,34.50,34.01,33.87,33.42,32.58,31.36,31.36,31.50,30.62,31.25,31.39,31.39,30.98,31.07,31.54,29.46,29.78,29.92,29.11,28.28,27.93,27.04,26.95,26.95,27.34,27.34,27.52,26.10,25.45,25.07,25.07,23.53,21.95,23.04,23.93,22.81,22.19,22.06,22.06,22.06,21.37,21.37,19.53,19.49,19.49,18.66,19.36,20.18,21.65,21.63,21.94,22.07,19.64,19.64,20.17,19.87,20.15,19.91,20.10,22.53,22.53,23.89,23.89
Clase,0.003895254,0820,Equipo telefónico y de facsímile (D),79.11,79.28,72.48,72.48,72.48,70.72,68.54,65.53,62.03,62.17,60.41,60.04,57.93,55.52,55.52,57.44,55.76,56.25,55.17,54.95,55.01,54.64,54.15,55.39,55.39,55.39,55.39,58.35,58.35,57.58,57.21,56.34,55.28,56.08,51.84,51.26,49.76,49.60,48.14,51.14,51.14,49.28,45.65,45.40,44.89,45.74,44.06,41.03,41.03,37.52,37.52,37.52,35.50,30.94,36.61,37.39,34.73,39.81,36.41,39.82,37.72,37.41,36.90,40.58,40.87,37.61,40.63,39.36,37.50,39.01,37.42,35.82,35.76,36.00,36.00,34.50,34.01,33.87,33.42,32.58,31.36,31.36,31.50,30.62,31.25,31.39,31.39,30.98,31.07,31.54,29.46,29.78,29.92,29.11,28.28,27.93,27.04,26.95,26.95,27.34,27.34,27.52,26.10,25.45,25.07,25.07,23.53,21.95,23.04,23.93,22.81,22.19,22.06,22.06,22.06,21.37,21.37,19.53,19.49,19.49,18.66,19.36,20.18,21.65,21.63,21.94,22.07,19.64,19.64,20.17,19.87,20.15,19.91,20.10,22.53,22.53,23.89,23.89
Subclase,0.003895254,08201,Equipo telefónico y de facsímile,79.11,79.28,72.48,72.48,72.48,70.72,68.54,65.53,62.03,62.17,60.41,60.04,57.93,55.52,55.52,57.44,55.76,56.25,55.17,54.95,55.01,54.64,54.15,55.39,55.39,55.39,55.39,58.35,58.35,57.58,57.21,56.34,55.28,56.08,51.84,51.26,49.76,49.60,48.14,51.14,51.14,49.28,45.65,45.40,44.89,45.74,44.06,41.03,41.03,37.52,37.52,37.52,35.50,30.94,36.61,37.39,34.73,39.81,36.41,39.82,37.72,37.41,36.90,40.58,40.87,37.61,40.63,39.36,37.50,39.01,37.42,35.82,35.76,36.00,36.00,34.50,34.01,33.87,33.42,32.58,31.36,31.36,31.50,30.62,31.25,31.39,31.39,30.98,31.07,31.54,29.46,29.78,29.92,29.11,28.28,27.93,27.04,26.95,26.95,27.34,27.34,27.52,26.10,25.45,25.07,25.07,23.53,21.95,23.04,23.93,22.81,22.19,22.06,22.06,22.06,21.37,21.37,19.53,19.49,19.49,18.66,19.36,20.18,21.65,21.63,21.94,22.07,19.64,19.64,20.17,19.87,20.15,19.91,20.10,22.53,22.53,23.89,23.89
Producto,0.003895254,08201265,TELÉFONO CELULAR,79.11,79.28,72.48,72.48,72.48,70.72,68.54,65.53,62.03,62.17,60.41,60.04,57.93,55.52,55.52,57.44,55.76,56.25,55.17,54.95,55.01,54.64,54.15,55.39,55.39,55.39,55.39,58.35,58.35,57.58,57.21,56.34,55.28,56.08,51.84,51.26,49.76,49.60,48.14,51.14,51.14,49.28,45.65,45.40,44.89,45.74,44.06,41.03,41.03,37.52,37.52,37.52,35.50,30.94,36.61,37.39,34.73,39.81,36.41,39.82,37.72,37.41,36.90,40.58,40.87,37.61,40.63,39.36,37.50,39.01,37.42,35.82,35.76,36.00,36.00,34.50,34.01,33.87,33.42,32.58,31.36,31.36,31.50,30.62,31.25,31.39,31.39,30.98,31.07,31.54,29.46,29.78,29.92,29.11,28.28,27.93,27.04,26.95,26.95,27.34,27.34,27.52,26.10,25.45,25.07,25.07,23.53,21.95,23.04,23.93,22.81,22.19,22.06,22.06,22.06,21.37,21.37,19.53,19.49,19.49,18.66,19.36,20.18,21.65,21.63,21.94,22.07,19.64,19.64,20.17,19.87,20.15,19.91,20.10,22.53,22.53,23.89,23.89
Grupo,0.043328184,083,Servicios telefónicos y de facsímile,96.53,96.53,96.53,96.53,96.53,96.53,96.53,96.53,96.53,96.53,94.27,94.27,94.50,94.50,94.50,94.50,94.50,95.89,95.43,95.00,95.00,95.00,95.00,95.00,95.00,95.00,95.00,95.22,95.22,93.61,93.82,93.96,93.96,93.96,93.96,93.96,94.20,94.06,94.06,94.06,94.35,94.40,94.40,94.40,103.08,94.40,94.40,94.40,97.27,97.27,97.35,97.35,97.35,97.35,96.54,96.85,96.85,96.97,96.97,96.97,96.97,101.10,101.10,101.10,100.45,100.45,99.75,99.75,99.75,99.75,99.75,99.77,99.77,99.77,99.77,99.91,99.91,99.91,100.00,99.92,99.92,99.92,99.92,97.49,94.95,97.97,98.32,98.32,98.32,98.32,98.32,98.32,98.32,98.32,98.32,98.32,98.32,98.32,98.32,98.32,98.32,98.32,98.32,98.32,98.84,98.84,98.83,98.83,98.83,99.38,99.39,102.79,102.87,102.87,102.41,102.41,101.56,102.26,102.86,102.86,102.99,102.99,102.99,102.33,102.33,102.33,102.33,102.33,102.33,102.33,102.33,102.33,103.38,103.22,103.22,103.22,103.22,103.05
Clase,0.043328184,0830,Servicios telefónicos y de facsímile (S),96.53,96.53,96.53,96.53,96.53,96.53,96.53,96.53,96.53,96.53,94.27,94.27,94.50,94.50,94.50,94.50,94.50,95.89,95.43,95.00,95.00,95.00,95.00,95.00,95.00,95.00,95.00,95.22,95.22,93.61,93.82,93.96,93.96,93.96,93.96,93.96,94.20,94.06,94.06,94.06,94.35,94.40,94.40,94.40,103.08,94.40,94.40,94.40,97.27,97.27,97.35,97.35,97.35,97.35,96.54,96.85,96.85,96.97,96.97,96.97,96.97,101.10,101.10,101.10,100.45,100.45,99.75,99.75,99.75,99.75,99.75,99.77,99.77,99.77,99.77,99.91,99.91,99.91,100.00,99.92,99.92,99.92,99.92,97.49,94.95,97.97,98.32,98.32,98.32,98.32,98.32,98.32,98.32,98.32,98.32,98.32,98.32,98.32,98.32,98.32,98.32,98.32,98.32,98.32,98.84,98.84,98.83,98.83,98.83,99.38,99.39,102.79,102.87,102.87,102.41,102.41,101.56,102.26,102.86,102.86,102.99,102.99,102.99,102.33,102.33,102.33,102.33,102.33,102.33,102.33,102.33,102.33,103.38,103.22,103.22,103.22,103.22,103.05
Subclase,0.028372936,08301,Servicios telefónicos,96.73,96.73,96.73,96.73,96.73,96.73,96.73,96.73,96.73,96.73,93.37,93.37,93.69,93.69,93.69,93.69,93.69,95.18,95.18,95.18,95.18,95.18,95.18,95.18,95.18,95.18,95.18,95.51,95.51,93.47,93.79,94.00,94.00,94.00,94.00,94.00,94.00,93.79,93.79,93.79,94.22,94.29,94.29,94.29,107.19,94.29,94.29,94.29,98.56,98.56,98.56,98.56,98.56,98.56,98.56,98.56,98.56,98.56,98.56,98.56,98.56,104.70,104.70,104.70,103.74,103.74,102.70,102.70,102.70,102.70,102.70,102.94,102.94,102.94,102.94,102.94,102.94,102.94,103.06,103.06,103.06,103.06,103.06,99.46,95.68,98.86,99.38,99.38,99.38,99.38,99.38,99.38,99.38,99.38,99.38,99.38,99.38,99.38,99.38,99.38,99.38,99.38,99.38,99.38,99.38,99.38,99.38,99.38,99.38,100.20,100.20,102.89,102.89,102.89,102.89,102.89,102.89,102.89,103.78,103.78,103.78,103.78,103.78,103.78,103.78,103.78,103.78,103.78,103.78,103.78,103.78,103.78,103.78,103.78,103.78,103.78,103.78,103.78
Producto,0.014233903,08301266,SERVICIO DE TELEFONÍA CELULAR,95.62,95.62,95.62,95.62,95.62,95.62,95.62,95.62,95.62,95.62,89.47,89.47,90.06,90.06,90.06,90.06,90.06,91.26,91.26,91.26,91.26,91.26,91.26,91.26,91.26,91.26,91.26,91.85,91.85,89.66,90.24,90.63,90.63,90.63,90.63,90.63,90.63,90.24,90.24,90.24,91.02,91.16,91.16,91.16,91.16,91.16,91.16,91.16,98.98,98.98,98.98,98.98,98.98,98.98,98.98,98.98,98.98,98.98,98.98,98.98,98.98,110.23,110.23,110.23,108.46,108.46,106.56,106.56,106.56,106.56,106.56,106.99,106.99,106.99,106.99,106.99,106.99,106.99,107.22,107.22,107.22,107.22,107.22,100.62,93.71,99.52,100.47,100.47,100.47,100.47,100.47,100.47,100.47,100.47,100.47,100.47,100.47,100.47,100.47,100.47,100.47,100.47,100.47,100.47,100.47,100.47,100.47,100.47,100.47,101.97,101.97,104.71,104.71,104.71,104.71,104.71,104.71,104.71,106.36,106.36,106.36,106.36,106.36,106.36,106.36,106.36,106.36,106.36,106.36,106.36,106.36,106.36,106.36,106.36,106.36,106.36,106.36,106.36
Producto,0.014139033,08301267,SERVICIO DE TELEFONÍA RESIDENCIAL,98.06,98.06,98.06,98.06,98.06,98.06,98.06,98.06,98.06,98.06,98.06,98.06,98.06,98.06,98.06,98.06,98.06,99.90,99.90,99.90,99.90,99.90,99.90,99.90,99.90,99.90,99.90,99.90,99.90,98.06,98.06,98.06,98.06,98.06,98.06,98.06,98.06,98.06,98.06,98.06,98.06,98.06,98.06,98.06,126.46,98.06,98.06,98.06,98.06,98.06,98.06,98.06,98.06,98.06,98.06,98.06,98.06,98.06,98.06,98.06,98.06,98.06,98.06,98.06,98.06,98.06,98.06,98.06,98.06,98.06,98.06,98.06,98.06,98.06,98.06,98.06,98.06,98.06,98.06,98.06,98.06,98.06,98.06,98.06,98.06,98.06,98.06,98.06,98.06,98.06,98.06,98.06,98.06,98.06,98.06,98.06,98.06,98.06,98.06,98.06,98.06,98.06,98.06,98.06,98.06,98.06,98.06,98.06,98.06,98.06,98.06,100.69,100.69,100.69,100.69,100.69,100.69,100.69,100.69,100.69,100.69,100.69,100.69,100.69,100.69,100.69,100.69,100.69,100.69,100.69,100.69,100.69,100.69,100.69,100.69,100.69,100.69,100.69
Subclase,0.014955248,08302,Servicios de alquiler de teléfono e internet,96.12,96.12,96.12,96.12,96.12,96.12,96.12,96.12,96.12,96.12,96.12,96.12,96.16,96.16,96.16,96.16,96.16,97.35,95.93,94.63,94.63,94.63,94.63,94.63,94.63,94.63,94.63,94.63,94.63,93.89,93.89,93.89,93.89,93.89,93.89,93.89,94.61,94.61,94.61,94.61,94.61,94.61,94.61,94.61,94.61,94.61,94.61,94.61,94.61,94.61,94.85,94.85,94.85,94.85,92.37,93.30,93.30,93.67,93.67,93.67,93.67,93.67,93.67,93.67,93.67,93.67,93.67,93.67,93.67,93.67,93.67,93.23,93.23,93.23,93.23,93.67,93.67,93.67,93.67,93.42,93.42,93.42,93.42,93.42,93.42,96.14,96.14,96.14,96.14,96.14,96.14,96.14,96.14,96.14,96.14,96.14,96.14,96.14,96.14,96.14,96.14,96.14,96.14,96.14,97.74,97.74,97.71,97.71,97.71,97.71,97.74,102.60,102.85,102.85,101.42,101.42,98.83,100.96,100.96,100.96,101.36,101.36,101.36,99.34,99.34,99.34,99.34,99.34,99.34,99.34,99.34,99.34,102.54,102.05,102.05,102.05,102.05,101.55
Producto,0.001101015,08302268,SERVICIO DE ALQUILER DE TELÉFONO,98.06,98.06,98.06,98.06,98.06,98.06,98.06,98.06,98.06,98.06,98.06,98.06,98.06,98.06,98.06,98.06,98.06,103.66,104.89,104.89,104.89,104.89,104.89,104.89,104.89,104.89,104.89,104.89,104.89,104.89,104.89,104.89,104.89,104.89,104.89,104.89,104.89,104.89,104.89,104.89,104.89,104.89,104.89,104.89,104.89,104.89,104.89,104.89,104.89,104.89,104.89,104.89,104.89,104.89,104.89,104.89,104.89,104.89,104.89,104.89,104.89,104.89,104.89,104.89,104.89,104.89,104.89,104.89,104.89,104.89,104.89,104.89,104.89,104.89,104.89,104.89,104.89,104.89,104.89,104.89,104.89,104.89,104.89,104.89,104.89,104.89,104.89,104.89,104.89,104.89,104.89,104.89,104.89,104.89,104.89,104.89,104.89,104.89,104.89,104.89,104.89,104.89,104.89,104.89,104.89,104.89,104.89,104.89,104.89,104.89,104.89,104.89,104.89,104.89,104.89,104.89,104.89,104.89,104.89,104.89,108.78,108.78,108.78,108.78,108.78,108.78,108.78,108.78,108.78,108.78,108.78,108.78,108.78,108.78,108.78,108.78,108.78,103.93
Producto,0.013854233,08302269,SERVICIO DE INTERNET,95.90,95.90,95.90,95.90,95.90,95.90,95.90,95.90,95.90,95.90,95.90,95.90,95.94,95.94,95.94,95.94,95.94,96.63,94.90,93.45,93.45,93.45,93.45,93.45,93.45,93.45,93.45,93.45,93.45,92.63,92.63,92.63,92.63,92.63,92.63,92.63,93.43,93.43,93.43,93.43,93.43,93.43,93.43,93.43,93.43,93.43,93.43,93.43,93.43,93.43,93.70,93.70,93.70,93.70,90.94,91.97,91.97,92.38,92.38,92.38,92.38,92.38,92.38,92.38,92.38,92.38,92.38,92.38,92.38,92.38,92.38,91.89,91.89,91.89,91.89,92.38,92.38,92.38,92.38,92.11,92.11,92.11,92.11,92.11,92.11,95.13,95.13,95.13,95.13,95.13,95.13,95.13,95.13,95.13,95.13,95.13,95.13,95.13,95.13,95.13,95.13,95.13,95.13,95.13,96.92,96.92,96.88,96.88,96.88,96.88,96.92,102.34,102.61,102.61,101.02,101.02,98.13,100.51,100.51,100.51,100.51,100.51,100.51,98.25,98.25,98.25,98.25,98.25,98.25,98.25,98.25,98.25,101.82,101.27,101.27,101.27,101.27,101.27
División,0.053029494,09,Recreación y cultura,103.29,102.32,102.76,103.75,105.44,105.44,104.93,104.50,108.94,107.51,104.83,104.76,103.46,107.76,107.50,106.48,105.55,106.46,103.26,105.37,105.10,106.46,106.16,109.22,105.63,113.13,112.48,116.86,127.31,109.56,106.70,106.06,109.00,110.40,110.18,115.16,116.01,113.45,107.38,115.56,115.18,105.85,102.75,105.45,108.39,112.54,105.40,110.96,110.50,106.22,107.24,103.66,105.35,105.68,102.65,103.58,103.74,104.74,108.86,109.32,108.55,97.72,98.07,98.19,98.20,97.30,97.29,97.31,96.68,96.98,97.40,97.38,97.47,97.24,97.02,96.79,96.85,95.87,96.60,97.01,97.43,97.26,96.29,96.48,96.41,93.99,92.94,91.73,92.93,93.20,93.14,93.89,94.32,93.11,94.15,94.24,93.91,96.60,93.14,93.70,93.09,92.28,92.61,93.01,92.56,92.96,90.52,91.80,91.86,91.99,94.84,95.35,95.67,96.27,96.32,97.23,94.98,95.01,94.68,94.59,94.81,94.50,95.76,94.76,93.70,92.95,93.85,92.41,96.84,92.59,96.48,94.13,93.85,94.66,94.13,93.47,93.72,93.16
Grupo,0.015074607,091,"Equipo audiovisual, fotográfico y de procesamiento de información",96.60,94.86,96.72,101.45,101.42,101.83,103.30,103.50,102.93,103.77,98.39,97.94,96.70,96.88,96.68,98.37,97.37,98.29,97.73,97.98,97.91,96.83,96.55,96.64,95.31,94.38,94.25,93.88,90.63,90.39,89.86,89.61,89.10,89.61,87.27,86.66,87.01,87.40,87.56,85.47,83.83,83.65,82.58,81.54,80.13,79.94,79.86,76.93,76.09,75.37,75.40,74.98,74.14,74.77,74.73,74.01,72.57,73.36,73.96,73.24,72.91,71.20,73.45,74.27,74.59,73.32,73.93,74.53,73.70,73.94,73.34,73.75,74.35,74.47,73.49,73.29,73.25,72.10,72.64,72.56,72.92,72.72,69.25,68.94,69.65,69.25,68.47,67.07,66.92,66.07,65.00,65.90,65.56,65.51,64.75,64.47,64.66,64.49,63.96,63.33,61.83,60.92,59.56,59.88,58.95,59.30,58.15,58.61,57.74,58.42,59.27,60.55,59.07,59.90,59.99,61.11,61.32,60.99,61.29,61.63,60.84,60.81,62.38,61.55,61.25,61.59,61.46,59.82,59.75,59.62,59.41,58.76,58.49,59.02,59.28,59.45,62.28,62.21
Clase,0.006460407,0911,"Equipo para la recepción, grabación y reproducción de sonidos e imágenes (D)",93.72,92.95,95.51,104.03,103.24,104.08,105.69,104.98,103.24,106.27,95.26,94.15,92.27,93.67,93.44,93.80,93.64,96.24,93.79,94.11,93.44,91.75,91.32,90.81,90.41,87.93,87.61,86.78,83.53,84.31,83.29,83.28,83.01,82.41,80.69,79.22,79.88,80.92,81.19,78.01,77.66,76.41,74.20,73.76,70.66,69.98,70.21,66.02,66.13,65.08,65.08,63.68,62.37,61.09,61.13,60.15,57.57,58.41,60.57,59.02,57.54,58.21,57.90,59.40,61.14,58.17,59.08,59.28,56.95,56.93,57.00,57.37,58.96,59.20,58.21,60.24,60.21,57.55,59.82,59.19,60.06,59.81,61.71,59.22,59.41,61.00,60.86,60.61,60.20,59.68,57.50,58.67,58.05,56.84,55.01,54.89,55.12,55.15,54.05,53.24,52.83,51.32,48.90,49.10,49.53,49.49,48.09,48.48,47.27,49.15,48.89,51.43,48.51,49.96,50.18,51.10,51.58,50.89,51.48,51.26,51.66,52.06,54.89,53.87,53.69,54.81,55.24,55.14,55.14,55.72,55.47,54.47,55.34,55.54,56.18,56.39,58.15,58.07
Subclase,0.006460407,09111,"Equipo para la recepción, grabación y reproducción de sonidos e imágenes",93.72,92.95,95.51,104.03,103.24,104.08,105.69,104.98,103.24,106.27,95.26,94.15,92.27,93.67,93.44,93.80,93.64,96.24,93.79,94.11,93.44,91.75,91.32,90.81,90.41,87.93,87.61,86.78,83.53,84.31,83.29,83.28,83.01,82.41,80.69,79.22,79.88,80.92,81.19,78.01,77.66,76.41,74.20,73.76,70.66,69.98,70.21,66.02,66.13,65.08,65.08,63.68,62.37,61.09,61.13,60.15,57.57,58.41,60.57,59.02,57.54,58.21,57.90,59.40,61.14,58.17,59.08,59.28,56.95,56.93,57.00,57.37,58.96,59.20,58.21,60.24,60.21,57.55,59.82,59.19,60.06,59.81,61.71,59.22,59.41,61.00,60.86,60.61,60.20,59.68,57.50,58.67,58.05,56.84,55.01,54.89,55.12,55.15,54.05,53.24,52.83,51.32,48.90,49.10,49.53,49.49,48.09,48.48,47.27,49.15,48.89,51.43,48.51,49.96,50.18,51.10,51.58,50.89,51.48,51.26,51.66,52.06,54.89,53.87,53.69,54.81,55.24,55.14,55.14,55.72,55.47,54.47,55.34,55.54,56.18,56.39,58.15,58.07
Producto,0.001768946,09111270,REPRODUCTOR DE SONIDO,96.82,94.52,97.31,107.69,107.15,111.90,115.82,109.29,109.29,114.63,100.39,100.13,98.41,98.43,98.81,98.81,95.31,100.06,99.06,99.06,97.10,97.10,97.11,97.11,97.11,97.11,95.41,94.70,93.80,94.26,92.77,92.77,93.60,92.40,90.25,88.39,89.48,89.56,90.52,88.02,87.14,87.72,83.95,85.75,85.05,83.37,83.04,77.46,76.89,76.40,77.64,76.38,76.38,75.52,74.68,71.68,68.68,69.46,74.91,70.88,68.94,69.76,68.56,73.30,77.75,70.04,68.32,68.32,63.22,61.25,61.03,61.08,64.35,64.97,63.39,67.75,67.63,61.41,65.53,66.56,66.52,66.52,71.40,67.54,68.40,70.01,70.01,69.90,69.68,68.48,66.36,66.78,67.58,65.59,63.02,64.14,64.35,64.88,62.15,61.18,61.28,56.99,52.41,53.86,54.75,54.75,52.94,52.99,50.05,54.14,53.14,59.06,52.29,53.45,54.07,57.72,58.24,55.44,55.08,53.77,53.70,53.67,59.66,57.93,55.95,57.45,57.39,56.51,55.62,55.82,54.37,51.09,52.35,51.37,51.47,50.53,52.51,52.28
Producto,0.000986934,09111271,REPRODUCTOR DE VIDEO,109.39,109.39,111.83,118.45,115.40,115.40,116.55,116.54,116.54,108.42,108.42,104.49,101.88,104.56,105.13,105.15,105.13,109.25,106.06,106.06,106.06,106.06,106.06,106.06,106.06,93.14,93.14,93.14,93.14,92.32,91.99,92.48,92.16,90.73,90.73,90.73,90.73,90.73,90.73,88.05,88.05,83.47,82.26,82.26,64.73,68.69,68.07,68.07,68.07,68.07,68.07,68.07,68.07,68.07,68.07,68.07,68.07,68.07,68.07,68.07,68.07,68.07,68.07,68.07,68.07,68.07,67.07,67.07,67.07,67.67,68.86,70.19,70.19,70.19,70.19,70.19,70.19,67.98,68.73,68.73,70.56,70.10,70.79,70.79,70.79,70.79,70.79,70.79,70.79,70.79,70.79,70.79,70.79,70.79,70.79,70.79,70.79,70.79,70.79,70.79,70.79,70.79,70.79,70.79,70.79,70.79,70.79,70.79,70.79,70.79,70.79,72.52,74.29,76.10,77.96,79.87,81.82,83.81,85.86,87.96,90.10,92.31,94.56,96.87,99.23,101.66,104.14,106.68,109.29,111.96,114.69,117.49,120.36,123.30,126.31,129.40,132.56,135.79
Producto,0.003704527,09111272,TELEVISOR,83.87,84.15,86.57,94.20,94.20,91.81,91.49,95.84,91.71,97.60,84.64,84.02,82.31,84.42,83.26,84.11,86.96,86.90,83.46,84.20,84.44,80.41,79.38,78.17,77.24,77.12,77.95,76.63,69.77,71.56,70.65,70.42,69.15,69.49,67.37,65.61,66.18,68.57,68.34,64.29,64.27,62.82,61.60,58.89,60.04,58.21,59.34,54.54,55.34,53.30,52.15,49.99,46.88,44.67,45.54,45.96,42.63,43.89,44.00,44.02,42.32,43.14,43.52,42.70,42.72,42.80,46.98,47.46,46.64,48.16,47.98,48.22,48.97,48.97,48.08,48.88,48.92,49.32,50.57,48.13,49.41,49.02,48.71,46.39,46.02,48.32,47.99,47.50,46.72,46.61,43.38,45.79,43.56,42.53,40.56,39.25,39.60,39.18,39.10,38.07,37.00,37.39,35.89,35.01,35.23,35.13,33.47,34.35,34.21,34.87,35.18,34.98,33.51,35.07,34.19,32.14,31.91,31.98,32.81,32.54,32.60,32.60,32.76,30.91,31.26,31.44,31.42,30.84,30.50,30.51,30.02,29.43,29.04,29.12,29.20,29.18,30.10,28.70
Clase,0.000849568,0912,Equipo fotográfico y cinematográfico e instrumentos ópticos (D),89.79,79.01,82.35,85.44,85.44,85.44,85.44,85.44,86.08,86.08,84.42,85.69,84.06,84.13,86.71,86.71,86.71,86.99,86.99,86.99,83.45,81.48,82.67,82.35,82.35,82.22,84.83,84.83,91.37,87.84,79.27,79.27,79.27,79.27,79.27,79.27,79.27,79.27,77.84,77.84,73.95,73.95,73.95,71.25,71.25,71.25,71.25,71.85,71.85,71.85,71.85,71.85,71.85,71.85,71.85,71.85,71.85,71.85,71.85,71.85,71.85,71.85,71.85,71.85,71.85,71.85,71.85,71.85,71.85,71.85,65.59,65.59,65.59,65.59,66.51,66.51,66.51,66.51,66.51,66.51,66.51,66.51,66.51,66.51,66.51,66.51,66.51,66.51,66.51,66.51,66.51,66.51,66.51,66.51,66.51,66.51,66.51,66.51,66.51,66.51,66.51,66.51,66.51,66.51,66.51,66.51,66.51,66.51,66.51,66.51,66.51,66.51,66.51,66.51,66.51,66.51,66.51,66.51,66.51,66.51,66.51,66.51,66.51,66.51,66.51,66.51,66.51,66.51,66.51,66.51,66.51,66.51,66.51,66.51,66.51,66.51,66.51,66.51
Subclase,0.000849568,09121,Equipos fotográficos ,89.79,79.01,82.35,85.44,85.44,85.44,85.44,85.44,86.08,86.08,84.42,85.69,84.06,84.13,86.71,86.71,86.71,86.99,86.99,86.99,83.45,81.48,82.67,82.35,82.35,82.22,84.83,84.83,91.37,87.84,79.27,79.27,79.27,79.27,79.27,79.27,79.27,79.27,77.84,77.84,73.95,73.95,73.95,71.25,71.25,71.25,71.25,71.85,71.85,71.85,71.85,71.85,71.85,71.85,71.85,71.85,71.85,71.85,71.85,71.85,71.85,71.85,71.85,71.85,71.85,71.85,71.85,71.85,71.85,71.85,65.59,65.59,65.59,65.59,66.51,66.51,66.51,66.51,66.51,66.51,66.51,66.51,66.51,66.51,66.51,66.51,66.51,66.51,66.51,66.51,66.51,66.51,66.51,66.51,66.51,66.51,66.51,66.51,66.51,66.51,66.51,66.51,66.51,66.51,66.51,66.51,66.51,66.51,66.51,66.51,66.51,66.51,66.51,66.51,66.51,66.51,66.51,66.51,66.51,66.51,66.51,66.51,66.51,66.51,66.51,66.51,66.51,66.51,66.51,66.51,66.51,66.51,66.51,66.51,66.51,66.51,66.51,66.51
Producto,0.000849568,09121273,CÁMARA FOTOGRÁFICA,89.79,79.01,82.35,85.44,85.44,85.44,85.44,85.44,86.08,86.08,84.42,85.69,84.06,84.13,86.71,86.71,86.71,86.99,86.99,86.99,83.45,81.48,82.67,82.35,82.35,82.22,84.83,84.83,91.37,87.84,79.27,79.27,79.27,79.27,79.27,79.27,79.27,79.27,77.84,77.84,73.95,73.95,73.95,71.25,71.25,71.25,71.25,71.85,71.85,71.85,71.85,71.85,71.85,71.85,71.85,71.85,71.85,71.85,71.85,71.85,71.85,71.85,71.85,71.85,71.85,71.85,71.85,71.85,71.85,71.85,65.59,65.59,65.59,65.59,66.51,66.51,66.51,66.51,66.51,66.51,66.51,66.51,66.51,66.51,66.51,66.51,66.51,66.51,66.51,66.51,66.51,66.51,66.51,66.51,66.51,66.51,66.51,66.51,66.51,66.51,66.51,66.51,66.51,66.51,66.51,66.51,66.51,66.51,66.51,66.51,66.51,66.51,66.51,66.51,66.51,66.51,66.51,66.51,66.51,66.51,66.51,66.51,66.51,66.51,66.51,66.51,66.51,66.51,66.51,66.51,66.51,66.51,66.51,66.51,66.51,66.51,66.51,66.51
Clase,0.005236871,0913,Equipo de procesamiento e información (D),103.06,99.47,101.00,103.62,104.45,104.60,106.74,108.54,108.54,108.60,106.92,106.81,107.16,105.60,105.00,106.24,103.74,102.82,104.23,104.16,106.11,103.63,103.57,103.96,100.63,101.04,100.84,100.76,94.81,93.62,94.38,93.66,92.62,91.55,88.28,88.31,88.49,88.40,88.97,87.96,88.15,88.56,87.81,86.68,86.48,86.52,86.36,83.19,81.20,80.30,80.36,80.91,80.01,83.00,82.95,82.23,81.29,82.92,82.28,81.97,82.80,77.32,83.84,84.33,83.18,85.32,85.64,85.80,87.31,87.31,86.38,87.06,86.84,86.89,85.89,83.14,83.12,83.09,82.30,82.26,82.22,81.98,70.29,72.33,72.61,71.12,67.84,64.29,63.93,62.20,61.83,62.91,62.77,63.68,63.68,63.05,63.30,62.81,62.68,60.38,56.75,56.02,55.11,55.83,52.95,53.95,52.46,53.45,52.48,52.14,54.79,54.89,54.18,54.77,54.76,56.75,56.77,56.65,55.65,56.85,54.06,53.49,54.50,54.48,53.88,53.54,52.65,47.90,47.71,46.62,46.35,45.73,43.98,45.44,45.70,46.02,50.89,50.67
Subclase,0.005236871,09131,Equipo de procesamiento de la información,103.06,99.47,101.00,103.62,104.45,104.60,106.74,108.54,108.54,108.60,106.92,106.81,107.16,105.60,105.00,106.24,103.74,102.82,104.23,104.16,106.11,103.63,103.57,103.96,100.63,101.04,100.84,100.76,94.81,93.62,94.38,93.66,92.62,91.55,88.28,88.31,88.49,88.40,88.97,87.96,88.15,88.56,87.81,86.68,86.48,86.52,86.36,83.19,81.20,80.30,80.36,80.91,80.01,83.00,82.95,82.23,81.29,82.92,82.28,81.97,82.80,77.32,83.84,84.33,83.18,85.32,85.64,85.80,87.31,87.31,86.38,87.06,86.84,86.89,85.89,83.14,83.12,83.09,82.30,82.26,82.22,81.98,70.29,72.33,72.61,71.12,67.84,64.29,63.93,62.20,61.83,62.91,62.77,63.68,63.68,63.05,63.30,62.81,62.68,60.38,56.75,56.02,55.11,55.83,52.95,53.95,52.46,53.45,52.48,52.14,54.79,54.89,54.18,54.77,54.76,56.75,56.77,56.65,55.65,56.85,54.06,53.49,54.50,54.48,53.88,53.54,52.65,47.90,47.71,46.62,46.35,45.73,43.98,45.44,45.70,46.02,50.89,50.67
Producto,0.002023796,09131274,COMPUTADORA ESCRITORIO,107.08,103.47,103.47,103.47,103.47,103.51,106.25,108.10,108.10,108.10,106.53,106.53,107.26,104.32,103.07,105.72,105.19,103.22,105.96,105.96,106.11,106.11,105.29,105.29,105.29,105.29,105.29,105.29,104.46,104.46,104.46,104.46,104.46,104.46,104.46,104.46,104.46,104.46,104.46,104.46,104.46,104.46,104.46,102.27,102.27,102.27,102.27,92.77,92.77,91.86,91.86,91.86,91.86,97.91,97.91,97.91,97.91,97.91,97.91,97.91,99.36,88.96,101.38,102.33,100.34,100.34,100.34,100.34,100.34,100.34,98.56,98.89,98.89,98.89,96.95,93.24,94.46,94.46,94.46,94.46,94.46,94.46,72.16,76.01,78.20,75.37,68.91,63.30,63.30,63.30,63.30,66.85,66.85,66.85,66.85,66.18,66.18,66.06,66.06,63.10,59.38,57.36,57.69,57.69,53.95,56.11,54.75,56.90,56.90,56.90,60.31,60.71,59.13,59.13,59.13,62.81,62.81,62.81,60.91,62.47,57.57,57.94,58.67,58.67,57.62,57.62,57.02,50.97,51.18,48.55,47.66,46.76,45.38,46.46,46.46,46.46,52.84,51.72
Producto,0.003009268,09131275,COMPUTADORA PORTÁTIL,99.34,95.55,98.92,104.42,104.42,104.89,106.41,108.32,108.32,108.32,106.50,106.50,106.53,106.53,106.53,106.53,101.60,101.60,101.60,101.60,105.81,100.38,101.17,102.06,94.92,95.90,95.29,95.47,83.51,80.88,82.80,81.23,79.63,77.26,69.65,69.79,70.32,70.21,71.43,69.23,69.81,70.70,69.05,69.13,68.75,68.91,68.91,73.01,68.68,67.72,67.84,69.12,67.06,66.63,66.63,65.13,63.07,66.81,65.54,64.77,65.02,65.02,65.02,65.02,64.63,69.39,69.39,69.39,72.90,72.90,72.90,74.04,73.51,73.51,73.51,71.82,70.40,70.40,68.58,68.58,68.58,67.65,67.47,67.53,65.89,65.89,66.16,64.97,64.25,60.33,59.44,57.56,57.56,59.36,59.36,58.72,59.54,58.78,58.25,56.63,52.93,54.40,51.96,53.59,51.63,51.33,49.49,49.25,47.05,46.28,48.22,47.90,48.17,49.51,49.48,49.48,49.48,49.25,49.25,50.04,49.67,47.96,49.52,49.79,49.54,48.69,47.36,43.80,43.11,43.73,44.11,43.75,41.39,43.39,44.15,44.82,48.28,49.10
Producto,0.000203807,09131276,IMPRESORA,88.72,87.89,89.35,94.84,121.24,118.67,119.47,119.08,119.14,120.86,119.34,115.92,114.23,113.74,115.49,110.68,109.77,113.28,112.41,110.23,110.14,108.11,108.84,108.38,103.49,102.67,104.94,99.92,93.34,92.56,89.75,89.24,78.61,78.15,81.35,80.35,78.75,77.27,78.43,77.09,74.93,75.49,75.16,74.38,73.36,72.30,67.25,67.25,65.09,65.09,65.27,64.62,65.37,65.37,63.78,62.14,61.25,60.18,57.79,59.08,57.58,56.95,57.04,56.89,58.87,59.84,69.94,74.95,73.46,73.44,73.44,73.59,74.00,75.64,76.18,74.29,73.56,72.64,72.96,71.79,70.41,76.02,78.83,78.83,74.19,74.00,73.70,71.30,69.82,70.35,71.14,72.76,68.45,71.69,71.69,71.90,68.55,65.33,68.85,67.81,66.81,56.69,56.43,56.52,55.06,55.06,56.26,55.09,55.55,55.55,55.61,56.60,56.60,56.45,56.39,58.35,58.98,58.34,58.45,59.42,57.33,57.33,55.16,50.74,52.71,53.71,54.53,54.53,54.83,55.41,55.95,56.59,57.17,57.47,55.09,55.66,55.11,55.28
Clase,0.002106327,0914,Medios para grabación (SD),90.98,94.31,94.66,94.66,94.74,94.74,94.74,91.67,91.67,87.78,87.78,87.78,85.05,86.20,86.20,95.07,94.89,96.00,95.73,95.46,92.71,98.54,98.35,98.41,98.83,98.65,98.32,98.43,98.43,98.07,97.82,97.95,97.92,107.29,103.98,103.98,103.98,103.86,103.67,100.74,90.10,91.70,91.68,89.06,88.96,88.96,88.00,87.88,87.23,87.73,87.79,87.62,87.97,87.97,87.67,87.39,87.39,86.07,85.99,85.79,85.79,85.79,85.79,85.79,85.79,79.39,80.29,83.98,81.41,83.50,83.50,83.50,83.50,83.50,84.40,83.95,83.72,83.70,79.78,81.44,81.44,81.44,81.36,81.36,85.67,81.34,85.19,85.19,85.19,85.19,85.19,85.19,85.00,84.80,84.91,84.91,84.91,84.91,84.75,89.32,89.32,89.28,89.39,89.15,88.62,88.62,88.62,88.03,88.03,88.03,88.03,89.11,89.11,89.11,89.11,89.11,89.11,89.22,92.53,92.53,92.53,92.53,92.53,89.33,89.33,89.20,89.28,90.46,90.46,90.54,90.54,90.54,90.59,90.73,89.83,89.51,92.01,92.39
Subclase,0.002106327,09141,Medios para grabación,90.98,94.31,94.66,94.66,94.74,94.74,94.74,91.67,91.67,87.78,87.78,87.78,85.05,86.20,86.20,95.07,94.89,96.00,95.73,95.46,92.71,98.54,98.35,98.41,98.83,98.65,98.32,98.43,98.43,98.07,97.82,97.95,97.92,107.29,103.98,103.98,103.98,103.86,103.67,100.74,90.10,91.70,91.68,89.06,88.96,88.96,88.00,87.88,87.23,87.73,87.79,87.62,87.97,87.97,87.67,87.39,87.39,86.07,85.99,85.79,85.79,85.79,85.79,85.79,85.79,79.39,80.29,83.98,81.41,83.50,83.50,83.50,83.50,83.50,84.40,83.95,83.72,83.70,79.78,81.44,81.44,81.44,81.36,81.36,85.67,81.34,85.19,85.19,85.19,85.19,85.19,85.19,85.00,84.80,84.91,84.91,84.91,84.91,84.75,89.32,89.32,89.28,89.39,89.15,88.62,88.62,88.62,88.03,88.03,88.03,88.03,89.11,89.11,89.11,89.11,89.11,89.11,89.22,92.53,92.53,92.53,92.53,92.53,89.33,89.33,89.20,89.28,90.46,90.46,90.54,90.54,90.54,90.59,90.73,89.83,89.51,92.01,92.39
Producto,0.000167303,09141277,MEMORY FLASH,89.76,89.76,93.86,93.86,94.78,94.78,94.78,94.78,94.78,94.78,94.78,94.78,93.51,94.52,94.52,95.74,93.60,92.73,89.55,86.38,86.38,87.16,84.95,85.64,90.57,88.46,84.60,85.89,85.89,85.29,85.29,86.76,86.39,86.39,86.39,86.39,86.39,85.01,82.75,82.04,82.44,77.45,77.21,76.03,74.83,74.83,63.60,62.19,54.60,60.44,61.13,59.18,63.27,63.27,59.74,59.74,59.74,61.33,60.49,58.09,58.09,58.09,58.09,58.09,58.09,55.97,57.30,49.84,48.55,48.55,48.55,48.55,48.55,48.55,48.55,45.38,42.70,42.51,42.51,42.51,42.51,42.51,41.57,41.57,39.76,41.24,40.00,40.00,40.00,40.00,40.00,40.00,37.70,35.46,36.74,36.74,36.74,36.74,36.74,35.43,35.43,34.99,36.29,33.46,32.24,32.24,32.24,32.24,32.24,32.24,32.24,32.46,32.46,32.46,32.46,32.46,32.46,33.69,34.92,34.92,34.92,34.92,34.92,34.92,34.92,33.49,34.36,33.49,33.49,34.36,34.36,34.36,35.04,36.68,44.42,45.79,46.46,50.83
Producto,0.001939024,09141278,DISPOSITIVOS DE ALMACENAMIENTO DE DATOS,91.09,94.74,94.74,94.74,94.74,94.74,94.74,91.37,91.37,87.13,87.13,87.13,84.26,85.42,85.42,95.01,95.01,96.31,96.31,96.31,93.31,99.61,99.61,99.61,99.61,99.61,99.61,99.61,99.61,99.27,99.00,99.00,99.00,109.25,105.63,105.63,105.63,105.63,105.63,102.49,90.82,93.04,93.04,90.28,90.28,90.28,90.28,90.28,90.28,90.28,90.28,90.28,90.28,90.28,90.28,89.99,89.99,88.38,88.38,88.38,88.38,88.38,88.38,88.38,88.38,81.58,82.45,87.18,84.48,86.77,86.77,86.77,86.77,86.77,87.76,87.56,87.56,87.56,83.27,85.09,85.09,85.09,85.09,85.09,89.97,85.09,89.43,89.43,89.43,89.43,89.43,89.43,89.43,89.43,89.43,89.43,89.43,89.43,89.25,94.37,94.37,94.37,94.37,94.37,93.90,93.90,93.90,93.26,93.26,93.26,93.26,94.42,94.42,94.42,94.42,94.42,94.42,94.42,97.93,97.93,97.93,97.93,97.93,94.42,94.42,94.42,94.42,95.80,95.80,95.80,95.80,95.80,95.80,95.80,94.08,93.61,96.28,96.28
Clase,0.000421434,0915,"Reparación de equipo audiovisual, fotográfico y de procesamiento de información (S)",93.34,93.34,93.34,93.34,93.34,93.34,93.34,98.86,102.54,102.54,102.54,102.54,98.86,98.86,98.86,98.86,98.86,98.86,98.86,103.38,103.38,101.49,98.86,103.38,103.38,103.38,103.38,103.38,103.38,105.35,106.57,106.57,106.57,106.57,106.57,106.57,106.57,106.57,104.63,104.63,102.67,102.67,106.57,106.57,106.57,108.60,108.60,108.60,106.57,106.57,106.57,106.57,106.57,108.60,108.60,108.60,108.60,108.60,106.57,108.60,108.60,108.60,108.60,108.60,108.60,108.60,108.60,108.60,106.63,106.63,106.63,106.63,106.63,106.63,97.93,97.93,97.93,97.93,106.63,106.63,106.63,106.63,106.63,106.63,106.63,106.63,106.63,106.63,110.67,110.67,110.67,110.67,110.67,114.86,114.86,114.86,114.86,114.86,114.86,114.86,114.86,114.86,114.86,114.86,114.86,114.86,114.86,114.86,114.86,114.86,114.86,115.40,115.91,115.91,115.91,115.91,115.91,115.91,115.91,115.91,117.47,117.47,117.47,117.47,117.47,117.47,117.47,117.47,117.47,117.47,117.47,117.47,117.47,114.76,114.76,114.76,114.76,114.76
Subclase,0.000421434,09151,Reparación de equipos audiovisuales ,93.34,93.34,93.34,93.34,93.34,93.34,93.34,98.86,102.54,102.54,102.54,102.54,98.86,98.86,98.86,98.86,98.86,98.86,98.86,103.38,103.38,101.49,98.86,103.38,103.38,103.38,103.38,103.38,103.38,105.35,106.57,106.57,106.57,106.57,106.57,106.57,106.57,106.57,104.63,104.63,102.67,102.67,106.57,106.57,106.57,108.60,108.60,108.60,106.57,106.57,106.57,106.57,106.57,108.60,108.60,108.60,108.60,108.60,106.57,108.60,108.60,108.60,108.60,108.60,108.60,108.60,108.60,108.60,106.63,106.63,106.63,106.63,106.63,106.63,97.93,97.93,97.93,97.93,106.63,106.63,106.63,106.63,106.63,106.63,106.63,106.63,106.63,106.63,110.67,110.67,110.67,110.67,110.67,114.86,114.86,114.86,114.86,114.86,114.86,114.86,114.86,114.86,114.86,114.86,114.86,114.86,114.86,114.86,114.86,114.86,114.86,115.40,115.91,115.91,115.91,115.91,115.91,115.91,115.91,115.91,117.47,117.47,117.47,117.47,117.47,117.47,117.47,117.47,117.47,117.47,117.47,117.47,117.47,114.76,114.76,114.76,114.76,114.76
Producto,0.000421434,09151279,REPARACIÓN DE EQUIPOS ELECTRÓNICOS,93.34,93.34,93.34,93.34,93.34,93.34,93.34,98.86,102.54,102.54,102.54,102.54,98.86,98.86,98.86,98.86,98.86,98.86,98.86,103.38,103.38,101.49,98.86,103.38,103.38,103.38,103.38,103.38,103.38,105.35,106.57,106.57,106.57,106.57,106.57,106.57,106.57,106.57,104.63,104.63,102.67,102.67,106.57,106.57,106.57,108.60,108.60,108.60,106.57,106.57,106.57,106.57,106.57,108.60,108.60,108.60,108.60,108.60,106.57,108.60,108.60,108.60,108.60,108.60,108.60,108.60,108.60,108.60,106.63,106.63,106.63,106.63,106.63,106.63,97.93,97.93,97.93,97.93,106.63,106.63,106.63,106.63,106.63,106.63,106.63,106.63,106.63,106.63,110.67,110.67,110.67,110.67,110.67,114.86,114.86,114.86,114.86,114.86,114.86,114.86,114.86,114.86,114.86,114.86,114.86,114.86,114.86,114.86,114.86,114.86,114.86,115.40,115.91,115.91,115.91,115.91,115.91,115.91,115.91,115.91,117.47,117.47,117.47,117.47,117.47,117.47,117.47,117.47,117.47,117.47,117.47,117.47,117.47,114.76,114.76,114.76,114.76,114.76
Grupo,0.000328915,092,Otros productos duraderos importantes para recreación y cultura,100.88,103.05,103.05,101.98,107.29,105.77,101.79,101.79,104.76,105.26,105.26,105.26,105.26,100.04,109.37,101.83,105.98,98.79,96.84,96.84,96.84,93.87,96.84,96.84,96.84,96.84,96.84,96.84,96.84,96.49,95.25,95.25,95.25,95.25,95.25,96.80,96.80,96.80,96.80,94.29,94.29,94.29,94.29,94.29,94.29,94.29,91.61,91.61,91.61,91.61,91.61,91.61,91.61,91.61,90.80,91.00,91.00,91.00,91.00,85.96,84.76,84.76,86.81,86.81,86.81,86.81,86.81,86.81,86.81,86.81,86.81,89.37,82.55,88.51,88.68,90.47,90.47,90.47,88.68,88.68,90.40,103.89,101.04,106.66,102.91,103.60,104.83,106.04,100.55,100.55,104.84,101.62,101.62,101.62,108.88,101.53,101.53,105.71,108.90,108.90,107.83,106.38,103.06,102.02,107.93,100.74,104.09,104.09,104.09,105.77,101.15,107.67,102.43,102.43,107.10,107.10,107.56,104.12,109.08,103.77,105.23,107.19,107.19,104.75,104.20,103.46,103.46,103.46,103.46,103.46,102.94,102.94,102.94,103.75,104.76,104.76,104.76,104.76
Clase,0.000328915,0922,Instrumentos musicales y equipos duraderos importantes para recreación en interiores (d),100.88,103.05,103.05,101.98,107.29,105.77,101.79,101.79,104.76,105.26,105.26,105.26,105.26,100.04,109.37,101.83,105.98,98.79,96.84,96.84,96.84,93.87,96.84,96.84,96.84,96.84,96.84,96.84,96.84,96.49,95.25,95.25,95.25,95.25,95.25,96.80,96.80,96.80,96.80,94.29,94.29,94.29,94.29,94.29,94.29,94.29,91.61,91.61,91.61,91.61,91.61,91.61,91.61,91.61,90.80,91.00,91.00,91.00,91.00,85.96,84.76,84.76,86.81,86.81,86.81,86.81,86.81,86.81,86.81,86.81,86.81,89.37,82.55,88.51,88.68,90.47,90.47,90.47,88.68,88.68,90.40,103.89,101.04,106.66,102.91,103.60,104.83,106.04,100.55,100.55,104.84,101.62,101.62,101.62,108.88,101.53,101.53,105.71,108.90,108.90,107.83,106.38,103.06,102.02,107.93,100.74,104.09,104.09,104.09,105.77,101.15,107.67,102.43,102.43,107.10,107.10,107.56,104.12,109.08,103.77,105.23,107.19,107.19,104.75,104.20,103.46,103.46,103.46,103.46,103.46,102.94,102.94,102.94,103.75,104.76,104.76,104.76,104.76
Subclase,0.000328915,09221,Instrumentos musicales y equipos duraderos importantes para recreación en interiores,100.88,103.05,103.05,101.98,107.29,105.77,101.79,101.79,104.76,105.26,105.26,105.26,105.26,100.04,109.37,101.83,105.98,98.79,96.84,96.84,96.84,93.87,96.84,96.84,96.84,96.84,96.84,96.84,96.84,96.49,95.25,95.25,95.25,95.25,95.25,96.80,96.80,96.80,96.80,94.29,94.29,94.29,94.29,94.29,94.29,94.29,91.61,91.61,91.61,91.61,91.61,91.61,91.61,91.61,90.80,91.00,91.00,91.00,91.00,85.96,84.76,84.76,86.81,86.81,86.81,86.81,86.81,86.81,86.81,86.81,86.81,89.37,82.55,88.51,88.68,90.47,90.47,90.47,88.68,88.68,90.40,103.89,101.04,106.66,102.91,103.60,104.83,106.04,100.55,100.55,104.84,101.62,101.62,101.62,108.88,101.53,101.53,105.71,108.90,108.90,107.83,106.38,103.06,102.02,107.93,100.74,104.09,104.09,104.09,105.77,101.15,107.67,102.43,102.43,107.10,107.10,107.56,104.12,109.08,103.77,105.23,107.19,107.19,104.75,104.20,103.46,103.46,103.46,103.46,103.46,102.94,102.94,102.94,103.75,104.76,104.76,104.76,104.76
Producto,0.000328915,09221280,GUITARRA,100.88,103.05,103.05,101.98,107.29,105.77,101.79,101.79,104.76,105.26,105.26,105.26,105.26,100.04,109.37,101.83,105.98,98.79,96.84,96.84,96.84,93.87,96.84,96.84,96.84,96.84,96.84,96.84,96.84,96.49,95.25,95.25,95.25,95.25,95.25,96.80,96.80,96.80,96.80,94.29,94.29,94.29,94.29,94.29,94.29,94.29,91.61,91.61,91.61,91.61,91.61,91.61,91.61,91.61,90.80,91.00,91.00,91.00,91.00,85.96,84.76,84.76,86.81,86.81,86.81,86.81,86.81,86.81,86.81,86.81,86.81,89.37,82.55,88.51,88.68,90.47,90.47,90.47,88.68,88.68,90.40,103.89,101.04,106.66,102.91,103.60,104.83,106.04,100.55,100.55,104.84,101.62,101.62,101.62,108.88,101.53,101.53,105.71,108.90,108.90,107.83,106.38,103.06,102.02,107.93,100.74,104.09,104.09,104.09,105.77,101.15,107.67,102.43,102.43,107.10,107.10,107.56,104.12,109.08,103.77,105.23,107.19,107.19,104.75,104.20,103.46,103.46,103.46,103.46,103.46,102.94,102.94,102.94,103.75,104.76,104.76,104.76,104.76
Grupo,0.006626741,093,"Otros artículos y equipo para recreación, jardines y animales domésticos",99.99,102.23,102.12,102.37,104.62,104.17,104.36,104.85,104.58,104.66,104.88,104.31,97.79,102.58,99.35,98.73,101.18,103.81,105.58,106.03,106.28,105.69,104.62,103.97,105.14,106.29,105.81,105.99,106.25,103.14,103.74,103.30,102.92,102.55,100.99,100.74,103.65,103.30,101.58,101.40,102.17,98.98,101.52,98.77,103.45,102.72,103.01,103.53,103.87,103.37,102.03,100.76,100.79,100.01,100.17,99.08,100.69,100.77,100.62,102.93,101.57,101.29,101.67,101.39,102.79,99.01,99.15,97.79,98.09,100.00,100.95,99.25,101.37,96.54,97.36,94.73,101.09,95.19,97.45,102.32,102.82,105.73,104.78,103.31,104.27,104.75,105.35,103.51,108.12,106.91,108.66,105.78,111.06,111.72,112.38,113.81,113.53,114.09,109.93,111.60,110.24,108.74,109.09,110.56,108.64,112.12,106.98,107.21,110.80,109.20,113.97,111.74,113.29,114.23,113.27,113.65,113.87,113.02,113.97,113.11,114.91,105.72,108.46,107.79,110.38,104.67,105.27,104.38,107.50,107.29,105.96,104.56,105.71,103.70,106.53,108.84,109.68,106.53
Clase,0.0022653,0931,Conservación y reparación de otros bienes duraderos importantes para recreación y cultura (S),89.35,89.26,89.26,88.15,88.15,87.88,87.71,87.31,86.80,86.37,87.24,85.46,76.66,75.54,75.54,74.47,79.41,79.53,79.53,79.33,79.33,78.13,78.94,78.68,78.68,78.68,78.68,78.68,79.21,76.43,75.90,75.90,75.90,75.90,76.31,76.34,76.34,73.18,73.18,73.18,73.14,73.19,73.19,73.19,73.19,73.19,73.66,73.97,73.97,70.94,70.94,70.94,69.80,67.60,67.60,67.60,67.60,67.60,66.15,70.92,70.92,69.73,69.73,69.73,69.73,65.31,65.31,64.88,63.87,68.22,66.69,67.65,67.85,66.03,66.03,64.60,65.34,62.71,65.66,65.66,65.66,65.66,66.91,65.41,65.85,64.74,63.92,65.73,65.95,63.97,63.97,61.49,63.99,64.25,65.30,65.30,65.04,64.05,65.18,65.37,62.56,65.16,65.17,63.12,65.19,65.19,63.77,61.58,63.45,61.76,60.36,62.56,65.55,64.93,61.27,64.71,64.81,65.12,64.26,65.36,65.36,64.08,61.39,66.03,66.12,63.70,63.68,66.81,66.81,66.81,64.13,66.15,67.90,63.73,66.52,66.52,66.54,66.05
Subclase,0.0022653,09311,"Juegos, juguetes y aficiones",89.35,89.26,89.26,88.15,88.15,87.88,87.71,87.31,86.80,86.37,87.24,85.46,76.66,75.54,75.54,74.47,79.41,79.53,79.53,79.33,79.33,78.13,78.94,78.68,78.68,78.68,78.68,78.68,79.21,76.43,75.90,75.90,75.90,75.90,76.31,76.34,76.34,73.18,73.18,73.18,73.14,73.19,73.19,73.19,73.19,73.19,73.66,73.97,73.97,70.94,70.94,70.94,69.80,67.60,67.60,67.60,67.60,67.60,66.15,70.92,70.92,69.73,69.73,69.73,69.73,65.31,65.31,64.88,63.87,68.22,66.69,67.65,67.85,66.03,66.03,64.60,65.34,62.71,65.66,65.66,65.66,65.66,66.91,65.41,65.85,64.74,63.92,65.73,65.95,63.97,63.97,61.49,63.99,64.25,65.30,65.30,65.04,64.05,65.18,65.37,62.56,65.16,65.17,63.12,65.19,65.19,63.77,61.58,63.45,61.76,60.36,62.56,65.55,64.93,61.27,64.71,64.81,65.12,64.26,65.36,65.36,64.08,61.39,66.03,66.12,63.70,63.68,66.81,66.81,66.81,64.13,66.15,67.90,63.73,66.52,66.52,66.54,66.05
Producto,0.000705567,09311281,JUGUETE,96.35,96.35,96.35,96.35,96.35,96.35,96.35,98.29,97.90,96.38,96.38,92.86,83.92,83.92,83.92,83.92,83.92,84.68,84.68,84.68,84.68,84.68,84.55,83.62,83.62,83.62,83.62,83.62,83.62,83.25,83.25,83.25,83.25,83.25,83.50,83.62,83.62,83.62,83.62,83.62,83.49,83.66,83.66,83.66,83.66,83.66,83.20,84.28,84.28,84.28,84.28,84.28,83.24,82.69,82.69,82.69,82.69,82.69,82.69,82.98,82.98,82.98,82.98,82.98,82.98,81.98,81.98,81.98,81.98,81.98,82.17,82.17,82.17,82.17,82.17,82.17,82.17,80.53,80.53,80.53,80.53,80.53,80.53,80.53,80.53,80.53,80.53,80.53,80.53,80.53,80.53,80.53,80.53,80.53,80.94,80.94,80.94,80.94,80.94,80.94,80.94,78.33,78.33,78.33,78.33,78.33,78.33,75.85,75.85,75.85,75.85,75.85,78.98,78.98,78.98,78.98,78.98,78.98,78.98,76.72,76.72,76.72,76.72,76.72,76.72,79.18,79.18,79.18,79.18,79.18,78.73,78.73,78.73,78.73,78.73,78.73,78.73,78.73
Producto,0.000513148,09311282,JUEGO ELECTRÓNICO,77.04,76.74,76.74,72.85,72.85,71.92,71.33,68.05,68.55,68.55,69.67,69.67,69.67,65.79,65.79,62.03,62.03,59.33,59.33,58.63,58.63,54.43,54.43,54.43,54.43,54.43,54.43,54.43,56.27,54.56,52.72,52.72,52.72,52.72,52.72,52.72,52.72,41.68,41.68,41.68,41.68,41.68,41.68,41.68,41.68,41.68,41.68,41.68,41.68,31.13,31.13,31.13,31.13,31.13,31.13,31.13,31.13,31.13,31.13,33.02,33.02,28.84,28.84,28.84,28.84,14.42,14.42,12.89,9.37,24.57,20.53,23.87,24.57,18.22,18.22,13.25,15.81,10.96,21.28,21.28,21.28,21.28,20.12,14.88,16.45,12.55,9.71,16.01,21.28,18.38,18.38,9.72,18.48,19.38,19.38,19.38,18.48,15.01,18.94,19.62,9.81,24.95,24.95,17.82,25.05,25.05,16.49,16.53,23.04,17.16,12.27,19.94,25.05,25.05,12.30,24.28,24.65,25.74,22.71,25.78,25.78,21.30,11.93,28.13,25.78,14.90,14.83,25.78,25.78,25.78,16.84,21.17,27.29,12.74,22.48,22.48,22.56,22.56
Producto,0.001046586,09311283,MUÑECA,92.95,92.95,92.95,92.95,92.95,92.95,92.95,92.95,91.67,91.67,92.95,91.10,76.56,76.56,76.56,76.56,87.99,89.57,89.57,89.57,89.57,89.57,91.53,91.53,91.53,91.53,91.53,91.53,91.53,86.48,86.48,86.48,86.48,86.48,87.25,87.25,87.25,87.25,87.25,87.25,87.25,87.25,87.25,87.25,87.25,87.25,88.65,88.65,88.65,88.65,88.65,88.65,86.69,81.96,81.96,81.96,81.96,81.96,78.60,88.19,88.19,88.19,88.19,88.19,88.19,88.19,88.19,88.19,88.19,88.19,87.21,87.21,87.21,87.21,87.21,87.21,87.21,85.40,85.40,85.40,85.40,85.40,89.04,89.04,89.04,89.04,89.04,89.04,86.05,83.39,83.39,83.39,83.39,83.39,85.56,85.56,85.56,85.56,85.56,85.56,85.56,83.24,83.24,83.24,83.24,83.24,85.62,82.15,82.15,82.15,82.15,82.15,83.66,82.21,82.21,82.21,82.21,82.21,82.21,84.19,84.19,84.19,84.19,84.19,85.96,85.96,85.96,85.96,85.96,85.96,85.96,87.76,87.76,87.76,87.76,87.76,87.76,86.62
Clase,0.00052484,0932,"Equipo de deportes, campamentos y recreación al aire libre (SD)",105.37,105.37,104.07,106.61,115.57,115.53,116.08,121.90,123.44,120.77,120.33,119.81,117.86,116.49,117.93,116.12,117.82,117.80,117.59,117.06,113.81,114.64,113.31,118.31,117.36,116.15,113.35,117.19,113.24,111.02,110.96,110.35,110.35,110.29,110.37,102.79,106.24,110.40,110.40,111.74,110.78,111.55,110.17,111.18,111.18,111.29,104.99,105.32,109.46,109.92,109.92,109.92,108.86,110.17,108.41,109.40,107.99,110.55,108.70,109.64,109.09,108.49,111.66,111.66,109.02,111.66,113.36,110.17,110.82,111.46,110.19,110.33,110.33,111.79,111.79,111.79,111.77,113.09,113.29,113.29,114.35,114.94,114.64,115.79,114.97,118.55,119.66,118.49,119.95,119.88,120.69,130.00,125.01,123.12,123.96,123.85,122.47,121.56,121.54,122.47,122.00,121.51,120.13,120.51,120.51,120.51,120.51,110.53,113.85,113.73,114.17,115.38,114.52,115.94,115.40,115.88,118.96,118.91,117.18,114.73,128.23,128.23,128.23,128.23,124.86,122.13,121.39,122.13,122.13,122.13,120.65,121.78,120.24,118.17,119.02,119.02,119.02,118.68
Subclase,0.00052484,09321,"Equipo de deportes, campamentos y recreación al aire libre",105.37,105.37,104.07,106.61,115.57,115.53,116.08,121.90,123.44,120.77,120.33,119.81,117.86,116.49,117.93,116.12,117.82,117.80,117.59,117.06,113.81,114.64,113.31,118.31,117.36,116.15,113.35,117.19,113.24,111.02,110.96,110.35,110.35,110.29,110.37,102.79,106.24,110.40,110.40,111.74,110.78,111.55,110.17,111.18,111.18,111.29,104.99,105.32,109.46,109.92,109.92,109.92,108.86,110.17,108.41,109.40,107.99,110.55,108.70,109.64,109.09,108.49,111.66,111.66,109.02,111.66,113.36,110.17,110.82,111.46,110.19,110.33,110.33,111.79,111.79,111.79,111.77,113.09,113.29,113.29,114.35,114.94,114.64,115.79,114.97,118.55,119.66,118.49,119.95,119.88,120.69,130.00,125.01,123.12,123.96,123.85,122.47,121.56,121.54,122.47,122.00,121.51,120.13,120.51,120.51,120.51,120.51,110.53,113.85,113.73,114.17,115.38,114.52,115.94,115.40,115.88,118.96,118.91,117.18,114.73,128.23,128.23,128.23,128.23,124.86,122.13,121.39,122.13,122.13,122.13,120.65,121.78,120.24,118.17,119.02,119.02,119.02,118.68
Producto,0.000249881,09321284,BALÓN DEPORTIVO,106.94,106.94,105.47,108.32,118.39,118.39,117.80,124.33,126.06,123.68,123.18,122.60,120.40,118.87,120.40,118.37,120.91,120.19,120.19,120.27,116.61,116.61,115.12,120.77,120.77,119.22,116.08,120.39,116.08,113.75,113.67,113.05,113.05,113.05,113.05,105.26,109.13,113.87,113.87,115.35,115.35,116.95,114.99,114.99,114.99,114.99,109.04,109.04,114.02,113.52,113.52,113.52,113.52,114.99,113.01,113.01,113.01,114.27,113.52,113.52,113.52,113.52,113.52,113.52,113.52,113.52,116.41,112.82,113.56,114.28,112.84,114.64,114.64,114.64,114.64,114.64,114.64,117.13,117.13,117.13,117.13,117.13,117.13,118.42,118.42,121.25,122.64,122.64,123.74,123.74,125.26,135.35,129.76,129.76,128.59,128.59,127.59,126.04,126.54,127.79,126.54,126.54,124.88,124.88,124.88,124.88,124.88,114.08,118.40,118.40,118.40,119.02,119.02,120.62,120.62,120.62,120.62,120.62,120.62,117.49,128.86,128.86,128.86,128.86,128.86,128.86,128.86,128.86,128.86,128.86,128.86,130.13,128.40,128.40,128.40,128.40,128.40,128.40
Producto,0.000274959,09321285,MÁQUINA DE EJERCICIO,92.67,92.67,92.67,92.67,92.67,92.27,102.08,102.13,102.13,97.14,97.14,97.14,97.14,97.14,97.84,97.84,92.68,98.42,96.47,90.99,90.99,98.59,98.59,98.30,89.65,91.15,91.17,91.17,90.17,88.80,88.92,88.48,88.48,87.90,88.60,82.71,82.71,82.20,82.20,82.37,73.63,67.68,70.97,80.22,80.22,81.22,72.12,75.10,72.42,80.68,80.68,80.68,71.00,71.00,71.00,80.10,67.19,80.31,69.57,78.11,73.14,67.60,96.57,96.57,72.43,96.57,88.59,88.59,88.59,88.59,88.59,75.30,75.30,88.59,88.59,88.59,88.40,80.25,82.07,82.07,91.75,97.09,94.39,94.39,86.88,96.53,95.45,84.81,89.10,88.47,83.55,86.53,86.32,69.06,86.32,85.35,80.85,85.16,80.85,79.23,85.06,80.57,81.51,85.06,85.06,85.06,85.06,81.67,76.86,75.81,79.85,85.76,77.91,77.91,72.94,77.37,105.42,104.97,89.16,92.29,123.05,123.05,123.05,123.05,92.29,67.37,60.64,67.37,67.37,67.37,53.90,53.90,53.90,35.03,42.81,42.81,42.81,39.63
Clase,0.00034131,0933,"Jardines, plantas y flores (ND)",78.88,88.11,88.18,94.53,99.60,85.55,81.30,82.45,77.84,77.84,77.84,77.84,77.84,67.76,67.76,65.33,80.53,84.28,107.70,101.68,111.70,116.80,95.37,95.37,107.04,116.09,101.06,100.26,106.63,85.23,94.32,86.98,94.32,90.95,95.02,94.32,94.32,107.11,96.34,96.34,112.07,96.34,96.34,91.83,96.34,95.69,96.34,106.26,103.08,127.61,112.54,78.64,108.51,91.62,95.09,86.03,93.68,100.23,90.26,94.38,81.42,107.15,85.40,80.19,97.59,93.97,85.76,75.56,75.56,83.69,75.56,75.56,83.69,82.23,87.25,82.23,89.54,83.69,84.83,79.29,108.51,88.05,79.50,80.62,75.35,120.98,83.61,86.19,113.94,84.07,83.53,83.53,99.10,86.11,80.48,80.48,90.34,98.36,86.39,89.60,115.67,89.27,91.32,85.09,85.09,89.27,89.27,85.09,83.61,86.78,138.53,87.29,89.03,88.17,91.04,83.95,89.27,89.27,87.71,93.67,90.25,92.60,106.28,106.28,151.33,87.55,93.67,93.67,115.42,109.79,99.33,98.27,115.29,107.02,117.33,111.83,140.90,95.99
Subclase,0.00034131,09331,"Jardines, plantas y flores",78.88,88.11,88.18,94.53,99.60,85.55,81.30,82.45,77.84,77.84,77.84,77.84,77.84,67.76,67.76,65.33,80.53,84.28,107.70,101.68,111.70,116.80,95.37,95.37,107.04,116.09,101.06,100.26,106.63,85.23,94.32,86.98,94.32,90.95,95.02,94.32,94.32,107.11,96.34,96.34,112.07,96.34,96.34,91.83,96.34,95.69,96.34,106.26,103.08,127.61,112.54,78.64,108.51,91.62,95.09,86.03,93.68,100.23,90.26,94.38,81.42,107.15,85.40,80.19,97.59,93.97,85.76,75.56,75.56,83.69,75.56,75.56,83.69,82.23,87.25,82.23,89.54,83.69,84.83,79.29,108.51,88.05,79.50,80.62,75.35,120.98,83.61,86.19,113.94,84.07,83.53,83.53,99.10,86.11,80.48,80.48,90.34,98.36,86.39,89.60,115.67,89.27,91.32,85.09,85.09,89.27,89.27,85.09,83.61,86.78,138.53,87.29,89.03,88.17,91.04,83.95,89.27,89.27,87.71,93.67,90.25,92.60,106.28,106.28,151.33,87.55,93.67,93.67,115.42,109.79,99.33,98.27,115.29,107.02,117.33,111.83,140.90,95.99
Producto,0.00034131,09331286,FLORES,78.88,88.11,88.18,94.53,99.60,85.55,81.30,82.45,77.84,77.84,77.84,77.84,77.84,67.76,67.76,65.33,80.53,84.28,107.70,101.68,111.70,116.80,95.37,95.37,107.04,116.09,101.06,100.26,106.63,85.23,94.32,86.98,94.32,90.95,95.02,94.32,94.32,107.11,96.34,96.34,112.07,96.34,96.34,91.83,96.34,95.69,96.34,106.26,103.08,127.61,112.54,78.64,108.51,91.62,95.09,86.03,93.68,100.23,90.26,94.38,81.42,107.15,85.40,80.19,97.59,93.97,85.76,75.56,75.56,83.69,75.56,75.56,83.69,82.23,87.25,82.23,89.54,83.69,84.83,79.29,108.51,88.05,79.50,80.62,75.35,120.98,83.61,86.19,113.94,84.07,83.53,83.53,99.10,86.11,80.48,80.48,90.34,98.36,86.39,89.60,115.67,89.27,91.32,85.09,85.09,89.27,89.27,85.09,83.61,86.78,138.53,87.29,89.03,88.17,91.04,83.95,89.27,89.27,87.71,93.67,90.25,92.60,106.28,106.28,151.33,87.55,93.67,93.67,115.42,109.79,99.33,98.27,115.29,107.02,117.33,111.83,140.90,95.99
Clase,0.00272417,0934,Animales domésticos y productos conexos (ND),103.11,103.11,103.11,103.11,105.57,106.44,107.37,107.37,107.37,103.98,103.98,103.98,95.90,108.40,101.15,101.15,101.15,106.31,107.38,106.95,106.95,106.95,106.95,104.70,106.03,107.68,108.99,108.70,108.97,106.99,107.56,107.60,105.92,105.53,101.41,102.44,108.02,106.92,106.75,106.11,106.11,100.92,106.68,98.81,107.08,105.56,107.06,106.74,107.03,106.16,105.06,106.35,103.80,103.96,104.25,104.08,106.91,105.80,107.94,107.94,107.94,105.15,107.94,107.94,109.42,103.97,109.43,108.61,109.76,105.53,109.76,105.48,111.22,101.83,103.00,98.83,111.22,100.60,101.16,112.32,109.70,118.30,116.54,113.96,116.54,112.14,118.18,110.06,116.26,118.47,122.16,112.88,121.81,125.00,126.24,129.35,128.02,126.70,118.43,123.74,119.58,117.94,118.71,123.84,118.39,125.40,115.21,119.58,123.66,120.94,127.85,128.72,130.12,132.38,132.38,129.04,129.72,127.70,130.83,128.07,129.67,110.38,116.37,111.97,112.81,110.17,113.54,109.49,113.63,113.84,114.22,109.83,109.47,109.18,112.11,117.74,114.64,113.57
Subclase,0.00272417,09341,Animales domésticos y productos para mascotas,103.11,103.11,103.11,103.11,105.57,106.44,107.37,107.37,107.37,103.98,103.98,103.98,95.90,108.40,101.15,101.15,101.15,106.31,107.38,106.95,106.95,106.95,106.95,104.70,106.03,107.68,108.99,108.70,108.97,106.99,107.56,107.60,105.92,105.53,101.41,102.44,108.02,106.92,106.75,106.11,106.11,100.92,106.68,98.81,107.08,105.56,107.06,106.74,107.03,106.16,105.06,106.35,103.80,103.96,104.25,104.08,106.91,105.80,107.94,107.94,107.94,105.15,107.94,107.94,109.42,103.97,109.43,108.61,109.76,105.53,109.76,105.48,111.22,101.83,103.00,98.83,111.22,100.60,101.16,112.32,109.70,118.30,116.54,113.96,116.54,112.14,118.18,110.06,116.26,118.47,122.16,112.88,121.81,125.00,126.24,129.35,128.02,126.70,118.43,123.74,119.58,117.94,118.71,123.84,118.39,125.40,115.21,119.58,123.66,120.94,127.85,128.72,130.12,132.38,132.38,129.04,129.72,127.70,130.83,128.07,129.67,110.38,116.37,111.97,112.81,110.17,113.54,109.49,113.63,113.84,114.22,109.83,109.47,109.18,112.11,117.74,114.64,113.57
Producto,0.00272417,09341287,ALIMENTO PREPARADO PARA MASCOTAS,103.11,103.11,103.11,103.11,105.57,106.44,107.37,107.37,107.37,103.98,103.98,103.98,95.90,108.40,101.15,101.15,101.15,106.31,107.38,106.95,106.95,106.95,106.95,104.70,106.03,107.68,108.99,108.70,108.97,106.99,107.56,107.60,105.92,105.53,101.41,102.44,108.02,106.92,106.75,106.11,106.11,100.92,106.68,98.81,107.08,105.56,107.06,106.74,107.03,106.16,105.06,106.35,103.80,103.96,104.25,104.08,106.91,105.80,107.94,107.94,107.94,105.15,107.94,107.94,109.42,103.97,109.43,108.61,109.76,105.53,109.76,105.48,111.22,101.83,103.00,98.83,111.22,100.60,101.16,112.32,109.70,118.30,116.54,113.96,116.54,112.14,118.18,110.06,116.26,118.47,122.16,112.88,121.81,125.00,126.24,129.35,128.02,126.70,118.43,123.74,119.58,117.94,118.71,123.84,118.39,125.40,115.21,119.58,123.66,120.94,127.85,128.72,130.12,132.38,132.38,129.04,129.72,127.70,130.83,128.07,129.67,110.38,116.37,111.97,112.81,110.17,113.54,109.49,113.63,113.84,114.22,109.83,109.47,109.18,112.11,117.74,114.64,113.57
Clase,0.000771121,0935,Servicios de veterinaria y de otro tipo para animales domésticos (S),124.76,143.31,143.31,143.31,143.31,143.31,143.31,143.31,143.31,164.62,164.62,164.62,164.62,164.62,164.62,164.62,164.62,164.62,164.62,176.08,176.08,169.77,169.77,169.77,169.77,169.77,169.77,169.77,169.77,169.77,169.77,169.77,169.77,169.77,169.77,169.77,169.77,169.77,158.72,158.72,158.72,158.72,158.72,169.77,176.08,176.08,176.08,176.08,176.08,169.77,169.77,169.77,169.77,176.08,176.08,169.77,169.77,169.77,169.77,176.08,169.77,169.77,169.77,169.77,169.77,169.77,147.80,147.80,147.80,169.77,169.77,169.77,158.72,158.72,158.72,158.72,158.72,158.72,169.77,169.77,169.77,169.77,169.77,169.77,169.77,169.77,169.77,184.11,184.11,184.11,184.11,197.73,197.73,197.73,197.73,197.73,197.73,209.44,209.44,197.73,197.73,197.73,197.73,197.73,197.73,197.73,197.73,197.73,207.44,207.44,197.73,191.81,191.81,191.81,191.81,205.22,197.73,197.73,197.73,197.73,197.73,197.73,197.73,197.73,197.73,197.73,184.81,184.81,184.81,184.81,184.81,184.81,184.81,184.81,184.81,184.81,191.81,191.81
Subclase,0.000771121,09351,Servicios de veterinario,124.76,143.31,143.31,143.31,143.31,143.31,143.31,143.31,143.31,164.62,164.62,164.62,164.62,164.62,164.62,164.62,164.62,164.62,164.62,176.08,176.08,169.77,169.77,169.77,169.77,169.77,169.77,169.77,169.77,169.77,169.77,169.77,169.77,169.77,169.77,169.77,169.77,169.77,158.72,158.72,158.72,158.72,158.72,169.77,176.08,176.08,176.08,176.08,176.08,169.77,169.77,169.77,169.77,176.08,176.08,169.77,169.77,169.77,169.77,176.08,169.77,169.77,169.77,169.77,169.77,169.77,147.80,147.80,147.80,169.77,169.77,169.77,158.72,158.72,158.72,158.72,158.72,158.72,169.77,169.77,169.77,169.77,169.77,169.77,169.77,169.77,169.77,184.11,184.11,184.11,184.11,197.73,197.73,197.73,197.73,197.73,197.73,209.44,209.44,197.73,197.73,197.73,197.73,197.73,197.73,197.73,197.73,197.73,207.44,207.44,197.73,191.81,191.81,191.81,191.81,205.22,197.73,197.73,197.73,197.73,197.73,197.73,197.73,197.73,197.73,197.73,184.81,184.81,184.81,184.81,184.81,184.81,184.81,184.81,184.81,184.81,191.81,191.81
Producto,0.000771121,09351288,GASTO EN MÉDICO VETERINARIO,124.76,143.31,143.31,143.31,143.31,143.31,143.31,143.31,143.31,164.62,164.62,164.62,164.62,164.62,164.62,164.62,164.62,164.62,164.62,176.08,176.08,169.77,169.77,169.77,169.77,169.77,169.77,169.77,169.77,169.77,169.77,169.77,169.77,169.77,169.77,169.77,169.77,169.77,158.72,158.72,158.72,158.72,158.72,169.77,176.08,176.08,176.08,176.08,176.08,169.77,169.77,169.77,169.77,176.08,176.08,169.77,169.77,169.77,169.77,176.08,169.77,169.77,169.77,169.77,169.77,169.77,147.80,147.80,147.80,169.77,169.77,169.77,158.72,158.72,158.72,158.72,158.72,158.72,169.77,169.77,169.77,169.77,169.77,169.77,169.77,169.77,169.77,184.11,184.11,184.11,184.11,197.73,197.73,197.73,197.73,197.73,197.73,209.44,209.44,197.73,197.73,197.73,197.73,197.73,197.73,197.73,197.73,197.73,207.44,207.44,197.73,191.81,191.81,191.81,191.81,205.22,197.73,197.73,197.73,197.73,197.73,197.73,197.73,197.73,197.73,197.73,184.81,184.81,184.81,184.81,184.81,184.81,184.81,184.81,184.81,184.81,191.81,191.81
Grupo,0.01443332,094,Servicios de recreación y culturales,119.30,115.65,115.50,115.02,120.88,120.77,115.62,113.68,135.57,127.41,122.31,123.32,123.22,141.48,141.60,140.90,135.46,136.89,122.85,131.68,130.37,137.82,137.78,150.95,136.52,170.32,169.67,188.73,242.48,164.81,151.36,148.86,163.44,169.20,172.70,195.86,198.40,186.17,158.10,201.76,201.30,160.95,146.21,161.80,175.25,194.94,161.95,188.65,189.48,172.28,177.40,161.61,171.32,171.35,157.49,163.45,165.97,169.82,188.15,187.68,187.18,139.40,139.40,139.40,139.40,139.49,139.38,139.38,137.65,137.80,138.77,138.68,138.47,139.35,139.52,139.52,136.84,139.87,140.68,140.03,140.03,137.87,138.53,138.85,138.16,127.57,123.75,119.99,123.14,123.53,121.77,123.69,124.39,118.45,122.92,122.74,121.41,132.62,120.60,123.11,123.64,124.39,126.42,126.86,128.11,127.33,121.43,125.29,125.98,126.32,135.36,134.76,137.59,137.59,137.59,140.02,130.10,131.41,128.75,128.75,129.09,133.94,135.76,133.93,128.59,128.84,132.70,128.35,146.76,128.16,146.76,136.09,136.30,140.29,136.15,130.12,127.32,127.60
Clase,0.003092437,0941,Servicios de recreación y deportivos (S),166.15,153.14,153.70,153.47,172.54,172.15,153.83,148.61,226.50,197.44,174.60,178.19,180.91,245.90,245.18,245.10,223.34,226.53,175.68,205.72,201.09,227.58,227.43,272.30,227.03,338.14,335.82,405.31,596.57,322.48,274.27,263.30,315.16,335.66,350.55,432.95,433.78,387.17,289.44,442.04,438.69,295.11,242.69,300.29,348.14,418.18,300.83,395.82,396.68,332.62,350.85,294.67,329.24,329.34,280.02,301.23,304.69,316.32,381.80,380.16,378.35,208.35,208.35,208.35,208.35,208.67,208.28,208.28,202.14,202.66,206.10,205.80,205.04,208.19,208.78,208.78,209.26,207.69,210.60,210.60,210.60,209.95,209.95,211.08,210.57,170.03,156.46,143.09,154.29,155.69,149.41,156.25,158.72,139.91,151.12,150.47,150.47,190.36,147.57,156.51,158.39,158.72,158.72,160.30,164.72,165.73,149.42,149.42,151.88,153.11,185.27,177.37,186.77,186.77,186.77,192.87,157.56,166.59,157.12,157.12,158.32,175.56,182.77,176.27,157.28,158.15,171.89,164.97,230.48,164.31,230.48,192.52,193.28,207.46,192.74,171.27,161.32,162.31
Subclase,0.003092437,09411,Servicio de recreación y deportivos,166.15,153.14,153.70,153.47,172.54,172.15,153.83,148.61,226.50,197.44,174.60,178.19,180.91,245.90,245.18,245.10,223.34,226.53,175.68,205.72,201.09,227.58,227.43,272.30,227.03,338.14,335.82,405.31,596.57,322.48,274.27,263.30,315.16,335.66,350.55,432.95,433.78,387.17,289.44,442.04,438.69,295.11,242.69,300.29,348.14,418.18,300.83,395.82,396.68,332.62,350.85,294.67,329.24,329.34,280.02,301.23,304.69,316.32,381.80,380.16,378.35,208.35,208.35,208.35,208.35,208.67,208.28,208.28,202.14,202.66,206.10,205.80,205.04,208.19,208.78,208.78,209.26,207.69,210.60,210.60,210.60,209.95,209.95,211.08,210.57,170.03,156.46,143.09,154.29,155.69,149.41,156.25,158.72,139.91,151.12,150.47,150.47,190.36,147.57,156.51,158.39,158.72,158.72,160.30,164.72,165.73,149.42,149.42,151.88,153.11,185.27,177.37,186.77,186.77,186.77,192.87,157.56,166.59,157.12,157.12,158.32,175.56,182.77,176.27,157.28,158.15,171.89,164.97,230.48,164.31,230.48,192.52,193.28,207.46,192.74,171.27,161.32,162.31
Producto,0.000644939,09411289,ENTRADA A ESTADIOS DEPORTIVOS,392.24,329.83,324.55,321.26,404.76,404.76,324.55,301.29,638.31,511.08,411.09,426.78,426.78,711.30,711.30,711.30,616.00,616.00,410.88,540.61,516.15,632.15,626.83,823.25,626.83,1097.66,1097.66,1401.91,2243.06,1043.70,828.39,780.35,1007.43,1092.49,1162.37,1523.13,1523.13,1319.07,879.38,1552.16,1552.16,923.63,680.22,936.97,1143.99,1447.04,936.97,1351.34,1351.34,1067.57,1143.99,895.22,1053.79,1053.79,833.10,936.97,936.97,987.65,1276.70,1276.70,1276.70,532.41,532.41,532.41,532.41,532.41,532.41,532.41,532.41,532.41,532.41,532.41,532.41,532.41,532.41,532.41,532.41,532.41,532.41,532.41,532.41,532.41,532.41,532.41,532.41,354.94,295.51,236.99,286.01,286.01,259.32,282.88,305.40,220.23,269.31,269.31,269.31,439.78,257.18,277.77,284.62,280.07,280.07,286.95,303.41,307.81,242.77,242.77,242.77,242.77,383.58,348.51,389.64,389.64,389.64,412.18,257.61,301.31,259.83,259.83,259.83,331.06,362.62,334.16,251.02,259.85,319.27,289.73,579.47,289.73,579.47,409.75,409.75,471.80,407.37,313.65,266.35,266.35
Producto,0.000931613,09411290,GIMNASIO,105.11,107.95,108.50,110.99,110.99,110.99,110.99,110.99,113.63,113.63,113.63,113.63,118.82,118.82,111.09,106.24,106.24,106.24,111.09,111.09,111.09,111.09,116.16,116.16,114.24,118.48,115.21,115.21,111.09,111.09,111.09,111.09,111.09,116.16,111.09,111.09,111.09,111.09,116.16,111.09,111.09,114.09,118.82,124.24,122.04,118.82,118.82,120.47,109.39,109.39,109.39,109.39,109.39,112.81,117.96,112.81,112.81,110.18,110.18,110.18,101.60,101.60,101.60,101.60,101.60,101.60,101.60,101.60,88.34,90.84,101.60,101.60,101.60,101.60,101.60,101.60,101.60,97.96,101.60,101.60,101.60,98.52,98.52,101.60,98.52,98.52,98.52,98.52,98.52,101.60,101.60,101.60,98.52,101.60,101.60,98.52,98.52,103.01,99.33,99.33,99.33,102.39,102.39,102.39,105.55,105.55,98.65,98.65,102.39,102.39,102.39,102.39,102.39,102.39,102.39,102.39,102.39,102.39,102.39,102.39,102.39,102.39,102.39,102.39,102.39,105.55,105.55,105.55,102.39,102.39,102.39,106.19,106.19,106.19,106.19,103.01,103.01,103.01
Producto,0.001023095,09411291,PISCINA Y SITIOS DE RECREACIÓN,94.35,94.35,97.10,97.10,97.10,96.08,96.08,96.33,97.26,97.26,97.26,97.26,100.05,100.05,100.05,100.05,100.05,107.97,97.56,98.63,98.63,98.63,98.63,98.63,98.63,105.48,101.29,101.29,101.29,101.11,101.11,101.11,101.11,101.11,101.11,101.11,101.11,101.11,105.30,105.30,95.44,93.77,99.35,93.77,95.04,98.87,96.69,96.69,104.85,104.85,104.85,106.48,102.25,100.69,100.69,100.69,109.55,111.11,109.72,105.51,105.51,105.51,105.51,105.51,105.51,106.31,105.31,105.31,106.31,106.31,106.31,106.31,106.31,110.71,110.71,110.71,111.93,111.93,111.93,111.93,111.93,111.93,111.93,113.17,113.17,113.17,113.17,113.17,113.17,113.17,113.17,113.17,113.17,113.17,113.17,113.17,113.17,113.17,113.17,124.03,124.83,124.83,124.83,124.83,124.83,124.83,124.83,124.83,129.12,132.25,132.25,132.55,132.55,132.55,132.55,134.99,134.99,132.55,132.55,132.55,132.55,132.55,132.55,132.55,132.55,127.90,128.36,127.90,127.90,127.90,127.90,127.90,129.86,129.86,129.86,129.86,132.05,134.58
Producto,0.00049279,09411292,CLASES DE DEPORTE,103.11,106.94,110.29,110.29,110.29,110.29,110.29,110.29,110.29,110.29,110.29,110.29,113.46,113.46,118.75,124.29,124.29,124.84,119.28,119.28,124.84,124.84,124.84,124.84,124.84,124.84,124.84,124.84,124.84,124.40,130.08,130.08,130.08,130.08,130.08,130.08,134.91,134.91,134.91,134.91,137.81,137.81,137.81,137.81,140.97,140.97,140.97,140.97,140.97,145.39,149.95,149.95,149.95,149.95,149.95,141.57,141.57,141.57,141.57,141.57,141.57,141.57,141.57,141.57,141.57,141.57,141.57,141.57,119.65,119.65,126.55,124.79,120.32,128.70,132.18,132.18,132.18,127.45,140.01,140.01,140.01,140.01,140.01,140.01,140.80,140.80,140.80,140.80,140.80,145.21,144.15,152.69,140.80,140.80,140.80,140.80,140.80,140.80,138.99,138.99,138.99,143.28,143.28,143.28,143.28,143.28,143.28,143.28,143.28,143.28,143.28,143.28,143.28,143.28,143.28,143.28,143.28,143.28,143.28,143.28,150.32,156.01,156.01,156.01,156.01,156.01,156.01,156.01,156.01,156.01,156.01,156.01,156.01,156.01,156.01,159.52,159.52,159.52
Clase,0.009513549,0942,Servicios culturales (S),101.51,101.51,101.01,100.34,101.16,101.16,101.16,100.38,100.38,100.38,102.55,102.55,101.13,101.13,101.66,100.54,101.66,102.53,102.94,103.56,103.56,103.56,103.56,104.50,101.69,105.91,105.91,105.14,105.14,104.09,104.26,105.22,105.22,105.22,104.09,104.09,107.87,109.31,108.31,109.58,110.38,110.38,110.38,109.38,109.38,109.38,109.38,109.38,110.36,111.66,111.66,111.66,111.66,111.66,111.66,111.66,114.20,115.15,115.02,115.02,115.02,115.02,115.02,115.02,115.02,115.02,115.02,115.02,115.02,115.02,115.02,115.02,115.02,115.02,115.02,115.02,110.41,116.10,116.10,115.02,115.02,111.78,112.86,112.86,111.97,113.28,113.28,113.28,113.28,113.28,113.28,113.28,113.28,112.21,114.38,114.38,112.21,112.21,112.21,112.21,112.21,113.28,116.62,116.62,116.62,114.89,112.71,119.05,119.05,119.05,119.05,121.71,122.01,122.01,122.01,123.19,123.19,121.18,121.18,121.18,121.18,121.18,120.85,120.85,120.85,120.85,120.85,116.90,116.90,116.90,116.90,116.90,116.90,116.90,116.90,116.90,116.90,116.90
Subclase,0.009513549,09421,Servicio culturales,101.51,101.51,101.01,100.34,101.16,101.16,101.16,100.38,100.38,100.38,102.55,102.55,101.13,101.13,101.66,100.54,101.66,102.53,102.94,103.56,103.56,103.56,103.56,104.50,101.69,105.91,105.91,105.14,105.14,104.09,104.26,105.22,105.22,105.22,104.09,104.09,107.87,109.31,108.31,109.58,110.38,110.38,110.38,109.38,109.38,109.38,109.38,109.38,110.36,111.66,111.66,111.66,111.66,111.66,111.66,111.66,114.20,115.15,115.02,115.02,115.02,115.02,115.02,115.02,115.02,115.02,115.02,115.02,115.02,115.02,115.02,115.02,115.02,115.02,115.02,115.02,110.41,116.10,116.10,115.02,115.02,111.78,112.86,112.86,111.97,113.28,113.28,113.28,113.28,113.28,113.28,113.28,113.28,112.21,114.38,114.38,112.21,112.21,112.21,112.21,112.21,113.28,116.62,116.62,116.62,114.89,112.71,119.05,119.05,119.05,119.05,121.71,122.01,122.01,122.01,123.19,123.19,121.18,121.18,121.18,121.18,121.18,120.85,120.85,120.85,120.85,120.85,116.90,116.90,116.90,116.90,116.90,116.90,116.90,116.90,116.90,116.90,116.90
Producto,0.001898629,09421293,ENTRADA A CINE,103.61,103.61,103.61,103.61,103.61,103.61,103.61,103.61,103.61,103.61,103.61,103.61,103.61,103.61,103.61,103.61,103.61,103.61,103.61,103.61,103.61,103.61,103.61,103.61,85.11,103.61,103.61,103.61,103.61,103.61,103.61,103.61,103.61,103.61,103.61,103.61,103.61,103.61,103.61,109.16,109.16,109.16,109.16,109.16,109.16,109.16,109.16,109.16,109.16,109.16,109.16,109.16,109.16,109.16,109.16,109.16,120.26,120.26,120.26,120.26,120.26,120.26,120.26,120.26,120.26,120.26,120.26,120.26,120.26,120.26,120.26,120.26,120.26,120.26,120.26,120.26,120.26,120.26,120.26,120.26,120.26,120.26,120.26,120.26,122.11,122.11,122.11,122.11,122.11,122.11,122.11,122.11,122.11,122.11,122.11,122.11,122.11,122.11,122.11,122.11,122.11,122.11,136.73,136.73,136.73,136.73,136.73,136.73,136.73,136.73,136.73,140.61,140.61,140.61,140.61,140.61,140.61,140.61,140.61,140.61,140.61,140.61,140.61,140.61,140.61,140.61,140.61,140.61,140.61,140.61,140.61,140.61,140.61,140.61,140.61,140.61,140.61,140.61
Producto,0.001687345,09421294,ENTRADA A DISCOTECA,99.42,99.42,99.42,96.40,96.40,96.40,96.40,92.95,92.95,92.95,96.40,96.40,86.55,86.55,88.89,83.92,88.89,88.17,88.17,90.93,90.93,90.93,90.93,95.08,96.40,96.40,96.40,92.95,92.95,92.95,93.68,97.96,97.96,97.96,92.95,92.95,96.40,99.98,95.53,95.53,99.08,99.08,99.08,94.66,94.66,94.66,94.66,94.66,98.98,98.98,98.98,98.98,98.98,98.98,98.98,98.98,98.98,102.66,102.66,102.66,102.66,102.66,102.66,102.66,102.66,102.66,102.66,102.66,102.66,102.66,102.66,102.66,102.66,102.66,102.66,102.66,82.13,107.45,107.45,102.66,102.66,102.66,107.45,107.45,101.62,107.45,107.45,107.45,107.45,107.45,107.45,107.45,107.45,102.66,102.66,102.66,102.66,102.66,102.66,102.66,102.66,107.45,107.45,107.45,107.45,107.45,107.45,107.45,107.45,107.45,107.45,107.45,107.45,107.45,107.45,107.45,107.45,107.45,107.45,107.45,107.45,107.45,107.45,107.45,107.45,107.45,107.45,107.45,107.45,107.45,107.45,107.45,107.45,107.45,107.45,107.45,107.45,107.45
Producto,0.005927575,09421295,GASTO EN TARIFA DE TELEVISIÓN PAGADA,101.49,101.49,100.58,100.58,102.08,102.08,102.08,102.08,102.08,102.08,104.63,104.63,106.08,106.08,106.08,106.08,106.08,107.97,108.73,108.73,108.73,108.73,108.73,108.73,110.78,110.78,110.78,110.78,110.78,108.87,108.87,108.87,108.87,108.87,108.87,108.87,114.36,115.52,115.52,115.52,115.52,115.52,115.52,115.52,115.52,115.52,115.52,115.52,115.52,117.91,117.91,117.91,117.91,117.91,117.91,117.91,117.91,118.15,117.91,117.91,117.91,117.91,117.91,117.91,117.91,117.91,117.91,117.91,117.91,117.91,117.91,117.91,117.91,117.91,117.91,117.91,117.91,117.91,117.91,117.91,117.91,111.99,111.99,111.99,111.99,111.99,111.99,111.99,111.99,111.99,111.99,111.99,111.99,111.99,115.96,115.96,111.99,111.99,111.99,111.99,111.99,111.99,111.99,111.99,111.99,108.82,104.84,116.42,116.42,116.42,116.42,119.66,120.21,120.21,120.21,122.37,122.37,118.71,118.71,118.71,118.71,118.71,118.10,118.10,118.10,118.10,118.10,110.87,110.87,110.87,110.87,110.87,110.87,110.87,110.87,110.87,110.87,110.87
Clase,0.001827335,0943,Juegos de azar (S),98.06,98.06,98.06,98.06,98.06,98.06,98.06,98.06,98.06,98.06,98.06,98.06,98.06,98.06,98.06,98.06,98.06,98.06,98.06,98.06,98.06,98.06,98.06,98.06,98.06,98.06,98.06,98.06,98.06,98.06,98.06,98.06,98.06,98.06,98.06,98.06,98.06,98.06,98.06,98.06,98.06,98.06,98.06,98.06,98.06,98.06,98.06,98.06,98.06,98.06,98.06,98.06,98.06,98.06,98.06,98.06,98.06,98.06,98.06,98.06,98.06,98.06,98.06,98.06,98.06,98.06,98.06,98.06,98.06,98.06,98.06,98.06,98.06,98.06,98.06,98.06,98.06,98.06,98.06,98.06,98.06,98.06,98.06,98.06,98.06,98.06,98.06,98.06,98.06,98.06,98.06,98.06,98.06,98.06,98.06,98.06,98.06,98.06,98.06,98.06,98.06,98.06,98.06,98.06,98.06,98.06,98.06,98.06,98.06,98.06,98.06,98.06,98.06,98.06,98.06,98.06,98.06,98.06,98.06,98.06,98.06,98.06,98.06,98.06,98.06,98.06,98.06,98.06,98.06,98.06,98.06,98.06,98.06,98.06,98.06,98.06,98.06,98.06
Subclase,0.001827335,09431,Juegos de azar,98.06,98.06,98.06,98.06,98.06,98.06,98.06,98.06,98.06,98.06,98.06,98.06,98.06,98.06,98.06,98.06,98.06,98.06,98.06,98.06,98.06,98.06,98.06,98.06,98.06,98.06,98.06,98.06,98.06,98.06,98.06,98.06,98.06,98.06,98.06,98.06,98.06,98.06,98.06,98.06,98.06,98.06,98.06,98.06,98.06,98.06,98.06,98.06,98.06,98.06,98.06,98.06,98.06,98.06,98.06,98.06,98.06,98.06,98.06,98.06,98.06,98.06,98.06,98.06,98.06,98.06,98.06,98.06,98.06,98.06,98.06,98.06,98.06,98.06,98.06,98.06,98.06,98.06,98.06,98.06,98.06,98.06,98.06,98.06,98.06,98.06,98.06,98.06,98.06,98.06,98.06,98.06,98.06,98.06,98.06,98.06,98.06,98.06,98.06,98.06,98.06,98.06,98.06,98.06,98.06,98.06,98.06,98.06,98.06,98.06,98.06,98.06,98.06,98.06,98.06,98.06,98.06,98.06,98.06,98.06,98.06,98.06,98.06,98.06,98.06,98.06,98.06,98.06,98.06,98.06,98.06,98.06,98.06,98.06,98.06,98.06,98.06,98.06
Producto,0.001827335,09431296,BILLETE DE  LOTERÍA,98.06,98.06,98.06,98.06,98.06,98.06,98.06,98.06,98.06,98.06,98.06,98.06,98.06,98.06,98.06,98.06,98.06,98.06,98.06,98.06,98.06,98.06,98.06,98.06,98.06,98.06,98.06,98.06,98.06,98.06,98.06,98.06,98.06,98.06,98.06,98.06,98.06,98.06,98.06,98.06,98.06,98.06,98.06,98.06,98.06,98.06,98.06,98.06,98.06,98.06,98.06,98.06,98.06,98.06,98.06,98.06,98.06,98.06,98.06,98.06,98.06,98.06,98.06,98.06,98.06,98.06,98.06,98.06,98.06,98.06,98.06,98.06,98.06,98.06,98.06,98.06,98.06,98.06,98.06,98.06,98.06,98.06,98.06,98.06,98.06,98.06,98.06,98.06,98.06,98.06,98.06,98.06,98.06,98.06,98.06,98.06,98.06,98.06,98.06,98.06,98.06,98.06,98.06,98.06,98.06,98.06,98.06,98.06,98.06,98.06,98.06,98.06,98.06,98.06,98.06,98.06,98.06,98.06,98.06,98.06,98.06,98.06,98.06,98.06,98.06,98.06,98.06,98.06,98.06,98.06,98.06,98.06,98.06,98.06,98.06,98.06,98.06,98.06
Grupo,0.014440807,095,"Periódicos, libros y papeles y útiles de oficina",98.96,99.13,99.13,97.91,98.29,98.14,98.14,98.14,98.14,98.14,98.14,98.14,97.80,97.82,97.81,93.20,94.17,93.83,93.83,93.70,93.83,93.83,93.82,93.78,94.03,94.03,93.95,95.13,94.25,93.59,93.41,93.31,93.41,93.75,93.65,93.61,93.65,93.65,93.93,92.61,92.73,92.37,92.32,92.32,92.28,92.32,92.32,92.16,92.16,92.16,92.19,92.39,92.65,92.26,92.29,92.29,92.37,91.89,91.89,91.89,91.89,91.89,91.89,91.58,90.72,91.18,91.11,91.15,91.01,90.79,90.86,90.86,90.77,90.75,90.75,90.95,90.67,89.28,89.28,89.28,89.28,89.28,89.28,89.28,89.07,89.10,89.10,89.95,90.06,92.25,92.34,93.88,93.79,93.51,93.94,93.86,93.87,94.48,93.84,94.03,93.86,92.74,92.74,92.74,92.74,92.74,92.74,92.74,92.57,92.74,92.74,93.94,93.99,94.39,94.39,94.39,94.38,94.24,94.37,94.26,94.26,94.26,94.23,93.01,93.05,92.48,92.39,92.45,92.47,92.47,92.64,92.64,92.77,92.81,92.70,93.54,93.03,93.03
Clase,0.008312593,0951,Libros (SD),98.46,98.75,98.75,96.47,96.47,95.99,95.99,95.99,95.99,95.99,95.99,95.99,95.41,95.44,95.43,88.26,89.83,88.26,88.26,88.26,88.26,88.26,88.26,88.19,88.63,88.63,88.48,91.13,89.62,89.58,89.40,89.21,89.40,89.29,89.12,89.12,89.12,89.12,89.60,87.72,88.25,87.58,87.44,87.44,87.44,87.44,87.44,87.16,87.16,87.16,87.22,87.10,87.76,87.13,87.19,87.19,86.67,85.86,85.86,85.86,85.86,85.86,85.86,85.24,84.56,84.56,84.42,84.50,84.64,84.25,84.38,84.38,84.22,84.18,84.18,84.36,84.28,81.88,81.88,81.88,81.88,81.88,81.88,81.88,81.52,81.57,81.57,82.38,82.06,85.28,85.43,85.02,84.88,84.40,84.40,84.26,84.29,85.33,84.23,83.16,82.97,81.13,81.13,81.13,81.13,81.13,81.13,81.13,81.13,81.13,81.13,81.14,81.14,81.78,81.77,81.77,81.75,81.52,81.73,81.54,81.54,81.54,81.50,79.15,79.23,78.03,77.87,77.98,78.01,78.01,78.31,78.31,78.53,78.59,78.41,80.70,79.47,79.47
Subclase,0.008312593,09511,Libros,98.46,98.75,98.75,96.47,96.47,95.99,95.99,95.99,95.99,95.99,95.99,95.99,95.41,95.44,95.43,88.26,89.83,88.26,88.26,88.26,88.26,88.26,88.26,88.19,88.63,88.63,88.48,91.13,89.62,89.58,89.40,89.21,89.40,89.29,89.12,89.12,89.12,89.12,89.60,87.72,88.25,87.58,87.44,87.44,87.44,87.44,87.44,87.16,87.16,87.16,87.22,87.10,87.76,87.13,87.19,87.19,86.67,85.86,85.86,85.86,85.86,85.86,85.86,85.24,84.56,84.56,84.42,84.50,84.64,84.25,84.38,84.38,84.22,84.18,84.18,84.36,84.28,81.88,81.88,81.88,81.88,81.88,81.88,81.88,81.52,81.57,81.57,82.38,82.06,85.28,85.43,85.02,84.88,84.40,84.40,84.26,84.29,85.33,84.23,83.16,82.97,81.13,81.13,81.13,81.13,81.13,81.13,81.13,81.13,81.13,81.13,81.14,81.14,81.78,81.77,81.77,81.75,81.52,81.73,81.54,81.54,81.54,81.50,79.15,79.23,78.03,77.87,77.98,78.01,78.01,78.31,78.31,78.53,78.59,78.41,80.70,79.47,79.47
Producto,0.001081267,09511297,LIBROS Y ENCICLOPEDIAS,106.12,108.13,108.13,106.34,106.29,102.91,102.91,102.91,102.91,102.91,102.91,102.91,98.84,99.10,99.01,99.04,99.06,99.05,99.05,99.05,99.05,99.05,99.05,98.57,101.61,101.61,100.59,100.59,103.29,103.29,102.02,100.73,102.02,101.31,100.14,100.14,100.14,100.14,103.41,103.41,106.60,106.29,105.31,105.31,105.31,105.31,105.31,103.39,103.39,103.40,103.78,103.70,103.70,102.45,102.87,102.87,99.29,93.63,93.63,93.63,93.63,93.63,93.63,93.63,93.63,93.63,92.71,93.26,94.24,91.50,92.41,92.41,91.32,91.04,91.04,91.01,92.00,92.00,92.00,92.00,92.00,92.00,92.00,92.00,89.51,89.88,89.88,88.22,84.17,85.74,86.77,83.94,82.94,79.59,79.59,78.62,78.81,86.08,78.40,78.08,78.15,78.15,78.15,78.15,78.15,78.15,78.15,78.15,78.15,78.15,78.15,79.80,79.80,79.80,79.77,79.77,79.60,77.99,79.47,78.16,78.16,78.16,77.89,78.15,78.15,78.15,77.08,77.82,78.05,78.05,80.12,80.12,81.66,82.09,80.83,80.83,80.83,80.83
Producto,0.007231326,09511298,TEXTOS DE ENSEÑANZA DE TODO NIVEL EDUCATIVO,97.18,97.18,97.18,94.81,94.82,94.83,94.83,94.83,94.83,94.83,94.83,94.83,94.83,94.83,94.83,86.45,88.28,86.45,86.45,86.45,86.45,86.45,86.45,86.45,86.45,86.45,86.45,89.54,87.32,87.27,87.27,87.27,87.27,87.27,87.27,87.27,87.27,87.27,87.27,85.08,85.17,84.43,84.43,84.43,84.43,84.43,84.43,84.43,84.43,84.43,84.43,84.31,85.08,84.55,84.55,84.55,84.55,84.55,84.55,84.55,84.55,84.55,84.55,83.83,83.03,83.03,83.03,83.03,83.03,83.03,83.03,83.03,83.03,83.03,83.03,83.24,82.98,80.18,80.18,80.18,80.18,80.18,80.18,80.18,80.18,80.18,80.18,81.40,81.71,85.21,85.21,85.21,85.21,85.21,85.21,85.21,85.21,85.21,85.21,84.01,83.77,81.63,81.63,81.63,81.63,81.63,81.63,81.63,81.63,81.63,81.63,81.37,81.37,82.11,82.11,82.11,82.11,82.11,82.11,82.11,82.11,82.11,82.11,79.32,79.41,78.01,78.01,78.01,78.01,78.01,78.01,78.01,78.01,78.01,78.01,80.68,79.24,79.24
Clase,0.00347219,0952,Diarios y periódicos (ND),101.13,101.13,101.13,101.13,101.13,101.13,101.13,101.13,101.13,101.13,101.13,101.13,101.13,101.13,101.13,100.75,100.75,101.31,101.31,100.82,101.31,101.31,101.27,101.27,101.27,101.27,101.27,101.33,102.26,101.12,100.87,100.87,100.87,102.38,102.38,102.23,102.38,102.38,102.38,102.38,102.38,102.23,102.38,102.38,102.23,102.38,102.38,102.38,102.38,102.38,102.38,102.38,102.23,102.23,102.23,102.23,103.65,103.65,103.65,103.65,103.65,103.65,103.65,103.65,102.23,103.65,103.65,103.65,102.81,102.81,102.81,102.81,102.81,102.81,102.81,102.81,102.81,102.81,102.81,102.81,102.81,102.81,102.81,102.81,102.81,102.81,102.81,102.81,102.81,102.81,102.81,109.59,109.59,109.59,111.22,111.22,111.22,111.22,111.22,111.22,111.22,111.22,111.22,111.22,111.22,111.22,111.22,111.22,110.57,111.22,111.22,115.13,115.15,115.15,115.15,115.15,115.15,115.15,115.15,115.15,115.15,115.15,115.15,115.15,115.15,115.15,115.15,115.15,115.15,115.15,115.15,115.15,115.15,115.15,115.15,115.15,115.15,115.15
Subclase,0.00347219,09521,Diarios y periódicos,101.13,101.13,101.13,101.13,101.13,101.13,101.13,101.13,101.13,101.13,101.13,101.13,101.13,101.13,101.13,100.75,100.75,101.31,101.31,100.82,101.31,101.31,101.27,101.27,101.27,101.27,101.27,101.33,102.26,101.12,100.87,100.87,100.87,102.38,102.38,102.23,102.38,102.38,102.38,102.38,102.38,102.23,102.38,102.38,102.23,102.38,102.38,102.38,102.38,102.38,102.38,102.38,102.23,102.23,102.23,102.23,103.65,103.65,103.65,103.65,103.65,103.65,103.65,103.65,102.23,103.65,103.65,103.65,102.81,102.81,102.81,102.81,102.81,102.81,102.81,102.81,102.81,102.81,102.81,102.81,102.81,102.81,102.81,102.81,102.81,102.81,102.81,102.81,102.81,102.81,102.81,109.59,109.59,109.59,111.22,111.22,111.22,111.22,111.22,111.22,111.22,111.22,111.22,111.22,111.22,111.22,111.22,111.22,110.57,111.22,111.22,115.13,115.15,115.15,115.15,115.15,115.15,115.15,115.15,115.15,115.15,115.15,115.15,115.15,115.15,115.15,115.15,115.15,115.15,115.15,115.15,115.15,115.15,115.15,115.15,115.15,115.15,115.15
Producto,0.00347219,09521299,PERIÓDICOS Y REVISTAS,101.13,101.13,101.13,101.13,101.13,101.13,101.13,101.13,101.13,101.13,101.13,101.13,101.13,101.13,101.13,100.75,100.75,101.31,101.31,100.82,101.31,101.31,101.27,101.27,101.27,101.27,101.27,101.33,102.26,101.12,100.87,100.87,100.87,102.38,102.38,102.23,102.38,102.38,102.38,102.38,102.38,102.23,102.38,102.38,102.23,102.38,102.38,102.38,102.38,102.38,102.38,102.38,102.23,102.23,102.23,102.23,103.65,103.65,103.65,103.65,103.65,103.65,103.65,103.65,102.23,103.65,103.65,103.65,102.81,102.81,102.81,102.81,102.81,102.81,102.81,102.81,102.81,102.81,102.81,102.81,102.81,102.81,102.81,102.81,102.81,102.81,102.81,102.81,102.81,102.81,102.81,109.59,109.59,109.59,111.22,111.22,111.22,111.22,111.22,111.22,111.22,111.22,111.22,111.22,111.22,111.22,111.22,111.22,110.57,111.22,111.22,115.13,115.15,115.15,115.15,115.15,115.15,115.15,115.15,115.15,115.15,115.15,115.15,115.15,115.15,115.15,115.15,115.15,115.15,115.15,115.15,115.15,115.15,115.15,115.15,115.15,115.15,115.15
Clase,0.002656024,0954,Papel y útiles de oficina y materiales de dibujo (ND),97.17,97.17,97.17,97.88,100.28,101.09,101.09,101.09,101.09,101.09,101.09,101.09,101.09,101.09,101.09,98.89,99.26,101.95,101.95,101.95,101.95,101.95,101.95,101.95,101.95,101.95,101.95,99.58,98.04,95.84,95.84,95.84,95.84,95.84,95.84,95.84,95.84,95.84,95.84,94.41,93.18,93.63,93.63,93.63,93.63,93.63,93.63,93.63,93.63,93.63,93.63,95.28,94.76,94.61,94.61,94.61,94.61,94.61,94.61,94.61,94.61,94.61,94.61,94.90,94.30,94.90,94.90,94.90,94.90,94.90,94.90,94.90,94.90,94.90,94.90,95.57,94.08,94.08,94.08,94.08,94.08,94.08,94.08,94.08,94.08,94.08,94.08,96.51,98.42,100.41,100.41,100.41,100.41,100.41,100.41,100.41,100.41,100.41,100.41,105.59,105.22,104.88,104.88,104.88,104.88,104.88,104.88,104.88,104.88,104.88,104.88,105.98,106.22,106.44,106.44,106.44,106.44,106.44,106.44,106.44,106.44,106.44,106.44,107.32,107.32,108.13,108.13,108.13,108.13,108.13,108.13,108.13,108.13,108.13,108.13,105.01,106.27,106.27
Subclase,0.002656024,09541,Papel y útiles de oficina y materiales de dibujo,97.17,97.17,97.17,97.88,100.28,101.09,101.09,101.09,101.09,101.09,101.09,101.09,101.09,101.09,101.09,98.89,99.26,101.95,101.95,101.95,101.95,101.95,101.95,101.95,101.95,101.95,101.95,99.58,98.04,95.84,95.84,95.84,95.84,95.84,95.84,95.84,95.84,95.84,95.84,94.41,93.18,93.63,93.63,93.63,93.63,93.63,93.63,93.63,93.63,93.63,93.63,95.28,94.76,94.61,94.61,94.61,94.61,94.61,94.61,94.61,94.61,94.61,94.61,94.90,94.30,94.90,94.90,94.90,94.90,94.90,94.90,94.90,94.90,94.90,94.90,95.57,94.08,94.08,94.08,94.08,94.08,94.08,94.08,94.08,94.08,94.08,94.08,96.51,98.42,100.41,100.41,100.41,100.41,100.41,100.41,100.41,100.41,100.41,100.41,105.59,105.22,104.88,104.88,104.88,104.88,104.88,104.88,104.88,104.88,104.88,104.88,105.98,106.22,106.44,106.44,106.44,106.44,106.44,106.44,106.44,106.44,106.44,106.44,107.32,107.32,108.13,108.13,108.13,108.13,108.13,108.13,108.13,108.13,108.13,108.13,105.01,106.27,106.27
Producto,0.001028735,09541300,CUADERNOS,90.85,90.85,90.85,93.30,98.82,98.82,98.82,98.82,98.82,98.82,98.82,98.82,98.82,98.82,98.82,93.67,93.67,96.07,96.07,96.07,96.07,96.07,96.07,96.07,96.07,96.07,96.07,90.42,90.42,88.59,88.59,88.59,88.59,88.59,88.59,88.59,88.59,88.59,88.59,89.83,86.16,87.67,87.67,87.67,87.67,87.67,87.67,87.67,87.67,87.67,87.67,93.03,94.53,94.02,94.02,94.02,94.02,94.02,94.02,94.02,94.02,94.02,94.02,90.65,92.95,92.95,92.95,92.95,92.95,92.95,92.95,92.95,92.95,92.95,92.95,92.95,90.12,90.12,90.12,90.12,90.12,90.12,90.12,90.12,90.12,90.12,90.12,90.12,90.11,96.13,96.13,96.13,96.13,96.13,96.13,96.13,96.13,96.13,96.13,102.47,99.94,98.80,98.80,98.80,98.80,98.80,98.80,98.80,98.80,98.80,98.80,97.85,95.81,94.35,94.35,94.35,94.35,94.35,94.35,94.35,94.35,94.35,94.35,94.40,94.40,97.14,97.14,97.14,97.14,97.14,97.14,97.14,97.14,97.14,97.14,91.38,92.26,92.26
Producto,0.000636456,09541301,BOLÍGRAFOS,98.50,98.50,98.50,103.06,104.79,104.79,104.79,104.79,104.79,104.79,104.79,104.79,104.79,104.79,104.79,102.83,99.54,103.00,103.00,103.00,103.00,103.00,103.00,103.00,103.00,103.00,103.00,106.89,96.96,96.92,96.92,96.92,96.92,96.92,96.92,96.92,96.92,96.92,96.92,95.34,95.34,95.34,95.34,95.34,95.34,95.34,95.34,95.34,95.34,95.34,95.34,98.13,94.72,94.72,94.72,94.72,94.72,94.72,94.72,94.72,94.72,94.72,94.72,97.68,94.72,94.72,94.72,94.72,94.72,94.72,94.72,94.72,94.72,94.72,94.72,94.72,94.72,94.72,94.72,94.72,94.72,94.72,94.72,94.72,94.72,94.72,94.72,94.95,98.23,98.23,98.23,98.23,98.23,98.23,98.23,98.23,98.23,98.23,98.23,105.24,105.24,105.24,105.24,105.24,105.24,105.24,105.24,105.24,105.24,105.24,105.24,105.70,105.70,108.49,108.49,108.49,108.49,108.49,108.49,108.49,108.49,108.49,108.49,109.69,109.69,109.69,109.69,109.69,109.69,109.69,109.69,109.69,109.69,109.69,109.69,105.50,105.50,105.50
Producto,0.000990832,09541302,ÚTILES ESCOLARES,100.64,100.64,100.64,97.61,98.30,100.20,100.20,100.20,100.20,100.20,100.20,100.20,100.20,100.20,100.20,99.88,102.92,105.31,105.31,105.31,105.31,105.31,105.31,105.31,105.31,105.31,105.31,101.07,104.00,100.12,100.12,100.12,100.12,100.12,100.12,100.12,100.12,100.12,100.12,96.96,96.59,96.59,96.59,96.59,96.59,96.59,96.59,96.59,96.59,96.59,96.59,94.95,94.95,94.95,94.95,94.95,94.95,94.95,94.95,94.95,94.95,94.95,94.95,95.98,94.95,96.37,96.37,96.37,96.37,96.37,96.37,96.37,96.37,96.37,96.37,97.95,96.38,96.38,96.38,96.38,96.38,96.38,96.38,96.38,96.38,96.38,96.38,101.94,104.26,104.79,104.79,104.79,104.79,104.79,104.79,104.79,104.79,104.79,104.79,107.97,108.84,108.84,108.84,108.84,108.84,108.84,108.84,108.84,108.84,108.84,108.84,111.75,113.73,113.42,113.42,113.42,113.42,113.42,113.42,113.42,113.42,113.42,113.42,114.65,114.65,114.65,114.65,114.65,114.65,114.65,114.65,114.65,114.65,114.65,114.65,114.06,116.43,116.43
Grupo,0.002125104,096,Paquetes turísticos,116.17,116.17,113.01,113.01,111.82,112.35,118.41,113.64,108.16,111.18,113.16,110.17,112.71,100.61,105.33,111.80,108.66,113.31,106.54,109.92,108.40,114.66,111.49,121.12,111.12,121.17,107.05,105.54,104.54,99.29,107.48,109.86,107.67,105.29,104.17,109.65,102.23,103.40,108.31,99.34,102.53,104.57,108.87,108.28,102.37,102.37,104.16,127.23,111.49,102.46,104.57,108.13,98.91,112.04,110.93,110.78,104.16,106.10,104.81,123.91,110.02,115.47,100.41,100.41,100.41,93.85,87.72,87.72,87.72,88.39,97.38,100.13,90.99,96.21,93.85,97.56,93.79,91.10,94.74,92.56,100.91,96.13,99.87,113.51,106.97,104.37,102.21,102.52,101.06,98.37,111.50,110.87,100.58,104.09,105.21,109.17,106.36,106.83,108.34,105.84,104.66,99.73,110.01,110.91,102.33,104.34,99.11,108.86,99.82,99.69,100.61,105.01,104.14,107.63,112.07,111.36,104.71,105.59,104.27,103.78,109.02,102.96,104.13,109.33,103.62,104.71,106.22,110.30,111.02,106.44,107.35,120.59,104.30,105.65,103.43,104.80,106.40,99.47
Clase,0.002125104,0960,Paquetes turísticos (S),116.17,116.17,113.01,113.01,111.82,112.35,118.41,113.64,108.16,111.18,113.16,110.17,112.71,100.61,105.33,111.80,108.66,113.31,106.54,109.92,108.40,114.66,111.49,121.12,111.12,121.17,107.05,105.54,104.54,99.29,107.48,109.86,107.67,105.29,104.17,109.65,102.23,103.40,108.31,99.34,102.53,104.57,108.87,108.28,102.37,102.37,104.16,127.23,111.49,102.46,104.57,108.13,98.91,112.04,110.93,110.78,104.16,106.10,104.81,123.91,110.02,115.47,100.41,100.41,100.41,93.85,87.72,87.72,87.72,88.39,97.38,100.13,90.99,96.21,93.85,97.56,93.79,91.10,94.74,92.56,100.91,96.13,99.87,113.51,106.97,104.37,102.21,102.52,101.06,98.37,111.50,110.87,100.58,104.09,105.21,109.17,106.36,106.83,108.34,105.84,104.66,99.73,110.01,110.91,102.33,104.34,99.11,108.86,99.82,99.69,100.61,105.01,104.14,107.63,112.07,111.36,104.71,105.59,104.27,103.78,109.02,102.96,104.13,109.33,103.62,104.71,106.22,110.30,111.02,106.44,107.35,120.59,104.30,105.65,103.43,104.80,106.40,99.47
Subclase,0.002125104,09601,Paquetes turísticos,116.17,116.17,113.01,113.01,111.82,112.35,118.41,113.64,108.16,111.18,113.16,110.17,112.71,100.61,105.33,111.80,108.66,113.31,106.54,109.92,108.40,114.66,111.49,121.12,111.12,121.17,107.05,105.54,104.54,99.29,107.48,109.86,107.67,105.29,104.17,109.65,102.23,103.40,108.31,99.34,102.53,104.57,108.87,108.28,102.37,102.37,104.16,127.23,111.49,102.46,104.57,108.13,98.91,112.04,110.93,110.78,104.16,106.10,104.81,123.91,110.02,115.47,100.41,100.41,100.41,93.85,87.72,87.72,87.72,88.39,97.38,100.13,90.99,96.21,93.85,97.56,93.79,91.10,94.74,92.56,100.91,96.13,99.87,113.51,106.97,104.37,102.21,102.52,101.06,98.37,111.50,110.87,100.58,104.09,105.21,109.17,106.36,106.83,108.34,105.84,104.66,99.73,110.01,110.91,102.33,104.34,99.11,108.86,99.82,99.69,100.61,105.01,104.14,107.63,112.07,111.36,104.71,105.59,104.27,103.78,109.02,102.96,104.13,109.33,103.62,104.71,106.22,110.30,111.02,106.44,107.35,120.59,104.30,105.65,103.43,104.80,106.40,99.47
Producto,0.002125104,09601303,PAQUETE DE VACACIONES,116.17,116.17,113.01,113.01,111.82,112.35,118.41,113.64,108.16,111.18,113.16,110.17,112.71,100.61,105.33,111.80,108.66,113.31,106.54,109.92,108.40,114.66,111.49,121.12,111.12,121.17,107.05,105.54,104.54,99.29,107.48,109.86,107.67,105.29,104.17,109.65,102.23,103.40,108.31,99.34,102.53,104.57,108.87,108.28,102.37,102.37,104.16,127.23,111.49,102.46,104.57,108.13,98.91,112.04,110.93,110.78,104.16,106.10,104.81,123.91,110.02,115.47,100.41,100.41,100.41,93.85,87.72,87.72,87.72,88.39,97.38,100.13,90.99,96.21,93.85,97.56,93.79,91.10,94.74,92.56,100.91,96.13,99.87,113.51,106.97,104.37,102.21,102.52,101.06,98.37,111.50,110.87,100.58,104.09,105.21,109.17,106.36,106.83,108.34,105.84,104.66,99.73,110.01,110.91,102.33,104.34,99.11,108.86,99.82,99.69,100.61,105.01,104.14,107.63,112.07,111.36,104.71,105.59,104.27,103.78,109.02,102.96,104.13,109.33,103.62,104.71,106.22,110.30,111.02,106.44,107.35,120.59,104.30,105.65,103.43,104.80,106.40,99.47
División,0.050917213,10,Educación,102.29,102.42,102.42,105.25,104.95,104.95,104.98,104.98,104.98,104.98,104.98,104.98,104.98,104.98,104.98,104.82,104.11,104.11,104.11,104.11,104.11,103.77,103.77,103.77,103.77,103.77,103.93,108.50,108.46,108.46,108.46,108.46,108.35,108.35,108.53,108.53,108.53,109.01,109.12,109.85,110.06,110.06,110.06,110.06,110.06,110.06,110.06,110.06,110.52,110.94,110.94,116.70,116.73,116.73,116.73,116.73,116.73,116.73,116.73,116.73,116.73,116.73,116.73,115.44,109.73,110.27,109.83,109.83,106.74,106.74,106.74,106.74,106.74,106.74,106.74,111.25,111.72,111.92,111.92,111.92,111.92,111.92,111.52,111.52,111.92,111.92,111.92,112.37,111.55,111.55,111.08,111.08,111.08,111.08,111.08,111.08,111.55,111.55,111.55,114.59,114.91,114.91,114.91,114.91,114.91,114.91,114.91,114.91,114.91,114.91,114.91,117.55,117.55,117.55,117.55,117.55,117.55,117.55,117.55,117.55,117.55,117.55,117.55,116.52,117.00,117.00,117.00,117.00,117.00,117.00,117.00,116.60,116.60,116.60,116.60,119.51,119.54,119.31
Grupo,0.01460889,101,Enseñanza preescolar y enseñanza primaria,105.52,105.52,105.52,116.67,116.67,116.67,116.67,116.67,116.67,116.67,116.67,116.67,116.67,116.67,116.67,119.30,119.30,119.30,119.30,119.30,119.30,119.30,119.30,119.30,119.30,119.30,119.30,123.28,123.28,123.28,123.28,123.28,123.28,123.28,123.28,123.28,123.28,123.28,123.28,124.44,124.44,124.44,124.44,124.44,124.44,124.44,124.44,124.44,124.44,124.44,124.44,141.36,141.36,141.36,141.36,141.36,141.36,141.36,141.36,141.36,141.36,141.36,141.36,140.63,132.15,131.49,131.49,131.49,131.49,131.49,131.49,131.49,131.49,131.49,131.49,141.03,141.03,141.03,141.03,141.03,141.03,141.03,141.03,141.03,141.03,141.03,141.03,146.17,146.17,146.17,146.17,146.17,146.17,146.17,146.17,146.17,146.17,146.17,146.17,150.06,151.07,151.07,151.07,151.07,151.07,151.07,151.07,151.07,151.07,151.07,151.07,156.47,156.47,156.47,156.47,156.47,156.47,156.47,156.47,156.47,156.47,156.47,156.47,157.97,157.97,157.97,157.97,157.97,157.97,157.97,157.97,157.97,157.97,157.97,157.97,162.87,162.87,162.87
Clase,0.01460889,1010,Enseñanza preescolar y enseñanza primaria (S),105.52,105.52,105.52,116.67,116.67,116.67,116.67,116.67,116.67,116.67,116.67,116.67,116.67,116.67,116.67,119.30,119.30,119.30,119.30,119.30,119.30,119.30,119.30,119.30,119.30,119.30,119.30,123.28,123.28,123.28,123.28,123.28,123.28,123.28,123.28,123.28,123.28,123.28,123.28,124.44,124.44,124.44,124.44,124.44,124.44,124.44,124.44,124.44,124.44,124.44,124.44,141.36,141.36,141.36,141.36,141.36,141.36,141.36,141.36,141.36,141.36,141.36,141.36,140.63,132.15,131.49,131.49,131.49,131.49,131.49,131.49,131.49,131.49,131.49,131.49,141.03,141.03,141.03,141.03,141.03,141.03,141.03,141.03,141.03,141.03,141.03,141.03,146.17,146.17,146.17,146.17,146.17,146.17,146.17,146.17,146.17,146.17,146.17,146.17,150.06,151.07,151.07,151.07,151.07,151.07,151.07,151.07,151.07,151.07,151.07,151.07,156.47,156.47,156.47,156.47,156.47,156.47,156.47,156.47,156.47,156.47,156.47,156.47,157.97,157.97,157.97,157.97,157.97,157.97,157.97,157.97,157.97,157.97,157.97,157.97,162.87,162.87,162.87
Subclase,0.01460889,10101,Enseñanza preescolar y enseñanza primaria,105.52,105.52,105.52,116.67,116.67,116.67,116.67,116.67,116.67,116.67,116.67,116.67,116.67,116.67,116.67,119.30,119.30,119.30,119.30,119.30,119.30,119.30,119.30,119.30,119.30,119.30,119.30,123.28,123.28,123.28,123.28,123.28,123.28,123.28,123.28,123.28,123.28,123.28,123.28,124.44,124.44,124.44,124.44,124.44,124.44,124.44,124.44,124.44,124.44,124.44,124.44,141.36,141.36,141.36,141.36,141.36,141.36,141.36,141.36,141.36,141.36,141.36,141.36,140.63,132.15,131.49,131.49,131.49,131.49,131.49,131.49,131.49,131.49,131.49,131.49,141.03,141.03,141.03,141.03,141.03,141.03,141.03,141.03,141.03,141.03,141.03,141.03,146.17,146.17,146.17,146.17,146.17,146.17,146.17,146.17,146.17,146.17,146.17,146.17,150.06,151.07,151.07,151.07,151.07,151.07,151.07,151.07,151.07,151.07,151.07,151.07,156.47,156.47,156.47,156.47,156.47,156.47,156.47,156.47,156.47,156.47,156.47,156.47,157.97,157.97,157.97,157.97,157.97,157.97,157.97,157.97,157.97,157.97,157.97,157.97,162.87,162.87,162.87
Producto,0.003623628,10101304,EDUCACIÓN INICIAL,100.71,100.71,100.71,103.49,103.49,103.49,103.49,103.49,103.49,103.49,103.49,103.49,103.49,103.49,103.49,102.95,102.95,102.95,102.95,102.95,102.95,102.95,102.95,102.95,102.95,102.95,102.95,105.64,105.64,105.64,105.64,105.64,105.64,105.64,105.64,105.64,105.64,105.64,105.64,107.81,107.81,107.81,107.81,107.81,107.81,107.81,107.81,107.81,107.81,107.81,107.81,120.01,120.01,120.01,120.01,120.01,120.01,120.01,120.01,120.01,120.01,120.01,120.01,120.01,109.43,106.37,106.37,106.37,106.37,106.37,106.37,106.37,106.37,106.37,106.37,118.76,118.76,118.76,118.76,118.76,118.76,118.76,118.76,118.76,118.76,118.76,118.76,129.33,129.33,129.33,129.33,129.33,129.33,129.33,129.33,129.33,129.33,129.33,129.33,132.33,133.07,133.07,133.07,133.07,133.07,133.07,133.07,133.07,133.07,133.07,133.07,138.57,138.57,138.57,138.57,138.57,138.57,138.57,138.57,138.57,138.57,138.57,138.57,139.89,139.89,139.89,139.89,139.89,139.89,139.89,139.89,139.89,139.89,139.89,139.89,143.76,143.76,143.76
Producto,0.010985262,10101305,EDUCACIÓN GENERAL BÁSICA,106.84,106.84,106.84,120.31,120.31,120.31,120.31,120.31,120.31,120.31,120.31,120.31,120.31,120.31,120.31,123.81,123.81,123.81,123.81,123.81,123.81,123.81,123.81,123.81,123.81,123.81,123.81,128.15,128.15,128.15,128.15,128.15,128.15,128.15,128.15,128.15,128.15,128.15,128.15,129.03,129.03,129.03,129.03,129.03,129.03,129.03,129.03,129.03,129.03,129.03,129.03,147.25,147.25,147.25,147.25,147.25,147.25,147.25,147.25,147.25,147.25,147.25,147.25,146.32,138.42,138.42,138.42,138.42,138.42,138.42,138.42,138.42,138.42,138.42,138.42,147.17,147.17,147.17,147.17,147.17,147.17,147.17,147.17,147.17,147.17,147.17,147.17,150.81,150.81,150.81,150.81,150.81,150.81,150.81,150.81,150.81,150.81,150.81,150.81,154.95,156.03,156.03,156.03,156.03,156.03,156.03,156.03,156.03,156.03,156.03,156.03,161.41,161.41,161.41,161.41,161.41,161.41,161.41,161.41,161.41,161.41,161.41,161.41,162.95,162.95,162.95,162.95,162.95,162.95,162.95,162.95,162.95,162.95,162.95,162.95,168.15,168.15,168.15
Grupo,0.012392353,102,Enseñanza secundaria,100.80,100.80,100.80,101.42,100.53,100.53,100.53,100.53,100.53,100.53,100.53,100.53,100.53,100.53,100.53,102.92,102.69,102.69,102.69,102.69,102.69,102.69,102.69,102.69,102.69,102.69,102.69,107.46,106.93,106.93,106.93,106.93,106.93,106.93,106.93,106.93,106.93,106.93,106.93,108.75,108.75,108.75,108.75,108.75,108.75,108.75,108.75,108.75,108.75,108.75,108.75,116.76,116.86,116.86,116.86,116.86,116.86,116.86,116.86,116.86,116.86,116.86,116.86,116.13,110.41,110.72,110.72,110.72,110.72,110.72,110.72,110.72,110.72,110.72,110.72,115.52,115.52,115.52,115.52,115.52,115.52,115.52,115.52,115.52,115.52,115.52,115.52,120.66,120.66,120.66,120.66,120.66,120.66,120.66,120.66,120.66,120.66,120.66,120.66,124.54,124.95,124.95,124.95,124.95,124.95,124.95,124.95,124.95,124.95,124.95,124.95,130.38,130.38,130.38,130.38,130.38,130.38,130.38,130.38,130.38,130.38,130.38,130.38,130.54,130.54,130.54,130.54,130.54,130.54,130.54,130.54,130.54,130.54,130.54,130.54,135.01,135.01,135.01
Clase,0.012392353,1020,Enseñanza secundaria (S),100.80,100.80,100.80,101.42,100.53,100.53,100.53,100.53,100.53,100.53,100.53,100.53,100.53,100.53,100.53,102.92,102.69,102.69,102.69,102.69,102.69,102.69,102.69,102.69,102.69,102.69,102.69,107.46,106.93,106.93,106.93,106.93,106.93,106.93,106.93,106.93,106.93,106.93,106.93,108.75,108.75,108.75,108.75,108.75,108.75,108.75,108.75,108.75,108.75,108.75,108.75,116.76,116.86,116.86,116.86,116.86,116.86,116.86,116.86,116.86,116.86,116.86,116.86,116.13,110.41,110.72,110.72,110.72,110.72,110.72,110.72,110.72,110.72,110.72,110.72,115.52,115.52,115.52,115.52,115.52,115.52,115.52,115.52,115.52,115.52,115.52,115.52,120.66,120.66,120.66,120.66,120.66,120.66,120.66,120.66,120.66,120.66,120.66,120.66,124.54,124.95,124.95,124.95,124.95,124.95,124.95,124.95,124.95,124.95,124.95,124.95,130.38,130.38,130.38,130.38,130.38,130.38,130.38,130.38,130.38,130.38,130.38,130.38,130.54,130.54,130.54,130.54,130.54,130.54,130.54,130.54,130.54,130.54,130.54,130.54,135.01,135.01,135.01
Subclase,0.012392353,10201,Enseñanza secundaria,100.80,100.80,100.80,101.42,100.53,100.53,100.53,100.53,100.53,100.53,100.53,100.53,100.53,100.53,100.53,102.92,102.69,102.69,102.69,102.69,102.69,102.69,102.69,102.69,102.69,102.69,102.69,107.46,106.93,106.93,106.93,106.93,106.93,106.93,106.93,106.93,106.93,106.93,106.93,108.75,108.75,108.75,108.75,108.75,108.75,108.75,108.75,108.75,108.75,108.75,108.75,116.76,116.86,116.86,116.86,116.86,116.86,116.86,116.86,116.86,116.86,116.86,116.86,116.13,110.41,110.72,110.72,110.72,110.72,110.72,110.72,110.72,110.72,110.72,110.72,115.52,115.52,115.52,115.52,115.52,115.52,115.52,115.52,115.52,115.52,115.52,115.52,120.66,120.66,120.66,120.66,120.66,120.66,120.66,120.66,120.66,120.66,120.66,120.66,124.54,124.95,124.95,124.95,124.95,124.95,124.95,124.95,124.95,124.95,124.95,124.95,130.38,130.38,130.38,130.38,130.38,130.38,130.38,130.38,130.38,130.38,130.38,130.38,130.54,130.54,130.54,130.54,130.54,130.54,130.54,130.54,130.54,130.54,130.54,130.54,135.01,135.01,135.01
Producto,0.005629964,10201306,EDUCACIÓN BÁSICA SUPERIOR,97.52,97.52,97.52,98.04,97.41,97.41,97.41,97.41,97.41,97.41,97.41,97.41,97.41,97.41,97.41,99.77,99.77,99.77,99.77,99.77,99.77,99.77,99.77,99.77,99.77,99.77,99.77,104.49,104.49,104.49,104.49,104.49,104.49,104.49,104.49,104.49,104.49,104.49,104.49,106.17,106.17,106.17,106.17,106.17,106.17,106.17,106.17,106.17,106.17,106.17,106.17,115.17,115.17,115.17,115.17,115.17,115.17,115.17,115.17,115.17,115.17,115.17,115.17,114.45,108.75,108.75,108.75,108.75,108.75,108.75,108.75,108.75,108.75,108.75,108.75,113.55,113.55,113.55,113.55,113.55,113.55,113.55,113.55,113.55,113.55,113.55,113.55,117.98,117.98,117.98,117.98,117.98,117.98,117.98,117.98,117.98,117.98,117.98,117.98,121.30,122.14,122.14,122.14,122.14,122.14,122.14,122.14,122.14,122.14,122.14,122.14,125.94,125.94,125.94,125.94,125.94,125.94,125.94,125.94,125.94,125.94,125.94,125.94,125.94,125.94,125.94,125.94,125.94,125.94,125.94,125.94,125.94,125.94,125.94,125.94,130.96,130.96,130.96
Producto,0.006444506,10201307,EDUCACIÓN BACHILLERATO,104.73,104.73,104.73,105.26,103.95,103.95,103.95,103.95,103.95,103.95,103.95,103.95,103.95,103.95,103.95,106.46,106.46,106.46,106.46,106.46,106.46,106.46,106.46,106.46,106.46,106.46,106.46,111.99,111.99,111.99,111.99,111.99,111.99,111.99,111.99,111.99,111.99,111.99,111.99,113.40,113.40,113.40,113.40,113.40,113.40,113.40,113.40,113.40,113.40,113.40,113.40,121.58,121.58,121.58,121.58,121.58,121.58,121.58,121.58,121.58,121.58,121.58,121.58,120.71,114.21,114.21,114.21,114.21,114.21,114.21,114.21,114.21,114.21,114.21,114.21,120.60,120.60,120.60,120.60,120.60,120.60,120.60,120.60,120.60,120.60,120.60,120.60,125.97,125.97,125.97,125.97,125.97,125.97,125.97,125.97,125.97,125.97,125.97,125.97,130.02,130.02,130.02,130.02,130.02,130.02,130.02,130.02,130.02,130.02,130.02,130.02,136.42,136.42,136.42,136.42,136.42,136.42,136.42,136.42,136.42,136.42,136.42,136.42,136.42,136.42,136.42,136.42,136.42,136.42,136.42,136.42,136.42,136.42,136.42,136.42,142.64,142.64,142.64
Producto,0.000317883,10201308,EDUCACIÓN BACHILLERATO A DISTANCIA,98.06,98.06,98.06,99.99,99.99,99.99,99.99,99.99,99.99,99.99,99.99,99.99,99.99,99.99,99.99,101.82,98.48,98.48,98.48,98.48,98.48,98.48,98.48,98.48,98.48,98.48,98.48,98.70,91.18,91.18,91.18,91.18,91.18,91.18,91.18,91.18,91.18,91.18,91.18,96.55,96.55,96.55,96.55,96.55,96.55,96.55,96.55,96.55,96.55,96.55,96.55,96.71,98.21,98.21,98.21,98.21,98.21,98.21,98.21,98.21,98.21,98.21,98.21,98.21,97.38,101.90,101.90,101.90,101.90,101.90,101.90,101.90,101.90,101.90,101.90,96.36,96.36,96.36,96.36,96.36,96.36,96.36,96.36,96.36,96.36,96.36,96.36,105.01,105.01,105.01,105.01,105.01,105.01,105.01,105.01,105.01,105.01,105.01,105.01,111.68,111.68,111.68,111.68,111.68,111.68,111.68,111.68,111.68,111.68,111.68,111.68,122.15,122.15,122.15,122.15,122.15,122.15,122.15,122.15,122.15,122.15,122.15,122.15,124.39,124.39,124.39,124.39,124.39,124.39,124.39,124.39,124.39,124.39,124.39,124.39,113.79,113.79,113.79
Grupo,0.017828756,104,Enseñanza terciaria,101.80,101.80,101.80,101.80,101.80,101.80,101.80,101.80,101.80,101.80,101.80,101.80,101.80,101.80,101.80,98.59,98.18,98.18,98.18,98.18,98.18,98.18,98.18,98.18,98.18,98.18,98.18,104.28,104.51,104.51,104.51,104.51,104.51,104.51,104.51,104.51,104.51,104.51,104.51,104.57,104.57,104.57,104.57,104.57,104.57,104.57,104.57,104.57,104.57,104.57,104.57,104.82,104.82,104.82,104.82,104.82,104.82,104.82,104.82,104.82,104.82,104.82,104.82,102.52,96.59,98.04,98.04,98.04,98.04,98.04,98.04,98.04,98.04,98.04,98.04,101.09,102.23,102.72,102.72,102.72,102.72,102.72,102.72,102.72,102.72,102.72,102.72,97.98,96.99,96.99,96.99,96.99,96.99,96.99,96.99,96.99,96.99,96.99,96.99,99.97,99.97,99.97,99.97,99.97,99.97,99.97,99.97,99.97,99.97,99.97,99.97,100.26,100.26,100.26,100.26,100.26,100.26,100.26,100.26,100.26,100.26,100.26,100.26,96.88,98.03,98.03,98.03,98.03,98.03,98.03,98.03,98.03,98.03,98.03,98.03,99.81,99.89,99.33
Clase,0.017828756,1040,Enseñanza terciaria (S),101.80,101.80,101.80,101.80,101.80,101.80,101.80,101.80,101.80,101.80,101.80,101.80,101.80,101.80,101.80,98.59,98.18,98.18,98.18,98.18,98.18,98.18,98.18,98.18,98.18,98.18,98.18,104.28,104.51,104.51,104.51,104.51,104.51,104.51,104.51,104.51,104.51,104.51,104.51,104.57,104.57,104.57,104.57,104.57,104.57,104.57,104.57,104.57,104.57,104.57,104.57,104.82,104.82,104.82,104.82,104.82,104.82,104.82,104.82,104.82,104.82,104.82,104.82,102.52,96.59,98.04,98.04,98.04,98.04,98.04,98.04,98.04,98.04,98.04,98.04,101.09,102.23,102.72,102.72,102.72,102.72,102.72,102.72,102.72,102.72,102.72,102.72,97.98,96.99,96.99,96.99,96.99,96.99,96.99,96.99,96.99,96.99,96.99,96.99,99.97,99.97,99.97,99.97,99.97,99.97,99.97,99.97,99.97,99.97,99.97,99.97,100.26,100.26,100.26,100.26,100.26,100.26,100.26,100.26,100.26,100.26,100.26,100.26,96.88,98.03,98.03,98.03,98.03,98.03,98.03,98.03,98.03,98.03,98.03,98.03,99.81,99.89,99.33
Subclase,0.017828756,10401,Enseñanza universitaria,101.80,101.80,101.80,101.80,101.80,101.80,101.80,101.80,101.80,101.80,101.80,101.80,101.80,101.80,101.80,98.59,98.18,98.18,98.18,98.18,98.18,98.18,98.18,98.18,98.18,98.18,98.18,104.28,104.51,104.51,104.51,104.51,104.51,104.51,104.51,104.51,104.51,104.51,104.51,104.57,104.57,104.57,104.57,104.57,104.57,104.57,104.57,104.57,104.57,104.57,104.57,104.82,104.82,104.82,104.82,104.82,104.82,104.82,104.82,104.82,104.82,104.82,104.82,102.52,96.59,98.04,98.04,98.04,98.04,98.04,98.04,98.04,98.04,98.04,98.04,101.09,102.23,102.72,102.72,102.72,102.72,102.72,102.72,102.72,102.72,102.72,102.72,97.98,96.99,96.99,96.99,96.99,96.99,96.99,96.99,96.99,96.99,96.99,96.99,99.97,99.97,99.97,99.97,99.97,99.97,99.97,99.97,99.97,99.97,99.97,99.97,100.26,100.26,100.26,100.26,100.26,100.26,100.26,100.26,100.26,100.26,100.26,100.26,96.88,98.03,98.03,98.03,98.03,98.03,98.03,98.03,98.03,98.03,98.03,98.03,99.81,99.89,99.33
Producto,0.012800604,10401309,EDUCACIÓN UNIVERSITARIA PREGRADO,103.07,103.07,103.07,103.07,103.07,103.07,103.07,103.07,103.07,103.07,103.07,103.07,103.07,103.07,103.07,98.91,98.91,98.91,98.91,98.91,98.91,98.91,98.91,98.91,98.91,98.91,98.91,105.66,105.95,105.95,105.95,105.95,105.95,105.95,105.95,105.95,105.95,105.95,105.95,106.37,106.37,106.37,106.37,106.37,106.37,106.37,106.37,106.37,106.37,106.37,106.37,107.18,107.18,107.18,107.18,107.18,107.18,107.18,107.18,107.18,107.18,107.18,107.18,104.20,104.11,104.11,104.11,104.11,104.11,104.11,104.11,104.11,104.11,104.11,104.11,104.11,104.11,104.11,104.11,104.11,104.11,104.11,104.11,104.11,104.11,104.11,104.11,97.44,97.44,97.44,97.44,97.44,97.44,97.44,97.44,97.44,97.44,97.44,97.44,102.04,102.04,102.04,102.04,102.04,102.04,102.04,102.04,102.04,102.04,102.04,102.04,103.22,103.22,103.22,103.22,103.22,103.22,103.22,103.22,103.22,103.22,103.22,103.22,102.64,103.67,103.67,103.67,103.67,103.67,103.67,103.67,103.67,103.67,103.67,103.67,104.93,105.03,105.03
Producto,0.005028152,10401310,EDUCACIÓN UNIVERSITARIA POSTGRADO,97.49,97.49,97.49,97.49,97.49,97.49,97.49,97.49,97.49,97.49,97.49,97.49,97.49,97.49,97.49,97.49,95.69,95.69,95.69,95.69,95.69,95.69,95.69,95.69,95.69,95.69,95.69,99.59,99.59,99.59,99.59,99.59,99.59,99.59,99.59,99.59,99.59,99.59,99.59,98.43,98.43,98.43,98.43,98.43,98.43,98.43,98.43,98.43,98.43,98.43,98.43,96.81,96.81,96.81,96.81,96.81,96.81,96.81,96.81,96.81,96.81,96.81,96.81,96.81,71.02,77.42,77.42,77.42,77.42,77.42,77.42,77.42,77.42,77.42,77.42,90.83,95.84,98.00,98.00,98.00,98.00,98.00,98.00,98.00,98.00,98.00,98.00,99.80,95.45,95.45,95.45,95.45,95.45,95.45,95.45,95.45,95.45,95.45,95.45,92.95,92.95,92.95,92.95,92.95,92.95,92.95,92.95,92.95,92.95,92.95,92.95,90.18,90.18,90.18,90.18,90.18,90.18,90.18,90.18,90.18,90.18,90.18,90.18,77.29,78.83,78.83,78.83,78.83,78.83,78.83,78.83,78.83,78.83,78.83,78.83,82.39,82.39,79.95
Grupo,0.006087215,105,Enseñanza no atribuible a ningún nivel,101.30,102.39,102.39,104.60,103.95,103.95,104.18,104.18,104.18,104.18,104.18,104.18,104.18,104.18,104.18,104.18,100.27,100.27,100.27,100.27,100.27,97.46,97.46,97.46,97.46,97.46,98.79,98.79,98.79,98.79,98.79,98.79,97.85,97.85,99.33,99.33,99.33,103.24,104.18,104.18,105.89,105.89,105.89,105.89,105.89,105.89,105.89,105.89,109.67,113.14,113.14,113.14,113.14,113.14,113.14,113.14,113.14,113.14,113.14,113.14,113.14,113.14,113.14,113.14,113.14,113.14,109.55,109.55,84.28,84.28,84.28,84.28,84.28,84.28,84.28,84.28,84.28,84.28,84.28,84.28,84.28,84.28,80.93,80.93,84.28,84.28,84.28,84.28,80.93,80.93,77.05,77.05,77.05,77.05,77.05,77.05,80.93,80.93,80.93,80.93,80.93,80.93,80.93,80.93,80.93,80.93,80.93,80.93,80.93,80.93,80.93,80.93,80.93,80.93,80.93,80.93,80.93,80.93,80.93,80.93,80.93,80.93,80.93,80.93,80.93,80.93,80.93,80.93,80.93,80.93,80.93,77.68,77.68,77.68,77.68,77.68,77.68,77.68
Clase,0.006087215,1050,Enseñanza no atribuible a ningún nivel (S),101.30,102.39,102.39,104.60,103.95,103.95,104.18,104.18,104.18,104.18,104.18,104.18,104.18,104.18,104.18,104.18,100.27,100.27,100.27,100.27,100.27,97.46,97.46,97.46,97.46,97.46,98.79,98.79,98.79,98.79,98.79,98.79,97.85,97.85,99.33,99.33,99.33,103.24,104.18,104.18,105.89,105.89,105.89,105.89,105.89,105.89,105.89,105.89,109.67,113.14,113.14,113.14,113.14,113.14,113.14,113.14,113.14,113.14,113.14,113.14,113.14,113.14,113.14,113.14,113.14,113.14,109.55,109.55,84.28,84.28,84.28,84.28,84.28,84.28,84.28,84.28,84.28,84.28,84.28,84.28,84.28,84.28,80.93,80.93,84.28,84.28,84.28,84.28,80.93,80.93,77.05,77.05,77.05,77.05,77.05,77.05,80.93,80.93,80.93,80.93,80.93,80.93,80.93,80.93,80.93,80.93,80.93,80.93,80.93,80.93,80.93,80.93,80.93,80.93,80.93,80.93,80.93,80.93,80.93,80.93,80.93,80.93,80.93,80.93,80.93,80.93,80.93,80.93,80.93,80.93,80.93,77.68,77.68,77.68,77.68,77.68,77.68,77.68
Subclase,0.006087215,10501,Enseñanza no atribuible a ningún nivel,101.30,102.39,102.39,104.60,103.95,103.95,104.18,104.18,104.18,104.18,104.18,104.18,104.18,104.18,104.18,104.18,100.27,100.27,100.27,100.27,100.27,97.46,97.46,97.46,97.46,97.46,98.79,98.79,98.79,98.79,98.79,98.79,97.85,97.85,99.33,99.33,99.33,103.24,104.18,104.18,105.89,105.89,105.89,105.89,105.89,105.89,105.89,105.89,109.67,113.14,113.14,113.14,113.14,113.14,113.14,113.14,113.14,113.14,113.14,113.14,113.14,113.14,113.14,113.14,113.14,113.14,109.55,109.55,84.28,84.28,84.28,84.28,84.28,84.28,84.28,84.28,84.28,84.28,84.28,84.28,84.28,84.28,80.93,80.93,84.28,84.28,84.28,84.28,80.93,80.93,77.05,77.05,77.05,77.05,77.05,77.05,80.93,80.93,80.93,80.93,80.93,80.93,80.93,80.93,80.93,80.93,80.93,80.93,80.93,80.93,80.93,80.93,80.93,80.93,80.93,80.93,80.93,80.93,80.93,80.93,80.93,80.93,80.93,80.93,80.93,80.93,80.93,80.93,80.93,80.93,80.93,77.68,77.68,77.68,77.68,77.68,77.68,77.68
Producto,0.001448665,10501311,CURSO DE COMPUTACIÓN,94.34,101.73,101.73,101.73,97.29,97.29,98.86,98.86,98.86,98.86,98.86,98.86,98.86,98.86,98.86,98.86,98.86,98.86,98.86,98.86,98.86,89.82,89.82,89.82,89.82,89.82,98.86,98.86,98.86,98.86,98.86,98.86,92.48,92.48,92.48,92.48,92.48,92.48,98.86,98.86,110.53,110.53,110.53,110.53,110.53,110.53,110.53,110.53,110.53,110.53,110.53,110.53,110.53,110.53,110.53,110.53,110.53,110.53,110.53,110.53,110.53,110.53,110.53,110.53,110.53,110.53,110.53,110.53,63.16,63.16,63.16,63.16,63.16,63.16,63.16,63.16,63.16,63.16,63.16,63.16,63.16,63.16,63.16,63.16,63.16,63.16,63.16,63.16,63.16,63.16,63.16,63.16,63.16,63.16,63.16,63.16,63.16,63.16,63.16,63.16,63.16,63.16,63.16,63.16,63.16,63.16,63.16,63.16,63.16,63.16,63.16,63.16,63.16,63.16,63.16,63.16,63.16,63.16,63.16,63.16,63.16,63.16,63.16,63.16,63.16,63.16,63.16,63.16,63.16,63.16,63.16,63.16,63.16,63.16,63.16,63.16,63.16,63.16
Producto,0.00463855,10501312,CURSO DE IDIOMAS,102.50,102.50,102.50,105.10,105.10,105.10,105.10,105.10,105.10,105.10,105.10,105.10,105.10,105.10,105.10,105.10,100.51,100.51,100.51,100.51,100.51,98.78,98.78,98.78,98.78,98.78,98.78,98.78,98.78,98.78,98.78,98.78,98.78,98.78,100.51,100.51,100.51,105.10,105.10,105.10,105.10,105.10,105.10,105.10,105.10,105.10,105.10,105.10,109.52,113.59,113.59,113.59,113.59,113.59,113.59,113.59,113.59,113.59,113.59,113.59,113.59,113.59,113.59,113.59,113.59,113.59,109.38,109.38,87.91,87.91,87.91,87.91,87.91,87.91,87.91,87.91,87.91,87.91,87.91,87.91,87.91,87.91,83.99,83.99,87.91,87.91,87.91,87.91,83.99,83.99,79.44,79.44,79.44,79.44,79.44,79.44,83.99,83.99,83.99,83.99,83.99,83.99,83.99,83.99,83.99,83.99,83.99,83.99,83.99,83.99,83.99,83.99,83.99,83.99,83.99,83.99,83.99,83.99,83.99,83.99,83.99,83.99,83.99,83.99,83.99,83.99,83.99,83.99,83.99,83.99,83.99,80.18,80.18,80.18,80.18,80.18,80.18,80.18
División,0.079639262,11,Restaurantes y hoteles,108.21,108.31,110.26,110.03,110.05,110.14,110.61,110.43,110.37,110.50,110.47,110.40,110.63,110.63,110.40,109.27,110.50,110.86,110.02,108.77,108.71,109.52,109.41,109.27,109.54,109.71,109.42,109.34,109.40,109.22,109.21,109.20,109.46,108.73,108.68,108.80,108.90,108.95,107.95,108.07,108.09,108.10,108.11,108.19,108.01,108.00,107.06,106.87,107.40,107.41,107.56,107.49,107.08,107.00,106.31,106.33,105.50,106.96,106.79,106.72,106.41,106.24,106.08,106.04,105.80,107.02,104.38,106.01,104.43,103.58,103.59,103.54,103.80,103.83,103.82,103.78,103.86,104.59,104.70,104.64,104.60,106.18,106.23,107.12,109.36,110.04,110.79,110.97,110.92,110.83,112.24,114.64,114.67,114.67,115.51,115.46,115.60,115.73,116.71,116.75,116.78,116.82,116.98,117.79,117.74,117.76,117.81,117.83,117.83,117.80,117.85,118.52,118.50,118.49,118.50,118.47,118.60,118.59,118.62,118.62,119.47,122.24,122.26,122.30,122.94,122.99,123.04,123.11,123.87,124.72,124.89,124.86,125.25,125.26,124.41,124.47,124.61,124.68
Grupo,0.07762909,111,Servicios de suministro de comidas por contrato,108.60,108.70,110.67,110.44,110.44,110.53,111.00,110.84,110.77,110.93,110.91,110.89,111.03,111.05,110.83,109.69,110.94,111.30,110.46,109.19,109.11,109.91,109.82,109.73,109.93,110.12,109.84,109.80,109.82,109.64,109.65,109.66,109.92,109.18,109.12,109.27,109.37,109.40,108.39,108.53,108.53,108.55,108.55,108.65,108.48,108.47,107.51,107.34,107.89,107.88,108.03,107.93,107.52,107.46,106.74,106.78,105.93,107.44,107.28,107.27,106.89,106.70,106.55,106.54,106.32,107.65,105.05,106.74,105.11,104.23,104.26,104.21,104.51,104.55,104.55,104.51,104.60,105.31,105.40,105.34,105.28,106.87,106.90,107.82,110.11,110.81,111.55,111.73,111.68,111.58,113.06,115.45,115.48,115.41,116.30,116.30,116.44,116.56,117.55,117.59,117.63,117.67,117.83,118.67,118.61,118.60,118.67,118.70,118.72,118.69,118.74,119.39,119.39,119.37,119.37,119.35,119.47,119.47,119.51,119.51,120.38,123.22,123.23,123.30,123.96,123.97,124.00,124.03,124.84,125.71,125.88,125.88,126.28,126.29,125.42,125.46,125.59,125.64
Clase,0.07762909,1111,"Restaurantes, cafés y establecimientos similares (S)",108.60,108.70,110.67,110.44,110.44,110.53,111.00,110.84,110.77,110.93,110.91,110.89,111.03,111.05,110.83,109.69,110.94,111.30,110.46,109.19,109.11,109.91,109.82,109.73,109.93,110.12,109.84,109.80,109.82,109.64,109.65,109.66,109.92,109.18,109.12,109.27,109.37,109.40,108.39,108.53,108.53,108.55,108.55,108.65,108.48,108.47,107.51,107.34,107.89,107.88,108.03,107.93,107.52,107.46,106.74,106.78,105.93,107.44,107.28,107.27,106.89,106.70,106.55,106.54,106.32,107.65,105.05,106.74,105.11,104.23,104.26,104.21,104.51,104.55,104.55,104.51,104.60,105.31,105.40,105.34,105.28,106.87,106.90,107.82,110.11,110.81,111.55,111.73,111.68,111.58,113.06,115.45,115.48,115.41,116.30,116.30,116.44,116.56,117.55,117.59,117.63,117.67,117.83,118.67,118.61,118.60,118.67,118.70,118.72,118.69,118.74,119.39,119.39,119.37,119.37,119.35,119.47,119.47,119.51,119.51,120.38,123.22,123.23,123.30,123.96,123.97,124.00,124.03,124.84,125.71,125.88,125.88,126.28,126.29,125.42,125.46,125.59,125.64
Subclase,0.07762909,11111,"Restaurantes, cafés y establecimientos similares",108.60,108.70,110.67,110.44,110.44,110.53,111.00,110.84,110.77,110.93,110.91,110.89,111.03,111.05,110.83,109.69,110.94,111.30,110.46,109.19,109.11,109.91,109.82,109.73,109.93,110.12,109.84,109.80,109.82,109.64,109.65,109.66,109.92,109.18,109.12,109.27,109.37,109.40,108.39,108.53,108.53,108.55,108.55,108.65,108.48,108.47,107.51,107.34,107.89,107.88,108.03,107.93,107.52,107.46,106.74,106.78,105.93,107.44,107.28,107.27,106.89,106.70,106.55,106.54,106.32,107.65,105.05,106.74,105.11,104.23,104.26,104.21,104.51,104.55,104.55,104.51,104.60,105.31,105.40,105.34,105.28,106.87,106.90,107.82,110.11,110.81,111.55,111.73,111.68,111.58,113.06,115.45,115.48,115.41,116.30,116.30,116.44,116.56,117.55,117.59,117.63,117.67,117.83,118.67,118.61,118.60,118.67,118.70,118.72,118.69,118.74,119.39,119.39,119.37,119.37,119.35,119.47,119.47,119.51,119.51,120.38,123.22,123.23,123.30,123.96,123.97,124.00,124.03,124.84,125.71,125.88,125.88,126.28,126.29,125.42,125.46,125.59,125.64
Producto,0.00054352,11111313,DESAYUNO,98.06,98.06,98.06,98.06,98.06,98.06,98.06,98.06,98.06,98.06,98.06,98.06,98.06,98.06,98.06,98.06,98.06,98.06,98.06,98.06,96.37,98.06,98.06,98.06,98.06,98.06,98.06,98.06,98.06,98.06,98.06,98.06,98.06,98.06,98.06,98.06,98.06,98.06,98.06,98.06,98.06,98.06,98.06,98.06,98.06,98.06,98.06,98.06,98.06,98.06,98.06,98.06,98.06,98.06,98.06,98.06,98.06,98.06,98.06,98.06,98.06,98.06,98.06,98.06,98.06,98.06,98.06,98.06,98.06,98.06,98.06,98.06,98.06,98.06,98.06,98.06,98.06,101.09,101.09,98.52,98.52,101.09,98.52,98.52,98.52,98.52,101.09,103.72,103.72,103.72,106.52,106.52,106.24,106.24,106.24,106.24,106.24,106.33,106.33,109.10,109.10,109.10,109.10,109.10,109.10,107.28,104.56,104.56,104.56,104.56,104.56,107.45,107.45,107.45,107.45,107.45,107.45,107.45,107.45,107.45,104.72,107.45,107.45,107.45,107.45,107.45,111.08,111.08,111.08,111.08,111.08,111.08,111.08,111.08,103.82,103.82,103.82,103.82
Producto,0.048204076,11111314,ALMUERZO POPULAR,110.70,110.70,110.70,110.70,110.70,110.70,110.70,110.70,110.70,110.70,110.70,110.70,110.70,110.70,110.70,110.70,110.70,110.70,109.18,107.30,107.30,109.18,109.18,109.18,109.18,109.18,109.18,109.18,109.18,109.18,109.18,109.18,109.18,109.18,109.18,109.18,109.18,109.18,107.61,107.61,107.61,107.61,107.61,107.61,107.61,107.61,105.91,105.91,105.91,105.91,105.91,105.91,105.91,105.91,105.91,105.91,104.53,105.91,105.91,105.91,105.91,105.91,105.91,105.91,105.91,108.35,108.35,108.35,105.91,104.53,104.53,104.53,104.53,104.53,104.53,104.53,104.53,104.53,104.53,104.53,104.53,107.97,107.97,107.97,110.46,111.57,111.57,111.57,111.57,111.57,112.79,116.39,116.39,116.39,117.79,117.79,117.79,117.79,117.79,117.79,117.79,117.79,117.79,119.08,119.08,119.08,119.08,119.08,119.08,119.08,119.08,119.08,119.08,119.08,119.08,119.08,119.08,119.08,119.08,119.08,120.38,123.87,123.87,123.87,124.87,124.87,124.87,124.87,126.13,126.13,126.13,126.13,126.13,126.13,124.87,124.87,124.87,124.87
Producto,0.01436788,11111315,ALMUERZO EJECUTIVO ,104.72,104.72,114.37,114.37,114.35,114.35,116.16,116.16,116.16,116.16,116.16,116.16,116.16,116.16,116.16,110.58,116.18,117.10,117.61,117.21,117.21,114.98,114.98,114.98,114.98,114.98,112.74,112.74,112.74,112.74,112.13,112.13,113.10,110.61,110.61,110.61,110.61,110.61,110.61,110.61,110.61,110.61,110.61,110.61,110.61,110.61,110.61,110.61,113.10,113.10,112.79,112.79,110.30,110.30,107.00,107.00,107.00,109.67,109.67,109.67,107.00,107.00,107.00,107.00,107.00,104.70,91.32,98.76,98.76,98.76,98.76,98.76,100.34,100.34,100.34,100.34,100.34,104.15,104.15,104.15,104.15,101.36,101.36,105.70,108.36,108.36,111.18,111.18,111.18,111.18,114.23,114.23,114.23,114.23,114.23,114.23,114.23,114.55,118.89,118.89,118.89,118.89,118.89,118.89,118.89,118.89,119.22,119.22,119.22,119.22,119.22,121.30,121.25,121.25,121.25,121.25,121.25,121.25,121.25,121.25,121.25,123.98,123.98,123.98,123.98,123.98,124.10,124.10,124.10,127.84,128.27,128.27,130.04,130.04,130.04,130.04,130.04,130.04
Producto,0.005920828,11111316,COMIDA TRADICIONAL PREPARADA ,112.34,112.59,112.40,109.15,109.15,109.62,109.62,109.62,109.15,109.41,109.41,109.41,110.15,110.15,108.35,109.57,110.80,110.70,110.70,110.70,110.11,110.70,110.26,110.26,110.49,111.74,113.87,113.87,114.18,113.57,114.13,114.58,115.33,112.97,112.97,114.16,116.32,115.57,114.28,115.24,116.03,116.03,116.16,116.16,114.07,114.83,114.38,113.73,112.63,113.71,114.44,114.44,115.08,115.08,115.08,115.14,115.14,116.22,115.88,116.22,117.12,115.24,114.28,114.28,110.97,114.68,116.48,118.21,116.75,116.42,116.42,116.42,115.45,115.78,115.78,114.71,116.00,116.07,117.38,116.88,115.77,115.77,116.11,116.11,118.39,118.40,118.40,120.33,120.47,118.79,118.66,118.87,119.34,118.33,118.33,118.33,119.78,120.04,120.39,120.39,120.04,120.04,120.04,120.34,120.78,120.78,120.78,120.78,121.10,121.10,121.82,122.13,122.73,122.73,122.73,122.73,123.56,123.56,123.56,123.56,124.54,125.15,125.15,125.96,126.52,126.52,126.52,126.52,126.95,126.95,126.95,126.52,127.33,126.82,126.37,126.82,127.49,128.47
Producto,0.004269664,11111317,PLATOS PREPARADOS,100.91,101.48,101.19,100.28,100.68,101.80,103.34,101.86,101.06,103.90,103.49,103.32,103.77,104.12,104.38,103.92,103.67,104.56,103.70,103.63,103.03,103.77,102.36,101.67,104.40,105.91,106.22,105.74,104.91,102.71,104.64,104.47,104.71,103.26,102.74,104.04,103.12,104.77,105.31,106.87,105.75,105.74,105.70,107.61,106.95,107.01,107.74,105.28,106.81,105.28,108.05,106.01,107.09,105.93,105.22,105.92,106.13,106.65,103.83,103.29,104.47,103.29,102.16,101.99,102.02,102.82,103.57,103.57,103.99,104.52,104.52,103.45,104.25,104.52,104.54,104.74,104.74,101.82,101.82,101.82,102.20,102.20,102.68,102.68,103.53,103.71,103.88,103.48,102.95,103.27,104.73,106.03,105.69,106.03,106.53,106.53,107.22,107.53,107.98,107.98,109.20,110.06,110.06,110.62,110.06,110.41,110.90,111.06,111.06,110.55,110.55,111.63,111.82,111.56,111.56,111.56,111.56,111.56,111.56,111.56,112.20,112.13,112.20,112.50,112.50,112.77,113.34,113.58,113.58,114.28,114.27,114.87,114.47,115.24,115.24,115.36,116.35,116.52
Producto,0.001566352,11111318,COMIDA RÁPIDA,101.69,104.04,104.66,105.52,104.42,104.42,104.42,99.06,99.06,99.06,99.06,98.27,99.57,99.57,99.57,99.57,99.57,104.69,105.12,104.29,104.29,104.29,104.29,101.21,103.67,103.67,105.06,103.96,106.48,105.10,105.10,105.10,105.10,105.10,103.49,103.49,103.49,103.49,103.49,103.49,103.49,104.59,104.59,104.59,104.59,100.97,104.11,104.11,104.11,104.11,105.73,105.73,105.73,105.73,105.73,105.73,105.73,105.73,105.73,105.73,108.43,108.43,108.43,108.43,108.43,108.43,108.43,108.43,108.43,108.43,108.43,108.43,108.43,108.43,108.43,108.43,108.43,108.43,108.43,108.43,108.43,108.43,108.43,109.33,109.33,109.33,109.33,109.33,109.33,109.33,109.33,112.20,112.20,112.20,112.45,112.45,112.79,112.79,114.55,114.55,114.55,114.55,116.30,116.30,116.30,116.30,116.30,116.30,116.30,116.30,116.30,118.50,118.50,118.50,118.50,116.99,116.99,116.99,119.82,119.82,119.82,121.29,121.29,121.29,121.29,121.29,121.29,121.29,121.29,121.29,121.29,121.29,121.29,121.29,121.29,121.29,121.29,119.95
Producto,0.00239455,11111319,HAMBURGUESA Y SÁNDUCHE,105.28,105.95,105.95,106.56,106.56,106.56,107.52,107.52,107.52,107.52,107.52,107.52,109.13,109.13,105.27,102.98,103.90,105.75,107.10,107.10,107.10,106.35,106.35,106.35,106.35,107.78,107.78,107.78,107.89,107.62,107.62,107.04,107.04,107.04,107.04,107.04,107.04,107.04,107.97,107.97,107.97,107.97,107.97,107.97,107.97,107.97,109.17,109.17,110.28,110.28,110.28,110.28,110.28,110.28,110.28,110.28,110.28,110.28,110.28,110.28,110.28,110.28,110.28,110.28,110.28,110.28,110.28,110.28,110.28,109.47,110.64,110.64,110.64,110.64,110.64,111.46,111.46,112.85,112.85,112.85,112.85,112.92,113.82,114.21,114.54,114.54,119.67,120.83,119.38,119.38,119.38,120.60,121.53,120.60,120.60,120.60,120.93,121.80,122.39,122.39,122.39,122.39,126.58,126.58,124.17,124.17,124.17,125.31,125.31,125.46,125.46,128.27,126.49,126.49,126.49,126.49,129.07,129.07,129.07,129.07,129.09,130.40,130.40,130.40,130.40,130.40,127.80,128.79,128.79,131.41,134.42,134.42,134.23,134.23,135.15,135.15,136.77,136.77
Producto,0.000123941,11111320,BEBIDAS CALIENTES,106.45,106.45,106.45,106.45,111.69,111.69,111.69,115.18,115.18,115.18,115.18,115.18,124.91,124.91,115.18,115.18,120.44,120.44,120.44,120.44,120.44,120.44,120.44,120.44,120.44,120.44,120.44,120.44,120.44,120.44,120.44,120.44,120.44,120.44,120.44,120.44,120.44,120.44,120.44,120.44,120.44,120.44,120.44,125.00,125.00,125.00,125.00,125.00,125.00,125.00,125.00,125.00,125.00,125.00,125.00,125.00,125.00,125.00,125.00,125.00,125.00,125.00,125.00,125.00,125.00,125.00,125.00,125.00,125.00,125.00,125.00,125.00,125.00,125.00,125.00,131.14,131.14,131.14,131.14,131.14,131.14,131.14,125.00,125.00,125.00,125.00,120.44,126.35,131.14,131.14,135.19,135.19,135.19,135.19,135.19,135.19,126.35,126.35,126.35,135.19,135.19,135.19,135.19,135.19,135.19,135.19,135.19,135.19,135.19,135.19,135.19,139.21,139.62,139.62,139.62,139.62,139.62,139.62,139.62,139.62,133.08,124.38,124.38,124.38,124.38,124.38,124.38,124.38,124.38,124.38,133.08,133.08,133.08,133.08,124.38,124.38,125.33,125.33
Producto,0.000238278,11111321,POSTRES PREPARADOS,98.06,98.06,98.06,98.06,98.06,98.06,98.06,98.06,98.06,98.06,98.06,98.06,98.06,98.06,98.06,98.06,98.06,98.06,98.06,98.06,98.06,102.54,103.87,103.87,103.87,103.87,103.87,103.87,103.87,103.87,103.87,103.87,103.87,103.87,103.87,103.87,103.87,103.87,103.87,103.87,103.87,103.87,103.87,103.87,103.87,103.87,103.87,103.30,103.30,103.30,103.30,103.30,103.30,103.30,103.30,103.30,103.30,103.30,103.30,103.30,103.30,103.30,96.55,96.55,96.55,96.55,96.55,104.71,96.55,96.55,96.55,96.55,96.55,96.55,96.55,96.55,96.55,96.55,96.55,96.55,96.55,96.55,96.55,96.55,96.55,96.55,96.55,96.55,96.55,96.55,96.55,96.55,96.55,96.55,96.55,96.55,96.55,96.55,98.83,98.83,98.83,98.83,104.21,101.64,101.64,101.64,101.64,101.64,100.04,100.04,100.21,100.21,100.21,100.21,100.21,100.21,100.21,100.21,100.21,100.21,100.38,100.38,100.38,100.38,100.38,100.38,100.38,100.38,100.46,100.46,100.46,100.46,100.46,102.45,102.45,102.45,102.45,102.45
Grupo,0.002010173,112,Servicios de alojamiento,90.64,90.71,91.79,91.78,92.57,92.76,93.17,92.23,92.59,91.32,91.15,88.57,92.79,91.97,91.15,90.75,91.08,91.19,90.13,89.89,90.94,92.13,91.06,88.53,92.43,91.52,90.63,88.98,90.51,90.34,89.68,88.82,89.10,88.92,89.08,87.78,88.22,88.92,88.36,87.37,88.41,88.39,88.36,87.79,87.35,86.96,86.91,85.89,85.69,86.55,86.62,87.70,87.80,86.51,86.88,86.39,86.34,85.83,84.93,82.26,85.24,85.61,84.99,83.75,82.50,79.27,74.82,73.70,74.19,74.43,73.74,73.69,72.06,71.68,71.50,71.27,71.16,72.51,73.51,73.86,74.39,75.34,76.32,75.96,75.77,75.56,76.56,77.43,76.96,77.38,75.47,78.63,78.28,81.59,80.07,78.09,78.32,78.78,79.21,79.13,78.70,78.98,79.08,78.88,78.88,79.98,79.80,79.10,78.29,78.03,77.86,79.84,78.85,78.93,79.57,79.23,80.11,79.64,78.70,78.56,78.52,78.52,78.83,77.92,77.58,79.17,80.22,81.97,80.71,80.71,80.55,79.00,79.41,79.32,79.43,80.25,81.02,81.66
Clase,0.002010173,1121,Servicios de alojamiento (S),90.64,90.71,91.79,91.78,92.57,92.76,93.17,92.23,92.59,91.32,91.15,88.57,92.79,91.97,91.15,90.75,91.08,91.19,90.13,89.89,90.94,92.13,91.06,88.53,92.43,91.52,90.63,88.98,90.51,90.34,89.68,88.82,89.10,88.92,89.08,87.78,88.22,88.92,88.36,87.37,88.41,88.39,88.36,87.79,87.35,86.96,86.91,85.89,85.69,86.55,86.62,87.70,87.80,86.51,86.88,86.39,86.34,85.83,84.93,82.26,85.24,85.61,84.99,83.75,82.50,79.27,74.82,73.70,74.19,74.43,73.74,73.69,72.06,71.68,71.50,71.27,71.16,72.51,73.51,73.86,74.39,75.34,76.32,75.96,75.77,75.56,76.56,77.43,76.96,77.38,75.47,78.63,78.28,81.59,80.07,78.09,78.32,78.78,79.21,79.13,78.70,78.98,79.08,78.88,78.88,79.98,79.80,79.10,78.29,78.03,77.86,79.84,78.85,78.93,79.57,79.23,80.11,79.64,78.70,78.56,78.52,78.52,78.83,77.92,77.58,79.17,80.22,81.97,80.71,80.71,80.55,79.00,79.41,79.32,79.43,80.25,81.02,81.66
Subclase,0.002010173,11211,Servicios de alojamiento,90.64,90.71,91.79,91.78,92.57,92.76,93.17,92.23,92.59,91.32,91.15,88.57,92.79,91.97,91.15,90.75,91.08,91.19,90.13,89.89,90.94,92.13,91.06,88.53,92.43,91.52,90.63,88.98,90.51,90.34,89.68,88.82,89.10,88.92,89.08,87.78,88.22,88.92,88.36,87.37,88.41,88.39,88.36,87.79,87.35,86.96,86.91,85.89,85.69,86.55,86.62,87.70,87.80,86.51,86.88,86.39,86.34,85.83,84.93,82.26,85.24,85.61,84.99,83.75,82.50,79.27,74.82,73.70,74.19,74.43,73.74,73.69,72.06,71.68,71.50,71.27,71.16,72.51,73.51,73.86,74.39,75.34,76.32,75.96,75.77,75.56,76.56,77.43,76.96,77.38,75.47,78.63,78.28,81.59,80.07,78.09,78.32,78.78,79.21,79.13,78.70,78.98,79.08,78.88,78.88,79.98,79.80,79.10,78.29,78.03,77.86,79.84,78.85,78.93,79.57,79.23,80.11,79.64,78.70,78.56,78.52,78.52,78.83,77.92,77.58,79.17,80.22,81.97,80.71,80.71,80.55,79.00,79.41,79.32,79.43,80.25,81.02,81.66
Producto,0.001486692,11211322,ALOJAMIENTO EN HOTELES,81.92,81.52,82.52,82.52,83.60,85.20,85.93,83.33,83.97,81.68,81.27,76.63,84.37,82.86,80.01,79.16,79.90,80.47,79.42,78.98,81.99,83.22,81.16,75.21,82.61,81.12,80.20,76.45,78.84,78.73,78.16,76.44,76.98,76.33,76.37,73.85,75.23,76.98,75.72,74.65,75.69,75.66,75.60,75.76,74.97,74.28,73.44,71.36,72.12,74.33,73.72,75.47,75.25,72.94,73.79,72.91,73.13,73.40,72.17,66.90,72.23,72.20,71.10,69.19,68.07,63.81,56.82,54.69,56.22,56.23,55.20,54.84,52.28,51.90,51.78,51.41,50.85,53.26,54.48,55.10,55.37,56.31,58.23,58.59,57.65,57.85,59.58,60.84,59.91,61.56,59.07,63.77,63.79,69.38,65.68,62.30,62.42,63.11,63.62,63.30,62.71,63.76,63.47,62.98,62.99,64.72,64.65,63.49,62.14,61.23,60.75,63.34,62.38,62.17,63.36,62.55,64.13,63.66,62.29,62.50,62.37,62.00,62.22,61.49,60.58,62.93,64.51,68.02,65.71,65.41,65.06,62.47,62.74,62.27,62.38,64.08,64.88,66.01
Producto,0.00052348,11211323,ALOJAMIENTO EN HOSTALES,101.65,102.30,103.47,103.47,103.89,102.30,102.30,103.47,103.47,103.47,103.63,103.63,103.42,103.46,105.19,105.36,105.19,104.71,103.65,103.65,102.22,103.39,103.56,105.32,104.82,104.64,103.78,104.78,105.23,105.00,104.20,104.45,104.40,104.80,105.12,105.35,104.60,103.97,104.31,103.40,104.45,104.45,104.45,102.96,102.96,102.96,103.90,104.21,102.80,101.98,102.90,103.12,103.63,103.63,103.39,103.39,103.00,101.50,101.03,101.65,101.65,102.51,102.51,102.12,100.70,98.78,97.52,97.69,96.87,97.40,97.13,97.46,97.01,96.64,96.38,96.34,96.79,96.79,97.53,97.53,98.40,99.35,99.15,97.88,98.62,97.91,97.98,98.36,98.48,97.35,96.16,97.37,96.55,97.00,98.22,98.01,98.38,98.57,98.88,99.09,98.86,98.17,98.76,98.93,98.93,99.23,98.91,98.80,98.67,99.22,99.44,100.64,99.63,100.07,100.01,100.27,100.27,99.81,99.40,98.83,98.89,99.35,99.80,98.65,99.04,99.66,100.04,99.57,99.64,100.02,100.09,99.85,100.44,100.83,100.92,100.65,101.39,101.39
División,0.098640264,12,Bienes y servicios diversos,101.73,104.78,105.18,105.62,105.87,105.47,105.78,106.11,105.68,105.99,106.80,106.57,108.05,107.46,107.59,107.10,107.82,108.58,109.03,108.24,108.03,108.29,108.90,109.47,108.48,107.41,108.11,107.60,107.67,106.59,106.82,106.83,105.51,105.92,105.55,104.83,109.89,110.19,110.13,109.74,109.18,109.54,109.50,110.03,109.78,109.73,109.94,109.93,109.51,109.83,109.99,110.12,109.47,108.92,109.55,109.49,109.78,109.31,109.62,109.55,109.91,109.56,109.86,110.96,110.26,110.27,109.02,109.35,109.22,108.31,107.96,108.09,108.21,107.92,107.00,107.81,107.34,106.73,107.81,108.09,107.58,107.59,107.43,108.60,108.72,107.18,108.00,108.04,109.48,109.00,110.47,110.23,110.58,110.27,110.86,112.08,111.63,111.80,111.58,111.27,111.66,111.53,111.96,112.50,111.64,111.88,111.69,111.52,112.38,111.51,111.96,112.67,113.78,113.86,114.45,114.80,114.55,113.99,114.42,115.69,115.43,114.89,115.22,115.63,116.16,115.59,116.26,116.40,116.45,115.73,117.60,117.28,119.13,118.23,118.68,117.83,121.05,120.28
Grupo,0.058370117,121,Cuidado personal,100.31,102.07,102.94,103.55,103.91,103.21,103.70,104.24,103.54,104.08,105.47,105.12,106.24,105.32,105.56,105.04,105.99,107.14,107.84,106.67,106.35,106.86,107.87,108.79,108.43,106.67,108.21,107.26,107.39,105.80,106.14,106.14,104.02,104.72,104.26,103.09,103.14,103.73,103.52,102.98,102.08,102.66,102.64,103.54,103.11,103.04,103.40,103.43,102.60,103.03,103.29,103.60,102.53,101.69,102.74,102.13,103.07,101.99,102.46,102.43,103.00,102.38,102.88,104.68,103.81,103.80,101.96,102.45,102.48,100.96,101.47,101.66,101.79,101.26,99.58,100.94,100.63,99.87,101.64,102.31,101.44,101.19,100.99,102.93,103.13,100.60,101.83,101.87,104.38,103.57,105.55,105.13,105.68,105.22,106.19,108.14,106.71,106.96,106.60,106.04,106.77,106.54,107.17,108.07,107.02,107.28,106.94,106.61,108.01,106.54,107.45,108.53,109.99,110.13,111.04,111.63,111.13,110.04,110.68,112.66,111.10,110.30,110.80,111.32,111.97,110.98,112.16,112.33,112.42,110.69,113.61,112.90,114.68,113.00,113.77,112.43,117.71,116.38
Clase,0.009194461,1211,Salones de peluquería y establecimientos de cuidados personales (S),102.93,102.93,106.23,107.53,107.29,107.29,106.96,106.26,106.26,107.69,107.69,107.69,108.88,108.88,108.88,108.56,103.78,103.78,103.78,103.78,103.78,107.79,107.57,107.57,107.10,107.10,107.10,108.21,110.25,110.60,110.69,110.69,109.08,108.72,108.72,109.41,109.58,110.51,110.51,110.51,107.45,107.45,109.55,111.12,108.70,108.70,108.49,108.49,107.17,107.17,107.17,107.17,107.47,108.04,108.04,107.76,107.76,105.92,106.88,106.65,107.10,107.10,107.10,107.10,103.78,104.74,102.95,102.09,104.43,104.43,104.65,104.65,104.65,104.65,104.65,104.93,104.53,106.08,105.68,105.88,105.88,105.88,105.88,106.82,105.67,104.84,104.84,105.06,105.06,105.06,105.06,105.06,105.06,105.06,105.06,105.06,105.06,105.06,106.21,106.21,105.99,106.37,106.71,107.22,107.22,106.56,106.56,106.56,105.15,107.00,108.18,108.18,108.18,108.18,108.18,109.04,109.04,109.04,109.04,109.04,109.04,109.04,109.04,108.18,109.37,109.37,109.37,109.37,109.37,109.37,109.60,110.60,110.60,110.60,110.60,110.60,113.28,113.28
Subclase,0.009194461,12111,Salones de peluquería y establecimientos de cuidados personales,102.93,102.93,106.23,107.53,107.29,107.29,106.96,106.26,106.26,107.69,107.69,107.69,108.88,108.88,108.88,108.56,103.78,103.78,103.78,103.78,103.78,107.79,107.57,107.57,107.10,107.10,107.10,108.21,110.25,110.60,110.69,110.69,109.08,108.72,108.72,109.41,109.58,110.51,110.51,110.51,107.45,107.45,109.55,111.12,108.70,108.70,108.49,108.49,107.17,107.17,107.17,107.17,107.47,108.04,108.04,107.76,107.76,105.92,106.88,106.65,107.10,107.10,107.10,107.10,103.78,104.74,102.95,102.09,104.43,104.43,104.65,104.65,104.65,104.65,104.65,104.93,104.53,106.08,105.68,105.88,105.88,105.88,105.88,106.82,105.67,104.84,104.84,105.06,105.06,105.06,105.06,105.06,105.06,105.06,105.06,105.06,105.06,105.06,106.21,106.21,105.99,106.37,106.71,107.22,107.22,106.56,106.56,106.56,105.15,107.00,108.18,108.18,108.18,108.18,108.18,109.04,109.04,109.04,109.04,109.04,109.04,109.04,109.04,108.18,109.37,109.37,109.37,109.37,109.37,109.37,109.60,110.60,110.60,110.60,110.60,110.60,113.28,113.28
Producto,0.000950944,12111324,LAVADO Y CEPILLADO DE CABELLO PARA MUJER,98.06,98.06,100.71,105.31,105.31,105.31,100.71,100.71,100.71,100.71,100.71,100.71,100.71,100.71,100.71,96.32,96.32,96.32,96.32,96.32,96.32,100.71,100.71,100.71,94.13,94.13,94.13,94.13,97.70,97.70,100.71,100.71,97.70,97.70,97.70,97.70,104.53,104.53,104.53,104.53,104.53,104.53,108.49,108.49,108.49,108.49,108.49,108.49,108.49,108.49,108.49,108.49,112.60,109.23,109.23,106.11,106.11,109.38,109.38,106.11,106.11,106.11,106.11,106.11,102.24,106.11,93.89,97.45,97.45,97.45,100.46,100.46,100.46,100.46,100.46,104.26,104.26,104.26,104.26,106.98,106.98,106.98,106.98,106.98,106.98,99.99,99.99,103.07,103.07,103.07,103.07,103.07,103.07,103.07,103.07,103.07,103.07,103.07,103.07,103.07,99.99,99.99,99.99,106.98,106.98,103.07,103.07,103.07,103.07,103.07,103.07,103.07,103.07,103.07,103.07,103.07,103.07,103.07,103.07,103.07,103.07,103.07,103.07,103.07,103.07,103.07,103.07,103.07,103.07,103.07,106.25,106.25,106.25,106.25,106.25,106.25,114.46,114.46
Producto,0.004825923,12111325,CORTE DE CABELLO,109.22,109.22,114.95,116.73,116.73,116.73,116.73,116.73,116.73,119.37,119.37,119.37,121.56,121.56,121.56,121.56,114.76,114.76,114.76,114.76,114.76,121.56,121.56,121.56,121.56,121.56,121.56,121.56,123.84,123.84,123.84,123.84,123.84,123.84,123.84,123.84,123.84,123.84,123.84,123.84,118.20,118.20,120.01,121.85,119.16,119.16,118.52,118.52,116.34,116.34,116.34,116.34,116.34,117.84,117.84,117.84,117.84,115.67,117.44,117.44,117.44,117.44,117.44,117.44,112.55,113.80,112.12,110.88,112.96,112.96,112.96,112.96,112.96,112.96,112.96,112.96,112.96,115.08,115.08,115.08,115.08,115.08,115.08,115.08,112.96,112.96,112.96,112.96,112.96,112.96,112.96,112.96,112.96,112.96,112.96,112.96,112.96,112.96,115.08,115.08,115.08,115.08,117.87,117.87,117.87,117.87,117.87,117.87,115.27,115.27,117.43,117.43,117.43,117.43,117.43,117.43,117.43,117.43,117.43,117.43,117.43,117.43,117.43,117.43,119.64,119.64,119.64,119.64,119.64,119.64,119.64,121.47,121.47,121.47,121.47,121.47,123.75,123.75
Producto,0.001438249,12111326,MANICURE,98.06,98.06,98.06,98.06,98.06,98.06,98.06,94.55,94.55,94.55,94.55,94.55,94.55,94.55,94.55,94.55,94.55,94.55,94.55,94.55,94.55,94.55,94.55,94.55,94.55,94.55,94.55,100.15,102.86,102.86,102.86,102.86,102.86,102.86,102.86,102.86,102.86,107.55,107.55,107.55,107.55,107.55,107.55,110.46,105.64,105.64,110.46,110.46,105.64,105.64,105.64,105.64,105.64,105.64,105.64,103.65,103.65,103.65,103.65,103.65,103.65,103.65,103.65,103.65,103.65,103.65,103.65,103.65,103.65,103.65,103.65,103.65,103.65,103.65,103.65,103.65,103.65,103.65,103.65,103.65,103.65,103.65,103.65,108.38,108.38,108.38,108.38,108.38,108.38,108.38,108.38,108.38,108.38,108.38,108.38,108.38,108.38,108.38,108.38,108.38,108.38,108.38,104.42,104.42,104.42,104.42,104.42,104.42,104.42,113.70,113.70,113.70,113.70,113.70,113.70,118.01,118.01,118.01,118.01,118.01,118.01,118.01,118.01,113.70,113.70,113.70,113.70,113.70,113.70,113.70,113.70,113.70,113.70,113.70,113.70,113.70,118.01,118.01
Producto,0.001979346,12111327,TRATAMIENTOS PARA EL CABELLO,91.68,91.68,91.68,91.68,90.42,90.42,90.42,90.42,90.42,90.42,90.42,90.42,90.42,90.42,90.42,90.42,84.54,84.54,84.54,84.54,84.54,84.54,83.38,83.38,83.38,83.38,83.38,83.38,83.38,85.25,84.56,84.56,77.10,75.14,75.14,78.83,77.10,77.10,77.10,77.10,77.10,77.10,81.54,81.54,81.54,81.54,77.10,77.10,81.54,81.54,81.54,81.54,81.54,81.54,81.54,83.38,83.38,78.57,78.57,78.57,80.99,80.99,80.99,80.99,78.94,78.94,78.94,76.57,83.10,83.10,83.10,83.10,83.10,83.10,83.10,83.10,80.99,83.10,80.99,80.99,80.99,80.99,80.99,80.99,80.99,79.21,79.21,79.21,79.21,79.21,79.21,79.21,79.21,79.21,79.21,79.21,79.21,79.21,79.21,79.21,79.21,81.27,79.21,79.21,79.21,77.20,77.20,77.20,77.20,77.20,77.20,77.20,77.20,77.20,77.20,77.20,77.20,77.20,77.20,77.20,77.20,77.20,77.20,77.20,77.20,77.20,77.20,77.20,77.20,77.20,77.20,77.20,77.20,77.20,77.20,77.20,77.20,77.20
Clase,0.000173319,1212,Aparatos eléctricos para el cuidado personal (D),88.62,89.71,89.71,89.71,89.71,89.71,89.71,89.71,90.44,89.11,89.11,89.78,89.78,89.78,89.55,89.55,87.22,88.78,89.37,87.01,87.01,86.96,86.96,86.96,86.96,93.39,93.39,93.39,93.39,92.42,92.42,92.42,89.34,89.10,89.10,89.10,89.10,82.57,82.57,94.59,92.20,92.20,85.88,85.88,85.88,85.87,87.73,87.08,82.40,82.40,82.40,83.96,83.96,82.64,81.36,81.86,73.80,73.80,73.40,73.40,73.40,73.40,73.40,75.70,73.40,73.40,73.40,73.40,73.40,73.40,73.40,72.71,72.71,70.87,70.87,71.49,71.49,68.51,74.16,74.79,74.19,72.22,70.65,70.65,70.65,70.65,70.65,70.65,70.65,70.65,70.65,70.65,69.60,69.60,68.56,68.56,66.71,66.71,67.29,67.29,67.29,70.67,68.89,71.12,71.12,71.12,71.12,71.12,71.12,71.09,68.03,74.33,74.33,75.74,75.74,75.13,73.55,76.02,72.49,64.91,64.91,66.36,66.36,66.36,64.91,64.91,64.91,66.36,64.63,64.63,65.72,64.32,66.05,66.05,66.05,66.05,66.05,66.05
Subclase,0.000173319,12121,Aparatos eléctricos para el cuidado personal,88.62,89.71,89.71,89.71,89.71,89.71,89.71,89.71,90.44,89.11,89.11,89.78,89.78,89.78,89.55,89.55,87.22,88.78,89.37,87.01,87.01,86.96,86.96,86.96,86.96,93.39,93.39,93.39,93.39,92.42,92.42,92.42,89.34,89.10,89.10,89.10,89.10,82.57,82.57,94.59,92.20,92.20,85.88,85.88,85.88,85.87,87.73,87.08,82.40,82.40,82.40,83.96,83.96,82.64,81.36,81.86,73.80,73.80,73.40,73.40,73.40,73.40,73.40,75.70,73.40,73.40,73.40,73.40,73.40,73.40,73.40,72.71,72.71,70.87,70.87,71.49,71.49,68.51,74.16,74.79,74.19,72.22,70.65,70.65,70.65,70.65,70.65,70.65,70.65,70.65,70.65,70.65,69.60,69.60,68.56,68.56,66.71,66.71,67.29,67.29,67.29,70.67,68.89,71.12,71.12,71.12,71.12,71.12,71.12,71.09,68.03,74.33,74.33,75.74,75.74,75.13,73.55,76.02,72.49,64.91,64.91,66.36,66.36,66.36,64.91,64.91,64.91,66.36,64.63,64.63,65.72,64.32,66.05,66.05,66.05,66.05,66.05,66.05
Producto,0.000173319,12121328,PLANCHA PARA EL CABELLO,88.62,89.71,89.71,89.71,89.71,89.71,89.71,89.71,90.44,89.11,89.11,89.78,89.78,89.78,89.55,89.55,87.22,88.78,89.37,87.01,87.01,86.96,86.96,86.96,86.96,93.39,93.39,93.39,93.39,92.42,92.42,92.42,89.34,89.10,89.10,89.10,89.10,82.57,82.57,94.59,92.20,92.20,85.88,85.88,85.88,85.87,87.73,87.08,82.40,82.40,82.40,83.96,83.96,82.64,81.36,81.86,73.80,73.80,73.40,73.40,73.40,73.40,73.40,75.70,73.40,73.40,73.40,73.40,73.40,73.40,73.40,72.71,72.71,70.87,70.87,71.49,71.49,68.51,74.16,74.79,74.19,72.22,70.65,70.65,70.65,70.65,70.65,70.65,70.65,70.65,70.65,70.65,69.60,69.60,68.56,68.56,66.71,66.71,67.29,67.29,67.29,70.67,68.89,71.12,71.12,71.12,71.12,71.12,71.12,71.09,68.03,74.33,74.33,75.74,75.74,75.13,73.55,76.02,72.49,64.91,64.91,66.36,66.36,66.36,64.91,64.91,64.91,66.36,64.63,64.63,65.72,64.32,66.05,66.05,66.05,66.05,66.05,66.05
Clase,0.049002337,1213,"Otros aparatos, artículos y productos para la atención personal (ND)",99.90,101.96,102.42,102.91,103.37,102.54,103.18,103.93,103.11,103.51,105.14,104.72,105.83,104.75,105.03,104.48,106.42,107.76,108.58,107.22,106.84,106.76,107.98,109.06,108.72,106.64,108.45,107.13,106.94,105.01,105.40,105.40,103.19,104.07,103.54,102.05,102.07,102.63,102.38,101.71,101.19,101.86,101.50,102.29,102.20,102.12,102.57,102.61,101.88,102.38,102.68,103.04,101.74,100.65,101.89,101.22,102.35,101.40,101.78,101.79,102.38,101.65,102.24,104.34,103.90,103.72,101.87,102.59,102.22,100.44,101.00,101.23,101.38,100.77,98.79,100.34,100.05,98.90,101.02,101.78,100.76,100.46,100.23,102.35,102.79,99.95,101.40,101.41,104.35,103.40,105.72,105.24,105.89,105.34,106.49,108.78,107.10,107.39,106.77,106.12,107.01,106.67,107.35,108.32,107.09,107.51,107.10,106.71,108.60,106.56,107.44,108.68,110.40,110.56,111.63,112.17,111.59,110.31,111.07,113.41,111.58,110.64,111.22,111.98,112.55,111.38,112.77,112.97,113.07,111.04,114.43,113.43,115.51,113.54,114.44,112.87,118.61,117.05
Subclase,0.049002337,12131,Aparatos no eléctricos y artículos para la atención personal,99.90,101.96,102.42,102.91,103.37,102.54,103.18,103.93,103.11,103.51,105.14,104.72,105.83,104.75,105.03,104.48,106.42,107.76,108.58,107.22,106.84,106.76,107.98,109.06,108.72,106.64,108.45,107.13,106.94,105.01,105.40,105.40,103.19,104.07,103.54,102.05,102.07,102.63,102.38,101.71,101.19,101.86,101.50,102.29,102.20,102.12,102.57,102.61,101.88,102.38,102.68,103.04,101.74,100.65,101.89,101.22,102.35,101.40,101.78,101.79,102.38,101.65,102.24,104.34,103.90,103.72,101.87,102.59,102.22,100.44,101.00,101.23,101.38,100.77,98.79,100.34,100.05,98.90,101.02,101.78,100.76,100.46,100.23,102.35,102.79,99.95,101.40,101.41,104.35,103.40,105.72,105.24,105.89,105.34,106.49,108.78,107.10,107.39,106.77,106.12,107.01,106.67,107.35,108.32,107.09,107.51,107.10,106.71,108.60,106.56,107.44,108.68,110.40,110.56,111.63,112.17,111.59,110.31,111.07,113.41,111.58,110.64,111.22,111.98,112.55,111.38,112.77,112.97,113.07,111.04,114.43,113.43,115.51,113.54,114.44,112.87,118.61,117.05
Producto,0.000243942,12131329,ACEITE PARA BEBÉ,108.06,108.75,106.95,109.00,109.67,110.79,108.56,111.66,111.63,106.38,111.63,111.63,111.63,111.63,111.29,111.29,112.04,113.90,113.90,113.90,113.07,113.07,113.04,113.04,113.04,113.67,118.89,112.15,119.05,100.48,100.12,107.55,102.67,112.54,112.54,108.75,107.76,108.75,113.84,113.84,115.07,115.55,115.81,111.43,116.33,117.17,117.17,112.47,117.17,118.50,114.69,118.18,114.27,111.11,112.28,115.66,120.31,119.63,114.86,121.31,121.31,120.98,116.15,121.75,123.17,113.06,122.10,122.10,123.87,113.09,118.12,123.99,123.99,123.99,118.75,119.50,125.54,111.93,123.16,124.97,129.05,124.26,129.47,129.47,124.64,131.81,130.87,121.54,135.17,129.37,134.55,134.55,127.28,135.92,134.49,137.68,137.68,137.68,136.05,121.68,132.09,135.60,133.30,116.51,122.75,119.97,127.67,135.80,139.22,134.03,138.77,131.87,135.10,135.89,134.90,131.36,127.05,135.55,136.17,136.65,143.41,143.41,142.95,132.67,132.66,130.64,138.77,141.27,134.41,136.41,136.38,132.02,137.48,141.34,140.83,139.45,139.45,149.04
Producto,0.001233413,12131330,ACONDICIONADOR PARA EL CABELLO,97.84,97.84,97.84,97.84,97.84,98.39,102.16,102.16,101.89,104.32,104.32,104.32,104.32,104.12,104.12,101.29,108.46,108.02,113.61,113.13,111.88,112.74,112.60,112.60,112.60,113.54,113.54,113.54,109.29,87.68,90.39,90.39,93.82,93.82,93.82,93.82,93.82,93.82,93.82,78.07,78.07,72.70,74.45,79.61,74.14,79.86,75.19,81.70,77.12,78.55,73.73,78.92,75.51,79.47,81.67,77.89,81.67,76.53,79.18,81.33,83.95,82.02,80.59,83.78,81.73,81.24,77.84,80.79,83.78,79.08,82.79,79.90,80.31,84.38,77.59,84.38,85.90,78.75,85.54,81.73,73.05,88.01,87.43,88.02,88.02,85.03,90.10,87.41,91.27,82.74,87.37,91.21,83.19,88.18,99.57,99.57,99.05,101.35,98.06,101.35,101.35,99.57,101.35,101.35,98.73,99.64,99.64,99.12,100.19,100.19,100.19,102.43,101.99,101.57,103.85,106.51,105.23,105.23,100.37,107.60,104.00,107.18,101.33,107.61,107.61,99.01,100.92,100.05,96.87,98.09,98.39,99.10,99.10,99.15,87.27,87.99,106.07,100.32
Producto,0.001603144,12131331,COSMÉTICOS,106.33,102.68,102.68,99.86,99.71,99.70,99.70,99.70,98.93,97.09,95.98,96.43,96.30,97.60,98.15,97.81,97.81,103.17,102.20,98.32,98.32,98.34,95.75,100.95,100.95,98.64,103.23,103.25,101.59,98.59,98.70,96.39,96.23,96.48,91.90,96.86,99.61,99.18,99.09,98.40,101.59,101.19,101.46,103.53,104.18,104.42,103.20,92.18,90.13,89.91,89.91,88.25,90.89,91.17,91.61,93.64,93.64,92.81,93.94,92.69,92.59,92.59,92.59,93.72,91.22,91.57,91.38,93.42,94.52,94.52,95.57,95.61,95.61,92.64,90.99,91.81,90.99,93.63,93.75,95.07,94.72,94.72,94.72,93.62,93.33,93.33,93.33,92.89,92.56,94.98,94.79,96.57,97.24,97.42,97.94,99.33,99.33,100.31,100.21,100.14,100.76,100.41,98.42,98.59,101.11,101.11,99.93,99.21,100.45,100.26,99.87,101.68,104.73,103.13,104.46,104.52,104.44,104.52,104.10,104.93,104.51,102.59,102.30,100.93,101.93,103.70,103.18,104.35,104.35,103.46,98.95,103.05,103.05,104.60,104.53,105.68,104.84,106.27
Producto,0.001720025,12131332,PROTECTOR SOLAR,114.04,118.00,118.00,118.00,117.30,117.30,118.68,117.30,117.30,112.18,112.08,118.64,119.81,119.49,119.49,121.18,120.19,122.35,122.92,122.08,122.08,120.42,121.80,123.10,109.49,115.33,123.79,123.79,124.80,113.83,116.03,111.47,113.83,121.22,121.16,119.49,93.55,99.29,115.57,119.80,123.50,125.30,115.15,99.14,99.82,99.14,99.61,104.32,92.98,93.01,100.08,94.29,93.98,90.35,86.98,83.17,94.57,97.88,97.71,86.16,86.35,85.08,95.01,101.08,101.46,99.18,99.18,99.19,99.19,99.11,99.11,94.20,87.71,86.86,94.66,83.59,90.91,98.14,91.39,96.61,102.92,103.42,93.51,99.94,88.25,91.90,98.16,89.59,105.62,105.08,104.90,98.17,101.93,104.04,111.23,107.65,98.97,95.27,96.29,116.11,123.72,119.90,115.52,111.12,118.29,124.72,125.67,117.58,115.98,102.81,102.73,112.57,122.41,128.92,116.57,122.12,122.72,125.80,127.09,129.09,118.43,117.39,123.12,125.51,125.23,127.90,122.06,110.25,124.67,131.19,124.86,117.03,117.94,126.39,118.56,118.29,135.09,134.24
Producto,0.002499479,12131333,CEPILLO DE DIENTES,100.23,103.10,104.14,104.14,103.21,103.44,96.78,96.78,96.78,100.76,100.76,101.65,101.69,101.82,101.82,101.14,102.00,103.69,103.69,103.69,103.75,103.75,103.75,103.75,106.59,101.18,106.20,106.20,106.20,105.15,104.63,104.33,101.59,102.74,102.38,89.93,102.45,104.72,104.72,104.72,104.72,104.42,92.18,111.83,98.71,107.27,108.46,104.50,108.26,106.10,108.43,108.43,108.43,106.68,110.37,98.56,106.11,114.73,108.09,113.01,118.67,119.54,105.28,119.68,128.25,129.07,125.61,118.04,129.07,126.82,120.53,125.12,125.94,126.74,120.53,127.66,123.96,116.64,129.86,124.08,124.08,129.76,122.69,133.10,136.03,134.41,114.11,118.72,132.74,130.02,132.51,134.76,134.76,127.82,130.80,137.19,127.71,129.64,129.64,113.04,132.25,118.19,123.46,129.79,119.54,118.06,119.54,120.30,119.89,124.28,120.38,130.03,128.72,128.63,116.52,122.14,131.96,119.24,130.67,133.51,130.08,128.76,133.32,134.10,134.74,125.38,133.51,126.80,134.75,138.90,141.79,134.75,139.86,136.30,136.18,138.30,140.23,130.19
Producto,0.002354339,12131334,CREMAS PARA LA PIEL,98.28,101.04,102.08,102.08,100.42,100.42,101.25,101.25,101.25,96.82,97.06,98.33,105.94,104.05,108.14,108.14,113.10,115.42,106.41,116.13,116.17,102.93,113.51,113.51,113.51,104.62,113.48,109.36,106.05,103.93,111.64,111.64,107.56,104.65,113.09,109.93,92.81,104.83,101.66,107.86,110.16,112.19,112.19,112.19,112.19,105.53,114.46,108.02,105.04,102.51,104.57,111.89,104.01,98.89,94.71,104.31,100.60,97.59,95.59,92.68,109.32,109.27,109.27,109.32,115.05,115.05,120.42,119.80,119.85,99.46,102.37,116.73,116.73,116.73,96.69,103.51,93.95,109.09,116.73,111.30,116.73,106.16,114.78,109.18,115.40,100.99,109.39,113.51,99.38,109.41,107.92,111.99,112.82,122.73,117.27,129.55,130.33,130.33,128.44,131.97,116.62,128.64,127.23,121.87,125.67,127.14,125.83,132.88,133.41,135.27,133.18,123.16,121.75,129.20,140.17,138.12,138.12,141.05,144.82,144.82,137.73,146.37,137.84,146.37,128.59,147.51,147.51,147.51,148.62,148.48,147.76,146.47,147.76,147.76,141.20,150.54,151.21,153.11
Producto,0.001011995,12131335,GEL Y FIJADOR DE CABELLO,102.18,108.57,111.45,113.26,113.49,112.99,112.99,112.99,113.07,112.84,112.84,113.07,113.07,113.12,114.29,113.68,113.33,115.54,115.54,115.30,115.30,111.54,115.19,117.30,113.06,110.50,107.36,107.26,112.02,112.49,105.82,107.57,109.60,109.62,110.83,109.69,110.82,110.82,108.96,109.08,107.49,108.24,111.75,111.75,111.90,109.12,111.17,112.16,114.49,112.44,113.06,111.94,112.59,110.72,114.73,112.26,115.53,112.04,113.79,112.80,113.63,112.36,112.00,119.03,113.01,112.69,114.89,114.57,116.15,118.01,111.06,114.39,117.93,117.33,117.33,116.38,117.08,119.08,117.42,115.64,113.39,113.97,117.85,116.48,114.79,118.48,119.32,116.09,121.68,118.99,122.89,118.70,116.78,119.43,123.37,116.08,121.70,114.99,115.70,131.25,132.50,120.00,116.44,122.51,120.91,131.54,122.98,126.40,125.78,122.31,125.45,116.06,115.34,115.39,112.56,112.62,114.46,122.01,117.85,119.19,124.07,127.10,132.62,134.15,131.43,126.64,132.16,135.91,132.21,134.29,127.33,137.78,134.72,137.40,130.90,140.92,137.65,135.26
Producto,0.004292512,12131336,DESODORANTE ,105.11,102.45,102.45,102.45,102.45,92.03,100.50,105.94,98.83,104.18,105.94,103.74,104.29,104.18,99.90,98.83,104.94,101.42,111.72,111.19,109.62,113.69,107.93,115.53,115.22,110.27,112.55,112.55,112.05,109.09,108.48,111.90,100.54,106.52,101.58,103.75,101.15,102.23,102.55,98.05,101.79,100.85,101.31,101.90,103.60,103.92,103.51,110.24,105.50,110.34,109.93,109.56,104.36,104.13,108.58,108.09,108.76,106.50,107.24,111.33,109.39,108.67,114.88,116.81,113.25,107.52,107.06,107.24,111.37,106.06,114.24,111.24,108.94,109.05,98.37,108.90,107.93,104.89,111.35,122.58,107.03,104.38,99.18,109.36,117.19,104.84,112.72,109.10,126.98,116.07,124.12,120.63,117.60,110.89,113.61,133.28,114.83,120.62,126.61,123.95,122.96,125.32,128.21,132.01,125.73,121.87,121.63,127.13,134.56,125.77,125.58,125.12,133.98,135.53,134.21,144.21,135.34,122.80,136.36,143.35,130.20,133.72,124.13,128.78,126.82,121.07,135.61,137.19,140.97,109.64,150.22,131.29,141.34,128.66,144.74,131.41,168.05,154.22
Producto,0.002994925,12131337,JABÓN PARA TOCADOR,99.12,99.12,97.71,97.71,102.47,102.27,102.27,102.87,103.57,102.67,102.87,102.87,103.27,102.27,102.27,102.27,102.27,105.26,104.68,102.53,100.45,99.23,101.64,101.84,101.84,101.84,101.84,101.84,98.78,98.38,95.52,97.76,97.96,97.56,97.96,95.71,99.10,98.01,98.18,98.18,95.81,97.51,98.01,98.01,98.18,97.35,98.01,98.23,99.03,98.23,98.90,98.90,98.90,97.91,97.91,98.31,97.91,98.35,97.91,97.91,94.67,92.89,97.32,96.62,96.76,95.72,92.74,95.72,95.72,95.72,95.72,95.72,95.72,97.69,95.72,98.09,95.72,95.72,96.50,95.72,96.58,96.58,97.91,97.91,99.48,99.48,97.99,100.29,100.76,101.75,102.69,102.31,105.36,105.36,103.70,102.86,104.80,103.48,106.01,109.02,109.02,105.65,110.21,110.21,110.21,110.21,110.21,111.97,111.97,109.86,110.06,111.71,111.71,112.62,112.40,111.27,111.97,111.13,111.13,108.16,108.16,109.13,110.67,111.89,111.89,111.71,111.98,111.98,111.98,110.32,110.57,111.17,112.50,113.20,112.56,112.56,112.56,113.17
Producto,0.004570035,12131338,PAÑALES DESECHABLES,103.27,105.62,105.89,105.89,110.98,111.47,112.15,115.47,115.80,114.03,117.52,110.20,113.21,112.25,112.95,113.16,116.33,117.74,117.89,103.67,105.53,106.23,110.35,110.46,106.11,105.14,106.07,98.89,99.47,98.20,98.20,98.62,98.64,98.64,97.79,97.00,92.61,96.96,94.40,92.24,87.70,90.12,90.12,92.50,91.12,91.12,93.83,93.83,93.94,90.68,91.83,94.05,93.72,89.89,90.01,90.03,90.03,90.63,89.46,89.01,87.64,86.94,84.45,87.57,83.02,87.27,79.35,76.28,68.09,68.09,68.10,68.69,69.66,69.45,70.53,67.43,67.62,62.89,63.88,63.69,66.01,67.87,67.39,65.87,65.11,63.97,63.97,65.16,66.82,66.72,66.80,67.99,68.31,68.75,71.11,70.96,67.37,66.56,64.83,65.26,66.10,65.16,66.64,67.69,70.63,70.08,70.52,68.92,68.98,66.19,67.60,67.28,66.46,68.28,69.93,69.47,67.05,69.81,68.68,70.72,71.07,70.34,69.79,70.39,70.34,67.88,65.20,68.30,66.24,73.73,75.05,74.21,74.93,73.65,73.65,73.65,73.65,73.65
Producto,0.005079289,12131339,PAPEL HIGIÉNICO,94.70,100.09,100.09,100.09,99.12,99.12,99.12,99.12,99.12,99.12,96.47,98.26,98.58,97.73,98.87,96.95,97.63,98.09,98.09,97.68,96.43,96.43,97.43,97.43,97.43,97.43,97.43,96.60,98.03,96.38,96.79,96.27,89.06,95.28,91.99,91.59,94.41,86.88,86.82,85.75,85.89,85.60,84.98,83.37,83.94,83.30,80.00,83.98,83.41,84.68,84.00,82.62,82.62,82.62,84.81,82.01,80.94,78.23,80.94,80.94,83.36,83.10,83.10,81.02,82.42,82.42,81.45,82.35,81.12,77.85,76.73,79.63,79.25,77.23,80.03,80.03,80.03,78.75,81.47,79.79,77.71,81.24,81.24,81.78,81.01,80.53,79.74,77.91,78.82,81.84,87.29,88.33,89.82,90.22,90.22,90.22,90.22,90.22,86.92,85.37,83.89,87.65,87.65,87.65,87.65,88.65,88.65,88.65,87.72,83.15,89.46,91.04,91.04,90.16,90.16,88.62,82.83,87.72,83.86,83.86,85.72,80.02,88.87,86.28,87.39,84.71,84.71,87.27,81.74,81.54,89.60,90.01,89.56,88.34,89.74,81.95,86.50,85.88
Producto,0.003593665,12131340,PASTA DENTAL,95.30,100.48,104.60,106.87,106.63,106.63,106.63,109.15,106.63,117.00,125.15,126.70,129.93,124.95,121.29,121.29,127.51,137.08,139.66,142.62,141.29,139.08,142.35,148.48,148.48,142.35,142.35,141.07,138.22,139.03,139.03,138.86,138.86,138.04,138.04,128.01,139.89,140.20,137.07,138.73,136.99,138.01,139.79,138.42,141.01,138.86,138.62,133.18,138.20,137.73,139.58,138.25,138.17,137.25,139.06,138.25,138.02,139.85,138.48,136.38,143.23,137.13,142.21,144.75,137.95,142.34,139.80,138.90,140.86,144.04,141.46,141.46,141.46,136.79,134.61,136.10,136.78,136.78,138.63,142.44,145.18,136.79,129.11,147.23,145.22,146.79,144.52,148.42,148.86,152.71,151.94,143.00,156.55,149.52,150.55,147.84,152.19,152.05,152.05,151.15,149.55,147.54,148.10,153.21,153.27,149.40,149.19,140.98,152.83,150.42,152.87,150.60,155.45,152.60,164.26,161.74,155.97,153.14,153.93,161.15,153.78,149.78,158.22,158.99,182.27,181.08,180.48,182.32,179.51,180.07,177.52,176.23,186.58,184.22,182.45,179.82,181.41,180.00
Producto,0.006820282,12131341,PERFUMES,98.06,98.06,98.06,99.72,99.19,99.58,99.43,99.55,99.43,99.06,98.61,98.70,99.32,99.32,99.29,98.53,98.56,97.93,99.29,98.27,97.42,99.93,101.48,100.71,101.64,98.09,101.68,101.55,101.62,100.85,102.91,102.82,102.54,100.32,100.27,100.85,100.75,100.47,99.26,99.95,99.24,101.75,102.40,102.27,102.59,102.86,102.11,102.54,101.29,104.09,104.09,104.09,104.09,98.92,104.41,104.75,103.92,100.97,102.20,102.61,101.31,99.37,99.37,104.40,102.38,98.45,98.45,100.16,100.65,101.89,101.76,103.71,101.02,99.74,99.23,102.53,101.44,100.04,99.79,100.21,100.20,100.26,99.65,100.42,100.62,100.78,100.68,99.50,100.41,100.58,100.58,100.10,100.10,100.72,98.50,100.45,101.20,101.20,101.29,101.29,102.60,102.22,103.92,104.14,103.28,104.22,104.22,102.19,102.17,104.43,104.42,107.28,107.46,107.46,107.46,106.47,106.99,106.98,107.05,107.05,107.87,107.87,105.79,103.78,103.78,104.74,104.74,104.74,104.74,104.74,106.14,106.66,106.14,106.83,106.93,106.95,107.45,107.18
Producto,0.00297812,12131342,TOALLAS SANITARIAS,108.43,118.96,117.79,118.82,121.14,121.10,121.48,117.97,117.97,118.94,121.95,121.95,122.04,115.50,122.26,122.16,122.53,122.90,122.90,122.90,122.90,122.90,122.90,123.53,124.38,122.07,122.07,120.36,121.88,120.71,120.86,120.87,121.64,119.94,122.90,123.08,118.64,118.73,118.85,119.13,120.81,119.24,121.02,119.70,120.34,120.26,123.94,122.46,123.20,121.54,117.99,123.88,122.69,125.59,121.51,121.51,126.54,125.45,127.00,127.28,127.28,126.92,126.92,130.33,129.42,129.50,129.54,128.19,123.41,125.71,119.34,121.80,119.56,125.21,117.07,125.21,122.99,127.17,123.09,119.53,117.13,113.15,119.22,111.61,116.62,112.41,116.40,116.96,112.47,112.47,113.25,114.64,116.72,114.35,114.06,113.29,117.98,114.89,110.66,108.39,105.68,105.72,106.46,108.43,101.69,102.54,104.84,101.53,102.99,100.82,100.53,103.91,105.70,104.02,107.45,105.46,109.07,105.46,108.05,108.48,104.90,107.65,106.83,103.83,103.77,103.99,104.90,106.89,106.82,106.14,108.54,109.57,107.30,104.91,105.23,101.97,109.37,108.19
Producto,0.001590334,12131343,RASURADORA,101.83,101.83,102.94,103.82,97.64,97.64,97.64,101.89,101.69,101.69,101.69,101.69,101.69,101.69,101.60,103.70,104.46,106.30,105.58,101.53,108.28,105.70,108.84,100.64,107.76,107.02,107.91,107.91,107.91,106.26,106.26,106.26,102.53,105.89,105.89,94.31,105.89,105.89,105.89,105.94,105.89,106.24,104.96,104.96,106.50,106.77,107.15,103.00,104.03,104.83,107.00,107.00,89.48,102.51,97.74,101.81,102.51,102.51,102.51,102.51,102.51,91.32,99.64,106.27,99.32,104.24,97.46,107.89,97.82,103.00,109.08,109.08,105.03,110.11,115.44,115.39,112.43,101.61,113.85,114.79,115.59,110.83,114.85,118.42,110.37,112.99,115.81,120.20,121.60,116.80,117.71,117.71,118.47,110.08,130.10,130.44,128.16,130.44,124.89,128.67,131.26,129.10,126.73,133.38,133.14,133.14,132.65,129.16,134.46,131.03,137.98,140.00,144.22,141.91,140.19,143.45,144.49,142.81,143.51,142.60,147.78,144.24,144.97,147.91,150.07,150.07,154.10,141.32,143.64,144.81,141.63,145.30,148.55,140.95,147.00,141.62,145.74,146.79
Producto,0.005288909,12131344,SHAMPOO,92.24,92.17,93.01,93.08,93.29,93.29,93.44,91.44,91.09,87.48,92.60,92.60,92.60,92.60,92.60,91.41,92.60,93.87,92.31,94.09,93.00,93.00,93.97,93.97,93.89,95.61,95.61,95.61,95.90,95.13,94.83,92.53,91.62,91.37,91.37,92.79,92.79,93.44,93.71,92.00,88.81,89.18,90.72,91.16,93.35,93.20,92.41,93.54,91.44,93.71,93.71,91.60,93.79,93.79,94.38,94.31,94.61,91.25,94.31,94.31,88.26,94.07,93.99,87.62,93.93,94.51,90.46,96.41,96.96,93.53,97.05,88.18,96.19,90.93,95.37,88.57,93.97,91.47,91.47,94.77,93.59,95.31,98.88,98.88,97.51,88.33,98.35,99.17,101.96,96.49,102.02,102.55,99.13,105.45,101.51,101.07,103.60,104.11,103.83,99.29,103.83,103.83,102.69,100.91,98.13,101.28,100.91,100.08,101.00,101.12,101.12,103.87,104.85,104.05,107.39,106.03,110.06,108.28,101.76,108.49,109.84,102.94,106.23,109.08,107.06,103.66,101.65,103.89,104.39,100.61,93.76,99.18,101.20,99.51,100.09,103.11,104.20,109.56
Producto,0.000498704,12131345,TALCO PARA PIES,98.40,98.48,98.42,101.97,104.40,104.40,104.40,104.40,104.40,104.40,113.53,111.59,111.59,111.81,111.81,111.81,111.58,114.78,118.93,118.93,109.50,119.05,118.97,116.69,119.43,119.43,119.43,119.43,119.64,118.66,117.11,117.29,117.29,114.89,111.95,117.81,117.00,115.42,115.89,117.69,112.17,117.65,119.47,119.47,119.35,115.00,118.00,117.59,116.42,121.41,121.10,120.82,120.95,113.13,113.70,103.45,124.21,122.53,122.86,113.83,122.21,124.65,123.66,124.27,123.99,123.26,125.30,125.30,121.42,115.39,127.03,121.14,124.55,124.60,123.20,117.52,119.19,117.54,124.38,118.72,124.92,124.02,127.95,125.16,125.16,129.70,132.36,127.08,129.14,129.39,134.51,130.82,125.62,125.13,129.74,130.42,124.85,131.36,124.95,128.79,125.68,125.91,123.39,125.13,125.13,119.86,118.98,119.53,125.68,118.80,108.82,116.61,118.64,119.10,113.22,123.99,117.86,118.76,124.88,123.92,123.99,123.99,112.42,124.08,124.08,124.08,124.08,117.10,109.95,115.54,101.23,120.87,113.22,103.21,109.13,108.94,120.68,102.26
Producto,0.000629224,12131346,TINTE PARA EL CABELLO,99.32,99.32,100.07,100.07,100.59,99.65,99.65,101.08,101.08,101.08,101.08,101.08,101.08,101.08,105.49,102.90,100.85,102.60,102.17,102.25,104.55,106.49,97.06,105.67,106.71,106.71,106.71,106.71,102.46,105.75,107.20,107.20,102.98,96.88,90.79,97.07,100.91,100.91,108.21,108.21,108.21,108.42,104.56,104.73,109.33,103.70,108.25,108.25,108.25,108.25,108.25,108.25,108.25,108.25,108.25,108.25,108.25,108.25,108.25,108.25,108.25,108.25,112.67,112.67,120.42,120.42,128.52,128.52,128.52,120.50,127.25,121.43,127.29,130.36,130.36,130.40,130.40,130.40,107.14,112.88,125.43,125.43,125.43,123.06,119.75,125.32,125.32,119.47,118.89,125.32,124.14,123.32,125.69,103.97,125.69,116.31,116.31,116.31,111.67,110.13,104.11,124.17,119.63,111.45,118.61,127.84,93.55,116.41,120.87,116.37,116.41,112.04,117.46,107.97,127.94,117.64,134.46,134.46,122.69,122.69,134.46,134.46,132.16,115.15,114.97,122.39,118.29,118.29,123.19,117.33,108.93,110.14,113.62,116.22,116.22,107.93,112.84,117.42
Grupo,0.005113601,123,Efectos personales n.e.p.,99.09,98.95,98.95,99.20,99.20,99.82,100.03,100.12,100.10,99.59,99.00,98.70,100.56,99.79,99.53,95.59,95.59,96.41,96.97,95.22,94.81,93.71,93.52,93.86,93.86,93.86,93.60,94.18,94.11,92.05,92.47,92.66,92.07,91.68,91.91,91.80,91.80,91.98,90.80,89.45,89.03,89.31,88.60,88.31,88.47,88.21,88.07,87.37,88.15,88.40,88.43,87.34,87.18,87.22,86.92,87.28,86.81,87.06,87.59,86.34,86.58,87.36,87.36,87.36,87.36,85.80,83.55,83.99,83.93,84.24,85.07,85.32,86.11,86.84,87.26,86.87,87.02,86.81,86.86,86.00,86.57,86.59,85.64,85.49,85.51,85.55,85.82,86.16,84.15,84.49,84.14,84.51,84.73,84.07,84.14,84.73,84.73,85.10,84.97,85.81,84.65,84.74,85.77,85.50,85.50,85.55,86.07,86.67,86.92,87.29,87.29,87.59,89.58,89.58,90.26,90.23,91.32,90.98,91.97,93.29,93.64,94.61,95.26,96.54,99.75,100.33,99.37,100.04,100.04,105.51,107.69,108.83,113.81,116.46,116.22,115.41,115.53,116.45
Clase,0.00186482,1231,"Joyería, relojes de pared y relojes de pulsera (D)",98.83,98.83,98.83,100.17,100.18,101.90,102.49,102.49,102.49,102.49,102.49,102.49,106.62,103.75,103.75,94.73,94.73,95.97,97.30,97.30,97.30,93.17,92.24,92.67,92.67,92.67,92.67,92.67,93.19,92.24,93.10,93.10,91.64,91.64,91.90,91.90,91.90,92.30,90.62,90.62,90.22,90.50,88.52,88.52,88.99,88.69,88.69,88.69,90.54,90.54,90.54,90.54,90.54,90.54,90.54,91.52,90.22,90.93,92.00,88.49,89.17,91.36,91.36,91.36,91.36,89.71,85.11,85.83,86.43,87.65,89.79,90.49,92.70,94.72,95.88,95.88,93.64,94.62,94.62,92.42,93.99,94.62,91.41,91.41,92.17,92.17,96.37,95.77,95.77,96.74,95.71,96.73,97.35,97.13,96.56,98.01,98.01,99.05,98.01,99.05,99.05,97.88,99.87,99.87,99.87,100.63,100.63,101.71,102.65,103.67,103.67,103.84,108.90,108.90,110.79,110.79,113.82,112.86,115.97,119.07,120.04,123.04,123.68,131.14,139.93,141.70,140.65,142.71,142.71,159.03,165.04,167.95,182.10,189.35,189.35,187.22,189.25,189.25
Subclase,0.00186482,12311,"Joyería, relojes de pared y relojes de pulsera",98.83,98.83,98.83,100.17,100.18,101.90,102.49,102.49,102.49,102.49,102.49,102.49,106.62,103.75,103.75,94.73,94.73,95.97,97.30,97.30,97.30,93.17,92.24,92.67,92.67,92.67,92.67,92.67,93.19,92.24,93.10,93.10,91.64,91.64,91.90,91.90,91.90,92.30,90.62,90.62,90.22,90.50,88.52,88.52,88.99,88.69,88.69,88.69,90.54,90.54,90.54,90.54,90.54,90.54,90.54,91.52,90.22,90.93,92.00,88.49,89.17,91.36,91.36,91.36,91.36,89.71,85.11,85.83,86.43,87.65,89.79,90.49,92.70,94.72,95.88,95.88,93.64,94.62,94.62,92.42,93.99,94.62,91.41,91.41,92.17,92.17,96.37,95.77,95.77,96.74,95.71,96.73,97.35,97.13,96.56,98.01,98.01,99.05,98.01,99.05,99.05,97.88,99.87,99.87,99.87,100.63,100.63,101.71,102.65,103.67,103.67,103.84,108.90,108.90,110.79,110.79,113.82,112.86,115.97,119.07,120.04,123.04,123.68,131.14,139.93,141.70,140.65,142.71,142.71,159.03,165.04,167.95,182.10,189.35,189.35,187.22,189.25,189.25
Producto,0.000795115,12311347,RELOJ DE MANO,98.13,98.13,98.13,98.13,98.14,103.52,100.65,100.65,100.65,100.65,100.65,100.65,103.54,103.54,103.54,103.54,103.54,106.40,106.40,106.40,106.40,99.08,91.38,91.38,91.38,91.38,91.38,91.38,92.57,91.38,93.36,93.36,93.36,93.36,93.97,93.97,93.97,93.97,91.01,91.01,90.11,90.74,86.19,86.19,87.26,86.58,86.58,86.58,90.84,90.84,90.84,90.84,90.84,90.84,90.84,90.84,87.83,87.37,87.48,89.10,89.75,89.75,89.75,89.75,89.75,83.31,76.10,74.27,73.68,74.27,73.38,75.01,75.13,77.13,76.70,76.70,76.70,76.70,76.70,76.70,75.27,76.70,69.31,69.31,73.31,73.31,73.31,71.94,71.94,74.16,74.16,74.14,75.57,75.06,73.75,77.08,77.08,77.08,77.08,77.08,77.08,74.39,76.72,76.72,76.72,78.48,78.48,78.48,78.48,78.48,78.48,78.87,78.87,78.87,78.87,78.87,78.87,78.87,78.87,78.87,78.87,78.87,75.99,78.87,78.87,78.02,78.02,78.02,78.02,78.02,76.23,78.02,78.02,78.02,78.02,78.02,78.02,78.02
Producto,0.001069704,12311348,ANILLO,99.37,99.37,99.37,101.74,101.74,100.65,103.91,103.91,103.91,103.91,103.91,103.91,108.98,103.91,103.91,87.96,87.96,87.96,90.31,90.31,90.31,88.64,92.90,93.67,93.67,93.67,93.67,93.67,93.67,92.90,92.90,92.90,90.31,90.31,90.31,90.31,90.31,91.02,90.31,90.31,90.31,90.31,90.31,90.31,90.31,90.31,90.31,90.31,90.31,90.31,90.31,90.31,90.31,90.31,90.31,92.05,92.05,93.67,95.47,88.03,88.73,92.59,92.59,92.59,92.59,94.62,92.02,94.69,96.22,97.91,102.38,102.38,106.18,108.22,110.60,110.60,106.64,108.36,108.36,104.48,108.36,108.36,108.36,108.36,106.64,106.64,114.07,114.07,114.07,114.07,112.26,114.07,114.07,114.07,114.07,114.07,114.07,115.91,114.07,115.91,115.91,115.91,117.64,117.64,117.64,117.64,117.64,119.54,121.20,123.01,123.01,123.01,131.95,131.95,135.29,135.29,140.65,138.95,144.45,149.92,151.65,156.94,160.28,171.26,186.80,190.57,188.72,192.36,192.36,221.21,233.20,236.96,261.98,274.80,274.80,271.03,274.63,274.63
Clase,0.003248781,1232,Otros efectos personales (SD),99.23,99.01,99.01,98.66,98.66,98.66,98.66,98.80,98.77,97.97,97.05,96.58,97.18,97.57,97.18,96.08,96.08,96.65,96.79,94.06,93.43,94.00,94.24,94.52,94.52,94.52,94.12,95.03,94.63,91.94,92.12,92.41,92.30,91.71,91.92,91.75,91.75,91.80,90.90,88.80,88.36,88.64,88.64,88.19,88.19,87.94,87.72,86.63,86.82,87.20,87.25,85.56,85.31,85.37,84.90,84.90,84.90,84.90,85.13,85.13,85.13,85.13,85.13,85.13,85.13,83.62,82.68,82.96,82.53,82.34,82.44,82.44,82.44,82.44,82.44,81.84,83.32,82.45,82.52,82.42,82.42,82.10,82.42,82.18,81.78,81.86,79.93,80.79,77.65,77.65,77.68,77.68,77.68,76.77,77.19,77.30,77.30,77.30,77.68,78.42,76.60,77.40,77.89,77.47,77.47,77.12,77.94,78.27,78.13,78.13,78.13,78.51,78.79,78.79,78.78,78.74,78.75,78.75,78.55,78.88,78.88,78.73,79.37,77.20,77.28,77.20,76.29,76.19,76.19,75.59,75.64,75.80,75.63,75.72,75.34,75.27,74.33,75.76
Subclase,0.003248781,12321,Artículos personales varios,99.23,99.01,99.01,98.66,98.66,98.66,98.66,98.80,98.77,97.97,97.05,96.58,97.18,97.57,97.18,96.08,96.08,96.65,96.79,94.06,93.43,94.00,94.24,94.52,94.52,94.52,94.12,95.03,94.63,91.94,92.12,92.41,92.30,91.71,91.92,91.75,91.75,91.80,90.90,88.80,88.36,88.64,88.64,88.19,88.19,87.94,87.72,86.63,86.82,87.20,87.25,85.56,85.31,85.37,84.90,84.90,84.90,84.90,85.13,85.13,85.13,85.13,85.13,85.13,85.13,83.62,82.68,82.96,82.53,82.34,82.44,82.44,82.44,82.44,82.44,81.84,83.32,82.45,82.52,82.42,82.42,82.10,82.42,82.18,81.78,81.86,79.93,80.79,77.65,77.65,77.68,77.68,77.68,76.77,77.19,77.30,77.30,77.30,77.68,78.42,76.60,77.40,77.89,77.47,77.47,77.12,77.94,78.27,78.13,78.13,78.13,78.51,78.79,78.79,78.78,78.74,78.75,78.75,78.55,78.88,78.88,78.73,79.37,77.20,77.28,77.20,76.29,76.19,76.19,75.59,75.64,75.80,75.63,75.72,75.34,75.27,74.33,75.76
Producto,0.001199458,12321349,BOLSOS Y CARTERAS,101.55,101.55,101.55,102.66,102.66,102.66,102.66,103.06,102.98,100.71,99.80,98.45,100.15,100.15,100.15,84.61,84.61,84.61,83.49,75.71,75.71,76.83,76.83,77.64,77.64,77.64,77.64,77.64,77.64,73.64,73.64,74.47,74.47,73.50,73.50,73.32,73.32,73.32,70.75,68.99,67.75,68.55,68.55,67.24,67.24,67.30,65.90,63.87,64.42,65.50,65.65,65.60,65.60,65.79,63.72,63.72,63.72,63.72,64.38,64.38,64.38,64.38,64.38,64.38,64.38,58.56,56.16,57.42,57.42,57.42,57.42,57.42,57.42,57.42,57.42,57.42,57.04,56.77,56.77,56.77,56.77,55.85,56.77,56.08,55.49,55.70,49.63,52.09,51.46,51.46,51.46,51.46,51.46,49.99,51.21,51.21,51.21,51.21,51.76,51.76,50.24,48.86,50.24,49.05,49.05,49.05,49.05,50.00,50.00,50.00,50.00,50.82,50.82,50.82,50.82,50.82,50.82,50.82,50.27,51.21,51.21,50.76,51.21,51.21,51.21,51.21,48.33,48.33,48.33,48.33,48.33,48.33,47.88,47.88,47.88,47.88,45.19,49.28
Producto,0.000405411,12321350,GAFAS PARA SOL,97.63,95.69,95.69,95.69,95.69,95.69,95.69,95.69,95.69,95.69,90.49,90.49,90.49,93.93,90.49,90.49,90.49,93.50,98.07,98.07,92.60,94.20,96.21,96.21,96.21,96.21,92.75,92.75,89.33,88.34,89.87,89.87,88.95,86.70,88.54,87.64,87.64,88.05,88.05,88.05,88.05,88.05,88.05,88.05,88.05,85.76,88.05,84.78,84.78,84.78,84.78,80.42,78.24,78.24,80.45,80.45,80.45,80.45,80.45,80.45,80.45,80.45,80.45,80.45,80.45,81.72,80.92,79.48,75.78,74.11,74.92,74.92,74.92,74.92,74.92,69.76,75.53,78.79,79.40,78.51,78.51,78.51,78.51,78.51,76.87,76.87,78.58,78.58,78.58,78.58,78.79,78.79,78.79,75.36,75.36,76.30,76.30,76.30,77.93,77.93,78.65,77.93,77.93,77.93,77.93,74.88,81.98,81.98,80.75,80.75,80.75,84.09,86.46,86.46,86.46,86.04,86.12,86.12,86.12,86.12,86.12,86.12,90.35,90.35,91.07,90.35,91.18,90.35,90.35,85.14,85.54,86.91,86.91,87.60,84.39,83.74,83.74,83.74
Producto,0.001643913,12321351,MOCHILA ESCOLAR,98.06,98.06,98.06,96.67,96.67,96.67,96.67,96.67,96.67,96.67,96.67,96.67,96.67,96.67,96.67,104.80,104.80,105.22,105.22,105.22,105.22,105.22,105.22,105.22,105.22,105.22,105.22,106.92,106.92,104.73,104.73,104.73,104.73,104.73,104.73,104.73,104.73,104.73,104.73,101.95,101.95,101.95,101.95,101.95,101.95,101.95,101.95,101.95,101.95,101.95,101.95,99.75,99.75,99.75,99.75,99.75,99.75,99.75,99.75,99.75,99.75,99.75,99.75,99.75,99.75,100.46,100.46,100.46,100.46,100.46,100.46,100.46,100.46,100.46,100.46,100.46,102.24,100.09,100.09,100.09,100.09,100.09,100.09,100.09,100.09,100.09,100.09,100.09,94.63,94.63,94.63,94.63,94.63,94.63,94.63,94.63,94.63,94.63,94.63,96.01,93.44,96.01,96.01,96.01,96.01,96.01,96.01,96.01,96.01,96.01,96.01,95.47,95.47,95.47,95.47,95.47,95.47,95.47,95.47,95.47,95.47,95.47,95.47,91.40,91.40,91.40,91.40,91.40,91.40,91.40,91.40,91.40,91.40,91.40,91.40,91.40,91.40,91.40
Grupo,0.001631014,124,Protección social,107.21,107.21,107.21,111.37,113.10,113.10,113.10,113.10,113.10,113.10,113.10,113.10,114.79,114.79,114.79,114.79,124.35,124.35,124.35,124.35,124.35,124.35,124.35,124.35,124.35,124.35,124.35,127.44,127.44,127.44,127.44,127.44,127.44,127.44,120.31,120.31,120.31,116.36,124.51,124.51,124.51,124.51,124.51,124.51,124.51,124.51,124.51,124.51,124.51,127.52,127.52,127.37,127.37,127.37,127.37,127.37,127.37,127.37,127.37,127.37,127.37,127.37,127.37,127.37,115.61,121.35,119.41,120.05,120.05,120.05,120.05,120.05,120.05,120.05,120.05,124.34,124.34,130.44,130.44,129.20,129.20,129.20,129.20,129.20,129.20,129.20,129.20,129.20,129.20,129.20,129.20,129.20,129.20,129.20,129.20,129.20,129.20,129.20,129.20,129.20,129.20,129.20,129.20,129.20,129.20,129.20,129.20,129.20,129.20,129.20,122.50,122.50,131.69,131.69,131.69,131.69,131.69,131.69,131.69,131.69,131.69,131.69,131.69,134.22,134.22,134.22,134.22,134.22,134.22,134.22,134.22,134.22,134.22,134.22,134.22,134.22,134.22,134.22
Clase,0.001631014,1240,Protección social (S),107.21,107.21,107.21,111.37,113.10,113.10,113.10,113.10,113.10,113.10,113.10,113.10,114.79,114.79,114.79,114.79,124.35,124.35,124.35,124.35,124.35,124.35,124.35,124.35,124.35,124.35,124.35,127.44,127.44,127.44,127.44,127.44,127.44,127.44,120.31,120.31,120.31,116.36,124.51,124.51,124.51,124.51,124.51,124.51,124.51,124.51,124.51,124.51,124.51,127.52,127.52,127.37,127.37,127.37,127.37,127.37,127.37,127.37,127.37,127.37,127.37,127.37,127.37,127.37,115.61,121.35,119.41,120.05,120.05,120.05,120.05,120.05,120.05,120.05,120.05,124.34,124.34,130.44,130.44,129.20,129.20,129.20,129.20,129.20,129.20,129.20,129.20,129.20,129.20,129.20,129.20,129.20,129.20,129.20,129.20,129.20,129.20,129.20,129.20,129.20,129.20,129.20,129.20,129.20,129.20,129.20,129.20,129.20,129.20,129.20,122.50,122.50,131.69,131.69,131.69,131.69,131.69,131.69,131.69,131.69,131.69,131.69,131.69,134.22,134.22,134.22,134.22,134.22,134.22,134.22,134.22,134.22,134.22,134.22,134.22,134.22,134.22,134.22
Subclase,0.001631014,12401,Guarderías y casas cunas,107.21,107.21,107.21,111.37,113.10,113.10,113.10,113.10,113.10,113.10,113.10,113.10,114.79,114.79,114.79,114.79,124.35,124.35,124.35,124.35,124.35,124.35,124.35,124.35,124.35,124.35,124.35,127.44,127.44,127.44,127.44,127.44,127.44,127.44,120.31,120.31,120.31,116.36,124.51,124.51,124.51,124.51,124.51,124.51,124.51,124.51,124.51,124.51,124.51,127.52,127.52,127.37,127.37,127.37,127.37,127.37,127.37,127.37,127.37,127.37,127.37,127.37,127.37,127.37,115.61,121.35,119.41,120.05,120.05,120.05,120.05,120.05,120.05,120.05,120.05,124.34,124.34,130.44,130.44,129.20,129.20,129.20,129.20,129.20,129.20,129.20,129.20,129.20,129.20,129.20,129.20,129.20,129.20,129.20,129.20,129.20,129.20,129.20,129.20,129.20,129.20,129.20,129.20,129.20,129.20,129.20,129.20,129.20,129.20,129.20,122.50,122.50,131.69,131.69,131.69,131.69,131.69,131.69,131.69,131.69,131.69,131.69,131.69,134.22,134.22,134.22,134.22,134.22,134.22,134.22,134.22,134.22,134.22,134.22,134.22,134.22,134.22,134.22
Producto,0.001631014,12401352,SERVICIO DE GUARDERÍAS INFANTILES,107.21,107.21,107.21,111.37,113.10,113.10,113.10,113.10,113.10,113.10,113.10,113.10,114.79,114.79,114.79,114.79,124.35,124.35,124.35,124.35,124.35,124.35,124.35,124.35,124.35,124.35,124.35,127.44,127.44,127.44,127.44,127.44,127.44,127.44,120.31,120.31,120.31,116.36,124.51,124.51,124.51,124.51,124.51,124.51,124.51,124.51,124.51,124.51,124.51,127.52,127.52,127.37,127.37,127.37,127.37,127.37,127.37,127.37,127.37,127.37,127.37,127.37,127.37,127.37,115.61,121.35,119.41,120.05,120.05,120.05,120.05,120.05,120.05,120.05,120.05,124.34,124.34,130.44,130.44,129.20,129.20,129.20,129.20,129.20,129.20,129.20,129.20,129.20,129.20,129.20,129.20,129.20,129.20,129.20,129.20,129.20,129.20,129.20,129.20,129.20,129.20,129.20,129.20,129.20,129.20,129.20,129.20,129.20,129.20,129.20,122.50,122.50,131.69,131.69,131.69,131.69,131.69,131.69,131.69,131.69,131.69,131.69,131.69,134.22,134.22,134.22,134.22,134.22,134.22,134.22,134.22,134.22,134.22,134.22,134.22,134.22,134.22,134.22
Grupo,0.012280717,125,Seguros,99.33,98.70,98.70,98.70,98.70,98.70,98.70,98.70,98.70,98.70,98.62,98.62,98.62,98.62,98.62,98.62,98.62,98.62,98.62,98.62,98.62,98.62,98.62,98.62,99.41,99.41,96.50,96.50,96.50,96.50,96.50,96.50,96.50,96.50,96.50,96.50,96.46,96.46,96.46,96.46,96.46,96.46,96.46,96.46,96.46,96.46,96.46,96.46,96.46,96.46,96.46,96.46,96.46,96.46,96.46,96.46,96.46,96.46,96.46,96.46,96.46,96.46,96.46,96.46,96.46,96.46,96.46,96.46,96.46,96.46,96.46,96.46,96.46,96.46,96.46,96.46,96.46,96.46,96.46,96.46,96.46,96.46,96.46,96.46,96.46,96.46,96.46,96.46,96.46,96.46,96.46,96.46,96.46,96.46,96.46,96.46,96.46,96.46,96.46,96.46,96.46,96.46,96.46,96.46,96.46,96.46,96.46,96.46,96.46,96.46,96.46,96.46,96.46,96.46,96.46,96.46,96.46,96.46,96.46,96.46,96.46,96.46,96.46,96.46,96.46,96.46,96.46,96.46,96.46,96.46,96.46,96.46,96.46,96.46,96.46,96.46,96.46,96.46
Clase,0.000275555,1252,Seguro relacionado con la vivienda (S),103.47,105.78,105.78,105.78,105.78,105.78,105.78,105.78,105.78,105.78,99.60,99.60,99.59,99.59,99.59,99.59,99.59,99.59,99.59,99.59,99.59,99.59,99.59,99.59,112.30,112.30,112.26,112.26,112.26,112.26,112.26,112.26,112.26,112.26,112.26,112.26,109.48,109.48,109.48,109.48,109.48,109.48,109.48,109.48,109.48,109.48,109.48,109.48,109.48,109.48,109.48,109.48,109.48,109.48,109.48,109.48,109.48,109.48,109.48,109.48,109.48,109.48,109.48,109.48,109.48,109.48,109.48,109.48,109.48,109.48,109.48,109.48,109.48,109.48,109.48,109.48,109.48,109.48,109.48,109.48,109.48,109.48,109.48,109.48,109.48,109.48,109.48,109.48,109.48,109.48,109.48,109.48,109.48,109.48,109.48,109.48,109.48,109.48,109.48,109.48,109.48,109.48,109.48,109.48,109.48,109.48,109.48,109.48,109.48,109.48,109.48,109.48,109.48,109.48,109.48,109.48,109.48,109.48,109.48,109.48,109.48,109.48,109.48,109.48,109.48,109.48,109.48,109.48,109.48,109.48,109.48,109.48,109.48,109.48,109.48,109.48,109.48,109.48
Subclase,0.000275555,12521,Seguro relacionado con la vivienda,103.47,105.78,105.78,105.78,105.78,105.78,105.78,105.78,105.78,105.78,99.60,99.60,99.59,99.59,99.59,99.59,99.59,99.59,99.59,99.59,99.59,99.59,99.59,99.59,112.30,112.30,112.26,112.26,112.26,112.26,112.26,112.26,112.26,112.26,112.26,112.26,109.48,109.48,109.48,109.48,109.48,109.48,109.48,109.48,109.48,109.48,109.48,109.48,109.48,109.48,109.48,109.48,109.48,109.48,109.48,109.48,109.48,109.48,109.48,109.48,109.48,109.48,109.48,109.48,109.48,109.48,109.48,109.48,109.48,109.48,109.48,109.48,109.48,109.48,109.48,109.48,109.48,109.48,109.48,109.48,109.48,109.48,109.48,109.48,109.48,109.48,109.48,109.48,109.48,109.48,109.48,109.48,109.48,109.48,109.48,109.48,109.48,109.48,109.48,109.48,109.48,109.48,109.48,109.48,109.48,109.48,109.48,109.48,109.48,109.48,109.48,109.48,109.48,109.48,109.48,109.48,109.48,109.48,109.48,109.48,109.48,109.48,109.48,109.48,109.48,109.48,109.48,109.48,109.48,109.48,109.48,109.48,109.48,109.48,109.48,109.48,109.48,109.48
Producto,0.000275555,12521353,SEGURO PARA LA VIVIENDA,103.47,105.78,105.78,105.78,105.78,105.78,105.78,105.78,105.78,105.78,99.60,99.60,99.59,99.59,99.59,99.59,99.59,99.59,99.59,99.59,99.59,99.59,99.59,99.59,112.30,112.30,112.26,112.26,112.26,112.26,112.26,112.26,112.26,112.26,112.26,112.26,109.48,109.48,109.48,109.48,109.48,109.48,109.48,109.48,109.48,109.48,109.48,109.48,109.48,109.48,109.48,109.48,109.48,109.48,109.48,109.48,109.48,109.48,109.48,109.48,109.48,109.48,109.48,109.48,109.48,109.48,109.48,109.48,109.48,109.48,109.48,109.48,109.48,109.48,109.48,109.48,109.48,109.48,109.48,109.48,109.48,109.48,109.48,109.48,109.48,109.48,109.48,109.48,109.48,109.48,109.48,109.48,109.48,109.48,109.48,109.48,109.48,109.48,109.48,109.48,109.48,109.48,109.48,109.48,109.48,109.48,109.48,109.48,109.48,109.48,109.48,109.48,109.48,109.48,109.48,109.48,109.48,109.48,109.48,109.48,109.48,109.48,109.48,109.48,109.48,109.48,109.48,109.48,109.48,109.48,109.48,109.48,109.48,109.48,109.48,109.48,109.48,109.48
Clase,0.005689856,1253,Seguro relacionado con la salud (S),102.79,100.17,100.17,100.17,100.17,100.17,100.17,100.17,100.17,100.17,100.17,100.17,100.17,100.17,100.17,100.17,100.17,100.17,100.17,100.17,100.17,100.17,100.17,100.17,102.68,102.68,91.19,91.19,91.19,91.19,91.19,91.19,91.19,91.19,91.19,91.19,91.19,91.19,91.19,91.19,91.19,91.19,91.19,91.19,91.19,91.19,91.19,91.19,91.19,91.19,91.19,91.19,91.19,91.19,91.19,91.19,91.19,91.19,91.19,91.19,91.19,91.19,91.19,91.19,91.19,91.19,91.19,91.19,91.19,91.19,91.19,91.19,91.19,91.19,91.19,91.19,91.19,91.19,91.19,91.19,91.19,91.19,91.19,91.19,91.19,91.19,91.19,91.19,91.19,91.19,91.19,91.19,91.19,91.19,91.19,91.19,91.19,91.19,91.19,91.19,91.19,91.19,91.19,91.19,91.19,91.19,91.19,91.19,91.19,91.19,91.19,91.19,91.19,91.19,91.19,91.19,91.19,91.19,91.19,91.19,91.19,91.19,91.19,91.19,91.19,91.19,91.19,91.19,91.19,91.19,91.19,91.19,91.19,91.19,91.19,91.19,91.19,91.19
Subclase,0.005689856,12531,Seguro relacionado con la salud,102.79,100.17,100.17,100.17,100.17,100.17,100.17,100.17,100.17,100.17,100.17,100.17,100.17,100.17,100.17,100.17,100.17,100.17,100.17,100.17,100.17,100.17,100.17,100.17,102.68,102.68,91.19,91.19,91.19,91.19,91.19,91.19,91.19,91.19,91.19,91.19,91.19,91.19,91.19,91.19,91.19,91.19,91.19,91.19,91.19,91.19,91.19,91.19,91.19,91.19,91.19,91.19,91.19,91.19,91.19,91.19,91.19,91.19,91.19,91.19,91.19,91.19,91.19,91.19,91.19,91.19,91.19,91.19,91.19,91.19,91.19,91.19,91.19,91.19,91.19,91.19,91.19,91.19,91.19,91.19,91.19,91.19,91.19,91.19,91.19,91.19,91.19,91.19,91.19,91.19,91.19,91.19,91.19,91.19,91.19,91.19,91.19,91.19,91.19,91.19,91.19,91.19,91.19,91.19,91.19,91.19,91.19,91.19,91.19,91.19,91.19,91.19,91.19,91.19,91.19,91.19,91.19,91.19,91.19,91.19,91.19,91.19,91.19,91.19,91.19,91.19,91.19,91.19,91.19,91.19,91.19,91.19,91.19,91.19,91.19,91.19,91.19,91.19
Producto,0.005689856,12531354,SEGURO DE SALUD,102.79,100.17,100.17,100.17,100.17,100.17,100.17,100.17,100.17,100.17,100.17,100.17,100.17,100.17,100.17,100.17,100.17,100.17,100.17,100.17,100.17,100.17,100.17,100.17,102.68,102.68,91.19,91.19,91.19,91.19,91.19,91.19,91.19,91.19,91.19,91.19,91.19,91.19,91.19,91.19,91.19,91.19,91.19,91.19,91.19,91.19,91.19,91.19,91.19,91.19,91.19,91.19,91.19,91.19,91.19,91.19,91.19,91.19,91.19,91.19,91.19,91.19,91.19,91.19,91.19,91.19,91.19,91.19,91.19,91.19,91.19,91.19,91.19,91.19,91.19,91.19,91.19,91.19,91.19,91.19,91.19,91.19,91.19,91.19,91.19,91.19,91.19,91.19,91.19,91.19,91.19,91.19,91.19,91.19,91.19,91.19,91.19,91.19,91.19,91.19,91.19,91.19,91.19,91.19,91.19,91.19,91.19,91.19,91.19,91.19,91.19,91.19,91.19,91.19,91.19,91.19,91.19,91.19,91.19,91.19,91.19,91.19,91.19,91.19,91.19,91.19,91.19,91.19,91.19,91.19,91.19,91.19,91.19,91.19,91.19,91.19,91.19,91.19
Clase,0.006315305,1254,Seguro relacionado con el transporte (S),98.06,98.06,98.06,98.06,98.06,98.06,98.06,98.06,98.06,98.06,98.06,98.06,98.06,98.06,98.06,98.06,98.06,98.06,98.06,98.06,98.06,98.06,98.06,98.06,98.06,98.06,98.06,98.06,98.06,98.06,98.06,98.06,98.06,98.06,98.06,98.06,98.06,98.06,98.06,98.06,98.06,98.06,98.06,98.06,98.06,98.06,98.06,98.06,98.06,98.06,98.06,98.06,98.06,98.06,98.06,98.06,98.06,98.06,98.06,98.06,98.06,98.06,98.06,98.06,98.06,98.06,98.06,98.06,98.06,98.06,98.06,98.06,98.06,98.06,98.06,98.06,98.06,98.06,98.06,98.06,98.06,98.06,98.06,98.06,98.06,98.06,98.06,98.06,98.06,98.06,98.06,98.06,98.06,98.06,98.06,98.06,98.06,98.06,98.06,98.06,98.06,98.06,98.06,98.06,98.06,98.06,98.06,98.06,98.06,98.06,98.06,98.06,98.06,98.06,98.06,98.06,98.06,98.06,98.06,98.06,98.06,98.06,98.06,98.06,98.06,98.06,98.06,98.06,98.06,98.06,98.06,98.06,98.06,98.06,98.06,98.06,98.06,98.06
Subclase,0.006315305,12541,Seguro relacionado con el transporte,98.06,98.06,98.06,98.06,98.06,98.06,98.06,98.06,98.06,98.06,98.06,98.06,98.06,98.06,98.06,98.06,98.06,98.06,98.06,98.06,98.06,98.06,98.06,98.06,98.06,98.06,98.06,98.06,98.06,98.06,98.06,98.06,98.06,98.06,98.06,98.06,98.06,98.06,98.06,98.06,98.06,98.06,98.06,98.06,98.06,98.06,98.06,98.06,98.06,98.06,98.06,98.06,98.06,98.06,98.06,98.06,98.06,98.06,98.06,98.06,98.06,98.06,98.06,98.06,98.06,98.06,98.06,98.06,98.06,98.06,98.06,98.06,98.06,98.06,98.06,98.06,98.06,98.06,98.06,98.06,98.06,98.06,98.06,98.06,98.06,98.06,98.06,98.06,98.06,98.06,98.06,98.06,98.06,98.06,98.06,98.06,98.06,98.06,98.06,98.06,98.06,98.06,98.06,98.06,98.06,98.06,98.06,98.06,98.06,98.06,98.06,98.06,98.06,98.06,98.06,98.06,98.06,98.06,98.06,98.06,98.06,98.06,98.06,98.06,98.06,98.06,98.06,98.06,98.06,98.06,98.06,98.06,98.06,98.06,98.06,98.06,98.06,98.06
Producto,0.006315305,12541355,SEGURO DE VEHÍCULO,98.06,98.06,98.06,98.06,98.06,98.06,98.06,98.06,98.06,98.06,98.06,98.06,98.06,98.06,98.06,98.06,98.06,98.06,98.06,98.06,98.06,98.06,98.06,98.06,98.06,98.06,98.06,98.06,98.06,98.06,98.06,98.06,98.06,98.06,98.06,98.06,98.06,98.06,98.06,98.06,98.06,98.06,98.06,98.06,98.06,98.06,98.06,98.06,98.06,98.06,98.06,98.06,98.06,98.06,98.06,98.06,98.06,98.06,98.06,98.06,98.06,98.06,98.06,98.06,98.06,98.06,98.06,98.06,98.06,98.06,98.06,98.06,98.06,98.06,98.06,98.06,98.06,98.06,98.06,98.06,98.06,98.06,98.06,98.06,98.06,98.06,98.06,98.06,98.06,98.06,98.06,98.06,98.06,98.06,98.06,98.06,98.06,98.06,98.06,98.06,98.06,98.06,98.06,98.06,98.06,98.06,98.06,98.06,98.06,98.06,98.06,98.06,98.06,98.06,98.06,98.06,98.06,98.06,98.06,98.06,98.06,98.06,98.06,98.06,98.06,98.06,98.06,98.06,98.06,98.06,98.06,98.06,98.06,98.06,98.06,98.06,98.06,98.06
Grupo,0.001417168,126,Servicios financieros n.e.p.,98.06,98.06,98.06,98.06,98.06,98.06,98.06,98.06,98.06,98.06,98.06,98.06,98.06,98.06,98.06,98.06,98.06,99.23,99.23,99.23,99.23,99.23,99.23,99.23,99.23,99.23,99.23,99.23,99.23,97.39,97.39,97.39,97.39,97.39,97.39,97.39,97.39,97.39,97.39,97.39,97.39,97.39,97.39,97.39,97.39,97.39,97.39,97.39,97.39,97.39,97.39,97.39,97.39,92.62,92.62,92.62,92.62,92.62,92.62,92.62,92.62,92.62,92.62,92.62,92.62,92.62,92.62,92.62,92.62,92.62,92.62,92.62,92.62,92.62,92.62,92.62,92.62,92.62,92.62,92.62,92.62,92.62,92.62,92.62,92.62,92.62,92.62,92.62,92.62,92.62,92.62,92.62,92.62,92.62,92.62,92.62,92.62,92.62,92.62,92.62,92.62,92.62,92.62,92.62,92.62,92.62,92.62,92.62,92.62,92.62,92.62,95.19,95.19,95.19,95.19,95.19,95.19,95.19,95.19,95.19,95.19,95.19,95.19,95.19,95.19,95.19,95.19,95.19,95.19,95.19,95.19,95.19,95.19,95.19,95.19,95.19,95.19,95.19
Clase,0.001417168,1262,Otros servicios financieros n.e.p. (S),98.06,98.06,98.06,98.06,98.06,98.06,98.06,98.06,98.06,98.06,98.06,98.06,98.06,98.06,98.06,98.06,98.06,99.23,99.23,99.23,99.23,99.23,99.23,99.23,99.23,99.23,99.23,99.23,99.23,97.39,97.39,97.39,97.39,97.39,97.39,97.39,97.39,97.39,97.39,97.39,97.39,97.39,97.39,97.39,97.39,97.39,97.39,97.39,97.39,97.39,97.39,97.39,97.39,92.62,92.62,92.62,92.62,92.62,92.62,92.62,92.62,92.62,92.62,92.62,92.62,92.62,92.62,92.62,92.62,92.62,92.62,92.62,92.62,92.62,92.62,92.62,92.62,92.62,92.62,92.62,92.62,92.62,92.62,92.62,92.62,92.62,92.62,92.62,92.62,92.62,92.62,92.62,92.62,92.62,92.62,92.62,92.62,92.62,92.62,92.62,92.62,92.62,92.62,92.62,92.62,92.62,92.62,92.62,92.62,92.62,92.62,95.19,95.19,95.19,95.19,95.19,95.19,95.19,95.19,95.19,95.19,95.19,95.19,95.19,95.19,95.19,95.19,95.19,95.19,95.19,95.19,95.19,95.19,95.19,95.19,95.19,95.19,95.19
Subclase,0.001417168,12621,Servicios financieros,98.06,98.06,98.06,98.06,98.06,98.06,98.06,98.06,98.06,98.06,98.06,98.06,98.06,98.06,98.06,98.06,98.06,99.23,99.23,99.23,99.23,99.23,99.23,99.23,99.23,99.23,99.23,99.23,99.23,97.39,97.39,97.39,97.39,97.39,97.39,97.39,97.39,97.39,97.39,97.39,97.39,97.39,97.39,97.39,97.39,97.39,97.39,97.39,97.39,97.39,97.39,97.39,97.39,92.62,92.62,92.62,92.62,92.62,92.62,92.62,92.62,92.62,92.62,92.62,92.62,92.62,92.62,92.62,92.62,92.62,92.62,92.62,92.62,92.62,92.62,92.62,92.62,92.62,92.62,92.62,92.62,92.62,92.62,92.62,92.62,92.62,92.62,92.62,92.62,92.62,92.62,92.62,92.62,92.62,92.62,92.62,92.62,92.62,92.62,92.62,92.62,92.62,92.62,92.62,92.62,92.62,92.62,92.62,92.62,92.62,92.62,95.19,95.19,95.19,95.19,95.19,95.19,95.19,95.19,95.19,95.19,95.19,95.19,95.19,95.19,95.19,95.19,95.19,95.19,95.19,95.19,95.19,95.19,95.19,95.19,95.19,95.19,95.19
Producto,0.001417168,12621356,SERVICIOS BANCARIOS,98.06,98.06,98.06,98.06,98.06,98.06,98.06,98.06,98.06,98.06,98.06,98.06,98.06,98.06,98.06,98.06,98.06,99.23,99.23,99.23,99.23,99.23,99.23,99.23,99.23,99.23,99.23,99.23,99.23,97.39,97.39,97.39,97.39,97.39,97.39,97.39,97.39,97.39,97.39,97.39,97.39,97.39,97.39,97.39,97.39,97.39,97.39,97.39,97.39,97.39,97.39,97.39,97.39,92.62,92.62,92.62,92.62,92.62,92.62,92.62,92.62,92.62,92.62,92.62,92.62,92.62,92.62,92.62,92.62,92.62,92.62,92.62,92.62,92.62,92.62,92.62,92.62,92.62,92.62,92.62,92.62,92.62,92.62,92.62,92.62,92.62,92.62,92.62,92.62,92.62,92.62,92.62,92.62,92.62,92.62,92.62,92.62,92.62,92.62,92.62,92.62,92.62,92.62,92.62,92.62,92.62,92.62,92.62,92.62,92.62,92.62,95.19,95.19,95.19,95.19,95.19,95.19,95.19,95.19,95.19,95.19,95.19,95.19,95.19,95.19,95.19,95.19,95.19,95.19,95.19,95.19,95.19,95.19,95.19,95.19,95.19,95.19,95.19
Grupo,0.019827646,127,Otros servicios n.e.p.,106.21,114.39,113.88,113.88,113.88,113.88,113.88,113.88,113.88,113.88,113.88,113.88,116.65,116.65,116.65,116.65,116.65,116.70,116.70,116.70,116.70,116.70,116.70,116.70,113.33,113.33,113.33,113.33,113.33,113.29,113.29,113.29,113.29,113.29,113.29,113.29,133.58,133.54,133.54,133.54,133.54,133.54,133.54,133.54,133.54,133.54,133.54,133.54,133.76,133.76,133.76,133.76,133.76,133.76,133.76,134.98,133.92,134.63,134.63,134.63,134.63,134.63,134.63,134.63,134.63,134.63,134.63,134.63,134.06,134.06,131.26,131.26,131.26,131.26,131.63,131.36,130.20,129.28,129.28,128.99,128.99,129.64,129.64,129.64,129.64,129.64,129.87,129.87,129.87,129.87,130.99,130.99,130.99,130.99,130.99,130.99,132.72,132.72,132.72,132.72,132.72,132.72,132.72,132.72,131.85,132.17,132.17,132.17,132.17,132.17,132.17,132.23,132.23,132.23,132.23,132.23,132.23,132.72,132.72,132.72,135.42,135.04,135.04,135.04,135.04,135.04,135.04,135.04,135.04,135.42,135.42,135.65,137.85,137.85,137.85,137.85,137.85,137.85
Clase,0.019827646,1270,Otros servicios n.e.p. (S),106.21,114.39,113.88,113.88,113.88,113.88,113.88,113.88,113.88,113.88,113.88,113.88,116.65,116.65,116.65,116.65,116.65,116.70,116.70,116.70,116.70,116.70,116.70,116.70,113.33,113.33,113.33,113.33,113.33,113.29,113.29,113.29,113.29,113.29,113.29,113.29,133.58,133.54,133.54,133.54,133.54,133.54,133.54,133.54,133.54,133.54,133.54,133.54,133.76,133.76,133.76,133.76,133.76,133.76,133.76,134.98,133.92,134.63,134.63,134.63,134.63,134.63,134.63,134.63,134.63,134.63,134.63,134.63,134.06,134.06,131.26,131.26,131.26,131.26,131.63,131.36,130.20,129.28,129.28,128.99,128.99,129.64,129.64,129.64,129.64,129.64,129.87,129.87,129.87,129.87,130.99,130.99,130.99,130.99,130.99,130.99,132.72,132.72,132.72,132.72,132.72,132.72,132.72,132.72,131.85,132.17,132.17,132.17,132.17,132.17,132.17,132.23,132.23,132.23,132.23,132.23,132.23,132.72,132.72,132.72,135.42,135.04,135.04,135.04,135.04,135.04,135.04,135.04,135.04,135.42,135.42,135.65,137.85,137.85,137.85,137.85,137.85,137.85
Subclase,0.019827646,12701,"Servicios judiciales, sociales y fotocopias",106.21,114.39,113.88,113.88,113.88,113.88,113.88,113.88,113.88,113.88,113.88,113.88,116.65,116.65,116.65,116.65,116.65,116.70,116.70,116.70,116.70,116.70,116.70,116.70,113.33,113.33,113.33,113.33,113.33,113.29,113.29,113.29,113.29,113.29,113.29,113.29,133.58,133.54,133.54,133.54,133.54,133.54,133.54,133.54,133.54,133.54,133.54,133.54,133.76,133.76,133.76,133.76,133.76,133.76,133.76,134.98,133.92,134.63,134.63,134.63,134.63,134.63,134.63,134.63,134.63,134.63,134.63,134.63,134.06,134.06,131.26,131.26,131.26,131.26,131.63,131.36,130.20,129.28,129.28,128.99,128.99,129.64,129.64,129.64,129.64,129.64,129.87,129.87,129.87,129.87,130.99,130.99,130.99,130.99,130.99,130.99,132.72,132.72,132.72,132.72,132.72,132.72,132.72,132.72,131.85,132.17,132.17,132.17,132.17,132.17,132.17,132.23,132.23,132.23,132.23,132.23,132.23,132.72,132.72,132.72,135.42,135.04,135.04,135.04,135.04,135.04,135.04,135.04,135.04,135.42,135.42,135.65,137.85,137.85,137.85,137.85,137.85,137.85
Producto,0.007328097,12701357,GASTOS COMPROMISOS SOCIALES,102.44,102.44,98.93,98.93,98.93,98.93,98.93,98.93,98.93,98.93,98.93,98.93,98.93,98.93,98.93,98.93,98.93,99.28,99.28,99.28,99.28,99.28,99.28,99.28,99.28,99.28,99.28,99.28,99.28,98.99,98.99,98.99,98.99,98.99,98.99,98.99,98.99,98.72,98.72,98.72,98.72,98.72,98.72,98.72,98.72,98.72,98.72,98.72,100.27,100.27,100.27,100.27,100.27,100.27,100.27,108.74,101.36,106.34,106.34,106.34,106.34,106.34,106.34,106.34,106.34,106.34,106.34,106.34,102.32,102.32,82.79,82.79,82.79,82.79,85.38,83.46,75.36,68.98,68.98,66.89,66.89,71.43,71.43,71.43,71.43,71.43,73.07,73.07,73.07,73.07,80.93,80.93,80.93,80.93,80.93,80.93,92.96,92.96,92.96,92.96,92.96,92.96,92.96,92.96,86.89,89.15,89.15,89.15,89.15,89.15,89.15,89.57,89.57,89.57,89.57,89.57,89.57,92.96,92.96,92.96,90.61,87.89,87.89,87.89,87.89,87.89,87.89,87.89,87.89,90.61,90.61,92.21,92.21,92.21,92.21,92.21,92.21,92.21
Producto,0.007345759,12701358,SERVICIOS JUDICIALES,109.23,121.36,121.36,121.36,121.36,121.36,121.36,121.36,121.36,121.36,121.36,121.36,125.48,125.48,125.48,125.48,125.48,125.48,125.48,125.48,125.48,125.48,125.48,125.48,120.47,120.47,120.47,120.47,120.47,120.47,120.47,120.47,120.47,120.47,120.47,120.47,150.59,150.59,150.59,150.59,150.59,150.59,150.59,150.59,150.59,150.59,150.59,150.59,150.59,150.59,150.59,150.59,150.59,150.59,150.59,150.59,150.59,150.59,150.59,150.59,150.59,150.59,150.59,150.59,150.59,150.59,150.59,150.59,150.59,150.59,150.59,150.59,150.59,150.59,150.59,150.59,150.59,150.59,150.59,150.59,150.59,150.59,150.59,150.59,150.59,150.59,150.59,150.59,150.59,150.59,150.59,150.59,150.59,150.59,150.59,150.59,150.59,150.59,150.59,150.59,150.59,150.59,150.59,150.59,150.59,150.59,150.59,150.59,150.59,150.59,150.59,150.59,150.59,150.59,150.59,150.59,150.59,150.59,150.59,150.59,155.11,155.11,155.11,155.11,155.11,155.11,155.11,155.11,155.11,155.11,155.11,155.11,155.11,155.11,155.11,155.11,155.11,155.11
Producto,0.005153791,12701359,FOTOCOPIAS,98.06,98.06,98.06,98.06,98.06,98.06,98.06,98.06,98.06,98.06,98.06,98.06,98.06,98.06,98.06,98.06,98.06,98.06,98.06,98.06,98.06,98.06,98.06,98.06,98.06,98.06,98.06,98.06,98.06,98.06,98.06,98.06,98.06,98.06,98.06,98.06,98.06,98.06,98.06,98.06,98.06,98.06,98.06,98.06,98.06,98.06,98.06,98.06,98.06,98.06,98.06,98.06,98.06,98.06,98.06,98.06,98.06,98.06,98.06,98.06,98.06,98.06,98.06,98.06,98.06,98.06,98.06,98.06,98.06,98.06,98.06,98.06,98.06,98.06,98.06,98.06,98.06,98.06,98.06,98.06,98.06,98.06,98.06,98.06,98.06,98.06,98.06,98.06,98.06,98.06,98.06,98.06,98.06,98.06,98.06,98.06,98.06,98.06,98.06,98.06,98.06,98.06,98.06,98.06,98.06,98.06,98.06,98.06,98.06,98.06,98.06,98.06,98.06,98.06,98.06,98.06,98.06,98.06,98.06,98.06,98.06,98.06,98.06,98.06,98.06,98.06,98.06,98.06,98.06,98.06,98.06,98.06,110.07,110.07,110.07,110.07,110.07,110.07
,,,,,,,,,,,,,,,,,,,,,,,,,,,,,,,,,,,,,,,,,,,,,,,,,,,,,,,,,,,,,,,,,,,,,,,,,,,,,,,,,,,,,,,,,,,,,,,,,,,,,,,,,,,,,,,,,,,,,,,,,,,,,,,,,,,,,,,,,,,,,
Nota:,,,,,,,,,,,,,,,,,,,,,,,,,,,,,,,,,,,,,,,,,,,,,,,,,,,,,,,,,,,,,,,,,,,,,,,,,,,,,,,,,,,,,,,,,,,,,,,,,,,,,,,,,,,,,,,,,,,,,,,,,,,,,,,,,,,,,,,,,,,,,
CCIF corresponde a las siglas de la Clasificación del Consumo Individual por Finalidades,,,,,,,,,,,,,,,,,,,,,,,,,,,,,,,,,,,,,,,,,,,,,,,,,,,,,,,,,,,,,,,,,,,,,,,,,,,,,,,,,,,,,,,,,,,,,,,,,,,,,,,,,,,,,,,,,,,,,,,,,,,,,,,,,,,,,,,,,,,,,
,,,,,,,,,,,,,,,,,,,,,,,,,,,,,,,,,,,,,,,,,,,,,,,,,,,,,,,,,,,,,,,,,,,,,,,,,,,,,,,,,,,,,,,,,,,,,,,,,,,,,,,,,,,,,,,,,,,,,,,,,,,,,,,,,,,,,,,,,,,,,
Fuente: Índice de Precios al Consumidor,,,,,,,,,,,,,,,,,,,,,,,,,,,,,,,,,,,,,,,,,,,,,,,,,,,,,,,,,,,,,,,,,,,,,,,,,,,,,,,,,,,,,,,,,,,,,,,,,,,,,,,,,,,,,,,,,,,,,,,,,,,,,,,,,,,,,,,,,,,,,
